axial_index,radial_index,region,z,r,z_left,z_right,r_inner,r_outer,pressure,density,mean_molecular_weight,cp_mass,velocity_axial,gas_temperature,solid_temperature,viscosity,thermal_conductivity,porosity,tortuosity,specific_surface_area,particle_diameter,pore_radius,Y_CH4,Y_CO,Y_O2,Y_CO2,Y_H2,Y_H2O,Y_AR,X_CH4,X_CO,X_O2,X_CO2,X_H2,X_H2O,X_AR,theta_H(s),theta_O(s),theta_CH4(s),theta_H2O(s),theta_CO2(s),theta_CO(s),theta_OH(s),theta_C(s),theta_HCO(s),theta_CH(s),theta_CH3(s),theta_CH2(s),theta_COOH(s),theta_Ni(s),wdot_CH4,wdot_CO,wdot_O2,wdot_CO2,wdot_H2,wdot_H2O,wdot_AR,sdot_H(s),sdot_O(s),sdot_CH4(s),sdot_H2O(s),sdot_CO2(s),sdot_CO(s),sdot_OH(s),sdot_C(s),sdot_HCO(s),sdot_CH(s),sdot_CH3(s),sdot_CH2(s),sdot_COOH(s),sdot_Ni(s),sdot_gas_CH4,sdot_gas_CO,sdot_gas_O2,sdot_gas_CO2,sdot_gas_H2,sdot_gas_H2O,sdot_gas_AR,axial_flux_CH4,axial_flux_CO,axial_flux_O2,axial_flux_CO2,axial_flux_H2,axial_flux_H2O,axial_flux_AR,radial_flux_CH4,radial_flux_CO,radial_flux_O2,radial_flux_CO2,radial_flux_H2,radial_flux_H2O,radial_flux_AR
0,0,lumen,0.0005263157894736842,0.00037500000000000001,0,0.0010526315789473684,0,0.00075000000000000002,1000226.9791502397,1.5973031310990848,15.574746101742258,3037.4815713113044,0.14206955216401207,1173,1173,3.9656309829116059e-05,0.19220922234919402,0.59999999999999998,2,500000,0.00035,0.0001,0.17946993769600189,0.032931453188796408,9.8255904202540354e-17,0.0807798720080736,0.024633413557478379,0.68076773378544708,2.2747374666463697e-05,0.17423167191365277,0.018311282476862353,4.7825200354762052e-17,0.028587925121156647,0.19030712389729232,0.58855312839116314,8.8681998726251819e-06,0.25661715473188257,0.0074928684187059568,4.2505816546687423e-09,0.0042790614849694273,2.3592924674131484e-05,0.26035296099778932,0.000236666947068893,8.3851958809866354e-08,6.4260174582532799e-11,1.4708194184825758e-11,1.2257830493173471e-09,3.7920336595957391e-10,4.9053991492756637e-08,0.47099755565442275,0,0,0,0,0,0,0,6.0208232798844305e-12,-4.1837749583943081e-13,1.4604805652036008e-13,6.4029751877973124e-12,-1.341158087364569e-15,-2.5195206110242147e-11,3.6776508886110848e-13,1.4210637874767507e-14,4.9463169724558999e-17,-4.6434590186761448e-19,3.0066848941638856e-18,-3.5138218830946339e-18,5.2013577747201657e-14,1.2611046920407941e-11,-1.7345886317889081e-06,7.3291777261119684e-07,9.8533773757721735e-22,1.00169584338609e-06,6.2054580662190828e-06,-2.7362907178973828e-06,0,0.037428968911607227,0.010800251637036889,1.6070240542345951e-17,0.023166970665375923,0.0066028305819836874,0.14946768322550183,5.185779130743915e-06,8.1695484440160168e-07,1.4708787883802535e-06,1.7321300738806089e-20,1.2447730034902894e-05,-6.5940788704683566e-06,8.8479463934935141e-06,5.4442723297429696e-10
0,1,lumen,0.0005263157894736842,0.0011250000000000001,0,0.0010526315789473684,0.00075000000000000002,0.0015,1000226.0108403154,1.5964092133607555,15.566044890780343,3038.9091566199058,0.14209588531190165,1173,1173,3.9653805573718133e-05,0.19227425744822901,0.59999999999999998,2,500000,0.00035,0.0001,0.17955853408496247,0.032926263795291615,9.8042211255738231e-17,0.080573360713536032,0.024676394227524927,0.68101861089528248,2.2751510745074112e-05,0.17422029558618951,0.018298168522784181,4.7694526582854901e-17,0.028498910447134436,0.19053266879377279,0.58844109179310788,8.8648570110361696e-06,0.25675077176313782,0.007482043443061988,4.2499979952895664e-09,0.004277938553993681,2.3541875437034649e-05,0.26026503865610395,0.00023646489980150038,8.3900880904234544e-08,6.4247526383184392e-11,1.4697234454352808e-11,1.225415083415202e-09,3.7895598181560275e-10,4.8976933311076388e-08,0.47096406199733398,0,0,0,0,0,0,0,-1.9393203964150546e-12,-4.9250532572465628e-14,5.367060792918054e-15,-1.9604238200450464e-13,-5.627009275199768e-17,4.2705125460201776e-12,4.6097917938899918e-14,1.1340754724198376e-15,2.9434837975702535e-18,-4.9413598444809922e-20,2.8844201550030352e-19,-3.8169525583223478e-19,3.0135925442669846e-15,-2.1415133520896381e-12,-1.7331585334054433e-06,7.317705603415714e-07,9.5703580628096492e-22,1.0013836930987872e-06,6.2008602209756569e-06,-2.734542023707931e-06,0,0.037432245244609204,0.010790839298952573,1.6075196451343193e-17,0.023183058726023838,0.0065932957008441508,0.14948830393550358,5.187137551742982e-06,6.33501214954403e-06,-8.3435132778959665e-07,2.8494703324164122e-20,1.2434857705704937e-05,-1.0702194164478341e-05,1.5499750072254689e-05,3.6294634811060378e-10
0,2,lumen,0.0005263157894736842,0.0018750000000000001,0,0.0010526315789473684,0.0015,0.0022500000000000003,1000223.9758067327,1.5959345008064849,15.5614477905537,3039.2410395554671,0.14214954429515142,1173,1173,3.9651667559627216e-05,0.19236613448591938,0.59999999999999998,2,500000,0.00035,0.0001,0.17952065083077909,0.032949376814739965,9.762927443439535e-17,0.080345776833823546,0.024731090960694126,0.68099256802317709,2.2752512337438758e-05,0.17413209719063702,0.018305605392140541,4.7479619255593543e-17,0.028410020936422642,0.19089860158148619,0.58824481227020597,8.862629107458877e-06,0.25691463413409515,0.0074628226990350157,4.2464783336391714e-09,0.0042751338038949155,2.3490805820411626e-05,0.26027441248301053,0.00023608355023251777,8.4095870738022499e-08,6.4314525483234872e-11,1.4670612622306348e-11,1.2240691736031869e-09,3.783239129728732e-10,4.8917680461752063e-08,0.47081328358250341,0,0,0,0,0,0,0,6.8634618671159786e-12,-1.5602469623301814e-13,1.8118163310782966e-13,-2.6205697505458946e-12,-4.6436379047554155e-16,-1.269383258445736e-11,1.3642545307578251e-13,4.2316410792109238e-15,8.820236125736037e-18,-1.893568416571437e-19,1.1090448878223095e-18,-1.4480884365246257e-18,1.8513701983858812e-14,8.2664667026918591e-12,-1.7294284906099744e-06,7.2792940361554592e-07,9.8126953294764603e-22,1.0015115773653903e-06,6.1897929907045457e-06,-2.7309372606643123e-06,0,0.037421849037495174,0.010779944110390897,1.613271463162266e-17,0.023318888198604382,0.006557002696952796,0.14952748388384629,5.1926721504333855e-06,3.5682931565599686e-05,-2.9601993610660753e-05,6.9505421361793491e-21,-6.3699252454346153e-05,-7.8346295234613977e-07,1.9667463995138199e-05,-2.9433879403308458e-09
0,3,lumen,0.0005263157894736842,0.0026250000000000002,0,0.0010526315789473684,0.0022500000000000003,0.0030000000000000001,1000183.384411222,1.5946960238624506,15.550002852250291,3040.5615889238438,0.14307000487843655,1173,1173,3.96664412619387e-05,0.19226171629479938,0.59999999999999998,2,500000,0.00035,0.0001,0.17914016937065325,0.033448916044986794,9.7593265360037759e-17,0.08169391498744645,0.024752765659002085,0.6812050155390188,2.2815675159611948e-05,0.17363523933592584,0.018569465901614606,4.742720028467425e-17,0.02886547322289271,0.1909253852175424,0.58799555562580885,8.8806962154688834e-06,0.25644471568964183,0.0074445984432065506,4.2262353345143111e-09,0.004265120429753807,2.3770348572717312e-05,0.26165742138777576,0.00023551876522931141,8.5184830995421033e-08,6.5119574365950031e-11,1.4598877456559044e-11,1.2180508625719811e-09,3.7645417223726852e-10,4.9502100753361474e-08,0.46992871434842659,0,0,0,0,0,0,0,-6.9681356570261409e-13,2.8748789915841524e-14,-2.5634689818998871e-14,1.0228636950397683e-12,-1.829049064983046e-16,1.7640892544489029e-12,-1.9907270600138378e-14,-1.5563180084943173e-15,-2.8769369621939976e-18,4.9524595743256881e-20,-3.1727256857022674e-19,4.2597588838342346e-19,-8.9565135692747294e-15,-2.0625209422286423e-12,-1.7176118448612721e-06,7.0811459879083216e-07,1.0102444413365422e-21,1.0094955183208975e-06,6.1623314938641371e-06,-2.7271084128699385e-06,0,0.037617533941539751,0.01040351439394145,1.7013336861588207e-17,0.023305942095989202,0.0059725550431776967,0.14960318974163195,5.1837664259362152e-06,0,0,0,0,0,0,0
1,0,lumen,0.0015789473684210526,0.00037500000000000001,0.0010526315789473684,0.0021052631578947368,0,0.00075000000000000002,1000216.2880596936,1.505093594232779,14.675799911493202,3047.6272742541423,0.1508166410845897,1173,1173,3.9981481135609356e-05,0.20863504666345534,0.59999999999999998,2,500000,0.00035,0.0001,0.14462785889504079,0.065683013291338355,3.5343657380201277e-17,0.12702084537052133,0.038817541244189409,0.62400065498086921,2.2796345930783008e-05,0.13230253186880825,0.034414521979565522,1.6210277012694665e-17,0.042357983849814554,0.28257860533524737,0.50833798263335783,8.3743332063417685e-06,0.26985201426680633,0.0037617337949518216,2.7855290474148626e-09,0.0031895065171312748,2.2291735929397212e-05,0.31655728088351193,0.00014477882754711626,2.3290552550678278e-07,1.2699842667671438e-10,7.976846788830094e-12,7.649210379135993e-10,2.0954177433766467e-10,5.6414325816739025e-08,0.40647210075930368,0,0,0,0,0,0,0,1.7480964676406203e-12,-1.1941292052592049e-13,-8.4576738526929144e-14,1.1607528149253362e-11,-2.4159277009494495e-15,-2.7308200622674916e-11,1.3058236250054626e-13,1.6543190428652821e-14,6.9571148678345451e-17,-1.6240000777101793e-19,1.6307214371750555e-18,-1.5714629418747926e-18,3.9834755894370056e-15,1.4007571826254651e-11,-7.9447887426677133e-07,4.5416891630845058e-07,-5.6733525295330359e-22,3.4033733258957162e-07,2.7237732639351364e-06,-1.1348278952105773e-06,0,0.030751416504068835,0.017498457748376793,6.7659361620527157e-18,0.031132132144993135,0.00939273990671762,0.13888989696573056,5.193872019171773e-06,-1.0964427454367934e-05,-1.1408324116977545e-06,-2.463152397265018e-20,-2.9231407999995627e-05,3.5681517357545597e-05,-6.4862036649745931e-05,-2.8830923798545044e-09
1,1,lumen,0.0015789473684210526,0.0011250000000000001,0.0010526315789473684,0.0021052631578947368,0.00075000000000000002,0.0015,1000215.3237237483,1.5073990053811572,14.698293583368651,3044.4127728763397,0.15066258308221869,1173,1173,3.9989678137112646e-05,0.20834803127651216,0.59999999999999998,2,500000,0.00035,0.0001,0.14456574440143047,0.065600926155058498,3.5671179115333977e-17,0.12742765673646272,0.038606543573341541,0.62396358181251921,2.2806847441444243e-05,0.13244840449482378,0.034424193929594324,1.6385569820054602e-17,0.042558774554142406,0.28147336888893265,0.50908686710023154,8.3910322754805414e-06,0.26948082219641983,0.0037842725187888461,2.7902242894002504e-09,0.0031960659574612224,2.2431452564598633e-05,0.31666148433632102,0.00014536112425238021,2.3185504304556442e-07,1.2685925481741048e-10,8.0035516430196085e-12,7.6637666064566462e-10,2.1020350629872796e-10,5.6657016925361877e-08,0.40670927000046386,0,0,0,0,0,0,0,3.3735496922921769e-13,-1.8116898648437523e-14,-2.1876230249123524e-14,1.9788257838835651e-12,-5.2356122909325009e-16,-3.0283748599091442e-12,2.1638627617078603e-14,1.5158230573519837e-15,3.7249677994597666e-18,-1.3109830431988082e-20,1.6524959328247483e-19,-1.8098515347264764e-19,-1.9385112349135249e-15,7.3144161843027539e-13,-7.9780650264621444e-07,4.5315204688645139e-07,-5.6024181753484157e-22,3.4465750694775837e-07,2.7380769014734296e-06,-1.1424660097958395e-06,0,0.030743996625925637,0.017485097118929135,6.8503634573195769e-18,0.031328149151418558,0.0093284286930915856,0.1389513362723663,5.2008192046261624e-06,-3.1227105994413873e-05,-7.9914606566795873e-06,-7.6398946558778999e-20,-0.00010113939326006222,0.00010874375141426996,-0.00019028144912003632,-8.7526792993465333e-09
1,2,lumen,0.0015789473684210526,0.0018750000000000001,0.0010526315789473684,0.0021052631578947368,0.0015,0.0022500000000000003,1000213.3019082588,1.5149981083581585,14.772420511995376,3033.5196471093482,0.15016188041723269,1173,1173,4.0016439097832528e-05,0.20745617945530459,0.59999999999999998,2,500000,0.00035,0.0001,0.1442922325768573,0.065400453825391225,3.6672285837665814e-17,0.12886300551634039,0.037951872094288727,0.62351199978537541,2.2829793418135501e-05,0.13286452261048273,0.03449207445855109,1.6930384009315956e-17,0.04325520929643846,0.27809574096939271,0.51128401083012687,8.4418350081272067e-06,0.26829491609678158,0.0038530193362065076,2.8035393931610264e-09,0.0032150777320341761,2.2883629955788354e-05,0.31709544220289088,0.0001471110617017175,2.2891432621215054e-07,1.2654977661954224e-10,8.0831043468807082e-12,7.7053832264999352e-10,2.1216090490131885e-10,5.745186442925628e-08,0.40737125965336696,0,0,0,0,0,0,0,-6.2344249249124239e-13,-3.6371768594162269e-14,1.3233674446211987e-13,-5.7938413721701944e-12,-2.4058446207453343e-16,1.0484245524695901e-11,3.9246781384454229e-14,1.9177368026923602e-15,1.1179567094371662e-17,-5.1495508649029323e-20,4.1023236657985482e-19,-4.4539271249218695e-19,-1.8134421732024449e-15,-4.2020009639671957e-12,-8.0763574642275793e-07,4.510208475583255e-07,-5.5463308592473911e-22,3.5660428238289126e-07,2.7795114165285462e-06,-1.1642341015694058e-06,0,0.030725540465128535,0.017458201678573572,7.095662701180601e-18,0.031890849421705621,0.0091521940635970675,0.13909842647803008,5.218995051062995e-06,-9.3915970693911533e-05,-2.260938450668359e-05,-2.1314619100907701e-19,-0.00025271630752233431,0.00028269308517760324,-0.00048891788622349428,-2.1464342465503152e-08
1,3,lumen,0.0015789473684210526,0.0026250000000000002,0.0010526315789473684,0.0021052631578947368,0.0022500000000000003,0.0030000000000000001,1000172.8199688448,1.5350959861017826,14.968996437390032,3005.3266707870303,0.14596681080551441,1173,1173,4.0081686264657614e-05,0.20514660110160257,0.59999999999999998,2,500000,0.00035,0.0001,0.14374440948183528,0.06490282105469232,3.9457920542220631e-17,0.13232080558495513,0.036262073413094967,0.62211706872051398,2.2864385595561482e-05,0.1341213958379559,0.034685115928034707,1.8458824677271066e-17,0.04500692284291332,0.26924942843898531,0.51692856982053315,8.5671315775487302e-06,0.26511956944578552,0.0040407661973758825,2.8420711316079388e-09,0.003264371112122339,2.4130699168960935e-05,0.3182818888505855,0.00015180283767205667,2.2138773481780815e-07,1.2574679752962982e-10,8.3084834906234588e-12,7.8257618760526693e-10,2.1770403459502449e-10,5.9612831316584257e-08,0.40911718588031704,0,0,0,0,0,0,0,-5.2172909791220414e-13,2.3438727417044994e-14,8.6450352271668284e-14,-4.2061264114988614e-12,3.8597597340483958e-16,6.87214532241881e-12,-2.5457515264665357e-14,-7.8604657505199071e-16,-6.685991755124054e-18,3.4450780043126489e-20,-2.7654426315964704e-19,2.9148604015449866e-19,1.7593812152721779e-15,-2.2298008930590683e-12,-8.3525992001370897e-07,4.3644821312582849e-07,-4.8308489534240587e-22,3.988047469685347e-07,2.904584521262743e-06,-1.2340603753324686e-06,0,0.030451882192815808,0.016810581880190315,7.7288573122276256e-18,0.032239289913036151,0.0083428607182202599,0.13731414039772785,5.1579446615130821e-06,0,0,0,0,0,0,0
2,0,lumen,0.002631578947368421,0.00037500000000000001,0.0021052631578947368,0.0031578947368421052,0,0.00075000000000000002,1000205.0181243654,1.4604315021008172,14.240471217483721,3039.2281075194137,0.15595535937001911,1173,1173,4.0176866289410868e-05,0.21675439208837172,0.59999999999999998,2,500000,0.00035,0.0001,0.1225277672815237,0.09083510504621442,2.2531962746540182e-17,0.14835094251676995,0.04671855264494678,0.59083081932765791,2.2808146626545536e-05,0.10876102619928206,0.046181174542939199,1.0027681947794264e-17,0.048003529437084337,0.33000704576530882,0.46703909392383219,8.1301315534285393e-06,0.27170868978210927,0.0027574708581383865,2.1335492891673442e-09,0.0027303023649640876,2.1935371992887559e-05,0.34394321657194954,0.00011468705350293092,3.6988868879430159e-07,1.7159084472028496e-10,5.8484387795487378e-12,5.8200457137365257e-10,1.5183782710028415e-10,5.9972395851623488e-08,0.37872326509142745,0,0,0,0,0,0,0,-7.8724060534345239e-14,2.3996107263246846e-15,8.4122277239821275e-15,-4.0835503181937839e-13,3.6656875451734905e-16,2.650785623989349e-12,-5.761282559582713e-15,8.1456109218835948e-16,1.8631037165026269e-18,1.3118696774178885e-21,-1.154702776093399e-19,1.0621893454218198e-19,3.6014704066068352e-15,-2.1735674475883599e-12,-5.2385375081710761e-07,3.5585633320622811e-07,-1.3678619651138655e-22,1.6799475362817472e-07,1.7395560210770045e-06,-6.9184808748623539e-07,0,0.026376455385381619,0.022776614254331848,4.6257802809927831e-18,0.035258676641663871,0.011009192901394047,0.13271664578713613,5.2125949772484167e-06,-1.7204882447838035e-05,-1.1416329953886654e-05,-3.0002703435473594e-20,-8.3841273447089407e-05,8.1690776858623599e-05,-0.00013771342603804577,-6.6700538412308938e-09
2,1,lumen,0.002631578947368421,0.0011250000000000001,0.0021052631578947368,0.0031578947368421052,0.00075000000000000002,0.0015,1000204.0699823913,1.4655052595499418,14.289958290319921,3031.7718932129783,0.15555232354272955,1173,1173,4.019943320760662e-05,0.21609705445559163,0.59999999999999998,2,500000,0.00035,0.0001,0.12235424835166467,0.090705580090802068,2.291733784158157e-17,0.1495710390791066,0.046219123037492357,0.59069145160303882,2.2833844469998442e-05,0.10898442346124372,0.046275578586106203,1.0234633473384931e-17,0.048566518436688959,0.32761376012942978,0.46855155180993358,8.1675765978455549e-06,0.27096257069059376,0.0027890882335966844,2.1398323901677631e-09,0.0027415799951829643,2.223209093295087e-05,0.34430810362896264,0.00011558062765365464,3.6709741812177354e-07,1.7146929240769303e-10,5.8797862600648043e-12,5.8375160458001754e-10,1.5265358337545205e-10,6.0563083915962815e-08,0.37906041401898888,0,0,0,0,0,0,0,1.4634554908357388e-13,1.0040329811675707e-14,4.6675900906796358e-15,3.0517396196700071e-13,4.8518047218726323e-16,6.934361938826239e-14,-1.3407879543928101e-14,-4.2495304150569346e-15,-6.9942411790786109e-18,1.7358927991702274e-20,-3.2805052515663955e-19,2.9725443585492548e-19,-1.503414890887906e-15,-5.1697592966906979e-13,-5.2767516783847057e-07,3.5520361785223997e-07,3.214811228129636e-23,1.7247148126278883e-07,1.7554969049121683e-06,-7.0014694941722411e-07,0,0.026356998171349955,0.022765215883910769,4.7208933911590122e-18,0.035647535484113549,0.010887607497928359,0.13281358982545644,5.225114274889909e-06,-4.5219926215674492e-05,-2.9043640569014976e-05,-8.0356384170315587e-20,-0.00021532157512358421,0.00020302599592801696,-0.00033644414853171734,-1.6317705246035718e-08
2,2,lumen,0.002631578947368421,0.0018750000000000001,0.0021052631578947368,0.0031578947368421052,0.0015,0.0022500000000000003,1000202.0912158533,1.4793951882033944,14.425425784191145,3011.0079389376288,0.15457043224014189,1173,1173,4.025526832034309e-05,0.21445558375093127,0.59999999999999998,2,500000,0.00035,0.0001,0.12186038137788349,0.09032185765244273,2.3936624433319998e-17,0.15259972781107994,0.044949234173261118,0.58976189992462524,2.287417523879397e-05,0.10957351415569949,0.046516645992702235,1.0791174426117695e-17,0.050019678889011411,0.32163285794772156,0.47224904344747415,8.2595673912842334e-06,0.26907807774431514,0.0028697688434379115,2.1562044352502181e-09,0.002769388440240602,2.299402134095802e-05,0.34523341567688826,0.0001178334561246122,3.6024532367025996e-07,1.7116345189429054e-10,5.9613166260306157e-12,5.8831439371787558e-10,1.5476743716082708e-10,6.2064888425309944e-08,0.37990809643102941,0,0,0,0,0,0,0,1.7688286628649638e-13,1.155663269018635e-14,9.9538963505932409e-15,2.6702548641644847e-13,4.7271214720367993e-16,2.0403744882893649e-12,-1.3908683533916085e-14,-5.9116123454772129e-15,-9.136978419834829e-18,2.1881835258868589e-20,-3.5422520807480815e-19,3.1983522580670431e-19,-4.004123128378193e-15,-2.4823205176091939e-12,-5.3754636905253839e-07,3.540744065166912e-07,-8.3315067908563482e-23,1.8346992165039432e-07,1.7961089195384083e-06,-7.2101654791101311e-07,0,0.026315366030876908,0.022748672320801612,4.9635693360610935e-18,0.036606932849572525,0.010598985377247946,0.13301355697257136,5.2538706154697895e-06,-0.00010656066664786161,-6.1304042598576462e-05,-1.7654428986340964e-19,-0.00042049484313037323,0.00040786702020603489,-0.00067050228233479249,-3.1585837029098083e-08
2,3,lumen,0.002631578947368421,0.0026250000000000002,0.0021052631578947368,0.0031578947368421052,0.0022500000000000003,0.0030000000000000001,1000161.9203131204,1.5066918798134423,14.692183011848815,2972.1033713836323,0.14968362553627615,1173,1173,4.036111647966769e-05,0.21116113051004459,0.59999999999999998,2,500000,0.00035,0.0001,0.12117434244631084,0.089659835564158463,2.6188382000461636e-17,0.15842104372951063,0.042464803435717881,0.58810159612126145,2.2947420088835109e-05,0.11097149009297756,0.047029586323487589,1.2024642200605967e-17,0.052888067608945315,0.30947453553559201,0.47962788119755589,8.4392414416756294e-06,0.26515460922773654,0.0030430561383622944,2.1936870924339634e-09,0.0028255083576193235,2.4648989662976869e-05,0.34717028211872086,0.00012256195631255365,3.4664679685220702e-07,1.7052072799878803e-10,6.1453325166368121e-12,5.988487628338816e-10,1.595108539799026e-10,6.52639108776667e-08,0.38165891817216491,0,0,0,0,0,0,0,3.1820248375614846e-13,-3.0979971809344578e-15,1.5302964443175939e-14,1.5741276296196758e-12,2.5283594662361963e-16,-6.3500669566368684e-12,-2.8634173559991278e-15,5.08534186982601e-15,6.5754479067491385e-18,-2.0811786663651749e-20,1.3691969127829932e-19,-1.1355881831009471e-19,1.0483464219791849e-14,4.432342692506467e-12,-5.5947224207077151e-07,3.3769631607727391e-07,-1.3621132727782307e-22,2.2178224488591356e-07,1.9001987619782224e-06,-7.812560454123485e-07,0,0.025599681926505642,0.021715094015285961,5.353386476508005e-18,0.03687049208118625,0.0095481391574791224,0.12909999213680226,5.1199466626608102e-06,0,0,0,0,0,0,0
3,0,lumen,0.0036842105263157894,0.00037500000000000001,0.0031578947368421052,0.0042105263157894736,0,0.00075000000000000002,1000193.3912324357,1.4346987865905152,13.989717591979193,3025.8552580615533,0.15914629361966154,1173,1173,4.0336420933323267e-05,0.22126316685119085,0.59999999999999998,2,500000,0.00035,0.0001,0.10651671573479465,0.11100440285075841,1.7379464610505807e-17,0.16182590094910346,0.051667159333145314,0.56877605780510632,2.2866120235993715e-05,0.092884047369874934,0.055441636820721188,7.5984062066620696e-18,0.051441719951499813,0.35853619437028522,0.44168839421441414,8.0072732046506308e-06,0.2711246868239417,0.0022979249057958895,1.7443422459291587e-09,0.0024719119868197789,2.1947977028883086e-05,0.3614179002630668,9.9618571068654151e-05,4.8823827248714259e-07,2.0555377215075269e-10,4.7857266446170548e-12,4.7656373721300773e-10,1.2123799963256208e-10,6.2539710299792935e-08,0.36256545614181179,0,0,0,0,0,0,0,2.5199096747325962e-12,-1.0204570801904418e-14,-2.774051881089808e-15,1.757457880513854e-11,-9.1387401118803169e-16,-5.18263459491769e-11,2.0901333786234514e-14,1.1851088686787303e-14,3.1804074070281965e-17,-2.3306020553834693e-20,4.464978257905578e-19,-3.5451637565042681e-19,1.5211821958800741e-15,3.1711327615191447e-11,-3.9279965912547565e-07,2.8682395941670435e-07,-9.317718110307461e-23,1.0602751637548144e-07,1.2844252303828574e-06,-4.9884475228356706e-07,0,0.023112855998043382,0.027072400466482339,3.7056959667698382e-18,0.038086161775527864,0.012038602749173399,0.1285255461072127,5.240061653774458e-06,-1.8908644041525676e-05,-2.4282374104515404e-05,-3.1833762086489097e-20,-0.00013238564259499173,0.00011878595880589168,-0.00019186513450160665,-9.7850035103152143e-09
3,1,lumen,0.0036842105263157894,0.0011250000000000001,0.0031578947368421052,0.0042105263157894736,0.00075000000000000002,0.0015,1000192.471266503,1.444220319885297,14.08257481519032,3010.1331428994558,0.15856093251270748,1173,1173,4.0371775505517161e-05,0.22031383784251973,0.59999999999999998,2,500000,0.00035,0.0001,0.10609012205595536,0.11066645573933784,1.7754573852149649e-17,0.16350045735321223,0.050845498168344751,0.56763833784377726,2.2868307375634093e-05,0.093126103659269724,0.055639723044668812,7.813929451363186e-18,0.052319012542762743,0.35517635514451257,0.44373074441605725,8.0611927287643472e-06,0.27012548328340408,0.0023327548213081272,1.750663175210418e-09,0.002485863263346641,2.2360128481487364e-05,0.36199844203117371,0.00010065351938064023,4.8364974593440137e-07,2.0552774532806319e-10,4.8138193356488067e-12,4.781790074028716e-10,1.2202042358200149e-10,6.3415088978788145e-08,0.36293389332686654,0,0,0,0,0,0,0,-1.2137991070791157e-12,-1.6339873350761638e-15,2.2841374555803928e-14,-1.0195571106886505e-11,5.9522699269454193e-17,2.8249587022931288e-11,5.2129346402506424e-15,1.5870551400842814e-15,1.8475960962700008e-18,1.1656073430123207e-20,-1.3330739354328025e-20,1.646303968951906e-20,-1.6908938000651034e-15,-1.6866647372697022e-11,-3.9637217623400556e-07,2.8658537423731367e-07,-7.8437696262454213e-23,1.0975852961236629e-07,1.2988755952875186e-06,-5.0612048779763441e-07,0,0.023077159207421406,0.027075303677585209,3.8021997194555347e-18,0.038648333165912513,0.011871724468739639,0.1286367779767352,5.2571599204937996e-06,-4.5258705939092148e-05,-5.7455974188714891e-05,-7.6636566651007863e-20,-0.00031120453567451829,0.00026996761414569646,-0.00042837153871166857,-2.2016893700590837e-08
3,2,lumen,0.0036842105263157894,0.0018750000000000001,0.0031578947368421052,0.0042105263157894736,0.0015,0.0022500000000000003,1000190.5586875222,1.4609401740297305,14.245637150738951,2985.3674259936538,0.1572252151824215,1173,1173,4.0451876505974974e-05,0.21814156285086655,0.59999999999999998,2,500000,0.00035,0.0001,0.10553122346263626,0.11032595731336939,1.8723313213464015e-17,0.1680446087463682,0.04917463642319797,0.56691280168295988,2.2948747858634051e-05,0.093708129247788124,0.056110801720606021,8.3356936776874942e-18,0.05439574908174815,0.34748215650019337,0.44829498023226622,8.1832173981951975e-06,0.26780351207010605,0.002414520554633739,1.765688461199455e-09,0.0025172565596559815,2.3339525214209985e-05,0.36336160356792802,0.00010304686077865777,4.7342072272478548e-07,2.0548581442606394e-10,4.8812684274678657e-12,4.8204254034603288e-10,1.2388085716988014e-10,6.5472368275934751e-08,0.36377617938661372,0,0,0,0,0,0,0,-3.1916107743065068e-13,-1.056918029712727e-15,1.5924194725311368e-14,-4.1333597069114433e-12,-2.5023386140965442e-16,1.0697224247895043e-11,8.3042813340898185e-15,4.8003051186795709e-15,1.1528240679765321e-17,4.4801911433461939e-21,1.5197727355890836e-19,-1.0756201736302668e-19,-1.6980077095150988e-15,-6.2708731437334458e-12,-4.0482557612381287e-07,2.8590534326133898e-07,-1.6454925121232244e-22,1.1890951682653564e-07,1.3333863541492574e-06,-5.2373094411306553e-07,0,0.023010740064276364,0.027082324191808567,4.0309155628875576e-18,0.039935529899535784,0.011499922826657134,0.12885308921206096,5.2939368638676902e-06,-9.7618430923873475e-05,-0.00010875091001998783,-1.5085649173495969e-19,-0.00054848378042770434,0.00048508007554094685,-0.00076376695683801044,-3.8467264027597281e-08
3,3,lumen,0.0036842105263157894,0.0026250000000000002,0.0031578947368421052,0.0042105263157894736,0.0022500000000000003,0.0030000000000000001,1000150.9123997713,1.4958733488720664,14.586848970344391,2933.1814828665051,0.14703936777975307,1173,1173,4.0588415677902681e-05,0.21423224839747862,0.59999999999999998,2,500000,0.00035,0.0001,0.1044556664541528,0.1094743700125638,2.0563042339486419e-17,0.1753065083274683,0.04608523232421665,0.56372141405070386,2.3002429825096465e-05,0.094974694923854394,0.05701128530870643,9.3740231569749854e-18,0.058105604773823573,0.33345154944274891,0.45644846672809292,8.3988227737078225e-06,0.26346080007977535,0.0025728460379525037,1.797152205889648e-09,0.0025739253351818626,2.5266664310770098e-05,0.36592338726995827,0.00010756217580960696,4.5528693128827134e-07,2.053897103951995e-10,5.0212328479179315e-12,4.9028031861292995e-10,1.2768461326101479e-10,6.9434408381245952e-08,0.36533568509014369,0,0,0,0,0,0,0,7.4336790822996675e-13,-2.2394666214757599e-15,-2.0948238342756911e-14,7.0775201736492565e-12,-6.9811777886341631e-16,-1.8247492275871857e-11,9.9920357236336792e-15,3.8220294984459002e-15,9.2766779032604011e-18,8.6407933022142828e-21,1.4981543702800102e-19,-9.7854096447133633e-20,-2.9563181478035425e-15,1.0439870697816513e-11,-4.2183372416307319e-07,2.6689136028990035e-07,8.6899773662849305e-23,1.54960632110759e-07,1.42046149249897e-06,-5.7680145504335201e-07,0,0.021920415268605237,0.025518537395731206,4.2773675719785492e-18,0.039799957933149617,0.010188328969473333,0.12271225260462516,5.0736702546807495e-06,0,0,0,0,0,0,0
4,0,lumen,0.0047368421052631574,0.00037500000000000001,0.0042105263157894736,0.005263157894736842,0,0.00075000000000000002,1000181.526450656,1.4222595516463408,13.868587390487436,3003.7366690453287,0.16118191227732326,1173,1173,4.0484527742914149e-05,0.22378121160528169,0.59999999999999998,2,500000,0.00035,0.0001,0.093825083241912272,0.1273881775555967,1.4675973224310845e-17,0.1718751758687955,0.05477961594914544,0.55181090263570087,2.2924806693870899e-05,0.081108356688912212,0.063073690572821237,6.3608668417341273e-18,0.054163146101747092,0.37684319990479309,0.4248036484167067,7.9583150198743413e-06,0.26971304582486294,0.002040362750742159,1.4780001070123605e-09,0.002306866796117205,2.217174133507598e-05,0.37401573689892859,9.0682263536386517e-05,5.8891963077498469e-07,2.3262975261467268e-10,4.1430710338636807e-12,4.0564070238030602e-10,1.0176802904494047e-10,6.4766533170585858e-08,0.35181047781613206,0,0,0,0,0,0,0,3.3822726937070706e-14,-3.5958506351322684e-15,7.7665082237990299e-16,-4.3663487723363071e-13,4.3671663507716119e-16,2.3079330330535996e-12,-5.2181567043012824e-16,-5.5511151231257827e-17,9.5690098906876e-19,-1.8501600459761855e-20,-1.238803262947431e-19,8.1828687000443409e-20,3.003304402215006e-15,-1.9053650644270222e-12,-3.1435758449625817e-07,2.3607477384057773e-07,-3.433288503330655e-23,7.8280498529368424e-08,1.0213532308789297e-06,-3.9263764495256481e-07,0,0.020505041507209026,0.030663698366018427,3.2101197360945889e-18,0.040388669897865659,0.012711616488374097,0.12543999737617437,5.2742771304336541e-06,-1.6573334391724409e-05,-3.9552550130082442e-05,-3.1574460774049563e-20,-0.00017432231441436323,0.00014631037971641735,-0.00022703081700218531,-1.2189263646531484e-08
4,1,lumen,0.0047368421052631574,0.0011250000000000001,0.0042105263157894736,0.005263157894736842,0.00075000000000000002,0.0015,1000180.6438289714,1.4320625634851116,13.964189808853092,2988.1323879221654,0.16043736205022788,1173,1173,4.0530693199163212e-05,0.22261207305788017,0.59999999999999998,2,500000,0.00035,0.0001,0.093424451843254569,0.12715853833191915,1.5059783674641508e-17,0.17431315237296421,0.05382079743149995,0.55108535184086838,2.2957861681193711e-05,0.081318754492754594,0.0633940008955102,6.5722131918545253e-18,0.055310094433311439,0.37279951934389799,0.42716960610516097,8.0247293647455353e-06,0.26853055959219296,0.0020760562179503788,1.4833158834239033e-09,0.0023220352120845917,2.2674079382065815e-05,0.37479356930881347,9.1772228707582537e-05,5.8290015454753267e-07,2.3278583768431652e-10,4.1648680611598942e-12,4.0687273714044584e-10,1.0243172107064349e-10,6.5877757483511111e-08,0.35216268235338599,0,0,0,0,0,0,0,-8.4330349268606039e-14,-3.8830154346012424e-15,-5.9231633470138096e-15,-1.0170464422175548e-12,5.8644495509740935e-16,3.2799251595966306e-12,-2.6678737042696472e-15,-2.0294096264583672e-15,-1.7481836690969997e-18,-2.5893732315584664e-20,-1.5991355454847181e-19,1.0327688574787814e-19,3.0944013299798593e-15,-2.1680438429794176e-12,-3.1741193123706324e-07,2.3617407524101353e-07,-3.5779145973497481e-23,8.1234580324244461e-08,1.0334704328845978e-06,-3.9864549961077245e-07,0,0.020456400915277645,0.030681709513478581,3.3049350101653536e-18,0.041095205082834034,0.012509980873439405,0.12555467048873334,5.2948660178648568e-06,-4.0011385892367093e-05,-8.6388452850428028e-05,-7.2624881602360337e-20,-0.00038922481786870464,0.00031806465336287889,-0.00048634450891782644,-2.6243827912049785e-08
4,2,lumen,0.0047368421052631574,0.0018750000000000001,0.0042105263157894736,0.005263157894736842,0.0015,0.0022500000000000003,1000178.8145135093,1.4543549615457856,14.181591220267864,2953.2163630678065,0.15882820230865347,1173,1173,4.0629878404712012e-05,0.22005716316059781,0.59999999999999998,2,500000,0.00035,0.0001,0.092570076878508559,0.12659928789625235,1.5933167708373365e-17,0.17965532332774004,0.051734642709940548,0.54908271195613378,2.3011542409010885e-05,0.081829520009959369,0.064097798990419716,7.0616185787900225e-18,0.057892666408667824,0.36392835061457723,0.43224349525828337,8.168718092426793e-06,0.26591387912300335,0.0021567670186000885,1.4959915817947198e-09,0.002354904982941036,2.3816836920833194e-05,0.37649976641364391,9.4198813190132929e-05,5.6987756948231611e-07,2.3307623707467963e-10,4.2167980486812569e-12,4.098648157425875e-10,1.0398575888882297e-10,6.8370109730588887e-08,0.35295602631688688,0,0,0,0,0,0,0,8.3423871671448275e-13,-2.0410843506658038e-15,4.9347054894581468e-14,5.8510783799644836e-12,2.0925101928970236e-16,-1.7098716539876158e-11,-1.7454888143365657e-15,4.152494320619482e-17,7.2636358100112324e-19,-1.6840983681273367e-20,-7.2254123108930398e-20,4.5486972077020699e-20,2.9606364892210201e-15,1.0364875278537058e-11,-3.2448484061069899e-07,2.3562581086267187e-07,-4.5826262789126886e-23,8.8876075894720732e-08,1.0623300312900819e-06,-4.1336671757763455e-07,0,0.020364164836536879,0.030721469989866367,3.5207868968122026e-18,0.042653699733114746,0.012078316376262232,0.12576129097107003,5.3376679968874501e-06,-8.2054453315267482e-05,-0.00015602257753448282,-1.3735619431164198e-19,-0.00065110060761586501,0.00053789013373672901,-0.00081556772972431776,-4.3461245336818433e-08
4,3,lumen,0.0047368421052631574,0.0026250000000000002,0.0042105263157894736,0.005263157894736842,0.0022500000000000003,0.0030000000000000001,1000139.9196752557,1.492321725589715,14.552375641889148,2896.5550561989853,0.14771311540295173,1173,1173,4.0790118917210606e-05,0.21571722279560218,0.59999999999999998,2,500000,0.00035,0.0001,0.091378115331982021,0.12584750942094952,1.7588001642356324e-17,0.1883464931965165,0.048302798449179042,0.54564737250469353,2.3088312819912169e-05,0.082887780325305263,0.065383085708312791,7.9988501371877135e-18,0.062280190866146175,0.34867086685858834,0.44076966598379774,8.4102578496322106e-06,0.26128570637456011,0.0023044483197238886,1.5211609461825671e-09,0.0024105855953020596,2.5955475989157839e-05,0.3795478061187057,9.8514685639298645e-05,5.4826975006249141e-07,2.3360278029810201e-10,4.3205980153355396e-12,4.1599972493195646e-10,1.0700061943310856e-10,7.2932641340404029e-08,0.35432635994560407,0,0,0,0,0,0,0,1.6465982681557756e-13,3.3356551451649669e-15,1.0296642541697079e-14,7.6759407733371793e-13,6.9931040125315036e-17,-1.8200988676289609e-12,-4.2242064663056712e-15,-5.2039535874959242e-15,-6.1488662119645965e-18,1.5747483223220942e-20,-2.3335581920975807e-19,1.9286843015258444e-19,-4.4748447304231409e-15,8.8787271351585623e-13,-3.3789772951094837e-07,2.138396578144075e-07,-2.7157698685209749e-23,1.2405989104466075e-07,1.1377529706424472e-06,-4.6195837777318616e-07,0,0.018968601603522539,0.028483260704895631,3.6704921655038259e-18,0.04189023253389617,0.010497545438561986,0.11735103339226864,5.0213860498554986e-06,0,0,0,0,0,0,0
5,0,lumen,0.0057894736842105266,0.00037500000000000001,0.005263157894736842,0.0063157894736842104,0,0.00075000000000000002,1000169.4991760517,1.4178572977079273,13.825826852851163,2976.8859072708083,0.16235760489889442,1173,1173,4.0630465723050046e-05,0.22503179264167505,0.59999999999999998,2,500000,0.00035,0.0001,0.083348023476820118,0.14106573320294599,1.3076227344267763e-17,0.18046448929184189,0.056690363832848235,0.538205866466271,2.2993754226001215e-05,0.071829167931053345,0.069630503467848229,5.650029850314516e-18,0.056694557523170687,0.38878529492961089,0.41305251850965291,7.957638663972653e-06,0.26790194367822701,0.0018805328798161777,1.2799931217596639e-09,0.002193495738131818,2.2559713649529363e-05,0.383874054134139,8.4892115334170599e-05,6.7452743131635891e-07,2.5508513651978337e-10,3.7072952033798271e-12,3.5342000086291585e-10,8.8008329992366409e-11,6.6933684584740977e-08,0.34404177829937255,0,0,0,0,0,0,0,-4.1493436525412998e-13,9.9768511575485147e-16,-5.9788211672938405e-15,-4.7381868580968508e-12,-1.4333152720258369e-16,1.294188714529021e-11,9.2403885861962781e-15,8.7591609312931418e-15,1.4793229935895388e-17,1.1168644329479264e-20,1.2610787198556012e-19,-7.8086431436374014e-20,-8.7755558191584023e-16,-7.8006770341548737e-12,-2.6141695472735316e-07,1.9745730994724653e-07,-2.5215143377765102e-23,6.3946701176793813e-08,8.481977870483659e-07,-3.253589241913879e-07,0,0.018335778621645284,0.033723790680664334,2.9143483537969951e-18,0.042454602429889993,0.013143756032031283,0.12305878450739451,5.3136160459924828e-06,-1.3558654591382964e-05,-5.3068767778696639e-05,-3.102745340092926e-20,-0.00020832027496679503,0.00016666897677138651,-0.00025071043285891951,-1.4014488679291337e-08
5,1,lumen,0.0057894736842105266,0.0011250000000000001,0.005263157894736842,0.0063157894736842104,0.00075000000000000002,0.0015,1000168.660928452,1.4297899236061868,13.942196100689811,2957.4773092454752,0.16150959211599938,1173,1173,4.0684898167830961e-05,0.22370071655980184,0.59999999999999998,2,500000,0.00035,0.0001,0.082849514655087469,0.14074874980316568,1.3440592811319694e-17,0.18327119373776335,0.055561214501444627,0.53703516109693816,2.3019228447334228e-05,0.072000509890182876,0.070058788671283914,5.856346668071159e-18,0.058060917600931877,0.38424868460894418,0.41562306572184599,8.0335068109965268e-06,0.26659384843097955,0.0019164416801146225,1.2842956093986268e-09,0.0022092959832793594,2.3131835000047569e-05,0.38479341633743736,8.600687869017439e-05,6.6725951244320484e-07,2.5540073088398374e-10,3.7230505104285805e-12,3.5429338475437012e-10,8.855558506578285e-11,6.8229641966561609e-08,0.34437712137907672,0,0,0,0,0,0,0,2.943552994113286e-14,3.9796970327286368e-16,5.4890442840531916e-16,-1.4269223891916663e-13,-2.4589705271971241e-16,-8.464191804044563e-13,1.1916008384693183e-14,1.1943787972534814e-14,2.2352198072511914e-17,-1.0679418695942433e-21,2.702641528527796e-19,-1.8030683952096002e-19,2.7818933669743778e-16,9.3483526921845926e-13,-2.6401738502726535e-07,1.9775919685161014e-07,-2.3839640094808482e-23,6.625902207437194e-08,8.5831115509416023e-07,-3.3027626428205892e-07,0,0.018274989325532624,0.033759269918949647,3.0071503366416849e-18,0.043283189366958616,0.012916675278712559,0.12316678006403198,5.3368707561941754e-06,-3.2358697282752382e-05,-0.00011320241612230821,-6.9677182648521508e-20,-0.00045324106458050501,0.00035266959124906463,-0.00052274359981763446,-2.9453526329642e-08
5,2,lumen,0.0057894736842105266,0.0018750000000000001,0.005263157894736842,0.0063157894736842104,0.0015,0.0022500000000000003,1000166.9271576738,1.4547059296625233,14.185182147005213,2918.4207796833571,0.15971644692586592,1173,1173,4.0798791096865456e-05,0.22086692006974368,0.59999999999999998,2,500000,0.00035,0.0001,0.081895732158890205,0.14015373050879684,1.4263440708775592e-17,0.18944278113588939,0.053231127758135384,0.53465073624727411,2.3077505906854603e-05,0.072412010081419315,0.070978443264889848,6.3231922150444061e-18,0.061062063597169543,0.37455021981133713,0.42098906903680405,8.194208380158228e-06,0.26377221269370221,0.0019957163517677471,1.2944025250304123e-09,0.0022426146506571002,2.4404685724056051e-05,0.38676027184467615,8.8427019385872396e-05,6.5195464736435798e-07,2.5601425120145393e-10,3.7605084289241961e-12,3.5642180034068948e-10,8.9813660745243298e-11,7.1070159993409394e-08,0.34511562772886678,0,0,0,0,0,0,0,1.0561665583518419e-12,4.4996130775570619e-16,9.606035721614322e-15,1.0525043078438051e-11,-5.0068456325380595e-16,-3.0886164502710867e-11,9.643339987945879e-15,9.0585091511163895e-15,1.7327800202974926e-17,-1.0697448648356675e-21,2.4189196123978732e-19,-1.6410222914937842e-19,-4.1729851307031781e-16,1.9277246169649609e-11,-2.6989794288737046e-07,1.971044740756156e-07,-1.3274085012725721e-23,7.2824337242841007e-08,8.8251760449464811e-07,-3.4273279569951853e-07,0,0.018158841071976111,0.033832956385978302,3.2141139566802725e-18,0.045070359176521892,0.012441468985641484,0.1233481131106491,5.3841905243012261e-06,-6.5277913248126311e-05,-0.00019790355206727257,-1.2799516317195344e-19,-0.00073551310141300996,0.00057547769465078765,-0.00084509224046614079,-4.7258435983456109e-08
5,3,lumen,0.0057894736842105266,0.0026250000000000002,0.005263157894736842,0.0063157894736842104,0.0022500000000000003,0.0030000000000000001,1000129.0198765884,1.4955363269919117,14.583881767320202,2857.6689675621301,0.14315914864021484,1173,1173,4.0977087226502562e-05,0.21621318033951603,0.59999999999999998,2,500000,0.00035,0.0001,0.080580447007508216,0.13944740604230524,1.5780930641038066e-17,0.19921288218988031,0.049547518766898307,0.53077995469572603,2.3162943096240601e-05,0.073251618270604682,0.072605658067849785,7.1925503671223124e-18,0.066015976740764454,0.35843013668676771,0.42968815452378806,8.4557102252500284e-06,0.25894572703777763,0.0021361154392075697,1.3140123851388008e-09,0.0022970006391908934,2.6717904764497289e-05,0.39015925708503191,9.2587044133512247e-05,6.2748531099141987e-07,2.5708180432312217e-10,3.8352643966024022e-12,3.6079115931172674e-10,9.2192290906231999e-11,7.6115791782583455e-08,0.34634188922087827,0,0,0,0,0,0,0,-2.1954341484962297e-12,2.4978888371887871e-15,1.6806863870668984e-14,-2.5956247872375478e-11,4.4755865680201623e-16,7.0382326919707361e-11,-3.7614993461299157e-15,-3.2361266444347336e-15,-1.009866097813324e-17,2.6714114537478272e-20,-1.8354269252908503e-19,1.3221828101988348e-19,-1.5061665018705884e-15,-4.2242321091675875e-11,-2.8067308629423776e-07,1.7286912473712945e-07,7.8520826039604859e-25,1.0773356670872077e-07,9.4975387641971221e-07,-3.8838068089352973e-07,0,0.016520157021250818,0.030794673634776476,3.2843344293156474e-18,0.043500797974806847,0.010591891501939801,0.11265167429834265,4.9645337972950006e-06,0,0,0,0,0,0,0
6,0,lumen,0.0068421052631578941,0.00037500000000000001,0.0063157894736842104,0.0073684210526315788,0,0.00075000000000000002,1000157.3618355974,1.4206193918940107,13.852928727568427,2943.6080771829393,0.1629773125569953,1173,1173,4.0775331912864674e-05,0.22543184605006689,0.59999999999999998,2,500000,0.00035,0.0001,0.074396777678271825,0.15238804832288586,1.2052100929432205e-17,0.18801984470407879,0.057691974903217563,0.5263829137033722,2.3050688715954649e-05,0.064240681838674388,0.07536668234024245,5.2177290828453504e-18,0.059183928470405767,0.39642996849550566,0.40477074587524936,7.992979922490251e-06,0.26591102294190427,0.0017765019251795564,1.1252455884986664e-09,0.0021128590146826266,2.3067534125351971e-05,0.39191601309559515,8.0979937776497337e-05,7.4668473722600215e-07,2.7404391377875957e-10,3.3886701866948871e-12,3.1282306973822876e-10,7.7639683522223491e-11,6.9108450100557942e-08,0.33817873796440812,0,0,0,0,0,0,0,-8.5538416060896325e-13,-1.1020759730563083e-14,-3.715060842220804e-14,-1.1036820836703834e-11,8.4838819996990722e-16,3.3915058912301066e-11,6.9685548133945702e-15,1.9411555696180471e-15,4.4329787759089641e-18,-4.5232520334606877e-20,-1.9422583353778396e-19,1.1618179510780328e-19,3.9768158678007628e-15,-2.1988383570964685e-11,-2.2302266084600619e-07,1.6706026628732218e-07,-2.5765442198782682e-24,5.5928509899045154e-08,7.2499702494233098e-07,-2.7894016996210524e-07,0,0.016479065886665208,0.036373643081522293,2.7294015366429299e-18,0.04441772517753563,0.013403126560021909,0.12115783673398765,5.3569096012148032e-06,-9.4123029592746825e-06,-6.6452124819177136e-05,-3.0643678514044612e-20,-0.00023785787676284346,0.00018164796442043777,-0.00026503216767563472,-1.5423329178134934e-08
6,1,lumen,0.0068421052631578941,0.0011250000000000001,0.0063157894736842104,0.0073684210526315788,0.00075000000000000002,0.0015,1000156.5730990579,1.433280950990641,13.976406792677434,2923.3200781279866,0.16203909942462011,1173,1173,4.0836431671057e-05,0.22397718239779174,0.59999999999999998,2,500000,0.00035,0.0001,0.0738757705967482,0.15211544977438152,1.2410596300959328e-17,0.19126968173078754,0.056475990060443002,0.52518988827069701,2.3084964567251221e-05,0.064359397991813963,0.075902442181287014,5.4208245028409709e-18,0.060743549705183711,0.3915334380475986,0.40745309585745615,8.0762166604868048e-06,0.26450567148534893,0.0018122962584737035,1.1283563278991077e-09,0.0021288068573918901,2.3699554958340927e-05,0.3929581447288692,8.2099784909780266e-05,7.3849164224081111e-07,2.7453316483343423e-10,3.3985329896159072e-12,3.133110495429945e-10,7.8065103794865372e-11,7.0562121976366708e-08,0.33848847047861985,0,0,0,0,0,0,0,2.1800410323739915e-14,-1.0817019548004971e-14,1.5524263553228269e-15,3.4713486035212289e-13,6.2883726004159257e-16,-2.8957212062225013e-12,1.0103502731163104e-14,8.6866278059538615e-15,1.524389411533501e-17,-6.1045554390198379e-20,3.3305238292317114e-20,-4.173980512806427e-20,7.4202032291956754e-15,2.5091593025956037e-12,-2.2517959242553121e-07,1.6743175207389882e-07,-1.7193552423963586e-23,5.7750717763383737e-08,7.3328946936790373e-07,-2.8293065446050036e-07,0,0.016408078689231328,0.036424950076402535,2.8206701070938779e-18,0.045350409105688105,0.013157293196681196,0.1212531326904407,5.3821602044638123e-06,-2.3107208217901245e-05,-0.00013872562273633361,-6.7751554108288881e-20,-0.00050878818631595944,0.00037801892926607179,-0.00054343920534362692,-3.1913213670334563e-08
6,2,lumen,0.0068421052631578941,0.0018750000000000001,0.0063157894736842104,0.0073684210526315788,0.0015,0.0022500000000000003,1000154.9439656108,1.4586274865590183,14.223592592933594,2884.5255462162172,0.16009168430290002,1173,1173,4.0962075147581942e-05,0.2209306964406306,0.59999999999999998,2,500000,0.00035,0.0001,0.07292294302537268,0.15169048948263816,1.3213449042746123e-17,0.19837738871232041,0.054033984247999392,0.52304512924913815,2.3171663335091813e-05,0.064652884888774506,0.077029051146866243,5.8735769714203765e-18,0.06411504821045852,0.38122885819272556,0.41296590764130087,8.2499198743169668e-06,0.26152626433117154,0.0018902550514313639,1.1357777183426772e-09,0.0021619429657583015,2.508573802642652e-05,0.39514228493832548,8.4497031791147989e-05,7.2143661036627221e-07,2.7546931159167232e-10,3.4227961531068606e-12,3.1459038105586631e-10,7.9042842290395149e-11,7.3700186405900205e-08,0.33916887299839615,0,0,0,0,0,0,0,3.0046362274871829e-13,-8.1405045915352776e-15,1.3786538979962335e-14,2.6268630240789434e-12,4.522207261437039e-16,-8.2094259775539191e-12,6.7440949796853354e-15,5.6623542660227955e-15,9.5316133653868074e-18,-4.3840459374211094e-20,9.3789873754325043e-21,-2.1848166422998266e-20,5.4990491492639086e-15,5.2584045570139404e-12,-2.3001186227455256e-07,1.6649049905392843e-07,-1.8214723425946934e-23,6.3529547252428562e-08,7.5356493522971135e-07,-2.9354402147907521e-07,0,0.016273448226718955,0.036525057715272945,3.0220749089095042e-18,0.047330701276691645,0.012650206388573204,0.12140310754553033,5.4327761779057215e-06,-4.9102832747316137e-05,-0.00023367854127243125,-1.219634121451835e-19,-0.00080756041365248013,0.00060282081840245237,-0.00085999260063843825,-5.0123207917749115e-08
6,3,lumen,0.0068421052631578941,0.0026250000000000002,0.0063157894736842104,0.0073684210526315788,0.0022500000000000003,0.0030000000000000001,1000118.265693147,1.503330399304259,14.660044130008561,2817.8717685307529,0.14255548582515876,1173,1173,4.1154123853341319e-05,0.21604089871632837,0.59999999999999998,2,500000,0.00035,0.0001,0.071442811036195736,0.15084672535023833,1.4625039365811477e-17,0.20883224382628315,0.050120816084962723,0.5182309657179317,2.3236511692375831e-05,0.065284221315370705,0.078951076419199406,6.7005351117541301e-18,0.069565086919994079,0.36447092045515694,0.42172016802452583,8.5268657531336569e-06,0.25655629013958164,0.0020257569111880023,1.1506249130276765e-09,0.0022150060528205342,2.7552259782973057e-05,0.39879350992695123,8.8539950061860875e-05,6.9453563874705847e-07,2.7696705779535249e-10,3.4739042354281525e-12,3.1748974236019288e-10,8.0903660275565766e-11,7.9149598540845401e-08,0.34029256924491741,0,0,0,0,0,0,0,9.2050697447930389e-13,-4.4234720152173932e-15,4.9441909925501856e-14,1.1155027464056332e-11,-1.5720931501039814e-17,-3.2345304169442701e-11,-3.1727090076731668e-16,-4.9636943860731364e-15,-6.5209961579884212e-18,-3.5602047434738378e-21,-2.5432738097860326e-19,1.6478794895248781e-19,-1.128406380682526e-15,2.0231316316913916e-11,-2.3878684419186003e-07,1.4041184170920928e-07,3.6658606159935774e-24,9.8407304554992934e-08,8.1476722833817572e-07,-3.372052533867631e-07,0,0.014444845640467774,0.03258304587350061,3.0233049396588112e-18,0.044808669033299137,0.010538398530910965,0.1084199645988186,4.9042352018838752e-06,0,0,0,0,0,0,0
7,0,lumen,0.0078947368421052634,0.00037500000000000001,0.0073684210526315788,0.0084210526315789472,0,0.00075000000000000002,1000145.1529836551,1.4249547815248895,13.895374163122334,2913.4109735097359,0.1631054974301433,1173,1173,4.0922212940736278e-05,0.225194070451602,0.59999999999999998,2,500000,0.00035,0.0001,0.066753018341658629,0.16238606259293115,1.1407514555116396e-17,0.19565641662424382,0.05817254585662205,0.51714303166948894,2.315555314987979e-05,0.057817002205018668,0.080557482991966509,4.9537997066881161e-18,0.061776434738567497,0.40095698943410474,0.39888403668603778,8.0539443046719807e-06,0.26376630762695086,0.0017072380293051261,9.988679098544316e-10,0.0020536338092192958,2.3694959829397312e-05,0.39881569804781686,7.8265176372451078e-05,8.0789413746708577e-07,2.9055227742541975e-10,3.1403465583937891e-12,2.7973487314642978e-10,6.939686868426327e-11,7.1391181970683811e-08,0.3335542814234943,0,0,0,0,0,0,0,4.211032136393041e-14,9.5709648014096064e-15,1.8423145273793344e-16,2.8373507020086908e-13,-6.6060438369541785e-16,-2.3172676884980481e-12,1.1463100033956214e-14,1.4893902083867872e-14,1.8495079588197946e-17,5.5280031203695617e-20,1.9810680987551791e-19,-9.499072028390183e-20,-4.0842805991594774e-15,1.9600707776924909e-12,-1.934993757533171e-07,1.4230897082967431e-07,-1.1178657610810924e-23,5.1192711889144419e-08,6.3169081521152748e-07,-2.4469237258628596e-07,0,0.014861115195164721,0.038687904587896581,2.6140957968834241e-18,0.04634013100865083,0.01353227124540359,0.11960653903161476,5.4032649230003612e-06,-5.6632808287944593e-06,-7.7078840481841998e-05,-3.0272173611733691e-20,-0.0002624307704678285,0.00019277133473413494,-0.00027387397981527422,-1.6514083427656584e-08
7,1,lumen,0.0078947368421052634,0.0011250000000000001,0.0073684210526315788,0.0084210526315789472,0.00075000000000000002,0.0015,1000144.4176487302,1.4386435761105545,14.028870062542955,2891.6003030130469,0.16211315936915133,1173,1173,4.0988231875128054e-05,0.22364675411283153,0.59999999999999998,2,500000,0.00035,0.0001,0.066199521254616506,0.16208316314036442,1.1756235849206415e-17,0.19920635778416529,0.056876254676298171,0.51575288379419204,2.3188872561301996e-05,0.057888454895192024,0.081179708497755243,5.1542816786401067e-18,0.063501558976266151,0.39578848536601596,0.40163364924399314,8.1430207774561544e-06,0.26229289400993688,0.0017429969417474414,1.0009874811666415e-09,0.0020696206968679044,2.4378085532908765e-05,0.3999400196910089,7.9387785146085114e-05,7.988457998010958e-07,2.9116070853600681e-10,3.1451542158290984e-12,2.799060825769479e-10,6.9719515921846164e-11,7.2974465549678585e-08,0.33384982932457608,0,0,0,0,0,0,0,2.889507814485596e-12,6.452838656992891e-15,1.1544294423332636e-13,3.711917085522472e-11,-1.278924882663901e-15,-1.1436949651222328e-10,1.5898126384939544e-14,2.0001361678012586e-14,2.9728867286047905e-17,1.9464293289931528e-20,4.1093567689567803e-19,-2.3932341034144532e-19,-8.450731000605699e-16,7.4205114049594394e-11,-1.9530381107583233e-07,1.4276423804249205e-07,-9.9788580948202463e-24,5.265380912305439e-08,6.3856344398316445e-07,-2.4799462422508967e-07,0,0.014781779338417398,0.038752614743105977,2.704302750484942e-18,0.047363556194907161,0.013272914335869752,0.11968665301298091,5.4300189960586735e-06,-1.5006507248804404e-05,-0.00015861612761087652,-6.6581207394203215e-20,-0.00055526653585136166,0.0003966668908670056,-0.00055617964234702026,-3.3831583455719883e-08
7,2,lumen,0.0078947368421052634,0.0018750000000000001,0.0073684210526315788,0.0084210526315789472,0.0015,0.0022500000000000003,1000142.9000837439,1.4695924688105655,14.330688583977404,2842.9414980955135,0.16006980740912352,1173,1173,4.1122386289081435e-05,0.220442245938264,0.59999999999999998,2,500000,0.00035,0.0001,0.065018814711145304,0.16119073139014115,1.2501843148857593e-17,0.20634301571511729,0.054164548454309354,0.51191793938188879,2.3213834579162011e-05,0.058079186294630186,0.082469624211912312,5.5991005966625921e-18,0.067191653972871496,0.38502741874526886,0.40722378961050626,8.3271648108620014e-06,0.25920573582594569,0.0018201816493664807,1.0062371557699164e-09,0.0021025058093732496,2.586195664022409e-05,0.40226378379635758,8.1768460371055073e-05,7.8015335149929939e-07,2.92305315997095e-10,3.1584182818726297e-12,2.8050532735488757e-10,7.0468272570696294e-11,7.635692786931039e-08,0.33449930433899183,0,0,0,0,0,0,0,2.1434579236982474e-12,4.1898989300080999e-15,9.7869943409527163e-14,2.7257000350165449e-11,-9.4477377310386856e-16,-8.260645553009871e-11,9.4469730367869782e-15,1.1401686886292062e-14,1.6758287643701873e-17,1.3522813277502252e-20,2.4927578897774192e-19,-1.423457634520999e-19,-1.1830948966586968e-15,5.3085063875945231e-11,-1.9932799977338128e-07,1.4154534533350471e-07,-1.1270806945303138e-23,5.7865153700744026e-08,6.5584778363714236e-07,-2.5722031271602219e-07,0,0.014630364102089979,0.038875134168960108,2.9022276400156731e-18,0.049513787535624236,0.012743164664950426,0.11979933812640622,5.4830983538305102e-06,-3.3741120011775516e-05,-0.0002628609317302018,-1.1855261564128472e-19,-0.00087057689547917884,0.00062243546452802462,-0.00086646609176485329,-5.243318203196107e-08
7,3,lumen,0.0078947368421052634,0.0026250000000000002,0.0073684210526315788,0.0084210526315789472,0.0022500000000000003,0.0030000000000000001,1000107.6944134345,1.5142785313070493,14.766963240450295,2778.2012829715072,0.13711600134712496,1173,1173,4.1324717647117072e-05,0.21537509437113028,0.59999999999999998,2,500000,0.00035,0.0001,0.063569855263338526,0.16053674058075798,1.3875085950832611e-17,0.2178211226256784,0.050211321012377373,0.5074536337167187,2.3312354512611785e-05,0.058513601936948566,0.084635492570430501,6.40330283749089e-18,0.073088607121429908,0.36779202958542967,0.41596165169734739,8.6170884139194935e-06,0.25413504153769856,0.0019525114769413151,1.0169343730675029e-09,0.0021543389205205504,2.8468168825376553e-05,0.4060853753013986,8.5726018074588063e-05,7.5108723580671964e-07,2.941032599042466e-10,3.1896535303152068e-12,2.8215242549468311e-10,7.1894586493900233e-11,8.2151080636465273e-08,0.33555770366995002,0,0,0,0,0,0,0,-3.3254948909395646e-12,2.7978826371424436e-15,-1.9095917105119824e-13,-3.4469769574013767e-11,5.6562827338568766e-16,1.059188975676556e-10,-3.917916323443113e-16,-7.0082828429463007e-16,-3.7998085163441503e-18,3.2362291168097876e-20,-1.0446908565511434e-19,9.305426462052105e-20,-2.3959334728232729e-15,-6.7932465492123751e-11,-2.0651907401553204e-07,1.1360227997192496e-07,-3.1488141662153646e-23,9.2811068616697271e-08,7.1237052895467556e-07,-2.9929586509158668e-07,0,0.012660471354121386,0.033943120465484394,2.8399827077344484e-18,0.045911107364482208,0.010379242023093977,0.10453947584008778,4.8411576909443036e-06,0,0,0,0,0,0,0
8,0,lumen,0.0089473684210526309,0.00037500000000000001,0.0084210526315789472,0.0094736842105263147,0,0.00075000000000000002,1000132.9024091604,1.4355382771201157,13.998750050609841,2875.5791104502641,0.16292286274505693,1173,1173,4.1068389163611547e-05,0.22450285535194861,0.59999999999999998,2,500000,0.00035,0.0001,0.059937416605798509,0.17053657722244484,1.0975307564311284e-17,0.20259622837753982,0.058059844403379995,0.50814655348347804,2.3223130879082689e-05,0.052300000856687963,0.08523023630930128,4.8015684518207746e-18,0.064443499335441579,0.40315736596240836,0.39486075999411901,8.1375420417741618e-06,0.26157676758778153,0.0016623040777803476,8.9360061033799998e-10,0.0020105242901880169,2.4409462070477492e-05,0.404764979855328,7.641357140822304e-05,8.5861247050810917e-07,3.048502687948785e-10,2.9387348345682266e-12,2.5216433864425442e-10,6.2658836389596918e-11,7.3744509255753282e-08,0.32988366728225088,0,0,0,0,0,0,0,-2.4659930988613692e-13,-9.8077053338453934e-15,8.9452122740229205e-16,-5.1790382739445918e-12,1.8127860323957634e-16,1.7171244894725879e-11,1.0395621959361551e-14,-4.4339532045967189e-15,-1.1983125961870801e-17,2.0688352575448085e-20,-7.2650280583797357e-19,4.4139855458220102e-19,-6.1982948191880309e-15,-1.1736584132394854e-11,-1.7011799836874619e-07,1.216052503694165e-07,-9.4537847178727035e-24,4.8495586309858542e-08,5.5884969893393865e-07,-2.186084037125724e-07,0,0.013429491468265539,0.040724952411812211,2.5458281691922093e-18,0.048262810878408634,0.013560894039611244,0.11831525422626112,5.451961920273897e-06,-1.7096158914272776e-06,-8.6952586857359234e-05,-3.0202544571082874e-20,-0.0002847842763834907,0.00020104827029900492,-0.00027841547130834078,-1.7348305306410336e-08
8,1,lumen,0.0089473684210526309,0.0011250000000000001,0.0084210526315789472,0.0094736842105263147,0.00075000000000000002,0.0015,1000132.2233103052,1.4493729042786343,14.133668963895015,2854.1442203365764,0.16188126592590124,1173,1173,4.1138324557070142e-05,0.22288242416173959,0.59999999999999998,2,500000,0.00035,0.0001,0.059389784894571432,0.17030285050812111,1.1323881150581674e-17,0.20651389200502365,0.056738490832977606,0.50683109402529125,2.3266306907267491e-05,0.05232160814914949,0.085933741973919453,5.0018122247894234e-18,0.066322774569850931,0.39777928915887772,0.39763435490214905,8.2312460535595188e-06,0.26004757092054359,0.0016980585375643816,8.947307912163854e-10,0.0020263707571827787,2.5140283109142829e-05,0.40595959690926353,7.7534744849360243e-05,8.4891658231301758e-07,3.0556946212155044e-10,2.9389578250734932e-12,2.5203184473039858e-10,6.288460536481963e-11,7.5444102334861701e-08,0.33016480196864678,0,0,0,0,0,0,0,1.2149410165986883e-14,-1.2057062578452681e-14,1.6175075428725149e-15,3.5275348208208581e-13,2.7040002181788481e-16,-1.0409394700372498e-12,1.3451214477997257e-14,1.214306433183765e-15,-1.0774979770183387e-18,-1.2627474274944562e-20,-4.6408440939647115e-19,2.7704721482147342e-19,-1.7942971339146928e-15,6.7326678332746005e-13,-1.7160038147737144e-07,1.2193449067110507e-07,-9.7429463836718296e-24,4.9666930397109191e-08,5.6446805674070788e-07,-2.2126766169305867e-07,0,0.013344138260825745,0.040798722335322619,2.6358931578401104e-18,0.049365241809837125,0.01329196765415042,0.11837865258675229,5.4798311302794519e-06,-6.8923567040050669e-06,-0.00017629619612522733,-6.6041640965569465e-20,-0.00059728892152187526,0.00041039591575831036,-0.00056134423367419943,-3.5292511946502458e-08
8,2,lumen,0.0089473684210526309,0.0018750000000000001,0.0084210526315789472,0.0094736842105263147,0.0015,0.0022500000000000003,1000130.8224807753,1.4817947029789076,14.449852813269082,2804.052466996538,0.15975245259727716,1173,1173,4.1279110932604515e-05,0.2195540332267602,0.59999999999999998,2,500000,0.00035,0.0001,0.058187719310177403,0.16936263790388129,1.2054619729239815e-17,0.21413816644358069,0.053946390085624622,0.50272442449660226,2.3289252222918454e-05,0.052409398464868084,0.087371124233419209,5.4436990064205546e-18,0.070309822691109941,0.38666537527007655,0.40323585565424969,8.4236862766526026e-06,0.25687361472423753,0.001774821527500434,8.979247687740357e-10,0.0020587987238895873,2.6716154169093507e-05,0.40839619069386868,7.9899625192084289e-05,8.289114530946309e-07,3.0688822989128803e-10,2.9424959225564339e-12,2.5200679704930779e-10,6.3426495403234076e-11,7.9045447615331913e-08,0.33078904907105305,0,0,0,0,0,0,0,1.8003547064834004e-13,-1.4474879555032435e-14,4.6384495103161277e-15,2.2234796855417185e-12,4.6891743959998067e-16,-6.27788012547148e-12,1.309400547073769e-14,2.9711476334792764e-15,4.1689207006982285e-18,-4.2147660100015465e-20,-2.5073891638498338e-19,1.4471934529512374e-19,2.212002892040507e-15,3.8654355150586021e-12,-1.7492206440782032e-07,1.2048176345480499e-07,-1.1386437473200077e-23,5.4446568573903579e-08,5.7921264853821874e-07,-2.2937085014662628e-07,0,0.013178325583619038,0.040937215459923945,2.8324365367256185e-18,0.0516677938483419,0.012746279752862624,0.11845111869504504,5.534752469093311e-06,-1.9407845441566868e-05,-0.0002873545555372247,-1.1636170539892926e-19,-0.00092834048580686234,0.00063665173505388355,-0.0008649980274086775,-5.4197972533882284e-08
8,3,lumen,0.0089473684210526309,0.0026250000000000002,0.0084210526315789472,0.0094736842105263147,0.0022500000000000003,0.0030000000000000001,1000097.3330170374,1.5286718439829554,14.907478600435068,2737.1574961497276,0.13589344086809502,1173,1173,4.1489307867982513e-05,0.21434759955666505,0.59999999999999998,2,500000,0.00035,0.0001,0.056671133715864748,0.16862530796459821,1.3382385882269147e-17,0.22622479231089945,0.04990887110203629,0.49776164591331401,2.3379347299949959e-05,0.052659958432440812,0.089745739734881147,6.2346906419992397e-18,0.076630717586461894,0.36905527178843162,0.41189958837469143,8.7240830930198591e-06,0.25172299070846965,0.0019052873281544887,9.0495846620745811e-10,0.0021094239288135426,2.9456935581344236e-05,0.41234274840445068,8.3795673067938535e-05,7.9799461002688171e-07,3.0889789691993229e-10,2.9568112490858173e-12,2.5256964998063925e-10,6.4481369984783543e-11,8.5149079131601232e-08,0.33180541234390898,0,0,0,0,0,0,0,4.1416445905691046e-13,-1.5330708785853333e-14,3.8559323825890027e-15,7.3080500855878066e-12,5.0805713802670738e-16,-2.220322320098389e-11,1.3708847128774195e-14,6.3638330716209168e-15,9.3318451115521884e-18,-6.2284263819845074e-20,1.6565894428811201e-20,-1.9711597674865009e-20,5.6067228035427909e-15,1.4466344518868186e-11,-1.8081637827987995e-07,9.1403995039485153e-08,-4.9570699969113403e-25,8.9434570113796105e-08,6.3188347476650364e-07,-2.7025825072302112e-07,0,0.011110367183758778,0.03494459106260784,2.7084719013144052e-18,0.04686584696063207,0.010143964285750443,0.1009364709718855,4.7759571229309373e-06,0,0,0,0,0,0,0
9,0,lumen,0.0099999999999999985,0.00037500000000000001,0.0094736842105263147,0.010526315789473682,0,0.00075000000000000002,1000120.6337732825,1.4476003438474307,14.116547290055447,2839.0288177775606,0.16241617211244336,1173,1173,4.1216998787920256e-05,0.22342043262825942,0.59999999999999998,2,500000,0.00035,0.0001,0.053909263777644482,0.17777490972755397,1.0718140338321996e-17,0.20981412196003213,0.057622822334359815,0.50047212250403339,2.3309322119840983e-05,0.047435808233447077,0.089595427352886614,4.7285184995116359e-18,0.067301028761622722,0.40348973039159403,0.3921697687861565,8.2364742929629724e-06,0.25928576381858076,0.0016345095059084431,8.0305694298351239e-10,0.0019785067238676872,2.5230416978567096e-05,0.4101380255807599,7.5166371760433369e-05,9.0116525641208239e-07,3.1765294264502581e-10,2.7673773155495842e-12,2.2839206320317092e-10,5.6939297326382018e-11,7.6255313151867383e-08,0.32686181875276615,0,0,0,0,0,0,0,-5.7351870530930705e-13,5.153135021424246e-14,-4.7681734929257404e-15,-1.0659507026675849e-11,-2.4021583333588836e-15,3.4245309712965799e-11,-9.3768470273995499e-15,8.2937129386451147e-15,-1.148591782862768e-17,3.1281000025133705e-19,-2.0828237218083898e-19,1.8151014820532886e-19,-2.501822416367639e-14,-2.3030605399332631e-11,-1.5083730649147892e-07,1.0391473359572245e-07,-6.7247978777889036e-24,4.6888351446556741e-08,4.994005956271419e-07,-1.9771500964216315e-07,0,0.012151597362177836,0.042520660363433743,2.5122083479017928e-18,0.0502013585928128,0.013509822129504459,0.11722860928306651,5.5025863397550318e-06,1.5217154594178211e-06,-9.3794010564971454e-05,-3.0344014291947606e-20,-0.00030369959082638748,0.00020696767590762445,-0.00028076293980553243,-1.8034949552255992e-08
9,1,lumen,0.0099999999999999985,0.0011250000000000001,0.0094736842105263147,0.010526315789473682,0.00075000000000000002,0.0015,1000120.0130318267,1.4638257251162703,14.274781010100467,2813.6370550648007,0.16135094800740776,1173,1173,4.1289542889759993e-05,0.22174674887585169,0.59999999999999998,2,500000,0.00035,0.0001,0.053290005896003183,0.17729846009518158,1.1051527525195105e-17,0.21370121073332232,0.056201886629526812,0.4984341977474589,2.3324386178486201e-05,0.047416515875609806,0.090356897225517804,4.9302498671559996e-18,0.069316230425856259,0.39795120237648246,0.3949508199161858,8.3341803477573124e-06,0.25772029731310581,0.0016704377939874857,8.034163454972359e-10,0.0019942405946807486,2.60041504621057e-05,0.4113703078863542,7.6289542941516955e-05,8.9079920527284359e-07,3.184183059706032e-10,2.7637169867456696e-12,2.2802292130454914e-10,5.7086108032873278e-11,7.8052491210408368e-08,0.32714145245706422,0,0,0,0,0,0,0,1.5725067241588472e-12,4.6697585856344881e-14,1.3097002544827112e-14,2.3109174077696183e-11,-2.8110109726031673e-15,-6.5648663805442653e-11,-1.3953121102998798e-14,3.1836512592864352e-15,-1.4612546186358439e-17,2.7515465466052051e-19,-2.1658080318233581e-19,1.8136033157922872e-19,-2.158423750356158e-14,4.0942304894306644e-11,-1.5206822220458632e-07,1.0427297209014696e-07,-7.1726713551094419e-24,4.7860906839483194e-08,5.0406477086761825e-07,-1.9995223027313713e-07,0,0.012060430802582896,0.04260148794696049,2.6027779895940577e-18,0.051376571381370709,0.013234311324920752,0.11727263288630964,5.5313068603894316e-06,5.9601466982680215e-07,-0.00018932429779857412,-6.6117313040833353e-20,-0.0006342541981507379,0.00042009910283502148,-0.00056233684321738055,-3.6524818227825472e-08
9,2,lumen,0.0099999999999999985,0.0018750000000000001,0.0094736842105263147,0.010526315789473682,0.0015,0.0022500000000000003,1000118.7328618449,1.4940712895385935,14.569745158415996,2769.1039183271382,0.15917753277177826,1173,1173,4.1434983602287662e-05,0.21832583240030456,0.59999999999999998,2,500000,0.00035,0.0001,0.052202762574427158,0.17668779605364462,1.1802343881593131e-17,0.22224180464075635,0.053488620502230418,0.49524802835724824,2.3400107515173217e-05,0.047408897791853137,0.09190632492337672,5.3739965818739353e-18,0.073576006206964348,0.38656526269480274,0.40053497437541408,8.5340075888763131e-06,0.25448688150890175,0.0017472489917536198,8.0480474228785044e-10,0.0020262586763286927,2.7666175752732055e-05,0.41387227080561811,7.8647661612235166e-05,8.6952176968576611e-07,3.1981463491126598e-10,2.7586785816564881e-12,2.2745833436031276e-10,5.7447383231400488e-11,8.1844737852939786e-08,0.32776007340124158,0,0,0,0,0,0,0,-1.7904711743780692e-12,3.666738306815509e-14,-5.6085931245652344e-15,-2.9643089074232513e-11,-1.2096443638420773e-15,9.0062948635352691e-11,-2.1320302712693507e-14,-6.0043116312247236e-15,-2.043505366431422e-17,2.0766781899097756e-19,-2.9183929797484708e-19,2.1390460248208827e-19,-1.521696858723654e-14,-5.8616833836179847e-11,-1.5480042585454268e-07,1.0240312126041928e-07,-1.30370736539227e-23,5.2307269715322622e-08,5.1670948252036109e-07,-2.0707806297481923e-07,0,0.011883920254834524,0.042746785931384333,2.7998257490763815e-18,0.053815637823723644,0.01267798750565691,0.1173040871083139,5.5874598240500057e-06,-7.1317829827961749e-06,-0.00030351317410688916,-1.1570221193760779e-19,-0.00097874629363607353,0.0006461409681757772,-0.00085979264392336337,-5.5644870371939027e-08
9,3,lumen,0.0099999999999999985,0.0026250000000000002,0.0094736842105263147,0.010526315789473682,0.0022500000000000003,0.0030000000000000001,1000087.2011296429,1.5452853350641838,15.069644630165975,2696.3303189450407,0.13002337793022256,1173,1173,4.1650231857487463e-05,0.2130197851300045,0.59999999999999998,2,500000,0.00035,0.0001,0.050569468367554424,0.17550747004849807,1.3086672194678123e-17,0.23446327898080341,0.04932014102335678,0.48907113461479029,2.3444586636237158e-05,0.047501335001898938,0.094424677028574253,6.1632445579496692e-18,0.080285357382902836,0.36866914599784578,0.40911064099455757,8.8435942205064403e-06,0.24929137249138705,0.0018770679397180712,8.0884223214855829e-10,0.0020759790297542099,3.0533575195885192e-05,0.41786756719215151,8.2510914304040255e-05,8.3669240644365537e-07,3.2185966651303294e-10,2.758675887078798e-12,2.271425189483261e-10,5.8195279813878927e-11,8.8214043389906744e-08,0.32877404253224096,0,0,0,0,0,0,0,2.8223654561897828e-12,-2.5011994258747834e-15,-2.9483615227410831e-14,4.61030536727082e-11,-7.2457231187206261e-16,-1.3536582380187234e-10,2.2673107374146045e-14,2.4927542668917724e-14,3.6864907591440689e-17,-7.9006282126927123e-20,9.2661361584376604e-19,-5.7601108403572509e-19,4.4366232048544924e-15,8.642095346464565e-11,-1.5966462012500376e-07,7.2443701870650301e-08,5.7981533747225489e-24,8.7356284871228473e-08,5.6634880792050257e-07,-2.4706703649624018e-07,0,0.0097536297233649771,0.035645439891711497,2.6150553841231125e-18,0.047711809051036155,0.0098529898580211918,0.097559985308006414,4.7090159251070398e-06,0,0,0,0,0,0,0
10,0,lumen,0.011052631578947368,0.00037500000000000001,0.010526315789473682,0.011578947368421053,0,0.00075000000000000002,1000108.366165899,1.461944325649438,14.256600202390809,2801.7217600350818,0.161735498687893,1173,1173,4.1362867860685627e-05,0.22208119532683912,0.59999999999999998,2,500000,0.00035,0.0001,0.048563216727413469,0.1837779458025155,1.0588973581015475e-17,0.21681318026269772,0.056901825968062758,0.49365544702668979,2.3404917382038188e-05,0.043155666984029895,0.093539760775548361,4.7178812081447634e-18,0.070236061478655992,0.40239413869677088,0.39066601976086762,8.3523041273017732e-06,0.25701734942878873,0.0016206078263532376,7.2518645523720529e-10,0.0019563237304608813,2.6116892181172276e-05,0.41485909834345691,7.4425343241981407e-05,9.3490099562609663e-07,3.2873179432484959e-10,2.6187379934491139e-12,2.0786484732630725e-10,5.2055166101792743e-11,7.8826593849460373e-08,0.32444506339147083,0,0,0,0,0,0,0,-2.183385622053852e-12,1.6495476413242109e-14,-3.4688442989304268e-14,-4.1038051909685301e-11,-7.2663229599978507e-16,1.2503885860742914e-10,1.9715830477690439e-14,5.4112530428751526e-15,-1.8509043120720877e-17,2.3174498836438762e-19,-1.3861471101545177e-18,8.5002219704230799e-19,-2.7125859297722266e-14,-8.1796292157183183e-11,-1.3486371912242376e-07,8.841669518755424e-08,-4.2672254793329018e-24,4.63220423518757e-08,4.5091440213640421e-07,-1.8114476107999877e-07,0,0.010998682021038098,0.044108464448187473,2.5055497427991839e-18,0.05217876282195006,0.013394804878197912,0.1162963609008523,5.5546641171199887e-06,5.0474897641652749e-06,-0.00010064520108195328,-3.0703839638698242e-20,-0.00032221520641618492,0.00021142012121061067,-0.00027989809437040884,-1.8552708153457684e-08
10,1,lumen,0.011052631578947368,0.0011250000000000001,0.010526315789473682,0.011578947368421053,0.00075000000000000002,0.0015,1000107.8053958364,1.4782316275593557,14.415438924453017,2776.957867568336,0.16064157714022964,1173,1173,4.1437639076777436e-05,0.22036197437343236,0.59999999999999998,2,500000,0.00035,0.0001,0.047956605961663276,0.18334739161543184,1.0927143541317828e-17,0.22099559207894376,0.055481708153376989,0.49166820795421112,2.3426734530059158e-05,0.043091412096516638,0.094360340085327635,4.9227942477216825e-18,0.072388567342755963,0.39672280521296283,0.39342842202937528,8.4532330617632633e-06,0.25541631981578944,0.0016568033570861498,7.2472081884533826e-10,0.0019718283509138528,2.6934435774236655e-05,0.41613106008117556,7.5549492286767413e-05,9.2406569743126253e-07,3.295496925969544e-10,2.6114634473728306e-12,2.072531075133511e-10,5.2123996943235264e-11,8.0719142445623222e-08,0.3247204983658753,0,0,0,0,0,0,0,-1.0630473924671139e-12,1.9437558517175406e-14,-2.2207915880693393e-14,-1.9450113094409305e-11,-1.2336052318540069e-15,6.1636859678693146e-11,6.6111387992753269e-15,-4.5981014135110243e-15,-2.8782255338124751e-17,2.4633972754935629e-19,-1.4663280792241496e-18,9.1343923301225615e-19,-2.6691061853394741e-14,-4.1094711171558897e-11,-1.3584824080708699e-07,8.8683959675872615e-08,-8.087785326408032e-24,4.7102699100567893e-08,4.5464803248573826e-07,-1.8293151476944658e-07,0,0.01090367597654604,0.04419151469328441,2.5973657272658448e-18,0.053418948056958536,0.013115126313052715,0.11632138884391177,5.5839585862050249e-06,7.7045073765954389e-06,-0.00020087221292572452,-6.6717563151353018e-20,-0.0006694873647599349,0.0004271846570496483,-0.00055858867100262266,-3.7412119765925155e-08
10,2,lumen,0.011052631578947368,0.0018750000000000001,0.010526315789473682,0.011578947368421053,0.0015,0.0022500000000000003,1000106.6489206299,1.5099785556006886,14.72504606855812,2731.0069712881123,0.15842187456184362,1173,1173,4.1586693281937898e-05,0.21686492399003127,0.59999999999999998,2,500000,0.00035,0.0001,0.046840513855042738,0.1826333865738631,1.1674449447387707e-17,0.22988363159255887,0.052725697673601295,0.48809403454930878,2.3491948125318737e-05,0.042992502922797438,0.096011604104138462,5.3724234620237785e-18,0.076917154800333398,0.38511325755984466,0.39895682178889647,8.658823989624429e-06,0.25212896573216953,0.001734015988999998,7.2442860046452625e-10,0.0020033295177152208,2.868286064655638e-05,0.41868920912812529,7.7904789892082452e-05,9.017832728280741e-07,3.3100056175228349e-10,2.5988603092246231e-12,2.0619818879023499e-10,5.2322448305811081e-11,8.4692040148390062e-08,0.32533690419058914,0,0,0,0,0,0,0,-6.6679241612397884e-12,1.6237101885854951e-14,-2.514861204775289e-13,-1.1157061232099424e-10,9.4173800702090915e-16,3.36597255927093e-10,-8.4835786542670779e-15,-1.6741165745348674e-14,-3.6136667396123624e-17,2.1645043822532774e-19,-1.461040068664463e-18,9.3507429702994544e-19,-2.1241607935204739e-14,-2.180776950148936e-10,-1.38057609674197e-07,8.6486938499774624e-08,-1.9421491739848409e-23,5.123436250224052e-08,4.6541129905541823e-07,-1.8918065730622047e-07,0,0.010718923876900039,0.044335926697406262,2.7963377837952237e-18,0.055982330213468025,0.012552418607490443,0.11631218914533424,5.6409328254520213e-06,4.7084793301666962e-06,-0.00031749027566057978,-1.1622455265209225e-19,-0.0010281822279288701,0.00065255336654530989,-0.00084910994385240185,-5.669100933266284e-08
10,3,lumen,0.011052631578947368,0.0026250000000000002,0.010526315789473682,0.011578947368421053,0.0022500000000000003,0.0030000000000000001,1000077.3127017344,1.5629506139788163,15.242067389069407,2657.3253082192032,0.12851905197856356,1173,1173,4.1805868070691877e-05,0.21147673663151773,0.59999999999999998,2,500000,0.00035,0.0001,0.04518710892904871,0.18130178722024293,1.2950327519088706e-17,0.24259169259509694,0.048539216953946529,0.4815160823401835,2.3525776543955592e-05,0.0429311824106327,0.098658124190277238,6.1688156996209162e-18,0.084019153504121383,0.36698314277019506,0.40739942136829144,8.975756482181714e-06,0.24688926844540668,0.0018639923355471739,7.2563681373789006e-10,0.0020520640690631603,3.1680164538938099e-05,0.4227253999154772,8.1748140153468574e-05,8.6740520926697769e-07,3.3304625249453989e-10,2.5861366246515148e-12,2.050716639563961e-10,5.2792091825495062e-11,9.1316195434720233e-08,0.32635488688927594,0,0,0,0,0,0,0,8.0159069987908536e-12,-1.913819198014512e-14,5.4179645705705297e-13,1.2057817861912099e-10,-1.8853191577350437e-15,-3.6546495018642544e-10,2.4499947237822718e-14,1.2578696764742325e-14,1.5418118049577014e-17,-8.4285087071124855e-20,6.1349711286373542e-20,-6.6323897276475818e-20,4.3223305442683821e-15,2.3630883335382379e-10,-1.420082158588333e-07,5.6164426942562073e-08,-7.6756715250428077e-24,8.6208697067613784e-08,5.1222769208159047e-07,-2.2833694451884767e-07,0,0.0085602261067500435,0.036086091146442553,2.5500431354424733e-18,0.048471718541777821,0.0095228041081354391,0.094374648799140537,4.640816216370826e-06,0,0,0,0,0,0,0
11,0,lumen,0.012105263157894737,0.00037500000000000001,0.011578947368421053,0.012631578947368421,0,0.00075000000000000002,1000096.1157626518,1.479104965497033,14.42412414756023,2762.2090782528585,0.16080683976631524,1173,1173,4.151265094551327e-05,0.22045013890397847,0.59999999999999998,2,500000,0.00035,0.0001,0.043649377078352224,0.18904862573394879,1.0552322284008038e-17,0.22409924499178813,0.055906730052161985,0.4870170708528741,2.3482335000656152e-05,0.039244781770356063,0.097353118440275874,4.7567975082692118e-18,0.073449415599901549,0.40000278519668697,0.38994142059189524,8.4784008842068381e-06,0.25462748573762806,0.0016169673459581967,6.5528239010436851e-10,0.0019403008553702519,2.712030029662991e-05,0.41932338946005121,7.4036702580872245e-05,9.6286251142822787e-07,3.3894780437936261e-10,2.4835585395621757e-12,1.8934047266119597e-10,4.7688053019395433e-11,8.1610786577906446e-08,0.32238965389107438,0,0,0,0,0,0,0,-1.7050512717727809e-12,1.472751992862835e-13,8.0137304188674355e-14,-4.2127483367754279e-11,-4.3883082931350792e-15,1.2407243071485552e-10,-5.7876328544338517e-14,2.3224477896377493e-14,-9.8618824923438907e-18,6.3351546206771262e-19,4.9734081818325349e-19,-3.3914891729518863e-19,-4.4857154175234373e-14,-8.0383033757108331e-11,-1.2095625257640963e-07,7.4860088739026054e-08,-3.2541407103224404e-24,4.5972037287345933e-08,4.0884147538278182e-07,-1.6688609910664454e-07,0,0.0099564244895711061,0.045504533232150327,2.5212466583106931e-18,0.054190526703152699,0.013227506265112893,0.11549655175009668,5.6079301217224238e-06,7.4605195797210393e-06,-0.00010354222584269812,-3.1293131820975862e-20,-0.00033734404469354856,0.00021414186802960305,-0.00027892028085663433,-1.8976014241246764e-08
11,1,lumen,0.012105263157894737,0.0011250000000000001,0.011578947368421053,0.012631578947368421,0.00075000000000000002,0.0015,1000095.6161342347,1.4964705458880831,14.593479316317595,2736.2807859822256,0.15970928605894752,1173,1173,4.158838774906486e-05,0.21870243267384326,0.59999999999999998,2,500000,0.00035,0.0001,0.043037891156114318,0.18848317844356444,1.0890116284670097e-17,0.22834856215730504,0.054460989942596724,0.48475321893712592,2.3493953977445776e-05,0.039149322097156533,0.098201548235985578,4.9667068801995889e-18,0.075720875701640433,0.3942337947785049,0.39268587699568813,8.5821910244899224e-06,0.25301055934069339,0.0016536526841082299,6.5427225304561403e-10,0.001955702538753381,2.7977327686024708e-05,0.42059807553026879,7.5168425972281532e-05,9.5140555591185621e-07,3.3973042243571777e-10,2.4733080344388846e-12,1.8856581852738237e-10,4.7698590325088218e-11,8.3580371141596612e-08,0.3226778279338503,0,0,0,0,0,0,0,-5.5166456375292359e-12,1.6811632762630349e-13,2.4367285644532301e-13,-1.2840231745044746e-10,-3.7048272436002172e-15,3.7253868848292904e-10,-9.550374653068404e-14,-4.6616356608186749e-15,-5.0186896615658822e-17,7.5403689223821344e-19,-2.1884614068738884e-19,4.424923199965434e-20,-5.2924582080557755e-14,-2.3887469800325266e-10,-1.2176451141127087e-07,7.4750917622434798e-08,-1.3610321331028724e-23,4.6640872797625237e-08,4.1193652922100199e-07,-1.6827675886066373e-07,0,0.0098580063817209958,0.045587047582397192,2.6147779499649641e-18,0.055492094616477063,0.012945579589602779,0.11550180332980887,5.6376386193158692e-06,1.309815834065444e-05,-0.00020570101919874527,-6.7686558705454567e-20,-0.0006992109370016576,0.00043123887434434559,-0.00055475589034476524,-3.8173275093287059e-08
11,2,lumen,0.012105263157894737,0.0018750000000000001,0.011578947368421053,0.012631578947368421,0.0015,0.0022500000000000003,1000094.5855810667,1.5295210019711984,14.915800493573638,2689.5740373609151,0.15747958857304351,1173,1173,4.173896547278388e-05,0.21515804746290562,0.59999999999999998,2,500000,0.00035,0.0001,0.041926047142929558,0.18760157651461568,1.1638530992651619e-17,0.23748197290393788,0.051693001444635553,0.48088893756589074,2.355126683949681e-05,0.038980275177217499,0.099901024190356916,5.4252767774443747e-18,0.080488848386816289,0.38246155578482033,0.39815950331942357,8.793141365428058e-06,0.24970057021681905,0.0017317528969735517,6.5274341960131528e-10,0.0019869101473490268,2.9805603882347055e-05,0.42315194092413877,7.7534304382392331e-05,9.2790548940538144e-07,3.4108803109881641e-10,2.4542909086572821e-12,1.8714949271103281e-10,4.7767613828440097e-11,8.770283926167005e-08,0.32332046906692347,0,0,0,0,0,0,0,-3.7864177612258707e-12,1.6051117047743641e-13,1.610088328314868e-13,-8.8613161822025546e-11,-4.2302316163866927e-15,2.6062391459379108e-10,-1.3050346607074471e-13,-4.0271822335236074e-14,-8.633487053678028e-17,7.3643242731390217e-19,-1.1320581639874829e-18,5.64195700789503e-19,-4.7114189583221437e-14,-1.6832377181068997e-10,-1.2357235779645107e-07,7.275038155230007e-08,-1.4368400298991607e-23,5.0561283016555517e-08,4.2127987437412528e-07,-1.7404488555916586e-07,0,0.0096665768358843388,0.045723816459821258,2.8171128158141116e-18,0.058171346450656553,0.012379962242204548,0.1154501412587059,5.6950493018325391e-06,1.4041676257432614e-05,-0.00032211992095777586,-1.1760907755330443e-19,-0.0010705091884931602,0.00065529361481956856,-0.00083831349603685648,-5.7580508032712174e-08
11,3,lumen,0.012105263157894737,0.0026250000000000002,0.011578947368421053,0.012631578947368421,0.0022500000000000003,0.0030000000000000001,1000067.6775781909,1.5810444429509301,15.418668961290107,2620.7098051524122,0.12247018993861791,1173,1173,4.19594598318272e-05,0.20972267930271199,0.59999999999999998,2,500000,0.00035,0.0001,0.04036730564513822,0.18638693415009389,1.2940661746854723e-17,0.25102605924976201,0.047615184287403231,0.47492479906278523,2.3622135849486813e-05,0.038796367425145147,0.10260044399750361,6.2356328400144735e-18,0.087947640442393074,0.3641680377273277,0.40647839346413034,9.1169434999214188e-06,0.24445273449795885,0.0018628316725685424,6.5177918938851698e-10,0.0020350301876996407,3.2925427293497474e-05,0.4271517911138864,8.138286882363012e-05,8.9172781972787466e-07,3.4293311290620145e-10,2.4307793259762834e-12,1.8540405840650062e-10,4.8012189673900027e-11,9.4540002972525344e-08,0.32438231673338741,0,0,0,0,0,0,0,-5.3322413452060609e-13,4.5798347890455504e-14,1.7381660246696017e-14,-1.2236257326951207e-11,-1.4048007548894681e-15,3.5608791956742714e-11,-3.5909161105797495e-14,-6.553351611371383e-15,-1.5195572343599982e-17,1.7257848782670281e-19,-3.9673831075333586e-20,1.831980813310772e-20,-9.8359440940846858e-15,-2.2848695416084346e-11,-1.2680265534283086e-07,4.1283692076010681e-08,7.2808334327725006e-24,8.54833549199369e-08,4.6589156352944139e-07,-2.1227376184596025e-07,0,0.0075064369085582694,0.036307711751613972,2.5070509574435098e-18,0.049163907643106096,0.00916425628793038,0.091353345264678018,4.5715464326514057e-06,0,0,0,0,0,0,0
12,0,lumen,0.013157894736842105,0.00037500000000000001,0.012631578947368421,0.013684210526315788,0,0.00075000000000000002,1000083.8956869964,1.4973982323438053,14.602697185523786,2723.7486370543429,0.15980579787032093,1173,1173,4.1655234745616629e-05,0.21870350676792971,0.59999999999999998,2,500000,0.00035,0.0001,0.039344943211054466,0.19315455548269619,1.0606232093905769e-17,0.23104380107427561,0.054768563033951244,0.48126459751560757,2.3575995831665309e-05,0.035812646730203714,0.1006989462234297,4.840289878951491e-18,0.076663015830399278,0.39671068515429658,0.39010608846147105,8.6176001996740805e-06,0.2523429223682222,0.0016231464845399047,5.9506021352756302e-10,0.0019316582182415077,2.8159262891537155e-05,0.42317695805980954,7.401269590107904e-05,9.8251438960458365e-07,3.4744687325574984e-10,2.3627028032816226e-12,1.7327282111146218e-10,4.3919808694893748e-11,8.4387201505435903e-08,0.32082207484674091,0,0,0,0,0,0,0,1.1680355024437019e-11,5.3939660131883564e-14,-4.5284831110192892e-13,2.6236852638858286e-10,-7.9531650362674178e-15,-7.5631143361953868e-10,8.0808827101683844e-14,6.4249387060621999e-14,1.7171875882026856e-17,4.7361223758337492e-19,-2.4409421329843612e-18,1.2321421713449975e-18,-6.0818113465442012e-14,4.8258472198755861e-10,-1.0932732491357455e-07,6.3485388168693646e-08,-4.3532279956766049e-24,4.6598705522706541e-08,3.745761903845013e-07,-1.5618885357282508e-07,0,0.0090034781324337659,0.046732452749056193,2.5561951639289643e-18,0.056263230850649132,0.013017888313449378,0.11479016207816399,5.6620996306482725e-06,1.0622351072126583e-05,-0.00010800109867529077,-3.1937205498233092e-20,-0.0003538829839829668,0.00021626840886458933,-0.0002750391095093638,-1.9297887322329682e-08
12,1,lumen,0.013157894736842105,0.0011250000000000001,0.012631578947368421,0.013684210526315788,0.00075000000000000002,0.0015,1000083.4580516667,1.5141551268099471,14.766117661126431,2699.7240042965627,0.15869221198362832,1173,1173,4.1732157830240508e-05,0.21692626544923427,0.59999999999999998,2,500000,0.00035,0.0001,0.038760998351963949,0.19270458146083846,1.0955729072425761e-17,0.23564921542895723,0.053362572744498973,0.47923502759687542,2.3602360428470441e-05,0.035675962246950535,0.1015886656083136,5.0557405008707517e-18,0.079066191955647999,0.39085219635202889,0.39280826005154784,8.723785511066558e-06,0.25070042116010027,0.0016603956443742574,5.9332758552247008e-10,0.0019468059133503097,2.9060016983267866e-05,0.42447334569009487,7.5150063703181887e-05,9.7072145965481142e-07,3.4823504998522992e-10,2.3495026124498081e-12,1.7229496765274951e-10,4.3864721339716294e-11,8.6441038618269312e-08,0.32111376318882384,0,0,0,0,0,0,0,-3.4045285782811769e-12,2.7077566726574385e-14,1.4127474334069824e-13,-7.6011827393807124e-11,-1.1646499736839289e-15,2.0911601942251445e-10,1.4727936010696022e-13,1.1306125306809189e-13,7.8578029527305224e-17,2.7442428972255313e-19,-1.2284781360476027e-18,5.8404758312637818e-19,-5.5191711399851875e-14,-1.3007211994666208e-10,-1.0993283056960623e-07,6.2617969309730626e-08,-3.3345601539235192e-24,4.710554711374408e-08,3.7690527610045876e-07,-1.5696222949168614e-07,0,0.0089032554377499063,0.046810314848608425,2.6518546167753798e-18,0.057620329889305585,0.012735341389017947,0.11477657840916296,5.6920162953512106e-06,1.947960843333194e-05,-0.0002127435033330663,-6.9254726091146031e-20,-0.00073116659992689256,0.00043418456935124741,-0.00054564565504847291,-3.8707014141581896e-08
12,2,lumen,0.013157894736842105,0.0018750000000000001,0.012631578947368421,0.013684210526315788,0.0015,0.0022500000000000003,1000082.5551503147,1.5497755440953767,15.113503423590467,2650.0358729768996,0.15643782389834243,1173,1173,4.1884521261542964e-05,0.21333364160233786,0.59999999999999998,2,500000,0.00035,0.0001,0.037601641352689355,0.19155047013511395,1.1703125584672944e-17,0.24487844541502227,0.05054598639255882,0.4746278678593519,2.3628776208338647e-05,0.035423083919247741,0.10335589740012169,5.5276963744816463e-18,0.084095780934432748,0.37893201309161451,0.39818428564106345,8.9390135198993524e-06,0.24735147440305852,0.0017396075429683242,5.9032304364315445e-10,0.0019774748652253826,3.0975931997452264e-05,0.42705295966593981,7.7525270106533183e-05,9.4648820412276339e-07,3.4955983805411705e-10,2.3243211958418748e-12,1.7046672192705326e-10,4.3797075079523468e-11,9.0724242245770292e-08,0.32176894395178685,0,0,0,0,0,0,0,-1.7618887621551135e-11,2.2763660096947313e-13,8.632686381871458e-13,-4.0224018424042894e-10,-2.8171909249863347e-15,1.1549356577437303e-09,-8.8618495548615202e-14,-9.9659863694867568e-15,-1.028381064477809e-16,1.2949205495650466e-18,-4.626073103916958e-18,2.2939327187763388e-18,-1.1419179502821454e-13,-7.3595166094916771e-10,-1.1131234126278422e-07,5.9438720612092766e-08,-1.6620158693526895e-23,5.071794876452695e-08,3.8466132568082401e-07,-1.6162721860890628e-07,0,0.0087075701530229394,0.046932227071240333,2.8590627688097579e-18,0.060405938677323953,0.012169591382510617,0.11468455751816505,5.7495461047425778e-06,2.4343488282041699e-05,-0.00032894007723778659,-1.1984817203004315e-19,-0.0011167189149279297,0.00065669508234173716,-0.00082137345313467217,-5.8162153409729928e-08
12,3,lumen,0.013157894736842105,0.0026250000000000002,0.012631578947368421,0.013684210526315788,0.0022500000000000003,0.0030000000000000001,1000058.3019615902,1.6023892646578985,15.626974533305116,2581.6498216469704,0.1208853850567813,1173,1173,4.2106649522225711e-05,0.20784947521264999,0.59999999999999998,2,500000,0.00035,0.0001,0.036036795547739073,0.1902245160957452,1.3019874866334941e-17,0.25894216328866665,0.046506131442952285,0.46841498445254481,2.3693962864769722e-05,0.035102292980517466,0.10612758545656907,6.3585615651926829e-18,0.091946706158079691,0.36049113675672406,0.40632301043899133,9.2682091184188636e-06,0.24207334723403884,0.001872292055508295,5.8694679349797548e-10,0.0020246902252722761,3.4230107555509193e-05,0.43105248165412391,8.1381783673740686e-05,9.0911252966414798e-07,3.5126627419743718e-10,2.290593641485569e-12,1.6805660639604845e-10,4.3813839614720631e-11,9.7787916568525207e-08,0.32286056888700698,0,0,0,0,0,0,0,3.3509221109728408e-12,8.4466890214377189e-14,-1.9852395391514207e-13,6.9685558927927258e-11,-5.7743523504405481e-15,-1.8666529997060644e-10,-3.6990538253625085e-15,1.0932444186040335e-14,-2.984496487675429e-17,5.3202940619014044e-19,-2.7248212651294573e-18,1.3527342026732495e-18,-5.5961171457931805e-14,1.1379737404091761e-10,-1.1381239460768466e-07,2.871105142521202e-08,1.0359902854375519e-23,8.5288257898784035e-08,4.2672439980184773e-07,-1.9917054466800366e-07,0,0.0065747247121311549,0.036332503021342853,2.4824610767463841e-18,0.049795986563540756,0.0087887021349839153,0.088477436019280264,4.5015769253041503e-06,0,0,0,0,0,0,0
13,0,lumen,0.014210526315789474,0.00037500000000000001,0.013684210526315788,0.014736842105263159,0,0.00075000000000000002,1000071.7178823104,1.5183899943937864,14.807590133891075,2682.9629005653446,0.15857417706841784,1173,1173,4.1806159704236136e-05,0.21667258908365011,0.59999999999999998,2,500000,0.00035,0.0001,0.035224059143482603,0.19696382116646768,1.072463008393703e-17,0.238701560169192,0.053418273593724495,0.47530311566063976,2.3649448324777303e-05,0.032511589518707765,0.10412565280392978,4.9629953941039241e-18,0.080315273405570098,0.39235907789480606,0.39067964063636851,8.7657406179208816e-06,0.24985402974088378,0.0016363638282060374,5.3783680246009003e-10,0.0019259992634256893,2.9354328218991899e-05,0.42706249645118777,7.4204551536122433e-05,9.9890902000325831e-07,3.5572234295136008e-10,2.2449554871588906e-12,1.5790861403710033e-10,4.0330483146716675e-11,8.7484008679229242e-08,0.31941646434946963,0,0,0,0,0,0,0,-1.9611779554823871e-11,4.6285000373183966e-13,6.000869579502041e-13,-5.1940039797460671e-10,-5.4856293119076582e-15,1.5111800133731784e-09,-4.2818775657220314e-13,-1.3713357706335305e-13,-2.4587457925644511e-16,2.1045627488581451e-18,-2.5445439456166078e-18,1.1555700878903579e-18,-1.0852745990543764e-13,-9.725512897011025e-10,-9.8499128707574268e-08,5.0394911799145348e-08,-6.4897466675655555e-24,4.6592688137807025e-08,3.4209840613086406e-07,-1.4457187413885464e-07,0,0.0081382443144164679,0.047797476345639703,2.6086741612834373e-18,0.058368946391387753,0.012772821196989846,0.114178240103522,5.7168605608472747e-06,1.1949818257411117e-05,-0.00010681155700074549,-3.2819908488880417e-20,-0.00036569260586206254,0.00021661451794758495,-0.00027209377143203983,-1.9508580941242147e-08
13,1,lumen,0.014210526315789474,0.0011250000000000001,0.013684210526315788,0.014736842105263159,0.00075000000000000002,0.0015,1000071.3427486053,1.5350901983922818,14.970458898454881,2659.9016349242243,0.15747239509792624,1173,1173,4.1882664755141852e-05,0.21488647877685413,0.59999999999999998,2,500000,0.00035,0.0001,0.034674963810078091,0.19647755659404417,1.1084432188373056e-17,0.24347743344724632,0.052041283582143716,0.47334637115652789,2.36806810893752e-05,0.032356798636426133,0.10501103839557234,5.1859190102115481e-18,0.082823261381155783,0.38644935361573279,0.39335067411221591,8.8738588970190025e-06,0.2482124952436888,0.001674414550595058,5.3580955834709631e-10,0.0019411002861690709,3.0292346546474836e-05,0.42833024901212829,7.5356035930293342e-05,9.8647423578919672e-07,3.5638997775464248e-10,2.2295700074907131e-12,1.5684393643687624e-10,4.0236842506605494e-11,8.9596977689355952e-08,0.31973501536221866,0,0,0,0,0,0,0,3.2367923183222196e-11,9.1003987072266638e-14,-4.6965813973680581e-13,8.3587743991695601e-10,-1.7627826282007319e-14,-2.3658856473322137e-09,5.6078108831243977e-15,6.5113062511223951e-14,6.1310664225557976e-17,2.3737494763448545e-19,2.1678576044355055e-18,-1.0588695335815207e-18,-1.9176112608083691e-14,1.4979851523791508e-09,-9.8989500363182159e-08,5.4311227126735417e-08,-2.2983232417310091e-24,4.7044600282098963e-08,3.439983278230585e-07,-1.4687044241901148e-07,0,0.0080367342777491468,0.047867373731395289,2.7067551924148988e-18,0.059778559143318789,0.012491096100274646,0.11414502354548417,5.7468621513227801e-06,2.237013163032348e-05,-0.00020905581929496405,-7.1100842805526385e-20,-0.00075385445338450353,0.00043388208151748402,-0.00053847569012637777,-3.9062546464707763e-08
13,2,lumen,0.014210526315789474,0.0018750000000000001,0.013684210526315788,0.014736842105263159,0.0015,0.0022500000000000003,1000070.5686103647,1.5705346212154434,15.316130752507643,2612.228756066906,0.15523483329256607,1173,1173,4.2033861523565306e-05,0.21128372606953605,0.59999999999999998,2,500000,0.00035,0.0001,0.033586127947719265,0.19523918023968168,1.1853578146344341e-17,0.25303418293277907,0.049287517876591518,0.46890213329260622,2.3716913659879536e-05,0.032064422309899615,0.10675861522896719,5.6738218880704134e-18,0.088061638088854144,0.37445142275021509,0.3986548089724854,9.0926495784893496e-06,0.2448728154156051,0.001755264396770811,5.3214905054655657e-10,0.0019716523513288965,3.2283410893125184e-05,0.43084247521473729,7.7758690851152066e-05,9.6095981126888193e-07,3.5744567822872835e-10,2.1997927280740106e-12,1.5482770000740592e-10,4.0085830394531345e-11,9.3992183789164901e-08,0.32044669448111046,0,0,0,0,0,0,0,-2.1530919604520597e-11,3.2314469698416215e-13,-6.2843943726355536e-13,-6.3380907924336625e-10,1.8653698377613104e-15,1.7963092792741553e-09,-2.544872859758649e-13,-4.6683143462011856e-14,-1.0793695362267616e-16,1.3011171469417889e-18,-1.5061010944248072e-18,8.796784702340152e-19,-7.2459161945663173e-14,-1.1402922219864419e-09,-1.0011555526831875e-07,4.7773174027820886e-08,-8.2522163236764393e-24,5.0546817764180506e-08,3.5090634262213705e-07,-1.5002923708928861e-07,0,0.0078376871813465726,0.047968799510042945,2.9200933626665221e-18,0.062666373003040565,0.011927865075549604,0.114011561038365,5.8042868040700797e-06,2.9480203339435309e-05,-0.00032094870643564684,-1.2300308014879581e-19,-0.0011495420129791353,0.00065384384067345672,-0.00080757901068828717,-5.8543986653893785e-08
13,3,lumen,0.014210526315789474,0.0026250000000000002,0.013684210526315788,0.014736842105263159,0.0022500000000000003,0.0030000000000000001,1000049.189642185,1.6263800234805703,15.861084039200126,2541.056127441168,0.11481116378583557,1173,1173,4.2253658211979689e-05,0.20580207690690602,0.59999999999999998,2,500000,0.00035,0.0001,0.0320365219345966,0.19333646917813163,1.3178729369838235e-17,0.26699190352504454,0.045243502222976448,0.46187764620414945,2.3742828002930479e-05,0.031673251058300496,0.10947968530798183,6.532562474682141e-18,0.096225340716597607,0.35595783283053928,0.40665446362875146,9.4264578293555553e-06,0.23962671940074856,0.0018904405386452891,5.2758242305611315e-10,0.0020185854052266932,3.565340026544597e-05,0.4347182817756699,8.165194357362682e-05,9.217255360418828e-07,3.5869556520183244e-10,2.1584986644336912e-12,1.5208874670715823e-10,3.9958063218340762e-11,1.0121065444564466e-07,0.32162764351919659,0,0,0,0,0,0,0,-9.1756195819864416e-14,1.8406866902782715e-13,-4.973398199830493e-13,-8.1428564165503714e-11,-2.3347209582302852e-15,2.3466122708176718e-10,-1.6548163735225855e-13,-2.8538586424597945e-14,-5.29524583612635e-17,5.5767644804390251e-19,-9.8182228656375762e-19,6.0272939263740295e-19,-2.6911581766547875e-14,-1.5260422119223082e-10,-1.0216155668738708e-07,1.6886102460755836e-08,4.8721099135861968e-24,8.5041348116785189e-08,3.9152767015299128e-07,-1.8712199145731745e-07,0,0.0057475654905506813,0.036198794692219725,2.4735001414348882e-18,0.050382861199807644,0.0084005537320313243,0.08573092997152712,4.4311480689083218e-06,0,0,0,0,0,0,0
14,0,lumen,0.015263157894736843,0.00037500000000000001,0.014736842105263159,0.015789473684210527,0,0.00075000000000000002,1000059.5913680765,1.5387828332269904,15.006646433298204,2646.1736177290768,0.15738254710012006,1173,1173,4.1941052506942821e-05,0.21468992515595053,0.59999999999999998,2,500000,0.00035,0.0001,0.031809329979843579,0.19949962549836972,1.0922694386292887e-17,0.2456138790151732,0.052066479762818821,0.47061898315857764,2.3749313686554473e-05,0.029754495311826046,0.10688398227166861,5.1226018111778375e-18,0.083751974402771837,0.3875710579499495,0.39202956897358293,8.9210902009415e-06,0.247617032642966,0.0016575777592148944,4.9082047956328166e-10,0.001927134124648236,3.0522180711875894e-05,0.43018393832737256,7.4706037153481652e-05,1.0064776988952596e-06,3.6187193553977004e-10,2.1417995458335601e-12,1.451581806599614e-10,3.73559074535874e-11,9.0407276157562811e-08,0.31850799100560973,0,0,0,0,0,0,0,-1.3646590950349303e-10,1.1674348613441795e-12,1.3207552514957291e-11,-3.0690035249584333e-09,4.6445052664934039e-15,8.6997878718728106e-09,-2.8863771164324421e-13,1.7943112273766104e-13,-2.4305772424785117e-16,6.2155442200914275e-18,-1.4722322514522482e-17,5.7434385821338928e-18,-5.2342415324691915e-13,-5.5080651153272312e-09,-8.9858498252513852e-08,3.2792781712309704e-08,-2.5345893672780798e-23,4.8353060645920024e-08,3.179577524881072e-07,-1.3512952845573523e-07,0,0.007337143998266394,0.048717800621695569,2.6773279443028415e-18,0.06056073424483982,0.012499862818823586,0.1136154113852363,5.7722966937614144e-06,1.5131755544175746e-05,-0.00010995340000616171,-3.3660390630862481e-20,-0.00038182931704234982,0.0002174034262820778,-0.00026630085614403335,-1.9749121650869738e-08
14,1,lumen,0.015263157894736843,0.0011250000000000001,0.014736842105263159,0.015789473684210527,0.00075000000000000002,0.0015,1000059.2790883235,1.5571276499081823,15.185555028172441,2621.0886141720398,0.15627089452556114,1173,1173,4.2018286679333494e-05,0.21288187539798753,0.59999999999999998,2,500000,0.00035,0.0001,0.031226124426076463,0.19884018912955956,1.1279074243068291e-17,0.25038102268149709,0.050659692193472911,0.46817433308601408,2.3759523904792135e-05,0.029557191970874759,0.10780073665973375,5.3528033809911854e-18,0.086395391804857335,0.38159501166381982,0.39464263657261173,9.0313281026132552e-06,0.24595171582103098,0.0016964905977213042,4.8806391348742191e-10,0.0019419618611045319,3.150669465449846e-05,0.43146779454794071,7.5868041355413451e-05,9.9385502293569318e-07,3.62521045963304e-10,2.1238176375160226e-12,1.4389767600482233e-10,3.720065420405707e-11,9.26010052686428e-08,0.3188335749463575,0,0,0,0,0,0,0,6.991179171098663e-11,3.5469357244636099e-14,-5.9735334838212203e-12,1.4061492593417857e-09,-3.0912555501472205e-14,-3.9854058707725071e-09,4.263764114901922e-13,3.0182497126607366e-13,2.0327617130250118e-16,5.8876937886324948e-19,-3.1572566069163074e-18,1.337700531082222e-18,-1.472710068554942e-13,2.5147326996403184e-09,-9.013951168552331e-08,4.5516069635542777e-08,1.7079194037831162e-23,4.8614697664256474e-08,3.1901603958495173e-07,-1.4016631394442314e-07,0,0.0072355045096831163,0.048777249396850263,2.7789925688884667e-18,0.062018089994741246,0.012219931207955873,0.11356369370352903,5.8021891083956643e-06,2.897814021164413e-05,-0.00021401993753869425,-7.3557975811187667e-20,-0.00078593485323513821,0.0004345074859255956,-0.00052556112419295195,-3.9439904232780275e-08
14,2,lumen,0.015263157894736843,0.0018750000000000001,0.014736842105263159,0.015789473684210527,0.0015,0.0022500000000000003,1000058.6344743124,1.5929602314103277,15.535014644102814,2574.3926125513058,0.15402097110541979,1173,1173,4.2170619927892336e-05,0.20924243989417063,0.59999999999999998,2,500000,0.00035,0.0001,0.030129915435693124,0.19761203695644236,1.2072328860625469e-17,0.26036884690671613,0.047948929362516948,0.46364375060712193,2.3797309272653107e-05,0.029175882161632617,0.10960035301568435,5.8611102455854022e-18,0.091909242417778161,0.36948775784511523,0.39981751070376864,9.2538560210490543e-06,0.2425720987085864,0.0017791153503339079,4.8286900848088833e-10,0.0019719260306635023,3.359271809855968e-05,0.43400094261948585,7.8290689266964492e-05,9.6793279512055115e-07,3.6350814814042783e-10,2.08852749014102e-12,1.4147201662368364e-10,3.6918715925022283e-11,9.7153135339006061e-08,0.31956296777077808,0,0,0,0,0,0,0,1.1526691067063611e-11,1.0452491577782359e-13,-7.1807522481133312e-13,1.7474761851743611e-10,-1.4717177129752734e-14,-5.0349458933715563e-10,2.7634193774012463e-13,1.9951596798295501e-13,9.77259302912901e-17,1.1261345394440574e-18,-4.1508443227721071e-18,2.1837145146064792e-18,-1.5327061826553264e-13,3.1752574157555623e-10,-9.085952565541025e-08,3.9698261788956302e-08,-2.2962111205712813e-24,5.1665444916090143e-08,3.2424036450207083e-07,-1.427004496235007e-07,0,0.007036579258504541,0.048851623088351941,2.9994822598492646e-18,0.064994901589434592,0.011661260110156663,0.11339207366210322,5.8591168144495049e-06,3.9454436742647966e-05,-0.00032377925777223423,-1.2704808707915893e-19,-0.001195974503663628,0.00065224338459774845,-0.00078492743470142052,-5.8848589077696193e-08
14,3,lumen,0.015263157894736843,0.0026250000000000002,0.014736842105263159,0.015789473684210527,0.0022500000000000003,0.0030000000000000001,1000040.3416303216,1.6491635908051245,16.083420457231746,2505.0174032979744,0.11327935203679693,1173,1173,4.2391144347529692e-05,0.20372707212892122,0.59999999999999998,2,500000,0.00035,0.0001,0.028576676064489361,0.1956838832701468,1.3438099117124391e-17,0.27496663570721852,0.043983496225724207,0.45654672785537564,2.3825658601058435e-05,0.028648675211325372,0.11236223389281072,6.7545033516678004e-18,0.10048862763956617,0.35089536854037107,0.4075955027738753,9.5919420513462516e-06,0.23729246676460833,0.0019171218701332354,4.7594802772102012e-10,0.002017940272418685,3.7108392895714218e-05,0.4378667566528518,8.2213049271062199e-05,9.2793264430148992e-07,3.6455048901938804e-10,2.0383689064830669e-12,1.3810992262888057e-10,3.6582796260009074e-11,1.0458845892474534e-07,0.32078535945948822,0,0,0,0,0,0,0,-1.0931274549965538e-10,-1.6639482398798655e-13,3.4030048956348859e-12,-7.04939309260129e-10,9.7997781764447289e-15,2.1433478665944944e-09,3.2542467020994239e-13,6.9107696995529544e-14,2.4638547929677751e-17,8.7675415735526723e-19,-5.3933831333658276e-18,4.5981094878277786e-18,-8.3066161733778897e-14,-1.3326534323245075e-09,-9.2244298243674555e-08,4.7226800803379376e-09,-1.2275212563729513e-23,8.537487149352297e-08,3.62152109051328e-07,-1.7691084408522073e-07,0,0.0050161764819876067,0.035910504970848488,2.477781384779595e-18,0.050921601385239122,0.0080107230065180959,0.083102577323485777,4.3603527793749998e-06,0,0,0,0,0,0,0
15,0,lumen,0.016315789473684211,0.00037500000000000001,0.015789473684210527,0.016842105263157894,0,0.00075000000000000002,1000047.5259339382,1.5635633245615097,15.248496778812008,2603.9215848973213,0.15589997561901567,1173,1173,4.2095636843978061e-05,0.21230798100380155,0.59999999999999998,2,500000,0.00035,0.0001,0.028194910197942621,0.20219535606466552,1.1166698301114989e-17,0.25396795261067584,0.050454021270417232,0.46489293718875907,2.3819571737562743e-05,0.026798603586126155,0.11007408909827916,5.3214376859340403e-18,0.087996307739448096,0.38162102223217748,0.39350088566279467,9.0916811742905385e-06,0.24497906694799193,0.0016847340853222343,4.4074530257469225e-10,0.0019286094186675661,3.1947883534182012e-05,0.43373537170593013,7.5344390423677141e-05,1.0137520906820595e-06,3.686978365294826e-10,2.0298003479522456e-12,1.3152023095351507e-10,3.4167846355020691e-11,9.3900139576675504e-08,0.31756381693873886,0,0,0,0,0,0,0,2.952063001247433e-11,2.890909976629567e-12,9.0552721309977792e-12,-3.1798923051966495e-09,-1.5070410197548512e-17,8.3507295473104343e-09,-2.4241220922720146e-12,-2.2549648780179066e-13,-5.9718862628820276e-16,7.2485379349875041e-18,1.3340529295371531e-18,-7.1236642229382216e-18,-3.933304021687849e-13,-5.2092604815201937e-09,-8.0691909123704192e-08,2.4741383330972866e-08,1.2785951378242003e-23,4.7591360392655438e-08,2.8962686962619166e-07,-1.2509462088416967e-07,0,0.006614376485641173,0.049497897120090825,2.7605077377850445e-18,0.062755657754285654,0.012202737557202081,0.113133485045686,5.8274939589829521e-06,1.4786866925064397e-05,-0.00010411703139849542,-3.5306661988781993e-20,-0.00038923221776357539,0.00021533480571885282,-0.00026160075447225026,-1.9664027088935725e-08
15,1,lumen,0.016315789473684211,0.0011250000000000001,0.015789473684210527,0.016842105263157894,0.00075000000000000002,0.0015,1000047.2765451138,1.5817087225960338,15.425461826391574,2580.1433527064464,0.15481401983006429,1173,1173,4.2170902119845233e-05,0.21051310313583338,0.59999999999999998,2,500000,0.00035,0.0001,0.027669315849587282,0.20146339311640066,1.1543670372880759e-17,0.25883203955830764,0.049094320821045256,0.46255943860151261,2.3833074667178162e-05,0.026604249541867478,0.11094844269662112,5.56492426630788e-18,0.090722437357216662,0.37564611692343985,0.39606955107325836,9.202407596598169e-06,0.24333461186323829,0.0017246943169550969,4.3805427531166451e-10,0.0019434418726074533,3.2965490459375601e-05,0.43495582601677468,7.652528650000886e-05,1.0004382924104465e-06,3.6913184068603964e-10,2.010586958095601e-12,1.3027702142696713e-10,3.3999297596766306e-11,9.6129444350710573e-08,0.31793083761225527,0,0,0,0,0,0,0,1.0719307279473139e-11,1.4490587295101417e-12,2.1797550007824417e-12,-7.5092197415564126e-10,-8.9716645571003006e-15,1.9963780492019551e-09,-1.4984101774957901e-12,-3.0065771920717577e-13,-4.1827586744420044e-16,3.4141039128516968e-18,2.2402793867148427e-18,-3.2964545280849882e-18,-1.0624433017967841e-13,-1.2578895427486282e-09,-8.0944159387783682e-08,3.1041496317829598e-08,-4.907963278449956e-24,4.7904521559303254e-08,2.9072603942303932e-07,-1.280957153126927e-07,0,0.0065130391269082721,0.049542539694986835,2.8669481640588915e-18,0.06425922008227844,0.011925850998042171,0.1130629662472632,5.8572705985281311e-06,2.8243067577697619e-05,-0.00020074782150510706,-7.5954844701141026e-20,-0.00079928026917040816,0.00042966069322568481,-0.00051605308777167365,-3.926618401683265e-08
15,2,lumen,0.016315789473684211,0.0018750000000000001,0.015789473684210527,0.016842105263157894,0.0015,0.0022500000000000003,1000046.7615852567,1.6183179466739648,15.782497881726874,2534.0287106125743,0.15260929877394949,1173,1173,4.2319007602449553e-05,0.20690684753662725,0.59999999999999998,2,500000,0.00035,0.0001,0.026662569411175056,0.1999229723270434,1.235556236947674e-17,0.2687946425792927,0.046440146028309752,0.45790025243481425,2.3859620638282561e-05,0.026229629449184447,0.11264847865976806,6.0941820402466062e-18,0.096395075487450729,0.36356225511849471,0.40115513539243169,9.4258926704005336e-06,0.24000353774251915,0.001809534339251341,4.3299452278432809e-10,0.0019734499148846888,3.511702569317231e-05,0.43735098519651067,7.8987713275407306e-05,9.7312214928417175e-07,3.6965718899913533e-10,1.9728222943098498e-12,1.2789003176330044e-10,3.3690255018863751e-11,1.0074298467380964e-07,0.31874731323652666,0,0,0,0,0,0,0,1.8678290611906356e-11,6.9543559033063668e-13,2.966797867061287e-12,-9.0731580621042658e-10,4.2609145378680324e-15,2.3154707524172119e-09,-9.0540436932581308e-13,-2.531978533087953e-13,-2.5047978530769374e-16,1.5061280294935034e-18,2.4885048372604013e-18,-8.9075927832219899e-19,2.2035468730096961e-14,-1.4293630864684153e-09,-8.1571048310066785e-08,2.817988625780643e-08,1.7988185392168774e-24,5.1072951603231511e-08,2.9576836835937259e-07,-1.3173378682340697e-07,0,0.0063137599146248389,0.049583674135830327,3.0958603135280137e-18,0.067326494330962092,0.011373755452637163,0.11285065879094061,5.9136940577748536e-06,3.9066226152976881e-05,-0.00030155944304647604,-1.3129476852857407e-19,-0.0012148397361144946,0.00064348599353830573,-0.00076929813467306737,-5.8582696604474063e-08
15,3,lumen,0.016315789473684211,0.0026250000000000002,0.015789473684210527,0.016842105263157894,0.0022500000000000003,0.0030000000000000001,1000031.7578267592,1.6747515125122507,16.333106121791868,2466.9458299968833,0.10727219493034948,1173,1173,4.2533062598867571e-05,0.20145271504138546,0.59999999999999998,2,500000,0.00035,0.0001,0.025246896789267049,0.19762528143709429,1.3762751228711176e-17,0.28348413056934502,0.042589854341429402,0.45088108758150719,2.3885617336247937e-05,0.025703437293836881,0.11523865384009446,7.025078953258362e-18,0.10520976137683234,0.34505189021340504,0.40878649191105693,9.7653647744042338e-06,0.23480816988103118,0.0019511413011783867,4.2610854018730228e-10,0.0020195264845270381,3.8733550304560157e-05,0.44099349658410752,8.297192964745662e-05,9.3111568384021412e-07,3.6996531904215515e-10,1.9185572404165175e-12,1.2454844248571417e-10,3.3300203108703085e-11,1.0825519041833611e-07,0.32010491994248835,0,0,0,0,0,0,0,-6.6271514275407823e-12,5.0876388715088391e-13,-1.0510259259985321e-12,2.7036752602930737e-10,-6.9156919774160386e-15,-6.2761257237260726e-10,-8.2266807788269199e-13,-2.7692475049190257e-13,-2.2509592903454192e-16,1.003613380755664e-18,2.6418051862090882e-18,3.9049917173618394e-20,8.0946842026415278e-14,3.6544002517968032e-10,-8.2761163760266404e-08,-1.5643136785925549e-09,9.5470017002481255e-24,8.4954344223059785e-08,3.3324471018086887e-07,-1.6798696356179477e-07,0,0.0043643554439004835,0.035515410145998398,2.4939065863040036e-18,0.051427906144340632,0.00761605913774037,0.080586888241742607,4.2898773513916756e-06,0,0,0,0,0,0,0
16,0,lumen,0.017368421052631578,0.00037500000000000001,0.016842105263157894,0.017894736842105262,0,0.00075000000000000002,1000035.5264699165,1.5838313287834205,15.446343825717422,2571.9950513959716,0.15465869063262536,1173,1173,4.2214464433545583e-05,0.21028553546689621,0.59999999999999998,2,500000,0.00035,0.0001,0.025669509109658293,0.20336546446649945,1.1483182753600036e-17,0.26052845000084179,0.049075694967063585,0.46147483918616622,2.3926572582614742e-05,0.024714832858266377,0.1121475503900846,5.5432586107148784e-18,0.091440660208008201,0.3760119335056023,0.39567577202260218,9.2510154363467081e-06,0.24290960935923284,0.0017174721213143837,4.0603328227913506e-10,0.0019371645183667409,3.3181653468191132e-05,0.43610219718100596,7.6241473850018214e-05,1.0109694108723816e-06,3.7246526910805531e-10,1.9438036302504598e-12,1.2190583748390571e-10,3.1923488220694743e-11,9.680675586870038e-08,0.31722302498232369,0,0,0,0,0,0,0,-2.0630490997321161e-10,-1.2695141576757691e-12,4.3077493339666456e-12,-9.4906998031447114e-10,-7.5757542600252137e-15,3.3156453381477657e-09,1.9784727906575117e-12,4.3048745991536297e-13,2.8139479247241269e-16,2.0901843997983028e-18,-1.5722707121772842e-17,1.4318193829672125e-17,-3.0360541693130987e-13,-2.1654068540461288e-09,-7.4564742464679201e-08,1.9540622675506825e-08,-7.327982142037379e-24,5.1704047052393894e-08,2.7548763341378457e-07,-1.2531537907367607e-07,0,0.005932653603810842,0.050134905480995591,2.8626053806973799e-18,0.065095675629515279,0.011888117776677897,0.11265408301098243,5.8837412060199551e-06,1.8581324473753574e-05,-0.00010689551741594089,-3.680228118410536e-20,-0.00040698530493568842,0.00021617894094006775,-0.0002557105619402641,-2.003807755324373e-08
16,1,lumen,0.017368421052631578,0.0011250000000000001,0.016842105263157894,0.017894736842105262,0.00075000000000000002,0.0015,1000035.3400104195,1.6033444755925834,15.636649060192642,2546.7557987952814,0.15356176604069133,1173,1173,4.2290748053246696e-05,0.2084647379909122,0.59999999999999998,2,500000,0.00035,0.0001,0.025104789107222854,0.20250818447233232,1.1866574342404232e-17,0.26545929650709749,0.047698423772877509,0.45875487141874444,2.3925839159780498e-05,0.024468913357837734,0.1130506752020926,5.798908011090107e-18,0.094319204236567658,0.36996206014922395,0.39818978234963681,9.3647046411039315e-06,0.24123351743062066,0.0017587334877585425,4.0247008358566697e-10,0.0019517863582014794,3.4252526642124499e-05,0.43734360283102697,7.7442501783158693e-05,9.9756528820299892e-07,3.7287393495315886e-10,1.9219476666324842e-12,1.2043382407566498e-10,3.1687958070117871e-11,9.9123643238842522e-08,0.31759956724564764,0,0,0,0,0,0,0,-1.3145957580482673e-10,-1.5519597228788359e-12,6.143924844162638e-13,-2.605833839778699e-10,-2.2722709130951202e-15,1.1962304827251025e-09,1.7272349491626591e-12,1.6995823151622069e-13,1.6213546352040217e-16,3.0457964201372679e-19,-1.4473834951120321e-17,1.5002456256864469e-17,-8.9820886734174765e-14,-8.0505538369816529e-10,-7.4614472930951969e-08,2.1730485577631242e-08,-5.2284669104340473e-24,5.1687064348569674e-08,2.7559346420236164e-07,-1.2604025273477149e-07,0,0.005832158396067726,0.050166264168143702,2.9732650999296211e-18,0.066640079421472168,0.011614781491357008,0.11256530518446708,5.9131342114593221e-06,3.6471571487947375e-05,-0.00020613771625744236,-7.9446278732524994e-20,-0.0008360059189357179,0.00043054196626021973,-0.00050184888568536223,-3.9871153708536502e-08
16,2,lumen,0.017368421052631578,0.0018750000000000001,0.016842105263157894,0.017894736842105262,0.0015,0.0022500000000000003,1000034.9549277805,1.6409571015827149,16.003473109740529,2500.5412421162091,0.1513379879775085,1173,1173,4.244085171387094e-05,0.20481055754981042,0.59999999999999998,2,500000,0.00035,0.0001,0.024040939406253427,0.20094047609158455,1.2709694258243359e-17,0.27585476508712742,0.045066467919469666,0.45381367870976985,2.3948316593639856e-05,0.023981707119670771,0.11480705125991195,6.3566238607044555e-18,0.10031207969428149,0.35774801959336161,0.40314154893501136,9.593397762950396e-06,0.23784142482353432,0.0018462359581747361,3.9549262729665498e-10,0.0019812506756378607,3.6515338306014338e-05,0.43977930757393757,7.9942279534746222e-05,9.7012810230766282e-07,3.7334222103047042e-10,1.8784243413899869e-12,1.1754619300999735e-10,3.123109619899392e-11,1.0391295841151208e-07,0.31843424839032353,0,0,0,0,0,0,0,5.3616327761875554e-11,-9.6745046309318114e-13,1.7274780005126531e-12,-1.9649373139596849e-10,2.9750507613002242e-15,2.8967738255857023e-10,4.8521342717701827e-13,-2.4715125779284364e-13,-1.2354587328824772e-16,-8.9585041989609802e-19,-5.4112733698047304e-18,7.7684716988001318e-18,1.5308112825565509e-13,-1.4795385775229201e-10,-7.4781192681803998e-08,2.0479770990178281e-08,-1.5372724172404829e-24,5.4010108047799406e-08,2.7832129739779887e-07,-1.2859300047018962e-07,0,0.0056356777014634719,0.050174652287394594,3.2117381103064908e-18,0.069780225351543268,0.011070540529341413,0.11231683218552849,5.9684721017008783e-06,5.2023523882959725e-05,-0.00030652163846303188,-1.3699725112171388e-19,-0.001271449361250356,0.00064242141909855231,-0.0007426515918494143,-5.910523508619507e-08
16,3,lumen,0.017368421052631578,0.0026250000000000002,0.016842105263157894,0.017894736842105262,0.0022500000000000003,0.0030000000000000001,1000023.4351579332,1.6994511858188359,16.574128979101651,2432.5967652925233,0.10590138393943001,1173,1173,4.2657371796306065e-05,0.19930121203281465,0.59999999999999998,2,500000,0.00035,0.0001,0.022529912304572873,0.19849932506413198,1.4161815374682363e-17,0.29110865385428736,0.041247132338075247,0.44620777399185102,2.3955968071023802e-05,0.023275800811808273,0.11745638757149407,7.3354507968688747e-18,0.10963376527332172,0.33910480723677272,0.41051930045066765,9.9386559356292736e-06,0.23257332567990557,0.0019920517378819113,3.8552609160763489e-10,0.0020263142041558723,4.0306496014256053e-05,0.44345522988763009,8.3978086861296951e-05,9.2792202463150732e-07,3.7349307472613065e-10,1.8146651490238376e-12,1.1340532849245903e-10,3.0597624910364507e-11,1.1167567186007397e-07,0.31982775340501773,0,0,0,0,0,0,0,6.4168840447565715e-12,-3.5426024659288132e-13,6.5142650451045935e-13,-9.2938478797112447e-11,1.140483107259227e-14,2.7457203329549207e-10,-8.2740316895734516e-13,-7.7132180850703058e-13,-5.2406091483922296e-16,-4.1087341862988635e-19,4.2135360312047714e-19,4.9023540005243864e-18,3.652749611189058e-13,-1.8712517676012161e-10,-7.520193627498159e-08,-1.1075094008550224e-08,1.137886514763372e-23,8.60022019116831e-08,3.1160304569260999e-07,-1.6111051465150794e-07,0,0.0037919642342587288,0.034987434098305535,2.5211673048412214e-18,0.051890380461903425,0.0072341216796996911,0.078165009271531596,4.2187733093034629e-06,0,0,0,0,0,0,0
17,0,lumen,0.018421052631578949,0.00037500000000000001,0.017894736842105262,0.018947368421052629,0,0.00075000000000000002,1000023.6037166559,1.6147342203681616,15.747912589473387,2524.7996304205185,0.15287023932704805,1173,1173,4.2382112573166766e-05,0.20744286998547215,0.59999999999999998,2,500000,0.00035,0.0001,0.022207801501977337,0.20505367689909018,1.1874482225617424e-17,0.27021093743193869,0.047146833541460174,0.455214775372634,2.399232623814201e-05,0.021799321626722861,0.1152862327724738,5.8440623830951497e-18,0.09669063653793164,0.36828582017924943,0.39792853133527634,9.4575483458420329e-06,0.23996014221113832,0.0017602667465310973,3.5747618556819678e-10,0.0019446093677242902,3.4960197469611156e-05,0.4395784167151523,7.7333749979353712e-05,1.0102743817536781e-06,3.7823583121896211e-10,1.824778727056007e-12,1.0850468724604725e-10,2.876163446994465e-11,1.0094084157921026e-07,0.31664315892197886,0,0,0,0,0,0,0,1.2719561329183455e-10,1.7728768205302777e-12,1.3203417496110896e-11,-2.5713930932885161e-09,2.3391878711809255e-14,6.2003363166408115e-09,-3.4614568544654952e-12,-1.4261055444192428e-12,-1.1812798897208026e-15,3.1144497339512883e-18,7.7062353145205868e-18,5.1248953896525969e-19,3.9637443137847047e-13,-3.7666457871704398e-09,-6.5848265260381664e-08,1.2466765730856366e-08,-1.7999923105104008e-24,4.7168967345847711e-08,2.4461224547300819e-07,-1.1043279335432032e-07,0,0.0053304375697401044,0.050682601085448913,2.9728911651534982e-18,0.067333678888068141,0.011557507017933755,0.11227281375665479,5.9382367013182771e-06,1.650349568266645e-05,-9.7084503988008764e-05,-3.8099715643303387e-20,-0.00040806489800798495,0.00021026693385275312,-0.0002458796662769286,-1.9414024241623307e-08
17,1,lumen,0.018421052631578949,0.0011250000000000001,0.017894736842105262,0.018947368421052629,0.00075000000000000002,0.0015,1000023.47970518,1.6338181404323571,15.934033061739843,2501.3203409449238,0.15181953613832064,1173,1173,4.2454520291930135e-05,0.20566770147146066,0.59999999999999998,2,500000,0.00035,0.0001,0.021726339715560615,0.2041125406860366,1.2272733236178569e-17,0.27513722334093088,0.045842758856995541,0.45263513072002731,2.3991211393934537e-05,0.021578770512892493,0.11611338706201449,6.1114487512714144e-18,0.099617024091201628,0.36233136670076088,0.40034988275314187,9.5688799885392388e-06,0.23833073585144418,0.0018024892770410223,3.5433259549594651e-10,0.001959058649260569,3.6055668096510257e-05,0.4407253386738707,7.8545937812925381e-05,9.9634762189435091e-07,3.7836277303176083e-10,1.8027863616528824e-12,1.0715672522243981e-10,2.853700986743215e-11,1.032586673516784e-07,0.31706667546599288,0,0,0,0,0,0,0,1.8136171621932044e-10,2.7070706296397555e-12,1.9991209127160531e-11,-3.9052508229736724e-09,3.0946382609253753e-14,9.3685709474499584e-09,-4.2794342767986535e-12,-1.4483631308181977e-12,-1.2591314229563171e-15,4.198799456394144e-18,9.9255424673823366e-18,-5.4358485762239055e-18,3.3740500988536753e-13,-5.6620194646334753e-09,-6.5923022686976279e-08,9.162106295868e-09,-2.4006941548441109e-24,4.7373435410835596e-08,2.4499406497263676e-07,-1.0937146044387447e-07,0,0.0052332346096403285,0.05069065083510204,3.0890984896253027e-18,0.068914604926357606,0.011289276315539746,0.11216750703430305,5.9672038065271974e-06,3.0941029917916784e-05,-0.0001827884083037919,-8.2217702287905885e-20,-0.00083311516778612901,0.00041803714948810935,-0.0004843075340638351,-3.8600459020203356e-08
17,2,lumen,0.018421052631578949,0.0018750000000000001,0.017894736842105262,0.018947368421052629,0.0015,0.0022500000000000003,1000023.2235861579,1.670081070440147,16.287696377636383,2459.0921569245206,0.1496863820334304,1173,1173,4.2596095883791761e-05,0.20211710699984362,0.59999999999999998,2,500000,0.00035,0.0001,0.020843563098406709,0.20238113276837419,1.3151555368907324e-17,0.28552205228689181,0.043362447287851089,0.4481037789338625,2.4019042004196814e-05,0.021161480220342477,0.11768377162061394,6.6944353004074042e-18,0.10567148757682551,0.35033451171417701,0.40513895625568952,9.7926123515908026e-06,0.23504734790150905,0.0018921111811600602,3.485112719101387e-10,0.0019883756768465126,3.8360244619418199e-05,0.44294411083475377,8.1074853578447971e-05,9.67708992284759e-07,3.7819682591364825e-10,1.7596537538173186e-12,1.0460238337959806e-10,2.8122666706699501e-11,1.0802469994916787e-07,0.31800754271264775,0,0,0,0,0,0,0,7.1579841374271444e-12,4.2285872787686e-13,8.8992362716427928e-13,-1.4502284193048633e-10,1.2393298193247304e-14,5.4131130177229037e-10,-3.2486575174095982e-12,-2.0321342265178233e-12,-1.4864098421876861e-15,9.6394400870081995e-19,7.5789823402239177e-18,5.1682094228839261e-18,8.0756958557377719e-13,-4.0029719843263449e-10,-6.6159072664717655e-08,1.5249508267256573e-08,-1.2304508672300417e-24,5.0368576812113077e-08,2.4884079357495592e-07,-1.1638176294903602e-07,0,0.0050417943737942911,0.05064875096830946,3.3395244551786989e-18,0.072130052305077227,0.010755354942374109,0.11188308838233518,6.0216428172042348e-06,4.1565648678056093e-05,-0.00026514688151880653,-1.4175501416902748e-19,-0.0012579102945345999,0.00062260402820387415,-0.00072134514395346067,-5.7303749080528439e-08
17,3,lumen,0.018421052631578949,0.0026250000000000002,0.017894736842105262,0.018947368421052629,0.0022500000000000003,0.0030000000000000001,1000015.3716555539,1.7293270338454649,16.865633245867286,2392.8681072164159,0.099991913129156701,1173,1173,4.2798770330811434e-05,0.19678426506359539,0.59999999999999998,2,500000,0.00035,0.0001,0.019587875265820443,0.19928200796552156,1.464096366565879e-17,0.3001183177239764,0.039693075498653856,0.44042051833146484,2.3996845797223727e-05,0.020592278270842285,0.11999347586028168,7.7170174245599665e-18,0.11501478054714395,0.33206788380992891,0.41232145079840449,1.0130713398588414e-05,0.22996870271439915,0.0020416209105015739,3.4081142935299798e-10,0.0020336201949558669,4.2201700952350008e-05,0.44624709028742648,8.516969522341723e-05,9.2350645756184146e-07,3.7728442057864723e-10,1.6977414270404547e-12,1.0110546948624095e-10,2.7589302405046047e-11,1.1570598244607314e-07,0.31958055443561284,0,0,0,0,0,0,0,-4.5541764637528974e-12,1.3607423869356171e-12,-9.5991078520758338e-13,1.9175524414582929e-10,7.9298546895589794e-16,-2.3454201861922153e-10,-4.0803344774642102e-12,-2.0211811824905057e-12,-1.4961239476228265e-15,1.922361646347393e-18,1.0216249148303445e-17,-1.9169358811351479e-19,7.9234407157357371e-13,5.2249843030992254e-11,-6.6819261472419317e-08,-1.711602937159995e-08,1.2457054158398357e-23,8.4172022326683159e-08,2.8463670297823596e-07,-1.5118409368852781e-07,0,0.0032777591564726819,0.034412658083618271,2.5592475123093899e-18,0.052326750245874763,0.0068434557143355248,0.075865581075156008,4.1498364722050944e-06,0,0,0,0,0,0,0
18,0,lumen,0.019473684210526313,0.00037500000000000001,0.018947368421052629,0.019999999999999997,0,0.00075000000000000002,1000011.7545175723,1.6321651079120687,15.918098276138327,2500.587341625956,0.15185596211163144,1173,1173,4.2465640806407727e-05,0.20579186569862479,0.59999999999999998,2,500000,0.00035,0.0001,0.020736923267800817,0.20499963001325816,1.2220920386694241e-17,0.27488750076023694,0.045999441728632968,0.45300947850727336,2.4061706297758586e-05,0.020575477312322694,0.11650140153955872,6.0795615894825085e-18,0.099427077461053434,0.36320616770033626,0.40028028858734116,9.5873993877170882e-06,0.23836598549488694,0.001795942671493218,3.3749896287628808e-10,0.0019566356533241192,3.6043718612248951e-05,0.44103263009292215,7.8354619735685136e-05,1.0011979708765221e-06,3.7967883058211816e-10,1.7666659587231112e-12,1.0280058947445691e-10,2.7428051832911919e-11,1.0334977282815784e-07,0.316733302352109,0,0,0,0,0,0,0,2.4266104425318864e-10,2.1605493593239e-12,1.0865565894899384e-11,-1.8070505059415941e-09,1.7072714769694741e-14,3.6176088782577387e-09,-2.4239995989859524e-12,-3.2611240097235594e-13,-3.1019041918513936e-16,8.9665768678163869e-19,6.9494851761691456e-18,-9.0898866979824098e-18,6.2240793990040502e-14,-2.0635743671792669e-09,-6.2496869316849835e-08,2.8426777598511421e-10,5.9822430461709035e-24,5.8584374172045121e-08,2.4592237789222704e-07,-1.1926346937807253e-07,0,0.0047468354947369324,0.051015631050967986,3.1170309017321362e-18,0.069893503615841998,0.011217640839511199,0.11181895284179465,5.9949430144657508e-06,1.9946435355809056e-05,-9.8151124985609389e-05,-4.0633497264836276e-20,-0.00042851767206071069,0.00021408138574369192,-0.0002472651727748948,-2.0201625830991199e-08
18,1,lumen,0.019473684210526313,0.0011250000000000001,0.018947368421052629,0.019999999999999997,0.00075000000000000002,0.0015,1000011.6928894388,1.6519493199236108,16.11104974295796,2476.7283599879352,0.15077937850550654,1173,1173,4.253987127119524e-05,0.20397011344236737,0.59999999999999998,2,500000,0.00035,0.0001,0.020221605922835499,0.20400546894641361,1.2644402816652918e-17,0.2800558664611344,0.044684184916637719,0.45031104044770798,2.406262901428711e-05,0.020307380097568786,0.11734174430671672,6.3664792408617063e-18,0.1025243471872237,0.35709778071204468,0.40271904371113942,9.7039853065212281e-06,0.23668922094618142,0.0018404066193565272,3.3357497498940682e-10,0.0019713563144631188,3.720260375152138e-05,0.44219733127101257,7.9616465133686333e-05,9.8685742274619447e-07,3.79727411283605e-10,1.7421489467974628e-12,1.0124170865058482e-10,2.7145727305863706e-11,1.0577168135713328e-07,0.31718377230756511,0,0,0,0,0,0,0,-7.8207633544879487e-11,-4.1602872882812251e-12,-3.75720983398131e-12,6.6021552446006969e-10,3.3542613131487542e-14,-1.2251969532233592e-09,4.9006647522073134e-13,-2.1823614963778493e-12,-1.3224818442620788e-15,-5.6088719272770356e-18,-1.3055083405598077e-17,2.6442122701593901e-17,1.119002860595062e-12,6.5164720816434467e-10,-6.2389341492097988e-08,5.1273949530639129e-09,8.1303432252932384e-25,5.8491931819809315e-08,2.457091925478494e-07,-1.2154491069171769e-07,0,0.0046488482274729421,0.051008268622271008,3.2395635755116226e-18,0.071519948669251598,0.010952806211277416,0.11169456668672285,6.0237189001067397e-06,4.0731163790798904e-05,-0.0001880700845419896,-8.7818560283772171e-20,-0.00088250372457629889,0.00042613745323057312,-0.00048339515174482131,-4.0301060985042809e-08
18,2,lumen,0.019473684210526313,0.0018750000000000001,0.018947368421052629,0.019999999999999997,0.0015,0.0022500000000000003,1000011.565833432,1.6905041127277156,16.487067116878688,2432.4287696520137,0.14858821303429912,1173,1173,4.2686379605151455e-05,0.20031147404189376,0.59999999999999998,2,500000,0.00035,0.0001,0.01922264135910853,0.20211179470198551,1.3572354169727711e-17,0.29092955300232937,0.042157929622303039,0.44527221333722405,2.4083641820326628e-05,0.019754720329820515,0.11896575238716321,6.9931968913791202e-18,0.10899077612835829,0.34477213055136824,0.4075066814638878,9.9391394020173098e-06,0.23329159897631735,0.00193485960308433,3.2550537085631531e-10,0.0020009938642348529,3.9653295284622852e-05,0.44447969132169884,8.224529582827157e-05,9.5760016405953976e-07,3.7945643721054443e-10,1.6923838329958486e-12,9.8085960548487012e-11,2.6568762498279841e-11,1.1077637254886792e-07,0.31816988843570626,0,0,0,0,0,0,0,-3.266365885732147e-13,-4.2856103340146278e-12,3.9432939231950811e-13,-2.5383077308711876e-11,4.8494303191148891e-14,2.6862877590752565e-10,-7.8557514738227507e-13,-3.1260105181479814e-12,-1.9787902538656739e-15,-6.2670570639904034e-18,-7.315469842325949e-18,2.4338567009588623e-17,1.550973891715457e-12,-2.3671371834975144e-10,-6.2179428582560814e-08,1.7714794076084672e-09,4.9378669064551186e-25,6.014045463202217e-08,2.4667699326935688e-07,-1.2229376011863025e-07,0,0.0044561142196519422,0.050936168914118,3.5019930191411243e-18,0.074813037552940206,0.01042722519998775,0.11137012394832403,6.0771722162869231e-06,6.3171008124075423e-05,-0.00027819042397592012,-1.5147735690737397e-19,-0.0013542578213276341,0.0006343255526630498,-0.00070631146542085338,-5.9837957307118529e-08
18,3,lumen,0.019473684210526313,0.0026250000000000002,0.018947368421052629,0.019999999999999997,0.0022500000000000003,0.0030000000000000001,1000007.5595508275,1.7510095832217991,17.077230371739301,2366.4674254057422,0.09891887507166594,1173,1173,4.2899231448815256e-05,0.19479184615378908,0.59999999999999998,2,500000,0.00035,0.0001,0.017740218355933587,0.19912440741443743,1.5165238079989722e-17,0.30704054022020782,0.038485406221379047,0.43731976106946546,2.4083340556583601e-05,0.018883861853097057,0.12140283391832993,8.0936391128901148e-18,0.11914385782007715,0.32600404166292607,0.41455510995821537,1.0294787354338681e-05,0.22801172230423744,0.0020922694234030768,3.1274412761140441e-10,0.0020459965616823009,4.3756159488000727e-05,0.44792316554825778,8.6481642016305015e-05,9.1295154250726788e-07,3.7846446549619638e-10,1.6163648194563068e-12,9.3247279556303196e-11,2.5670037032880606e-11,1.1886725034024945e-07,0.31979557573037987,0,0,0,0,0,0,0,-2.2801822067094681e-10,-1.0704910422246165e-11,-2.3511390099475751e-11,4.1480449946379866e-09,8.5444563750758373e-14,-8.8934900236304487e-09,-1.5243068438875955e-12,-7.412343525428633e-12,-4.7859712348557281e-15,-1.3369768210707766e-17,-3.1949051896593815e-18,5.0282990491149488e-17,3.8667269874510363e-12,5.0126686131989291e-09,-6.1727317150284469e-08,-1.7837403720744049e-08,1.6766910125674404e-23,8.8485187270940248e-08,2.7384964843002457e-07,-1.5438319606042583e-07,0,0.0028323498231602011,0.03368387228455387,2.6072911347332935e-18,0.052747116515266167,0.0064930164872928926,0.073591409539339722,4.0778509653412978e-06,0,0,0,0,0,0,0
19,0,lumen,0.020526315789473684,0.00037500000000000001,0.019999999999999997,0.021052631578947371,0,0.00075000000000000002,1000000,1.675725800160784,16.3431269213139,2441.230157180084,0.14939902880853262,1173,1173,4.2674215816134357e-05,0.20190241509294959,0.59999999999999998,2,500000,0.00035,0.0001,0.016963376542540029,0.20526583492149605,1.293216762966989e-17,0.28807031475187123,0.043398946955524244,0.44548487243461499,2.4160135461400332e-05,0.017280721551378834,0.1197674256598171,6.6051646021439507e-18,0.10697742998597276,0.35182266783011024,0.4041418713141407,9.8836585802703966e-06,0.23457380353963683,0.0018717425296061996,2.8342084337184621e-10,0.0019752730013171027,3.8618633321207172e-05,0.44476035051760354,8.0371273310394682e-05,9.8734910956723066e-07,3.8410866089192854e-10,1.6176132880001742e-12,8.7623744176333031e-11,2.3797858876552748e-11,1.0898097311262733e-07,0.31669874339455345,0,0,0,0,0,0,0,-7.552932160461823e-10,-1.34698376934128e-11,-5.5398246658656747e-11,1.0328664368375772e-08,4.8187907657204487e-14,-2.2127263978564959e-08,-2.5479542234035974e-13,-8.3418970515947155e-12,-5.495232369172744e-15,-1.891464622108578e-17,-2.0506339068452972e-17,6.2550630475366088e-17,4.1804436966718901e-12,1.2627134629312099e-08,-5.2857475699987985e-08,3.0827442487613155e-08,5.231971067552894e-24,4.4216814244991302e-08,2.0332996846644802e-07,-1.0745719841720458e-07,0,0.0042468119718310675,0.051388672707136658,3.2375915357229174e-18,0.072118923868101925,0.010865004796267076,0.1115279428467886,6.0485335723834493e-06,1.8967997812604362e-05,-8.7227171591127399e-05,-4.2149458873440953e-20,-0.00042794420705744864,0.00020234354775039515,-0.00022441025305983532,-1.9091617787279005e-08
19,1,lumen,0.020526315789473684,0.0011250000000000001,0.019999999999999997,0.021052631578947371,0.00075000000000000002,0.0015,999999.99999999988,1.6938749448042187,16.520133072554447,2420.9431818243779,0.14839238295657473,1173,1173,4.2743250117068482e-05,0.20016256981524599,0.59999999999999998,2,500000,0.00035,0.0001,0.016530666299195373,0.20434736532011538,1.3378404311143457e-17,0.29338413159941334,0.042217340627422301,0.4431344857384818,2.4171724604740589e-05,0.017022303000729207,0.120522872835209,6.9070885529884998e-18,0.11013076632957203,0.34595043905474987,0.40636362328269221,9.9954970478961958e-06,0.23296508428606438,0.0019169175626893387,2.7961104193158647e-10,0.001989181511538428,3.980027767598746e-05,0.44582131892363708,8.1621244918091542e-05,9.7314294627990964e-07,3.8388058544037063e-10,1.5928707800816073e-12,8.6130811022094951e-11,2.3506920977349673e-11,1.1137405183617565e-07,0.31718499090175639,0,0,0,0,0,0,0,5.1328011779517368e-10,-4.3382004545049529e-12,4.1902032465727153e-11,-7.7588498321923725e-09,1.4144089545420346e-13,1.7705943756735759e-08,-4.66605865739102e-12,-5.6263472613532484e-12,-3.9272283606809219e-15,-4.4148842630172649e-18,3.9185891190661392e-18,2.5707978268779018e-17,2.9165764362578619e-12,-1.049069969810253e-08,-5.2784174961462149e-08,-8.4321455928737521e-09,-3.7274643257225816e-24,4.3471047010621996e-08,2.0144178249775768e-07,-8.8454150171113355e-08,0,0.0041551175254947101,0.051364373556534171,3.3627708169931383e-18,0.073744489474698652,0.010611672194321695,0.11138545987905371,6.0757597249106675e-06,3.5343427378553429e-05,-0.00016086835184127716,-8.9789737941409193e-20,-0.00086464498981410809,0.00039782817115328553,-0.00043451575472926065,-3.7355143257283189e-08
19,2,lumen,0.020526315789473684,0.0018750000000000001,0.019999999999999997,0.021052631578947371,0.0015,0.0022500000000000003,999999.99999999988,1.7319433998673299,16.891409562261213,2379.4074962957848,0.14636416836041349,1173,1173,4.2876799385831998e-05,0.19672019801147744,0.59999999999999998,2,500000,0.00035,0.0001,0.015705838601762407,0.20218500840881734,1.4315146628500814e-17,0.30375422992766393,0.039893567456158789,0.43800260718325856,2.4163429581474622e-05,0.016536417898219833,0.12192751818573942,7.5568161961944507e-18,0.11658608702714067,0.3342552513897189,0.41068450886875579,1.0216630425270235e-05,0.22975612165360162,0.0020117622676319503,2.7253429662751595e-10,0.0020170281246143784,4.2256402821353669e-05,0.44784616495730051,8.4199330217143368e-05,9.4432985330435999e-07,3.8300521566282566e-10,1.5447239260766979e-12,8.3318966494289414e-11,2.2963608084036864e-11,1.1623098677866454e-07,0.3182414059396062,0,0,0,0,0,0,0,-3.0438889919317938e-10,-9.0114530100400566e-12,-2.7674276690999005e-11,5.3653494832987132e-09,7.8037728189206401e-14,-1.1259059976877206e-08,-1.2995679862212849e-12,-4.8299537112883595e-12,-2.7652561748500409e-15,3.9542370572534158e-18,1.5769619881807265e-17,4.1540994969098838e-17,4.6123069396568298e-12,6.236227187127455e-09,-5.2477486857513064e-08,1.9633842940347535e-08,9.1633551978624533e-25,4.4130520465165817e-08,2.0179575248996384e-07,-1.0200024030959653e-07,0,0.0039813430024654315,0.05125277859034736,3.6288102981175989e-18,0.077000013081509402,0.010112798155020999,0.11103123235807348,6.1252954216004064e-06,4.222620017927192e-05,-0.00022193006980084656,-1.5123305843685597e-19,-0.0012680298366584246,0.00057894664392440262,-0.00063248540907872458,-5.3476565804263163e-08
19,3,lumen,0.020526315789473684,0.0026250000000000002,0.019999999999999997,0.021052631578947371,0.0022500000000000003,0.0030000000000000001,1000000,1.7882266516405627,17.440332498928981,2321.7096987727027,0.092972407073554864,1173,1173,4.3061928859658155e-05,0.19168120629869334,0.59999999999999998,2,500000,0.00035,0.0001,0.014669542827356115,0.19897550591160643,1.5906009352937939e-17,0.31859576229321573,0.036628714031816029,0.43076198097681662,2.4140630101680077e-05,0.015947248302460224,0.12389143099753751,8.6694822128355484e-18,0.12625635727109052,0.31687348795786563,0.41702093678229268,1.0538688753615877e-05,0.22491597737950575,0.0021665342035369415,2.6424945696284106e-10,0.0020592576926743997,4.6238698391732602e-05,0.45075515259711352,8.8287970863527163e-05,9.0068464326743286e-07,3.8097578595004382e-10,1.4791431236404249e-12,7.9808077556142026e-11,2.2320213914138789e-11,1.2383715980627493e-07,0.31996752618727831,0,0,0,0,0,0,0,4.4543701547002471e-10,-2.4700290967503414e-12,5.5718193914824457e-11,-1.0865179517728996e-08,2.112709963572601e-13,2.5325684680247915e-08,6.6539002929367859e-12,8.7180690184346377e-12,1.0229011080528467e-14,4.3595499582640694e-17,5.8625963934323726e-17,7.1571146475839131e-18,4.2012923810767236e-12,-1.4978985316343224e-08,-5.2669342894646684e-08,-4.8135502028756605e-08,1.1123731147769579e-23,7.5410301040679755e-08,2.3302290205751142e-07,-1.1715862452410519e-07,0,0.0024388956424224026,0.033080819220326844,2.6444652949148507e-18,0.052968373009018285,0.0060897338172762249,0.071616650272593813,4.0135182297927074e-06,0,0,0,0,0,0,0
