z, Pressure_0, Pressure_1, Pressure_2, Pressure_3, Pressure_4, Velocity_0, GasTemperature_0, SolidTemperature_0, CH4_0, CO_0, O2_0, CO2_0, H2_0, H2O_0, AR_0, H(s)_0, O(s)_0, CH4(s)_0, H2O(s)_0, CO2(s)_0, CO(s)_0, OH(s)_0, C(s)_0, HCO(s)_0, CH(s)_0, CH3(s)_0, CH2(s)_0, COOH(s)_0, Ni(s)_0, Velocity_1, GasTemperature_1, SolidTemperature_1, CH4_1, CO_1, O2_1, CO2_1, H2_1, H2O_1, AR_1, H(s)_1, O(s)_1, CH4(s)_1, H2O(s)_1, CO2(s)_1, CO(s)_1, OH(s)_1, C(s)_1, HCO(s)_1, CH(s)_1, CH3(s)_1, CH2(s)_1, COOH(s)_1, Ni(s)_1, Velocity_2, GasTemperature_2, SolidTemperature_2, CH4_2, CO_2, O2_2, CO2_2, H2_2, H2O_2, AR_2, H(s)_2, O(s)_2, CH4(s)_2, H2O(s)_2, CO2(s)_2, CO(s)_2, OH(s)_2, C(s)_2, HCO(s)_2, CH(s)_2, CH3(s)_2, CH2(s)_2, COOH(s)_2, Ni(s)_2, Velocity_3_3, GasTemperature_3_3, SolidTemperature_3_3, CH4_3_3, CO_3_3, O2_3_3, CO2_3_3, H2_3_3, H2O_3_3, AR_3_3, H(s)_3_3, O(s)_3_3, CH4(s)_3_3, H2O(s)_3_3, CO2(s)_3_3, CO(s)_3_3, OH(s)_3_3, C(s)_3_3, HCO(s)_3_3, CH(s)_3_3, CH3(s)_3_3, CH2(s)_3_3, COOH(s)_3_3, Ni(s)_3_3, Velocity_4_4, GasTemperature_4_4, SolidTemperature_4_4, CH4_4_4, CO_4_4, O2_4_4, CO2_4_4, H2_4_4, H2O_4_4, AR_4_4, H(s)_4_4, O(s)_4_4, CH4(s)_4_4, H2O(s)_4_4, CO2(s)_4_4, CO(s)_4_4, OH(s)_4_4, C(s)_4_4, HCO(s)_4_4, CH(s)_4_4, CH3(s)_4_4, CH2(s)_4_4, COOH(s)_4_4, Ni(s)_4_4, 
0.000526316, 1.00024e+06, 1.00024e+06, 1.00024e+06, 1.00193e+06, 1.00156e+06, 0.141892, 1173, 1173, 0.179949, 0.0331099, 9.95594e-17, 0.0817853, 0.0245824, 0.682993, 2.28443e-05, 0.2561, 0.00753475, 4.25256e-09, 0.00428363, 2.37954e-05, 0.260711, 0.000237454, 8.36745e-08, 6.43215e-11, 1.47497e-11, 1.22716e-09, 3.80139e-10, 4.93636e-08, 0.471109, 0.141787, 1173, 1173, 0.174973, 0.0320998, 9.82945e-17, 0.0798807, 0.0237045, 0.664057, 2.22202e-05, 0.25552, 0.00760564, 4.26389e-09, 0.00429471, 2.39854e-05, 0.260679, 0.000238877, 8.29683e-08, 6.40856e-11, 1.48422e-11, 1.23174e-09, 3.82328e-10, 4.95896e-08, 0.471638, 0.141221, 1173, 1173, 0.177031, 0.0320721, 1.06021e-16, 0.0821576, 0.0231352, 0.671535, 2.24704e-05, 0.253012, 0.00791825, 4.31317e-09, 0.00434221, 2.48248e-05, 0.260561, 0.00024508, 8.00079e-08, 6.30872e-11, 1.52498e-11, 1.25192e-09, 3.91971e-10, 5.05807e-08, 0.473897, 0.138884, 1173, 1173, 0.184131, 0.024786, 1.50653e-16, 0.0642064, 0.0193355, 0.678974, 2.21411e-05, 0.246438, 0.0100579, 4.84959e-09, 0.00474603, 2.50713e-05, 0.240841, 0.000288771, 5.54299e-08, 4.88904e-11, 1.86904e-11, 1.4535e-09, 4.75358e-10, 4.74111e-08, 0.497603, 0.137669, 1173, 1173, 0.192012, 0.0257268, 1.71299e-16, 0.0689554, 0.0192746, 0.708655, 2.31255e-05, 0.242787, 0.0105826, 4.89974e-09, 0.00479931, 2.63959e-05, 0.241449, 0.000297864, 5.32628e-08, 4.82005e-11, 1.93128e-11, 1.48073e-09, 4.89759e-10, 4.89382e-08, 0.500058, 
0.00157895, 1.00023e+06, 1.00023e+06, 1.00023e+06, 1.00185e+06, 1.00147e+06, 0.15051, 1173, 1173, 0.143062, 0.0651786, 3.55134e-17, 0.127238, 0.0381354, 0.618097, 2.26164e-05, 0.269126, 0.00379445, 2.78839e-09, 0.00319719, 2.25706e-05, 0.317065, 0.000145582, 2.31972e-07, 1.27135e-10, 8.00652e-12, 7.65922e-10, 2.10237e-10, 5.69415e-08, 0.406649, 0.15021, 1173, 1173, 0.143483, 0.0653715, 3.63249e-17, 0.128981, 0.0378602, 0.620303, 2.27117e-05, 0.2683, 0.00383942, 2.7969e-09, 0.00320894, 2.28856e-05, 0.317435, 0.000146711, 2.30186e-07, 1.27009e-10, 8.05849e-12, 7.68564e-10, 2.11509e-10, 5.75028e-08, 0.407047, 0.149082, 1173, 1173, 0.146045, 0.063985, 3.90814e-17, 0.130052, 0.0368816, 0.626772, 2.28676e-05, 0.266757, 0.00401191, 2.86759e-09, 0.00326605, 2.34028e-05, 0.315724, 0.000151299, 2.1882e-07, 1.23585e-10, 8.35094e-12, 7.89311e-10, 2.19034e-10, 5.80355e-08, 0.410066, 0.147719, 1173, 1173, 0.15841, 0.0517749, 4.83248e-17, 0.110366, 0.0340991, 0.646319, 2.28171e-05, 0.268203, 0.00466076, 3.2648e-09, 0.00353515, 2.21628e-05, 0.296276, 0.00016966, 1.66751e-07, 1.01319e-10, 9.79871e-12, 9.05942e-10, 2.57002e-10, 5.30625e-08, 0.427133, 0.144441, 1173, 1173, 0.160966, 0.0500189, 6.0321e-17, 0.117078, 0.0306704, 0.65473, 2.31544e-05, 0.260529, 0.00533773, 3.42249e-09, 0.00369452, 2.48737e-05, 0.295884, 0.00018561, 1.47615e-07, 9.6464e-11, 1.07228e-11, 9.57853e-10, 2.79584e-10, 5.68954e-08, 0.434344, 
0.00263158, 1.00022e+06, 1.00022e+06, 1.00021e+06, 1.00176e+06, 1.00138e+06, 0.155839, 1173, 1173, 0.121748, 0.0904926, 2.25374e-17, 0.148494, 0.0463335, 0.587465, 2.26905e-05, 0.271418, 0.00276442, 2.13312e-09, 0.00273159, 2.20449e-05, 0.344243, 0.000114859, 3.69831e-07, 1.71829e-10, 5.85181e-12, 5.81868e-10, 1.51905e-10, 6.02098e-08, 0.378705, 0.155342, 1173, 1173, 0.12264, 0.0904462, 2.31358e-17, 0.15019, 0.0460108, 0.590689, 2.28034e-05, 0.270734, 0.00280403, 2.14911e-09, 0.00274705, 2.23136e-05, 0.3442, 0.000116006, 3.65131e-07, 1.71035e-10, 5.90995e-12, 5.86249e-10, 1.53471e-10, 6.06829e-08, 0.379376, 0.154389, 1173, 1173, 0.125465, 0.0871196, 2.45929e-17, 0.148767, 0.0447862, 0.594589, 2.27909e-05, 0.270153, 0.0029251, 2.22954e-09, 0.00280408, 2.25382e-05, 0.341278, 0.000119707, 3.44901e-07, 1.65256e-10, 6.15905e-12, 6.08368e-10, 1.60353e-10, 6.06329e-08, 0.382697, 0.153377, 1173, 1173, 0.137392, 0.0724733, 2.86014e-17, 0.13034, 0.0424597, 0.610449, 2.26477e-05, 0.273451, 0.00327923, 2.54869e-09, 0.00300529, 2.11923e-05, 0.323933, 0.000131214, 2.76668e-07, 1.40318e-10, 7.09501e-12, 6.97319e-10, 1.86354e-10, 5.57501e-08, 0.39618, 0.145494, 1173, 1173, 0.139278, 0.068442, 3.90179e-17, 0.142323, 0.0359344, 0.615564, 2.29556e-05, 0.262582, 0.00399824, 2.75076e-09, 0.00322648, 2.53832e-05, 0.324595, 0.000150123, 2.33531e-07, 1.32387e-10, 8.05615e-12, 7.57147e-10, 2.10728e-10, 6.26677e-08, 0.405422, 
0.00368421, 1.0002e+06, 1.0002e+06, 1.0002e+06, 1.00166e+06, 1.0013e+06, 0.159522, 1173, 1173, 0.10694, 0.111653, 1.71303e-17, 0.161701, 0.0523145, 0.570015, 2.28789e-05, 0.271706, 0.00227207, 1.73884e-09, 0.00245972, 2.16959e-05, 0.361254, 9.88119e-05, 4.92638e-07, 2.05942e-10, 4.76456e-12, 4.75108e-10, 1.20621e-10, 6.20179e-08, 0.362187, 0.159119, 1173, 1173, 0.10781, 0.110892, 1.75232e-17, 0.162404, 0.0518545, 0.571703, 2.2907e-05, 0.27128, 0.00230409, 1.75911e-09, 0.00247561, 2.18797e-05, 0.360829, 9.98268e-05, 4.85242e-07, 2.04479e-10, 4.82148e-12, 4.80483e-10, 1.22273e-10, 6.23072e-08, 0.362989, 0.158105, 1173, 1173, 0.11135, 0.106502, 1.8439e-17, 0.15982, 0.0507914, 0.576359, 2.2881e-05, 0.271392, 0.00239274, 1.83992e-09, 0.00252744, 2.19017e-05, 0.357317, 0.000102788, 4.58556e-07, 1.97188e-10, 5.03189e-12, 5.02175e-10, 1.28443e-10, 6.18422e-08, 0.366245, 0.157692, 1173, 1173, 0.12329, 0.0914689, 2.09111e-17, 0.144091, 0.0490974, 0.593199, 2.28389e-05, 0.27512, 0.00262383, 2.10286e-09, 0.00268511, 2.06716e-05, 0.342235, 0.000110944, 3.81878e-07, 1.72065e-10, 5.70493e-12, 5.73795e-10, 1.48098e-10, 5.74546e-08, 0.377204, 0.146709, 1173, 1173, 0.123709, 0.0833773, 3.06642e-17, 0.159819, 0.0387958, 0.589489, 2.28914e-05, 0.261449, 0.00339695, 2.34242e-09, 0.00296224, 2.63017e-05, 0.343711, 0.000132589, 3.07348e-07, 1.6073e-10, 6.69344e-12, 6.4098e-10, 1.74157e-10, 6.74918e-08, 0.388322, 
0.00473684, 1.00019e+06, 1.00019e+06, 1.00019e+06, 1.00157e+06, 1.00121e+06, 0.16241, 1173, 1173, 0.0952914, 0.128564, 1.41196e-17, 0.169554, 0.0567077, 0.555512, 2.29466e-05, 0.271625, 0.00198086, 1.47319e-09, 0.00227916, 2.13567e-05, 0.372789, 8.88121e-05, 5.9981e-07, 2.32439e-10, 4.11796e-12, 4.04639e-10, 1.00945e-10, 6.29331e-08, 0.351215, 0.161972, 1173, 1173, 0.0963536, 0.127119, 1.43947e-17, 0.169368, 0.0562102, 0.55663, 2.29251e-05, 0.271465, 0.00200767, 1.49708e-09, 0.0022952, 2.14535e-05, 0.371983, 8.97252e-05, 5.89636e-07, 2.30239e-10, 4.17471e-12, 4.10901e-10, 1.02697e-10, 6.30154e-08, 0.352138, 0.161201, 1173, 1173, 0.0985832, 0.119631, 1.48017e-17, 0.162916, 0.0543037, 0.551615, 2.24771e-05, 0.272066, 0.00207828, 1.57808e-09, 0.00234336, 2.13364e-05, 0.368036, 9.2242e-05, 5.57347e-07, 2.21697e-10, 4.36138e-12, 4.32365e-10, 1.0846e-10, 6.22415e-08, 0.355363, 0.160882, 1173, 1173, 0.111083, 0.107184, 1.66922e-17, 0.152456, 0.0538501, 0.57575, 2.28287e-05, 0.275593, 0.00224233, 1.79492e-09, 0.00246893, 2.03097e-05, 0.355303, 9.83467e-05, 4.78958e-07, 1.98133e-10, 4.86426e-12, 4.90608e-10, 1.2381e-10, 5.85479e-08, 0.364274, 0.144887, 1173, 1173, 0.113092, 0.0977125, 2.68563e-17, 0.177637, 0.0409829, 0.579406, 2.32962e-05, 0.259087, 0.00306545, 2.05252e-09, 0.00279073, 2.74925e-05, 0.358288, 0.000122253, 3.70962e-07, 1.84476e-10, 5.83106e-12, 5.60375e-10, 1.50289e-10, 7.20769e-08, 0.376619, 
0.00578947, 1.00018e+06, 1.00018e+06, 1.00018e+06, 1.00147e+06, 1.00112e+06, 0.164693, 1173, 1173, 0.0845935, 0.141271, 1.2038e-17, 0.172881, 0.059495, 0.536913, 2.27025e-05, 0.271377, 0.00178256, 1.27378e-09, 0.00214555, 2.10579e-05, 0.381517, 8.17429e-05, 6.96771e-07, 2.54439e-10, 3.68092e-12, 3.52505e-10, 8.69074e-11, 6.34648e-08, 0.343074, 0.164425, 1173, 1173, 0.086335, 0.140229, 1.22869e-17, 0.173116, 0.0593976, 0.541114, 2.27952e-05, 0.271431, 0.00180448, 1.29902e-09, 0.0021607, 2.10846e-05, 0.380465, 8.2534e-05, 6.84629e-07, 2.51718e-10, 3.73423e-12, 3.59077e-10, 8.86395e-11, 6.33808e-08, 0.344034, 0.163672, 1173, 1173, 0.0897428, 0.133445, 1.27249e-17, 0.167904, 0.0581695, 0.54178, 2.2571e-05, 0.272302, 0.00186105, 1.37558e-09, 0.00220387, 2.08971e-05, 0.37647, 8.46507e-05, 6.49206e-07, 2.42677e-10, 3.89462e-12, 3.79184e-10, 9.38298e-11, 6.24708e-08, 0.347057, 0.163632, 1173, 1173, 0.099669, 0.119475, 1.3884e-17, 0.15655, 0.056971, 0.554797, 2.25435e-05, 0.275605, 0.00198863, 1.56355e-09, 0.00230974, 2.00202e-05, 0.365298, 8.95812e-05, 5.68997e-07, 2.20221e-10, 4.29614e-12, 4.29134e-10, 1.06613e-10, 5.9273e-08, 0.354688, 0.144372, 1173, 1173, 0.101719, 0.108126, 2.41406e-17, 0.189692, 0.0414445, 0.559402, 2.31947e-05, 0.256361, 0.0028595, 1.82934e-09, 0.00266991, 2.87831e-05, 0.369991, 0.000115491, 4.25995e-07, 2.04856e-10, 5.21671e-12, 4.99092e-10, 1.32892e-10, 7.64173e-08, 0.367974, 
0.00684211, 1.00017e+06, 1.00017e+06, 1.00017e+06, 1.00137e+06, 1.00103e+06, 0.166635, 1173, 1173, 0.0771117, 0.152511, 1.07226e-17, 0.176091, 0.0621912, 0.527285, 2.26958e-05, 0.271223, 0.00164608, 1.12882e-09, 0.00204846, 2.07641e-05, 0.387774, 7.67537e-05, 7.78335e-07, 2.7153e-10, 3.39035e-12, 3.15063e-10, 7.70751e-11, 6.36303e-08, 0.33721, 0.166312, 1173, 1173, 0.0787575, 0.150939, 1.09214e-17, 0.175626, 0.062025, 0.530323, 2.27337e-05, 0.271412, 0.00166475, 1.15432e-09, 0.00206276, 2.0749e-05, 0.386588, 7.74566e-05, 7.6479e-07, 2.68478e-10, 3.43984e-12, 3.21666e-10, 7.87537e-11, 6.34473e-08, 0.338174, 0.165687, 1173, 1173, 0.0810642, 0.141632, 1.10998e-17, 0.167717, 0.0599676, 0.52315, 2.21776e-05, 0.272435, 0.00171305, 1.2277e-09, 0.00210264, 2.05266e-05, 0.382592, 7.9328e-05, 7.26791e-07, 2.59088e-10, 3.58254e-12, 3.40808e-10, 8.35643e-11, 6.24717e-08, 0.341057, 0.16574, 1173, 1173, 0.0939877, 0.134968, 1.25296e-17, 0.165676, 0.0616945, 0.559377, 2.31962e-05, 0.275347, 0.00181384, 1.38725e-09, 0.00219111, 1.98129e-05, 0.37308, 8.3328e-05, 6.49498e-07, 2.3871e-10, 3.90104e-12, 3.82854e-10, 9.41004e-11, 5.98209e-08, 0.347464, 0.141369, 1173, 1173, 0.092725, 0.117155, 2.27449e-17, 0.202044, 0.0414204, 0.545705, 2.32593e-05, 0.253318, 0.00274365, 1.65738e-09, 0.00258859, 3.02556e-05, 0.379492, 0.000111391, 4.69938e-07, 2.21757e-10, 4.77342e-12, 4.52207e-10, 1.20119e-10, 8.07445e-08, 0.361715, 
0.00736842, 1.00016e+06, 1.00016e+06, 1.00016e+06, 1.00132e+06, 1.00099e+06, 0.167456, 1173, 1173, 0.0750845, 0.160644, 1.03876e-17, 0.180699, 0.0646081, 0.53271, 2.31152e-05, 0.271153, 0.00158875, 1.06552e-09, 0.00200621, 2.06193e-05, 0.390486, 7.46235e-05, 8.17219e-07, 2.79293e-10, 3.27115e-12, 2.98837e-10, 7.28842e-11, 6.36495e-08, 0.334669, 0.167246, 1173, 1173, 0.0744801, 0.154021, 1.02469e-17, 0.174556, 0.0624845, 0.519423, 2.2443e-05, 0.271404, 0.00160649, 1.09167e-09, 0.00202044, 2.0586e-05, 0.389216, 7.53048e-05, 8.02697e-07, 2.76018e-10, 3.32005e-12, 3.05595e-10, 7.45767e-11, 6.34189e-08, 0.335656, 0.166621, 1173, 1173, 0.0800909, 0.151058, 1.08422e-17, 0.174024, 0.0631132, 0.534632, 2.28503e-05, 0.272452, 0.00165044, 1.1617e-09, 0.00205798, 2.03599e-05, 0.38534, 7.70336e-05, 7.64542e-07, 2.66746e-10, 3.4516e-12, 3.23804e-10, 7.91022e-11, 6.24541e-08, 0.338401, 0.166691, 1173, 1173, 0.089514, 0.139535, 1.17624e-17, 0.166491, 0.0626347, 0.550524, 2.30398e-05, 0.275204, 0.00174283, 1.31161e-09, 0.00214075, 1.97123e-05, 0.376412, 8.07365e-05, 6.87608e-07, 2.47044e-10, 3.74146e-12, 3.6315e-10, 8.88779e-11, 6.00152e-08, 0.344399, 0.141238, 1173, 1173, 0.0874841, 0.119553, 2.19384e-17, 0.205043, 0.0407485, 0.532346, 2.29827e-05, 0.251849, 0.00270097, 1.58254e-09, 0.00255563, 3.09848e-05, 0.383652, 0.000109815, 4.8942e-07, 2.29349e-10, 4.5856e-12, 4.31869e-10, 1.14668e-10, 8.2808e-08, 0.359102, 
0.00763158, 1.00016e+06, 1.00016e+06, 1.00016e+06, 1.0013e+06, 1.00096e+06, 0.167912, 1173, 1173, 0.0734509, 0.163297, 1.0141e-17, 0.181411, 0.0652415, 0.530854, 2.31252e-05, 0.271111, 0.00156223, 1.03561e-09, 0.00198631, 2.05506e-05, 0.391775, 7.36302e-05, 8.36347e-07, 2.83042e-10, 3.21656e-12, 2.91196e-10, 7.09268e-11, 6.36554e-08, 0.33347, 0.167632, 1173, 1173, 0.0733722, 0.157496, 1.00754e-17, 0.176258, 0.063502, 0.520852, 2.25906e-05, 0.271392, 0.00157948, 1.06188e-09, 0.00200047, 2.05085e-05, 0.390467, 7.42989e-05, 8.21391e-07, 2.79669e-10, 3.26476e-12, 2.97978e-10, 7.26138e-11, 6.34021e-08, 0.334465, 0.167027, 1173, 1173, 0.0782441, 0.153158, 1.05473e-17, 0.174166, 0.0635824, 0.53119, 2.27936e-05, 0.272446, 0.00162173, 1.13066e-09, 0.00203706, 2.02825e-05, 0.386642, 7.59715e-05, 7.83039e-07, 2.70431e-10, 3.39187e-12, 3.15833e-10, 7.70293e-11, 6.24453e-08, 0.337155, 0.16716, 1173, 1173, 0.0878562, 0.14253, 1.14695e-17, 0.167792, 0.0634294, 0.549343, 2.30931e-05, 0.275126, 0.00171011, 1.27582e-09, 0.00211707, 1.96635e-05, 0.377989, 7.95316e-05, 7.06433e-07, 2.51074e-10, 3.66809e-12, 3.5386e-10, 8.64378e-11, 6.01011e-08, 0.342957, 0.139701, 1173, 1173, 0.088407, 0.125801, 2.24635e-17, 0.215248, 0.0420759, 0.547651, 2.38007e-05, 0.251069, 0.00268127, 1.54478e-09, 0.00253958, 3.13775e-05, 0.385761, 0.00010907, 4.99302e-07, 2.33236e-10, 4.4919e-12, 4.21621e-10, 1.11941e-10, 8.38999e-08, 0.357808, 
0.00789474, 1.00016e+06, 1.00016e+06, 1.00016e+06, 1.00127e+06, 1.00094e+06, 0.168264, 1173, 1173, 0.0709495, 0.163592, 9.78443e-18, 0.179604, 0.064966, 0.522027, 2.28246e-05, 0.271079, 0.0015376, 1.00772e-09, 0.00196769, 2.04813e-05, 0.392968, 7.27044e-05, 8.54676e-07, 2.8657e-10, 3.16667e-12, 2.84091e-10, 6.91138e-11, 6.36459e-08, 0.332354, 0.168087, 1173, 1173, 0.0726837, 0.161756, 9.90541e-18, 0.178841, 0.0648382, 0.525041, 2.28565e-05, 0.271378, 0.0015541, 1.03362e-09, 0.00198149, 2.04336e-05, 0.391658, 7.33493e-05, 8.39622e-07, 2.83182e-10, 3.2134e-12, 2.90772e-10, 7.07656e-11, 6.33814e-08, 0.333333, 0.167467, 1173, 1173, 0.075959, 0.154048, 1.01996e-17, 0.173037, 0.0635746, 0.524212, 2.25787e-05, 0.272444, 0.00159509, 1.10156e-09, 0.00201748, 2.02069e-05, 0.387857, 7.4982e-05, 8.00818e-07, 2.73918e-10, 3.33691e-12, 3.08379e-10, 7.50998e-11, 6.24272e-08, 0.335991, 0.167595, 1173, 1173, 0.0878323, 0.148148, 1.14116e-17, 0.17215, 0.0653782, 0.558318, 2.35717e-05, 0.275039, 0.00167948, 1.24165e-09, 0.0020946, 1.9619e-05, 0.379507, 7.83967e-05, 7.24916e-07, 2.54993e-10, 3.59938e-12, 3.45009e-10, 8.41275e-11, 6.01872e-08, 0.341581, 0.140089, 1173, 1173, 0.085337, 0.126121, 2.19835e-17, 0.215438, 0.0414361, 0.537786, 2.35195e-05, 0.250312, 0.00266489, 1.50997e-09, 0.00252534, 3.17643e-05, 0.387719, 0.000108431, 5.08339e-07, 2.36844e-10, 4.40631e-12, 4.12182e-10, 1.09446e-10, 8.49553e-08, 0.356638, 
0.00802632, 1.00015e+06, 1.00015e+06, 1.00015e+06, 1.00126e+06, 1.00093e+06, 0.168507, 1173, 1173, 0.0701659, 0.164721, 9.66973e-18, 0.179801, 0.065223, 0.5209, 2.28163e-05, 0.271063, 0.00152575, 9.94161e-10, 0.00195866, 2.04472e-05, 0.393547, 7.22573e-05, 8.63737e-07, 2.88298e-10, 3.14277e-12, 2.80644e-10, 6.82373e-11, 6.36398e-08, 0.331813, 0.168237, 1173, 1173, 0.0704734, 0.159616, 9.64618e-18, 0.175445, 0.0638023, 0.513458, 2.23925e-05, 0.271373, 0.00154197, 1.02008e-09, 0.00197237, 2.03963e-05, 0.392228, 7.28942e-05, 8.48547e-07, 2.84881e-10, 3.18916e-12, 2.87324e-10, 6.9884e-11, 6.33674e-08, 0.332791, 0.16765, 1173, 1173, 0.0765148, 0.157932, 1.02609e-17, 0.176331, 0.0649865, 0.532437, 2.29753e-05, 0.272439, 0.00158224, 1.08731e-09, 0.00200795, 2.01705e-05, 0.388453, 7.45027e-05, 8.09663e-07, 2.75641e-10, 3.31039e-12, 3.04736e-10, 7.41608e-11, 6.24194e-08, 0.335422, 0.167813, 1173, 1173, 0.0876557, 0.150692, 1.13366e-17, 0.174006, 0.0662322, 0.561781, 2.37676e-05, 0.274996, 0.00166488, 1.22516e-09, 0.0020838, 1.9597e-05, 0.380237, 7.78538e-05, 7.34e-07, 2.56899e-10, 3.56668e-12, 3.40745e-10, 8.30191e-11, 6.02267e-08, 0.34092, 0.138822, 1173, 1173, 0.0850105, 0.128035, 2.20641e-17, 0.218557, 0.0416914, 0.540419, 2.37091e-05, 0.249929, 0.00265728, 1.4928e-09, 0.00251847, 3.19618e-05, 0.388687, 0.000108129, 5.12785e-07, 2.38633e-10, 4.36428e-12, 4.07526e-10, 1.08219e-10, 8.54892e-08, 0.356068, 
0.00809211, 1.00015e+06, 1.00015e+06, 1.00015e+06, 1.00125e+06, 1.00093e+06, 0.168556, 1173, 1173, 0.0697346, 0.165174, 9.61241e-18, 0.179783, 0.0653082, 0.520012, 2.27977e-05, 0.271054, 0.00151994, 9.87493e-10, 0.00195422, 2.04303e-05, 0.393832, 7.20379e-05, 8.68236e-07, 2.89151e-10, 3.1311e-12, 2.78949e-10, 6.78072e-11, 6.36364e-08, 0.331546, 0.168385, 1173, 1173, 0.0699488, 0.15982, 9.56886e-18, 0.17516, 0.0637955, 0.511832, 2.23416e-05, 0.271369, 0.00153602, 1.01338e-09, 0.00196786, 2.0378e-05, 0.39251, 7.26701e-05, 8.52996e-07, 2.85725e-10, 3.17726e-12, 2.8562e-10, 6.94494e-11, 6.33606e-08, 0.332523, 0.167772, 1173, 1173, 0.0768474, 0.160009, 1.02971e-17, 0.178119, 0.0657455, 0.536959, 2.31918e-05, 0.272437, 0.00157594, 1.08031e-09, 0.00200325, 2.01526e-05, 0.388747, 7.42673e-05, 8.1406e-07, 2.76493e-10, 3.29745e-12, 3.02946e-10, 7.37004e-11, 6.24153e-08, 0.335142, 0.167917, 1173, 1173, 0.0882947, 0.153235, 1.14351e-17, 0.176393, 0.0672148, 0.568207, 2.40645e-05, 0.274974, 0.00165772, 1.21702e-09, 0.00207847, 1.95863e-05, 0.380599, 7.75867e-05, 7.38533e-07, 2.57846e-10, 3.55064e-12, 3.38641e-10, 8.24733e-11, 6.02465e-08, 0.340594, 0.139645, 1173, 1173, 0.0843341, 0.12821, 2.19675e-17, 0.218789, 0.0415644, 0.538458, 2.366e-05, 0.249738, 0.00265365, 1.48434e-09, 0.00251513, 3.20607e-05, 0.389164, 0.000107983, 5.14971e-07, 2.39516e-10, 4.34362e-12, 4.05233e-10, 1.07616e-10, 8.57554e-08, 0.355789, 
0.008125, 1.00015e+06, 1.00015e+06, 1.00015e+06, 1.00125e+06, 1.00092e+06, 0.168651, 1173, 1173, 0.0694324, 0.16519, 9.56364e-18, 0.179545, 0.0652676, 0.518912, 2.27595e-05, 0.27105, 0.00151707, 9.84187e-10, 0.00195202, 2.04219e-05, 0.393973, 7.19292e-05, 8.70476e-07, 2.89576e-10, 3.12534e-12, 2.78109e-10, 6.75942e-11, 6.36345e-08, 0.331414, 0.168385, 1173, 1173, 0.0695386, 0.159577, 9.46369e-18, 0.174641, 0.0636544, 0.509922, 2.22682e-05, 0.271367, 0.00153306, 1.01006e-09, 0.00196563, 2.03689e-05, 0.39265, 7.2559e-05, 8.55215e-07, 2.86145e-10, 3.17138e-12, 2.84776e-10, 6.92342e-11, 6.33572e-08, 0.33239, 0.1678, 1173, 1173, 0.0767673, 0.160537, 1.02739e-17, 0.178444, 0.0659151, 0.537503, 2.3226e-05, 0.272435, 0.00157282, 1.07684e-09, 0.00200092, 2.01437e-05, 0.388893, 7.41507e-05, 8.16251e-07, 2.76917e-10, 3.29107e-12, 3.0206e-10, 7.34726e-11, 6.24132e-08, 0.335003, 0.167971, 1173, 1173, 0.087812, 0.153117, 1.1312e-17, 0.175985, 0.0670959, 0.566257, 2.39945e-05, 0.274962, 0.00165417, 1.21299e-09, 0.00207583, 1.9581e-05, 0.380779, 7.74544e-05, 7.40795e-07, 2.58318e-10, 3.54273e-12, 3.376e-10, 8.22035e-11, 6.02563e-08, 0.340432, 0.138599, 1173, 1173, 0.0842942, 0.128749, 2.20015e-17, 0.219677, 0.0416472, 0.539379, 2.37189e-05, 0.249642, 0.00265187, 1.48013e-09, 0.00251348, 3.21104e-05, 0.389401, 0.000107912, 5.16057e-07, 2.39956e-10, 4.33336e-12, 4.04093e-10, 1.07316e-10, 8.58887e-08, 0.35565, 
0.00815789, 1.00015e+06, 1.00015e+06, 1.00015e+06, 1.00125e+06, 1.00092e+06, 0.168652, 1173, 1173, 0.0694635, 0.165996, 9.57516e-18, 0.180167, 0.0655396, 0.5203, 2.28305e-05, 0.271046, 0.00151421, 9.809e-10, 0.00194983, 2.04135e-05, 0.394114, 7.18211e-05, 8.72712e-07, 2.89998e-10, 3.11963e-12, 2.77275e-10, 6.73826e-11, 6.36327e-08, 0.331283, 0.168482, 1173, 1173, 0.0690498, 0.159145, 9.44192e-18, 0.173918, 0.0634385, 0.507423, 2.2169e-05, 0.271365, 0.00153013, 1.00676e-09, 0.0019634, 2.03598e-05, 0.39279, 7.24486e-05, 8.57429e-07, 2.86564e-10, 3.16556e-12, 2.83937e-10, 6.90205e-11, 6.33538e-08, 0.332258, 0.16787, 1173, 1173, 0.0764838, 0.160637, 1.02432e-17, 0.178293, 0.065909, 0.536617, 2.31983e-05, 0.272433, 0.00156973, 1.07339e-09, 0.00199861, 2.01349e-05, 0.389038, 7.4035e-05, 8.18434e-07, 2.77339e-10, 3.28473e-12, 3.01179e-10, 7.32463e-11, 6.24111e-08, 0.334865, 0.16802, 1173, 1173, 0.086161, 0.150941, 1.11512e-17, 0.173219, 0.0660776, 0.556745, 2.36036e-05, 0.274951, 0.00165067, 1.209e-09, 0.00207322, 1.95756e-05, 0.380956, 7.73238e-05, 7.43036e-07, 2.58784e-10, 3.53491e-12, 3.36569e-10, 8.19364e-11, 6.02656e-08, 0.340272, 0.139495, 1173, 1173, 0.0846155, 0.129844, 2.2123e-17, 0.221514, 0.0419088, 0.542619, 2.388e-05, 0.249546, 0.00265012, 1.47594e-09, 0.00251183, 3.21602e-05, 0.389638, 0.000107841, 5.17139e-07, 2.40394e-10, 4.32314e-12, 4.02956e-10, 1.07018e-10, 8.60223e-08, 0.355513, 
0.00816201, 1.00015e+06, 1.00015e+06, 1.00015e+06, 1.00124e+06, 1.00092e+06, 0.168706, 1173, 1173, 0.0696373, 0.166504, 9.59898e-18, 0.180686, 0.0657341, 0.521747, 2.28952e-05, 0.271046, 0.00151385, 9.8049e-10, 0.00194955, 2.04125e-05, 0.394131, 7.18076e-05, 8.72992e-07, 2.90051e-10, 3.11892e-12, 2.77171e-10, 6.73563e-11, 6.36324e-08, 0.331267, 0.168439, 1173, 1173, 0.0690675, 0.159272, 9.44405e-18, 0.174026, 0.0634837, 0.507688, 2.21818e-05, 0.271365, 0.00152977, 1.00635e-09, 0.00196312, 2.03587e-05, 0.392807, 7.24348e-05, 8.57705e-07, 2.86616e-10, 3.16483e-12, 2.83833e-10, 6.89939e-11, 6.33533e-08, 0.332241, 0.167854, 1173, 1173, 0.075977, 0.159659, 1.01749e-17, 0.177175, 0.0655018, 0.533199, 2.30519e-05, 0.272433, 0.00156935, 1.07296e-09, 0.00199832, 2.01338e-05, 0.389056, 7.40206e-05, 8.18706e-07, 2.77391e-10, 3.28394e-12, 3.01069e-10, 7.32181e-11, 6.24108e-08, 0.334848, 0.16803, 1173, 1173, 0.0867929, 0.152137, 1.12316e-17, 0.174558, 0.0665929, 0.560972, 2.37843e-05, 0.27495, 0.00165024, 1.2085e-09, 0.00207289, 1.95749e-05, 0.380978, 7.73075e-05, 7.43315e-07, 2.58843e-10, 3.53393e-12, 3.3644e-10, 8.19031e-11, 6.02668e-08, 0.340252, 0.138515, 1173, 1173, 0.0844316, 0.129637, 2.20802e-17, 0.221158, 0.0418305, 0.541587, 2.38369e-05, 0.249534, 0.0026499, 1.47541e-09, 0.00251163, 3.21665e-05, 0.389668, 0.000107832, 5.17274e-07, 2.40449e-10, 4.32186e-12, 4.02815e-10, 1.06981e-10, 8.6039e-08, 0.355495, 
0.00816612, 1.00015e+06, 1.00015e+06, 1.00015e+06, 1.00124e+06, 1.00092e+06, 0.168664, 1173, 1173, 0.0693654, 0.165945, 9.56138e-18, 0.180048, 0.0655077, 0.519853, 2.28134e-05, 0.271045, 0.0015135, 9.80081e-10, 0.00194928, 2.04114e-05, 0.394149, 7.17941e-05, 8.73271e-07, 2.90104e-10, 3.11821e-12, 2.77067e-10, 6.733e-11, 6.36322e-08, 0.33125, 0.168495, 1173, 1173, 0.0691216, 0.159483, 9.45119e-18, 0.174225, 0.0635624, 0.508221, 2.22064e-05, 0.271365, 0.0015294, 1.00594e-09, 0.00196285, 2.03576e-05, 0.392824, 7.2421e-05, 8.57982e-07, 2.86668e-10, 3.16411e-12, 2.83728e-10, 6.89673e-11, 6.33529e-08, 0.332225, 0.16788, 1173, 1173, 0.0752914, 0.158304, 1.00826e-17, 0.175639, 0.06494, 0.528524, 2.2851e-05, 0.272433, 0.00156897, 1.07253e-09, 0.00199804, 2.01327e-05, 0.389074, 7.40063e-05, 8.18977e-07, 2.77444e-10, 3.28316e-12, 3.0096e-10, 7.319e-11, 6.24106e-08, 0.334831, 0.168034, 1173, 1173, 0.0874034, 0.153297, 1.13095e-17, 0.175855, 0.0670923, 0.565062, 2.39592e-05, 0.274948, 0.0016498, 1.208e-09, 0.00207257, 1.95743e-05, 0.381, 7.72912e-05, 7.43596e-07, 2.58901e-10, 3.53296e-12, 3.36311e-10, 8.18697e-11, 6.0268e-08, 0.340232, 0.139477, 1173, 1173, 0.0843643, 0.129609, 2.20678e-17, 0.221106, 0.04181, 0.541303, 2.38267e-05, 0.249522, 0.00264969, 1.47489e-09, 0.00251142, 3.21727e-05, 0.389698, 0.000107823, 5.17409e-07, 2.40504e-10, 4.32059e-12, 4.02673e-10, 1.06944e-10, 8.60557e-08, 0.355478, 
0.00817023, 1.00015e+06, 1.00015e+06, 1.00015e+06, 1.00124e+06, 1.00092e+06, 0.168717, 1173, 1173, 0.0691535, 0.165529, 9.53211e-18, 0.179565, 0.0653378, 0.518409, 2.27513e-05, 0.271045, 0.00151314, 9.79672e-10, 0.00194901, 2.04104e-05, 0.394166, 7.17807e-05, 8.7355e-07, 2.90157e-10, 3.1175e-12, 2.76963e-10, 6.73037e-11, 6.3632e-08, 0.331234, 0.168452, 1173, 1173, 0.0693433, 0.160081, 9.48128e-18, 0.174848, 0.0637954, 0.509988, 2.22848e-05, 0.271364, 0.00152904, 1.00553e-09, 0.00196257, 2.03564e-05, 0.392842, 7.24073e-05, 8.58259e-07, 2.86721e-10, 3.16338e-12, 2.83624e-10, 6.89407e-11, 6.33525e-08, 0.332208, 0.167866, 1173, 1173, 0.0756807, 0.159208, 1.01343e-17, 0.17661, 0.0653052, 0.531393, 2.29763e-05, 0.272433, 0.00156858, 1.0721e-09, 0.00199775, 2.01316e-05, 0.389092, 7.3992e-05, 8.19248e-07, 2.77496e-10, 3.28237e-12, 3.0085e-10, 7.31618e-11, 6.24103e-08, 0.334814, 0.168044, 1173, 1173, 0.0874251, 0.153425, 1.13114e-17, 0.175968, 0.0671398, 0.565346, 2.39728e-05, 0.274947, 0.00164937, 1.2075e-09, 0.00207224, 1.95736e-05, 0.381022, 7.72749e-05, 7.43877e-07, 2.58959e-10, 3.53198e-12, 3.36183e-10, 8.18364e-11, 6.02692e-08, 0.340212, 0.138496, 1173, 1173, 0.0833956, 0.128195, 2.18196e-17, 0.218691, 0.0413426, 0.535234, 2.35619e-05, 0.24951, 0.00264947, 1.47437e-09, 0.00251122, 3.2179e-05, 0.389727, 0.000107815, 5.17543e-07, 2.40558e-10, 4.31932e-12, 4.02532e-10, 1.06907e-10, 8.60723e-08, 0.355461, 
0.00817434, 1.00015e+06, 1.00015e+06, 1.00015e+06, 1.00124e+06, 1.00092e+06, 0.168676, 1173, 1173, 0.0692277, 0.165798, 9.54227e-18, 0.179825, 0.0654382, 0.519109, 2.27833e-05, 0.271044, 0.00151279, 9.79264e-10, 0.00194874, 2.04093e-05, 0.394184, 7.17673e-05, 8.73829e-07, 2.90209e-10, 3.11679e-12, 2.76859e-10, 6.72774e-11, 6.36317e-08, 0.331218, 0.168506, 1173, 1173, 0.068756, 0.158812, 9.40077e-18, 0.17343, 0.0632839, 0.505804, 2.21032e-05, 0.271364, 0.00152867, 1.00512e-09, 0.00196229, 2.03553e-05, 0.392859, 7.23935e-05, 8.58536e-07, 2.86773e-10, 3.16266e-12, 2.8352e-10, 6.89141e-11, 6.33521e-08, 0.332192, 0.167894, 1173, 1173, 0.0758504, 0.159651, 1.01566e-17, 0.177069, 0.0654811, 0.532721, 2.30351e-05, 0.272433, 0.0015682, 1.07167e-09, 0.00199747, 2.01305e-05, 0.38911, 7.39777e-05, 8.19518e-07, 2.77548e-10, 3.28158e-12, 3.0074e-10, 7.31337e-11, 6.241e-08, 0.334797, 0.168047, 1173, 1173, 0.0872729, 0.153247, 1.12908e-17, 0.175731, 0.0670539, 0.564506, 2.39388e-05, 0.274945, 0.00164893, 1.207e-09, 0.00207192, 1.95729e-05, 0.381044, 7.72586e-05, 7.44158e-07, 2.59018e-10, 3.53101e-12, 3.36054e-10, 8.18032e-11, 6.02704e-08, 0.340192, 0.139458, 1173, 1173, 0.0843383, 0.12972, 2.20715e-17, 0.221288, 0.0418227, 0.541431, 2.3837e-05, 0.249498, 0.00264926, 1.47385e-09, 0.00251102, 3.21852e-05, 0.389757, 0.000107806, 5.17677e-07, 2.40613e-10, 4.31805e-12, 4.0239e-10, 1.06869e-10, 8.6089e-08, 0.355444, 
0.00817845, 1.00015e+06, 1.00015e+06, 1.00015e+06, 1.00124e+06, 1.00092e+06, 0.168729, 1173, 1173, 0.069235, 0.165907, 9.54322e-18, 0.179912, 0.0654753, 0.519308, 2.27932e-05, 0.271044, 0.00151243, 9.78856e-10, 0.00194846, 2.04083e-05, 0.394201, 7.17539e-05, 8.74108e-07, 2.90262e-10, 3.11608e-12, 2.76756e-10, 6.72511e-11, 6.36315e-08, 0.331201, 0.168463, 1173, 1173, 0.0685703, 0.158468, 9.37518e-18, 0.173024, 0.0631417, 0.504572, 2.20506e-05, 0.271364, 0.00152831, 1.00471e-09, 0.00196202, 2.03542e-05, 0.392877, 7.23798e-05, 8.58812e-07, 2.86825e-10, 3.16194e-12, 2.83415e-10, 6.88876e-11, 6.33517e-08, 0.332175, 0.167879, 1173, 1173, 0.075949, 0.159945, 1.01695e-17, 0.177362, 0.0655957, 0.533551, 2.30722e-05, 0.272432, 0.00156782, 1.07124e-09, 0.00199718, 2.01294e-05, 0.389128, 7.39634e-05, 8.19789e-07, 2.776e-10, 3.28079e-12, 3.00631e-10, 7.31056e-11, 6.24098e-08, 0.33478, 0.168057, 1173, 1173, 0.0874971, 0.153731, 1.1319e-17, 0.176252, 0.0672571, 0.566101, 2.40079e-05, 0.274944, 0.00164849, 1.2065e-09, 0.00207159, 1.95723e-05, 0.381066, 7.72423e-05, 7.44438e-07, 2.59076e-10, 3.53004e-12, 3.35926e-10, 8.17699e-11, 6.02716e-08, 0.340172, 0.138477, 1173, 1173, 0.0845265, 0.130085, 2.21261e-17, 0.221907, 0.0419289, 0.542788, 2.3899e-05, 0.249486, 0.00264904, 1.47333e-09, 0.00251081, 3.21914e-05, 0.389786, 0.000107797, 5.17812e-07, 2.40667e-10, 4.31678e-12, 4.02249e-10, 1.06832e-10, 8.61057e-08, 0.355427, 
0.00818257, 1.00015e+06, 1.00015e+06, 1.00015e+06, 1.00124e+06, 1.00092e+06, 0.168688, 1173, 1173, 0.0691048, 0.165686, 9.52524e-18, 0.179641, 0.0653825, 0.518475, 2.2758e-05, 0.271043, 0.00151208, 9.78448e-10, 0.00194819, 2.04073e-05, 0.394219, 7.17404e-05, 8.74386e-07, 2.90314e-10, 3.11537e-12, 2.76652e-10, 6.72249e-11, 6.36312e-08, 0.331185, 0.168518, 1173, 1173, 0.0684174, 0.158201, 9.35409e-18, 0.172701, 0.0630296, 0.503581, 2.20086e-05, 0.271364, 0.00152795, 1.0043e-09, 0.00196174, 2.03531e-05, 0.392894, 7.23661e-05, 8.59088e-07, 2.86877e-10, 3.16122e-12, 2.83311e-10, 6.88611e-11, 6.33512e-08, 0.332159, 0.167906, 1173, 1173, 0.0759441, 0.16002, 1.01684e-17, 0.177414, 0.065621, 0.533654, 2.3078e-05, 0.272432, 0.00156744, 1.07081e-09, 0.00199689, 2.01283e-05, 0.389146, 7.39491e-05, 8.2006e-07, 2.77653e-10, 3.28001e-12, 3.00521e-10, 7.30775e-11, 6.24095e-08, 0.334763, 0.16806, 1173, 1173, 0.0876133, 0.154025, 1.13333e-17, 0.176555, 0.0673774, 0.566997, 2.40475e-05, 0.274943, 0.00164806, 1.20601e-09, 0.00207126, 1.95716e-05, 0.381089, 7.7226e-05, 7.4472e-07, 2.59135e-10, 3.52907e-12, 3.35797e-10, 8.17367e-11, 6.02728e-08, 0.340152, 0.139439, 1173, 1173, 0.08353, 0.128626, 2.18705e-17, 0.219415, 0.0414472, 0.536535, 2.3626e-05, 0.249474, 0.00264883, 1.4728e-09, 0.00251061, 3.21977e-05, 0.389815, 0.000107788, 5.17946e-07, 2.40722e-10, 4.31551e-12, 4.02108e-10, 1.06795e-10, 8.61224e-08, 0.35541, 
0.00818668, 1.00015e+06, 1.00015e+06, 1.00015e+06, 1.00124e+06, 1.00092e+06, 0.168741, 1173, 1173, 0.0690141, 0.16556, 9.51271e-18, 0.179473, 0.0653268, 0.517938, 2.27356e-05, 0.271043, 0.00151173, 9.7804e-10, 0.00194792, 2.04062e-05, 0.394236, 7.1727e-05, 8.74665e-07, 2.90367e-10, 3.11467e-12, 2.76549e-10, 6.71987e-11, 6.3631e-08, 0.331169, 0.168474, 1173, 1173, 0.067953, 0.157212, 9.29042e-18, 0.171591, 0.0626303, 0.500297, 2.18663e-05, 0.271363, 0.00152758, 1.00389e-09, 0.00196146, 2.0352e-05, 0.392911, 7.23524e-05, 8.59364e-07, 2.86929e-10, 3.1605e-12, 2.83207e-10, 6.88346e-11, 6.33508e-08, 0.332143, 0.167892, 1173, 1173, 0.0760359, 0.1603, 1.01803e-17, 0.177692, 0.0657298, 0.534436, 2.31131e-05, 0.272432, 0.00156706, 1.07039e-09, 0.00199661, 2.01272e-05, 0.389163, 7.39348e-05, 8.20331e-07, 2.77705e-10, 3.27922e-12, 3.00412e-10, 7.30494e-11, 6.24092e-08, 0.334746, 0.16807, 1173, 1173, 0.0876983, 0.154264, 1.13436e-17, 0.176796, 0.0674738, 0.567691, 2.40785e-05, 0.274941, 0.00164762, 1.20551e-09, 0.00207094, 1.9571e-05, 0.381111, 7.72097e-05, 7.45001e-07, 2.59193e-10, 3.5281e-12, 3.35669e-10, 8.17035e-11, 6.0274e-08, 0.340132, 0.138458, 1173, 1173, 0.0837101, 0.128978, 2.19229e-17, 0.220012, 0.0415493, 0.537839, 2.36857e-05, 0.249463, 0.00264861, 1.47228e-09, 0.00251041, 3.22039e-05, 0.389845, 0.00010778, 5.1808e-07, 2.40776e-10, 4.31424e-12, 4.01966e-10, 1.06758e-10, 8.61391e-08, 0.355393, 
0.00819079, 1.00015e+06, 1.00015e+06, 1.00015e+06, 1.00124e+06, 1.00092e+06, 0.168699, 1173, 1173, 0.0690102, 0.165642, 9.51214e-18, 0.17953, 0.0653532, 0.518052, 2.27419e-05, 0.271042, 0.00151137, 9.77633e-10, 0.00194765, 2.04052e-05, 0.394254, 7.17137e-05, 8.74943e-07, 2.9042e-10, 3.11396e-12, 2.76445e-10, 6.71725e-11, 6.36308e-08, 0.331152, 0.16853, 1173, 1173, 0.0682186, 0.157912, 9.32658e-18, 0.172324, 0.0629037, 0.502387, 2.19588e-05, 0.271363, 0.00152722, 1.00348e-09, 0.00196119, 2.03508e-05, 0.392929, 7.23388e-05, 8.59639e-07, 2.86981e-10, 3.15978e-12, 2.83103e-10, 6.88081e-11, 6.33504e-08, 0.332126, 0.167917, 1173, 1173, 0.0751163, 0.158446, 1.00569e-17, 0.175605, 0.0649641, 0.528109, 2.28407e-05, 0.272432, 0.00156668, 1.06996e-09, 0.00199632, 2.01261e-05, 0.389181, 7.39206e-05, 8.20601e-07, 2.77757e-10, 3.27844e-12, 3.00303e-10, 7.30214e-11, 6.24089e-08, 0.334729, 0.168073, 1173, 1173, 0.0875324, 0.154063, 1.13214e-17, 0.176531, 0.0673772, 0.566762, 2.40407e-05, 0.27494, 0.00164719, 1.20501e-09, 0.00207061, 1.95703e-05, 0.381133, 7.71934e-05, 7.45282e-07, 2.59252e-10, 3.52713e-12, 3.35541e-10, 8.16704e-11, 6.02752e-08, 0.340112, 0.13942, 1173, 1173, 0.0839487, 0.129421, 2.19907e-17, 0.220764, 0.0416805, 0.53952, 2.3762e-05, 0.249451, 0.0026484, 1.47176e-09, 0.00251021, 3.22102e-05, 0.389874, 0.000107771, 5.18214e-07, 2.40831e-10, 4.31297e-12, 4.01825e-10, 1.06721e-10, 8.61558e-08, 0.355376, 
0.0081949, 1.00015e+06, 1.00015e+06, 1.00015e+06, 1.00124e+06, 1.00092e+06, 0.168752, 1173, 1173, 0.0688176, 0.16527, 9.48556e-18, 0.179096, 0.0652009, 0.516749, 2.2686e-05, 0.271041, 0.00151102, 9.77226e-10, 0.00194738, 2.04041e-05, 0.394271, 7.17003e-05, 8.75221e-07, 2.90472e-10, 3.11326e-12, 2.76342e-10, 6.71464e-11, 6.36305e-08, 0.331136, 0.168487, 1173, 1173, 0.0684243, 0.158473, 9.35454e-18, 0.172906, 0.0631221, 0.504036, 2.20321e-05, 0.271363, 0.00152686, 1.00307e-09, 0.00196091, 2.03497e-05, 0.392946, 7.23251e-05, 8.59915e-07, 2.87033e-10, 3.15906e-12, 2.82999e-10, 6.87817e-11, 6.335e-08, 0.33211, 0.167902, 1173, 1173, 0.0748531, 0.157976, 1.00213e-17, 0.175052, 0.0647655, 0.526394, 2.27678e-05, 0.272432, 0.0015663, 1.06953e-09, 0.00199604, 2.0125e-05, 0.389199, 7.39064e-05, 8.2087e-07, 2.77809e-10, 3.27765e-12, 3.00193e-10, 7.29934e-11, 6.24086e-08, 0.334712, 0.168083, 1173, 1173, 0.0879266, 0.154847, 1.13717e-17, 0.177396, 0.0677118, 0.569459, 2.41567e-05, 0.274938, 0.00164675, 1.20452e-09, 0.00207029, 1.95697e-05, 0.381155, 7.71772e-05, 7.45564e-07, 2.5931e-10, 3.52616e-12, 3.35413e-10, 8.16372e-11, 6.02764e-08, 0.340092, 0.138439, 1173, 1173, 0.083252, 0.128421, 2.18134e-17, 0.219055, 0.0413472, 0.535188, 2.35735e-05, 0.249439, 0.00264819, 1.47124e-09, 0.00251, 3.22164e-05, 0.389904, 0.000107762, 5.18348e-07, 2.40885e-10, 4.31171e-12, 4.01684e-10, 1.06684e-10, 8.61724e-08, 0.355359, 
0.00819901, 1.00015e+06, 1.00015e+06, 1.00015e+06, 1.00124e+06, 1.00092e+06, 0.168711, 1173, 1173, 0.0688051, 0.165331, 9.48382e-18, 0.17913, 0.0652192, 0.516799, 2.26894e-05, 0.271041, 0.00151067, 9.76819e-10, 0.00194711, 2.04031e-05, 0.394288, 7.1687e-05, 8.75499e-07, 2.90524e-10, 3.11255e-12, 2.76239e-10, 6.71202e-11, 6.36303e-08, 0.33112, 0.168543, 1173, 1173, 0.0687054, 0.159211, 9.39283e-18, 0.173679, 0.0634103, 0.506242, 2.21298e-05, 0.271363, 0.0015265, 1.00266e-09, 0.00196064, 2.03486e-05, 0.392963, 7.23114e-05, 8.60192e-07, 2.87085e-10, 3.15834e-12, 2.82895e-10, 6.87552e-11, 6.33496e-08, 0.332093, 0.167927, 1173, 1173, 0.0736541, 0.155529, 9.86044e-18, 0.172309, 0.0637567, 0.518097, 2.24101e-05, 0.272432, 0.00156592, 1.0691e-09, 0.00199576, 2.01239e-05, 0.389217, 7.38924e-05, 8.21137e-07, 2.7786e-10, 3.27687e-12, 3.00084e-10, 7.29654e-11, 6.24084e-08, 0.334695, 0.168087, 1173, 1173, 0.0883305, 0.155649, 1.14233e-17, 0.178281, 0.0680541, 0.572219, 2.42754e-05, 0.274937, 0.00164631, 1.20402e-09, 0.00206996, 1.9569e-05, 0.381178, 7.71608e-05, 7.45847e-07, 2.59369e-10, 3.5252e-12, 3.35285e-10, 8.16041e-11, 6.02776e-08, 0.340072, 0.139401, 1173, 1173, 0.0833434, 0.128636, 2.18427e-17, 0.219419, 0.0414052, 0.535922, 2.36082e-05, 0.249427, 0.00264798, 1.47072e-09, 0.0025098, 3.22226e-05, 0.389933, 0.000107754, 5.18482e-07, 2.4094e-10, 4.31044e-12, 4.01543e-10, 1.06647e-10, 8.61891e-08, 0.355342, 
0.00820313, 1.00015e+06, 1.00015e+06, 1.00015e+06, 1.00124e+06, 1.00092e+06, 0.168764, 1173, 1173, 0.0686138, 0.164962, 9.45744e-18, 0.178699, 0.0650679, 0.515505, 2.26338e-05, 0.27104, 0.00151032, 9.76413e-10, 0.00194684, 2.04021e-05, 0.394306, 7.16736e-05, 8.75777e-07, 2.90577e-10, 3.11185e-12, 2.76136e-10, 6.70941e-11, 6.363e-08, 0.331104, 0.1685, 1173, 1173, 0.0688477, 0.159627, 9.41206e-18, 0.174102, 0.0635705, 0.507426, 2.21828e-05, 0.271362, 0.00152613, 1.00226e-09, 0.00196036, 2.03475e-05, 0.392981, 7.22977e-05, 8.60468e-07, 2.87138e-10, 3.15763e-12, 2.82792e-10, 6.87288e-11, 6.33492e-08, 0.332077, 0.167914, 1173, 1173, 0.0749507, 0.158351, 1.00337e-17, 0.175404, 0.0649083, 0.527354, 2.28117e-05, 0.272431, 0.00156555, 1.06868e-09, 0.00199548, 2.01228e-05, 0.389234, 7.38783e-05, 8.21404e-07, 2.77912e-10, 3.27608e-12, 2.99975e-10, 7.29374e-11, 6.24081e-08, 0.334678, 0.168095, 1173, 1173, 0.0863422, 0.152234, 1.11655e-17, 0.174337, 0.0665528, 0.559481, 2.37366e-05, 0.274935, 0.00164588, 1.20353e-09, 0.00206963, 1.95684e-05, 0.3812, 7.71446e-05, 7.46128e-07, 2.59427e-10, 3.52424e-12, 3.35157e-10, 8.15711e-11, 6.02788e-08, 0.340052, 0.138421, 1173, 1173, 0.0830102, 0.128196, 2.17606e-17, 0.218665, 0.0412523, 0.533925, 2.35225e-05, 0.249415, 0.00264777, 1.4702e-09, 0.0025096, 3.22289e-05, 0.389962, 0.000107745, 5.18615e-07, 2.40994e-10, 4.30918e-12, 4.01403e-10, 1.0661e-10, 8.62058e-08, 0.355325, 
0.00820724, 1.00015e+06, 1.00015e+06, 1.00015e+06, 1.00124e+06, 1.00092e+06, 0.168723, 1173, 1173, 0.0685278, 0.164846, 9.44558e-18, 0.178542, 0.0650163, 0.515002, 2.26129e-05, 0.27104, 0.00150996, 9.76007e-10, 0.00194657, 2.0401e-05, 0.394323, 7.16603e-05, 8.76054e-07, 2.90629e-10, 3.11115e-12, 2.76033e-10, 6.7068e-11, 6.36298e-08, 0.331087, 0.168555, 1173, 1173, 0.0686592, 0.159276, 9.38609e-18, 0.173688, 0.0634253, 0.506171, 2.21292e-05, 0.271362, 0.00152577, 1.00185e-09, 0.00196008, 2.03464e-05, 0.392998, 7.2284e-05, 8.60745e-07, 2.8719e-10, 3.15691e-12, 2.82688e-10, 6.87025e-11, 6.33488e-08, 0.33206, 0.167944, 1173, 1173, 0.0764304, 0.161564, 1.02314e-17, 0.178931, 0.0662195, 0.537904, 2.32693e-05, 0.272431, 0.00156517, 1.06825e-09, 0.0019952, 2.01217e-05, 0.389252, 7.38641e-05, 8.21673e-07, 2.77963e-10, 3.2753e-12, 2.99866e-10, 7.29094e-11, 6.24078e-08, 0.334662, 0.168096, 1173, 1173, 0.0841701, 0.148491, 1.0884e-17, 0.170017, 0.0649082, 0.545545, 2.31468e-05, 0.274934, 0.00164545, 1.20303e-09, 0.00206931, 1.95677e-05, 0.381222, 7.71285e-05, 7.46406e-07, 2.59485e-10, 3.52327e-12, 3.35029e-10, 8.1538e-11, 6.028e-08, 0.340032, 0.139382, 1173, 1173, 0.0828736, 0.128059, 2.173e-17, 0.218428, 0.0411969, 0.533192, 2.34924e-05, 0.249403, 0.00264756, 1.46968e-09, 0.0025094, 3.22351e-05, 0.389992, 0.000107737, 5.18748e-07, 2.41048e-10, 4.30792e-12, 4.01262e-10, 1.06574e-10, 8.62224e-08, 0.355308, 
0.00821135, 1.00015e+06, 1.00015e+06, 1.00015e+06, 1.00124e+06, 1.00092e+06, 0.168776, 1173, 1173, 0.0685077, 0.164888, 9.4428e-18, 0.178556, 0.0650271, 0.514993, 2.26138e-05, 0.271039, 0.00150961, 9.75601e-10, 0.0019463, 2.04e-05, 0.39434, 7.1647e-05, 8.76331e-07, 2.90681e-10, 3.11045e-12, 2.7593e-10, 6.70419e-11, 6.36296e-08, 0.331071, 0.168513, 1173, 1173, 0.0688989, 0.159918, 9.41867e-18, 0.174358, 0.0636756, 0.508073, 2.22136e-05, 0.271362, 0.00152541, 1.00144e-09, 0.00195981, 2.03453e-05, 0.393016, 7.22703e-05, 8.61022e-07, 2.87242e-10, 3.1562e-12, 2.82585e-10, 6.86761e-11, 6.33484e-08, 0.332044, 0.16793, 1173, 1173, 0.0766127, 0.162036, 1.02555e-17, 0.179421, 0.0664072, 0.539326, 2.33321e-05, 0.272431, 0.00156479, 1.06782e-09, 0.00199491, 2.01206e-05, 0.38927, 7.38499e-05, 8.21943e-07, 2.78015e-10, 3.27452e-12, 2.99757e-10, 7.28815e-11, 6.24075e-08, 0.334645, 0.168106, 1173, 1173, 0.0848442, 0.149767, 1.09706e-17, 0.171446, 0.0654582, 0.550056, 2.33396e-05, 0.274932, 0.00164502, 1.20254e-09, 0.00206899, 1.95671e-05, 0.381244, 7.71125e-05, 7.46683e-07, 2.59543e-10, 3.5223e-12, 3.34902e-10, 8.1505e-11, 6.02812e-08, 0.340012, 0.138402, 1173, 1173, 0.0831633, 0.128581, 2.18113e-17, 0.219315, 0.0413536, 0.535203, 2.35833e-05, 0.249391, 0.00264735, 1.46916e-09, 0.0025092, 3.22414e-05, 0.390021, 0.000107728, 5.18881e-07, 2.41102e-10, 4.30665e-12, 4.01122e-10, 1.06537e-10, 8.62391e-08, 0.355291, 
0.00821546, 1.00015e+06, 1.00015e+06, 1.00015e+06, 1.00124e+06, 1.00092e+06, 0.168735, 1173, 1173, 0.0685708, 0.16513, 9.4515e-18, 0.178788, 0.0651171, 0.51561, 2.26421e-05, 0.271039, 0.00150926, 9.75196e-10, 0.00194603, 2.0399e-05, 0.394358, 7.16337e-05, 8.76608e-07, 2.90734e-10, 3.10974e-12, 2.75827e-10, 6.70159e-11, 6.36293e-08, 0.331055, 0.168568, 1173, 1173, 0.0692351, 0.160786, 9.46444e-18, 0.175272, 0.0640154, 0.510688, 2.23293e-05, 0.271361, 0.00152504, 1.00103e-09, 0.00195953, 2.03442e-05, 0.393033, 7.22566e-05, 8.613e-07, 2.87295e-10, 3.15549e-12, 2.82481e-10, 6.86498e-11, 6.3348e-08, 0.332028, 0.167957, 1173, 1173, 0.0767758, 0.162468, 1.0277e-17, 0.179867, 0.0665784, 0.540613, 2.33891e-05, 0.272431, 0.00156441, 1.0674e-09, 0.00199463, 2.01195e-05, 0.389288, 7.38357e-05, 8.22213e-07, 2.78067e-10, 3.27374e-12, 2.99648e-10, 7.28535e-11, 6.24072e-08, 0.334628, 0.16811, 1173, 1173, 0.0854902, 0.150995, 1.10535e-17, 0.172819, 0.0659868, 0.554386, 2.35248e-05, 0.274931, 0.00164459, 1.20204e-09, 0.00206867, 1.95664e-05, 0.381265, 7.70965e-05, 7.46961e-07, 2.596e-10, 3.52134e-12, 3.34774e-10, 8.1472e-11, 6.02824e-08, 0.339993, 0.139364, 1173, 1173, 0.0831044, 0.128565, 2.18011e-17, 0.219283, 0.0413369, 0.53497, 2.35753e-05, 0.249379, 0.00264714, 1.46865e-09, 0.002509, 3.22476e-05, 0.39005, 0.000107719, 5.19014e-07, 2.41157e-10, 4.30539e-12, 4.00981e-10, 1.065e-10, 8.62558e-08, 0.355274, 
0.00821957, 1.00015e+06, 1.00015e+06, 1.00015e+06, 1.00124e+06, 1.00092e+06, 0.168788, 1173, 1173, 0.0687177, 0.165575, 9.47174e-18, 0.179237, 0.0652866, 0.516858, 2.26981e-05, 0.271038, 0.00150891, 9.7479e-10, 0.00194576, 2.03979e-05, 0.394375, 7.16204e-05, 8.76886e-07, 2.90786e-10, 3.10904e-12, 2.75724e-10, 6.69899e-11, 6.36291e-08, 0.331039, 0.168525, 1173, 1173, 0.0687807, 0.159817, 9.40214e-18, 0.174185, 0.0636241, 0.50747, 2.21899e-05, 0.271361, 0.00152468, 1.00063e-09, 0.00195925, 2.0343e-05, 0.393051, 7.22429e-05, 8.61578e-07, 2.87347e-10, 3.15477e-12, 2.82378e-10, 6.86235e-11, 6.33476e-08, 0.332011, 0.167941, 1173, 1173, 0.0762294, 0.161399, 1.02035e-17, 0.17865, 0.0661343, 0.536903, 2.32299e-05, 0.272431, 0.00156403, 1.06697e-09, 0.00199435, 2.01184e-05, 0.389305, 7.38215e-05, 8.22483e-07, 2.78119e-10, 3.27296e-12, 2.9954e-10, 7.28256e-11, 6.24069e-08, 0.334611, 0.16812, 1173, 1173, 0.0858671, 0.151749, 1.11017e-17, 0.173649, 0.0663082, 0.556973, 2.36361e-05, 0.27493, 0.00164417, 1.20155e-09, 0.00206835, 1.95658e-05, 0.381287, 7.70805e-05, 7.47239e-07, 2.59658e-10, 3.52037e-12, 3.34646e-10, 8.1439e-11, 6.02836e-08, 0.339973, 0.138383, 1173, 1173, 0.0827601, 0.128106, 2.17161e-17, 0.218497, 0.0411781, 0.532899, 2.34863e-05, 0.249367, 0.00264693, 1.46813e-09, 0.0025088, 3.22538e-05, 0.390079, 0.000107711, 5.19147e-07, 2.41211e-10, 4.30413e-12, 4.00841e-10, 1.06463e-10, 8.62724e-08, 0.355257, 
0.00822368, 1.00015e+06, 1.00015e+06, 1.00015e+06, 1.00124e+06, 1.00092e+06, 0.168747, 1173, 1173, 0.0687297, 0.165695, 9.47339e-18, 0.179336, 0.0653281, 0.517092, 2.27096e-05, 0.271038, 0.00150856, 9.74386e-10, 0.00194549, 2.03969e-05, 0.394392, 7.16071e-05, 8.77163e-07, 2.90838e-10, 3.10834e-12, 2.75621e-10, 6.69639e-11, 6.36288e-08, 0.331023, 0.168579, 1173, 1173, 0.0683147, 0.15882, 9.33826e-18, 0.173067, 0.0632217, 0.504166, 2.20466e-05, 0.271361, 0.00152432, 1.00022e-09, 0.00195897, 2.03419e-05, 0.393068, 7.22292e-05, 8.61855e-07, 2.87399e-10, 3.15406e-12, 2.82274e-10, 6.85972e-11, 6.33472e-08, 0.331995, 0.167968, 1173, 1173, 0.0759523, 0.160898, 1.01661e-17, 0.178064, 0.0659235, 0.53509, 2.31527e-05, 0.272431, 0.00156365, 1.06654e-09, 0.00199406, 2.01173e-05, 0.389323, 7.38074e-05, 8.22752e-07, 2.78171e-10, 3.27218e-12, 2.99431e-10, 7.27978e-11, 6.24066e-08, 0.334594, 0.168124, 1173, 1173, 0.0864852, 0.15293, 1.1181e-17, 0.174967, 0.0668161, 0.561126, 2.38138e-05, 0.274928, 0.00164374, 1.20105e-09, 0.00206803, 1.95651e-05, 0.381309, 7.70644e-05, 7.47518e-07, 2.59716e-10, 3.51941e-12, 3.34519e-10, 8.14061e-11, 6.02848e-08, 0.339953, 0.139345, 1173, 1173, 0.0823561, 0.127554, 2.16153e-17, 0.217553, 0.0409896, 0.530443, 2.33803e-05, 0.249355, 0.00264672, 1.46761e-09, 0.0025086, 3.22601e-05, 0.390109, 0.000107702, 5.19279e-07, 2.41265e-10, 4.30287e-12, 4.007e-10, 1.06426e-10, 8.6289e-08, 0.355241, 
0.0082278, 1.00015e+06, 1.00015e+06, 1.00015e+06, 1.00124e+06, 1.00092e+06, 0.168799, 1173, 1173, 0.0682585, 0.164649, 9.40844e-18, 0.178173, 0.0649101, 0.513689, 2.25614e-05, 0.271037, 0.00150821, 9.73981e-10, 0.00194522, 2.03959e-05, 0.39441, 7.15939e-05, 8.7744e-07, 2.9089e-10, 3.10765e-12, 2.75518e-10, 6.69379e-11, 6.36286e-08, 0.331007, 0.168535, 1173, 1173, 0.067922, 0.157992, 9.2844e-18, 0.172135, 0.0628867, 0.501401, 2.1927e-05, 0.27136, 0.00152396, 9.99812e-10, 0.0019587, 2.03408e-05, 0.393085, 7.22155e-05, 8.62132e-07, 2.87451e-10, 3.15335e-12, 2.82171e-10, 6.85709e-11, 6.33468e-08, 0.331978, 0.167953, 1173, 1173, 0.0758128, 0.160689, 1.01471e-17, 0.1778, 0.0658319, 0.534245, 2.31173e-05, 0.27243, 0.00156328, 1.06612e-09, 0.00199378, 2.01162e-05, 0.389341, 7.37933e-05, 8.2302e-07, 2.78223e-10, 3.2714e-12, 2.99322e-10, 7.27699e-11, 6.24063e-08, 0.334577, 0.168134, 1173, 1173, 0.08637, 0.152815, 1.11655e-17, 0.174803, 0.0667578, 0.560522, 2.37897e-05, 0.274927, 0.00164331, 1.20056e-09, 0.00206771, 1.95645e-05, 0.381331, 7.70484e-05, 7.47797e-07, 2.59774e-10, 3.51845e-12, 3.34392e-10, 8.13732e-11, 6.0286e-08, 0.339933, 0.138364, 1173, 1173, 0.0828747, 0.128431, 2.17567e-17, 0.219045, 0.0412603, 0.533929, 2.35362e-05, 0.249343, 0.00264652, 1.46709e-09, 0.0025084, 3.22663e-05, 0.390138, 0.000107694, 5.19411e-07, 2.41318e-10, 4.30161e-12, 4.0056e-10, 1.0639e-10, 8.63057e-08, 0.355224, 
0.00823191, 1.00015e+06, 1.00015e+06, 1.00015e+06, 1.00124e+06, 1.00092e+06, 0.168758, 1173, 1173, 0.0684076, 0.165099, 9.42899e-18, 0.178629, 0.0650818, 0.514953, 2.26182e-05, 0.271037, 0.00150786, 9.73577e-10, 0.00194495, 2.03948e-05, 0.394427, 7.15807e-05, 8.77717e-07, 2.90942e-10, 3.10695e-12, 2.75416e-10, 6.69119e-11, 6.36283e-08, 0.330991, 0.16859, 1173, 1173, 0.067759, 0.157698, 9.26195e-18, 0.171784, 0.0627643, 0.500331, 2.18814e-05, 0.27136, 0.00152359, 9.99406e-10, 0.00195842, 2.03397e-05, 0.393103, 7.22019e-05, 8.62409e-07, 2.87504e-10, 3.15264e-12, 2.82068e-10, 6.85447e-11, 6.33464e-08, 0.331962, 0.167979, 1173, 1173, 0.0756109, 0.160346, 1.01197e-17, 0.177389, 0.065686, 0.53296, 2.3063e-05, 0.27243, 0.0015629, 1.06569e-09, 0.0019935, 2.01151e-05, 0.389358, 7.37792e-05, 8.23288e-07, 2.78274e-10, 3.27062e-12, 2.99214e-10, 7.27421e-11, 6.2406e-08, 0.33456, 0.168137, 1173, 1173, 0.086256, 0.152702, 1.11502e-17, 0.174641, 0.0667002, 0.559925, 2.37658e-05, 0.274925, 0.00164288, 1.20007e-09, 0.00206739, 1.95638e-05, 0.381353, 7.70323e-05, 7.48076e-07, 2.59832e-10, 3.51749e-12, 3.34264e-10, 8.13403e-11, 6.02872e-08, 0.339914, 0.139326, 1173, 1173, 0.0833621, 0.129261, 2.189e-17, 0.220458, 0.0415156, 0.537216, 2.36834e-05, 0.249331, 0.00264631, 1.46658e-09, 0.00250821, 3.22726e-05, 0.390167, 0.000107686, 5.19544e-07, 2.41372e-10, 4.30035e-12, 4.0042e-10, 1.06353e-10, 8.63223e-08, 0.355207, 
0.00823602, 1.00015e+06, 1.00015e+06, 1.00015e+06, 1.00124e+06, 1.00092e+06, 0.168812, 1173, 1173, 0.0686161, 0.165693, 9.45772e-18, 0.17924, 0.0653102, 0.516666, 2.26946e-05, 0.271036, 0.00150751, 9.73173e-10, 0.00194468, 2.03938e-05, 0.394444, 7.15674e-05, 8.77994e-07, 2.90995e-10, 3.10625e-12, 2.75313e-10, 6.6886e-11, 6.36281e-08, 0.330974, 0.168547, 1173, 1173, 0.0678127, 0.157908, 9.26911e-18, 0.171982, 0.0628425, 0.50086, 2.19058e-05, 0.27136, 0.00152323, 9.99001e-10, 0.00195815, 2.03386e-05, 0.39312, 7.21883e-05, 8.62685e-07, 2.87556e-10, 3.15193e-12, 2.81965e-10, 6.85185e-11, 6.3346e-08, 0.331945, 0.167965, 1173, 1173, 0.0756743, 0.160566, 1.01279e-17, 0.177601, 0.0657705, 0.533544, 2.30895e-05, 0.27243, 0.00156253, 1.06527e-09, 0.00199322, 2.0114e-05, 0.389376, 7.37652e-05, 8.23555e-07, 2.78326e-10, 3.26984e-12, 2.99105e-10, 7.27143e-11, 6.24056e-08, 0.334543, 0.168146, 1173, 1173, 0.0856856, 0.15178, 1.10759e-17, 0.173554, 0.0662895, 0.556364, 2.36162e-05, 0.274924, 0.00164245, 1.19958e-09, 0.00206707, 1.95632e-05, 0.381375, 7.70163e-05, 7.48354e-07, 2.5989e-10, 3.51653e-12, 3.34137e-10, 8.13074e-11, 6.02883e-08, 0.339894, 0.138346, 1173, 1173, 0.0832758, 0.129202, 2.18727e-17, 0.220353, 0.0414852, 0.536806, 2.36676e-05, 0.249319, 0.0026461, 1.46606e-09, 0.00250801, 3.22788e-05, 0.390196, 0.000107677, 5.19676e-07, 2.41426e-10, 4.2991e-12, 4.0028e-10, 1.06316e-10, 8.6339e-08, 0.35519, 
0.00824013, 1.00015e+06, 1.00015e+06, 1.00015e+06, 1.00124e+06, 1.00091e+06, 0.168771, 1173, 1173, 0.0688946, 0.166456, 9.4961e-18, 0.180035, 0.0656054, 0.518906, 2.27943e-05, 0.271036, 0.00150716, 9.72769e-10, 0.00194441, 2.03928e-05, 0.394462, 7.15542e-05, 8.78271e-07, 2.91047e-10, 3.10555e-12, 2.75211e-10, 6.68601e-11, 6.36278e-08, 0.330958, 0.168602, 1173, 1173, 0.0678574, 0.158097, 9.27505e-18, 0.172158, 0.0629124, 0.501323, 2.19273e-05, 0.271359, 0.00152287, 9.98595e-10, 0.00195787, 2.03375e-05, 0.393138, 7.21747e-05, 8.62962e-07, 2.87608e-10, 3.15122e-12, 2.81862e-10, 6.84923e-11, 6.33456e-08, 0.331929, 0.167992, 1173, 1173, 0.075805, 0.160929, 1.01451e-17, 0.17797, 0.0659136, 0.534603, 2.31366e-05, 0.27243, 0.00156215, 1.06484e-09, 0.00199294, 2.01129e-05, 0.389393, 7.37512e-05, 8.23823e-07, 2.78377e-10, 3.26906e-12, 2.98997e-10, 7.26865e-11, 6.24053e-08, 0.334527, 0.168149, 1173, 1173, 0.0853152, 0.151211, 1.10274e-17, 0.172871, 0.0660332, 0.554101, 2.35216e-05, 0.274923, 0.00164202, 1.19908e-09, 0.00206675, 1.95626e-05, 0.381397, 7.70004e-05, 7.48631e-07, 2.59947e-10, 3.51557e-12, 3.3401e-10, 8.12746e-11, 6.02895e-08, 0.339875, 0.139307, 1173, 1173, 0.0828295, 0.128583, 2.17608e-17, 0.219295, 0.0412754, 0.534076, 2.35494e-05, 0.249307, 0.0026459, 1.46554e-09, 0.00250781, 3.2285e-05, 0.390225, 0.000107669, 5.19807e-07, 2.4148e-10, 4.29784e-12, 4.0014e-10, 1.06279e-10, 8.63556e-08, 0.355173, 
0.00824424, 1.00015e+06, 1.00015e+06, 1.00015e+06, 1.00124e+06, 1.00091e+06, 0.168824, 1173, 1173, 0.0689518, 0.166685, 9.50399e-18, 0.180252, 0.06569, 0.51948, 2.28208e-05, 0.271035, 0.00150681, 9.72366e-10, 0.00194414, 2.03917e-05, 0.394479, 7.15409e-05, 8.78548e-07, 2.91099e-10, 3.10486e-12, 2.75109e-10, 6.68342e-11, 6.36276e-08, 0.330942, 0.16856, 1173, 1173, 0.0680973, 0.158742, 9.30766e-18, 0.172829, 0.0631633, 0.503228, 2.20119e-05, 0.271359, 0.00152251, 9.9819e-10, 0.0019576, 2.03364e-05, 0.393155, 7.2161e-05, 8.63239e-07, 2.8766e-10, 3.15052e-12, 2.81759e-10, 6.84661e-11, 6.33453e-08, 0.331913, 0.167977, 1173, 1173, 0.0757496, 0.160898, 1.01373e-17, 0.177903, 0.0658949, 0.534351, 2.31269e-05, 0.27243, 0.00156178, 1.06442e-09, 0.00199266, 2.01118e-05, 0.389411, 7.37372e-05, 8.2409e-07, 2.78428e-10, 3.26828e-12, 2.98888e-10, 7.26587e-11, 6.2405e-08, 0.33451, 0.168159, 1173, 1173, 0.0856367, 0.151869, 1.10684e-17, 0.17359, 0.0663124, 0.556332, 2.36177e-05, 0.274921, 0.0016416, 1.19859e-09, 0.00206643, 1.95619e-05, 0.381418, 7.69845e-05, 7.48907e-07, 2.60004e-10, 3.51462e-12, 3.33883e-10, 8.12418e-11, 6.02907e-08, 0.339855, 0.138327, 1173, 1173, 0.0828702, 0.128721, 2.17768e-17, 0.219525, 0.0413082, 0.534485, 2.35697e-05, 0.249295, 0.00264569, 1.46503e-09, 0.00250761, 3.22913e-05, 0.390254, 0.00010766, 5.19939e-07, 2.41534e-10, 4.29659e-12, 4.00001e-10, 1.06243e-10, 8.63722e-08, 0.355157, 
0.00824836, 1.00015e+06, 1.00015e+06, 1.00015e+06, 1.00124e+06, 1.00091e+06, 0.168783, 1173, 1173, 0.0688467, 0.166523, 9.4895e-18, 0.180044, 0.06562, 0.518832, 2.27935e-05, 0.271035, 0.00150646, 9.71963e-10, 0.00194387, 2.03907e-05, 0.394496, 7.15276e-05, 8.78826e-07, 2.91151e-10, 3.10416e-12, 2.75006e-10, 6.68083e-11, 6.36273e-08, 0.330926, 0.168615, 1173, 1173, 0.0680203, 0.158648, 9.29698e-18, 0.172696, 0.0631205, 0.502793, 2.19942e-05, 0.271358, 0.00152215, 9.97785e-10, 0.00195732, 2.03354e-05, 0.393172, 7.21474e-05, 8.63517e-07, 2.87712e-10, 3.14981e-12, 2.81656e-10, 6.844e-11, 6.33449e-08, 0.331896, 0.168004, 1173, 1173, 0.0756, 0.160666, 1.0117e-17, 0.177614, 0.0657943, 0.533433, 2.30884e-05, 0.27243, 0.0015614, 1.06399e-09, 0.00199238, 2.01107e-05, 0.389428, 7.37232e-05, 8.24356e-07, 2.78479e-10, 3.26751e-12, 2.9878e-10, 7.26309e-11, 6.24047e-08, 0.334493, 0.168162, 1173, 1173, 0.0858967, 0.152418, 1.11014e-17, 0.174185, 0.0665442, 0.558164, 2.3697e-05, 0.27492, 0.00164117, 1.1981e-09, 0.00206611, 1.95613e-05, 0.38144, 7.69686e-05, 7.49184e-07, 2.60062e-10, 3.51366e-12, 3.33756e-10, 8.1209e-11, 6.02918e-08, 0.339835, 0.139289, 1173, 1173, 0.0833249, 0.129501, 2.19017e-17, 0.220853, 0.0415475, 0.537564, 2.37078e-05, 0.249283, 0.00264549, 1.46451e-09, 0.00250742, 3.22975e-05, 0.390283, 0.000107652, 5.2007e-07, 2.41588e-10, 4.29533e-12, 3.99861e-10, 1.06206e-10, 8.63889e-08, 0.35514, 
0.00825247, 1.00015e+06, 1.00015e+06, 1.00015e+06, 1.00124e+06, 1.00091e+06, 0.168831, 1173, 1173, 0.0662321, 0.160286, 9.12912e-18, 0.173271, 0.0631569, 0.499266, 2.19351e-05, 0.271034, 0.00150612, 9.71561e-10, 0.00194361, 2.03897e-05, 0.394513, 7.15145e-05, 8.79101e-07, 2.91203e-10, 3.10347e-12, 2.74904e-10, 6.67825e-11, 6.36271e-08, 0.33091, 0.168574, 1173, 1173, 0.0692399, 0.16158, 9.46351e-18, 0.175856, 0.0642813, 0.511943, 2.23958e-05, 0.271358, 0.00152179, 9.9738e-10, 0.00195704, 2.03343e-05, 0.39319, 7.21337e-05, 8.63796e-07, 2.87765e-10, 3.14911e-12, 2.81554e-10, 6.84138e-11, 6.33445e-08, 0.33188, 0.16799, 1173, 1173, 0.0759909, 0.161582, 1.0169e-17, 0.178596, 0.0661641, 0.53633, 2.3215e-05, 0.27243, 0.00156103, 1.06357e-09, 0.0019921, 2.01096e-05, 0.389446, 7.37092e-05, 8.24623e-07, 2.78531e-10, 3.26673e-12, 2.98672e-10, 7.26032e-11, 6.24043e-08, 0.334477, 0.168171, 1173, 1173, 0.0855018, 0.151805, 1.10498e-17, 0.173452, 0.0662685, 0.55574, 2.35955e-05, 0.274918, 0.00164075, 1.19761e-09, 0.00206579, 1.95606e-05, 0.381462, 7.69527e-05, 7.49461e-07, 2.60119e-10, 3.5127e-12, 3.3363e-10, 8.11763e-11, 6.0293e-08, 0.339816, 0.138308, 1173, 1173, 0.0843006, 0.131093, 2.21636e-17, 0.223565, 0.0420468, 0.544008, 2.39942e-05, 0.249272, 0.00264529, 1.464e-09, 0.00250722, 3.23038e-05, 0.390312, 0.000107644, 5.20202e-07, 2.41641e-10, 4.29408e-12, 3.99721e-10, 1.0617e-10, 8.64055e-08, 0.355123, 
0.00825658, 1.00015e+06, 1.00015e+06, 1.00015e+06, 1.00124e+06, 1.00091e+06, 0.168795, 1173, 1173, 0.0688029, 0.166598, 9.48347e-18, 0.180064, 0.0656385, 0.518789, 2.27941e-05, 0.271034, 0.00150577, 9.71158e-10, 0.00194334, 2.03886e-05, 0.39453, 7.15014e-05, 8.79376e-07, 2.91255e-10, 3.10277e-12, 2.74802e-10, 6.67567e-11, 6.36268e-08, 0.330894, 0.168626, 1173, 1173, 0.0679228, 0.158592, 9.28333e-18, 0.172574, 0.063087, 0.502336, 2.19768e-05, 0.271358, 0.00152143, 9.96976e-10, 0.00195676, 2.03332e-05, 0.393208, 7.212e-05, 8.64075e-07, 2.87818e-10, 3.1484e-12, 2.81451e-10, 6.83878e-11, 6.33442e-08, 0.331863, 0.168017, 1173, 1173, 0.0760393, 0.161772, 1.01752e-17, 0.178773, 0.0662359, 0.536811, 2.3237e-05, 0.27243, 0.00156066, 1.06315e-09, 0.00199182, 2.01085e-05, 0.389463, 7.36953e-05, 8.24889e-07, 2.78582e-10, 3.26596e-12, 2.98564e-10, 7.25755e-11, 6.2404e-08, 0.33446, 0.168176, 1173, 1173, 0.087065, 0.15467, 1.12513e-17, 0.176692, 0.067511, 0.566046, 2.40346e-05, 0.274917, 0.00164032, 1.19712e-09, 0.00206547, 1.956e-05, 0.381484, 7.69368e-05, 7.49738e-07, 2.60177e-10, 3.51174e-12, 3.33503e-10, 8.11435e-11, 6.02942e-08, 0.339796, 0.13927, 1173, 1173, 0.0831034, 0.129306, 2.18542e-17, 0.220513, 0.0414622, 0.536429, 2.36622e-05, 0.24926, 0.00264508, 1.46348e-09, 0.00250703, 3.231e-05, 0.390341, 0.000107635, 5.20333e-07, 2.41695e-10, 4.29283e-12, 3.99582e-10, 1.06133e-10, 8.64221e-08, 0.355107, 
0.00826069, 1.00015e+06, 1.00015e+06, 1.00015e+06, 1.00124e+06, 1.00091e+06, 0.168849, 1173, 1173, 0.0697077, 0.168881, 9.60818e-18, 0.182499, 0.0665322, 0.525756, 2.31015e-05, 0.271033, 0.00150542, 9.70756e-10, 0.00194307, 2.03876e-05, 0.394548, 7.14881e-05, 8.79654e-07, 2.91307e-10, 3.10208e-12, 2.747e-10, 6.67308e-11, 6.36266e-08, 0.330878, 0.168585, 1173, 1173, 0.0684618, 0.159937, 9.35685e-18, 0.174006, 0.0636163, 0.506456, 2.21584e-05, 0.271357, 0.00152107, 9.96572e-10, 0.00195649, 2.03321e-05, 0.393225, 7.21063e-05, 8.64354e-07, 2.8787e-10, 3.1477e-12, 2.81348e-10, 6.83617e-11, 6.33438e-08, 0.331847, 0.167997, 1173, 1173, 0.0732607, 0.155943, 9.80311e-18, 0.1723, 0.0638441, 0.517329, 2.23948e-05, 0.27243, 0.00156029, 1.06272e-09, 0.00199155, 2.01074e-05, 0.38948, 7.36814e-05, 8.25153e-07, 2.78632e-10, 3.26518e-12, 2.98456e-10, 7.25478e-11, 6.24036e-08, 0.334443, 0.168186, 1173, 1173, 0.0868215, 0.154327, 1.12193e-17, 0.176267, 0.067353, 0.564607, 2.3975e-05, 0.274916, 0.0016399, 1.19663e-09, 0.00206515, 1.95593e-05, 0.381505, 7.69209e-05, 7.50016e-07, 2.60234e-10, 3.51079e-12, 3.33376e-10, 8.11108e-11, 6.02953e-08, 0.339777, 0.138289, 1173, 1173, 0.0844034, 0.131404, 2.22015e-17, 0.224087, 0.0421236, 0.54497, 2.40412e-05, 0.249248, 0.00264488, 1.46297e-09, 0.00250683, 3.23162e-05, 0.39037, 0.000107627, 5.20464e-07, 2.41749e-10, 4.29158e-12, 3.99442e-10, 1.06097e-10, 8.64387e-08, 0.35509, 
0.0082648, 1.00015e+06, 1.00015e+06, 1.00015e+06, 1.00123e+06, 1.00091e+06, 0.168806, 1173, 1173, 0.0687801, 0.166725, 9.48033e-18, 0.180138, 0.065677, 0.518903, 2.28016e-05, 0.271033, 0.00150507, 9.70355e-10, 0.0019428, 2.03866e-05, 0.394565, 7.14749e-05, 8.79932e-07, 2.91359e-10, 3.10139e-12, 2.74598e-10, 6.67051e-11, 6.36263e-08, 0.330862, 0.168626, 1173, 1173, 0.0611412, 0.142911, 8.35622e-18, 0.155456, 0.0568395, 0.452422, 1.97954e-05, 0.271357, 0.00152071, 9.96169e-10, 0.00195622, 2.0331e-05, 0.393242, 7.20929e-05, 8.64627e-07, 2.87922e-10, 3.147e-12, 2.81246e-10, 6.83357e-11, 6.33435e-08, 0.331831, 0.168028, 1173, 1173, 0.0755809, 0.160967, 1.01133e-17, 0.17782, 0.0658956, 0.533853, 2.31113e-05, 0.27243, 0.00155992, 1.0623e-09, 0.00199127, 2.01062e-05, 0.389498, 7.36677e-05, 8.25417e-07, 2.78683e-10, 3.2644e-12, 2.98348e-10, 7.25201e-11, 6.24033e-08, 0.334427, 0.168189, 1173, 1173, 0.0864245, 0.15371, 1.11674e-17, 0.175529, 0.0670757, 0.562169, 2.38729e-05, 0.274914, 0.00163947, 1.19614e-09, 0.00206484, 1.95586e-05, 0.381527, 7.6905e-05, 7.50293e-07, 2.60292e-10, 3.50984e-12, 3.3325e-10, 8.10781e-11, 6.02965e-08, 0.339757, 0.139251, 1173, 1173, 0.0830989, 0.129447, 2.18637e-17, 0.220747, 0.0414851, 0.536694, 2.36784e-05, 0.249236, 0.00264468, 1.46245e-09, 0.00250664, 3.23225e-05, 0.390399, 0.000107619, 5.20594e-07, 2.41802e-10, 4.29033e-12, 3.99303e-10, 1.0606e-10, 8.64553e-08, 0.355073, 
0.00826891, 1.00015e+06, 1.00015e+06, 1.00015e+06, 1.00123e+06, 1.00091e+06, 0.168866, 1173, 1173, 0.0722226, 0.175166, 9.95483e-18, 0.189225, 0.0689958, 0.545024, 2.39508e-05, 0.271032, 0.00150472, 9.69953e-10, 0.00194253, 2.03856e-05, 0.394583, 7.14615e-05, 8.80212e-07, 2.91412e-10, 3.1007e-12, 2.74496e-10, 6.66793e-11, 6.36261e-08, 0.330845, 0.168592, 1173, 1173, 0.0653679, 0.152872, 8.93377e-18, 0.166262, 0.0607962, 0.483827, 2.11706e-05, 0.271356, 0.00152036, 9.95765e-10, 0.00195595, 2.03299e-05, 0.393259, 7.20796e-05, 8.64898e-07, 2.87973e-10, 3.14629e-12, 2.81143e-10, 6.83096e-11, 6.33431e-08, 0.331815, 0.168013, 1173, 1173, 0.0758317, 0.161587, 1.01465e-17, 0.178472, 0.0661438, 0.535763, 2.31952e-05, 0.27243, 0.00155955, 1.06188e-09, 0.001991, 2.01051e-05, 0.389515, 7.36538e-05, 8.25681e-07, 2.78734e-10, 3.26363e-12, 2.9824e-10, 7.24924e-11, 6.24029e-08, 0.33441, 0.168198, 1173, 1173, 0.0862566, 0.1535, 1.11451e-17, 0.175256, 0.066976, 0.56122, 2.38341e-05, 0.274913, 0.00163905, 1.19565e-09, 0.00206452, 1.9558e-05, 0.381549, 7.68892e-05, 7.50569e-07, 2.60349e-10, 3.50889e-12, 3.33123e-10, 8.10455e-11, 6.02976e-08, 0.339738, 0.13827, 1173, 1173, 0.0808182, 0.125966, 2.12688e-17, 0.214807, 0.0403587, 0.522107, 2.30369e-05, 0.249224, 0.00264449, 1.46194e-09, 0.00250644, 3.23287e-05, 0.390427, 0.000107611, 5.20724e-07, 2.41855e-10, 4.28908e-12, 3.99164e-10, 1.06024e-10, 8.64719e-08, 0.355057, 
0.00827303, 1.00015e+06, 1.00015e+06, 1.00015e+06, 1.00123e+06, 1.00091e+06, 0.168815, 1173, 1173, 0.0670956, 0.16282, 9.24816e-18, 0.175858, 0.0641272, 0.506472, 2.22579e-05, 0.271031, 0.00150437, 9.69552e-10, 0.00194226, 2.03845e-05, 0.3946, 7.14482e-05, 8.80491e-07, 2.91464e-10, 3.10002e-12, 2.74395e-10, 6.66536e-11, 6.36259e-08, 0.330829, 0.168649, 1173, 1173, 0.0673073, 0.157493, 9.19875e-18, 0.171257, 0.0626282, 0.498314, 2.18057e-05, 0.271356, 0.00152, 9.95362e-10, 0.00195567, 2.03289e-05, 0.393277, 7.20661e-05, 8.65174e-07, 2.88025e-10, 3.14558e-12, 2.81041e-10, 6.82836e-11, 6.33428e-08, 0.331798, 0.168046, 1173, 1173, 0.0783312, 0.167002, 1.04807e-17, 0.18442, 0.0683546, 0.553565, 2.39671e-05, 0.27243, 0.00155918, 1.06145e-09, 0.00199072, 2.0104e-05, 0.389532, 7.36398e-05, 8.25948e-07, 2.78785e-10, 3.26285e-12, 2.98132e-10, 7.24648e-11, 6.24025e-08, 0.334394, 0.168201, 1173, 1173, 0.086255, 0.153586, 1.11444e-17, 0.175321, 0.0670053, 0.561354, 2.38412e-05, 0.274912, 0.00163863, 1.19516e-09, 0.0020642, 1.95573e-05, 0.38157, 7.68734e-05, 7.50845e-07, 2.60406e-10, 3.50793e-12, 3.32997e-10, 8.10128e-11, 6.02987e-08, 0.339718, 0.139232, 1173, 1173, 0.0808757, 0.126128, 2.12891e-17, 0.215078, 0.0403997, 0.522622, 2.30618e-05, 0.249212, 0.00264429, 1.46143e-09, 0.00250625, 3.23349e-05, 0.390456, 0.000107603, 5.20852e-07, 2.41908e-10, 4.28784e-12, 3.99026e-10, 1.05987e-10, 8.64884e-08, 0.355041, 
0.00827714, 1.00015e+06, 1.00015e+06, 1.00015e+06, 1.00123e+06, 1.00091e+06, 0.168863, 1173, 1173, 0.0641308, 0.15571, 8.83952e-18, 0.168149, 0.0613216, 0.484227, 2.12814e-05, 0.271031, 0.00150403, 9.69152e-10, 0.001942, 2.03835e-05, 0.394617, 7.14353e-05, 8.80763e-07, 2.91515e-10, 3.09932e-12, 2.74293e-10, 6.66279e-11, 6.36256e-08, 0.330814, 0.16859, 1173, 1173, 0.0578043, 0.135329, 7.89995e-18, 0.14713, 0.0538101, 0.428073, 1.8733e-05, 0.271356, 0.00151965, 9.9496e-10, 0.00195541, 2.03278e-05, 0.393293, 7.20529e-05, 8.65443e-07, 2.88076e-10, 3.14488e-12, 2.80939e-10, 6.82576e-11, 6.33424e-08, 0.331782, 0.168022, 1173, 1173, 0.0738698, 0.157574, 9.88342e-18, 0.173977, 0.0644903, 0.522172, 2.26091e-05, 0.27243, 0.00155881, 1.06103e-09, 0.00199044, 2.01029e-05, 0.389549, 7.3626e-05, 8.26212e-07, 2.78835e-10, 3.26208e-12, 2.98024e-10, 7.24372e-11, 6.24022e-08, 0.334377, 0.168207, 1173, 1173, 0.0827645, 0.147455, 1.06929e-17, 0.168292, 0.0643232, 0.538777, 2.28837e-05, 0.27491, 0.00163821, 1.19467e-09, 0.00206389, 1.95567e-05, 0.381592, 7.68578e-05, 7.51118e-07, 2.60462e-10, 3.50698e-12, 3.32871e-10, 8.09803e-11, 6.02998e-08, 0.339699, 0.138256, 1173, 1173, 0.106708, 0.166512, 2.8096e-17, 0.283939, 0.0533201, 0.689743, 3.04394e-05, 0.2492, 0.00264408, 1.46091e-09, 0.00250605, 3.23413e-05, 0.390486, 0.000107594, 5.20988e-07, 2.41963e-10, 4.28657e-12, 3.98884e-10, 1.0595e-10, 8.65054e-08, 0.355023, 
0.00828125, 1.00015e+06, 1.00015e+06, 1.00015e+06, 1.00123e+06, 1.00091e+06, 0.168828, 1173, 1173, 0.0677415, 0.164566, 9.33722e-18, 0.177682, 0.0648039, 0.511632, 2.2487e-05, 0.27103, 0.00150369, 9.68751e-10, 0.00194173, 2.03825e-05, 0.394634, 7.14223e-05, 8.81035e-07, 2.91567e-10, 3.09863e-12, 2.74192e-10, 6.66022e-11, 6.36253e-08, 0.330798, 0.168655, 1173, 1173, 0.0634572, 0.148642, 8.6725e-18, 0.161577, 0.059099, 0.470062, 2.05716e-05, 0.271356, 0.0015193, 9.94556e-10, 0.00195514, 2.03267e-05, 0.39331, 7.20398e-05, 8.6571e-07, 2.88126e-10, 3.14417e-12, 2.80836e-10, 6.82316e-11, 6.3342e-08, 0.331767, 0.168037, 1173, 1173, 0.0662858, 0.14147, 8.86839e-18, 0.156169, 0.0578951, 0.468686, 2.02941e-05, 0.27243, 0.00155845, 1.06061e-09, 0.00199018, 2.01018e-05, 0.389566, 7.36127e-05, 8.26466e-07, 2.78884e-10, 3.2613e-12, 2.97916e-10, 7.24096e-11, 6.24017e-08, 0.334361, 0.16822, 1173, 1173, 0.0922454, 0.164442, 1.19172e-17, 0.187643, 0.0717245, 0.600649, 2.55132e-05, 0.274909, 0.00163778, 1.19418e-09, 0.00206357, 1.9556e-05, 0.381613, 7.68419e-05, 7.51396e-07, 2.6052e-10, 3.50603e-12, 3.32744e-10, 8.09476e-11, 6.0301e-08, 0.339679, 0.139213, 1173, 1173, 0.0780722, 0.121897, 2.05611e-17, 0.207858, 0.039023, 0.504782, 2.2279e-05, 0.249188, 0.00264387, 1.46039e-09, 0.00250585, 3.23475e-05, 0.390515, 0.000107585, 5.21121e-07, 2.42017e-10, 4.28533e-12, 3.98746e-10, 1.05914e-10, 8.6522e-08, 0.355007, 
0.00828536, 1.00015e+06, 1.00015e+06, 1.00015e+06, 1.00123e+06, 1.00091e+06, 0.168878, 1173, 1173, 0.0661837, 0.160869, 9.12251e-18, 0.173661, 0.0633426, 0.500005, 2.19771e-05, 0.27103, 0.00150334, 9.68351e-10, 0.00194147, 2.03815e-05, 0.394651, 7.14093e-05, 8.81309e-07, 2.91618e-10, 3.09794e-12, 2.7409e-10, 6.65765e-11, 6.36251e-08, 0.330782, 0.168546, 1173, 1173, 0.0201051, 0.047118, 2.74766e-18, 0.0512096, 0.0187325, 0.14897, 6.51966e-06, 0.271356, 0.00151899, 9.94161e-10, 0.00195491, 2.03256e-05, 0.393324, 7.20281e-05, 8.65946e-07, 2.8817e-10, 3.14345e-12, 2.80736e-10, 6.82061e-11, 6.33414e-08, 0.331752, 0.168096, 1173, 1173, 0.105848, 0.226029, 1.41609e-17, 0.249468, 0.092491, 0.748607, 3.24168e-05, 0.272429, 0.00155806, 1.06019e-09, 0.00198988, 2.01007e-05, 0.389584, 7.3598e-05, 8.26749e-07, 2.78938e-10, 3.26054e-12, 2.97808e-10, 7.23819e-11, 6.24014e-08, 0.334344, 0.168215, 1173, 1173, 0.0778838, 0.138919, 1.00614e-17, 0.15849, 0.0605853, 0.507265, 2.15479e-05, 0.274908, 0.00163737, 1.19369e-09, 0.00206326, 1.95553e-05, 0.381634, 7.68263e-05, 7.51667e-07, 2.60576e-10, 3.50508e-12, 3.32619e-10, 8.09152e-11, 6.0302e-08, 0.33966, 0.138251, 1173, 1173, 0.14972, 0.233906, 3.94383e-17, 0.398857, 0.0748581, 0.968283, 4.2741e-05, 0.249175, 0.00264362, 1.45986e-09, 0.00250561, 3.23541e-05, 0.390547, 0.000107575, 5.21273e-07, 2.42077e-10, 4.28403e-12, 3.986e-10, 1.05876e-10, 8.65397e-08, 0.354988, 
0.00828947, 1.00015e+06, 1.00015e+06, 1.00015e+06, 1.00123e+06, 1.00091e+06, 0.168841, 1173, 1173, 0.0682151, 0.165897, 9.40253e-18, 0.179057, 0.0653166, 0.515494, 2.26592e-05, 0.271029, 0.001503, 9.67951e-10, 0.0019412, 2.03804e-05, 0.394668, 7.13963e-05, 8.81583e-07, 2.9167e-10, 3.09725e-12, 2.73989e-10, 6.65509e-11, 6.36248e-08, 0.330766, 0.168676, 1173, 1173, 0.066909, 0.156889, 9.14417e-18, 0.170484, 0.0623698, 0.495914, 2.17041e-05, 0.271356, 0.00151867, 9.93754e-10, 0.00195468, 2.03246e-05, 0.393339, 7.20162e-05, 8.66189e-07, 2.88216e-10, 3.14271e-12, 2.80632e-10, 6.81798e-11, 6.3341e-08, 0.331738, 0.168059, 1173, 1173, 0.0726504, 0.155221, 9.71914e-18, 0.171287, 0.0635107, 0.513942, 2.22567e-05, 0.272429, 0.00155766, 1.05977e-09, 0.00198958, 2.00995e-05, 0.389603, 7.3583e-05, 8.27035e-07, 2.78993e-10, 3.25979e-12, 2.97702e-10, 7.23545e-11, 6.24011e-08, 0.334326, 0.168229, 1173, 1173, 0.0858726, 0.153256, 1.10928e-17, 0.174814, 0.0668304, 0.559444, 2.37656e-05, 0.274906, 0.00163696, 1.1932e-09, 0.00206296, 1.95547e-05, 0.381655, 7.6811e-05, 7.51935e-07, 2.60632e-10, 3.50412e-12, 3.32492e-10, 8.08826e-11, 6.03031e-08, 0.339641, 0.139194, 1173, 1173, 0.0778715, 0.121731, 2.05182e-17, 0.207575, 0.0389467, 0.503751, 2.22386e-05, 0.249162, 0.00264337, 1.45934e-09, 0.00250537, 3.23605e-05, 0.390578, 0.000107565, 5.2142e-07, 2.42135e-10, 4.28278e-12, 3.9846e-10, 1.05839e-10, 8.65567e-08, 0.35497, 
0.00829359, 1.00015e+06, 1.00015e+06, 1.00015e+06, 1.00123e+06, 1.00091e+06, 0.168897, 1173, 1173, 0.0697203, 0.16965, 9.61003e-18, 0.183077, 0.0667884, 0.527014, 2.31668e-05, 0.271029, 0.00150265, 9.67551e-10, 0.00194094, 2.03794e-05, 0.394685, 7.13831e-05, 8.81861e-07, 2.91722e-10, 3.09657e-12, 2.73887e-10, 6.65253e-11, 6.36246e-08, 0.33075, 0.168644, 1173, 1173, 0.0762318, 0.178846, 1.04183e-17, 0.194309, 0.0710922, 0.56516, 2.47363e-05, 0.271356, 0.00151831, 9.93352e-10, 0.0019544, 2.03235e-05, 0.393357, 7.20024e-05, 8.66471e-07, 2.88269e-10, 3.14202e-12, 2.8053e-10, 6.81539e-11, 6.33406e-08, 0.331721, 0.168063, 1173, 1173, 0.0823414, 0.176021, 1.10151e-17, 0.194204, 0.0720148, 0.582648, 2.52335e-05, 0.272429, 0.00155729, 1.05935e-09, 0.0019893, 2.00984e-05, 0.389621, 7.35691e-05, 8.27302e-07, 2.79044e-10, 3.25902e-12, 2.97594e-10, 7.2327e-11, 6.24007e-08, 0.334309, 0.168257, 1173, 1173, 0.107305, 0.19162, 1.38608e-17, 0.218532, 0.0835485, 0.699245, 2.97068e-05, 0.274905, 0.00163651, 1.19271e-09, 0.00206262, 1.9554e-05, 0.381678, 7.67943e-05, 7.52228e-07, 2.60692e-10, 3.50318e-12, 3.32366e-10, 8.08499e-11, 6.03043e-08, 0.339621, 0.13821, 1173, 1173, 0.0717938, 0.112294, 1.89213e-17, 0.191481, 0.0359178, 0.464561, 2.05105e-05, 0.249151, 0.00264317, 1.45883e-09, 0.00250518, 3.23667e-05, 0.390607, 0.000107557, 5.21549e-07, 2.42188e-10, 4.28154e-12, 3.98322e-10, 1.05803e-10, 8.65733e-08, 0.354954, 
0.0082977, 1.00015e+06, 1.00015e+06, 1.00015e+06, 1.00123e+06, 1.00091e+06, 0.168854, 1173, 1173, 0.0685374, 0.166863, 9.44701e-18, 0.180038, 0.0656853, 0.518215, 2.27813e-05, 0.271028, 0.0015023, 9.67152e-10, 0.00194067, 2.03784e-05, 0.394702, 7.13699e-05, 8.82138e-07, 2.91774e-10, 3.09588e-12, 2.73786e-10, 6.64997e-11, 6.36243e-08, 0.330734, 0.168685, 1173, 1173, 0.0658468, 0.154565, 8.99899e-18, 0.167899, 0.0614349, 0.488296, 2.13733e-05, 0.271355, 0.00151795, 9.92952e-10, 0.00195412, 2.03224e-05, 0.393375, 7.19887e-05, 8.66752e-07, 2.88322e-10, 3.14133e-12, 2.80428e-10, 6.81281e-11, 6.33402e-08, 0.331705, 0.16808, 1173, 1173, 0.0777377, 0.166268, 1.03987e-17, 0.18341, 0.0680187, 0.550212, 2.38301e-05, 0.272429, 0.00155691, 1.05893e-09, 0.00198902, 2.00973e-05, 0.389638, 7.3555e-05, 8.27572e-07, 2.79096e-10, 3.25826e-12, 2.97487e-10, 7.22995e-11, 6.24004e-08, 0.334293, 0.168227, 1173, 1173, 0.0738236, 0.131905, 9.53538e-18, 0.150403, 0.0575055, 0.481185, 2.04441e-05, 0.274903, 0.00163609, 1.19223e-09, 0.0020623, 1.95533e-05, 0.3817, 7.67783e-05, 7.52507e-07, 2.60749e-10, 3.50225e-12, 3.32242e-10, 8.08178e-11, 6.03054e-08, 0.339601, 0.139174, 1173, 1173, 0.0696603, 0.109018, 1.83634e-17, 0.185893, 0.0348608, 0.450879, 1.99082e-05, 0.249139, 0.00264298, 1.45832e-09, 0.00250499, 3.2373e-05, 0.390635, 0.000107549, 5.21676e-07, 2.42241e-10, 4.2803e-12, 3.98184e-10, 1.05767e-10, 8.65898e-08, 0.354937, 
0.00830181, 1.00015e+06, 1.00015e+06, 1.00015e+06, 1.00123e+06, 1.00091e+06, 0.168917, 1173, 1173, 0.0738389, 0.179868, 1.01778e-17, 0.194036, 0.0707985, 0.558451, 2.45516e-05, 0.271028, 0.00150195, 9.66752e-10, 0.00194039, 2.03774e-05, 0.39472, 7.13565e-05, 8.82421e-07, 2.91827e-10, 3.0952e-12, 2.73685e-10, 6.64741e-11, 6.36241e-08, 0.330717, 0.168615, 1173, 1173, 0.0525538, 0.123427, 7.18226e-18, 0.134052, 0.0490546, 0.389826, 1.70639e-05, 0.271355, 0.00151761, 9.92552e-10, 0.00195386, 2.03213e-05, 0.393391, 7.19759e-05, 8.67012e-07, 2.88371e-10, 3.14062e-12, 2.80327e-10, 6.81023e-11, 6.33397e-08, 0.331689, 0.168179, 1173, 1173, 0.124991, 0.267485, 1.67188e-17, 0.295008, 0.109413, 0.884863, 3.83279e-05, 0.272427, 0.00155648, 1.05851e-09, 0.00198868, 2.00962e-05, 0.38966, 7.35385e-05, 8.27891e-07, 2.79157e-10, 3.25754e-12, 2.97381e-10, 7.22721e-11, 6.24003e-08, 0.334273, 0.16825, 1173, 1173, 0.084543, 0.151145, 1.09194e-17, 0.172308, 0.0658857, 0.551201, 2.342e-05, 0.274902, 0.00163568, 1.19174e-09, 0.002062, 1.95527e-05, 0.38172, 7.67631e-05, 7.52772e-07, 2.60804e-10, 3.50129e-12, 3.32115e-10, 8.07852e-11, 6.03064e-08, 0.339583, 0.138191, 1173, 1173, 0.066401, 0.103976, 1.75085e-17, 0.177291, 0.0332397, 0.429901, 1.89837e-05, 0.249127, 0.0026428, 1.45782e-09, 0.00250481, 3.23791e-05, 0.390663, 0.000107541, 5.21802e-07, 2.42293e-10, 4.27908e-12, 3.98047e-10, 1.05731e-10, 8.66062e-08, 0.354921, 
0.00830592, 1.00015e+06, 1.00015e+06, 1.00015e+06, 1.00123e+06, 1.00091e+06, 0.168863, 1173, 1173, 0.0673602, 0.164176, 9.28483e-18, 0.177078, 0.0646161, 0.509591, 2.24048e-05, 0.271027, 0.0015016, 9.66354e-10, 0.00194012, 2.03764e-05, 0.394737, 7.13432e-05, 8.82701e-07, 2.9188e-10, 3.09452e-12, 2.73584e-10, 6.64486e-11, 6.36239e-08, 0.330701, 0.168707, 1173, 1173, 0.0713414, 0.167641, 9.74983e-18, 0.182039, 0.0666213, 0.529329, 2.31716e-05, 0.271355, 0.00151726, 9.92149e-10, 0.0019536, 2.03202e-05, 0.393407, 7.1963e-05, 8.67278e-07, 2.88421e-10, 3.13991e-12, 2.80224e-10, 6.80763e-11, 6.33393e-08, 0.331674, 0.168063, 1173, 1173, 0.0689593, 0.147656, 9.22346e-18, 0.162819, 0.0603912, 0.488301, 2.11526e-05, 0.272426, 0.00155606, 1.05809e-09, 0.00198835, 2.00951e-05, 0.38968, 7.35226e-05, 8.28196e-07, 2.79215e-10, 3.25682e-12, 2.97276e-10, 7.22451e-11, 6.24001e-08, 0.334255, 0.168271, 1173, 1173, 0.104557, 0.187036, 1.35039e-17, 0.213184, 0.0815204, 0.681859, 2.89737e-05, 0.274901, 0.00163524, 1.19125e-09, 0.00206166, 1.9552e-05, 0.381743, 7.67466e-05, 7.53063e-07, 2.60864e-10, 3.50035e-12, 3.31989e-10, 8.07526e-11, 6.03077e-08, 0.339562, 0.139161, 1173, 1173, 0.103582, 0.162293, 2.73192e-17, 0.276725, 0.0518683, 0.67081, 2.96248e-05, 0.249115, 0.00264259, 1.4573e-09, 0.00250461, 3.23855e-05, 0.390693, 0.000107533, 5.21936e-07, 2.42347e-10, 4.27781e-12, 3.97906e-10, 1.05694e-10, 8.66231e-08, 0.354904, 
0.00831003, 1.00015e+06, 1.00015e+06, 1.00015e+06, 1.00123e+06, 1.00091e+06, 0.168891, 1173, 1173, 0.0525248, 0.128086, 7.23998e-18, 0.138128, 0.0504079, 0.39747, 1.74761e-05, 0.271027, 0.00150127, 9.65957e-10, 0.00193987, 2.03753e-05, 0.394754, 7.13308e-05, 8.82963e-07, 2.91929e-10, 3.09383e-12, 2.73483e-10, 6.64231e-11, 6.36236e-08, 0.330686, 0.168623, 1173, 1173, 0.0512672, 0.120533, 7.00635e-18, 0.130863, 0.0478967, 0.380488, 1.66568e-05, 0.271355, 0.00151692, 9.91751e-10, 0.00195334, 2.03191e-05, 0.393423, 7.19501e-05, 8.6754e-07, 2.8847e-10, 3.13921e-12, 2.80123e-10, 6.80506e-11, 6.33388e-08, 0.331658, 0.168099, 1173, 1173, 0.081596, 0.174806, 1.0913e-17, 0.192723, 0.0714896, 0.57793, 2.50366e-05, 0.272426, 0.00155569, 1.05767e-09, 0.00198808, 2.0094e-05, 0.389698, 7.35087e-05, 8.28464e-07, 2.79266e-10, 3.25606e-12, 2.97168e-10, 7.22176e-11, 6.23998e-08, 0.334238, 0.168263, 1173, 1173, 0.0855708, 0.153161, 1.10512e-17, 0.174541, 0.0667474, 0.558176, 2.372e-05, 0.274899, 0.0016348, 1.19077e-09, 0.00206133, 1.95514e-05, 0.381766, 7.67301e-05, 7.53352e-07, 2.60924e-10, 3.49943e-12, 3.31865e-10, 8.07204e-11, 6.03088e-08, 0.339542, 0.138173, 1173, 1173, 0.0679739, 0.106562, 1.79321e-17, 0.181697, 0.0340477, 0.440324, 1.94478e-05, 0.249103, 0.00264239, 1.45679e-09, 0.00250441, 3.23918e-05, 0.390722, 0.000107524, 5.22068e-07, 2.42401e-10, 4.27658e-12, 3.97769e-10, 1.05658e-10, 8.66397e-08, 0.354888, 
0.00831414, 1.00015e+06, 1.00015e+06, 1.00015e+06, 1.00123e+06, 1.00091e+06, 0.168882, 1173, 1173, 0.0710536, 0.173364, 9.79406e-18, 0.186924, 0.0682212, 0.537835, 2.36487e-05, 0.271026, 0.00150094, 9.65558e-10, 0.00193962, 2.03743e-05, 0.39477, 7.13182e-05, 8.83229e-07, 2.91979e-10, 3.09314e-12, 2.73382e-10, 6.63975e-11, 6.36233e-08, 0.330671, 0.16872, 1173, 1173, 0.0703108, 0.165393, 9.60889e-18, 0.179537, 0.065718, 0.521966, 2.28514e-05, 0.271355, 0.00151658, 9.91349e-10, 0.00195309, 2.0318e-05, 0.39344, 7.19373e-05, 8.67803e-07, 2.88519e-10, 3.1385e-12, 2.80021e-10, 6.80247e-11, 6.33384e-08, 0.331643, 0.168125, 1173, 1173, 0.0937758, 0.201009, 1.25414e-17, 0.221571, 0.0821974, 0.664358, 2.87829e-05, 0.272426, 0.00155529, 1.05726e-09, 0.00198777, 2.00929e-05, 0.389717, 7.34936e-05, 8.28754e-07, 2.79322e-10, 3.25531e-12, 2.97062e-10, 7.21903e-11, 6.23996e-08, 0.33422, 0.168267, 1173, 1173, 0.0867495, 0.15536, 1.12031e-17, 0.177014, 0.0676976, 0.566009, 2.40543e-05, 0.274898, 0.00163438, 1.19028e-09, 0.00206101, 1.95507e-05, 0.381787, 7.67143e-05, 7.53629e-07, 2.60981e-10, 3.49849e-12, 3.31739e-10, 8.06881e-11, 6.03099e-08, 0.339523, 0.139137, 1173, 1173, 0.0832686, 0.130614, 2.19723e-17, 0.222704, 0.0417214, 0.539549, 2.38325e-05, 0.249091, 0.00264219, 1.45628e-09, 0.00250422, 3.23981e-05, 0.390751, 0.000107516, 5.22197e-07, 2.42454e-10, 4.27534e-12, 3.9763e-10, 1.05622e-10, 8.66564e-08, 0.354871, 
0.00831826, 1.00015e+06, 1.00015e+06, 1.00015e+06, 1.00123e+06, 1.00091e+06, 0.168897, 1173, 1173, 0.0502916, 0.122772, 6.93229e-18, 0.132353, 0.0483088, 0.380786, 1.6744e-05, 0.271026, 0.00150061, 9.65162e-10, 0.00193937, 2.03733e-05, 0.394786, 7.13057e-05, 8.8349e-07, 2.92028e-10, 3.09245e-12, 2.73281e-10, 6.63721e-11, 6.3623e-08, 0.330655, 0.168644, 1173, 1173, 0.0576881, 0.135773, 7.88377e-18, 0.147358, 0.0539441, 0.428374, 1.87549e-05, 0.271355, 0.00151623, 9.9095e-10, 0.00195282, 2.03169e-05, 0.393456, 7.19242e-05, 8.68069e-07, 2.88569e-10, 3.1378e-12, 2.7992e-10, 6.79989e-11, 6.33379e-08, 0.331627, 0.168079, 1173, 1173, 0.0671998, 0.14412, 8.9868e-18, 0.158834, 0.0589287, 0.476198, 2.06323e-05, 0.272425, 0.00155491, 1.05684e-09, 0.00198748, 2.00919e-05, 0.389735, 7.34793e-05, 8.29029e-07, 2.79375e-10, 3.25456e-12, 2.96956e-10, 7.21631e-11, 6.23993e-08, 0.334203, 0.168279, 1173, 1173, 0.0883584, 0.158333, 1.14107e-17, 0.180367, 0.0689846, 0.576652, 2.45082e-05, 0.274896, 0.00163395, 1.18979e-09, 0.00206069, 1.95501e-05, 0.381809, 7.66983e-05, 7.53909e-07, 2.61039e-10, 3.49755e-12, 3.31614e-10, 8.06557e-11, 6.03111e-08, 0.339503, 0.138159, 1173, 1173, 0.0939674, 0.147482, 2.48016e-17, 0.251462, 0.0470963, 0.60904, 2.69047e-05, 0.249079, 0.00264199, 1.45576e-09, 0.00250402, 3.24044e-05, 0.39078, 0.000107508, 5.22332e-07, 2.42509e-10, 4.27408e-12, 3.9749e-10, 1.05585e-10, 8.66733e-08, 0.354854, 
0.00832237, 1.00015e+06, 1.00015e+06, 1.00015e+06, 1.00123e+06, 1.00091e+06, 0.168888, 1173, 1173, 0.0660692, 0.161375, 9.10718e-18, 0.173938, 0.0634933, 0.500389, 2.20041e-05, 0.271026, 0.00150028, 9.64763e-10, 0.00193912, 2.03723e-05, 0.394802, 7.12935e-05, 8.83749e-07, 2.92076e-10, 3.09175e-12, 2.7318e-10, 6.63465e-11, 6.36227e-08, 0.33064, 0.168728, 1173, 1173, 0.0674316, 0.158789, 9.21528e-18, 0.172308, 0.0630836, 0.500862, 2.19296e-05, 0.271355, 0.00151589, 9.90549e-10, 0.00195256, 2.03158e-05, 0.393472, 7.19113e-05, 8.68333e-07, 2.88619e-10, 3.1371e-12, 2.79818e-10, 6.79731e-11, 6.33375e-08, 0.331611, 0.168109, 1173, 1173, 0.0777305, 0.166793, 1.03947e-17, 0.183789, 0.0681936, 0.550964, 2.38729e-05, 0.272425, 0.00155455, 1.05642e-09, 0.00198721, 2.00908e-05, 0.389752, 7.34656e-05, 8.29293e-07, 2.79425e-10, 3.2538e-12, 2.96849e-10, 7.21357e-11, 6.2399e-08, 0.334187, 0.168279, 1173, 1173, 0.0862245, 0.154598, 1.11341e-17, 0.17608, 0.0673492, 0.562868, 2.3924e-05, 0.274895, 0.00163353, 1.18931e-09, 0.00206037, 1.95494e-05, 0.381831, 7.66824e-05, 7.54189e-07, 2.61097e-10, 3.49661e-12, 3.31489e-10, 8.06234e-11, 6.03123e-08, 0.339484, 0.139118, 1173, 1173, 0.080826, 0.12693, 2.13384e-17, 0.216418, 0.0405221, 0.524008, 2.31506e-05, 0.249067, 0.00264178, 1.45525e-09, 0.00250382, 3.24107e-05, 0.39081, 0.000107499, 5.22466e-07, 2.42563e-10, 4.27284e-12, 3.97351e-10, 1.05549e-10, 8.66901e-08, 0.354837, 
0.00832648, 1.00015e+06, 1.00015e+06, 1.00015e+06, 1.00123e+06, 1.00091e+06, 0.168936, 1173, 1173, 0.0674827, 0.164916, 9.30211e-18, 0.177725, 0.0648813, 0.511237, 2.24822e-05, 0.271025, 0.00149994, 9.64365e-10, 0.00193886, 2.03713e-05, 0.394819, 7.12806e-05, 8.84021e-07, 2.92127e-10, 3.09106e-12, 2.73079e-10, 6.63211e-11, 6.36224e-08, 0.330625, 0.168671, 1173, 1173, 0.066948, 0.157734, 9.1491e-18, 0.171133, 0.0626594, 0.497402, 2.17793e-05, 0.271354, 0.00151554, 9.9015e-10, 0.0019523, 2.03147e-05, 0.393489, 7.18981e-05, 8.68604e-07, 2.8867e-10, 3.1364e-12, 2.79717e-10, 6.79474e-11, 6.3337e-08, 0.331595, 0.168106, 1173, 1173, 0.0756892, 0.162499, 1.01213e-17, 0.179026, 0.0664322, 0.536632, 2.32532e-05, 0.272425, 0.00155418, 1.056e-09, 0.00198693, 2.00897e-05, 0.38977, 7.34516e-05, 8.29563e-07, 2.79477e-10, 3.25304e-12, 2.96742e-10, 7.21084e-11, 6.23987e-08, 0.33417, 0.168289, 1173, 1173, 0.0856045, 0.153575, 1.10532e-17, 0.174882, 0.0668953, 0.558963, 2.37595e-05, 0.274893, 0.00163311, 1.18882e-09, 0.00206005, 1.95488e-05, 0.381853, 7.66666e-05, 7.54467e-07, 2.61154e-10, 3.49567e-12, 3.31364e-10, 8.05912e-11, 6.03134e-08, 0.339464, 0.138138, 1173, 1173, 0.0815077, 0.128074, 2.15236e-17, 0.218366, 0.0408762, 0.528571, 2.33545e-05, 0.249055, 0.00264158, 1.45474e-09, 0.00250362, 3.2417e-05, 0.390839, 0.000107491, 5.22597e-07, 2.42617e-10, 4.2716e-12, 3.97213e-10, 1.05513e-10, 8.67068e-08, 0.354821, 
0.00833059, 1.00015e+06, 1.00015e+06, 1.00015e+06, 1.00123e+06, 1.00091e+06, 0.168905, 1173, 1173, 0.0689261, 0.168535, 9.50115e-18, 0.181594, 0.0662993, 0.522316, 2.29707e-05, 0.271025, 0.0014996, 9.63968e-10, 0.00193859, 2.03702e-05, 0.394836, 7.12676e-05, 8.84294e-07, 2.92179e-10, 3.09038e-12, 2.72978e-10, 6.62956e-11, 6.36221e-08, 0.330609, 0.168739, 1173, 1173, 0.0669258, 0.157765, 9.14593e-18, 0.171138, 0.0626667, 0.49737, 2.1779e-05, 0.271354, 0.00151519, 9.89751e-10, 0.00195203, 2.03136e-05, 0.393506, 7.18849e-05, 8.68875e-07, 2.88721e-10, 3.1357e-12, 2.79615e-10, 6.79217e-11, 6.33366e-08, 0.331579, 0.168118, 1173, 1173, 0.0760969, 0.163461, 1.01754e-17, 0.180053, 0.0668197, 0.53966, 2.33857e-05, 0.272425, 0.00155381, 1.05558e-09, 0.00198665, 2.00886e-05, 0.389787, 7.34377e-05, 8.29832e-07, 2.79529e-10, 3.25229e-12, 2.96635e-10, 7.20812e-11, 6.23985e-08, 0.334153, 0.16829, 1173, 1173, 0.0851735, 0.15289, 1.09968e-17, 0.174069, 0.0665888, 0.55629, 2.36474e-05, 0.274892, 0.00163269, 1.18834e-09, 0.00205974, 1.95482e-05, 0.381874, 7.66509e-05, 7.54743e-07, 2.61211e-10, 3.49474e-12, 3.31239e-10, 8.05589e-11, 6.03146e-08, 0.339445, 0.139099, 1173, 1173, 0.08123, 0.127711, 2.14556e-17, 0.217744, 0.0407492, 0.526914, 2.32835e-05, 0.249043, 0.00264138, 1.45423e-09, 0.00250342, 3.24233e-05, 0.390868, 0.000107483, 5.22728e-07, 2.42671e-10, 4.27036e-12, 3.97074e-10, 1.05476e-10, 8.67235e-08, 0.354804, 
0.0083347, 1.00015e+06, 1.00015e+06, 1.00015e+06, 1.00123e+06, 1.00091e+06, 0.168949, 1173, 1173, 0.0681738, 0.166786, 9.3975e-18, 0.179678, 0.0656056, 0.516757, 2.27274e-05, 0.271024, 0.00149926, 9.63572e-10, 0.00193833, 2.03692e-05, 0.394853, 7.12546e-05, 8.84569e-07, 2.9223e-10, 3.0897e-12, 2.72878e-10, 6.62702e-11, 6.36218e-08, 0.330593, 0.168682, 1173, 1173, 0.0662704, 0.156303, 9.05619e-18, 0.169522, 0.0620809, 0.49263, 2.15727e-05, 0.271354, 0.00151484, 9.89352e-10, 0.00195176, 2.03125e-05, 0.393523, 7.18717e-05, 8.69145e-07, 2.88771e-10, 3.13501e-12, 2.79514e-10, 6.7896e-11, 6.33361e-08, 0.331564, 0.168119, 1173, 1173, 0.0762911, 0.163965, 1.02011e-17, 0.180577, 0.0670201, 0.541176, 2.34527e-05, 0.272424, 0.00155344, 1.05517e-09, 0.00198637, 2.00876e-05, 0.389805, 7.34238e-05, 8.30101e-07, 2.7958e-10, 3.25153e-12, 2.96529e-10, 7.20539e-11, 6.23982e-08, 0.334136, 0.168302, 1173, 1173, 0.0857692, 0.154047, 1.1073e-17, 0.175355, 0.067085, 0.560323, 2.38203e-05, 0.27489, 0.00163227, 1.18785e-09, 0.00205942, 1.95475e-05, 0.381896, 7.66352e-05, 7.5502e-07, 2.61269e-10, 3.4938e-12, 3.31114e-10, 8.05267e-11, 6.03157e-08, 0.339425, 0.138118, 1173, 1173, 0.0807618, 0.127048, 2.13372e-17, 0.216611, 0.0405265, 0.52402, 2.31579e-05, 0.249031, 0.00264118, 1.45372e-09, 0.00250323, 3.24296e-05, 0.390897, 0.000107474, 5.2286e-07, 2.42725e-10, 4.26912e-12, 3.96936e-10, 1.0544e-10, 8.67403e-08, 0.354788, 
0.00833882, 1.00015e+06, 1.00015e+06, 1.00015e+06, 1.00123e+06, 1.00091e+06, 0.168915, 1173, 1173, 0.0682045, 0.166951, 9.40178e-18, 0.179825, 0.065665, 0.517132, 2.27451e-05, 0.271024, 0.00149892, 9.63175e-10, 0.00193807, 2.03682e-05, 0.394869, 7.12417e-05, 8.84842e-07, 2.92281e-10, 3.08902e-12, 2.72777e-10, 6.62448e-11, 6.36215e-08, 0.330577, 0.168752, 1173, 1173, 0.0670857, 0.158311, 9.16795e-18, 0.171669, 0.0628729, 0.498824, 2.1845e-05, 0.271354, 0.00151449, 9.88954e-10, 0.0019515, 2.03114e-05, 0.39354, 7.18585e-05, 8.69415e-07, 2.88822e-10, 3.13431e-12, 2.79413e-10, 6.78703e-11, 6.33357e-08, 0.331548, 0.16813, 1173, 1173, 0.0761543, 0.163758, 1.01824e-17, 0.180316, 0.0669296, 0.540343, 2.3418e-05, 0.272424, 0.00155306, 1.05475e-09, 0.00198609, 2.00865e-05, 0.389823, 7.34099e-05, 8.3037e-07, 2.79632e-10, 3.25077e-12, 2.96423e-10, 7.20267e-11, 6.23979e-08, 0.33412, 0.168304, 1173, 1173, 0.0855406, 0.153725, 1.10429e-17, 0.174955, 0.0669366, 0.558972, 2.37644e-05, 0.274889, 0.00163185, 1.18737e-09, 0.00205911, 1.95469e-05, 0.381917, 7.66195e-05, 7.55298e-07, 2.61326e-10, 3.49286e-12, 3.30989e-10, 8.04945e-11, 6.03169e-08, 0.339406, 0.13908, 1173, 1173, 0.0805748, 0.126826, 2.12931e-17, 0.216231, 0.0404449, 0.52295, 2.31128e-05, 0.249019, 0.00264099, 1.45321e-09, 0.00250303, 3.24359e-05, 0.390926, 0.000107466, 5.2299e-07, 2.42778e-10, 4.26789e-12, 3.96798e-10, 1.05404e-10, 8.6757e-08, 0.354771, 
0.00834293, 1.00015e+06, 1.00015e+06, 1.00015e+06, 1.00123e+06, 1.00091e+06, 0.168961, 1173, 1173, 0.0681681, 0.166952, 9.3968e-18, 0.179796, 0.0656599, 0.516999, 2.27405e-05, 0.271023, 0.00149858, 9.62779e-10, 0.0019378, 2.03671e-05, 0.394886, 7.12288e-05, 8.85116e-07, 2.92332e-10, 3.08834e-12, 2.72677e-10, 6.62194e-11, 6.36212e-08, 0.330561, 0.168695, 1173, 1173, 0.0668364, 0.157806, 9.13374e-18, 0.171093, 0.0626674, 0.497102, 2.17708e-05, 0.271353, 0.00151414, 9.88556e-10, 0.00195123, 2.03103e-05, 0.393556, 7.18453e-05, 8.69686e-07, 2.88873e-10, 3.13362e-12, 2.79312e-10, 6.78446e-11, 6.33352e-08, 0.331532, 0.168131, 1173, 1173, 0.0762946, 0.164147, 1.02008e-17, 0.180712, 0.0670826, 0.541476, 2.34684e-05, 0.272424, 0.00155269, 1.05433e-09, 0.00198581, 2.00854e-05, 0.38984, 7.33959e-05, 8.30639e-07, 2.79683e-10, 3.25002e-12, 2.96316e-10, 7.19995e-11, 6.23976e-08, 0.334103, 0.168315, 1173, 1173, 0.0855424, 0.153817, 1.10426e-17, 0.175027, 0.0669684, 0.559125, 2.37724e-05, 0.274887, 0.00163143, 1.18689e-09, 0.00205879, 1.95462e-05, 0.381939, 7.66038e-05, 7.55575e-07, 2.61383e-10, 3.49193e-12, 3.30864e-10, 8.04623e-11, 6.0318e-08, 0.339387, 0.138099, 1173, 1173, 0.0808246, 0.127292, 2.13644e-17, 0.217023, 0.0405825, 0.524715, 2.31931e-05, 0.249007, 0.00264079, 1.4527e-09, 0.00250284, 3.24422e-05, 0.390954, 0.000107458, 5.23121e-07, 2.42832e-10, 4.26665e-12, 3.9666e-10, 1.05368e-10, 8.67737e-08, 0.354755, 
0.00834704, 1.00015e+06, 1.00015e+06, 1.00015e+06, 1.00123e+06, 1.00091e+06, 0.168926, 1173, 1173, 0.0674157, 0.165199, 9.29311e-18, 0.177877, 0.0649648, 0.511434, 2.24969e-05, 0.271023, 0.00149824, 9.62383e-10, 0.00193754, 2.03661e-05, 0.394903, 7.12159e-05, 8.85388e-07, 2.92384e-10, 3.08766e-12, 2.72576e-10, 6.61941e-11, 6.36209e-08, 0.330546, 0.168763, 1173, 1173, 0.0669935, 0.158261, 9.15509e-18, 0.171556, 0.0628428, 0.498403, 2.1829e-05, 0.271353, 0.00151379, 9.88158e-10, 0.00195096, 2.03092e-05, 0.393573, 7.18321e-05, 8.69957e-07, 2.88923e-10, 3.13293e-12, 2.79211e-10, 6.7819e-11, 6.33348e-08, 0.331516, 0.168142, 1173, 1173, 0.0761856, 0.163999, 1.01859e-17, 0.180517, 0.0670164, 0.54084, 2.34421e-05, 0.272424, 0.00155232, 1.05392e-09, 0.00198553, 2.00843e-05, 0.389858, 7.3382e-05, 8.30908e-07, 2.79735e-10, 3.24927e-12, 2.9621e-10, 7.19723e-11, 6.23973e-08, 0.334086, 0.168316, 1173, 1173, 0.085351, 0.153561, 1.10173e-17, 0.174703, 0.0668489, 0.558017, 2.37268e-05, 0.274886, 0.00163101, 1.1864e-09, 0.00205848, 1.95456e-05, 0.38196, 7.65881e-05, 7.55851e-07, 2.6144e-10, 3.491e-12, 3.3074e-10, 8.04301e-11, 6.03191e-08, 0.339367, 0.139061, 1173, 1173, 0.0804935, 0.126844, 2.12822e-17, 0.216255, 0.0404284, 0.522708, 2.31066e-05, 0.248995, 0.00264059, 1.45219e-09, 0.00250264, 3.24486e-05, 0.390983, 0.00010745, 5.23252e-07, 2.42885e-10, 4.26541e-12, 3.96521e-10, 1.05332e-10, 8.67904e-08, 0.354738, 
0.00835115, 1.00015e+06, 1.00015e+06, 1.00015e+06, 1.00123e+06, 1.00091e+06, 0.168973, 1173, 1173, 0.0680939, 0.166951, 9.38661e-18, 0.179733, 0.0656482, 0.516721, 2.27307e-05, 0.271022, 0.0014979, 9.61988e-10, 0.00193728, 2.03651e-05, 0.39492, 7.1203e-05, 8.85661e-07, 2.92435e-10, 3.08699e-12, 2.72476e-10, 6.61688e-11, 6.36206e-08, 0.33053, 0.168706, 1173, 1173, 0.0663692, 0.156869, 9.06967e-18, 0.170018, 0.0622852, 0.49389, 2.16325e-05, 0.271353, 0.00151345, 9.8776e-10, 0.0019507, 2.03081e-05, 0.39359, 7.18189e-05, 8.70227e-07, 2.88974e-10, 3.13223e-12, 2.7911e-10, 6.77934e-11, 6.33343e-08, 0.3315, 0.168143, 1173, 1173, 0.0761518, 0.164014, 1.01811e-17, 0.180501, 0.0670164, 0.540738, 2.3439e-05, 0.272423, 0.00155195, 1.0535e-09, 0.00198525, 2.00833e-05, 0.389875, 7.33681e-05, 8.31177e-07, 2.79786e-10, 3.24851e-12, 2.96104e-10, 7.19451e-11, 6.23971e-08, 0.33407, 0.168328, 1173, 1173, 0.0854477, 0.153823, 1.10292e-17, 0.174969, 0.066955, 0.558791, 2.37612e-05, 0.274884, 0.00163059, 1.18592e-09, 0.00205816, 1.9545e-05, 0.381982, 7.65724e-05, 7.56128e-07, 2.61497e-10, 3.49006e-12, 3.30615e-10, 8.0398e-11, 6.03203e-08, 0.339348, 0.13808, 1173, 1173, 0.0803603, 0.126706, 2.12522e-17, 0.216019, 0.0403737, 0.521985, 2.30769e-05, 0.248983, 0.0026404, 1.45168e-09, 0.00250245, 3.24549e-05, 0.391012, 0.000107442, 5.23383e-07, 2.42939e-10, 4.26418e-12, 3.96383e-10, 1.05296e-10, 8.68071e-08, 0.354722, 
0.00835526, 1.00015e+06, 1.00015e+06, 1.00015e+06, 1.00123e+06, 1.00091e+06, 0.168937, 1173, 1173, 0.0674087, 0.16536, 9.29215e-18, 0.17799, 0.0650171, 0.511663, 2.25093e-05, 0.271022, 0.00149756, 9.61593e-10, 0.00193702, 2.03641e-05, 0.394937, 7.11901e-05, 8.85933e-07, 2.92485e-10, 3.08631e-12, 2.72376e-10, 6.61435e-11, 6.36203e-08, 0.330514, 0.168775, 1173, 1173, 0.0670056, 0.158457, 9.15652e-18, 0.171709, 0.0629105, 0.498758, 2.18468e-05, 0.271353, 0.0015131, 9.87363e-10, 0.00195043, 2.0307e-05, 0.393607, 7.18058e-05, 8.70497e-07, 2.89024e-10, 3.13154e-12, 2.79009e-10, 6.77678e-11, 6.33339e-08, 0.331484, 0.168154, 1173, 1173, 0.0761777, 0.164156, 1.01842e-17, 0.180626, 0.0670689, 0.541059, 2.34543e-05, 0.272423, 0.00155158, 1.05308e-09, 0.00198497, 2.00822e-05, 0.389893, 7.33542e-05, 8.31445e-07, 2.79838e-10, 3.24776e-12, 2.95998e-10, 7.1918e-11, 6.23968e-08, 0.334053, 0.168329, 1173, 1173, 0.085773, 0.154497, 1.10707e-17, 0.175703, 0.0672404, 0.561061, 2.38592e-05, 0.274883, 0.00163017, 1.18544e-09, 0.00205785, 1.95443e-05, 0.382004, 7.65567e-05, 7.56405e-07, 2.61554e-10, 3.48913e-12, 3.30491e-10, 8.03659e-11, 6.03214e-08, 0.339329, 0.139042, 1173, 1173, 0.0790405, 0.124697, 2.09084e-17, 0.21259, 0.0397225, 0.513553, 2.27063e-05, 0.248971, 0.0026402, 1.45117e-09, 0.00250225, 3.24612e-05, 0.391041, 0.000107434, 5.23513e-07, 2.42992e-10, 4.26294e-12, 3.96246e-10, 1.0526e-10, 8.68238e-08, 0.354705, 
0.00835938, 1.00015e+06, 1.00015e+06, 1.00015e+06, 1.00123e+06, 1.00091e+06, 0.168985, 1173, 1173, 0.0681067, 0.167162, 9.38832e-18, 0.179899, 0.0657203, 0.517104, 2.27499e-05, 0.271021, 0.00149722, 9.61198e-10, 0.00193676, 2.0363e-05, 0.394953, 7.11772e-05, 8.86206e-07, 2.92536e-10, 3.08563e-12, 2.72276e-10, 6.61182e-11, 6.362e-08, 0.330499, 0.168719, 1173, 1173, 0.0668416, 0.158154, 9.13401e-18, 0.17135, 0.0627847, 0.49767, 2.18003e-05, 0.271352, 0.00151275, 9.86966e-10, 0.00195016, 2.03059e-05, 0.393623, 7.17926e-05, 8.70767e-07, 2.89075e-10, 3.13085e-12, 2.78908e-10, 6.77422e-11, 6.33334e-08, 0.331468, 0.168155, 1173, 1173, 0.0761743, 0.164236, 1.01834e-17, 0.180681, 0.0670955, 0.541172, 2.34605e-05, 0.272423, 0.00155121, 1.05267e-09, 0.00198469, 2.00811e-05, 0.38991, 7.33404e-05, 8.31714e-07, 2.79889e-10, 3.24701e-12, 2.95892e-10, 7.18909e-11, 6.23965e-08, 0.334037, 0.16834, 1173, 1173, 0.0850927, 0.15336, 1.09824e-17, 0.174377, 0.0667374, 0.556752, 2.36775e-05, 0.274882, 0.00162976, 1.18496e-09, 0.00205753, 1.95437e-05, 0.382025, 7.6541e-05, 7.56682e-07, 2.61611e-10, 3.4882e-12, 3.30366e-10, 8.03338e-11, 6.03226e-08, 0.339309, 0.138061, 1173, 1173, 0.0789203, 0.124578, 2.08818e-17, 0.212385, 0.039674, 0.512912, 2.26801e-05, 0.248959, 0.00264001, 1.45066e-09, 0.00250206, 3.24675e-05, 0.39107, 0.000107425, 5.23643e-07, 2.43046e-10, 4.26171e-12, 3.96108e-10, 1.05224e-10, 8.68405e-08, 0.354689, 
0.00836349, 1.00015e+06, 1.00015e+06, 1.00015e+06, 1.00123e+06, 1.0009e+06, 0.168947, 1173, 1173, 0.0662914, 0.162794, 9.13799e-18, 0.175169, 0.0639977, 0.50346, 2.21508e-05, 0.271021, 0.00149688, 9.60803e-10, 0.0019365, 2.0362e-05, 0.39497, 7.11644e-05, 8.86477e-07, 2.92587e-10, 3.08495e-12, 2.72176e-10, 6.60929e-11, 6.36197e-08, 0.330483, 0.168787, 1173, 1173, 0.0670088, 0.158633, 9.15676e-18, 0.17184, 0.0629699, 0.499047, 2.18618e-05, 0.271352, 0.0015124, 9.86569e-10, 0.0019499, 2.03048e-05, 0.39364, 7.17795e-05, 8.71037e-07, 2.89126e-10, 3.13016e-12, 2.78808e-10, 6.77166e-11, 6.3333e-08, 0.331453, 0.168166, 1173, 1173, 0.0762114, 0.164403, 1.01881e-17, 0.180833, 0.067158, 0.541574, 2.34793e-05, 0.272423, 0.00155085, 1.05225e-09, 0.00198441, 2.00801e-05, 0.389928, 7.33265e-05, 8.31983e-07, 2.7994e-10, 3.24626e-12, 2.95786e-10, 7.18638e-11, 6.23962e-08, 0.33402, 0.16834, 1173, 1173, 0.0841555, 0.151758, 1.08609e-17, 0.172523, 0.0660322, 0.55076, 2.34241e-05, 0.27488, 0.00162934, 1.18447e-09, 0.00205722, 1.9543e-05, 0.382046, 7.65255e-05, 7.56957e-07, 2.61668e-10, 3.48727e-12, 3.30242e-10, 8.03018e-11, 6.03237e-08, 0.33929, 0.139023, 1173, 1173, 0.0796311, 0.125772, 2.10751e-17, 0.214418, 0.0400434, 0.517673, 2.28928e-05, 0.248947, 0.00263981, 1.45015e-09, 0.00250187, 3.24738e-05, 0.391099, 0.000107417, 5.23773e-07, 2.43099e-10, 4.26048e-12, 3.9597e-10, 1.05188e-10, 8.68572e-08, 0.354672, 
0.0083676, 1.00015e+06, 1.00015e+06, 1.00015e+06, 1.00122e+06, 1.0009e+06, 0.168994, 1173, 1173, 0.0669252, 0.164439, 9.22517e-18, 0.176909, 0.0646389, 0.508414, 2.23698e-05, 0.271021, 0.00149655, 9.60409e-10, 0.00193624, 2.0361e-05, 0.394987, 7.11517e-05, 8.86747e-07, 2.92638e-10, 3.08428e-12, 2.72076e-10, 6.60677e-11, 6.36194e-08, 0.330467, 0.168731, 1173, 1173, 0.0672695, 0.159335, 9.19229e-18, 0.17257, 0.0632432, 0.501122, 2.19539e-05, 0.271352, 0.00151205, 9.86173e-10, 0.00194963, 2.03038e-05, 0.393657, 7.17663e-05, 8.71308e-07, 2.89176e-10, 3.12947e-12, 2.78707e-10, 6.76911e-11, 6.33325e-08, 0.331437, 0.168167, 1173, 1173, 0.0761201, 0.164293, 1.01755e-17, 0.180679, 0.0671072, 0.541063, 2.34584e-05, 0.272422, 0.00155048, 1.05184e-09, 0.00198414, 2.0079e-05, 0.389945, 7.33126e-05, 8.32251e-07, 2.79992e-10, 3.24551e-12, 2.9568e-10, 7.18367e-11, 6.23959e-08, 0.334003, 0.168352, 1173, 1173, 0.0843421, 0.152181, 1.08845e-17, 0.172973, 0.0662087, 0.552123, 2.34835e-05, 0.274879, 0.00162893, 1.18399e-09, 0.00205691, 1.95424e-05, 0.382068, 7.65099e-05, 7.57232e-07, 2.61725e-10, 3.48634e-12, 3.30118e-10, 8.02698e-11, 6.03248e-08, 0.339271, 0.138042, 1173, 1173, 0.0796249, 0.125834, 2.10787e-17, 0.214522, 0.0400523, 0.517774, 2.28995e-05, 0.248935, 0.00263962, 1.44964e-09, 0.00250168, 3.24801e-05, 0.391128, 0.000107409, 5.23903e-07, 2.43152e-10, 4.25925e-12, 3.95833e-10, 1.05152e-10, 8.68739e-08, 0.354656, 
0.00837171, 1.00015e+06, 1.00015e+06, 1.00015e+06, 1.00122e+06, 1.0009e+06, 0.168961, 1173, 1173, 0.0677591, 0.166578, 9.33979e-18, 0.179179, 0.0654741, 0.514892, 2.2656e-05, 0.27102, 0.00149621, 9.60014e-10, 0.00193598, 2.03599e-05, 0.395003, 7.11389e-05, 8.87018e-07, 2.92688e-10, 3.0836e-12, 2.71976e-10, 6.60424e-11, 6.36191e-08, 0.330452, 0.168799, 1173, 1173, 0.0670656, 0.158936, 9.16433e-18, 0.172109, 0.0630797, 0.499735, 2.18943e-05, 0.271351, 0.00151171, 9.85776e-10, 0.00194937, 2.03027e-05, 0.393674, 7.17532e-05, 8.71579e-07, 2.89227e-10, 3.12879e-12, 2.78606e-10, 6.76656e-11, 6.33321e-08, 0.331421, 0.168178, 1173, 1173, 0.0760855, 0.164305, 1.01706e-17, 0.180661, 0.0671064, 0.540954, 2.3455e-05, 0.272422, 0.00155011, 1.05142e-09, 0.00198386, 2.00779e-05, 0.389963, 7.32988e-05, 8.3252e-07, 2.80043e-10, 3.24476e-12, 2.95574e-10, 7.18096e-11, 6.23957e-08, 0.333987, 0.168353, 1173, 1173, 0.0843005, 0.152193, 1.08786e-17, 0.172954, 0.066206, 0.551991, 2.34793e-05, 0.274877, 0.00162851, 1.18351e-09, 0.0020566, 1.95418e-05, 0.382089, 7.64944e-05, 7.57506e-07, 2.61782e-10, 3.48541e-12, 3.29994e-10, 8.02378e-11, 6.0326e-08, 0.339252, 0.139004, 1173, 1173, 0.0797662, 0.12613, 2.11214e-17, 0.215023, 0.0401354, 0.518835, 2.29486e-05, 0.248923, 0.00263943, 1.44913e-09, 0.00250148, 3.24864e-05, 0.391156, 0.000107401, 5.24032e-07, 2.43206e-10, 4.25802e-12, 3.95695e-10, 1.05116e-10, 8.68906e-08, 0.354639, 
0.00837582, 1.00015e+06, 1.00015e+06, 1.00015e+06, 1.00122e+06, 1.0009e+06, 0.169008, 1173, 1173, 0.0679283, 0.167084, 9.36446e-18, 0.179693, 0.0656674, 0.51632, 2.272e-05, 0.27102, 0.00149587, 9.59621e-10, 0.00193572, 2.03589e-05, 0.39502, 7.11261e-05, 8.87289e-07, 2.92739e-10, 3.08293e-12, 2.71876e-10, 6.60172e-11, 6.36187e-08, 0.330436, 0.168742, 1173, 1173, 0.0667513, 0.158275, 9.1213e-18, 0.171363, 0.0628123, 0.497526, 2.17987e-05, 0.271351, 0.00151136, 9.85381e-10, 0.0019491, 2.03016e-05, 0.39369, 7.174e-05, 8.71849e-07, 2.89278e-10, 3.1281e-12, 2.78506e-10, 6.76401e-11, 6.33316e-08, 0.331405, 0.168179, 1173, 1173, 0.0761547, 0.164542, 1.01796e-17, 0.180889, 0.0671971, 0.541584, 2.34837e-05, 0.272422, 0.00154974, 1.05101e-09, 0.00198358, 2.00769e-05, 0.389981, 7.32849e-05, 8.32789e-07, 2.80095e-10, 3.24401e-12, 2.95469e-10, 7.17826e-11, 6.23954e-08, 0.33397, 0.168365, 1173, 1173, 0.0848659, 0.153301, 1.09509e-17, 0.174182, 0.0666802, 0.555835, 2.36443e-05, 0.274876, 0.0016281, 1.18303e-09, 0.00205628, 1.95411e-05, 0.38211, 7.64789e-05, 7.57781e-07, 2.61838e-10, 3.48448e-12, 3.2987e-10, 8.02058e-11, 6.03271e-08, 0.339232, 0.138023, 1173, 1173, 0.0803001, 0.127046, 2.12681e-17, 0.216583, 0.0404162, 0.522451, 2.31108e-05, 0.248911, 0.00263924, 1.44863e-09, 0.00250129, 3.24927e-05, 0.391185, 0.000107393, 5.24162e-07, 2.43259e-10, 4.25679e-12, 3.95558e-10, 1.0508e-10, 8.69074e-08, 0.354623, 
0.00837993, 1.00015e+06, 1.00015e+06, 1.00015e+06, 1.00122e+06, 1.0009e+06, 0.168972, 1173, 1173, 0.0674857, 0.166084, 9.3036e-18, 0.178587, 0.0652691, 0.513096, 2.25794e-05, 0.271019, 0.00149553, 9.59227e-10, 0.00193546, 2.03579e-05, 0.395037, 7.11133e-05, 8.87561e-07, 2.9279e-10, 3.08225e-12, 2.71776e-10, 6.5992e-11, 6.36184e-08, 0.330421, 0.16881, 1173, 1173, 0.0665759, 0.157943, 9.09724e-18, 0.170974, 0.0626752, 0.49635, 2.17484e-05, 0.271351, 0.00151101, 9.84985e-10, 0.00194883, 2.03005e-05, 0.393707, 7.17269e-05, 8.72119e-07, 2.89328e-10, 3.12741e-12, 2.78406e-10, 6.76147e-11, 6.33312e-08, 0.331389, 0.16819, 1173, 1173, 0.0760747, 0.164456, 1.01686e-17, 0.180762, 0.0671562, 0.541153, 2.34663e-05, 0.272421, 0.00154937, 1.05059e-09, 0.0019833, 2.00758e-05, 0.389998, 7.32711e-05, 8.33057e-07, 2.80146e-10, 3.24326e-12, 2.95363e-10, 7.17556e-11, 6.23951e-08, 0.333954, 0.168368, 1173, 1173, 0.085913, 0.155282, 1.10855e-17, 0.176399, 0.0675335, 0.562836, 2.39436e-05, 0.274875, 0.00162768, 1.18255e-09, 0.00205597, 1.95405e-05, 0.382132, 7.64633e-05, 7.58057e-07, 2.61895e-10, 3.48355e-12, 3.29746e-10, 8.01739e-11, 6.03282e-08, 0.339213, 0.138985, 1173, 1173, 0.0800707, 0.126756, 2.12127e-17, 0.216086, 0.0403128, 0.5211, 2.30532e-05, 0.248899, 0.00263904, 1.44812e-09, 0.0025011, 3.2499e-05, 0.391214, 0.000107385, 5.24292e-07, 2.43312e-10, 4.25556e-12, 3.9542e-10, 1.05044e-10, 8.69241e-08, 0.354607, 
0.00838405, 1.00015e+06, 1.00015e+06, 1.00015e+06, 1.00122e+06, 1.0009e+06, 0.169019, 1173, 1173, 0.0676632, 0.166611, 9.32805e-18, 0.179123, 0.0654705, 0.514588, 2.26462e-05, 0.271019, 0.0014952, 9.58834e-10, 0.0019352, 2.03569e-05, 0.395053, 7.11005e-05, 8.87832e-07, 2.9284e-10, 3.08158e-12, 2.71676e-10, 6.59669e-11, 6.36181e-08, 0.330405, 0.168754, 1173, 1173, 0.0666211, 0.158134, 9.10334e-18, 0.171151, 0.0627458, 0.496818, 2.17701e-05, 0.271351, 0.00151066, 9.8459e-10, 0.00194857, 2.02994e-05, 0.393724, 7.17138e-05, 8.72389e-07, 2.89379e-10, 3.12673e-12, 2.78305e-10, 6.75892e-11, 6.33308e-08, 0.331373, 0.168191, 1173, 1173, 0.0760169, 0.164418, 1.01605e-17, 0.180688, 0.0671348, 0.540879, 2.34557e-05, 0.272421, 0.001549, 1.05018e-09, 0.00198302, 2.00747e-05, 0.390016, 7.32573e-05, 8.33326e-07, 2.80197e-10, 3.24252e-12, 2.95257e-10, 7.17286e-11, 6.23948e-08, 0.333937, 0.168378, 1173, 1173, 0.0850448, 0.1538, 1.0973e-17, 0.174684, 0.0668813, 0.557291, 2.37091e-05, 0.274873, 0.00162727, 1.18207e-09, 0.00205566, 1.95398e-05, 0.382153, 7.64478e-05, 7.58332e-07, 2.61952e-10, 3.48263e-12, 3.29622e-10, 8.01419e-11, 6.03293e-08, 0.339194, 0.138005, 1173, 1173, 0.0813413, 0.128841, 2.15547e-17, 0.219638, 0.0409649, 0.529515, 2.34277e-05, 0.248887, 0.00263885, 1.44761e-09, 0.00250091, 3.25054e-05, 0.391243, 0.000107377, 5.24422e-07, 2.43366e-10, 4.25433e-12, 3.95283e-10, 1.05008e-10, 8.69408e-08, 0.35459, 
0.00838816, 1.00015e+06, 1.00015e+06, 1.00015e+06, 1.00122e+06, 1.0009e+06, 0.168984, 1173, 1173, 0.0675903, 0.166521, 9.31801e-18, 0.178996, 0.0654297, 0.514176, 2.26292e-05, 0.271018, 0.00149486, 9.58441e-10, 0.00193494, 2.03558e-05, 0.39507, 7.10878e-05, 8.88102e-07, 2.92891e-10, 3.08091e-12, 2.71577e-10, 6.59417e-11, 6.36178e-08, 0.330389, 0.168822, 1173, 1173, 0.0662401, 0.157313, 9.05122e-18, 0.170233, 0.0624149, 0.494109, 2.16525e-05, 0.27135, 0.00151032, 9.84195e-10, 0.00194831, 2.02983e-05, 0.39374, 7.17007e-05, 8.72659e-07, 2.89429e-10, 3.12604e-12, 2.78205e-10, 6.75638e-11, 6.33303e-08, 0.331358, 0.168202, 1173, 1173, 0.0760644, 0.164608, 1.01665e-17, 0.180865, 0.0672064, 0.541354, 2.34776e-05, 0.272421, 0.00154864, 1.04977e-09, 0.00198275, 2.00737e-05, 0.390033, 7.32434e-05, 8.33594e-07, 2.80249e-10, 3.24177e-12, 2.95152e-10, 7.17016e-11, 6.23946e-08, 0.33392, 0.16838, 1173, 1173, 0.0854997, 0.154711, 1.10312e-17, 0.175686, 0.0672695, 0.560414, 2.38435e-05, 0.274872, 0.00162685, 1.18159e-09, 0.00205535, 1.95392e-05, 0.382174, 7.64323e-05, 7.58607e-07, 2.62008e-10, 3.4817e-12, 3.29498e-10, 8.011e-11, 6.03304e-08, 0.339175, 0.138966, 1173, 1173, 0.0804389, 0.127484, 2.13209e-17, 0.217323, 0.0405225, 0.523783, 2.31764e-05, 0.248875, 0.00263866, 1.4471e-09, 0.00250071, 3.25117e-05, 0.391271, 0.000107369, 5.24552e-07, 2.43419e-10, 4.2531e-12, 3.95145e-10, 1.04972e-10, 8.69576e-08, 0.354574, 
0.00839227, 1.00015e+06, 1.00015e+06, 1.00015e+06, 1.00122e+06, 1.0009e+06, 0.169031, 1173, 1173, 0.0676328, 0.166715, 9.32388e-18, 0.179174, 0.0655005, 0.514641, 2.26508e-05, 0.271018, 0.00149452, 9.58048e-10, 0.00193468, 2.03548e-05, 0.395087, 7.1075e-05, 8.88373e-07, 2.92942e-10, 3.08023e-12, 2.71477e-10, 6.59166e-11, 6.36174e-08, 0.330374, 0.168765, 1173, 1173, 0.066143, 0.157165, 9.03788e-18, 0.170044, 0.0623512, 0.493515, 2.16276e-05, 0.27135, 0.00150997, 9.838e-10, 0.00194804, 2.02972e-05, 0.393757, 7.16877e-05, 8.72928e-07, 2.8948e-10, 3.12536e-12, 2.78105e-10, 6.75384e-11, 6.33299e-08, 0.331342, 0.168202, 1173, 1173, 0.0758641, 0.164261, 1.01395e-17, 0.180452, 0.067059, 0.540066, 2.34231e-05, 0.272421, 0.00154827, 1.04935e-09, 0.00198247, 2.00726e-05, 0.390051, 7.32296e-05, 8.33862e-07, 2.803e-10, 3.24103e-12, 2.95047e-10, 7.16747e-11, 6.23943e-08, 0.333904, 0.168392, 1173, 1173, 0.086346, 0.156332, 1.11399e-17, 0.177494, 0.0679661, 0.566105, 2.40871e-05, 0.27487, 0.00162644, 1.18111e-09, 0.00205503, 1.95386e-05, 0.382196, 7.64167e-05, 7.58884e-07, 2.62065e-10, 3.48078e-12, 3.29374e-10, 8.00782e-11, 6.03316e-08, 0.339156, 0.137985, 1173, 1173, 0.0800301, 0.126909, 2.12179e-17, 0.21634, 0.0403287, 0.521264, 2.30671e-05, 0.248863, 0.00263846, 1.4466e-09, 0.00250052, 3.2518e-05, 0.3913, 0.000107361, 5.24682e-07, 2.43472e-10, 4.25187e-12, 3.95008e-10, 1.04936e-10, 8.69743e-08, 0.354558, 
0.00839638, 1.00015e+06, 1.00015e+06, 1.00015e+06, 1.00122e+06, 1.0009e+06, 0.168996, 1173, 1173, 0.0676726, 0.166902, 9.32941e-18, 0.179345, 0.0655688, 0.515086, 2.26716e-05, 0.271017, 0.00149419, 9.57656e-10, 0.00193442, 2.03538e-05, 0.395103, 7.10623e-05, 8.88644e-07, 2.92992e-10, 3.07956e-12, 2.71378e-10, 6.58915e-11, 6.36171e-08, 0.330358, 0.168832, 1173, 1173, 0.0654891, 0.155694, 8.94849e-18, 0.168423, 0.0617624, 0.488767, 2.14206e-05, 0.27135, 0.00150963, 9.83406e-10, 0.00194778, 2.02961e-05, 0.393774, 7.16747e-05, 8.73196e-07, 2.8953e-10, 3.12467e-12, 2.78005e-10, 6.7513e-11, 6.33294e-08, 0.331326, 0.168213, 1173, 1173, 0.0757572, 0.164116, 1.01249e-17, 0.180261, 0.0669941, 0.539442, 2.33973e-05, 0.27242, 0.0015479, 1.04894e-09, 0.00198219, 2.00716e-05, 0.390068, 7.32159e-05, 8.3413e-07, 2.80351e-10, 3.24028e-12, 2.94941e-10, 7.16478e-11, 6.2394e-08, 0.333887, 0.168393, 1173, 1173, 0.0861561, 0.156078, 1.11149e-17, 0.177172, 0.0678473, 0.565003, 2.40418e-05, 0.274869, 0.00162602, 1.18063e-09, 0.00205472, 1.95379e-05, 0.382217, 7.64011e-05, 7.5916e-07, 2.62122e-10, 3.47986e-12, 3.29251e-10, 8.00463e-11, 6.03327e-08, 0.339136, 0.138947, 1173, 1173, 0.0801807, 0.12722, 2.12632e-17, 0.216869, 0.0404167, 0.522387, 2.31191e-05, 0.248851, 0.00263827, 1.44609e-09, 0.00250033, 3.25243e-05, 0.391329, 0.000107353, 5.24812e-07, 2.43525e-10, 4.25064e-12, 3.94871e-10, 1.049e-10, 8.6991e-08, 0.354541, 
0.00840049, 1.00015e+06, 1.00015e+06, 1.00015e+06, 1.00122e+06, 1.0009e+06, 0.169043, 1173, 1173, 0.0677835, 0.167266, 9.34474e-18, 0.179705, 0.065706, 0.516072, 2.27162e-05, 0.271017, 0.00149385, 9.57264e-10, 0.00193416, 2.03527e-05, 0.39512, 7.10495e-05, 8.88914e-07, 2.93043e-10, 3.07889e-12, 2.71279e-10, 6.58664e-11, 6.36168e-08, 0.330343, 0.168777, 1173, 1173, 0.0662541, 0.157596, 9.05298e-18, 0.170451, 0.0625117, 0.494607, 2.16778e-05, 0.27135, 0.00150929, 9.83012e-10, 0.00194752, 2.02951e-05, 0.39379, 7.16617e-05, 8.73465e-07, 2.8958e-10, 3.12399e-12, 2.77905e-10, 6.74876e-11, 6.3329e-08, 0.331311, 0.168214, 1173, 1173, 0.0757178, 0.164117, 1.01193e-17, 0.18023, 0.0669888, 0.539299, 2.33924e-05, 0.27242, 0.00154754, 1.04853e-09, 0.00198192, 2.00705e-05, 0.390085, 7.32021e-05, 8.34398e-07, 2.80402e-10, 3.23954e-12, 2.94836e-10, 7.16209e-11, 6.23937e-08, 0.333871, 0.168404, 1173, 1173, 0.0860394, 0.155955, 1.10993e-17, 0.177001, 0.067786, 0.564381, 2.40168e-05, 0.274867, 0.00162561, 1.18015e-09, 0.00205441, 1.95373e-05, 0.382239, 7.63855e-05, 7.59437e-07, 2.62179e-10, 3.47894e-12, 3.29127e-10, 8.00145e-11, 6.03338e-08, 0.339117, 0.137966, 1173, 1173, 0.0800463, 0.12708, 2.12329e-17, 0.216627, 0.0403611, 0.521655, 2.30889e-05, 0.248839, 0.00263808, 1.44558e-09, 0.00250014, 3.25307e-05, 0.391358, 0.000107345, 5.24941e-07, 2.43579e-10, 4.24942e-12, 3.94734e-10, 1.04864e-10, 8.70077e-08, 0.354525, 
0.00840461, 1.00015e+06, 1.00015e+06, 1.00015e+06, 1.00122e+06, 1.0009e+06, 0.169008, 1173, 1173, 0.0678773, 0.167587, 9.35773e-18, 0.18002, 0.0658267, 0.516929, 2.27551e-05, 0.271017, 0.00149352, 9.56872e-10, 0.0019339, 2.03517e-05, 0.395136, 7.10368e-05, 8.89185e-07, 2.93093e-10, 3.07822e-12, 2.71179e-10, 6.58414e-11, 6.36164e-08, 0.330327, 0.168844, 1173, 1173, 0.0656918, 0.156341, 8.97595e-18, 0.169064, 0.0620089, 0.49054, 2.15006e-05, 0.271349, 0.00150894, 9.82618e-10, 0.00194725, 2.0294e-05, 0.393807, 7.16487e-05, 8.73733e-07, 2.8963e-10, 3.1233e-12, 2.77805e-10, 6.74623e-11, 6.33285e-08, 0.331295, 0.168225, 1173, 1173, 0.0757024, 0.164171, 1.0117e-17, 0.180257, 0.0670048, 0.539326, 2.33949e-05, 0.27242, 0.00154717, 1.04811e-09, 0.00198164, 2.00694e-05, 0.390103, 7.31883e-05, 8.34666e-07, 2.80453e-10, 3.23879e-12, 2.94731e-10, 7.1594e-11, 6.23934e-08, 0.333854, 0.168406, 1173, 1173, 0.0859747, 0.155927, 1.10905e-17, 0.176936, 0.0677657, 0.564099, 2.40064e-05, 0.274866, 0.00162519, 1.17967e-09, 0.00205409, 1.95366e-05, 0.38226, 7.63699e-05, 7.59713e-07, 2.62236e-10, 3.47801e-12, 3.29004e-10, 7.99827e-11, 6.03349e-08, 0.339098, 0.138928, 1173, 1173, 0.0789579, 0.125423, 2.09494e-17, 0.213801, 0.0398242, 0.514702, 2.27833e-05, 0.248827, 0.00263789, 1.44508e-09, 0.00249994, 3.2537e-05, 0.391386, 0.000107337, 5.25071e-07, 2.43632e-10, 4.24819e-12, 3.94597e-10, 1.04829e-10, 8.70245e-08, 0.354509, 
0.00840872, 1.00015e+06, 1.00015e+06, 1.00015e+06, 1.00122e+06, 1.0009e+06, 0.169054, 1173, 1173, 0.0678495, 0.167608, 9.35396e-18, 0.180012, 0.0658296, 0.51686, 2.27532e-05, 0.271016, 0.00149318, 9.56481e-10, 0.00193364, 2.03507e-05, 0.395153, 7.10241e-05, 8.89455e-07, 2.93143e-10, 3.07755e-12, 2.7108e-10, 6.58163e-11, 6.36161e-08, 0.330312, 0.168789, 1173, 1173, 0.0659081, 0.156938, 9.00545e-18, 0.169681, 0.0622408, 0.492286, 2.15783e-05, 0.271349, 0.0015086, 9.82224e-10, 0.00194699, 2.02929e-05, 0.393823, 7.16357e-05, 8.74001e-07, 2.8968e-10, 3.12262e-12, 2.77705e-10, 6.7437e-11, 6.33281e-08, 0.331279, 0.168225, 1173, 1173, 0.0755117, 0.163844, 1.00912e-17, 0.179866, 0.0668654, 0.538104, 2.33432e-05, 0.27242, 0.00154681, 1.0477e-09, 0.00198136, 2.00684e-05, 0.39012, 7.31746e-05, 8.34933e-07, 2.80505e-10, 3.23805e-12, 2.94626e-10, 7.15671e-11, 6.23932e-08, 0.333838, 0.168417, 1173, 1173, 0.0855873, 0.155313, 1.104e-17, 0.176207, 0.0674908, 0.5617, 2.39058e-05, 0.274864, 0.00162478, 1.17919e-09, 0.00205378, 1.9536e-05, 0.382281, 7.63544e-05, 7.5999e-07, 2.62293e-10, 3.4771e-12, 3.28881e-10, 7.99509e-11, 6.0336e-08, 0.339079, 0.137947, 1173, 1173, 0.0789006, 0.125404, 2.09395e-17, 0.213765, 0.0398072, 0.514469, 2.27752e-05, 0.248815, 0.0026377, 1.44457e-09, 0.00249975, 3.25433e-05, 0.391415, 0.000107329, 5.25199e-07, 2.43685e-10, 4.24697e-12, 3.9446e-10, 1.04793e-10, 8.70412e-08, 0.354492, 
0.00841283, 1.00015e+06, 1.00015e+06, 1.00015e+06, 1.00122e+06, 1.0009e+06, 0.16902, 1173, 1173, 0.067786, 0.167541, 9.34525e-18, 0.179909, 0.0657977, 0.516518, 2.27393e-05, 0.271016, 0.00149285, 9.56089e-10, 0.00193339, 2.03497e-05, 0.395169, 7.10114e-05, 8.89725e-07, 2.93194e-10, 3.07688e-12, 2.70981e-10, 6.57913e-11, 6.36157e-08, 0.330296, 0.168857, 1173, 1173, 0.0658905, 0.156979, 9.00298e-18, 0.169696, 0.0622519, 0.492285, 2.15794e-05, 0.271349, 0.00150826, 9.81831e-10, 0.00194673, 2.02918e-05, 0.39384, 7.16227e-05, 8.7427e-07, 2.8973e-10, 3.12194e-12, 2.77605e-10, 6.74117e-11, 6.33276e-08, 0.331264, 0.168236, 1173, 1173, 0.07539, 0.163666, 1.00746e-17, 0.179639, 0.066787, 0.537373, 2.33128e-05, 0.272419, 0.00154644, 1.04729e-09, 0.00198109, 2.00673e-05, 0.390138, 7.31609e-05, 8.352e-07, 2.80556e-10, 3.23731e-12, 2.94521e-10, 7.15403e-11, 6.23929e-08, 0.333821, 0.168418, 1173, 1173, 0.0856396, 0.155497, 1.10462e-17, 0.176382, 0.0675625, 0.562185, 2.39279e-05, 0.274863, 0.00162437, 1.17871e-09, 0.00205347, 1.95354e-05, 0.382303, 7.63389e-05, 7.60266e-07, 2.6235e-10, 3.47618e-12, 3.28757e-10, 7.99192e-11, 6.03372e-08, 0.33906, 0.138909, 1173, 1173, 0.0802752, 0.127661, 2.13097e-17, 0.217611, 0.0405128, 0.523575, 2.31805e-05, 0.248803, 0.00263751, 1.44407e-09, 0.00249956, 3.25496e-05, 0.391444, 0.000107321, 5.25329e-07, 2.43738e-10, 4.24574e-12, 3.94323e-10, 1.04757e-10, 8.70579e-08, 0.354476, 
0.00841694, 1.00015e+06, 1.00015e+06, 1.00015e+06, 1.00122e+06, 1.0009e+06, 0.169066, 1173, 1173, 0.067904, 0.167923, 9.36158e-18, 0.180289, 0.0659422, 0.51756, 2.27863e-05, 0.271015, 0.00149251, 9.55698e-10, 0.00193313, 2.03486e-05, 0.395186, 7.09987e-05, 8.89995e-07, 2.93244e-10, 3.07622e-12, 2.70882e-10, 6.57663e-11, 6.36154e-08, 0.330281, 0.1688, 1173, 1173, 0.0657567, 0.156743, 8.98464e-18, 0.169412, 0.0621531, 0.491416, 2.15424e-05, 0.271349, 0.00150791, 9.81438e-10, 0.00194646, 2.02907e-05, 0.393856, 7.16098e-05, 8.74538e-07, 2.89781e-10, 3.12126e-12, 2.77506e-10, 6.73864e-11, 6.33272e-08, 0.331248, 0.168237, 1173, 1173, 0.075353, 0.163671, 1.00694e-17, 0.179613, 0.0667837, 0.537246, 2.33086e-05, 0.272419, 0.00154608, 1.04688e-09, 0.00198081, 2.00663e-05, 0.390155, 7.31472e-05, 8.35467e-07, 2.80607e-10, 3.23657e-12, 2.94416e-10, 7.15135e-11, 6.23926e-08, 0.333805, 0.168429, 1173, 1173, 0.085409, 0.155167, 1.1016e-17, 0.175976, 0.067411, 0.560814, 2.38711e-05, 0.274862, 0.00162395, 1.17824e-09, 0.00205316, 1.95347e-05, 0.382324, 7.63234e-05, 7.60541e-07, 2.62407e-10, 3.47526e-12, 3.28634e-10, 7.98875e-11, 6.03383e-08, 0.339041, 0.137928, 1173, 1173, 0.078527, 0.124952, 2.08509e-17, 0.212991, 0.0396424, 0.512313, 2.26841e-05, 0.248791, 0.00263733, 1.44356e-09, 0.00249937, 3.2556e-05, 0.391472, 0.000107313, 5.25458e-07, 2.43791e-10, 4.24452e-12, 3.94186e-10, 1.04721e-10, 8.70746e-08, 0.35446, 
0.00842105, 1.00015e+06, 1.00015e+06, 1.00015e+06, 1.00122e+06, 1.0009e+06, 0.169032, 1173, 1173, 0.0680546, 0.168385, 9.38239e-18, 0.180755, 0.0661183, 0.51885, 2.28443e-05, 0.271015, 0.00149218, 9.55308e-10, 0.00193287, 2.03476e-05, 0.395202, 7.0986e-05, 8.90266e-07, 2.93295e-10, 3.07555e-12, 2.70783e-10, 6.57413e-11, 6.36151e-08, 0.330265, 0.168869, 1173, 1173, 0.0659754, 0.157347, 9.01448e-18, 0.170036, 0.0623877, 0.493181, 2.1621e-05, 0.271348, 0.00150757, 9.81045e-10, 0.0019462, 2.02896e-05, 0.393873, 7.15968e-05, 8.74806e-07, 2.89831e-10, 3.12058e-12, 2.77406e-10, 6.73612e-11, 6.33267e-08, 0.331232, 0.168248, 1173, 1173, 0.0752818, 0.163603, 1.00596e-17, 0.179507, 0.06675, 0.536875, 2.32938e-05, 0.272419, 0.00154571, 1.04647e-09, 0.00198054, 2.00652e-05, 0.390172, 7.31335e-05, 8.35734e-07, 2.80658e-10, 3.23583e-12, 2.94311e-10, 7.14867e-11, 6.23923e-08, 0.333789, 0.16843, 1173, 1173, 0.0853505, 0.155149, 1.10079e-17, 0.175923, 0.0673952, 0.560571, 2.38623e-05, 0.27486, 0.00162354, 1.17776e-09, 0.00205285, 1.95341e-05, 0.382345, 7.63079e-05, 7.60817e-07, 2.62463e-10, 3.47434e-12, 3.28511e-10, 7.98558e-11, 6.03394e-08, 0.339021, 0.13889, 1173, 1173, 0.0809675, 0.128909, 2.15043e-17, 0.219734, 0.0408867, 0.52838, 2.33977e-05, 0.248779, 0.00263714, 1.44306e-09, 0.00249918, 3.25623e-05, 0.391501, 0.000107305, 5.25587e-07, 2.43844e-10, 4.2433e-12, 3.94049e-10, 1.04686e-10, 8.70913e-08, 0.354443, 
0.00842516, 1.00015e+06, 1.00015e+06, 1.00015e+06, 1.00122e+06, 1.0009e+06, 0.169081, 1173, 1173, 0.0697264, 0.172614, 9.61292e-18, 0.185263, 0.0677732, 0.531742, 2.34132e-05, 0.271014, 0.00149184, 9.54917e-10, 0.00193261, 2.03466e-05, 0.395219, 7.09732e-05, 8.90537e-07, 2.93345e-10, 3.07488e-12, 2.70684e-10, 6.57164e-11, 6.36147e-08, 0.33025, 0.168811, 1173, 1173, 0.0649968, 0.155095, 8.88073e-18, 0.167573, 0.0614897, 0.485995, 2.1307e-05, 0.271348, 0.00150723, 9.80653e-10, 0.00194594, 2.02886e-05, 0.393889, 7.15839e-05, 8.75073e-07, 2.89881e-10, 3.1199e-12, 2.77306e-10, 6.73359e-11, 6.33262e-08, 0.331217, 0.168249, 1173, 1173, 0.0752948, 0.163717, 1.0061e-17, 0.1796, 0.0667909, 0.537104, 2.3305e-05, 0.272418, 0.00154535, 1.04605e-09, 0.00198026, 2.00641e-05, 0.39019, 7.31199e-05, 8.36001e-07, 2.80708e-10, 3.23509e-12, 2.94206e-10, 7.14599e-11, 6.2392e-08, 0.333772, 0.168442, 1173, 1173, 0.0852196, 0.154999, 1.09905e-17, 0.175721, 0.0673222, 0.559854, 2.38332e-05, 0.274859, 0.00162313, 1.17728e-09, 0.00205253, 1.95335e-05, 0.382367, 7.62925e-05, 7.61093e-07, 2.6252e-10, 3.47343e-12, 3.28388e-10, 7.98241e-11, 6.03405e-08, 0.339002, 0.137909, 1173, 1173, 0.0777999, 0.123937, 2.06683e-17, 0.211256, 0.0392988, 0.507847, 2.24907e-05, 0.248767, 0.00263695, 1.44255e-09, 0.00249899, 3.25686e-05, 0.39153, 0.000107297, 5.25715e-07, 2.43897e-10, 4.24208e-12, 3.93913e-10, 1.0465e-10, 8.7108e-08, 0.354427, 
0.00842928, 1.00015e+06, 1.00015e+06, 1.00015e+06, 1.00122e+06, 1.0009e+06, 0.169047, 1173, 1173, 0.0701556, 0.17377, 9.67214e-18, 0.186472, 0.0682213, 0.535162, 2.3565e-05, 0.271014, 0.00149151, 9.54527e-10, 0.00193235, 2.03455e-05, 0.395236, 7.09604e-05, 8.90811e-07, 2.93396e-10, 3.07422e-12, 2.70585e-10, 6.56915e-11, 6.36144e-08, 0.330234, 0.168878, 1173, 1173, 0.0645448, 0.154097, 8.81892e-18, 0.166466, 0.0610892, 0.482744, 2.11655e-05, 0.271348, 0.00150689, 9.80261e-10, 0.00194568, 2.02875e-05, 0.393906, 7.1571e-05, 8.75339e-07, 2.8993e-10, 3.11922e-12, 2.77207e-10, 6.73107e-11, 6.33258e-08, 0.331201, 0.168261, 1173, 1173, 0.0758295, 0.164967, 1.01322e-17, 0.180939, 0.0672949, 0.541056, 2.34778e-05, 0.272418, 0.00154499, 1.04564e-09, 0.00197999, 2.00631e-05, 0.390207, 7.31062e-05, 8.36268e-07, 2.80759e-10, 3.23435e-12, 2.94102e-10, 7.14331e-11, 6.23918e-08, 0.333756, 0.168443, 1173, 1173, 0.0852081, 0.155067, 1.09885e-17, 0.175765, 0.0673435, 0.55992, 2.38375e-05, 0.274857, 0.00162272, 1.1768e-09, 0.00205222, 1.95328e-05, 0.382388, 7.6277e-05, 7.61368e-07, 2.62577e-10, 3.47251e-12, 3.28265e-10, 7.97925e-11, 6.03416e-08, 0.338983, 0.13887, 1173, 1173, 0.0791088, 0.126093, 2.10213e-17, 0.21493, 0.0399719, 0.516533, 2.28775e-05, 0.248755, 0.00263676, 1.44205e-09, 0.0024988, 3.2575e-05, 0.391558, 0.000107289, 5.25844e-07, 2.4395e-10, 4.24086e-12, 3.93776e-10, 1.04614e-10, 8.71248e-08, 0.354411, 
0.00843339, 1.00015e+06, 1.00015e+06, 1.00015e+06, 1.00122e+06, 1.0009e+06, 0.169095, 1173, 1173, 0.0709025, 0.175714, 9.77514e-18, 0.188526, 0.0689787, 0.541006, 2.38237e-05, 0.271013, 0.00149117, 9.54138e-10, 0.00193208, 2.03445e-05, 0.395253, 7.09475e-05, 8.91086e-07, 2.93447e-10, 3.07356e-12, 2.70486e-10, 6.56665e-11, 6.3614e-08, 0.330219, 0.16882, 1173, 1173, 0.0636306, 0.151994, 8.69398e-18, 0.164167, 0.0602508, 0.476034, 2.08724e-05, 0.271348, 0.00150655, 9.79869e-10, 0.00194542, 2.02864e-05, 0.393922, 7.15583e-05, 8.75604e-07, 2.8998e-10, 3.11853e-12, 2.77107e-10, 6.72855e-11, 6.33253e-08, 0.331186, 0.16826, 1173, 1173, 0.0750554, 0.163369, 1.00285e-17, 0.179155, 0.0666372, 0.535669, 2.32453e-05, 0.272418, 0.00154462, 1.04523e-09, 0.00197971, 2.0062e-05, 0.390224, 7.30925e-05, 8.36535e-07, 2.8081e-10, 3.23361e-12, 2.93997e-10, 7.14064e-11, 6.23915e-08, 0.333739, 0.168454, 1173, 1173, 0.085187, 0.155116, 1.09853e-17, 0.175789, 0.0673572, 0.559923, 2.38392e-05, 0.274856, 0.00162231, 1.17633e-09, 0.00205191, 1.95322e-05, 0.382409, 7.62616e-05, 7.61643e-07, 2.62633e-10, 3.47159e-12, 3.28143e-10, 7.97609e-11, 6.03427e-08, 0.338964, 0.13789, 1173, 1173, 0.0791128, 0.126171, 2.10277e-17, 0.215061, 0.0399859, 0.5167, 2.28871e-05, 0.248743, 0.00263658, 1.44155e-09, 0.00249861, 3.25813e-05, 0.391587, 0.000107282, 5.25972e-07, 2.44003e-10, 4.23964e-12, 3.9364e-10, 1.04579e-10, 8.71415e-08, 0.354395, 
0.0084375, 1.00015e+06, 1.00015e+06, 1.00015e+06, 1.00122e+06, 1.0009e+06, 0.169062, 1173, 1173, 0.0718208, 0.178086, 9.90178e-18, 0.191039, 0.0699037, 0.548162, 2.41402e-05, 0.271013, 0.00149083, 9.53748e-10, 0.00193182, 2.03435e-05, 0.39527, 7.09346e-05, 8.91362e-07, 2.93499e-10, 3.0729e-12, 2.70388e-10, 6.56417e-11, 6.36137e-08, 0.330203, 0.168888, 1173, 1173, 0.0631854, 0.151009, 8.63312e-18, 0.163076, 0.0598558, 0.472829, 2.07329e-05, 0.271347, 0.00150621, 9.79477e-10, 0.00194517, 2.02853e-05, 0.393938, 7.15455e-05, 8.75867e-07, 2.90029e-10, 3.11785e-12, 2.77008e-10, 6.72603e-11, 6.33248e-08, 0.33117, 0.168271, 1173, 1173, 0.0749291, 0.163179, 1.00113e-17, 0.178916, 0.0665543, 0.534903, 2.32134e-05, 0.272418, 0.00154426, 1.04482e-09, 0.00197944, 2.0061e-05, 0.390242, 7.30789e-05, 8.36801e-07, 2.80861e-10, 3.23287e-12, 2.93892e-10, 7.13797e-11, 6.23912e-08, 0.333723, 0.168456, 1173, 1173, 0.0851606, 0.155157, 1.09814e-17, 0.175803, 0.0673666, 0.559892, 2.38393e-05, 0.274854, 0.0016219, 1.17585e-09, 0.0020516, 1.95315e-05, 0.38243, 7.62461e-05, 7.61919e-07, 2.6269e-10, 3.47068e-12, 3.2802e-10, 7.97293e-11, 6.03438e-08, 0.338945, 0.138851, 1173, 1173, 0.0789203, 0.125936, 2.09818e-17, 0.214657, 0.0399005, 0.515583, 2.28398e-05, 0.248731, 0.00263639, 1.44104e-09, 0.00249842, 3.25876e-05, 0.391615, 0.000107274, 5.26101e-07, 2.44056e-10, 4.23842e-12, 3.93504e-10, 1.04543e-10, 8.71582e-08, 0.354379, 
0.00844161, 1.00015e+06, 1.00015e+06, 1.00015e+06, 1.00122e+06, 1.0009e+06, 0.169106, 1173, 1173, 0.0707402, 0.175501, 9.75282e-18, 0.188233, 0.0688829, 0.54006, 2.37847e-05, 0.271012, 0.00149049, 9.53359e-10, 0.00193155, 2.03424e-05, 0.395287, 7.09216e-05, 8.91639e-07, 2.9355e-10, 3.07224e-12, 2.70289e-10, 6.56168e-11, 6.36134e-08, 0.330187, 0.168833, 1173, 1173, 0.0639631, 0.152948, 8.73935e-18, 0.165141, 0.0606195, 0.478777, 2.09948e-05, 0.271347, 0.00150588, 9.79086e-10, 0.00194491, 2.02842e-05, 0.393954, 7.15328e-05, 8.76131e-07, 2.90078e-10, 3.11717e-12, 2.76909e-10, 6.72352e-11, 6.33244e-08, 0.331155, 0.168272, 1173, 1173, 0.0752211, 0.163901, 1.005e-17, 0.179676, 0.066843, 0.537124, 2.3311e-05, 0.272417, 0.0015439, 1.04441e-09, 0.00197916, 2.00599e-05, 0.390259, 7.30653e-05, 8.37067e-07, 2.80912e-10, 3.23213e-12, 2.93788e-10, 7.1353e-11, 6.23909e-08, 0.333707, 0.168467, 1173, 1173, 0.0851311, 0.155191, 1.09771e-17, 0.17581, 0.0673737, 0.55984, 2.38386e-05, 0.274853, 0.00162149, 1.17538e-09, 0.00205129, 1.95309e-05, 0.382452, 7.62307e-05, 7.62194e-07, 2.62746e-10, 3.46977e-12, 3.27897e-10, 7.96977e-11, 6.0345e-08, 0.338926, 0.137871, 1173, 1173, 0.0790629, 0.126235, 2.10251e-17, 0.215166, 0.0399845, 0.516656, 2.28895e-05, 0.248719, 0.0026362, 1.44054e-09, 0.00249823, 3.2594e-05, 0.391644, 0.000107266, 5.26229e-07, 2.44109e-10, 4.2372e-12, 3.93367e-10, 1.04508e-10, 8.71749e-08, 0.354363, 
0.00844572, 1.00015e+06, 1.00015e+06, 1.00015e+06, 1.00122e+06, 1.0009e+06, 0.16907, 1173, 1173, 0.0696454, 0.172877, 9.60192e-18, 0.185388, 0.0678475, 0.531847, 2.34243e-05, 0.271012, 0.00149015, 9.5297e-10, 0.00193129, 2.03414e-05, 0.395303, 7.09087e-05, 8.91914e-07, 2.93602e-10, 3.07159e-12, 2.70191e-10, 6.5592e-11, 6.36131e-08, 0.330171, 0.168902, 1173, 1173, 0.0646762, 0.154734, 8.83675e-18, 0.167041, 0.0613226, 0.484244, 2.12355e-05, 0.271347, 0.00150554, 9.78695e-10, 0.00194465, 2.02832e-05, 0.39397, 7.15201e-05, 8.76395e-07, 2.90127e-10, 3.11649e-12, 2.7681e-10, 6.721e-11, 6.33239e-08, 0.33114, 0.168284, 1173, 1173, 0.0755227, 0.164645, 1.00901e-17, 0.180459, 0.0671406, 0.539415, 2.34117e-05, 0.272417, 0.00154354, 1.044e-09, 0.00197889, 2.00589e-05, 0.390276, 7.30517e-05, 8.37333e-07, 2.80963e-10, 3.2314e-12, 2.93683e-10, 7.13263e-11, 6.23906e-08, 0.33369, 0.168468, 1173, 1173, 0.0851095, 0.15524, 1.09738e-17, 0.175833, 0.0673869, 0.55984, 2.38401e-05, 0.274851, 0.00162108, 1.1749e-09, 0.00205098, 1.95303e-05, 0.382473, 7.62153e-05, 7.62469e-07, 2.62803e-10, 3.46886e-12, 3.27775e-10, 7.96662e-11, 6.03461e-08, 0.338907, 0.138832, 1173, 1173, 0.0791582, 0.126459, 2.10558e-17, 0.215546, 0.0400447, 0.517421, 2.29256e-05, 0.248707, 0.00263602, 1.44004e-09, 0.00249804, 3.26003e-05, 0.391672, 0.000107258, 5.26357e-07, 2.44161e-10, 4.23599e-12, 3.93231e-10, 1.04472e-10, 8.71916e-08, 0.354346, 
0.00844984, 1.00015e+06, 1.00015e+06, 1.00015e+06, 1.00122e+06, 1.0009e+06, 0.169114, 1173, 1173, 0.0687634, 0.170779, 9.48035e-18, 0.183108, 0.0670185, 0.525254, 2.31352e-05, 0.271011, 0.00148981, 9.52582e-10, 0.00193103, 2.03404e-05, 0.39532, 7.0896e-05, 8.92187e-07, 2.93652e-10, 3.07093e-12, 2.70093e-10, 6.55672e-11, 6.36128e-08, 0.330156, 0.168846, 1173, 1173, 0.0650977, 0.155825, 8.89431e-18, 0.168189, 0.0617497, 0.48753, 2.13807e-05, 0.271347, 0.0015052, 9.78304e-10, 0.00194439, 2.02821e-05, 0.393987, 7.15073e-05, 8.7666e-07, 2.90177e-10, 3.11582e-12, 2.7671e-10, 6.71849e-11, 6.33234e-08, 0.331124, 0.168285, 1173, 1173, 0.075829, 0.1654, 1.01307e-17, 0.181254, 0.0674424, 0.54174, 2.3514e-05, 0.272417, 0.00154318, 1.04359e-09, 0.00197862, 2.00578e-05, 0.390293, 7.3038e-05, 8.376e-07, 2.81014e-10, 3.23066e-12, 2.93579e-10, 7.12997e-11, 6.23903e-08, 0.333674, 0.168479, 1173, 1173, 0.0849627, 0.155061, 1.09544e-17, 0.175597, 0.0673009, 0.559016, 2.38065e-05, 0.27485, 0.00162067, 1.17442e-09, 0.00205067, 1.95296e-05, 0.382494, 7.61999e-05, 7.62744e-07, 2.62859e-10, 3.46795e-12, 3.27652e-10, 7.96347e-11, 6.03472e-08, 0.338888, 0.137852, 1173, 1173, 0.0790785, 0.126404, 2.10399e-17, 0.215449, 0.0400163, 0.517041, 2.2911e-05, 0.248695, 0.00263583, 1.43953e-09, 0.00249786, 3.26067e-05, 0.391701, 0.00010725, 5.26485e-07, 2.44214e-10, 4.23477e-12, 3.93095e-10, 1.04436e-10, 8.72083e-08, 0.35433, 
0.00845395, 1.00015e+06, 1.00015e+06, 1.00015e+06, 1.00122e+06, 1.0009e+06, 0.169078, 1173, 1173, 0.0678022, 0.168482, 9.34789e-18, 0.180614, 0.0661115, 0.518054, 2.28193e-05, 0.271011, 0.00148948, 9.52194e-10, 0.00193077, 2.03394e-05, 0.395337, 7.08833e-05, 8.92458e-07, 2.93703e-10, 3.07027e-12, 2.69994e-10, 6.55424e-11, 6.36124e-08, 0.33014, 0.168915, 1173, 1173, 0.065566, 0.157028, 8.95825e-18, 0.169459, 0.0622215, 0.491168, 2.15413e-05, 0.271347, 0.00150486, 9.77913e-10, 0.00194413, 2.0281e-05, 0.394003, 7.14945e-05, 8.76926e-07, 2.90226e-10, 3.11514e-12, 2.76611e-10, 6.71598e-11, 6.33229e-08, 0.331109, 0.168297, 1173, 1173, 0.0761286, 0.16614, 1.01704e-17, 0.182034, 0.0677387, 0.544018, 2.36142e-05, 0.272416, 0.00154281, 1.04318e-09, 0.00197834, 2.00568e-05, 0.390311, 7.30243e-05, 8.37868e-07, 2.81065e-10, 3.22993e-12, 2.93475e-10, 7.1273e-11, 6.23901e-08, 0.333658, 0.16848, 1173, 1173, 0.0847555, 0.15477, 1.09272e-17, 0.175236, 0.0671671, 0.557794, 2.37559e-05, 0.274848, 0.00162026, 1.17395e-09, 0.00205036, 1.9529e-05, 0.382515, 7.61846e-05, 7.63019e-07, 2.62916e-10, 3.46704e-12, 3.2753e-10, 7.96032e-11, 6.03483e-08, 0.338869, 0.138813, 1173, 1173, 0.0794857, 0.127127, 2.11537e-17, 0.21668, 0.0402343, 0.519846, 2.30375e-05, 0.248683, 0.00263565, 1.43903e-09, 0.00249767, 3.2613e-05, 0.391729, 0.000107242, 5.26613e-07, 2.44267e-10, 4.23355e-12, 3.92959e-10, 1.04401e-10, 8.7225e-08, 0.354314, 
0.00845806, 1.00015e+06, 1.00015e+06, 1.00015e+06, 1.00122e+06, 1.0009e+06, 0.169123, 1173, 1173, 0.0673768, 0.167515, 9.28928e-18, 0.179547, 0.0657264, 0.514945, 2.26835e-05, 0.27101, 0.00148915, 9.51806e-10, 0.00193052, 2.03383e-05, 0.395353, 7.08706e-05, 8.92729e-07, 2.93753e-10, 3.06961e-12, 2.69896e-10, 6.55176e-11, 6.36121e-08, 0.330125, 0.168862, 1173, 1173, 0.0674376, 0.161595, 9.21393e-18, 0.174358, 0.0640261, 0.505322, 2.21633e-05, 0.271346, 0.00150452, 9.77523e-10, 0.00194387, 2.02799e-05, 0.394019, 7.14816e-05, 8.77193e-07, 2.90276e-10, 3.11446e-12, 2.76512e-10, 6.71347e-11, 6.33225e-08, 0.331093, 0.168298, 1173, 1173, 0.0761199, 0.166209, 1.0169e-17, 0.182077, 0.0677607, 0.544093, 2.36188e-05, 0.272416, 0.00154245, 1.04278e-09, 0.00197807, 2.00557e-05, 0.390328, 7.30107e-05, 8.38135e-07, 2.81116e-10, 3.22919e-12, 2.93371e-10, 7.12464e-11, 6.23898e-08, 0.333641, 0.168492, 1173, 1173, 0.0850638, 0.155422, 1.09664e-17, 0.175942, 0.0674417, 0.559965, 2.38499e-05, 0.274847, 0.00161985, 1.17348e-09, 0.00205005, 1.95284e-05, 0.382537, 7.61692e-05, 7.63294e-07, 2.62972e-10, 3.46613e-12, 3.27408e-10, 7.95717e-11, 6.03494e-08, 0.33885, 0.137832, 1173, 1173, 0.0770007, 0.123222, 2.04975e-17, 0.210022, 0.0389881, 0.503731, 2.23255e-05, 0.248671, 0.00263547, 1.43853e-09, 0.00249748, 3.26193e-05, 0.391758, 0.000107235, 5.26741e-07, 2.4432e-10, 4.23234e-12, 3.92823e-10, 1.04365e-10, 8.72417e-08, 0.354298, 
0.00846217, 1.00015e+06, 1.00015e+06, 1.00015e+06, 1.00122e+06, 1.0009e+06, 0.16909, 1173, 1173, 0.0677825, 0.168613, 9.34527e-18, 0.180694, 0.0661519, 0.518188, 2.28275e-05, 0.27101, 0.00148881, 9.51418e-10, 0.00193026, 2.03373e-05, 0.39537, 7.0858e-05, 8.92999e-07, 2.93803e-10, 3.06895e-12, 2.69798e-10, 6.54928e-11, 6.36117e-08, 0.330109, 0.168928, 1173, 1173, 0.0658645, 0.157908, 8.99897e-18, 0.170351, 0.0625604, 0.493666, 2.16532e-05, 0.271346, 0.00150418, 9.77133e-10, 0.00194361, 2.02788e-05, 0.394036, 7.14687e-05, 8.77461e-07, 2.90326e-10, 3.11379e-12, 2.76413e-10, 6.71097e-11, 6.3322e-08, 0.331078, 0.168308, 1173, 1173, 0.0758725, 0.165756, 1.01357e-17, 0.181549, 0.0675701, 0.542462, 2.35493e-05, 0.272416, 0.00154209, 1.04237e-09, 0.00197779, 2.00547e-05, 0.390346, 7.2997e-05, 8.38403e-07, 2.81167e-10, 3.22846e-12, 2.93267e-10, 7.12198e-11, 6.23895e-08, 0.333625, 0.168493, 1173, 1173, 0.0846295, 0.154716, 1.091e-17, 0.175111, 0.0671275, 0.557247, 2.37356e-05, 0.274846, 0.00161944, 1.173e-09, 0.00204974, 1.95278e-05, 0.382558, 7.61538e-05, 7.63569e-07, 2.63029e-10, 3.46522e-12, 3.27286e-10, 7.95403e-11, 6.03505e-08, 0.338831, 0.138794, 1173, 1173, 0.0791272, 0.126697, 2.1069e-17, 0.215943, 0.0400767, 0.517785, 2.29505e-05, 0.248659, 0.00263528, 1.43803e-09, 0.00249729, 3.26257e-05, 0.391786, 0.000107227, 5.26868e-07, 2.44372e-10, 4.23113e-12, 3.92687e-10, 1.0433e-10, 8.72584e-08, 0.354282, 
0.00846628, 1.00015e+06, 1.00015e+06, 1.00015e+06, 1.00122e+06, 1.0009e+06, 0.169136, 1173, 1173, 0.068, 0.169244, 9.37532e-18, 0.18134, 0.0663941, 0.519993, 2.29083e-05, 0.271009, 0.00148848, 9.51031e-10, 0.00193, 2.03363e-05, 0.395386, 7.08454e-05, 8.93269e-07, 2.93854e-10, 3.06829e-12, 2.697e-10, 6.54681e-11, 6.36114e-08, 0.330094, 0.168871, 1173, 1173, 0.0655099, 0.157141, 8.95048e-18, 0.169494, 0.0622512, 0.491139, 2.15434e-05, 0.271346, 0.00150384, 9.76743e-10, 0.00194335, 2.02777e-05, 0.394052, 7.14559e-05, 8.77727e-07, 2.90376e-10, 3.11312e-12, 2.76315e-10, 6.70846e-11, 6.33215e-08, 0.331062, 0.168309, 1173, 1173, 0.0757009, 0.165468, 1.01124e-17, 0.181202, 0.0674468, 0.541372, 2.35033e-05, 0.272416, 0.00154173, 1.04196e-09, 0.00197752, 2.00536e-05, 0.390363, 7.29834e-05, 8.3867e-07, 2.81218e-10, 3.22773e-12, 2.93163e-10, 7.11933e-11, 6.23892e-08, 0.333608, 0.168504, 1173, 1173, 0.084645, 0.154832, 1.09115e-17, 0.17521, 0.06717, 0.55749, 2.37474e-05, 0.274844, 0.00161903, 1.17253e-09, 0.00204943, 1.95271e-05, 0.382579, 7.61385e-05, 7.63843e-07, 2.63085e-10, 3.46431e-12, 3.27164e-10, 7.95089e-11, 6.03516e-08, 0.338812, 0.137814, 1173, 1173, 0.0794009, 0.127207, 2.11473e-17, 0.216811, 0.0402273, 0.519718, 2.30384e-05, 0.248647, 0.0026351, 1.43753e-09, 0.0024971, 3.2632e-05, 0.391815, 0.000107219, 5.26996e-07, 2.44425e-10, 4.22991e-12, 3.92552e-10, 1.04295e-10, 8.72751e-08, 0.354266, 
0.00847039, 1.00015e+06, 1.00015e+06, 1.00015e+06, 1.00121e+06, 1.0009e+06, 0.169102, 1173, 1173, 0.0679858, 0.169299, 9.37342e-18, 0.181368, 0.0664101, 0.520026, 2.29109e-05, 0.271009, 0.00148815, 9.50643e-10, 0.00192974, 2.03353e-05, 0.395403, 7.08327e-05, 8.9354e-07, 2.93904e-10, 3.06763e-12, 2.69602e-10, 6.54434e-11, 6.36111e-08, 0.330079, 0.168939, 1173, 1173, 0.0659378, 0.15825, 9.00889e-18, 0.170661, 0.0626856, 0.494477, 2.1691e-05, 0.271346, 0.00150351, 9.76354e-10, 0.00194309, 2.02767e-05, 0.394068, 7.14431e-05, 8.77993e-07, 2.90425e-10, 3.11244e-12, 2.76216e-10, 6.70596e-11, 6.3321e-08, 0.331047, 0.16832, 1173, 1173, 0.0755142, 0.165146, 1.00872e-17, 0.180818, 0.06731, 0.540174, 2.34526e-05, 0.272415, 0.00154137, 1.04155e-09, 0.00197724, 2.00526e-05, 0.39038, 7.29698e-05, 8.38937e-07, 2.81269e-10, 3.227e-12, 2.93059e-10, 7.11667e-11, 6.23889e-08, 0.333592, 0.168505, 1173, 1173, 0.0846272, 0.154888, 1.09087e-17, 0.175241, 0.0671861, 0.557515, 2.375e-05, 0.274843, 0.00161862, 1.17205e-09, 0.00204913, 1.95265e-05, 0.3826, 7.61232e-05, 7.64118e-07, 2.63141e-10, 3.4634e-12, 3.27042e-10, 7.94775e-11, 6.03527e-08, 0.338793, 0.138775, 1173, 1173, 0.0791869, 0.126937, 2.10957e-17, 0.216347, 0.0401309, 0.518459, 2.29848e-05, 0.248635, 0.00263492, 1.43703e-09, 0.00249692, 3.26384e-05, 0.391843, 0.000107211, 5.27124e-07, 2.44478e-10, 4.2287e-12, 3.92416e-10, 1.04259e-10, 8.72919e-08, 0.35425, 
0.00847451, 1.00015e+06, 1.00015e+06, 1.00015e+06, 1.00121e+06, 1.0009e+06, 0.169147, 1173, 1173, 0.0677956, 0.168916, 9.34727e-18, 0.180927, 0.0662542, 0.518714, 2.28543e-05, 0.271008, 0.00148782, 9.50257e-10, 0.00192949, 2.03342e-05, 0.395419, 7.08201e-05, 8.9381e-07, 2.93954e-10, 3.06698e-12, 2.69504e-10, 6.54187e-11, 6.36107e-08, 0.330063, 0.168885, 1173, 1173, 0.0666137, 0.159956, 9.1012e-18, 0.172472, 0.0633563, 0.499679, 2.19203e-05, 0.271345, 0.00150317, 9.75965e-10, 0.00194283, 2.02756e-05, 0.394085, 7.14303e-05, 8.7826e-07, 2.90475e-10, 3.11177e-12, 2.76117e-10, 6.70346e-11, 6.33205e-08, 0.331031, 0.16832, 1173, 1173, 0.0752149, 0.164578, 1.0047e-17, 0.180164, 0.0670726, 0.538169, 2.33669e-05, 0.272415, 0.00154101, 1.04114e-09, 0.00197697, 2.00515e-05, 0.390397, 7.29562e-05, 8.39204e-07, 2.81319e-10, 3.22627e-12, 2.92955e-10, 7.11402e-11, 6.23887e-08, 0.333576, 0.168517, 1173, 1173, 0.0845983, 0.154923, 1.09045e-17, 0.175248, 0.0671933, 0.557465, 2.37493e-05, 0.274841, 0.00161822, 1.17158e-09, 0.00204882, 1.95259e-05, 0.382621, 7.61079e-05, 7.64392e-07, 2.63198e-10, 3.4625e-12, 3.2692e-10, 7.94461e-11, 6.03538e-08, 0.338774, 0.137795, 1173, 1173, 0.0805869, 0.129254, 2.14741e-17, 0.220295, 0.0408525, 0.527769, 2.33997e-05, 0.248623, 0.00263473, 1.43653e-09, 0.00249673, 3.26447e-05, 0.391872, 0.000107204, 5.27252e-07, 2.4453e-10, 4.22749e-12, 3.9228e-10, 1.04224e-10, 8.73086e-08, 0.354234, 
0.00847862, 1.00015e+06, 1.00015e+06, 1.00015e+06, 1.00121e+06, 1.0009e+06, 0.169113, 1173, 1173, 0.0678497, 0.169141, 9.3548e-18, 0.181137, 0.0663369, 0.51927, 2.288e-05, 0.271008, 0.00148748, 9.4987e-10, 0.00192923, 2.03332e-05, 0.395436, 7.08075e-05, 8.94081e-07, 2.94005e-10, 3.06632e-12, 2.69406e-10, 6.5394e-11, 6.36104e-08, 0.330048, 0.168951, 1173, 1173, 0.0659061, 0.15834, 9.00449e-18, 0.1707, 0.0627111, 0.494502, 2.16944e-05, 0.271345, 0.00150283, 9.75576e-10, 0.00194257, 2.02745e-05, 0.394101, 7.14175e-05, 8.78526e-07, 2.90525e-10, 3.1111e-12, 2.76019e-10, 6.70097e-11, 6.33201e-08, 0.331016, 0.168331, 1173, 1173, 0.0752475, 0.164736, 1.0051e-17, 0.180305, 0.0671311, 0.538539, 2.33842e-05, 0.272415, 0.00154065, 1.04073e-09, 0.0019767, 2.00505e-05, 0.390415, 7.29427e-05, 8.3947e-07, 2.8137e-10, 3.22554e-12, 2.92851e-10, 7.11137e-11, 6.23884e-08, 0.333559, 0.168518, 1173, 1173, 0.084751, 0.15529, 1.09237e-17, 0.175632, 0.0673448, 0.558613, 2.37997e-05, 0.27484, 0.00161781, 1.17111e-09, 0.00204851, 1.95252e-05, 0.382642, 7.60926e-05, 7.64667e-07, 2.63254e-10, 3.46159e-12, 3.26798e-10, 7.94148e-11, 6.03549e-08, 0.338755, 0.138756, 1173, 1173, 0.0779419, 0.125083, 2.07746e-17, 0.213184, 0.0395234, 0.510587, 2.26401e-05, 0.248611, 0.00263455, 1.43602e-09, 0.00249654, 3.26511e-05, 0.3919, 0.000107196, 5.27379e-07, 2.44583e-10, 4.22628e-12, 3.92144e-10, 1.04188e-10, 8.73253e-08, 0.354218, 
0.00848273, 1.00015e+06, 1.00015e+06, 1.00015e+06, 1.00121e+06, 1.0009e+06, 0.16916, 1173, 1173, 0.0682685, 0.170276, 9.41261e-18, 0.182322, 0.0667764, 0.522618, 2.30287e-05, 0.271007, 0.00148715, 9.49484e-10, 0.00192897, 2.03322e-05, 0.395452, 7.07948e-05, 8.94351e-07, 2.94055e-10, 3.06567e-12, 2.69308e-10, 6.53693e-11, 6.361e-08, 0.330032, 0.168894, 1173, 1173, 0.0651663, 0.156644, 8.90337e-18, 0.168843, 0.0620346, 0.489081, 2.14576e-05, 0.271345, 0.00150249, 9.75188e-10, 0.00194232, 2.02734e-05, 0.394117, 7.14047e-05, 8.78791e-07, 2.90574e-10, 3.11043e-12, 2.7592e-10, 6.69847e-11, 6.33196e-08, 0.331, 0.168331, 1173, 1173, 0.0749812, 0.164239, 1.00152e-17, 0.17973, 0.0669228, 0.536769, 2.33087e-05, 0.272414, 0.00154029, 1.04033e-09, 0.00197642, 2.00494e-05, 0.390432, 7.29291e-05, 8.39736e-07, 2.81421e-10, 3.22481e-12, 2.92747e-10, 7.10872e-11, 6.23881e-08, 0.333543, 0.16853, 1173, 1173, 0.0850878, 0.155996, 1.09666e-17, 0.176398, 0.0676428, 0.560975, 2.39018e-05, 0.274838, 0.0016174, 1.17063e-09, 0.0020482, 1.95246e-05, 0.382663, 7.60773e-05, 7.64942e-07, 2.63311e-10, 3.46069e-12, 3.26676e-10, 7.93834e-11, 6.0356e-08, 0.338736, 0.137775, 1173, 1173, 0.0789991, 0.126851, 2.10618e-17, 0.216196, 0.0400714, 0.517654, 2.29556e-05, 0.248599, 0.00263437, 1.43552e-09, 0.00249636, 3.26574e-05, 0.391928, 0.000107188, 5.27506e-07, 2.44636e-10, 4.22507e-12, 3.92009e-10, 1.04153e-10, 8.7342e-08, 0.354202, 
0.00848684, 1.00015e+06, 1.00015e+06, 1.00015e+06, 1.00121e+06, 1.00089e+06, 0.169124, 1173, 1173, 0.0676922, 0.168928, 9.33323e-18, 0.180849, 0.0662425, 0.518348, 2.28418e-05, 0.271007, 0.00148682, 9.49098e-10, 0.00192871, 2.03312e-05, 0.395469, 7.07822e-05, 8.94622e-07, 2.94105e-10, 3.06501e-12, 2.6921e-10, 6.53447e-11, 6.36097e-08, 0.330017, 0.168963, 1173, 1173, 0.0658455, 0.158359, 8.99612e-18, 0.170663, 0.0627089, 0.494309, 2.16881e-05, 0.271345, 0.00150216, 9.74799e-10, 0.00194206, 2.02723e-05, 0.394133, 7.1392e-05, 8.79057e-07, 2.90623e-10, 3.10976e-12, 2.75822e-10, 6.69598e-11, 6.33191e-08, 0.330985, 0.168341, 1173, 1173, 0.0745115, 0.163295, 9.95222e-18, 0.178666, 0.0665327, 0.533542, 2.31698e-05, 0.272414, 0.00153993, 1.03992e-09, 0.00197615, 2.00484e-05, 0.390449, 7.29156e-05, 8.40001e-07, 2.81471e-10, 3.22408e-12, 2.92644e-10, 7.10608e-11, 6.23878e-08, 0.333527, 0.16853, 1173, 1173, 0.0845191, 0.155041, 1.08929e-17, 0.175286, 0.0672209, 0.557366, 2.37496e-05, 0.274837, 0.00161699, 1.17016e-09, 0.00204789, 1.9524e-05, 0.382684, 7.6062e-05, 7.65217e-07, 2.63367e-10, 3.45979e-12, 3.26555e-10, 7.93522e-11, 6.03571e-08, 0.338717, 0.138736, 1173, 1173, 0.077874, 0.125115, 2.07671e-17, 0.213236, 0.0395124, 0.510421, 2.2637e-05, 0.248587, 0.00263419, 1.43503e-09, 0.00249617, 3.26637e-05, 0.391957, 0.000107181, 5.27633e-07, 2.44688e-10, 4.22386e-12, 3.91874e-10, 1.04118e-10, 8.73587e-08, 0.354186, 
0.00849095, 1.00015e+06, 1.00015e+06, 1.00015e+06, 1.00121e+06, 1.00089e+06, 0.169169, 1173, 1173, 0.0670124, 0.16732, 9.23956e-18, 0.179098, 0.0656067, 0.513282, 2.26197e-05, 0.271006, 0.00148649, 9.48712e-10, 0.00192846, 2.03302e-05, 0.395485, 7.07697e-05, 8.94891e-07, 2.94155e-10, 3.06436e-12, 2.69112e-10, 6.53201e-11, 6.36093e-08, 0.330002, 0.168908, 1173, 1173, 0.0668003, 0.16074, 9.12654e-18, 0.173199, 0.0636465, 0.50161, 2.20096e-05, 0.271344, 0.00150182, 9.74411e-10, 0.0019418, 2.02713e-05, 0.39415, 7.13792e-05, 8.79323e-07, 2.90673e-10, 3.10909e-12, 2.75723e-10, 6.69349e-11, 6.33186e-08, 0.33097, 0.168343, 1173, 1173, 0.0750983, 0.164667, 1.00303e-17, 0.180136, 0.0670861, 0.53788, 2.33595e-05, 0.272414, 0.00153957, 1.03951e-09, 0.00197588, 2.00473e-05, 0.390466, 7.29021e-05, 8.40267e-07, 2.81522e-10, 3.22335e-12, 2.9254e-10, 7.10343e-11, 6.23876e-08, 0.333511, 0.168541, 1173, 1173, 0.0841733, 0.154494, 1.08478e-17, 0.174636, 0.0669758, 0.555226, 2.36599e-05, 0.274835, 0.00161659, 1.16969e-09, 0.00204758, 1.95233e-05, 0.382706, 7.60467e-05, 7.65491e-07, 2.63423e-10, 3.45888e-12, 3.26433e-10, 7.93209e-11, 6.03582e-08, 0.338699, 0.137756, 1173, 1173, 0.0801688, 0.128875, 2.13846e-17, 0.219642, 0.0406889, 0.525606, 2.33127e-05, 0.248575, 0.00263401, 1.43453e-09, 0.00249598, 3.26701e-05, 0.391985, 0.000107173, 5.2776e-07, 2.44741e-10, 4.22265e-12, 3.91738e-10, 1.04082e-10, 8.73754e-08, 0.35417, 
0.00849507, 1.00015e+06, 1.00015e+06, 1.00015e+06, 1.00121e+06, 1.00089e+06, 0.169136, 1173, 1173, 0.0676533, 0.169011, 9.328e-18, 0.180877, 0.0662639, 0.518333, 2.28435e-05, 0.271006, 0.00148616, 9.48327e-10, 0.0019282, 2.03291e-05, 0.395501, 7.07571e-05, 8.9516e-07, 2.94205e-10, 3.0637e-12, 2.69015e-10, 6.52955e-11, 6.3609e-08, 0.329986, 0.168975, 1173, 1173, 0.0660189, 0.158942, 9.01974e-18, 0.171234, 0.0629298, 0.495873, 2.1759e-05, 0.271344, 0.00150148, 9.74023e-10, 0.00194154, 2.02702e-05, 0.394166, 7.13664e-05, 8.7959e-07, 2.90723e-10, 3.10842e-12, 2.75625e-10, 6.691e-11, 6.33181e-08, 0.330954, 0.168354, 1173, 1173, 0.0749858, 0.164507, 1.0015e-17, 0.179929, 0.0670149, 0.53721, 2.33317e-05, 0.272413, 0.00153921, 1.03911e-09, 0.00197561, 2.00463e-05, 0.390483, 7.28886e-05, 8.40533e-07, 2.81572e-10, 3.22262e-12, 2.92436e-10, 7.10079e-11, 6.23873e-08, 0.333494, 0.168543, 1173, 1173, 0.084516, 0.155211, 1.08915e-17, 0.175414, 0.0672787, 0.557628, 2.37637e-05, 0.274834, 0.00161618, 1.16922e-09, 0.00204728, 1.95227e-05, 0.382727, 7.60314e-05, 7.65765e-07, 2.63479e-10, 3.45798e-12, 3.26312e-10, 7.92897e-11, 6.03593e-08, 0.33868, 0.138718, 1173, 1173, 0.0788226, 0.126782, 2.10309e-17, 0.216074, 0.0400175, 0.516922, 2.29297e-05, 0.248563, 0.00263383, 1.43403e-09, 0.0024958, 3.26764e-05, 0.392013, 0.000107165, 5.27887e-07, 2.44793e-10, 4.22145e-12, 3.91603e-10, 1.04047e-10, 8.73921e-08, 0.354154, 
0.00849918, 1.00015e+06, 1.00015e+06, 1.00015e+06, 1.00121e+06, 1.00089e+06, 0.169181, 1173, 1173, 0.0670396, 0.167566, 9.24347e-18, 0.179301, 0.0656923, 0.513772, 2.26437e-05, 0.271005, 0.00148583, 9.47941e-10, 0.00192795, 2.03281e-05, 0.395518, 7.07446e-05, 8.95429e-07, 2.94255e-10, 3.06305e-12, 2.68917e-10, 6.52709e-11, 6.36086e-08, 0.329971, 0.168916, 1173, 1173, 0.0642319, 0.154721, 8.77556e-18, 0.166658, 0.0612535, 0.48258, 2.11767e-05, 0.271344, 0.00150115, 9.73636e-10, 0.00194128, 2.02691e-05, 0.394182, 7.13538e-05, 8.79854e-07, 2.90772e-10, 3.10775e-12, 2.75527e-10, 6.68851e-11, 6.33176e-08, 0.330939, 0.168354, 1173, 1173, 0.0746583, 0.163874, 9.97105e-18, 0.179205, 0.0667514, 0.534999, 2.3237e-05, 0.272413, 0.00153885, 1.0387e-09, 0.00197533, 2.00453e-05, 0.390501, 7.28751e-05, 8.40798e-07, 2.81623e-10, 3.2219e-12, 2.92333e-10, 7.09815e-11, 6.2387e-08, 0.333478, 0.168554, 1173, 1173, 0.084262, 0.154832, 1.08583e-17, 0.174954, 0.0671066, 0.556093, 2.36997e-05, 0.274832, 0.00161578, 1.16875e-09, 0.00204697, 1.95221e-05, 0.382748, 7.60162e-05, 7.66039e-07, 2.63536e-10, 3.45708e-12, 3.2619e-10, 7.92584e-11, 6.03604e-08, 0.338661, 0.137737, 1173, 1173, 0.0799026, 0.128592, 2.13245e-17, 0.219157, 0.0405779, 0.524148, 2.32525e-05, 0.248551, 0.00263365, 1.43353e-09, 0.00249561, 3.26828e-05, 0.392042, 0.000107158, 5.28014e-07, 2.44845e-10, 4.22024e-12, 3.91468e-10, 1.04012e-10, 8.74088e-08, 0.354138, 
0.00850329, 1.00015e+06, 1.00015e+06, 1.00015e+06, 1.00121e+06, 1.00089e+06, 0.169147, 1173, 1173, 0.0676298, 0.169132, 9.32492e-18, 0.180945, 0.0663004, 0.518437, 2.28504e-05, 0.271005, 0.0014855, 9.47557e-10, 0.00192769, 2.03271e-05, 0.395534, 7.07321e-05, 8.95698e-07, 2.94305e-10, 3.0624e-12, 2.6882e-10, 6.52463e-11, 6.36083e-08, 0.329956, 0.168987, 1173, 1173, 0.0660441, 0.159169, 9.02311e-18, 0.17142, 0.0630096, 0.496326, 2.17811e-05, 0.271344, 0.00150081, 9.73249e-10, 0.00194103, 2.0268e-05, 0.394198, 7.13411e-05, 8.80118e-07, 2.90821e-10, 3.10708e-12, 2.75428e-10, 6.68602e-11, 6.33172e-08, 0.330924, 0.168365, 1173, 1173, 0.0747386, 0.164136, 9.98152e-18, 0.179461, 0.0668523, 0.53571, 2.32691e-05, 0.272413, 0.00153849, 1.0383e-09, 0.00197506, 2.00442e-05, 0.390518, 7.28616e-05, 8.41064e-07, 2.81674e-10, 3.22117e-12, 2.9223e-10, 7.09552e-11, 6.23867e-08, 0.333462, 0.168556, 1173, 1173, 0.0846391, 0.155613, 1.09064e-17, 0.175805, 0.0674371, 0.558723, 2.38133e-05, 0.274831, 0.00161537, 1.16828e-09, 0.00204666, 1.95215e-05, 0.382769, 7.6001e-05, 7.66314e-07, 2.63592e-10, 3.45618e-12, 3.26069e-10, 7.92273e-11, 6.03615e-08, 0.338642, 0.138699, 1173, 1173, 0.0797377, 0.1284, 2.1286e-17, 0.218826, 0.0405061, 0.523209, 2.3213e-05, 0.248539, 0.00263347, 1.43303e-09, 0.00249542, 3.26892e-05, 0.39207, 0.00010715, 5.28141e-07, 2.44898e-10, 4.21903e-12, 3.91333e-10, 1.03977e-10, 8.74255e-08, 0.354122, 
0.0085074, 1.00015e+06, 1.00015e+06, 1.00015e+06, 1.00121e+06, 1.00089e+06, 0.169193, 1173, 1173, 0.0676054, 0.16916, 9.32165e-18, 0.180946, 0.0663063, 0.518392, 2.28496e-05, 0.271005, 0.00148517, 9.47172e-10, 0.00192744, 2.03261e-05, 0.39555, 7.07195e-05, 8.95968e-07, 2.94355e-10, 3.06175e-12, 2.68722e-10, 6.52218e-11, 6.36079e-08, 0.32994, 0.168931, 1173, 1173, 0.0662725, 0.159803, 9.05429e-18, 0.172073, 0.0632555, 0.498175, 2.18634e-05, 0.271344, 0.00150047, 9.72862e-10, 0.00194077, 2.02669e-05, 0.394215, 7.13284e-05, 8.80384e-07, 2.9087e-10, 3.10642e-12, 2.7533e-10, 6.68354e-11, 6.33167e-08, 0.330908, 0.168366, 1173, 1173, 0.0747969, 0.16435, 9.98906e-18, 0.179663, 0.0669338, 0.536264, 2.32945e-05, 0.272413, 0.00153814, 1.03789e-09, 0.00197479, 2.00432e-05, 0.390535, 7.28482e-05, 8.41329e-07, 2.81724e-10, 3.22045e-12, 2.92126e-10, 7.09288e-11, 6.23864e-08, 0.333446, 0.168566, 1173, 1173, 0.0843558, 0.15518, 1.08695e-17, 0.175284, 0.0672415, 0.556993, 2.37411e-05, 0.27483, 0.00161497, 1.16781e-09, 0.00204635, 1.95208e-05, 0.38279, 7.59857e-05, 7.66588e-07, 2.63648e-10, 3.45528e-12, 3.25948e-10, 7.91961e-11, 6.03626e-08, 0.338623, 0.137718, 1173, 1173, 0.0796119, 0.12827, 2.12579e-17, 0.218603, 0.0404542, 0.522527, 2.3185e-05, 0.248527, 0.00263329, 1.43253e-09, 0.00249524, 3.26955e-05, 0.392098, 0.000107142, 5.28268e-07, 2.4495e-10, 4.21783e-12, 3.91198e-10, 1.03941e-10, 8.74422e-08, 0.354106, 
0.00851151, 1.00015e+06, 1.00015e+06, 1.00015e+06, 1.00121e+06, 1.00089e+06, 0.169159, 1173, 1173, 0.0675982, 0.169232, 9.32073e-18, 0.180993, 0.066329, 0.518479, 2.28546e-05, 0.271004, 0.00148484, 9.46788e-10, 0.00192718, 2.03251e-05, 0.395567, 7.0707e-05, 8.96237e-07, 2.94405e-10, 3.06109e-12, 2.68625e-10, 6.51973e-11, 6.36076e-08, 0.329925, 0.168999, 1173, 1173, 0.0661257, 0.159532, 9.03419e-18, 0.171753, 0.0631432, 0.497203, 2.18218e-05, 0.271343, 0.00150014, 9.72475e-10, 0.00194051, 2.02659e-05, 0.394231, 7.13156e-05, 8.80649e-07, 2.9092e-10, 3.10575e-12, 2.75232e-10, 6.68106e-11, 6.33162e-08, 0.330893, 0.168377, 1173, 1173, 0.0743891, 0.163539, 9.93437e-18, 0.178746, 0.066598, 0.533476, 2.31746e-05, 0.272412, 0.00153778, 1.03748e-09, 0.00197452, 2.00421e-05, 0.390552, 7.28347e-05, 8.41594e-07, 2.81774e-10, 3.21972e-12, 2.92023e-10, 7.09025e-11, 6.23862e-08, 0.33343, 0.168568, 1173, 1173, 0.0842922, 0.155151, 1.08608e-17, 0.175219, 0.0672209, 0.556714, 2.37307e-05, 0.274828, 0.00161456, 1.16734e-09, 0.00204605, 1.95202e-05, 0.382811, 7.59705e-05, 7.66862e-07, 2.63704e-10, 3.45439e-12, 3.25827e-10, 7.91649e-11, 6.03637e-08, 0.338604, 0.138679, 1173, 1173, 0.0796663, 0.12843, 2.12779e-17, 0.218875, 0.0404939, 0.523027, 2.32094e-05, 0.248515, 0.00263311, 1.43203e-09, 0.00249505, 3.27019e-05, 0.392127, 0.000107135, 5.28395e-07, 2.45003e-10, 4.21662e-12, 3.91063e-10, 1.03906e-10, 8.7459e-08, 0.35409, 
0.00851562, 1.00015e+06, 1.00015e+06, 1.00015e+06, 1.00121e+06, 1.00089e+06, 0.169205, 1173, 1173, 0.067758, 0.169722, 9.34284e-18, 0.181487, 0.0665156, 0.519846, 2.29161e-05, 0.271004, 0.00148451, 9.46404e-10, 0.00192693, 2.0324e-05, 0.395583, 7.06945e-05, 8.96506e-07, 2.94455e-10, 3.06044e-12, 2.68528e-10, 6.51728e-11, 6.36072e-08, 0.32991, 0.168944, 1173, 1173, 0.0669181, 0.161528, 9.1424e-18, 0.173872, 0.0639281, 0.503294, 2.20903e-05, 0.271343, 0.0014998, 9.72089e-10, 0.00194025, 2.02648e-05, 0.394247, 7.13029e-05, 8.80915e-07, 2.90969e-10, 3.10508e-12, 2.75134e-10, 6.67858e-11, 6.33157e-08, 0.330877, 0.168376, 1173, 1173, 0.0735793, 0.161843, 9.82597e-18, 0.176862, 0.0659017, 0.527802, 2.29294e-05, 0.272412, 0.00153742, 1.03708e-09, 0.00197425, 2.00411e-05, 0.390569, 7.28213e-05, 8.41858e-07, 2.81825e-10, 3.219e-12, 2.9192e-10, 7.08761e-11, 6.23859e-08, 0.333414, 0.168579, 1173, 1173, 0.0843498, 0.155345, 1.08678e-17, 0.175406, 0.067297, 0.557235, 2.37544e-05, 0.274827, 0.00161416, 1.16687e-09, 0.00204574, 1.95196e-05, 0.382832, 7.59553e-05, 7.67137e-07, 2.63761e-10, 3.45349e-12, 3.25706e-10, 7.91338e-11, 6.03648e-08, 0.338585, 0.137699, 1173, 1173, 0.0790658, 0.127534, 2.11229e-17, 0.217346, 0.0402006, 0.519227, 2.30429e-05, 0.248503, 0.00263294, 1.43153e-09, 0.00249487, 3.27082e-05, 0.392155, 0.000107127, 5.28521e-07, 2.45055e-10, 4.21542e-12, 3.90928e-10, 1.03871e-10, 8.74757e-08, 0.354074, 
0.00851974, 1.00015e+06, 1.00015e+06, 1.00015e+06, 1.00121e+06, 1.00089e+06, 0.16917, 1173, 1173, 0.0674223, 0.168971, 9.29663e-18, 0.180653, 0.0662157, 0.517412, 2.281e-05, 0.271003, 0.00148418, 9.4602e-10, 0.00192667, 2.0323e-05, 0.395599, 7.0682e-05, 8.96775e-07, 2.94505e-10, 3.0598e-12, 2.68431e-10, 6.51483e-11, 6.36068e-08, 0.329895, 0.16901, 1173, 1173, 0.0661428, 0.15974, 9.03646e-18, 0.171918, 0.0632155, 0.497595, 2.18413e-05, 0.271343, 0.00149947, 9.71703e-10, 0.00194, 2.02637e-05, 0.394263, 7.12901e-05, 8.81182e-07, 2.91019e-10, 3.10442e-12, 2.75037e-10, 6.6761e-11, 6.33152e-08, 0.330862, 0.168388, 1173, 1173, 0.0742215, 0.163341, 9.91148e-18, 0.178467, 0.0665059, 0.532544, 2.31367e-05, 0.272412, 0.00153707, 1.03667e-09, 0.00197398, 2.00401e-05, 0.390586, 7.2808e-05, 8.42122e-07, 2.81875e-10, 3.21827e-12, 2.91817e-10, 7.08498e-11, 6.23856e-08, 0.333397, 0.16858, 1173, 1173, 0.0842681, 0.155282, 1.08568e-17, 0.175303, 0.0672619, 0.556836, 2.37389e-05, 0.274825, 0.00161375, 1.1664e-09, 0.00204543, 1.9519e-05, 0.382853, 7.59401e-05, 7.67411e-07, 2.63817e-10, 3.45259e-12, 3.25585e-10, 7.91027e-11, 6.03659e-08, 0.338567, 0.13866, 1173, 1173, 0.0797974, 0.128787, 2.13239e-17, 0.219479, 0.0405846, 0.524175, 2.32647e-05, 0.248491, 0.00263276, 1.43103e-09, 0.00249468, 3.27146e-05, 0.392183, 0.00010712, 5.28648e-07, 2.45108e-10, 4.21421e-12, 3.90793e-10, 1.03836e-10, 8.74924e-08, 0.354058, 
0.00852385, 1.00015e+06, 1.00015e+06, 1.00015e+06, 1.00121e+06, 1.00089e+06, 0.169217, 1173, 1173, 0.06816, 0.17091, 9.39842e-18, 0.182696, 0.0669702, 0.523216, 2.3067e-05, 0.271003, 0.00148386, 9.45636e-10, 0.00192641, 2.0322e-05, 0.395616, 7.06695e-05, 8.97045e-07, 2.94555e-10, 3.05915e-12, 2.68334e-10, 6.51238e-11, 6.36065e-08, 0.329879, 0.168955, 1173, 1173, 0.0665696, 0.160855, 9.09474e-18, 0.173089, 0.0636515, 0.500938, 2.19892e-05, 0.271342, 0.00149913, 9.71317e-10, 0.00193974, 2.02626e-05, 0.394279, 7.12774e-05, 8.81447e-07, 2.91068e-10, 3.10376e-12, 2.74939e-10, 6.67363e-11, 6.33147e-08, 0.330847, 0.168389, 1173, 1173, 0.0743414, 0.16369, 9.92727e-18, 0.178818, 0.0666425, 0.53354, 2.31812e-05, 0.272411, 0.00153671, 1.03627e-09, 0.00197371, 2.0039e-05, 0.390603, 7.27946e-05, 8.42386e-07, 2.81925e-10, 3.21755e-12, 2.91714e-10, 7.08236e-11, 6.23853e-08, 0.333381, 0.16859, 1173, 1173, 0.0831261, 0.153264, 1.07092e-17, 0.172994, 0.06638, 0.549429, 2.34245e-05, 0.274824, 0.00161335, 1.16593e-09, 0.00204513, 1.95183e-05, 0.382874, 7.59249e-05, 7.67684e-07, 2.63873e-10, 3.4517e-12, 3.25464e-10, 7.90717e-11, 6.0367e-08, 0.338548, 0.13768, 1173, 1173, 0.0793744, 0.128176, 2.12163e-17, 0.218438, 0.0403814, 0.521539, 2.31499e-05, 0.248479, 0.00263258, 1.43054e-09, 0.0024945, 3.27209e-05, 0.392211, 0.000107112, 5.28774e-07, 2.4516e-10, 4.21301e-12, 3.90658e-10, 1.03801e-10, 8.75091e-08, 0.354042, 
0.00852796, 1.00015e+06, 1.00015e+06, 1.00015e+06, 1.00121e+06, 1.00089e+06, 0.169181, 1173, 1173, 0.0673238, 0.168903, 9.28321e-18, 0.18052, 0.0661783, 0.516938, 2.27915e-05, 0.271002, 0.00148353, 9.45253e-10, 0.00192616, 2.0321e-05, 0.395632, 7.0657e-05, 8.97314e-07, 2.94605e-10, 3.0585e-12, 2.68237e-10, 6.50994e-11, 6.36061e-08, 0.329864, 0.169022, 1173, 1173, 0.0662035, 0.160053, 9.04469e-18, 0.172197, 0.0633293, 0.498314, 2.18751e-05, 0.271342, 0.00149879, 9.70931e-10, 0.00193948, 2.02616e-05, 0.394296, 7.12647e-05, 8.81713e-07, 2.91117e-10, 3.10309e-12, 2.74841e-10, 6.67115e-11, 6.33142e-08, 0.330831, 0.168401, 1173, 1173, 0.0748969, 0.164999, 1.00012e-17, 0.180217, 0.0671698, 0.537663, 2.33616e-05, 0.272411, 0.00153636, 1.03587e-09, 0.00197344, 2.0038e-05, 0.39062, 7.27812e-05, 8.42651e-07, 2.81975e-10, 3.21683e-12, 2.91611e-10, 7.07973e-11, 6.2385e-08, 0.333365, 0.168592, 1173, 1173, 0.0834503, 0.153949, 1.07505e-17, 0.173735, 0.0666687, 0.551711, 2.35233e-05, 0.274822, 0.00161295, 1.16546e-09, 0.00204482, 1.95177e-05, 0.382895, 7.59098e-05, 7.67957e-07, 2.63929e-10, 3.4508e-12, 3.25343e-10, 7.90406e-11, 6.03681e-08, 0.338529, 0.138641, 1173, 1173, 0.0791998, 0.127967, 2.11751e-17, 0.218078, 0.0403045, 0.520534, 2.31075e-05, 0.248467, 0.0026324, 1.43004e-09, 0.00249431, 3.27273e-05, 0.39224, 0.000107104, 5.28901e-07, 2.45212e-10, 4.21181e-12, 3.90523e-10, 1.03765e-10, 8.75258e-08, 0.354026, 
0.00853207, 1.00015e+06, 1.00015e+06, 1.00015e+06, 1.00121e+06, 1.00089e+06, 0.169228, 1173, 1173, 0.0680074, 0.170709, 9.37755e-18, 0.18242, 0.0668803, 0.522329, 2.30304e-05, 0.271002, 0.0014832, 9.4487e-10, 0.0019259, 2.032e-05, 0.395648, 7.06445e-05, 8.97583e-07, 2.94655e-10, 3.05785e-12, 2.6814e-10, 6.5075e-11, 6.36058e-08, 0.329849, 0.168967, 1173, 1173, 0.066581, 0.16105, 9.09624e-18, 0.17324, 0.0637186, 0.501288, 2.20069e-05, 0.271342, 0.00149846, 9.70546e-10, 0.00193922, 2.02605e-05, 0.394312, 7.1252e-05, 8.81979e-07, 2.91167e-10, 3.10243e-12, 2.74743e-10, 6.66868e-11, 6.33137e-08, 0.330816, 0.168399, 1173, 1173, 0.0733918, 0.161768, 9.79999e-18, 0.176656, 0.0658486, 0.526992, 2.28992e-05, 0.272411, 0.001536, 1.03546e-09, 0.00197317, 2.00369e-05, 0.390637, 7.27678e-05, 8.42915e-07, 2.82026e-10, 3.2161e-12, 2.91508e-10, 7.07711e-11, 6.23847e-08, 0.333349, 0.168603, 1173, 1173, 0.0838101, 0.1547, 1.07964e-17, 0.174551, 0.0669861, 0.55423, 2.36322e-05, 0.274821, 0.00161255, 1.16499e-09, 0.00204452, 1.95171e-05, 0.382916, 7.58947e-05, 7.68231e-07, 2.63985e-10, 3.44991e-12, 3.25222e-10, 7.90096e-11, 6.03692e-08, 0.33851, 0.137661, 1173, 1173, 0.0810416, 0.131016, 2.16731e-17, 0.223274, 0.041254, 0.532785, 2.36536e-05, 0.248455, 0.00263223, 1.42954e-09, 0.00249413, 3.27337e-05, 0.392268, 0.000107097, 5.29027e-07, 2.45265e-10, 4.21061e-12, 3.90389e-10, 1.0373e-10, 8.75425e-08, 0.35401, 
0.00853618, 1.00015e+06, 1.00015e+06, 1.00015e+06, 1.00121e+06, 1.00089e+06, 0.169193, 1173, 1173, 0.0676493, 0.1699, 9.32825e-18, 0.181525, 0.0665579, 0.519721, 2.29166e-05, 0.271001, 0.00148287, 9.44488e-10, 0.00192565, 2.03189e-05, 0.395665, 7.0632e-05, 8.97853e-07, 2.94705e-10, 3.05721e-12, 2.68043e-10, 6.50506e-11, 6.36054e-08, 0.329834, 0.169032, 1173, 1173, 0.0654518, 0.158401, 8.94195e-18, 0.170362, 0.0626656, 0.492917, 2.16405e-05, 0.271342, 0.00149813, 9.70161e-10, 0.00193897, 2.02594e-05, 0.394328, 7.12394e-05, 8.82244e-07, 2.91216e-10, 3.10177e-12, 2.74646e-10, 6.66621e-11, 6.33132e-08, 0.330801, 0.168411, 1173, 1173, 0.0740893, 0.16339, 9.8929e-18, 0.178397, 0.0665035, 0.532135, 2.31239e-05, 0.272411, 0.00153565, 1.03506e-09, 0.0019729, 2.00359e-05, 0.390654, 7.27545e-05, 8.43178e-07, 2.82076e-10, 3.21538e-12, 2.91405e-10, 7.07449e-11, 6.23845e-08, 0.333333, 0.168605, 1173, 1173, 0.0837763, 0.154725, 1.07916e-17, 0.174547, 0.066989, 0.554147, 2.36301e-05, 0.274819, 0.00161214, 1.16452e-09, 0.00204421, 1.95165e-05, 0.382937, 7.58795e-05, 7.68504e-07, 2.64041e-10, 3.44902e-12, 3.25102e-10, 7.89786e-11, 6.03703e-08, 0.338492, 0.138622, 1173, 1173, 0.0815728, 0.13195, 2.18208e-17, 0.224864, 0.0415367, 0.536424, 2.38175e-05, 0.248443, 0.00263205, 1.42904e-09, 0.00249394, 3.27401e-05, 0.392296, 0.000107089, 5.29154e-07, 2.45317e-10, 4.20941e-12, 3.90254e-10, 1.03695e-10, 8.75593e-08, 0.353994, 
0.0085403, 1.00015e+06, 1.00015e+06, 1.00015e+06, 1.00121e+06, 1.00089e+06, 0.169239, 1173, 1173, 0.0675851, 0.169829, 9.31947e-18, 0.181419, 0.0665245, 0.519369, 2.29023e-05, 0.271001, 0.00148254, 9.44105e-10, 0.0019254, 2.03179e-05, 0.395681, 7.06195e-05, 8.98122e-07, 2.94755e-10, 3.05656e-12, 2.67946e-10, 6.50262e-11, 6.3605e-08, 0.329818, 0.168977, 1173, 1173, 0.065827, 0.159392, 8.99319e-18, 0.171399, 0.0630526, 0.495874, 2.17714e-05, 0.271342, 0.00149779, 9.69776e-10, 0.00193871, 2.02583e-05, 0.394344, 7.12267e-05, 8.82508e-07, 2.91265e-10, 3.10111e-12, 2.74548e-10, 6.66375e-11, 6.33128e-08, 0.330785, 0.168411, 1173, 1173, 0.0740183, 0.163318, 9.88319e-18, 0.178288, 0.0664687, 0.53176, 2.31089e-05, 0.27241, 0.0015353, 1.03465e-09, 0.00197264, 2.00349e-05, 0.390671, 7.27411e-05, 8.43442e-07, 2.82126e-10, 3.21466e-12, 2.91302e-10, 7.07187e-11, 6.23842e-08, 0.333317, 0.168616, 1173, 1173, 0.0838013, 0.154858, 1.07944e-17, 0.174666, 0.0670389, 0.554452, 2.36446e-05, 0.274818, 0.00161174, 1.16405e-09, 0.00204391, 1.95158e-05, 0.382958, 7.58644e-05, 7.68777e-07, 2.64097e-10, 3.44813e-12, 3.24981e-10, 7.89477e-11, 6.03714e-08, 0.338473, 0.137641, 1173, 1173, 0.080019, 0.12951, 2.14107e-17, 0.220704, 0.0407576, 0.52635, 2.33724e-05, 0.248431, 0.00263187, 1.42855e-09, 0.00249376, 3.27464e-05, 0.392325, 0.000107082, 5.29281e-07, 2.4537e-10, 4.20821e-12, 3.90119e-10, 1.0366e-10, 8.7576e-08, 0.353979, 
0.00854441, 1.00015e+06, 1.00015e+06, 1.00015e+06, 1.00121e+06, 1.00089e+06, 0.169207, 1173, 1173, 0.0686922, 0.172702, 9.47221e-18, 0.184457, 0.0676445, 0.52802, 2.3285e-05, 0.271, 0.00148221, 9.43723e-10, 0.00192514, 2.03169e-05, 0.395697, 7.0607e-05, 8.98392e-07, 2.94805e-10, 3.05592e-12, 2.67849e-10, 6.50019e-11, 6.36047e-08, 0.329803, 0.169042, 1173, 1173, 0.0645729, 0.156437, 8.82185e-18, 0.168192, 0.0618787, 0.486555, 2.13633e-05, 0.271341, 0.00149746, 9.69392e-10, 0.00193845, 2.02573e-05, 0.39436, 7.12142e-05, 8.82772e-07, 2.91314e-10, 3.10045e-12, 2.74451e-10, 6.66128e-11, 6.33123e-08, 0.33077, 0.168423, 1173, 1173, 0.0739476, 0.163247, 9.87353e-18, 0.17818, 0.0664342, 0.531387, 2.30939e-05, 0.27241, 0.00153494, 1.03425e-09, 0.00197237, 2.00338e-05, 0.390688, 7.27278e-05, 8.43705e-07, 2.82176e-10, 3.21394e-12, 2.912e-10, 7.06925e-11, 6.23839e-08, 0.333301, 0.168617, 1173, 1173, 0.0836855, 0.154732, 1.07791e-17, 0.174492, 0.0669762, 0.553826, 2.36193e-05, 0.274816, 0.00161134, 1.16358e-09, 0.0020436, 1.95152e-05, 0.382978, 7.58493e-05, 7.69051e-07, 2.64153e-10, 3.44724e-12, 3.24861e-10, 7.89167e-11, 6.03724e-08, 0.338454, 0.138603, 1173, 1173, 0.0797446, 0.129138, 2.13428e-17, 0.22007, 0.0406299, 0.524689, 2.33009e-05, 0.248419, 0.00263169, 1.42805e-09, 0.00249357, 3.27528e-05, 0.392353, 0.000107074, 5.29407e-07, 2.45422e-10, 4.20701e-12, 3.89985e-10, 1.03625e-10, 8.75928e-08, 0.353963, 
0.00854852, 1.00015e+06, 1.00015e+06, 1.00015e+06, 1.00121e+06, 1.00089e+06, 0.169255, 1173, 1173, 0.0701285, 0.176407, 9.67035e-18, 0.188383, 0.0690898, 0.539207, 2.37796e-05, 0.271, 0.00148188, 9.43341e-10, 0.00192488, 2.03159e-05, 0.395714, 7.05944e-05, 8.98664e-07, 2.94855e-10, 3.05527e-12, 2.67753e-10, 6.49775e-11, 6.36043e-08, 0.329788, 0.168985, 1173, 1173, 0.0635979, 0.154154, 8.68863e-18, 0.165711, 0.0609711, 0.479336, 2.10474e-05, 0.271341, 0.00149713, 9.69008e-10, 0.0019382, 2.02562e-05, 0.394376, 7.12017e-05, 8.83033e-07, 2.91362e-10, 3.09978e-12, 2.74353e-10, 6.65882e-11, 6.33117e-08, 0.330755, 0.168422, 1173, 1173, 0.0736102, 0.162587, 9.82826e-18, 0.177428, 0.0661599, 0.529097, 2.29956e-05, 0.27241, 0.00153459, 1.03385e-09, 0.0019721, 2.00328e-05, 0.390705, 7.27145e-05, 8.43968e-07, 2.82226e-10, 3.21322e-12, 2.91097e-10, 7.06663e-11, 6.23836e-08, 0.333285, 0.168626, 1173, 1173, 0.0814436, 0.150671, 1.04899e-17, 0.169882, 0.065211, 0.539126, 2.29938e-05, 0.274815, 0.00161094, 1.16312e-09, 0.0020433, 1.95146e-05, 0.382999, 7.58343e-05, 7.69322e-07, 2.64208e-10, 3.44634e-12, 3.24741e-10, 7.88858e-11, 6.03735e-08, 0.338435, 0.137622, 1173, 1173, 0.0799707, 0.129578, 2.14088e-17, 0.220817, 0.0407571, 0.52632, 2.33756e-05, 0.248407, 0.00263152, 1.42755e-09, 0.00249339, 3.27592e-05, 0.392381, 0.000107066, 5.29534e-07, 2.45474e-10, 4.20581e-12, 3.8985e-10, 1.0359e-10, 8.76095e-08, 0.353947, 
0.00855263, 1.00015e+06, 1.00015e+06, 1.00015e+06, 1.00121e+06, 1.00089e+06, 0.169215, 1173, 1173, 0.0669261, 0.168441, 9.22883e-18, 0.179846, 0.0659643, 0.514724, 2.27011e-05, 0.270999, 0.00148155, 9.4296e-10, 0.00192463, 2.03149e-05, 0.39573, 7.05818e-05, 8.98935e-07, 2.94906e-10, 3.05463e-12, 2.67656e-10, 6.49532e-11, 6.3604e-08, 0.329772, 0.169049, 1173, 1173, 0.0615531, 0.149275, 8.40927e-18, 0.160439, 0.0590368, 0.464049, 2.03771e-05, 0.271341, 0.0014968, 9.68624e-10, 0.00193795, 2.02551e-05, 0.394392, 7.11893e-05, 8.83291e-07, 2.9141e-10, 3.09912e-12, 2.74256e-10, 6.65636e-11, 6.33112e-08, 0.33074, 0.168434, 1173, 1173, 0.0737153, 0.162904, 9.84208e-18, 0.177743, 0.0662832, 0.529987, 2.30355e-05, 0.272409, 0.00153424, 1.03345e-09, 0.00197183, 2.00318e-05, 0.390722, 7.27012e-05, 8.44231e-07, 2.82276e-10, 3.2125e-12, 2.90995e-10, 7.06402e-11, 6.23833e-08, 0.333269, 0.16863, 1173, 1173, 0.084193, 0.155845, 1.08436e-17, 0.175684, 0.0674426, 0.557468, 2.37775e-05, 0.274813, 0.00161054, 1.16265e-09, 0.002043, 1.9514e-05, 0.38302, 7.58193e-05, 7.69594e-07, 2.64264e-10, 3.44545e-12, 3.2462e-10, 7.88549e-11, 6.03746e-08, 0.338417, 0.138583, 1173, 1173, 0.079638, 0.129111, 2.13253e-17, 0.220021, 0.0405996, 0.524274, 2.32869e-05, 0.248395, 0.00263134, 1.42706e-09, 0.0024932, 3.27656e-05, 0.392409, 0.000107059, 5.2966e-07, 2.45526e-10, 4.20461e-12, 3.89716e-10, 1.03555e-10, 8.76262e-08, 0.353931, 
0.00855674, 1.00015e+06, 1.00015e+06, 1.00015e+06, 1.00121e+06, 1.00089e+06, 0.169259, 1173, 1173, 0.065527, 0.165006, 9.03598e-18, 0.17615, 0.0646142, 0.504101, 2.22337e-05, 0.270999, 0.00148123, 9.42579e-10, 0.00192437, 2.03138e-05, 0.395746, 7.05695e-05, 8.99202e-07, 2.94955e-10, 3.05399e-12, 2.6756e-10, 6.49289e-11, 6.36036e-08, 0.329757, 0.169005, 1173, 1173, 0.0684622, 0.166116, 9.35316e-18, 0.17851, 0.0656924, 0.516273, 2.26715e-05, 0.271341, 0.00149647, 9.6824e-10, 0.0019377, 2.0254e-05, 0.394408, 7.11768e-05, 8.83554e-07, 2.91459e-10, 3.09846e-12, 2.74159e-10, 6.65389e-11, 6.33107e-08, 0.330725, 0.168433, 1173, 1173, 0.0731492, 0.161737, 9.76628e-18, 0.176439, 0.0658028, 0.526051, 2.28657e-05, 0.272409, 0.00153389, 1.03304e-09, 0.00197157, 2.00307e-05, 0.390739, 7.2688e-05, 8.44493e-07, 2.82326e-10, 3.21178e-12, 2.90892e-10, 7.06141e-11, 6.2383e-08, 0.333253, 0.16864, 1173, 1173, 0.0834953, 0.154641, 1.07533e-17, 0.174295, 0.0669135, 0.552988, 2.35879e-05, 0.274812, 0.00161014, 1.16218e-09, 0.00204269, 1.95134e-05, 0.383041, 7.58042e-05, 7.69867e-07, 2.6432e-10, 3.44457e-12, 3.245e-10, 7.8824e-11, 6.03757e-08, 0.338398, 0.137602, 1173, 1173, 0.076831, 0.124631, 2.0579e-17, 0.212384, 0.0391801, 0.505933, 2.24744e-05, 0.248383, 0.00263117, 1.42656e-09, 0.00249302, 3.27719e-05, 0.392437, 0.000107051, 5.29785e-07, 2.45578e-10, 4.20341e-12, 3.89582e-10, 1.0352e-10, 8.76429e-08, 0.353915, 
0.00856086, 1.00015e+06, 1.00015e+06, 1.00015e+06, 1.00121e+06, 1.00089e+06, 0.169227, 1173, 1173, 0.067565, 0.170228, 9.31709e-18, 0.181694, 0.0666535, 0.519921, 2.29326e-05, 0.270998, 0.0014809, 9.42198e-10, 0.00192412, 2.03128e-05, 0.395763, 7.05571e-05, 8.99469e-07, 2.95005e-10, 3.05335e-12, 2.67463e-10, 6.49047e-11, 6.36032e-08, 0.329742, 0.169069, 1173, 1173, 0.0667565, 0.162062, 9.12012e-18, 0.174124, 0.0640839, 0.503543, 2.21136e-05, 0.271341, 0.00149614, 9.67856e-10, 0.00193744, 2.0253e-05, 0.394424, 7.11641e-05, 8.83821e-07, 2.91509e-10, 3.0978e-12, 2.74062e-10, 6.65144e-11, 6.33102e-08, 0.33071, 0.168446, 1173, 1173, 0.0739033, 0.163489, 9.86676e-18, 0.17832, 0.0665102, 0.531609, 2.31085e-05, 0.272409, 0.00153354, 1.03264e-09, 0.0019713, 2.00297e-05, 0.390756, 7.26748e-05, 8.44756e-07, 2.82375e-10, 3.21106e-12, 2.9079e-10, 7.0588e-11, 6.23827e-08, 0.333237, 0.168642, 1173, 1173, 0.0837791, 0.155254, 1.07894e-17, 0.174954, 0.0671709, 0.555007, 2.36755e-05, 0.27481, 0.00160974, 1.16172e-09, 0.00204239, 1.95127e-05, 0.383062, 7.57892e-05, 7.7014e-07, 2.64375e-10, 3.44368e-12, 3.2438e-10, 7.87932e-11, 6.03767e-08, 0.33838, 0.138564, 1173, 1173, 0.0788886, 0.12804, 2.11356e-17, 0.218193, 0.0402413, 0.519625, 2.30848e-05, 0.248371, 0.002631, 1.42607e-09, 0.00249284, 3.27783e-05, 0.392465, 0.000107044, 5.2991e-07, 2.4563e-10, 4.20222e-12, 3.89448e-10, 1.03485e-10, 8.76596e-08, 0.3539, 
0.00856497, 1.00015e+06, 1.00015e+06, 1.00015e+06, 1.00121e+06, 1.00089e+06, 0.169273, 1173, 1173, 0.0671548, 0.169284, 9.26061e-18, 0.180656, 0.0662785, 0.516906, 2.28008e-05, 0.270998, 0.00148058, 9.41817e-10, 0.00192387, 2.03118e-05, 0.395779, 7.05447e-05, 8.99738e-07, 2.95054e-10, 3.0527e-12, 2.67367e-10, 6.48804e-11, 6.36029e-08, 0.329727, 0.169014, 1173, 1173, 0.0666417, 0.161867, 9.10442e-18, 0.173885, 0.064002, 0.50281, 2.20825e-05, 0.27134, 0.0014958, 9.67473e-10, 0.00193718, 2.02519e-05, 0.39444, 7.11515e-05, 8.84086e-07, 2.91558e-10, 3.09714e-12, 2.73964e-10, 6.64898e-11, 6.33097e-08, 0.330694, 0.168447, 1173, 1173, 0.0740598, 0.16392, 9.88743e-18, 0.17876, 0.06668, 0.53287, 2.31645e-05, 0.272409, 0.00153318, 1.03224e-09, 0.00197103, 2.00287e-05, 0.390773, 7.26615e-05, 8.45019e-07, 2.82425e-10, 3.21035e-12, 2.90687e-10, 7.05619e-11, 6.23824e-08, 0.333221, 0.168653, 1173, 1173, 0.0837706, 0.155325, 1.07879e-17, 0.175003, 0.067194, 0.555091, 2.36805e-05, 0.274809, 0.00160934, 1.16125e-09, 0.00204208, 1.95121e-05, 0.383083, 7.57741e-05, 7.70413e-07, 2.64431e-10, 3.44279e-12, 3.2426e-10, 7.87623e-11, 6.03778e-08, 0.338361, 0.137584, 1173, 1173, 0.0791053, 0.128464, 2.11991e-17, 0.218914, 0.0403637, 0.521195, 2.31568e-05, 0.248359, 0.00263082, 1.42557e-09, 0.00249265, 3.27847e-05, 0.392493, 0.000107037, 5.30036e-07, 2.45682e-10, 4.20102e-12, 3.89314e-10, 1.0345e-10, 8.76763e-08, 0.353884, 
0.00856908, 1.00015e+06, 1.00015e+06, 1.00015e+06, 1.00121e+06, 1.00089e+06, 0.169238, 1173, 1173, 0.0672872, 0.169708, 9.27897e-18, 0.181078, 0.0664388, 0.518066, 2.28532e-05, 0.270997, 0.00148025, 9.41437e-10, 0.00192361, 2.03108e-05, 0.395795, 7.05323e-05, 9.00006e-07, 2.95104e-10, 3.05206e-12, 2.67271e-10, 6.48562e-11, 6.36025e-08, 0.329712, 0.16908, 1173, 1173, 0.0662122, 0.160908, 9.04572e-18, 0.172825, 0.0636174, 0.499701, 2.19471e-05, 0.27134, 0.00149547, 9.6709e-10, 0.00193693, 2.02508e-05, 0.394456, 7.11389e-05, 8.8435e-07, 2.91607e-10, 3.09649e-12, 2.73867e-10, 6.64653e-11, 6.33092e-08, 0.330679, 0.168459, 1173, 1173, 0.0743796, 0.164713, 9.92991e-18, 0.179594, 0.0669971, 0.535306, 2.32717e-05, 0.272408, 0.00153283, 1.03184e-09, 0.00197076, 2.00276e-05, 0.390789, 7.26482e-05, 8.45282e-07, 2.82475e-10, 3.20963e-12, 2.90585e-10, 7.05358e-11, 6.23821e-08, 0.333205, 0.168654, 1173, 1173, 0.0837023, 0.155286, 1.07786e-17, 0.174928, 0.0671692, 0.554779, 2.36687e-05, 0.274808, 0.00160894, 1.16078e-09, 0.00204178, 1.95115e-05, 0.383103, 7.57591e-05, 7.70686e-07, 2.64487e-10, 3.4419e-12, 3.2414e-10, 7.87315e-11, 6.03789e-08, 0.338342, 0.138545, 1173, 1173, 0.078643, 0.127785, 2.10807e-17, 0.217756, 0.0401396, 0.518291, 2.30299e-05, 0.248347, 0.00263065, 1.42508e-09, 0.00249247, 3.2791e-05, 0.392521, 0.000107029, 5.30161e-07, 2.45734e-10, 4.19983e-12, 3.8918e-10, 1.03415e-10, 8.7693e-08, 0.353868, 
0.00857319, 1.00015e+06, 1.00015e+06, 1.00015e+06, 1.0012e+06, 1.00089e+06, 0.169285, 1173, 1173, 0.0673166, 0.169871, 9.28311e-18, 0.181223, 0.0664975, 0.518433, 2.28706e-05, 0.270997, 0.00147993, 9.41056e-10, 0.00192336, 2.03098e-05, 0.395811, 7.05199e-05, 9.00274e-07, 2.95154e-10, 3.05142e-12, 2.67175e-10, 6.4832e-11, 6.36021e-08, 0.329697, 0.169025, 1173, 1173, 0.0662511, 0.161086, 9.05103e-18, 0.172988, 0.0636829, 0.500127, 2.1967e-05, 0.27134, 0.00149514, 9.66708e-10, 0.00193667, 2.02497e-05, 0.394472, 7.11263e-05, 8.84614e-07, 2.91656e-10, 3.09583e-12, 2.7377e-10, 6.64407e-11, 6.33087e-08, 0.330664, 0.168459, 1173, 1173, 0.0742772, 0.164572, 9.91602e-18, 0.179409, 0.0669339, 0.534705, 2.32468e-05, 0.272408, 0.00153248, 1.03144e-09, 0.0019705, 2.00266e-05, 0.390806, 7.26349e-05, 8.45545e-07, 2.82525e-10, 3.20892e-12, 2.90483e-10, 7.05098e-11, 6.23818e-08, 0.333189, 0.168665, 1173, 1173, 0.0836588, 0.155293, 1.07726e-17, 0.174904, 0.0671642, 0.55463, 2.36638e-05, 0.274806, 0.00160854, 1.16032e-09, 0.00204148, 1.95109e-05, 0.383124, 7.57441e-05, 7.70959e-07, 2.64543e-10, 3.44102e-12, 3.2402e-10, 7.87008e-11, 6.038e-08, 0.338324, 0.137564, 1173, 1173, 0.0789358, 0.128333, 2.11647e-17, 0.218688, 0.040301, 0.520363, 2.31242e-05, 0.248335, 0.00263048, 1.42458e-09, 0.00249229, 3.27974e-05, 0.39255, 0.000107022, 5.30286e-07, 2.45786e-10, 4.19864e-12, 3.89046e-10, 1.0338e-10, 8.77097e-08, 0.353852, 
0.0085773, 1.00015e+06, 1.00015e+06, 1.00015e+06, 1.0012e+06, 1.00089e+06, 0.16925, 1173, 1173, 0.0672865, 0.169885, 9.27906e-18, 0.181208, 0.0664975, 0.518343, 2.28678e-05, 0.270996, 0.0014796, 9.40677e-10, 0.00192311, 2.03088e-05, 0.395828, 7.05075e-05, 9.00543e-07, 2.95203e-10, 3.05078e-12, 2.67079e-10, 6.48078e-11, 6.36017e-08, 0.329682, 0.169091, 1173, 1173, 0.0660557, 0.160694, 9.02432e-18, 0.172538, 0.063523, 0.498783, 2.19091e-05, 0.27134, 0.00149481, 9.66325e-10, 0.00193642, 2.02486e-05, 0.394488, 7.11137e-05, 8.84878e-07, 2.91705e-10, 3.09518e-12, 2.73674e-10, 6.64162e-11, 6.33082e-08, 0.330649, 0.16847, 1173, 1173, 0.074222, 0.164535, 9.90843e-18, 0.179337, 0.0669133, 0.534443, 2.32367e-05, 0.272408, 0.00153213, 1.03103e-09, 0.00197023, 2.00256e-05, 0.390823, 7.26217e-05, 8.45809e-07, 2.82575e-10, 3.2082e-12, 2.90381e-10, 7.04837e-11, 6.23815e-08, 0.333173, 0.168667, 1173, 1173, 0.0836396, 0.155344, 1.07697e-17, 0.17493, 0.0671787, 0.554644, 2.36659e-05, 0.274805, 0.00160814, 1.15985e-09, 0.00204117, 1.95102e-05, 0.383145, 7.5729e-05, 7.71232e-07, 2.64599e-10, 3.44014e-12, 3.239e-10, 7.867e-11, 6.03811e-08, 0.338305, 0.138526, 1173, 1173, 0.0789567, 0.12844, 2.11758e-17, 0.218868, 0.0403235, 0.520644, 2.31388e-05, 0.248323, 0.00263031, 1.42409e-09, 0.00249211, 3.28038e-05, 0.392578, 0.000107014, 5.30411e-07, 2.45838e-10, 4.19744e-12, 3.88912e-10, 1.03346e-10, 8.77264e-08, 0.353837, 
0.00858141, 1.00015e+06, 1.00015e+06, 1.00015e+06, 1.0012e+06, 1.00089e+06, 0.169296, 1173, 1173, 0.0673033, 0.170017, 9.28146e-18, 0.181318, 0.0665437, 0.518613, 2.28809e-05, 0.270996, 0.00147927, 9.40297e-10, 0.00192285, 2.03078e-05, 0.395844, 7.04951e-05, 9.00811e-07, 2.95253e-10, 3.05014e-12, 2.66983e-10, 6.47836e-11, 6.36014e-08, 0.329666, 0.169036, 1173, 1173, 0.0660016, 0.160646, 9.01691e-18, 0.172457, 0.0634989, 0.498507, 2.1898e-05, 0.271339, 0.00149448, 9.65943e-10, 0.00193616, 2.02476e-05, 0.394504, 7.11012e-05, 8.85142e-07, 2.91754e-10, 3.09452e-12, 2.73577e-10, 6.63918e-11, 6.33077e-08, 0.330634, 0.16847, 1173, 1173, 0.0743044, 0.164803, 9.91922e-18, 0.179599, 0.0670167, 0.535171, 2.32697e-05, 0.272407, 0.00153178, 1.03063e-09, 0.00196996, 2.00245e-05, 0.39084, 7.26084e-05, 8.46072e-07, 2.82625e-10, 3.20749e-12, 2.90279e-10, 7.04577e-11, 6.23812e-08, 0.333157, 0.168677, 1173, 1173, 0.0835819, 0.155324, 1.07618e-17, 0.174876, 0.0671622, 0.5544, 2.36569e-05, 0.274803, 0.00160775, 1.15939e-09, 0.00204087, 1.95096e-05, 0.383166, 7.5714e-05, 7.71505e-07, 2.64654e-10, 3.43925e-12, 3.23781e-10, 7.86393e-11, 6.03821e-08, 0.338286, 0.137545, 1173, 1173, 0.0792564, 0.129, 2.12618e-17, 0.219821, 0.0404886, 0.522763, 2.32352e-05, 0.248311, 0.00263013, 1.42359e-09, 0.00249193, 3.28101e-05, 0.392606, 0.000107007, 5.30536e-07, 2.4589e-10, 4.19625e-12, 3.88778e-10, 1.03311e-10, 8.77431e-08, 0.353821, 
0.00858553, 1.00015e+06, 1.00015e+06, 1.00015e+06, 1.0012e+06, 1.00089e+06, 0.169261, 1173, 1173, 0.0673598, 0.17025, 9.28935e-18, 0.181536, 0.0666293, 0.51919, 2.29075e-05, 0.270996, 0.00147895, 9.39918e-10, 0.0019226, 2.03067e-05, 0.39586, 7.04827e-05, 9.01079e-07, 2.95303e-10, 3.04951e-12, 2.66887e-10, 6.47594e-11, 6.3601e-08, 0.329651, 0.169103, 1173, 1173, 0.0659197, 0.160529, 9.00571e-18, 0.172303, 0.0634479, 0.498019, 2.18778e-05, 0.271339, 0.00149415, 9.65561e-10, 0.00193591, 2.02465e-05, 0.39452, 7.10887e-05, 8.85405e-07, 2.91802e-10, 3.09387e-12, 2.7348e-10, 6.63673e-11, 6.33072e-08, 0.330619, 0.168482, 1173, 1173, 0.0742944, 0.164867, 9.91768e-18, 0.179637, 0.0670369, 0.535236, 2.32737e-05, 0.272407, 0.00153143, 1.03023e-09, 0.00196969, 2.00235e-05, 0.390857, 7.25952e-05, 8.46335e-07, 2.82675e-10, 3.20677e-12, 2.90177e-10, 7.04318e-11, 6.23809e-08, 0.333141, 0.168679, 1173, 1173, 0.0835644, 0.155379, 1.07592e-17, 0.174907, 0.0671781, 0.554424, 2.36594e-05, 0.274802, 0.00160735, 1.15892e-09, 0.00204057, 1.9509e-05, 0.383187, 7.5699e-05, 7.71778e-07, 2.6471e-10, 3.43837e-12, 3.23661e-10, 7.86086e-11, 6.03832e-08, 0.338268, 0.138506, 1173, 1173, 0.0797064, 0.129805, 2.13881e-17, 0.221192, 0.0407305, 0.525876, 2.33758e-05, 0.248299, 0.00262996, 1.4231e-09, 0.00249174, 3.28165e-05, 0.392634, 0.000107, 5.30662e-07, 2.45942e-10, 4.19506e-12, 3.88645e-10, 1.03276e-10, 8.77598e-08, 0.353805, 
0.00858964, 1.00015e+06, 1.00015e+06, 1.00015e+06, 1.0012e+06, 1.00089e+06, 0.169307, 1173, 1173, 0.0671342, 0.169769, 9.25833e-18, 0.180994, 0.0664358, 0.517592, 2.28382e-05, 0.270995, 0.00147862, 9.39539e-10, 0.00192235, 2.03057e-05, 0.395876, 7.04703e-05, 9.01348e-07, 2.95352e-10, 3.04887e-12, 2.66791e-10, 6.47353e-11, 6.36006e-08, 0.329636, 0.169048, 1173, 1173, 0.0659786, 0.160756, 9.01375e-18, 0.172518, 0.0635326, 0.498596, 2.19042e-05, 0.271339, 0.00149382, 9.6518e-10, 0.00193566, 2.02454e-05, 0.394536, 7.10762e-05, 8.85669e-07, 2.91851e-10, 3.09321e-12, 2.73383e-10, 6.63428e-11, 6.33066e-08, 0.330603, 0.168482, 1173, 1173, 0.0742591, 0.164874, 9.91275e-18, 0.179614, 0.0670341, 0.535116, 2.32698e-05, 0.272407, 0.00153107, 1.02983e-09, 0.00196943, 2.00225e-05, 0.390874, 7.25819e-05, 8.46598e-07, 2.82725e-10, 3.20606e-12, 2.90075e-10, 7.04058e-11, 6.23806e-08, 0.333125, 0.168689, 1173, 1173, 0.0833786, 0.155121, 1.07348e-17, 0.174584, 0.0670586, 0.553331, 2.36143e-05, 0.2748, 0.00160695, 1.15846e-09, 0.00204026, 1.95084e-05, 0.383207, 7.5684e-05, 7.72051e-07, 2.64766e-10, 3.43749e-12, 3.23542e-10, 7.85779e-11, 6.03843e-08, 0.338249, 0.137526, 1173, 1173, 0.0795467, 0.129618, 2.13508e-17, 0.220871, 0.0406608, 0.524965, 2.33375e-05, 0.248287, 0.00262979, 1.42261e-09, 0.00249156, 3.28229e-05, 0.392662, 0.000106992, 5.30787e-07, 2.45994e-10, 4.19387e-12, 3.88511e-10, 1.03241e-10, 8.77765e-08, 0.35379, 
0.00859375, 1.00015e+06, 1.00015e+06, 1.00015e+06, 1.0012e+06, 1.00089e+06, 0.169272, 1173, 1173, 0.0668921, 0.169246, 9.22503e-18, 0.180406, 0.0662256, 0.515865, 2.27632e-05, 0.270995, 0.0014783, 9.3916e-10, 0.0019221, 2.03047e-05, 0.395892, 7.0458e-05, 9.01615e-07, 2.95402e-10, 3.04823e-12, 2.66695e-10, 6.47112e-11, 6.36003e-08, 0.329621, 0.169115, 1173, 1173, 0.0660952, 0.161123, 9.02966e-18, 0.172883, 0.0636727, 0.499609, 2.19498e-05, 0.271339, 0.00149349, 9.64798e-10, 0.0019354, 2.02444e-05, 0.394552, 7.10636e-05, 8.85932e-07, 2.919e-10, 3.09256e-12, 2.73287e-10, 6.63184e-11, 6.33061e-08, 0.330588, 0.168494, 1173, 1173, 0.0742362, 0.164908, 9.90948e-18, 0.179621, 0.0670425, 0.535087, 2.32698e-05, 0.272407, 0.00153072, 1.02943e-09, 0.00196916, 2.00214e-05, 0.390891, 7.25687e-05, 8.46861e-07, 2.82775e-10, 3.20535e-12, 2.89973e-10, 7.03798e-11, 6.23803e-08, 0.333109, 0.168691, 1173, 1173, 0.0832149, 0.154903, 1.07133e-17, 0.174308, 0.0669567, 0.552384, 2.35753e-05, 0.274799, 0.00160655, 1.158e-09, 0.00203996, 1.95078e-05, 0.383228, 7.5669e-05, 7.72323e-07, 2.64821e-10, 3.43661e-12, 3.23422e-10, 7.85472e-11, 6.03853e-08, 0.338231, 0.138487, 1173, 1173, 0.0793515, 0.129372, 2.1304e-17, 0.220452, 0.040573, 0.523821, 2.32888e-05, 0.248275, 0.00262962, 1.42211e-09, 0.00249138, 3.28293e-05, 0.39269, 0.000106985, 5.30912e-07, 2.46046e-10, 4.19268e-12, 3.88377e-10, 1.03206e-10, 8.77932e-08, 0.353774, 
0.00859786, 1.00015e+06, 1.00015e+06, 1.00015e+06, 1.0012e+06, 1.00089e+06, 0.169318, 1173, 1173, 0.0668798, 0.169304, 9.22344e-18, 0.180438, 0.066243, 0.515911, 2.27664e-05, 0.270994, 0.00147798, 9.38781e-10, 0.00192184, 2.03037e-05, 0.395908, 7.04456e-05, 9.01883e-07, 2.95451e-10, 3.04759e-12, 2.66599e-10, 6.46871e-11, 6.35999e-08, 0.329606, 0.16906, 1173, 1173, 0.0663483, 0.161824, 9.06423e-18, 0.173606, 0.0639447, 0.501655, 2.20408e-05, 0.271338, 0.00149316, 9.64417e-10, 0.00193515, 2.02433e-05, 0.394568, 7.10511e-05, 8.86195e-07, 2.91949e-10, 3.09191e-12, 2.7319e-10, 6.6294e-11, 6.33056e-08, 0.330573, 0.168493, 1173, 1173, 0.0739596, 0.164379, 9.87234e-18, 0.179013, 0.0668217, 0.533228, 2.31902e-05, 0.272406, 0.00153037, 1.02903e-09, 0.00196889, 2.00204e-05, 0.390908, 7.25555e-05, 8.47124e-07, 2.82825e-10, 3.20464e-12, 2.89871e-10, 7.03539e-11, 6.238e-08, 0.333093, 0.168701, 1173, 1173, 0.0827978, 0.154213, 1.06592e-17, 0.1735, 0.0666507, 0.549754, 2.34645e-05, 0.274797, 0.00160615, 1.15753e-09, 0.00203966, 1.95071e-05, 0.383249, 7.56541e-05, 7.72596e-07, 2.64877e-10, 3.43573e-12, 3.23303e-10, 7.85166e-11, 6.03864e-08, 0.338212, 0.137507, 1173, 1173, 0.0793023, 0.129365, 2.12963e-17, 0.220438, 0.0405598, 0.523639, 2.3283e-05, 0.248263, 0.00262945, 1.42162e-09, 0.0024912, 3.28357e-05, 0.392718, 0.000106977, 5.31036e-07, 2.46098e-10, 4.19149e-12, 3.88244e-10, 1.03171e-10, 8.78099e-08, 0.353758, 
0.00860197, 1.00015e+06, 1.00015e+06, 1.00015e+06, 1.0012e+06, 1.00089e+06, 0.169283, 1173, 1173, 0.0668702, 0.169369, 9.22221e-18, 0.180478, 0.066263, 0.515977, 2.27705e-05, 0.270994, 0.00147765, 9.38403e-10, 0.00192159, 2.03027e-05, 0.395925, 7.04333e-05, 9.0215e-07, 2.95501e-10, 3.04696e-12, 2.66503e-10, 6.4663e-11, 6.35995e-08, 0.329591, 0.169126, 1173, 1173, 0.0661678, 0.161467, 9.03957e-18, 0.173194, 0.0637987, 0.500422, 2.19878e-05, 0.271338, 0.00149283, 9.64037e-10, 0.0019349, 2.02422e-05, 0.394584, 7.10386e-05, 8.86459e-07, 2.91997e-10, 3.09125e-12, 2.73094e-10, 6.62696e-11, 6.33051e-08, 0.330558, 0.168505, 1173, 1173, 0.0741361, 0.164857, 9.8957e-18, 0.179503, 0.0670103, 0.534636, 2.32527e-05, 0.272406, 0.00153002, 1.02863e-09, 0.00196863, 2.00194e-05, 0.390925, 7.25423e-05, 8.47387e-07, 2.82875e-10, 3.20393e-12, 2.8977e-10, 7.0328e-11, 6.23797e-08, 0.333077, 0.168703, 1173, 1173, 0.082703, 0.154123, 1.06466e-17, 0.173368, 0.066604, 0.549263, 2.3445e-05, 0.274796, 0.00160576, 1.15707e-09, 0.00203936, 1.95065e-05, 0.38327, 7.56392e-05, 7.72867e-07, 2.64933e-10, 3.43485e-12, 3.23184e-10, 7.8486e-11, 6.03875e-08, 0.338193, 0.138468, 1173, 1173, 0.0794925, 0.129748, 2.1353e-17, 0.221089, 0.040669, 0.525039, 2.33475e-05, 0.248251, 0.00262928, 1.42113e-09, 0.00249102, 3.2842e-05, 0.392746, 0.00010697, 5.31161e-07, 2.4615e-10, 4.1903e-12, 3.8811e-10, 1.03137e-10, 8.78266e-08, 0.353743, 
0.00860609, 1.00015e+06, 1.00015e+06, 1.00015e+06, 1.0012e+06, 1.00089e+06, 0.169329, 1173, 1173, 0.0667962, 0.16927, 9.2121e-18, 0.180343, 0.0662191, 0.515546, 2.27526e-05, 0.270993, 0.00147733, 9.38025e-10, 0.00192134, 2.03017e-05, 0.395941, 7.0421e-05, 9.02418e-07, 2.9555e-10, 3.04632e-12, 2.66408e-10, 6.46389e-11, 6.35991e-08, 0.329576, 0.169071, 1173, 1173, 0.0661168, 0.161426, 9.03259e-18, 0.173121, 0.0637775, 0.500168, 2.19778e-05, 0.271338, 0.0014925, 9.63656e-10, 0.00193464, 2.02411e-05, 0.3946, 7.10261e-05, 8.86722e-07, 2.92046e-10, 3.0906e-12, 2.72997e-10, 6.62453e-11, 6.33046e-08, 0.330543, 0.168505, 1173, 1173, 0.0741307, 0.16493, 9.89477e-18, 0.179552, 0.0670345, 0.534733, 2.32581e-05, 0.272406, 0.00152967, 1.02823e-09, 0.00196836, 2.00184e-05, 0.390941, 7.25291e-05, 8.4765e-07, 2.82924e-10, 3.20322e-12, 2.89668e-10, 7.03021e-11, 6.23795e-08, 0.333062, 0.168714, 1173, 1173, 0.0829782, 0.154722, 1.06816e-17, 0.174011, 0.0668553, 0.55123, 2.35304e-05, 0.274794, 0.00160536, 1.15661e-09, 0.00203906, 1.95059e-05, 0.38329, 7.56243e-05, 7.73139e-07, 2.64988e-10, 3.43397e-12, 3.23065e-10, 7.84554e-11, 6.03885e-08, 0.338175, 0.137487, 1173, 1173, 0.079415, 0.129694, 2.13377e-17, 0.220996, 0.0406413, 0.524671, 2.33333e-05, 0.248239, 0.00262911, 1.42064e-09, 0.00249084, 3.28484e-05, 0.392774, 0.000106963, 5.31286e-07, 2.46201e-10, 4.18911e-12, 3.87977e-10, 1.03102e-10, 8.78433e-08, 0.353727, 
0.0086102, 1.00015e+06, 1.00015e+06, 1.00015e+06, 1.0012e+06, 1.00088e+06, 0.169294, 1173, 1173, 0.0666974, 0.169109, 9.19858e-18, 0.180141, 0.0661506, 0.514923, 2.27263e-05, 0.270993, 0.00147701, 9.37647e-10, 0.00192109, 2.03007e-05, 0.395957, 7.04087e-05, 9.02685e-07, 2.95599e-10, 3.04569e-12, 2.66312e-10, 6.46149e-11, 6.35988e-08, 0.329561, 0.169138, 1173, 1173, 0.0661404, 0.161567, 9.0358e-18, 0.173244, 0.0638283, 0.500479, 2.19925e-05, 0.271338, 0.00149217, 9.63276e-10, 0.00193439, 2.02401e-05, 0.394616, 7.10136e-05, 8.86985e-07, 2.92095e-10, 3.08995e-12, 2.72901e-10, 6.62209e-11, 6.3304e-08, 0.330528, 0.168517, 1173, 1173, 0.0740757, 0.164893, 9.88722e-18, 0.17948, 0.0670138, 0.534471, 2.3248e-05, 0.272405, 0.00152933, 1.02783e-09, 0.00196809, 2.00173e-05, 0.390958, 7.25159e-05, 8.47912e-07, 2.82974e-10, 3.20251e-12, 2.89566e-10, 7.02762e-11, 6.23792e-08, 0.333046, 0.168715, 1173, 1173, 0.083016, 0.15488, 1.0686e-17, 0.174157, 0.0669155, 0.55162, 2.35485e-05, 0.274793, 0.00160497, 1.15614e-09, 0.00203875, 1.95053e-05, 0.383311, 7.56093e-05, 7.73412e-07, 2.65044e-10, 3.43309e-12, 3.22946e-10, 7.84248e-11, 6.03896e-08, 0.338156, 0.138449, 1173, 1173, 0.079861, 0.130495, 2.14632e-17, 0.222361, 0.0408816, 0.527762, 2.3473e-05, 0.248227, 0.00262894, 1.42014e-09, 0.00249066, 3.28548e-05, 0.392802, 0.000106955, 5.3141e-07, 2.46253e-10, 4.18792e-12, 3.87844e-10, 1.03067e-10, 8.786e-08, 0.353711, 
0.00861431, 1.00015e+06, 1.00015e+06, 1.00015e+06, 1.0012e+06, 1.00088e+06, 0.169341, 1173, 1173, 0.0666489, 0.169075, 9.192e-18, 0.180075, 0.0661319, 0.514689, 2.27172e-05, 0.270992, 0.00147668, 9.3727e-10, 0.00192084, 2.02997e-05, 0.395973, 7.03964e-05, 9.02952e-07, 2.95649e-10, 3.04505e-12, 2.66217e-10, 6.45909e-11, 6.35984e-08, 0.329546, 0.169083, 1173, 1173, 0.0661466, 0.161666, 9.03664e-18, 0.17332, 0.0638623, 0.500658, 2.20015e-05, 0.271338, 0.00149184, 9.62896e-10, 0.00193414, 2.0239e-05, 0.394631, 7.10012e-05, 8.87248e-07, 2.92143e-10, 3.0893e-12, 2.72805e-10, 6.61966e-11, 6.33035e-08, 0.330513, 0.168516, 1173, 1173, 0.0740398, 0.164898, 9.88223e-18, 0.179455, 0.0670104, 0.534347, 2.32439e-05, 0.272405, 0.00152898, 1.02744e-09, 0.00196783, 2.00163e-05, 0.390975, 7.25028e-05, 8.48175e-07, 2.83024e-10, 3.2018e-12, 2.89465e-10, 7.02504e-11, 6.23789e-08, 0.33303, 0.168726, 1173, 1173, 0.0830765, 0.155079, 1.06934e-17, 0.17435, 0.066994, 0.552162, 2.35731e-05, 0.274791, 0.00160457, 1.15568e-09, 0.00203845, 1.95047e-05, 0.383332, 7.55944e-05, 7.73684e-07, 2.65099e-10, 3.43222e-12, 3.22826e-10, 7.83943e-11, 6.03907e-08, 0.338138, 0.137468, 1173, 1173, 0.0797562, 0.130397, 2.14407e-17, 0.222193, 0.04084, 0.527214, 2.34508e-05, 0.248215, 0.00262877, 1.41965e-09, 0.00249048, 3.28612e-05, 0.392829, 0.000106948, 5.31535e-07, 2.46305e-10, 4.18674e-12, 3.87711e-10, 1.03033e-10, 8.78767e-08, 0.353696, 
0.00861842, 1.00015e+06, 1.00015e+06, 1.00015e+06, 1.0012e+06, 1.00088e+06, 0.169305, 1173, 1173, 0.0665367, 0.168879, 9.17663e-18, 0.179837, 0.0660499, 0.513962, 2.26862e-05, 0.270992, 0.00147636, 9.36893e-10, 0.00192059, 2.02987e-05, 0.395989, 7.03841e-05, 9.03219e-07, 2.95698e-10, 3.04442e-12, 2.66121e-10, 6.45669e-11, 6.3598e-08, 0.329531, 0.16915, 1173, 1173, 0.0662428, 0.161984, 9.04977e-18, 0.173633, 0.0639832, 0.501518, 2.20404e-05, 0.271337, 0.00149151, 9.62516e-10, 0.00193388, 2.02379e-05, 0.394647, 7.09887e-05, 8.87511e-07, 2.92192e-10, 3.08865e-12, 2.72708e-10, 6.61723e-11, 6.3303e-08, 0.330498, 0.168528, 1173, 1173, 0.0739852, 0.164862, 9.87475e-18, 0.179385, 0.06699, 0.534088, 2.32339e-05, 0.272405, 0.00152863, 1.02704e-09, 0.00196756, 2.00153e-05, 0.390992, 7.24896e-05, 8.48438e-07, 2.83074e-10, 3.20109e-12, 2.89363e-10, 7.02246e-11, 6.23786e-08, 0.333014, 0.168728, 1173, 1173, 0.0831401, 0.155285, 1.07012e-17, 0.17455, 0.0670751, 0.552724, 2.35985e-05, 0.27479, 0.00160417, 1.15522e-09, 0.00203815, 1.9504e-05, 0.383353, 7.55795e-05, 7.73957e-07, 2.65155e-10, 3.43134e-12, 3.22708e-10, 7.83638e-11, 6.03917e-08, 0.338119, 0.138429, 1173, 1173, 0.0799222, 0.130742, 2.14909e-17, 0.222779, 0.040937, 0.528456, 2.35083e-05, 0.248203, 0.00262861, 1.41916e-09, 0.0024903, 3.28676e-05, 0.392857, 0.000106941, 5.31659e-07, 2.46357e-10, 4.18555e-12, 3.87577e-10, 1.02998e-10, 8.78934e-08, 0.35368, 
0.00862253, 1.00015e+06, 1.00015e+06, 1.00015e+06, 1.0012e+06, 1.00088e+06, 0.169352, 1173, 1173, 0.0664533, 0.168756, 9.16524e-18, 0.179677, 0.0659965, 0.513458, 2.26651e-05, 0.270991, 0.00147604, 9.36516e-10, 0.00192034, 2.02976e-05, 0.396005, 7.03719e-05, 9.03485e-07, 2.95747e-10, 3.04379e-12, 2.66026e-10, 6.45429e-11, 6.35976e-08, 0.329516, 0.169095, 1173, 1173, 0.0663425, 0.162312, 9.06339e-18, 0.173955, 0.0641076, 0.502405, 2.20805e-05, 0.271337, 0.00149118, 9.62136e-10, 0.00193363, 2.02368e-05, 0.394663, 7.09762e-05, 8.87774e-07, 2.92241e-10, 3.088e-12, 2.72612e-10, 6.6148e-11, 6.33025e-08, 0.330483, 0.168528, 1173, 1173, 0.0739669, 0.164907, 9.8721e-18, 0.179403, 0.0670025, 0.534091, 2.32353e-05, 0.272404, 0.00152828, 1.02664e-09, 0.0019673, 2.00142e-05, 0.391009, 7.24764e-05, 8.487e-07, 2.83123e-10, 3.20038e-12, 2.89262e-10, 7.01987e-11, 6.23783e-08, 0.332998, 0.168738, 1173, 1173, 0.0830176, 0.155143, 1.0685e-17, 0.174359, 0.067006, 0.552048, 2.35712e-05, 0.274788, 0.00160378, 1.15476e-09, 0.00203785, 1.95034e-05, 0.383373, 7.55646e-05, 7.74229e-07, 2.6521e-10, 3.43047e-12, 3.22589e-10, 7.83333e-11, 6.03928e-08, 0.338101, 0.137449, 1173, 1173, 0.0801173, 0.131135, 2.1549e-17, 0.223447, 0.041049, 0.529891, 2.35744e-05, 0.248191, 0.00262844, 1.41867e-09, 0.00249011, 3.2874e-05, 0.392885, 0.000106934, 5.31784e-07, 2.46409e-10, 4.18437e-12, 3.87444e-10, 1.02963e-10, 8.79102e-08, 0.353665, 
0.00862664, 1.00015e+06, 1.00015e+06, 1.00015e+06, 1.0012e+06, 1.00088e+06, 0.169316, 1173, 1173, 0.0663829, 0.168665, 9.15563e-18, 0.179551, 0.0659559, 0.513053, 2.26484e-05, 0.270991, 0.00147572, 9.36139e-10, 0.00192009, 2.02966e-05, 0.396021, 7.03596e-05, 9.03752e-07, 2.95796e-10, 3.04316e-12, 2.65931e-10, 6.45189e-11, 6.35972e-08, 0.329501, 0.169162, 1173, 1173, 0.0663737, 0.162472, 9.06764e-18, 0.174098, 0.0641658, 0.502774, 2.20979e-05, 0.271337, 0.00149085, 9.61757e-10, 0.00193338, 2.02358e-05, 0.394679, 7.09638e-05, 8.88037e-07, 2.92289e-10, 3.08736e-12, 2.72516e-10, 6.61237e-11, 6.33019e-08, 0.330468, 0.16854, 1173, 1173, 0.0739447, 0.164942, 9.86894e-18, 0.179411, 0.0670114, 0.534066, 2.32354e-05, 0.272404, 0.00152793, 1.02624e-09, 0.00196703, 2.00132e-05, 0.391025, 7.24633e-05, 8.48962e-07, 2.83173e-10, 3.19968e-12, 2.89161e-10, 7.01729e-11, 6.2378e-08, 0.332982, 0.16874, 1173, 1173, 0.0828977, 0.155006, 1.06692e-17, 0.174174, 0.0669389, 0.55139, 2.35445e-05, 0.274787, 0.00160338, 1.15429e-09, 0.00203755, 1.95028e-05, 0.383394, 7.55497e-05, 7.74502e-07, 2.65266e-10, 3.42959e-12, 3.2247e-10, 7.83028e-11, 6.03939e-08, 0.338082, 0.13841, 1173, 1173, 0.0802688, 0.131456, 2.15954e-17, 0.223994, 0.0411387, 0.531038, 2.36276e-05, 0.248179, 0.00262827, 1.41818e-09, 0.00248993, 3.28804e-05, 0.392913, 0.000106926, 5.31908e-07, 2.4646e-10, 4.18318e-12, 3.87311e-10, 1.02929e-10, 8.79269e-08, 0.353649, 
0.00863076, 1.00015e+06, 1.00015e+06, 1.00015e+06, 1.0012e+06, 1.00088e+06, 0.169363, 1173, 1173, 0.0663734, 0.16873, 9.15444e-18, 0.17959, 0.0659758, 0.51312, 2.26525e-05, 0.27099, 0.0014754, 9.35763e-10, 0.00191984, 2.02956e-05, 0.396037, 7.03474e-05, 9.04018e-07, 2.95846e-10, 3.04252e-12, 2.65836e-10, 6.4495e-11, 6.35969e-08, 0.329486, 0.169106, 1173, 1173, 0.066428, 0.162689, 9.07506e-18, 0.174301, 0.0642465, 0.503318, 2.21229e-05, 0.271337, 0.00149053, 9.61378e-10, 0.00193312, 2.02347e-05, 0.394695, 7.09513e-05, 8.883e-07, 2.92338e-10, 3.08671e-12, 2.7242e-10, 6.60994e-11, 6.33014e-08, 0.330453, 0.16854, 1173, 1173, 0.0739355, 0.165007, 9.86752e-18, 0.179451, 0.0670321, 0.534135, 2.32396e-05, 0.272404, 0.00152758, 1.02584e-09, 0.00196677, 2.00122e-05, 0.391042, 7.24502e-05, 8.49225e-07, 2.83223e-10, 3.19897e-12, 2.89059e-10, 7.01472e-11, 6.23777e-08, 0.332966, 0.16875, 1173, 1173, 0.0824901, 0.15433, 1.06163e-17, 0.173383, 0.0666393, 0.548817, 2.34361e-05, 0.274785, 0.00160299, 1.15383e-09, 0.00203725, 1.95022e-05, 0.383415, 7.55348e-05, 7.74774e-07, 2.65321e-10, 3.42872e-12, 3.22351e-10, 7.82724e-11, 6.03949e-08, 0.338064, 0.13743, 1173, 1173, 0.0798247, 0.130802, 2.14816e-17, 0.222878, 0.0409231, 0.528245, 2.35056e-05, 0.248167, 0.0026281, 1.41768e-09, 0.00248975, 3.28867e-05, 0.392941, 0.000106919, 5.32032e-07, 2.46512e-10, 4.182e-12, 3.87178e-10, 1.02894e-10, 8.79436e-08, 0.353633, 
0.00863487, 1.00015e+06, 1.00015e+06, 1.00015e+06, 1.0012e+06, 1.00088e+06, 0.169327, 1173, 1173, 0.0662032, 0.168385, 9.13108e-18, 0.179194, 0.0658358, 0.511943, 2.26017e-05, 0.27099, 0.00147508, 9.35387e-10, 0.00191959, 2.02946e-05, 0.396053, 7.03352e-05, 9.04284e-07, 2.95895e-10, 3.04189e-12, 2.6574e-10, 6.44711e-11, 6.35965e-08, 0.329471, 0.169173, 1173, 1173, 0.066377, 0.162648, 9.06807e-18, 0.174228, 0.0642252, 0.503063, 2.21129e-05, 0.271336, 0.0014902, 9.60999e-10, 0.00193287, 2.02336e-05, 0.394711, 7.09389e-05, 8.88563e-07, 2.92387e-10, 3.08606e-12, 2.72324e-10, 6.60752e-11, 6.33009e-08, 0.330438, 0.168552, 1173, 1173, 0.0740826, 0.165421, 9.88697e-18, 0.17987, 0.0671946, 0.535333, 2.32931e-05, 0.272404, 0.00152724, 1.02544e-09, 0.0019665, 2.00112e-05, 0.391059, 7.2437e-05, 8.49487e-07, 2.83272e-10, 3.19826e-12, 2.88958e-10, 7.01214e-11, 6.23774e-08, 0.33295, 0.168752, 1173, 1173, 0.0824254, 0.154295, 1.06076e-17, 0.173313, 0.0666166, 0.548525, 2.34251e-05, 0.274784, 0.00160259, 1.15337e-09, 0.00203695, 1.95016e-05, 0.383435, 7.55199e-05, 7.75046e-07, 2.65377e-10, 3.42785e-12, 3.22233e-10, 7.82419e-11, 6.0396e-08, 0.338045, 0.138391, 1173, 1173, 0.0806957, 0.132304, 2.17217e-17, 0.225436, 0.0413818, 0.534156, 2.37709e-05, 0.248155, 0.00262793, 1.41719e-09, 0.00248957, 3.28931e-05, 0.392969, 0.000106912, 5.32157e-07, 2.46564e-10, 4.18081e-12, 3.87045e-10, 1.02859e-10, 8.79603e-08, 0.353618, 
0.00863898, 1.00015e+06, 1.00015e+06, 1.00015e+06, 1.0012e+06, 1.00088e+06, 0.169374, 1173, 1173, 0.066388, 0.168944, 9.15668e-18, 0.179759, 0.0660489, 0.513512, 2.26721e-05, 0.270989, 0.00147476, 9.35011e-10, 0.00191934, 2.02936e-05, 0.396069, 7.03229e-05, 9.0455e-07, 2.95944e-10, 3.04126e-12, 2.65645e-10, 6.44472e-11, 6.35961e-08, 0.329456, 0.169118, 1173, 1173, 0.0665041, 0.163044, 9.08545e-18, 0.174623, 0.0643765, 0.50416, 2.21622e-05, 0.271336, 0.00148987, 9.60621e-10, 0.00193262, 2.02326e-05, 0.394727, 7.09264e-05, 8.88826e-07, 2.92435e-10, 3.08542e-12, 2.72229e-10, 6.6051e-11, 6.33004e-08, 0.330423, 0.16855, 1173, 1173, 0.0734071, 0.163997, 9.79664e-18, 0.178291, 0.0666107, 0.530586, 2.30877e-05, 0.272403, 0.00152689, 1.02505e-09, 0.00196624, 2.00102e-05, 0.391076, 7.24239e-05, 8.49749e-07, 2.83322e-10, 3.19756e-12, 2.88857e-10, 7.00957e-11, 6.23771e-08, 0.332935, 0.168762, 1173, 1173, 0.0823161, 0.154177, 1.05931e-17, 0.17315, 0.0665578, 0.547936, 2.34014e-05, 0.274782, 0.0016022, 1.15291e-09, 0.00203665, 1.9501e-05, 0.383456, 7.55051e-05, 7.75317e-07, 2.65432e-10, 3.42697e-12, 3.22114e-10, 7.82115e-11, 6.03971e-08, 0.338027, 0.13741, 1173, 1173, 0.0808661, 0.132658, 2.17733e-17, 0.226037, 0.0414814, 0.53543, 2.38298e-05, 0.248143, 0.00262777, 1.4167e-09, 0.00248939, 3.28995e-05, 0.392997, 0.000106904, 5.32281e-07, 2.46616e-10, 4.17963e-12, 3.86912e-10, 1.02825e-10, 8.7977e-08, 0.353602, 
0.00864309, 1.00015e+06, 1.00015e+06, 1.00015e+06, 1.0012e+06, 1.00088e+06, 0.169339, 1173, 1173, 0.0663388, 0.168907, 9.15001e-18, 0.17969, 0.0660292, 0.513271, 2.26626e-05, 0.270989, 0.00147444, 9.34635e-10, 0.00191909, 2.02926e-05, 0.396085, 7.03107e-05, 9.04816e-07, 2.95993e-10, 3.04063e-12, 2.6555e-10, 6.44233e-11, 6.35957e-08, 0.329441, 0.169185, 1173, 1173, 0.0665991, 0.16336, 9.09841e-18, 0.174933, 0.0644966, 0.505012, 2.22008e-05, 0.271336, 0.00148954, 9.60243e-10, 0.00193237, 2.02315e-05, 0.394743, 7.0914e-05, 8.8909e-07, 2.92484e-10, 3.08477e-12, 2.72133e-10, 6.60268e-11, 6.32998e-08, 0.330407, 0.168563, 1173, 1173, 0.0738432, 0.165056, 9.85467e-18, 0.179412, 0.0670354, 0.533873, 2.3232e-05, 0.272403, 0.00152654, 1.02465e-09, 0.00196597, 2.00091e-05, 0.391092, 7.24109e-05, 8.5001e-07, 2.83371e-10, 3.19685e-12, 2.88756e-10, 7.00699e-11, 6.23768e-08, 0.332919, 0.168764, 1173, 1173, 0.0822749, 0.154186, 1.05874e-17, 0.173129, 0.066554, 0.547799, 2.3397e-05, 0.274781, 0.00160181, 1.15245e-09, 0.00203635, 1.95004e-05, 0.383477, 7.54902e-05, 7.75589e-07, 2.65488e-10, 3.4261e-12, 3.21996e-10, 7.81811e-11, 6.03981e-08, 0.338009, 0.138372, 1173, 1173, 0.0803776, 0.13193, 2.16475e-17, 0.224797, 0.0412429, 0.532342, 2.36946e-05, 0.248131, 0.0026276, 1.41621e-09, 0.00248921, 3.29059e-05, 0.393025, 0.000106897, 5.32406e-07, 2.46667e-10, 4.17844e-12, 3.86779e-10, 1.0279e-10, 8.79937e-08, 0.353587, 
0.0086472, 1.00015e+06, 1.00015e+06, 1.00015e+06, 1.0012e+06, 1.00088e+06, 0.169385, 1173, 1173, 0.0662458, 0.168759, 9.13731e-18, 0.179503, 0.0659659, 0.51269, 2.26382e-05, 0.270989, 0.00147412, 9.3426e-10, 0.00191884, 2.02916e-05, 0.396101, 7.02985e-05, 9.05082e-07, 2.96042e-10, 3.04e-12, 2.65455e-10, 6.43994e-11, 6.35953e-08, 0.329426, 0.169129, 1173, 1173, 0.0664727, 0.163135, 9.08114e-18, 0.174662, 0.0644024, 0.504187, 2.21656e-05, 0.271336, 0.00148921, 9.59865e-10, 0.00193211, 2.02304e-05, 0.394758, 7.09016e-05, 8.89353e-07, 2.92532e-10, 3.08413e-12, 2.72037e-10, 6.60026e-11, 6.32993e-08, 0.330392, 0.168562, 1173, 1173, 0.0737883, 0.165019, 9.84718e-18, 0.179341, 0.0670146, 0.533611, 2.32219e-05, 0.272403, 0.00152619, 1.02425e-09, 0.00196571, 2.00081e-05, 0.391109, 7.23978e-05, 8.50272e-07, 2.83421e-10, 3.19615e-12, 2.88655e-10, 7.00442e-11, 6.23765e-08, 0.332903, 0.168774, 1173, 1173, 0.0820853, 0.153917, 1.05626e-17, 0.172796, 0.06643, 0.546675, 2.33504e-05, 0.274779, 0.00160141, 1.15199e-09, 0.00203605, 1.94997e-05, 0.383497, 7.54754e-05, 7.75861e-07, 2.65543e-10, 3.42523e-12, 3.21877e-10, 7.81508e-11, 6.03992e-08, 0.33799, 0.137391, 1173, 1173, 0.0798756, 0.13118, 2.15179e-17, 0.223517, 0.0409974, 0.529162, 2.35553e-05, 0.248119, 0.00262743, 1.41572e-09, 0.00248903, 3.29123e-05, 0.393053, 0.00010689, 5.3253e-07, 2.46719e-10, 4.17726e-12, 3.86647e-10, 1.02756e-10, 8.80105e-08, 0.353571, 
0.00865132, 1.00015e+06, 1.00015e+06, 1.00015e+06, 1.0012e+06, 1.00088e+06, 0.16935, 1173, 1173, 0.0661736, 0.168663, 9.12747e-18, 0.179372, 0.0659232, 0.512271, 2.26208e-05, 0.270988, 0.0014738, 9.33885e-10, 0.00191859, 2.02906e-05, 0.396117, 7.02864e-05, 9.05347e-07, 2.96091e-10, 3.03937e-12, 2.65361e-10, 6.43756e-11, 6.35949e-08, 0.329411, 0.169196, 1173, 1173, 0.066488, 0.163256, 9.08324e-18, 0.174763, 0.0644454, 0.504435, 2.21777e-05, 0.271335, 0.00148889, 9.59487e-10, 0.00193186, 2.02293e-05, 0.394774, 7.08891e-05, 8.89616e-07, 2.92581e-10, 3.08348e-12, 2.71941e-10, 6.59785e-11, 6.32988e-08, 0.330377, 0.168574, 1173, 1173, 0.0737343, 0.164983, 9.83985e-18, 0.179272, 0.0669945, 0.533356, 2.3212e-05, 0.272402, 0.00152585, 1.02386e-09, 0.00196545, 2.00071e-05, 0.391126, 7.23847e-05, 8.50534e-07, 2.8347e-10, 3.19545e-12, 2.88554e-10, 7.00185e-11, 6.23762e-08, 0.332887, 0.168776, 1173, 1173, 0.0820492, 0.153935, 1.05576e-17, 0.172785, 0.0664302, 0.546572, 2.33474e-05, 0.274778, 0.00160102, 1.15153e-09, 0.00203575, 1.94991e-05, 0.383518, 7.54606e-05, 7.76132e-07, 2.65598e-10, 3.42436e-12, 3.21759e-10, 7.81204e-11, 6.04002e-08, 0.337972, 0.138352, 1173, 1173, 0.0802871, 0.131929, 2.16345e-17, 0.224793, 0.0412207, 0.532034, 2.36854e-05, 0.248107, 0.00262727, 1.41523e-09, 0.00248885, 3.29187e-05, 0.393081, 0.000106883, 5.32654e-07, 2.46771e-10, 4.17608e-12, 3.86514e-10, 1.02721e-10, 8.80272e-08, 0.353556, 
0.00865543, 1.00015e+06, 1.00015e+06, 1.00015e+06, 1.0012e+06, 1.00088e+06, 0.169396, 1173, 1173, 0.06591, 0.168079, 9.09125e-18, 0.178721, 0.0656897, 0.510369, 2.25379e-05, 0.270988, 0.00147348, 9.3351e-10, 0.00191834, 2.02896e-05, 0.396133, 7.02742e-05, 9.05613e-07, 2.9614e-10, 3.03874e-12, 2.65266e-10, 6.43517e-11, 6.35945e-08, 0.329396, 0.169139, 1173, 1173, 0.0655039, 0.160923, 8.9488e-18, 0.172237, 0.0635193, 0.4971, 2.18563e-05, 0.271335, 0.00148856, 9.59109e-10, 0.00193161, 2.02283e-05, 0.39479, 7.08768e-05, 8.89878e-07, 2.92629e-10, 3.08284e-12, 2.71846e-10, 6.59543e-11, 6.32982e-08, 0.330362, 0.168574, 1173, 1173, 0.0737316, 0.165062, 9.83939e-18, 0.179327, 0.0670211, 0.533472, 2.32183e-05, 0.272402, 0.0015255, 1.02346e-09, 0.00196518, 2.00061e-05, 0.391143, 7.23716e-05, 8.50796e-07, 2.8352e-10, 3.19474e-12, 2.88453e-10, 6.99928e-11, 6.23759e-08, 0.332871, 0.168786, 1173, 1173, 0.0818611, 0.153668, 1.0533e-17, 0.172455, 0.0663073, 0.545457, 2.33012e-05, 0.274777, 0.00160063, 1.15107e-09, 0.00203545, 1.94985e-05, 0.383538, 7.54458e-05, 7.76404e-07, 2.65654e-10, 3.42349e-12, 3.21641e-10, 7.80901e-11, 6.04013e-08, 0.337953, 0.137372, 1173, 1173, 0.0804486, 0.132269, 2.16837e-17, 0.225371, 0.0413157, 0.53325, 2.37418e-05, 0.248095, 0.0026271, 1.41474e-09, 0.00248867, 3.29251e-05, 0.393108, 0.000106875, 5.32778e-07, 2.46822e-10, 4.1749e-12, 3.86381e-10, 1.02687e-10, 8.80439e-08, 0.35354, 
0.00865954, 1.00015e+06, 1.00015e+06, 1.00015e+06, 1.0012e+06, 1.00088e+06, 0.169361, 1173, 1173, 0.0662032, 0.168915, 9.13184e-18, 0.179581, 0.0660113, 0.512779, 2.26455e-05, 0.270987, 0.00147316, 9.33135e-10, 0.00191809, 2.02886e-05, 0.396149, 7.0262e-05, 9.05878e-07, 2.96189e-10, 3.03812e-12, 2.65171e-10, 6.43279e-11, 6.35941e-08, 0.329381, 0.169208, 1173, 1173, 0.0661743, 0.162653, 9.04037e-18, 0.17406, 0.0641973, 0.50232, 2.20869e-05, 0.271335, 0.00148824, 9.58732e-10, 0.00193136, 2.02272e-05, 0.394806, 7.08644e-05, 8.90139e-07, 2.92678e-10, 3.08219e-12, 2.7175e-10, 6.59302e-11, 6.32977e-08, 0.330348, 0.168586, 1173, 1173, 0.0737896, 0.165278, 9.84708e-18, 0.17953, 0.0671028, 0.534026, 2.32437e-05, 0.272402, 0.00152516, 1.02306e-09, 0.00196492, 2.0005e-05, 0.391159, 7.23585e-05, 8.51058e-07, 2.8357e-10, 3.19404e-12, 2.88352e-10, 6.99672e-11, 6.23756e-08, 0.332856, 0.168787, 1173, 1173, 0.0813909, 0.15287, 1.04721e-17, 0.171529, 0.0659556, 0.542461, 2.31747e-05, 0.274775, 0.00160024, 1.15061e-09, 0.00203515, 1.94979e-05, 0.383559, 7.54311e-05, 7.76675e-07, 2.65709e-10, 3.42263e-12, 3.21523e-10, 7.80598e-11, 6.04023e-08, 0.337935, 0.138333, 1173, 1173, 0.0807041, 0.132763, 2.17583e-17, 0.226212, 0.0414591, 0.53509, 2.3826e-05, 0.248083, 0.00262693, 1.41425e-09, 0.00248849, 3.29315e-05, 0.393136, 0.000106868, 5.32902e-07, 2.46874e-10, 4.17372e-12, 3.86249e-10, 1.02652e-10, 8.80606e-08, 0.353525, 
0.00866365, 1.00015e+06, 1.00015e+06, 1.00015e+06, 1.0012e+06, 1.00088e+06, 0.169408, 1173, 1173, 0.066182, 0.168949, 9.12908e-18, 0.179588, 0.0660194, 0.512754, 2.26456e-05, 0.270987, 0.00147284, 9.32761e-10, 0.00191785, 2.02876e-05, 0.396164, 7.02499e-05, 9.06143e-07, 2.96238e-10, 3.03749e-12, 2.65076e-10, 6.43041e-11, 6.35937e-08, 0.329367, 0.169152, 1173, 1173, 0.0664599, 0.163439, 9.07939e-18, 0.174872, 0.0645026, 0.504621, 2.21892e-05, 0.271335, 0.00148791, 9.58355e-10, 0.00193111, 2.02261e-05, 0.394822, 7.0852e-05, 8.90402e-07, 2.92726e-10, 3.08155e-12, 2.71655e-10, 6.59061e-11, 6.32972e-08, 0.330333, 0.168585, 1173, 1173, 0.0735178, 0.164754, 9.81084e-18, 0.178931, 0.0668846, 0.532194, 2.31652e-05, 0.272401, 0.00152481, 1.02267e-09, 0.00196465, 2.0004e-05, 0.391176, 7.23455e-05, 8.5132e-07, 2.83619e-10, 3.19334e-12, 2.88251e-10, 6.99415e-11, 6.23753e-08, 0.33284, 0.168799, 1173, 1173, 0.0819777, 0.154058, 1.05472e-17, 0.172831, 0.0664605, 0.546509, 2.3349e-05, 0.274774, 0.00159985, 1.15015e-09, 0.00203485, 1.94973e-05, 0.383579, 7.54163e-05, 7.76946e-07, 2.65764e-10, 3.42176e-12, 3.21405e-10, 7.80296e-11, 6.04034e-08, 0.337917, 0.137352, 1173, 1173, 0.0801579, 0.131939, 2.16168e-17, 0.224806, 0.0411906, 0.531615, 2.36735e-05, 0.248071, 0.00262677, 1.41376e-09, 0.00248831, 3.29379e-05, 0.393164, 0.000106861, 5.33026e-07, 2.46925e-10, 4.17254e-12, 3.86116e-10, 1.02618e-10, 8.80773e-08, 0.353509, 
0.00866776, 1.00015e+06, 1.00015e+06, 1.00015e+06, 1.0012e+06, 1.00088e+06, 0.169372, 1173, 1173, 0.0660805, 0.168779, 9.11525e-18, 0.179377, 0.0659473, 0.512107, 2.26181e-05, 0.270986, 0.00147252, 9.32387e-10, 0.0019176, 2.02865e-05, 0.39618, 7.02377e-05, 9.06408e-07, 2.96287e-10, 3.03686e-12, 2.64982e-10, 6.42803e-11, 6.35933e-08, 0.329352, 0.16922, 1173, 1173, 0.0664735, 0.163557, 9.08124e-18, 0.174969, 0.064544, 0.504857, 2.22007e-05, 0.271335, 0.00148758, 9.57978e-10, 0.00193085, 2.02251e-05, 0.394837, 7.08397e-05, 8.90664e-07, 2.92774e-10, 3.08091e-12, 2.71559e-10, 6.5882e-11, 6.32966e-08, 0.330318, 0.168598, 1173, 1173, 0.0737298, 0.165314, 9.83926e-18, 0.179508, 0.0671064, 0.533864, 2.32391e-05, 0.272401, 0.00152447, 1.02227e-09, 0.00196439, 2.0003e-05, 0.391193, 7.23324e-05, 8.51581e-07, 2.83668e-10, 3.19264e-12, 2.88151e-10, 6.99159e-11, 6.2375e-08, 0.332824, 0.168801, 1173, 1173, 0.0827198, 0.15554, 1.06422e-17, 0.174462, 0.0670918, 0.551595, 2.35678e-05, 0.274772, 0.00159945, 1.14969e-09, 0.00203455, 1.94967e-05, 0.3836, 7.54015e-05, 7.77218e-07, 2.65819e-10, 3.42089e-12, 3.21287e-10, 7.79993e-11, 6.04045e-08, 0.337898, 0.138313, 1173, 1173, 0.0800245, 0.131793, 2.15865e-17, 0.224557, 0.0411341, 0.530876, 2.36428e-05, 0.248059, 0.0026266, 1.41327e-09, 0.00248814, 3.29444e-05, 0.393192, 0.000106854, 5.3315e-07, 2.46977e-10, 4.17136e-12, 3.85984e-10, 1.02583e-10, 8.80941e-08, 0.353494, 
0.00867188, 1.00015e+06, 1.00015e+06, 1.00015e+06, 1.0012e+06, 1.00088e+06, 0.169419, 1173, 1173, 0.0663728, 0.169614, 9.15577e-18, 0.180235, 0.0662683, 0.514511, 2.27255e-05, 0.270986, 0.0014722, 9.32013e-10, 0.00191735, 2.02855e-05, 0.396196, 7.02256e-05, 9.06674e-07, 2.96335e-10, 3.03624e-12, 2.64887e-10, 6.42566e-11, 6.35929e-08, 0.329337, 0.169164, 1173, 1173, 0.0663214, 0.163266, 9.06046e-18, 0.174629, 0.0644245, 0.503834, 2.21569e-05, 0.271334, 0.00148726, 9.57602e-10, 0.0019306, 2.0224e-05, 0.394853, 7.08273e-05, 8.90927e-07, 2.92823e-10, 3.08027e-12, 2.71464e-10, 6.58579e-11, 6.32961e-08, 0.330303, 0.168597, 1173, 1173, 0.0735032, 0.164891, 9.80912e-18, 0.179019, 0.0669291, 0.532358, 2.31748e-05, 0.272401, 0.00152412, 1.02187e-09, 0.00196413, 2.0002e-05, 0.391209, 7.23194e-05, 8.51843e-07, 2.83718e-10, 3.19194e-12, 2.8805e-10, 6.98903e-11, 6.23747e-08, 0.332808, 0.16881, 1173, 1173, 0.0806798, 0.151789, 1.03793e-17, 0.170225, 0.0654662, 0.538128, 2.29938e-05, 0.274771, 0.00159906, 1.14924e-09, 0.00203425, 1.94961e-05, 0.38362, 7.53868e-05, 7.77489e-07, 2.65875e-10, 3.42003e-12, 3.21169e-10, 7.79691e-11, 6.04055e-08, 0.33788, 0.137333, 1173, 1173, 0.0792355, 0.130566, 2.13794e-17, 0.222466, 0.0407405, 0.525786, 2.34184e-05, 0.248047, 0.00262644, 1.41278e-09, 0.00248796, 3.29508e-05, 0.39322, 0.000106847, 5.33273e-07, 2.47029e-10, 4.17018e-12, 3.85851e-10, 1.02549e-10, 8.81108e-08, 0.353478, 
0.00867599, 1.00015e+06, 1.00015e+06, 1.00015e+06, 1.00119e+06, 1.00088e+06, 0.169383, 1173, 1173, 0.0658946, 0.16848, 9.09007e-18, 0.179001, 0.06582, 0.510943, 2.2569e-05, 0.270985, 0.00147188, 9.31639e-10, 0.0019171, 2.02845e-05, 0.396212, 7.02135e-05, 9.06939e-07, 2.96384e-10, 3.03561e-12, 2.64793e-10, 6.42328e-11, 6.35925e-08, 0.329322, 0.169231, 1173, 1173, 0.0663201, 0.163347, 9.06027e-18, 0.174687, 0.0644513, 0.503956, 2.21634e-05, 0.271334, 0.00148693, 9.57226e-10, 0.00193035, 2.02229e-05, 0.394869, 7.08149e-05, 8.91189e-07, 2.92871e-10, 3.07963e-12, 2.71369e-10, 6.58339e-11, 6.32956e-08, 0.330288, 0.168609, 1173, 1173, 0.0735998, 0.165193, 9.82094e-18, 0.179316, 0.0670461, 0.533193, 2.32124e-05, 0.2724, 0.00152378, 1.02148e-09, 0.00196386, 2.0001e-05, 0.391226, 7.23064e-05, 8.52104e-07, 2.83767e-10, 3.19124e-12, 2.87949e-10, 6.98647e-11, 6.23744e-08, 0.332793, 0.168814, 1173, 1173, 0.0830564, 0.156347, 1.06844e-17, 0.175306, 0.0674245, 0.55412, 2.36786e-05, 0.274769, 0.00159867, 1.14878e-09, 0.00203395, 1.94955e-05, 0.383641, 7.5372e-05, 7.77761e-07, 2.6593e-10, 3.41916e-12, 3.21051e-10, 7.79388e-11, 6.04066e-08, 0.337862, 0.138294, 1173, 1173, 0.0810089, 0.133563, 2.18637e-17, 0.227572, 0.0416645, 0.537701, 2.39514e-05, 0.248035, 0.00262627, 1.41229e-09, 0.00248778, 3.29572e-05, 0.393248, 0.000106839, 5.33397e-07, 2.4708e-10, 4.169e-12, 3.85719e-10, 1.02514e-10, 8.81275e-08, 0.353463, 
0.0086801, 1.00015e+06, 1.00015e+06, 1.00015e+06, 1.00119e+06, 1.00088e+06, 0.169431, 1173, 1173, 0.0667093, 0.170652, 9.20279e-18, 0.181279, 0.0666633, 0.517401, 2.28554e-05, 0.270985, 0.00147157, 9.31266e-10, 0.00191685, 2.02835e-05, 0.396228, 7.02013e-05, 9.07204e-07, 2.96433e-10, 3.03499e-12, 2.64698e-10, 6.42091e-11, 6.35921e-08, 0.329307, 0.169176, 1173, 1173, 0.0666334, 0.164203, 9.10305e-18, 0.175573, 0.0647841, 0.50647, 2.22751e-05, 0.271334, 0.00148661, 9.5685e-10, 0.0019301, 2.02219e-05, 0.394885, 7.08026e-05, 8.91451e-07, 2.9292e-10, 3.07899e-12, 2.71274e-10, 6.58098e-11, 6.3295e-08, 0.330273, 0.168609, 1173, 1173, 0.0738503, 0.16584, 9.85401e-18, 0.179988, 0.0673034, 0.535143, 2.32985e-05, 0.2724, 0.00152343, 1.02108e-09, 0.0019636, 2e-05, 0.391243, 7.22934e-05, 8.52366e-07, 2.83817e-10, 3.19054e-12, 2.87849e-10, 6.98391e-11, 6.23741e-08, 0.332777, 0.168823, 1173, 1173, 0.0816743, 0.153831, 1.0506e-17, 0.172454, 0.0663318, 0.545035, 2.32918e-05, 0.274768, 0.00159828, 1.14832e-09, 0.00203365, 1.94948e-05, 0.383662, 7.53572e-05, 7.78033e-07, 2.65985e-10, 3.4183e-12, 3.20933e-10, 7.79086e-11, 6.04076e-08, 0.337843, 0.137314, 1173, 1173, 0.0791209, 0.130523, 2.13599e-17, 0.222392, 0.0407054, 0.525314, 2.34018e-05, 0.248023, 0.00262611, 1.41181e-09, 0.0024876, 3.29636e-05, 0.393275, 0.000106832, 5.3352e-07, 2.47132e-10, 4.16783e-12, 3.85586e-10, 1.0248e-10, 8.81442e-08, 0.353447, 
0.00868421, 1.00015e+06, 1.00015e+06, 1.00015e+06, 1.00119e+06, 1.00088e+06, 0.169395, 1173, 1173, 0.0659651, 0.168836, 9.10057e-18, 0.179321, 0.0659488, 0.511768, 2.26077e-05, 0.270985, 0.00147125, 9.30893e-10, 0.00191661, 2.02825e-05, 0.396244, 7.01892e-05, 9.07469e-07, 2.96482e-10, 3.03436e-12, 2.64604e-10, 6.41854e-11, 6.35917e-08, 0.329292, 0.169242, 1173, 1173, 0.0661845, 0.163181, 9.0417e-18, 0.174451, 0.0643757, 0.503191, 2.2132e-05, 0.271334, 0.00148628, 9.56474e-10, 0.00192985, 2.02208e-05, 0.3949, 7.07902e-05, 8.91714e-07, 2.92968e-10, 3.07835e-12, 2.71179e-10, 6.57858e-11, 6.32945e-08, 0.330258, 0.168621, 1173, 1173, 0.0741038, 0.166495, 9.88748e-18, 0.180668, 0.0675635, 0.537115, 2.33857e-05, 0.2724, 0.00152309, 1.02069e-09, 0.00196334, 1.99989e-05, 0.391259, 7.22803e-05, 8.52628e-07, 2.83866e-10, 3.18984e-12, 2.87748e-10, 6.98135e-11, 6.23738e-08, 0.332761, 0.168824, 1173, 1173, 0.081156, 0.15294, 1.04384e-17, 0.171425, 0.0659401, 0.541714, 2.31513e-05, 0.274766, 0.00159789, 1.14786e-09, 0.00203336, 1.94942e-05, 0.383682, 7.53425e-05, 7.78304e-07, 2.6604e-10, 3.41743e-12, 3.20815e-10, 7.78785e-11, 6.04087e-08, 0.337825, 0.138275, 1173, 1173, 0.0803419, 0.132612, 2.16954e-17, 0.225949, 0.0413457, 0.533567, 2.37717e-05, 0.248011, 0.00262595, 1.41132e-09, 0.00248742, 3.297e-05, 0.393303, 0.000106825, 5.33644e-07, 2.47183e-10, 4.16665e-12, 3.85454e-10, 1.02445e-10, 8.8161e-08, 0.353432, 
0.00871711, 1.00015e+06, 1.00015e+06, 1.00015e+06, 1.00119e+06, 1.00088e+06, 0.169481, 1173, 1173, 0.0661677, 0.170062, 9.129e-18, 0.180389, 0.0663857, 0.514456, 2.27356e-05, 0.270981, 0.00146872, 9.27916e-10, 0.00191463, 2.02745e-05, 0.39637, 7.00926e-05, 9.09586e-07, 2.96871e-10, 3.02939e-12, 2.63851e-10, 6.39964e-11, 6.35885e-08, 0.329174, 0.169226, 1173, 1173, 0.0661286, 0.163712, 9.03426e-18, 0.174789, 0.0645458, 0.503823, 2.21688e-05, 0.271332, 0.00148369, 9.53477e-10, 0.00192785, 2.02123e-05, 0.395026, 7.06919e-05, 8.93805e-07, 2.93353e-10, 3.07326e-12, 2.7042e-10, 6.55944e-11, 6.32901e-08, 0.330139, 0.16866, 1173, 1173, 0.0733379, 0.165454, 9.78129e-18, 0.179295, 0.0670963, 0.532639, 2.32008e-05, 0.272397, 0.00152034, 1.01754e-09, 0.00196123, 1.99909e-05, 0.391393, 7.21764e-05, 8.54722e-07, 2.84262e-10, 3.18428e-12, 2.86947e-10, 6.96098e-11, 6.23715e-08, 0.332636, 0.168876, 1173, 1173, 0.0807489, 0.152851, 1.03844e-17, 0.171082, 0.0658413, 0.540084, 2.30929e-05, 0.274754, 0.00159479, 1.14421e-09, 0.00203098, 1.94894e-05, 0.383845, 7.52254e-05, 7.80465e-07, 2.6648e-10, 3.41056e-12, 3.19877e-10, 7.76381e-11, 6.0417e-08, 0.337679, 0.137227, 1173, 1173, 0.079821, 0.132341, 2.16021e-17, 0.225482, 0.0411738, 0.531272, 2.36874e-05, 0.247915, 0.00262465, 1.40742e-09, 0.002486, 3.30213e-05, 0.393525, 0.000106768, 5.34629e-07, 2.47594e-10, 4.15727e-12, 3.84399e-10, 1.02171e-10, 8.82947e-08, 0.353309, 
0.00875, 1.00015e+06, 1.00015e+06, 1.00014e+06, 1.00119e+06, 1.00087e+06, 0.169484, 1173, 1173, 0.0658231, 0.169881, 9.08281e-18, 0.179963, 0.0662732, 0.512887, 2.26754e-05, 0.270977, 0.0014662, 9.24956e-10, 0.00191266, 2.02664e-05, 0.396496, 6.99966e-05, 9.11697e-07, 2.97259e-10, 3.02446e-12, 2.63103e-10, 6.38085e-11, 6.35851e-08, 0.329057, 0.169333, 1173, 1173, 0.0660718, 0.164242, 9.02667e-18, 0.175124, 0.0647151, 0.504449, 2.22053e-05, 0.27133, 0.00148112, 9.50495e-10, 0.00192586, 2.02037e-05, 0.395151, 7.05942e-05, 8.95891e-07, 2.93737e-10, 3.0682e-12, 2.69665e-10, 6.5404e-11, 6.32857e-08, 0.330021, 0.168712, 1173, 1173, 0.0730345, 0.16545, 9.74229e-18, 0.179047, 0.0670496, 0.531511, 2.31617e-05, 0.272394, 0.0015176, 1.01439e-09, 0.00195914, 1.99829e-05, 0.391526, 7.2073e-05, 8.56814e-07, 2.84657e-10, 3.17874e-12, 2.86148e-10, 6.94067e-11, 6.23694e-08, 0.33251, 0.168921, 1173, 1173, 0.0804459, 0.152955, 1.03402e-17, 0.170956, 0.0658259, 0.539145, 2.3064e-05, 0.274742, 0.0015917, 1.14058e-09, 0.00202862, 1.94845e-05, 0.384008, 7.51089e-05, 7.82624e-07, 2.66918e-10, 3.40372e-12, 3.18943e-10, 7.73988e-11, 6.04253e-08, 0.337534, 0.13812, 1173, 1173, 0.0796612, 0.132668, 2.16049e-17, 0.22603, 0.0411877, 0.531377, 2.37101e-05, 0.247819, 0.00262337, 1.40353e-09, 0.00248459, 3.30729e-05, 0.393746, 0.000106712, 5.35612e-07, 2.48005e-10, 4.1479e-12, 3.83346e-10, 1.01897e-10, 8.8429e-08, 0.353186, 
0.00881579, 1.00015e+06, 1.00014e+06, 1.00014e+06, 1.00118e+06, 1.00087e+06, 0.169615, 1173, 1173, 0.065773, 0.171164, 9.07762e-18, 0.180856, 0.0666902, 0.514723, 2.27748e-05, 0.27097, 0.00146121, 9.19077e-10, 0.00190876, 2.02504e-05, 0.396745, 6.98062e-05, 9.15905e-07, 2.9803e-10, 3.01469e-12, 2.61618e-10, 6.34359e-11, 6.35783e-08, 0.328823, 0.169363, 1173, 1173, 0.0659963, 0.165394, 9.01643e-18, 0.175895, 0.0650907, 0.50599, 2.22909e-05, 0.271327, 0.00147602, 9.44577e-10, 0.00192192, 2.01867e-05, 0.395398, 7.04004e-05, 9.00047e-07, 2.94499e-10, 3.0582e-12, 2.68168e-10, 6.50266e-11, 6.32765e-08, 0.329786, 0.168794, 1173, 1173, 0.0719863, 0.164422, 9.60044e-18, 0.177458, 0.0665438, 0.526013, 2.29418e-05, 0.272387, 0.00151219, 1.00814e-09, 0.00195498, 1.99673e-05, 0.391792, 7.18678e-05, 8.60995e-07, 2.85446e-10, 3.16777e-12, 2.84558e-10, 6.90032e-11, 6.23658e-08, 0.332261, 0.169019, 1173, 1173, 0.0797061, 0.152933, 1.02414e-17, 0.17045, 0.0656882, 0.536399, 2.29692e-05, 0.274712, 0.00158552, 1.1332e-09, 0.00202385, 1.94766e-05, 0.384345, 7.48749e-05, 7.8703e-07, 2.6782e-10, 3.38993e-12, 3.17046e-10, 7.69147e-11, 6.04471e-08, 0.337238, 0.136991, 1173, 1173, 0.07907, 0.132903, 2.15373e-17, 0.226438, 0.0410795, 0.529824, 2.3677e-05, 0.24762, 0.00262072, 1.39554e-09, 0.00248164, 3.31793e-05, 0.394204, 0.000106595, 5.3765e-07, 2.48854e-10, 4.12868e-12, 3.81181e-10, 1.01335e-10, 8.87055e-08, 0.352933, 
0.00894737, 1.00014e+06, 1.00014e+06, 1.00014e+06, 1.00117e+06, 1.00086e+06, 0.16975, 1173, 1173, 0.0654408, 0.173111, 9.03765e-18, 0.181981, 0.0672852, 0.516558, 2.28922e-05, 0.270958, 0.00145143, 9.0753e-10, 0.0019011, 2.02183e-05, 0.397233, 6.94324e-05, 9.24234e-07, 2.99548e-10, 2.99565e-12, 2.58704e-10, 6.27055e-11, 6.35629e-08, 0.328365, 0.169607, 1173, 1173, 0.066005, 0.168102, 9.01962e-18, 0.177845, 0.0660017, 0.510304, 2.25167e-05, 0.271322, 0.00146601, 9.32935e-10, 0.00191416, 2.01523e-05, 0.395882, 7.00195e-05, 9.08281e-07, 2.96e-10, 3.03866e-12, 2.65226e-10, 6.42858e-11, 6.3256e-08, 0.329325, 0.168977, 1173, 1173, 0.0697904, 0.161938, 9.30329e-18, 0.173867, 0.0653818, 0.514, 2.24542e-05, 0.272385, 0.00150177, 9.96157e-10, 0.00194702, 1.99336e-05, 0.392287, 7.14739e-05, 8.69022e-07, 2.86938e-10, 3.14682e-12, 2.81516e-10, 6.8231e-11, 6.23487e-08, 0.331788, 0.169205, 1173, 1173, 0.0782793, 0.152732, 1.00497e-17, 0.169306, 0.065393, 0.530877, 2.27752e-05, 0.274683, 0.00157374, 1.11951e-09, 0.00201488, 1.94522e-05, 0.384939, 7.44306e-05, 7.95282e-07, 2.69458e-10, 3.36435e-12, 3.13532e-10, 7.60146e-11, 6.04624e-08, 0.336695, 0.137656, 1173, 1173, 0.0767201, 0.131119, 2.10745e-17, 0.223392, 0.0402117, 0.518427, 2.32364e-05, 0.247263, 0.00261639, 1.38104e-09, 0.00247664, 3.33732e-05, 0.395015, 0.000106399, 5.41213e-07, 2.50361e-10, 4.09381e-12, 3.77259e-10, 1.00317e-10, 8.92075e-08, 0.352488, 
0.00921053, 1.00014e+06, 1.00014e+06, 1.00014e+06, 1.00114e+06, 1.00084e+06, 0.17013, 1173, 1173, 0.0645612, 0.176444, 8.93284e-18, 0.183661, 0.0682402, 0.518518, 2.30506e-05, 0.270918, 0.00143263, 8.84957e-10, 0.00188621, 2.01599e-05, 0.398203, 6.87104e-05, 9.4075e-07, 3.02558e-10, 2.95896e-12, 2.53012e-10, 6.12853e-11, 6.35433e-08, 0.327469, 0.169883, 1173, 1173, 0.0640244, 0.168476, 8.76187e-18, 0.176447, 0.065809, 0.503514, 2.22886e-05, 0.271279, 0.00144669, 9.09846e-10, 0.00189892, 2.00951e-05, 0.396878, 6.92792e-05, 9.24863e-07, 2.99053e-10, 3.00052e-12, 2.59393e-10, 6.28258e-11, 6.32428e-08, 0.328406, 0.169325, 1173, 1173, 0.069533, 0.166735, 9.27187e-18, 0.177165, 0.0669476, 0.520665, 2.28216e-05, 0.272335, 0.00148133, 9.71755e-10, 0.00193107, 1.988e-05, 0.393341, 7.06946e-05, 8.85571e-07, 2.90062e-10, 3.10482e-12, 2.75321e-10, 6.66698e-11, 6.23517e-08, 0.33082, 0.169571, 1173, 1173, 0.0775768, 0.156902, 9.95127e-18, 0.172029, 0.0666555, 0.534969, 2.30395e-05, 0.274544, 0.00155057, 1.09104e-09, 0.0019967, 1.94281e-05, 0.38626, 7.35466e-05, 8.12674e-07, 2.73007e-10, 3.31217e-12, 3.06227e-10, 7.41617e-11, 6.05619e-08, 0.335554, 0.136039, 1173, 1173, 0.0759889, 0.134729, 2.1269e-17, 0.229582, 0.0405921, 0.522999, 2.35828e-05, 0.246444, 0.00260749, 1.34984e-09, 0.00246553, 3.38183e-05, 0.39683, 0.00010598, 5.49121e-07, 2.53723e-10, 4.01928e-12, 3.68813e-10, 9.81342e-11, 9.03482e-08, 0.351512, 
0.00947368, 1.00014e+06, 1.00014e+06, 1.00014e+06, 1.00112e+06, 1.00081e+06, 0.170429, 1173, 1173, 0.0643156, 0.181066, 8.90807e-18, 0.186725, 0.069763, 0.524873, 2.33994e-05, 0.270928, 0.00141504, 8.64538e-10, 0.00187239, 2.00883e-05, 0.399032, 6.80369e-05, 9.56124e-07, 3.05241e-10, 2.92639e-12, 2.47884e-10, 6.00044e-11, 6.34762e-08, 0.326663, 0.170281, 1173, 1173, 0.0619015, 0.167442, 8.47011e-18, 0.1738, 0.0651967, 0.494011, 2.19268e-05, 0.271318, 0.00142937, 8.90271e-10, 0.00188552, 2.00173e-05, 0.39764, 6.86198e-05, 9.39329e-07, 3.01547e-10, 2.96868e-12, 2.54474e-10, 6.15891e-11, 6.31544e-08, 0.327638, 0.169653, 1173, 1173, 0.067178, 0.16574, 8.95181e-18, 0.174477, 0.0662921, 0.510403, 2.2438e-05, 0.272353, 0.00146281, 9.50639e-10, 0.0019168, 1.98093e-05, 0.394188, 6.99911e-05, 9.00357e-07, 2.92708e-10, 3.06904e-12, 2.69983e-10, 6.53209e-11, 6.22904e-08, 0.329988, 0.169916, 1173, 1173, 0.0771135, 0.160845, 9.8823e-18, 0.174657, 0.0679518, 0.539636, 2.33193e-05, 0.274497, 0.00152986, 1.06653e-09, 0.00198071, 1.938e-05, 0.387309, 7.27605e-05, 8.27975e-07, 2.75969e-10, 3.26767e-12, 2.99959e-10, 7.25677e-11, 6.05751e-08, 0.334591, 0.136381, 1173, 1173, 0.0737581, 0.134899, 2.10275e-17, 0.230207, 0.0400448, 0.516126, 2.34079e-05, 0.245738, 0.00260281, 1.32335e-09, 0.00245754, 3.42128e-05, 0.398301, 0.000105713, 5.55132e-07, 2.56406e-10, 3.95617e-12, 3.61649e-10, 9.62969e-11, 9.13353e-08, 0.35076, 
0.01, 1.00013e+06, 1.00013e+06, 1.00013e+06, 1.00107e+06, 1.00077e+06, 0.171124, 1173, 1173, 0.0602403, 0.181238, 8.39737e-18, 0.183288, 0.0691481, 0.50989, 2.28732e-05, 0.270835, 0.00137951, 8.20756e-10, 0.00184364, 1.99748e-05, 0.400925, 6.66596e-05, 9.89719e-07, 3.11226e-10, 2.8585e-12, 2.36896e-10, 5.72899e-11, 6.34324e-08, 0.324929, 0.170926, 1173, 1173, 0.0615934, 0.178086, 8.4726e-18, 0.181172, 0.0686564, 0.509638, 2.27642e-05, 0.271233, 0.00139268, 8.45265e-10, 0.00185607, 1.99012e-05, 0.39957, 6.72023e-05, 9.73069e-07, 3.07599e-10, 2.8975e-12, 2.43157e-10, 5.87833e-11, 6.31108e-08, 0.32586, 0.170353, 1173, 1173, 0.0653474, 0.172239, 8.73509e-18, 0.177674, 0.0681704, 0.513982, 2.2744e-05, 0.272257, 0.00142445, 9.03688e-10, 0.00188631, 1.97006e-05, 0.396205, 6.85159e-05, 9.33712e-07, 2.98833e-10, 2.99159e-12, 2.58119e-10, 6.23597e-11, 6.22755e-08, 0.328138, 0.170629, 1173, 1173, 0.0724674, 0.162373, 9.29425e-18, 0.172603, 0.0676049, 0.525001, 2.28607e-05, 0.274245, 0.00148632, 1.01213e-09, 0.00194593, 1.93193e-05, 0.389807, 7.10853e-05, 8.63141e-07, 2.82903e-10, 3.17198e-12, 2.86064e-10, 6.90759e-11, 6.07232e-08, 0.332424, 0.134122, 1173, 1173, 0.0695367, 0.1369, 2.06292e-17, 0.233698, 0.0392636, 0.505597, 2.32054e-05, 0.244138, 0.00258665, 1.26262e-09, 0.00243636, 3.51063e-05, 0.4018, 0.000104929, 5.7065e-07, 2.6302e-10, 3.81135e-12, 3.45228e-10, 9.20542e-11, 9.36065e-08, 0.348899, 
0.0110526, 1.00012e+06, 1.00012e+06, 1.00012e+06, 1.00096e+06, 1.00069e+06, 0.172208, 1173, 1173, 0.0558272, 0.187155, 7.88672e-18, 0.183412, 0.0704152, 0.502654, 2.27732e-05, 0.270762, 0.00132447, 7.52736e-10, 0.00179862, 1.97613e-05, 0.403776, 6.45138e-05, 1.04477e-06, 3.20607e-10, 2.75845e-12, 2.19935e-10, 5.31321e-11, 6.32581e-08, 0.322254, 0.17207, 1173, 1173, 0.0574249, 0.184881, 7.99212e-18, 0.182219, 0.0702684, 0.504819, 2.27792e-05, 0.271158, 0.00133663, 7.76027e-10, 0.00181045, 1.96906e-05, 0.402465, 6.50221e-05, 1.02783e-06, 3.17016e-10, 2.79352e-12, 2.25855e-10, 5.45291e-11, 6.29501e-08, 0.323144, 0.171436, 1173, 1173, 0.0609216, 0.179179, 8.22321e-18, 0.178963, 0.069762, 0.50869, 2.27563e-05, 0.272102, 0.00136546, 8.29654e-10, 0.00183845, 1.95189e-05, 0.399366, 6.62259e-05, 9.89036e-07, 3.08691e-10, 2.87525e-12, 2.39507e-10, 5.77619e-11, 6.22152e-08, 0.325241, 0.171783, 1173, 1173, 0.0675405, 0.17022, 8.7303e-18, 0.174925, 0.0692896, 0.519566, 2.29065e-05, 0.27384, 0.00142073, 9.26983e-10, 0.00189244, 1.92176e-05, 0.393678, 6.85375e-05, 9.20857e-07, 2.93966e-10, 3.02872e-12, 2.64425e-10, 6.36991e-11, 6.09265e-08, 0.32908, 0.13241, 1173, 1173, 0.0649953, 0.144536, 2.10404e-17, 0.249274, 0.0390605, 0.506709, 2.37746e-05, 0.241147, 0.00258701, 1.16582e-09, 0.00241205, 3.68859e-05, 0.407333, 0.000104412, 5.90758e-07, 2.72925e-10, 3.58341e-12, 3.19042e-10, 8.54402e-11, 9.7852e-08, 0.346379, 
0.0115789, 1.00011e+06, 1.00011e+06, 1.00011e+06, 1.00091e+06, 1.00065e+06, 0.172757, 1173, 1173, 0.0528842, 0.186954, 7.53683e-18, 0.180548, 0.0698754, 0.491301, 2.23639e-05, 0.270715, 0.00129954, 7.2109e-10, 0.00177781, 1.96625e-05, 0.405109, 6.3533e-05, 1.07151e-06, 3.25065e-10, 2.71421e-12, 2.1208e-10, 5.12255e-11, 6.31735e-08, 0.321014, 0.172561, 1173, 1173, 0.0551033, 0.187048, 7.73225e-18, 0.181667, 0.0706038, 0.499582, 2.26517e-05, 0.271102, 0.00131135, 7.43711e-10, 0.00178939, 1.95962e-05, 0.40383, 6.40286e-05, 1.05445e-06, 3.21513e-10, 2.74728e-12, 2.17812e-10, 5.25724e-11, 6.28808e-08, 0.321882, 0.17196, 1173, 1173, 0.0584689, 0.181242, 7.94803e-18, 0.178416, 0.07003, 0.502935, 2.26115e-05, 0.272016, 0.00133943, 7.95912e-10, 0.00181688, 1.94373e-05, 0.400811, 6.52055e-05, 1.01531e-06, 3.13274e-10, 2.82458e-12, 2.31059e-10, 5.56965e-11, 6.21859e-08, 0.323931, 0.172282, 1173, 1173, 0.064311, 0.171766, 8.37106e-18, 0.17387, 0.0691304, 0.510122, 2.26258e-05, 0.273591, 0.0013915, 8.87287e-10, 0.00186779, 1.91837e-05, 0.395541, 6.73857e-05, 9.49186e-07, 2.99338e-10, 2.965e-12, 2.54372e-10, 6.12326e-11, 6.10528e-08, 0.327521, 0.130097, 1173, 1173, 0.0618507, 0.146792, 2.10191e-17, 0.254747, 0.0384272, 0.500784, 2.37569e-05, 0.239522, 0.00258936, 1.11665e-09, 0.0023994, 3.78797e-05, 0.410237, 0.000104185, 6.01123e-07, 2.78134e-10, 3.46784e-12, 3.0573e-10, 8.20864e-11, 1.00178e-07, 0.345109, 
0.0121053, 1.00011e+06, 1.0001e+06, 1.0001e+06, 1.00086e+06, 1.00061e+06, 0.173221, 1173, 1173, 0.0495808, 0.184458, 7.13633e-18, 0.17568, 0.0685228, 0.475026, 2.17207e-05, 0.270672, 0.00127671, 6.91645e-10, 0.00175857, 1.95688e-05, 0.406342, 6.2631e-05, 1.09699e-06, 3.29248e-10, 2.67432e-12, 2.04795e-10, 4.9467e-11, 6.30881e-08, 0.319867, 0.173083, 1173, 1173, 0.0524913, 0.18736, 7.43046e-18, 0.179456, 0.0702924, 0.490345, 2.23356e-05, 0.271064, 0.00128815, 7.13965e-10, 0.00176996, 1.95018e-05, 0.405069, 6.31144e-05, 1.07968e-06, 3.25679e-10, 2.7061e-12, 2.10437e-10, 5.07863e-11, 6.27949e-08, 0.320725, 0.172458, 1173, 1173, 0.0592328, 0.193471, 8.11802e-18, 0.187721, 0.0742099, 0.525139, 2.37296e-05, 0.271932, 0.00131465, 7.634e-10, 0.00179613, 1.93567e-05, 0.402204, 6.42297e-05, 1.04141e-06, 3.17757e-10, 2.77728e-12, 2.22947e-10, 5.37239e-11, 6.21508e-08, 0.322668, 0.172819, 1173, 1173, 0.0633119, 0.178474, 8.29634e-18, 0.177989, 0.0711747, 0.517244, 2.30683e-05, 0.273433, 0.00136455, 8.51079e-10, 0.00184525, 1.91268e-05, 0.397149, 6.63259e-05, 9.75719e-07, 3.0417e-10, 2.90827e-12, 2.45244e-10, 5.89974e-11, 6.10978e-08, 0.326121, 0.129732, 1173, 1173, 0.0601342, 0.150877, 2.1406e-17, 0.263382, 0.0384821, 0.504235, 2.41656e-05, 0.238163, 0.00259642, 1.07477e-09, 0.00239169, 3.87535e-05, 0.412535, 0.000104159, 6.08323e-07, 2.82166e-10, 3.36852e-12, 2.94413e-10, 7.92394e-11, 1.02185e-07, 0.344171, 
0.0126316, 1.0001e+06, 1.0001e+06, 1.0001e+06, 1.0008e+06, 1.00057e+06, 0.173702, 1173, 1173, 0.0472288, 0.184326, 6.86937e-18, 0.173421, 0.0680919, 0.466025, 2.13959e-05, 0.270626, 0.00125637, 6.64928e-10, 0.0017412, 1.94844e-05, 0.407462, 6.18226e-05, 1.12061e-06, 3.33076e-10, 2.63918e-12, 1.982e-10, 4.78844e-11, 6.30086e-08, 0.318832, 0.173504, 1173, 1173, 0.0510178, 0.191374, 7.29996e-18, 0.181005, 0.0713409, 0.491165, 2.24715e-05, 0.270985, 0.001267, 6.85671e-10, 0.00175184, 1.9426e-05, 0.406285, 6.22727e-05, 1.10409e-06, 3.29732e-10, 2.66799e-12, 2.03429e-10, 4.9103e-11, 6.27469e-08, 0.319628, 0.172867, 1173, 1173, 0.0566636, 0.194747, 7.84726e-18, 0.186582, 0.0741324, 0.517655, 2.35036e-05, 0.271799, 0.00129254, 7.3301e-10, 0.00177713, 1.92984e-05, 0.403556, 6.33496e-05, 1.06626e-06, 3.2206e-10, 2.73425e-12, 2.15369e-10, 5.18979e-11, 6.216e-08, 0.321491, 0.173229, 1173, 1173, 0.0607965, 0.18141, 8.05871e-18, 0.178549, 0.0715361, 0.512694, 2.29958e-05, 0.273134, 0.00133991, 8.1487e-10, 0.00182365, 1.9117e-05, 0.398901, 6.53387e-05, 1.0027e-06, 3.09264e-10, 2.85309e-12, 2.36106e-10, 5.67903e-11, 6.12636e-08, 0.324715, 0.127364, 1173, 1173, 0.056338, 0.151149, 2.12238e-17, 0.266363, 0.0373056, 0.492316, 2.38653e-05, 0.236424, 0.00260664, 1.02685e-09, 0.00238137, 3.98756e-05, 0.415372, 0.000104138, 6.17059e-07, 2.87083e-10, 3.25558e-12, 2.81422e-10, 7.59919e-11, 1.0471e-07, 0.343071, 
0.0131579, 1.00009e+06, 1.00009e+06, 1.00009e+06, 1.00075e+06, 1.00053e+06, 0.174173, 1173, 1173, 0.0482974, 0.197824, 7.10043e-18, 0.183704, 0.0727232, 0.491204, 2.26441e-05, 0.270621, 0.00123597, 6.38687e-10, 0.00172385, 1.93843e-05, 0.408522, 6.10121e-05, 1.14463e-06, 3.36832e-10, 2.606e-12, 1.91757e-10, 4.63416e-11, 6.28847e-08, 0.317815, 0.174004, 1173, 1173, 0.0500397, 0.196665, 7.22882e-18, 0.183637, 0.0729646, 0.495833, 2.27786e-05, 0.270986, 0.00124664, 6.59642e-10, 0.00173461, 1.93268e-05, 0.40733, 6.14659e-05, 1.12748e-06, 3.33407e-10, 2.63433e-12, 1.97026e-10, 4.75647e-11, 6.26241e-08, 0.318621, 0.173353, 1173, 1173, 0.0554601, 0.199878, 7.74876e-18, 0.189027, 0.0756553, 0.521327, 2.3776e-05, 0.271762, 0.00127124, 7.05167e-10, 0.00175912, 1.92116e-05, 0.404708, 6.25063e-05, 1.09e-06, 3.25938e-10, 2.69625e-12, 2.08474e-10, 5.02348e-11, 6.20795e-08, 0.320416, 0.173732, 1173, 1173, 0.0583363, 0.182646, 7.78947e-18, 0.177431, 0.0715228, 0.505669, 2.27895e-05, 0.273045, 0.00131704, 7.8436e-10, 0.00180433, 1.9047e-05, 0.400204, 6.44346e-05, 1.02658e-06, 3.1338e-10, 2.80803e-12, 2.28472e-10, 5.49355e-11, 6.12398e-08, 0.323545, 0.127096, 1173, 1173, 0.0533848, 0.150364, 2.1001e-17, 0.266278, 0.0363344, 0.482015, 2.35706e-05, 0.235305, 0.00261489, 9.91644e-10, 0.00237617, 4.06396e-05, 0.417198, 0.000104189, 6.22329e-07, 2.9028e-10, 3.17093e-12, 2.71926e-10, 7.35891e-11, 1.06431e-07, 0.342361, 
0.0142105, 1.00008e+06, 1.00008e+06, 1.00008e+06, 1.00065e+06, 1.00045e+06, 0.174949, 1173, 1173, 0.0448119, 0.201873, 6.77432e-18, 0.183352, 0.0733771, 0.484514, 2.25126e-05, 0.270452, 0.00120114, 5.90061e-10, 0.0016931, 1.92552e-05, 0.410633, 5.96076e-05, 1.18972e-06, 3.44074e-10, 2.54647e-12, 1.79812e-10, 4.35173e-11, 6.27973e-08, 0.31594, 0.17474, 1173, 1173, 0.0467496, 0.202486, 6.94434e-18, 0.184873, 0.0741944, 0.492772, 2.28271e-05, 0.270766, 0.00121093, 6.08809e-10, 0.00170303, 1.92129e-05, 0.409573, 6.00253e-05, 1.17336e-06, 3.40936e-10, 2.57029e-12, 1.84495e-10, 4.45981e-11, 6.25881e-08, 0.316667, 0.174047, 1173, 1173, 0.0502673, 0.200315, 7.22487e-18, 0.185198, 0.0746947, 0.502895, 2.31442e-05, 0.271429, 0.00123388, 6.50059e-10, 0.00172591, 1.9133e-05, 0.407227, 6.09969e-05, 1.13712e-06, 3.34024e-10, 2.62295e-12, 1.94793e-10, 4.69871e-11, 6.21595e-08, 0.318303, 0.17447, 1173, 1173, 0.0537942, 0.187941, 7.3967e-18, 0.178287, 0.072098, 0.497475, 2.26584e-05, 0.272458, 0.00127553, 7.19941e-10, 0.00176688, 1.90393e-05, 0.403347, 6.27495e-05, 1.07735e-06, 3.22751e-10, 2.71573e-12, 2.12303e-10, 5.10831e-11, 6.15542e-08, 0.32107, 0.123252, 1173, 1173, 0.0485534, 0.155944, 2.1674e-17, 0.282437, 0.0353871, 0.478502, 2.39321e-05, 0.231856, 0.00265235, 9.03501e-10, 0.00236304, 4.3038e-05, 0.422287, 0.000104643, 6.34321e-07, 2.98622e-10, 2.96031e-12, 2.48023e-10, 6.76333e-11, 1.11603e-07, 0.340693, 
0.0152632, 1.00007e+06, 1.00007e+06, 1.00007e+06, 1.00054e+06, 1.00037e+06, 0.17568, 1173, 1173, 0.0433144, 0.211073, 6.7049e-18, 0.188094, 0.0761784, 0.49338, 2.307e-05, 0.270434, 0.0011727, 5.51848e-10, 0.00166818, 1.9107e-05, 0.412168, 5.84625e-05, 1.22708e-06, 3.49682e-10, 2.50291e-12, 1.70511e-10, 4.13258e-11, 6.25992e-08, 0.314478, 0.175459, 1173, 1173, 0.0440911, 0.206398, 6.70418e-18, 0.184966, 0.0750587, 0.489114, 2.28042e-05, 0.270722, 0.00118258, 5.70044e-10, 0.00167819, 1.90762e-05, 0.411145, 5.88842e-05, 1.2102e-06, 3.46571e-10, 2.52457e-12, 1.75024e-10, 4.23629e-11, 6.24232e-08, 0.315193, 0.174738, 1173, 1173, 0.0464689, 0.200178, 6.82874e-18, 0.181725, 0.0739729, 0.488726, 2.26479e-05, 0.271311, 0.00120493, 6.09242e-10, 0.00170045, 1.90219e-05, 0.408948, 5.98309e-05, 1.17398e-06, 3.39915e-10, 2.57186e-12, 1.84748e-10, 4.46091e-11, 6.20736e-08, 0.316755, 0.175147, 1173, 1173, 0.051277, 0.194239, 7.20409e-18, 0.180936, 0.0736202, 0.498313, 2.28749e-05, 0.272197, 0.00124454, 6.74404e-10, 0.00173929, 1.89698e-05, 0.405392, 6.14969e-05, 1.11544e-06, 3.29262e-10, 2.65395e-12, 2.00971e-10, 4.83885e-11, 6.16014e-08, 0.319345, 0.12184, 1173, 1173, 0.0453529, 0.159713, 2.22902e-17, 0.293787, 0.0348171, 0.47792, 2.429e-05, 0.229609, 0.00268546, 8.43416e-10, 0.00235868, 4.47172e-05, 0.425393, 0.000105197, 6.39555e-07, 3.03477e-10, 2.81323e-12, 2.31771e-10, 6.35493e-11, 1.15134e-07, 0.339803, 
0.0163158, 1.00005e+06, 1.00005e+06, 1.00005e+06, 1.00043e+06, 1.00029e+06, 0.176268, 1173, 1173, 0.0401442, 0.214584, 6.44517e-18, 0.187773, 0.0766115, 0.48713, 2.2943e-05, 0.270197, 0.00114552, 5.10239e-10, 0.00164312, 1.90249e-05, 0.414038, 5.73454e-05, 1.26764e-06, 3.56128e-10, 2.45636e-12, 1.60346e-10, 3.89669e-11, 6.25899e-08, 0.312899, 0.176041, 1173, 1173, 0.0408887, 0.210245, 6.44807e-18, 0.184972, 0.0755714, 0.48336, 2.27058e-05, 0.270449, 0.0011547, 5.26736e-10, 0.00165247, 1.90043e-05, 0.413112, 5.77385e-05, 1.25142e-06, 3.53241e-10, 2.47466e-12, 1.64409e-10, 3.98957e-11, 6.24497e-08, 0.313554, 0.175303, 1173, 1173, 0.0434174, 0.206414, 6.62287e-18, 0.183833, 0.0752119, 0.487405, 2.27746e-05, 0.270932, 0.00117513, 5.61501e-10, 0.00167282, 1.89779e-05, 0.411195, 5.86044e-05, 1.21738e-06, 3.47242e-10, 2.51375e-12, 1.7297e-10, 4.18636e-11, 6.21986e-08, 0.314946, 0.175751, 1173, 1173, 0.0476802, 0.201317, 6.9669e-18, 0.183671, 0.0748672, 0.496401, 2.301e-05, 0.271596, 0.00121095, 6.18076e-10, 0.00170769, 1.89822e-05, 0.4082, 6.01077e-05, 1.16319e-06, 3.37871e-10, 2.58e-12, 1.86932e-10, 4.51032e-11, 6.19209e-08, 0.317205, 0.117922, 1173, 1173, 0.0398402, 0.161339, 2.28833e-17, 0.306043, 0.0329997, 0.465323, 2.42108e-05, 0.225945, 0.00275027, 7.59267e-10, 0.00235345, 4.75561e-05, 0.430032, 0.000106341, 6.445e-07, 3.10102e-10, 2.60543e-12, 2.08914e-10, 5.78421e-11, 1.20856e-07, 0.338765, 
0.0173684, 1.00004e+06, 1.00004e+06, 1.00004e+06, 1.00032e+06, 1.00022e+06, 0.176814, 1173, 1173, 0.0381683, 0.216965, 6.27055e-18, 0.187317, 0.0771045, 0.483576, 2.28812e-05, 0.270197, 0.00112627, 4.83573e-10, 0.00162591, 1.89129e-05, 0.415076, 5.65632e-05, 1.29526e-06, 3.60081e-10, 2.42903e-12, 1.53913e-10, 3.74721e-11, 6.24213e-08, 0.311897, 0.176555, 1173, 1173, 0.0391215, 0.213995, 6.3163e-18, 0.185847, 0.0765037, 0.482833, 2.27922e-05, 0.270403, 0.00113567, 4.9929e-10, 0.00163533, 1.89094e-05, 0.414219, 5.6963e-05, 1.27886e-06, 3.57308e-10, 2.44515e-12, 1.5775e-10, 3.83479e-11, 6.23309e-08, 0.31253, 0.175744, 1173, 1173, 0.0415592, 0.21035, 6.49617e-18, 0.185122, 0.0760977, 0.486958, 2.28773e-05, 0.270785, 0.00115642, 5.32455e-10, 0.00165569, 1.8919e-05, 0.412454, 5.78377e-05, 1.24462e-06, 3.51571e-10, 2.47995e-12, 1.65849e-10, 4.02076e-11, 6.2184e-08, 0.313871, 0.176131, 1173, 1173, 0.0455419, 0.204601, 6.81853e-18, 0.184814, 0.0753819, 0.494025, 2.3038e-05, 0.271321, 0.00119269, 5.87216e-10, 0.00169048, 1.89672e-05, 0.409633, 5.93516e-05, 1.18965e-06, 3.4242e-10, 2.54044e-12, 1.79263e-10, 4.33164e-11, 6.20281e-08, 0.316083, 0.116887, 1173, 1173, 0.0367909, 0.160585, 2.29536e-17, 0.308093, 0.0319117, 0.455639, 2.39863e-05, 0.224302, 0.00278072, 7.15618e-10, 0.00235201, 4.89173e-05, 0.432145, 0.000106895, 6.46587e-07, 3.13195e-10, 2.49475e-12, 1.97124e-10, 5.48264e-11, 1.23595e-07, 0.338264, 
0.0184211, 1.00003e+06, 1.00003e+06, 1.00003e+06, 1.00022e+06, 1.00014e+06, 0.177302, 1173, 1173, 0.0352708, 0.221054, 6.07405e-18, 0.187801, 0.0776784, 0.479392, 2.28477e-05, 0.269887, 0.00110312, 4.44615e-10, 0.00160373, 1.88661e-05, 0.416886, 5.55957e-05, 1.33434e-06, 3.66308e-10, 2.38817e-12, 1.44422e-10, 3.53021e-11, 6.24863e-08, 0.310445, 0.177057, 1173, 1173, 0.0362925, 0.219299, 6.14021e-18, 0.187281, 0.0774697, 0.48081, 2.28673e-05, 0.270071, 0.00111136, 4.58524e-10, 0.0016121, 1.88646e-05, 0.416125, 5.59483e-05, 1.31927e-06, 3.6381e-10, 2.40153e-12, 1.47801e-10, 3.60685e-11, 6.24113e-08, 0.311004, 0.176285, 1173, 1173, 0.0383986, 0.215704, 6.28644e-18, 0.186349, 0.0769881, 0.483761, 2.29105e-05, 0.270402, 0.00112941, 4.87532e-10, 0.00163001, 1.88788e-05, 0.414586, 5.67133e-05, 1.28805e-06, 3.58707e-10, 2.42993e-12, 1.54846e-10, 3.76752e-11, 6.23007e-08, 0.312175, 0.176804, 1173, 1173, 0.0416872, 0.210216, 6.54369e-18, 0.185677, 0.0761325, 0.488606, 2.29959e-05, 0.270804, 0.00116043, 5.33638e-10, 0.00165987, 1.89461e-05, 0.412256, 5.80111e-05, 1.23914e-06, 3.50882e-10, 2.47672e-12, 1.66049e-10, 4.02552e-11, 6.22437e-08, 0.314041, 0.112738, 1173, 1173, 0.0318569, 0.162673, 2.43362e-17, 0.326351, 0.0301807, 0.448084, 2.42141e-05, 0.220132, 0.00288945, 6.31495e-10, 0.00235724, 5.2514e-05, 0.436433, 0.000109086, 6.41937e-07, 3.17544e-10, 2.27747e-12, 1.74213e-10, 4.90887e-11, 1.30304e-07, 0.338026, 
0.0194737, 1.00001e+06, 1.00001e+06, 1.00001e+06, 1.00011e+06, 1.00007e+06, 0.177644, 1173, 1173, 0.0341879, 0.222784, 5.98561e-18, 0.187776, 0.0781158, 0.478142, 2.28499e-05, 0.269914, 0.0010921, 4.29415e-10, 0.0015938, 1.87902e-05, 0.417443, 5.51457e-05, 1.35102e-06, 3.68552e-10, 2.37425e-12, 1.40791e-10, 3.44666e-11, 6.23541e-08, 0.309882, 0.177329, 1173, 1173, 0.0351622, 0.22095, 6.05892e-18, 0.187411, 0.0777973, 0.479404, 2.28681e-05, 0.270022, 0.00110145, 4.43014e-10, 0.00160293, 1.8819e-05, 0.416754, 5.55399e-05, 1.33503e-06, 3.6613e-10, 2.38571e-12, 1.44046e-10, 3.52073e-11, 6.2362e-08, 0.310444, 0.176388, 1173, 1173, 0.0372052, 0.217381, 6.22941e-18, 0.187069, 0.0771347, 0.482454, 2.29302e-05, 0.270178, 0.00112224, 4.7153e-10, 0.00162268, 1.89041e-05, 0.415375, 5.64058e-05, 1.30171e-06, 3.61182e-10, 2.41028e-12, 1.50864e-10, 3.67701e-11, 6.24423e-08, 0.311625, 0.176654, 1173, 1173, 0.0404185, 0.211334, 6.51998e-18, 0.18712, 0.0758282, 0.486571, 2.30013e-05, 0.270317, 0.00115856, 5.18358e-10, 0.00165603, 1.90795e-05, 0.413205, 5.78971e-05, 1.24825e-06, 3.53281e-10, 2.45318e-12, 1.62079e-10, 3.93706e-11, 6.26592e-08, 0.313585, 0.112431, 1173, 1173, 0.0304237, 0.163989, 2.41908e-17, 0.327381, 0.0300565, 0.44575, 2.42106e-05, 0.219604, 0.00287988, 6.04012e-10, 0.00234857, 5.29604e-05, 0.437727, 0.000108705, 6.48835e-07, 3.20545e-10, 2.20678e-12, 1.66887e-10, 4.70741e-11, 1.3139e-07, 0.337278, 
0.0205263, 1e+06, 1e+06, 1e+06, 1e+06, 1e+06, 0.178108, 1173, 1173, 0.0310861, 0.227619, 5.80809e-18, 0.188763, 0.0787841, 0.474616, 2.28678e-05, 0.269504, 0.00106959, 3.87869e-10, 0.00157157, 1.87697e-05, 0.419415, 5.41925e-05, 1.39318e-06, 3.75327e-10, 2.33237e-12, 1.3068e-10, 3.21809e-11, 6.24975e-08, 0.308365, 0.17783, 1173, 1173, 0.0319688, 0.226226, 5.87351e-18, 0.188643, 0.078599, 0.47617, 2.29073e-05, 0.269613, 0.00107729, 3.9952e-10, 0.00157923, 1.87899e-05, 0.418811, 5.45197e-05, 1.3791e-06, 3.73194e-10, 2.3415e-12, 1.33459e-10, 3.28077e-11, 6.24924e-08, 0.308846, 0.177052, 1173, 1173, 0.0336784, 0.222742, 5.98779e-18, 0.187851, 0.0780033, 0.477849, 2.29148e-05, 0.269845, 0.00109281, 4.23484e-10, 0.00159459, 1.88231e-05, 0.417566, 5.51773e-05, 1.35114e-06, 3.68864e-10, 2.36168e-12, 1.39204e-10, 3.41074e-11, 6.24586e-08, 0.309827, 0.177911, 1173, 1173, 0.036428, 0.218082, 6.16341e-18, 0.187219, 0.0774656, 0.481651, 2.29763e-05, 0.270338, 0.00111457, 4.60675e-10, 0.00161645, 1.8812e-05, 0.415513, 5.61048e-05, 1.31084e-06, 3.62104e-10, 2.3972e-12, 1.48228e-10, 3.61525e-11, 6.22309e-08, 0.311341, 0.107551, 1173, 1173, 0.0250213, 0.162598, 2.69064e-17, 0.349369, 0.0272813, 0.434272, 2.43634e-05, 0.213805, 0.00310377, 5.16653e-10, 0.00237974, 5.86219e-05, 0.441882, 0.000113598, 6.23362e-07, 3.20518e-10, 1.96669e-12, 1.42941e-10, 4.11655e-11, 1.41017e-07, 0.338656, 
