axial_index,radial_index,region,z,r,z_left,z_right,r_inner,r_outer,pressure,density,mean_molecular_weight,cp_mass,velocity_axial,gas_temperature,solid_temperature,viscosity,thermal_conductivity,porosity,tortuosity,specific_surface_area,particle_diameter,pore_radius,Y_CH4,Y_CO,Y_O2,Y_CO2,Y_H2,Y_H2O,Y_AR,X_CH4,X_CO,X_O2,X_CO2,X_H2,X_H2O,X_AR,theta_H(s),theta_O(s),theta_CH4(s),theta_H2O(s),theta_CO2(s),theta_CO(s),theta_OH(s),theta_C(s),theta_HCO(s),theta_CH(s),theta_CH3(s),theta_CH2(s),theta_COOH(s),theta_Ni(s),theta_support_H(s),theta_support_O(s),theta_support_CH4(s),theta_support_H2O(s),theta_support_CO2(s),theta_support_CO(s),theta_support_OH(s),theta_support_C(s),theta_support_HCO(s),theta_support_CH(s),theta_support_CH3(s),theta_support_CH2(s),theta_support_COOH(s),theta_support_Ni(s),wdot_CH4,wdot_CO,wdot_O2,wdot_CO2,wdot_H2,wdot_H2O,wdot_AR,sdot_H(s),sdot_O(s),sdot_CH4(s),sdot_H2O(s),sdot_CO2(s),sdot_CO(s),sdot_OH(s),sdot_C(s),sdot_HCO(s),sdot_CH(s),sdot_CH3(s),sdot_CH2(s),sdot_COOH(s),sdot_Ni(s),sdot_support_H(s),sdot_support_O(s),sdot_support_CH4(s),sdot_support_H2O(s),sdot_support_CO2(s),sdot_support_CO(s),sdot_support_OH(s),sdot_support_C(s),sdot_support_HCO(s),sdot_support_CH(s),sdot_support_CH3(s),sdot_support_CH2(s),sdot_support_COOH(s),sdot_support_Ni(s),sdot_gas_CH4,sdot_gas_CO,sdot_gas_O2,sdot_gas_CO2,sdot_gas_H2,sdot_gas_H2O,sdot_gas_AR,axial_flux_CH4,axial_flux_CO,axial_flux_O2,axial_flux_CO2,axial_flux_H2,axial_flux_H2O,axial_flux_AR,radial_flux_CH4,radial_flux_CO,radial_flux_O2,radial_flux_CO2,radial_flux_H2,radial_flux_H2O,radial_flux_AR
0,0,lumen,0.0005263157894736842,0.00050000000000000001,0,0.0010526315789473684,0,0.001,1000238.4473855955,1.5841836087833445,15.446645106803274,3063.5157388033545,0.14175157876007285,1173,1173,3.9666585670205864e-05,0.19196526777702005,0.59999999999999998,2,500000,0.00035,0.0001,0.18093931494821777,0.033350330117409163,1.0010614058154404e-16,0.082409149478962787,0.024731350834858647,0.68689861650648854,2.2978332633314084e-05,0.17421338801179484,0.018391671314471694,4.832502114428614e-17,0.028924649175283243,0.18949226158626212,0.58896914535275546,8.8845594326127409e-06,0.25607382152331642,0.0075305507024746379,4.2502678013536796e-09,0.0042822203441648631,2.381606807148315e-05,0.26084517193985463,0.00023734882967987988,8.3802919959924e-08,6.4406385390653791e-11,1.4739764424503143e-11,1.226430319794492e-09,3.7988721895517394e-10,4.9411931380461736e-08,0.47100693144181227,nan,nan,nan,nan,nan,nan,nan,nan,nan,nan,nan,nan,nan,nan,0,0,0,0,0,0,0,-5.3362882872565116e-09,3.3326250978720268e-10,1.656005655360181e-09,1.6457353787064454e-08,-3.2090411057617008e-12,-3.5647613333736859e-08,-3.3514423958525496e-10,1.5764406436063333e-11,6.9508196564563764e-14,7.5788913338129246e-16,-2.7036110148113908e-15,5.8267452272178765e-15,3.4223427447285929e-11,2.2825572289167742e-08,nan,nan,nan,nan,nan,nan,nan,nan,nan,nan,nan,nan,nan,nan,-1.7400389423459506e-06,7.6708456643592715e-07,1.2054982277893608e-22,1.0068991313985643e-06,6.2248798733538502e-06,-2.7617527860179791e-06,0,0.037436039129796539,0.010773767021748671,1.6331476591466946e-17,0.023347404316503562,0.0065410624670970297,0.14952572845029563,5.1914543639036663e-06,-1.7486610764781027e-05,4.6810166320014399e-06,-8.720414722257131e-20,-1.1870088526707368e-05,2.8908628790124113e-05,-5.6279815011705342e-05,-1.9698134712840595e-09
0,1,lumen,0.0005263157894736842,0.0015,0,0.0010526315789473684,0.001,0.002,1000238.0092575237,1.6361850413887933,15.953694125915458,2968.0101602491382,0.14187782094766188,1173,1173,3.9671094939564247e-05,0.19166061314579308,0.59999999999999998,2,500000,0.00035,0.0001,0.17551504956133629,0.032192555493642118,9.8686380658963315e-17,0.080102620759697513,0.023778449824578534,0.66612677283452315,2.228846588431725e-05,0.17453801752767259,0.018335957996327229,4.9203460573372076e-17,0.02903798564576382,0.18817168417150498,0.5899074539486624,8.9007100689436589e-06,0.25552815729035722,0.0076058267794597957,4.2639925419093723e-09,0.0042948909132709068,2.3981014792333773e-05,0.26065870717185374,0.00023888472198823211,8.2953188136763285e-08,6.4074434246291146e-11,1.4842456454605811e-11,1.2317769139036466e-09,3.8233641910892886e-10,4.9580901391897717e-08,0.47164941361722734,nan,nan,nan,nan,nan,nan,nan,nan,nan,nan,nan,nan,nan,nan,0,0,0,0,0,0,0,-1.697940607672206e-08,1.4567535408205102e-09,1.3750450568133604e-09,4.4654373370154722e-08,-4.130300376888052e-12,-4.2212426562462241e-08,-1.3755964521283758e-09,1.7574961343018447e-11,5.4617780967051477e-14,1.4053212031790088e-15,-7.217215577198363e-15,1.0222498163650316e-14,-7.7401349252308319e-14,1.3067830868655214e-08,nan,nan,nan,nan,nan,nan,nan,nan,nan,nan,nan,nan,nan,nan,-1.7544059261014044e-06,7.783469178901381e-07,-1.6998755183213101e-21,1.0168829634203595e-06,6.2852124890350192e-06,-2.8146275877771743e-06,0,0.037354494792124139,0.01084225790401561,1.6453822666576128e-17,0.023642077926653588,0.0065133530746862159,0.14945378779933827,5.1955389517625253e-06,-6.5003074032287761e-05,9.5551073911962343e-06,-3.5516486193908735e-19,-6.8923198540559851e-05,0.00011832795744015783,-0.00022773434235272467,-6.8501292712425242e-09
0,2,lumen,0.0005263157894736842,0.0025000000000000001,0,0.0010526315789473684,0.002,0.0030000000000000001,1000236.7377539905,1.649842327882509,16.086880547514017,2950.8240438722405,0.14120007918529578,1173,1173,3.9694516866543736e-05,0.19036922322060393,0.59999999999999998,2,500000,0.00035,0.0001,0.17526362465852829,0.031727610140580231,1.0500504976227697e-16,0.081242681640693606,0.022901949030732074,0.6647249854350662,2.2243802558554766e-05,0.17574300281780694,0.018222001941792527,5.2790914820036088e-17,0.02969713728813534,0.18274847141004033,0.59358042951106882,8.9570311559939216e-06,0.25303734892573909,0.007918336833764094,4.3141783042155543e-09,0.0043425252943113737,2.4810084412318062e-05,0.26050145662536661,0.00024509059048284529,7.9970363119741396e-08,6.3055540481921923e-11,1.5252873996540192e-11,1.2522023812811106e-09,3.920534637585576e-10,5.0552319602258783e-08,0.47393029508654344,nan,nan,nan,nan,nan,nan,nan,nan,nan,nan,nan,nan,nan,nan,0,0,0,0,0,0,0,-7.9113737040173954e-08,4.2810784413006711e-09,1.1752588494204444e-08,1.4702802049050061e-07,-1.4465326939744338e-11,-1.9886688977391407e-07,-4.0702512123027433e-09,4.6568297883218396e-11,1.5681370506623097e-13,5.6078520864382751e-15,-2.6431648013098096e-14,4.2214799122677645e-14,1.176326848186633e-11,1.1894514570043344e-07,nan,nan,nan,nan,nan,nan,nan,nan,nan,nan,nan,nan,nan,nan,-1.8225289105909537e-06,9.4476619146022234e-07,-6.5175711473456402e-22,1.0648329759672371e-06,6.538909506526025e-06,-3.0227988541131623e-06,0,0.037542271823732425,0.010616635473233244,1.7543328558687193e-17,0.02385320536939221,0.0062993588781528366,0.14975358023018084,5.1987737882777602e-06,-0.00063996446494735777,0.00030709912085950765,-2.3579849176467754e-18,0.00059562325289430932,0.00054903375241523969,-0.0014033696991273389,-1.3632055413988008e-08
0,3,support,0.0005263157894736842,0.0035000000000000001,0,0.0010526315789473684,0.0030000000000000001,0.0040000000000000001,1001933.908716806,1.6641674702424536,16.199072566387429,2973.3706219132387,0.13885507081638229,1173,1173,3.9575718303829523e-05,0.18599529963138878,0.40000000000000002,2,300000,0.00033700000000000001,0.0001,0.18590101467521325,0.025113439396041635,1.5181616118622727e-16,0.065082949194333453,0.019559466324200223,0.68576146996447651,2.2369050633921269e-05,0.18770953231246237,0.014523899577581271,7.6857335202389702e-17,0.023956086637585812,0.15716528489361639,0.61663612629403652,9.0702847173988811e-06,nan,nan,nan,nan,nan,nan,nan,nan,nan,nan,nan,nan,nan,nan,0.24646573918171144,0.010036957418658485,4.8437571092057937e-09,0.0047421192592333669,2.5091257530522963e-05,0.24109493370195334,0.00028835140674554225,5.5645411156267727e-08,4.9036535020417508e-11,1.8654109262329893e-11,1.4513181920030827e-09,4.7447532895176021e-10,4.7478452010130787e-08,0.497346697813073,0,0,0,0,0,0,0,nan,nan,nan,nan,nan,nan,nan,nan,nan,nan,nan,nan,nan,nan,-5.5844829504160194e-08,9.3284265259790096e-09,-3.8801945492496419e-09,2.6007230500149498e-07,-1.0120030247834366e-11,-8.627764696103081e-08,-8.8836897031153548e-09,4.6374195987203964e-11,1.3348592192494208e-13,5.491948518182395e-15,-3.2459309058771588e-14,3.8302796583301348e-14,-4.411901579679176e-11,-1.1450665011374912e-07,-2.3242518513225119e-06,1.0274826526268654e-06,5.4184010616640458e-22,1.3869347602440398e-06,8.4040612701868911e-06,-3.9754832232841153e-06,0,0.039706694270374494,0.0086023449790229647,2.3731528588921692e-17,0.019814836455291085,0.0058215114118955425,0.15304250615857304,5.1752187784093178e-06,-1.5084199009287018e-06,9.9595870917045136e-08,-1.7267360279146326e-20,-1.6267151525757505e-06,3.1025243608791141e-06,-5.9875384670042815e-06,-1.8525243363407073e-10
0,4,support,0.0005263157894736842,0.0045000000000000005,0,0.0010526315789473684,0.0040000000000000001,0.0050000000000000001,1001554.9900149056,1.624326600710261,15.817241832785051,3053.383257270948,0.13863129155248433,1173,1173,3.9602991527704706e-05,0.18450973787564368,0.40000000000000002,2,300000,0.00033700000000000001,0.0001,0.19165027988031652,0.025626460937271327,1.7109073092033234e-16,0.068574431921560625,0.019236020740775867,0.70728259994682319,2.3079228091155793e-05,0.18895336434506674,0.014471257763771511,8.4573519167287063e-17,0.024646285379108349,0.15092301188359172,0.62099694296307884,9.1376653825235856e-06,nan,nan,nan,nan,nan,nan,nan,nan,nan,nan,nan,nan,nan,nan,0.24284740720785533,0.010585584027768007,4.9016533888990461e-09,0.0048009397532305211,2.6354483615601645e-05,0.24127267568985539,0.00029795745050212433,5.3173562871185876e-08,4.8123256381115948e-11,1.9320582614030619e-11,1.4813630950787625e-09,4.8996079891624272e-10,4.8862826263725478e-08,0.50016897241044256,0,0,0,0,0,0,0,nan,nan,nan,nan,nan,nan,nan,nan,nan,nan,nan,nan,nan,nan,4.7924281731147954e-09,3.9307833686507885e-10,-1.5155565215800216e-09,1.0448760318685763e-11,-7.3955685325755027e-13,9.5912909422947619e-09,-3.8593005871879819e-10,5.0851754447925335e-13,5.5607394632827403e-15,1.1350397702130402e-15,-2.8229109831468961e-15,8.889597534136372e-15,3.947007655828605e-12,-1.288948827671681e-08,-2.4239692177768779e-06,9.3323930368260921e-07,-1.1021159236443946e-22,1.4826504509541426e-06,8.7569093832548517e-06,-3.908155513987488e-06,0,0.039788149175418647,0.0083397054224131142,2.6719106489676469e-17,0.020603732637345631,0.0053474958966201417,0.15319794552940658,5.1871339159309817e-06,0,0,0,0,0,0,0
1,0,lumen,0.0015789473684210526,0.00050000000000000001,0.0010526315789473684,0.0021052631578947368,0,0.001,1000227.7724192977,1.527458208252491,14.893700791027248,3005.3964408460856,0.150604536260109,1173,1173,3.9999288025251552e-05,0.20811788251359381,0.59999999999999998,2,500000,0.00035,0.0001,0.14269731583751005,0.064854955033308043,3.5532357804356455e-17,0.12666093352794563,0.037995869775291367,0.61623170968957941,2.2541538423832913e-05,0.13247466968563165,0.034485194397772818,1.6538793222632878e-17,0.042865096818319293,0.28070392645239356,0.509462708968069,8.4036778136173053e-06,0.26915934295569327,0.003798087227674077,2.7912823176937885e-09,0.0031990046366764556,2.2553727670284969e-05,0.31689714792987661,0.00014569315443576923,2.3150249534831453e-07,1.2693409049338205e-10,8.0158508250447098e-12,7.6674525931245724e-10,2.1048834377791704e-10,5.6887906289119029e-08,0.4067778780741082,nan,nan,nan,nan,nan,nan,nan,nan,nan,nan,nan,nan,nan,nan,0,0,0,0,0,0,0,-1.7277034411500012e-08,5.6486168547438995e-10,2.8195392744308829e-09,4.6808811448748111e-08,-3.9994513777175111e-12,-8.7441626499761525e-08,-5.0337589347860815e-10,3.2417965989579856e-11,7.7642919557077386e-14,1.08017982736217e-15,-4.9956779551827163e-15,7.4263533526704723e-15,4.9789820913214753e-12,5.499534574852163e-08,nan,nan,nan,nan,nan,nan,nan,nan,nan,nan,nan,nan,nan,nan,-8.0207770325989303e-07,5.4463237042501333e-07,-1.8378295664826909e-21,3.4203394143137106e-07,2.7487261535646956e-06,-1.1881309607275625e-06,0,0.030708622033678155,0.01753876616475724,6.8448872442297376e-18,0.031409301293747062,0.0093376385264587001,0.13887776808816732,5.1991826071126429e-06,-1.0098724719229947e-05,-1.1658860445322717e-05,-3.2391533666137132e-20,-6.6271649317260295e-05,5.2486901389410777e-05,-8.2290831872181111e-05,-3.6709682104571437e-09
1,1,lumen,0.0015789473684210526,0.0015,0.0010526315789473684,0.0021052631578947368,0.001,0.002,1000227.3423453851,1.5149511274110459,14.771755053222561,3032.9005653146351,0.15013791451330324,1173,1173,4.0020717697054306e-05,0.20750940692232903,0.59999999999999998,2,500000,0.00035,0.0001,0.14407005557074104,0.06564071304903174,3.649306306988047e-17,0.12951889253941046,0.0380128595231915,0.62284843960392222,2.280448727319051e-05,0.13265396567943333,0.034617227228817091,1.6846883830554299e-17,0.043473411242173791,0.27853008420096398,0.51071687955098677,8.4320976248786349e-06,0.26829363977165782,0.0038397053948715015,2.7969201101645243e-09,0.0032090141832384319,2.2888094832688209e-05,0.31743897816720051,0.00014671817745103794,2.301776931237884e-07,1.2701013853633827e-10,8.0587551943565857e-12,7.6857356819340429e-10,2.1151542596714195e-10,5.750740048528272e-08,0.40704876461363138,nan,nan,nan,nan,nan,nan,nan,nan,nan,nan,nan,nan,nan,nan,0,0,0,0,0,0,0,3.1977287410580433e-10,7.6668841217941838e-10,4.9101859214047082e-11,5.5339098934316809e-11,-1.8255984831488936e-12,-2.5122888491768691e-09,-6.8705496446460023e-10,2.375786167189281e-11,4.2544507438757005e-14,9.1966375647176729e-16,-4.4089183265182214e-15,5.986926614783682e-15,-1.2809784356061973e-11,1.9992742173028978e-09,nan,nan,nan,nan,nan,nan,nan,nan,nan,nan,nan,nan,nan,nan,-8.0442664218173532e-07,4.5987223654120335e-07,-7.7512428159196019e-22,3.4700842510598138e-07,2.7603723086189191e-06,-1.1514825422054287e-06,0,0.030741470355648694,0.017484430184493312,6.9832137912471399e-18,0.031687568704256618,0.0092331570339462855,0.1389619303382166,5.2032155482305832e-06,-0.00013250899942012309,6.5714907626160781e-05,-1.3299784665625942e-19,-3.8734890521715721e-05,0.00017505193667949727,-0.00034410225564616206,-7.3049851894838007e-09
1,2,lumen,0.0015789473684210526,0.0025000000000000001,0.0010526315789473684,0.0021052631578947368,0.002,0.0030000000000000001,1000226.1277705247,1.5210214963723256,14.830963092904444,3033.2249699430186,0.14912421817740143,1173,1173,4.0033513034488354e-05,0.20591908232978387,0.59999999999999998,2,500000,0.00035,0.0001,0.14605093040496162,0.063967352205057573,3.90874752387443e-17,0.13006265193603023,0.036869626160042419,0.6268249471124725,2.2866402618393178e-05,0.13501688951694454,0.033869955005499053,1.811691051505197e-17,0.043830907101468815,0.27123614326824075,0.51603761622741373,8.4888804330633985e-06,0.26674078794982875,0.0040138625848287575,2.8680577587312345e-09,0.0032667302041054953,2.3408823758204854e-05,0.31570571419271615,0.00015135143152194216,2.1869764900966347e-07,1.2354905552565062e-10,8.3533284279764432e-12,7.8945883810561803e-10,2.1909410012430915e-10,5.804231867613024e-08,0.41009786406476079,nan,nan,nan,nan,nan,nan,nan,nan,nan,nan,nan,nan,nan,nan,0,0,0,0,0,0,0,-1.4671200745038028e-08,3.384554286390502e-09,1.328946237469936e-09,4.0717564164545349e-08,-1.000900046437686e-11,-6.1293516643917342e-08,-3.0456147128915706e-09,1.0911777492857155e-10,2.1432584019358601e-13,4.2309734187509898e-15,-2.0162949623964697e-14,2.8107670098366231e-14,-4.1178149417488748e-11,3.3521110608304243e-08,nan,nan,nan,nan,nan,nan,nan,nan,nan,nan,nan,nan,nan,nan,-8.4337638337969589e-07,5.3173205710743687e-07,-1.8038379910211708e-22,3.7155073958210062e-07,2.9067505631780177e-06,-1.2544943633896466e-06,0,0.031203273478625556,0.016903440959273819,7.4380450069064168e-18,0.031543462156795599,0.0089453963789795938,0.13953981402689244,5.198230302002628e-06,-0.00069813296824762191,0.00055738610813752833,-4.7477572672341413e-19,0.00069862825435320513,0.00045561273337607199,-0.0012522621957275499,-4.4361425100587982e-09
1,3,support,0.0015789473684210526,0.0035000000000000001,0.0010526315789473684,0.0021052631578947368,0.0030000000000000001,0.0040000000000000001,1001848.4867099639,1.5441454988291852,15.032055496867288,3036.0675849198533,0.14764309147715857,1173,1173,3.9838764835333149e-05,0.20348709465613474,0.40000000000000002,2,300000,0.00033700000000000001,0.0001,0.15746710800197175,0.051221575417282408,4.8297641745310475e-17,0.10936713183445551,0.033791155133345664,0.64193455001400046,2.2652923040672744e-05,0.14754436866027765,0.027488952670816223,2.2689319053794653e-17,0.037356286106676732,0.2519595829700913,0.53564228593766217,8.5236544759363292e-06,nan,nan,nan,nan,nan,nan,nan,nan,nan,nan,nan,nan,nan,nan,0.26817837254494165,0.0046746907732902188,3.2719973274742691e-09,0.0035399674671830832,2.215589685131015e-05,0.29597345242648732,0.00017002882000736176,1.6594807428447787e-07,1.0097677673447205e-10,9.8274061816963415e-12,9.0808302559219511e-10,2.5773985373382265e-10,5.3003025809427192e-08,0.42744110857156453,0,0,0,0,0,0,0,nan,nan,nan,nan,nan,nan,nan,nan,nan,nan,nan,nan,nan,nan,7.7463251485297665e-09,-2.1607120764838704e-10,-3.9077662061037451e-10,2.5007629655419495e-08,1.3547174449943244e-12,7.5089337610214496e-09,1.7891090512035453e-10,-1.5317540313398992e-11,-3.3444158464744266e-14,6.0087397787488673e-16,-2.9280812065279548e-15,5.6166651755684223e-15,4.2204485711751013e-12,-3.9825179128339535e-08,-1.0410178192567232e-06,5.4479049574340799e-07,-4.0665604287167456e-21,4.8911893888358834e-07,3.6093637425238523e-06,-1.5555188934701647e-06,0,0.033806867625338057,0.01398985110507292,8.9068704000123299e-18,0.027252078053093855,0.0085193316493216032,0.14322993965291109,5.1720885271347481e-06,-5.4653194853627269e-06,7.953002744284737e-07,-1.3889975402253304e-20,-7.3257014419120474e-06,1.160773483467896e-05,-2.1116058540057478e-05,-7.2709291740753965e-10
1,4,support,0.0015789473684210526,0.0045000000000000005,0.0010526315789473684,0.0021052631578947368,0.0040000000000000001,0.0050000000000000001,1001470.7299451383,1.5511515610414814,15.105954448612886,3051.7698512465781,0.14349738381049473,1173,1173,3.9950877149788731e-05,0.19821595104650358,0.40000000000000002,2,300000,0.00033700000000000001,0.0001,0.16131480892305092,0.050223372309843979,6.0593570917694402e-17,0.11757775578739375,0.030747631929849768,0.65622879177454652,2.3208663482563146e-05,0.15189267315828078,0.027085754172375187,2.8605654170932122e-17,0.040358204528494181,0.23039301951142149,0.5502615729344752,8.7756949532111174e-06,nan,nan,nan,nan,nan,nan,nan,nan,nan,nan,nan,nan,nan,nan,0.26047490761333764,0.0053352309626275548,3.4206938434936646e-09,0.0036930259918123197,2.4902689143308872e-05,0.29604705053532832,0.00018552925852601581,1.4785340192464702e-07,9.6601259096796305e-11,1.0716703436112568e-11,9.5730924429515105e-10,2.7941967096601479e-10,5.696343099295266e-08,0.4342391433676604,0,0,0,0,0,0,0,nan,nan,nan,nan,nan,nan,nan,nan,nan,nan,nan,nan,nan,nan,-3.1050621213359704e-08,2.9098735547996674e-09,1.5714095781885636e-09,7.8065417596342067e-08,-4.1256853619206502e-12,-6.4686280650612556e-08,-2.6958781455633968e-09,4.0330929026131945e-11,7.5612866221199571e-14,2.5137367009571528e-15,-1.378032206997658e-14,1.7167947482907616e-14,-3.4813124634740172e-11,1.58846057952546e-08,-1.1588411946636401e-06,6.1429492970166422e-07,-3.7587721551695427e-21,6.0765966243450008e-07,4.0964943581606184e-06,-1.8431295848442275e-06,0,0.033920063884683847,0.0132019015085673,1.1332357401140725e-17,0.02904187252544578,0.0073633006121229059,0.14313765002188372,5.1864536456189622e-06,0,0,0,0,0,0,0
2,0,lumen,0.002631578947368421,0.00050000000000000001,0.0021052631578947368,0.0031578947368421052,0,0.001,1000216.5129068074,1.4623045591267521,14.258571279125968,3035.9879546242942,0.15576482428483759,1173,1173,4.0188787374478262e-05,0.21653401225018326,0.59999999999999998,2,500000,0.00035,0.0001,0.1222996460219497,0.091003707525639022,2.2578084756263583e-17,0.14928737450228632,0.046570750771388295,0.59031009370759202,2.2803807208840607e-05,0.10869651687439036,0.046325699765050209,1.0060979775090061e-17,0.048367939976241732,0.32938113561321958,0.46722056885468943,8.1389164085782325e-06,0.27140310076253038,0.0027632830044660244,2.1319205550288015e-09,0.0027308980699001831,2.2050900114604675e-05,0.34431100743251397,0.00011482040557086732,3.7013492855876209e-07,1.7193623143309632e-10,5.8485623929988419e-12,5.8154063399700533e-10,1.5181196783829621e-10,6.0230871700421616e-08,0.378654406016045,nan,nan,nan,nan,nan,nan,nan,nan,nan,nan,nan,nan,nan,nan,0,0,0,0,0,0,0,1.2247161893135394e-09,1.0264565356187843e-10,4.4120732659791188e-11,-2.2226611546760452e-09,7.7160901366252199e-13,-1.1351774532311273e-09,-1.0075736565825815e-10,-6.0016466622847542e-13,-1.7213671559069395e-15,9.4868503960656208e-18,-3.5509139852504918e-17,-3.961612385387459e-17,2.3683734658597184e-12,2.0845750675503137e-09,nan,nan,nan,nan,nan,nan,nan,nan,nan,nan,nan,nan,nan,nan,-5.2382367894850124e-07,3.6131045483278612e-07,2.1687090710738046e-22,1.6360174280353545e-07,1.7343828833255026e-06,-6.8516426843245881e-07,0,0.026365069572145624,0.022826473941043399,4.6001056871559913e-18,0.035308620052233036,0.011024753361336214,0.13262667729495242,5.2069664261073143e-06,-3.7563699933958428e-05,1.0485517721148574e-05,-2.9804248243620957e-20,-5.218737191536967e-05,7.3031021087906377e-05,-0.00012656510448973694,-3.697283727875886e-09
2,1,lumen,0.002631578947368421,0.0015,0.0021052631578947368,0.0031578947368421052,0.001,0.002,1000216.1081711845,1.4681466987777374,14.315542335455751,3028.4581330987462,0.15540299031916827,1173,1173,4.0205063984936224e-05,0.21582686705700102,0.59999999999999998,2,500000,0.00035,0.0001,0.12254226191357588,0.090415147537538085,2.3101495244509398e-17,0.15013149710149137,0.045983182917406232,0.59029306564320272,2.2790362280966203e-05,0.10934731274115206,0.046209991872192227,1.0335346996221762e-17,0.048835779105222847,0.32652490167318188,0.46907384799007651,8.166618174556836e-06,0.27072456299874115,0.0028036944203238146,2.1486577842999412e-09,0.0027468100587749564,2.2317408631582524e-05,0.34423009621802508,0.00011599337800355731,3.6524305924461373e-07,1.7107793085600519e-10,5.9087669703327606e-12,5.8612348830954369e-10,1.53436404255778e-10,6.0694124556420907e-08,0.37935609651510932,nan,nan,nan,nan,nan,nan,nan,nan,nan,nan,nan,nan,nan,nan,0,0,0,0,0,0,0,1.2361495981360118e-10,1.8812468967769737e-10,4.1329724901803545e-11,-1.8100417086146388e-09,4.4841246601284857e-13,2.5107834454108149e-09,-1.7284309324515347e-10,1.3661798472022757e-12,-2.2326129726246428e-15,1.7138658412767409e-16,-7.4741684836215397e-16,9.5088465647457443e-16,-3.4661121974220788e-12,-8.7931453843425701e-10,nan,nan,nan,nan,nan,nan,nan,nan,nan,nan,nan,nan,nan,nan,-5.3111045276998947e-07,3.6164013769712788e-07,-2.3566436907563273e-22,1.6691985522508944e-07,1.7601644700382391e-06,-6.9618983389307942e-07,0,0.026478991016050741,0.022677417012815521,4.7051137045339612e-18,0.035487212933888783,0.010903299073527431,0.13278326970070303,5.2077795387604539e-06,-0.00017674354589696298,0.00013017225543461434,-7.3969823408389763e-20,2.1401255450175485e-05,0.00017719588953830453,-0.00037633787959845421,-5.1004944036276012e-09
2,2,lumen,0.002631578947368421,0.0025000000000000001,0.0021052631578947368,0.0031578947368421052,0.002,0.0030000000000000001,1000214.9693152467,1.4743433465082358,14.375980713005564,3029.9489997366891,0.15435194312472561,1173,1173,4.0193668936399816e-05,0.21449732304817509,0.59999999999999998,2,500000,0.00035,0.0001,0.12545511314942365,0.087226775640037474,2.4525973143726337e-17,0.14891065418943011,0.044811901943628898,0.59474857502268419,2.2801170898876957e-05,0.1124191414937384,0.04476866991284692,1.1018967338018071e-17,0.048643156913092518,0.31955111014618331,0.47460971654807943,8.2049860594793196e-06,0.27013353033196286,0.0029237421480392037,2.2281129871252305e-09,0.0028032526712952724,2.2546376193154912e-05,0.34136088030017286,0.00011966129690880339,3.4523583174211299e-07,1.6537988825578685e-10,6.1551025226376495e-12,6.0797528706016331e-10,1.602411007933833e-10,6.0659965282248697e-08,0.38263597781177722,nan,nan,nan,nan,nan,nan,nan,nan,nan,nan,nan,nan,nan,nan,0,0,0,0,0,0,0,-2.9763224166193409e-09,4.5980371526513011e-10,1.7440647259070632e-10,3.2091208950144233e-09,-1.0991965801107617e-12,-8.362406310816195e-09,-4.0099144798839826e-10,1.6695647577120998e-11,2.0333400520925593e-14,6.7651502689859759e-16,-2.9335619880138793e-15,4.0241508818761025e-15,-1.3775779574233333e-11,7.8945462660724508e-09,nan,nan,nan,nan,nan,nan,nan,nan,nan,nan,nan,nan,nan,nan,-5.6165206022314174e-07,3.8723335940571424e-07,5.6567987916768852e-22,1.8260485784045309e-07,1.868760593645713e-06,-7.4731887234058547e-07,0,0.027150464860424776,0.021768318835606364,4.9775973268403968e-18,0.034980880402842862,0.010616402614885379,0.13352097168590454,5.1944353074038789e-06,-0.00066208858575596838,0.00065667575600822858,-2.0609154475765086e-19,0.00064092400086249981,0.00036328244967669945,-0.0010703971226053404,-3.9561816334028673e-10
2,3,support,0.002631578947368421,0.0035000000000000001,0.0021052631578947368,0.0031578947368421052,0.0030000000000000001,0.0040000000000000001,1001758.2620308774,1.4775087512717393,14.384650886478694,3068.2272710452739,0.15345919981155906,1173,1173,3.9981436847283786e-05,0.21322904679177268,0.40000000000000002,2,300000,0.00033700000000000001,0.0001,0.13827976230644215,0.072950445845311962,2.877587278949403e-17,0.13112507057993353,0.04275434010076138,0.61444111795493395,2.2795746053783707e-05,0.12398591943174132,0.037464001981356042,1.2936148635245745e-17,0.042859150690931908,0.30506262709882381,0.49062009281595342,8.2079811935044563e-06,nan,nan,nan,nan,nan,nan,nan,nan,nan,nan,nan,nan,nan,nan,0.27348046850463414,0.0032777914582870237,2.5481512675519596e-09,0.0030048867676682549,2.118202241739675e-05,0.32392155319386573,0.00013117653666648029,2.7675220589777746e-07,1.4032670518513458e-10,7.0927123049617679e-12,6.9716856345351305e-10,1.8629580780109111e-10,5.5731548722271969e-08,0.39616260545367321,0,0,0,0,0,0,0,nan,nan,nan,nan,nan,nan,nan,nan,nan,nan,nan,nan,nan,nan,6.2749792275238723e-09,-1.6680382893859625e-10,2.8454894918346013e-10,1.5582188804947672e-08,9.1100987430897673e-13,5.5188526535202009e-09,1.3904605599849908e-10,-6.5507110369802946e-12,-6.3123937971397719e-15,1.6008156903172584e-16,-1.4506541487459005e-15,2.0613888708092107e-15,8.3672953535743091e-12,-2.7635533834358333e-08,-6.8182606205273444e-07,4.3961649034973682e-07,-4.1466388908935651e-22,2.3640344809584282e-07,2.2778048647670301e-06,-9.3351522045814761e-07,0,0.029766784124559055,0.018518547214197427,5.6884869714568026e-18,0.031133727543546302,0.010274754156417036,0.1370850993603957,5.1733497367656222e-06,-8.7972741328797845e-06,1.3415209982345099e-06,-1.3135568720308464e-20,-1.4537760015286929e-05,2.0597104133636748e-05,-3.6440627643207762e-05,-1.345200542508985e-09
2,4,support,0.002631578947368421,0.0045000000000000005,0.0021052631578947368,0.0031578947368421052,0.0040000000000000001,0.0050000000000000001,1001383.4960288779,1.5476659457379678,15.073322611913827,2979.133307492571,0.14644554216931432,1173,1173,4.019928082687489e-05,0.20415373408431747,0.40000000000000002,2,300000,0.00033700000000000001,0.0001,0.1392399605629297,0.068384848487754057,3.8981132589196688e-17,0.14212423175742528,0.03594267126199898,0.61544718592999259,2.2952796996049228e-05,0.13082396347535985,0.036800674152901267,1.8362872282478574e-17,0.04867832480288304,0.26873783703674331,0.51495054033401566,8.6601980968014172e-06,nan,nan,nan,nan,nan,nan,nan,nan,nan,nan,nan,nan,nan,nan,0.26264423043901353,0.0039967160942665217,2.7505935377000981e-09,0.0032265362955548201,2.5356623475837384e-05,0.3245188568536625,0.00015009592480026842,2.3348234915472613e-07,1.3233081379451729e-10,8.0543453087619123e-12,7.5710039062182287e-10,2.1068857137916223e-10,6.2614693018549022e-08,0.40543790781341732,0,0,0,0,0,0,0,nan,nan,nan,nan,nan,nan,nan,nan,nan,nan,nan,nan,nan,nan,-1.9451421758989514e-09,7.2051698995774326e-11,4.7201915237542566e-10,2.5077556542067667e-09,-1.5651183691081649e-12,-8.6786054699031917e-09,-5.9597502201926884e-11,6.3379064366500537e-12,1.5777631312000383e-14,3.4788568823463047e-16,-1.6863139316933906e-15,2.5727108872498461e-15,-6.935621666005352e-13,7.6274224424573628e-09,-8.0128420841020509e-07,4.4588932782141377e-07,-3.8511871318510577e-22,3.6359737066321556e-07,2.7670405033375367e-06,-1.1669211719134154e-06,0,0.029854751128623302,0.01707043779049152,7.9421051545561347e-18,0.034081391434064794,0.0083775017967118604,0.13647932696117901,5.1851950316458095e-06,0,0,0,0,0,0,0
3,0,lumen,0.0036842105263157894,0.00050000000000000001,0.0031578947368421052,0.0042105263157894736,0,0.001,1000204.8781393657,1.4287719789840827,13.931765414130998,3035.7694594171098,0.15957980243721429,1173,1173,4.0316419038999475e-05,0.22185932447074014,0.59999999999999998,2,500000,0.00035,0.0001,0.10678887979501898,0.11136950423162741,1.7082380920974394e-17,0.16133770694436197,0.05220478027879822,0.56898788434546022,2.2834783583809006e-05,0.092735624393320337,0.055393566841952971,7.4375812146334858e-18,0.051074077702348723,0.36076624620062953,0.44002252168657513,7.9631751732684992e-06,0.27171889279875211,0.0022730258604486352,1.7399795068685079e-09,0.002460360896611705,2.1692038227406804e-05,0.36119336765463778,9.8845686749543131e-05,4.9225932746696332e-07,2.0582802806521629e-10,4.7673392442871495e-12,4.7541339421937729e-10,1.2070374707390779e-10,6.2001689817027081e-08,0.36223325825687613,nan,nan,nan,nan,nan,nan,nan,nan,nan,nan,nan,nan,nan,nan,0,0,0,0,0,0,0,-4.5824340401449286e-10,6.1127338465960637e-11,-1.1976850352594445e-11,1.023421364646652e-09,3.8804105328277272e-13,3.7063155268381859e-10,-5.7191270548025672e-11,5.1170049100712767e-13,-8.1382024038383313e-16,1.4403043974805677e-17,6.4720151750039765e-19,-5.1683349578816387e-17,2.1735146189481329e-14,-9.2868918149595872e-10,nan,nan,nan,nan,nan,nan,nan,nan,nan,nan,nan,nan,nan,nan,-3.9026050159887693e-07,2.9420386704614998e-07,1.8253832564153509e-22,9.5697059236664197e-08,1.2667760356660507e-06,-4.8699679322528056e-07,0,0.023175762241730357,0.027112039778186599,3.5910892708088422e-18,0.037596395742571065,0.012216417879735642,0.12829309644182735,5.2126964265167185e-06,-5.0364654103927294e-05,2.712084339546689e-05,-1.9743535366311663e-20,-3.3809462190574131e-05,7.2282937918311237e-05,-0.00013023481277288541,-2.7217520567751434e-09
3,1,lumen,0.0036842105263157894,0.0015,0.0031578947368421052,0.0042105263157894736,0.001,0.002,1000204.5025507252,1.4288706767228836,13.932733034550878,3040.5921492525522,0.15905248093558355,1173,1173,4.0325291194304012e-05,0.2212386765450709,0.59999999999999998,2,500000,0.00035,0.0001,0.10776954125171519,0.11076990122178176,1.7489463748095018e-17,0.16226768275582826,0.051807990775986863,0.57134752547779166,2.2890386166772722e-05,0.093593732314166039,0.055099159656788875,7.615351875731716e-18,0.051372044444821519,0.35804905979082313,0.44187802067351251,7.9831198878453259e-06,0.2712822723535776,0.0023049317533226209,1.75989705839898e-09,0.00247610689570509,2.1879529375877029e-05,0.3607935448448038,9.9854983030494852e-05,4.849722025284362e-07,2.0440504809432191e-10,4.8234967682838241e-12,4.8069448399370764e-10,1.2233216345557465e-10,6.2301818824558979e-08,0.36302085979402371,nan,nan,nan,nan,nan,nan,nan,nan,nan,nan,nan,nan,nan,nan,0,0,0,0,0,0,0,-3.7493401239181576e-09,1.5503188227153493e-10,2.5283562392455434e-10,1.324761157117211e-08,-7.1355941988482385e-13,-2.0500363835207307e-08,-1.2243882241338589e-10,1.5315940898354141e-11,2.0384972667496484e-14,2.8653856552597338e-16,-9.4860128017661436e-16,1.3779513867575616e-15,-6.2699323385500911e-12,1.0708309766288067e-08,nan,nan,nan,nan,nan,nan,nan,nan,nan,nan,nan,nan,nan,nan,-3.9731201547342498e-07,3.1947355469408301e-07,1.7078939236343777e-22,9.8077635473503103e-08,1.2912044820428958e-06,-5.0839471976704687e-07,0,0.023374973619175603,0.026845292077053953,3.6681682718419838e-18,0.037634213941839856,0.012095681517559126,0.12851613719455524,5.2097466266743515e-06,-0.00020232668215086779,0.00018437615988166177,-5.1440535358668454e-20,7.1966636703768602e-05,0.00016124546176508412,-0.00036972220082401595,-2.7624976005352723e-09
3,2,lumen,0.0036842105263157894,0.0025000000000000001,0.0031578947368421052,0.0042105263157894736,0.002,0.0030000000000000001,1000203.4434698584,1.4415520114660845,14.056401972149731,3028.5301565756095,0.15811816249505098,1173,1173,4.0291488672126958e-05,0.22027049735997861,0.59999999999999998,2,500000,0.00035,0.0001,0.11076539889055836,0.10579736880889734,1.8393440308840131e-17,0.1588488723675239,0.050477864113152068,0.57309127911643643,2.2746721038425102e-05,0.097049365543302138,0.053092836257537919,8.0800547106631282e-18,0.050736067686623733,0.35195295072917504,0.44716077635271101,8.0034306499238648e-06,0.27139873256104508,0.0023943692605401115,1.8413983153740059e-09,0.0025283987723277563,2.190034923265345e-05,0.35724478972450946,0.00010284279443599034,4.5806263457049309e-07,1.9704640638847908e-10,5.0357346751207597e-12,5.0257117483705247e-10,1.2855627476139959e-10,6.1829121736176418e-08,0.36630844397154655,nan,nan,nan,nan,nan,nan,nan,nan,nan,nan,nan,nan,nan,nan,0,0,0,0,0,0,0,-6.913006418998602e-10,1.4707439776203814e-10,2.3241615269460156e-13,-2.3985742772966802e-09,-9.8758642323032442e-13,-3.3801294575808161e-09,-1.1243603337836095e-10,2.0006034264115347e-11,3.2363591103110019e-14,3.1861329435930301e-16,-1.0651227013750663e-15,1.6227323062461382e-15,-3.6960643485604169e-12,6.4197776534946677e-09,nan,nan,nan,nan,nan,nan,nan,nan,nan,nan,nan,nan,nan,nan,-4.2296295568039488e-07,3.171212346608776e-07,-5.5305006198674158e-23,1.092062624389852e-07,1.3785080800049476e-06,-5.2978035924855504e-07,0,0.024178831318650239,0.025689259036019738,3.9092038490730435e-18,0.036866663579049247,0.011835530156915647,0.12933152428122904,5.1907509111003936e-06,-0.0006092262269441702,0.00068014413899747275,-1.1737113711662551e-19,0.00055718368321604054,0.00029973524773447213,-0.00092373073227974259,1.074410181477107e-09
3,3,support,0.0036842105263157894,0.0035000000000000001,0.0031578947368421052,0.0042105263157894736,0.0030000000000000001,0.0040000000000000001,1001664.7720250431,1.4371433188407885,13.992969169257613,3078.8494274127538,0.15759591443704318,1173,1173,4.0083820975419187e-05,0.21961085075102169,0.40000000000000002,2,300000,0.00033700000000000001,0.0001,0.12324143113429446,0.091420588503761377,2.0913817420798966e-17,0.14406517987319081,0.049055545128650499,0.59289965140033107,2.2827171934868137e-05,0.10749320864161115,0.045671027360532662,9.1457716851279039e-18,0.045806530944332104,0.34049242587615669,0.46052881168517446,7.9954921928899254e-06,nan,nan,nan,nan,nan,nan,nan,nan,nan,nan,nan,nan,nan,nan,0.27509369964878888,0.0026248296117820325,2.1033562328677612e-09,0.0026854456455225029,2.0680849994991539e-05,0.34224745820198244,0.00011097189809434826,3.8178381038950871e-07,1.7206021087340455e-10,5.7066774499226669e-12,5.7392702170775352e-10,1.4814412240532414e-10,5.7473074894688713e-08,0.37721647188375751,0,0,0,0,0,0,0,nan,nan,nan,nan,nan,nan,nan,nan,nan,nan,nan,nan,nan,nan,3.2507159246702172e-09,-3.2006613476065142e-11,4.8485378034007786e-10,1.8786559970965815e-08,4.2632618355714635e-13,1.5761795427865488e-10,1.7513217414492465e-11,-1.2126653522494257e-11,-2.3822551991594088e-14,3.1539707430853353e-17,-4.4091200436095791e-16,5.9280313848450109e-16,-8.3479128971873494e-13,-2.265269549768421e-08,-5.071966651358506e-07,3.7027919280729904e-07,-1.2992137325558408e-22,1.3628755934014487e-07,1.6547865328148115e-06,-6.6178315527576359e-07,0,0.026663497894204156,0.022407376248500345,4.2934989948211351e-18,0.033558624038076974,0.01156427106332659,0.13265460973809637,5.1766938014847101e-06,-1.1556230589072958e-05,1.4819351536666603e-06,-1.3215365417772214e-20,-2.3058469251366485e-05,2.963347161095937e-05,-5.1179970652667318e-05,-1.9733950113795227e-09
3,4,support,0.0036842105263157894,0.0045000000000000005,0.0031578947368421052,0.0042105263157894736,0.0040000000000000001,0.0050000000000000001,1001295.0711857756,1.5517968802188615,15.114890080145138,2920.1017393372472,0.14574982947327511,1173,1173,4.0419119409138305e-05,0.20681924698513349,0.40000000000000002,2,300000,0.00033700000000000001,0.0001,0.12346407270849018,0.083300293037473203,3.0668185547960751e-17,0.15976362979688424,0.038707318210925802,0.58835684711410063,2.2847895855551478e-05,0.11632150394788233,0.044950902281516845,1.4486725842706495e-17,0.054870815132925216,0.29020677582110299,0.49364135842522283,8.6443913496686923e-06,nan,nan,nan,nan,nan,nan,nan,nan,nan,nan,nan,nan,nan,nan,0.26137420723669674,0.0033978608703083197,2.342013036596733e-09,0.0029619029894993954,2.6334512300355653e-05,0.34382152321568465,0.00013259876805668986,3.0750900846261444e-07,1.6084213332334355e-10,6.6933699643913749e-12,6.4086122972666261e-10,1.7414637789592458e-10,6.7563136703868469e-08,0.38828519401075179,0,0,0,0,0,0,0,nan,nan,nan,nan,nan,nan,nan,nan,nan,nan,nan,nan,nan,nan,-3.9950925062876836e-09,1.7554932322904743e-10,6.3310981681081313e-10,6.1267601668629119e-09,-3.5650594889385934e-13,-1.057493849562427e-08,-1.5854951680280974e-10,1.6751060174374777e-12,-1.3093218253185083e-15,3.665557843899677e-16,-1.9854437413001338e-15,2.6233863446009256e-15,-6.2097640551663454e-12,7.7980525361738324e-09,-6.2762095515492278e-07,3.6882240433966373e-07,-7.1331009148384329e-22,2.687452709924564e-07,2.1517974910928439e-06,-9.0186863388463934e-07,0,0.026667485687803947,0.020240574690174234,6.4858412282367752e-18,0.03779472453165595,0.0089105199667428026,0.13133565654506646,5.1833485801822345e-06,0,0,0,0,0,0,0
4,0,lumen,0.0047368421052631574,0.00050000000000000001,0.0042105263157894736,0.005263157894736842,0,0.001,1000192.9680020765,1.3966909749812317,13.619109985952072,3051.0005208444381,0.16235172815878973,1173,1173,4.040852608343762e-05,0.22569543875335174,0.59999999999999998,2,500000,0.00035,0.0001,0.095344044277774584,0.12876539416856009,1.4108932057742736e-17,0.16978036526657284,0.056773699070490541,0.55605272668064265,2.2972068996181011e-05,0.080938791094215312,0.062608713515390629,6.0050971147797798e-18,0.052540559158821436,0.38353534322934302,0.42036876173478871,7.8312674408978426e-06,0.271611079773877,0.0019802803281833018,1.4722837754232544e-09,0.0022787175082417876,2.1361094077529933e-05,0.37283926662405859,8.879047011145406e-05,6.001614922330688e-07,2.3254250372882264e-10,4.1159694310613937e-12,4.0439817305659225e-10,1.0088327630512036e-10,6.2949023191097218e-08,0.35117983887671045,nan,nan,nan,nan,nan,nan,nan,nan,nan,nan,nan,nan,nan,nan,0,0,0,0,0,0,0,-4.984518642243831e-09,1.6138855433406697e-10,2.6066616608084451e-10,1.4906752370391589e-08,1.5616078308938741e-13,-1.8246409418001645e-08,-1.3890207993655599e-10,6.2539226184862851e-12,2.2655936191958359e-15,2.7091443158555627e-16,-9.5415064713623357e-16,1.2651981254731332e-15,-5.7365366854624868e-12,8.0403463606356682e-09,nan,nan,nan,nan,nan,nan,nan,nan,nan,nan,nan,nan,nan,nan,-3.1020202136133879e-07,2.6529948071729592e-07,1.6501722030518276e-22,6.2887607497856219e-08,9.9528690220007654e-07,-3.8774636668126305e-07,0,0.020696396931673175,0.030644351223979956,3.010197212429478e-18,0.039068480022194249,0.013128195201036813,0.12503654414861631,5.2159691101875675e-06,-6.5398577894916748e-05,5.2145596663631266e-05,-1.6045959507517586e-20,-7.3349963198262247e-06,6.7232243084744739e-05,-0.00013225970511403429,-1.5545408557286618e-09
4,1,lumen,0.0047368421052631574,0.0015,0.0042105263157894736,0.005263157894736842,0.001,0.002,1000192.6226265549,1.4054128257512002,13.704161336911215,3037.5182194392405,0.16203665145889654,1173,1173,4.0406388268215348e-05,0.2252163753718659,0.59999999999999998,2,500000,0.00035,0.0001,0.096040363662948131,0.12682269702992188,1.4353124806514551e-17,0.16893148899000918,0.056060589084507423,0.55503072759052052,2.2862154824377327e-05,0.082039059932223796,0.062049221752240646,6.1471822625569705e-18,0.052604339566991447,0.3810830146112964,0.42221652166770535,7.842469542495868e-06,0.2714545389865477,0.0020070556148082731,1.4962280020825857e-09,0.0022947621039392358,2.1456363987111674e-05,0.37202689264208083,8.9702837581064689e-05,5.8996498943736622e-07,2.3033152003711967e-10,4.1727925712955038e-12,4.1067421786965741e-10,1.0263726294079754e-10,6.3027473395791756e-08,0.35210493621451838,nan,nan,nan,nan,nan,nan,nan,nan,nan,nan,nan,nan,nan,nan,0,0,0,0,0,0,0,-1.1457164156302119e-09,1.0568989935048919e-10,4.4255115044103062e-11,5.2355634513863567e-09,1.8742700533952439e-13,-8.0166098837333721e-09,-9.4168235113803346e-11,1.4479860453026072e-12,-2.4356940300635199e-15,1.7063439263983957e-16,-6.6127629433858613e-16,8.5954079916685206e-16,-3.4592780126063523e-12,3.8728120707377304e-09,nan,nan,nan,nan,nan,nan,nan,nan,nan,nan,nan,nan,nan,nan,-3.1690965330687798e-07,2.6020073873311844e-07,-9.7810245117501596e-23,6.4683095332237422e-08,1.0159077646343384e-06,-3.8679085845316763e-07,0,0.020955803891896583,0.030284055213794198,3.0566166188579311e-18,0.038975293176715532,0.01302181024096242,0.1253013202125573,5.2100699653259083e-06,-0.00021534264774997563,0.00022481433245278689,-6.0400951040207472e-20,0.00010830254927482096,0.00014130045267106265,-0.00035317522518855287,-1.0076492590875244e-09
4,2,lumen,0.0047368421052631574,0.0025000000000000001,0.0042105263157894736,0.005263157894736842,0.002,0.0030000000000000001,1000191.6412500218,1.4254920498845431,13.899967216641471,3009.1815284668078,0.16120679509066488,1173,1173,4.035533530349826e-05,0.22457634259352827,0.59999999999999998,2,500000,0.00035,0.0001,0.098873532987205359,0.12017267303755805,1.5385358619346413e-17,0.16356930369014047,0.054519908978393483,0.55357104213993535,2.2561024015735072e-05,0.085665951948867031,0.059635709230925794,6.6834171018559717e-18,0.051662340860774515,0.3759052318719972,0.42712291633789373,7.8497495417416371e-06,0.27205151648852144,0.0020770241545199509,1.5765557560539803e-09,0.0023424998217341599,2.1340237124013966e-05,0.36811350706764273,9.2197194831174114e-05,5.5792864939248536e-07,2.21858984181271e-10,4.3578493324300603e-12,4.3196141072588997e-10,1.0835183354033676e-10,6.2260005466965407e-08,0.35530129250386266,nan,nan,nan,nan,nan,nan,nan,nan,nan,nan,nan,nan,nan,nan,0,0,0,0,0,0,0,6.175359684110913e-09,1.3682933197772383e-10,-8.8398141493145762e-10,-1.7932696809932853e-08,2.5821402308001673e-13,2.5888890034671784e-08,-1.2168641262999512e-10,1.5201881637186276e-12,-3.7546900310512418e-15,3.133481180428777e-16,-1.5754306943184695e-15,1.9682292804541127e-15,-5.4680107068802818e-12,-1.3259021686472323e-08,nan,nan,nan,nan,nan,nan,nan,nan,nan,nan,nan,nan,nan,nan,-3.3860170562446251e-07,2.4032459666756267e-07,-5.5172014115010849e-21,7.3275893000125688e-08,1.0887172658818889e-06,-3.9483729546985202e-07,0,0.021831154880905534,0.028960477282927326,3.2655849989416085e-18,0.038048203515788477,0.012793138877756873,0.12614348899629529,5.1880805684114117e-06,-0.00055392703076811132,0.00066659684399924277,-5.3053951612155529e-20,0.00048015670718344524,0.0002529768330955373,-0.00080932040767056808,1.4413017038793583e-09
4,3,support,0.0047368421052631574,0.0035000000000000001,0.0042105263157894736,0.005263157894736842,0.0030000000000000001,0.0040000000000000001,1001568.8131145221,1.4133911609990235,13.763021084303233,3072.1905574268317,0.16096749197777188,1173,1173,4.0160031481951108e-05,0.22426102663490083,0.40000000000000002,2,300000,0.00033700000000000001,0.0001,0.11076060570106179,0.1067824575627431,1.6637884453235268e-17,0.15184058306010789,0.05369141192765773,0.57393545255332667,2.275517132511136e-05,0.095019669112629213,0.052468733126374456,7.1563083482742027e-18,0.047485404033474093,0.36654565198728345,0.43847270244354997,7.8392966889722154e-06,nan,nan,nan,nan,nan,nan,nan,nan,nan,nan,nan,nan,nan,nan,0.27563684546642603,0.0022420247383786564,1.7954501750906268e-09,0.0024690435601251522,2.0294234723552463e-05,0.35523322962481868,9.8342380453489e-05,4.7879029057208384e-07,1.9804098105784287e-10,4.8651274788794359e-12,4.9075551126487344e-10,1.238391252219015e-10,5.850868358707434e-08,0.36429968008308428,0,0,0,0,0,0,0,nan,nan,nan,nan,nan,nan,nan,nan,nan,nan,nan,nan,nan,nan,5.6126742950161913e-09,1.6894943817711617e-10,3.0094397651996136e-11,1.1745816264447272e-08,9.5699869469972887e-13,8.4904151017748883e-09,-1.5823643048045843e-10,1.2125749623143056e-12,-1.916941124839846e-15,3.8702511125544964e-16,-2.4365774810848079e-15,2.94020786298271e-15,-1.3042780152423398e-12,-2.5890577210293344e-08,-4.0231713552101034e-07,3.0614468193856936e-07,-1.3129445533373144e-22,8.7651079812864608e-08,1.2917947901508464e-06,-5.0169308946079738e-07,0,0.024141392721830423,0.025791036296212103,3.5013815382100559e-18,0.035249428568627859,0.012570587058223427,0.12921531819180654,5.1811763741314795e-06,-1.3375101525601863e-05,1.0205774003682073e-06,-1.3403323042984779e-20,-3.2541198635601158e-05,3.8417539003420112e-05,-6.5359608744742964e-05,-2.6444937609725101e-09
4,4,support,0.0047368421052631574,0.0045000000000000005,0.0042105263157894736,0.005263157894736842,0.0040000000000000001,0.0050000000000000001,1001206.3587792814,1.5337308070406404,14.940245675744597,2917.2887788442085,0.14585567638935909,1173,1173,4.0623255886564169e-05,0.20789583485084864,0.40000000000000002,2,300000,0.00033700000000000001,0.0001,0.11285589091134395,0.097450950350613019,2.6735245914106521e-17,0.17699715215202635,0.04092665269109446,0.57821352095556544,2.3248467566055421e-05,0.10509846887555385,0.05197933379410738,1.2483003380154958e-17,0.06008727617211071,0.30330071720775054,0.47952550963716045,8.6943133171826794e-06,nan,nan,nan,nan,nan,nan,nan,nan,nan,nan,nan,nan,nan,nan,0.2591693548562875,0.0030633971534508304,2.0523277071102474e-09,0.0027905567358220825,2.7454863355967848e-05,0.35820164611190425,0.00012220805160809473,3.7096309780806561e-07,1.8440569200212154e-10,5.8292351442268992e-12,5.6032961898175528e-10,1.5024722484341669e-10,7.2000079434176454e-08,0.37662493631126964,0,0,0,0,0,0,0,nan,nan,nan,nan,nan,nan,nan,nan,nan,nan,nan,nan,nan,nan,-2.6465970728478864e-09,8.1219376690095595e-12,3.1189829518162206e-10,-5.2291589741812391e-09,3.7198434436891414e-14,1.2874908387246892e-08,-5.3440803675758846e-12,-1.5482260655799718e-12,-4.9697036572849265e-15,7.3932852493270898e-17,-5.2196838508350445e-16,5.8244825955240047e-16,-3.88901275841083e-12,-5.3084236457975938e-09,-5.20698294245725e-07,2.8355198850027463e-07,3.5912316950391533e-22,2.2396490395711351e-07,1.7864524836791462e-06,-7.3912261511210886e-07,0,0.024018583888338208,0.02286345392886583,5.6982811034947335e-18,0.04087684976648491,0.0091603846334866752,0.12703992778750545,5.1808741901566913e-06,0,0,0,0,0,0,0
5,0,lumen,0.0057894736842105266,0.00050000000000000001,0.005263157894736842,0.0063157894736842104,0,0.001,1000180.8429909656,1.3881649417687141,13.536136874985115,3026.8824254241172,0.16473445364385819,1173,1173,4.0478557860649759e-05,0.22862682105751908,0.59999999999999998,2,500000,0.00035,0.0001,0.085074639487983827,0.1417361148079696,1.2077585865867181e-17,0.17359053486874165,0.059725107377919591,0.5394169942795376,2.2802077289260884e-05,0.07178096145978699,0.068495517678303516,5.1091898056054676e-18,0.053392379744715023,0.40101549024836453,0.40530792491040152,7.7259584285713362e-06,0.27138615707657376,0.0017844100605966492,1.2758663401528678e-09,0.0021468684474649411,2.1058678076902591e-05,0.38142020207189631,8.1810497453127591e-05,6.9569599009876873e-07,2.5419356332187805e-10,3.6852361677164174e-12,3.5304716137852694e-10,8.7049761944361316e-11,6.345377952285115e-08,0.34315873204432673,nan,nan,nan,nan,nan,nan,nan,nan,nan,nan,nan,nan,nan,nan,0,0,0,0,0,0,0,5.8577368588211121e-10,3.4872778028593339e-11,1.5826801742739838e-11,-2.0280373470695584e-09,6.284762207181549e-14,1.8034510037689272e-09,-2.7442761785971866e-11,2.4136152061357552e-12,-2.4537625841018174e-16,1.6338460192042731e-17,9.7311550492817692e-17,-1.3970373235511071e-16,-2.5218415365487182e-12,-3.8439845774572004e-10,nan,nan,nan,nan,nan,nan,nan,nan,nan,nan,nan,nan,nan,nan,-2.5605452492853675e-07,2.1001977262846694e-07,7.3616384234743214e-23,4.4215520022071041e-08,8.1205626739633274e-07,-2.9822873820473106e-07,0,0.01868758864242738,0.03362083656155853,2.6530254419928489e-18,0.040066608475708781,0.01386604106039217,0.12245640423645512,5.2172383768131365e-06,-7.2723332720281747e-05,6.9462230373609884e-05,-5.532242843300327e-21,1.2359195772855185e-05,5.8938662311224037e-05,-0.00012670835765521174,-6.0284255734538301e-10
5,1,lumen,0.0057894736842105266,0.0015,0.005263157894736842,0.0063157894736842104,0.001,0.002,1000180.5254856378,1.3860117031576515,13.515144717664883,3037.0335309488241,0.16434753003076163,1173,1173,4.0468057811090733e-05,0.22828647028709204,0.59999999999999998,2,500000,0.00035,0.0001,0.086643890770910725,0.14042651432981734,1.2210808801929028e-17,0.17351443486500684,0.059504909423330636,0.54256312780714477,2.2850166376041951e-05,0.072991630160843188,0.06775739605015077,5.1575363484532454e-18,0.053286207316785315,0.39891739199794363,0.40703964422883537,7.7302454416752717e-06,0.27142991684289125,0.001806479885667021,1.3010016598051869e-09,0.002162051399986428,2.1089311615185886e-05,0.38038165787001738,8.2605394617219489e-05,6.8359294600936981e-07,2.5149480107399384e-10,3.7384276571701842e-12,3.5958956499116951e-10,8.8777172261927205e-11,6.3379814536614036e-08,0.34411545031784307,nan,nan,nan,nan,nan,nan,nan,nan,nan,nan,nan,nan,nan,nan,0,0,0,0,0,0,0,-9.8911658461403275e-10,4.8541489251305562e-11,2.5336895568467634e-12,4.630899093327375e-09,-2.8857244285113159e-13,-7.4476038979583853e-09,-3.1043232787536568e-11,9.5155878619343492e-12,1.007819466991477e-14,1.0274440969970014e-16,-1.6809324072280815e-16,2.80033409443738e-16,-4.0322248272934991e-12,3.7805841788071106e-09,nan,nan,nan,nan,nan,nan,nan,nan,nan,nan,nan,nan,nan,nan,-2.6259467434536221e-07,2.2412146621908491e-07,1.2335005987988312e-21,4.5913073246450743e-08,8.3420524776833815e-07,-3.131397746658493e-07,0,0.018995991397008447,0.033174393719420943,2.6334836335765123e-18,0.039868016987892212,0.013772492303704196,0.12275754714205311,5.2095650888326203e-06,-0.00021978375323801702,0.00025130973134314594,-3.1048139398273163e-20,0.00012783500214757744,0.00012487808935223067,-0.00033509092281674302,5.8261942286115425e-11
5,2,lumen,0.0057894736842105266,0.0025000000000000001,0.005263157894736842,0.0063157894736842104,0.002,0.0030000000000000001,1000179.6179416666,1.4062714034889918,13.71271161189739,3007.3977121755834,0.16363843583019025,1173,1173,4.0406278714447029e-05,0.22788093957441374,0.59999999999999998,2,500000,0.00035,0.0001,0.089680200668016505,0.13294727029217257,1.2669290987963914e-17,0.1674899157868095,0.057991365715298636,0.54075072736913399,2.2519741488524859e-05,0.076653913174443561,0.065086311214049841,5.4294122646777829e-18,0.052187982301017947,0.39445380656446621,0.41161025691571934,7.7298303030443621e-06,0.2723060531895935,0.0018638506560206276,1.3784197275445002e-09,0.0022057593407230729,2.0900932168544902e-05,0.37634397506093331,8.4750636685261574e-05,6.4781471517301599e-07,2.4236007984677857e-10,3.9007964967164881e-12,3.799237457606041e-10,9.4028922363917305e-11,6.2462080935222768e-08,0.34717399780846764,nan,nan,nan,nan,nan,nan,nan,nan,nan,nan,nan,nan,nan,nan,0,0,0,0,0,0,0,1.5561577624563528e-09,1.0802033473249895e-11,-3.1124138872999118e-10,-2.5898146584107645e-08,1.7411137635814367e-13,5.2158941032920923e-08,-4.6614629507402421e-13,8.6669169020378578e-12,1.3270561994853487e-14,3.4251031305584447e-17,-2.8368528598745954e-17,8.6013608631212075e-17,-5.5408757287008659e-13,-2.7524346913034588e-08,nan,nan,nan,nan,nan,nan,nan,nan,nan,nan,nan,nan,nan,nan,-2.8231990747019237e-07,1.7760929821308835e-07,4.744427339655981e-22,5.2854609305580202e-08,8.9997176931644329e-07,-3.095889005155783e-07,0,0.019893373021578478,0.031761276934867813,2.771546425780361e-18,0.038868088754875643,0.013573096127801453,0.12358786629804994,5.1867927066605464e-06,-0.0005013989055340849,0.00063152309644194269,-5.4598701413850295e-20,0.00040510060749063086,0.00022227317801105787,-0.00071807186249705406,1.0578090196483898e-09
5,3,support,0.0057894736842105266,0.0035000000000000001,0.005263157894736842,0.0063157894736842104,0.0030000000000000001,0.0040000000000000001,1001470.891024019,1.4018232486603728,13.651712227962555,3050.774648995226,0.16352982525172755,1173,1173,4.0228715610927274e-05,0.22770576298683393,0.40000000000000002,2,300000,0.00033700000000000001,0.0001,0.099915838116339847,0.1197655884184147,1.3850222422611777e-17,0.15702866534391041,0.057067520532276657,0.55614280071055966,2.2598239187169877e-05,0.085022892786883006,0.058372200924698421,5.9090959062057111e-18,0.048710721689111364,0.38644313882439751,0.42144332350561697,7.7222692926635704e-06,nan,nan,nan,nan,nan,nan,nan,nan,nan,nan,nan,nan,nan,nan,0.27555036615317618,0.0019901715805580953,1.5640879008315652e-09,0.0023104139923929607,2.0040681437457807e-05,0.36533512449227035,8.9628818622737946e-05,5.6874800833577628e-07,2.2023262019637065e-10,4.297861626148288e-12,4.2926743569242183e-10,1.0666274648437787e-10,5.9319291043486791e-08,0.35470362388967325,0,0,0,0,0,0,0,nan,nan,nan,nan,nan,nan,nan,nan,nan,nan,nan,nan,nan,nan,-6.9741442753429873e-10,-1.0418771625693925e-10,-2.3877221559947809e-10,1.0966834962018439e-08,2.0678922983685677e-12,4.3840073851763098e-08,4.5814403425543386e-11,-3.7115408619767254e-11,-5.1703864721865367e-14,-2.7342704436266264e-16,4.3033705547445363e-16,-6.9205490272901754e-16,1.0925595604124696e-11,-5.3788174636819223e-08,-3.3162648607146933e-07,2.2760626156026476e-07,8.7607984998802784e-22,6.0443097034474071e-08,1.0563509712790964e-06,-4.03266926407575e-07,0,0.022024988649595439,0.028762096093479839,3.001199080328211e-18,0.036507344197534659,0.013386797418401075,0.12642906724690925,5.1861307578341232e-06,-1.460621415042068e-05,-9.2961427333552517e-08,-1.409306442558275e-20,-4.3363251174207889e-05,4.719203545076713e-05,-7.7961014499421122e-05,-3.3245162797229714e-09
5,4,support,0.0057894736842105266,0.0045000000000000005,0.005263157894736842,0.0063157894736842104,0.0040000000000000001,0.0050000000000000001,1001117.9234227475,1.5539047819241838,15.138099782471203,2852.5198769700301,0.14338295298344045,1173,1173,4.082930578869627e-05,0.20777263118937295,0.40000000000000002,2,300000,0.00033700000000000001,0.0001,0.10165290422157089,0.10808770135653806,2.4171129799966134e-17,0.18990139946327139,0.04136540739024816,0.55898961115311019,2.3177997854578102e-05,0.095919205091574408,0.058416365883370985,1.1435245164289972e-17,0.065321782678677678,0.31061193681356564,0.46972192678326724,8.7827495439425974e-06,nan,nan,nan,nan,nan,nan,nan,nan,nan,nan,nan,nan,nan,nan,0.25625248414265112,0.0028630121075067529,1.8299965714441412e-09,0.0026706291551523353,2.8835675559960167e-05,0.37007474037599719,0.00011557720098339554,4.2577385125891095e-07,2.0489157997674776e-10,5.2200691298899633e-12,4.9925941105859871e-10,1.3297716418122042e-10,7.6520224517531206e-08,0.3679942163756964,0,0,0,0,0,0,0,nan,nan,nan,nan,nan,nan,nan,nan,nan,nan,nan,nan,nan,nan,-3.3844310635681009e-10,1.5093797045881457e-11,-6.0433010637037365e-12,-7.7715007860543418e-10,1.0019708587133414e-12,3.276765007552071e-09,-2.3944366420202552e-11,-3.0871299440404787e-12,-2.9338672708062657e-15,-2.7878655631756314e-17,-3.1642637417731842e-17,-2.3217915452990744e-17,4.7325887525638683e-12,-2.1489225127668396e-09,-4.4713395554521473e-07,2.4472139015241368e-07,-4.5449347176451912e-23,1.9913919924966288e-07,1.5407379959364587e-06,-6.4550201916979688e-07,0,0.02173961217582682,0.025056998764075758,5.2331094715711912e-18,0.043603829396566762,0.0092297283282261749,0.12329033967987087,5.1777635426575643e-06,0,0,0,0,0,0,0
6,0,lumen,0.0068421052631578941,0.00050000000000000001,0.0063157894736842104,0.0073684210526315788,0,0.001,1000168.541542377,1.3744386010400482,13.402454776782518,3022.0622622066412,0.16661486821789376,1173,1173,4.0529680139856962e-05,0.23102449780352763,0.59999999999999998,2,500000,0.00035,0.0001,0.077163793655110766,0.15321724908915263,1.0962984976125201e-17,0.17669981821567121,0.062443016997481671,0.52863077481460008,2.276409994739934e-05,0.06446327088871158,0.073312647338107481,4.5918779411545773e-18,0.053811977611425511,0.41512386479891378,0.39328060244619378,7.6369166477891599e-06,0.2712275627696904,0.0016430059823861543,1.1254973153309337e-09,0.0020462489056724585,2.0753819565981242e-05,0.38790264817459619,7.6640570187307456e-05,7.8027216080599556e-07,2.7190800614759238e-10,3.3838900271832738e-12,3.1420831299711619e-10,7.6852518907939113e-11,6.3623992783052484e-08,0.33708229408990609,nan,nan,nan,nan,nan,nan,nan,nan,nan,nan,nan,nan,nan,nan,0,0,0,0,0,0,0,1.2811281407010055e-09,-1.7736596096967053e-11,-9.5631426958194641e-11,-1.2516192188651713e-08,6.1992284135919951e-13,2.9569613000128211e-08,-3.6465302546402962e-12,-1.5777610338010839e-11,-1.8917220242090739e-14,-5.9501910779557012e-17,-1.2750890790730089e-16,7.0009331451974079e-17,3.2783711259375088e-12,-1.820563594344103e-08,nan,nan,nan,nan,nan,nan,nan,nan,nan,nan,nan,nan,nan,nan,-2.1730263101687325e-07,1.5532478658819571e-07,-2.2322762621122518e-21,3.2515761236450946e-08,6.8406847107682633e-07,-2.3739612436957103e-07,0,0.01701816897625542,0.036165893151506534,2.3907582251369389e-18,0.040758495261453045,0.01448450997273037,0.12034355340864883,5.21715253043465e-06,-7.8955259915070903e-05,8.5735640341164253e-05,1.4262919741847179e-20,2.9101370816984064e-05,5.132130126207451e-05,-0.00012193429235562219,4.0772673227781362e-11
6,1,lumen,0.0068421052631578941,0.0015,0.0063157894736842104,0.0073684210526315788,0.001,0.002,1000168.2501148043,1.3748926154751544,13.406885878429254,3026.4917431550775,0.16641548377968007,1173,1173,4.0511762396849366e-05,0.23080612641715276,0.59999999999999998,2,500000,0.00035,0.0001,0.0786975345410766,0.15127816514251696,1.0665113525092905e-17,0.17582927221275785,0.062153169103081524,0.53065784231263269,2.2755721672923763e-05,0.065766307081341291,0.072408750302174196,4.4685905341400375e-18,0.053564566035213618,0.41333355414073863,0.39491918581065627,7.6366298760998282e-06,0.27143527704670689,0.0016618523210897558,1.1516124401858222e-09,0.0020607961059222932,2.0732979216240239e-05,0.38667292242034118,7.7352345904197931e-05,7.6639098305065701e-07,2.6876115879378528e-10,3.4344569369352826e-12,3.2097415353353366e-10,7.8569036095371423e-11,6.3423085290637084e-08,0.33807023514339951,nan,nan,nan,nan,nan,nan,nan,nan,nan,nan,nan,nan,nan,nan,0,0,0,0,0,0,0,6.7908311427493568e-10,-2.2471611364051807e-11,-4.0403790341043789e-11,-9.6948109990424403e-09,5.755546863758787e-13,2.3808688937899947e-08,-9.0522080869757848e-13,-1.7433752141568504e-11,-2.1262036497620895e-14,-6.6638567680241795e-17,-8.5984830759207414e-17,2.8499663402410364e-17,3.3310234891246195e-12,-1.4715631935425665e-08,nan,nan,nan,nan,nan,nan,nan,nan,nan,nan,nan,nan,nan,nan,-2.2367642541019223e-07,1.6578413730705677e-07,2.2510419274466887e-21,3.4137551511048617e-08,7.0494525905573369e-07,-2.481575333002084e-07,0,0.017355372429916183,0.035658898474687041,2.3446907851264229e-18,0.040486791342121131,0.014403765198068193,0.12066270816052183,5.2087253531215168e-06,-0.00021644472020585463,0.00026395001136187525,-3.2984818644886904e-20,0.00013706043432347149,0.00010907658506042691,-0.00031035467732882193,6.1873364779277226e-10
6,2,lumen,0.0068421052631578941,0.0025000000000000001,0.0063157894736842104,0.0073684210526315788,0.002,0.0030000000000000001,1000167.4116411171,1.3712641835354999,13.37151543557102,3048.1699466984164,0.16578915868911157,1173,1173,4.0443948746470545e-05,0.23058180928963734,0.59999999999999998,2,500000,0.00035,0.0001,0.083196403506152497,0.14584431647670135,1.137664576307932e-17,0.17245593166144593,0.061741639072925257,0.53771351102600251,2.2802894312602905e-05,0.069342516590819234,0.069623689002446157,4.7541407096080619e-18,0.05239830834981038,0.40951353168704113,0.39911432209821152,7.6322716715059912e-06,0.27246700341765068,0.0017095288948036126,1.224519557094912e-09,0.0021003301533202802,2.0507138556948232e-05,0.38268825885864161,7.9202937622332848e-05,7.2856820619840134e-07,2.5940587606076475e-10,3.5759428404004299e-12,3.3999072733075199e-10,8.3343305978092098e-11,6.2442382826559056e-08,0.34093437567797996,nan,nan,nan,nan,nan,nan,nan,nan,nan,nan,nan,nan,nan,nan,0,0,0,0,0,0,0,-6.5364207435363742e-10,-1.8551887719487413e-11,-1.4551459528664635e-11,-3.6290838519003118e-10,3.4173380271396159e-13,-1.956529235716889e-09,-2.3689436127196967e-12,-1.7179354293295201e-11,-2.3401734370077682e-14,-5.5392323068881791e-17,-5.6060297259681329e-17,-1.0280941690315602e-17,1.627491251022902e-12,3.0237858048612775e-09,nan,nan,nan,nan,nan,nan,nan,nan,nan,nan,nan,nan,nan,nan,-2.4141673250939466e-07,2.0330513866850808e-07,-7.9717378353401716e-24,4.0097908223841456e-08,7.6471719157034101e-07,-2.8116451167292666e-07,0,0.018253206944510537,0.034194206700252035,2.4770097459430704e-18,0.039471094445988487,0.01422315076710832,0.12146511282521824,5.1864268647472136e-06,-0.0004594226486787268,0.00059926339847749389,-4.542127552369813e-20,0.00034906070454875007,0.00020005999721059637,-0.00063923884965326613,7.0160072655648535e-10
6,3,support,0.0068421052631578941,0.0035000000000000001,0.0063157894736842104,0.0073684210526315788,0.0030000000000000001,0.0040000000000000001,1001371.3496187186,1.3663060350184315,13.307149077693396,3090.9628767106306,0.16583799649720118,1173,1173,4.0280659707205768e-05,0.23049091835042052,0.40000000000000002,2,300000,0.00033700000000000001,0.0001,0.092769934762758466,0.13322732470464316,1.2379813168692442e-17,0.16346195219180032,0.060970481126819666,0.55216738804805066,2.2898316222980964e-05,0.076949657284542658,0.06329439025587115,5.1484473838921866e-18,0.049426539261221064,0.40245202464944491,0.40786976123208374,7.6273168362296072e-06,nan,nan,nan,nan,nan,nan,nan,nan,nan,nan,nan,nan,nan,nan,0.27543239901322414,0.0018116292701402649,1.3864729288968648e-09,0.0021900339549872434,1.9779890317245958e-05,0.37301608310356604,8.3256596527746176e-05,6.4993129142991985e-07,2.386775645253159e-10,3.8987835633492698e-12,3.8266162254894272e-10,9.4031515947827644e-11,5.9742925435076515e-08,0.34744610639126561,0,0,0,0,0,0,0,nan,nan,nan,nan,nan,nan,nan,nan,nan,nan,nan,nan,nan,nan,4.2151650207385302e-09,5.2433154100065575e-11,-1.6090388973213234e-11,6.2314595224952865e-10,-5.7935730865543711e-13,2.4717142204722445e-08,-6.9169296003136035e-12,4.5784187313775704e-11,7.7983512684417701e-14,1.8244454625635865e-16,-1.3694505961521661e-16,5.1353905436565824e-16,5.516055386777093e-12,-2.9635678411544111e-08,-2.8185101856158939e-07,2.1341729544710475e-07,-3.392820004600732e-22,4.3681871919965967e-08,8.871809454719104e-07,-3.2617679501800723e-07,0,0.020200719281673055,0.031411520772183711,2.6597385253945421e-18,0.037494678511104135,0.01406656504085917,0.12410698294890664,5.1916127501208422e-06,-1.5373347399732865e-05,-1.3284058853301609e-06,-1.4640290504577707e-20,-5.4134659099808714e-05,5.5687184479555381e-05,-8.90015596059523e-05,-4.0301852815775767e-09
6,4,support,0.0068421052631578941,0.0045000000000000005,0.0063157894736842104,0.0073684210526315788,0.0040000000000000001,0.0050000000000000001,1001030.1249357546,1.5615496201225503,15.213909863101794,2818.2110648866169,0.14238760286199115,1173,1173,4.101699958786911e-05,0.20714851579381077,0.40000000000000002,2,300000,0.00033700000000000001,0.0001,0.093149259780031107,0.11768545041740956,2.2770255432159964e-17,0.20254820766283596,0.041700358903860306,0.54826551669316193,2.336719296042372e-05,0.088335376307925359,0.063922021951053357,1.0826445831135874e-17,0.070020908775823357,0.31469518929678819,0.46301760488574506,8.8987826646706697e-06,nan,nan,nan,nan,nan,nan,nan,nan,nan,nan,nan,nan,nan,nan,0.25348126693609208,0.0027376113033040573,1.6561631886873764e-09,0.0025869826192112225,3.0169769911577887e-05,0.37939066855770615,0.00011123391528255812,4.7053421414337875e-07,2.2175819612760947e-10,4.7680206782247932e-12,4.5188996986780501e-10,1.1997477199390119e-10,8.0579103904338008e-08,0.36166151333061752,0,0,0,0,0,0,0,nan,nan,nan,nan,nan,nan,nan,nan,nan,nan,nan,nan,nan,nan,-1.0007091721670176e-10,-9.2863156232166013e-12,-4.6245425372337269e-12,-3.0552411549056606e-09,-1.666518485710089e-13,5.670674307618577e-09,1.5574572365407197e-11,6.4873892932984512e-12,1.0017679629723287e-14,1.5565626111522739e-17,-7.9987059839473591e-17,1.0352483285214758e-16,6.8163513143753708e-14,-2.5234245532045979e-09,-3.9439763026456742e-07,2.0351624818726322e-07,-5.9352885015844839e-23,1.8520893334227124e-07,1.3684576092021228e-06,-5.7655564933423165e-07,0,0.019727102740059409,0.026906125267172197,4.9343111417370008e-18,0.046127133225716613,0.0091790376371032791,0.11990967730117344,5.1739926039809915e-06,0,0,0,0,0,0,0
7,0,lumen,0.0078947368421052634,0.00050000000000000001,0.0073684210526315788,0.0084210526315789472,0,0.001,1000156.0908141639,1.3551528245989899,13.214559408524446,3035.1436758183368,0.16837142168596778,1173,1173,4.0571401902546137e-05,0.2330230612777896,0.59999999999999998,2,500000,0.00035,0.0001,0.070821209336163135,0.16418853902185598,9.7996162642305654e-18,0.17998723419529206,0.065126598317439471,0.52248271933719515,2.2857010410894194e-05,0.058335166624463863,0.077460878368552311,4.0470532940939179e-18,0.054044672658994521,0.42689449530799212,0.38325722645621813,7.5605837791244823e-06,0.27105412797673417,0.0015344050371878532,1.0037174106026982e-09,0.0019651452395618627,2.0478798812904152e-05,0.39315993731634929,7.2581848503547672e-05,8.5730444092181107e-07,2.8710601775153435e-10,3.1596421182457747e-12,2.8306957712694859e-10,6.8856947509764034e-11,6.3663416509028823e-08,0.33219240116908305,nan,nan,nan,nan,nan,nan,nan,nan,nan,nan,nan,nan,nan,nan,0,0,0,0,0,0,0,4.8521772110437688e-10,1.9620364089742452e-11,-1.1086106201785203e-10,-3.1129787272515457e-09,-2.3370845189663036e-14,8.5918772407041905e-09,-1.0790978724586595e-11,4.5228586501022683e-12,2.6715042057684067e-15,2.5145144052347815e-17,5.8882226194152667e-17,-9.0885751462525399e-17,-2.6327544072234405e-12,-5.8639541835138941e-09,nan,nan,nan,nan,nan,nan,nan,nan,nan,nan,nan,nan,nan,nan,-1.8760795120718876e-07,1.5436346201269657e-07,-2.8348720059534888e-22,2.4761603593062727e-08,5.8768379249118929e-07,-2.093690875670795e-07,0,0.015603326328761557,0.038368642171591014,2.1552402755028191e-18,0.041251800090220198,0.015013333421204528,0.11857174442524669,5.2163955018229673e-06,-8.0843296843617705e-05,9.4802125121050393e-05,2.4341996646216265e-21,3.8114257414991593e-05,4.5119629559730356e-05,-0.0001153514946672078,3.5956164927626624e-10
7,1,lumen,0.0078947368421052634,0.0015,0.0073684210526315788,0.0084210526315789472,0.001,0.002,1000155.8236124008,1.3575725760482487,13.238158770514092,3035.0523389050154,0.16808452909542354,1173,1173,4.054921631513288e-05,0.23288842029272278,0.59999999999999998,2,500000,0.00035,0.0001,0.072300765128664624,0.16179245462691566,9.7317564891811052e-18,0.17859738561007668,0.064774814664965444,0.52364459832654542,2.280870259337655e-05,0.05966022614242418,0.076466769090407241,4.0262059353634687e-18,0.053723114515324681,0.42534686550864936,0.38479546666493952,7.5580782548324231e-06,0.27135401894546962,0.0015506913510519628,1.0295195369433201e-09,0.0019788051077352224,2.0430470989472618e-05,0.39185752545683711,7.3219155108603402e-05,8.4232728192129395e-07,2.8373489289066747e-10,3.2061283488300839e-12,2.8972266911821809e-10,7.0500504128436498e-11,6.3398135756044334e-08,0.33316440211073495,nan,nan,nan,nan,nan,nan,nan,nan,nan,nan,nan,nan,nan,nan,0,0,0,0,0,0,0,3.0137389232268617e-10,2.0500205250308226e-11,-3.8306955747146159e-11,-2.5882713100201866e-09,-1.4947505039275555e-13,5.0903973894140392e-09,-6.9842869329830266e-12,8.9951260415915835e-12,9.6440756971685371e-15,5.2935518361477964e-17,-1.5831358251659265e-17,5.4076933993220256e-17,-2.6256461103473432e-12,-2.7849387242520886e-09,nan,nan,nan,nan,nan,nan,nan,nan,nan,nan,nan,nan,nan,nan,-1.9359248268607104e-07,1.6218098441989071e-07,1.5245866493709168e-21,2.6353178079309027e-08,6.0710140573072557e-07,-2.1739744193727262e-07,0,0.015955810240576896,0.037819495931599646,2.161062549638607e-18,0.040935188372676734,0.014942588419110123,0.11890125616013127,5.2080131224680805e-06,-0.00020814077511662436,0.00026501740945460172,-2.5933875210350719e-20,0.00013449130678905251,9.7725886034727321e-05,-0.00028876996380861882,6.8722891509688398e-10
7,2,lumen,0.0078947368421052634,0.0025000000000000001,0.0073684210526315788,0.0084210526315789472,0.002,0.0030000000000000001,1000155.051845492,1.3566008128522835,13.228692980052083,3050.2143408014608,0.16747660258550423,1173,1173,4.048050410032817e-05,0.23276594201834999,0.59999999999999998,2,500000,0.00035,0.0001,0.076492746943850692,0.15602352863715099,1.0276601189306337e-17,0.17495014783664378,0.064308620809582662,0.5292803511412042,2.2810544979997274e-05,0.063074179674687911,0.073687517244028361,4.2485780989990505e-18,0.052588374935710502,0.42198363128003841,0.38865874358152369,7.5532840112153241e-06,0.27242195951041653,0.0015912556817722038,1.0970601535935133e-09,0.0020145166932997905,2.0202653452856103e-05,0.38807048128624388,7.4836846559930378e-05,8.036282712266498e-07,2.7449818216049422e-10,3.3286271976380711e-12,3.0722548647045481e-10,7.4805343554406268e-11,6.2443457682095994e-08,0.33580587949959212,nan,nan,nan,nan,nan,nan,nan,nan,nan,nan,nan,nan,nan,nan,0,0,0,0,0,0,0,-1.7430535403277195e-10,1.9033581493129891e-11,-3.0932694932127894e-11,-4.392516947815061e-09,-1.8197195052888082e-13,4.7300657427321036e-09,-1.0767157743027224e-11,6.1849407973629811e-12,9.1245243399353696e-15,8.5300907860575954e-17,-1.7894228515936498e-16,3.5048539903957205e-16,-3.7611323126499239e-13,-1.4621306961801154e-10,nan,nan,nan,nan,nan,nan,nan,nan,nan,nan,nan,nan,nan,nan,-2.0922722394380033e-07,1.7312744599040641e-07,-6.6349388171808187e-23,3.1395008675012335e-08,6.5926372135038935e-07,-2.3626217149352868e-07,0,0.016828055317344121,0.036347762086175746,2.2425826066453916e-18,0.039945220115615743,0.014776660146366119,0.11965777820585127,5.1868291483268e-06,-0.00040909230103367515,0.00054728784363928216,-3.3131044325727694e-20,0.00028984337928961076,0.00018055855563479717,-0.00056777562470145416,1.3964237068963113e-10
7,3,support,0.0078947368421052634,0.0035000000000000001,0.0073684210526315788,0.0084210526315789472,0.0030000000000000001,0.0040000000000000001,1001270.436811318,1.3354712037513048,13.008143870799337,3127.5977769469491,0.16762006255101225,1173,1173,4.0336913074666455e-05,0.23268354452659032,0.40000000000000002,2,300000,0.00033700000000000001,0.0001,0.086084604301161341,0.14628970683923559,1.1151372810718075e-17,0.16962923834645047,0.064428679455552487,0.54896410314578981,2.3194292016391176e-05,0.069799969943921847,0.067938506011489985,4.5333665191180921e-18,0.050138870165301178,0.41572298202551605,0.39639211954619824,7.5523075727296338e-06,nan,nan,nan,nan,nan,nan,nan,nan,nan,nan,nan,nan,nan,nan,0.27499230382772494,0.0016744344498749412,1.2353768977060579e-09,0.0020907077761159196,1.9621880810326156e-05,0.37981726338911936,7.8206019647403553e-05,7.2831110827586353e-07,2.5575508932816794e-10,3.5870472999388773e-12,3.433811233642109e-10,8.3709724783016105e-11,6.0230646874649402e-08,0.34132667219315949,0,0,0,0,0,0,0,nan,nan,nan,nan,nan,nan,nan,nan,nan,nan,nan,nan,nan,nan,-5.9303158054303627e-09,1.9283317701289286e-10,1.6042823956413303e-09,6.0913619696026884e-08,-2.4463327414139813e-12,-1.2520656838676137e-07,-1.0159212467353587e-10,6.4457260275790906e-11,8.8494304847611017e-14,6.5299754374747013e-16,-1.2418598444101198e-15,2.2809806372835584e-15,-9.4918007399568884e-12,6.8475131759019032e-08,-2.4376100150880209e-07,3.3425593004565712e-07,2.6966344706312996e-22,3.305474815858438e-08,7.6256040433542172e-07,-3.3613993094538941e-07,0,0.018623574654198709,0.033758890809454989,2.4033615142109858e-18,0.038296087932886018,0.014635545937296164,0.12215079799722116,5.1974576446880744e-06,-1.577967404588432e-05,-3.1054512116243597e-06,-1.5520844572879754e-20,-6.6814357709585261e-05,6.4468345539980181e-05,-0.00010145343500726382,-4.7538876050759273e-09
7,4,support,0.0078947368421052634,0.0045000000000000005,0.0073684210526315788,0.0084210526315789472,0.0040000000000000001,0.0050000000000000001,1000943.215674379,1.5655252118405816,15.25396771750844,2795.1289018695902,0.13914888398491693,1173,1173,4.121823583726539e-05,0.20582402130472352,0.40000000000000002,2,300000,0.00033700000000000001,0.0001,0.085607974875740775,0.1274272364327429,2.2023023069134171e-17,0.21732739255878217,0.041747102068359569,0.54089099462190149,2.3671857141682491e-05,0.08139757433870369,0.06939560695738578,1.0498733762688801e-17,0.075327888164283374,0.31587745399319778,0.4579924380046359,9.0385417935593579e-06,nan,nan,nan,nan,nan,nan,nan,nan,nan,nan,nan,nan,nan,nan,0.25022392229240964,0.002658239567106974,1.5035937634480581e-09,0.0025211839052168244,3.1801716431859187e-05,0.3880950259058133,0.00010820680850476149,5.1069126159168576e-07,2.376328063522326e-10,4.3899525001077028e-12,4.1044823838041999e-10,1.0896164758625699e-10,8.5091516110480767e-08,0.3563610217566992,0,0,0,0,0,0,0,nan,nan,nan,nan,nan,nan,nan,nan,nan,nan,nan,nan,nan,nan,1.6254211700410344e-09,-6.6170335722079001e-12,-7.3313887573532869e-11,1.4149707134208665e-08,-3.9662283873864723e-14,-3.4343966903997887e-08,4.7096077485818736e-12,-3.7886317347246568e-13,-7.5605220636396075e-16,-2.5629314727000198e-18,-2.1239399645864992e-16,1.3734754742576326e-16,2.6591065159769208e-13,1.8644213228310938e-08,-3.5131892618667226e-07,2.1046898585064255e-07,3.4030788111903326e-22,1.7526737456351478e-07,1.2286275947598346e-06,-5.4080801953348967e-07,0,0.017932111069913648,0.028461094578729359,4.8299352574026069e-18,0.048500404659254731,0.0090428527310725312,0.11681860991317228,5.1695445383393822e-06,0,0,0,0,0,0,0
8,0,lumen,0.0089473684210526309,0.00050000000000000001,0.0084210526315789472,0.0094736842105263147,0,0.001,1000143.5120034826,1.3476546208597748,13.141607135297482,3026.702229731347,0.1697597998491793,1173,1173,4.0602115549787805e-05,0.23474321300140621,0.59999999999999998,2,500000,0.00035,0.0001,0.064999088539494085,0.1724957391550761,8.9611601978881901e-18,0.18113247786939082,0.06701429870709634,0.51390816507337911,2.2782447807535888e-05,0.053243937277220488,0.080930783166324946,3.6803564846900192e-18,0.054088297021120682,0.4368430486389554,0.37488643957901496,7.4943173633806295e-06,0.27095692213693823,0.0014494091119341553,9.0529658142653421e-10,0.0018995176058534907,2.0210937340707623e-05,0.39733115454465112,6.9355111148319107e-05,9.2595075038612015e-07,2.9985573443945166e-10,2.9920618409817449e-12,2.5814253739522494e-10,6.2564399180163752e-11,6.355757932284097e-08,0.32827243951495305,nan,nan,nan,nan,nan,nan,nan,nan,nan,nan,nan,nan,nan,nan,0,0,0,0,0,0,0,1.8332774139289759e-11,-4.2837539550765537e-12,2.4454814812958641e-11,-2.1788519651636012e-09,1.2160487460749492e-13,6.2626336362874707e-09,-1.1098561374393043e-11,-1.2972755031662175e-11,-1.4524769744275892e-14,1.0177853450215e-17,-2.2119769657185677e-16,2.5051650818485848e-16,1.7781447271959127e-12,-4.1000995378187131e-09,nan,nan,nan,nan,nan,nan,nan,nan,nan,nan,nan,nan,nan,nan,-1.6473667389764468e-07,1.3902146706046281e-07,1.1902778537218907e-22,1.9439205914618125e-08,5.1357085445458139e-07,-1.8197206314018999e-07,0,0.014387020723354097,0.040291183183871454,1.9965718030803007e-18,0.041605831324006234,0.015472784535694683,0.11706410251868611,5.2153367674788149e-06,-8.2874313924425347e-05,0.00010406730161287437,-7.1373747129198925e-21,4.5710475641138334e-05,4.0603014724586361e-05,-0.00011324377783578825,5.0291269897713317e-10
8,1,lumen,0.0089473684210526309,0.0015,0.0084210526315789472,0.0094736842105263147,0.001,0.002,1000143.2675755901,1.351370083464434,13.177841560154057,3023.6278627727743,0.16963425605287541,1173,1173,4.0576290904390141e-05,0.23467442927260157,0.59999999999999998,2,500000,0.00035,0.0001,0.066463367832478179,0.16971552862917053,9.083765517882483e-18,0.17935717039925217,0.066620146702711658,0.51453160591948599,2.2709265262392363e-05,0.054593513111677199,0.079845924547411615,3.7409970236966724e-18,0.053705841400597566,0.43547110017983831,0.37637612991943448,7.4908410406837768e-06,0.27133304220523197,0.0014640787209414521,9.3099435981841979e-10,0.0019127183926033807,2.0141744223840384e-05,0.39595355305823582,6.9946963887812947e-05,9.0976073983159508e-07,2.9624682734731478e-10,3.0354642475990801e-12,2.6474020179037254e-10,6.4161442716449169e-11,6.324064385605842e-08,0.32924554435431613,nan,nan,nan,nan,nan,nan,nan,nan,nan,nan,nan,nan,nan,nan,0,0,0,0,0,0,0,2.8621799103177237e-10,-7.1763077791469796e-12,-2.6831460954059251e-11,-1.4729515460633578e-09,2.09445850420098e-13,3.7330529865237105e-09,-7.8278624706313699e-12,-1.1539527146331441e-11,-1.2483302066559552e-14,-1.5561785489320435e-17,-1.4513430422342251e-16,1.5958551021424507e-16,2.4440912539496273e-12,-2.4955850720860496e-09,nan,nan,nan,nan,nan,nan,nan,nan,nan,nan,nan,nan,nan,nan,-1.703340236029055e-07,1.4557795280367714e-07,-4.7527768705261658e-23,2.1058747726537917e-08,5.320000909941891e-07,-1.899458401122267e-07,0,0.014741331929883288,0.039720934427435621,2.0196818249108426e-18,0.041271515289670505,0.015408868018197845,0.11739486047857633,5.2075623270704784e-06,-0.00020103317749677657,0.00026548744412839467,-9.9272609937796798e-21,0.00013076095465524724,9.0375978767343325e-05,-0.00027646206196366629,5.7261633920156987e-10
8,2,lumen,0.0089473684210526309,0.0025000000000000001,0.0084210526315789472,0.0094736842105263147,0.002,0.0030000000000000001,1000142.5606319706,1.3474836330295488,13.139952252604076,3044.805480467327,0.16906779794932314,1173,1173,4.0507765342031162e-05,0.23461397095683881,0.59999999999999998,2,500000,0.00035,0.0001,0.07065420072505417,0.1643057994295202,9.3155498861461627e-18,0.17621034466685126,0.066342297685627813,0.52101792685626325,2.2762702826869857e-05,0.057869028484268281,0.077078556205992049,3.8254228611385682e-18,0.052611863830973951,0.43240804757797385,0.38002501702148556,7.4868793062649743e-06,0.27241098676940628,0.0014999394178674321,9.9427473678877313e-10,0.0019457883675173479,1.9919661026179208e-05,0.39232873029474097,7.140775051057032e-05,8.7019241188692857e-07,2.8711514532518757e-10,3.1433780416104858e-12,2.8104226175225886e-10,6.8107565301996618e-11,6.2323547326559094e-08,0.33172229358928906,nan,nan,nan,nan,nan,nan,nan,nan,nan,nan,nan,nan,nan,nan,0,0,0,0,0,0,0,-2.7405921815868719e-10,-2.2174503540525176e-11,1.66989477511453e-10,-2.3529752285245571e-08,7.712497090625603e-13,5.4263599313800551e-08,-2.9188703719357735e-12,-1.7646262923110001e-11,-1.9196630768015461e-14,-5.7889912436606601e-17,-3.0000796253620782e-16,2.6257376352706096e-16,4.6308146979449954e-12,-3.0589420607795107e-08,nan,nan,nan,nan,nan,nan,nan,nan,nan,nan,nan,nan,nan,nan,-1.8462508390940796e-07,1.0467094668786814e-07,8.7317569398911023e-22,2.5535811933227444e-08,5.7904423372834302e-07,-1.8646210914186057e-07,0,0.015580560726599172,0.038261994118540935,2.0734489357789505e-18,0.040331686267275596,0.015250885403990572,0.11811124985837233,5.1880017986444931e-06,-0.0003792527489253755,0.00051604842884171427,-3.5254790399194549e-20,0.00024935270310771034,0.00017101929592066429,-0.00053597014728803006,-5.4618444158082187e-10
8,3,support,0.0089473684210526309,0.0035000000000000001,0.0084210526315789472,0.0094736842105263147,0.0030000000000000001,0.0040000000000000001,1001168.3652250585,1.3580587691937205,13.229506468874405,3047.7036385769843,0.16926640055178413,1173,1173,4.0377517440535525e-05,0.23451373115418439,0.40000000000000002,2,300000,0.00033700000000000001,0.0001,0.077679013755580936,0.15180850049188616,9.9793332591642095e-18,0.16808078621698652,0.065004351740442792,0.52717046717376115,2.2620051679114679e-05,0.064056287164198825,0.071701233105588402,4.1259345555086689e-18,0.050526616113774896,0.42657514476943209,0.38713322818067247,7.4906663332946428e-06,nan,nan,nan,nan,nan,nan,nan,nan,nan,nan,nan,nan,nan,nan,0.27471183109191866,0.0015718011773844811,1.1180102539222781e-09,0.0020135759745090972,1.943766376604848e-05,0.38497744833293895,7.4360613685308516e-05,7.963498796565618e-07,2.6961705744351997e-10,3.3615366894936534e-12,3.1315759191990295e-10,7.5912239218225464e-11,6.0434959597671459e-08,0.33663068658089951,0,0,0,0,0,0,0,nan,nan,nan,nan,nan,nan,nan,nan,nan,nan,nan,nan,nan,nan,8.5952398017844942e-10,3.38037899007558e-11,4.2050427965005999e-10,4.2211306368910647e-08,-9.676247433518248e-13,-8.8242212254894745e-08,1.6143683091456186e-14,2.9881148553775883e-11,4.3761757524896775e-14,9.3559413926751576e-17,3.4306496598749726e-16,-1.1518085221826294e-16,-1.6877951032996814e-13,4.4688268557673538e-08,-2.132053399644257e-07,2.755445750457497e-07,-1.7781338227613198e-22,2.5453684071664628e-08,6.6338128516807426e-07,-2.8045262817633088e-07,0,0.017222065362432263,0.0358876933481687,2.2120045534039901e-18,0.038970147667604475,0.015125023712074401,0.12044822637901094,5.2035643475090964e-06,-1.5679724254476233e-05,-4.9546190711849388e-06,-1.7434588007815441e-20,-7.9157742769319468e-05,7.2739214004186465e-05,-0.00011353751316343452,-5.4861881849612624e-09
8,4,support,0.0089473684210526309,0.0045000000000000005,0.0084210526315789472,0.0094736842105263147,0.0040000000000000001,0.0050000000000000001,1000857.3682565319,1.6014761626781053,15.605600510051122,2720.3945201054676,0.13767241455828233,1173,1173,4.1397683520235011e-05,0.20439130725791541,0.40000000000000002,2,300000,0.00033700000000000001,0.0001,0.077620908266388206,0.13284083356441018,2.2094414431457924e-17,0.22595440159980495,0.040773021827147052,0.52494006117204972,2.3533031753964167e-05,0.075504636641063341,0.074011459479770642,1.0775567382987707e-17,0.080123477580817851,0.31561879475300175,0.45473243887720266,9.1926681437474967e-06,nan,nan,nan,nan,nan,nan,nan,nan,nan,nan,nan,nan,nan,nan,0.24734035358208581,0.0026122344880832558,1.3791724748865163e-09,0.0024753002729636722,3.3327765877982874e-05,0.39501789830161632,0.0001062859456824109,5.4196904630705771e-07,2.504967416711787e-10,4.0881748793356336e-12,3.7677199656743719e-10,1.0015559173517006e-10,8.9133057088855334e-08,0.35241396643089173,0,0,0,0,0,0,0,nan,nan,nan,nan,nan,nan,nan,nan,nan,nan,nan,nan,nan,nan,-2.4435814345590224e-09,-1.6594564781364108e-11,2.4171511748669406e-10,-3.3141841617402367e-08,1.2193945939792394e-12,7.4427842477456027e-08,2.0956069569390728e-11,6.8482155710092307e-12,8.6828423135557764e-15,-1.1054577480101394e-18,-3.7412284993977218e-16,2.3995455954027972e-16,3.5314228872245092e-13,-3.9096925225606036e-08,-3.184927882564012e-07,7.3920452148268367e-08,-9.6358850715086969e-21,1.6989434921440775e-07,1.1258577866657404e-06,-4.5500266671050227e-07,0,0.016305113041696101,0.029768705146388037,4.7358536860395964e-18,0.0507874690533347,0.0088489857319039508,0.11393534360436387,5.1644112485406224e-06,0,0,0,0,0,0,0
9,0,lumen,0.0099999999999999985,0.00050000000000000001,0.0094736842105263147,0.010526315789473682,0,0.001,1000130.8215370153,1.3337956823114929,13.006627214833602,3036.0507079287627,0.17113173895286693,1173,1173,4.0628783462571563e-05,0.23620703200528712,0.59999999999999998,2,500000,0.00035,0.0001,0.060252829392967541,0.18086026312708572,8.4408625148445412e-18,0.18300837378441714,0.069028847055871687,0.50931437382035483,2.2842606807436322e-05,0.048849098706806558,0.083983649427730081,3.4310629446292203e-18,0.054087157058938864,0.4453534130582773,0.36771924482030316,7.4369279439135057e-06,0.27084120417660024,0.0013805669089073343,8.2224243975925059e-10,0.0018445150149789926,1.9977088513407868e-05,0.40086185081221509,6.6700897894055164e-05,9.8865188196113252e-07,3.1103001680850781e-10,2.8608377232909096e-12,2.3727075548942183e-10,5.7381427312779197e-11,6.3430311699784749e-08,0.32498413158791134,nan,nan,nan,nan,nan,nan,nan,nan,nan,nan,nan,nan,nan,nan,0,0,0,0,0,0,0,-1.0207223946009553e-10,1.0133232029638844e-11,-4.552891783849692e-11,-2.3187710847121809e-09,-1.275376288953356e-13,9.6642432489794927e-09,-5.8593989419507798e-12,-2.2766298395093809e-12,-1.1030892351247394e-14,2.2443908653313176e-17,-9.754198026400812e-17,-1.1589634642629526e-16,-5.391767888867257e-12,-7.1943376812914442e-09,nan,nan,nan,nan,nan,nan,nan,nan,nan,nan,nan,nan,nan,nan,-1.4594667379057985e-07,1.207603771979926e-07,-3.9150930028016611e-22,1.5575389459999758e-08,4.5360969642971316e-07,-1.5924985247162127e-07,0,0.013320979206843834,0.041997753878557149,1.8728549713125531e-18,0.041873124809393876,0.015874949166838379,0.11575840914930041,5.2145634773797837e-06,-7.9168601373559279e-05,0.00010262273939929757,-3.062758121724986e-21,4.4400726523979048e-05,3.7561985538277881e-05,-0.00010745604609618624,3.6730619982502661e-10
9,1,lumen,0.0099999999999999985,0.0015,0.0094736842105263147,0.010526315789473682,0.001,0.002,1000130.5988516877,1.3377307692815112,13.045003469932666,3032.1286970676269,0.17088815672918373,1173,1173,4.0603337699536626e-05,0.23616023051174212,0.59999999999999998,2,500000,0.00035,0.0001,0.061652996781467337,0.17803953770231795,8.4794242832835383e-18,0.18122397170395524,0.068632086414888868,0.50975759016902567,2.2767685539149991e-05,0.050131743249142241,0.082917757483468246,3.4569072816571364e-18,0.05371781544032074,0.44410010190026983,0.36912514752036935,7.4344064295506238e-06,0.27121591391373945,0.0013936398993371422,8.4619088530598679e-10,0.0018567428265195618,1.9910230474405291e-05,0.39955288164160629,6.7237698142430606e-05,9.7236712694987436e-07,3.0750732396520603e-10,2.8989776707081977e-12,2.433858237723162e-10,5.8842050196372272e-11,6.3129209869904477e-08,0.32589263683501918,nan,nan,nan,nan,nan,nan,nan,nan,nan,nan,nan,nan,nan,nan,0,0,0,0,0,0,0,-3.4018927764761573e-11,2.5832584688134616e-11,-1.1423499584550426e-12,3.6898310424444349e-10,-4.1113976372714189e-13,-2.6398252082546203e-09,1.8012763600688993e-12,1.9468755383875158e-11,1.9814796150663359e-14,8.6137844651632564e-17,1.3973874475201567e-16,-7.4279372856444247e-17,-5.2970985962683775e-12,2.264589016165415e-09,nan,nan,nan,nan,nan,nan,nan,nan,nan,nan,nan,nan,nan,nan,-1.510939810133935e-07,1.3652545977071995e-07,1.8143689265646809e-23,1.7195708321577028e-08,4.7050228242639935e-07,-1.686622715380004e-07,0,0.01367505831787144,0.041408995455160309,1.8892629030963399e-18,0.041534602663465425,0.015814750408351591,0.11609068968410549,5.2075612906239709e-06,-0.00018887147643820745,0.00025501343781001514,-1.6471592825111212e-20,0.00011853770674774656,8.5273446569589096e-05,-0.00026141468901654501,1.8436802498675515e-10
9,2,lumen,0.0099999999999999985,0.0025000000000000001,0.0094736842105263147,0.010526315789473682,0.002,0.0030000000000000001,1000129.9555611149,1.3380878484681289,13.048493953029537,3043.1130506398426,0.17029920125593706,1173,1173,4.053901805163549e-05,0.23611091618208505,0.59999999999999998,2,500000,0.00035,0.0001,0.065400152142387619,0.17230920989766538,8.8182981556765009e-18,0.17785138382614429,0.068172931112616075,0.51434954003833622,2.2757716932262918e-05,0.053192887225404009,0.080270463527346805,3.5960219438826277e-18,0.052732229916457526,0.44124706318614587,0.37254992300492662,7.4331397190335559e-06,0.27222447692257618,0.0014255121895850695,9.0410770961035629e-10,0.0018870085605875964,1.9715161047175494e-05,0.39621338595102423,6.8554135287230035e-05,9.3314092261641553e-07,2.9879643078258101e-10,2.9921267277688876e-12,2.5821382659271038e-10,6.2388603529725668e-11,6.2310062766656383e-08,0.3281603501024089,nan,nan,nan,nan,nan,nan,nan,nan,nan,nan,nan,nan,nan,nan,0,0,0,0,0,0,0,-1.0530642186879818e-10,3.731723742483926e-11,-5.6557761777148338e-11,-6.8665228280943471e-09,-4.9879349782455673e-13,1.0923308381080576e-08,4.0684401186427184e-12,3.430132827081378e-11,4.4334275888581928e-14,1.3208954786404178e-16,2.9813497385628882e-16,-7.8878375059561078e-18,-2.9988876796232492e-12,-3.9671553266197821e-09,nan,nan,nan,nan,nan,nan,nan,nan,nan,nan,nan,nan,nan,nan,-1.6355099519051869e-07,1.3156664685487485e-07,-5.9499923573575326e-22,2.1086749316923516e-08,5.119650902107864e-07,-1.7783136568860769e-07,0,0.01447258578388964,0.039983485392308893,1.9499006111308086e-18,0.040660888528069941,0.015661523192417367,0.11675967150077107,5.1898014765926026e-06,-0.00034225594882909561,0.00047027917370783039,-2.2101020479954482e-20,0.00020498260784946554,0.00016168916267589615,-0.000490407481436179,-1.3012196591371116e-09
9,3,support,0.0099999999999999985,0.0035000000000000001,0.0094736842105263147,0.010526315789473682,0.0030000000000000001,0.0040000000000000001,1001065.2835551985,1.3354314963225098,13.01042284493815,3073.8824377584224,0.17057790274589987,1173,1173,4.0425521380155046e-05,0.23595696218215484,0.40000000000000002,2,300000,0.00033700000000000001,0.0001,0.072442339482124946,0.16229929043793431,9.3042088723893829e-18,0.1726033834745983,0.067528907350840731,0.52482292988412005,2.2851820735168835e-05,0.058748704639967786,0.075386733167831219,3.7831018084696244e-18,0.051026903666784834,0.43580339230708831,0.37902682411944094,7.4420988871407228e-06,nan,nan,nan,nan,nan,nan,nan,nan,nan,nan,nan,nan,nan,nan,0.27419510540625674,0.0014875488701406143,1.012500977518459e-09,0.0019466606416949526,1.9339562130873864e-05,0.38984096628238318,7.1128152407906242e-05,8.6269012176655938e-07,2.8291313551185457e-10,3.1726548045685207e-12,2.8614785863502157e-10,6.9105163389292652e-11,6.077310293092539e-08,0.33243832596792328,0,0,0,0,0,0,0,nan,nan,nan,nan,nan,nan,nan,nan,nan,nan,nan,nan,nan,nan,2.5124376690503419e-09,3.6669826103971534e-11,1.0029647884288164e-10,7.3738361912955067e-09,-5.009669437096298e-13,1.1596823367050757e-09,-1.5388996307793596e-11,1.4773324273978372e-11,1.8801050303014354e-14,1.1359395151091201e-16,2.9027708503187095e-16,-2.8950014610310408e-17,-2.5655852161147916e-12,-1.1179259434999316e-08,-1.8773567097077337e-07,1.6634668781323469e-07,-1.6774834112482837e-23,2.0117278400541363e-08,5.8177959104399601e-07,-2.1512992970373901e-07,0,0.015980849347146778,0.037802733262018079,2.0566071873520051e-18,0.039546942945823713,0.015544450686298004,0.11897203593722615,5.2098870633262238e-06,-1.5237402222663782e-05,-7.3063127414225773e-06,-1.753525120371634e-20,-9.3250091015103782e-05,8.1210648540230379e-05,-0.00012334066489700377,-6.2320865021823906e-09
9,4,support,0.0099999999999999985,0.0045000000000000005,0.0094736842105263147,0.010526315789473682,0.0040000000000000001,0.0050000000000000001,1000772.7116813714,1.6329780444448105,15.913916976134161,2658.6946234305974,0.13407530846635429,1173,1173,4.1592784062988313e-05,0.20243417513100015,0.40000000000000002,2,300000,0.00033700000000000001,0.0001,0.070389654881498495,0.13866652172787194,2.0967170295986617e-17,0.23709393822684663,0.039704978069712932,0.51193219401455403,2.350456269907654e-05,0.069823295129520901,0.078783559948113452,1.0427833218163553e-17,0.085734582664607664,0.3134234744745234,0.45222572483806928,9.3629451652927143e-06,nan,nan,nan,nan,nan,nan,nan,nan,nan,nan,nan,nan,nan,nan,0.24402555288983699,0.0025901149475900101,1.262651032006898e-09,0.0024370536935509855,3.5173965168415246e-05,0.4018849491006502,0.00010501429954168964,5.7029388476576131e-07,2.6305239175446697e-10,3.8123329852886222e-12,3.4521875598847831e-10,9.208253669326878e-11,9.3737435666899629e-08,0.34892147510552424,0,0,0,0,0,0,0,nan,nan,nan,nan,nan,nan,nan,nan,nan,nan,nan,nan,nan,nan,-3.1427897883946481e-09,-8.6671362652972596e-11,1.2567749262658352e-10,-3.6066994249991576e-08,5.6367121257019925e-12,8.4107893615504442e-08,3.7692905120673778e-11,4.5688106076191559e-13,1.9658628182993777e-14,-2.3565815602539681e-16,3.3857172767265047e-16,-2.382470728471276e-17,3.4369907528544563e-11,-4.5015291605887571e-08,-2.8891829226360827e-07,4.0356078867542777e-08,-3.708070429263835e-22,1.6428815903940841e-07,1.0321919278397096e-06,-4.1700435071678754e-07,0,0.014827771751273269,0.030863136141458355,4.5713544155767985e-18,0.052983439560045427,0.0086132868142384175,0.11124237647957459,5.1585800660512204e-06,0,0,0,0,0,0,0
10,0,lumen,0.011052631578947368,0.00050000000000000001,0.010526315789473682,0.011578947368421053,0,0.001,1000118.0327218093,1.3308093202683171,12.977671387114405,3023.394131567788,0.17220023045020436,1173,1173,4.0649888021773327e-05,0.23751169103628297,0.59999999999999998,2,500000,0.00035,0.0001,0.055652125540391222,0.18702899670909756,7.8664642489607973e-18,0.18313358027329571,0.070346738122380695,0.50177555377814853,2.2739050545575158e-05,0.045018699573498348,0.0866547968280032,3.190461528892335e-18,0.054003667993650591,0.45284565997403281,0.36146978889925968,7.3867315553306369e-06,0.27076180225029162,0.001323188653302097,7.5124909881214412e-10,0.0017975673376866438,1.9755642799955665e-05,0.40383991269902636,6.4463780265111077e-05,1.0460923105958287e-06,3.2082430323913946e-10,2.7564166907370342e-12,2.1956783663965015e-10,5.3042227632315657e-11,6.3251924268098056e-08,0.3221921989449536,nan,nan,nan,nan,nan,nan,nan,nan,nan,nan,nan,nan,nan,nan,0,0,0,0,0,0,0,9.796683796965912e-10,1.9077117300717686e-11,-2.9043318027792017e-10,-1.0043913633113462e-09,1.3273030678023767e-13,9.0594500360731411e-09,-5.5944278834956179e-11,-3.2323078892268486e-11,-3.3575126452342108e-14,3.5278155500657743e-16,-2.6410317269965138e-15,2.9821016100287609e-15,4.5846036043435837e-12,-8.6797880550962714e-09,nan,nan,nan,nan,nan,nan,nan,nan,nan,nan,nan,nan,nan,nan,-1.3016885809600393e-07,1.082786124095847e-07,-2.8436538833637573e-23,1.314886740579681e-08,4.0406277705684612e-07,-1.4260393987886033e-07,0,0.012394129847682929,0.043489859384889334,1.7293676596719075e-18,0.042076596599156989,0.016225412181052792,0.11463389685122571,5.2139236415375676e-06,-8.297873503005973e-05,0.00011271250920297571,-4.9545775623598406e-21,4.8025095092021614e-05,3.7409263252813551e-05,-0.00011259312680235656,3.0423103434049283e-10
10,1,lumen,0.011052631578947368,0.0015,0.010526315789473682,0.011578947368421053,0.001,0.002,1000117.8314966718,1.329551953476336,12.965412514890405,3031.4668189505865,0.17209254016859846,1173,1173,4.0622005827119669e-05,0.23749057495089015,0.59999999999999998,2,500000,0.00035,0.0001,0.057360044928203131,0.18468772004191236,7.9764525297546747e-18,0.18195948692838793,0.070221401821764701,0.50427664028472763,2.2754154786984797e-05,0.046356457293947564,0.08548919945655073,3.2320144213297855e-18,0.053606757913707608,0.45161182638544445,0.36292837429444874,7.3846559008992757e-06,0.27118590339885179,0.0013360640384806448,7.7584190313426889e-10,0.0018101148807526555,1.9679490076940027e-05,0.40244477355341557,6.5002315930031456e-05,1.0280869275285283e-06,3.1700461645475445e-10,2.7933136696661791e-12,2.2581636609640452e-10,5.4516371273765507e-11,6.2922374465010321e-08,0.32313736993714381,nan,nan,nan,nan,nan,nan,nan,nan,nan,nan,nan,nan,nan,nan,0,0,0,0,0,0,0,1.5588767116717902e-10,-1.5429264292247079e-11,-2.3463570869768813e-10,1.3902324406793911e-08,1.1953860210717204e-13,-3.1838340727730063e-08,-1.2089460776115321e-11,-2.1089079918143461e-11,-2.1251021928243309e-14,-4.3489540274566516e-17,-1.7647492347215174e-16,1.7554559835826002e-16,4.6146167544473706e-12,1.8058659345543938e-08,nan,nan,nan,nan,nan,nan,nan,nan,nan,nan,nan,nan,nan,nan,-1.3533043788978988e-07,1.529535474387167e-07,8.7499979313240297e-24,1.4466243023499314e-08,4.2108557271602898e-07,-1.6393194557373647e-07,0,0.012726736242721881,0.042923029633847677,1.7795596957570041e-18,0.041749177927525472,0.016172036945691408,0.11494463857729588,5.2080410437950089e-06,-0.00018138676302179537,0.00024960130261769209,-1.1310056371939111e-20,0.00010986735745642416,8.2536149339222734e-05,-0.00025329809453527571,-1.8974565799541954e-10
10,2,lumen,0.011052631578947368,0.0025000000000000001,0.010526315789473682,0.011578947368421053,0.002,0.0030000000000000001,1000117.251227977,1.3288313065649742,12.958392489632242,3044.5337548251864,0.17151819036578173,1173,1173,4.0560442248057712e-05,0.23744636762672452,0.59999999999999998,2,500000,0.00035,0.0001,0.061013228775387209,0.17920896108278528,8.2151933016544162e-18,0.17897416154212009,0.069834738444508659,0.50912812616479552,2.2770475690743185e-05,0.049282139595536456,0.082908249031415984,3.326948533690721e-18,0.052698707781718208,0.44888191972954022,0.3662215979103205,7.3859514687429299e-06,0.27215101260488916,0.0013653435314951912,8.3025506290499865e-10,0.0018386047416081286,1.9503431501880779e-05,0.3992862780742446,6.6225749230351355e-05,9.886119860529275e-07,3.0852806270280542e-10,2.8761122730869082e-12,2.3966817434302684e-10,5.7795728260968613e-11,6.2171105825613183e-08,0.32527197964481008,nan,nan,nan,nan,nan,nan,nan,nan,nan,nan,nan,nan,nan,nan,0,0,0,0,0,0,0,-7.4530353931604783e-10,3.1737292355389251e-11,-3.3181772873402015e-11,8.0780556103465132e-09,-5.1564801690703876e-13,-2.3863154892649757e-08,-1.4454497513594572e-11,1.1883832893438973e-11,1.4240172973237305e-14,1.054156489060101e-16,3.4259741835382178e-16,-1.0152540691433816e-16,-1.9638496012252723e-12,1.6536882751911167e-08,nan,nan,nan,nan,nan,nan,nan,nan,nan,nan,nan,nan,nan,nan,-1.4699415174651564e-07,1.5304234524116112e-07,9.4890048050183667e-23,1.783872425805487e-08,4.5930449726894196e-07,-1.7294703252845878e-07,0,0.013477116400983391,0.04154633904356024,1.866269101694714e-18,0.040947978829847173,0.016021515380702889,0.1155639658351988,5.1921503947907157e-06,-0.00031552756383849447,0.0004366937457740412,-2.2696346087998357e-20,0.00017299822779167341,0.00015545817350885662,-0.00045960292340241728,-1.9851389560620094e-09
10,3,support,0.011052631578947368,0.0035000000000000001,0.010526315789473682,0.011578947368421053,0.0030000000000000001,0.0040000000000000001,1000961.3268151057,1.3260155230450001,12.920029550648175,3074.1044978881887,0.17180593831323046,1173,1173,4.0459298402945603e-05,0.23724958181357231,0.40000000000000002,2,300000,0.00033700000000000001,0.0001,0.067523976208797867,0.16994643809008839,8.7124497422817987e-18,0.17463069920952182,0.069234876498130593,0.51904062767394543,2.2880087155809311e-05,0.054379590350616021,0.078390324960776248,3.5178794964940906e-18,0.051267554232938155,0.4437086558984743,0.37224647502272284,7.3995344724521171e-06,nan,nan,nan,nan,nan,nan,nan,nan,nan,nan,nan,nan,nan,nan,0.27388543472427612,0.0014205429464744829,9.2771943471992992e-10,0.0018924924106720868,1.9202428992893187e-05,0.39360408210165199,6.8533918248035744e-05,9.2053570479118091e-07,2.938222713709721e-10,3.029964758000306e-12,2.6462303538064007e-10,6.3741610492699162e-11,6.0883371739285154e-08,0.32910872849766853,0,0,0,0,0,0,0,nan,nan,nan,nan,nan,nan,nan,nan,nan,nan,nan,nan,nan,nan,2.5604269143286251e-09,9.3911014472617171e-11,2.026154364799472e-10,-8.4102425452405592e-09,-1.2112199806492419e-12,2.8996111846877129e-08,1.2501120400876678e-11,8.4322672542352928e-11,1.0235897583903962e-13,2.5909253562971647e-16,1.0400348943873158e-15,-6.359358866512245e-16,-1.1629993622980718e-11,-2.3526908282817174e-08,-1.6827662199184884e-07,1.2278787342445696e-07,4.0272743046767748e-23,1.6218436838052188e-08,5.1916900287163337e-07,-1.7589144846175131e-07,0,0.014862217463775069,0.039551140185375637,1.9388010546037639e-18,0.040056212963223856,0.015908891537368821,0.11766905523262612,5.2164813275156454e-06,-1.4690467871198578e-05,-9.1686966466054633e-06,-1.8453826590390927e-20,-0.00010616205254361576,8.9118184929218473e-05,-0.00013324545932724105,-6.9709139033989247e-09
10,4,support,0.011052631578947368,0.0045000000000000005,0.010526315789473682,0.011578947368421053,0.0040000000000000001,0.0050000000000000001,1000689.3229017517,1.6400915099495614,15.98457198040526,2640.1282226652665,0.13243766361294249,1173,1173,4.1759151032108035e-05,0.20063912728954469,0.40000000000000002,2,300000,0.00033700000000000001,0.0001,0.065250531965242456,0.14481381444052538,2.0962856442343224e-17,0.24946970320771111,0.039204773934623398,0.50814919972665373,2.3833623795776684e-05,0.065012891912868687,0.082641443794417305,1.0471975989672397e-17,0.090610248536753743,0.31084897367733316,0.45087690590152796,9.5361770993114408e-06,nan,nan,nan,nan,nan,nan,nan,nan,nan,nan,nan,nan,nan,nan,0.24125335380221291,0.0025849522224944471,1.1670614938282526e-09,0.0024120100132848563,3.6820136561305893e-05,0.40721006386921321,0.00010436926110507231,5.9070758629830754e-07,2.7277593706938865e-10,3.5858625027519084e-12,3.1938933849401707e-10,8.5510836674941641e-11,9.7715631525858671e-08,0.34639774042363375,0,0,0,0,0,0,0,nan,nan,nan,nan,nan,nan,nan,nan,nan,nan,nan,nan,nan,nan,-1.0294093646542824e-08,-2.3180956248046645e-10,2.1696023174347136e-10,-1.4459281823659034e-07,1.3658923059441108e-11,3.3425887715587792e-07,1.8660478407926389e-10,6.4701412413534221e-11,1.2189487079010747e-13,-6.2090950991432039e-16,1.8330648631786272e-15,-7.8560266030445801e-16,7.528882202059686e-11,-1.7969749212303795e-07,-2.657760490550401e-07,-2.3139944910210986e-07,1.2143969683972482e-21,1.625458893146207e-07,9.6421823433251452e-07,-2.8349120101411884e-07,0,0.013468647079008045,0.031765701719548164,4.561749823951862e-18,0.055143148434064669,0.0083512938227736141,0.10868220547232318,5.1520575576065267e-06,0,0,0,0,0,0,0
11,0,lumen,0.012105263157894737,0.00050000000000000001,0.011578947368421053,0.012631578947368421,0,0.001,1000105.1588836551,1.3957967431263019,13.611585337029476,2866.8310532389678,0.17324296929920963,1173,1173,4.0669608807356233e-05,0.23858759652504136,0.59999999999999998,2,500000,0.00035,0.0001,0.049190040706084924,0.18310669152143316,6.7380221652587961e-18,0.17443544117647358,0.068000824906192928,0.4714302512379091,2.155625618830537e-05,0.041734989515852937,0.088981519365409462,2.8662780081635169e-18,0.053951302992023345,0.45912650357095458,0.3561983400045543,7.3445512053564025e-06,0.27065540823340911,0.0012767388804920529,6.9139216137400442e-10,0.0017584948155883223,1.9573773142354503e-05,0.40636880816096121,6.2630271956014933e-05,1.0971521576086472e-06,3.2930414125074835e-10,2.6739353286312469e-12,2.0472700078851868e-10,4.9452517253037322e-11,6.3102042559214088e-08,0.31985718433270266,nan,nan,nan,nan,nan,nan,nan,nan,nan,nan,nan,nan,nan,nan,0,0,0,0,0,0,0,-3.9678133456991142e-08,-7.3423506736838633e-11,2.0699913279867712e-08,-4.1509877034846442e-07,5.0656192565265434e-12,7.9006156997966231e-07,-1.9980541131885665e-11,-6.7722787230536929e-11,-6.5016171938018774e-14,-1.0141968955174639e-16,-1.9375790818242152e-15,1.8063259666201896e-15,1.6971116590603951e-11,-3.5584542365530309e-07,nan,nan,nan,nan,nan,nan,nan,nan,nan,nan,nan,nan,nan,nan,-1.3841984663857942e-07,-6.8301692918160128e-07,2.9437992019940547e-21,1.0721043901822801e-08,3.8371780476664785e-07,2.8666143742084316e-07,0,0.011551200654727856,0.044858386179433211,1.6229298033454339e-18,0.042236752565553093,0.016543467701114381,0.11362745110652495,5.2138558078147505e-06,-7.1748059518095671e-05,9.9206507951195359e-05,-1.9662016845867005e-20,4.1926727710717109e-05,3.2322002191728474e-05,-0.00010053461492062054,3.3193094736161154e-11
11,1,lumen,0.012105263157894737,0.0015,0.011578947368421053,0.012631578947368421,0.001,0.002,1000104.9771430176,1.3198138295391257,12.870614523795224,3036.3956680224424,0.17304687482315742,1173,1173,4.0645333331659327e-05,0.23857375659352351,0.59999999999999998,2,500000,0.00035,0.0001,0.0534560312751894,0.19143549975395738,7.5337994039871632e-18,0.18330535926158414,0.071750641532068671,0.5003384127422057,2.2796566517796504e-05,0.042885493518350956,0.087964745573126779,3.0303340217612657e-18,0.053608412352056316,0.4580728417630297,0.35746116246752602,7.3443259103032695e-06,0.271019860379827,0.0012874174099901494,7.1223026338712516e-10,0.0017691343334954074,1.9511913869903458e-05,0.40518376509622989,6.3081589626178436e-05,1.0810057450012387e-06,3.2598032639572392e-10,2.7036227697049795e-12,2.099952193808807e-10,5.0684298168424984e-11,6.2830594264463696e-08,0.32065608413902841,nan,nan,nan,nan,nan,nan,nan,nan,nan,nan,nan,nan,nan,nan,0,0,0,0,0,0,0,-5.496961901917672e-10,-6.945638088145505e-13,-1.4629710234470353e-10,1.3706471629128737e-08,-1.7501625149130007e-13,-3.331794990965066e-08,1.7170615257092391e-11,1.5249416529874993e-11,1.8656847560911392e-14,1.0590511288065445e-17,-1.7535579442548179e-17,6.3781898862872069e-17,-1.2138217276301403e-12,2.027711595841104e-08,nan,nan,nan,nan,nan,nan,nan,nan,nan,nan,nan,nan,nan,nan,-1.2180573779078593e-07,1.4290857097698506e-07,3.5719755697767558e-22,1.2347534503923752e-08,3.7847033726445822e-07,-1.4800587883057048e-07,0,0.01188047338109471,0.044283275348578892,1.6916855287335127e-18,0.04193206315727991,0.0164845579887446,0.11393456042068094,5.2090599492432544e-06,-0.00016659399535295339,0.0002316718466599887,-3.0210571691524341e-20,9.4424037226244781e-05,7.9412303249202975e-05,-0.00023778306509986052,-7.0971274477387669e-10
11,2,lumen,0.012105263157894737,0.0025000000000000001,0.011578947368421053,0.012631578947368421,0.002,0.0030000000000000001,1000104.4592334524,1.3038890645436996,12.715325333398521,3084.3114789604906,0.17243957421831319,1173,1173,4.0590307222900124e-05,0.2385050823590536,0.59999999999999998,2,500000,0.00035,0.0001,0.057487227383361039,0.18850268149200577,8.2606523886714628e-18,0.18285123925956528,0.072214347680723309,0.51083425926237291,2.3090121622748535e-05,0.045563099089602432,0.085572042891426406,3.2826077438612803e-18,0.052830398209467715,0.45547069667636403,0.36055641398649563,7.3491466438294718e-06,0.27187501460771801,0.0013138380412812398,7.6125167533381737e-10,0.0017951878685979505,1.9370583977064076e-05,0.40234587483907241,6.4193053010073883e-05,1.0429042328444066e-06,3.1811436859341388e-10,2.7740333862027094e-12,2.2239511645839385e-10,5.3596548985178596e-11,6.2198450860810431e-08,0.32258541454552458,nan,nan,nan,nan,nan,nan,nan,nan,nan,nan,nan,nan,nan,nan,0,0,0,0,0,0,0,-1.038701897178932e-08,6.9806252385476205e-11,-1.6710830373298129e-09,2.3340273255420015e-07,-3.0135972927183841e-12,-5.5712530009298898e-07,3.1608476540146905e-12,5.5394846912651396e-11,6.0870470402100605e-14,2.50708039387078e-16,4.4892235968456822e-16,-6.3082721031529247e-17,-1.0207224679376009e-11,3.3566546708816322e-07,nan,nan,nan,nan,nan,nan,nan,nan,nan,nan,nan,nan,nan,nan,-1.3039148394127995e-07,6.7378031970433128e-07,-2.9881882712316329e-21,1.5365311869724479e-08,4.1675436508736841e-07,-3.8083496223251245e-07,0,0.012582648957490021,0.042962057411653154,1.7977342354000446e-18,0.041210348355459232,0.016333456033610236,0.11450653798801817,5.1950825024527627e-06,-0.00028561570213584515,0.00039547841014946468,-5.0541384152545557e-21,0.00013689653409642969,0.00015163090809897201,-0.00042775453988463832,-2.7937876454444022e-09
11,3,support,0.012105263157894737,0.0035000000000000001,0.011578947368421053,0.012631578947368421,0.0030000000000000001,0.0040000000000000001,1000856.6002379733,1.3149499435562992,12.813552730150025,3079.8338455123635,0.1727781709170087,1173,1173,4.050418505068758e-05,0.23822522374648292,0.40000000000000002,2,300000,0.00033700000000000001,0.0001,0.062804255490444758,0.17812186240885641,8.3029592882809437e-18,0.17756988449052796,0.070874343905179854,0.51481547825746399,2.2972409857267496e-05,0.050161792645055672,0.081484251209154202,3.3249080147720732e-18,0.05170081297475583,0.45047229307728626,0.3661734819289158,7.3681648321580796e-06,nan,nan,nan,nan,nan,nan,nan,nan,nan,nan,nan,nan,nan,nan,0.27332711762419359,0.0013633054461009966,8.4754033969584695e-10,0.0018437260124894472,1.9154214244379463e-05,0.39739938497714827,6.6268413702882766e-05,9.7805308879409982e-07,3.0476477542122421e-10,2.9027295123633979e-12,2.443291517376455e-10,5.8786036354020116e-11,6.1188055865064167e-08,0.32598000261261345,0,0,0,0,0,0,0,nan,nan,nan,nan,nan,nan,nan,nan,nan,nan,nan,nan,nan,nan,-2.4197297825234825e-09,1.0798545909435279e-10,-1.2542147830364991e-09,1.541005011976909e-07,-2.898485542291579e-12,-3.5559689728534814e-07,-7.3954059464252105e-12,6.8663434963853187e-11,6.6976398872067064e-14,3.2660570964438543e-16,6.6911180996953657e-16,-4.6147171047943226e-16,-2.0289879680012648e-11,2.0502420827725441e-07,-1.4903033903126972e-07,4.9255044382023883e-07,-4.2213054282011796e-22,1.3285464640035186e-08,4.6537153715331403e-07,-3.176792573444942e-07,0,0.013859323436004786,0.041134294450486865,1.837886431983062e-18,0.040511521060003546,0.016223934778024845,0.11652410353428191,5.2232879128173087e-06,-1.3531596915109102e-05,-1.1940011572181274e-05,-2.0042752802829385e-20,-0.00012229248046756314,9.7510107637578883e-05,-0.0001427850812659702,-7.7540612115835403e-09
11,4,support,0.012105263157894737,0.0045000000000000005,0.011578947368421053,0.012631578947368421,0.0040000000000000001,0.0050000000000000001,1000607.2694551919,1.6692332484960641,16.269925714762838,2588.6491312284825,0.12867943411313959,1173,1173,4.1953761371437898e-05,0.19824639682169462,0.40000000000000002,2,300000,0.00033700000000000001,0.0001,0.059084364234186088,0.14978592064667196,2.1323042964669427e-17,0.26190973454394012,0.037975784560016823,0.49799879885331055,2.3900357477200979e-05,0.059920103284560121,0.087004848341260765,1.0842062786670039e-17,0.096826829171377679,0.30647975880521394,0.44975872680457857,9.7335930090196865e-06,nan,nan,nan,nan,nan,nan,nan,nan,nan,nan,nan,nan,nan,nan,0.23785180456008931,0.0025968562764867803,1.0679631385556037e-09,0.0023888545455748823,3.8940296058199552e-05,0.41306502379485577,0.00010410609119474889,6.1027488707792488e-07,2.8310671877966994e-10,3.3530926841227505e-12,2.9254971596522719e-10,7.8779967979997757e-11,1.0260776257803925e-07,0.3439536998273382,0,0,0,0,0,0,0,nan,nan,nan,nan,nan,nan,nan,nan,nan,nan,nan,nan,nan,nan,1.1515680514124122e-08,-4.8299651570636486e-10,-7.5177862698931978e-10,2.3485262074337527e-07,1.1809950370075817e-11,-5.8010967633964974e-07,3.7344994351292887e-10,8.132229373410127e-11,1.6903762446464016e-13,-1.0366733803075206e-15,2.9862630258619331e-15,-6.3941345939253849e-16,1.2579175454376357e-10,3.3438360580400681e-07,-2.4161294596893729e-07,6.6474537868677075e-07,-1.6086790805987819e-21,1.5750992794108482e-07,8.7854328428838002e-07,-6.3467400485128778e-07,0,0.012228116308667051,0.03250514476327776,4.5888924045380692e-18,0.057217655986574752,0.0080695618994383843,0.10627375878173143,5.1448022741080745e-06,0,0,0,0,0,0,0
12,0,lumen,0.013157894736842105,0.00050000000000000001,0.012631578947368421,0.013684210526315788,0,0.001,1000092.2063935483,1.3182206253555424,12.855242003869401,3020.4971854247574,0.17416489330067972,1173,1173,4.0683151896879952e-05,0.23960631683119793,0.59999999999999998,2,500000,0.00035,0.0001,0.04846647304997969,0.19828695753290912,7.0315087883994854e-18,0.18418048067209064,0.072902718257339336,0.4925553069169526,2.2704452066958088e-05,0.038836142874244417,0.09100417084243205,2.8249186551412561e-18,0.053800010257645393,0.46487206643750267,0.351480303675137,7.3059130384480371e-06,0.27062264308749262,0.0012364038135001957,6.3930409086897627e-10,0.0017242244830280805,1.9386127779473563e-05,0.40849700417153167,6.1029542500652516e-05,1.1440914462682029e-06,3.3674542388185203e-10,2.6068040850823798e-12,1.9190934768846755e-10,4.6377847729813929e-11,6.2886377499046086e-08,0.31783810057940032,nan,nan,nan,nan,nan,nan,nan,nan,nan,nan,nan,nan,nan,nan,0,0,0,0,0,0,0,2.2213510168682859e-09,-3.5269435028340237e-11,-8.2314440271288758e-10,7.3780661964140882e-08,-2.0771795741780785e-14,-1.974778037418419e-07,-7.1194607046716077e-11,-8.5462942061784175e-11,-8.5642230609580757e-14,-1.4621567061397303e-16,-4.9459176106901351e-16,4.2139761874503958e-16,1.6398629093297048e-11,1.2247457029090798e-07,nan,nan,nan,nan,nan,nan,nan,nan,nan,nan,nan,nan,nan,nan,-1.060275567582418e-07,2.9488397684795942e-07,7.2340398858392441e-22,9.5136989917027912e-09,3.2897794514930023e-07,-1.9014043911580458e-07,0,0.010802827183578858,0.04607891304120959,1.5882460723269594e-18,0.042374585716218188,0.016820821851363226,0.11274114928335885,5.2144094689512676e-06,-7.3075047602327042e-05,0.00010186757763562648,-8.6433077636897623e-21,3.9199074449952173e-05,3.4610127534365442e-05,-0.00010310980067211032,-2.6317653567150614e-10
12,1,lumen,0.013157894736842105,0.0015,0.012631578947368421,0.013684210526315788,0.001,0.002,1000092.0463773552,1.3148881711390072,12.82274607711879,3032.8465479952124,0.17398565617279657,1173,1173,4.0659181706841934e-05,0.23957840212397691,0.59999999999999998,2,500000,0.00035,0.0001,0.05005189683367945,0.19650216013344601,7.2284368791312987e-18,0.18354610016003231,0.072911331723982828,0.49565702212726415,2.2767529185657714e-05,0.040005158871558782,0.089957061870635957,2.8966938757291593e-18,0.053479175527676309,0.46375173256012281,0.35279956347925379,7.3076907522172723e-06,0.27098396612618791,0.0012472064937404505,6.6022282338259554e-10,0.0017350990892553589,1.933042319457533e-05,0.40730506073149247,6.1488542468362187e-05,1.1268471232506149e-06,3.3331496813417462e-10,2.6349613738141125e-12,1.971661118611596e-10,4.7598623809211654e-11,6.2630232437662738e-08,0.31864665787528951,nan,nan,nan,nan,nan,nan,nan,nan,nan,nan,nan,nan,nan,nan,0,0,0,0,0,0,0,4.0014722485115862e-12,1.7730008380283906e-12,-2.949204521776975e-11,2.0865649725671913e-09,-8.3562876670301156e-14,-4.8179403153679468e-09,-6.2141824621617517e-13,-1.6509892411531446e-12,-5.8925091944088853e-15,1.0300056653277507e-17,-9.8716381751853404e-17,2.9463857733412883e-18,-2.5604590883315436e-12,2.7600154938143744e-09,nan,nan,nan,nan,nan,nan,nan,nan,nan,nan,nan,nan,nan,nan,-1.1100142209390096e-07,1.0507238867862867e-07,2.2597611401784218e-24,1.0780766805748847e-08,3.4387326115770112e-07,-1.2389840453597145e-07,0,0.011114030262108904,0.045521218835831656,1.6251556102898928e-18,0.042092308215492209,0.016762389040538429,0.11303393209887605,5.2105666168683915e-06,-0.00015842286678884108,0.00022187585243147958,-1.5411199982225454e-20,8.3332991720506925e-05,7.9317348520534819e-05,-0.0002327060252541395,-1.2052290431134748e-09
12,2,lumen,0.013157894736842105,0.0025000000000000001,0.012631578947368421,0.013684210526315788,0.002,0.0030000000000000001,1000091.5909787618,1.2997115815600464,12.674750247633389,3078.7307769533504,0.17336451126539951,1173,1173,4.0608599693983059e-05,0.23948148282509207,0.59999999999999998,2,500000,0.00035,0.0001,0.053847114237231902,0.19374845411001876,7.6362071955385617e-18,0.18331685361699937,0.073352968563763346,0.50571812935993965,2.3059054325388833e-05,0.042541839089490649,0.087672733549073428,3.0247833940443858e-18,0.052795913012734591,0.46117587126398996,0.35580632724604994,7.3158386613495339e-06,0.27176574502209239,0.0012720466188148897,7.0607471003419463e-10,0.0017598297721408711,1.9214599157564264e-05,0.40466230461698471,6.2538774854508413e-05,1.0890654594255295e-06,3.2578731049376564e-10,2.6973241192922619e-12,2.0869570061697503e-10,5.0288271234222929e-11,6.2082155952433167e-08,0.32045716815476016,nan,nan,nan,nan,nan,nan,nan,nan,nan,nan,nan,nan,nan,nan,0,0,0,0,0,0,0,5.5724883675194289e-10,4.0239883769666982e-12,2.8945593972855925e-09,-2.6573974589023959e-07,2.5837688108834578e-12,6.7106161553325341e-07,3.3182908436820931e-11,3.2794646772499325e-11,3.6611075080104038e-14,1.4698570081394159e-17,2.7167714355062451e-17,-2.7450039777060882e-17,-3.9169300975738595e-12,-4.0884238286532644e-07,nan,nan,nan,nan,nan,nan,nan,nan,nan,nan,nan,nan,nan,nan,-1.2322246857468869e-07,-5.641824018520758e-07,-9.1632439114117999e-22,1.3417197328743407e-08,3.7411072818793745e-07,1.3199156029264358e-07,0,0.011770054856219569,0.044257548408955204,1.650837323979388e-18,0.041448360576973126,0.016608467829609442,0.11356251848988873,5.1984046015968517e-06,-0.00026655956292003343,0.00036993371133616686,-1.2006746415718969e-20,0.00011319174212001817,0.00014960929769326163,-0.00041160474577810777,-3.4319431580066106e-09
12,3,support,0.013157894736842105,0.0035000000000000001,0.012631578947368421,0.013684210526315788,0.0030000000000000001,0.0040000000000000001,1000751.200364113,1.3163395988936355,12.828445210171781,3060.0027070600622,0.17370949699699673,1173,1173,4.05323292873185e-05,0.23914709145418153,0.40000000000000002,2,300000,0.00033700000000000001,0.0001,0.058548636787289943,0.18310754914211583,7.7942109770545543e-18,0.17793281905193267,0.071706189568691736,0.50717354852667185,2.2855204141239439e-05,0.046817177532630871,0.083862376356246687,3.1248080653685796e-18,0.051866695909907702,0.45628914886515537,0.3611572622438417,7.3390922176015346e-06,nan,nan,nan,nan,nan,nan,nan,nan,nan,nan,nan,nan,nan,nan,0.27303919092739293,0.0013176832633279107,7.8510231948640284e-10,0.0018048432030165051,1.9051631502890966e-05,0.40018223668139297,6.445957799636186e-05,1.0259921543463121e-06,3.1329570245227481e-10,2.8091207312500447e-12,2.2865567596208501e-10,5.498094014671877e-11,6.1248504799903712e-08,0.32357144608990596,0,0,0,0,0,0,0,nan,nan,nan,nan,nan,nan,nan,nan,nan,nan,nan,nan,nan,nan,1.071287525331096e-09,9.8901841703877295e-12,-5.3695336904822346e-10,5.0265811470717481e-08,-5.7468325887974347e-13,-1.1236880933357916e-07,1.9608792030587974e-11,2.7650323220287931e-11,3.6129437987703192e-14,3.7890924554857764e-17,1.6320546452688439e-16,-3.6223589137553133e-17,-7.3539367193629735e-13,6.1512788002020599e-08,-1.3618164925073561e-07,2.3822739553258643e-07,1.8309072134551393e-22,1.0833639944850976e-08,4.2044488746117992e-07,-1.9781859245115996e-07,0,0.012941367336466301,0.042598056581815542,1.7411156001377719e-18,0.040927240865417588,0.016500783953073458,0.11549643326733421,5.230380967759487e-06,-1.270007928369818e-05,-1.3626826088015391e-05,-2.1180267265418935e-20,-0.00013550108405691977,0.00010490225805961511,-0.00015235250089865195,-8.4710964930980012e-09
12,4,support,0.013157894736842105,0.0045000000000000005,0.012631578947368421,0.013684210526315788,0.0040000000000000001,0.0050000000000000001,1000526.5714549896,1.7023138822334116,16.59369911881176,2534.5977488437202,0.12707635702832212,1173,1173,4.2102366831989058e-05,0.19634648164777843,0.40000000000000002,2,300000,0.00033700000000000001,0.0001,0.054089068950460464,0.15216489674915751,2.1281078516998087e-17,0.26962115606177223,0.036775802907937298,0.48803983364713133,2.3865152923785728e-05,0.055945754271682621,0.090145609178885311,1.1036058936023346e-17,0.10166130427310863,0.30270169062848917,0.44953572897782074,9.9126700135602271e-06,nan,nan,nan,nan,nan,nan,nan,nan,nan,nan,nan,nan,nan,nan,0.23530338770254869,0.0026160941128901328,9.9254135133542807e-10,0.0023766886813287457,4.0641806209467329e-05,0.41715898225474596,0.00010422465969581169,6.2193152616504113e-07,2.9015994350720211e-10,3.1731916550242638e-12,2.7216272924750969e-10,7.3657365381584586e-11,1.0642427635077894e-07,0.34239925079495559,0,0,0,0,0,0,0,nan,nan,nan,nan,nan,nan,nan,nan,nan,nan,nan,nan,nan,nan,1.166811631948973e-09,-5.6285587500954027e-10,-3.2551093710215108e-10,5.4716040863243951e-08,1.5132431982825545e-11,-1.431031617662136e-07,3.8163439463614671e-10,1.8237166768061974e-11,9.3410932932798018e-14,-9.2607200791226474e-16,2.7050164689632772e-15,4.5446647079027406e-16,1.3106178624962666e-10,8.7562514780083607e-08,-2.2485628877952357e-07,2.1003753564174943e-07,-5.8564617064249916e-23,1.580828988493909e-07,8.3273522667737243e-07,-4.3792747278503796e-07,0,0.011075414632189438,0.033085909477335244,4.6173105829950316e-18,0.059287822458782842,0.0077795297782144541,0.10395084968679325,5.1368761420308701e-06,0,0,0,0,0,0,0
13,0,lumen,0.014210526315789474,0.00050000000000000001,0.013684210526315788,0.014736842105263159,0,0.001,1000079.1857101036,1.3104119872421107,12.779258814059309,3024.6331172125647,0.17492878525978819,1173,1173,4.0703348445031942e-05,0.2404180174631308,0.59999999999999998,2,500000,0.00035,0.0001,0.045290272506789506,0.20391793622585153,6.7804664239641945e-18,0.18524260006477181,0.074119873024025937,0.48952130147981854,2.2744262475473256e-05,0.03607655140083138,0.093035347513709288,2.7079609760571794e-18,0.05379043217562314,0.46983980190438507,0.34725059154070248,7.2754647486600755e-06,0.27044817671423682,0.0012014388159227443,5.9034443861277404e-10,0.0016933431740187238,1.9258136646508505e-05,0.4106252635592873,5.9619274610693864e-05,1.1893926047897391e-06,3.4403474483764889e-10,2.546752031614016e-12,1.7987942084126631e-10,4.3533606856652041e-11,6.2803536451995728e-08,0.31595164696879541,nan,nan,nan,nan,nan,nan,nan,nan,nan,nan,nan,nan,nan,nan,0,0,0,0,0,0,0,3.9074793960540412e-09,-2.6962003599118797e-11,6.4630097560925081e-10,-4.0208491610233709e-08,2.3959209182605745e-13,7.2027464073816383e-08,2.1744055512838734e-11,-2.5207225629736429e-12,-3.5842241850238218e-15,-1.1389796213667483e-16,-4.1246486475609556e-17,-2.1015075688332843e-16,3.1208652752233718e-13,-3.6365561978497191e-08,nan,nan,nan,nan,nan,nan,nan,nan,nan,nan,nan,nan,nan,nan,-9.7544232155553218e-08,1.6521317480755471e-08,5.1478342689202413e-22,8.3511226866308861e-09,2.9707800540401674e-07,-6.503841704086355e-08,0,0.010126174550590096,0.0471851260196679,1.5118334627740344e-18,0.042497106874559543,0.017066911780335019,0.11195119015830148,5.2155567349530286e-06,-6.7222742117021685e-05,9.461149613973641e-05,-7.5275066324844479e-21,3.3693794348422377e-05,3.3826366680389216e-05,-9.8809440458816117e-05,-5.451503223545294e-10
13,1,lumen,0.014210526315789474,0.0015,0.013684210526315788,0.014736842105263159,0.001,0.002,1000079.0471810279,1.3065432426426682,12.741532224090792,3038.0071497202694,0.17472582834981523,1173,1173,4.0682058741811634e-05,0.24037654200202777,0.59999999999999998,2,500000,0.00035,0.0001,0.046774389752315078,0.20238736974382684,6.9568982349648612e-18,0.18484172520193329,0.074167406418902848,0.49275248355986145,2.2823105874661121e-05,0.037148749877909656,0.09206444817350759,2.7702213588513384e-18,0.053515571769796363,0.46875317403952826,0.34851077700686889,7.2791323893824913e-06,0.27076690785409624,0.0012114188586639617,6.0931082449945873e-10,0.0017034618511806677,1.9215402615343413e-05,0.40954728779340771,6.0044962606975266e-05,1.1727535098232976e-06,3.408456830571986e-10,2.5707535061053762e-12,1.8461480532662056e-10,4.462666344024567e-11,6.2591830271958127e-08,0.31669042675012032,nan,nan,nan,nan,nan,nan,nan,nan,nan,nan,nan,nan,nan,nan,0,0,0,0,0,0,0,1.2490271971083736e-09,5.6876028683798023e-12,1.9543994571238858e-10,-1.4974083065962898e-08,-3.9818571617028509e-14,2.846583875082756e-08,1.0268507849239508e-11,1.1886100827543378e-11,1.0326388236783617e-14,1.8859077335827241e-17,8.9347684322295301e-18,-4.5120672662178471e-17,-3.3968397668813691e-12,-1.4960638700210348e-08,nan,nan,nan,nan,nan,nan,nan,nan,nan,nan,nan,nan,nan,nan,-1.00828372180152e-07,6.2532238831458642e-08,-6.6418351201081333e-23,9.6263948358369811e-09,3.1089787032312355e-07,-9.5285877355077986e-08,0,0.01042013154834473,0.046644575947468299,1.5775938637073671e-18,0.04224396468813589,0.017006288178205067,0.11223154873743474,5.2126840892160877e-06,-0.00014462407438778867,0.00020283546630738082,4.3922703096888343e-21,6.7665938507729088e-05,7.8649236074899536e-05,-0.00022256244323553114,-1.780994084929313e-09
13,2,lumen,0.014210526315789474,0.0025000000000000001,0.013684210526315788,0.014736842105263159,0.002,0.0030000000000000001,1000078.6546129116,1.2947953892769253,12.626971012960828,3075.3983908252808,0.17406302170704621,1173,1173,4.0638666735911516e-05,0.24023231296487829,0.59999999999999998,2,500000,0.00035,0.0001,0.05013226583430079,0.19959918603612881,6.9278687897567648e-18,0.18459149986722484,0.074435648748799835,0.50130818347206041,2.30681180510007e-05,0.039457624353535038,0.089979762095279345,2.7338583158276978e-18,0.052962610331123421,0.46621864041767336,0.35137407167703333,7.2911253555330236e-06,0.2714282718619121,0.0012343482755248394,6.505228951187419e-10,0.0017263225146846495,1.9135690242087515e-05,0.40720400969711457,6.1015855700765885e-05,1.1365651771974811e-06,3.3394212484635828e-10,2.6234013319636041e-12,1.949040184261193e-10,4.7013908685830699e-11,6.2163739500784255e-08,0.3183256961469445,nan,nan,nan,nan,nan,nan,nan,nan,nan,nan,nan,nan,nan,nan,0,0,0,0,0,0,0,-2.7162423418191146e-08,1.5498710399009209e-10,-3.9516077411644317e-09,4.1596266531291049e-07,-4.4975966852732474e-12,-9.2926213232993882e-07,2.9313657231129525e-11,1.369610043867181e-10,1.3392391641711554e-13,6.0598196585922422e-16,6.2756566537460958e-16,2.7208711817289537e-17,-3.1333649493779434e-11,5.4412793243352682e-07,nan,nan,nan,nan,nan,nan,nan,nan,nan,nan,nan,nan,nan,nan,-1.0491377191394063e-07,1.0259846057181221e-06,2.1770352967016546e-21,1.2041641308390526e-08,3.5223144098650572e-07,-5.3688119350248087e-07,0,0.011032308615561016,0.045437150793143935,1.5599956969612463e-18,0.041679287945012244,0.01684760227109329,0.11272041907931508,5.2022551705238305e-06,-0.00024002217084299364,0.00033127012268813194,-2.7053327844873988e-20,8.3007357910345336e-05,0.00014752269918670875,-0.00038900772816924568,-4.2352755319627797e-09
13,3,support,0.014210526315789474,0.0035000000000000001,0.013684210526315788,0.014736842105263159,0.0030000000000000001,0.0040000000000000001,1000645.1987539877,1.3120486362703094,12.787981975160074,3053.5568372327662,0.17444679957063419,1173,1173,4.0576174374943432e-05,0.2398103953646491,0.40000000000000002,2,300000,0.00033700000000000001,0.0001,0.054316649010583175,0.18962591156709002,7.4024172976843703e-18,0.17992980971115904,0.072744750417654186,0.50207873346824272,2.2866979278399258e-05,0.04329616209552041,0.086573821461736727,2.9583717412151031e-18,0.052283377567776686,0.46143777635341265,0.35640154280894182,7.3197126117278754e-06,nan,nan,nan,nan,nan,nan,nan,nan,nan,nan,nan,nan,nan,nan,0.27245255313484501,0.0012759538715073437,7.2040558601351998e-10,0.0017672149050528899,1.9042797312896236e-05,0.40333434521109712,6.2766046301755156e-05,1.0769410142520505e-06,3.2269585405938395e-10,2.7163505391128626e-12,2.1241696367894492e-10,5.1111064505218814e-11,6.1561075772074858e-08,0.32108698422244725,0,0,0,0,0,0,0,nan,nan,nan,nan,nan,nan,nan,nan,nan,nan,nan,nan,nan,nan,4.051279124427085e-09,5.4233647039501081e-11,7.6343439554865438e-10,-6.3311561472414574e-08,1.2555500259261998e-13,1.5793916313113984e-07,-3.7139569145007802e-11,-1.5607092441333181e-12,-2.2845394584769848e-14,1.1049248602295803e-16,2.6949561903546385e-16,-5.4908505447839542e-16,-1.3175377918200685e-11,-9.9444775719779249e-08,-1.2389090140764447e-07,-4.4150507860774013e-08,5.2627415207726727e-22,9.3534452497398996e-09,3.7674098085638263e-07,-6.9174955930062509e-08,0,0.012114207018186406,0.043923243458276917,1.6736175192747258e-18,0.041317008503147186,0.016738781007480122,0.11458496333883977,5.2377413450651286e-06,-1.1015573194276833e-05,-1.6473348638203549e-05,-2.288412239980404e-20,-0.00015365065245745213,0.00011326963372509011,-0.000160765849553087,-9.2953767859638774e-09
13,4,support,0.014210526315789474,0.0045000000000000005,0.013684210526315788,0.014736842105263159,0.0040000000000000001,0.0050000000000000001,1000447.2665653046,1.7340699086528344,16.904588257497778,2485.589733683435,0.123243094674514,1173,1173,4.229627703788918e-05,0.19363848306637221,0.40000000000000002,2,300000,0.00033700000000000001,0.0001,0.048584729630344117,0.15601623062209288,2.1723681851827477e-17,0.28272327498633565,0.035391462726620401,0.47878480018118069,2.3949346006932355e-05,0.051193969332594874,0.094158876835176611,1.147665157641166e-17,0.10859870832001012,0.2967649331468738,0.44927337835199593,1.0134013348774468e-05,nan,nan,nan,nan,nan,nan,nan,nan,nan,nan,nan,nan,nan,nan,0.23182849636759489,0.0026537546107732713,9.0369727944017241e-10,0.0023634231894103181,4.3059650493917888e-05,0.42229186251243384,0.00010467895034185797,6.3404794338739946e-07,2.9857840233479635e-10,2.9608941727714429e-12,2.4807016795926683e-10,6.7653487990991865e-11,1.1163839344555104e-07,0.3407139775116545,0,0,0,0,0,0,0,nan,nan,nan,nan,nan,nan,nan,nan,nan,nan,nan,nan,nan,nan,5.0505767014543507e-10,-1.1201961479873723e-09,-4.5882128516379635e-10,7.3969711590939819e-08,2.5390400177315031e-11,-2.0451994031146781e-07,9.2604916489352461e-10,1.0537503486972299e-10,2.1636972963383112e-13,-1.4911343709034519e-15,2.3752958642370379e-15,2.038420694909178e-15,1.7403771390813556e-10,1.3039311692833791e-07,-2.0498453545247236e-07,2.5816587190252704e-07,-2.2083782486481628e-22,1.5149240271971153e-07,7.6691969079500932e-07,-4.3080537420747689e-07,0,0.010024288657689685,0.033547719722667298,4.6793937875846888e-18,0.061249414951030791,0.0074824454293485601,0.10176984563623685,5.1281786400790924e-06,0,0,0,0,0,0,0
14,0,lumen,0.015263157894736843,0.00050000000000000001,0.014736842105263159,0.015789473684210527,0,0.001,1000066.1044388732,1.2891577224771977,12.572149706330624,3062.9191659427415,0.17566224175886974,1173,1173,4.0712615945601407e-05,0.24118860971887446,0.59999999999999998,2,500000,0.00035,0.0001,0.043265236130947633,0.21065763650245006,6.4378034173824121e-18,0.18776988192921101,0.076032568178457285,0.49255699064778952,2.3029851274518439e-05,0.033904944568847371,0.094552636304554835,2.5294402257409392e-18,0.053640643185577187,0.47415318933350936,0.34374133917977812,7.2474277331107614e-06,0.27043240328292539,0.0011730486266567925,5.5224306709287288e-10,0.0016684833089162584,1.9109435957476871e-05,0.41215217400966259,5.8476660654960711e-05,1.2266269199988504e-06,3.4961931857858121e-10,2.5032788188055351e-12,1.7060511867987805e-10,4.134810290692993e-11,6.2603497736406789e-08,0.3144950143285079,nan,nan,nan,nan,nan,nan,nan,nan,nan,nan,nan,nan,nan,nan,0,0,0,0,0,0,0,3.04228443215309e-09,-1.466751285765426e-10,6.3165753859253927e-09,-5.2257586559160994e-07,6.5520913889761945e-12,1.3273788520007379e-06,1.2809827589876738e-10,6.3343377851993177e-12,1.6419379619443937e-14,-5.9353557599781023e-16,-1.9695839117502844e-15,1.0925744554160921e-15,8.5194555055826023e-12,-8.1416469016613979e-07,nan,nan,nan,nan,nan,nan,nan,nan,nan,nan,nan,nan,nan,nan,-9.5553480759357629e-08,-1.2457022853795685e-06,1.9695151795289237e-21,7.5389180196544128e-09,2.7365033880566436e-07,4.2580988035556544e-07,0,0.0095097518036336669,0.048195989553217695,1.4884404439590008e-18,0.042611068051954137,0.017283877979278207,0.11124450980691999,5.2173622770356445e-06,-6.5099444985515945e-05,9.1923427784812504e-05,-2.2603746035325746e-20,2.8876045196067103e-05,3.566942236066541e-05,-0.00010023037093647192,-8.5757473782358833e-10
14,1,lumen,0.015263157894736843,0.0015,0.014736842105263159,0.015789473684210527,0.001,0.002,1000065.9880483552,1.3002618744980525,12.68044131538227,3041.1720713403452,0.17544691804781026,1173,1173,4.0693258853804783e-05,0.24112294970810055,0.59999999999999998,2,500000,0.00035,0.0001,0.044206093478160777,0.20677569671669904,6.85288925651355e-18,0.18535050275622927,0.075202218035840027,0.49017038417679254,2.285128597912114e-05,0.034940645398748402,0.09360967824574741,2.7157216094141413e-18,0.05340558006264548,0.47301453997522402,0.34502230314139326,7.2531762412831859e-06,0.27072198020414329,0.0011829365899568567,5.7040825062564939e-10,0.0016785081814016769,1.9078340524733559e-05,0.41112685221720202,5.889873070763326e-05,1.2097365015982405e-06,3.4650437349251683e-10,2.5248663494616111e-12,1.751098279703103e-10,4.2383331446261333e-11,6.2426674972583085e-08,0.31521047243593026,nan,nan,nan,nan,nan,nan,nan,nan,nan,nan,nan,nan,nan,nan,0,0,0,0,0,0,0,6.6014147958247586e-10,-6.8178076472776906e-11,6.1204288821466604e-10,-5.3712642594070387e-08,1.3721005668460018e-12,1.3999027903078068e-07,-1.4515561554945219e-12,-5.2961189036734857e-11,-5.5065400232876239e-14,-2.8703011726409413e-16,-9.4500520443568443e-16,3.813848071418266e-16,9.0376841371966766e-12,-8.7437584034395009e-08,nan,nan,nan,nan,nan,nan,nan,nan,nan,nan,nan,nan,nan,nan,-9.3390875208557156e-08,-5.5810173149595244e-08,-1.0269404642000383e-21,8.6413337760720421e-09,2.8663773782300339e-07,-4.7701265715183183e-08,0,0.0097859003456856938,0.047676762512978359,1.5318434689118539e-18,0.042385478632684721,0.017221341130087237,0.11151352184923893,5.2153651237162145e-06,-0.00013882949626496172,0.00019429695488539477,-4.4851337180178024e-23,5.6232309241846228e-05,8.1566508969364699e-05,-0.0002237205488005498,-2.3390055394974776e-09
14,2,lumen,0.015263157894736843,0.0025000000000000001,0.014736842105263159,0.015789473684210527,0.002,0.0030000000000000001,1000065.6593160954,1.3089840002112991,12.765505610140099,3030.4574934003281,0.17475058522001233,1173,1173,4.0654520721752624e-05,0.2409285694727174,0.59999999999999998,2,500000,0.00035,0.0001,0.046688397391974203,0.20103238434533613,6.8081518009604782e-18,0.18253899551641978,0.074288981175059735,0.4909215399544169,2.2748132160198166e-05,0.037150221207735278,0.091620136743314151,2.7160916310346397e-18,0.052948319010525012,0.47040496327471099,0.34786909089240775,7.2688713069140958e-06,0.27130765681446345,0.0012052336387350429,6.0947570616896828e-10,0.00170071397124609,1.902477615446242e-05,0.40893890436805208,5.9843148156231122e-05,1.1736407652173737e-06,3.398744680075942e-10,2.5720259274777201e-12,1.8480162251125841e-10,4.4622356238037545e-11,6.2079691161130033e-08,0.31676738638139484,nan,nan,nan,nan,nan,nan,nan,nan,nan,nan,nan,nan,nan,nan,0,0,0,0,0,0,0,-6.6370482179866046e-09,2.9016660453630189e-11,-3.7420682733557365e-09,3.4654734785981404e-07,-3.5511747080267664e-12,-8.7359073563855055e-07,7.2806356842504878e-11,7.842385118042583e-11,6.8534300060981922e-14,1.0061922129920322e-16,-1.9748901530087802e-17,-2.5331736182394228e-16,-2.0049221943510519e-11,5.3726578944080337e-07,nan,nan,nan,nan,nan,nan,nan,nan,nan,nan,nan,nan,nan,nan,-9.6755319196287909e-08,9.6346934319591071e-07,4.1985524359143591e-22,1.0563888107058432e-08,3.1534796096632789e-07,-4.5760842237729804e-07,0,0.010353922087770646,0.046531840602990086,1.5402491174792805e-18,0.041891197683215989,0.017058967051063412,0.11196255078257102,5.2064987254513411e-06,-0.00022723512138365565,0.00031239581136860065,-1.862613726296477e-20,6.333618809475771e-05,0.00014913554606852398,-0.0003826302917719122,-4.9172693098175653e-09
14,3,support,0.015263157894736843,0.0035000000000000001,0.014736842105263159,0.015789473684210527,0.0030000000000000001,0.0040000000000000001,1000538.6771830635,1.3049019282132233,12.719680087375885,3057.7901865682134,0.17512480211202264,1173,1173,4.0600167540026507e-05,0.24043988857988952,0.40000000000000002,2,300000,0.00033700000000000001,0.0001,0.051426758266256929,0.19470729526848601,7.2202386128907503e-18,0.18141144724795877,0.07379596462745279,0.49962014019699275,2.2933982482138138e-05,0.040773665341744147,0.088418939896229148,2.8701520504559332e-18,0.052432356408505118,0.46560568541691788,0.35276205098615798,7.3019504456140128e-06,nan,nan,nan,nan,nan,nan,nan,nan,nan,nan,nan,nan,nan,nan,0.27219166607927198,0.0012448803421609275,6.7470813837719233e-10,0.0017395624864435942,1.8973098236824545e-05,0.40538461306731793,6.1510146554873284e-05,1.1151073241696186e-06,3.2922266334009492e-10,2.654289534554328e-12,2.0104314065550188e-10,4.8406498243630719e-11,6.1608567874640977e-08,0.31935761680804747,0,0,0,0,0,0,0,nan,nan,nan,nan,nan,nan,nan,nan,nan,nan,nan,nan,nan,nan,2.6253939263899089e-09,-1.2013365396466962e-10,9.9578548321470599e-10,-8.4547914688313071e-08,2.3825531933648059e-12,2.2067581784417263e-07,1.4980122967167272e-12,-7.3824021765492298e-11,-4.9134854899118326e-14,-4.0242518763799011e-16,-7.9498941462149905e-16,8.7715167331919395e-16,3.1556508750817178e-11,-1.3959051248247224e-07,-1.1464995923601493e-07,-1.1403158656220214e-07,3.4931506455421672e-23,7.0498768964066835e-09,3.4667232678975424e-07,-3.6145263726528043e-08,0,0.011345440488969917,0.045169515911335008,1.623833280184541e-18,0.041671774106128615,0.016950909774642808,0.11375549462833622,5.2452682956426433e-06,-1.0055903381254608e-05,-1.7778178789010816e-05,-2.411516027358152e-20,-0.00016592323029786038,0.00011971386223934446,-0.0001683434114812873,-9.9456557362892403e-09
14,4,support,0.015263157894736843,0.0045000000000000005,0.014736842105263159,0.015789473684210527,0.0040000000000000001,0.0050000000000000001,1000369.3299501034,1.7534898363674829,17.09523525877546,2456.3132823972933,0.12183075614806754,1173,1173,4.2421271197722461e-05,0.19185634526604375,0.40000000000000002,2,300000,0.00033700000000000001,0.0001,0.045014760867956402,0.15826887476853629,2.2122143273216905e-17,0.29116854777535983,0.034514825920797701,0.47383669275238804,2.407918292248207e-05,0.047967208574159079,0.096595631856829692,1.1818965050440027e-17,0.11310402018168508,0.29267810963874902,0.44964472588632687,1.0303862250285843e-05,nan,nan,nan,nan,nan,nan,nan,nan,nan,nan,nan,nan,nan,nan,0.22962257275257858,0.0026860791325725008,8.444818597568919e-10,0.0023590807316323475,4.470851529995011e-05,0.42534833796618238,0.00010521780387512346,6.3925084808097091e-07,3.0336641550477483e-10,2.8159076989182115e-12,2.3205491628793264e-10,6.3626962880989275e-11,1.151078296441794e-07,0.33983324729286379,0,0,0,0,0,0,0,nan,nan,nan,nan,nan,nan,nan,nan,nan,nan,nan,nan,nan,nan,-7.5065106522719915e-09,-1.8902126574016306e-09,2.6557931813541456e-09,-3.5311859591672101e-07,4.5568608565346724e-11,7.2036205874307334e-07,1.3969634783398724e-09,1.6055653334623443e-11,1.8279831660045125e-13,-2.1001152720941022e-15,3.8450687676244497e-15,4.9504974378062148e-15,3.1102119637150038e-10,-3.6227233102313185e-07,-1.9512531890253371e-07,-6.8346191051116278e-07,-2.0533942309046976e-22,1.551965424737169e-07,7.353515598246263e-07,5.6052494867842029e-09,0,0.0090397876367931222,0.03386071316728867,4.7674271147165215e-18,0.063251112594283371,0.0071875987110708323,0.099634434523854995,5.1188734127044391e-06,0,0,0,0,0,0,0
15,0,lumen,0.016315789473684211,0.00050000000000000001,0.015789473684210527,0.016842105263157894,0,0.001,1000052.9688164339,1.2932708904965737,12.612427886835048,3041.3159584948717,0.17625075287556133,1173,1173,4.0734650993359622e-05,0.24179002164190688,0.59999999999999998,2,500000,0.00035,0.0001,0.040074826321668963,0.21404968745654018,6.6980602901952923e-18,0.18734804625530974,0.076424522151583268,0.48605205354436942,2.2890598444612417e-05,0.031505382849809194,0.096382943493223627,2.6401275827164686e-18,0.053691602243507726,0.478124392074738,0.3402884526548125,7.2266839091157104e-06,0.27019548677203797,0.0011458298447850647,5.1057430641796042e-10,0.0016433944463902647,1.9027232016029652e-05,0.41402361800702098,5.7358114708264658e-05,1.2672155971402293e-06,3.5607205322904203e-10,2.4566316857738485e-12,1.6042456866658052e-10,3.8985414910117038e-11,6.2594206574323084e-08,0.31291395470470768,nan,nan,nan,nan,nan,nan,nan,nan,nan,nan,nan,nan,nan,nan,0,0,0,0,0,0,0,-1.7341629178856967e-09,-1.6639705912852737e-11,-1.4143144881029355e-09,2.0146777318160181e-07,-1.7875613099113674e-12,-5.7380431182506471e-07,1.5991956798056018e-10,1.3062210774822391e-10,1.4021629606322559e-13,-6.9969607983599644e-17,-1.4844953901489847e-16,1.3959283716177061e-16,-1.4374753360012133e-11,3.7522713614003106e-07,nan,nan,nan,nan,nan,nan,nan,nan,nan,nan,nan,nan,nan,nan,-7.9661933109938243e-08,6.4772936847479201e-07,-2.013257802136978e-21,7.0365910440554119e-09,2.5105606842046324e-07,-2.8957710734855979e-07,0,0.0089508187959995728,0.049108574565661624,1.4889502343749374e-18,0.042722927056588554,0.017476165870990663,0.11061237633703541,5.2195425856706421e-06,-5.9686355330391891e-05,8.495185799764428e-05,7.1237406066860042e-21,2.4243852850628093e-05,3.4795563098242379e-05,-9.6512912622980415e-05,-1.035551115156854e-09
15,1,lumen,0.016315789473684211,0.0015,0.015789473684210527,0.016842105263157894,0.001,0.002,1000052.8746410555,1.3026491016296187,12.703888662509501,3023.5300667814295,0.17602746836071145,1173,1173,4.0717721387422803e-05,0.24171281118495691,0.59999999999999998,2,500000,0.00035,0.0001,0.040982323786492789,0.21059296551649564,6.5024284406276598e-18,0.18531840723895607,0.075699233652112924,0.484284993043403,2.2747559857287433e-05,0.032452463910398251,0.095514087362701297,2.5816028172282347e-18,0.053495067206191745,0.47702114888578129,0.34150999903122842,7.2336036988923663e-06,0.27044722510473029,0.0011550103603486061,5.2702022999721891e-10,0.0016527402305861754,1.9006667541194421e-05,0.41309948182648198,5.7750930965537571e-05,1.2510195830622294e-06,3.5318985407395871e-10,2.4748449300182128e-12,1.6447484926674362e-10,3.9911336683912287e-11,6.2454517724623366e-08,0.31356747031817039,nan,nan,nan,nan,nan,nan,nan,nan,nan,nan,nan,nan,nan,nan,0,0,0,0,0,0,0,3.439116789500143e-09,-2.9240279812199551e-11,1.6540304945885357e-09,-2.0319484513300075e-07,2.0618520996454337e-12,5.3757706017969545e-07,3.5623080090633401e-11,1.3324202852160738e-11,2.2318491171857753e-14,-1.1906628003654128e-16,-2.1195001507137911e-16,2.0288289048715487e-16,3.7320786384681127e-12,-3.3950088546018656e-07,nan,nan,nan,nan,nan,nan,nan,nan,nan,nan,nan,nan,nan,nan,-8.5899515984630415e-08,-4.6150977434100682e-07,-3.0937621253466129e-22,8.1590594046983821e-09,2.5915512157081988e-07,1.1079144757175641e-07,0,0.009208394343280633,0.048612387805410162,1.4624166208378591e-18,0.042529888555348339,0.017411200541822238,0.11086694235044314,5.2184510769644403e-06,-0.00012520332290090984,0.00017504967296929532,-6.9613644386796432e-21,4.3925669315984727e-05,7.9361873840755792e-05,-0.00021188657170592766,-2.716503263320903e-09
15,2,lumen,0.016315789473684211,0.0025000000000000001,0.015789473684210527,0.016842105263157894,0.002,0.0030000000000000001,1000052.6098292744,1.3034857893950327,12.712051699724199,3030.4433254755882,0.17531627187877377,1173,1173,4.0685286085153581e-05,0.24148637124939365,0.59999999999999998,2,500000,0.00035,0.0001,0.043464822262171278,0.20651567139117816,6.642368253508609e-18,0.18396672306284026,0.075250575954670482,0.48777160004416392,2.2790060789187845e-05,0.034440383202396348,0.093725022903531255,2.6388564487533025e-18,0.053139005535314816,0.47449861704850888,0.34418971953475469,7.2517754941680395e-06,0.27092937789213911,0.0011754585271893387,5.6178752608305003e-10,0.0016731078023392184,1.8980738748521606e-05,0.41118280290403891,5.8617741666535212e-05,1.2169793354853237e-06,3.4719198256589404e-10,2.5139471862189846e-12,1.7303604794973197e-10,4.1879544306695614e-11,6.2204438492285206e-08,0.31496037408371175,nan,nan,nan,nan,nan,nan,nan,nan,nan,nan,nan,nan,nan,nan,0,0,0,0,0,0,0,8.5902794296540784e-09,1.2233247575358113e-11,2.4085662646942549e-09,-2.5464863496648248e-07,1.7522597955954566e-12,6.2808301451531406e-07,1.0424682754565635e-11,1.5851263661034731e-11,1.225947477812323e-14,3.4578875323162458e-17,3.3477378067457609e-17,-9.402888353396736e-17,-5.4561563340057382e-12,-3.8446804295776704e-07,nan,nan,nan,nan,nan,nan,nan,nan,nan,nan,nan,nan,nan,nan,-9.3439314630301695e-08,-5.4720134157193456e-07,-9.8756439007516166e-23,1.0136915844908472e-08,2.7893463365458171e-07,1.5347786797015317e-07,0,0.0097331662318384856,0.047527572046679498,1.5037198931078499e-18,0.042113089593388262,0.017243659106119823,0.1112755601529291,5.2112147785434167e-06,-0.00020049797636849636,0.00027247622337184398,-1.5119912087282078e-20,3.9545872058851572e-05,0.00014458210737695789,-0.00035678284988010042,-5.5435252519583914e-09
15,3,support,0.016315789473684211,0.0035000000000000001,0.015789473684210527,0.016842105263157894,0.0030000000000000001,0.0040000000000000001,1000431.6760767997,1.3017242177454613,12.690062112495308,3050.6811357546781,0.17573047984969703,1173,1173,4.0643314465467138e-05,0.24093409152133302,0.40000000000000002,2,300000,0.00033700000000000001,0.0001,0.047572916223453859,0.20071751506047816,6.9682491464350916e-18,0.18317093760484288,0.074646606143342384,0.49506614618851852,2.2946593523560517e-05,0.037630322367896603,0.090936013323212439,2.7635325483968911e-18,0.052817618564599482,0.46987602601487538,0.34873273077579697,7.2889536191280481e-06,nan,nan,nan,nan,nan,nan,nan,nan,nan,nan,nan,nan,nan,nan,0.27159303413564556,0.0012113193249725274,6.1846169494767271e-10,0.0017080038069294283,1.8985130075484752e-05,0.40818634401496295,6.012249424178692e-05,1.1627719687967491e-06,3.3781441841950232e-10,2.5804024557806277e-12,1.8702488463990257e-10,4.5125463139170529e-11,6.1926412732974012e-08,0.31722096520373305,0,0,0,0,0,0,0,nan,nan,nan,nan,nan,nan,nan,nan,nan,nan,nan,nan,nan,nan,-3.1898959648996316e-09,4.7471550278814908e-11,-8.4959273526277092e-10,8.4469456769563182e-08,-7.1474922334890945e-13,-1.8405247360279813e-07,-8.8141435242907636e-11,-4.785660019310245e-11,-6.6645900263908157e-14,9.3749853895181785e-17,3.5669023300264032e-16,-4.884109913732398e-16,-2.7032008501358956e-12,1.0371451661373042e-07,-1.0146609850242294e-07,2.7906477456651757e-07,-1.4548942942966758e-22,7.3547315119360516e-09,3.1594597757478304e-07,-1.9414364832437414e-07,0,0.010655693164285935,0.046279947117992035,1.5659694668476321e-18,0.042034863636805711,0.017126847107937243,0.11302211656187482,5.2533295698531504e-06,-7.9315698360634511e-06,-2.0452791322250128e-05,-2.6216236291891857e-20,-0.00018719741793582649,0.00012853496507983899,-0.00017658510428488364,-1.0859472402837064e-08
15,4,support,0.016315789473684211,0.0045000000000000005,0.015789473684210527,0.016842105263157894,0.0040000000000000001,0.0050000000000000001,1000292.7955880006,1.7827704563892055,17.382029583559994,2415.711927244969,0.11791443448059122,1173,1173,4.2620875957779593e-05,0.18877684168229864,0.40000000000000002,2,300000,0.00033700000000000001,0.0001,0.039959518380954143,0.16168612836436466,2.295414038366299e-17,0.30676123231358393,0.033072422916757431,0.46643469765675177,2.426840409311296e-05,0.043294741048591552,0.10033677495468279,1.2469202675605326e-17,0.1211600539699615,0.28515170314438748,0.45004616783061452,1.055905176200946e-05,nan,nan,nan,nan,nan,nan,nan,nan,nan,nan,nan,nan,nan,nan,0.2259420397606936,0.0027509164169694168,7.5981086242447443e-10,0.002353704856655519,4.755890958450046e-05,0.43001512693476551,0.00010635890326280604,6.4430411884407927e-07,3.1004391878197167e-10,2.6068315697183615e-12,2.0905736759502871e-10,5.7883266199135754e-11,1.2085503860751091e-07,0.33878352771952952,0,0,0,0,0,0,0,nan,nan,nan,nan,nan,nan,nan,nan,nan,nan,nan,nan,nan,nan,7.3099875016202912e-09,-2.7135724255493945e-09,-9.7839066944456594e-09,1.3222162061228619e-06,2.6870874882817253e-11,-2.7967589313884419e-06,1.0826528536607664e-09,-7.1087570227036656e-10,-4.2763591527739345e-13,-2.4110449976648145e-15,7.8280938223357815e-15,8.1287107100154358e-15,6.5333617749820111e-10,1.4786786468179358e-06,-1.6453466798087638e-07,2.8271723666040138e-06,-9.9797737481389091e-23,1.4393622217230419e-07,6.6212930269204939e-07,-1.640231152566507e-06,0,0.0081492318966885618,0.034110522345966385,4.8558114286671746e-18,0.065075985862575389,0.0068933569474060007,0.097658797882193629,5.1087117818168923e-06,0,0,0,0,0,0,0
16,0,lumen,0.017368421052631578,0.00050000000000000001,0.016842105263157894,0.017894736842105262,0,0.001,1000039.7862445543,1.2903636822672895,12.584241664123438,3039.8717616091753,0.17679836121780654,1173,1173,4.074063075293936e-05,0.2423470904083061,0.59999999999999998,2,500000,0.00035,0.0001,0.038187090694698896,0.21691510607837688,6.3136735350275169e-18,0.18731391522301569,0.077090408546810665,0.48359173421203205,2.2880245240440132e-05,0.029954221638838759,0.097454913084229405,2.483054989473304e-18,0.053561852716934255,0.48121246584279381,0.33780933944472724,7.2072724765984653e-06,0.27019620122104943,0.0011265637047705027,4.8387372637406751e-10,0.001626174454999978,1.8915105527648937e-05,0.41506296366359491,5.6575126246791802e-05,1.2948573780078561e-06,3.6002769340159074e-10,2.4292280368095637e-12,1.5398245763095247e-10,3.7488392992271859e-11,6.2425468853622845e-08,0.3119112484031627,nan,nan,nan,nan,nan,nan,nan,nan,nan,nan,nan,nan,nan,nan,0,0,0,0,0,0,0,2.1066672471115832e-08,7.3219419788360097e-11,2.7793385561637735e-09,-1.5971109858276243e-07,-8.5637736051830116e-13,2.3355847952963998e-07,6.1601928769628281e-11,9.3737020966447315e-11,6.1441738750968487e-14,3.1044638133350231e-16,3.6717795203586161e-16,-6.292506059127669e-16,-3.2734518040205408e-11,-9.788842084144716e-08,nan,nan,nan,nan,nan,nan,nan,nan,nan,nan,nan,nan,nan,nan,-7.8641370641202579e-08,-1.6414790809937685e-07,-3.1089223711814447e-22,6.3912529937099188e-09,2.2343704191019054e-07,7.7450320101757342e-08,0,0.008431211739555064,0.049962942815488742,1.4201292178593972e-18,0.042835046102097013,0.017643102427117668,0.11004442816046878,5.2227180240134756e-06,-5.7446899831619419e-05,8.0641702285720818e-05,2.6673209290338246e-21,1.7057847376589896e-05,3.8634281610448614e-05,-0.00010068903612850619,-1.5077318250150926e-09
16,1,lumen,0.017368421052631578,0.0015,0.016842105263157894,0.017894736842105262,0.001,0.002,1000039.7149423672,1.297550605383212,12.654332866146751,3027.1972469542466,0.17654252167665299,1173,1173,4.0726715532304641e-05,0.24222453326605153,0.59999999999999998,2,500000,0.00035,0.0001,0.039128895671988025,0.21389057525324714,6.2234351432075687e-18,0.18579670821718042,0.07646921049335878,0.48272233320675695,2.2785237868912877e-05,0.030863932588547367,0.096631293687475917,2.4611981959192525e-18,0.053423922179884668,0.47999347400516079,0.33908016021766901,7.2173212622667279e-06,0.27040117497774874,0.0011359708104495495,4.9958123883469245e-10,0.001635601200479436,1.8911843621656469e-05,0.4142060914471094,5.6975251579196443e-05,1.2784579704327512e-06,3.5725629340072027e-10,2.4453352524413063e-12,1.578170956344287e-10,3.8363773505164103e-11,6.2335717136756013e-08,0.31254393261986052,nan,nan,nan,nan,nan,nan,nan,nan,nan,nan,nan,nan,nan,nan,0,0,0,0,0,0,0,-1.8303509422635211e-08,3.9298931074508506e-11,-2.5140736818880373e-09,1.6336129597562572e-07,-7.3143466110259237e-13,-2.8172702560332746e-07,1.1370446549686895e-11,3.55860141701414e-11,2.4388739947479746e-14,1.5746439623079577e-16,1.7990392683684655e-16,-1.8641022873225138e-16,-1.1103962914244414e-11,1.3910886847980351e-07,nan,nan,nan,nan,nan,nan,nan,nan,nan,nan,nan,nan,nan,nan,-7.6365160285151584e-08,3.5333734432763109e-07,7.0712240787186279e-22,7.2451400745968827e-09,2.5303769894680084e-07,-2.494889178583648e-07,0,0.0086710173314546862,0.049493492022632285,1.4195991119747031e-18,0.042669838057371935,0.017575159414890275,0.11028575565204538,5.2224366217273912e-06,-0.00012039281874729531,0.00016497092921473601,-1.394122566689141e-20,2.8383401905827035e-05,8.6868102509806059e-05,-0.0002180742926235491,-3.5941696838803357e-09
16,2,lumen,0.017368421052631578,0.0025000000000000001,0.016842105263157894,0.017894736842105262,0.002,0.0030000000000000001,1000039.515409647,1.2968237079150835,12.647246338505372,3037.8482929849879,0.17575705334782785,1173,1173,4.070061627844377e-05,0.24190523955091728,0.59999999999999998,2,500000,0.00035,0.0001,0.041571461565537496,0.21027890776084529,6.516338201541132e-18,0.18510161866710562,0.076073866902256093,0.48691739512433541,2.2873772996307327e-05,0.032772206885935358,0.094946417216824688,2.5755901762580084e-18,0.053194250470107694,0.47724451122792833,0.3418353728915251,7.2413076789824995e-06,0.27078234525975803,0.0011567372447212271,5.3274440386328348e-10,0.0016559647042495575,1.892171680318861e-05,0.41244224646210897,5.7850431452716622e-05,1.2442280097253625e-06,3.5152171297017537e-10,2.4801507919283414e-12,1.6591601088755871e-10,4.0223619998965824e-11,6.2189562742410166e-08,0.31388462667044803,nan,nan,nan,nan,nan,nan,nan,nan,nan,nan,nan,nan,nan,nan,0,0,0,0,0,0,0,-4.1010419670668329e-09,-4.4242988605074643e-11,-6.4829351054240152e-10,4.9287440360389786e-08,-7.6183742474256189e-14,-1.0012162583597842e-07,2.7522519806660523e-11,-8.7481324267946192e-12,-3.6635242081886508e-15,-1.5317880667101179e-16,-2.4883646715056042e-16,9.1184646817920476e-17,3.8307409531663351e-12,5.5605238968759063e-08,nan,nan,nan,nan,nan,nan,nan,nan,nan,nan,nan,nan,nan,nan,-8.4678129283217302e-08,1.7696572146563838e-07,-1.4485621605541046e-22,8.4873246769196933e-09,2.6649722213722971e-07,-1.4309697038417113e-07,0,0.0091585653274615063,0.048468134016829777,1.4632166965576696e-18,0.042312108073073382,0.017401830406628759,0.11066317035426232,5.2165271270395393e-06,-0.00019571293663463757,0.00026208852777370148,-9.5786006218432906e-21,1.6982197789750562e-05,0.00015482185222007728,-0.00036467477656059171,-6.6005722904485488e-09
16,3,support,0.017368421052631578,0.0035000000000000001,0.016842105263157894,0.017894736842105262,0.0030000000000000001,0.0040000000000000001,1000324.2860606097,1.2971608663685463,12.646933136262387,3053.1486880527937,0.17611190730547466,1173,1173,4.0666686901662611e-05,0.24123157574281962,0.40000000000000002,2,300000,0.00033700000000000001,0.0001,0.045516947253817143,0.20434442380128953,6.7159372235124379e-18,0.18462648483629432,0.075289785918064275,0.49354003796881529,2.3013895591988206e-05,0.035881679765991853,0.092264557821598467,2.6544161826707126e-18,0.053056393212928626,0.47231393271293071,0.34647615099972279,7.2854868274542804e-06,nan,nan,nan,nan,nan,nan,nan,nan,nan,nan,nan,nan,nan,nan,0.27131869471839565,0.0011930366434181779,5.8757252813730338e-10,0.0016907678621684396,1.8969874348767834e-05,0.409619269880033,5.9365271869393824e-05,1.189241103245592e-06,3.4236616146273283e-10,2.5407858856862908e-12,1.7934758289083125e-10,4.3336703952806696e-11,6.2033153550969081e-08,0.31609864332033255,0,0,0,0,0,0,0,nan,nan,nan,nan,nan,nan,nan,nan,nan,nan,nan,nan,nan,nan,1.1186950068079479e-08,-8.6133844099274159e-11,2.0698626597736995e-09,-2.0055885751258755e-07,2.0553201610269689e-12,4.6657375641061954e-07,-1.2877785594828906e-13,-5.5946016699545686e-11,-3.4227053250000159e-14,-2.6599030026210471e-16,-4.9166063294580114e-16,6.8723038704451985e-16,2.1516535256510896e-11,-2.7915304051672633e-07,-9.8262157043060849e-08,-3.7394017909919697e-07,7.564341479963359e-22,3.5911255595081947e-09,2.8655711242775439e-07,1.0078218221076796e-07,0,0.010000168168260994,0.047361283976785865,1.513282155416591e-18,0.042336614680231741,0.017292305729856221,0.11234418448322285,5.2610224267104243e-06,-6.9913344864207596e-06,-2.1399567771727379e-05,-2.7372768182297936e-20,-0.00019658281190218548,0.00013321254968308533,-0.00018190757485375561,-1.1345869258584027e-08
16,4,support,0.017368421052631578,0.0045000000000000005,0.016842105263157894,0.017894736842105262,0.0040000000000000001,0.0050000000000000001,1000217.5857457623,1.8242729578478754,17.788016825634145,2359.7218992228204,0.11688148631162015,1173,1173,4.2711940282329135e-05,0.18741600006906228,0.40000000000000002,2,300000,0.00033700000000000001,0.0001,0.036856607059152315,0.16075966574593065,2.2958981849108934e-17,0.30847949570193395,0.031946961467799989,0.45621400202195062,2.4016735373934623e-05,0.040865545502960017,0.10209195427247182,1.2763133803093275e-17,0.12468446135811169,0.28188149212158331,0.45046585312552578,1.0693619347393037e-05,nan,nan,nan,nan,nan,nan,nan,nan,nan,nan,nan,nan,nan,nan,0.22429899399389927,0.0027812707054651335,7.1605427203932169e-10,0.0023522087341037667,4.8920615307704683e-05,0.43213303108757145,0.00010691008252861005,6.4642949092762263e-07,3.1314919171859517e-10,2.4958776673919562e-12,1.9723898883068671e-10,5.4859547428720333e-11,1.2359665726615217e-07,0.33827789347112558,0,0,0,0,0,0,0,nan,nan,nan,nan,nan,nan,nan,nan,nan,nan,nan,nan,nan,nan,-3.8691107544566619e-10,-1.6184760271244794e-09,-6.5264090953093744e-09,9.2869212112141201e-07,8.4847287615957834e-12,-2.0768302927255764e-06,1.6688203910644962e-09,2.778479462565292e-10,3.3248155999576028e-13,-1.4302126403263103e-15,-9.1324065093541993e-16,4.5663272270143128e-15,7.6754849219596827e-11,1.1546377250420767e-06,-1.5821677362389333e-07,2.0867521843825898e-06,3.8972748132461709e-22,1.5445786885035079e-07,6.4786565002333818e-07,-1.2477509064856562e-06,0,0.0073080666565484296,0.03418160090807263,4.9903694020108841e-18,0.067038395596132297,0.0066068204353717866,0.095672760203154433,5.0980959585588396e-06,0,0,0,0,0,0,0
17,0,lumen,0.018421052631578949,0.00050000000000000001,0.017894736842105262,0.018947368421052629,0,0.001,1000026.5598417171,1.289226454757088,12.57331717254136,3031.610732676505,0.17728569405915873,1173,1173,4.076663748559534e-05,0.24280788735738668,0.59999999999999998,2,500000,0.00035,0.0001,0.035302336064252336,0.22112308839957559,6.0985992801958853e-18,0.18789613077639314,0.077704208912876507,0.47964523931601255,2.2858433731761421e-05,0.027667360734743504,0.099259219015343278,2.3963879948164041e-18,0.053681693465993351,0.48462284935665262,0.33476168327614381,7.1941511233280232e-06,0.26988477172641445,0.0011033709664439698,4.4484165394382676e-10,0.0016039602649902769,1.8868476489399714e-05,0.41687636370534309,5.5606033175659135e-05,1.3339899212969647e-06,3.6626657064090392e-10,2.3882591507566805e-12,1.4447309068520437e-10,3.5314091143860236e-11,6.2491430527594997e-08,0.31045566135250763,nan,nan,nan,nan,nan,nan,nan,nan,nan,nan,nan,nan,nan,nan,0,0,0,0,0,0,0,6.605466415092223e-09,-7.6827201164226527e-11,-7.3843174518338276e-10,1.5337948619611502e-07,-3.816044160352694e-13,-5.4300508531366504e-07,4.3407474179283659e-10,3.4656701662118261e-10,3.8021828176699049e-13,-4.902617374734488e-16,4.0480237809359471e-17,-4.4649601859478983e-17,-2.0362089255924129e-11,3.8307511393544733e-07,nan,nan,nan,nan,nan,nan,nan,nan,nan,nan,nan,nan,nan,nan,-6.7710692568459518e-08,6.0478020486032236e-07,-1.4853908384496319e-22,6.347801683757094e-09,2.0817533252781573e-07,-2.2816634948075176e-07,0,0.0079617128957487487,0.050724917210085617,1.3908008863141032e-18,0.042949556287930554,0.017794763485103556,0.10952639220427773,5.2256885114879962e-06,-5.1521767494111095e-05,7.2948217375649294e-05,-4.0966482373889069e-21,1.5437560137173557e-05,3.4654521443869641e-05,-9.0784441383314382e-05,-1.4112999990670609e-09
17,1,lumen,0.018421052631578949,0.0015,0.017894736842105262,0.018947368421052629,0.001,0.002,1000026.5113973668,1.2906130042897752,12.586840253056115,3032.1006097141508,0.17704431086291561,1173,1173,4.0754050990018912e-05,0.24270024311906707,0.59999999999999998,2,500000,0.00035,0.0001,0.036302296207622993,0.21922901320938951,6.17716073396856e-18,0.18725876050997284,0.077446556992412263,0.48076447734265088,2.2863650786570112e-05,0.028481655749203732,0.098514836419197241,2.4298685972846153e-18,0.053557138415422333,0.48353543701026752,0.33590372887349224,7.2035324168265038e-06,0.27006831688269595,0.001111627270302647,4.5876009628230462e-10,0.0016123376302573374,1.8867016580264618e-05,0.41611560210074761,5.5959238721306317e-05,1.3189002730549197e-06,3.6376629611204964e-10,2.4016340665122885e-12,1.4785433508814978e-10,3.6080973037677895e-11,6.2416581252995372e-08,0.31101590753497821,nan,nan,nan,nan,nan,nan,nan,nan,nan,nan,nan,nan,nan,nan,0,0,0,0,0,0,0,-2.9272477746399514e-09,2.1661893032320183e-11,3.5426309165005894e-10,-7.0043984368915866e-08,4.8868764937481934e-13,2.1994057592994616e-07,4.430457850810219e-12,2.6125315886332823e-11,3.6258077956944294e-14,9.2985368787691186e-17,1.0296115554027808e-15,-5.8803691409175422e-16,2.8588271550946638e-12,-1.4737920917005455e-07,nan,nan,nan,nan,nan,nan,nan,nan,nan,nan,nan,nan,nan,nan,-7.143988770648077e-08,-1.562260425469475e-07,-2.6938607455132526e-22,7.3415815380055522e-09,2.2206172950456349e-07,-8.38653579915416e-09,0,0.0081844783442527411,0.050277944549605103,1.3980516582046861e-18,0.042815386289023205,0.017724540881027571,0.10975232630169256,5.2261064570102972e-06,-0.0001067596027663872,0.00014712275494167061,-6.1634979750749913e-21,2.520182073530336e-05,7.7665876830171752e-05,-0.00019518693014236384,-3.3206851830915545e-09
17,2,lumen,0.018421052631578949,0.0025000000000000001,0.017894736842105262,0.018947368421052629,0.002,0.0030000000000000001,1000026.3769713526,1.2923413710303919,12.603698027286542,3036.0159132301869,0.17629905154403344,1173,1173,4.0730920798091317e-05,0.24241635555155561,0.59999999999999998,2,500000,0.00035,0.0001,0.038403370572021395,0.21559860498658659,6.296935456264444e-18,0.18629768933843183,0.076952095490008823,0.48363765002024045,2.2903119158731453e-05,0.03017044729288413,0.097013199298649488,2.4803010496928199e-18,0.053353628112495957,0.48109175303719737,0.33836374662678897,7.225631983970269e-06,0.27039969004746545,0.001129693250844532,4.8779209128353919e-10,0.0016302623118131456,1.8881310509471814e-05,0.41457602213402034,5.6724798715909873e-05,1.2876797852952759e-06,3.586613651838393e-10,2.4300751818304073e-12,1.5490559239143647e-10,3.7689229768539558e-11,6.2306059079915088e-08,0.31218737511930844,nan,nan,nan,nan,nan,nan,nan,nan,nan,nan,nan,nan,nan,nan,0,0,0,0,0,0,0,1.7215285034198749e-09,4.7249376756312366e-11,-2.8825901769956954e-10,5.2160342720783912e-08,-1.5687285455021072e-12,-1.5533380269680194e-07,-8.5613202049285543e-11,-4.5536325144618361e-11,-5.4062665549619226e-14,2.7155724116982286e-16,7.7589057087649149e-16,-4.5498647577886107e-16,-1.0240949699233563e-12,1.0182673695892586e-07,nan,nan,nan,nan,nan,nan,nan,nan,nan,nan,nan,nan,nan,nan,-7.635823675395878e-08,2.2287279172195085e-07,-7.9138608570797405e-23,9.1556894028598178e-09,2.3828233634837215e-07,-1.3796710696123426e-07,0,0.0086327743672704859,0.049305659965765553,1.4267543642196207e-18,0.042532244790163896,0.017546154427172153,0.11009289372983469,5.2216395721972292e-06,-0.00016725548226448911,0.00022267690245173709,-1.0582969869479758e-20,1.0390396833617713e-05,0.00013834739452507592,-0.00032264387595200159,-6.2602196969252299e-09
17,3,support,0.018421052631578949,0.0035000000000000001,0.017894736842105262,0.018947368421052629,0.0030000000000000001,0.0040000000000000001,1000216.4936801199,1.2948447538195662,12.62571224127379,3043.922082921189,0.17678491032790977,1173,1173,4.070412783725882e-05,0.24179212515462889,0.40000000000000002,2,300000,0.00033700000000000001,0.0001,0.04170509704120251,0.21017430120072078,6.5059888805590725e-18,0.18567967107314809,0.076119029453735818,0.48862381592464665,2.2995355633709191e-05,0.032821576652535177,0.094737602551628178,2.5671211779131768e-18,0.053269515236063915,0.47671476288090903,0.34244927527603231,7.2674028314634887e-06,nan,nan,nan,nan,nan,nan,nan,nan,nan,nan,nan,nan,nan,nan,0.27080169442333801,0.0011607270389000087,5.3392878207256594e-10,0.0016601251424030381,1.8948672528543647e-05,0.41224553992443225,5.8022873255681953e-05,1.2387776703447966e-06,3.5083608180835316e-10,2.4769611125459108e-12,1.6611714391781301e-10,4.0271422859645462e-11,6.2248887863323433e-08,0.31405363980495388,0,0,0,0,0,0,0,nan,nan,nan,nan,nan,nan,nan,nan,nan,nan,nan,nan,nan,nan,6.1210353885646865e-10,2.296906979759754e-11,-1.0806268359771206e-09,1.5199001470472683e-07,-2.0326592514198494e-12,-4.3716546148072147e-07,5.983989867387339e-11,5.8942959020591434e-11,4.2894539507058261e-14,1.1547807878200863e-16,-1.9144913576978521e-16,-1.2750522266903795e-16,-2.0936817172697216e-11,2.8552514502723265e-07,-8.4574919858703551e-08,5.1587672550423846e-07,3.0049637206140819e-22,6.9082665957432693e-09,2.6355027903102179e-07,-2.4455472474871343e-07,0,0.0094208172664242418,0.048286902074728209,1.4895311185412863e-18,0.042711041822286411,0.017412219642940256,0.11175754904311767,5.2703790369599841e-06,-4.5900836493429964e-06,-2.3402045306430754e-05,-3.050257896218241e-20,-0.00022366368733212636,0.00014373320344034058,-0.00019206532804740781,-1.2473158017167789e-08
17,4,support,0.018421052631578949,0.0045000000000000005,0.017894736842105262,0.018947368421052629,0.0040000000000000001,0.0050000000000000001,1000143.7699725932,1.86203460397885,18.157560956217644,2314.6486382739217,0.11273250580197232,1173,1173,4.292830614840519e-05,0.18370647728356956,0.40000000000000002,2,300000,0.00033700000000000001,0.0001,0.031887983064778261,0.16271513725786932,2.4351249696774037e-17,0.32646720648610894,0.030189852698331746,0.44826211520943576,2.4223734937621386e-05,0.036091005190397506,0.10548054349371949,1.3818341794151227e-17,0.13469627126218764,0.2719117513041619,0.45180941888861431,1.100986091907683e-05,nan,nan,nan,nan,nan,nan,nan,nan,nan,nan,nan,nan,nan,nan,0.22013167893328289,0.002889811482465417,6.3189548411109177e-10,0.0023573761057538757,5.2514614277882255e-05,0.43642164469061573,0.0001090961346499171,6.4182419169216443e-07,3.1750693472842246e-10,2.278524898390447e-12,1.7431934511610563e-10,4.9118902388221369e-11,1.3030089632084254e-07,0.33803710473874699,0,0,0,0,0,0,0,nan,nan,nan,nan,nan,nan,nan,nan,nan,nan,nan,nan,nan,nan,-5.0444623792312066e-10,-6.4328891404165582e-10,-4.7913574426950773e-11,7.9785601703308482e-09,7.8833831823610367e-12,-1.6216366213392397e-08,4.1581925776154093e-10,-7.9447304420984799e-11,-3.8251088019499702e-14,-3.7890473657736509e-16,1.589375914923795e-16,2.2132526694569424e-15,9.3248995227193152e-11,8.9959865800412922e-09,-1.4729007056851415e-07,3.1752887708069721e-08,-4.6675293716428099e-24,1.3177981381706544e-07,5.7374458011655305e-07,-2.8704946619662053e-07,0,0.0065573270954710399,0.034297334951380376,5.0996173846475894e-18,0.068660555562765749,0.0063277180116098428,0.093905137696536051,5.0864251971591523e-06,0,0,0,0,0,0,0
18,0,lumen,0.019473684210526313,0.00050000000000000001,0.018947368421052629,0.019999999999999997,0,0.001,1000013.2978484412,1.2884771284913585,12.566175937103054,3028.4669098225022,0.1776289195637627,1173,1173,4.0768694921668149e-05,0.24315660304901227,0.59999999999999998,2,500000,0.00035,0.0001,0.034179209748010808,0.22258322896855121,6.0580109872796646e-18,0.18764342477859752,0.078047438990891588,0.47781790354488285,2.2832941176253223e-05,0.026771923149326908,0.09985790845652652,2.3790871896699679e-18,0.053579047222350407,0.48648702867056581,0.33329691045477294,7.1820464576301064e-06,0.26991203502936639,0.0010923537870376758,4.2965975960980015e-10,0.0015940310844214166,1.8792471032229188e-05,0.41743260948829602,5.515622246823412e-05,1.3506426600448934e-06,3.6850701712196704e-10,2.3743514380339486e-12,1.4084651810110691e-10,3.4479523674786158e-11,6.2358803054874682e-08,0.309893607940045,nan,nan,nan,nan,nan,nan,nan,nan,nan,nan,nan,nan,nan,nan,0,0,0,0,0,0,0,-2.9459255714179629e-08,9.8104909942699835e-11,-7.4066140597355866e-10,-1.0279158564895288e-07,2.0197755685839869e-12,5.7569590512611402e-07,-2.0352787092673712e-10,-1.2019019763817584e-10,-1.4230480739972335e-13,3.4507686468449533e-16,1.453429014541487e-16,-1.1380006698331187e-16,-4.9134369228064963e-12,-4.4247575367593147e-07,nan,nan,nan,nan,nan,nan,nan,nan,nan,nan,nan,nan,nan,nan,-6.4803625255890895e-08,-5.1568583420147363e-07,-5.5630774421915574e-22,5.6574415546883074e-09,2.1713609410500823e-07,3.1577984227482148e-08,0,0.0075145865124964708,0.051464046920254719,1.3629100855334312e-18,0.043071328478017888,0.01791726407435652,0.1090700571676676,5.2304001883175774e-06,-5.0496028149692747e-05,6.8286506726378553e-05,6.9887704379174221e-22,4.4492961111312019e-06,4.3766130587635717e-05,-0.00010396021374995609,-2.2387081649241153e-09
18,1,lumen,0.019473684210526313,0.0015,0.018947368421052629,0.019999999999999997,0.001,0.002,1000013.2734076366,1.2904571222043835,12.585486598605373,3027.8532375870614,0.17731684194305686,1173,1173,4.0760828673780009e-05,0.24295823050825582,0.59999999999999998,2,500000,0.00035,0.0001,0.035142874679394462,0.22069273567945644,6.0342155404137802e-18,0.18723020630889747,0.077708345102141849,0.47895129889033011,2.2845074337435749e-05,0.027569044337965913,0.099161923145425088,2.3733839245257172e-18,0.05354321280544317,0.48511772613234511,0.33460089667326592,7.1969055548921435e-06,0.27002036821389686,0.0011017149186909984,4.4325436498118262e-10,0.0016031672901147273,1.8821383062390871e-05,0.416743773125685,5.555055152954825e-05,1.3346608332067165e-06,3.6608569343547713e-10,2.3858130247106754e-12,1.4410040596051638e-10,3.5219940130121714e-11,6.2366897798055479e-08,0.3104552064982431,nan,nan,nan,nan,nan,nan,nan,nan,nan,nan,nan,nan,nan,nan,0,0,0,0,0,0,0,-2.0950130240164811e-08,6.7511311081557018e-11,-6.7717545241694785e-10,-5.3134456321992293e-08,-1.8173006502419931e-13,3.5193983564073272e-07,-1.1471331573016829e-10,-6.9623493819184756e-11,-9.5001321666482181e-14,4.4766821234888932e-16,9.4186967494247835e-16,-8.1639279032885178e-16,-1.2591455612729307e-11,-2.770483805148782e-07,nan,nan,nan,nan,nan,nan,nan,nan,nan,nan,nan,nan,nan,nan,-6.7462207833501181e-08,-2.9027122622204971e-07,1.5228750656783686e-22,6.553264960958823e-09,2.2151982675966408e-07,-2.1567839625369345e-08,0,0.0077213228556048587,0.051041665623805098,1.3644568772212401e-18,0.042972935205770849,0.017839680878315556,0.10928777806633715,5.2318721619709598e-06,-0.00010518471896311978,0.00013688053567173245,-9.0782099022417873e-21,-1.8376395903235509e-06,9.9338680487628069e-05,-0.00022561248673118631,-5.2279141813410947e-09
18,2,lumen,0.019473684210526313,0.0025000000000000001,0.018947368421052629,0.019999999999999997,0.002,0.0030000000000000001,1000013.2066668642,1.2917827202318208,12.5984156459642,3033.4590530290716,0.17640271431468116,1173,1173,4.074872696639665e-05,0.24245864172465648,0.59999999999999998,2,500000,0.00035,0.0001,0.037224179062036594,0.21736158671559785,6.2165159894609754e-18,0.187089855727049,0.077129458280330049,0.48251800971274733,2.2931857911178426e-05,0.029231794546115741,0.097765498568703757,2.4475983594290819e-18,0.053558039619006098,0.48199849898990738,0.33743893660974644,7.2316665206312448e-06,0.27017557724583158,0.0011225056234327885,4.7177689240970099e-10,0.0016229200305710656,1.8906488261352815e-05,0.41536514577001388,5.6416604253587951e-05,1.3013540053322947e-06,3.611382025761697e-10,2.4104165484014688e-12,1.509208556384274e-10,3.6783412015503646e-11,6.2447290169838083e-08,0.311637163413305,nan,nan,nan,nan,nan,nan,nan,nan,nan,nan,nan,nan,nan,nan,0,0,0,0,0,0,0,5.4420602263940804e-09,-9.2922133799498197e-11,2.2228056684933112e-10,4.9302075765000355e-10,-1.4806759334254349e-12,-5.0763496864609028e-08,1.0092280186574492e-10,1.3772526305175226e-11,2.3079007258500754e-14,-1.3945803103651083e-16,5.0300506259047679e-16,-5.3767360196559452e-16,9.3673658535847216e-14,4.4585726305297142e-08,nan,nan,nan,nan,nan,nan,nan,nan,nan,nan,nan,nan,nan,nan,-7.3877260768975828e-08,1.1684462580818789e-07,1.1140516647199589e-22,7.5614427628995329e-09,2.2574767465088907e-07,-8.1702285048557144e-08,0,0.0081373380144152893,0.050123799733855445,1.3993838804803011e-18,0.042754050863386364,0.017650144996160921,0.10960734894128879,5.2290319619769454e-06,-0.00017024735295463088,0.00021491167643852558,-1.4997421282455146e-20,-3.8171678058543589e-05,0.00017585414750295755,-0.00037560736036703593,-9.3369097791141086e-09
18,3,support,0.019473684210526313,0.0035000000000000001,0.018947368421052629,0.019999999999999997,0.0030000000000000001,0.0040000000000000001,1000108.4456931278,1.2987443944015233,12.665104818894156,3032.2770132668984,0.17663566294619421,1173,1173,4.0738804975311603e-05,0.24147600511830419,0.40000000000000002,2,300000,0.00033700000000000001,0.0001,0.04044719665226805,0.21135802842636753,6.4946688227314972e-18,0.18717909612169353,0.075838167147946584,0.48673303763644438,2.3007657529899328e-05,0.031930934689983148,0.095568425003025897,2.5706500845021037e-18,0.053867228800634256,0.47643766676664617,0.34218845076238258,7.2939773279948525e-06,nan,nan,nan,nan,nan,nan,nan,nan,nan,nan,nan,nan,nan,nan,0.27031472050311994,0.0011588329879496304,5.1862859848614136e-10,0.0016562708886724369,1.9081856712276979e-05,0.41319486252137472,5.7908219077890325e-05,1.2479069891588638e-06,3.5323774654621113e-10,2.4533866611514375e-12,1.6214250403407513e-10,3.938563115063897e-11,6.2664058463835966e-08,0.3135970113761995,0,0,0,0,0,0,0,nan,nan,nan,nan,nan,nan,nan,nan,nan,nan,nan,nan,nan,nan,9.2418106831667225e-09,-9.4265384608897225e-11,6.0519451800119573e-10,-4.7122441345968088e-08,-1.2873442546343372e-13,5.7164066714779707e-08,4.6628742971494764e-11,-2.8347332294009764e-11,-1.2102770111063601e-14,-2.0534697414484226e-16,-5.5104104060628397e-16,6.2890667175239692e-16,1.1101852838259096e-11,-1.9823607477864076e-08,-8.3507504104393671e-08,2.4692209443788471e-08,2.189794746007223e-22,1.0634199225745737e-09,2.4511226834333932e-07,-3.683497212803033e-08,0,0.0088517161453235665,0.049234044224586465,1.4552142728187195e-18,0.042962258271696536,0.017556219679054085,0.1111722298059736,5.2770550331410315e-06,-3.7515941406196365e-06,-2.4376679400890166e-05,-3.049454604420467e-20,-0.00022516239215948281,0.00014437546357801899,-0.00019225411372212383,-1.2552528533259349e-08
18,4,support,0.019473684210526313,0.0045000000000000005,0.018947368421052629,0.019999999999999997,0.0040000000000000001,0.0050000000000000001,1000071.1734123412,1.8693127860053962,18.2298571113325,2302.6951764449732,0.11242648109674498,1173,1173,4.2964221058149634e-05,0.1834070552769097,0.40000000000000002,2,300000,0.00033700000000000001,0.0001,0.030447422507393487,0.16400992256876459,2.4204498227015922e-17,0.32745041059733782,0.030061366440487576,0.44585800252666685,2.4216680265973035e-05,0.034597778577457605,0.10674321503996023,1.3789753863679013e-17,0.1356398508540668,0.27183254701463028,0.45117555803526294,1.105047862226568e-05,nan,nan,nan,nan,nan,nan,nan,nan,nan,nan,nan,nan,nan,nan,0.21960364802094165,0.0028801895625548625,6.0436478747930523e-10,0.0023486780556995343,5.2961080175100239e-05,0.43771743578597239,0.00010871311398797254,6.4873937112594672e-07,3.20513888052243e-10,2.2077079188729493e-12,1.6697995908336544e-10,4.7100603934010281e-11,1.3138752353298831e-07,0.33728759311260276,0,0,0,0,0,0,0,nan,nan,nan,nan,nan,nan,nan,nan,nan,nan,nan,nan,nan,nan,-3.092259725074544e-09,-4.1683675260209041e-10,-9.9046099998106317e-10,1.3573875887650653e-07,1.9737044030382345e-12,-2.9919192216375408e-07,4.1621649603346729e-10,4.6207858286212433e-11,5.2990851685834726e-14,-2.4985325743123234e-16,-5.3013424265915527e-16,1.2474120193377259e-15,1.3548153382071191e-11,1.6747472154848224e-07,-1.3952746951784514e-07,2.8340511076807573e-07,-3.1565483937054569e-23,1.5624295876796799e-07,5.7909666430905338e-07,-4.3246834147137037e-07,0,0.005841923143252689,0.034135450756183142,5.3166025367678317e-18,0.070621246341546706,0.0060522117074134187,0.092037003282048183,5.0746800961689768e-06,0,0,0,0,0,0,0
19,0,lumen,0.020526315789473684,0.00050000000000000001,0.019999999999999997,0.021052631578947371,0,0.001,1000000,1.2846722298005719,12.529234378263787,3025.9603380785265,0.1780929811309373,1173,1173,4.0801515740548668e-05,0.24354796587719618,0.59999999999999998,2,500000,0.00035,0.0001,0.031113601138693821,0.22769679464495537,5.8242924210730286e-18,0.18886106880502951,0.078811878105683478,0.47486887921637366,2.2878663241589288e-05,0.024299046376519976,0.10185171393381096,2.2805776870794863e-18,0.053768197322993441,0.48980778401650027,0.33026608307773425,7.1752724409321789e-06,0.2695020464452707,0.0010698120013662204,3.8805620347223644e-10,0.0015717694496406726,1.8771927743275056e-05,0.4194076045102999,5.4201694058130567e-05,1.3928557258293154e-06,3.7529014682646802e-10,2.3323907982376788e-12,1.3072154691176346e-10,3.2190425432604035e-11,6.2502529388247424e-08,0.3083743376847754,nan,nan,nan,nan,nan,nan,nan,nan,nan,nan,nan,nan,nan,nan,0,0,0,0,0,0,0,6.2711106827884726e-09,8.8593244641864005e-11,-1.3048763805889209e-09,2.3431232019351721e-07,-4.878734894374348e-12,-7.6567244699479904e-07,3.0021716386273415e-10,3.1621639183000705e-10,3.0149644584318907e-13,6.8229538130262087e-16,1.5983030163998725e-15,-1.1302251367551543e-15,-6.0245947591313517e-11,5.2575368777998747e-07,nan,nan,nan,nan,nan,nan,nan,nan,nan,nan,nan,nan,nan,nan,-5.6535437375658179e-08,8.1691691777852071e-07,-8.6766157183609322e-23,6.344448525560787e-09,1.7661716467110011e-07,-2.9850455068869408e-07,0,0.0071185152529195019,0.052095001748455265,1.3325463115650248e-18,0.043209733035348724,0.018031456850837957,0.10864577664186303,5.2344346938716068e-06,-4.3853442752138461e-05,6.0816498163579393e-05,-2.6995439756053818e-21,3.9851233666508267e-06,3.6411217215779713e-05,-8.7444272319742899e-05,-1.9147531251356866e-09
19,1,lumen,0.020526315789473684,0.0015,0.019999999999999997,0.021052631578947371,0.001,0.002,1000000,1.2859260834791935,12.541463043483658,3026.4754842759958,0.17781795122994817,1173,1173,4.0794054028768136e-05,0.2433921090428583,0.59999999999999998,2,500000,0.00035,0.0001,0.03196720341197655,0.22609116125503093,5.8746779814584738e-18,0.18856450636361546,0.078552909271162222,0.47597659837072115,2.2896736636620862e-05,0.024990057981351906,0.10123220076180917,2.3025519343967944e-18,0.053736162781976932,0.48867480584444734,0.3313595846810693,7.1879493452955899e-06,0.26961013395180122,0.0010775212089608171,3.9971390745052156e-10,0.0015794348156228147,1.8792148389668838e-05,0.41880273640849375,5.4529107080148716e-05,1.3787710394057537e-06,3.7315634851709373e-10,2.3415410063026743e-12,1.33501845456991e-10,3.2817591226629808e-11,6.2497484363437038e-08,0.30885541014959228,nan,nan,nan,nan,nan,nan,nan,nan,nan,nan,nan,nan,nan,nan,0,0,0,0,0,0,0,4.1950100036513728e-10,1.3377500681519601e-10,-3.1188007393910197e-11,7.1330127398342795e-09,-2.9020233481905078e-12,-2.3776178631603959e-08,-8.3319325170932551e-11,1.0926520972731613e-11,-8.4686700914689525e-15,8.9432329241818615e-16,2.3650569350758833e-15,-1.4570392386704198e-15,-2.1820038159082721e-11,1.6218199644282529e-08,nan,nan,nan,nan,nan,nan,nan,nan,nan,nan,nan,nan,nan,nan,-5.9995973158716992e-08,7.7211333160409623e-08,-1.6564073178195887e-23,6.6058088277781593e-09,1.8654491848457688e-07,-7.3780788034660816e-08,0,0.0073096444389781799,0.051698172601197578,1.3433082238863377e-18,0.043117299864056012,0.01796196648857892,0.10883716196646713,5.2355847794905763e-06,-8.9738620352047835e-05,0.00012371718215285486,-8.2755733900914275e-21,8.1202403392373713e-06,7.2214486131300942e-05,-0.00017276668896108938,-3.6016335160294612e-09
19,2,lumen,0.020526315789473684,0.0025000000000000001,0.019999999999999997,0.021052631578947371,0.002,0.0030000000000000001,1000000,1.2890582963890587,12.572011092051984,3026.1293532789205,0.17706747565859005,1173,1173,4.0778240217363513e-05,0.24308897829881787,0.59999999999999998,2,500000,0.00035,0.0001,0.033695677124088191,0.222733155454924,6.0320711357746252e-18,0.18787759027758857,0.078000756122076131,0.47792031639214105,2.2916969376236819e-05,0.026405437047823912,0.09997157090135822,2.3700001633541216e-18,0.05367082071662254,0.48642181108888033,0.33352314842070446,7.2118246106198979e-06,0.26984250474637034,0.0010930415197340185,4.2369416011726168e-10,0.0015947991975124045,1.882542392125154e-05,0.41755759344332671,5.5186876705607955e-05,1.350812948355263e-06,3.6882641532750951e-10,2.3617633284361577e-12,1.3925096419640245e-10,3.4118431370583066e-11,6.2463610102227504e-08,0.309836634547624,nan,nan,nan,nan,nan,nan,nan,nan,nan,nan,nan,nan,nan,nan,0,0,0,0,0,0,0,-7.1882830360690771e-09,1.2499574331211325e-10,1.1209480405827519e-09,-2.1349156848821056e-07,-1.0363731357473926e-13,6.9061117738823501e-07,-2.6151160318523995e-10,-1.5320613939821814e-10,-1.7965729721384781e-13,8.3577305248908494e-16,1.9004501458326682e-15,-1.1673285098123137e-15,-2.5799109778576798e-13,-4.7076201220583934e-07,nan,nan,nan,nan,nan,nan,nan,nan,nan,nan,nan,nan,nan,nan,-6.5666593110184912e-08,-6.3211220091563547e-07,-3.118575288741508e-22,6.2004143606061278e-09,2.0357879068622076e-07,1.427291819733334e-07,0,0.0076910483623518489,0.050838909222525624,1.3768220374246207e-18,0.042883116065772199,0.017803695869522702,0.10908545488450157,5.2308051012624707e-06,-0.00013797085521772775,0.0001973343078743741,-6.7636048107430827e-21,1.701481087405963e-05,9.4445334704304062e-05,-0.00023313501262872682,-3.8060364212329441e-09
19,3,support,0.020526315789473684,0.0035000000000000001,0.019999999999999997,0.021052631578947371,0.0030000000000000001,0.0040000000000000001,1000000,1.2899846738034211,12.581045925590089,3034.2460227814199,0.17789331316227555,1173,1173,4.074818755310614e-05,0.24276661803927302,0.40000000000000002,2,300000,0.00033700000000000001,0.0001,0.03645028656991605,0.21809403929074678,6.1682065156256289e-18,0.18726291758911065,0.077470621800870484,0.48177065125368279,2.2980778825243484e-05,0.028584599472482299,0.097959697408580321,2.4252293721985767e-18,0.053533671893217144,0.48346302121070056,0.33645177291279654,7.2371022229340812e-06,nan,nan,nan,nan,nan,nan,nan,nan,nan,nan,nan,nan,nan,nan,0.27033579791188345,0.0011148104668716157,4.6090271938482635e-10,0.0016166670901756749,1.8814312769671812e-05,0.41550501874319939,5.6114530838755912e-05,1.3105132344372824e-06,3.6206535463438065e-10,2.3973325219245078e-12,1.4828026969732651e-10,3.6164813801251125e-11,6.2235759297259015e-08,0.31135140318545723,0,0,0,0,0,0,0,nan,nan,nan,nan,nan,nan,nan,nan,nan,nan,nan,nan,nan,nan,4.9728995577972893e-10,1.0974632912334201e-11,-4.4075826935564614e-11,9.631694887099063e-09,-9.7835297805867749e-13,-3.218877041646917e-08,4.3005495218012116e-11,3.013909933256842e-11,8.1323717872503367e-15,1.9036892702819548e-16,-4.5134730473904187e-16,2.2737962831745063e-16,-2.1519601818011848e-11,2.2042232095028369e-08,-7.1534510942376783e-08,1.0408958139862534e-07,-1.6048235701279738e-23,-3.2987343137828225e-10,2.1414783835105311e-07,-8.0881751352013254e-08,0,0.0083645989152136089,0.050048143269512194,1.4154778572303137e-18,0.042973028327804939,0.017777930986455272,0.11055655925032663,5.2736210252746506e-06,-0,-0,-0,-0,0,-0,-0
19,4,support,0.020526315789473684,0.0045000000000000005,0.019999999999999997,0.021052631578947371,0.0040000000000000001,0.0050000000000000001,999999.99999999977,1.9366936954306533,18.88831148216175,2231.8675135934627,0.10754737554546014,1173,1173,4.3229449801867169e-05,0.17803754019342533,0.40000000000000002,2,300000,0.00033700000000000001,0.0001,0.025035263635483328,0.16258923774177703,2.6885754973644614e-17,0.34936100849646201,0.027280823620997593,0.43427744039421612,2.4363963144218331e-05,0.02947540095898811,0.10964070568061171,1.5870570484882771e-17,0.14994295594545054,0.2555995506167254,0.45532986754603871,1.1519252185429406e-05,nan,nan,nan,nan,nan,nan,nan,nan,nan,nan,nan,nan,nan,nan,0.21380553415995529,0.003103918053740664,5.1694529378581972e-10,0.0023797915657234924,5.8620968363206582e-05,0.44187613100483708,0.00011360170526150412,6.2331353985039716e-07,3.2049896660462546e-10,1.9674878609958776e-12,1.4301839457076554e-10,4.1187675198000508e-11,1.4101290369042739e-07,0.33866163719205744,0,0,0,0,0,0,0,nan,nan,nan,nan,nan,nan,nan,nan,nan,nan,nan,nan,nan,nan,4.4800815623272787e-10,-5.3367816078648047e-11,2.0294826886743005e-10,2.3233640101346618e-08,1.1904535517082149e-12,-6.2768133894056805e-08,1.9433353007814964e-11,-1.3778182587909082e-11,-8.5440665687764316e-15,-1.219393235839922e-16,3.0642147463860595e-16,-3.2043888286947399e-16,1.3932598616463161e-11,3.8916135688244434e-08,-1.2404713770541517e-07,3.2203878508330064e-08,3.2763586270557401e-22,1.5440710860217066e-07,5.2569396097323917e-07,-3.0147990504048039e-07,0,0.0052145030374871476,0.033865114680301164,5.599935076237851e-18,0.072767120271198374,0.0056822224725933748,0.090454051733578428,5.0746803257420004e-06,0,0,0,0,0,0,0
