axial_index,radial_index,region,z,r,z_left,z_right,r_inner,r_outer,pressure,density,mean_molecular_weight,cp_mass,velocity_axial,gas_temperature,solid_temperature,viscosity,thermal_conductivity,porosity,tortuosity,specific_surface_area,particle_diameter,pore_radius,Y_CH4,Y_CO,Y_O2,Y_CO2,Y_H2,Y_H2O,Y_AR,X_CH4,X_CO,X_O2,X_CO2,X_H2,X_H2O,X_AR,theta_H(s),theta_O(s),theta_CH4(s),theta_H2O(s),theta_CO2(s),theta_CO(s),theta_OH(s),theta_C(s),theta_HCO(s),theta_CH(s),theta_CH3(s),theta_CH2(s),theta_COOH(s),theta_Ni(s),theta_support_H(s),theta_support_O(s),theta_support_CH4(s),theta_support_H2O(s),theta_support_CO2(s),theta_support_CO(s),theta_support_OH(s),theta_support_C(s),theta_support_HCO(s),theta_support_CH(s),theta_support_CH3(s),theta_support_CH2(s),theta_support_COOH(s),theta_support_Ni(s),wdot_CH4,wdot_CO,wdot_O2,wdot_CO2,wdot_H2,wdot_H2O,wdot_AR,sdot_H(s),sdot_O(s),sdot_CH4(s),sdot_H2O(s),sdot_CO2(s),sdot_CO(s),sdot_OH(s),sdot_C(s),sdot_HCO(s),sdot_CH(s),sdot_CH3(s),sdot_CH2(s),sdot_COOH(s),sdot_Ni(s),sdot_support_H(s),sdot_support_O(s),sdot_support_CH4(s),sdot_support_H2O(s),sdot_support_CO2(s),sdot_support_CO(s),sdot_support_OH(s),sdot_support_C(s),sdot_support_HCO(s),sdot_support_CH(s),sdot_support_CH3(s),sdot_support_CH2(s),sdot_support_COOH(s),sdot_support_Ni(s),sdot_gas_CH4,sdot_gas_CO,sdot_gas_O2,sdot_gas_CO2,sdot_gas_H2,sdot_gas_H2O,sdot_gas_AR,axial_flux_CH4,axial_flux_CO,axial_flux_O2,axial_flux_CO2,axial_flux_H2,axial_flux_H2O,axial_flux_AR,radial_flux_CH4,radial_flux_CO,radial_flux_O2,radial_flux_CO2,radial_flux_H2,radial_flux_H2O,radial_flux_AR
0,0,lumen,0.0005263157894736842,0.00050000000000000001,0,0.0010526315789473684,0,0.001,1000238.4539154599,1.5937483019896961,15.53990592580211,3045.2972177512261,0.14187377266598503,1173,1173,3.9664823347831088e-05,0.19196617975848945,0.59999999999999998,2,500000,0.00035,0.0001,0.17992356965658979,0.033085866518493261,9.8992505226321161e-17,0.081719099202524792,0.024574900102316756,0.68289064874851702,2.2838363211652331e-05,0.17428132807441926,0.018355989045734777,4.8075949077333098e-17,0.028855623030482981,0.18943037486408087,0.58906780123019298,8.8837550890707624e-06,0.25610847286338484,0.0075365167791079475,4.25319480253346e-09,0.004284215224800045,2.3788633152698548e-05,0.26066185530394864,0.00023749812849073836,8.3625232790679174e-08,6.4290173799163664e-11,1.4752783823178155e-11,1.2273746736776851e-09,3.8021641027500104e-10,4.9347089765430048e-08,0.47114751415542577,nan,nan,nan,nan,nan,nan,nan,nan,nan,nan,nan,nan,nan,nan,0,0,0,0,0,0,0,-4.565114753039566e-08,4.0728780990100595e-09,-1.0084225712414817e-09,1.6802140271013373e-07,-8.2593347308992926e-12,-1.1070832641666946e-07,-3.8267711320432199e-09,4.455902129479189e-11,1.1842859530735221e-13,1.7723368554639746e-15,-1.4023674725058246e-14,1.0949445919659154e-14,-1.7566991338511722e-11,-1.0918462582698407e-08,nan,nan,nan,nan,nan,nan,nan,nan,nan,nan,nan,nan,nan,nan,-1.7394518121369162e-06,8.4368967603887235e-07,1.3074041458870232e-20,1.0074600352624975e-06,6.2537641551535517e-06,-2.9161173956682163e-06,0,0.037410177876160293,0.010802956009893817,1.6219043910210095e-17,0.023377647487462152,0.006550673418243569,0.14949130342814221,5.1916258133807056e-06,-1.3488512739464794e-05,1.4291230048055008e-06,-1.0321212117838733e-19,-2.0099059501366923e-05,2.7748401147098618e-05,-5.0907165115530195e-05,-2.0516409377483575e-09
0,1,lumen,0.0005263157894736842,0.0015,0,0.0010526315789473684,0.001,0.002,1000238.0095888132,1.6380203871204257,15.971589739811037,2964.68318702324,0.14185347249874736,1173,1173,3.9671387597488576e-05,0.19165671184190167,0.59999999999999998,2,500000,0.00035,0.0001,0.17531188439112066,0.032161787708448429,9.8399880322792715e-17,0.08003898486804889,0.023750694825192011,0.6653835435837504,2.2263158830009146e-05,0.17453153986213063,0.018338981741457896,4.9115648445595036e-17,0.029047463689323108,0.18816287390050587,0.5899102402298827,8.9005766995033182e-06,0.25551834041053367,0.0076061066400745008,4.2637715738765917e-09,0.0042948472835146172,2.398583639010047e-05,0.26067532901614243,0.0002388879033308368,8.2961192488322851e-08,6.4082477369095978e-11,1.4842044066509106e-11,1.2317202242433304e-09,3.8232416967233095e-10,4.9589692924654587e-08,0.47164236440206225,nan,nan,nan,nan,nan,nan,nan,nan,nan,nan,nan,nan,nan,nan,0,0,0,0,0,0,0,-1.2143185448423438e-09,-7.9679031440029628e-11,-3.6054977148537614e-09,-8.7060428388637567e-09,2.8219893869613211e-12,5.850484785378026e-08,4.3734659020285049e-11,3.8084186954230603e-12,3.1896768681476738e-14,-3.8309266787571196e-17,7.1448379543696172e-16,-2.2858778224133807e-16,3.4596474520587342e-11,-4.4984303092376568e-08,nan,nan,nan,nan,nan,nan,nan,nan,nan,nan,nan,nan,nan,nan,-1.7493497974675754e-06,6.7752564471279531e-07,2.3632460683163949e-21,1.0168835433806018e-06,6.2763150710520854e-06,-2.7611304609376219e-06,0,0.037356219948677299,0.010839514429906072,1.6448937010090139e-17,0.023639204680841974,0.0065117352124203567,0.14946021943447985,5.1953741602907073e-06,-6.364024129727267e-05,9.0339055996682426e-06,-2.9593409214938612e-19,-7.099207359461967e-05,0.00011871783678122662,-0.0002263123663853837,-6.7734252391428744e-09
0,2,lumen,0.0005263157894736842,0.0025000000000000001,0,0.0010526315789473684,0.002,0.0030000000000000001,1000236.7232009687,1.6306560314938869,15.899803715219308,2985.5172687340528,0.14124296645747078,1173,1173.0000000000005,3.9695563679792897e-05,0.19035649265826546,0.59999999999999998,2,500000,0.00035,0.0001,0.17729514667277502,0.032117152938808395,1.048600268201472e-16,0.08228058185335306,0.023167913547800983,0.67256778318928545,2.2503608747434769e-05,0.17571264924005112,0.018231218408380309,5.2104939184104403e-17,0.029726762731312899,0.18272087197480447,0.59359954137606519,8.9562693859400519e-06,0.25300665766453118,0.0079194331218223422,4.3132383525337065e-09,0.0043424680687439154,2.4826060072594616e-05,0.26055264104830062,0.00024510594094400573,7.9992134687764484e-08,6.3079701639184398e-11,1.5250832710134657e-11,1.2519616786589658e-09,3.9199569240211003e-10,5.0581000127589302e-08,0.47390873148786411,nan,nan,nan,nan,nan,nan,nan,nan,nan,nan,nan,nan,nan,nan,0,0,0,0,0,0,0,-9.1596579927705845e-09,4.3186447668471221e-10,4.3086416137874008e-09,2.8823017791899045e-08,-5.2540186827945701e-12,-6.7032330175725158e-08,-4.4677570715517894e-10,2.1071969581558381e-11,1.0430930476880729e-13,1.3507783305476514e-15,-4.8365881728490835e-15,1.0565173604548797e-14,5.6276110651549672e-11,4.3003034711891735e-08,nan,nan,nan,nan,nan,nan,nan,nan,nan,nan,nan,nan,nan,nan,-1.8147581404212576e-06,8.1247573023579545e-07,3.0496607313462194e-20,1.0649338932823724e-06,6.5010724442371437e-06,-2.9042214416685752e-06,0,0.037559170860343105,0.010603892039644902,1.7399111053386797e-17,0.023838346870387314,0.0062928962837963884,0.14977955073615307,5.1990609594024485e-06,-0.00065013738897532554,0.00031181356589505963,-2.4450021014916477e-18,0.00060784420133834732,0.00055368672090829645,-0.0014190021921062514,-1.3808990394229565e-08
0,3,support,0.0005263157894736842,0.0035000000000000001,0,0.0010526315789473684,0.0030000000000000001,0.0040000000000000001,1001933.9977472866,1.6878916363041547,16.430003085632066,2932.0533088930765,0.13887784324416336,1173.0000000000007,1173,3.9573478436280443e-05,0.18596131321706971,0.40000000000000002,2,300000,0.00033700000000000001,0.0001,0.1834411344322445,0.024679691485094343,1.5007520461858382e-16,0.063933507954731156,0.019254733101885,0.67636541337467559,2.205636167835887e-05,0.18786625972409296,0.01447652292940191,7.7059068534289519e-17,0.023868475379388653,0.15692228386755577,0.61685738710856108,9.0709909995808021e-06,nan,nan,nan,nan,nan,nan,nan,nan,nan,nan,nan,nan,nan,nan,0.24642342243779156,0.010062164683201001,4.8507196873094603e-09,0.004746679097098562,2.5071998666163581e-05,0.24080753454416973,0.00028885202076696685,5.5394306982933293e-08,4.886815056681871e-11,1.8697815625220553e-11,1.4539200866165325e-09,4.7553583472214884e-10,4.7405616372584989e-08,0.49764616557295827,0,0,0,0,0,0,0,nan,nan,nan,nan,nan,nan,nan,nan,nan,nan,nan,nan,nan,nan,-5.5497886493090011e-09,-1.8609986121370744e-11,-1.8115764601862112e-09,-2.8531710354783417e-08,1.3622002831281677e-13,-3.5895023059581352e-10,1.3076836519535319e-11,3.6306754044174161e-13,2.8298590219977642e-15,2.009953390502138e-17,-4.55163889357088e-16,1.7811603450461561e-16,5.0900874237459489e-12,3.6251967004107592e-08,-2.3332161745125146e-06,9.4582616758098759e-07,5.0246023875934375e-21,1.3895549416533497e-06,8.3974033348865884e-06,-3.6960503124738864e-06,0,0.03966220021196061,0.0086445597036914693,2.3590390475993868e-17,0.019862746922889699,0.0058406857275245614,0.15297045487797165,5.1750549060767288e-06,-1.3246416014718872e-06,-1.619509768586348e-08,-1.6359828570093926e-20,-1.9520998489386694e-06,3.0006185453354343e-06,-5.6714342607814258e-06,-1.8099557720670462e-10
0,4,support,0.0005263157894736842,0.0045000000000000005,0,0.0010526315789473684,0.0040000000000000001,0.0050000000000000001,1001555.0189402067,1.6259631281765399,15.833177425993721,3050.3766535526233,0.13866393191274312,1173,1173,3.9603876609046454e-05,0.18449511086936024,0.40000000000000002,2,300000,0.00033700000000000001,0.0001,0.19146162042999496,0.025625118916109208,1.7050036889914973e-16,0.06864419925319061,0.019212411091776366,0.7065314267461732,2.3053804049625164e-05,0.18895753952106056,0.014485078699069797,8.4366603912045094e-17,0.024696216365766837,0.15088963968116317,0.62096238893769895,9.1367952405959394e-06,nan,nan,nan,nan,nan,nan,nan,nan,nan,nan,nan,nan,nan,nan,0.24279880701385861,0.010586385074997245,4.9013220369090401e-09,0.0048002423197462995,2.6381719048660478e-05,0.24136599573536538,0.00029794707552271207,5.3210437752970304e-08,4.8159585876054435e-11,1.9321078004400536e-11,1.4812822613194029e-09,4.8996472661148472e-10,4.8907824903319928e-08,0.50012413200360417,0,0,0,0,0,0,0,nan,nan,nan,nan,nan,nan,nan,nan,nan,nan,nan,nan,nan,nan,-5.2488408172701863e-09,3.9831427479486444e-10,2.3521151531022777e-10,9.6050782512077151e-09,-9.7580689188692116e-14,-4.6897490345895569e-09,-3.8181462890096373e-10,9.5722025141367628e-13,2.5997365442172975e-15,3.1110135896914617e-16,-1.7563391529488897e-15,2.2614924411751858e-15,-2.1474919728549439e-12,8.3084864006608451e-11,-2.4255625048763552e-06,9.4733813828240532e-07,1.1455932626103531e-20,1.482680188551328e-06,8.7614917655409741e-06,-3.9176258566087085e-06,0,0.039789093292035414,0.0083379505376453573,2.6690986241033641e-17,0.020603849065171539,0.0053472754339142304,0.15319850383427,5.1871379321972052e-06,0,0,0,0,0,0,0
1,0,lumen,0.0015789473684210526,0.00050000000000000001,0.0010526315789473684,0.0021052631578947368,0,0.001,1000227.776136708,1.5186568385538448,14.807881715783534,3022.3973402815541,0.15054949255377731,1173,1172.9999999999998,4.0001769355152813e-05,0.2081291645809133,0.59999999999999998,2,500000,0.00035,0.0001,0.14338489618341022,0.065378918764427932,3.5681262876984623e-17,0.12760767454667712,0.038236641153937184,0.61959354910081632,2.2673095229858326e-05,0.13234598158161442,0.034563487888949279,1.6512404530038326e-17,0.042936657290858597,0.28085498978986245,0.50929047943088568,8.4040178296480104e-06,0.26911730132224843,0.0037931493199184919,2.787386281317177e-09,0.003196564203031649,2.2575559799508316e-05,0.31711959203972451,0.0001455428717437878,2.3213134403390155e-07,1.2720233769804697e-10,8.0032378977456014e-12,7.6563611475569553e-10,2.1014879531393456e-10,5.69582331220304e-08,0.40660498169558756,nan,nan,nan,nan,nan,nan,nan,nan,nan,nan,nan,nan,nan,nan,0,0,0,0,0,0,0,-4.5147835443250074e-10,-1.2844312363574222e-11,-6.9962238342307393e-11,-1.7839533838425087e-09,8.6270942646626825e-14,3.5314639141572832e-09,1.2207337455536696e-11,1.4381264191662413e-12,5.9645471893375248e-15,1.0627408370759666e-17,-3.4648024982502514e-17,1.1797548508432412e-16,1.2458734653819564e-12,-1.2282094796388703e-09,nan,nan,nan,nan,nan,nan,nan,nan,nan,nan,nan,nan,nan,nan,-7.974982510657036e-07,4.5231713602378321e-07,-1.9161387702054411e-21,3.4171683705402295e-07,2.7346397434568903e-06,-1.1375003539093598e-06,0,0.030711428404175987,0.017533550758985262,6.8064478171299372e-18,0.031415534193713873,0.0093351068012684727,0.13888075278592152,5.199257431507375e-06,-1.699493610184832e-05,-4.9218685800004297e-06,-4.0568501472905553e-20,-5.8325965933498634e-05,5.5561871326653094e-05,-9.2195729897549242e-05,-3.6248568797081686e-09
1,1,lumen,0.0015789473684210526,0.0015,0.0010526315789473684,0.0021052631578947368,0.001,0.002,1000227.343204589,1.5195355681442788,14.816456307976289,3023.7134045627395,0.15014820496800918,1173,1173.0000000000002,4.0020647959970645e-05,0.20751476453762685,0.59999999999999998,2,500000,0.00035,0.0001,0.14362869239679521,0.065446461652675259,3.6493902894960508e-17,0.12912436985984818,0.037901414742089627,0.6209469858447737,2.2735637281707442e-05,0.13264777444797624,0.034619230260210951,1.68982535705579e-17,0.043472143977900224,0.27855389659556518,0.51069852263883764,8.4320795098476871e-06,0.26829912148016949,0.0038391500641377163,2.7967248564939275e-09,0.0032088257803167051,2.2886147601141562e-05,0.31744342616940352,0.00014670326152461989,2.3021417272681617e-07,1.2702026028698666e-10,8.0579079503374396e-12,7.6851553292237585e-10,2.1149368947381982e-10,5.7504968833178381e-08,0.40703959546593343,nan,nan,nan,nan,nan,nan,nan,nan,nan,nan,nan,nan,nan,nan,0,0,0,0,0,0,0,-6.2090649564940649e-08,2.9033074062424277e-09,8.5655302756808631e-09,1.5206528105070757e-07,-1.3934065815242314e-11,-2.5438158801009258e-07,-2.6060936033630049e-09,1.2410952268063907e-10,2.6659589392511344e-13,4.9153771673728442e-15,-2.3683180430480678e-14,3.3855094650614515e-14,-6.8566771642780475e-12,1.5544061182538412e-07,nan,nan,nan,nan,nan,nan,nan,nan,nan,nan,nan,nan,nan,nan,-8.1283418151834042e-07,7.1164743747909043e-07,-2.5822699216881776e-21,3.4689920129480513e-07,2.7922091193621768e-06,-1.3033854321387039e-06,0,0.030738235672702334,0.017487368475304247,7.138691065995498e-18,0.031687237819751364,0.009235265761414764,0.13895509465242098,5.2030656729051235e-06,-0.00013190021431542037,6.5074227221863118e-05,-1.2366559628493784e-19,-3.8377758233224338e-05,0.00017360257081281522,-0.00034107274408221608,-7.2924701009033707e-09
1,2,lumen,0.0015789473684210526,0.0025000000000000001,0.0010526315789473684,0.0021052631578947368,0.002,0.0030000000000000001,1000226.1136254648,1.5186269930405805,14.807615315038902,3037.8853231047246,0.14907365502346931,1173,1173,4.003321613483239e-05,0.20593813447627832,0.59999999999999998,2,500000,0.00035,0.0001,0.14626233696655858,0.064085901182161689,3.9067449324862419e-17,0.13025400434838341,0.036939305741307674,0.62772555419737364,2.2902140151440446e-05,0.13499946524212389,0.033879306384257311,1.8079122474602753e-17,0.043826289841493012,0.27132094713387495,0.51596550263526575,8.4887629850722636e-06,0.26675839181463523,0.0040116844871971617,2.8674278784244947e-09,0.0032659784365340139,2.3402598168681956e-05,0.31572814989636899,0.00015129295103828946,2.1883710253906875e-07,1.235913658433577e-10,8.350374089397333e-12,7.8926528500176561e-10,2.1901875235844974e-10,5.8035935857945756e-08,0.41006081893542801,nan,nan,nan,nan,nan,nan,nan,nan,nan,nan,nan,nan,nan,nan,0,0,0,0,0,0,0,-2.8684136336413244e-08,2.9711006361536281e-09,4.8131521841061583e-09,7.2774799118136744e-08,-1.3047321144495083e-11,-1.2460207157337019e-07,-2.6907641145385496e-09,1.1518687533743771e-10,2.5463716555190891e-13,5.4470952499998317e-15,-2.6704828804790737e-14,3.8699984002669283e-14,-8.3192313757263775e-13,7.5316340385404332e-08,nan,nan,nan,nan,nan,nan,nan,nan,nan,nan,nan,nan,nan,nan,-8.464647552920701e-07,5.9487049330897435e-07,5.2734976557612661e-22,3.7128160167465307e-07,2.9120754014705375e-06,-1.285859256849875e-06,0,0.031208801433776568,0.016897453888547312,7.479114917573307e-18,0.031531984599912168,0.0089464738102986909,0.13953995393759575,5.1981917331046908e-06,-0.00068604255987567619,0.00055013388695113348,-4.5396291737001964e-19,0.00069124669607442788,0.00044741788543106129,-0.0012239250786833834,-4.169540477301926e-09
1,3,support,0.0015789473684210526,0.0035000000000000001,0.0010526315789473684,0.0021052631578947368,0.0030000000000000001,0.0040000000000000001,1001848.5384459795,1.5313438422667929,14.907432266238912,3060.5562587301797,0.14773505045762922,1173,1173,3.9840733786830192e-05,0.20356119715936144,0.40000000000000002,2,300000,0.00033700000000000001,0.0001,0.15854096893257297,0.051821496549086882,4.8188571303150919e-17,0.11045994298174718,0.034132213298912341,0.64686643638403019,2.2836367891106403e-05,0.14731900241764129,0.027580344510555025,2.24503988595708e-17,0.037416758347906295,0.2523926874257712,0.53528268585613503,8.5214419910783944e-06,nan,nan,nan,nan,nan,nan,nan,nan,nan,nan,nan,nan,nan,nan,0.26821053505916548,0.0046600929977162414,3.2645868779378031e-09,0.003534978646167173,2.2160223269134759e-05,0.29627693931493687,0.00016964348273152934,1.6677242767319134e-07,1.0132468015686121e-10,9.7976419218157239e-12,9.0587418422543348e-10,2.5697517678919021e-10,5.305878234587199e-08,0.42712542590643532,0,0,0,0,0,0,0,nan,nan,nan,nan,nan,nan,nan,nan,nan,nan,nan,nan,nan,nan,-1.3536301625424678e-08,1.0606536421068199e-10,1.3145482696901391e-09,-8.1053790535583735e-09,-1.4626133420722609e-12,-4.6043833320510638e-08,-9.9377970576979959e-11,6.2794955867084834e-12,2.4234017266068966e-14,2.9794136910614409e-16,-1.3599696005534009e-15,2.2373106175052116e-15,5.6390431198427958e-12,6.6353796899839563e-08,-1.0386727160721643e-06,5.9565186019683303e-07,6.572464696812384e-22,4.8773965959114936e-07,3.6066337539830684e-06,-1.5169970315476178e-06,0,0.033794152543132082,0.014001639787894336,8.8588119533463313e-18,0.027273823971089527,0.0085222635051926052,0.14321554150538227,5.1721751996454363e-06,-5.7394709995321105e-06,1.015255208976396e-06,-1.4644318301863841e-20,-7.0601215790716014e-06,1.1808723733507685e-05,-2.1579014573943768e-05,-7.3614281027014562e-10
1,4,support,0.0015789473684210526,0.0045000000000000005,0.0010526315789473684,0.0021052631578947368,0.0040000000000000001,0.0050000000000000001,1001470.7594748747,1.5535261382496695,15.129078922114555,3047.0177103257925,0.14346366625223855,1172.9999999999998,1173,3.9949813241033509e-05,0.19823744481015465,0.40000000000000002,2,300000,0.00033700000000000001,0.0001,0.16106237558777969,0.050109217151211291,6.0675123992346757e-17,0.11726014226566815,0.030708443050115417,0.65524306916704289,2.3175628214999139e-05,0.15188714028864775,0.027065558764942946,2.8688003609266216e-17,0.040310798853772506,0.2304516163097502,0.55027610916440517,8.7766184814594963e-06,nan,nan,nan,nan,nan,nan,nan,nan,nan,nan,nan,nan,nan,nan,0.26052569684660232,0.005334379894748659,3.4208020422005502e-09,0.0036933749624947472,2.4880122951529236e-05,0.29596729073387096,0.00018552322673040389,1.4778694189512128e-07,9.6548018112392079e-11,1.0715910595720805e-11,9.5733832862295969e-10,2.7940608535650947e-10,5.6919074936250787e-08,0.43426864474164956,0,0,0,0,0,0,0,nan,nan,nan,nan,nan,nan,nan,nan,nan,nan,nan,nan,nan,nan,1.0732096292762564e-10,7.2108773775193144e-13,6.6221275778234059e-11,5.3451097253900403e-10,-1.5240629938628736e-15,-2.5602438885846505e-09,-1.1783482896261688e-12,7.5370157164023066e-14,1.2574977735065688e-15,-4.3894908408785427e-18,2.4116057434602253e-17,-3.2611163758225787e-17,5.2844230022542553e-13,1.8520440160167935e-09,-1.1573320813813848e-06,5.522419389281108e-07,-7.2978373412358379e-21,6.0758356155840593e-07,4.0793278000689215e-06,-1.7653839270437288e-06,0,0.033920795696371693,0.013200982968204581,1.1374168884090079e-17,0.029041172358984776,0.0073629428281791146,0.14313867790644902,5.1864491821064643e-06,0,0,0,0,0,0,0
2,0,lumen,0.002631578947368421,0.00050000000000000001,0.0021052631578947368,0.0031578947368421052,0,0.001,1000216.5176163878,1.4708906879591033,14.342292437247258,3018.4648089119419,0.15579129266036332,1173,1173.0000000000002,4.0187836410041711e-05,0.21652817880824796,0.59999999999999998,2,500000,0.00035,0.0001,0.12164826576165175,0.090400157032200737,2.2050677721053953e-17,0.14835518479939461,0.046289635976238426,0.58694819947601018,2.2670288715429936e-05,0.10875241551066399,0.046288664353048813,9.8836573634242349e-18,0.048348143447357966,0.32931522618300246,0.46728741173470301,8.138771223867899e-06,0.27141956054254396,0.0027646756665207794,2.1333597317027831e-09,0.0027317277359180307,2.2044381830770501e-05,0.3442314324471899,0.00011486678066447491,3.6977193962087319e-07,1.7180919103513515e-10,5.8524923587235142e-12,5.8193380769767479e-10,1.5192372749819299e-10,6.0207029941057552e-08,0.37871525942134404,nan,nan,nan,nan,nan,nan,nan,nan,nan,nan,nan,nan,nan,nan,0,0,0,0,0,0,0,1.539701406440001e-09,1.9403415143329377e-10,-1.043263083670066e-10,-4.8902992936984162e-09,-3.4521712745372302e-13,4.3883095443043862e-09,-1.6638212444819464e-10,9.3881852162094881e-12,1.3160618287881566e-14,2.6940710040893711e-16,-1.1294200858703188e-15,1.5024497961061832e-15,-6.0365628224523757e-12,-9.6405775085414482e-10,nan,nan,nan,nan,nan,nan,nan,nan,nan,nan,nan,nan,nan,nan,-5.2416912088744383e-07,3.5644470822160379e-07,5.4121348735304611e-21,1.6343740918948472e-07,1.73558598433321e-06,-6.8283243859212917e-07,0,0.026359234876640859,0.022835436284217452,4.5539451002408692e-18,0.035312730962730944,0.011026862360157078,0.13261981455262725,5.2069479657200698e-06,-3.543939216800272e-05,8.359516622592949e-06,-1.1860577129629822e-19,-5.2986062861104862e-05,7.1490627156494768e-05,-0.00012333686484029859,-3.6530365721146726e-09
2,1,lumen,0.002631578947368421,0.0015,0.0021052631578947368,0.0031578947368421052,0.001,0.002,1000216.1087582948,1.4671661982974189,14.305981704712108,3030.5299864429721,0.1554011314854524,1173,1173,4.0204525651334109e-05,0.21582990918739944,0.59999999999999998,2,500000,0.00035,0.0001,0.12264532811678369,0.090449038396564485,2.4548797336008871e-17,0.15019228571278662,0.046013146040124638,0.59070389116558342,2.2804263030820063e-05,0.10936619212161822,0.046196440146735254,1.0975518643716115e-17,0.048822924665318894,0.32651945705668128,0.46908681986772627,8.1661419201089988e-06,0.27073568896154238,0.0028039567386004367,2.1491345892454963e-09,0.0027470215326588737,2.2312955090247544e-05,0.34419975527288865,0.000116003269078756,3.6513805080551591e-07,1.710348244806502e-10,5.9099717074176883e-12,5.8625375877179025e-10,1.5347107281209357e-10,6.068151241523223e-08,0.37937483238481351,nan,nan,nan,nan,nan,nan,nan,nan,nan,nan,nan,nan,nan,nan,0,0,0,0,0,0,0,-1.2791463630885648e-08,5.6130308186863769e-10,1.5395756959028334e-09,2.8007982708412362e-08,-1.6502401658721744e-12,-4.4806169719889717e-08,-4.8653880210136351e-10,2.6808804091602023e-11,4.2975104320088764e-14,1.1023023544466071e-15,-5.2354839071247587e-15,7.0730320382484181e-15,-1.3845105677759037e-11,2.7963951320587067e-08,nan,nan,nan,nan,nan,nan,nan,nan,nan,nan,nan,nan,nan,nan,-5.3275940254185472e-07,4.0909240137110281e-07,-1.8324814177466302e-20,1.6692223586953853e-07,1.7672600760437751e-06,-7.2618250257505679e-07,0,0.026478127910519598,0.022678694415761699,4.8794739224032068e-18,0.035484106757935702,0.010903992921470771,0.132779714067949,5.207654706558248e-06,-0.00017828642593074892,0.00013185687982534671,-2.8878555839203922e-20,2.3025383236087817e-05,0.00017778549914080848,-0.00037823390496557731,-5.0962329513984559e-09
2,2,lumen,0.002631578947368421,0.0025000000000000001,0.0021052631578947368,0.0031578947368421052,0.002,0.0030000000000000001,1000214.955251602,1.4746646731109974,14.379114096512538,3029.4207685501074,0.15440626482318037,1173,1173,4.0192539046795838e-05,0.21450029058538694,0.59999999999999998,2,500000,0.00035,0.0001,0.12547882867450239,0.08714501667347789,2.5017856880241471e-17,0.14879411931642172,0.044798097196041248,0.594672521690227,2.2794789290152543e-05,0.11246490021862614,0.044736456183164089,1.1242409479692896e-17,0.048615683577016705,0.31952229706772595,0.4746524584759701,8.2044774970980085e-06,0.27015611848396659,0.0029246450628033324,2.2293064201783048e-09,0.00280386572163979,2.2537110136926825e-05,0.34128751635885085,0.00011969285757439234,3.4497004699224781e-07,1.6527472227578619e-10,6.1582872283989793e-12,6.0830308336554772e-10,1.6033158775752246e-10,6.0632308338866054e-08,0.38268521563329738,nan,nan,nan,nan,nan,nan,nan,nan,nan,nan,nan,nan,nan,nan,0,0,0,0,0,0,0,-1.2160772580477642e-08,2.2209093914449513e-10,1.5060127972632278e-09,2.62868797439702e-08,-2.031557430962061e-13,-2.9708688020400019e-08,-1.9786909898675626e-10,6.9186700639434218e-12,1.0050728003775085e-14,4.1137548232624985e-16,-2.1124353718113746e-15,2.7615301796405615e-15,-4.8766939193225979e-12,1.4050496487857245e-08,nan,nan,nan,nan,nan,nan,nan,nan,nan,nan,nan,nan,nan,nan,-5.633871846353472e-07,4.0899489725521043e-07,-5.7532257078091481e-21,1.8259311269151702e-07,1.8744306048007475e-06,-7.7077338644926385e-07,0,0.027147183918597065,0.02177555525048493,5.0287878723481486e-18,0.034978859094874339,0.010619212023772511,0.13351584868033783,5.1945436844035922e-06,-0.0006588177770445779,0.00065216674387988654,-1.8155632398505903e-19,0.00063426454834161782,0.00036331619066761508,-0.0010701320793639621,-5.0910379517747892e-10
2,3,support,0.002631578947368421,0.0035000000000000001,0.0021052631578947368,0.0031578947368421052,0.0030000000000000001,0.0040000000000000001,1001758.3095346846,1.4831398475870641,14.439473128882115,3056.5856688719227,0.15337334745307729,1173,1173,3.9982509383113155e-05,0.21321446378135792,0.40000000000000002,2,300000,0.00033700000000000001,0.0001,0.13773845242159391,0.072710455266179988,2.8656059297535277e-17,0.13073176576521753,0.042587938440217181,0.61209643387943968,2.2710167870346528e-05,0.12397124493893991,0.037483065512488083,1.2931383155397623e-17,0.042893449495743356,0.30503342892956437,0.49061060279138152,8.2083318827602181e-06,nan,nan,nan,nan,nan,nan,nan,nan,nan,nan,nan,nan,nan,nan,0.27345057124323735,0.0032778401747261742,2.5476931891503948e-09,0.0030046440930986762,2.1193140769308755e-05,0.32397601221948119,0.00013117221643946483,2.7685470632509582e-07,1.4038277751687141e-10,7.0917919897009192e-12,6.9703954742579477e-10,1.8626735553271786e-10,5.5758090618164305e-08,0.39613823072093496,0,0,0,0,0,0,0,nan,nan,nan,nan,nan,nan,nan,nan,nan,nan,nan,nan,nan,nan,-5.3789260531870625e-09,-3.8825145024094394e-12,-4.4471184693412121e-10,-1.9993225499012793e-08,-7.0287851060280016e-14,-6.4209056064700593e-09,3.4877495381487835e-12,-8.0344151470734815e-14,3.1771671906423403e-17,1.0725506356240532e-18,-2.8813077225121819e-17,2.298089287137251e-17,2.6615832456903324e-14,3.2238287677488671e-08,-6.809552337734559e-07,4.5178379332044827e-07,-2.063620658809666e-22,2.3603718190942585e-07,2.2829243665617449e-06,-8.9744354392351511e-07,0,0.029757756527967166,0.018528282134676305,5.6993846239489406e-18,0.031144476035479585,0.010277165058073658,0.13707352356378244,5.1733304654545729e-06,-8.8375999934004697e-06,1.3356749701076302e-06,-1.3372159790590385e-20,-1.4591038847487321e-05,2.0637660357034661e-05,-3.6548140800673343e-05,-1.3423693822493656e-09
2,4,support,0.002631578947368421,0.0045000000000000005,0.0021052631578947368,0.0031578947368421052,0.0040000000000000001,0.0050000000000000001,1001383.5275779406,1.5507357384681382,15.10322004544509,2973.3792365696363,0.14647205081901801,1173,1173,4.0200554541143414e-05,0.20412293014921534,0.40000000000000002,2,300000,0.00033700000000000001,0.0001,0.13898009079482365,0.068290407711975504,3.9100377363362669e-17,0.14200031337427932,0.035858875148533711,0.61423342646831824,2.2905712572840968e-05,0.13083880154647878,0.036822743829601087,1.8455578572998515e-17,0.048732349733324999,0.26864309620557891,0.51495434911011528,8.6595749007593321e-06,nan,nan,nan,nan,nan,nan,nan,nan,nan,nan,nan,nan,nan,nan,0.26258862710062186,0.0039980133182356981,2.7508081315817055e-09,0.0032264458820248153,2.5380081097098784e-05,0.32458758043974539,0.00015011817711204216,2.3352995856179993e-07,1.3238214173480111e-10,8.0561123869443893e-12,7.5715801423999622e-10,2.1072832952793711e-10,6.2661540376544177e-08,0.40542353495051819,0,0,0,0,0,0,0,nan,nan,nan,nan,nan,nan,nan,nan,nan,nan,nan,nan,nan,nan,-1.0118824536237736e-09,1.0944931951523428e-10,1.136324056729954e-10,1.9237808889728909e-09,-8.4484936407891453e-14,-2.2242554790184721e-09,-1.006620691063499e-10,2.310528179373661e-12,2.8957388909961682e-15,1.4846264545905982e-16,-7.761864622091698e-16,1.0394272124575559e-15,-9.8358282646111333e-13,1.1886917549434482e-09,-8.0107701970477674e-07,4.3965036700122084e-07,-2.9569268914112911e-21,3.6353603000807777e-07,2.7669883628095304e-06,-1.1664286064805296e-06,0,0.029854680920469518,0.017071391334908429,7.959035047198499e-18,0.03407978757472354,0.0083778604145492864,0.13647975684741792,5.1851931806597745e-06,0,0,0,0,0,0,0
3,0,lumen,0.0036842105263157894,0.00050000000000000001,0.0031578947368421052,0.0042105263157894736,0,0.001,1000204.8820536677,1.4242671615505507,13.887839484525403,3045.159745721362,0.15957310458179227,1173,1173,4.0317234073369195e-05,0.2218676373934525,0.59999999999999998,2,500000,0.00035,0.0001,0.10706408850986396,0.11179588310174546,1.7208131536834525e-17,0.16189733814561777,0.052380552701377633,0.57069471104698,2.2906636520966395e-05,0.092681473276943913,0.055430320583641807,7.4687095634776327e-18,0.051089646325485037,0.360839636918381,0.43995095984946231,7.9630460859461502e-06,0.27170733766481237,0.002271866352521456,1.7387127140920378e-09,0.0024596060089283889,2.1695359084937273e-05,0.36125911366394636,9.8805311797575226e-05,4.9269487365417953e-07,2.059558387176171e-10,4.7642197309695172e-12,4.7507391061827588e-10,1.206106053332449e-10,6.2017487011661485e-08,0.36218101838143785,nan,nan,nan,nan,nan,nan,nan,nan,nan,nan,nan,nan,nan,nan,0,0,0,0,0,0,0,-4.159967032608701e-10,2.4934658714864335e-11,2.1978260716090736e-11,7.5058719084389678e-10,-1.3627640682578601e-13,-2.2151809647664653e-09,-1.91058162904634e-11,2.5526750851989632e-12,4.2774808894175296e-15,5.0350972168233445e-17,-1.6980810705609637e-16,2.4552937297953472e-16,-1.4656957592153164e-12,1.8518284124502529e-09,nan,nan,nan,nan,nan,nan,nan,nan,nan,nan,nan,nan,nan,nan,-3.8991093894227835e-07,2.964101297742161e-07,-7.6081085149558822e-22,9.569305675223429e-08,1.2655798947852626e-06,-4.8633427868205459e-07,0,0.023175679554077004,0.027112213041852084,3.5947226015320842e-18,0.037597493933962042,0.012216861903165973,0.1282914954079111,5.2126770733901462e-06,-5.1560518135849121e-05,2.8639757159551597e-05,-1.2298627873247165e-20,-3.2423434947246613e-05,7.2493219395081745e-05,-0.00013103414680420172,-2.7213432036419627e-09
3,1,lumen,0.0036842105263157894,0.0015,0.0031578947368421052,0.0042105263157894736,0.001,0.002,1000204.5029839267,1.4277135736800055,13.921450266510371,3042.9037297913192,0.15905959249825577,1173,1173,4.0325537695032505e-05,0.22124986366937568,0.59999999999999998,2,500000,0.00035,0.0001,0.10781816241005164,0.110900316404211,1.7421098655974012e-17,0.1624101057974916,0.05185945600455609,0.57173876931027712,2.2908556207657838e-05,0.093560131260865917,0.055119358777632556,7.5794411690453423e-18,0.051375496163022727,0.35811450278557055,0.44182252802602662,7.9829868816637297e-06,0.27128221052029944,0.0023040102824986083,1.7591041808120997e-09,0.0024755692580582318,2.1878799217234327e-05,0.36082834473686515,9.9824182363957931e-05,4.8525488348433912e-07,2.0447992040565243e-10,4.8214440678438941e-12,4.8048230633979551e-10,1.2227150136592652e-10,6.2305429532768883e-08,0.36298761208924762,nan,nan,nan,nan,nan,nan,nan,nan,nan,nan,nan,nan,nan,nan,0,0,0,0,0,0,0,-6.5020456079113574e-11,-7.7483725698775684e-14,8.0999089149750053e-13,5.8876176195546192e-11,-8.9976854092399527e-15,-1.251891971381161e-09,4.612147647654996e-14,9.849738212552861e-14,7.0896071989612463e-17,-2.6562366315400858e-19,2.4950964327666832e-18,-2.4819622005066248e-18,1.2653361175244595e-13,1.25704149827743e-09,nan,nan,nan,nan,nan,nan,nan,nan,nan,nan,nan,nan,nan,nan,-3.9680726039194314e-07,3.0000632145199546e-07,9.7932519734886272e-22,9.8051804791028863e-08,1.2885035675369583e-06,-4.9491711906490821e-07,0,0.023373014359455876,0.026846856971212189,3.6559352856940239e-18,0.037632442256755924,0.012097390329484148,0.12850863066409307,5.2096208795092236e-06,-0.00020061965646007125,0.00018254476800923789,-5.030572594036059e-20,7.1283535084690845e-05,0.00016003289410273838,-0.00036534185743298657,-2.7615752377225805e-09
3,2,lumen,0.0036842105263157894,0.0025000000000000001,0.0031578947368421052,0.0042105263157894736,0.002,0.0030000000000000001,1000203.4283299422,1.4341077058511056,13.983813646400094,3043.980976263766,0.15809408404509404,1173,1173,4.0292067614393989e-05,0.22028810009333169,0.59999999999999998,2,500000,0.00035,0.0001,0.11126961340420125,0.10642567174205825,1.8383229073385356e-17,0.15970228018250521,0.05075588608520834,0.57593993456957426,2.286439387663487e-05,0.096987691725446135,0.053132337052263161,8.0338661660511619e-18,0.05074523222471148,0.35206391491739336,0.4470628207904962,8.0032896898311251e-06,0.271393944962803,0.0023926710159038367,1.8399056762076545e-09,0.0025274019085441911,2.1901093587484102e-05,0.35731651207687615,0.00010278604849661851,4.585676318917386e-07,1.9718952347296648e-10,5.0318165078548137e-12,5.0216965062175892e-10,1.2844144965695563e-10,6.1840976354257815e-08,0.3662442598124479,nan,nan,nan,nan,nan,nan,nan,nan,nan,nan,nan,nan,nan,nan,0,0,0,0,0,0,0,9.7117663569655344e-10,4.9091644592069853e-12,4.4771870657266442e-11,2.7578474581835517e-09,-1.9221495055343762e-14,1.7081561324910552e-09,-4.0403734368208419e-12,1.2408503044514241e-12,1.1869825411578425e-15,1.4232590426730918e-17,-4.8753937622730521e-17,7.9052574126685917e-17,7.4728271859231484e-13,-5.4847911494589523e-09,nan,nan,nan,nan,nan,nan,nan,nan,nan,nan,nan,nan,nan,nan,-4.2252133509133871e-07,3.1148473453312953e-07,9.35276829177693e-22,1.0928170241715554e-07,1.3762278056328459e-06,-5.3451646908619921e-07,0,0.024183252960336302,0.025682433215583278,3.863831221518187e-18,0.036862524484421087,0.011835346367345519,0.12933386513959641,5.1907638943591818e-06,-0.0006109149246420083,0.00068348197146738841,-1.2883973093368012e-19,0.00055977449204823795,0.00030012695538515999,-0.00092327793806380634,1.1504391248175105e-09
3,3,support,0.0036842105263157894,0.0035000000000000001,0.0031578947368421052,0.0042105263157894736,0.0030000000000000001,0.0040000000000000001,1001664.8143403612,1.4360292471431584,13.98212124643954,3081.064498251355,0.15769579243700471,1173,1173,4.0083339422767103e-05,0.21963471040454927,0.40000000000000002,2,300000,0.00033700000000000001,0.0001,0.12330326319532343,0.091494017212823117,2.1062411002927431e-17,0.14412691132162869,0.049107445640345117,0.59329277656854729,2.2842876606497232e-05,0.107463764637453,0.045672275687023173,9.2036122378046617e-18,0.045790632574560931,0.34058842214595447,0.46047691016476228,7.9947902460450982e-06,nan,nan,nan,nan,nan,nan,nan,nan,nan,nan,nan,nan,nan,nan,0.27511812612338821,0.002623657240984826,2.1026706098671905e-09,0.0026850031387555939,2.0672182318573231e-05,0.34224437841331778,0.00011093797259203441,3.819248451072399e-07,1.7208020388349461e-10,5.7044244416309301e-12,5.7374305198946819e-10,1.4808318928488888e-10,5.7457081154970573e-08,0.37719678254435962,0,0,0,0,0,0,0,nan,nan,nan,nan,nan,nan,nan,nan,nan,nan,nan,nan,nan,nan,-5.0399009773398278e-09,1.7990396254261468e-15,-3.4202704269261388e-10,-1.6817388349843032e-08,-7.2893730981848925e-14,-7.2808524284465395e-09,3.6713825960201129e-14,-2.3598527645884992e-14,3.5272952314884934e-16,-7.0164629984939358e-19,1.3404133022128324e-18,-2.1055417978924583e-18,-8.170102108150663e-14,2.9480308110824741e-08,-5.0611213117494891e-07,3.7755119070004284e-07,-1.9522260978940537e-21,1.3618399779506529e-07,1.6580663528137363e-06,-6.2582067528182961e-07,0,0.02665428130564329,0.02241868005286821,4.3099461620026614e-18,0.033570081363386975,0.011566500364052891,0.13264538570297757,5.1767463670545956e-06,-1.1583540098161531e-05,1.553526233250729e-06,-1.300920553091287e-20,-2.2897196897905476e-05,2.9615412635953333e-05,-5.1099807781048139e-05,-1.9760012986307987e-09
3,4,support,0.0036842105263157894,0.0045000000000000005,0.0031578947368421052,0.0042105263157894736,0.0040000000000000001,0.0050000000000000001,1001295.1004291151,1.5509230460233256,15.106378275141029,2921.5890544076092,0.14573242285105209,1173,1173,4.0417159439155275e-05,0.20686131950146747,0.40000000000000002,2,300000,0.00033700000000000001,0.0001,0.12352706198374529,0.083284721719966551,3.0631300336114099e-17,0.15963241179600168,0.03874558269004031,0.58867947504798579,2.2861150994199586e-05,0.11631531044961972,0.044917190676246666,1.4461154132658106e-17,0.0547948737204546,0.2903300737135443,0.49363390690459719,8.6445355375092706e-06,nan,nan,nan,nan,nan,nan,nan,nan,nan,nan,nan,nan,nan,nan,0.2614429350454982,0.0033965383954061819,2.3420068961461776e-09,0.0029620080764224503,2.6304495184354602e-05,0.34373444389923374,0.00013257531250276245,3.0742918101892059e-07,1.6076376550868125e-10,6.6922312960335635e-12,6.4086570020961383e-10,1.7412360777175076e-10,6.7500509193588105e-08,0.38830481652163373,0,0,0,0,0,0,0,nan,nan,nan,nan,nan,nan,nan,nan,nan,nan,nan,nan,nan,nan,-7.2404578756531087e-11,2.2220993595156619e-11,1.8135642493079474e-11,3.5768119403080654e-10,-7.148350921609703e-14,-4.6976131242316282e-10,-1.986612366048911e-11,1.1256121902614158e-12,1.3899470544318799e-15,4.0281256915145729e-17,-1.8991734937317213e-16,2.6975358813078801e-16,4.9106981150929424e-14,1.6288947882402679e-10,-6.2692772204164804e-07,3.5838230882934141e-07,-3.3188808164683274e-22,2.6899593413004556e-07,2.149772010198725e-06,-8.9626440846757305e-07,0,0.026667784974772554,0.020238686133929311,6.4835106956612124e-18,0.037796756872366534,0.0089103128253903308,0.13133515673667695,5.1833442844777945e-06,0,0,0,0,0,0,0
4,0,lumen,0.0047368421052631574,0.00050000000000000001,0.0042105263157894736,0.005263157894736842,0,0.001,1000192.9719865002,1.4000562957213849,13.651925116972981,3043.773903387023,0.16235688073433399,1173,1173,4.0407883798823942e-05,0.22569555114218803,0.59999999999999998,2,500000,0.00035,0.0001,0.095152045211838579,0.12841183146165686,1.4009842329580403e-17,0.1693399556182851,0.056633761408166235,0.55474696446217076,2.2916172447229641e-05,0.080970429218902185,0.062587244100246145,5.9772897801121933e-18,0.052530536785938248,0.38351184019682527,0.42039211866253823,7.8310355498677981e-06,0.27162141694151654,0.001980647932638822,1.4729605270510859e-09,0.0022790007895609221,2.1357736121273613e-05,0.37280413786179056,8.880423026805835e-05,5.9992690957908462e-07,2.3247159579322585e-10,4.1174598967902315e-12,4.0457743753126621e-10,1.0092926236970992e-10,6.2937188266546985e-08,0.35120396942898563,nan,nan,nan,nan,nan,nan,nan,nan,nan,nan,nan,nan,nan,nan,0,0,0,0,0,0,0,-2.9869507271742027e-10,7.578384949951443e-12,2.4996029735356914e-11,4.1744922488128904e-10,-7.4355235510359385e-14,-1.967795901702471e-09,-5.036734612148968e-12,1.2654993155822303e-12,2.4606925649278292e-15,2.3674153046150779e-17,-7.6688296126848736e-17,1.1618743456672573e-16,-6.7063989432950282e-13,1.8209809768286812e-09,nan,nan,nan,nan,nan,nan,nan,nan,nan,nan,nan,nan,nan,nan,-3.1014173668998668e-07,2.4929373909632346e-07,8.7345884100341439e-22,6.2790274313902505e-08,9.9329322734986736e-07,-3.7332499525088991e-07,0,0.020695384974916388,0.03064781088921328,3.0010948165256836e-18,0.039066998328082615,0.013128600416339502,0.12503560117625256,5.2159444980032752e-06,-6.5659950548873313e-05,5.2493794095706611e-05,-1.8502503211168058e-20,-7.1805508966941343e-06,6.746683294448836e-05,-0.00013290888743763989,-1.5520297589989241e-09
4,1,lumen,0.0047368421052631574,0.0015,0.0042105263157894736,0.005263157894736842,0.001,0.002,1000192.6230324348,1.4018060028802033,13.668991250636337,3045.4610859141399,0.16203179606514759,1173,1173,4.0405694077831196e-05,0.22521523917979591,0.59999999999999998,2,500000,0.00035,0.0001,0.096329788534854216,0.12709734383220289,1.4375886635746345e-17,0.16932955787147133,0.056200087195748281,0.55650190405532651,2.2920248587408552e-05,0.082075112925174262,0.062024008597697231,6.1411297157371279e-18,0.052592975187331248,0.38105084333515993,0.42224921773492757,7.8422197097295955e-06,0.27146568912642077,0.0020075477221044849,1.4970102133560801e-09,0.0022951309839279307,2.1452907061348447e-05,0.37198553997426476,8.9721044182169754e-05,5.896791011964597e-07,2.3024737749066137e-10,4.1745322716160826e-12,4.1088156066558819e-10,1.0269104680291434e-10,6.3014650411871239e-08,0.35213426330330616,nan,nan,nan,nan,nan,nan,nan,nan,nan,nan,nan,nan,nan,nan,0,0,0,0,0,0,0,-1.2241689032648351e-10,1.6611464684438513e-12,3.8535915816415119e-12,-1.7684744901167869e-10,-7.9196631891376157e-15,-3.0811450450491523e-10,-1.335596414586215e-12,7.3771284220258693e-14,2.3877582970063228e-16,6.4007917964864696e-18,-3.236405016767047e-17,4.1662981943594933e-17,-1.4442874804171907e-13,6.0327806609173011e-10,nan,nan,nan,nan,nan,nan,nan,nan,nan,nan,nan,nan,nan,nan,-3.1707727106856237e-07,2.5277974730064656e-07,9.8218667767467995e-23,6.4601863028244172e-08,1.015884163180214e-06,-3.8149853248681254e-07,0,0.020954322497258749,0.030287425700523216,3.0660789101325093e-18,0.038971055343433418,0.013022520026938452,0.12529668918484299,5.2099883319447393e-06,-0.00021706593097584962,0.00022674027671697799,-4.4796078081159402e-20,0.00010879607577208669,0.00014254064602967228,-0.00035641858928100621,-1.037824195447295e-09
4,2,lumen,0.0047368421052631574,0.0025000000000000001,0.0042105263157894736,0.005263157894736842,0.002,0.0030000000000000001,1000191.6265706685,1.4311190798356019,13.95483656775874,2997.5966391541992,0.16122130846344734,1173,1173,4.0354314008186017e-05,0.22456878743616171,0.59999999999999998,2,500000,0.00035,0.0001,0.098559354166846941,0.119608455776629,1.4993343654225014e-17,0.16287714518524804,0.054294310713114032,0.55149009133689497,2.2472225191797302e-05,0.085730828375129367,0.059590019724557533,6.5388355615648681e-18,0.051646798193170688,0.37582749630983076,0.42719700767941765,7.8497178940025575e-06,0.27206803266550067,0.0020781549536882998,1.578008412787714e-09,0.0023432905315565133,2.1335509015211537e-05,0.36803672385048952,9.2237852602650581e-05,5.5738116822291581e-07,2.2170248539048072e-10,4.3611896716098133e-12,4.3234700701765632e-10,1.0845438783033542e-10,6.2239751834089837e-08,0.35535960267135241,nan,nan,nan,nan,nan,nan,nan,nan,nan,nan,nan,nan,nan,nan,0,0,0,0,0,0,0,8.5501237518750619e-10,1.7615355868728732e-14,4.0692023333826652e-11,2.5851202621118887e-09,1.4507926110463032e-14,1.4653310019367705e-09,-2.2451130138997702e-14,4.5814610785677168e-13,2.2285025004543288e-16,7.4102811678145034e-19,3.6069562162135107e-19,2.8046854240244814e-18,4.7078112558809672e-13,-4.9470944011225634e-09,nan,nan,nan,nan,nan,nan,nan,nan,nan,nan,nan,nan,nan,nan,-3.3993441110342221e-07,2.6537756830924408e-07,-1.8074268625291856e-21,7.3049876064873468e-08,1.0923033251786229e-06,-4.1552873769612475e-07,0,0.021823529493997591,0.028974443637869742,3.2258223019721156e-18,0.038048022589623996,0.012796047596504403,0.12613461329944389,5.1881858820396767e-06,-0.00054826907725460787,0.00065882484875163377,-6.9768454973249185e-20,0.00047320918550345612,0.00025219361556865969,-0.00080397150682148843,1.3481214471256528e-09
4,3,support,0.0047368421052631574,0.0035000000000000001,0.0042105263157894736,0.005263157894736842,0.0030000000000000001,0.0040000000000000001,1001568.8507082846,1.4085345203057091,13.715728602402326,3082.7677403707789,0.16087754440086796,1173,1173,4.0161870473786392e-05,0.22423625696741467,0.40000000000000002,2,300000,0.00033700000000000001,0.0001,0.11110705553958482,0.10722744028959444,1.6705622841966679e-17,0.15250752849198884,0.05386923222753201,0.57591146227893331,2.2835506371877166e-05,0.094989354833446824,0.052506335942248412,7.1607534544192764e-18,0.047530093176833356,0.36649591728800296,0.43847045881934571,7.8399401225305685e-06,nan,nan,nan,nan,nan,nan,nan,nan,nan,nan,nan,nan,nan,nan,0.27559246543499755,0.0022421085392285824,1.7947101838720664e-09,0.0024688009933097311,2.030954996875686e-05,0.35531171578952075,9.8339388620085556e-05,4.7902602555959237e-07,1.9815102233265737e-10,4.8637274260466368e-12,4.9055283572527697e-10,1.2379426108326914e-10,5.8548845929272174e-08,0.36426572011741115,0,0,0,0,0,0,0,nan,nan,nan,nan,nan,nan,nan,nan,nan,nan,nan,nan,nan,nan,-4.7305398767832654e-09,-1.2111832125242249e-12,-2.7201826244180632e-10,-1.4694481106581663e-08,-6.885746313411989e-14,-6.8912594696412741e-09,1.0750172916968907e-12,-4.9872324152377967e-14,3.3115054114951053e-17,-2.2370694671113909e-18,8.2172449821335493e-18,-1.1860034533235886e-17,4.4499181677684481e-15,2.6588549195308863e-08,-4.018309822124283e-07,3.2149480394538799e-07,-1.9859489906986477e-22,8.7499570265416435e-08,1.2961731512411978e-06,-4.7490793897431161e-07,0,0.024138289950307975,0.025795026456242952,3.5146073692743349e-18,0.035252660282948753,0.012571562714523414,0.12921284990947762,5.181144428592475e-06,-1.3436547017804813e-05,1.0303377514381288e-06,-1.3440368224882493e-20,-3.2667632220548649e-05,3.849976744738409e-05,-6.5403292344376934e-05,-2.6440979203106599e-09
4,4,support,0.0047368421052631574,0.0045000000000000005,0.0042105263157894736,0.005263157894736842,0.0040000000000000001,0.0050000000000000001,1001206.3906836981,1.5333898588496402,14.936923984781945,2918.1855653571029,0.14586268644739764,1173,1173,4.0625657695236588e-05,0.20783827082937165,0.40000000000000002,2,300000,0.00033700000000000001,0.0001,0.11289825342222159,0.097534349456310135,2.6781870766764588e-17,0.17731332868706381,0.040911096515146829,0.57839004103466152,2.3254939015600402e-05,0.10511454399939987,0.052012251472119339,1.2501992868723557e-17,0.060181229114211372,0.30311802518890163,0.47956525542545925,8.6947999085547704e-06,nan,nan,nan,nan,nan,nan,nan,nan,nan,nan,nan,nan,nan,nan,0.25908983573956723,0.0030654803816969642,2.0526301807072284e-09,0.0027907724077411242,2.7490969043755032e-05,0.35828090108285637,0.00012225432334788164,3.7094164536130873e-07,1.8446587331278087e-10,5.8313248897846295e-12,5.6040481293525689e-10,1.5029667421941963e-10,7.2072980385905253e-08,0.37662281912749501,0,0,0,0,0,0,0,nan,nan,nan,nan,nan,nan,nan,nan,nan,nan,nan,nan,nan,nan,8.3045369749788143e-11,7.8026774102337648e-12,-1.9234369852909887e-12,1.0644827458280117e-10,6.9779251821167065e-15,9.960141056104127e-11,-7.1367883194738202e-12,2.5529079718256131e-13,9.0569045086159768e-17,1.192271406660391e-17,-5.9590460871258772e-17,7.8153675326512711e-17,-2.1738101269730702e-15,-2.8809774080673977e-10,-5.2059074612427481e-07,2.9697537362594062e-07,3.0752888865075076e-22,2.2351743431270592e-07,1.7852579052013429e-06,-7.4421696760751388e-07,0,0.024017780622320292,0.022867358959732763,5.6961408643807674e-18,0.040872542293745574,0.0091611918973795205,0.12704075818873689,5.1808702719345832e-06,0,0,0,0,0,0,0
5,0,lumen,0.0057894736842105266,0.00050000000000000001,0.005263157894736842,0.0063157894736842104,0,0.001,1000180.8465845042,1.3992786629416996,13.644507846192605,3002.4506276211237,0.16474040298080606,1173,1173,4.0479259155876565e-05,0.22865199143705564,0.59999999999999998,2,500000,0.00035,0.0001,0.084298987206221587,0.14072846693297397,1.196652576324866e-17,0.1722321260591437,0.059273612279807403,0.53495630387595594,2.2618863868342355e-05,0.071695954145819391,0.068553040744363442,5.1027362544006592e-18,0.053398681982785794,0.40117027173810044,0.40517432615074528,7.7252381858212688e-06,0.27138091656105945,0.0017827552716818712,1.2740849545452488e-09,0.0021457053058589657,2.1056817285540662e-05,0.38150115099083232,8.1750401433590601e-05,6.9663031215899516e-07,2.5440212644733325e-10,3.6815348101945409e-12,3.5258427760855305e-10,8.692747366587592e-11,6.3460417661512871e-08,0.34308590258944965,nan,nan,nan,nan,nan,nan,nan,nan,nan,nan,nan,nan,nan,nan,0,0,0,0,0,0,0,-1.094402296827347e-10,1.7864351064091131e-13,-5.452102245536522e-12,-3.2605861452477661e-10,-7.2998248071276528e-15,-1.3737742367292416e-10,7.8759015852117318e-14,7.9508231595748491e-14,4.8925356365210568e-16,1.1928065085061818e-18,-2.433839986094375e-18,5.6841170078495741e-18,-1.5691562228175688e-13,5.7815527341995117e-10,nan,nan,nan,nan,nan,nan,nan,nan,nan,nan,nan,nan,nan,nan,-2.5556470861689412e-07,2.114815432774364e-07,5.3743828864591146e-23,4.4226079146447534e-08,8.1099133389384015e-07,-2.9947019486442628e-07,0,0.01868994694716497,0.033617105278389368,2.6295866574579874e-18,0.040063386261891806,0.013867032485180475,0.1224579782724397,5.2171502995965857e-06,-7.2444693167022424e-05,6.9521684856899301e-05,-1.1341723257896601e-20,1.3302014367149188e-05,5.7956676645885128e-05,-0.0001258301454715473,-5.7275441075344719e-10
5,1,lumen,0.0057894736842105266,0.0015,0.005263157894736842,0.0063157894736842104,0.001,0.002,1000180.5255028961,1.3892383150017995,13.546607746150187,3029.5315964105421,0.16436470916890136,1173,1173,4.0468440167475859e-05,0.2283213195138783,0.59999999999999998,2,500000,0.00035,0.0001,0.086335637160973297,0.14021945505529387,1.2287094438717235e-17,0.1731060514356097,0.059395116914776287,0.54109487222255404,2.2794338479657709e-05,0.072901266043361765,0.067814993074366378,5.2018391368587333e-18,0.053284550371130973,0.39910830896885141,0.40688315223159566,7.7293106937897468e-06,0.27143246006324151,0.0018045068508721999,1.2990924034927435e-09,0.0021607234880520842,2.1084182376611914e-05,0.3804615773667131,8.2534914936888642e-05,6.8460681579525851e-07,2.5171093577741089e-10,3.7343755581543791e-12,3.5909437512450479e-10,8.8643970064699865e-11,6.3379564845551946e-08,0.34403636314515085,nan,nan,nan,nan,nan,nan,nan,nan,nan,nan,nan,nan,nan,nan,0,0,0,0,0,0,0,-8.5167281384561387e-11,3.4370717685953508e-14,-5.1827537072185968e-12,-1.7673520218160994e-10,-1.6384463230600943e-15,-1.6352244656004516e-10,-9.506021145109088e-15,1.7632922032218001e-14,2.4532722681408356e-18,6.5623430394008257e-20,-9.3476320603379161e-20,-1.1174955459059102e-19,-3.9091535245160648e-15,4.3057088425995243e-10,nan,nan,nan,nan,nan,nan,nan,nan,nan,nan,nan,nan,nan,nan,-2.6207149446486749e-07,2.1629451735227789e-07,-7.074018407985374e-24,4.5945670176946163e-08,8.3221829386137536e-07,-3.0784561388941256e-07,0,0.018995332823337714,0.033173740923933298,2.6731679035307931e-18,0.039865964740005019,0.013773618901629855,0.12275204810708074,5.2094644528741338e-06,-0.00021712770392409123,0.00024844640366537845,-2.7757948574574409e-20,0.00012728611685070208,0.00012294498196098154,-0.00033073063308109709,8.6885713508813978e-11
5,2,lumen,0.0057894736842105266,0.0025000000000000001,0.005263157894736842,0.0063157894736842104,0.002,0.0030000000000000001,1000179.6019143526,1.4030016066689621,13.680827672269592,3013.7686001440366,0.16366025993165362,1173,1173,4.0407138752738989e-05,0.22792602970751394,0.59999999999999998,2,500000,0.00035,0.0001,0.089730689095815275,0.13343817773579505,1.2734952929313368e-17,0.16789082534051356,0.058165041116428354,0.54172395582319666,2.2568900152380526e-05,0.076518736796973699,0.065174748822031184,5.4448620676417591e-18,0.052191266541813691,0.3947152301906407,0.41139228895683255,7.7286917080695094e-06,0.27230167206627531,0.0018609833263883333,1.3755110383340078e-09,0.002203825506826706,2.0897125497108995e-05,0.37647382649339267,8.4648291710724973e-05,6.4924263280903878e-07,2.4268552907772175e-10,3.8944597747124253e-12,3.7916476717607457e-10,9.3824739097506791e-11,6.2471423405610425e-08,0.34705343338076661,nan,nan,nan,nan,nan,nan,nan,nan,nan,nan,nan,nan,nan,nan,0,0,0,0,0,0,0,8.1860822071629835e-10,4.2922586345428917e-13,3.5422270833473231e-11,2.3367044183398992e-09,1.0339819278559759e-14,1.352128086687561e-09,-3.4409425461691387e-13,3.1161401584101078e-13,6.3115584316267565e-17,1.6477719689699433e-18,-3.8563118798191523e-18,7.0290874677768114e-18,2.6279598008882497e-13,-4.5435329667856321e-09,nan,nan,nan,nan,nan,nan,nan,nan,nan,nan,nan,nan,nan,nan,-2.8186910523610859e-07,2.2738618371542785e-07,-1.990669924121822e-22,5.3094786313806547e-08,8.9818661835883162e-07,-3.3726522036259254e-07,0,0.019902691009058501,0.031745677371812206,2.7823205148601182e-18,0.038866465872481305,0.01356956830174914,0.12359864623501053,5.1867823819907681e-06,-0.00050770008169878265,0.00064089611146351643,-5.7748069295157738e-20,0.00041026140353713874,0.00022426802548656841,-0.0007264190380119978,1.168272855683733e-09
5,3,support,0.0057894736842105266,0.0035000000000000001,0.005263157894736842,0.0063157894736842104,0.0030000000000000001,0.0040000000000000001,1001470.924431015,1.4056861509362781,13.689330800879201,3042.1050948609386,0.1636338358661176,1173,1173,4.0227004363946548e-05,0.22775845451433008,0.40000000000000002,2,300000,0.00033700000000000001,0.0001,0.09960405728194234,0.11941667423210776,1.3912710298141227e-17,0.15646866529339165,0.056939040513092468,0.55446834945161838,2.2530516707165179e-05,0.08499114188382656,0.058362526122961458,5.9521124322787027e-18,0.048670756417398368,0.38663559576804835,0.42133225946492875,7.720342836523648e-06,nan,nan,nan,nan,nan,nan,nan,nan,nan,nan,nan,nan,nan,nan,0.27560256291831597,0.0019885384572581825,1.5634107584114672e-09,0.0023096677584748446,2.0020934523106467e-05,0.36530650311300955,8.9577569014934725e-05,5.6905293018125141e-07,2.2023787793574863e-10,4.2958254124157205e-12,4.2909568454086736e-10,1.0660314310369712e-10,5.9275568564394029e-08,0.35468249859726131,0,0,0,0,0,0,0,nan,nan,nan,nan,nan,nan,nan,nan,nan,nan,nan,nan,nan,nan,-4.5416345843696022e-09,6.3915152284515354e-14,-2.199491457377608e-10,-1.2958313869076278e-08,-6.1175023380322102e-14,-7.0928949428249177e-09,-8.7430928095431719e-14,-2.1425461231572296e-14,2.3406899830727692e-17,-2.6467075108834749e-19,-5.7544794205963841e-19,4.3039758234782567e-20,-2.7446672486345892e-15,2.4812901066855705e-08,-3.3140367628348849e-07,2.7857894463467758e-07,-4.1330123200059242e-22,6.013766105142654e-08,1.0572793336383057e-06,-3.7880290654213056e-07,0,0.022017399304776052,0.028775077373075868,3.0116879716565728e-18,0.036510657423360807,0.013389021226258065,0.12642151264035506,5.1861983129816377e-06,-1.4593607814820462e-05,-4.9105202222169589e-08,-1.3900042074401483e-20,-4.3083541654242455e-05,4.7107965471636681e-05,-7.7493157312089866e-05,-3.324267005891201e-09
5,4,support,0.0057894736842105266,0.0045000000000000005,0.005263157894736842,0.0063157894736842104,0.0040000000000000001,0.0050000000000000001,1001117.9497394467,1.5515795500362612,15.115447036832153,2856.3719636451096,0.14339703683270716,1173,1173,4.0826008413391157e-05,0.20786189618878731,0.40000000000000002,2,300000,0.00033700000000000001,0.0001,0.10176770906820176,0.10819318045222187,2.4138248057359122e-17,0.1898032964848326,0.041468049716075234,0.55969924367006696,2.3207448323135035e-05,0.09588383821480688,0.058385872505247537,1.1402600477308845e-17,0.065190340053912554,0.31091672083534616,0.46961444764084992,8.7807498370054251e-06,nan,nan,nan,nan,nan,nan,nan,nan,nan,nan,nan,nan,nan,nan,0.25635963481725177,0.002859344305666949,1.8291896289507596e-09,0.0026698250584653626,2.8783659547539165e-05,0.3699988163746068,0.00011548575252010824,4.2603568499935232e-07,2.0487026311374722e-10,5.2162860172889851e-12,4.9904997643732665e-10,1.3287963105149105e-10,7.6419745472360132e-08,0.36796760490529717,0,0,0,0,0,0,0,nan,nan,nan,nan,nan,nan,nan,nan,nan,nan,nan,nan,nan,nan,5.1756539884442277e-11,2.479881459025182e-12,4.1987315198694893e-15,1.3237928568690436e-10,-1.6464260510495876e-14,1.0735073442159904e-10,-2.1402782104207608e-12,3.3583639341694393e-13,2.9545709563375902e-16,6.9785178068777761e-18,-2.8752215860589581e-17,4.4108942503807471e-17,1.6659110012955497e-13,-2.9231658820995705e-10,-4.4671815445720964e-07,2.4692032157824784e-07,8.8254290973803788e-23,1.9968999169179106e-07,1.5398197047433726e-06,-6.4654067499780865e-07,0,0.021740957696207822,0.025052342016966767,5.2342686776608004e-18,0.043607437700078099,0.0092286197820460499,0.12329087058693085,5.1777598448874731e-06,0,0,0,0,0,0,0
6,0,lumen,0.0068421052631578941,0.00050000000000000001,0.0063157894736842104,0.007105263157894736,0,0.001,1000168.5457734102,1.3770071626406395,13.427501332223791,3017.1821417808301,0.16659267430621771,1173,1173,4.0528617098827674e-05,0.2309703064339105,0.59999999999999998,2,500000,0.00035,0.0001,0.077210397535492276,0.15273015678041157,1.0736161242719428e-17,0.17632954836834505,0.062279669097494397,0.52799570772949556,2.2726861496967607e-05,0.064622746105426107,0.073216150790422166,4.5052759356704967e-18,0.053799569306877522,0.41481167647671774,0.39354221864814015,7.638672416215221e-06,0.27122394452679016,0.0016459328722573565,1.1286910303020785e-09,0.0020483530307786883,2.0763388467097507e-05,0.38777880720675023,7.674822679672046e-05,7.78424886970371e-07,2.7154651601501357e-10,3.3900935367003681e-12,3.1502923126147151e-10,7.7066072819963468e-11,6.3629484185999888e-08,0.33720460689805726,nan,nan,nan,nan,nan,nan,nan,nan,nan,nan,nan,nan,nan,nan,0,0,0,0,0,0,0,-1.0884681625561273e-10,-6.8833264709678191e-14,-3.9869545507436147e-12,-2.8441341541699939e-10,-4.7228930835641059e-15,-2.0131491764406595e-10,1.6524235345287115e-13,1.0513508466591936e-14,2.5348847192724121e-16,3.2154550573368865e-19,-7.9853612342214059e-19,2.1727128702878562e-18,-8.703837918285553e-14,5.985468507702865e-10,nan,nan,nan,nan,nan,nan,nan,nan,nan,nan,nan,nan,nan,nan,-2.181891775986794e-07,1.8505944321400847e-07,-1.2937509008444517e-23,3.333511723579023e-08,6.8796898920753247e-07,-2.5124386249242292e-07,0,0.017430219267687532,0.035529705778124102,2.4163797708784934e-18,0.04059965879666342,0.014333305454930714,0.12086035415878944,5.217205422659727e-06,-7.7290699955445344e-05,8.3154847372744737e-05,-8.619312439757794e-21,2.7121955832095815e-05,5.1402769154329583e-05,-0.00012099283277900497,-3.4911425856668588e-11
6,1,lumen,0.0068421052631578941,0.0015,0.0063157894736842104,0.007105263157894736,0.001,0.002,1000168.2510163594,1.3744130241030019,13.402209263446995,3028.2360516375957,0.16637322599961624,1173,1173,4.051164854824971e-05,0.23074367229969184,0.59999999999999998,2,500000,0.00035,0.0001,0.078883248510758258,0.151185969248954,1.0934347659676551e-17,0.17590504539965052,0.062127356158633615,0.53117711781819787,2.2770482770368214e-05,0.06589851049814098,0.072339378706588492,4.5797992216471982e-18,0.053568957007481662,0.41301777193586814,0.3951677429338955,7.6389180254865843e-06,0.27141348888384598,0.0016646716596714823,1.1542757293868239e-09,0.0020627156158886319,2.0748215709160178e-05,0.38658779650652858,7.7453972429672842e-05,7.6482226411390544e-07,2.6848213805388158e-10,3.4397562989082878e-12,3.2165604608870484e-10,7.8750629946543338e-11,6.3445546306819863e-08,0.33817229505151197,nan,nan,nan,nan,nan,nan,nan,nan,nan,nan,nan,nan,nan,nan,0,0,0,0,0,0,0,-7.2646499424271875e-11,-2.4486154514871244e-13,-1.2887522587553366e-12,-2.2761039721295919e-10,-1.0966704974690877e-15,-1.5528897482144921e-10,1.7604633443816728e-13,-1.4505974546552558e-14,-3.8444983344648537e-17,-4.8231768022033905e-19,7.7522591526645485e-19,-1.4261551868208081e-18,3.5924023606577921e-14,4.5688311446857378e-10,nan,nan,nan,nan,nan,nan,nan,nan,nan,nan,nan,nan,nan,nan,-2.2439906366671786e-07,1.895359458825574e-07,3.8695180210299091e-23,3.5019675269932451e-08,7.0825693031240089e-07,-2.5919239776683867e-07,0,0.017763041650949621,0.035032159706592611,2.4558830429406411e-18,0.040345422209365017,0.014247289241818449,0.1211787973592051,5.2088928649960376e-06,-0.00021798901787175266,0.0002652862669146565,-2.1976827613326861e-20,0.00013601876830611094,0.00011112931616117986,-0.00031844743069416579,5.255520551518483e-10
6,2,lumen,0.0068421052631578941,0.0025000000000000001,0.0063157894736842104,0.007105263157894736,0.002,0.0030000000000000001,1000167.3978050783,1.4109631332999841,13.758629302411785,2963.2122380188575,0.16570624227108566,1173,1173,4.0444173988336143e-05,0.23050262755948314,0.59999999999999998,2,500000,0.00035,0.0001,0.081035412150116615,0.14158308782202547,1.1093682606988208e-17,0.1676555984082648,0.059947910738393971,0.52296806017775477,2.2169856971530188e-05,0.069496739770716853,0.069546205670619823,4.7701064625340309e-18,0.052414534049247535,0.4091275204879134,0.3994073648063895,7.6352151128604118e-06,0.2724362748269305,0.0017130122838758194,1.2276832451022601e-09,0.0021026263793631852,2.0526025813169845e-05,0.38259074090141787,7.9326911350775694e-05,7.2679951260829396e-07,2.5908795506070065e-10,3.5824979536072294e-12,3.4080296479842454e-10,8.3562862604706385e-11,6.2470500629810743e-08,0.34105670148651601,nan,nan,nan,nan,nan,nan,nan,nan,nan,nan,nan,nan,nan,nan,0,0,0,0,0,0,0,8.1744808702047214e-10,-1.6771582669069581e-13,2.7518225427446592e-11,2.0490221578457687e-09,1.5499754257852771e-14,1.6755934016590007e-09,6.5721473197805171e-14,1.3511002212862611e-13,-1.0691097767578525e-16,-2.2865281598242821e-19,1.0872044245187656e-18,-9.1247664681083731e-19,2.2414420634784369e-13,-4.5698544395250774e-09,nan,nan,nan,nan,nan,nan,nan,nan,nan,nan,nan,nan,nan,nan,-2.4229591041435156e-07,1.9984948096407606e-07,-7.8941347968433123e-24,4.0742943192663482e-08,7.6713925335758493e-07,-2.8506036009456892e-07,0,0.018659871758163502,0.033582288919986193,2.5505970623314458e-18,0.039332086825565861,0.014063521845858504,0.12198809575139281,5.1864496378307254e-06,-0.00045265794754349134,0.00058983440586901767,-4.3531216860443449e-20,0.00034609358903113757,0.00019731496514072255,-0.00063624677095280944,7.0118608293430871e-10
6,3,support,0.0068421052631578941,0.0035000000000000001,0.0063157894736842104,0.007105263157894736,0.0030000000000000001,0.0040000000000000001,1001371.3808157584,1.3496501037319226,13.144928085830651,3129.509021653414,0.16573576424790817,1173,1173,4.0283294534921802e-05,0.23041079625221977,0.40000000000000002,2,300000,0.00033700000000000001,0.0001,0.093962151278466188,0.13493123218462269,1.2531822964183409e-17,0.16562988145071753,0.06167847513648464,0.55922550709984553,2.3189852870016229e-05,0.076988451121696611,0.063322432831109735,5.1481314972358272e-18,0.049471537197717241,0.40216226196070659,0.40804768662723551,7.6302615343518618e-06,nan,nan,nan,nan,nan,nan,nan,nan,nan,nan,nan,nan,nan,nan,0.27534755877459849,0.0018138191977884281,1.387244091071667e-09,0.002191103353720524,1.9812500612512262e-05,0.37307949658081241,8.3327230022675519e-05,6.4950200951630742e-07,2.3870979995528808e-10,3.9010202769928292e-12,3.8285197409736747e-10,9.4099749602724915e-11,5.9820060456620898e-08,0.34746417093358761,0,0,0,0,0,0,0,nan,nan,nan,nan,nan,nan,nan,nan,nan,nan,nan,nan,nan,nan,-4.3933692452151393e-09,1.5387703483306959e-13,-1.8969968580116249e-10,-1.1924347424218779e-08,-6.4793981811861467e-14,-7.4015670816721807e-09,-1.2533863083953683e-13,-1.6045650051699223e-14,1.4256642887314702e-17,6.2746550507276526e-19,-3.6234764606122666e-18,4.4009576191953619e-18,-3.5470313219347672e-14,2.3909071361382768e-08,-2.8194727083076521e-07,2.4419395239227981e-07,-4.937768334938708e-23,4.5344701488486932e-08,8.9395232237554634e-07,-3.1555726887066982e-07,0,0.020652729681161722,0.030746544798696429,2.7364307132493177e-18,0.037266666202572948,0.013898316365562626,0.12467313849017887,5.190304391757436e-06,-1.5344557917838469e-05,-1.3612178255347103e-06,-1.4711693876635159e-20,-5.4348744723294163e-05,5.5521676829971544e-05,-8.8331219658726922e-05,-4.0247037947018341e-09
6,4,support,0.0068421052631578941,0.0045000000000000005,0.0063157894736842104,0.007105263157894736,0.0040000000000000001,0.0050000000000000001,1001030.1594124971,1.57005631333255,15.29678858778292,2803.5791861581233,0.14234291188388154,1173,1173,4.1022039616136009e-05,0.20700691315765227,0.40000000000000002,2,300000,0.00033700000000000001,0.0001,0.092693051588738126,0.11713039252557661,2.2737159021367653e-17,0.20199870790321134,0.041409197075897887,0.54554602396159435,2.325298130252459e-05,0.08838160030601401,0.063967113590423924,1.0869601682500848e-17,0.070211355172822357,0.31420026451381383,0.46323076288904047,8.9035278853664017e-06,nan,nan,nan,nan,nan,nan,nan,nan,nan,nan,nan,nan,nan,nan,0.25331620419804718,0.0027435572448438065,1.657254406480502e-09,0.002588524451509604,3.0256617469932887e-05,0.37949898331776333,0.00011138782086023965,4.6997333367833918e-07,2.217701335872328e-10,4.773095219425768e-12,4.5217204450623367e-10,1.2010984303278549e-10,8.0747514065951124e-08,0.36171053317257862,0,0,0,0,0,0,0,nan,nan,nan,nan,nan,nan,nan,nan,nan,nan,nan,nan,nan,nan,5.5613998001911534e-11,1.6223214772369807e-12,1.4895496744225622e-12,1.6472530662622817e-10,4.0787685728904677e-15,4.6833783704479381e-11,-1.5367362351707099e-12,8.2689606030472707e-14,-7.1547744366624921e-17,2.7343236962866163e-18,-1.3577005911936087e-17,1.7364774736916346e-17,8.0150299215329512e-14,-2.6891514071547008e-10,-3.9499597771254502e-07,2.0912737025424732e-07,-3.4465915574692027e-23,1.8582011729094947e-07,1.3707765902509772e-06,-5.8097941790791197e-07,0,0.020229345636852244,0.026439038602678044,5.0069753995638997e-18,0.045506135661423738,0.0091933086912782576,0.12075071577821671,5.1749354897225154e-06,0,0,0,0,0,0,0
7,0,lumen,0.0073684210526315788,0.00050000000000000001,0.007105263157894736,0.0074999999999999997,0,0.001,1000162.3388077482,1.3534150014120268,13.19753085410728,3054.3308820662555,0.16749760485856222,1173,1173,4.0549817729542921e-05,0.23201089492928134,0.59999999999999998,2,500000,0.00035,0.0001,0.074717980897293201,0.15987398643962042,1.0313296907909978e-17,0.17982736572839669,0.064296613707789024,0.53012305077596966,2.3003440241890435e-05,0.061465614800762042,0.07532816382741947,4.2537050487440194e-18,0.053927087814159599,0.4209109837416482,0.38836055060168412,7.5992143264821537e-06,0.27115257026983142,0.0015886758845357406,1.065459698715236e-09,0.0020061502495600137,2.0619282374378203e-05,0.39049090172899292,7.4620760615186043e-05,8.1727455090622012e-07,2.7930435335849985e-10,3.271055960046006e-12,2.988222892630931e-10,7.2880298773643107e-11,6.3650005167483026e-08,0.33466557917979495,nan,nan,nan,nan,nan,nan,nan,nan,nan,nan,nan,nan,nan,nan,0,0,0,0,0,0,0,-1.1025822040340329e-10,-5.8297574737794729e-14,-4.6217039405089965e-12,-2.5696572133602299e-10,-2.1186394652539242e-15,-1.9552717127682695e-10,9.682655913707272e-14,-2.2196654236861235e-14,1.6228831900127767e-16,-1.3174003814768285e-19,6.6476044225457876e-19,-3.2933476183171934e-19,-6.4640881852999641e-14,5.6742296953434931e-10,nan,nan,nan,nan,nan,nan,nan,nan,nan,nan,nan,nan,nan,nan,-2.0257866042202449e-07,1.7397295581922378e-07,1.5372447984529487e-22,2.8805942253805165e-08,6.366108955269123e-07,-2.3113225261495174e-07,0,0.016852225056085097,0.036418938930506781,2.3254955379752004e-18,0.040823775792567137,0.014547880959934711,0.12013260368225366,5.2170918767575271e-06,-8.0384796937721687e-05,9.0513634275668885e-05,-9.5927895420299941e-21,3.3048546740500685e-05,4.9028434579557296e-05,-0.00012030039775586168,1.43824757593835e-10
7,1,lumen,0.0073684210526315788,0.0015,0.007105263157894736,0.0074999999999999997,0.001,0.002,1000162.0568002334,1.3869846350588255,13.52488161983654,2985.7495472243718,0.16718349182800668,1173,1173,4.0529930006542423e-05,0.23182773660401501,0.59999999999999998,2,500000,0.00035,0.0001,0.074477478043843179,0.15403463049907101,1.0258965814151437e-17,0.17456470014882455,0.062487615922896492,0.51942992768845297,2.2443699861321967e-05,0.062787450843791934,0.074377013311502982,4.3362490836411084e-18,0.053647365414236051,0.4192150833645773,0.38996548885853904,7.5982073525787572e-06,0.27140323148869461,0.0016064131531981374,1.0915795872627259e-09,0.0020203767825936274,2.058615090442566e-05,0.38922139012036078,7.5301727209899357e-05,8.027615540452297e-07,2.7603250961712621e-10,3.3198946565942178e-12,3.0557242671136189e-10,7.4571014483568569e-11,6.3419761697527464e-08,0.33565183264464393,nan,nan,nan,nan,nan,nan,nan,nan,nan,nan,nan,nan,nan,nan,0,0,0,0,0,0,0,-1.1069448263876691e-10,4.023591082197921e-14,-3.8377573094294236e-12,-4.9372807533705285e-11,-1.0375814790686277e-15,-2.9826966612724048e-10,-3.2008776059423769e-14,3.0955273067068134e-14,-1.8563690859587981e-17,4.6142008649283199e-20,2.294558177179354e-19,-3.4573732686364253e-19,2.625159155711605e-14,4.6211048857156732e-10,nan,nan,nan,nan,nan,nan,nan,nan,nan,nan,nan,nan,nan,nan,-2.087340277333663e-07,1.7869756907540335e-07,-1.2080081577530537e-22,3.0338509912739182e-08,6.566074590014237e-07,-2.3902700507782981e-07,0,0.017192478806835089,0.035903168410781949,2.365273407658357e-18,0.040546189731592006,0.014467026308775841,0.12045582327524018,5.2085824569324015e-06,-0.00021191572956288679,0.00026420169019402161,-2.2915332934213032e-20,0.00013575347907100464,0.00010336693098709404,-0.00030160165248831352,6.6168619789446308e-10
7,2,lumen,0.0073684210526315788,0.0025000000000000001,0.007105263157894736,0.0074999999999999997,0.002,0.0030000000000000001,1000161.2369137834,1.3624411833644414,13.285562333360891,3052.8535416769591,0.16661010249864211,1173,1173,4.0461862538233624e-05,0.2316536658542421,0.59999999999999998,2,500000,0.00035,0.0001,0.08002970419726893,0.15095694360660736,1.091933004041852e-17,0.1739040813370237,0.06306881190329261,0.53424512480297082,2.2834039903432777e-05,0.066274364123496243,0.071601138305577544,4.5337033530383255e-18,0.052498659652091412,0.41562729753581712,0.3939909468145455,7.5935684720777496e-06,0.27245065736186258,0.0016503960934846303,1.1616273337022081e-09,0.0020579336151730714,2.0360150845913368e-05,0.38534437412310679,7.7031690922841565e-05,7.645829326408921e-07,2.667558406234347e-10,3.4514695698438886e-12,3.2378538248654682e-10,7.9097583527972658e-11,6.245520870298696e-08,0.33839841809174492,nan,nan,nan,nan,nan,nan,nan,nan,nan,nan,nan,nan,nan,nan,0,0,0,0,0,0,0,7.8952905449638193e-10,-8.4398608918161263e-14,2.7768467600863349e-11,2.0306520618262931e-09,1.4122058557275441e-14,1.517530243393822e-09,5.7676493808033514e-15,1.0844515389851761e-13,-1.122357192422711e-16,-1.2868795171368958e-19,5.7696473280911924e-19,-4.8374805644520223e-19,1.7983135882320038e-13,-4.3657037154075317e-09,nan,nan,nan,nan,nan,nan,nan,nan,nan,nan,nan,nan,nan,nan,-2.2538133264988353e-07,1.8793743999934165e-07,-8.1969303531588795e-22,3.589829160267558e-08,7.1156413378181682e-07,-2.6328251473417552e-07,0,0.01808506505618725,0.034442031343244146,2.4585792002183393e-18,0.039535902583769517,0.014289042140780509,0.12124950465785031,5.1864911623559327e-06,-0.00043394013959849564,0.00057189238282307907,-3.5094114942251249e-20,0.00031831051817581739,0.00019074814137077424,-0.00060248388580934407,3.5325692500143891e-10
7,3,support,0.0073684210526315788,0.0035000000000000001,0.007105263157894736,0.0074999999999999997,0.0030000000000000001,0.0040000000000000001,1001321.0964130483,1.3500506504583534,13.149489522599676,3111.3320632529967,0.16669316335823778,1173,1173,4.0308860287881718e-05,0.23156012765772399,0.40000000000000002,2,300000,0.00033700000000000001,0.0001,0.089594770431079829,0.13968505705447481,1.1770112077753105e-17,0.16666440124037568,0.062698075139472786,0.55106225016450217,2.3062787001196729e-05,0.073435485573970422,0.065576122606267565,4.8368949761309566e-18,0.049797809491255618,0.40895222328058767,0.40223076796216062,7.5910857580521758e-06,nan,nan,nan,nan,nan,nan,nan,nan,nan,nan,nan,nan,nan,nan,0.27520135108398741,0.0017427425343446051,1.311464619592041e-09,0.0021406725118442403,1.9712936149148103e-05,0.37642063952841426,8.0732928774238913e-05,6.8767699491766192e-07,2.4706195945162632e-10,3.7411661874365847e-12,3.6311239532524144e-10,8.886830877652577e-11,6.0017557799015903e-08,0.34439339876768488,0,0,0,0,0,0,0,nan,nan,nan,nan,nan,nan,nan,nan,nan,nan,nan,nan,nan,nan,-4.2912869677962489e-09,-1.163042625283219e-13,-1.7783327712944021e-10,-1.1410347621034097e-08,-6.4056399073919579e-14,-7.5164118178237121e-09,1.2965276223453635e-13,-4.3583843131744793e-15,6.3500716042255863e-17,-4.7847992083843672e-19,2.4927392782136368e-18,-3.0993910062194013e-18,-2.498325886896875e-14,2.3395959780399641e-08,-2.6169915621349071e-07,2.3048287006721679e-07,-2.1225064644435291e-23,3.8910624524854393e-08,8.266871128204123e-07,-2.8937719509514181e-07,0,0.020015356301462946,0.031680653172899045,2.6217138298988338e-18,0.03760431194304803,0.01413282933085986,0.12387003299330535,5.1923959587235266e-06,-1.5638036875941745e-05,-2.0510119738451903e-06,-1.5089581848131963e-20,-6.006806782165741e-05,5.9654027637941023e-05,-9.4316298448773246e-05,-4.3712059893560618e-09
7,4,support,0.0073684210526315788,0.0045000000000000005,0.007105263157894736,0.0074999999999999997,0.0040000000000000001,0.0050000000000000001,1000986.5922785867,1.6025905649497225,15.614443781405352,2738.7515563779207,0.14026209846402143,1173,1173,4.1115558477753438e-05,0.2064684384285605,0.40000000000000002,2,300000,0.00033700000000000001,0.0001,0.087342923052410995,0.11937143908808509,2.1892727447988621e-17,0.20472554936860371,0.040685056678011207,0.531508557084032,2.2946792336459261e-05,0.085009733946611293,0.066544756327967095,1.0683254014571165e-17,0.072636860215714721,0.31511633444548431,0.46068334631831781,8.9687459049117969e-06,nan,nan,nan,nan,nan,nan,nan,nan,nan,nan,nan,nan,nan,nan,0.25184730502395619,0.0027008947469825471,1.5824465890278394e-09,0.0025555847509634486,3.0985512679381162e-05,0.38365688318441615,0.00010981303209981653,4.8944748549579402e-07,2.2935887099551141e-10,4.5853664275773286e-12,4.3184384372589334e-10,1.1466123342717887e-10,8.281040364754269e-08,0.35909795912811759,0,0,0,0,0,0,0,nan,nan,nan,nan,nan,nan,nan,nan,nan,nan,nan,nan,nan,nan,7.9132997568962853e-11,8.5092429573989972e-13,-1.0257990105802464e-11,4.273786540938792e-11,-8.7531978193444715e-15,4.374908513802081e-10,-6.9663586334950902e-13,2.5343691988782835e-13,2.3920594748913791e-16,3.8616075159501109e-18,-1.4223155255697317e-17,2.4439374160209616e-17,1.6944518380306761e-13,-5.4967236372360832e-10,-3.7352301851967945e-07,1.928690485097917e-07,9.937412056739572e-23,1.8022632275423071e-07,1.3007869107684034e-06,-5.538023986617624e-07,0,0.019514209349390625,0.027079512904985392,4.9154184196831333e-18,0.04642432504519764,0.0091588625332056847,0.11953625772248007,5.1734017324937857e-06,0,0,0,0,0,0,0
8,0,lumen,0.0076315789473684215,0.00050000000000000001,0.0074999999999999997,0.0077631578947368425,0,0.001,1000159.2222604327,1.3500795317339378,13.165046772707273,3054.496929694184,0.16787083195429603,1173,1173,4.055980840495628e-05,0.23250548816275801,0.59999999999999998,2,500000,0.00035,0.0001,0.07307170940427328,0.16242468491050449,1.0085914437143567e-17,0.18044314083291868,0.064899224081959417,0.52806230350274497,2.3003203504693636e-05,0.059963377926131753,0.076341612777187887,4.1496823335995562e-18,0.05397855867844259,0.42381017884494343,0.38589869134150323,7.5804317912739822e-06,0.27111601182855499,0.0015622284448143851,1.0357174406824943e-09,0.0019863324232754572,2.0548842630782035e-05,0.39176581532578408,7.3630664817102856e-05,8.3629745278428338e-07,2.8302300186193615e-10,3.2167608480085956e-12,2.9122624162090093e-10,7.0933543915203116e-11,6.3650308565278273e-08,0.33347453083824302,nan,nan,nan,nan,nan,nan,nan,nan,nan,nan,nan,nan,nan,nan,0,0,0,0,0,0,0,-1.0479796639988027e-10,-6.757703823001305e-14,-3.4826266313263974e-12,-2.6558892318220668e-10,-2.0418779514419505e-15,-1.962174075564177e-10,8.8919002263630856e-14,-2.8820045308575182e-14,1.1883021391320246e-16,-1.8868429535152407e-19,7.1339111424960724e-19,-6.0775361012986761e-19,-5.4861585316100747e-14,5.701512593565188e-10,nan,nan,nan,nan,nan,nan,nan,nan,nan,nan,nan,nan,nan,nan,-1.9536969258614895e-07,1.6882143821783657e-07,-3.9057647449370063e-24,2.6748040036506149e-08,6.1291994082890433e-07,-2.2185561959764399e-07,0,0.016482690803294637,0.036990873537736307,2.2740574678827794e-18,0.040959640501990899,0.014685429765040087,0.11966896666640679,5.2169541142843917e-06,-8.1477727003875265e-05,9.4121425316826424e-05,-7.9319870046357047e-21,3.6145633207205067e-05,4.7542402040427195e-05,-0.00011946458934902925,2.6174901159820273e-10
8,1,lumen,0.0076315789473684215,0.0015,0.0074999999999999997,0.0077631578947368425,0.001,0.002,1000158.9464042725,1.3767010350595341,13.424645060895246,3000.8036345737387,0.16769309016602443,1173,1173,4.053847815028757e-05,0.23234605240130066,0.59999999999999998,2,500000,0.00035,0.0001,0.073257298052337702,0.1572223258858319,1.0053190017066727e-17,0.17595247860396032,0.063398282388931526,0.51998946642045585,2.2552939352498103e-05,0.061301079877382432,0.075353585171927751,4.2177794771190763e-18,0.053673102611805149,0.42217234054653363,0.38749231318894961,7.5786034014313809e-06,0.27139815782177762,0.0015794577692227437,1.0619783127084584e-09,0.002000479613768427,2.0506510820950707e-05,0.39045772342267815,7.4298730528542321e-05,8.2134975881845835e-07,2.7965071858896679e-10,3.2649461570605475e-12,2.9800557356397028e-10,7.261984904589211e-11,6.339650651158506e-08,0.33446848966942239,nan,nan,nan,nan,nan,nan,nan,nan,nan,nan,nan,nan,nan,nan,0,0,0,0,0,0,0,-5.8712976605900088e-11,-2.9179967938744901e-14,-2.3103487315130229e-12,-2.5274841825145059e-10,-1.0959115559483479e-15,-7.6157925885805833e-11,1.9508647469747617e-14,2.6630607441457954e-14,-2.7867832348257273e-17,-9.5478062142840542e-20,4.9735697405459242e-19,-7.4256781655648977e-19,3.4802604877029931e-14,3.8987890675123285e-10,nan,nan,nan,nan,nan,nan,nan,nan,nan,nan,nan,nan,nan,nan,-2.0147717537041809e-07,1.7332068802389244e-07,-3.1119252953794435e-23,2.8234895314614775e-08,6.3270267923465351e-07,-2.2946162997472541e-07,0,0.016826542166422587,0.036465530495921633,2.3074428521472267e-18,0.040668705954517943,0.014607827580975953,0.11999416050678026,5.2084025755154175e-06,-0.00020994520833823627,0.00026404678685524479,-1.7859735407405053e-20,0.00013487264074105854,0.00010078862616680483,-0.00029585836338060455,6.4354040623713492e-10
8,2,lumen,0.0076315789473684215,0.0025000000000000001,0.0074999999999999997,0.0077631578947368425,0.002,0.0030000000000000001,1000158.1430560406,1.3610822860583458,13.272352384561371,3048.3770047510002,0.16704684625521241,1173,1173,4.0470282881225691e-05,0.23219439575718545,0.59999999999999998,2,500000,0.00035,0.0001,0.078266425690927663,0.15317927072962864,1.0538679849260668e-17,0.17419421465118129,0.063596614887565586,0.5313102305968791,2.2798173695549898e-05,0.064749709010165121,0.072582979619198809,4.3713067262786323e-18,0.052533958967538492,0.41868883097867676,0.39143694732191731,7.5741025034236794e-06,0.27245080732046506,0.001621751573649836,1.1307463507109807e-09,0.0020371027058663153,2.0281161630599554e-05,0.38663354333827332,7.5972860436255025e-05,7.8298300605041872e-07,2.7041307565238809e-10,3.3920223702084582e-12,3.1585727197031581e-10,7.7034817390039207e-11,6.2441265554518501e-08,0.33715969381796373,nan,nan,nan,nan,nan,nan,nan,nan,nan,nan,nan,nan,nan,nan,0,0,0,0,0,0,0,7.723651315731353e-10,2.6566036302634345e-14,2.7062738649335151e-11,1.9730215809120075e-09,1.302636384176159e-14,1.4908138146283584e-09,-5.6154446941699273e-14,1.2565556234411801e-13,-8.2830849399775904e-17,1.7577597710274641e-19,-1.1626798991257072e-20,4.5413230217881304e-19,1.5699256058733021e-13,-4.2635292520642878e-09,nan,nan,nan,nan,nan,nan,nan,nan,nan,nan,nan,nan,nan,nan,-2.1762559970685963e-07,1.8247047328667776e-07,7.1773648076979995e-23,3.3636954335776556e-08,6.8604634709257262e-07,-2.5320852770072122e-07,0,0.017715658681164582,0.034997681023097797,2.3838717053323686e-18,0.039662486737596363,0.014433251442954657,0.12077794732997758,5.1865553337356008e-06,-0.00042449251411154267,0.00056314114278659144,-3.6973779330754885e-20,0.00030569703278532709,0.00018702724697344214,-0.00058947960479205743,2.2568931963146428e-10
8,3,support,0.0076315789473684215,0.0035000000000000001,0.0074999999999999997,0.0077631578947368425,0.0030000000000000001,0.0040000000000000001,1001295.8350573867,1.3447833395963626,13.098516379404982,3115.2611210713148,0.16715458891210605,1173,1173,4.0321094541034454e-05,0.2321039052463669,0.40000000000000002,2,300000,0.00033700000000000001,0.0001,0.087868654629332715,0.14254620978052637,1.1456975499450853e-17,0.16781024052418486,0.063437809683909621,0.54941245464543731,2.30959120948673e-05,0.071741507941070495,0.066659902307473165,4.6899612862678475e-18,0.049945810723668459,0.4121732089376321,0.39947199756993379,7.5725202220755179e-06,nan,nan,nan,nan,nan,nan,nan,nan,nan,nan,nan,nan,nan,nan,0.27512757090811624,0.0017101069162174022,1.2758388599863167e-09,0.0021170731320429978,1.9663121094151526e-05,0.37798775765651388,7.9531424793903918e-05,7.0642786759788149e-07,2.5107149073913082e-10,3.6681212468818052e-12,3.5386510074836026e-10,8.6438872448035512e-11,6.0100076306195541e-08,0.34295752834239618,0,0,0,0,0,0,0,nan,nan,nan,nan,nan,nan,nan,nan,nan,nan,nan,nan,nan,nan,-4.2781711060405735e-09,4.3930287431437673e-14,-1.5859128069836117e-10,-1.1113664341148186e-08,-5.9696822138355365e-14,-7.1961376347812883e-09,-2.6386111286210627e-14,-1.6597400537277096e-14,1.8262916511732701e-17,2.3027155997358046e-19,-1.4015564768400091e-18,1.654576447161684e-18,-3.1345405296159614e-14,2.2746654198884568e-08,-2.5239774249698893e-07,2.2393187742997256e-07,1.3401559945069396e-22,3.5820701653409859e-08,7.9562876048600017e-07,-2.7726331419675176e-07,0,0.019604371768586922,0.032287796682532337,2.5509355425374581e-18,0.037816724089324245,0.014282765854644391,0.123355675970432,5.1938165438319012e-06,-1.5612765577527018e-05,-2.5821070041181147e-06,-1.531522196646536e-20,-6.3055544780087414e-05,6.172542801148145e-05,-9.5836327507850899e-05,-4.5540755497532172e-09
8,4,support,0.0076315789473684215,0.0045000000000000005,0.0074999999999999997,0.0077631578947368425,0.0040000000000000001,0.0050000000000000001,1000964.899183183,1.5498700614093894,15.101101894824657,2827.8840959988233,0.14067530908084172,1173,1173,4.1164730513719219e-05,0.20615354242308573,0.40000000000000002,2,300000,0.00033700000000000001,0.0001,0.088482172809804235,0.12590539991180333,2.2480714599756528e-17,0.21543759170261409,0.042111374706839476,0.54811576463947209,2.3821055192143517e-05,0.083287309572794205,0.067879695579321303,1.0609524402756284e-17,0.073924538714281313,0.31544055574361346,0.45945889602999707,9.0043599924606058e-06,nan,nan,nan,nan,nan,nan,nan,nan,nan,nan,nan,nan,nan,nan,0.25106961695580521,0.0026812918745177678,1.544785768946487e-09,0.0025395886397916404,3.1377252506762273e-05,0.38575945583412502,0.00010907088104973401,4.9929325753994044e-07,2.3323247070995911e-10,4.4919228587302433e-12,4.2162283301618711e-10,1.1194144709163743e-10,8.3899070157948422e-08,0.3578090130538028,0,0,0,0,0,0,0,nan,nan,nan,nan,nan,nan,nan,nan,nan,nan,nan,nan,nan,nan,7.929690853844673e-11,4.7580023410444357e-13,-4.4823127358727044e-12,7.7871454574939417e-11,1.4367413508908911e-14,2.9381635850440208e-10,-5.9359271411541472e-13,-4.4962406194060112e-14,-2.0714545089278333e-16,-7.165723797996523e-19,1.1848517516621552e-18,-4.7653822097921933e-18,7.8648873713615432e-14,-4.4643222505574294e-10,-3.6295328374562341e-07,1.8512187333064034e-07,-1.6969015374029006e-23,1.7754202864046489e-07,1.2663759561132304e-06,-5.4057768639204085e-07,0,0.019050852327103192,0.027488921319418054,4.8631507074863231e-18,0.047026425663047523,0.0091305464413463204,0.11874512297690967,5.1723364516256962e-06,0,0,0,0,0,0,0
9,0,lumen,0.0078947368421052634,0.00050000000000000001,0.0077631578947368425,0.0080263157894736835,0,0.001,1000156.0974065122,1.3571944775941298,13.234468179028124,3031.4438431101858,0.16831056424027005,1173,1173,4.0569375578272114e-05,0.23297766307819229,0.59999999999999998,2,500000,0.00035,0.0001,0.070943290539988754,0.16364411836323417,9.7848680536323353e-18,0.1796415459292964,0.064981030753000033,0.52208731444536449,2.2828191938541171e-05,0.058523762461324444,0.077320345489587092,4.0470505935304074e-18,0.05402213918136501,0.4265820355858268,0.38354415485436727,7.5624275292958559e-06,0.27107700701380683,0.0015373706948185108,1.0074160690622713e-09,0.0019675025820655406,2.0481145723225288e-05,0.39298194083924548,7.2695515692592315e-05,8.5486909773396864e-07,2.8660933860141565e-10,3.1661396013617136e-12,2.8401462749062439e-10,6.9094563712582708e-11,6.3647431111021577e-08,0.33234208204181803,nan,nan,nan,nan,nan,nan,nan,nan,nan,nan,nan,nan,nan,nan,0,0,0,0,0,0,0,-1.0396554855942793e-10,-4.654913720211597e-14,-3.4361535682745144e-12,-2.5871779522063173e-10,-6.6938642129255044e-16,-1.958259229686149e-10,4.6523301255875421e-14,-2.7084020789991392e-14,1.1113575441943036e-16,-4.1102575880308962e-19,1.5587238434535931e-18,-1.7473887743777304e-18,-3.2591050007929469e-14,5.6200558078610754e-10,nan,nan,nan,nan,nan,nan,nan,nan,nan,nan,nan,nan,nan,nan,-1.8858686328098589e-07,1.6382532730396804e-07,-2.3942785713723196e-23,2.4960858254509547e-08,5.9078372607879182e-07,-2.1329243365952877e-07,0,0.016127039309254829,0.037544146544145049,2.2233938529775571e-18,0.041084207086570235,0.01481823572111644,0.11922382627494076,5.2167765915425738e-06,-8.0650675451920411e-05,9.4596427313041736e-05,-7.3732061071333135e-21,3.7949045062305462e-05,4.5397472735688186e-05,-0.00011601442065511651,3.3729316043915277e-10
9,1,lumen,0.0078947368421052634,0.0015,0.0077631578947368425,0.0080263157894736835,0.001,0.002,1000155.8274858871,1.3553073687918953,13.216069901511297,3040.9942410965909,0.16802870918291898,1173,1173,4.0547361382380275e-05,0.23283981825393107,0.59999999999999998,2,500000,0.00035,0.0001,0.072647026214210292,0.16176920347942136,9.9514120623642505e-18,0.17882522518138355,0.064833847117193255,0.52492438646581152,2.2852865039840744e-05,0.059845925112754897,0.076328207822057736,4.1102118080801499e-18,0.0537018945249986,0.42502413466504102,0.38509227779850658,7.5600766412099881e-06,0.27137420917974753,0.0015537706985392389,1.033192846340434e-09,0.0019812305197892278,2.0433934775391863e-05,0.39168045459648138,7.3336716801102351e-05,8.3989764038633142e-07,2.8324183304982555e-10,3.2126421841828882e-12,2.9066159570896257e-10,7.0738015946553881e-11,6.3384856685000165e-08,0.33331565939035696,nan,nan,nan,nan,nan,nan,nan,nan,nan,nan,nan,nan,nan,nan,0,0,0,0,0,0,0,-7.3591066424932538e-11,2.531041882284648e-14,-2.3908931559765846e-12,-1.8192661943055299e-10,7.7520455332713567e-17,-1.5554674800792589e-10,-4.6858678438233677e-14,1.4481037896585391e-14,-4.778147369572567e-17,-2.2562643677090944e-19,1.1267025572621141e-18,-1.6897831798118044e-18,3.8028149851632286e-14,4.1342446115230821e-10,nan,nan,nan,nan,nan,nan,nan,nan,nan,nan,nan,nan,nan,nan,-1.9450645178265696e-07,1.6803952845867443e-07,-3.4699780234811855e-23,2.6624808468160278e-08,6.101881385445207e-07,-2.2095172658165296e-07,0,0.016475333120049316,0.037007421468950669,2.2551572879783596e-18,0.040782292088593068,0.014742883693650856,0.11955195067359331,5.208236337660166e-06,-0.00020956892742317874,0.00026632052978326425,-1.8112821881860202e-20,0.00013465307456331479,9.9063117350231376e-05,-0.00029160234477283047,6.4242273796435757e-10
9,2,lumen,0.0078947368421052634,0.0025000000000000001,0.0077631578947368425,0.0080263157894736835,0.002,0.0030000000000000001,1000155.0406589895,1.3595650271901956,13.25759822778072,3044.5467082794662,0.16746218735565843,1173,1173,4.0478517622745855e-05,0.2327088811875242,0.59999999999999998,2,500000,0.00035,0.0001,0.076579823959232254,0.15536088346941973,1.0295183294908455e-17,0.17449296439664577,0.064112083492765023,0.52858305614888201,2.2767772059301968e-05,0.06328395801319435,0.073534886588740661,4.2655604664434031e-18,0.052565557398377045,0.42161321651439043,0.38899482589144241,7.5555938549165753e-06,0.27244341635056119,0.0015948562939322943,1.1012789304442863e-09,0.0020173029979242223,2.020641454737149e-05,0.38786856207629966,7.4973257389070793e-05,8.0098333667091939e-07,2.7395118502840913e-10,3.3363951940762352e-12,3.0830821119473732e-10,7.5081648150500739e-11,6.2427694218175051e-08,0.33597981743632599,nan,nan,nan,nan,nan,nan,nan,nan,nan,nan,nan,nan,nan,nan,0,0,0,0,0,0,0,7.5933421600641345e-10,1.3399499013077521e-13,2.6982084171197624e-11,1.9561484751662154e-09,1.2268398102976974e-14,1.4251691844886782e-09,-1.4946623489766719e-13,1.1627829775429088e-13,-9.2329452571855134e-17,4.8674295109465569e-19,-1.1380365343165274e-18,1.8015830631727905e-18,1.3689315963318753e-13,-4.1678837050202243e-09,nan,nan,nan,nan,nan,nan,nan,nan,nan,nan,nan,nan,nan,nan,-2.1031709662115011e-07,1.7722018719190658e-07,-1.1439527608713156e-22,3.1644492848649377e-08,6.6213519309132884e-07,-2.4389077329933784e-07,0,0.017358315525353534,0.035537828131756766,2.3312782979313453e-18,0.039781671196068513,0.014572092610933885,0.12032283766119042,5.1866587340316835e-06,-0.0004136007974238627,0.00055172124481021206,-3.4099203003421542e-20,0.00029245840906196485,0.00018279052740649494,-0.00056892564072631702,1.0079264654747127e-10
9,3,support,0.0078947368421052634,0.0035000000000000001,0.0077631578947368425,0.0080263157894736835,0.0030000000000000001,0.0040000000000000001,1001270.4972905846,1.3145901813994505,12.804751708493374,3178.6071066990335,0.16760030561034786,1173,1173,4.0333478508903137e-05,0.23262079605629316,0.40000000000000002,2,300000,0.00033700000000000001,0.0001,0.087815088745564401,0.14815942073787935,1.1391957426738125e-17,0.17215468596867267,0.065380458049449086,0.55827725394884975,2.3570766287520738e-05,0.070089784182899892,0.067730974502775779,4.5587594950655908e-18,0.050089709134097604,0.41526812098748139,0.39681385630388694,7.5548888583386534e-06,nan,nan,nan,nan,nan,nan,nan,nan,nan,nan,nan,nan,nan,nan,0.27503958102456127,0.0016792592981746993,1.2413991585975755e-09,0.0020944384822692438,1.9618293753115454e-05,0.37951567568666539,7.838845343818279e-05,7.2504366121059519e-07,2.550175875942663e-10,3.5988729727355609e-12,3.4494413029598197e-10,8.4110540377724229e-11,6.018670617895776e-08,0.34157225160173221,0,0,0,0,0,0,0,nan,nan,nan,nan,nan,nan,nan,nan,nan,nan,nan,nan,nan,nan,-4.1625070930458353e-09,2.2920750461597171e-15,-1.6153677072187238e-10,-1.0825598358675947e-08,-6.0374340075941557e-14,-7.425963367987086e-09,-3.7458326300624753e-15,-1.0108450534951352e-14,2.5891093867924562e-17,-6.2374229404983019e-20,-2.3469962581363875e-19,1.4426619249111247e-19,-1.2548903823373945e-14,2.2575690122663053e-08,-2.4351505235019333e-07,2.1787178272614227e-07,1.3840343068856667e-22,3.3230852698396089e-08,7.6634181749024588e-07,-2.6608177922105014e-07,0,0.01920710621243393,0.032878578023465624,2.4967081431264798e-18,0.038017985333951447,0.014426479455717867,0.12286247327860611,5.1952630114562727e-06,-1.5655797107444264e-05,-2.9992885098899292e-06,-1.551947707665303e-20,-6.5834422083856805e-05,6.3767416612851071e-05,-9.6525354487256445e-05,-4.7338826100869731e-09
9,4,support,0.0078947368421052634,0.0045000000000000005,0.0077631578947368425,0.0080263157894736835,0.0040000000000000001,0.0050000000000000001,1000943.2695384471,1.5755732534290918,15.351871735611015,2778.1228903233109,0.13911653523470979,1173,1173,4.1212005060840972e-05,0.20582748694219288,0.40000000000000002,2,300000,0.00033700000000000001,0.0001,0.085342312300282247,0.12616683541587614,2.1976158317896826e-17,0.2154836411273231,0.041449291811400855,0.53788433588300533,2.352433230036291e-05,0.081665787698958506,0.069150199021509318,1.0543632843860027e-17,0.075168197862007749,0.31563700963320329,0.4583697659211885,9.0398631324421192e-06,nan,nan,nan,nan,nan,nan,nan,nan,nan,nan,nan,nan,nan,nan,0.25031376072311495,0.0026644257749423501,1.5096644173143935e-09,0.0025251282295584267,3.1762971853530349e-05,0.38773121195302901,0.0001084173466603015,5.084567837362131e-07,2.3687745548386002e-10,4.4054550732744262e-12,4.1209855602991e-10,1.0942063452062401e-10,8.4955558979414557e-08,0.3566246973160685,0,0,0,0,0,0,0,nan,nan,nan,nan,nan,nan,nan,nan,nan,nan,nan,nan,nan,nan,-1.0989712579664309e-10,6.9392328701626879e-13,6.3118800985810812e-11,6.8925471074536786e-10,-3.1571316741474398e-14,-1.8856470678516382e-09,-5.5169461014353801e-13,3.6502853691111614e-13,4.3829872098265511e-16,4.4309009757584133e-18,-1.4551585043164812e-17,2.8468721315730534e-17,2.8937637838586921e-13,1.2424053724976651e-09,-3.5330431509810606e-07,1.7948113084642614e-07,5.2395600070287311e-23,1.7564508926478805e-07,1.2354237926281986e-06,-5.2957557522548271e-07,0,0.018599790910625916,0.027880942020283222,4.7994402048804334e-18,0.047621288543581781,0.0090975517717210679,0.11797033592210186,5.1712291078212615e-06,0,0,0,0,0,0,0
10,0,lumen,0.0081578947368421053,0.00050000000000000001,0.0080263157894736835,0.0081743421052631569,0,0.001,1000152.9645530323,1.3558568813626153,13.221466234510672,3027.7448407149873,0.1686558890573748,1173,1173,4.057797094956172e-05,0.23343112852412479,0.59999999999999998,2,500000,0.00035,0.0001,0.069363548818749551,0.1657621646808308,9.560515341190427e-18,0.17990747682528896,0.065447466071119287,0.51956068928390897,2.2797939308445968e-05,0.057164359447293506,0.07824415791813645,3.9503728598059413e-18,0.054048958853452005,0.42922195575078692,0.38131302304447923,7.5449858518909129e-06,0.27104680967782357,0.0015141839797858554,9.8087441846413052e-10,0.0019498127215310547,2.0413270527545707e-05,0.39411389280771009,7.1820199997775922e-05,8.7272710025107758e-07,2.9000048289454236e-10,3.1195789592920742e-12,2.7726837531075745e-10,6.7380931635477207e-11,6.363220409393149e-08,0.33128212936467621,nan,nan,nan,nan,nan,nan,nan,nan,nan,nan,nan,nan,nan,nan,0,0,0,0,0,0,0,-1.0226196543774799e-10,1.3720295847683862e-13,-2.9392909794090732e-12,-2.5730204604515826e-10,4.8843307870471975e-16,-2.0987260475509306e-10,-1.231392175586127e-13,-3.239465987125989e-14,5.3685550229367129e-17,-1.9809490299834112e-19,9.1831813167320143e-19,-1.1585551630012116e-18,-4.0224383322275558e-14,5.7243379463940086e-10,nan,nan,nan,nan,nan,nan,nan,nan,nan,nan,nan,nan,nan,nan,-1.82289542217072e-07,1.5911656581213407e-07,-8.1801783614309509e-24,2.338586032178868e-08,5.7031452421751894e-07,-2.0542104650633775e-07,0,0.01593479125347767,0.037844707480154588,2.1966874253449788e-18,0.041148555770624609,0.014890187834470032,0.11898425657464595,5.216669420065263e-06,-8.1756490585018743e-05,9.7511208814813309e-05,-6.9505845210141018e-21,3.994047188527587e-05,4.4373872932123481e-05,-0.00011707422885559268,3.6199297679121503e-10
10,1,lumen,0.0081578947368421053,0.0015,0.0080263157894736835,0.0081743421052631569,0.001,0.002,1000152.7005647448,1.3939315981121529,13.592750588579326,2950.2262090382364,0.16848706545620198,1173,1173,4.055490479580608e-05,0.23331035157157021,0.59999999999999998,2,500000,0.00035,0.0001,0.069046334800388132,0.1591362737174937,9.4392383901886086e-18,0.17390790542867954,0.063435050989301828,0.50739950802774936,2.2167816651282771e-05,0.05850087938647517,0.077225979230195765,4.0097885237820103e-18,0.053713712737719146,0.42770675926160318,0.38284512691585071,7.5424681560511264e-06,0.27136513217797803,0.0015301469666196229,1.0067645435932326e-09,0.0019634141755329893,2.0359957196100725e-05,0.39278940595729056,7.2449134147062691e-05,8.5742028767924551e-07,2.8656283307341876e-10,3.165553449381661e-12,2.8393751021289931e-10,6.9020612530316065e-11,6.3354081556869465e-08,0.33225816920746859,nan,nan,nan,nan,nan,nan,nan,nan,nan,nan,nan,nan,nan,nan,0,0,0,0,0,0,0,-9.1335844027017861e-11,4.3129968309134525e-13,-1.5327242364421228e-12,-1.2021484350075945e-10,-1.7893672654700765e-15,-2.3870815176949001e-10,-3.09394664056947e-13,9.7111338068223141e-14,2.293085330399915e-17,1.1444935675704275e-18,-2.2855641389814883e-18,3.5341302528073647e-18,8.8070001242044453e-15,4.5156536825710964e-10,nan,nan,nan,nan,nan,nan,nan,nan,nan,nan,nan,nan,nan,nan,-1.8816553739534753e-07,1.6347968651020395e-07,5.7576424001517776e-24,2.4925987640791754e-08,5.8947304801271194e-07,-2.1297287472465953e-07,0,0.016284652160318096,0.037303014881074341,2.2633423908339248e-18,0.040841022958284449,0.014816173372479959,0.1193135029267486,5.2081439135428716e-06,-0.00020679416778670917,0.0002657174414914782,-1.7441910114198463e-20,0.00013376305115828671,9.6457589957737083e-05,-0.00028987722714125103,6.4936541095189683e-10
10,2,lumen,0.0081578947368421053,0.0025000000000000001,0.0080263157894736835,0.0081743421052631569,0.002,0.0030000000000000001,1000151.9300453765,1.3455795076720583,13.121261301785973,3069.2088472516025,0.16786619786558538,1173,1173,4.048632045308266e-05,0.23319926583274958,0.59999999999999998,2,500000,0.00035,0.0001,0.075664767345409931,0.15892614531682117,1.014244345403742e-17,0.17638743216578298,0.065206587031258742,0.53088058043182185,2.2950611638862871e-05,0.06188475869089112,0.074448821149147443,4.1590615288147277e-18,0.052589824531306929,0.42440112452122741,0.38666793316068493,7.5379467421609538e-06,0.27243375394909292,0.0015696696100956655,1.0733475108491097e-09,0.0019985651190744143,2.0134492877014498e-05,0.38903980215625189,7.4032682258458698e-05,8.184732851830084e-07,2.7734530481954414e-10,3.2846612703580589e-12,3.0116837493170782e-10,7.3243418761146028e-11,6.241052085097862e-08,0.33486315937815453,nan,nan,nan,nan,nan,nan,nan,nan,nan,nan,nan,nan,nan,nan,0,0,0,0,0,0,0,7.9073469526285344e-10,4.705557688699272e-13,1.9736130140442967e-11,1.785623061826949e-09,1.2052858711086856e-14,1.8142858675910395e-09,-3.467288325161623e-13,1.7581834425850484e-13,-2.953652747600553e-17,1.6133418716733049e-18,-4.0578854553406682e-18,6.1140187988177508e-18,9.1158293834980501e-14,-4.4107827392338622e-09,nan,nan,nan,nan,nan,nan,nan,nan,nan,nan,nan,nan,nan,nan,-2.0346052475445076e-07,1.7174408728504176e-07,-1.0085941365261258e-22,2.9882136471636329e-08,6.3980931400142715e-07,-2.3510859936681783e-07,0,0.01716397347648891,0.035833023298583642,2.2357696104908077e-18,0.039845092480840602,0.01464716668409234,0.12007503497198277,5.1867425957542687e-06,-0.00040348989195002354,0.00054059209849767855,-3.7599062897927896e-20,0.00027993453273002163,0.00017934209976974344,-0.00054940944543666005,-3.9263929686332907e-11
10,3,support,0.0081578947368421053,0.0035000000000000001,0.0080263157894736835,0.0081743421052631569,0.0030000000000000001,0.0040000000000000001,1001245.0863424919,1.2921729919286271,12.586716746960304,3225.8112773409898,0.16802088401443346,1173,1173,4.0345298565721646e-05,0.23310844100276989,0.40000000000000002,2,300000,0.00033700000000000001,0.0001,0.087334509096247723,0.15301158932029255,1.1393234502787415e-17,0.17558864022458107,0.066982001228174604,0.564350111130409,2.3926169587339923e-05,0.068519274962868429,0.068758069752828943,4.4816368372485872e-18,0.05021892064102166,0.41819616895018896,0.39430002747233012,7.5382207618418952e-06,nan,nan,nan,nan,nan,nan,nan,nan,nan,nan,nan,nan,nan,nan,0.27495042097993688,0.0016506153672340858,1.2089202340465082e-09,0.0020731733643953444,1.9575679919209244e-05,0.38095967955544041,7.7321515246606381e-05,7.4307833760315025e-07,2.587942611927507e-10,3.5347638259535494e-12,3.365493953917961e-10,8.1931444487924364e-11,6.0266313703230909e-08,0.34026840830349359,0,0,0,0,0,0,0,nan,nan,nan,nan,nan,nan,nan,nan,nan,nan,nan,nan,nan,nan,-4.0640567836925023e-09,1.3061121431875921e-13,-1.6914363077909199e-10,-1.0693602869074791e-08,-6.1933748060627458e-14,-7.6098709920341401e-09,-1.3903405241601562e-13,-3.8172156408000646e-14,-5.3047610704884276e-18,4.0862676377444965e-19,-3.4985764274173988e-18,4.2393787691280619e-18,-2.5555176397556568e-14,2.2536808613544712e-08,-2.3524145718271244e-07,2.1193902166594114e-07,-8.49337274025642e-22,3.1081575834257765e-08,7.3934543122489149e-07,-2.5579851603563242e-07,0,0.018990815543642809,0.033201950529185786,2.488592042446731e-18,0.038125899861753583,0.014504137547497185,0.12259607753034189,5.196088996395038e-06,-1.5648668433483467e-05,-3.4607660914473472e-06,-1.5372301690289703e-20,-6.8759670068512446e-05,6.5721650511203135e-05,-9.7931015126108992e-05,-4.9118644192148309e-09
10,4,support,0.0081578947368421053,0.0045000000000000005,0.0080263157894736835,0.0081743421052631569,0.0040000000000000001,0.0050000000000000001,1000921.7060042189,1.5606049665153117,15.20635322517861,2801.3695526600527,0.13949742522019368,1173,1173,4.125952362812997e-05,0.20546858799516743,0.40000000000000002,2,300000,0.00033700000000000001,0.0001,0.084495311126981901,0.12967126137378676,2.1889452413114222e-17,0.22121735627653699,0.041851494837907635,0.54186985732340931,2.3847354771567793e-05,0.08008885787373006,0.070397251110469863,1.0402485945982659e-17,0.076436848351046471,0.31567887574750136,0.45738908978833742,9.0771289147085959e-06,nan,nan,nan,nan,nan,nan,nan,nan,nan,nan,nan,nan,nan,nan,0.24954489957078746,0.0026500634447222432,1.4758527403741744e-09,0.0025117930443019566,3.2160975479740939e-05,0.38964303121139671,0.0001078389028254524,5.171637116857174e-07,2.4040338952778396e-10,4.3229282629261946e-12,4.0293361796897409e-10,1.0701191983876925e-10,8.6024454437373439e-08,0.35550960743181409,0,0,0,0,0,0,0,nan,nan,nan,nan,nan,nan,nan,nan,nan,nan,nan,nan,nan,nan,8.6899305955598785e-10,1.3226153119680586e-12,-2.074628157598339e-10,-1.8054020217088169e-09,3.0107752228836215e-14,6.0666637657479788e-09,-1.1534774938069745e-12,1.6232165351431904e-13,8.4374486606229872e-17,3.8181672278154422e-18,-1.6148914129589291e-17,2.3727387443543759e-17,7.7558806770099344e-14,-4.9232311843572037e-09,-3.4384009372102203e-07,1.6427886861958285e-07,2.3779372011544787e-21,1.7370175408023767e-07,1.2054105795467063e-06,-5.159440230606549e-07,0,0.018352619158600265,0.028092374383855923,4.7355081679126104e-18,0.047951713968561772,0.0090765843629565524,0.11754324455530711,5.1705828031132327e-06,0,0,0,0,0,0,0
11,0,lumen,0.0081907894736842103,0.00050000000000000001,0.0081743421052631569,0.0082072368421052637,0,0.001,1000152.5723958267,1.3579131642751088,13.24152300822381,3022.3355814478441,0.16874412402352126,1173,1173,4.057904170724207e-05,0.23348682957790717,0.59999999999999998,2,500000,0.00035,0.0001,0.069055038950260259,0.16575322829734079,9.5151880897044147e-18,0.17964572665320364,0.06539781001236715,0.51839991284171283,2.2756933910797221e-05,0.056996440010824823,0.07835862856789047,3.9376080385461016e-18,0.054052194387681642,0.42954692756260371,0.38103826663084978,7.5428401495982491e-06,0.27104274931254235,0.0015113540469175737,9.7760831550087145e-10,0.0019476410822141187,2.0404928388730787e-05,0.39425329745606541,7.1713088657182652e-05,8.7495097856061303e-07,2.904202849412651e-10,3.1139111292513374e-12,2.7643914489192621e-10,6.7170880482529829e-11,6.3630239311896776e-08,0.33115189988924404,nan,nan,nan,nan,nan,nan,nan,nan,nan,nan,nan,nan,nan,nan,0,0,0,0,0,0,0,-3.3025238214858869e-10,-9.3232738802165212e-14,-3.8915224954514407e-11,3.5074127999016967e-11,1.6212834026696488e-14,1.2926766083335567e-09,9.9256809671747005e-14,-2.6432415284327604e-14,6.2990879652793624e-17,-1.8003794442956919e-19,1.053068645192657e-18,-9.4807840990224012e-19,-3.8907312047736926e-14,-9.5853994203412731e-10,nan,nan,nan,nan,nan,nan,nan,nan,nan,nan,nan,nan,nan,nan,-1.8148338026824362e-07,1.5703444067316497e-07,1.5784003143468917e-23,2.3195227189141392e-08,5.6792721941922863e-07,-2.0475260659180705e-07,0,0.015892276469938748,0.037911212427901228,2.1864667242286845e-18,0.041162701611504732,0.014906104485447427,0.11893132769068356,5.2166453437074004e-06,-8.1823921819589688e-05,9.7822886654072902e-05,-1.4141795635777324e-21,4.01972564860283e-05,4.4214368982652918e-05,-0.00011749338823445762,3.6605284555625104e-10
11,1,lumen,0.0081907894736842103,0.0015,0.0081743421052631569,0.0082072368421052637,0.001,0.002,1000152.3091430981,1.4056085770109426,13.706622560067318,2924.9156074249927,0.16847209054281834,1173,1173,4.0555868766795984e-05,0.23336826057964211,0.59999999999999998,2,500000,0.00035,0.0001,0.068276550923074344,0.15804392026719022,9.2205281802768479e-18,0.17246803935783084,0.062956829776579459,0.5028186989565756,2.1977316391388979e-05,0.058333286368247583,0.077338392110523027,3.9496937174673133e-18,0.053715247316517584,0.42803844411011005,0.38256708979971671,7.5402948851051172e-06,0.27136322899622178,0.0015272486011664596,1.003484159622487e-09,0.0019612138403964693,2.0350973223848153e-05,0.39292754062981444,7.2339920817992548e-05,8.5961846998771651e-07,2.869778401083218e-10,3.1597703199550208e-12,2.8310372698307653e-10,6.8808327000296043e-11,6.3350641294128436e-08,0.33212715242371377,nan,nan,nan,nan,nan,nan,nan,nan,nan,nan,nan,nan,nan,nan,0,0,0,0,0,0,0,-4.4895500758008603e-10,2.8732450087247178e-14,-5.1171974910387956e-12,1.349846696303791e-09,1.4094628242311558e-16,-2.0678746377993801e-09,-9.930991575502221e-15,4.9861156870001366e-14,-9.3691660015257208e-18,3.2777819209582781e-19,-3.6297750273865516e-19,7.9748484148707105e-19,3.3647052148662101e-14,1.1719977486787095e-09,nan,nan,nan,nan,nan,nan,nan,nan,nan,nan,nan,nan,nan,nan,-1.8738004312329054e-07,1.6471868435896653e-07,1.0482477197647629e-21,2.4734266962350925e-08,5.8711421628554472e-07,-2.1346927669974036e-07,0,0.016242470754309821,0.037368440066197273,2.1461694781908818e-18,0.040853948035006818,0.01483238418697011,0.11926074787821089,5.2081234744426259e-06,-0.00020652076951078435,0.0002656716642511468,-3.2873675042181743e-20,0.00013360730533517782,9.6182579317113088e-05,-0.00028924334823712317,6.4778561074692546e-10
11,2,lumen,0.0081907894736842103,0.0025000000000000001,0.0081743421052631569,0.0082072368421052637,0.002,0.0030000000000000001,1000151.5406567575,1.3332765563992954,13.001295572168987,3096.6618740235517,0.16791056010259917,1173,1173,4.0487297095532163e-05,0.23325936304531525,0.59999999999999998,2,500000,0.00035,0.0001,0.076149882545613973,0.16063650777419311,1.0412989447384057e-17,0.17802530752221205,0.065861385295142558,0.53538257246496912,2.3155741314845749e-05,0.061712094418841824,0.074562039173627498,4.2309629850402124e-18,0.05259287060425271,0.42474371875726813,0.38638174126035219,7.5357856577470465e-06,0.27243209131481855,0.0015666015035170529,1.0699143667619389e-09,0.0019962677951913077,2.0125698530778821e-05,0.38918399856410291,7.3917777243316329e-05,8.2065003148525664e-07,2.7776526610923717e-10,3.2783694066737315e-12,3.0029176191427506e-10,7.3018397216642734e-11,6.2408398274053169e-08,0.33472611256389834,nan,nan,nan,nan,nan,nan,nan,nan,nan,nan,nan,nan,nan,nan,0,0,0,0,0,0,0,1.6066303302095481e-09,1.6462731814639902e-15,-1.2677542721754719e-10,-1.5342007031735299e-09,4.8785628314895746e-14,9.8875917726830298e-09,-3.2857153534376649e-14,9.7326226938809768e-14,-1.0030283504173464e-16,3.2956468573026641e-20,8.3866922068320011e-19,-1.0348532233754444e-18,1.2889702516061792e-13,-9.8334898281569998e-09,nan,nan,nan,nan,nan,nan,nan,nan,nan,nan,nan,nan,nan,nan,-2.024776713481502e-07,1.6304938899036614e-07,-1.967242689964904e-21,2.9667191091923829e-08,6.3667721740545691e-07,-2.3073748628421598e-07,0,0.017120956729009661,0.035898411831648061,2.4185096505189207e-18,0.039859100809280061,0.014663773001161262,0.12002007453746164,5.1867620136859614e-06,-0.00040207284738221486,0.00053870003263795801,-2.2472684304078508e-20,0.00027807730066879802,0.00017884386026659519,-0.00054368431853325338,-5.8858970971288934e-11
11,3,support,0.0081907894736842103,0.0035000000000000001,0.0081743421052631569,0.0082072368421052637,0.0030000000000000001,0.0040000000000000001,1001241.9049707776,1.2867349313567396,12.533785856398966,3238.461447632113,0.1680740037982878,1173,1173,4.0346770937599908e-05,0.23316824682028636,0.40000000000000002,2,300000,0.00033700000000000001,0.0001,0.087455410150126756,0.15394240147499011,1.1293466587786663e-17,0.17638677411988452,0.067322810135904868,0.56628779312922217,2.4020758472784003e-05,0.068325586411844996,0.068885437140568453,4.423710600278604e-18,0.050235044075521998,0.4185563916143043,0.39399000456144478,7.5361963155483304e-06,nan,nan,nan,nan,nan,nan,nan,nan,nan,nan,nan,nan,nan,nan,0.27493901013276445,0.0016471233818178002,1.2049321872330531e-09,0.0020705625183810258,1.9570402297804902e-05,0.38113734897165708,7.7191035765965588e-05,7.4532820158825348e-07,2.592620692552449e-10,3.5269743653072224e-12,3.3551981666605766e-10,8.1664980216615814e-11,6.027588109714128e-08,0.34010838606837729,0,0,0,0,0,0,0,nan,nan,nan,nan,nan,nan,nan,nan,nan,nan,nan,nan,nan,nan,-3.8139524968207983e-09,-2.5870942612134822e-14,-2.0142663650822178e-10,-9.6599105293074539e-09,-8.5856018475216622e-14,-1.0620402391510117e-08,3.7666536234324604e-14,-1.959413534202703e-14,2.5871991734340086e-17,-2.4820552712502341e-20,1.0292629041512637e-19,-2.0772323686084434e-19,-3.2781835991554604e-14,2.4295818551254928e-08,-2.3420121163849478e-07,2.1421997253856517e-07,1.3770216940467266e-22,3.0803206428365917e-08,7.3591800779648775e-07,-2.5554584692777382e-07,0,0.018942950500489976,0.033273557789652547,2.4454110850367078e-18,0.038149723468423262,0.014521304851943433,0.12253729860911186,5.1962727752637929e-06,-1.5653967838294514e-05,-3.5216893988353498e-06,-1.5650085854270091e-20,-6.9188880504374018e-05,6.599800462608245e-05,-9.861530464791138e-05,-4.9346379652113581e-09
11,4,support,0.0081907894736842103,0.0045000000000000005,0.0081743421052631569,0.0082072368421052637,0.0040000000000000001,0.0050000000000000001,1000919.0153222118,1.5772915563329835,15.368986729936919,2771.3202797794629,0.13844544990894356,1173,1173,4.1265442252424317e-05,0.20542309546630511,0.40000000000000002,2,300000,0.00033700000000000001,0.0001,0.083397283910329148,0.12858184096269179,2.175657180956624e-17,0.21933040586896391,0.041408804659540686,0.53599550846150656,2.360719351948607e-05,0.079893520521762157,0.070552395839574067,1.0449917602042103e-17,0.076595380428362045,0.31568024271578909,0.45726937867614131,9.0818183712649382e-06,nan,nan,nan,nan,nan,nan,nan,nan,nan,nan,nan,nan,nan,nan,0.24944914112704986,0.0026483399175817857,1.4716829968380431e-09,0.0025101632571041285,3.2210827615207457e-05,0.38987886859296805,0.00010776885400018428,5.1823971273715374e-07,2.4084010691570291e-10,4.3127753092401271e-12,4.0180375130475355e-10,1.0671540249624845e-10,8.6157821047580748e-08,0.35537290080069805,0,0,0,0,0,0,0,nan,nan,nan,nan,nan,nan,nan,nan,nan,nan,nan,nan,nan,nan,-3.9200210274629292e-10,6.8565624995019911e-13,1.2077991879852567e-10,1.2212341067694526e-09,-2.4610521953682962e-14,-3.3428050425377692e-09,-6.2650736427096301e-13,1.3331230650642789e-13,6.253488088218607e-17,2.3955055995376606e-18,-1.0076111621044738e-17,1.5401771409709318e-17,1.1861596140734353e-13,2.3925068310196074e-09,-3.4304110173126456e-07,1.727902776971213e-07,1.0595398037561663e-21,1.7347262180649078e-07,1.2024298620266771e-06,-5.1761419750384619e-07,0,0.018297873370887303,0.028139104781108915,4.7515002821801955e-18,0.048025021460680835,0.0090718608424351348,0.11744857231738434,5.1704385227480608e-06,0,0,0,0,0,0,0
12,0,lumen,0.0082236842105263171,0.00050000000000000001,0.0082072368421052637,0.0082401315789473704,0,0.001,1000152.1801175277,1.3541176188996495,13.204516393932906,3029.9841959577284,0.16875118418994817,1173,1173,4.0580106382955059e-05,0.23354226231388991,0.59999999999999998,2,500000,0.00035,0.0001,0.0690455301139659,0.16645966542035609,9.5227111520587822e-18,0.18015962721026532,0.065630470145187705,0.51947967277627294,2.2814253237277368e-05,0.056829323338381275,0.078472666225336621,3.9297079668119221e-18,0.054055323934258666,0.42987034671312263,0.38076479908349692,7.5407054039290578e-06,0.27103866386779962,0.0015085430608057374,9.7436032911987316e-10,0.0019454813306901504,2.0396618288032341e-05,0.3943919821525198,7.1606635446847436e-05,8.7716939525706094e-07,2.9083844503123465e-10,3.1082889597602054e-12,2.7561474343066652e-10,6.6962169036284044e-11,6.3628231075504659e-08,0.3310223839259398,nan,nan,nan,nan,nan,nan,nan,nan,nan,nan,nan,nan,nan,nan,0,0,0,0,0,0,0,-9.9204481180604624e-11,1.6486209331021372e-13,-2.5501469373189103e-12,-2.587491909130259e-10,3.6429192995512949e-17,-2.2330330705193357e-10,-1.4318395561094387e-13,-3.235953172087136e-14,4.3372522293563475e-17,-1.1895310219144881e-19,8.2221463374556557e-19,-1.1113739828580145e-18,-4.5124673515443431e-14,5.8386279127853307e-10,nan,nan,nan,nan,nan,nan,nan,nan,nan,nan,nan,nan,nan,nan,-1.807547853564101e-07,1.5797265295880436e-07,-6.3152982871624082e-23,2.3008063292898653e-08,5.6532977514567317e-07,-2.0350665852486571e-07,0,0.015849965527359039,0.037977437798918177,2.1846637780653483e-18,0.04117669687827881,0.01492195094037776,0.11887865023156823,5.2166209267196088e-06,-8.1846479557736758e-05,9.8021257059039313e-05,-8.0924992948388262e-21,4.0403210948801815e-05,4.4042423501990729e-05,-0.00011716604173613738,3.7108516040163915e-10
12,1,lumen,0.0082236842105263171,0.0015,0.0082072368421052637,0.0082401315789473704,0.001,0.002,1000151.9176002125,1.4054977110832922,13.70554682983343,2924.3480501316299,0.16858342063012682,1173,1173,4.0556829374503607e-05,0.23342584514390691,0.59999999999999998,2,500000,0.00035,0.0001,0.06808655207353112,0.15828503928953916,9.336013904487852e-18,0.17248606887975881,0.063010295266589744,0.50249498687309868,2.19727188007515e-05,0.058166392066675385,0.077450304121556707,3.998849170946131e-18,0.053716646470617586,0.4283683296318837,0.38229078958344648,7.5381258198363235e-06,0.27136129008856325,0.0015243726529684391,1.0002204962404321e-09,0.0019590283090029979,2.0342043917637677e-05,0.3930648669670147,7.22315005811922e-05,8.618092323009636e-07,2.873909398033107e-10,3.1540287184941256e-12,2.8227438344485355e-10,6.8597306556651694e-11,6.3347207614718744e-08,0.33199694163984783,nan,nan,nan,nan,nan,nan,nan,nan,nan,nan,nan,nan,nan,nan,0,0,0,0,0,0,0,2.5539548414727974e-10,3.0845830217384227e-13,-1.2175610640530554e-11,-1.3051590404403491e-09,-2.2352996190133645e-15,1.2189223038035213e-09,-2.2797030687156066e-13,7.1697205464293923e-14,4.2671710942069574e-18,7.1636996288764689e-19,-1.1723157777801257e-18,1.8591622913566913e-18,1.3589696100977124e-14,-1.5714679574962805e-10,nan,nan,nan,nan,nan,nan,nan,nan,nan,nan,nan,nan,nan,nan,-1.8659623300925493e-07,1.6084005077798835e-07,-2.7596123612366865e-22,2.4549352532801323e-08,5.8424700796755324e-07,-2.0985262227934953e-07,0,0.016200482595221867,0.037433600603934636,2.2334544916992277e-18,0.040866749978510114,0.014848521496621058,0.11920824672897577,5.2081034023634386e-06,-0.00020627894118601501,0.00026566524065447199,-1.3985515817512485e-20,0.00013346138922313712,9.591420809450127e-05,-0.00028882192190645854,6.4423630399782335e-10
12,2,lumen,0.0082236842105263171,0.0025000000000000001,0.0082072368421052637,0.0082401315789473704,0.002,0.0030000000000000001,1000151.1511445561,1.3337500371721669,13.005917731580272,3094.6991968018547,0.16796471159678211,1173,1173,4.0488266676619727e-05,0.23331914440138399,0.59999999999999998,2,500000,0.00035,0.0001,0.075911081300545483,0.16082213692976913,1.0132546779819374e-17,0.17797221072461469,0.065890803116514782,0.53479776300077531,2.3140928929102458e-05,0.061540439961989407,0.074674740532863798,4.1184783370747975e-18,0.052595876552337176,0.4250845062505676,0.38609690305974176,7.5336425002316031e-06,0.27243040881171643,0.0015635553480713318,1.0665038281303736e-09,0.0019939837067961966,2.0116928832022152e-05,0.38932732904050299,7.3803623176771062e-05,8.2282053486159433e-07,2.7818329117423622e-10,3.27213476283516e-12,2.9942117141246583e-10,7.2795043015005468e-11,6.2406187539195816e-08,0.33458991559400614,nan,nan,nan,nan,nan,nan,nan,nan,nan,nan,nan,nan,nan,nan,0,0,0,0,0,0,0,8.5628422771172797e-10,4.280692741710485e-13,7.3324783133258939e-12,1.4981974787723945e-09,1.4968169932683129e-14,2.4626593297157745e-09,-3.3533136054501832e-13,1.6003366166972288e-13,-4.0344605534231731e-17,1.5583042593190499e-18,-4.4666612602593937e-18,6.5001443435379401e-18,1.027172570242124e-13,-4.8248438857126818e-09,nan,nan,nan,nan,nan,nan,nan,nan,nan,nan,nan,nan,nan,nan,-2.017819473705898e-07,1.6986059331314252e-07,2.2986807565793173e-22,2.9451084554668412e-08,6.3434695378450368e-07,-2.3272394722440026e-07,0,0.017078130115208513,0.035963538758286784,2.2629396961203787e-18,0.039872992741956867,0.014680293229758721,0.11996554537253062,5.1867820324170791e-06,-0.00040109258903595697,0.00053799008450372066,-3.4379939245959489e-20,0.00027692169885314773,0.00017851227622331693,-0.00054563287258584288,-7.8198646126406852e-11
12,3,support,0.0082236842105263171,0.0035000000000000001,0.0082072368421052637,0.0082401315789473704,0.0030000000000000001,0.0040000000000000001,1001238.7225064889,1.2984932614238909,12.648361219311939,3208.1689720471977,0.16812413837962273,1173,1173,4.0348229331512148e-05,0.23322765527787076,0.40000000000000002,2,300000,0.00033700000000000001,0.0001,0.086419389540521696,0.15282798247298257,1.1164758073914749e-17,0.17484436904950251,0.066769979016287631,0.5607195614450905,2.3796822602717701e-05,0.068133370021875361,0.069011907416528295,4.4132724871899233e-18,0.050250965413910616,0.4189140938511331,0.39368212910861394,7.5341879386998837e-06,nan,nan,nan,nan,nan,nan,nan,nan,nan,nan,nan,nan,nan,nan,0.27492773970598039,0.0016436642273921624,1.2009782446429788e-09,0.0020679730047128944,1.9565107377873652e-05,0.38131342630424742,7.7061709114548425e-05,7.4756683710324255e-07,2.5972658498447799e-10,3.5192688262959722e-12,3.3449933009133852e-10,8.1401013529683885e-11,6.0285188530934446e-08,0.33994976020905643,0,0,0,0,0,0,0,nan,nan,nan,nan,nan,nan,nan,nan,nan,nan,nan,nan,nan,nan,-4.1275235396657143e-09,9.6729558748532644e-14,-1.5522716298510691e-10,-1.0612894613685743e-08,-5.9687714840106487e-14,-7.4400264449703962e-09,-8.912608367316664e-14,-2.0997092953223273e-14,1.5002031312211816e-17,2.8720448544926456e-19,-2.087578252571768e-18,2.4319864811367968e-18,-2.5198074160495722e-14,2.2335770122138473e-08,-2.3324947564032361e-07,2.1032156499734e-07,4.6214258979977092e-23,3.0523270158399702e-08,7.3280114123996931e-07,-2.533150220696001e-07,0,0.018895273102987355,0.033344947382975179,2.4465904936775265e-18,0.038173410421097946,0.014538385868308884,0.12247875468059083,5.1964569965850088e-06,-1.5661703280726476e-05,-3.5848797798017194e-06,-1.5836666771418037e-20,-6.9652506958175475e-05,6.6285180151881307e-05,-9.9593455517048106e-05,-4.9574065936151433e-09
12,4,support,0.0082236842105263171,0.0045000000000000005,0.0082072368421052637,0.0082401315789473704,0.0040000000000000001,0.0050000000000000001,1000916.3257110228,1.5883766853759587,15.477040816993487,2751.5728088719861,0.13934696787396633,1173,1173,4.12713493447097e-05,0.20537734632754093,0.40000000000000002,2,300000,0.00033700000000000001,0.0001,0.082613360258920202,0.12796388357424843,2.1728214931218908e-17,0.21824905991353868,0.041119653912784888,0.5321162488537361,2.3454510890326439e-05,0.07969895585341244,0.070706970695453245,1.0509671522310217e-17,0.076753609683298765,0.31567984225635798,0.45715153499276923,9.0865187081902519e-06,nan,nan,nan,nan,nan,nan,nan,nan,nan,nan,nan,nan,nan,nan,0.24935346257384011,0.002646650824494078,1.4675348539807512e-09,0.0025085520623312472,3.226074620381548e-05,0.39011346340985298,0.00010769990479356865,5.19307815542236e-07,2.4127454843307201e-10,4.3026828674926033e-12,4.0067986081520309e-10,1.0642064341036434e-10,8.6291125852055646e-08,0.35523730265935538,0,0,0,0,0,0,0,nan,nan,nan,nan,nan,nan,nan,nan,nan,nan,nan,nan,nan,nan,-1.4377970767762161e-09,1.3182324776016154e-12,4.3974492173294873e-10,4.133633255458395e-09,-9.8913065238459552e-14,-1.2921060477100697e-08,-1.1194050138941826e-12,2.1554611394358769e-13,1.7012182512617688e-16,4.4446016199429174e-18,-1.8103245889790378e-17,2.7934125187486687e-17,1.0598405732761847e-13,9.7850578745561244e-09,-3.4224083174209941e-07,1.8146158614618102e-07,-5.576856320982494e-22,1.7326033832794745e-07,1.1993829942824608e-06,-5.1919504873154665e-07,0,0.018243303092996082,0.028185586684821087,4.8123649370946476e-18,0.048098233947119706,0.0090670742160137048,0.11735408754148571,5.1702935811518948e-06,0,0,0,0,0,0,0
13,0,lumen,0.0082565789473684221,0.00050000000000000001,0.0082401315789473704,0.0082730263157894737,0,0.001,1000151.7877188959,1.3557395700287678,13.220337843698282,3025.5416820673804,0.16883883982625988,1173,1173,4.0581162317345549e-05,0.23359742737445116,0.59999999999999998,2,500000,0.00035,0.0001,0.068761256052522299,0.16650088816178796,9.486081467560061e-18,0.17995406536016076,0.065600993325574078,0.51848720932538639,2.278053627029055e-05,0.056663157487464193,0.078586147546399879,3.919282511844153e-18,0.054058341257658384,0.43019211043962574,0.38049270468597934,7.5385828724371324e-06,0.27103460877568059,0.0015057520924963458,9.7113329019637424e-10,0.0019433344877614848,2.0388324286966297e-05,0.3945297851968198,7.1500884800577454e-05,8.7938079621812444e-07,2.9125456127929685e-10,3.1027173283168234e-12,2.7479589987680066e-10,6.6754970870761672e-11,6.3626122317595622e-08,0.33089368562422716,nan,nan,nan,nan,nan,nan,nan,nan,nan,nan,nan,nan,nan,nan,0,0,0,0,0,0,0,-1.0839629368862166e-10,-1.2876815115404803e-13,-4.2755981969048281e-12,-2.4756416933298026e-10,-1.2993078835066285e-15,-1.5242949177179943e-10,1.3029767699107082e-13,-2.5569173514594645e-14,6.5475014029588813e-17,-1.9126369007070876e-19,8.5533448018309424e-19,-6.8973767783850028e-19,-3.5897511778542255e-14,5.1272683304406673e-10,nan,nan,nan,nan,nan,nan,nan,nan,nan,nan,nan,nan,nan,nan,-1.799939273990428e-07,1.5732871722073938e-07,-8.561131304163536e-23,2.2821977948026816e-08,5.6287072772165381e-07,-2.0257260663347765e-07,0,0.015807857150659584,0.038043382616062167,2.1828854247271855e-18,0.04119054327660944,0.014937725861615249,0.11882626377362022,5.2165961896398663e-06,-8.1880825992229891e-05,9.8265462599402234e-05,-6.0716180179209276e-21,4.0628352682751741e-05,4.3880407647339407e-05,-0.00011717563715250465,3.7600717909759856e-10
13,1,lumen,0.0082565789473684221,0.0015,0.0082401315789473704,0.0082730263157894737,0.001,0.002,1000151.5259359292,1.407390993011872,13.724014321898389,2919.620938200012,0.16856863629566993,1173,1173,4.0557784060700979e-05,0.23348312742793487,0.59999999999999998,2,500000,0.00035,0.0001,0.067800862033294731,0.15829944511011446,9.2588561522731958e-18,0.17225821340308967,0.062973712133269244,0.50145798153658061,2.193687534885253e-05,0.058000374093498328,0.077561722664754681,3.9711442727106175e-18,0.053717971047027462,0.42869649167663365,0.38201590454833695,7.5359697488198206e-06,0.2713593267315656,0.0015215173271536566,9.9697650672824091e-10,0.0019568557555300434,2.033315009841396e-05,0.3932013977242334,7.2123797520762294e-05,8.6399348466176586e-07,2.8780217979659833e-10,3.1483358443992836e-12,2.814502658880263e-10,6.8387733234487737e-11,6.3343726743142636e-08,0.33186751653893892,nan,nan,nan,nan,nan,nan,nan,nan,nan,nan,nan,nan,nan,nan,0,0,0,0,0,0,0,1.0220653937606665e-10,-5.1371248527916512e-14,-4.8181371732475443e-12,-8.2001823432679691e-10,-1.8482394434360394e-15,6.3120862573221026e-10,5.0082270727940732e-14,3.78315000854057e-14,-1.9525252649516959e-17,7.6792607867241706e-20,2.6919207508012259e-19,-1.6653460543937888e-19,3.6579166877539718e-14,9.1349899694730333e-11,nan,nan,nan,nan,nan,nan,nan,nan,nan,nan,nan,nan,nan,nan,-1.8583248975918842e-07,1.6083965581614734e-07,6.8214401388241476e-23,2.4366370930010743e-08,5.8182714360310861e-07,-2.0938365619116439e-07,0,0.016158688361647858,0.037498489102477967,2.2144617688745528e-18,0.040879429886982274,0.014864581880670382,0.11915606512327254,5.2080834943540299e-06,-0.00020604090280302163,0.00026569664169514786,-1.8328889894615034e-20,0.00013333850050891986,9.5654464131722763e-05,-0.00028860529520767844,6.4195950082189614e-10
13,2,lumen,0.0082565789473684221,0.0025000000000000001,0.0082401315789473704,0.0082730263157894737,0.002,0.0030000000000000001,1000150.761510323,1.3338843247445056,13.007232289463664,3093.5286298071815,0.16800776124898337,1173,1173,4.0489231491084953e-05,0.23337859075216683,0.59999999999999998,2,500000,0.00035,0.0001,0.075692678143229608,0.16104729679209387,1.0154661761115345e-17,0.17796393292785603,0.065936665892185969,0.53435177275795087,2.3132020449175632e-05,0.061369584692426399,0.074786847517492386,4.1278843786412108e-18,0.052598746046016838,0.42542337780377915,0.38581391243682311,7.531503462003781e-06,0.27242873386398364,0.0015605338419267085,1.0631125172833605e-09,0.001991715878127675,2.0108198128031909e-05,0.38946968438612467,7.3690339958398422e-05,8.2498273197918997e-07,2.7859909999400017e-10,3.2659478905367414e-12,2.9855569417585039e-10,7.2573139737575055e-11,6.2403925862325386e-08,0.3344546443889867,nan,nan,nan,nan,nan,nan,nan,nan,nan,nan,nan,nan,nan,nan,0,0,0,0,0,0,0,5.7427017961053162e-10,-1.2033633756661972e-14,5.8397950769162054e-11,2.6299596772019095e-09,6.1753987340429362e-15,-3.5149045891740005e-10,-3.797129042914149e-14,8.461829327510717e-14,-1.1281560785175044e-16,7.0723150735588259e-20,1.2578847687153808e-19,-2.2577403681146187e-19,1.3340741481860428e-13,-2.9113113865925409e-09,nan,nan,nan,nan,nan,nan,nan,nan,nan,nan,nan,nan,nan,nan,-2.010091258095037e-07,1.7206266172964391e-07,-2.5454887336280075e-22,2.9239332519579778e-08,6.3180433827747517e-07,-2.3282002498126175e-07,0,0.017035480008439068,0.036028434766209046,2.2937963380715503e-18,0.039886785029855619,0.014696733962699932,0.11991125272505002,5.1868027550410531e-06,-0.00039993536136536485,0.00053680341827758149,-2.92045070156249e-20,0.00027549546204955753,0.00017812342568501117,-0.00054454066323775848,-9.7303364731327536e-11
13,3,support,0.0082565789473684221,0.0035000000000000001,0.0082401315789473704,0.0082730263157894737,0.0030000000000000001,0.0040000000000000001,1001235.5389532823,1.2989679690485674,12.653025482376464,3206.0337414290202,0.16817685023088255,1173,1173,4.034968900898017e-05,0.23328664856747336,0.40000000000000002,2,300000,0.00033700000000000001,0.0001,0.086144593866572888,0.15305075057486342,1.1072033033371414e-17,0.17483474607066526,0.066802026777533052,0.56007738996657774,2.378171688612285e-05,0.067941765340816432,0.069137988115694077,4.37823351812496e-18,0.050266729469811762,0.41926971581871064,0.39337626907299517,7.5321819718341703e-06,nan,nan,nan,nan,nan,nan,nan,nan,nan,nan,nan,nan,nan,nan,0.27491635009571669,0.0016402330236214313,1.1970414202964352e-09,0.0020654010217160288,1.9559884369401783e-05,0.38148868292264304,7.6933350392018585e-05,7.4979962874554837e-07,2.6018948229080874e-10,3.5116124523294157e-12,3.3348348533900646e-10,8.1138454856352406e-11,6.0294544193698408e-08,0.33979202773206602,0,0,0,0,0,0,0,nan,nan,nan,nan,nan,nan,nan,nan,nan,nan,nan,nan,nan,nan,-4.1448768494063313e-09,-4.8869608853762567e-14,-1.5020794386934159e-10,-1.0619524340552514e-08,-5.9049987122250513e-14,-7.2683381047763257e-09,6.0006629659253869e-14,-1.2664782417237674e-14,2.402310290986903e-17,-4.480201159986424e-20,2.1730443112195485e-19,-3.5127169507420221e-19,-2.6294181792887433e-14,2.2183034159374039e-08,-2.322627341609998e-07,2.0942762279929639e-07,5.1702303872054426e-22,3.0253755467148423e-08,7.2956494177878195e-07,-2.5204711173731909e-07,0,0.018847784162267973,0.033416107652127991,2.4171602483367895e-18,0.038196955099703833,0.01455538212532374,0.12242045705743794,5.1966414855787928e-06,-1.5662035077084104e-05,-3.6468712093109033e-06,-1.570885290123197e-20,-7.0056385988508633e-05,6.6551906466154532e-05,-0.00010002566353868432,-4.9802732478840637e-09
13,4,support,0.0082565789473684221,0.0045000000000000005,0.0082401315789473704,0.0082730263157894737,0.0040000000000000001,0.0050000000000000001,1000913.6371720353,1.5767872399542449,15.364155271472494,2771.3890354612031,0.13829474496296498,1173,1173,4.1277280338433509e-05,0.20533105983507988,0.40000000000000002,2,300000,0.00033700000000000001,0.0001,0.083017054149507177,0.12918645670170215,2.1709027658644601e-17,0.22030869335971301,0.041421494565587309,0.53588834046123146,2.3639145967271153e-05,0.079504264173363343,0.070861862896690844,1.0423803729611432e-17,0.076912835384440728,0.31567771531852062,0.45703423097519158,9.0912517928950395e-06,nan,nan,nan,nan,nan,nan,nan,nan,nan,nan,nan,nan,nan,nan,0.24925733043621665,0.0026449823902973397,1.4633886662390593e-09,0.0025069466918681014,3.2310969324788852e-05,0.39034815619772062,0.00010763150100054927,5.2037488006672604e-07,2.4170920462353388e-10,4.2926033253936968e-12,3.9955652695607018e-10,1.0612621762137247e-10,8.6425006253219298e-08,0.35510203279860231,0,0,0,0,0,0,0,nan,nan,nan,nan,nan,nan,nan,nan,nan,nan,nan,nan,nan,nan,5.3246501498287513e-10,7.560677263235503e-13,-1.3604216836949242e-10,-1.0474497558734849e-09,1.965550118498971e-14,4.0379690620937284e-09,-6.4943101420959953e-13,1.6537812785877293e-13,1.2304794736902806e-16,2.7698586193071157e-18,-1.0523226937162567e-17,1.7246826045246038e-17,1.1280156458532371e-13,-3.3873470145116693e-09,-3.4054823274103779e-07,1.6360692062233895e-07,1.4438308760030067e-21,1.7303908720681018e-07,1.1948260213862083e-06,-5.1267598605297948e-07,0,0.018188904489433552,0.028231824445489065,4.7340094694948524e-18,0.048171343204874331,0.0090622263283463653,0.11725982121279942,5.170147944647412e-06,0,0,0,0,0,0,0
14,0,lumen,0.0082894736842105271,0.00050000000000000001,0.0082730263157894737,0.0083059210526315805,0,0.001,1000151.3952007977,1.3565696534447393,13.228437497876468,3022.8773950163441,0.16884520689182544,1173,1173,4.0582210832231914e-05,0.23365231566902839,0.59999999999999998,2,500000,0.00035,0.0001,0.068518673341223635,0.16663802848321191,9.4444650561560321e-18,0.17985345733570304,0.06560960601389737,0.51780128377362034,2.2760200539468727e-05,0.056497848764681884,0.078699062640468678,3.9044788954384166e-18,0.054061219731017282,0.43051218869798685,0.38022214369800356,7.5364678416895207e-06,0.27103058263829083,0.0015029818271789781,9.6792556716718733e-10,0.0019412013996767427,2.0380055102736411e-05,0.39466669877495464,7.1395868767732657e-05,8.815846162446705e-07,2.9166859740502079e-10,3.0971919564828669e-12,2.7398217520339915e-10,6.6549180114145597e-11,6.3623938598169772e-08,0.33076581262425897,nan,nan,nan,nan,nan,nan,nan,nan,nan,nan,nan,nan,nan,nan,0,0,0,0,0,0,0,-9.1588356884797463e-11,1.0059055127143637e-13,-1.669360648469997e-12,-2.6699389642415914e-10,-7.5883310052260455e-16,-2.6155744562404715e-10,-8.7817944931811427e-14,-2.9266086082335718e-14,5.0424098617921798e-17,-1.3816277248673033e-19,7.1957542670178339e-19,-8.8417944429025179e-19,-3.7462198351735376e-14,6.2186358823347746e-10,nan,nan,nan,nan,nan,nan,nan,nan,nan,nan,nan,nan,nan,nan,-1.7924292098833727e-07,1.568670781049164e-07,-1.1802619252068895e-23,2.2639137103499792e-08,5.6041876873857976e-07,-2.0161673736085461e-07,0,0.015765950166656228,0.038109048297869264,2.1826417826899467e-18,0.041204242710795709,0.01495343038480448,0.11877415835336652,5.2165711680642387e-06,-8.1914123418201293e-05,9.8501209466134959e-05,-5.2125908871594731e-21,4.0845583392022339e-05,4.3719334588465393e-05,-0.00011716617414767689,3.8031609329189283e-10
14,1,lumen,0.0082894736842105271,0.0015,0.0082730263157894737,0.0083059210526315805,0.001,0.002,1000151.1341509513,1.4098654996729796,13.748149579643359,2913.7088288503901,0.16867940171207635,1173,1173,4.0558733285479511e-05,0.23354010310029166,0.59999999999999998,2,500000,0.00035,0.0001,0.067489099572004357,0.15824753659293336,9.1910432960524092e-18,0.17195979923529262,0.062911026326179745,0.50021937239475789,2.189213356371052e-05,0.057835207623970604,0.077672645615484967,3.9489917503314842e-18,0.053719217468523359,0.42902291673670656,0.38174247872986156,7.5338254531019545e-06,0.27135733719841187,0.0015186827778530861,9.9375173533508278e-10,0.0019546964112149108,2.0324294918970234e-05,0.39333713275422805,7.2016819788031495e-05,8.6617101373475878e-07,2.8821154682527673e-10,3.1426903569466131e-12,2.8063124901781084e-10,6.8179575445724099e-11,6.3340207855994126e-08,0.33173887859845091,nan,nan,nan,nan,nan,nan,nan,nan,nan,nan,nan,nan,nan,nan,0,0,0,0,0,0,0,-5.2956237072780685e-11,2.4726642959653964e-13,-4.1503999941431006e-12,-2.2651657808622607e-10,-1.6115581091824538e-15,-8.5139469042580518e-11,-1.7996648473294361e-13,6.9253196927077099e-14,1.2466667520430898e-18,7.0631369876746672e-19,-1.4080198593513453e-18,2.1893172803139394e-18,2.1144306559808938e-14,3.6860658952485302e-10,nan,nan,nan,nan,nan,nan,nan,nan,nan,nan,nan,nan,nan,nan,-1.8506760848368414e-07,1.609709659455838e-07,2.9384580925028423e-22,2.4185843626686341e-08,5.7942769539354178e-07,-2.0903110348191589e-07,0,0.016117083681881771,0.037563114451807746,2.1831195589648394e-18,0.040891990554944677,0.014880568294909515,0.11910413725394679,5.2080637244510919e-06,-0.00020577600058667572,0.00026566853682508546,-1.8240770755292663e-20,0.00013318680438052156,9.538635774538064e-05,-0.000288018979207862,6.4066775050833343e-10
14,2,lumen,0.0082894736842105271,0.0025000000000000001,0.0082730263157894737,0.0083059210526315805,0.002,0.0030000000000000001,1000150.3717540618,1.33030050567067,12.97229011106942,3101.0051764052482,0.16806193869608332,1173,1173,4.0490191762170657e-05,0.23343772896548068,0.59999999999999998,2,500000,0.00035,0.0001,0.075686183231129439,0.16172201588913795,1.0125412657712919e-17,0.1784525830277815,0.066166663101870207,0.5354004350696755,2.3187756525507492e-05,0.061199471811616821,0.074898425828663906,4.1049375114115384e-18,0.052601483289919891,0.4257604907930817,0.38553259890738922,7.5293693285037864e-06,0.27242705673883766,0.0015575352453070007,1.0597391672404425e-09,0.0019894629493708372,2.0099503939492991e-05,0.38961115425567155,7.3577861631666261e-05,8.2713777238548628e-07,2.7901292716405333e-10,3.2598065884375507e-12,2.9769500751704189e-10,7.2352601019877806e-11,6.2401617601261049e-08,0.33432022219379259,nan,nan,nan,nan,nan,nan,nan,nan,nan,nan,nan,nan,nan,nan,0,0,0,0,0,0,0,7.8314262742815587e-10,4.8076618510705656e-13,2.0383374113305941e-11,1.7814359995591272e-09,1.1564534052599384e-14,1.7014394691327456e-09,-3.6586363102084764e-13,1.6425164180156049e-13,-4.1575673676174814e-17,1.6003152633657579e-18,-4.1082386275637618e-18,6.0826458156622664e-18,8.7406936054394622e-14,-4.2867791818085196e-09,nan,nan,nan,nan,nan,nan,nan,nan,nan,nan,nan,nan,nan,nan,-2.0015281200751883e-07,1.6939874081245421e-07,-2.4882778525365855e-23,2.9031985225134518e-08,6.290378886525394e-07,-2.3094589951533351e-07,0,0.016993004575260272,0.036093102716568515,2.2744390153263562e-18,0.039900483196910926,0.014713095771861202,0.11985719460407727,5.1868242492042656e-06,-0.00039874273489133707,0.00053548589316477439,-3.2790795003893899e-20,0.00027399398933423605,0.00017772697048284118,-0.00054261517422371096,-1.1717548836864569e-10
14,3,support,0.0082894736842105271,0.0035000000000000001,0.0082730263157894737,0.0083059210526315805,0.0030000000000000001,0.0040000000000000001,1001232.3543122472,1.2996875871939306,12.660075428061866,3203.3010902542205,0.16822690383847844,1173,1173,4.0351143932104415e-05,0.23334526966112923,0.40000000000000002,2,300000,0.00033700000000000001,0.0001,0.085854974220602037,0.15324332435218668,1.1085378529750755e-17,0.17479167473161952,0.066821130060713052,0.5593328390635236,2.3762175815747686e-05,0.067751072087959163,0.069263550344363919,4.3859531325477252e-18,0.050282346481391502,0.41962328708182511,0.39307221381827351,7.5301861867893161e-06,nan,nan,nan,nan,nan,nan,nan,nan,nan,nan,nan,nan,nan,nan,0.27490493698349161,0.0016368291301146725,1.1931273037622676e-09,0.0020628460630675869,1.955469185164003e-05,0.38166292191259077,7.6805935522435622e-05,7.5202579746375503e-07,2.6065036396098174e-10,3.5040169116895735e-12,3.3247375157934912e-10,8.087764981621538e-11,6.0303822431866086e-08,0.33963529108310847,0,0,0,0,0,0,0,nan,nan,nan,nan,nan,nan,nan,nan,nan,nan,nan,nan,nan,nan,-4.1062025502129053e-09,8.3717231262979413e-14,-1.5326610519373661e-10,-1.0539139394354122e-08,-5.9224435251803431e-14,-7.4035314855721429e-09,-7.7244325651856546e-14,-2.1586465254186393e-14,1.3863169613535478e-17,2.6171490517992021e-19,-2.0246480059299588e-18,2.3719227513596077e-18,-2.4458874105578485e-14,2.2202238297653471e-08,-2.3127521219402231e-07,2.0884357937456244e-07,1.9206505237708682e-23,2.9988535659085388e-08,7.2632706704656158e-07,-2.5087781896360184e-07,0,0.01880048446721877,0.033487034743413788,2.4281087392268507e-18,0.038220357293269933,0.014572293363373482,0.12236244455786019,5.1968262673981153e-06,-1.5662092848456073e-05,-3.7081417596069263e-06,-1.5852125234969523e-20,-7.045304624360363e-05,6.6816256665420476e-05,-0.00010039795832204551,-5.0031378567509464e-09
14,4,support,0.0082894736842105271,0.0045000000000000005,0.0082730263157894737,0.0083059210526315805,0.0040000000000000001,0.0050000000000000001,1000910.9497100442,1.5919807096377199,15.51224151633742,2744.5398152934795,0.13919610994049897,1173,1173,4.1283190991242032e-05,0.20528459050478143,0.40000000000000002,2,300000,0.00033700000000000001,0.0001,0.082024465061256588,0.12823156272824351,2.1628078150960757e-17,0.21865636880856382,0.041025576683437141,0.53063799411328272,2.3425686882872646e-05,0.079310809217639638,0.071016028956011626,1.0485029433462206e-17,0.077071744462355207,0.31567393544667566,0.45691838592451156,9.0959928063383729e-06,nan,nan,nan,nan,nan,nan,nan,nan,nan,nan,nan,nan,nan,nan,0.24916140240976414,0.0026433456907348891,1.4592728353604082e-09,0.0025053583657933132,3.2361162749992605e-05,0.3905813799802586,0.00010756410872415991,5.2143372668138226e-07,2.4214119054130935e-10,4.2826056247547962e-12,3.9844146481558539e-10,1.0583413863685951e-10,8.6558580736429039e-08,0.35496797807969327,0,0,0,0,0,0,0,nan,nan,nan,nan,nan,nan,nan,nan,nan,nan,nan,nan,nan,nan,1.060002947583847e-11,1.2848417502968021e-12,1.2106343913085942e-11,2.5160511418201761e-10,-1.1898902002593914e-14,-2.2867211130293136e-10,-1.0692489441160934e-12,2.2896745263678575e-13,2.0247611032331859e-16,4.4484701045609321e-18,-1.7501962512261295e-17,2.7906037985444113e-17,1.0299589493831939e-13,-4.6175147559162836e-11,-3.3958956903532705e-07,1.6698315402630115e-07,-1.9980367671644391e-22,1.728226604709591e-07,1.191550309254108e-06,-5.1265180595061466e-07,0,0.018134686066726694,0.028277807969442337,4.7777558292552271e-18,0.048244337612686899,0.0090573154557245152,0.1171657955229722,5.1700016585237767e-06,0,0,0,0,0,0,0
15,0,lumen,0.0083223684210526321,0.00050000000000000001,0.0083059210526315805,0.0083388157894736838,0,0.001,1000151.002563837,1.3586401915628523,13.248633320249892,3017.4630737125608,0.16893240678975568,1173,1173,4.0583251036883366e-05,0.23370693224428624,0.59999999999999998,2,500000,0.00035,0.0001,0.06821511135586239,0.16662139985702423,9.3713909039994818e-18,0.17958832695009516,0.065558037118608387,0.51664627720101297,2.2719144652443629e-05,0.056333416272133355,0.078811347019366373,3.8801838173577815e-18,0.054063939020631287,0.43083055306536427,0.37995321026413559,7.5343583692100585e-06,0.27102661870454042,0.0015002328595096191,9.6473759864707019e-10,0.0019390828115597974,2.0371804075808512e-05,0.39480263955512168,7.1291615398561326e-05,8.8377993487299246e-07,2.9208034910296455e-10,3.0917128583057488e-12,2.7317367477210821e-10,6.6344819457475001e-11,6.3621657438252543e-08,0.33063881364875991,nan,nan,nan,nan,nan,nan,nan,nan,nan,nan,nan,nan,nan,nan,0,0,0,0,0,0,0,-2.7871599324837763e-10,-1.8226970847598203e-13,-3.2048501283222289e-11,4.8060854786905992e-12,1.1873314831323256e-14,9.1777659690789326e-10,1.6884124515276627e-13,-2.508561934566611e-14,7.0561989508332721e-17,-2.7901654768302892e-19,9.5866247018319168e-19,-7.3198039585429972e-19,-2.5459707182187926e-14,-6.117664432261687e-10,nan,nan,nan,nan,nan,nan,nan,nan,nan,nan,nan,nan,nan,nan,-1.7846455218576557e-07,1.5511957396352472e-07,2.6798555600298343e-22,2.2459288697030098e-08,5.5808837511051035e-07,-2.0096069353048307e-07,0,0.015724242053092058,0.038174438147166187,2.147843195619801e-18,0.041217798942500807,0.014969064753060158,0.11872232532864556,5.2165459168132008e-06,-8.1948255296102653e-05,9.8735107583191158e-05,-8.4455583574544329e-21,4.1058184660754528e-05,4.3560569118835991e-05,-0.00011721001826714334,3.8384637060955558e-10
15,1,lumen,0.0083223684210526321,0.0015,0.0083059210526315805,0.0083388157894736838,0.001,0.002,1000150.7422459121,1.412566086995664,13.774489459716381,2907.3560043945176,0.16866411186872798,1173,1173,4.0559677280311386e-05,0.23359676955114728,0.59999999999999998,2,500000,0.00035,0.0001,0.067168655565997673,0.15816946995934925,9.1811210134906479e-18,0.17163470244562887,0.062838245407227211,0.49890718988375976,2.1844083710138149e-05,0.05767088064060058,0.077783066647768059,3.9522862250361742e-18,0.053720384461334557,0.4293475937643465,0.38147054279381448,7.53169213573117e-06,0.27135532285608138,0.0015158690897706783,9.9054594736688725e-10,0.0019525504384629586,2.0315479718831859e-05,0.39347206690658298,7.1910572619775375e-05,8.6834161638307996e-07,2.886190180827841e-10,3.1370914143617815e-12,2.7981726614277963e-10,6.7972815350572665e-11,6.3336654782407532e-08,0.3316110313484002,nan,nan,nan,nan,nan,nan,nan,nan,nan,nan,nan,nan,nan,nan,0,0,0,0,0,0,0,-7.3321824676519e-11,-1.0058449978952104e-13,-2.3501204530693768e-12,-1.7401247666965317e-10,-1.6564440791233537e-15,-1.5580318198787912e-10,1.0004765277067864e-13,4.4027715501160358e-14,-1.2945168757325979e-17,1.1149491544006967e-19,1.037172818758802e-19,1.3120327870949263e-19,3.9440086117379856e-14,4.0540640272155071e-10,nan,nan,nan,nan,nan,nan,nan,nan,nan,nan,nan,nan,nan,nan,-1.843093538336435e-07,1.6045946787945908e-07,-2.8884276361176303e-23,2.4007957503666611e-08,5.769796537491434e-07,-2.0814564216653508e-07,0,0.016075664117198886,0.037627488037163051,2.1980135564761015e-18,0.040904438619227816,0.014896483419934188,0.1190524034713569,5.2080441680089896e-06,-0.00020544749132906794,0.00026543294347728617,-1.6288466122233398e-20,0.00013292520509403498,9.5082097780919939e-05,-0.00028633272665349116,6.3781658053004601e-10
15,2,lumen,0.0083223684210526321,0.0025000000000000001,0.0083059210526315805,0.0083388157894736838,0.002,0.0030000000000000001,1000149.9818746133,1.3179490382473589,12.851851042354088,3129.2047620459657,0.1681059994858132,1173,1173,4.0491150759294699e-05,0.23349659303086767,0.59999999999999998,2,500000,0.00035,0.0001,0.076183957876962943,0.16348048666305662,1.0186858227440295e-17,0.18013444365738671,0.066839409358073074,0.54002451572631438,2.3398490693183421e-05,0.061030036679655064,0.075009884431458701,4.0915052355972829e-18,0.052604263616125316,0.42609629604607296,0.38525199196969162,7.5272569963629987e-06,0.27242521056819163,0.0015545520800948874,1.0563813780950897e-09,0.0019872175887022526,2.0090861923633939e-05,0.38975230565630287,7.3465876246930784e-05,8.2929216619999719e-07,2.7942613148115717e-10,3.2537105740351514e-12,2.9683853151126182e-10,7.2133271932573771e-11,6.2399344624244904e-08,0.33418626396899387,nan,nan,nan,nan,nan,nan,nan,nan,nan,nan,nan,nan,nan,nan,0,0,0,0,0,0,0,7.6847937696783117e-10,1.5731297114996212e-13,2.1518437179502526e-11,1.8066920553738776e-09,1.3091849652979715e-14,1.6538541371905607e-09,-1.2298886849801406e-13,1.3516965324811281e-13,-4.9342167624904423e-17,6.4454435164776164e-19,-8.1103389189962772e-19,1.4540682802691364e-18,1.1448854285120285e-13,-4.2508409849449126e-09,nan,nan,nan,nan,nan,nan,nan,nan,nan,nan,nan,nan,nan,nan,-1.9934035281471418e-07,1.6883898273922782e-07,-2.7559909780299044e-24,2.8825734872643423e-08,6.2639802933528443e-07,-2.2995128806657661e-07,0,0.016950701060595503,0.036157549597907138,2.2819029147192021e-18,0.039914092121001186,0.014729378211554661,0.11980331314125774,5.1868463705335201e-06,-0.00039742545883528332,0.0005338137422433221,-3.2519425318342131e-20,0.00027228763530409461,0.0001773015217272601,-0.00053824346105764182,-1.3520465000036646e-10
15,3,support,0.0083223684210526321,0.0035000000000000001,0.0083059210526315805,0.0083388157894736838,0.0030000000000000001,0.0040000000000000001,1001229.1685871989,1.2989460950873077,12.652892915943795,3204.1760537561499,0.16827923842401385,1173,1173,4.0352594708335287e-05,0.23340353365500022,0.40000000000000002,2,300000,0.00033700000000000001,0.0001,0.08566299161013069,0.1536071970848043,1.1051628575039671e-17,0.17494469718025077,0.066915084648964049,0.55921993258181957,2.3769391182839812e-05,0.067561220451435228,0.069388626056133634,4.3701191607838451e-18,0.050297814529617298,0.41997490105389712,0.39276990970963482,7.5281992819436993e-06,nan,nan,nan,nan,nan,nan,nan,nan,nan,nan,nan,nan,nan,nan,0.27489349755587739,0.0016334516043452036,1.18923445689996e-09,0.0020603075479953071,1.9549530214955669e-05,0.38183619248981987,7.6679431914910157e-05,7.5424580844864101e-07,2.6110934771786177e-10,3.4964789794126433e-12,3.3146975154654606e-10,8.0618499681168069e-11,6.0313031652592695e-08,0.33947950541507266,0,0,0,0,0,0,0,nan,nan,nan,nan,nan,nan,nan,nan,nan,nan,nan,nan,nan,nan,-4.0144451570698416e-09,-2.6529281669482431e-14,-1.6320183631009984e-10,-1.0380905371703076e-08,-6.4211331564367757e-14,-7.864171494348024e-09,3.6766055821910202e-14,-1.368458298067754e-14,2.5256139896766354e-17,-2.532617978662245e-20,3.1062151945741755e-19,-4.0904024422080106e-19,-2.5372629893011443e-14,2.2422816492252909e-08,-2.3028774081938763e-07,2.0858718324801018e-07,5.9405531322734183e-23,2.9728034112874079e-08,7.2308801327136685e-07,-2.4979800572477728e-07,0,0.018753376890952352,0.033557717966409023,2.4129901419269888e-18,0.038243612763201422,0.014589119087905075,0.12230479674967262,5.1970113827844215e-06,-1.5660766419521556e-05,-3.7702291946829306e-06,-1.5864546362528329e-20,-7.0846795957507484e-05,6.7078858448094169e-05,-0.0001007238304798843,-5.0260485947121449e-09
15,4,support,0.0083223684210526321,0.0045000000000000005,0.0083059210526315805,0.0083388157894736838,0.0040000000000000001,0.0050000000000000001,1000908.2633307576,1.5960756393532525,15.552184204893701,2737.1020803559168,0.13814312734997031,1173,1173,4.1289114780858785e-05,0.20523766518812792,0.40000000000000002,2,300000,0.00033700000000000001,0.0001,0.081614466755108264,0.12817989011796571,2.1546443631892814e-17,0.21854647273412692,0.040919493947299372,0.52914191436041624,2.3377757533420971e-05,0.079117572820520898,0.071170198588990957,1.0472350156995932e-17,0.077231361796244416,0.31566840646797262,0.45680335957054014,9.1007557310914734e-06,nan,nan,nan,nan,nan,nan,nan,nan,nan,nan,nan,nan,nan,nan,0.24906520463373563,0.0026417333109581493,1.4551662352710836e-09,0.0025037792464702889,3.2411568754481085e-05,0.3908142413474921,0.00010749740894207571,5.2248928746061278e-07,2.4257251368608921e-10,4.2726381786802764e-12,3.973289319397983e-10,1.0554290873740007e-10,8.6692480322452182e-08,0.35483452109699609,0,0,0,0,0,0,0,nan,nan,nan,nan,nan,nan,nan,nan,nan,nan,nan,nan,nan,nan,3.1537696864597539e-10,6.0611746252455288e-13,-7.6215476793541577e-11,-5.2992309120423691e-10,1.1423696190393517e-14,2.3508142319708311e-09,-5.4654676515677213e-13,1.3326774579713874e-13,7.0805329190740841e-17,2.2371409406861943e-18,-8.8709150520241117e-18,1.4077268332042878e-17,1.1520381841575374e-13,-2.0603724564997325e-09,-3.3839883048329689e-07,1.6352671489139325e-07,-6.3661812029132619e-24,1.7259725688682067e-07,1.1878649748137127e-06,-5.1054243266346333e-07,0,0.018080640825950515,0.028323549012581821,4.7672974413476583e-18,0.048317225231579358,0.0090523432980110213,0.1170719914298245,5.169854696105599e-06,0,0,0,0,0,0,0
16,0,lumen,0.0083552631578947371,0.00050000000000000001,0.0083388157894736838,0.0083717105263157905,0,0.001,1000150.6098081471,1.3570383589880985,13.233018419187978,3020.2202283566626,0.16893870983596915,1173,1173,4.0584284358194357e-05,0.23376128653221467,0.59999999999999998,2,500000,0.00035,0.0001,0.068097226327124699,0.16705455075055028,9.3921335251406466e-18,0.17980884014565374,0.0656836540265196,0.5168917898370734,2.2739604543425662e-05,0.056169784347220197,0.078923097004327203,3.8841888847321427e-18,0.054066524883098072,0.43114732320064703,0.37968573830924418,7.5322554635344784e-06,0.27102268130561458,0.0014975036178485372,9.6156776598653457e-10,0.0019369773245071667,2.0363577040564926e-05,0.39493773755060846,7.1188061853446922e-05,8.8596817469343626e-07,2.9249013852461072e-10,3.0862774586120966e-12,2.7236998451504903e-10,6.6141784912217416e-11,6.3619306175856726e-08,0.33051259737937239,nan,nan,nan,nan,nan,nan,nan,nan,nan,nan,nan,nan,nan,nan,0,0,0,0,0,0,0,-1.1569269594251043e-10,5.088239749092013e-14,-6.2988863309044115e-12,-2.0800601429216513e-10,1.2010791666794418e-15,-1.4682460889453575e-10,-5.3520770162567e-14,-2.8110977087769662e-14,5.8832808408106006e-17,-2.6179601088521589e-19,7.0528350347566874e-19,-7.7610202878211922e-19,-2.5165918014058307e-14,4.7687673238009416e-10,nan,nan,nan,nan,nan,nan,nan,nan,nan,nan,nan,nan,nan,nan,-1.777475261864267e-07,1.5561806349095875e-07,-5.8458604193200816e-23,2.2282638187367604e-08,5.5560200055981834e-07,-1.9982845872457133e-07,0,0.015682732452271038,0.038239552771001217,2.160324624670487e-18,0.04123121396459295,0.014984630127421454,0.11867076518968772,5.2165204797306458e-06,-8.1968694661392548e-05,9.8915611225920393e-05,-6.4802122958353586e-21,4.1241325802796993e-05,4.3397545924720386e-05,-0.00011697465486785853,3.8648773115259982e-10
16,1,lumen,0.0083552631578947371,0.0015,0.0083388157894736838,0.0083717105263157905,0.001,0.002,1000150.3502211591,1.4127982459816697,13.776758733639424,2906.0998436146033,0.16877460803787744,1173,1173,4.0560617331733528e-05,0.23365312571154956,0.59999999999999998,2,500000,0.00035,0.0001,0.066967160283110616,0.15836705603007126,9.149907864642861e-18,0.17161000014302819,0.062875159274940431,0.49847120003888318,2.1834336358982277e-05,0.057507349641424635,0.077893063987256275,3.9394985026006183e-18,0.053721501698523633,0.42967058515377254,0.38119996994745536,7.5295715676302854e-06,0.27135324814193074,0.001513075119738722,9.8735815051879323e-10,0.0019504167538312775,2.0306711513452853e-05,0.39360630821394665,7.1805009183962125e-05,8.7050635572832016e-07,2.8902484648312695e-10,3.1315375600699142e-12,2.7900806253989715e-10,6.7767388746479793e-11,6.3333094507451522e-08,0.33148390458411503,nan,nan,nan,nan,nan,nan,nan,nan,nan,nan,nan,nan,nan,nan,0,0,0,0,0,0,0,-8.904464767949422e-11,2.3436681103930619e-13,-2.2414864710754573e-12,-1.0915718056805999e-10,-2.2837634561234665e-15,-2.3885599292720883e-10,-1.4710520314730936e-13,8.5777305397494175e-14,1.7885332085050913e-17,8.121856924349938e-19,-1.5916103215608053e-18,2.5404133287549448e-18,1.8344111100738824e-14,4.3911019248132177e-10,nan,nan,nan,nan,nan,nan,nan,nan,nan,nan,nan,nan,nan,nan,-1.8355463285522206e-07,1.5996290037012528e-07,-1.6824788239096602e-24,2.3832728113506457e-08,5.745479553787014e-07,-2.0728046284945734e-07,0,0.01603443164750341,0.037691601741306355,2.2068598723495251e-18,0.040916771815394118,0.014912326396228998,0.11900092228464171,5.2080248592112538e-06,-0.00020517828768566515,0.00026534573316853256,-1.4068719579565968e-20,0.00013274237510162173,9.4793896420798904e-05,-0.00028558485075383573,6.3319510597149877e-10
16,2,lumen,0.0083552631578947371,0.0025000000000000001,0.0083388157894736838,0.0083717105263157905,0.002,0.0030000000000000001,1000149.5918732178,1.3158698484885563,12.831581030521429,3133.289884814259,0.16815916056365068,1173,1173,4.0492104076145628e-05,0.23355517610095222,0.59999999999999998,2,500000,0.00035,0.0001,0.076093647869819564,0.16398135711075801,1.0123672537380248e-17,0.180428658175283,0.066997517586528485,0.54048480865087756,2.3428954664433596e-05,0.060861547625104657,0.075121030748359963,4.0597138724251241e-18,0.052607079179358689,0.42643059313260157,0.38497222414485732,7.5251697180749099e-06,0.27242327762808155,0.0015515863774954307,1.0530443449526081e-09,0.0019849815364360985,2.0082247842936903e-05,0.38989287446414317,7.3354464204782309e-05,8.3144351202883837e-07,2.7983807507950854e-10,3.2476695012232625e-12,2.9598761183333703e-10,7.1915478355172416e-11,6.239701686868903e-08,0.33405294773721989,nan,nan,nan,nan,nan,nan,nan,nan,nan,nan,nan,nan,nan,nan,0,0,0,0,0,0,0,1.0125480897243323e-09,4.9055381388205153e-13,-2.4879178134529139e-11,8.3658300971768366e-10,2.0274580625478933e-14,4.0851645618806415e-09,-3.6425767102903119e-13,1.7951265474103195e-13,5.6741090013170833e-19,1.9410079614090862e-18,-5.5112876484215462e-18,8.0972973438895218e-18,9.2572730527926295e-14,-5.9098352047209283e-09,nan,nan,nan,nan,nan,nan,nan,nan,nan,nan,nan,nan,nan,nan,-1.9848620739278816e-07,1.6580885003891765e-07,4.2397005927529473e-22,2.8616779565837083e-08,6.2364396072323025e-07,-2.2796450876994001e-07,0,0.016908570283863542,0.036221769599688161,2.2272153327114348e-18,0.039927602280267406,0.014745580872816005,0.11974966501553315,5.1868689924523372e-06,-0.00039624588518370974,0.0005325688551433296,-3.7666737315112834e-20,0.00027084316163784427,0.00017693533527788675,-0.00053658231728486827,-1.5100568056483771e-10
16,3,support,0.0083552631578947371,0.0035000000000000001,0.0083388157894736838,0.0083717105263157905,0.0030000000000000001,0.0040000000000000001,1001225.9817817751,1.2987508018937211,12.651030853022453,3203.7086973051537,0.1683289487001102,1173,1173,4.0354039173459968e-05,0.23346146786975622,0.40000000000000002,2,300000,0.00033700000000000001,0.0001,0.08543599379720701,0.15390554362088002,1.1084169478386322e-17,0.17502368202327756,0.066980662253276854,0.55887417624091995,2.3766645274311644e-05,0.067372274106283159,0.069513166040662128,4.3823417104567519e-18,0.050313117800587961,0.42032461543754063,0.39246930039308275,7.526221843257995e-06,nan,nan,nan,nan,nan,nan,nan,nan,nan,nan,nan,nan,nan,nan,0.27488207763575612,0.0016300999941340931,1.1853640440293648e-09,0.002057785335663215,1.9544382699071836e-05,0.38200842001624835,7.6553826664095897e-05,7.5645934993484221e-07,2.6156629038178353e-10,3.4890006964726985e-12,3.3047179126590812e-10,8.0361070395868005e-11,6.0322124600413153e-08,0.33932470016614114,0,0,0,0,0,0,0,nan,nan,nan,nan,nan,nan,nan,nan,nan,nan,nan,nan,nan,nan,-4.242098762762487e-09,9.1766180309086636e-14,-1.2990942705108516e-10,-1.0578025790185934e-08,-5.2394612086448245e-14,-6.7659045282619096e-09,-8.8484548274154541e-14,-2.5439286094330882e-14,8.0345642635015328e-18,2.7609190845567991e-19,-2.144182635479078e-18,2.5668823587242115e-18,-2.4084254530372152e-14,2.171603716274573e-08,-2.2935063016902429e-07,2.0677578771444161e-07,-5.3346018665930267e-22,2.9470758408038967e-08,7.2003343512538898e-07,-2.4837322448734156e-07,0,0.018706456143870443,0.033628172159894144,2.4357682783381462e-18,0.038266730097716237,0.014605861771653574,0.12224741103003856,5.1971969693162113e-06,-1.5658409168005069e-05,-3.8295188787971957e-06,-1.5825597039189812e-20,-7.121532816702402e-05,6.7334295764862257e-05,-0.00010086216136381686,-5.0489007255725393e-09
16,4,support,0.0083552631578947371,0.0045000000000000005,0.0083388157894736838,0.0083717105263157905,0.0040000000000000001,0.0050000000000000001,1000905.5780395955,1.6295379492061444,15.878284037097954,2680.5128884368974,0.13904433041577113,1173,1173,4.1294994052464218e-05,0.20519075929279706,0.40000000000000002,2,300000,0.00033700000000000001,0.0001,0.079744836263507882,0.12581693192237908,2.1095122430390368e-17,0.21449688450967391,0.040078196379191279,0.51814712392291551,2.2909593764917517e-05,0.078926083692816007,0.07132299113672802,1.0467977553193773e-17,0.077389680686159631,0.31566120327549102,0.45669093570099611,9.1055078091086008e-06,nan,nan,nan,nan,nan,nan,nan,nan,nan,nan,nan,nan,nan,nan,0.24896959762048684,0.0026401636183344787,1.4511016822436909e-09,0.0025022274044423894,3.2461786217703632e-05,0.39104466260204984,0.00010743216303917183,5.2353127605346821e-07,2.4299931919688637e-10,4.2627800653003741e-12,3.9622793003060115e-10,1.0525487733485066e-10,8.6825645999312698e-08,0.35470284224863169,0,0,0,0,0,0,0,nan,nan,nan,nan,nan,nan,nan,nan,nan,nan,nan,nan,nan,nan,-1.9036431480483639e-10,1.1245856538730867e-12,7.2278676763302229e-11,7.770291828756775e-10,-1.924339593922797e-14,-1.9897800265095134e-09,-9.7460943946230799e-13,1.6269407696056781e-13,9.0421104609086483e-17,3.4144784608792956e-18,-1.4155556711870989e-17,2.1467394585072976e-17,8.5460286205822704e-14,1.3304575491681818e-09,-3.3745830291861262e-07,1.6697688082212281e-07,-1.3118782816275893e-23,1.7239869446012985e-07,1.1846524473613229e-06,-5.1056180139230634e-07,0,0.018026769273967423,0.028369041047076916,4.7631849648501528e-18,0.048390014990883017,0.0090473102749593186,0.11697841367889851,5.1697070704861896e-06,0,0,0,0,0,0,0
17,0,lumen,0.0083881578947368422,0.00050000000000000001,0.0083717105263157905,0.0084046052631578938,0,0.001,1000150.2169349577,1.363467788490224,13.295719555031665,3005.1821241866337,0.16902494417417355,1173,1173,4.0585305677388077e-05,0.23381539041929061,0.59999999999999998,2,500000,0.00035,0.0001,0.067579792150381096,0.16650032033194101,9.3274590133368868e-18,0.178968604791163,0.065421652165017316,0.51409448171697492,2.2626043265483417e-05,0.056007103660088348,0.079033972329754537,3.8757197075560848e-18,0.054068858153073225,0.43146227183179592,0.37942026387445199,7.5301508359919984e-06,0.27101893101970154,0.0014947981686916133,9.5841944134993133e-10,0.0019348892872505174,2.0355343381468998e-05,0.39507154395086841,7.1085384917016881e-05,8.881444915939566e-07,2.9289687461572206e-10,3.0808889013178942e-12,2.7157194730217646e-10,6.5940277523501289e-11,6.3616772854319323e-08,0.33038744349198468,nan,nan,nan,nan,nan,nan,nan,nan,nan,nan,nan,nan,nan,nan,0,0,0,0,0,0,0,-2.9814079110011761e-10,-8.586326412243325e-14,-1.4023322937167625e-11,-2.5810811853473966e-11,1.031130476142339e-14,6.2767415245391922e-10,8.1510800971259663e-14,-2.4551758195934248e-14,5.9023226936079361e-17,-2.6790681735397418e-19,1.3162273682823944e-18,-1.349333760110272e-18,-2.6810550154315509e-14,-2.8965366233294308e-10,nan,nan,nan,nan,nan,nan,nan,nan,nan,nan,nan,nan,nan,nan,-1.7700309372023493e-07,1.5428069233269781e-07,-1.1444203180922369e-22,2.210879155995568e-08,5.5330918939666685e-07,-1.9910010151669155e-07,0,0.015641418933943899,0.038304395532239854,2.1045212580022064e-18,0.041244491085100872,0.015000126446077205,0.11861947050199466,5.216495017826522e-06,-8.2012167786459626e-05,9.9154799051647406e-05,-3.6610589105792169e-21,4.1443868480322315e-05,4.3247828723518365e-05,-0.00011726334785384831,3.8736493169405238e-10
17,1,lumen,0.0083881578947368422,0.0015,0.0083717105263157905,0.0084046052631578938,0.001,0.002,1000149.9580776254,1.4177634360858249,13.825181701743842,2895.1507805489591,0.16875856037650022,1173,1173,4.056155176415074e-05,0.23370916420034138,0.59999999999999998,2,500000,0.00035,0.0001,0.066543863548682886,0.15803410468327753,9.0425496439229613e-18,0.17101225968608968,0.062701771927341526,0.49637475865959568,2.1751763891604827e-05,0.057344698915202254,0.078002506687565851,3.9069595560433155e-18,0.053722546828739427,0.42999176087142749,0.38093095923553472,7.5274615302845424e-06,0.27135116689040611,0.0015103025493120891,9.8419009648545859e-10,0.0019482970329975776,2.0297980508912428e-05,0.39373968566711642,7.1700200461230916e-05,8.7266329723012866e-07,2.8942860195275518e-10,3.1260309438842586e-12,2.782040779188337e-10,6.7563401457182779e-11,6.3329487208455778e-08,0.33135761206390096,nan,nan,nan,nan,nan,nan,nan,nan,nan,nan,nan,nan,nan,nan,0,0,0,0,0,0,0,1.9021938895392347e-10,-3.8836417380716169e-13,-1.0028592145639446e-11,-1.1706183141993825e-09,2.5717275531356165e-16,1.1727702190454659e-09,2.7629105219756123e-13,-1.4529826994347239e-14,-6.3389864069102771e-17,-6.7328458370337746e-19,1.1109804387568953e-18,-1.5201809750707727e-18,6.6859597851620655e-14,-1.8228307768977583e-10,nan,nan,nan,nan,nan,nan,nan,nan,nan,nan,nan,nan,nan,nan,-1.8279765922474267e-07,1.5797570745990086e-07,4.5397303576997064e-22,2.365915762788546e-08,5.7198690939230801e-07,-2.0529619670917043e-07,0,0.015993384093365228,0.037755459830990948,2.1465275181226157e-18,0.040928991087005692,0.014928099309771684,0.11894967757333351,5.2080058706831628e-06,-0.00020491735572861588,0.00026527924956658581,-1.9877194472221171e-20,0.00013257594560013428,9.4503533831844899e-05,-0.00028510107700370496,6.2722272066499898e-10
17,2,lumen,0.0083881578947368422,0.0025000000000000001,0.0083717105263157905,0.0084046052631578938,0.002,0.0030000000000000001,1000149.2017512068,1.312261590166921,12.796400430373685,3141.0474538500448,0.16820208256556463,1173,1173,4.0493055495036782e-05,0.23361344741822349,0.59999999999999998,2,500000,0.00035,0.0001,0.076092571039860959,0.1646749447487437,1.019413954309828e-17,0.18093447797724835,0.067234133459457876,0.54157828498171479,2.3486912567861869e-05,0.060693823399782895,0.07523193623186672,4.076763911387969e-18,0.052609921421925041,0.42676334044464714,0.3846934553994481,7.5231023302011693e-06,0.27242120355960608,0.0015486386071266788,1.0497247337927178e-09,0.0019827552934066376,2.0073688075101114e-05,0.39003296658546832,7.3243646075260799e-05,8.3359201267164195e-07,2.802489669164084e-10,3.241676009249774e-12,2.9514136529080135e-10,7.1699010336486687e-11,6.2394714127929324e-08,0.33392022093346174,nan,nan,nan,nan,nan,nan,nan,nan,nan,nan,nan,nan,nan,nan,0,0,0,0,0,0,0,1.5794019009151493e-09,6.939161095214645e-14,-1.3066605884072762e-10,-1.5167453088394236e-09,4.6303997962293675e-14,9.9990856651435006e-09,-6.367922916414145e-14,1.276611195227817e-13,-3.5692472699652356e-17,6.1333448463166352e-19,-1.2223215858447354e-18,2.001208977318565e-18,1.2854147608150898e-13,-9.9313842429460277e-09,nan,nan,nan,nan,nan,nan,nan,nan,nan,nan,nan,nan,nan,nan,-1.9757784697031766e-07,1.5930009633624564e-07,-2.1869070442113446e-22,2.840902854457373e-08,6.2074488715868625e-07,-2.246008491968432e-07,0,0.016866607339928973,0.036285772342916287,2.2509222292897331e-18,0.039941021487035863,0.01476170526317167,0.11969625633248716,5.1868921443185341e-06,-0.00039498156426051318,0.00053108812348912743,-3.0039567314259856e-20,0.00026927163335893471,0.00017653956594566698,-0.00053343696717588873,-1.664070199720837e-10
17,3,support,0.0083881578947368422,0.0035000000000000001,0.0083717105263157905,0.0084046052631578938,0.0030000000000000001,0.0040000000000000001,1001222.7938970586,1.2941893164659151,12.606637916476913,3214.0515003533324,0.16838117815949225,1173,1173,4.0355483244754985e-05,0.23351907451824622,0.40000000000000002,2,300000,0.00033700000000000001,0.0001,0.085497271788965296,0.1547238109292465,1.1000486801541445e-17,0.17569333758897379,0.067272199601341384,0.5604141940741374,2.3844124587984021e-05,0.067184014728548389,0.069637524507049062,4.3339944375278522e-18,0.050328393994899585,0.42067274911660385,0.39216979339144448,7.5242614547203704e-06,nan,nan,nan,nan,nan,nan,nan,nan,nan,nan,nan,nan,nan,nan,0.27487050205995439,0.0016267688180526269,1.1815109877712866e-09,0.0020552741868364618,1.9539285698184495e-05,0.38218013774918669,7.6428893905821022e-05,7.5867118195609109e-07,2.6202236161388527e-10,3.4815740192560376e-12,3.2947855409503604e-10,8.0105031781620903e-11,6.0331236749459379e-08,0.33917052814735443,0,0,0,0,0,0,0,nan,nan,nan,nan,nan,nan,nan,nan,nan,nan,nan,nan,nan,nan,-3.977999834363374e-09,-1.197119981933766e-14,-1.6319885355767823e-10,-1.0280100933090948e-08,-6.4686428956350905e-14,-7.9278741830883515e-09,2.1790173810010772e-14,-1.7543041672118953e-14,2.281303864143747e-17,1.3193046094080624e-21,1.3299430568142893e-19,-1.736302770561324e-19,-2.7910278262828655e-14,2.2349273931324956e-08,-2.2835268299794403e-07,2.0722677351869834e-07,2.4837567977108847e-22,2.9217092642826677e-08,7.1675367593893036e-07,-2.4745280829963079e-07,0,0.018659723175934787,0.03369839045670802,2.3982899156311602e-18,0.038289707764429803,0.014622521086854631,0.12219034145543396,5.1973829100756862e-06,-1.5657158037874924e-05,-3.8914559994856549e-06,-1.5938653761144266e-20,-7.1615448759084564e-05,6.7598990859943763e-05,-0.0001012421305495997,-5.071806450834532e-09
17,4,support,0.0083881578947368422,0.0045000000000000005,0.0083717105263157905,0.0084046052631578938,0.0040000000000000001,0.0050000000000000001,1000902.8938384353,1.6143580393267174,15.730412563379039,2705.3319677097443,0.13799076224969087,1173,1173,4.130090549159406e-05,0.20514325872474509,0.40000000000000002,2,300000,0.00033700000000000001,0.0001,0.080298636901504072,0.12727251620915683,2.128023454485894e-17,0.21695926625900308,0.040453796662508673,0.52288997661544956,2.313710536471692e-05,0.078734070107687557,0.071476229487660942,1.0461493494471581e-17,0.077549109675341871,0.31565223772634299,0.45657924270977734,9.1102931892207152e-06,nan,nan,nan,nan,nan,nan,nan,nan,nan,nan,nan,nan,nan,nan,0.24887344246197157,0.0026386148803489743,1.4470310499974641e-09,0.0025006815119511926,3.2512380875924099e-05,0.39127539702514336,0.00010736747121021985,5.245726785928676e-07,2.4342669611349917e-10,4.252914241895023e-12,3.9512534715516377e-10,1.0496661324443019e-10,8.6959573269297468e-08,0.35457137054144416,0,0,0,0,0,0,0,nan,nan,nan,nan,nan,nan,nan,nan,nan,nan,nan,nan,nan,nan,5.9066518544000099e-10,5.6515128193318657e-13,-1.6006298035124405e-10,-1.2769218702855469e-09,3.2325379352438066e-14,4.8592887570740942e-09,-5.3774917516960043e-13,8.6639896645923642e-14,-1.4088707697077209e-17,1.5258493465405659e-18,-6.4010134033424514e-18,9.3457735405978743e-18,9.3741261600525785e-14,-4.0132095429813964e-09,-3.3613733399408957e-07,1.5924234469943954e-07,3.6112337392273214e-23,1.7219555082068596e-07,1.1807926979801042e-06,-5.0721609279325008e-07,0,0.017973067689825369,0.028414288755683428,4.7568912258922379e-18,0.048462706160503834,0.0090422181455234799,0.11688505299838826,5.1695587674044282e-06,0,0,0,0,0,0,0
18,0,lumen,0.0084210526315789472,0.00050000000000000001,0.0084046052631578938,0.0084375000000000006,0,0.001,1000149.8239427417,1.3492340510655043,13.156925860182046,3036.0832806060794,0.16903257298236501,1173,1173,4.0586324151165349e-05,0.23386927094244286,0.59999999999999998,2,500000,0.00035,0.0001,0.068095005032411435,0.16849231130242079,9.5677119388386548e-18,0.18086410420899549,0.066159868174952827,0.51915550480670736,2.2858366498484617e-05,0.055844974921159425,0.079144621485778791,3.9340482727320076e-18,0.05407111295066902,0.43177603199269443,0.37915573059379587,7.5280559025139215e-06,0.27101510135762685,0.0014921075024393301,9.5528409432204709e-10,0.0019328099653307396,2.0347149673490992e-05,0.39520491214949499,7.0983210118504675e-05,8.9031836859799309e-07,2.9330267636137746e-10,3.0755361098211988e-12,2.7077740873750666e-10,6.5739768534673747e-11,6.3614250094370002e-08,0.33026278314452889,nan,nan,nan,nan,nan,nan,nan,nan,nan,nan,nan,nan,nan,nan,0,0,0,0,0,0,0,-7.130534877731854e-11,2.126534732267569e-13,-8.3377129665185837e-12,-2.8173166896303626e-10,8.4567769453869346e-16,-1.5450741077185914e-10,-1.8860276789630236e-13,-2.9579420510184029e-14,3.6199706623811137e-17,-1.1551147831242843e-19,1.0854715845330436e-18,-1.5389839794662335e-18,-3.9861992927054986e-14,5.1592685662352936e-10,nan,nan,nan,nan,nan,nan,nan,nan,nan,nan,nan,nan,nan,nan,-1.7627600629611245e-07,1.5449922974308805e-07,-1.6011605778090881e-21,2.1939690303014109e-08,5.5082850385079762e-07,-1.9794231725933642e-07,0,0.015600300177285168,0.038368967180036948,2.2351069282668135e-18,0.041257634017829524,0.015015554336182575,0.11856840730705105,5.2164693223802842e-06,-8.2041411217274881e-05,9.9344897252718131e-05,5.0246397001049662e-22,4.1612030907419996e-05,4.3107469836567749e-05,-0.00011695653297585717,3.9029262396046363e-10
18,1,lumen,0.0084210526315789472,0.0015,0.0084046052631578938,0.0084375000000000006,0.001,0.002,1000149.5658169277,1.4284243909869354,13.929146425452375,2872.7817036727711,0.16886771924371399,1173,1173,4.0562477996758801e-05,0.23376487709926558,0.59999999999999998,2,500000,0.00035,0.0001,0.065860873115619278,0.15707286820592384,9.0274389613612736e-18,0.16973846221646025,0.062279958802328152,0.49232497285309051,2.1583347755612064e-05,0.057182929959209663,0.078111066787079478,3.9297618332281669e-18,0.05372337236120317,0.43031084599641389,0.38066425954912925,7.5253469646903457e-06,0.27134922275097939,0.0015075564545689508,9.8104259059224944e-10,0.0019461967029418441,2.0289271945940056e-05,0.39387176717301514,7.1596367034856267e-05,8.7480719421162654e-07,2.8982922448606088e-10,3.1205686847010199e-12,2.7740547330998009e-10,6.7360894629341408e-11,6.3325767552696366e-08,0.33123243152779341,nan,nan,nan,nan,nan,nan,nan,nan,nan,nan,nan,nan,nan,nan,0,0,0,0,0,0,0,3.7473345753228429e-11,-1.5614003175957759e-13,-3.3331403690430692e-12,-5.9647296748202407e-10,-1.5189672436521917e-16,3.5828906703484764e-10,7.6577979263761543e-14,-7.8290238875178275e-15,-6.822619844556913e-17,-4.1115584587911065e-19,5.8476173726304407e-19,-9.6294128162147242e-19,5.7979808857425369e-14,2.0407345241147345e-10,nan,nan,nan,nan,nan,nan,nan,nan,nan,nan,nan,nan,nan,nan,-1.8206120643710078e-07,1.5821614574029752e-07,-2.8217283268988483e-22,2.3490054780713223e-08,5.6966485567633285e-07,-2.0495810748588639e-07,0,0.015952526422653688,0.037819042910639575,2.1764500985414772e-18,0.040941089826775266,0.014943800160186206,0.1188988028077806,5.2079872581014619e-06,-0.0002047812936860352,0.00026559538634237691,-1.7140124720498226e-20,0.0001326217564527533,9.4262843308736075e-05,-0.00028693454758260456,6.2026830626813278e-10
18,2,lumen,0.0084210526315789472,0.0025000000000000001,0.0084046052631578938,0.0084375000000000006,0.002,0.0030000000000000001,1000148.8115111643,1.3231799001041948,12.902874378529331,3114.2831257903063,0.16825308058359473,1173,1173,4.049399785285447e-05,0.23367139135395903,0.59999999999999998,2,500000,0.00035,0.0001,0.075257330510179424,0.16355502979536352,1.0108486796769812e-17,0.17945043205293784,0.066730985303288304,0.53672295061338327,2.3286705593010994e-05,0.060527076085290024,0.075342020829210904,4.0761464871474235e-18,0.05261256520147857,0.42709400819633736,0.38441680865046279,7.5210372204359759e-06,0.2724192425791262,0.001545717410259126,1.0464276722883667e-09,0.0019805476098866087,2.0065143745254996e-05,0.39017179714664613,7.3133788064312354e-05,8.357291463034872e-07,2.8065693710878368e-10,3.2357344376020794e-12,2.9430107159755477e-10,7.1484184923514616e-11,6.2392278148888708e-08,0.33378859650474629,nan,nan,nan,nan,nan,nan,nan,nan,nan,nan,nan,nan,nan,nan,0,0,0,0,0,0,0,-5.7885793571630347e-10,7.345038138124904e-13,2.7443582815903093e-10,7.4033715050512292e-09,-5.0702389335632869e-14,-1.2630455113217531e-08,-4.6794733263355501e-13,2.8586703317012851e-13,1.3840719140719328e-16,2.9992439941948391e-18,-7.628776441750502e-18,1.1825399447012526e-17,8.1350985276261861e-14,5.5309223033086084e-09,nan,nan,nan,nan,nan,nan,nan,nan,nan,nan,nan,nan,nan,nan,-1.9718701459517374e-07,1.8133838297629268e-07,-4.70695269340655e-22,2.8204334221907226e-08,6.1923170405209227e-07,-2.3252029585085765e-07,0,0.016824828215664965,0.036349521393975681,2.2123494507258507e-18,0.039954328350744646,0.014777744041757761,0.11964318370190943,5.1869155272062919e-06,-0.00039403974602986088,0.00053050612856831022,-2.9772778057889467e-20,0.00026822236546657181,0.00017625383636101185,-0.00053616882744549727,-1.8344963306613742e-10
18,3,support,0.0084210526315789472,0.0035000000000000001,0.0084046052631578938,0.0084375000000000006,0.0030000000000000001,0.0040000000000000001,1001219.6049430231,1.2989102835271651,12.652664936455334,3201.4297626034836,0.16842990477734063,1173,1173,4.035691682929312e-05,0.23357636324985737,0.40000000000000002,2,300000,0.00033700000000000001,0.0001,0.08494900582739888,0.1544347964019856,1.0952962703217761e-17,0.17510681110702808,0.067082635788173098,0.55795146222933145,2.3751239332160271e-05,0.066996902538120656,0.069761218614924014,4.33102591241035e-18,0.050343516304128741,0.42101890559624089,0.39187193463186482,7.5223147207855587e-06,nan,nan,nan,nan,nan,nan,nan,nan,nan,nan,nan,nan,nan,nan,0.27485901686551806,0.0016234639619158969,1.1776849165044958e-09,0.0020527797320114369,1.9534176415899761e-05,0.38235062836017142,7.6304876901690821e-05,7.6087525925605841e-07,2.624759753787031e-10,3.4742158971959904e-12,3.2849254185877179e-10,7.9850994584875054e-11,6.0340145767083671e-08,0.339017448959682,0,0,0,0,0,0,0,nan,nan,nan,nan,nan,nan,nan,nan,nan,nan,nan,nan,nan,nan,-4.0529269015938131e-09,7.4373938213780599e-14,-1.509126001590249e-10,-1.0369657513870735e-08,-5.8992199146457036e-14,-7.4066937509435771e-09,-7.0765703013127007e-14,-2.4681862456632508e-14,1.1476139933401844e-17,2.4255261359292723e-19,-1.9286656899620619e-18,2.2629468109110894e-18,-2.5074731444937267e-14,2.1980295861005497e-08,-2.2740837626964577e-07,2.0600387934388564e-07,5.1051765630567131e-24,2.8962211993898179e-08,7.1366653420223969e-07,-2.4615178756404177e-07,0,0.018613169048116357,0.033768399711427852,2.4041045927751854e-18,0.038312560591452112,0.014639099555039791,0.12213344118385334,5.197569280727423e-06,-1.5657491050352598e-05,-3.953998677573797e-06,-1.5941301415821802e-20,-7.2031695611764887e-05,6.786882526717916e-05,-0.00010175905947071832,-5.0946917145505872e-09
18,4,support,0.0084210526315789472,0.0045000000000000005,0.0084046052631578938,0.0084375000000000006,0.0040000000000000001,0.0050000000000000001,1000900.2107288835,1.6236541363495853,15.821036764968138,2689.4630928465731,0.13889224963369554,1173,1173,4.1306796787490635e-05,0.20509559759432436,0.40000000000000002,2,300000,0.00033700000000000001,0.0001,0.07964517073318636,0.12681345044854422,2.1151140431080219e-17,0.2161591403711241,0.040220733451789142,0.51976926726981576,2.3016668690921223e-05,0.078543238441806759,0.071628713382323586,1.045793394528171e-17,0.077708234835953169,0.31564171758667653,0.45646898067034719,9.1150828927698542e-06,nan,nan,nan,nan,nan,nan,nan,nan,nan,nan,nan,nan,nan,nan,0.24877752606390077,0.0026370967165217571,1.4429896030732292e-09,0.0024991524094426123,3.2562929182860677e-05,0.39150463757707871,0.00010730376180443724,5.2560575262044168e-07,2.4385134269713934e-10,4.2431262865491722e-12,3.9403071477357292e-10,1.0468059476489484e-10,8.7093158604746705e-08,0.35444110565336173,0,0,0,0,0,0,0,nan,nan,nan,nan,nan,nan,nan,nan,nan,nan,nan,nan,nan,nan,9.1728080064064085e-14,9.7045688152962532e-13,1.0170473880516014e-11,2.2581607692954306e-10,-1.4618297891622056e-15,-9.8315992283146136e-11,-8.8440269759423535e-13,1.0378221719509195e-13,-7.624247782993139e-18,2.5623474250264205e-18,-1.1548453923707608e-17,1.6016109972051173e-17,7.526522901639244e-14,-1.3802575800708122e-10,-3.3522852080879184e-07,1.6332205365898744e-07,1.7160998211713153e-23,1.7199443504575422e-07,1.1776499007909447e-06,-5.07438657482151e-07,0,0.017919539130440646,0.028459289228630058,4.7461011495915301e-18,0.048535294107798388,0.0090370667374923951,0.11679191045594567,5.16940980174734e-06,0,0,0,0,0,0,0
19,0,lumen,0.0084539473684210522,0.00050000000000000001,0.0084375000000000006,0.0084703947368421038,0,0.001,1000149.4308318768,1.3476789567110707,13.14176667280406,3038.7878201663789,0.16911858260813473,1173,1173,4.0587332850440206e-05,0.23392294536662173,0.59999999999999998,2,500000,0.00035,0.0001,0.067976844866569935,0.16892164666907306,9.4138735346937809e-18,0.18108020947676307,0.066284117388053551,0.51939272862627783,2.2878432121104456e-05,0.055683839331163783,0.07925486849378105,3.8663331920817202e-18,0.054073345497650548,0.43208849445761621,0.37889192623689044,7.5259828980010122e-06,0.27101127862323665,0.0014894317467935012,9.5216965984846482e-10,0.0019307391102531847,2.0338954005032592e-05,0.39533761127361972,7.0881536141223256e-05,8.9248846551385191e-07,2.9370698380256649e-10,3.070235574091647e-12,2.6998844690177448e-10,6.5540752317245409e-11,6.3611598203506903e-08,0.33013876107140694,nan,nan,nan,nan,nan,nan,nan,nan,nan,nan,nan,nan,nan,nan,0,0,0,0,0,0,0,1.1195790181590215e-10,-2.1395397489256081e-14,2.8834864275751936e-11,-5.8266302125698774e-10,-1.6311279583958171e-14,-1.3946935095536517e-09,2.833668798919369e-14,-2.4441386414775224e-14,4.9637052446798325e-17,-1.9754067583205925e-19,1.4423368946291796e-18,-1.6204940339097821e-18,-3.3013640245548725e-14,1.8366302366187966e-09,nan,nan,nan,nan,nan,nan,nan,nan,nan,nan,nan,nan,nan,nan,-1.7558590946226832e-07,1.5518507451295349e-07,-3.8337953411655562e-22,2.1766767244736817e-08,5.4838199647910812e-07,-1.9674116091827898e-07,0,0.015559376445388207,0.0384332622121328,2.1647031471479632e-18,0.04127063712360967,0.01503091113091235,0.11851764575661171,5.2164431567387787e-06,-8.2063777857212632e-05,9.9612521407756632e-05,-7.5881489015246805e-21,4.1824935201973633e-05,4.2990179600720038e-05,-0.00011700370242401831,3.9780863114638878e-10
19,1,lumen,0.0084539473684210522,0.0015,0.0084375000000000006,0.0084703947368421038,0.001,0.002,1000149.1734389012,1.4309040177312387,13.95333174715817,2867.0472085765109,0.16885185210864712,1173,1173,4.0563397606573613e-05,0.23382029485498343,0.59999999999999998,2,500000,0.00035,0.0001,0.065561520604433057,0.15701689923692169,9.0147463892351728e-18,0.1694460651913402,0.062217835862414986,0.49113022985264698,2.1539854701064973e-05,0.057021856687764154,0.078218810602030536,3.931050283939453e-18,0.053723946485158949,0.43062802796553135,0.38039983503702629,7.5232224888496635e-06,0.27134741169962773,0.0015048355354369551,9.7791215656206976e-10,0.0019441150665125324,2.0280588309652177e-05,0.39400263960194343,7.1493465453884638e-05,8.7693898400299594e-07,2.9022695921061037e-10,3.1151434770494971e-12,2.7661134475779933e-10,6.7159643078382405e-11,6.3321957955607013e-08,0.33110828216674854,nan,nan,nan,nan,nan,nan,nan,nan,nan,nan,nan,nan,nan,nan,0,0,0,0,0,0,0,-1.1872930730699028e-09,-3.2741751360027018e-13,2.3660956011986114e-11,4.0106159026722404e-09,-3.8651807449108233e-16,-5.5666953663845165e-09,2.2710190580124341e-13,-1.1484953613138948e-14,-6.8946166627965512e-17,-6.600483012664196e-19,1.5169260452097706e-18,-2.1200061753515931e-18,6.5315189854438768e-14,2.71975836279844e-09,nan,nan,nan,nan,nan,nan,nan,nan,nan,nan,nan,nan,nan,nan,-1.8135032804449114e-07,1.6356559862096276e-07,-5.510578367030992e-22,2.33277103795383e-08,5.6790118806160361e-07,-2.0866496941440715e-07,0,0.015911846136480841,0.03788238754970813,2.209067783938927e-18,0.040953093686260593,0.014959433372533219,0.11884807120983271,5.2079691903303524e-06,-0.00020439401808155906,0.0002650620280665166,-2.2814843502333286e-20,0.00013220743025772055,9.3899888090887197e-05,-0.00028414946987991501,6.08183941244683e-10
19,2,lumen,0.0084539473684210522,0.0025000000000000001,0.0084375000000000006,0.0084703947368421038,0.002,0.0030000000000000001,1000148.4211504915,1.3041887106329619,12.717688400343782,3158.7761534346673,0.1682981794033476,1173,1173,4.049494759567552e-05,0.23372903329147643,0.59999999999999998,2,500000,0.00035,0.0001,0.076143246947753915,0.16617969437977925,1.0380736409755211e-17,0.18207315204715951,0.067754924068717179,0.5441468496229005,2.3619383639409627e-05,0.060360661252381854,0.075452394558600269,4.1258507102122066e-18,0.05261536535263675,0.42742361701135823,0.38414044282724252,7.5189977805804644e-06,0.2724169113324223,0.0015428072453010945,1.0431392037851077e-09,0.0019783433111608419,2.0056704824970265e-05,0.3903108657117304,7.3024242578453321e-05,8.3787035624954373e-07,2.8106554273486267e-10,3.2298260175404068e-12,2.9346317877034808e-10,7.1270124953657469e-11,6.239006235508331e-08,0.33365708949939543,nan,nan,nan,nan,nan,nan,nan,nan,nan,nan,nan,nan,nan,nan,0,0,0,0,0,0,0,2.5712583235401072e-09,5.4048348751482355e-15,-3.2683086558547577e-10,-6.3428305578447996e-09,1.0172364253019373e-13,2.2427681016599227e-08,1.0354788627810872e-14,1.4237200827993401e-13,-7.7782999357210601e-18,3.6552237559196284e-19,1.5794936248517637e-19,3.8908334872022286e-19,1.2931830843942766e-13,-1.8329666951103133e-08,nan,nan,nan,nan,nan,nan,nan,nan,nan,nan,nan,nan,nan,nan,-1.9579282339258347e-07,1.45687146901885e-07,-1.8222729687173441e-21,2.8004452972116886e-08,6.1507782123104704e-07,-2.1778138109551648e-07,0,0.016783200813424149,0.036413082758889485,2.3690987578616185e-18,0.039967561992291283,0.014793712663197803,0.11959019694028364,5.1869395526828802e-06,-0.00039264363034561921,0.00052859181460644341,-2.0506540795391534e-20,0.00026640493985250082,0.00017581602105906359,-0.00053002353684759851,-1.9770248572097585e-10
19,3,support,0.0084539473684210522,0.0035000000000000001,0.0084375000000000006,0.0084703947368421038,0.0030000000000000001,0.0040000000000000001,1001216.4149236775,1.2971069520307787,12.635138969543648,3204.9428216982051,0.16848172148728779,1173,1173,4.0358347872264952e-05,0.23363334050989759,0.40000000000000002,2,300000,0.00033700000000000001,0.0001,0.084830088944892537,0.15492237875480552,1.0893017646857591e-17,0.17540185422272239,0.067230649089035976,0.55830290673005278,2.3778048541054373e-05,0.066810444593745896,0.069884533561558174,4.3013560774341204e-18,0.050358490391050337,0.4213633900062464,0.39157562107323801,7.5203741612209416e-06,nan,nan,nan,nan,nan,nan,nan,nan,nan,nan,nan,nan,nan,nan,0.27484748985764695,0.0016201823147781015,1.1738761239632173e-09,0.0020502996546235782,1.9529099727458339e-05,0.3825203182153426,7.6181659762863775e-05,7.6307475220369284e-07,2.6292808156325423e-10,3.4669064925092574e-12,3.2751121613735848e-10,7.9598334717250671e-11,6.0349013151993168e-08,0.33886517392696197,0,0,0,0,0,0,0,nan,nan,nan,nan,nan,nan,nan,nan,nan,nan,nan,nan,nan,nan,-3.9470555411183633e-09,-8.4254804805417026e-16,-1.6277901131841678e-10,-1.0173426461095247e-08,-6.489773995976833e-14,-7.9921151033973681e-09,9.7359718794631746e-15,-1.8581273672491072e-14,2.0289381730070862e-17,1.6125391672058303e-20,-8.3213128851915755e-20,9.2021891517266587e-20,-2.7481040859606168e-14,2.2275477989747036e-08,-2.2644577368780006e-07,2.0588761651119114e-07,3.6824185441837397e-22,2.8713162192939632e-08,7.1051229198759724e-07,-2.4514822355437005e-07,0,0.018566804085332733,0.033838164370373104,2.3797794657704431e-18,0.038335268763624024,0.014655594555005381,0.12207692612204815,5.1977560821635588e-06,-1.5654928566882273e-05,-4.0145504046146348e-06,-1.6081549801629756e-20,-7.2415557625714677e-05,6.8128439951702099e-05,-0.00010200687451997213,-5.1175855188743062e-09
19,4,support,0.0084539473684210522,0.0045000000000000005,0.0084375000000000006,0.0084703947368421038,0.0040000000000000001,0.0050000000000000001,1000897.5287164202,1.6293241656403459,15.876328599417249,2679.7284886764792,0.13783809904300839,1173,1173,4.1312674982930748e-05,0.20504772573787822,0.40000000000000002,2,300000,0.00033700000000000001,0.0001,0.079175751096351887,0.12663974173150086,2.1123069052149449e-17,0.21584657319205958,0.040079119013953696,0.51783594639275154,2.2948581589385685e-05,0.078353190893932126,0.071780583844149995,1.0480554575289257e-17,0.077867052717746466,0.31562959496065512,0.45636045770311068,9.1198804055975992e-06,nan,nan,nan,nan,nan,nan,nan,nan,nan,nan,nan,nan,nan,nan,0.24868174557444003,0.0026356104160323744,1.4389695440727378e-09,0.0024976409408380812,3.2613512810653948e-05,0.39173260398470394,0.0001072410790985688,5.266308888445127e-07,2.4427363643219611e-10,4.2333966991974844e-12,3.9294197937839075e-10,1.0439628490379711e-10,8.7226613678493498e-08,0.35431192844975878,0,0,0,0,0,0,0,nan,nan,nan,nan,nan,nan,nan,nan,nan,nan,nan,nan,nan,nan,-9.5092447582155355e-10,5.2149240524914984e-13,3.2624084611272154e-10,2.8711040478939094e-09,-6.9897429857967985e-14,-9.4618222629735266e-09,-4.9548212729499346e-13,9.6924638454121137e-14,3.3122340387075514e-18,1.6456650171651485e-18,-6.7209456677747658e-18,1.0137274389512675e-17,1.0417302293113009e-13,7.2152445957193062e-09,-3.3447322998498424e-07,1.7180225730939469e-07,-6.4377349348179201e-22,1.7180642285213165e-07,1.1747230114905749e-06,-5.0882447932831809e-07,0,0.017866181511842268,0.028504043273609794,4.7673953946206011e-18,0.048607790786399444,0.0090318564847761199,0.11669898042751228,5.1692601701097271e-06,0,0,0,0,0,0,0
20,0,lumen,0.0084868421052631572,0.00050000000000000001,0.0084703947368421038,0.0085032894736842106,0,0.001,1000149.0376042157,1.3490428974617723,13.155072187021974,3034.9213984300045,0.16912467244229543,1173,1173,4.0588333397828149e-05,0.23397638103899282,0.59999999999999998,2,500000,0.00035,0.0001,0.067712619771082297,0.1689844104924588,9.3445324135653628e-18,0.18090414187700213,0.066264729696597302,0.51850790261224156,2.2849026388564759e-05,0.055523555510874456,0.079364588308091719,3.8417400604543723e-18,0.054075462867214159,0.43239945566083143,0.37862941373329989,7.5239196882287704e-06,0.27100749658719964,0.0014867742643557651,9.4907404155639711e-10,0.0019286802551019063,2.0330771298019099e-05,0.39546948396263271,7.0780508009346459e-05,8.9465190909151823e-07,2.9410936762660594e-10,3.064980046223167e-12,2.6920447451311357e-10,6.5343092891171271e-11,6.360884981036045e-08,0.33001549380984785,nan,nan,nan,nan,nan,nan,nan,nan,nan,nan,nan,nan,nan,nan,0,0,0,0,0,0,0,-9.3807101502213362e-11,1.9733864899553785e-13,-2.364714030092675e-12,-2.5621683462920371e-10,6.6244752738864321e-17,-2.2814792069447698e-10,-1.7341450098703441e-13,-2.6442606784748968e-14,3.4556211036436425e-17,-8.5274979926280745e-20,1.0225476451434051e-18,-1.4014926869976145e-18,-3.8690280787377099e-14,5.8057772462019007e-10,nan,nan,nan,nan,nan,nan,nan,nan,nan,nan,nan,nan,nan,nan,-1.748326703470901e-07,1.5346816018002585e-07,-8.8920340830923451e-23,2.1595087877404585e-08,5.461472143836188e-07,-1.9617391783244287e-07,0,0.015518640511111827,0.038497296156494082,2.140037946990254e-18,0.041283506684642479,0.015046199584278726,0.1184671014512442,5.2164164897426452e-06,-8.2035250500961089e-05,9.9748598281231422e-05,-5.8814295482414795e-21,4.1982474276555819e-05,4.2848352506291315e-05,-0.00011638159156551509,4.0535513184494519e-10
20,1,lumen,0.0084868421052631572,0.0015,0.0084703947368421038,0.0085032894736842106,0.001,0.002,1000148.7809413455,1.414350019311668,13.791912333918537,2899.8415492397367,0.16896292307974564,1173,1173,4.0564314980399124e-05,0.23387547987940627,0.59999999999999998,2,500000,0.00035,0.0001,0.066142114058539897,0.15907291282278876,9.0293972114628422e-18,0.17143090252361043,0.062992212239791914,0.49653428680770051,2.1785829388718287e-05,0.056861325105991595,0.078326300191109199,3.8918887045635353e-18,0.053724464971486953,0.43094398260456368,0.38013640601923782,7.5211076107862e-06,0.27134552803771339,0.0015021300398245234,9.7479462912054638e-10,0.0019420426354767992,2.0271945107284171e-05,0.39413303789890497,7.1391089835109994e-05,8.7906779198854423e-07,2.906236567611924e-10,3.1097535388924549e-12,2.7582068747980598e-10,6.6959387575966257e-11,6.3318155856156688e-08,0.33098465435587304,nan,nan,nan,nan,nan,nan,nan,nan,nan,nan,nan,nan,nan,nan,0,0,0,0,0,0,0,-9.4110476798670219e-11,1.784736939026068e-14,-1.8476381462479028e-12,-8.9658475044471927e-11,-5.7018192251012678e-16,-2.5578880897061951e-10,-3.0128934968264482e-14,2.7691607687452269e-14,-3.8991697410372344e-17,3.1680758966839537e-21,8.5305637307733492e-20,-1.2024737489380434e-19,4.1048319265677794e-14,4.4134951232455404e-10,nan,nan,nan,nan,nan,nan,nan,nan,nan,nan,nan,nan,nan,nan,-1.8059091624021695e-07,1.5767956645929004e-07,5.3262694936738272e-23,2.3168918165329139e-08,5.6499426012712739e-07,-2.0367202407944873e-07,0,0.015871349492798718,0.037945479674333482,2.1646838781809577e-18,0.040964995103825542,0.014975000911850158,0.11879758205734001,5.2079520849501399e-06,-0.00020416985893931437,0.00026495810193797486,-1.378660758767446e-20,0.00013200336982151627,9.3611888595074579e-05,-0.00028372740724017805,5.9445440130122863e-10
20,2,lumen,0.0084868421052631572,0.0025000000000000001,0.0084703947368421038,0.0085032894736842106,0.002,0.0030000000000000001,1000148.0306721799,1.3205335510414513,12.877078787906788,3118.8387201991673,0.16834670620079856,1173,1173,4.0495886371967514e-05,0.23378635639313261,0.59999999999999998,2,500000,0.00035,0.0001,0.07499499055953264,0.16436129845348421,9.963306939780321e-18,0.1798289459794063,0.06696755827797729,0.5370268902177433,2.3320764805999338e-05,0.060195499727820706,0.075562063187011017,4.0095721123710755e-18,0.052618135056989451,0.42775125207304215,0.38386553297576737,7.5169793692389787e-06,0.27241464055013326,0.0015399198286770892,1.0398775630442728e-09,0.0019761533914333701,2.004826797510305e-05,0.39044884636837945,7.2915490060282328e-05,8.4000286994307487e-07,2.8147162443147454e-10,3.2239810947302613e-12,2.9263237994785568e-10,7.1057973065214323e-11,6.2387679797631553e-08,0.33352657202452834,nan,nan,nan,nan,nan,nan,nan,nan,nan,nan,nan,nan,nan,nan,0,0,0,0,0,0,0,1.1775879747663275e-09,2.264027646385328e-13,-5.4612362250439825e-11,-4.183827365433162e-11,2.9514368379834899e-14,6.11827092136287e-09,-1.6186197416769697e-13,1.6755217005504086e-13,1.2478736085568047e-17,1.2210336203945505e-18,-3.33485401634085e-18,5.2561624000433473e-18,1.2224676524894045e-13,-7.1997924013333506e-09,nan,nan,nan,nan,nan,nan,nan,nan,nan,nan,nan,nan,nan,nan,-1.9527939611099082e-07,1.6141615155618183e-07,4.6045666467200479e-22,2.7799266711030434e-08,6.1321256669688573e-07,-2.2309148567378756e-07,0,0.016741759202167368,0.036476375084257349,2.2101932204257636e-18,0.039980674034242922,0.014809593918898608,0.11953769854103405,5.1869634768169706e-06,-0.00039168962404311403,0.00052802783043484429,-3.4613184673611141e-20,0.00026538574643077481,0.00017552959515482639,-0.00053275287596390314,-2.1174990027597342e-10
20,3,support,0.0084868421052631572,0.0035000000000000001,0.0084703947368421038,0.0085032894736842106,0.0030000000000000001,0.0040000000000000001,1001213.2238399338,1.296395510646325,12.628249056806837,3205.7672598166964,0.16853038968698053,1173,1173,4.0359774873304956e-05,0.23369002950070097,0.40000000000000002,2,300000,0.00033700000000000001,0.0001,0.084640552075351816,0.15527984969614966,1.0910054124037675e-17,0.17554963812461238,0.067322083960138168,0.55818616989263814,2.3784944590753907e-05,0.066624819043394096,0.070007590698554417,4.3057341303078412e-18,0.050373436162374011,0.42170637067057809,0.39128026497193052,7.5184531688207983e-06,nan,nan,nan,nan,nan,nan,nan,nan,nan,nan,nan,nan,nan,nan,0.274835875549168,0.0016169200848593587,1.1700872557007021e-09,0.0020478300925311855,1.9524045986873307e-05,0.38268938737594449,7.605908188991954e-05,7.6527210964125884e-07,2.6337909168619543e-10,3.4596534544792033e-12,3.2653528500103664e-10,7.9347212458670831e-11,6.0357820885382006e-08,0.33871357629687338,0,0,0,0,0,0,0,nan,nan,nan,nan,nan,nan,nan,nan,nan,nan,nan,nan,nan,nan,-3.8827214636327187e-09,7.4842550919500078e-14,-1.6755277694136267e-10,-1.0139958115572454e-08,-6.5405254996708795e-14,-8.1355367225963149e-09,-7.1455794650286714e-14,-2.3806477622567712e-14,1.4775308344141391e-17,2.0356350711902856e-19,-1.7677517121614955e-18,2.0648683448962485e-18,-2.4228293619185317e-14,2.232587925624071e-08,-2.2549644252550793e-07,2.0533548822365688e-07,-3.5883241458436688e-23,2.8464157185064969e-08,7.0739748925241486e-07,-2.4398813197601399e-07,0,0.01852061606900246,0.033907722064240212,2.3821215903361286e-18,0.038357855355734188,0.014672009756805608,0.12202057677818766,5.1979433487826821e-06,-1.5654315115761168e-05,-4.0771922217220263e-06,-1.5990359847950675e-20,-7.2832526620092894e-05,6.8398188010763958e-05,-0.00010251728728659802,-5.1404960650166833e-09
20,4,support,0.0084868421052631572,0.0045000000000000005,0.0084703947368421038,0.0085032894736842106,0.0040000000000000001,0.0050000000000000001,1000894.8478027245,1.6153621725215015,15.740323437256956,2702.5134589291147,0.13873936415583696,1173,1173,4.1318564999110994e-05,0.20499945195800603,0.40000000000000002,2,300000,0.00033700000000000001,0.0001,0.079666282954439796,0.1280042518493309,2.1240012840772271e-17,0.21815725362112276,0.040423673095002416,0.52218711974337939,2.3159105813674235e-05,0.078163252555439322,0.071932464314622122,1.0448299016352474e-17,0.078026443049834554,0.31561591718119048,0.45625279819763637,9.124701277218783e-06,nan,nan,nan,nan,nan,nan,nan,nan,nan,nan,nan,nan,nan,nan,0.24858573571630468,0.0026341465245665993,1.4349563775263238e-09,0.0024961384914618007,3.2664299163839559e-05,0.39196022461843238,0.00010717904589168795,5.2765286715856749e-07,2.4469532437652461e-10,4.2236902164317355e-12,3.9185516017971794e-10,1.0411263462961728e-10,8.7360389096323625e-08,0.35418329411108851,0,0,0,0,0,0,0,nan,nan,nan,nan,nan,nan,nan,nan,nan,nan,nan,nan,nan,nan,-1.0190607259965545e-10,9.5519507317193266e-13,4.8754445290246626e-11,5.4580135386190024e-10,-1.2949493907732368e-14,-1.2826657421740814e-09,-8.4045614288342959e-13,1.3514027136923845e-13,4.9603679379695779e-17,2.8138994664158921e-18,-1.1821054810092061e-17,1.7715667777140455e-17,8.1420829133256673e-14,7.8969741805264143e-10,-3.3312800911192153e-07,1.6274660541437669e-07,5.4170312249802459e-23,1.7161511130292148e-07,1.1709042558455396e-06,-5.0524021538711494e-07,0,0.017812989387035308,0.028548557523842787,4.7540922925300987e-18,0.048680197972456478,0.0090265893200062904,0.11660625103977594,5.1691098611996578e-06,0,0,0,0,0,0,0
21,0,lumen,0.0085197368421052622,0.00050000000000000001,0.0085032894736842106,0.0085361842105263139,0,0.001,1000148.6442602867,1.3484288841783503,13.1490898622808,3035.5125718308241,0.16921027824722309,1173,1173,4.0589327033767079e-05,0.23402957907630606,0.59999999999999998,2,500000,0.00035,0.0001,0.067548810832406589,0.1692939958123322,9.3253074469020492e-18,0.18099314064554406,0.066342331024662388,0.51838589240517396,2.2853179777127202e-05,0.055364045610267469,0.079473829492357928,3.832092806197618e-18,0.054077463037212538,0.43270896444269102,0.37836817555227631,7.5218651947009728e-06,0.27100373444175258,0.0014841345411640923,9.4599572720426606e-10,0.0019266330314438717,2.0322608819770625e-05,0.39560059752243776,7.0680106913221272e-05,8.9680922898691954e-07,2.945099881470506e-10,3.0597664728714381e-12,2.6842509653085674e-10,6.5146693245937779e-11,6.3606031615120938e-08,0.32989293575506651,nan,nan,nan,nan,nan,nan,nan,nan,nan,nan,nan,nan,nan,nan,0,0,0,0,0,0,0,-2.1777415203716748e-10,1.2211961013907352e-14,-2.2449424637018137e-11,-3.1475549838108147e-11,6.8917311094041089e-15,4.4220581146489635e-10,9.0149125612079195e-15,-2.2349960424050686e-14,3.5397092706764264e-17,-5.5079120018898997e-20,1.1418441500736856e-18,-1.2949690397972833e-18,-4.1785178764454951e-14,-1.7047072103670679e-10,nan,nan,nan,nan,nan,nan,nan,nan,nan,nan,nan,nan,nan,nan,-1.7409543951515255e-07,1.5224980420835976e-07,-1.1291084057279014e-22,2.1425936109328636e-08,5.4388851504494351e-07,-1.9551235819204038e-07,0,0.015478093636490213,0.038561064729502381,2.1255954781164114e-18,0.041296242366458527,0.015061419743432714,0.11841680319849379,5.2163894063032256e-06,-8.2037264945641477e-05,9.9951679106153818e-05,-5.9536827311367798e-21,4.2161027504106555e-05,4.271446034777231e-05,-0.00011615784296841494,4.1156717371103975e-10
21,1,lumen,0.0085197368421052622,0.0015,0.0085032894736842106,0.0085361842105263139,0.001,0.002,1000148.3883247374,1.4104172234715295,13.753567413261658,2907.1666968001641,0.1689467294815884,1173,1173,4.0565223606536975e-05,0.2339304466515747,0.59999999999999998,2,500000,0.00035,0.0001,0.066140349535000531,0.15973437988906006,9.033530724689386e-18,0.17191041769956114,0.063213947105878868,0.49757478234230901,2.184047743808566e-05,0.056701723871240992,0.078433329597277224,3.8828449841173167e-18,0.053724954415526022,0.43125857290628061,0.37987390019894218,7.5190107329795088e-06,0.271343670305766,0.0014994407564381574,9.7169711715642774e-10,0.0019399799342336729,2.0263302536675442e-05,0.39426269534490477,7.1289268769756669e-05,8.8119171673623802e-07,2.9101867537884224e-10,3.1044130342567975e-12,2.750353567445188e-10,6.6760570024173413e-11,6.3314227143103169e-08,0.33086171497378319,nan,nan,nan,nan,nan,nan,nan,nan,nan,nan,nan,nan,nan,nan,0,0,0,0,0,0,0,-4.8611640051427924e-10,-2.4867744768389413e-13,9.6720735321273351e-12,1.3040206964490208e-09,4.9428777043614147e-16,-2.038226137781457e-09,1.7592985261793046e-13,2.6261545021943888e-15,-5.6596063073010114e-17,-5.1481515079510399e-19,1.3490375906768868e-18,-1.8854653423661704e-18,5.7212572364177859e-14,1.2106622647161837e-09,nan,nan,nan,nan,nan,nan,nan,nan,nan,nan,nan,nan,nan,nan,-1.79873945477943e-07,1.5889591226114774e-07,1.0131928366193708e-23,2.3006526963708973e-08,5.6284227116509822e-07,-2.0417480339762761e-07,0,0.015831034961689434,0.03800831508449333,2.1697014602773372e-18,0.040976790359835188,0.01499049736134957,0.11874736422942571,5.2079354228755319e-06,-0.00020392973043885593,0.00026490307539496488,-1.5606375337618934e-20,0.00013183704755110356,9.3346453874146285e-05,-0.00028356763758739052,5.8485134160818198e-10
21,2,lumen,0.0085197368421052622,0.0025000000000000001,0.0085032894736842106,0.0085361842105263139,0.002,0.0030000000000000001,1000147.6400786163,1.3275978756872058,12.945971048473544,3101.4114090858425,0.16838972796335311,1173,1173,4.0496823704380406e-05,0.23384330840067835,0.59999999999999998,2,500000,0.00035,0.0001,0.074391922357238793,0.16372241360516215,9.9262432216477825e-18,0.17888062433701057,0.066661883463948093,0.53378996620806618,2.3190401142602788e-05,0.060030896532886936,0.075671032721122466,4.0160277944733716e-18,0.052620677220564224,0.42807679234176055,0.38359308623343302,7.5149502326564073e-06,0.27241240504032704,0.0015370597727281325,1.036630990053001e-09,0.0019739832626036692,2.0039892037530372e-05,0.39058573439126304,7.2807739748854589e-05,8.4212403027032875e-07,2.8187511658648368e-10,3.2181709157787334e-12,2.9180554801727436e-10,7.0846985539826344e-11,6.2385305914260001e-08,0.33339706370756444,nan,nan,nan,nan,nan,nan,nan,nan,nan,nan,nan,nan,nan,nan,0,0,0,0,0,0,0,1.1306928259112578e-09,-4.5465946792126751e-13,-4.6531918054105291e-11,9.8157611013641085e-11,3.2790827345086093e-14,5.7617427812357846e-09,2.6614551756466722e-13,2.1605764052856635e-14,-1.3638846994355711e-16,-1.0828940574325857e-18,2.7667918148743327e-18,-4.0179246701409611e-18,1.7348002181911512e-13,-6.944100766801513e-09,nan,nan,nan,nan,nan,nan,nan,nan,nan,nan,nan,nan,nan,nan,-1.9450694905675386e-07,1.611869903661578e-07,6.0380988519290104e-23,2.7604520046397335e-08,6.106993929305693e-07,-2.2225615475823801e-07,0,0.016700486798853144,0.03653943508330669,2.2300452257319849e-18,0.039993688981111587,0.014825398947828803,0.11948551113131202,5.1869879525765126e-06,-0.0003906912083165124,0.00052723932259579641,-3.473688133671905e-20,0.00026423276642773284,0.00017520900079676531,-0.0005341323529278536,-2.2966836155871092e-10
21,3,support,0.0085197368421052622,0.0035000000000000001,0.0085032894736842106,0.0085361842105263139,0.0030000000000000001,0.0040000000000000001,1001210.0317008506,1.2998916031667072,12.662345027887314,3196.217822175066,0.16858129304691902,1173,1173,4.0361195547259322e-05,0.23374642193358897,0.40000000000000002,2,300000,0.00033700000000000001,0.0001,0.084178636600216711,0.15513301314951147,1.0899470628628486e-17,0.17512861227573062,0.067195146185974872,0.55626468277275465,2.3714888919725382e-05,0.06644012594957846,0.070130229836304681,4.3131713769928655e-18,0.05038830495785869,0.42204768115383934,0.39098614155408845,7.516548330402619e-06,nan,nan,nan,nan,nan,nan,nan,nan,nan,nan,nan,nan,nan,nan,0.27482424727317961,0.0016136796833962305,1.1663205561891156e-09,0.0020453734020264955,1.9519001431813568e-05,0.38285760329139945,7.5937244016335053e-05,7.6746505982571869e-07,2.6382847269676929e-10,3.4524599776189265e-12,3.2556532311614589e-10,7.9097769213114763e-11,6.0366514807722331e-08,0.33856281043475256,0,0,0,0,0,0,0,nan,nan,nan,nan,nan,nan,nan,nan,nan,nan,nan,nan,nan,nan,-4.0548075526854845e-09,1.1072206960531317e-14,-1.4325998110570607e-10,-1.0269092414334776e-08,-5.7955376608909148e-14,-7.2797224713160719e-09,-1.4365776894223461e-16,-1.8926483644210457e-14,1.2962211107787621e-17,1.3515353465470216e-19,-7.7441884548254452e-19,8.0771033189717794e-19,-2.8725314970272451e-14,2.1746977191066908e-08,-2.2458293860109363e-07,2.0379130510894683e-07,-5.0594937238477309e-22,2.8214721508386566e-08,7.0442067863496494e-07,-2.4267177090031566e-07,0,0.01847460492027532,0.033977069892304375,2.3984182776593329e-18,0.038380318198066685,0.014688344332113556,0.12196442688261859,5.1981310050661371e-06,-1.5656596679690775e-05,-4.1414916401545727e-06,-1.5849803767374512e-20,-7.3284233658808514e-05,6.8678786606921657e-05,-0.00010331061776420071,-5.163398480873949e-09
21,4,support,0.0085197368421052622,0.0045000000000000005,0.0085032894736842106,0.0085361842105263139,0.0040000000000000001,0.0050000000000000001,1000892.1679907501,1.6121139067007013,15.708713922460451,2707.5845613088504,0.13768512430892504,1173,1173,4.1324446865429547e-05,0.20495094812794334,0.40000000000000002,2,300000,0.00033700000000000001,0.0001,0.079633395439981394,0.12853184840352838,2.1184714134331596e-17,0.21904293715267156,0.040503074668069294,0.52311562684580915,2.3217997201598018e-05,0.077974083877132352,0.072083899910606306,1.0400169193865847e-17,0.078185890078547593,0.31560080006981911,0.45614619653007982,9.1295338145779853e-06,nan,nan,nan,nan,nan,nan,nan,nan,nan,nan,nan,nan,nan,nan,0.24848980113959807,0.0026327078076680307,1.4309635342983727e-09,0.0024946486583013799,3.2715120139977083e-05,0.39218682327754228,0.0001071177956362579,5.2866890440888194e-07,2.4511517598716245e-10,4.2140392654086191e-12,3.9077387934446319e-10,1.0383058111648853e-10,8.7494051160884739e-08,0.35405556786326131,0,0,0,0,0,0,0,nan,nan,nan,nan,nan,nan,nan,nan,nan,nan,nan,nan,nan,nan,3.746254491484196e-10,4.5179694806975547e-13,-9.6381558194985562e-11,-6.1518035488271775e-10,1.8338412385854319e-14,2.8382588918018925e-09,-4.5126722364510357e-13,6.2371115217008111e-14,-4.8266134636449704e-17,1.1071285882240112e-18,-4.932395688182755e-18,6.7716913371985159e-18,8.707249002697717e-14,-2.5014905707521761e-09,-3.319222057242277e-07,1.5775895279013241e-07,1.1461543045060628e-21,1.7142120792085157e-07,1.167289882697542e-06,-5.028246584104501e-07,0,0.017759965585539824,0.028592828966437889,4.7080328239691295e-18,0.048752504142176481,0.0090212655952916325,0.11651372809438504,5.1689588779440324e-06,0,0,0,0,0,0,0
22,0,lumen,0.0085526315789473673,0.00050000000000000001,0.0085361842105263139,0.0085690789473684206,0,0.001,1000148.250800066,1.3452503089956325,13.118099416742572,3041.8956521693594,0.16921643353702961,1173,1173,4.0590315492523825e-05,0.23408254375936544,0.59999999999999998,2,500000,0.00035,0.0001,0.067514229951931043,0.16992654121888268,9.3541928003755288e-18,0.18142730349537176,0.06654642517399989,0.51925300906368899,2.2900959342391454e-05,0.055205284582325653,0.079582765485630397,3.8349031539066128e-18,0.054079424757749871,0.43301717324471783,0.3781078321032586,7.5198263177038971e-06,0.27099991799044204,0.0014815098234499942,9.4293381728897368e-10,0.0019245946189123482,2.0314474910520305e-05,0.39573118187263578,7.0580215735411298e-05,8.9896315566142903e-07,2.9490940897113381e-10,3.0545951217423854e-12,2.676501011059295e-10,6.4951498544457224e-11,6.3603181015542921e-08,0.32977093686407805,nan,nan,nan,nan,nan,nan,nan,nan,nan,nan,nan,nan,nan,nan,0,0,0,0,0,0,0,6.5188372253324606e-11,2.2006050782267579e-13,1.9603901346366125e-11,-5.4550723605301653e-10,-1.1208915740024139e-14,-9.6077386237819473e-10,-1.7790191214709576e-13,-2.2287076698046526e-14,2.1643443667487184e-17,1.0449330007507712e-19,5.2909770361584205e-19,-8.1089542315755605e-19,-4.9613550096166872e-14,1.4215297826106784e-09,nan,nan,nan,nan,nan,nan,nan,nan,nan,nan,nan,nan,nan,nan,-1.7342491985712638e-07,1.531082788885918e-07,-4.0167536779653112e-22,2.1257894017808924e-08,5.4144136509004515e-07,-1.9411770635358039e-07,0,0.015437734536885557,0.038624571989236571,2.1404594564282228e-18,0.041308845348675786,0.015076573538652625,0.11836673109924731,5.2163619391044669e-06,-8.2015942064899661e-05,0.00010008426228865279,-3.1347682920981702e-21,4.2305015520493144e-05,4.2568895236887575e-05,-0.00011554363789924249,4.1762276862115375e-10
22,1,lumen,0.0085526315789473673,0.0015,0.0085361842105263139,0.0085690789473684206,0.001,0.002,1000147.9955896697,1.400184961487716,13.653793714634585,2927.6483593819944,0.16905731055895601,1173,1173,4.0566129028368614e-05,0.23398517708051747,0.59999999999999998,2,500000,0.00035,0.0001,0.066436925905072164,0.16112071613956239,9.0497985481045895e-18,0.17316823887132557,0.063722144382984958,0.5008654337551689,2.1993988094041762e-05,0.056542796318788134,0.078540129286818278,3.8616189303962627e-18,0.05372545187292703,0.43157193177551467,0.37961217381537882,7.5169305731708455e-06,0.27134172439428772,0.0014967657878960639,9.686146471778784e-10,0.0019379251517292959,2.0254694956446095e-05,0.39439191917272137,7.1187924042387672e-05,8.833133525174534e-07,2.914127369751639e-10,3.0991130085512282e-12,2.7425406158579333e-10,6.6562880245583289e-11,6.331028916602958e-08,0.33073927464677816,nan,nan,nan,nan,nan,nan,nan,nan,nan,nan,nan,nan,nan,nan,0,0,0,0,0,0,0,8.3944205708444407e-11,-4.0720338936237621e-14,-4.7490611648067452e-12,-7.9927908072981586e-10,-1.4755991567527715e-16,7.0376431115029559e-10,4.9361126965401681e-15,1.4438970852292954e-14,-4.7247103956475721e-17,-1.0180581934546074e-19,8.6038054041360913e-20,-1.5973815348451936e-19,4.6136877657197616e-14,1.62951039888159e-11,nan,nan,nan,nan,nan,nan,nan,nan,nan,nan,nan,nan,nan,nan,-1.7913534967276684e-07,1.555919166285058e-07,2.305524455533392e-22,2.2844357466437209e-08,5.6022265181032704e-07,-2.011851728545011e-07,0,0.015790898082620578,0.038070906311588514,2.155204714451277e-18,0.040988480973032065,0.015005927254072919,0.11869734681750595,5.2079192636160477e-06,-0.00020364187119637671,0.00026474492869701575,-1.6485577483956853e-20,0.00013161638552380221,9.3081421737404953e-05,-0.00028263998730468376,5.7863605177169769e-10
22,2,lumen,0.0085526315789473673,0.0025000000000000001,0.0085361842105263139,0.0085690789473684206,0.002,0.0030000000000000001,1000147.2493690529,1.3329168515882228,12.997843720415075,3088.2108422638462,0.168438929712624,1173,1173,4.0497756889044653e-05,0.23389994466137481,0.59999999999999998,2,500000,0.00035,0.0001,0.073892640900990278,0.16330233523601995,9.8527565378955537e-18,0.17817460009314789,0.066446043654036127,0.53128509730600604,2.3091593598288809e-05,0.059866920059828119,0.075779301412946073,4.0022685697501189e-18,0.052622999999049958,0.42840044209079337,0.38332282352311864,7.5129142639773501e-06,0.27241024547608045,0.0015342248965445459,1.0334004548466846e-09,0.0019718312168627442,2.0031552114393529e-05,0.39072152776466429,7.2700908780078661e-05,8.4423475535790528e-07,2.82276073382598e-10,3.2123980307171226e-12,2.9098295238893992e-10,7.0637214316228391e-11,6.2382878610229261e-08,0.33326852988681038,nan,nan,nan,nan,nan,nan,nan,nan,nan,nan,nan,nan,nan,nan,0,0,0,0,0,0,0,7.4361092134414621e-10,-7.3754218175108238e-14,2.2595707938423986e-11,1.8049648579627266e-09,1.2913389975388601e-14,1.5268603738120834e-09,7.6440798526482835e-15,7.6110775668047914e-14,-9.9976396019507621e-17,-1.1427307261316291e-19,2.6053847340311081e-19,-2.4340027338798948e-19,1.3553917378801236e-13,-4.0981900375019262e-09,nan,nan,nan,nan,nan,nan,nan,nan,nan,nan,nan,nan,nan,nan,-1.9380075200973318e-07,1.6483396519939575e-07,1.0486616149035959e-22,2.7417106294099951e-08,6.0837970439209244e-07,-2.2300023366783606e-07,0,0.016659389445661518,0.036602247961793427,2.2727048520736933e-18,0.040006607147120177,0.014841125156976279,0.11943370100611976,5.1870129830301855e-06,-0.00038970240757931905,0.00052642568962420503,-3.1930116916477361e-20,0.00026306499009063727,0.00017488202312939156,-0.00053538383992240578,-2.4961179003251408e-10
22,3,support,0.0085526315789473673,0.0035000000000000001,0.0085361842105263139,0.0085690789473684206,0.0030000000000000001,0.0040000000000000001,1001206.8385142459,1.3048900805712254,12.711076124141854,3183.05489828392,0.16862918048230663,1173,1173,4.0362608628507833e-05,0.23380253295339479,0.40000000000000002,2,300000,0.00033700000000000001,0.0001,0.083623915077891395,0.15480728803041169,1.0762430657302476e-17,0.17450809663060488,0.066991397022131624,0.55371747806478744,2.3618007774542281e-05,0.066256308069179787,0.070252310700696791,4.2753320634342718e-18,0.050403001671265456,0.42238727540224458,0.39069358950593175,7.5146506814213044e-06,nan,nan,nan,nan,nan,nan,nan,nan,nan,nan,nan,nan,nan,nan,0.27481268831243089,0.0016104631428136311,1.1625753947317755e-09,0.0020429320487909412,1.9513953833435156e-05,0.38302475945418202,7.5816239999026749e-05,7.6965155222303323e-07,2.6427577878547093e-10,3.4453227359321022e-12,3.2460115429071085e-10,7.884995966930072e-11,6.0375054236429256e-08,0.33841299498759064,0,0,0,0,0,0,0,nan,nan,nan,nan,nan,nan,nan,nan,nan,nan,nan,nan,nan,nan,-3.9970199785598267e-09,1.0337721019561125e-13,-1.495326704588984e-10,-1.0270453923198707e-08,-5.7857906833602701e-14,-7.2079776888920449e-09,-9.9513739350214798e-14,-3.2084144369060041e-14,-5.4978234227958675e-18,4.0149595959988251e-19,-2.8380153226388103e-18,3.3078353377792388e-18,-3.089358180980491e-14,2.1625101431584263e-08,-2.2364560198391559e-07,2.0303631104168218e-07,4.7807429465458399e-23,2.7966922195377953e-08,7.0135084856426388e-07,-2.4149155014585588e-07,0,0.018428768740339267,0.034046208664887237,2.3694331217689448e-18,0.038402656401425574,0.014704599137683894,0.12190846736443926,5.1983189430915478e-06,-1.565596062827082e-05,-4.2045927134269525e-06,-1.6052572237335084e-20,-7.3707944502088605e-05,6.8950289952455772e-05,-0.00010386516363345537,-5.1863167438722255e-09
22,4,support,0.0085526315789473673,0.0045000000000000005,0.0085361842105263139,0.0085690789473684206,0.0040000000000000001,0.0050000000000000001,1000889.4892852275,1.6117786861777699,15.705489509171839,2707.7763525445835,0.13858595620809691,1173,1173,4.1330319423909285e-05,0.20490223341682071,0.40000000000000002,2,300000,0.00033700000000000001,0.0001,0.079457243002986955,0.12882743002178468,2.1267387113570859e-17,0.21953452396309495,0.040509266953642147,0.52310219934782054,2.323508126853979e-05,0.077785632139321145,0.072234839368108122,1.0438612575776094e-17,0.078345273989489012,0.31558425950628383,0.45604086062070004,9.1343760978174412e-06,nan,nan,nan,nan,nan,nan,nan,nan,nan,nan,nan,nan,nan,nan,0.24839397414467265,0.0026312955531016236,1.4269901215109686e-09,0.0024931728133951283,3.2765970947119664e-05,0.39241232929769221,0.00010705738394426103,5.2967846124004796e-07,2.4553305393390449e-10,4.2044411936040041e-12,3.8969792198736878e-10,1.0355006389634919e-10,8.7627589009328004e-08,0.35392878536022138,0,0,0,0,0,0,0,nan,nan,nan,nan,nan,nan,nan,nan,nan,nan,nan,nan,nan,nan,-2.7773658946220565e-11,7.8554781085409594e-13,2.5352305165465023e-11,3.539957899120623e-10,-4.9172905330907568e-15,-5.9408725118156869e-10,-7.3317523306479164e-13,7.820838161115562e-14,-4.178704944535266e-17,1.9486587164533025e-18,-9.055823109551792e-18,1.2137283631825611e-17,7.0766820603100749e-14,2.4231636090617364e-10,-3.3099016669927567e-07,1.6032932775855713e-07,1.0673051116425932e-22,1.7122942985161759e-07,1.1641381311017218e-06,-5.0254828010132258e-07,0,0.017707110015624361,0.028636858767624604,4.7373263822016694e-18,0.048824712895029355,0.0090158853452927835,0.11642141240501806,5.1688072349372946e-06,0,0,0,0,0,0,0
23,0,lumen,0.0085855263157894723,0.00050000000000000001,0.0085690789473684206,0.0086019736842105239,0,0.001,1000147.8572244664,1.347014333323945,13.135306326055831,3037.1275433904138,0.16930130665978749,1173,1173,4.0591298285169607e-05,0.23413525832778587,0.59999999999999998,2,500000,0.00035,0.0001,0.067232887837112745,0.16993547605501777,9.3088283911314112e-18,0.18119614188410602,0.066506339320967292,0.51821705795545792,2.2864809657231312e-05,0.055047346314643718,0.079691343578964097,3.821311096137151e-18,0.054081365828517074,0.4333239779789273,0.37784844849471927,7.5178042286531386e-06,0.27099605941849481,0.0014789008721218719,9.3988972178755213e-10,0.0019225656290119866,2.0306367600474991e-05,0.39586117182438063,7.0480863993224502e-05,9.0111283234962079e-07,2.9530744334762088e-10,3.0494683398661899e-12,2.6687984595961445e-10,6.4757595362717761e-11,6.3600284574324071e-08,0.32964954874140034,nan,nan,nan,nan,nan,nan,nan,nan,nan,nan,nan,nan,nan,nan,0,0,0,0,0,0,0,-2.1155979884778066e-10,-1.228744551813806e-13,-2.0500168883364711e-11,-5.35150915052101e-11,5.4554884915125612e-15,4.1030184176442386e-10,1.3165989325914586e-13,-2.2721624928778716e-14,4.1983929391283397e-17,-5.9408189141740874e-20,5.5182123392207456e-19,-4.3386979575363918e-19,-3.8721284776790154e-14,-1.2467962789649075e-10,nan,nan,nan,nan,nan,nan,nan,nan,nan,nan,nan,nan,nan,nan,-1.7267711646326567e-07,1.5119781415773303e-07,-3.380136521162449e-22,2.1089556583720384e-08,5.39288138132199e-07,-1.9373365639507867e-07,0,0.015397563217327831,0.038687810949958261,2.1454443576300354e-18,0.041321313006570153,0.015091658297676773,0.11831693908811269,5.216333958835067e-06,-8.2049264681645931e-05,0.00010041095743533285,-2.7463329756224448e-21,4.2534855871601011e-05,4.2455381022327987e-05,-0.00011593320737587833,4.2524095004282584e-10
23,1,lumen,0.0085855263157894723,0.0015,0.0085690789473684206,0.0086019736842105239,0.001,0.002,1000147.6027382381,1.4073464235817261,13.723633540504277,2911.9955514536764,0.16903939655467543,1173,1173,4.0567024238810259e-05,0.23403965736056925,0.59999999999999998,2,500000,0.00035,0.0001,0.065914154201813055,0.16051723267689852,8.9643207740263208e-18,0.17228814592311378,0.063443644524640463,0.49797507842535005,2.1876022262447489e-05,0.056384821878574624,0.078646186297522805,3.8447107082401047e-18,0.053725814674765164,0.43188359520346553,0.37935206708928015,7.5148563918333573e-06,0.27133990838257299,0.0014941119224355817,9.6555325327149337e-10,0.0019358850989813397,2.0246084124207877e-05,0.39452003801507696,7.1087342369279783e-05,8.85425227008159e-07,2.9180418182145447e-10,3.0938604053897369e-12,2.7347831690246693e-10,6.6366686384814178e-11,6.3306188950093224e-08,0.33061777282272753,nan,nan,nan,nan,nan,nan,nan,nan,nan,nan,nan,nan,nan,nan,0,0,0,0,0,0,0,-4.1260281685556493e-10,-2.5113139719766351e-13,-2.1873409978810258e-13,1.2820550118455958e-09,-1.7018721501504963e-15,-2.1074713267912881e-09,1.7610714812664565e-13,-2.5110122314764283e-16,-5.4156438044205484e-17,-4.6507902622840654e-19,1.1082367323638452e-18,-1.5536324433857527e-18,5.6108621098902599e-14,1.2382587176186937e-09,nan,nan,nan,nan,nan,nan,nan,nan,nan,nan,nan,nan,nan,nan,-1.7842153525113313e-07,1.5784815143859987e-07,3.5989332816390014e-22,2.2681019809119414e-08,5.5815244673351749e-07,-2.0238480841205941e-07,0,0.015750936636421086,0.038133254894446314,2.1281067600338389e-18,0.041000069257383476,0.015021288063387742,0.11864756642739419,5.2079034657849182e-06,-0.00020331199374931075,0.00026450076916842142,-9.3364839649488781e-21,0.0001313674142433593,9.279590159376645e-05,-0.0002815430839676824,5.7128060653480501e-10
23,2,lumen,0.0085855263157894723,0.0025000000000000001,0.0085690789473684206,0.0086019736842105239,0.002,0.0030000000000000001,1000146.8585412437,1.3218145318206924,12.88958527700505,3113.3204461023315,0.16848386580171487,1173,1173,4.0498693301868583e-05,0.23395631161727701,0.59999999999999998,2,500000,0.00035,0.0001,0.074309622788131843,0.16490910987971832,9.7420706567773101e-18,0.17967908416682055,0.067054555532111856,0.53537070959653377,2.3279270361763178e-05,0.059703311090799918,0.075887541404842038,3.9243468499637397e-18,0.052625346585071266,0.42872292249148142,0.38305336753567737,7.5108921280200914e-06,0.2724078886350999,0.0015314042148095455,1.0301795962678152e-09,0.0019696865404396791,2.0023283390620731e-05,0.3908571374846434,7.2594539613314512e-05,8.4634530930287641e-07,2.826767002547652e-10,3.2066564772296879e-12,2.901630070948819e-10,7.0428258516996102e-11,6.2380559878038558e-08,0.33314035489946403,nan,nan,nan,nan,nan,nan,nan,nan,nan,nan,nan,nan,nan,nan,0,0,0,0,0,0,0,1.4471302453149897e-09,-5.4632079967183194e-13,-1.0695384296737156e-10,-1.504402865361543e-09,5.1503506320882408e-14,9.7843312141590588e-09,3.1620506186019024e-13,-1.1999299123766072e-14,-1.7937029296522435e-16,-1.6056570794393517e-18,4.3673839737189684e-18,-6.4194582514573739e-18,1.7358080305887211e-13,-9.6200874490406906e-09,nan,nan,nan,nan,nan,nan,nan,nan,nan,nan,nan,nan,nan,nan,-1.9289923690758021e-07,1.5598698727137261e-07,1.5508267131833764e-21,2.7234659425044494e-08,6.0552942869607218e-07,-2.1873645428271971e-07,0,0.016618450778890247,0.036664856745962843,2.1240470621436385e-18,0.04001945487497803,0.014856780490683071,0.1193820052979908,5.1870387501492157e-06,-0.00038843785923480499,0.0005247642270791845,-4.0642718296315664e-20,0.00026141919090938648,0.00017445236688828965,-0.00053119465302941225,-2.6957269128234209e-10
23,3,support,0.0085855263157894723,0.0035000000000000001,0.0085690789473684206,0.0086019736842105239,0.0030000000000000001,0.0040000000000000001,1001203.6442801373,1.3035577948223935,12.698138695771487,3185.39035651107,0.16868009034619297,1173,1173,4.0364021414736021e-05,0.23385838102803896,0.40000000000000002,2,300000,0.00033700000000000001,0.0001,0.083477554485043848,0.15523400495906386,1.0764567558054263e-17,0.17473669076256607,0.067113364572692805,0.55386786995840287,2.3636144258228459e-05,0.0660730265433465,0.070374256525179285,4.2718286096685799e-18,0.050417658536735591,0.42272560103369533,0.39040194459413408,7.5127669092427499e-06,nan,nan,nan,nan,nan,nan,nan,nan,nan,nan,nan,nan,nan,nan,0.27480100623829873,0.001607263918007746,1.1588443423087151e-09,0.0020405000078173785,1.9508943487065334e-05,0.38319148013896825,7.569580423006358e-05,7.7183735775155884e-07,2.6472241795644463e-10,3.4382291547176573e-12,3.2364085521268325e-10,7.8603303678686486e-11,6.0383596310500239e-08,0.33826371089901358,0,0,0,0,0,0,0,nan,nan,nan,nan,nan,nan,nan,nan,nan,nan,nan,nan,nan,nan,-3.7809389082374827e-09,1.5314085563287659e-14,-1.7392428523988126e-10,-9.8569389668593237e-09,-7.1002882393034206e-14,-8.6801314968208698e-09,-4.2291007043072933e-15,-2.316267837254582e-14,3.5365745198186706e-18,1.8869840912072575e-19,-6.6467596643452179e-19,8.0059374812056332e-19,-3.2576295591686059e-14,2.2492049250673842e-08,-2.2269496536241051e-07,2.0382677862196275e-07,-1.706493911516561e-22,2.7722369270845035e-08,6.9821945675174746e-07,-2.4073425064496945e-07,0,0.018383115032671444,0.034115113492853358,2.3697581632890027e-18,0.038424858383560113,0.014720771184941127,0.12185287009118345,5.1985071362497484e-06,-1.5657986466034797e-05,-4.268412923792479e-06,-1.6014480070725715e-20,-7.4159942222658476e-05,6.9230885664065469e-05,-0.00010465362480730739,-5.2092300204686027e-09
23,4,support,0.0085855263157894723,0.0045000000000000005,0.0085690789473684206,0.0086019736842105239,0.0040000000000000001,0.0050000000000000001,1000886.8116894113,1.6087899186823196,15.676408306818315,2712.4374255055391,0.13753145400846126,1173,1173,4.1336182274182922e-05,0.2048533297179102,0.40000000000000002,2,300000,0.00033700000000000001,0.0001,0.079412440778697219,0.12933523802224961,2.1266625413626417e-17,0.22038879466168743,0.040582114846809104,0.52395310361442005,2.3290554574948469e-05,0.077597821248387877,0.072385290956669693,1.0418910659796445e-17,0.078504504336934552,0.3155663701849073,0.45593687404298261,9.1392301178755318e-06,nan,nan,nan,nan,nan,nan,nan,nan,nan,nan,nan,nan,nan,nan,0.2482982670703546,0.0026299094276374673,1.4230346336973155e-09,0.0024917112357553126,3.2816852946653484e-05,0.39263675467982051,0.00010699780998237108,5.3068156834223202e-07,2.4594899812423102e-10,4.1948918531412664e-12,3.8862690052658336e-10,1.0327097184009571e-10,8.7761016069737406e-08,0.35380292231583732,0,0,0,0,0,0,0,nan,nan,nan,nan,nan,nan,nan,nan,nan,nan,nan,nan,nan,nan,-7.7871497972091872e-10,4.1398877409140151e-13,2.6809026182133339e-10,2.3823257472361893e-09,-5.5020658168425385e-14,-7.7410472536188976e-09,-4.1066164575114875e-13,7.23309216341117e-14,-3.0546359338881252e-17,1.1136877298159475e-18,-4.5664073514119834e-18,6.7480489126293135e-18,9.3195564345639381e-14,5.8692325161510894e-09,-3.301856144966378e-07,1.6661401042172841e-07,5.0448166576846159e-22,1.7104445062704306e-07,1.1611865087524098e-06,-5.0334426981990532e-07,0,0.017654421643653061,0.028680647120403246,4.718736332527587e-18,0.048896827648540128,0.0090104492552698333,0.11632929287361983,5.1686549191752662e-06,0,0,0,0,0,0,0
24,0,lumen,0.0086184210526315773,0.00050000000000000001,0.0086019736842105239,0.0086348684210526307,0,0.001,1000147.4635354824,1.3576704275623162,13.239223618086088,3012.5155536450779,0.16930580244943688,1173,1173,4.059227359866615e-05,0.23418769504676462,0.59999999999999998,2,500000,0.00035,0.0001,0.066514790248932767,0.16882988797478274,9.1657294124867224e-18,0.1797798695500816,0.06603077031703336,0.51379888757670011,2.2679246238999647e-05,0.054890243845646884,0.079799237426439559,3.7923351870360811e-18,0.054083162421410994,0.43362903467345532,0.37759080584800481,7.5157850424969761e-06,0.27099228354643595,0.0014763131204733838,9.3686440506328313e-10,0.0019205516718545413,2.0298280129560612e-05,0.39599014969048568,7.0382284163641421e-05,9.0325272744893777e-07,2.9570302248335841e-10,3.0443833444328288e-12,2.6611452250782715e-10,6.4565034767769922e-11,6.3597296339804696e-08,0.32952905299014212,nan,nan,nan,nan,nan,nan,nan,nan,nan,nan,nan,nan,nan,nan,0,0,0,0,0,0,0,-9.9108110886615028e-11,2.9377738290621823e-14,-3.7904767895624391e-12,-2.3118689349282711e-10,-1.3779125410118276e-15,-2.0425341669752517e-10,-1.4348175114430816e-14,-2.385526672032956e-14,3.8139038342482976e-17,-5.1448598461009617e-20,3.402986918842888e-19,-3.9885795461065446e-19,-3.6931458011921117e-14,5.3838597452910572e-10,nan,nan,nan,nan,nan,nan,nan,nan,nan,nan,nan,nan,nan,nan,-1.7199143320222737e-07,1.5127597580155694e-07,5.6007861519942288e-23,2.0923563412438671e-08,5.3695881470361417e-07,-1.9268760076407432e-07,0,0.01535757705783964,0.038750787970618497,2.1113251093995587e-18,0.041333647131796318,0.015106677243559815,0.11826739826509863,5.2163055116228764e-06,-8.2038814914401912e-05,0.00010062807914514191,-6.9333151058381169e-21,4.2723300486227017e-05,4.2316428741138288e-05,-0.00011586241044043141,4.3239410716642907e-10
24,1,lumen,0.0086184210526315773,0.0015,0.0086019736842105239,0.0086348684210526307,0.001,0.002,1000147.2097699385,1.3952058378261138,13.605250870883287,2936.5754575526621,0.16915040321297403,1173,1173,4.0567918896242347e-05,0.23409389306837478,0.59999999999999998,2,500000,0.00035,0.0001,0.066301944659380829,0.16213176633714896,9.0580421236826265e-18,0.17378825303556461,0.064041679935150211,0.50196513198615844,2.2060298434187873e-05,0.05622730102339317,0.078751994114828333,3.8513949463007232e-18,0.053726119224735865,0.43219400878498571,0.37909306406370946,7.5127883475264018e-06,0.27133801100657867,0.0014914736149945079,9.6250310157971241e-10,0.0019338546572111352,2.0237522840206638e-05,0.39464770215277561,7.0987298028163349e-05,8.8753376278471392e-07,2.9219460451172039e-10,3.0886386163260032e-12,2.7270559236737988e-10,6.6171375072238214e-11,6.3302124909343053e-08,0.33049678131503557,nan,nan,nan,nan,nan,nan,nan,nan,nan,nan,nan,nan,nan,nan,0,0,0,0,0,0,0,-9.131444138282502e-11,6.2160045354271597e-14,-1.732605622822826e-12,-9.3533110207139866e-11,-8.8470897274817162e-16,-2.5322129072399835e-10,-5.4216040391765543e-14,3.9878907467927327e-14,-2.6884632909371191e-17,1.4531541293699916e-19,-9.6349015473199257e-20,1.8283624151187354e-19,3.5984755609006246e-14,4.3971851143688612e-10,nan,nan,nan,nan,nan,nan,nan,nan,nan,nan,nan,nan,nan,nan,-1.7770527663881625e-07,1.5543764608771937e-07,-1.5946480589334378e-23,2.2522509491318511e-08,5.5568920673265687e-07,-2.0013598878154681e-07,0,0.015711149422765063,0.038195366780278781,2.1325977160258913e-18,0.041011560226866882,0.015036582675702671,0.11859798411627476,5.2078883219125112e-06,-0.00020297250397436937,0.00026417437514666416,-1.5489548963972342e-20,0.00013106550300766488,9.25059296932422e-05,-0.00027997170445546494,5.621184870036648e-10
24,2,lumen,0.0086184210526315773,0.0025000000000000001,0.0086019736842105239,0.0086348684210526307,0.002,0.0030000000000000001,1000146.4675960748,1.3239377743346972,12.910294979686311,3107.5029593746976,0.16853233755677141,1173,1173,4.0499627750695663e-05,0.23401240598447048,0.59999999999999998,2,500000,0.00035,0.0001,0.07398795151649272,0.16487888790458263,9.8730049441134007e-18,0.17939890501825423,0.066997133459766489,0.53413720636248729,2.3235727960499196e-05,0.059540377673792326,0.07599554012034257,3.9834804101633028e-18,0.052627707578413251,0.42904402567410571,0.3827848400646845,7.508888661771955e-06,0.27240542361836234,0.0015285996716251694,1.0269741890323905e-09,0.0019675508847501674,2.0015058305860828e-05,0.390992285494907,7.2488708965005139e-05,8.4845321431861315e-07,2.8307632422843502e-10,3.2009570950583463e-12,2.8934720952752252e-10,7.0220479354151385e-11,6.2378249189008012e-08,0.33301272405879656,nan,nan,nan,nan,nan,nan,nan,nan,nan,nan,nan,nan,nan,nan,0,0,0,0,0,0,0,7.1514225717211951e-10,-3.3296246967524659e-13,2.5999601493983715e-11,1.9193011886201874e-09,1.3314219518556492e-14,1.2338641289244556e-09,1.3472359502001417e-13,-1.1857051798735974e-14,-1.8614033671373902e-16,-9.253228748148852e-19,1.3462178353662701e-18,-2.3741090801914648e-18,1.5634208061557257e-13,-3.8942667425839187e-09,nan,nan,nan,nan,nan,nan,nan,nan,nan,nan,nan,nan,nan,nan,-1.9226483253479559e-07,1.6395181484663013e-07,8.226079336831316e-24,2.7052996318588027e-08,6.034117618208823e-07,-2.2121111376005587e-07,0,0.016577688824063241,0.036727210132738088,2.2125561229207808e-18,0.040032203640108108,0.014872356879743,0.11933069035732596,5.1870648932551834e-06,-0.00038750028828506611,0.00052405963607268465,-3.2597524006160961e-20,0.00026031368187822129,0.00017414277339768066,-0.00053287254259144193,-2.8889263782689608e-10
24,3,support,0.0086184210526315773,0.0035000000000000001,0.0086019736842105239,0.0086348684210526307,0.0030000000000000001,0.0040000000000000001,1001200.4490072132,1.3133351284743717,12.79342189891995,3160.7699426284244,0.16872714514587273,1173,1173,4.0365421923192514e-05,0.23391400475522345,0.40000000000000002,2,300000,0.00033700000000000001,0.0001,0.082627296351285212,0.15434343368710834,1.0660077187575791e-17,0.17348506645507045,0.066666579927509573,0.54933400746153294,2.3454268039949647e-05,0.065890784927325363,0.070495561031315657,4.2621059108603386e-18,0.050432130889633518,0.42306234304102092,0.39011166921342388,7.5108972807366737e-06,nan,nan,nan,nan,nan,nan,nan,nan,nan,nan,nan,nan,nan,nan,0.27478947762118955,0.0016040872219568198,1.1551377675138532e-09,0.00203808248096418,1.9503894976095315e-05,0.38335701474866635,7.5576156206474794e-05,7.7401645476015224e-07,2.6516674802162967e-10,3.4311976395836175e-12,3.2268712595770905e-10,7.8358453261606396e-11,6.0391884842810334e-08,0.33811542164291991,0,0,0,0,0,0,0,nan,nan,nan,nan,nan,nan,nan,nan,nan,nan,nan,nan,nan,nan,-4.0099059507244479e-09,9.5984445683472988e-14,-1.4313559772684174e-10,-1.0186373694419487e-08,-5.7326864609519301e-14,-7.1401588157618545e-09,-8.7392457529355278e-14,-3.3306040217451205e-14,-1.2879440003575538e-17,3.9525836831520485e-19,-2.2385683377683826e-18,2.701258417920122e-18,-3.5497899046955052e-14,2.1479691330958121e-08,-2.2180675635346397e-07,2.016146783967443e-07,-2.4647553629129925e-22,2.7475498460424246e-08,6.9533013784262021e-07,-2.3923896580457793e-07,0,0.018337633497940244,0.034183816242088078,2.3684423390750983e-18,0.038446940566937017,0.014736863776378329,0.12179746378666155,5.198695719199279e-06,-1.5660576152660946e-05,-4.3345012123216865e-06,-1.6065940913205813e-20,-7.4633600575260044e-05,6.9517850256934824e-05,-0.00010560285592128844,-5.2321912105265448e-09
24,4,support,0.0086184210526315773,0.0045000000000000005,0.0086019736842105239,0.0086348684210526307,0.0040000000000000001,0.0050000000000000001,1000884.1352053917,1.5944530388274829,15.536748094242148,2736.4559870819753,0.13843207588805936,1173,1173,4.134205027242864e-05,0.20480413786118612,0.40000000000000002,2,300000,0.00033700000000000001,0.0001,0.079932547807540597,0.13076891575404795,2.1475198775005136e-17,0.22282185719638573,0.040944425107608665,0.52854329702597425,2.3512460477937628e-05,0.077410201322491171,0.072535655216987377,1.042736276145485e-17,0.078664070193629532,0.3155472315280155,0.4558336976293515,9.1441095249447124e-06,nan,nan,nan,nan,nan,nan,nan,nan,nan,nan,nan,nan,nan,nan,0.24820246503032575,0.0026285428606289125,1.4190874619803471e-09,0.002490258458810765,3.2867866377381087e-05,0.39286068649490719,0.00010693882274657775,5.3168135812664769e-07,2.4636414414323452e-10,4.1853676432940591e-12,3.8755818898291501e-10,1.029926056032306e-10,8.7894611837643083e-08,0.35367761873005304,0,0,0,0,0,0,0,nan,nan,nan,nan,nan,nan,nan,nan,nan,nan,nan,nan,nan,nan,-3.5845058194542916e-11,7.0251095453675461e-13,2.9309549166971258e-11,3.8151011105262924e-10,-7.0462299189832933e-15,-7.2396100290854359e-10,-6.3611488614848603e-13,1.0345533024008757e-13,2.7163847208150583e-18,1.9332438373845103e-18,-7.9209017374221393e-18,1.190346151539492e-17,8.0410676925663585e-14,3.4874322822644731e-10,-3.2890332011658446e-07,1.5873914027686453e-07,2.1176317974460335e-22,1.7085865441568573e-07,1.1574989228213539e-06,-5.0011421137696743e-07,0,0.017601895943752433,0.028724198754532693,4.7213820661869211e-18,0.048968849349140461,0.0090049590497798173,0.11623736307227386,5.1685019300624312e-06,0,0,0,0,0,0,0
25,0,lumen,0.008651315789473684,0.00050000000000000001,0.0086348684210526307,0.0086677631578947374,0,0.001,1000147.0697334234,1.3611866417860674,13.273516949616978,3003.9647367705134,0.16939042465033419,1173,1173,4.0593245973556311e-05,0.23423984938904036,0.59999999999999998,2,500000,0.00035,0.0001,0.066153739621256716,0.1686201853486527,9.1297890227235387e-18,0.17932085760937647,0.065906257881253483,0.51212419354698069,2.2614563917494149e-05,0.054733702184335799,0.079906565093641496,3.7872494949543069e-18,0.054084810899995707,0.43393245588920909,0.37733495217067853,7.5137621393505665e-06,0.27098854136817518,0.0014737458021215086,9.3385285434329163e-10,0.0019185523534622616,2.0290233683402619e-05,0.3961182709454607,7.028445094717578e-05,9.0538395072263764e-07,2.9609652832294026e-10,3.0393297380920444e-12,2.6535281746976097e-10,6.4373500130425352e-11,6.359429185559791e-08,0.32940934430519214,nan,nan,nan,nan,nan,nan,nan,nan,nan,nan,nan,nan,nan,nan,0,0,0,0,0,0,0,-1.0681328280631233e-10,-2.381070703753471e-13,-4.2696619130306962e-12,-2.278816641979993e-10,-2.2540563165973637e-15,-1.5064819422309916e-10,2.2382334159505542e-13,-2.478269325867366e-14,5.0754024258129519e-17,-2.5421715269963204e-19,7.5974931430679942e-19,-6.560618432447138e-19,-2.5637673451455037e-14,4.8968007410550046e-10,nan,nan,nan,nan,nan,nan,nan,nan,nan,nan,nan,nan,nan,nan,-1.712928346785797e-07,1.5068443909305174e-07,-5.8186917910581747e-23,2.076336613903301e-08,5.3470796930465969e-07,-1.918325714389546e-07,0,0.015317775003215262,0.038813505009415043,2.1154584923655157e-18,0.041345854906910708,0.015121631212677747,0.11821810363017519,5.2162768126859634e-06,-8.2037837419732924e-05,0.00010081047611866173,-8.2868600042226511e-21,4.2886175013138675e-05,4.2164233947247843e-05,-0.00011567957834114252,4.362332323646403e-10
25,1,lumen,0.008651315789473684,0.0015,0.0086348684210526307,0.0086677631578947374,0.001,0.002,1000146.816684611,1.3902028890038194,13.556470297989581,2946.3845940313145,0.16913267658148226,1173,1173,4.0568809644772581e-05,0.23414789992280077,0.59999999999999998,2,500000,0.00035,0.0001,0.066354977801377668,0.16293326886609308,9.105806001013019e-18,0.17441474784775071,0.064318104985290184,0.50342807491229002,2.2133640942596116e-05,0.056070515844177174,0.078857551586488439,3.8578220073750942e-18,0.053726472965288347,0.43250321421431642,0.37883473465015449,7.5107395750856156e-06,0.27133604245451121,0.0014888489120379487,9.5946897889020548e-10,0.0019318315617410651,2.022898621426907e-05,0.39477491201647247,7.0887703167603423e-05,8.896400292413656e-07,2.9258401694512988e-10,3.0834591690465164e-12,2.7193715892897544e-10,6.5977245744606384e-11,6.3298021900455036e-08,0.33037629383475209,nan,nan,nan,nan,nan,nan,nan,nan,nan,nan,nan,nan,nan,nan,0,0,0,0,0,0,0,3.1592463294461174e-11,-2.411948567773465e-13,-4.2861352649178686e-12,-5.5254234389956341e-10,-7.1741657753365828e-16,3.454702233920276e-10,1.7574021118333601e-13,6.2534612904618925e-15,-5.0178435178377864e-17,-4.8102781807085904e-19,1.3781246214354897e-18,-1.9054346326512399e-18,5.4143161904199957e-14,1.7977153082923588e-10,nan,nan,nan,nan,nan,nan,nan,nan,nan,nan,nan,nan,nan,nan,-1.7699242811121396e-07,1.5429007360623359e-07,-3.8430897478290155e-22,2.2361110796673185e-08,5.5333532411605546e-07,-1.9880526436200086e-07,0,0.015671534165252583,0.038257242481416869,2.1655789181113732e-18,0.041022949140788321,0.015051810344004333,0.1185486078741549,5.2078735944720941e-06,-0.00020262629511356054,0.00026389904807697887,-1.3326673780888825e-20,0.00013080881801556715,9.2228843790319515e-05,-0.00027887111373148656,5.5415409416645241e-10
25,2,lumen,0.008651315789473684,0.0025000000000000001,0.0086348684210526307,0.0086677631578947374,0.002,0.0030000000000000001,1000146.0765346185,1.3235007354905217,12.906038269516026,3107.7063283266502,0.16857630280005204,1173,1173,4.0500568725167433e-05,0.234068173933621,0.59999999999999998,2,500000,0.00035,0.0001,0.07381014932431483,0.16516764585204152,9.8463976394193559e-18,0.17946616865037865,0.067069176131239847,0.5339400709483626,2.3237223811829951e-05,0.059377710643788544,0.076103532961525097,3.971435238177963e-18,0.052630081135340595,0.42936376679300214,0.38251740157022868,7.5068961149633646e-06,0.27240270744601963,0.0015258110178300497,1.0237766809910226e-09,0.0019654240528630372,2.0006934591632266e-05,0.39112729527543538,7.2383407459724382e-05,8.5056017931037715e-07,2.8347564844941587e-10,3.1952844530721406e-12,2.8853357473558147e-10,7.0013405713625278e-11,6.23761285767139e-08,0.33288545726049812,nan,nan,nan,nan,nan,nan,nan,nan,nan,nan,nan,nan,nan,nan,0,0,0,0,0,0,0,7.9971057153810645e-10,-5.0376243497555388e-13,9.3391767359878592e-12,1.4928971906778325e-09,1.7339428504126175e-14,2.2529612739210364e-09,3.150450723941827e-13,2.5568956674160148e-14,-1.0866491180110314e-16,-1.2230928929918498e-18,3.2868646678144915e-18,-4.596175966070633e-18,1.7423791378036843e-13,-4.5549366780093899e-09,nan,nan,nan,nan,nan,nan,nan,nan,nan,nan,nan,nan,nan,nan,-1.9148386736205641e-07,1.6234097782730217e-07,2.0418951075147075e-23,2.6880372037873026e-08,6.0090383403876846e-07,-2.198477747628047e-07,0,0.016537094828396867,0.036789328006084344,2.2065993311821093e-18,0.040044873874489628,0.014887858981483378,0.1192796658483171,5.1870916986178978e-06,-0.00038643131425041493,0.00052296257655695569,-3.1307347931411545e-20,0.00025900370891599091,0.00017377175751993152,-0.0005320002304723989,-3.0925886535099242e-10
25,3,support,0.008651315789473684,0.0035000000000000001,0.0086348684210526307,0.0086677631578947374,0.0030000000000000001,0.0040000000000000001,1001197.2526971601,1.3152530284592285,12.812145392875985,3155.2577183673411,0.16877787871491909,1173,1173,4.0366822492982846e-05,0.23396941535843649,0.40000000000000002,2,300000,0.00033700000000000001,0.0001,0.082278737754274189,0.15438292451943181,1.0586703084284003e-17,0.17328069362646822,0.066621977367374588,0.54812441378226306,2.3414219067632151e-05,0.065708854381978155,0.070616796684054239,4.2389642836132034e-18,0.050446441421543552,0.42339804582921453,0.38982235263742837,7.5090457811051892e-06,nan,nan,nan,nan,nan,nan,nan,nan,nan,nan,nan,nan,nan,nan,0.27477782760822361,0.0016009265618173764,1.151440965747063e-09,0.0020356739362923666,1.9498889501380571e-05,0.38352220776477614,7.5457040587253332e-05,7.7619563857568958e-07,2.6561066215555179e-10,3.4242000842111928e-12,3.2173613974820435e-10,7.8114470247396574e-11,6.0400211591198222e-08,0.33796756978262538,0,0,0,0,0,0,0,nan,nan,nan,nan,nan,nan,nan,nan,nan,nan,nan,nan,nan,nan,-3.9244936860321135e-09,-4.8696048226674336e-14,-1.4876772958883014e-10,-9.9864985865689801e-09,-6.1809173231008874e-14,-7.5608771680623493e-09,6.7944261399343953e-14,-1.5972900085925446e-14,1.2597601060712516e-17,2.9770159159949575e-20,2.5097140583589906e-19,-3.6539670876234013e-19,-3.6641757523526683e-14,2.162073217662857e-08,-2.2088595198581362e-07,2.0135696138234849e-07,-1.8667067783509873e-23,2.7238749893056257e-08,6.9230507694639787e-07,-2.3828690781657613e-07,0,0.018292327064227388,0.034252302505426886,2.3535390102694922e-18,0.038468901289538025,0.014752875602130662,0.12174233170471874,5.1988845485963702e-06,-1.5665349339616228e-05,-4.4016170445097816e-06,-1.6137007332460483e-20,-7.5131927823868756e-05,6.981250728888023e-05,-0.00010674555860436241,-5.2552071507165903e-09
25,4,support,0.008651315789473684,0.0045000000000000005,0.0086348684210526307,0.0086677631578947374,0.0040000000000000001,0.0050000000000000001,1000881.4598355999,1.586460126147007,15.458904481266266,2749.8719375743617,0.13737747526052987,1173,1173,4.1347912950729354e-05,0.20475476898876194,0.40000000000000002,2,300000,0.00033700000000000001,0.0001,0.080140786908320355,0.13169946410042938,2.1588623406139008e-17,0.22439795714889121,0.041147965300081552,0.53108562691046668,2.3643555021353543e-05,0.077223011274028461,0.072685806346393919,1.0429916467202079e-17,0.078823572118339208,0.31552701645457321,0.45573144478391997,9.1490227452482558e-06,nan,nan,nan,nan,nan,nan,nan,nan,nan,nan,nan,nan,nan,nan,0.24810668701620056,0.0026271954840794121,1.415153108804894e-09,0.0024888155533414808,3.2918952664893247e-05,0.39308393589769169,0.00010688043765319311,5.3267720889109371e-07,2.4677819825229754e-10,4.1758792181688199e-12,3.8649302240702045e-10,1.0271527030242993e-10,8.8028244916797821e-08,0.35355294379760038,0,0,0,0,0,0,0,nan,nan,nan,nan,nan,nan,nan,nan,nan,nan,nan,nan,nan,nan,1.6014086482131302e-10,2.588967188202465e-13,-3.7699979357344251e-11,-1.6517433858217485e-10,8.5913264349923857e-15,1.266264073088684e-09,-2.868483910598154e-13,7.2077001485315595e-14,-1.1254081953793488e-17,9.0898878159687065e-19,-3.8997052577658012e-18,5.4886804662383481e-18,1.1564800231162435e-13,-1.2236989204850876e-09,-3.2779761603794061e-07,1.5588550844602977e-07,6.7305029764585431e-23,1.7068334721698502e-07,1.1541093346278952e-06,-4.983535131231065e-07,0,0.017549534609947993,0.028767509757390741,4.7221138960137065e-18,0.04904078050106133,0.0089994149319631289,0.11614561541395448,5.1683482691438887e-06,0,0,0,0,0,0,0
26,0,lumen,0.0086842105263157891,0.00050000000000000001,0.0086677631578947374,0.0087500000000000008,0,0.001,1000146.675817705,1.361092514694985,13.272604303347753,3003.406426032825,0.16939543863680659,1173,1173,4.0594217792107731e-05,0.23429173372896975,0.59999999999999998,2,500000,0.00035,0.0001,0.065969681416308767,0.16885746652565944,9.09827665926525e-18,0.17933853636134769,0.065956660806823345,0.51181395401527341,2.2610037385463806e-05,0.054577664866706982,0.080013507206742843,3.7739179305210443e-18,0.054086423901150017,0.43423445439439073,0.37708043788934481,7.5117416646097747e-06,0.27098476705499519,0.0014711956316537475,9.3085361283566117e-10,0.0019165644235167739,2.0282230864224042e-05,0.39624577082151452,7.0187226671590932e-05,9.0750957570629514e-07,2.964885591532387e-10,3.0343067997449695e-12,2.6459437609503417e-10,6.4182900706391575e-11,6.3591294826706113e-08,0.32929025995075556,nan,nan,nan,nan,nan,nan,nan,nan,nan,nan,nan,nan,nan,nan,0,0,0,0,0,0,0,-8.5916541118695389e-11,-3.6453632189118372e-14,-1.3462145664808382e-12,-2.6059466891533972e-10,-1.9373608620143479e-15,-2.4556145680233732e-10,3.1252811825579109e-14,-2.4998232650563779e-14,4.5607623038505247e-17,-2.6952813012866933e-19,1.0113511351670405e-18,-1.2946824346397307e-18,-2.3135232603211456e-14,5.9347421405572812e-10,nan,nan,nan,nan,nan,nan,nan,nan,nan,nan,nan,nan,nan,nan,-1.7060146940799104e-07,1.5024297356225347e-07,5.2782184317454453e-24,2.0605453588008625e-08,5.3245684933367343e-07,-1.9094766923188899e-07,0,0.015218729166510746,0.038969649772964417,2.0984346017665154e-18,0.041376062131731062,0.015158855630105583,0.11809546592620325,5.216204608145399e-06,-8.2046503106921378e-05,0.0001009966067134678,-6.2460146707778705e-21,4.3046055862067224e-05,4.2012369422982585e-05,-0.00011552173421454116,4.3900610366822839e-10
26,1,lumen,0.0086842105263157891,0.0015,0.0086677631578947374,0.0087500000000000008,0.001,0.002,1000146.4234838223,1.3900065314235182,13.554560859087198,2946.0450833776372,0.1692423514301889,1173,1173,4.0569698659856352e-05,0.23420163908380681,0.59999999999999998,2,500000,0.00035,0.0001,0.066179499151270971,0.16317363003118227,9.0345575508300733e-18,0.17444052348477046,0.064372945922166219,0.50315712363253284,2.213074944216189e-05,0.055914358216655989,0.078962759687820017,3.8270973235093444e-18,0.053726844324237119,0.43281101844282299,0.3785775106278339,7.5087006300624125e-06,0.27133402325786715,0.0014862405493504709,9.5644928938249673e-10,0.00192981857123522,2.0220487067978878e-05,0.39490154445887371,7.0788673690879166e-05,8.9174173479079817e-07,2.9297207336707517e-10,3.0783164740663855e-12,2.7117256426095037e-10,6.5784195344163722e-11,6.3293906519197713e-08,0.33025640737681655,nan,nan,nan,nan,nan,nan,nan,nan,nan,nan,nan,nan,nan,nan,0,0,0,0,0,0,0,-5.4434198904834978e-11,-3.0095103485631303e-14,-2.4303411536041e-12,-2.2557501460704845e-10,-6.2894568025884112e-16,-7.309071165147174e-11,6.8596654518211175e-15,2.253362427206973e-14,-4.1283565596199676e-17,-1.2153999323493477e-19,4.2991621493010809e-19,-6.3037833112699125e-19,4.3243617514339985e-14,3.554884718283904e-10,nan,nan,nan,nan,nan,nan,nan,nan,nan,nan,nan,nan,nan,nan,-1.762882417093159e-07,1.5416463716722006e-07,4.6150666707978573e-23,2.2199060390340263e-08,5.510982654388652e-07,-1.9826415426082988e-07,0,0.015572915944798491,0.038411365651505408,2.1254782701138097e-18,0.041051173922450675,0.01508971479405681,0.11842564260892367,5.2078381014505787e-06,-0.00020221037163160895,0.00026342994598010331,-1.5505519690719983e-20,0.00013047230237934763,9.1925546285587484e-05,-0.00027720016402896344,5.4314839422234746e-10
26,2,lumen,0.0086842105263157891,0.0025000000000000001,0.0086677631578947374,0.0087500000000000008,0.002,0.0030000000000000001,1000145.6853556545,1.31465666702241,12.819800878877134,3127.7847521557655,0.16862570312278541,1173,1173,4.0501529626808505e-05,0.23412356221985267,0.59999999999999998,2,500000,0.00035,0.0001,0.074102963602351343,0.16651642038008033,9.8822269637302436e-18,0.1806826308152655,0.067570482005312474,0.5371558674472251,2.3387424944996253e-05,0.059214937226006605,0.076212329608569371,3.9592531381615188e-18,0.052632764873625247,0.42968260148703191,0.38224986187032722,7.5049344396629778e-06,0.2723993254963053,0.001523028659156018,1.0205784933777233e-09,0.0019632958517949105,1.9999000288300833e-05,0.3912632872383785,7.2278220002896246e-05,8.5267708528245669e-07,2.8387726622705096e-10,3.1896286980640097e-12,2.877199229403942e-10,6.980651210774903e-11,6.2374506729552451e-08,0.33275786881730396,nan,nan,nan,nan,nan,nan,nan,nan,nan,nan,nan,nan,nan,nan,0,0,0,0,0,0,0,7.1897811671757976e-10,-2.2676303386838779e-13,2.3129222625256964e-11,1.7910772604984919e-09,1.3041217411524642e-14,1.4191149592251984e-09,9.2480118609770564e-14,3.0901062958443859e-14,-1.3236909558769386e-16,-5.5439752994513645e-19,8.7698562252394003e-19,-1.3959655243056719e-18,1.4535929355089978e-13,-3.9523543051203771e-09,nan,nan,nan,nan,nan,nan,nan,nan,nan,nan,nan,nan,nan,nan,-1.9073417316210761e-07,1.6257292667631873e-07,3.6623256590010222e-23,2.6718813127259129e-08,5.9849233029207749e-07,-2.192209276330459e-07,0,0.016436044615649566,0.036943979988786346,2.1914963510538975e-18,0.040076341991075737,0.014926424099356838,0.11915291329331278,5.1871600286168301e-06,-0.00038545023400854856,0.00052212620743141128,-3.1306758434993488e-20,0.00025791285283430991,0.00017343346120985372,-0.00053214949578250955,-3.3017839609629175e-10
26,3,support,0.0086842105263157891,0.0035000000000000001,0.0086677631578947374,0.0087500000000000008,0.0030000000000000001,0.0040000000000000001,1001194.0553580215,1.3291983829765053,12.948031257523656,3121.262816992396,0.16882420028079193,1173,1173,4.0368204090616874e-05,0.23402472707087377,0.40000000000000002,2,300000,0.00033700000000000001,0.0001,0.081190570877377938,0.1530237723613328,1.0445305701244622e-17,0.17150764365142185,0.065974865472510427,0.54197251586327766,2.3162887769507192e-05,0.065527522878294553,0.070737471891421697,4.2267061914527601e-18,0.050459822556814263,0.42373245056993214,0.38953522487462977,7.5072289074866465e-06,nan,nan,nan,nan,nan,nan,nan,nan,nan,nan,nan,nan,nan,nan,0.274766330616599,0.0015977899525032725,1.14776044034841e-09,0.0020332834235138224,1.9493888977369675e-05,0.38368632903064298,7.5338814037499845e-05,7.7836755612720855e-07,2.6605257396853625e-10,3.4172452232669834e-12,3.2078961526505268e-10,7.787176669633572e-11,6.0408443719957425e-08,0.3378205936818503,0,0,0,0,0,0,0,nan,nan,nan,nan,nan,nan,nan,nan,nan,nan,nan,nan,nan,nan,-3.9344756183741556e-09,-3.1543051518412222e-14,-1.399277420253991e-10,-9.953481916774114e-09,-5.7872868823583001e-14,-7.1393512109108048e-09,4.8747485606249487e-14,-1.2867961904361458e-14,2.4678138654950917e-17,-4.9865032264110736e-20,5.0525939233782949e-19,-6.0913429089449226e-19,-3.0616156213051247e-14,2.1167320479552596e-08,-2.1998514945515552e-07,2.0022495289540032e-07,-3.3139320504838165e-23,2.703957690441213e-08,6.8938197884949037e-07,-2.3721111375163417e-07,0,0.018179491510025812,0.034422975569421088,2.3378716994712119e-18,0.038523564881939837,0.014792701563137167,0.12160513939102287,5.1993575407794019e-06,-1.5679365177351469e-05,-4.4740891979628848e-06,-1.6162409032842791e-20,-7.5713039496882854e-05,7.0175068013747817e-05,-0.00010842350866868926,-5.2803299424359586e-09
26,4,support,0.0086842105263157891,0.0045000000000000005,0.0086677631578947374,0.0087500000000000008,0.0040000000000000001,0.0050000000000000001,1000878.7855828864,1.5845691958678234,15.440519991230781,2752.7826910212284,0.1382779215549918,1173,1173,4.1353758285210964e-05,0.20470535117412983,0.40000000000000002,2,300000,0.00033700000000000001,0.0001,0.080042046840180306,0.13212862237419315,2.1601110361080852e-17,0.22511653025151521,0.041194203218878678,0.53160067670885736,2.3684621917000662e-05,0.077036141892092166,0.072835938421367791,1.0423538232484882e-17,0.078981942005158706,0.31550591186702365,0.45563091179988474,9.154014472945968e-06,nan,nan,nan,nan,nan,nan,nan,nan,nan,nan,nan,nan,nan,nan,0.24801086113525406,0.0026258687502354948,1.4112287203122797e-09,0.0024873853967543758,3.2970216039050532e-05,0.393306777974194,0.00010682274563092426,5.336696045273583e-07,2.4719174809260535e-10,4.1664199341252068e-12,3.8543077204539824e-10,1.0243878029487556e-10,8.8162226641474308e-08,0.35342868979960596,0,0,0,0,0,0,0,nan,nan,nan,nan,nan,nan,nan,nan,nan,nan,nan,nan,nan,nan,-1.0755397783933109e-10,4.0987365088521072e-13,5.2753228952355038e-11,5.6855625100352393e-10,-1.1417299397575853e-14,-1.3931677655043204e-09,-3.9497971558903313e-13,9.1571390227473959e-14,2.9796084809804577e-18,1.3191039082495931e-18,-5.2869277802648203e-18,8.2169375811384093e-18,1.0324828494505054e-13,8.7921395113104678e-10,-3.2685335108612046e-07,1.5760949995113904e-07,1.4592783004096369e-22,1.7058408222171402e-07,1.1510398137959399e-06,-4.9795325146595459e-07,0,0.01741904211095345,0.028875133326441305,4.7095443387773569e-18,0.049220456543124874,0.0089854290876819759,0.11591662843734275,5.1679622802127305e-06,0,0,0,0,0,0,0
27,0,lumen,0.0088157894736842109,0.00050000000000000001,0.0087500000000000008,0.0088815789473684209,0,0.001,1000145.0990200511,1.3498304145586255,13.162803425241915,3025.4168795209675,0.16961456659422097,1173,1173,4.0597982785575446e-05,0.23449733102156031,0.59999999999999998,2,500000,0.00035,0.0001,0.065770869061739928,0.17116229755542753,9.072669255508948e-18,0.18085024159677995,0.066689653284418463,0.51470822762351998,2.2774281227794479e-05,0.053963038120489172,0.080434690343979209,3.7321633212232073e-18,0.054091121805674366,0.43542797454381899,0.37607567147172155,7.5037143167117852e-06,0.27097093571102565,0.0014611742218977382,9.190610821443464e-10,0.001908737269070394,2.0250106385532102e-05,0.39674596961439751,6.9804803930314529e-05,9.1592950702089427e-07,2.9803356031284595e-10,3.0146764794320566e-12,2.6161456417802096e-10,6.3434832691286695e-11,6.3577643888865698e-08,0.32882214722098557,nan,nan,nan,nan,nan,nan,nan,nan,nan,nan,nan,nan,nan,nan,0,0,0,0,0,0,0,-8.993317622980033e-11,-2.7774744948574715e-14,-2.0281559430053302e-12,-2.4178342112550154e-10,-1.4937053330332795e-15,-2.2614782507583697e-10,2.1880307879018195e-14,-2.355385851637859e-14,4.0139181898247876e-17,-2.642239087676812e-19,1.0069749361363287e-18,-1.3002851615730996e-18,-2.039761843295782e-14,5.5994386889089525e-10,nan,nan,nan,nan,nan,nan,nan,nan,nan,nan,nan,nan,nan,nan,-1.678780131757554e-07,1.4812765164462505e-07,2.9193849124031791e-23,1.9978582912537647e-08,5.2366366849743162e-07,-1.8761683656665085e-07,0,0.015063118026611012,0.039215463420202386,2.0774233569773388e-18,0.041422442350614645,0.015217412037573852,0.11790279673425984,5.2160851526278355e-06,-8.2002476360846201e-05,0.00010158794361627948,-6.4022129485135072e-21,4.3564481282992421e-05,4.1389421256045908e-05,-0.00011392408960897241,4.5393036411089326e-10
27,1,lumen,0.0088157894736842109,0.0015,0.0087500000000000008,0.0088815789473684209,0.001,0.002,1000144.8495336004,1.3764576805361843,13.42246121898051,2972.0317900802606,0.16936128266299902,1173,1173,4.057314679892552e-05,0.2344145179204189,0.59999999999999998,2,500000,0.00035,0.0001,0.066095067174271868,0.16564347462410137,9.026979180131489e-18,0.17615753198079409,0.065189173584986715,0.50674697701324078,2.2324362422992521e-05,0.055298789248430832,0.079376762381977259,3.7866203503300009e-18,0.053726911346395685,0.43402735830450045,0.37756267814575811,7.5005729376991963e-06,0.27132728281250656,0.0014759952073970003,9.4456919404821746e-10,0.0019218975253342012,2.0186381380861766e-05,0.3953978684801549,7.0399349399873103e-05,9.0006237024127632e-07,2.9450034742701699e-10,3.0581953867028667e-12,2.6816659913954989e-10,6.5026044994360094e-11,6.3275747935608836e-08,0.32978540533038808,nan,nan,nan,nan,nan,nan,nan,nan,nan,nan,nan,nan,nan,nan,0,0,0,0,0,0,0,-6.6503335323408952e-11,-2.6313780792407641e-14,-2.1103861643167496e-12,-1.7196675848097195e-10,-5.9847959921199845e-16,-1.3554398597438733e-10,4.3328833743970055e-15,2.3647967264950331e-14,-4.0970644514639361e-17,-1.0151126873038371e-19,3.8440804634989072e-19,-5.5454737565180499e-19,4.3386585610382963e-14,3.7607975051273652e-10,nan,nan,nan,nan,nan,nan,nan,nan,nan,nan,nan,nan,nan,nan,-1.7351863204877888e-07,1.5211709664120221e-07,1.7510842819225652e-23,2.1539123379883121e-08,5.421345757039564e-07,-1.9488789626542768e-07,0,0.015417879805208496,0.038654217358699242,2.1052245498210915e-18,0.041094629923603306,0.015149254490297463,0.11823302049785966,5.2077920475915432e-06,-0.00020121782131716882,0.00026291659549334992,-1.6269061670613649e-20,0.00012955146143812005,9.1147068792702613e-05,-0.00027676975326226789,4.8947038677153717e-10
27,2,lumen,0.0088157894736842109,0.0025000000000000001,0.0087500000000000008,0.0088815789473684209,0.002,0.0030000000000000001,1000144.1195147143,1.340045310555789,13.067397273229906,3065.3483003548999,0.16879948987173282,1173,1173,4.0505232608763779e-05,0.234341183596804,0.59999999999999998,2,500000,0.00035,0.0001,0.071918354506727372,0.16427098897782999,9.6114657603974604e-18,0.17729344852768816,0.066483007578188688,0.52553229710348381,2.2920588397351032e-05,0.058579175314865742,0.076636710940366864,3.9251466175748596e-18,0.052642957709837519,0.43093247616237401,0.38120118269021996,7.4971823360292847e-06,0.27238762567486047,0.0015121843043707276,1.0081119275536599e-09,0.0019549828844989867,1.9967173300610435e-05,0.39179148424884208,7.1867817708396459e-05,8.6099238605347648e-07,2.854453004702107e-10,3.1677062333938212e-12,2.8455058778583799e-10,6.9001443490635983e-11,6.2365617231482647e-08,0.33226096288813994,nan,nan,nan,nan,nan,nan,nan,nan,nan,nan,nan,nan,nan,nan,0,0,0,0,0,0,0,6.9452544160172507e-10,-1.5880213312660211e-13,2.5387534827636997e-11,1.7961053871463235e-09,1.2086794239085652e-14,1.2784737329126633e-09,5.3513879655782096e-14,4.4199019444413068e-14,-1.1843746928214532e-16,-3.7391654951818841e-19,5.5505742297232343e-19,-8.6361760834325884e-19,1.3538984967491661e-13,-3.7945781796205492e-09,nan,nan,nan,nan,nan,nan,nan,nan,nan,nan,nan,nan,nan,nan,-1.8776846053437241e-07,1.6047279788322655e-07,-1.8929597565816734e-22,2.5991609828317539e-08,5.8887346972291699e-07,-2.155307862183875e-07,0,0.016276891074675739,0.03718792479694169,2.1747351688926842e-18,0.040125330467352512,0.014986958573056465,0.11895503152356117,5.1872745855880381e-06,-0.00038095952866518915,0.00051779994227283625,-2.9313586592384134e-20,0.00025258706674898251,0.00017223583762815956,-0.00053533054291300967,-3.9900614862911483e-10
27,3,support,0.0088157894736842109,0.0035000000000000001,0.0087500000000000008,0.0088815789473684209,0.0030000000000000001,0.0040000000000000001,1001181.2558532057,1.340170335781558,13.05507850638867,3092.2163052473397,0.16901528126901269,1173,1173,4.0374123707161807e-05,0.23423670076252245,0.40000000000000002,2,300000,0.00033700000000000001,0.0001,0.079637851311576427,0.15281649045703188,1.0233722048625592e-17,0.17031565362539286,0.065635878088850491,0.53595819354090868,2.2950692794289346e-05,0.064805734647680496,0.071225679399762459,4.1753248564712724e-18,0.050523398144615962,0.42504044706631894,0.38839724078927651,7.4999523455683638e-06,nan,nan,nan,nan,nan,nan,nan,nan,nan,nan,nan,nan,nan,nan,0.27471102552811999,0.0015854659476025404,1.1331347690439396e-09,0.0020238013806420131,1.9476825267499098e-05,0.3843498223132456,7.4872523179865245e-05,7.8708060008050782e-07,2.6783143591082008e-10,3.3898121671088748e-12,3.1702900018779661e-10,7.6910312059360221e-11,6.0448154920987568e-08,0.33723468615489105,0,0,0,0,0,0,0,nan,nan,nan,nan,nan,nan,nan,nan,nan,nan,nan,nan,nan,nan,-3.8512772487378844e-09,-3.70266119533608e-14,-1.3809001829724165e-10,-9.7166947853334415e-09,-5.7917212692437658e-14,-7.1770011047470744e-09,5.4102848811920619e-14,-1.1387375417615253e-14,2.7858484690347541e-17,-7.1559003819876022e-20,6.6995131079107872e-19,-7.9256974721197803e-19,-2.9546480713203604e-14,2.0883144990859369e-08,-2.1638829698564233e-07,1.9757552000010392e-07,-1.120177426273929e-23,2.6127966948736686e-08,6.7763269526177616e-07,-2.3293760015308251e-07,0,0.018001739955763173,0.034692630643536983,2.3124078555906574e-18,0.038609108188745682,0.014855191317037655,0.12138886171880155,5.2001202108679121e-06,-1.5674667862614319e-05,-4.7269205424482598e-06,-1.6278680953285538e-20,-7.7485705485565374e-05,7.1271145344471256e-05,-0.00011095434039866852,-5.3711719847967719e-09
27,4,support,0.0088157894736842109,0.0045000000000000005,0.0087500000000000008,0.0088815789473684209,0.0040000000000000001,0.0050000000000000001,1000868.0998895436,1.5858397757887122,15.453065886798731,2749.1351676832123,0.13698770144936656,1173,1173,4.1377397249197452e-05,0.20450116408198593,0.40000000000000002,2,300000,0.00033700000000000001,0.0001,0.079205389501376969,0.13311202206349093,2.1556677726192241e-17,0.22678773499000091,0.041146982685052839,0.5306982955569991,2.3715510213421949e-05,0.076292844390346864,0.073437659666980792,1.0410549446944664e-17,0.079632934425193355,0.31540031471978575,0.45522707339739621,9.1734002970477505e-06,nan,nan,nan,nan,nan,nan,nan,nan,nan,nan,nan,nan,nan,nan,0.24762308013703324,0.0026207704548811698,1.3956532965704706e-09,0.002481697316732057,3.3177788594897002e-05,0.39419698976339346,0.00010659692139603462,5.3761738136945268e-07,2.4884152519446537e-10,4.1289617409269842e-12,3.8121323445785084e-10,1.0134316149463891e-10,8.8701753067575587e-08,0.35293705916765411,0,0,0,0,0,0,0,nan,nan,nan,nan,nan,nan,nan,nan,nan,nan,nan,nan,nan,nan,-4.1254219113240792e-11,3.6482828558072125e-13,3.2147532456928351e-11,3.9056500583190485e-10,-7.2488673050208341e-15,-7.8784790995788112e-10,-3.5398888017094547e-13,9.245013608827346e-14,8.0170332560930254e-18,1.2484496558429169e-18,-4.8726422286834557e-18,7.7740755501821459e-18,1.0583201292918003e-13,4.0618813816940092e-10,-3.2274217314203629e-07,1.5384830331921506e-07,1.848201856509979e-22,1.6964937930884527e-07,1.1378002242740104e-06,-4.9274998686898996e-07,0,0.017212844102448024,0.029043813343688742,4.6942649968237393e-18,0.04950610862668775,0.0089621908955108374,0.11555352501268304,5.1673340727596763e-06,0,0,0,0,0,0,0
28,0,lumen,0.0089473684210526309,0.00050000000000000001,0.0088815789473684209,0.009078947368421051,0,0.001,1000143.5204287859,1.3417718232896909,13.084241129298423,3040.5710746870732,0.16975035762746782,1173,1173,4.060156892978625e-05,0.23470070236276502,0.59999999999999998,2,500000,0.00035,0.0001,0.065426383429981833,0.1730739523994331,9.0300884759785287e-18,0.18193830156111793,0.0672711770050608,0.51644132530260722,2.2887157521810076e-05,0.053360006047236619,0.080847601799175314,3.6924762497219194e-18,0.054091767781151108,0.43660332390175144,0.37508980457361973,7.4958970658222567e-06,0.27095873414412397,0.0014513994932952696,9.0752516527664698e-10,0.0019010824214448819,2.0217891111349691e-05,0.39723340530746676,6.9431294582927638e-05,9.2425063055800057e-07,2.9954955111805648e-10,2.9956490129881556e-12,2.5870297590376494e-10,6.2705148776365227e-11,6.3561999789869956e-08,0.32836474010386985,nan,nan,nan,nan,nan,nan,nan,nan,nan,nan,nan,nan,nan,nan,0,0,0,0,0,0,0,-9.4370793665901168e-11,-1.376385154194376e-14,-2.7653964323416495e-12,-2.2679252160684534e-10,-9.3816013985170699e-16,-1.8540814760228952e-10,8.8851755210353497e-15,-2.146178200435056e-14,3.3993280715188975e-17,-2.462720538354918e-19,1.0061997645047899e-18,-1.3276770924614283e-18,-1.8210844493041706e-14,5.0938225843899385e-10,nan,nan,nan,nan,nan,nan,nan,nan,nan,nan,nan,nan,nan,nan,-1.6522529449475298e-07,1.4597074055044956e-07,3.2884167068464952e-23,1.9442768031422278e-08,5.1517413519885924e-07,-1.8444403288020439e-07,0,0.014833856653352316,0.039578109498488785,2.048091778408647e-18,0.041489388433439071,0.015303847844164253,0.11761882446294833,5.2159004080891901e-06,-8.1892862920897899e-05,0.00010215784876234336,-6.1876117088719489e-21,4.4317423393446194e-05,4.0653172060962543e-05,-0.00011231253111322033,4.6801963767615948e-10
28,1,lumen,0.0089473684210526309,0.0015,0.0088815789473684209,0.009078947368421051,0.001,0.002,1000143.2737605468,1.3611407519385648,13.273119834951853,3002.4710349268757,0.1696066098081184,1173,1173,4.0576373097020969e-05,0.2346262631253781,0.59999999999999998,2,500000,0.00035,0.0001,0.066107369096044005,0.16836396739706766,9.028349252095992e-18,0.17811991161355273,0.066105203452297215,0.51109551324690661,2.2551730272246244e-05,0.054693700179840724,0.079782760269518235,3.745057864081131e-18,0.053720987339810441,0.43522930909534419,0.37656575045420004,7.4926612863338121e-06,0.27132275884517404,0.0014659814924110196,9.3292652396115393e-10,0.001914140960032783,2.0151968953843272e-05,0.39588147363494713,7.0018423956305967e-05,9.082971193631157e-07,2.9600125945860164e-10,3.0386490941238128e-12,2.6522429748889309e-10,6.4285140628481843e-11,6.3255175710941175e-08,0.32932450156075077,nan,nan,nan,nan,nan,nan,nan,nan,nan,nan,nan,nan,nan,nan,0,0,0,0,0,0,0,-6.6764212414137188e-11,-2.9037323923154343e-14,-1.9997568422077774e-12,-1.581209765253448e-10,-6.1864575962022883e-16,-1.4886094136870587e-10,6.022667299705337e-15,2.2860402806856861e-14,-4.0926856054552641e-17,-1.0160612308218881e-19,3.5855472309969898e-19,-5.1164536237605811e-19,4.3213279831059558e-14,3.7570355144306719e-10,nan,nan,nan,nan,nan,nan,nan,nan,nan,nan,nan,nan,nan,nan,-1.7081588331649411e-07,1.499312488051352e-07,3.4885381573271717e-23,2.1035429712938709e-08,5.3352243316318049e-07,-1.9169518850059575e-07,0,0.015189544361528041,0.039012248214903476,2.0746198549432275e-18,0.041157846855834734,0.015236861901608086,0.11795023947344413,5.2077308531024954e-06,-0.00020093347195906505,0.00026383915560689627,-1.5236565068097431e-20,0.00012908986037510009,9.073615622841621e-05,-0.00027767807667260604,4.665486048091897e-10
28,2,lumen,0.0089473684210526309,0.0025000000000000001,0.0088815789473684209,0.009078947368421051,0.002,0.0030000000000000001,1000142.5518840209,1.3670466656343803,13.330720782298252,3001.7785301083218,0.16898253685719145,1173,1173,4.0508443083760389e-05,0.23455772285380067,0.59999999999999998,2,500000,0.00035,0.0001,0.069759379158068555,0.16186903902161623,9.3004373504479341e-18,0.17379204873575682,0.065354672678120576,0.51378571617703717,2.244461046501963e-05,0.05796564267921761,0.077037877989864556,3.8746650875704469e-18,0.052643170167010034,0.43215520500521915,0.38019061472601834,7.4894326702534669e-06,0.27238520568693192,0.0015017678819277799,9.9613173173264416e-10,0.0019470212011878391,1.9933433154884245e-05,0.39228574820273787,7.1473892786975206e-05,8.690185163553174e-07,2.8693650762793216e-10,3.1467571069464081e-12,2.815089772705071e-10,6.822937767019157e-11,6.2348371841115065e-08,0.33178791669842955,nan,nan,nan,nan,nan,nan,nan,nan,nan,nan,nan,nan,nan,nan,0,0,0,0,0,0,0,6.9069085820235302e-10,-1.4177985846848179e-13,2.2006481928600595e-11,1.7102265523254681e-09,1.2173638833101741e-14,1.3671538491143859e-09,4.6341501268960127e-14,4.5759186370619709e-14,-1.1304003234339253e-16,-3.533069665090404e-19,6.0818128835595167e-19,-9.0493906687652441e-19,1.2867849741591377e-13,-3.7901689566311559e-09,nan,nan,nan,nan,nan,nan,nan,nan,nan,nan,nan,nan,nan,nan,-1.8492585138630419e-07,1.5822210563953831e-07,-2.1241253033392066e-23,2.5314398900408224e-08,5.796805003788208e-07,-2.1192847005080395e-07,0,0.016041939653951301,0.037548541743362814,2.1381065915802797e-18,0.040196669877517154,0.015076204677346848,0.11866514228361735,5.1874631660834263e-06,-0.00037775144250725204,0.00051556751783708341,-2.9625840951521199e-20,0.00024891466440526993,0.00017080880944011801,-0.00053882483771628472,-4.8494917850184132e-10
28,3,support,0.0089473684210526309,0.0035000000000000001,0.0088815789473684209,0.009078947368421051,0.0030000000000000001,0.0040000000000000001,1001168.4402642217,1.3511616026993196,13.162316851901167,3063.7398287643668,0.16920458213151771,1173,1173,4.0378739057826621e-05,0.23445556544440577,0.40000000000000002,2,300000,0.00033700000000000001,0.0001,0.078162308672263037,0.15251472978384298,1.0033492828270135e-17,0.16906012222184527,0.065298449423222563,0.53009575107130957,2.2741983964795593e-05,0.064127474451189215,0.071668946733203481,4.1272583204253235e-18,0.050562905217229774,0.42632881014201307,0.38730437066039991,7.4927959645931194e-06,nan,nan,nan,nan,nan,nan,nan,nan,nan,nan,nan,nan,nan,nan,0.27468235592238527,0.0015736903354777914,1.1194560176541166e-09,0.0020148321231226543,1.9452275300857712e-05,0.38494260626947063,7.4428493097623334e-05,7.9532454758645081e-07,2.6946668540404239e-10,3.3642667996452004e-12,3.1351939883159289e-10,7.601126092675343e-11,6.0462887805528734e-08,0.33669177701189207,0,0,0,0,0,0,0,nan,nan,nan,nan,nan,nan,nan,nan,nan,nan,nan,nan,nan,nan,-3.7690423041969845e-09,-3.2327839156676855e-14,-1.3276710746829162e-10,-9.4647711487439905e-09,-5.6146493704334333e-14,-7.0132365108475231e-09,4.7323934196743985e-14,-1.0624964449923446e-14,2.5611155941205551e-17,-6.2263555223962838e-20,5.361283769310248e-19,-6.4596790686374552e-19,-2.6623479154368142e-14,2.0379895326698852e-08,-2.1303469175965734e-07,1.9504816201054709e-07,-1.9865502762101585e-23,2.5132626692494285e-08,6.6651945690443526e-07,-2.2883525724326503e-07,0,0.017738837458610528,0.035092877467447804,2.2761590806121662e-18,0.038734575259926927,0.014947112877997243,0.12106880046474182,5.2012717452032684e-06,-1.5632997379639258e-05,-5.0048882039928368e-06,-1.6424787986127195e-20,-7.9115583553293609e-05,7.2377788265335128e-05,-0.00011229203804990475,-5.4690301137621303e-09
28,4,support,0.0089473684210526309,0.0045000000000000005,0.0088815789473684209,0.009078947368421051,0.0040000000000000001,0.0050000000000000001,1000857.4323606058,1.5937403174221452,15.530217493762976,2734.1244608639086,0.13765618912574198,1173,1173,4.1400139562611932e-05,0.20430284036694285,0.40000000000000002,2,300000,0.00033700000000000001,0.0001,0.078067458876028395,0.13348171760128869,2.1447242118984509e-17,0.22741906960849997,0.040927546092413315,0.52764936047025413,2.3651398826938805e-05,0.075572188214805075,0.074009286175975117,1.0409411049103797e-17,0.080253303034588983,0.31528456959384316,0.45487145870374612,9.1942770416543222e-06,nan,nan,nan,nan,nan,nan,nan,nan,nan,nan,nan,nan,nan,nan,0.24725317442882236,0.0026162666221356094,1.3806510901509521e-09,0.0024764957852050186,3.3378293630477989e-05,0.39503724138984425,0.00010639363031900506,5.4131019170720986e-07,2.5040117388415796e-10,4.0928856114433804e-12,3.7715477268770212e-10,1.0028994371716117e-10,8.9220801795094205e-08,0.35247641720646095,0,0,0,0,0,0,0,nan,nan,nan,nan,nan,nan,nan,nan,nan,nan,nan,nan,nan,nan,3.4621134628590239e-11,3.198325179855388e-13,4.7916227992802334e-12,1.8011722410476759e-10,-8.5998916321550212e-16,1.0823115841052111e-11,-3.1822592114502938e-13,8.4581430401242663e-14,-2.312904836370627e-18,1.0957601216154635e-18,-4.2854940236544078e-18,6.8034919081072049e-18,1.0388922984944674e-13,-2.3054244675340136e-10,-3.1880631688914474e-07,1.4971219963744176e-07,4.1302551472474044e-24,1.6907831492690106e-07,1.1254657073661578e-06,-4.8805997748813112e-07,0,0.016907267174679531,0.029291249459929281,4.6756983748247484e-18,0.049932812701480804,0.0089261611788136359,0.11501341363190461,5.166374593513976e-06,0,0,0,0,0,0,0
29,0,lumen,0.0092105263157894728,0.00050000000000000001,0.009078947368421051,0.0093421052631578946,0,0.001,1000140.3580096603,1.3284653646952864,12.954524624246673,3065.083145591248,0.17012994826468608,1173,1173,4.0609300290304135e-05,0.23508580432400011,0.59999999999999998,2,500000,0.00035,0.0001,0.06461318912923826,0.17659203397017287,8.9376946856231281e-18,0.18381033244860351,0.06829742577667576,0.51894148428620901,2.3069584423987444e-05,0.052174353277181611,0.081673182881556936,3.618463212979043e-18,0.054106557247299451,0.4388693869030782,0.37316903895247366,7.4807384103049518e-06,0.27091863961623125,0.0014325896071885531,8.8493414175712435e-10,0.0018861762089414423,2.0159635793929048e-05,0.39820472872648488,6.8708976507740493e-05,9.4077996306939467e-07,3.025626834988881e-10,2.9589355931775466e-12,2.5300627053839285e-10,6.1283809872879345e-11,6.3542888671958615e-08,0.32746799140126265,nan,nan,nan,nan,nan,nan,nan,nan,nan,nan,nan,nan,nan,nan,0,0,0,0,0,0,0,-9.2342576232408958e-11,-2.7141554832523141e-15,-2.7232536031577707e-12,-2.1434996002549455e-10,-7.3552275381416621e-16,-1.7552131493028811e-10,-3.6054328229600792e-15,-1.7179833944336309e-14,2.2859325031877735e-17,-2.1898042505878373e-19,9.1997228610315435e-19,-1.2251732005336324e-18,-1.1939172863373874e-14,4.8497322809046756e-10,nan,nan,nan,nan,nan,nan,nan,nan,nan,nan,nan,nan,nan,nan,-1.6007341871980552e-07,1.4187063984705262e-07,3.9211169664555952e-24,1.8381053304802574e-08,4.9865565646123322e-07,-1.7824284354039932e-07,0,0.014538462315991823,0.04004710460880128,2.0112717039149052e-18,0.041572607366896927,0.015415221407168384,0.1172538790166605,5.2156810704288833e-06,-8.0776130371228773e-05,0.00010112918267164882,-5.7150358152018975e-21,4.4116932012448544e-05,3.9689399580618653e-05,-0.00011033079560122408,4.1674153867147141e-10
29,1,lumen,0.0092105263157894728,0.0015,0.009078947368421051,0.0093421052631578946,0.001,0.002,1000140.1169596777,1.3743790097005923,13.402254577749883,2967.7126040197877,0.16988029754077719,1173,1173,4.0584236081161269e-05,0.23501766178191247,0.59999999999999998,2,500000,0.00035,0.0001,0.06402698699153693,0.16849281561877238,8.7548541949952273e-18,0.17646022757843574,0.065814735188736706,0.50354632596542814,2.229032443504482e-05,0.053487875054968402,0.08062062154390072,3.6669412060881166e-18,0.053738210203682808,0.43753265672948555,0.37461315860556726,7.477862395472077e-06,0.2712790430779668,0.0014466495208236452,9.098060017768658e-10,0.0018988879810800917,2.0095040447821484e-05,0.39688091472464682,6.9277563249176176e-05,9.2490120553979309e-07,2.9906065862589366e-10,3.0004650470440527e-12,2.5938336462337162e-10,6.2823325469201991e-11,6.3242966187458782e-08,0.32840414241353261,nan,nan,nan,nan,nan,nan,nan,nan,nan,nan,nan,nan,nan,nan,0,0,0,0,0,0,0,-6.4254453066647767e-11,-3.0890585771423164e-14,-1.8888037063910918e-12,-1.5085539686846896e-10,-5.2724751647970081e-16,-1.4673790437944034e-10,5.2517343497129255e-15,2.3702177373574607e-14,-4.490073919903823e-17,-9.7572486684999076e-20,3.1087928961580439e-19,-4.4601943105316658e-19,4.6322791705264805e-14,3.6369290896669606e-10,nan,nan,nan,nan,nan,nan,nan,nan,nan,nan,nan,nan,nan,nan,-1.6549857926109746e-07,1.4549845456235388e-07,4.4081353719180317e-23,2.0148681899260481e-08,5.1668218399580912e-07,-1.8549829100544812e-07,0,0.014895550075963307,0.039473575130700191,2.0399779871504306e-18,0.04123755447380463,0.015349701723896979,0.11758671001693649,5.2076502601159145e-06,-0.00019817587234291801,0.00026252180862412349,-1.4468814189081844e-20,0.00012741281314909014,8.8838723474744975e-05,-0.00027328478420758688,4.3806081451640607e-10
29,2,lumen,0.0092105263157894728,0.0025000000000000001,0.009078947368421051,0.0093421052631578946,0.002,0.0030000000000000001,1000139.4112362665,1.3421780104186585,13.088255823362568,3051.2228138395794,0.16933108211680933,1173,1173,4.0516787503378673e-05,0.23496107434431363,0.59999999999999998,2,500000,0.00035,0.0001,0.069513749784728893,0.1666942659524758,9.2652349512276381e-18,0.17712087132326165,0.066931592167236431,0.52053895837324693,2.281585284894497e-05,0.056710948103456109,0.077891367264321318,3.7897920277900972e-18,0.052675663512820825,0.43453263936000031,0.37818190692288284,7.4748365185278452e-06,0.27233590621445397,0.0014813262044768038,9.7172318654593134e-10,0.0019310764704647137,1.9879916993640279e-05,0.39334047016750018,7.0694547726124368e-05,8.855711135922219e-07,2.9006200245563598e-10,3.1047428423832454e-12,2.7531222047447604e-10,6.6667704130813554e-11,6.235157753628401e-08,0.33081969694882363,nan,nan,nan,nan,nan,nan,nan,nan,nan,nan,nan,nan,nan,nan,0,0,0,0,0,0,0,6.6670540954110841e-10,-1.4635108915202175e-13,2.0777597969489212e-11,1.6402744560571582e-09,1.1801323807070219e-14,1.328655737081047e-09,4.8975382315123093e-14,3.4886156463631579e-14,-1.138396825757022e-16,-3.8987882505086038e-19,6.3098939787981773e-19,-9.923595335919175e-19,1.1928209952661144e-13,-3.6564816454053172e-09,nan,nan,nan,nan,nan,nan,nan,nan,nan,nan,nan,nan,nan,nan,-1.792025039809228e-07,1.5349869464387211e-07,2.7102616274914317e-23,2.4354210171686645e-08,5.6156595135137266e-07,-2.0517620979987328e-07,0,0.015738208128229642,0.038015731259306955,2.0967546449114789e-18,0.040289825509351437,0.015190791911117151,0.11828922707482635,5.1877675564216574e-06,-0.00036787209323030579,0.00050229620106387589,-2.8559551393439939e-20,0.00023641630855323947,0.00016827761950938348,-0.00051932489002040562,-6.7152652007639144e-10
29,3,support,0.0092105263157894728,0.0035000000000000001,0.009078947368421051,0.0093421052631578946,0.0030000000000000001,0.0040000000000000001,1001142.7617312495,1.3339261973965417,12.994751752746511,3096.5096075966489,0.1695669803963111,1173,1173,4.0391468415044322e-05,0.23484438046701506,0.40000000000000002,2,300000,0.00033700000000000001,0.0001,0.077419612175241057,0.15660290072871508,9.930374673289545e-18,0.17169587692553015,0.066525004463031334,0.5339097077153101,2.2994315932814063e-05,0.062709508259749983,0.072653188815767877,4.032838105230292e-18,0.050697477734494817,0.42880749918028066,0.3851248465246685,7.4794850380761604e-06,nan,nan,nan,nan,nan,nan,nan,nan,nan,nan,nan,nan,nan,nan,0.27454231044682931,0.0015505168067255373,1.0909643967619906e-09,0.0019966510812959946,1.9428586679039108e-05,0.38626623268390853,7.3544404825957803e-05,8.1273034417287183e-07,2.7302103495219456e-10,3.3120409545693023e-12,3.0620622134647967e-10,7.4156688908193098e-11,6.056365031252342e-08,0.33555044094807351,0,0,0,0,0,0,0,nan,nan,nan,nan,nan,nan,nan,nan,nan,nan,nan,nan,nan,nan,-3.636393930930309e-09,-2.4167559292392396e-14,-1.2503943137190878e-10,-9.0617453988293742e-09,-5.4243610471405024e-14,-6.8432401650712904e-09,4.1301854819329634e-14,-1.2684081215907916e-14,2.7854409171469492e-17,-3.8069724303614395e-20,3.7673243065085804e-19,-4.3420448724664491e-19,-2.9941059509011819e-14,1.9666498679392659e-08,-2.0614343554468256e-07,1.8905472731756134e-07,6.6019185678692009e-24,2.405708459280456e-08,6.4468064644995771e-07,-2.2126375981423863e-07,0,0.017399245095231216,0.035610821574319745,2.2305684114363621e-18,0.038896253898363063,0.015065028670660301,0.12065811479334315,5.2028190309387092e-06,-1.5553201393638411e-05,-5.5213672576101681e-06,-1.6672543174585227e-20,-8.2265105073221051e-05,7.4404114096551977e-05,-0.00011335343913491074,-5.6486207115978403e-09
29,4,support,0.0092105263157894728,0.0045000000000000005,0.009078947368421051,0.0093421052631578946,0.0040000000000000001,0.0050000000000000001,1000836.1529240864,1.6144205956560878,15.732071142084587,2696.3950903155128,0.1360374858127002,1173,1173,4.1448446943208572e-05,0.20386107225562144,0.40000000000000002,2,300000,0.00033700000000000001,0.0001,0.075555480948716017,0.13395662581807383,2.1148976306734866e-17,0.22826428061590268,0.040360043733921755,0.52000639969298901,2.3447802586435243e-05,0.074091142645366648,0.075237956705588818,1.0398062373892562e-17,0.081598534432641978,0.31495390839270948,0.45410922421922711,9.2336044659663142e-06,nan,nan,nan,nan,nan,nan,nan,nan,nan,nan,nan,nan,nan,nan,0.2464452817523663,0.0026074795169361833,1.3498646497088773e-09,0.002465534974003346,3.3817870288040328e-05,0.39682839431000183,0.00010597953111522393,5.491186607817609e-07,2.5372106337406873e-10,4.0193383756827717e-12,3.6882026084054893e-10,9.813586140229145e-11,9.0347134938370659e-08,0.3515128705049323,0,0,0,0,0,0,0,nan,nan,nan,nan,nan,nan,nan,nan,nan,nan,nan,nan,nan,nan,4.2508872496398852e-11,2.5524869394702974e-13,1.7492787788767064e-12,1.5833230766971678e-10,-9.9746599868666408e-18,9.3290028480019771e-11,-2.6237179717040905e-13,7.8238414011333468e-14,-5.3904399213487874e-18,9.0774949701820429e-19,-3.4887276014540361e-18,5.6678928682607181e-18,1.0221141440931363e-13,-2.960539041200539e-10,-3.1082615785729684e-07,1.4244789325879026e-07,-3.1715791712979813e-23,1.6828304481305893e-07,1.1007351130298826e-06,-4.7926580254431528e-07,0,0.016509953503058276,0.029605161926729517,4.6508702129539933e-18,0.050498251276214844,0.0088750424632708779,0.11430549394434229,5.1650532783467135e-06,0,0,0,0,0,0,0
30,0,lumen,0.0094736842105263147,0.00050000000000000001,0.0093421052631578946,0.0097368421052631566,0,0.001,1000137.1887862763,1.3070814791972503,12.746040140785453,3109.5813906551921,0.17042850506368504,1173,1173,4.0614236612722194e-05,0.23548051658140956,0.59999999999999998,2,500000,0.00035,0.0001,0.064314460565978587,0.1810646255703344,8.9068497730928886e-18,0.18672052538312239,0.069762551102173651,0.52486284355578006,2.3399116608378177e-05,0.051097344387391774,0.08239403732937417,3.5479425194008301e-18,0.054078650086160265,0.44106958168249105,0.3713529210307393,7.465483843537117e-06,0.2709283550379229,0.0014150181450424063,8.645324968408869e-10,0.00187237368360849,2.0088117602561388e-05,0.39903263005995893,6.8036014598552697e-05,9.5613968639467628e-07,3.0524310235264614e-10,2.9263925059277797e-12,2.4788310975947121e-10,6.0004057394587197e-11,6.3475710645720002e-08,0.3266624778452798,nan,nan,nan,nan,nan,nan,nan,nan,nan,nan,nan,nan,nan,nan,0,0,0,0,0,0,0,-8.4187643306291913e-11,1.3385644908622267e-15,-2.3128714624916467e-12,-1.9898542452347587e-10,-9.2341499030590413e-16,-1.7566537005402061e-10,-4.6620450562335712e-15,-1.388429302084937e-14,1.7985820622502058e-17,-1.8132244282976467e-19,8.6311470838022074e-19,-1.1759054249835276e-18,-1.1227251762499915e-14,4.6118059356494712e-10,nan,nan,nan,nan,nan,nan,nan,nan,nan,nan,nan,nan,nan,nan,-1.5543652024177512e-07,1.3866063280909557e-07,-1.5562842942218109e-24,1.6953891706925792e-08,4.8331249120903141e-07,-1.7219373782406677e-07,0,0.014112750692309214,0.040727869081572186,1.9587978670460495e-18,0.041683469060378293,0.015575473457017666,0.11673153478156362,5.2153452741277126e-06,-8.4191504666294981e-05,0.00010743892630980155,-8.7291400291416217e-21,4.6105995373647953e-05,4.0582311499083938e-05,-0.00011477692526438579,4.253420054576815e-10
30,1,lumen,0.0094736842105263147,0.0015,0.0093421052631578946,0.0097368421052631566,0.001,0.002,1000136.9534605818,1.3989702660649042,13.64209932312372,2910.4580185216678,0.17027938035016876,1173,1173,4.058771126896605e-05,0.23541996170394142,0.59999999999999998,2,500000,0.00035,0.0001,0.061697559132902299,0.16687958817529683,8.495180916226085e-18,0.17321703434258445,0.064979026094910658,0.49236308497031983,2.1853603141399183e-05,0.052464266638742887,0.081277683573344597,3.6218545480049192e-18,0.053694562179519408,0.4397075039219342,0.37284852113265093,7.4625538078372008e-06,0.27131867627323614,0.0014293783707391109,8.9031410080794914e-10,0.0018855360844776416,2.001697384132934e-05,0.3976373844082447,6.8620274154590363e-05,9.3930806744241673e-07,3.015411088164202e-10,2.968753933538011e-12,2.5448504794259294e-10,6.1591683834602968e-11,6.3153333215716488e-08,0.32763938364300532,nan,nan,nan,nan,nan,nan,nan,nan,nan,nan,nan,nan,nan,nan,0,0,0,0,0,0,0,-5.7264533345787466e-11,-2.5280433683645855e-14,-1.8285529906414531e-12,-1.3775194405621809e-10,-6.5507495261574178e-16,-1.4988859524216191e-10,4.6836294015169054e-15,2.208563193439872e-14,-3.8823343149757016e-17,-7.5857431717136492e-20,2.3897651147205589e-19,-3.5363529258873859e-19,4.0614911057385474e-14,3.4669225808226727e-10,nan,nan,nan,nan,nan,nan,nan,nan,nan,nan,nan,nan,nan,nan,-1.610178813173449e-07,1.428662922409174e-07,-4.8888571629949897e-22,1.8303244160612919e-08,5.0139098065060672e-07,-1.7918519934490007e-07,0,0.014465928405549373,0.040154413813692148,1.9906030181998644e-18,0.041343045762740213,0.015514074353683198,0.11706230020552148,5.2075908660265719e-06,-0.00019452912456195104,0.00025918355266992644,-1.0785348631613448e-20,0.00012468458516810106,8.7013014831042903e-05,-0.00027244510883709229,3.2551948539880943e-10
30,2,lumen,0.0094736842105263147,0.0025000000000000001,0.0093421052631578946,0.0097368421052631566,0.002,0.0030000000000000001,1000136.263812519,1.3620214704117366,13.281801223937466,3001.2894957170661,0.16965820153973163,1173,1173,4.0521518732276799e-05,0.2353685120555073,0.59999999999999998,2,500000,0.00035,0.0001,0.067182511230835101,0.16575184480497193,8.9458519780311188e-18,0.1744899217804009,0.066297765833639263,0.51044633350154012,2.2439679391913522e-05,0.055619569899202033,0.07859632471262297,3.7132641962302988e-18,0.052660602528293791,0.43678261279441938,0.37633342975604478,7.460309417078382e-06,0.27235372285140957,0.001462809986854038,9.5062599736267629e-10,0.0019168045672901728,1.9809121188464706e-05,0.39418722545362117,6.9991268660118147e-05,9.0034849526044625e-07,2.9270543792600252e-10,3.0690018133198719e-12,2.6997984522141372e-10,6.5319998606549493e-11,6.2289857984428158e-08,0.32998867253092684,nan,nan,nan,nan,nan,nan,nan,nan,nan,nan,nan,nan,nan,nan,0,0,0,0,0,0,0,6.1944285962451129e-10,-1.1774131738048013e-13,1.8891833873506285e-11,1.5131774051785828e-09,1.0844406969634512e-14,1.2396636011550305e-09,3.7322097413260102e-14,4.3666025656419194e-14,-1.0247348342430993e-16,-3.2572766628727141e-19,6.4368491422249331e-19,-9.2852235449427776e-19,1.138264710433622e-13,-3.3912635201618359e-09,nan,nan,nan,nan,nan,nan,nan,nan,nan,nan,nan,nan,nan,nan,-1.7426398976356366e-07,1.5052540575100082e-07,4.8391515852984071e-23,2.2479860311537443e-08,5.4490535771056781e-07,-1.9823813623975894e-07,0,0.015295736467142331,0.038702432506935822,2.0399837599122786e-18,0.040416788608990166,0.015356347953598854,0.11774642881426098,5.1882829630776179e-06,-0.0003601619258076686,0.00049407584128878784,-2.780652850590885e-20,0.00022719594370270858,0.0001664021855479776,-0.00051214619558821695,-8.7064855441803311e-10
30,3,support,0.0094736842105263147,0.0035000000000000001,0.0093421052631578946,0.0097368421052631566,0.0030000000000000001,0.0040000000000000001,1001117.0226703916,1.313729001438338,12.798325119942641,3137.9231425627149,0.16991530024299717,1173,1173,4.0399647414449637e-05,0.23524229265815166,0.40000000000000002,2,300000,0.00033700000000000001,0.0001,0.077070760571269367,0.16075379648562657,9.8743546804560708e-18,0.17455774513353833,0.067913550844167878,0.53932918173986388,2.3306150764954788e-05,0.061483304309191647,0.073451601274121453,3.9494718904339058e-18,0.050763406903658548,0.43114072606816251,0.38315349511958979,7.4663252762025347e-06,nan,nan,nan,nan,nan,nan,nan,nan,nan,nan,nan,nan,nan,nan,0.27449719293642177,0.0015298450768490624,1.0665451464500677e-09,0.0019806976862772486,1.9379825468506068e-05,0.38730863341229743,7.2760103532388379e-05,8.2797949045495546e-07,2.7596890188849314e-10,3.2676960897258494e-12,2.9996222326445157e-10,7.2568331613283636e-11,6.0574748373406346e-08,0.33459060068660035,0,0,0,0,0,0,0,nan,nan,nan,nan,nan,nan,nan,nan,nan,nan,nan,nan,nan,nan,-3.3746733607711461e-09,-3.3559860761574962e-14,-1.1348926077487819e-10,-8.3442797134672382e-09,-5.0145759940278811e-14,-6.4070164139395924e-09,4.3740467342668552e-14,-8.752113617171986e-15,2.087589192035369e-17,-6.5207869071428394e-20,4.3893599912453944e-19,-5.3448305006917147e-19,-2.0241323300227731e-14,1.8239527832356892e-08,-2.0026720810688292e-07,1.8490415965022322e-07,-1.0994863079616343e-23,2.1883633211720946e-08,6.2471299876187825e-07,-2.1391999938114026e-07,0,0.016903625121004181,0.036372850637638315,2.1665005907175879e-18,0.039125833296178698,0.015235521806263154,0.12006320922160058,5.2051623218627316e-06,-1.5487933927212417e-05,-6.0067654138166402e-06,-1.6941989166706839e-20,-8.5614866120600313e-05,7.6640478009390843e-05,-0.00011666214285039812,-5.8475947271833489e-09
30,4,support,0.0094736842105263147,0.0045000000000000005,0.0093421052631578946,0.0097368421052631566,0.0040000000000000001,0.0050000000000000001,1000814.9492387385,1.6235509237772927,15.821378793154889,2679.060098246744,0.13637987151299813,1173,1173,4.1491806815638299e-05,0.20343833535270867,0.40000000000000002,2,300000,0.00033700000000000001,0.0001,0.073809544998410637,0.13500512595207503,2.1033300514814482e-17,0.23038821586924291,0.040074661945441771,0.51650947370212041,2.3425661694883643e-05,0.072789925199168826,0.076257309414686364,1.0399894203235815e-17,0.08282531374824309,0.31450218583653949,0.45361598854811658,9.2772532454331123e-06,nan,nan,nan,nan,nan,nan,nan,nan,nan,nan,nan,nan,nan,nan,0.2457366032495594,0.0026027854965769946,1.3232798797348885e-09,0.0024575121274368261,3.4213824619015391e-05,0.39830508025131661,0.00010571171968565332,5.5515120570756931e-07,2.5641365076836168e-10,3.9559882712502911e-12,3.616293649322905e-10,9.629163911079515e-11,9.133797403782667e-08,0.35075744480005805,0,0,0,0,0,0,0,nan,nan,nan,nan,nan,nan,nan,nan,nan,nan,nan,nan,nan,nan,4.2452554513383192e-11,1.8754366742870552e-13,9.9129084121142732e-13,1.5047194557709049e-10,4.2825985813177425e-16,1.114009945488853e-10,-2.0440899241208055e-13,7.0270612245737496e-14,-7.797884884289325e-18,7.3467869778653891e-19,-2.773932503210985e-18,4.6115911100957151e-18,9.9713877757137174e-14,-3.054704272347734e-10,-3.0411844492445744e-07,1.3809882792870098e-07,1.0539884992360153e-22,1.6590705429797088e-07,1.0782382542928737e-06,-4.7017499288370956e-07,0,0.015926748017373326,0.030061494505154798,4.6158817607317102e-18,0.051332850745704511,0.0087945575432418766,0.11326183061013534,5.163001490256604e-06,0,0,0,0,0,0,0
31,0,lumen,0.0099999999999999985,0.00050000000000000001,0.0097368421052631566,0.010526315789473682,0,0.001,1000130.8302657456,1.3319221580859246,12.98835726337235,3039.9432128545277,0.17112423983156161,1173,1173,4.0629511910099197e-05,0.23622802019271663,0.59999999999999998,2,500000,0.00035,0.0001,0.060238508065565612,0.18123315100313828,8.3980048333612151e-18,0.18328115500475745,0.069146818021269527,0.50987304800151767,2.287252951777257e-05,0.048768887600081218,0.084038590260459442,3.4088470240397288e-18,0.054091688537465404,0.44548788496311614,0.36760551242899314,7.436209884702374e-06,0.27083563571031655,0.0013794867856867933,8.2075153691326183e-10,0.0018436283074603551,1.9974522743521808e-05,0.40092516190997463,6.6658773774290868e-05,9.8973339292816751e-07,3.1122709972952753e-10,2.8584985144600258e-12,2.3689519616064832e-10,5.7289564887415029e-11,6.3431727438684568e-08,0.32492839939590157,nan,nan,nan,nan,nan,nan,nan,nan,nan,nan,nan,nan,nan,nan,0,0,0,0,0,0,0,-7.9096488707072545e-11,-3.4168440102634891e-14,-2.1242531781930385e-12,-1.7417848943554478e-10,-7.7260246811317046e-16,-1.6700380856861374e-10,1.7027427246838333e-14,-9.8974647921856729e-15,-2.6707226966409061e-19,-1.9632957032418225e-19,5.7197039721628305e-19,-7.9734181678928181e-19,4.186304708651007e-15,4.2242717643030828e-10,nan,nan,nan,nan,nan,nan,nan,nan,nan,nan,nan,nan,nan,nan,-1.4566480863089509e-07,1.3035705775932271e-07,-1.6782296788995411e-23,1.5476885448333275e-08,4.5251721791927935e-07,-1.609696360094226e-07,0,0.013318149839820968,0.041999949087226887,1.8669187511569429e-18,0.041878008730365526,0.015876893074156954,0.1157568947468099,5.2146084667886546e-06,-8.0986406354160431e-05,0.00010600507454233217,-5.3396276023210574e-21,4.7072061338144991e-05,3.7149630286723027e-05,-0.00010847914834577096,4.666446536549121e-10
31,1,lumen,0.0099999999999999985,0.0015,0.0097368421052631566,0.010526315789473682,0.001,0.002,1000130.6055322647,1.3376968483584371,13.044672599826399,3031.8974346678033,0.17092588149677873,1173,1173,4.0602815866597218e-05,0.2361941043413302,0.59999999999999998,2,500000,0.00035,0.0001,0.061592037599594716,0.17808649273651234,8.4722592964154427e-18,0.18116888325906819,0.068656769291541603,0.50963285615217713,2.2763976654226082e-05,0.050080905394434362,0.082937522034957717,3.4538986406205078e-18,0.053700124233468483,0.4442485501835195,0.3690254651467984,7.4330068216388177e-06,0.27123336097758882,0.0013926549100141748,8.4524591504531259e-10,0.0018560506596072366,1.990090503003292e-05,0.39957064919537927,6.7201404864548472e-05,9.730865555584163e-07,3.0760041016934612e-10,2.8974684459268484e-12,2.4315258016829331e-10,5.8782116447549065e-11,6.311017642216002e-08,0.32585914429310314,nan,nan,nan,nan,nan,nan,nan,nan,nan,nan,nan,nan,nan,nan,0,0,0,0,0,0,0,-5.5244278975474821e-11,-3.0311621962602715e-14,-1.4799147989330859e-12,-1.2627445739070946e-10,-3.9042120231203015e-16,-1.2542505901068368e-10,6.0375183074315374e-15,2.4508173268600331e-14,-4.4285854904287243e-17,-8.4600394749698144e-20,2.0503343937927797e-19,-2.9987803950044201e-19,4.6009431225983487e-14,3.0837801742191315e-10,nan,nan,nan,nan,nan,nan,nan,nan,nan,nan,nan,nan,nan,nan,-1.5087614507573732e-07,1.3390102515664637e-07,-6.2329128616010587e-24,1.7101954855911873e-08,4.6976242278062852e-07,-1.6785330220203676e-07,0,0.013668469352706094,0.04141889178500649,1.8894520567549343e-18,0.041538364511537029,0.015818297564922812,0.11608475392876204,5.2076311212066706e-06,-0.00019060560740670533,0.00025689419416324242,-1.3385794863499109e-20,0.00012022303260895703,8.4682167779938529e-05,-0.00026037441451962973,1.9508026970951159e-10
31,2,lumen,0.0099999999999999985,0.0025000000000000001,0.0097368421052631566,0.010526315789473682,0.002,0.0030000000000000001,1000129.948250888,1.3386630104160362,13.05410279618803,3041.5512099728385,0.17035901429025627,1173,1173,4.0537475467416959e-05,0.23615609978297772,0.59999999999999998,2,500000,0.00035,0.0001,0.065343518316977878,0.17223691280487624,8.7432089822815971e-18,0.1776689951465073,0.068169741664827629,0.51396960330476216,2.2743430961912111e-05,0.053169669337058197,0.080271273297141343,3.5669338340914585e-18,0.052700795890339214,0.44141607900904867,0.3724347507996863,7.4316667262780057e-06,0.27225739242110159,0.0014244253746010542,9.0364929797834459e-10,0.0018862920296598424,1.9700339036420386e-05,0.39620548387182608,6.8514986865905335e-05,9.3373045636521286e-07,2.9883558486405964e-10,2.9915140470007751e-12,2.5810937333660618e-10,6.2357206547899824e-11,6.2275116346392765e-08,0.32813719344539255,nan,nan,nan,nan,nan,nan,nan,nan,nan,nan,nan,nan,nan,nan,0,0,0,0,0,0,0,5.7152247287434814e-10,-1.1550076578451661e-13,1.6494733517671572e-11,1.379573901559154e-09,9.9603485181898321e-15,1.1533555248008365e-09,3.6040217676632424e-14,2.5955800009302976e-14,-9.7317452581584623e-17,-3.5305110920582009e-19,5.8079096013005983e-19,-9.315399998417507e-19,9.4934557541047067e-14,-3.1209975993995623e-09,nan,nan,nan,nan,nan,nan,nan,nan,nan,nan,nan,nan,nan,nan,-1.6349345784757302e-07,1.4145130156073549e-07,-8.3655229206142083e-23,2.0872175350690754e-08,5.1101723748392391e-07,-1.8572871185451589e-07,0,0.014464367294711476,0.039994526056405195,1.942191280064001e-18,0.04066080181946008,0.01566445615034422,0.11673456645540702,5.1895509909120433e-06,-0.00034212958163909354,0.00047148227417076022,-2.4746571606539649e-20,0.00020521815037123417,0.0001606489529014974,-0.00048904522106289663,-1.2078563795583207e-09
31,3,support,0.0099999999999999985,0.0035000000000000001,0.0097368421052631566,0.010526315789473682,0.0030000000000000001,0.0040000000000000001,1001065.3636236987,1.3349082342795702,13.005323931528128,3074.7957248639163,0.17062577999477474,1173,1173,4.0423596828926032e-05,0.23601314459879891,0.40000000000000002,2,300000,0.00033700000000000001,0.0001,0.072438332785893664,0.16234007841271914,9.291289478332868e-18,0.1725596773134663,0.06758726847498564,0.52484044433005606,2.2854275747533732e-05,0.058722432396707692,0.075376126627172052,3.7763681919906849e-18,0.050993989888013701,0.43600908738310878,0.37889092372353789,7.4399814597532762e-06,nan,nan,nan,nan,nan,nan,nan,nan,nan,nan,nan,nan,nan,nan,0.27424335358038926,0.00148622496603348,1.0119875611252541e-09,0.001945846067461949,1.9319669461469299e-05,0.38981488181815582,7.1081621396634444e-05,8.6323342354924079e-07,2.8292313782531339e-10,3.1717469803353327e-12,2.8602901546169396e-10,6.9067220490693205e-11,6.0724831965170464e-08,0.33241836666566726,0,0,0,0,0,0,0,nan,nan,nan,nan,nan,nan,nan,nan,nan,nan,nan,nan,nan,nan,-3.1097032593634988e-09,-5.6297780719712002e-15,-9.9434928876227758e-11,-7.5651332009746881e-09,-4.6299769573820981e-14,-6.0353971117685368e-09,2.2431464013767554e-14,-1.2352749031996346e-14,2.8590930892284285e-17,1.5924419094950596e-20,1.3740333344270142e-19,-1.2626691038302051e-19,-2.8638260323252381e-14,1.6809738989489541e-08,-1.8738172093135663e-07,1.7416099512557182e-07,-6.8304540298511154e-24,1.9355645057723721e-08,5.8335392155717258e-07,-1.9927162198118964e-07,0,0.015973420115617629,0.03781391076349773,2.0558210747983559e-18,0.039550289296230487,0.015548869010484372,0.11896101611057909,5.2099583492572283e-06,-1.527692714787883e-05,-7.2335487488219257e-06,-1.7443623576469467e-20,-9.2850102024722228e-05,8.1137937334116268e-05,-0.00012347858737215065,-6.2219113589678067e-09
31,4,support,0.0099999999999999985,0.0045000000000000005,0.0097368421052631566,0.010526315789473682,0.0040000000000000001,0.0050000000000000001,1000772.7694306951,1.6522260257517059,16.101494059773014,2627.3484264020544,0.13412087553007618,1173,1173,4.1588450829343437e-05,0.20253624498449854,0.40000000000000002,2,300000,0.00033700000000000001,0.0001,0.069571215770388439,0.13697299798380183,2.0639884894983928e-17,0.23382052911739548,0.0392839096349651,0.50585546090939382,2.3217472909340226e-05,0.069824877981555566,0.078738661670313681,1.0386054879398165e-17,0.085547498480690917,0.31375478057145362,0.4521248236989367,9.3575970496290988e-06,nan,nan,nan,nan,nan,nan,nan,nan,nan,nan,nan,nan,nan,nan,0.24413772107857679,0.0025866244822485957,1.2625930289029798e-09,0.0024363424787580139,3.5106488899654639e-05,0.40180110942714042,0.00010492819620887191,5.7065969660321474e-07,2.6302340747239659e-10,3.8112854386806753e-12,3.4522032168772003e-10,9.2052172086090407e-11,9.3607192328941666e-08,0.34889750161457844,0,0,0,0,0,0,0,nan,nan,nan,nan,nan,nan,nan,nan,nan,nan,nan,nan,nan,nan,3.7165448893117863e-11,1.1487070822519714e-13,1.8494099502852116e-12,1.4496955817516333e-10,6.7155482563752145e-16,8.7186738514585804e-11,-1.396911645215402e-13,5.8634954530623062e-14,-1.267360205350237e-17,5.2524176887868344e-19,-1.911482150109615e-18,3.3154291013717199e-18,9.1221090787256862e-14,-2.7129692986353397e-10,-2.8862936428657865e-07,1.2322612152892987e-07,-7.724013404650945e-24,1.6531405613850353e-07,1.0311780507324397e-06,-4.5408654902878709e-07,0,0.014819341579569179,0.030874473236679162,4.5759861796912345e-18,0.052990791424155512,0.0086168587244824096,0.11123834183527546,5.1586352357395005e-06,0,0,0,0,0,0,0
32,0,lumen,0.011052631578947368,0.00050000000000000001,0.010526315789473682,0.01131578947368421,0,0.001,1000118.0413781531,1.3289357950002134,12.959401193053885,3028.0836257161363,0.17220758910513009,1173,1173,4.0649658209320879e-05,0.23748056022684971,0.59999999999999998,2,500000,0.00035,0.0001,0.055829367185288185,0.18716646160649741,7.8880393950932677e-18,0.18342049753361905,0.070419501271414955,0.50267745802132779,2.2774366324061453e-05,0.045098495774385537,0.086596403635948491,3.1947080176144674e-18,0.054012129668197871,0.45267587737650522,0.36160970575647461,7.3877884883876908e-06,0.27076226386300567,0.001324447811553324,7.527230250237986e-10,0.0017986033903018587,1.9761125945207076e-05,0.40377614146448126,6.451302829100357e-05,1.0447891468013238e-06,3.2060866808936624e-10,2.7584413317188025e-12,2.1993209422905556e-10,5.3131329541010668e-11,6.3257599000469664e-08,0.32225315992052045,nan,nan,nan,nan,nan,nan,nan,nan,nan,nan,nan,nan,nan,nan,0,0,0,0,0,0,0,-7.3296277628858669e-11,-4.9865101670787371e-14,-1.764393727552238e-12,-1.6531288102960259e-10,-9.9844178064190103e-16,-1.5868312675144935e-10,3.0794960516264331e-14,-5.6536806486429114e-15,-7.9591210489384808e-18,-1.4381774427683509e-19,1.9783130703274947e-19,-3.1029101556626287e-19,9.3888126917854848e-15,3.9907299674014466e-10,nan,nan,nan,nan,nan,nan,nan,nan,nan,nan,nan,nan,nan,nan,-1.3077917855076893e-07,1.1794753312921458e-07,-1.5848595096969942e-23,1.2992090149824482e-08,4.0537154200048775e-07,-1.4360771521948479e-07,0,0.01261402652988804,0.043135144547294613,1.7879262214563818e-18,0.042031472149541074,0.016143443178611903,0.11490204829310102,5.2141990410508789e-06,-7.8584885216805069e-05,0.00010585931512919335,-4.9680768609151605e-21,4.5748691006573071e-05,3.5473720050816827e-05,-0.00010611513889165004,2.5930299424138586e-10
32,1,lumen,0.011052631578947368,0.0015,0.010526315789473682,0.01131578947368421,0.001,0.002,1000117.8375674561,1.3284193312029167,12.954367425973119,3034.1961993085629,0.17206796201522087,1173,1173,4.0623292686529907e-05,0.23745921375327839,0.59999999999999998,2,500000,0.00035,0.0001,0.057420336385970445,0.18487123773602143,7.9940355174027303e-18,0.18220672645896671,0.070264728971852528,0.50478719606290201,2.2777759373086356e-05,0.046365650767738867,0.085501247416167395,3.2363795646201045e-18,0.053633867664187623,0.45150551398204175,0.36298633415073905,7.3860191253908328e-06,0.27115866034404101,0.0013366151265959282,7.7600910633873065e-10,0.0018104352644533034,1.9690376673375413e-05,0.40246554198255308,6.5021473331463678e-05,1.0278432552749459e-06,3.1701741107696424e-10,2.7934971914232237e-12,2.2585012392276387e-10,5.4527971305896899e-11,6.294978122882307e-08,0.32314294326311727,nan,nan,nan,nan,nan,nan,nan,nan,nan,nan,nan,nan,nan,nan,0,0,0,0,0,0,0,-5.1781312162968316e-11,-3.3969838932864242e-14,-1.2927133587552742e-12,-1.1594688945393403e-10,-3.920475055707584e-16,-1.2191805334391126e-10,9.8682220411095404e-15,2.2392677989646614e-14,-4.2097561518475279e-17,-8.3971533920178973e-20,1.2130955234850486e-19,-1.8774760054951299e-19,4.3551464998361904e-14,2.9089783346627249e-10,nan,nan,nan,nan,nan,nan,nan,nan,nan,nan,nan,nan,nan,nan,-1.3561341927811194e-07,1.2119174391811427e-07,-2.8398029302846526e-23,1.4544820585066817e-08,4.2141481720880947e-07,-1.5004358233650095e-07,0,0.012956493146676943,0.042555276295868985,1.8087372089712551e-18,0.041701438880643607,0.01608647402015103,0.11522337959821542,5.2080379744067544e-06,-0.00017879007608432882,0.00024505219607303969,-1.1491971605453923e-20,0.0001079922806135995,8.1539240680010027e-05,-0.00024917304170265749,-2.5685893437151581e-10
32,2,lumen,0.011052631578947368,0.0025000000000000001,0.010526315789473682,0.01131578947368421,0.002,0.0030000000000000001,1000117.244395559,1.3299685697874326,12.96948285216785,3041.913791570661,0.17144222987016711,1173,1173,4.0562777177732226e-05,0.23741233908841664,0.59999999999999998,2,500000,0.00035,0.0001,0.060921016325116782,0.17918247746056964,8.2227326523076249e-18,0.17896510455224379,0.069763553232666795,0.5086997392908289,2.2756615710937991e-05,0.049249771025695929,0.082966942835908969,3.3328517448610668e-18,0.052741140553676576,0.44880813857012453,0.36622661924144667,7.3877731473437742e-06,0.27210236867892257,0.0013654548720696625,8.2962962633140276e-10,0.0018384524488454363,1.951881937115417e-05,0.39936635292492834,6.6225705930050645e-05,9.8903994015212967e-07,3.086912712397016e-10,2.8752032188078943e-12,2.3950079563288853e-10,5.7760393146433655e-11,6.2215066644663362e-08,0.32524057385646837,nan,nan,nan,nan,nan,nan,nan,nan,nan,nan,nan,nan,nan,nan,0,0,0,0,0,0,0,5.3901417492670866e-10,-7.2872035793988693e-14,1.440614006329661e-11,1.2633692600672766e-09,9.1097377037663296e-15,1.1305735362655833e-09,1.8774493975556864e-14,3.2587864698396807e-14,-7.8281879170772903e-17,-2.3492453492972221e-19,4.3386892333658688e-19,-6.5315511764750539e-19,7.999313964623737e-14,-2.947430633032216e-09,nan,nan,nan,nan,nan,nan,nan,nan,nan,nan,nan,nan,nan,nan,-1.4692233051959852e-07,1.2773855750936036e-07,-3.2058945973641207e-24,1.8038671674739529e-08,4.5849289079247235e-07,-1.6620996773353269e-07,0,0.013719797777456253,0.041159608531503786,1.8565590987340379e-18,0.04087789982111617,0.01593373952835116,0.11584140324877061,5.1912272597501369e-06,-0.00031514432310683334,0.00043738603470979098,-2.2447595398879544e-20,0.0001735395201486386,0.00015541085815989883,-0.00046126819862798984,-1.9398162280258751e-09
32,3,support,0.011052631578947368,0.0035000000000000001,0.010526315789473682,0.01131578947368421,0.0030000000000000001,0.0040000000000000001,1000961.3996212546,1.3277918711893,12.937336454164672,3069.9590605435842,0.17178051747504705,1173,1173,4.046160523346067e-05,0.23721683283273354,0.40000000000000002,2,300000,0.00033700000000000001,0.0001,0.067386047471519633,0.16983137337002238,8.7102700858239479e-18,0.17452639072860229,0.069130959829254671,0.5183755414509148,2.2854151657123395e-05,0.054341206037235058,0.078442185568041486,3.5217105665026004e-18,0.05130556561128255,0.44363615412222723,0.37226748761367029,7.4010475434971323e-06,nan,nan,nan,nan,nan,nan,nan,nan,nan,nan,nan,nan,nan,nan,0.27383914825426631,0.0014207310765719592,9.2698373664509197e-10,0.0018924340338289526,1.9217665313241015e-05,0.39367896999096985,6.8537398026034737e-05,9.208618802574682e-07,2.9396702915028205e-10,3.0287225352014996e-12,2.6442529554028094e-10,6.3699148528853772e-11,6.0926743735726182e-08,0.32907997824029572,0,0,0,0,0,0,0,nan,nan,nan,nan,nan,nan,nan,nan,nan,nan,nan,nan,nan,nan,-2.9262913729433745e-09,-1.1157613154292554e-14,-8.5941851096597045e-11,-6.9464766615192001e-09,-4.3369604782461657e-14,-5.8624108091858557e-09,2.2246505104277741e-14,-9.2482445313013528e-15,2.1412595498003169e-17,4.4488810646913547e-21,8.3843802370199154e-20,-8.2746450352419529e-20,-2.0502576989712318e-14,1.5821182502834066e-08,-1.6784811753423751e-07,1.5724789992344057e-07,-8.3955909398930222e-24,1.6548643336437384e-08,5.2181392276584582e-07,-1.7753618253291137e-07,0,0.015135193467710596,0.039122637368401068,1.9622767162002601e-18,0.039936482271170484,0.015822186748916178,0.11798265871307005,5.2149340650629846e-06,-1.4641922159179603e-05,-9.2471143951013794e-06,-1.8600614167384504e-20,-0.00010664566852731465,8.9049759446733915e-05,-0.00013415765864563484,-6.9702263936648163e-09
32,4,support,0.011052631578947368,0.0045000000000000005,0.010526315789473682,0.01131578947368421,0.0040000000000000001,0.0050000000000000001,1000689.3739928516,1.6436628415885166,16.019377883550369,2634.5370566142315,0.13240797096404219,1173,1173,4.1764216575674924e-05,0.2005498034059526,0.40000000000000002,2,300000,0.00033700000000000001,0.0001,0.065040124416312323,0.14464655839638524,2.1054423824386912e-17,0.24946569189023601,0.03908911072778732,0.50707954404262656,2.379232202981272e-05,0.064944357702302433,0.082725736469358463,1.0540620393877107e-17,0.090806089376514756,0.31060676382954749,0.45090751224186831,9.5403804085779749e-06,nan,nan,nan,nan,nan,nan,nan,nan,nan,nan,nan,nan,nan,nan,0.24114501188630932,0.0025869896537706809,1.1657620475385278e-09,0.0024120298238373482,3.6886845823561634e-05,0.40733681964901092,0.00010441082001849785,5.9077462997253125e-07,2.729318294777621e-10,3.5832663975655916e-12,3.190264602133721e-10,8.5436059507574371e-11,9.7854387841748823e-08,0.34637716084547227,0,0,0,0,0,0,0,nan,nan,nan,nan,nan,nan,nan,nan,nan,nan,nan,nan,nan,nan,3.5050974585844521e-11,7.630055261717351e-15,2.0144378096120948e-12,1.38887601147461e-10,1.7633464133304244e-15,7.8230334103063237e-11,-5.9906870041837108e-14,4.8322240306375441e-14,-2.0286822795147141e-17,1.5429116915085767e-19,-3.1754884689481945e-19,1.0487343221804557e-18,1.0064159353831101e-13,-2.5428161015485949e-10,-2.6533220618459724e-07,1.0363983399264143e-07,1.5455714577660971e-23,1.6161197675085034e-07,9.5758500796155888e-07,-4.2708105790767448e-07,0,0.01380090259534114,0.0315560451866298,4.5599385171014016e-18,0.054600463726593017,0.0084203637606163565,0.10932255771585192,5.1537438479787955e-06,0,0,0,0,0,0,0
33,0,lumen,0.011578947368421053,0.00050000000000000001,0.01131578947368421,0.011842105263157895,0,0.001,1000111.6141636998,1.3493131613540765,13.158199993137703,2973.7087319027582,0.17275701419507464,1173,1173,4.065951771524349e-05,0.23805914204558365,0.59999999999999998,2,500000,0.00035,0.0001,0.052878253716415524,0.18693442481139702,7.5397415238775568e-18,0.18052676925973904,0.069868459895498905,0.49124711155537376,2.2361527154558478e-05,0.043369858361183851,0.087815799616941276,3.1004883701401872e-18,0.053975489877858399,0.45602339708209111,0.35880808991933588,7.365142589528409e-06,0.27071576685680054,0.0012995253946119223,7.2108340024224864e-10,0.0017777953096982412,1.9662231278022093e-05,0.40510843748450931,6.3532474799879183e-05,1.0715185095414505e-06,3.2506534963082455e-10,2.7142065993704433e-12,2.1207917593107957e-10,5.122514956004165e-11,6.3172972395824833e-08,0.32101414424465319,nan,nan,nan,nan,nan,nan,nan,nan,nan,nan,nan,nan,nan,nan,0,0,0,0,0,0,0,-6.9602683131901835e-11,-6.8445228381048496e-14,-1.4972638672015474e-12,-1.4531425845078888e-10,-5.3901111005116853e-16,-1.740715204357618e-10,3.0022421590718251e-14,-3.4043948216044839e-15,-3.3616235661965361e-17,-2.8624445833786581e-19,5.2837177508014434e-19,-8.1652702386418192e-19,2.9130421073706586e-14,3.9049893861481335e-10,nan,nan,nan,nan,nan,nan,nan,nan,nan,nan,nan,nan,nan,nan,-1.2399682286804922e-07,1.1236588998153607e-07,-3.6987269497820128e-23,1.1806476550935878e-08,3.8383620229454074e-07,-1.3565947604154971e-07,0,0.012171678622191678,0.043851393589764774,1.7435080005415772e-18,0.042121858032115503,0.016309828121291226,0.11437073316770881,5.2140497083124475e-06,-7.7095823016273479e-05,0.00010518720564087271,-4.5135344201162301e-21,4.403112402632419e-05,3.5370338994455311e-05,-0.00010688501521593558,1.4186578516126141e-10
33,1,lumen,0.011578947368421053,0.0015,0.01131578947368421,0.011842105263157895,0.001,0.002,1000111.4207185252,1.3318542839495437,12.987947439903364,3017.53683177021,0.17256063772010308,1173,1173,4.0633837487359534e-05,0.23803528052363332,0.59999999999999998,2,500000,0.00035,0.0001,0.0551026764312402,0.18704826763440016,7.7315945970329082e-18,0.18166606272828692,0.070604284382337942,0.49958116923324719,2.2651683888188851e-05,0.044609528472664063,0.086732348045718208,3.1382443981781436e-18,0.053613335325255702,0.45486345961795394,0.36017396436119242,7.3641772156471245e-06,0.27110231872685148,0.0013113336485517711,7.4369981515112831e-10,0.0017893878151665371,1.9596024020836437e-05,0.40383007041446906,6.4028182341111398e-05,1.0544529047433536e-06,3.215131386366454e-10,2.7472641785313978e-12,2.1780944098392046e-10,5.2571650106370788e-11,6.2880316851631436e-08,0.32188214651704028,nan,nan,nan,nan,nan,nan,nan,nan,nan,nan,nan,nan,nan,nan,0,0,0,0,0,0,0,-4.9201215090877299e-11,-3.1247513534036826e-14,-1.1200241480884449e-12,-1.0589887698655517e-10,-3.1501494121566331e-16,-1.185022537996544e-10,6.8396558848712519e-15,2.1537242475555551e-14,-4.2331973854122421e-17,-8.6193945275084481e-20,8.8623975732566531e-20,-1.52545856832462e-19,4.2735839988899522e-14,2.7468299844107975e-10,nan,nan,nan,nan,nan,nan,nan,nan,nan,nan,nan,nan,nan,nan,-1.2864372275853825e-07,1.1546222056235678e-07,-1.4122554093900936e-25,1.3301060533921263e-08,3.9926016119629093e-07,-1.4184000085570858e-07,0,0.012509691951549594,0.0432718048253284,1.7602643468997296e-18,0.041799094400783617,0.0162530962156179,0.11468837963525912,5.2084161019718524e-06,-0.00017579959978913318,0.00024308248934611207,-1.143409546757644e-20,0.00010236876017515131,8.207057783448407e-05,-0.00024999947156827541,-4.6789865991598661e-10
33,2,lumen,0.011578947368421053,0.0025000000000000001,0.01131578947368421,0.011842105263157895,0.002,0.0030000000000000001,1000110.8596379553,1.334994284816611,13.018575335251748,3021.5329556467614,0.17196643304108811,1173,1173,4.0575207504584388e-05,0.23797466758871011,0.59999999999999998,2,500000,0.00035,0.0001,0.058459158149560674,0.18121555102458131,7.9486914104143812e-18,0.17838905912680814,0.070020092639860518,0.50286206936960098,2.2608171185586964e-05,0.04743844383254079,0.084225930129691873,3.2339720589770637e-18,0.052770374360404243,0.45216361657407278,0.36339426773959149,7.3673636989194426e-06,0.27201652069199256,0.0013394244013482035,7.9589324994076997e-10,0.0018168738282218202,1.9437216693555708e-05,0.40081107585105075,6.5205381000924071e-05,1.015316410992004e-06,3.1327465087733147e-10,2.8245461442641236e-12,2.310546476287132e-10,5.5695319094777816e-11,6.2185729551310989e-08,0.32393038372880323,nan,nan,nan,nan,nan,nan,nan,nan,nan,nan,nan,nan,nan,nan,0,0,0,0,0,0,0,5.0701606036706119e-10,-7.1024109322202091e-14,1.2945689541332562e-11,1.1772616685813347e-09,8.4849662018715577e-15,1.0684318514555396e-09,1.9798525752187818e-14,2.6407044953491443e-14,-7.2005487454349196e-17,-2.4361963780902942e-19,4.3759847392343534e-19,-6.7548297127760199e-19,7.1161981019789743e-14,-2.7657099944901904e-09,nan,nan,nan,nan,nan,nan,nan,nan,nan,nan,nan,nan,nan,nan,-1.3953592630563255e-07,1.2210561251002616e-07,-2.3007652802260554e-23,1.6348830277038274e-08,4.3466422067206523e-07,-1.570490745783637e-07,0,0.013245884007051581,0.041908093218573514,1.8061599014937127e-18,0.041013712971587506,0.016101978114266929,0.11528001524611808,5.1925743208626015e-06,-0.00029936965934839881,0.00041433358103841369,-2.1167895991757097e-20,0.00015293725199033774,0.0001536055144684505,-0.00044763568863567376,-2.443802929595896e-09
33,3,support,0.011578947368421053,0.0035000000000000001,0.01131578947368421,0.011842105263157895,0.0030000000000000001,0.0040000000000000001,1000909.1287115481,1.338212588132127,13.039551615682972,3036.1912256112009,0.17227900133461993,1173,1173,4.0482517979456896e-05,0.23772894007389611,0.40000000000000002,2,300000,0.00033700000000000001,0.0001,0.064300343961808087,0.17174756180073003,8.3717758091707396e-18,0.17384988315608194,0.06912167402287811,0.51005266588676712,2.2622902459316584e-05,0.052262522844615446,0.079953987753242445,3.4115945614915916e-18,0.051510475693475978,0.4470811687419306,0.36918446092407448,7.3840426611969932e-06,nan,nan,nan,nan,nan,nan,nan,nan,nan,nan,nan,nan,nan,nan,0.27358979199212996,0.0013914817089721028,8.8725151759284637e-10,0.0018677658654119879,1.9183873765611858e-05,0.39554361843558095,6.7384736001553503e-05,9.4921431135400417e-07,2.9934411791065073e-10,2.964949975303941e-12,2.5436311587508539e-10,6.1230471959859813e-11,6.1053440074016947e-08,0.32751976161522206,0,0,0,0,0,0,0,nan,nan,nan,nan,nan,nan,nan,nan,nan,nan,nan,nan,nan,nan,-2.7479619171948324e-09,-6.90430952105722e-15,-7.7384162903352994e-11,-6.450445389349217e-09,-4.0898328560606823e-14,-5.5946105758080539e-09,2.0964043347137652e-14,-1.0219255996979371e-14,2.7294747712906487e-17,3.0954174502765468e-20,2.8273808818886754e-21,3.5544603618605692e-20,-2.4450861979261183e-14,1.4870463527072768e-08,-1.5895317391836916e-07,1.5024735250390719e-07,-2.8264856341722223e-23,1.4377891661816673e-08,4.9284350751854777e-07,-1.6695796328791701e-07,0,0.014605710264162075,0.039955774153619443,1.9071054789067797e-18,0.040174102714696569,0.015991969715916363,0.11737044153126873,5.2182465069401873e-06,-1.4074528870253966e-05,-1.063839830325111e-05,-1.9198348724227978e-20,-0.00011419710109944437,9.3071688228489732e-05,-0.00013808841743579066,-7.3405182212339079e-09
33,4,support,0.011578947368421053,0.0045000000000000005,0.01131578947368421,0.011842105263157895,0.0040000000000000001,0.0050000000000000001,1000648.1738691177,1.6616926305427275,16.195765645321504,2602.9983960781351,0.13009641842323669,1173,1173,4.1857981585451697e-05,0.19943807475475159,0.40000000000000002,2,300000,0.00033700000000000001,0.0001,0.061848757550575617,0.14679570213718363,2.1015985221356326e-17,0.25475389803954684,0.038427229218961613,0.50078309289560807,2.375711560035504e-05,0.062437697609139912,0.084879285596367274,1.0637226434484257e-17,0.093752060484915148,0.30870952322884582,0.4502118019248702,9.6311558616310811e-06,nan,nan,nan,nan,nan,nan,nan,nan,nan,nan,nan,nan,nan,nan,0.23952112690994951,0.0025893498872695334,1.1166126378767937e-09,0.0023993810474811695,3.7880399427490218e-05,0.41023998072455059,0.00010418425067868962,6.0113580654296435e-07,2.7813965270028109e-10,3.4677397611129516e-12,3.0571860609155849e-10,8.2083443967267235e-11,1.0017996478094361e-07,0.34510739367885318,0,0,0,0,0,0,0,nan,nan,nan,nan,nan,nan,nan,nan,nan,nan,nan,nan,nan,nan,3.2704679747520968e-11,-6.3052349399554483e-15,1.073333887035047e-12,1.2877743801289898e-10,2.2162176607776196e-15,9.9798740452183843e-11,-4.22947112451235e-14,3.8774539135033592e-14,-1.7987861018579285e-17,6.2276328055843393e-20,6.6192233387412104e-20,4.492263068904581e-19,8.6670976122546928e-14,-2.6243340883624682e-10,-2.5366704115101918e-07,9.4730217226057789e-08,3.7123273053698627e-23,1.5883582417401742e-07,9.1981735463042558e-07,-4.1263057093399169e-07,0,0.013151755436377578,0.031970466900412713,4.5584079527806254e-18,0.055650754779640418,0.0082835550372095876,0.10808460469585153,5.1503096868010605e-06,0,0,0,0,0,0,0
34,0,lumen,0.012105263157894737,0.00050000000000000001,0.011842105263157895,0.012368421052631579,0,0.001,1000105.166576918,1.3852345596721127,13.508584518906705,2888.6849456902332,0.17322091040123194,1173,1173,4.0668529897331042e-05,0.23860224833277274,0.59999999999999998,2,500000,0.00035,0.0001,0.049580517149546664,0.18446035402743868,7.1618950521632684e-18,0.17568070264760399,0.068523921770712704,0.47502844764035607,2.1720881890560587e-05,0.041747965243767032,0.088961024018818571,3.02353474053651e-18,0.05392527937594755,0.45915733571757134,0.35620105100387445,7.3446400211220966e-06,0.27067232586578222,0.001276698622375023,6.9163142131231639e-10,0.0017585571700259343,1.9568671264610659e-05,0.40634258112831778,6.2630392329231875e-05,1.0970002944962822e-06,3.2924962409447743e-10,2.6743005771713418e-12,2.0479152423953168e-10,4.9466175603553355e-11,6.3087760370355195e-08,0.31986647678403335,nan,nan,nan,nan,nan,nan,nan,nan,nan,nan,nan,nan,nan,nan,0,0,0,0,0,0,0,-6.3522260862962627e-11,-4.879954753355673e-15,-2.7787412707380556e-12,-8.8452553314828724e-11,-1.2082891111264704e-15,-2.6344310261917914e-10,-2.0019755794623553e-15,3.8348230840812292e-15,-9.9386877114842996e-18,-2.2550085718299197e-20,3.4347227370192506e-20,-4.9011924709233e-20,9.9978010631602366e-15,4.1819078743282189e-10,nan,nan,nan,nan,nan,nan,nan,nan,nan,nan,nan,nan,nan,nan,-1.1776015011949817e-07,1.0685985224467842e-07,-2.2639255804505448e-22,1.1166507053505108e-08,3.6448704883451644e-07,-1.2884098143928213e-07,0,0.011755370196677412,0.04452485023900267,1.7020399427672662e-18,0.042204802677660441,0.01646669490432897,0.11387328634558783,5.2139964471430671e-06,-7.6824471378572645e-05,0.00010665661772397377,-2.9626721365420652e-21,4.4058932886646842e-05,3.4661888501598202e-05,-0.00010808676293796997,5.0597295549827574e-11
34,1,lumen,0.012105263157894737,0.0015,0.011842105263157895,0.012368421052631579,0.001,0.002,1000104.9834708002,1.3470797921862212,13.136507771235694,2975.2531992783061,0.17308129371946404,1173,1173,4.0642658349977928e-05,0.23858656802341038,0.59999999999999998,2,500000,0.00035,0.0001,0.052488687117555742,0.18735794254336449,7.4249584502956905e-18,0.17945138484095807,0.070291468531043511,0.49033317953353228,2.2335056980554317e-05,0.042979370829753158,0.087869656130797516,3.0482537778427232e-18,0.053565509589453365,0.45802798740556661,0.35755013174781869,7.3442966106644265e-06,0.27106434009141211,0.0012881383142518217,7.1394141221160808e-10,0.0017699518028406976,1.9501726632008563e-05,0.40506940003044511,6.3113823205128579e-05,1.0796931514707246e-06,3.256813576458532e-10,2.7060676061655089e-12,2.1043142341414852e-10,5.0784925205757524e-11,6.2794734514782608e-08,0.32072441041977851,nan,nan,nan,nan,nan,nan,nan,nan,nan,nan,nan,nan,nan,nan,0,0,0,0,0,0,0,-4.6149607590252643e-11,-1.5108400014023911e-14,-9.8397735504664477e-13,-1.0058248553931089e-10,-2.9365615841769888e-16,-1.0360595714686838e-10,-7.8910411356264829e-16,2.5902890943285684e-14,-3.8596573445981982e-17,-3.275062661629738e-20,5.907625707155983e-20,-7.9746246883644091e-20,4.0377406305932629e-14,2.51271975325548e-10,nan,nan,nan,nan,nan,nan,nan,nan,nan,nan,nan,nan,nan,nan,-1.2229536735337485e-07,1.0990751281303446e-07,3.7738944732552148e-23,1.2492378392892393e-08,3.7940448571749386e-07,-1.3468814552552999e-07,0,0.012084258815178269,0.043954875096142716,1.7165962996876863e-18,0.041891854402222893,0.016410910290167946,0.11417799395985745,5.2089077489641301e-06,-0.00016792023424297574,0.00023330723277013117,-1.0793069434690464e-20,9.6013081794211653e-05,7.9258279232112089e-05,-0.0002373281537290259,-6.7529784994003889e-10
34,2,lumen,0.012105263157894737,0.0025000000000000001,0.011842105263157895,0.012368421052631579,0.002,0.0030000000000000001,1000104.4539682275,1.2687143849783471,12.372307340991574,3170.2163500959532,0.17246346416892686,1173,1173,4.0586847885503013e-05,0.23852465055237937,0.59999999999999998,2,500000,0.00035,0.0001,0.059231104882945015,0.19347094220261754,8.1166669661510602e-18,0.18771942489056456,0.074209816936638626,0.52513615164978611,2.3729437677809146e-05,0.045678827760288129,0.085458120616993982,3.1383804703323508e-18,0.052773805781095876,0.45542989229107883,0.36065200466703928,7.3488835038488143e-06,0.27193236599943243,0.0013146411158632175,7.6338007881118765e-10,0.0017961242890560552,1.9356577254938185e-05,0.40220425119200626,6.4229411405934599e-05,1.0414109290286088e-06,3.1775735022267922e-10,2.7772382028660711e-12,2.2294150028917802e-10,5.3722682436670003e-11,6.2150715716807505e-08,0.32266792649275344,nan,nan,nan,nan,nan,nan,nan,nan,nan,nan,nan,nan,nan,nan,0,0,0,0,0,0,0,4.7439555620260241e-10,-4.7588206761144483e-14,1.1681488158667754e-11,1.0873287215405431e-09,7.8756445809347042e-15,1.0193817823276469e-09,8.4035713434952454e-15,2.999597098485296e-14,-6.3956386008569926e-17,-1.6869761165537116e-19,3.236450646117587e-19,-4.7639865363789661e-19,6.4564834300436154e-14,-2.5928506842861806e-09,nan,nan,nan,nan,nan,nan,nan,nan,nan,nan,nan,nan,nan,nan,-1.3250512502418349e-07,1.1590695397911688e-07,7.90281753590433e-24,1.5567005452320214e-08,4.1281010511318161e-07,-1.4914778101449144e-07,0,0.01279886552669933,0.042614597888936227,1.7606336483940488e-18,0.041144857219282779,0.0162588552120164,0.11474603486298353,5.1939758580173413e-06,-0.00028972038574396209,0.00040138137526397552,-2.0378135236413643e-20,0.00014176316819174299,0.00015135205232473046,-0.00042396645317133169,-2.6682798846009015e-09
34,3,support,0.012105263157894737,0.0035000000000000001,0.011842105263157895,0.012368421052631579,0.0030000000000000001,0.0040000000000000001,1000856.6765549844,1.3092898081698867,12.758396469003214,3093.7297094639134,0.17281650775265503,1173,1173,4.0498175708526211e-05,0.23826601138303766,0.40000000000000002,2,300000,0.00033700000000000001,0.0001,0.063309923416427355,0.17847652211562065,8.2987592187268015e-18,0.17799040551429174,0.071174790385052741,0.51724061203313842,2.3068218778459643e-05,0.05034800868721627,0.081295045682253084,3.3089211923655197e-18,0.05160017635551796,0.45043462020372066,0.36631478202545958,7.367045832522982e-06,nan,nan,nan,nan,nan,nan,nan,nan,nan,nan,nan,nan,nan,nan,0.27343284575672527,0.0013645305912674979,8.5105107855008797e-10,0.0018452289613565469,1.9126881889627598e-05,0.39715118625788964,6.6325196170662803e-05,9.7574174093785588e-07,3.0417442790355523e-10,2.9082297548598172e-12,2.452371452379194e-10,5.8995762521649769e-11,6.1098215944807159e-08,0.32611971805237389,0,0,0,0,0,0,0,nan,nan,nan,nan,nan,nan,nan,nan,nan,nan,nan,nan,nan,nan,-2.5705359036316654e-09,-1.0811730042700837e-14,-6.9515126761674345e-11,-5.9687848718450596e-09,-3.8025572274280606e-14,-5.2930029753681801e-09,2.0580177770744859e-14,-7.8448532392361159e-15,1.998952994709252e-17,1.0670410182083848e-20,7.7001726234678501e-21,1.1044185959032711e-20,-1.7846974714712192e-14,1.390189283120877e-08,-1.5094098515609083e-07,1.4282850341329478e-07,-2.300359673530959e-23,1.3475063554196528e-08,4.6779179271871918e-07,-1.5851674073363853e-07,0,0.014100693150946069,0.040752081134011429,1.857296482411613e-18,0.040404297945817083,0.016150458327379779,0.11679660772610524,5.2216870827324191e-06,-1.3730917179093823e-05,-1.146279241111557e-05,-1.9828700682724807e-20,-0.00012066833951643584,9.6945339025873158e-05,-0.00014193912045998923,-7.7219306894735864e-09
34,4,support,0.012105263157894737,0.0045000000000000005,0.011842105263157895,0.012368421052631579,0.0040000000000000001,0.0050000000000000001,1000607.3090656124,1.6492430589412539,16.075081787709745,2620.2016488202821,0.12973078287005807,1173,1173,4.1937499818805459e-05,0.19846410040394913,0.40000000000000002,2,300000,0.00033700000000000001,0.0001,0.060141976939389663,0.15090375983743007,2.1406836396541331e-17,0.26342894145854373,0.038488053846440252,0.50431350429941124,2.416963222920919e-05,0.060262245102240368,0.086604437038900306,1.0754317328911921e-17,0.096222176809195689,0.30689415348774984,0.45000726218482079,9.7253770929512667e-06,nan,nan,nan,nan,nan,nan,nan,nan,nan,nan,nan,nan,nan,nan,0.23816191476659007,0.0025964104302146399,1.0747349430148185e-09,0.0023916755563915737,3.8754175167508633e-05,0.41253686881954338,0.00010415857638784293,6.0833361436902147e-07,2.8217080043002159e-10,3.3684390017444403e-12,2.944039869475235e-10,7.9237012050255161e-11,1.0218676692874385e-07,0.34416950542140839,0,0,0,0,0,0,0,nan,nan,nan,nan,nan,nan,nan,nan,nan,nan,nan,nan,nan,nan,3.1337511580057234e-11,-2.4620383814965878e-14,2.4412443744453935e-12,1.2205814941749002e-10,1.9757416189203347e-15,6.0772500096520354e-11,-3.17807358895663e-14,3.6842274023229926e-14,-2.6306767014983484e-17,2.6516993520097764e-20,7.941605964756765e-20,3.1154121505160581e-19,9.0736664288129989e-14,-2.1668239475065301e-10,-2.4396617098135925e-07,8.3365340630692231e-08,3.2859703043037321e-23,1.6053748710792864e-07,8.9241297754338866e-07,-4.046232744414624e-07,0,0.012527345812263186,0.032334067705621972,4.5662034439634592e-18,0.056709842903901006,0.0081439776918797602,0.10686760765165541,5.146697087065609e-06,0,0,0,0,0,0,0
35,0,lumen,0.012631578947368421,0.00050000000000000001,0.012368421052631579,0.012894736842105263,0,0.001,1000098.6999531419,1.4025757621878809,13.677781575122511,2845.8769040916427,0.17370210632893548,1173,1173,4.0677375311931453e-05,0.23908699601107941,0.59999999999999998,2,500000,0.00035,0.0001,0.04722913961141087,0.1843283733506475,6.8686609510190371e-18,0.17342221242815023,0.068093223770599065,0.46603024800518023,2.1396170099374158e-05,0.040266150694124814,0.090010825733230618,2.9360598850431791e-18,0.053898773929576579,0.46198623089295338,0.35383069328976013,7.3254603545283363e-06,0.27062611515866675,0.0012563633657614131,6.6492153360637782e-10,0.0017411955538111851,1.9484167155125833e-05,0.40746155933036543,6.1822177540554177e-05,1.1206157352143945e-06,3.330759644552626e-10,2.63917389398781e-12,1.9819809583434794e-10,4.7884038415495618e-11,6.3008153833113076e-08,0.3188322753760931,nan,nan,nan,nan,nan,nan,nan,nan,nan,nan,nan,nan,nan,nan,0,0,0,0,0,0,0,-5.7811406087530781e-11,-2.6077670122011416e-14,-1.2124022402724631e-12,-1.2751726475039919e-10,-4.8658993501149439e-16,-1.2486120058892436e-10,6.0403539322539047e-15,6.0578712185455075e-15,-2.5619324866742395e-17,-1.0471021041926068e-19,1.4371565209467014e-19,-2.4340511368704263e-19,2.3600227784681064e-14,3.1139316113904333e-10,nan,nan,nan,nan,nan,nan,nan,nan,nan,nan,nan,nan,nan,nan,-1.1217470057131237e-07,1.0255163379602195e-07,-3.2961455180702864e-26,9.7491111776745268e-09,3.4630573800265019e-07,-1.2179750391583255e-07,0,0.01135763885770999,0.04517443880764796,1.6584738742593942e-18,0.04227504198158049,0.01661544979736812,0.11340360075161295,5.2141168438608413e-06,-7.2064668028710711e-05,0.00010013411883482707,-4.2972960548489901e-21,4.0534839626741142e-05,3.3206243595617229e-05,-0.00010291518869643388,-1.1437595018022301e-10
35,1,lumen,0.012631578947368421,0.0015,0.012368421052631579,0.012894736842105263,0.001,0.002,1000098.5271008216,1.3363353765740094,13.031814069336015,2991.4505474245066,0.17350363472987046,1173,1173,4.065339071948644e-05,0.23906669169819689,0.59999999999999998,2,500000,0.00035,0.0001,0.050989444407144167,0.1912685272657903,7.2969633029617534e-18,0.18090427846642601,0.071301928329561351,0.49089445790151343,2.2459120434151516e-05,0.041418996385504454,0.088988785599553921,2.9718316468206006e-18,0.053568836404413893,0.46090946070236399,0.35510659467332878,7.3262348350109569e-06,0.27098540006031102,0.0012669934539285305,6.8566595646982948e-10,0.0017518366058497264,1.9425839625942752e-05,0.40628464149762411,6.2272557723764567e-05,1.1040931714105476e-06,3.2973112742932803e-10,2.6679787542476659e-12,2.0342800203690677e-10,4.9102736486373948e-11,6.2746466357008619e-08,0.31962826187470028,nan,nan,nan,nan,nan,nan,nan,nan,nan,nan,nan,nan,nan,nan,0,0,0,0,0,0,0,-4.097603901648901e-11,-1.6147575895067887e-14,-8.7492700009763324e-13,-8.8385484949815355e-11,-2.9040355190024236e-16,-9.806775118532951e-11,1.3035663202456512e-15,2.3496395801236858e-14,-3.5229215470868437e-17,-3.5094261936207388e-20,5.0251273911384716e-20,-7.0353863059697349e-20,3.6816204842235805e-14,2.2825899491927329e-10,nan,nan,nan,nan,nan,nan,nan,nan,nan,nan,nan,nan,nan,nan,-1.1635194265393126e-07,1.0523245602689357e-07,-1.4708512641838434e-23,1.121836930341062e-08,3.6029728923969717e-07,-1.2748279959451381e-07,0,0.011681566393927666,0.044606485259732563,1.6771466442304308e-18,0.041974006581215313,0.016558104168082167,0.11370115736094148,5.2095497205696193e-06,-0.00016218874043478427,0.00022582868648572311,-1.0249401947846849e-20,8.8341542573926285e-05,7.922112209410248e-05,-0.00023378919808248044,-9.7199745293376579e-10
35,2,lumen,0.012631578947368421,0.0025000000000000001,0.012368421052631579,0.012894736842105263,0.002,0.0030000000000000001,1000098.0294474477,1.2780645401038371,12.46356867824435,3138.6688849580655,0.17287281696496648,1173,1173,4.0600762256955639e-05,0.23898297285279807,0.59999999999999998,2,500000,0.00035,0.0001,0.056663870944675926,0.19475242894277517,7.8488764010478301e-18,0.18658671796387993,0.074134650902785593,0.51766846414066869,2.350420173606739e-05,0.044021320644152775,0.086658703084012176,3.0572226411497894e-18,0.05284229075396002,0.45832456000225086,0.35814579269378277,7.3328218414214263e-06,0.27179911910719307,0.0012925295487614928,7.329917568688495e-10,0.0017771247076027886,1.9298319491371473e-05,0.4035566148851753,6.3349260781974472e-05,1.0662709500069901e-06,3.2206149065005125e-10,2.7342188026387225e-12,2.1536447777074905e-10,5.189682538480473e-11,6.215987651015485e-08,0.32149083441512055,nan,nan,nan,nan,nan,nan,nan,nan,nan,nan,nan,nan,nan,nan,0,0,0,0,0,0,0,4.2537039900822836e-10,-4.0193798622320417e-14,1.0113564648756921e-11,9.6556009058245996e-10,7.0308342481339992e-15,9.2889784774653761e-10,8.204277632476399e-15,3.0124123681640746e-14,-5.6359612460936065e-17,-1.4061565703980842e-19,2.9722393356983759e-19,-4.2150478330211828e-19,5.829663122157348e-14,-2.3300054109575161e-09,nan,nan,nan,nan,nan,nan,nan,nan,nan,nan,nan,nan,nan,nan,-1.2603770524347371e-07,1.110668324533215e-07,-1.7778178049003268e-23,1.4031766060213059e-08,3.9190182589410316e-07,-1.4102492101875086e-07,0,0.012371188578260172,0.043296613430753791,1.7194743293788848e-18,0.041267585469140729,0.016404990858355301,0.11424496881227079,5.1955802998084816e-06,-0.0002733149641595844,0.00037764432890501071,-1.9309099514957487e-20,0.00012183292600215024,0.00015075500900630439,-0.00041367901706498513,-3.1872251689585533e-09
35,3,support,0.012631578947368421,0.0035000000000000001,0.012368421052631579,0.012894736842105263,0.0030000000000000001,0.0040000000000000001,1000804.0555492732,1.3110623976327398,12.776341225189048,3080.4477485312173,0.17322598773860926,1173,1173,4.0521074184080002e-05,0.23866220095773472,0.40000000000000002,2,300000,0.00033700000000000001,0.0001,0.060795861258962552,0.18141959289158771,8.060548582542946e-18,0.17855613948837221,0.071538544436955856,0.51270555442208443,2.29964917179987e-05,0.048416671976797172,0.082751825195209072,3.2184611273449146e-18,0.051836991659794503,0.45337343972217148,0.36361371697731248,7.354468715178606e-06,nan,nan,nan,nan,nan,nan,nan,nan,nan,nan,nan,nan,nan,nan,0.27313349258578495,0.0013398896293876142,8.1483408346533488e-10,0.0018236305378256884,1.9117114450106649e-05,0.39890372856123463,6.5337867480527869e-05,1.002728187662326e-06,3.0926988446799198e-10,2.8530369275987317e-12,2.3609687101674813e-10,5.6788115307989201e-11,6.1264089092425036e-08,0.32471373829171779,0,0,0,0,0,0,0,nan,nan,nan,nan,nan,nan,nan,nan,nan,nan,nan,nan,nan,nan,-2.3043133436975493e-09,-7.2111554542829344e-15,-5.9804511803973973e-11,-5.2988341061869487e-09,-3.4364872059100549e-14,-4.8255553209992225e-09,2.1468964046909853e-14,-9.8842375256813497e-15,2.8334559806506004e-17,3.987756630644025e-20,-8.8610895939130537e-20,1.5499288972894113e-19,-2.403940884298971e-14,1.2488561351586534e-08,-1.4309941521756936e-07,1.3614347343926525e-07,-2.4443363786491734e-23,1.1841369918767819e-08,4.4247115280060534e-07,-1.4970172129702419e-07,0,0.013622513265143073,0.041511108636343212,1.8116577885456216e-18,0.040619450180456061,0.016298141325617316,0.11625754478112252,5.2251282583061007e-06,-1.2970018994949632e-05,-1.3017820828513159e-05,-2.0530368408869375e-20,-0.00012948797112919902,0.00010112970228709928,-0.00014716552187962704,-8.1122270317073695e-09
35,4,support,0.012631578947368421,0.0045000000000000005,0.012368421052631579,0.012894736842105263,0.0040000000000000001,0.0050000000000000001,1000566.7885713145,1.6875245544966495,16.448875540735639,2558.6293220979483,0.12736323250639184,1173,1173,4.2036580200353665e-05,0.19718549811414388,0.40000000000000002,2,300000,0.00033700000000000001,0.0001,0.056336132783904168,0.15115472626605944,2.1223126910351896e-17,0.26637366104932286,0.037305740382909056,0.49231869012818563,2.3865755920791636e-05,0.057761393542903224,0.088765629408938812,1.090994978228688e-17,0.099560253537467627,0.30438367088961638,0.44951922621684826,9.8264042259493444e-06,nan,nan,nan,nan,nan,nan,nan,nan,nan,nan,nan,nan,nan,nan,0.23642283512677978,0.0026066332432291843,1.026799807690215e-09,0.0023813491296267877,3.9876581127111224e-05,0.41537501607019561,0.00010413796513709916,6.1707202348045703e-07,2.8708881715451907e-10,3.2554622671898912e-12,2.8140865328286778e-10,7.5988592321571881e-11,1.0471214432183132e-07,0.34306942842519722,0,0,0,0,0,0,0,nan,nan,nan,nan,nan,nan,nan,nan,nan,nan,nan,nan,nan,nan,2.7993449953816115e-11,-8.0463754196674167e-15,1.4103540047076745e-12,1.0998168976730742e-10,3.4827826386751859e-15,6.941210605425352e-11,-5.6964580142996274e-14,3.3550853067998432e-14,-2.0301231764429932e-17,-1.9508237906208262e-19,1.2829862881863384e-18,-1.2435645404026804e-18,9.4971070842749541e-14,-2.0886419033744171e-10,-2.3296077795564168e-07,7.8335762543346732e-08,1.6598602652953825e-23,1.545540609829978e-07,8.5341814796274784e-07,-3.8762341014741963e-07,0,0.011931167353418872,0.032674735331927503,4.577252378434988e-18,0.057723227602432252,0.0079996619793339056,0.10569648671038871,5.1429018928114508e-06,0,0,0,0,0,0,0
36,0,lumen,0.013157894736842105,0.00050000000000000001,0.012894736842105263,0.013684210526315788,0,0.001,1000092.2143800374,1.3216680679438224,12.888861241979862,3012.4432948878557,0.17417289652638757,1173,1173,4.068339925692747e-05,0.23961714193479455,0.59999999999999998,2,500000,0.00035,0.0001,0.048295785977779816,0.19782214531850126,7.1004044964974064e-18,0.18370111520445573,0.072722660479686091,0.49119584182574233,2.2643740014200762e-05,0.038800578697248692,0.091028282099283805,2.8600577635253751e-18,0.05380031775016899,0.46493664686026132,0.35142686916067062,7.3054323665206689e-06,0.27062159349237958,0.0012359537806514137,6.3867164828024936e-10,0.0017238363129281817,1.9384198891528378e-05,0.40852222146166628,6.1011566613996671e-05,1.1446424850529229e-06,3.3683314084623574e-10,2.6059826261534263e-12,1.917532787597715e-10,4.6340724344268742e-11,6.2884479353556091e-08,0.31781479044370287,nan,nan,nan,nan,nan,nan,nan,nan,nan,nan,nan,nan,nan,nan,0,0,0,0,0,0,0,-4.8480210772378167e-11,-1.5849411214204124e-14,-9.9988754159070528e-13,-1.0453053329107241e-10,-4.8967991120307808e-16,-1.1741269675263899e-10,2.9159073346813832e-15,1.2923039374723722e-14,-2.5375370795934301e-17,-6.1182732278150069e-20,1.2491536188559422e-19,-1.9447999770568794e-19,2.4335960896366966e-14,2.7139970814904055e-10,nan,nan,nan,nan,nan,nan,nan,nan,nan,nan,nan,nan,nan,nan,-1.0672035431671251e-07,9.7399480536441985e-08,-7.4586419240994045e-24,9.43924961078258e-09,3.2962753671039735e-07,-1.1605607125320105e-07,0,0.010797419703880057,0.046089275930480657,1.6061773963554181e-18,0.042376405555081868,0.016824003431645279,0.11273829685346032,5.2145235920410936e-06,-7.3227196824158204e-05,0.00010182109845441782,-4.0751286247787693e-21,3.965603289652913e-05,3.4036090566471007e-05,-0.00010179925105801778,-2.5760710145819799e-10
36,1,lumen,0.013157894736842105,0.0015,0.012894736842105263,0.013684210526315788,0.001,0.002,1000092.052264819,1.314221079814579,12.816240549076859,3034.1934230825245,0.17400193726663782,1173,1173,4.0659169564160393e-05,0.23959451194877768,0.59999999999999998,2,500000,0.00035,0.0001,0.050035675742849617,0.19665635906936052,7.2251209664469299e-18,0.18362782864135796,0.072961457895644274,0.49580781463062518,2.2777470066714888e-05,0.039971904030167094,0.089981977984239819,2.8938961279505757e-18,0.053475844108530277,0.46383511666761912,0.35272785003709139,7.3071723523007693e-06,0.27098587296476001,0.0012466255708996161,6.5961935159992927e-10,0.0017346026891758685,1.9326775788166161e-05,0.40733065825043496,6.1465427448555564e-05,1.1274974748093954e-06,3.3340963188121369e-10,2.6342935917594572e-12,1.9702034629383716e-10,4.7563349166013846e-11,6.2624031734361365e-08,0.31862025695973922,nan,nan,nan,nan,nan,nan,nan,nan,nan,nan,nan,nan,nan,nan,0,0,0,0,0,0,0,-3.4740770160135852e-11,-1.7676062579319805e-14,-7.08655039364694e-13,-7.4035213082664585e-11,-1.5661300381553112e-16,-8.459409561734077e-11,1.3047957632361845e-15,2.4362239656183782e-14,-3.77866611075954e-17,-4.1844810213831622e-20,5.2476493156728929e-20,-7.5079849629593968e-20,3.905447647181773e-14,1.9403179051908945e-10,nan,nan,nan,nan,nan,nan,nan,nan,nan,nan,nan,nan,nan,nan,-1.1090080933532503e-07,1.0030737823685243e-07,1.3823433091023461e-23,1.0678670606987284e-08,3.4340057293580362e-07,-1.2150615152917155e-07,0,0.01110621287178858,0.045537263686594776,1.6230950275549838e-18,0.042093383955929244,0.016766661985549346,0.11302190051981785,5.2106969757597018e-06,-0.00015722512635012813,0.00021938672773628014,-1.0236467120394211e-20,8.2653576656278714e-05,7.8485807027193694e-05,-0.00022695548712781873,-1.2186957615487262e-09
36,2,lumen,0.013157894736842105,0.0025000000000000001,0.012894736842105263,0.013684210526315788,0.002,0.0030000000000000001,1000091.5865230374,1.2604501695592056,12.291874133145633,3174.3460050717486,0.17335836102283492,1173,1173,4.0608856547092255e-05,0.23949993065085384,0.59999999999999998,2,500000,0.00035,0.0001,0.055458612225902482,0.19987905068612402,7.754805273542405e-18,0.18902647822619142,0.075655450823488374,0.52132561647940856,2.3775923475191196e-05,0.042491446804196524,0.087714678075204319,2.9789702590611048e-18,0.052795784457455038,0.46128337252416085,0.35570740272825102,7.3154107323242229e-06,0.27176237815352744,0.001271231754994957,7.0514801639868811e-10,0.0017591123141443392,1.9211518376303338e-05,0.40470854966503667,6.2505996453864597e-05,1.0900057908213369e-06,3.2593978238043324e-10,2.6962170578796703e-12,2.0846892035789603e-10,5.0233627993949172e-11,6.2079427370688481e-08,0.32041585721976168,nan,nan,nan,nan,nan,nan,nan,nan,nan,nan,nan,nan,nan,nan,0,0,0,0,0,0,0,3.6115964001837837e-10,-4.0928856817140003e-14,8.1919319790629764e-12,8.1271434568158731e-10,6.0139610305598445e-15,7.8481350541600992e-10,8.1584044862707218e-15,2.6826414353808836e-14,-5.6040402480274874e-17,-1.5400492265364884e-19,3.0832630005273604e-19,-4.5249260402253419e-19,5.5895889701520847e-14,-1.966935142659119e-09,nan,nan,nan,nan,nan,nan,nan,nan,nan,nan,nan,nan,nan,nan,-1.2013642820178985e-07,1.0599440297687224e-07,-5.2987893888293378e-23,1.3348931154760209e-08,3.7355303042496679e-07,-1.342898841016904e-07,0,0.011764081273926733,0.044264487447962686,1.6635456810601099e-18,0.041444472341028486,0.01660999568054734,0.11353874497119069,5.1980108908681363e-06,-0.00026689844227242138,0.00037069149166983297,-1.8378306994694919e-20,0.00011313089128866533,0.00014981561409676384,-0.00040762125422844748,-3.376948316378365e-09
36,3,support,0.013157894736842105,0.0035000000000000001,0.012894736842105263,0.013684210526315788,0.0030000000000000001,0.0040000000000000001,1000751.2734932976,1.3203661987549478,12.867685675168318,3050.4470261223482,0.17372934692158279,1173,1173,4.0532336978418034e-05,0.23916630890288176,0.40000000000000002,2,300000,0.00033700000000000001,0.0001,0.058318053219241349,0.18259669984882637,7.7884708488894443e-18,0.17738190164174944,0.071502628299805138,0.5055231440518273,2.2783013312074728e-05,0.046775439631798012,0.083884217742868694,3.1320580903094171e-18,0.051864267645019314,0.45638558824915049,0.36108314844195105,7.3382892123392502e-06,nan,nan,nan,nan,nan,nan,nan,nan,nan,nan,nan,nan,nan,nan,0.27304487955635043,0.0013170229628435277,7.8433578704671506e-10,0.001804320095651623,1.904705100172839e-05,0.40020522253810631,6.4434087645743907e-05,1.0265991978655684e-06,3.1338375001576013e-10,2.8079908850622213e-12,2.2846560380056999e-10,5.4934037606011402e-11,6.1240222260762596e-08,0.32354398448505328,0,0,0,0,0,0,0,nan,nan,nan,nan,nan,nan,nan,nan,nan,nan,nan,nan,nan,nan,-1.9514135416896744e-09,-8.7042318272314835e-15,-4.8766185551557717e-11,-4.4434347627315646e-09,-2.8858100804829423e-14,-4.124284696529687e-09,1.568719012148147e-14,-7.0895980058827135e-15,1.659319593851882e-17,9.6831604274790057e-21,-1.3691131607459722e-20,3.4751570055714619e-20,-1.43234773309601e-14,1.0567942631971378e-08,-1.3650235652614209e-07,1.3009080329640099e-07,-1.9951561942120924e-23,1.0584654441110169e-08,4.2121369955849808e-07,-1.4269231329855359e-07,0,0.01293445552298886,0.042610036778854839,1.7502570455035466e-18,0.040928754062877347,0.016505486915021204,0.11549220156639516,5.2304855328923812e-06,-1.2700069295261581e-05,-1.3681914327281649e-05,-2.1136645598422997e-20,-0.00013565765463687294,0.00010498156783176962,-0.00015335985989383072,-8.4712110920861014e-09
36,4,support,0.013157894736842105,0.0045000000000000005,0.012894736842105263,0.013684210526315788,0.0040000000000000001,0.0050000000000000001,1000526.6045483366,1.7238174524554393,16.803309597729864,2502.8007326114875,0.12709452981681171,1173,1173,4.2102739738544533e-05,0.19635796573266118,0.40000000000000002,2,300000,0.00033700000000000001,0.0001,0.05337081436278094,0.15033018025646586,2.0997386072642527e-17,0.26621850422892657,0.036325660627386076,0.48189905551082701,2.3565208305562773e-05,0.055900163137865479,0.090183668715884804,1.1026488496833351e-17,0.10164629842085052,0.30277347314684239,0.44948648485162562,9.9117269309979085e-06,nan,nan,nan,nan,nan,nan,nan,nan,nan,nan,nan,nan,nan,nan,0.23530407825115973,0.0026148848883287101,9.9161780576580213e-10,0.0023761538708461341,4.0640101799149043e-05,0.41719966809509307,0.00010418883919848948,6.2233747141943794e-07,2.9028320710776571e-10,3.1708630878250233e-12,2.7191920753265064e-10,7.3587272676527788e-11,1.0643255101315496e-07,0.34235965555297398,0,0,0,0,0,0,0,nan,nan,nan,nan,nan,nan,nan,nan,nan,nan,nan,nan,nan,nan,2.2931791435270709e-11,-4.1729966151178903e-14,9.5561165868743283e-13,9.3734414008292509e-11,1.7636716739821701e-15,7.4263356315135143e-11,-5.2855052248258537e-15,2.6095445249119109e-14,-2.4489206777333473e-17,2.9660169987874164e-20,-1.0238888151090833e-19,4.2279822236151272e-19,7.004833768822109e-14,-1.9193606477273446e-10,-2.2491933440813711e-07,6.5728899989458967e-08,-1.4235979700149148e-23,1.5911511753456459e-07,8.3385875437186341e-07,-3.8412722946912226e-07,0,0.011067642144795834,0.033101669303258571,4.6124146248753525e-18,0.059286515221087292,0.0077820659073037481,0.10395030634211146,5.1369571822511148e-06,0,0,0,0,0,0,0
37,0,lumen,0.014210526315789474,0.00050000000000000001,0.013684210526315788,0.014736842105263159,0,0.001,1000079.192651723,1.3238167850087186,12.909983551204986,2993.903066280729,0.1749487663958155,1173,1173,4.0703183269111983e-05,0.24042906715802792,0.59999999999999998,2,500000,0.00035,0.0001,0.044811442178489015,0.20187226404506323,6.7748440163729865e-18,0.18335049550785409,0.073377139667426081,0.48451190557109614,2.2512456756973319e-05,0.036060274352058004,0.093044184515040207,2.7333934875103063e-18,0.053785632055072377,0.46988971534768925,0.34721291875025445,7.2749798856004773e-06,0.27045261247193014,0.0012011366002724294,5.9005655253328991e-10,0.0016930970864036791,1.9255128614491732e-05,0.41063299473395859,5.9607444543556013e-05,1.1897176537609996e-06,3.440731383517563e-10,2.5464649755437728e-12,1.7981122574971794e-10,4.3517043851030473e-11,6.2797054404237263e-08,0.31594004285956456,nan,nan,nan,nan,nan,nan,nan,nan,nan,nan,nan,nan,nan,nan,0,0,0,0,0,0,0,-3.9770381797985417e-11,-2.3392286507844588e-14,-7.5483950794176364e-13,-8.3081047252842206e-11,-2.883435677725199e-16,-9.9754195355405972e-11,3.7593006915314496e-15,8.8475234083507104e-15,-2.8927123046017554e-17,-8.0089353970030271e-20,2.8828459268997702e-20,-8.6028431604391449e-20,2.6211089442899804e-14,2.233455919135909e-10,nan,nan,nan,nan,nan,nan,nan,nan,nan,nan,nan,nan,nan,nan,-9.6836429536086704e-08,8.8656377905671491e-08,-7.3520626790690256e-24,8.2805260073224618e-09,2.9881194679726164e-07,-1.050346267739144e-07,0,0.010119790177844146,0.047198476780473904,1.5453862482616826e-18,0.042497652225264693,0.017071041662586921,0.11194658764678261,5.2157156643462137e-06,-6.6515694531836417e-05,9.3247534938438893e-05,-3.8247668852167891e-21,3.3512218493570093e-05,3.3248029412330567e-05,-9.7361730761015967e-05,-5.6623423932239503e-10
37,1,lumen,0.014210526315789474,0.0015,0.013684210526315788,0.014736842105263159,0.001,0.002,1000079.051964162,1.3065088015995112,12.741196290870166,3037.9231661050435,0.17473917683409815,1173,1173,4.0682075323498728e-05,0.24038942096508514,0.59999999999999998,2,500000,0.00035,0.0001,0.04674054369825368,0.20244570774096785,6.9440359601229059e-18,0.18483627915477102,0.074180283257654619,0.49267740930360626,2.2822631487596724e-05,0.037120890232590208,0.09208855767839362,2.7650267272575476e-18,0.053512584116544595,0.46882219737010283,0.34844849181319071,7.2787891779139931e-06,0.27076667175852331,0.0012109337834692552,6.0880856512654903e-10,0.001703030471347892,1.9212740953617318e-05,0.40957205310365635,6.0025338543718418e-05,1.1733556884846172e-06,3.409346754268109e-10,2.5702816629183227e-12,1.8449479172074269e-10,4.4598023274845133e-11,6.2587765673642258e-08,0.3166668356786454,nan,nan,nan,nan,nan,nan,nan,nan,nan,nan,nan,nan,nan,nan,0,0,0,0,0,0,0,-2.7763550994474903e-11,-1.589252810222304e-14,-5.8262887494993545e-13,-5.947390317232823e-11,-1.5748036555351952e-16,-7.287938590290477e-11,3.0790062589916056e-15,2.1437929556555879e-14,-3.1396943475902819e-17,-3.8320613676397983e-20,4.4800618963754825e-20,-6.291094360673349e-20,3.273402748606175e-14,1.6065818109401972e-10,nan,nan,nan,nan,nan,nan,nan,nan,nan,nan,nan,nan,nan,nan,-1.005262332733764e-07,9.0993329926458699e-08,4.4165254555998116e-25,9.6063113885518039e-09,3.1120062131406723e-07,-1.1007365174897643e-07,0,0.010413849238852416,0.046658246543577225,1.5623051495910533e-18,0.042244491370990012,0.017009719716182498,0.11222140268695828,5.2128056332553278e-06,-0.00014473063866786681,0.00020292973669707384,-9.107570564895559e-21,6.7628623251534336e-05,7.8702551712052989e-05,-0.00022234419720703735,-1.7855354452586359e-09
37,2,lumen,0.014210526315789474,0.0025000000000000001,0.013684210526315788,0.014736842105263159,0.002,0.0030000000000000001,1000078.6507925296,1.2904655417310598,12.584745965159458,3085.5591472664078,0.17405280192593436,1173,1173,4.063865521089441e-05,0.24024508045432796,0.59999999999999998,2,500000,0.00035,0.0001,0.050267236127155938,0.20031863962831448,7.2220650240344143e-18,0.18520086612563577,0.074696169266533261,0.50290337563325704,2.3144522918150306e-05,0.039431552517044409,0.0900021132384385,2.8404229536638645e-18,0.052959754884651593,0.46628587043148434,0.35131341811633099,7.2908120503061999e-06,0.27142862166810133,0.0012338717892353959,6.5004628945299928e-10,0.001725904594744401,1.9133004520783695e-05,0.40722708465145052,6.0996693749397308e-05,1.1371226435735476e-06,3.3402462018441418e-10,2.6229250537185472e-12,1.9478972409214885e-10,4.6986370480398029e-11,6.2159486275697151e-08,0.31830318708759825,nan,nan,nan,nan,nan,nan,nan,nan,nan,nan,nan,nan,nan,nan,0,0,0,0,0,0,0,2.9466322971760143e-10,-2.9842379896315458e-14,6.2922661747474761e-12,6.5371619080318687e-10,4.8635683154441001e-15,6.5894395105334236e-10,6.5089646180241771e-15,2.352241665337651e-14,-4.3489929879866202e-17,-1.0953688361051575e-19,2.1521326683463251e-19,-3.1110865129002886e-19,4.406254730008407e-14,-1.6136647574848259e-09,nan,nan,nan,nan,nan,nan,nan,nan,nan,nan,nan,nan,nan,nan,-1.0876902999286397e-07,9.6099516566638954e-08,1.8563337912826115e-23,1.2004204740234009e-08,3.3814506310292369e-07,-1.2142066074805058e-07,0,0.011027124578867934,0.045441930253838261,1.5995053686687217e-18,0.041674241872279326,0.016848763815251029,0.11270045144667977,5.2017947536315179e-06,-0.00024002777990003087,0.00033230170427007587,-1.7175705551770405e-20,8.3283186917079805e-05,0.00014756689766381176,-0.0003909756526694744,-4.1847142438229475e-09
37,3,support,0.014210526315789474,0.0035000000000000001,0.013684210526315788,0.014736842105263159,0.0030000000000000001,0.0040000000000000001,1000645.2598647506,1.3240798404102481,12.905244234613566,3025.6589301701915,0.17446736524404094,1173,1173,4.0576080211402142e-05,0.23982450957609547,0.40000000000000002,2,300000,0.00033700000000000001,0.0001,0.053789786365375673,0.18793387478023327,7.396104467891488e-18,0.17827911629006096,0.07209430783589145,0.49744635726176217,2.2657168344985782e-05,0.043269359245331908,0.086588095465769122,2.9829531390354477e-18,0.052278750656781815,0.46150528300971916,0.35635119256629899,7.3190560990437239e-06,nan,nan,nan,nan,nan,nan,nan,nan,nan,nan,nan,nan,nan,nan,0.27245713170554114,0.0012755148534733961,7.199192305753124e-10,0.0017668654203790647,1.9039397758286176e-05,0.4033486787780875,6.2749042646160222e-05,1.0773682803988623e-06,3.2275465561639618e-10,2.7156964299469769e-12,2.1229785226538542e-10,5.1081827068003973e-11,6.1554581278380779e-08,0.32106888057048355,0,0,0,0,0,0,0,nan,nan,nan,nan,nan,nan,nan,nan,nan,nan,nan,nan,nan,nan,-1.5939329224834903e-09,-4.2048292064944065e-15,-3.6735958832700725e-11,-3.5682634455139362e-09,-2.3895002729951154e-14,-3.4698305439832822e-09,1.6808859567870462e-14,-1.0840937522682559e-14,2.7749566200177504e-17,4.0667359001540734e-20,-1.208440306093965e-19,1.9223754337679936e-19,-2.3235087512351771e-14,8.6688081711761486e-09,-1.2298583593455675e-07,1.1721702308786774e-07,-7.0191579176020526e-24,9.2754373278612603e-09,3.7914009896888867e-07,-1.2872972210420386e-07,0,0.012107854201623679,0.043935887344087009,1.6813448757921108e-18,0.04131775465196829,0.016743223565754306,0.11458126272427946,5.2378855887220288e-06,-1.1043543097391617e-05,-1.6475365133592386e-05,-2.2765753544532473e-20,-0.00015372346614455409,0.00011330751376133036,-0.00016172660627903067,-9.2907319024941373e-09
37,4,support,0.014210526315789474,0.0045000000000000005,0.013684210526315788,0.014736842105263159,0.0040000000000000001,0.0050000000000000001,1000447.2908453784,1.7349721956376545,16.913383795728791,2484.1557465482829,0.12325084414342348,1173,1173,4.2295390549434637e-05,0.19366706319132626,0.40000000000000002,2,300000,0.00033700000000000001,0.0001,0.048550229324310037,0.15594224276274499,2.1674533401081611e-17,0.28243490099173296,0.035385769239507175,0.47848586423133654,2.3931597694468766e-05,0.051184233742610621,0.094163191781971328,1.1456644227946626e-17,0.10854438587065923,0.29687157542404713,0.44922648140858029,1.0131772131452527e-05,nan,nan,nan,nan,nan,nan,nan,nan,nan,nan,nan,nan,nan,nan,0.23185509511398397,0.002652352411840175,9.0346669390017357e-10,0.0023630234763895477,4.3038830803006899e-05,0.42228924570502918,0.00010464243939797431,6.3432949386792242e-07,2.9862621441320296e-10,2.9602336231656618e-12,2.4801353878452272e-10,6.7630986730757361e-11,1.1160450712522539e-07,0.34069185456785617,0,0,0,0,0,0,0,nan,nan,nan,nan,nan,nan,nan,nan,nan,nan,nan,nan,nan,nan,2.3065461797158184e-11,5.2358272481371759e-14,1.9408154398190731e-12,7.2622664846320063e-11,4.4953190475593985e-15,2.4494816765197047e-11,-1.2251322158518628e-13,2.4930578435000683e-14,-2.5271093564482511e-17,-3.5270559974136581e-19,2.0005662967567025e-18,-2.4287346532030919e-18,9.2122420483066772e-14,-1.2217500674604e-10,-2.053453395812338e-07,5.3492509755059814e-08,-6.7011620416226274e-24,1.5182627275812538e-07,7.6784495305071143e-07,-3.57242295745408e-07,0,0.010016996096661818,0.033559626887003716,4.673261555064518e-18,0.061252698275154047,0.0074845562607643613,0.10176706364531465,5.1282640991326428e-06,0,0,0,0,0,0,0
38,0,lumen,0.015263157894736843,0.00050000000000000001,0.014736842105263159,0.015789473684210527,0,0.001,1000066.1100243707,1.2868866284537137,12.550001427711203,3068.1876283865745,0.17567924575608115,1173,1173,4.0712575643116872e-05,0.24119990989653234,0.59999999999999998,2,500000,0.00035,0.0001,0.043311894699301488,0.21106562851772084,6.7026917197393592e-18,0.18808642023399577,0.076175881215882216,0.49336078984119885,2.3069119418298562e-05,0.033881714162757023,0.094568866092044249,2.6288765126644483e-18,0.053636411699191908,0.47421002877801627,0.34369573227220496,7.2469957856242104e-06,0.27043401181063897,0.0011726871835880002,5.5183617972241418e-10,0.0016681691880097694,1.9106898223224399e-05,0.41216823930390284,5.846214727976151e-05,1.2270875284699535e-06,3.4968270714153124e-10,2.5028876177124248e-12,1.705079984061568e-10,4.1325110901923136e-11,6.2598935666476154e-08,0.31447803266603835,nan,nan,nan,nan,nan,nan,nan,nan,nan,nan,nan,nan,nan,nan,0,0,0,0,0,0,0,-3.0689097572450358e-11,3.3908498069334345e-15,-5.5884737888993344e-13,-6.487548076793092e-11,-2.9354773820045033e-16,-7.8449067771393932e-11,-3.9781525618404477e-15,2.2560078805078376e-14,-2.2315892701836655e-17,1.5990528920469482e-20,7.0890567567925017e-20,-7.0143109718081055e-20,2.3383380079628271e-14,1.7452758672479525e-10,nan,nan,nan,nan,nan,nan,nan,nan,nan,nan,nan,nan,nan,nan,-8.9153293716254245e-08,8.1694174314250745e-08,1.0167392696470745e-23,7.5380817994020616e-09,2.7501497426585253e-07,-9.6627058798759435e-08,0,0.0095042725434276165,0.048208608063718822,1.4940111186892962e-18,0.042611800006089426,0.017287554954969506,0.11124039069951562,5.2175604667624772e-06,-6.5202927640623879e-05,9.1702051094827016e-05,-3.9676594801967988e-21,2.8715650649568876e-05,3.5755989989374548e-05,-0.00010003259975025157,-8.762810268317313e-10
38,1,lumen,0.015263157894736843,0.0015,0.014736842105263159,0.015789473684210527,0.001,0.002,1000065.9919576347,1.3023175515367189,12.700488682770338,3036.2428712748788,0.17545699427108086,1173,1173,4.0693253149635523e-05,0.24113320580806691,0.59999999999999998,2,500000,0.00035,0.0001,0.044109001602062679,0.20649014433291007,6.7056487264372167e-18,0.18504782708736486,0.0750921126187859,0.48932836451701389,2.2814250666719717e-05,0.034919022355874574,0.093628194973357309,2.6615730908415898e-18,0.053402663857263735,0.47306871353184821,0.34497415241225943,7.252869396709872e-06,0.27072202612856483,0.0011825683513920885,5.7002283733312803e-10,0.0016781778468761817,1.9076182166718543e-05,0.41114551759231349,5.8883767871280319e-05,1.2102147033351118e-06,3.4657310563524193e-10,2.5245341942329545e-12,1.7501835775376966e-10,4.2361672095909342e-11,6.2423186485980696e-08,0.31519247635642517,nan,nan,nan,nan,nan,nan,nan,nan,nan,nan,nan,nan,nan,nan,0,0,0,0,0,0,0,-2.1997585468571835e-11,-1.8566791529009915e-14,-3.9847765234889405e-13,-4.517386672758523e-11,1.4094628242311558e-17,-5.8448080359971288e-11,1.5346559607076732e-15,1.9132482056982703e-14,-3.5175260237270405e-17,-5.553374462278925e-20,2.5692048880138044e-20,-5.8748267033985483e-20,3.433855964890433e-14,1.2598175270368869e-10,nan,nan,nan,nan,nan,nan,nan,nan,nan,nan,nan,nan,nan,nan,-9.2698276677946612e-08,8.4119984589126062e-08,4.2274623890161128e-24,8.6370852027974393e-09,2.8674408973639043e-07,-1.0129058464203311e-07,0,0.009780954597393832,0.047687804228588433,1.5102012586974257e-18,0.042385324674512698,0.017224331381221817,0.11150610212898503,5.2154592048652239e-06,-0.0001393508313087081,0.0001952530353788874,-9.1234371798671358e-21,5.6555132740615601e-05,8.1737383441346566e-05,-0.00022495063765278874,-2.3288100663948161e-09
38,2,lumen,0.015263157894736843,0.0025000000000000001,0.014736842105263159,0.015789473684210527,0.002,0.0030000000000000001,1000065.6561590182,1.3147414289827362,12.821653387540525,3017.0886347193482,0.17474418770501987,1173,1173,4.065431501549067e-05,0.24093956670016003,0.59999999999999998,2,500000,0.00035,0.0001,0.046466762589812062,0.2001746137119618,6.8301119547403727e-18,0.18172176780311955,0.07397145301494619,0.48871416850779259,2.2647343433353847e-05,0.037136490928610932,0.091630471760071094,2.736837554902742e-18,0.052943114357125155,0.47045452933054543,0.34782812512833694,7.2684953104143932e-06,0.27131129704024964,0.0012049187907346966,6.0922578591712494e-10,0.0017004487355769362,1.9021905267085984e-05,0.40894828869227035,5.9830665438003313e-05,1.1739848102580133e-06,3.3991652481124548e-10,2.5718380709186074e-12,1.8474373260481201e-10,4.4608175098497289e-11,6.207358830593695e-08,0.31675495693099887,nan,nan,nan,nan,nan,nan,nan,nan,nan,nan,nan,nan,nan,nan,0,0,0,0,0,0,0,2.2980370095937851e-10,-3.2231951014917966e-14,4.5204819900248817e-12,5.0176089729403249e-10,3.9329975907997916e-15,5.1641839697753877e-10,5.0286582398623914e-15,2.186792413816363e-14,-4.8020002082100875e-17,-1.3354033535859342e-19,2.2651340703211357e-19,-3.5405380074225067e-19,4.5952976067234164e-14,-1.252547760063607e-09,nan,nan,nan,nan,nan,nan,nan,nan,nan,nan,nan,nan,nan,nan,-1.0044694210556079e-07,8.9393866364861907e-08,-1.33304297228443e-23,1.0532065226657866e-08,3.1174440361103617e-07,-1.1147624850993409e-07,0,0.010348484640360202,0.046536717470678363,1.5448375046359376e-18,0.04188560996671415,0.017060278685281784,0.11194377945398853,5.2060149641026387e-06,-0.00022700611252609803,0.00031271706368440167,-1.6202917443486463e-20,6.3482781919248411e-05,0.00014896899676259672,-0.00038384653235010901,-4.892385746174938e-09
38,3,support,0.015263157894736843,0.0035000000000000001,0.014736842105263159,0.015789473684210527,0.0030000000000000001,0.0040000000000000001,1000538.7264323045,1.3081772553263442,12.751606083585584,3050.0164268168378,0.17514411836164662,1173,1173,4.0599960869930208e-05,0.24045256209071136,0.40000000000000002,2,300000,0.00033700000000000001,0.0001,0.051275130738723883,0.1942415946616815,7.2039094591560624e-18,0.18093664980208832,0.073620159597418175,0.4983093159794944,2.2874855601020675e-05,0.040755486446709323,0.088428857557060453,2.8708486681972051e-18,0.052426387428932797,0.46566233878818408,0.35271962837366039,7.3014054528940424e-06,nan,nan,nan,nan,nan,nan,nan,nan,nan,nan,nan,nan,nan,nan,0.27219665141938992,0.0012445259226426648,6.743788657202514e-10,0.0017392789394371651,1.8969839648591914e-05,0.4053938723285504,6.1496377821147654e-05,1.1154556954792231e-06,3.292658489737832e-10,2.6539163686143284e-12,2.0096435281352304e-10,4.83870480821383e-11,6.1601731779870224e-08,0.31934402685943203,0,0,0,0,0,0,0,nan,nan,nan,nan,nan,nan,nan,nan,nan,nan,nan,nan,nan,nan,-1.2384134245750272e-09,-7.8297627796361631e-15,-2.677897575108441e-11,-2.733896116034901e-09,-1.8445639980713135e-14,-2.7487232080302543e-09,1.1704292313824923e-14,-6.4470997984678036e-15,1.2522700063040992e-17,2.5573581106783965e-21,-2.9997989257571114e-20,4.6906892221953327e-20,-1.069655332925815e-14,6.7478433117787706e-09,-1.1355549345498997e-07,1.0931716226680877e-07,-6.9398744213424292e-24,7.0138689848312417e-09,3.4837987364366718e-07,-1.1786222647858224e-07,0,0.011339588083433454,0.045182202786863301,1.6218466353341987e-18,0.041672273457295669,0.016954995007475767,0.11375131812754055,5.2454406625920177e-06,-1.0001156577222286e-05,-1.7848853911483775e-05,-2.4079436576064244e-20,-0.00016604386416586893,0.00011975306584782269,-0.00016835346291308172,-9.95030948445621e-09
38,4,support,0.015263157894736843,0.0045000000000000005,0.014736842105263159,0.015789473684210527,0.0040000000000000001,0.0050000000000000001,1000369.348227968,1.7382279084348902,16.94644238525391,2477.7531688912632,0.12183878673813646,1173,1173,4.2422626147830072e-05,0.19184940980620185,0.40000000000000002,2,300000,0.00033700000000000001,0.0001,0.045355420769372851,0.15972831193829623,2.229170200817343e-17,0.29381663890223875,0.034819848105691671,0.47795831231201408,2.4292218958617724e-05,0.047909557123176814,0.09663786631760804,1.1805895485679102e-17,0.11313928385070648,0.29269471715595058,0.4496082710046484,1.0304547909691814e-05,nan,nan,nan,nan,nan,nan,nan,nan,nan,nan,nan,nan,nan,nan,0.22960812519367618,0.0026854619358615927,8.4339046369433255e-10,0.00235867241966372,4.4717877767072019e-05,0.42539483718931681,0.00010519661126086156,6.3956156311397188e-07,3.0348053595888982e-10,2.8131707294302277e-12,2.3176364988661503e-10,6.3547497990255715e-11,1.1513518817250302e-07,0.33980223263070669,0,0,0,0,0,0,0,nan,nan,nan,nan,nan,nan,nan,nan,nan,nan,nan,nan,nan,nan,1.4750319895727426e-11,1.9514157789439626e-14,4.5908190015572401e-13,6.1326742174233269e-11,3.1476557471599165e-15,4.6383326433169225e-11,-6.9259497048433947e-14,1.7240766106429994e-14,-2.1948750654906525e-17,-1.671371031180472e-19,9.1632493658967835e-19,-1.0801294970408113e-18,6.4640790649306071e-14,-1.2295502170065718e-10,-1.9219389225597072e-07,3.697543554670446e-08,1.7154230482092256e-23,1.5517152924511542e-07,7.3174445672230526e-07,-3.4742629001494052e-07,0,0.0090339458926915021,0.033870394699707339,4.7625086673679895e-18,0.063253844250200669,0.0071891238890577063,0.099633399016027788,5.118953866721632e-06,0,0,0,0,0,0,0
39,0,lumen,0.016315789473684211,0.00050000000000000001,0.015789473684210527,0.016842105263157894,0,0.001,1000052.9731734993,1.2903048102402652,12.583501584915824,3048.186874471206,0.17626707203250713,1173,1173,4.0734589932986759e-05,0.24180028307289542,0.59999999999999998,2,500000,0.00035,0.0001,0.040141788926917631,0.21457487886996368,6.4462398348329877e-18,0.18776440446887593,0.076608407554242933,0.48710883944323463,2.2942021839527435e-05,0.031485648855153307,0.096397833928715065,2.5350418519397593e-18,0.053687511218725184,0.47817560410550269,0.34024617558481546,7.2263070883320878e-06,0.27019707104759227,0.0011455109085941977,5.1022988635722493e-10,0.0016431129607595485,1.9024844648101633e-05,0.41403756978452411,5.7345219996135296e-05,1.267641409127771e-06,3.561286062130817e-10,2.4563503453143287e-12,1.603433986643765e-10,3.8966337722748143e-11,6.2589704032170554e-08,0.31289903393464574,nan,nan,nan,nan,nan,nan,nan,nan,nan,nan,nan,nan,nan,nan,0,0,0,0,0,0,0,-2.2127337300461479e-11,-3.0372200825697967e-14,-3.6308929408913114e-13,-4.4150418557573932e-11,-4.4723339615027058e-17,-6.0727844627961325e-11,8.3327286000982182e-15,7.8645857187753521e-15,-3.0213432635712401e-17,-9.7775658076196012e-20,1.506789618887181e-20,-7.8998553158078581e-20,2.7173997955244323e-14,1.2735545941401213e-10,nan,nan,nan,nan,nan,nan,nan,nan,nan,nan,nan,nan,nan,nan,-8.1006201908644104e-08,7.4035175989806135e-08,-1.3093763809862052e-23,7.0320818932088515e-09,2.5006282006190261e-07,-8.7994493747078906e-08,0,0.0089463509788570462,0.049119934623022908,1.4506991645737292e-18,0.042723581853350935,0.017479472883130186,0.11060898177213496,5.2197479567710449e-06,-5.9884330056761257e-05,8.5126183947754731e-05,-3.6206978802914355e-21,2.4272336049000791e-05,3.4865068587405719e-05,-9.658469974754014e-05,-1.0390576883802234e-09
39,1,lumen,0.016315789473684211,0.0015,0.015789473684210527,0.016842105263157894,0.001,0.002,1000052.8777434754,1.3050904670885093,12.727697671014475,3017.7667984756363,0.17603955396434232,1173,1173,4.0717606310684646e-05,0.24172300818286802,0.59999999999999998,2,500000,0.00035,0.0001,0.040884709740755441,0.21022783335143688,6.4479869322546046e-18,0.18495680527197356,0.075565401770264537,0.48332070382593872,2.2703897012196295e-05,0.032435842731877815,0.095527179754712685,2.5647861822735389e-18,0.053490747340279844,0.47707023220271288,0.34146876472042614,7.2332499906153516e-06,0.27044918526870426,0.0011547002945481875,5.267273594938113e-10,0.0016524665849547043,1.9004198764936401e-05,0.41311198218819678,5.7738398549153378e-05,1.2514181950244579e-06,3.532413558478045e-10,2.4746414021277247e-12,1.6440673954167208e-10,3.9895198863459035e-11,6.2449617234722061e-08,0.31355360811172833,nan,nan,nan,nan,nan,nan,nan,nan,nan,nan,nan,nan,nan,nan,0,0,0,0,0,0,0,-1.585674292429723e-11,-5.2678697759905428e-16,-2.5215481366356549e-13,-3.1511226523790771e-11,-7.8604657505199071e-18,-4.3291156250069296e-11,-3.1173076346829282e-15,2.3644280977563881e-14,-2.5370414226306307e-17,7.1318688464883761e-21,1.9751211871388057e-20,-9.7719757145776193e-22,2.7077810094199988e-14,9.0864177194288632e-11,nan,nan,nan,nan,nan,nan,nan,nan,nan,nan,nan,nan,nan,nan,-8.4184455947499542e-08,7.6081111854975347e-08,-6.5766204728225771e-24,8.1468366792857358e-09,2.6070887718110392e-07,-9.2300033338599263e-08,0,0.0092038391357552284,0.048622641767557269,1.4664608887591227e-18,0.042529219053594247,0.017414193030974995,0.11086035924302669,5.2185339618607616e-06,-0.0001252131088763901,0.00017517405396261197,-8.0733327536380371e-21,4.4061704965220149e-05,7.9246005438162256e-05,-0.00021195736048192096,-2.7102930264703196e-09
39,2,lumen,0.016315789473684211,0.0025000000000000001,0.015789473684210527,0.016842105263157894,0.002,0.0030000000000000001,1000052.6072157306,1.3043147256769065,12.72013581102661,3028.4052827390365,0.17530946894840971,1173,1173,4.0685113202071504e-05,0.24149783380848411,0.59999999999999998,2,500000,0.00035,0.0001,0.043416192068189502,0.20641193167981789,6.6188417878633411e-18,0.18383147306438208,0.075211188957102271,0.48739960707853508,2.277433286742487e-05,0.034423727451535671,0.093737515315374151,2.6311821505506554e-18,0.053133706826331437,0.4745518541880584,0.34414594483929911,7.251379401230824e-06,0.27093234883783807,0.0011751231488328292,5.6149097459701972e-10,0.0016728181648417771,1.8977886406573011e-05,0.4111946944132171,5.8604305794466812e-05,1.2173810552471816e-06,3.4724267897315379e-10,2.5137308720010871e-12,1.7296713018845584e-10,4.1862998099070844e-11,6.2198579426600277e-08,0.31494615253735725,nan,nan,nan,nan,nan,nan,nan,nan,nan,nan,nan,nan,nan,nan,0,0,0,0,0,0,0,1.6426669752249312e-10,-1.5965670227192411e-14,2.9850166925397775e-12,3.5391665454350305e-10,2.7590776885411117e-15,3.7229250476715492e-10,1.009367688975723e-15,1.8757348105302718e-14,-3.3009883063148611e-17,-6.1034595862669186e-20,1.1541307290010303e-19,-1.6826347108075153e-19,3.2163997533587351e-14,-8.9349952447073336e-10,nan,nan,nan,nan,nan,nan,nan,nan,nan,nan,nan,nan,nan,nan,-9.0970788969076816e-08,8.0472272512288612e-08,2.6225687449177627e-23,1.0123185285982728e-08,2.8294444844034761e-07,-1.0144490708574594e-07,0,0.0097277708195073857,0.047532211052466897,1.4986684859347446e-18,0.042107312013010115,0.017244895351887082,0.11125680637372588,5.2107214115174429e-06,-0.00020012097866408413,0.00027215612536322605,-1.5030404274402882e-20,3.9482618398294241e-05,0.00014439083409982869,-0.00035619774670809731,-5.5317535115621639e-09
39,3,support,0.016315789473684211,0.0035000000000000001,0.015789473684210527,0.016842105263157894,0.0030000000000000001,0.0040000000000000001,1000431.7142879057,1.2981459250639695,12.655178083323225,3058.9538437908136,0.17574816339842247,1173,1173,4.0643220791195131e-05,0.24094631099403527,0.40000000000000002,2,300000,0.00033700000000000001,0.0001,0.04767536514999908,0.20130431569376778,6.9661718179780149e-18,0.18365901781024849,0.074861826301395318,0.49636383494298386,2.3008340516975095e-05,0.037607694082197857,0.090951159016285241,2.7551142232495557e-18,0.05281277868156347,0.46993538863440887,0.34868569110878245,7.2884767620540923e-06,nan,nan,nan,nan,nan,nan,nan,nan,nan,nan,nan,nan,nan,nan,0.27159573931148512,0.0012109388534133089,6.1805676333883376e-10,0.001707683053034464,1.8982319014022585e-05,0.40820123752513277,6.0107406990892545e-05,1.1632065223811999e-06,3.3787387748868086e-10,2.5799694486708226e-12,1.8692766108351475e-10,4.5102066222920317e-11,6.1921154361053993e-08,0.31720408521272075,0,0,0,0,0,0,0,nan,nan,nan,nan,nan,nan,nan,nan,nan,nan,nan,nan,nan,nan,-8.8250336588680958e-10,4.8801570885044291e-15,-1.7591496349944159e-11,-1.9223685840338564e-09,-1.3466658344007953e-14,-1.9997453721155162e-09,1.0734150003936245e-14,-1.1380653364145843e-14,3.188484096756862e-17,6.8510227723920102e-20,-2.0000232009857731e-19,3.085976088313049e-19,-2.5993676679293445e-14,4.8222438818765705e-09,-1.0221293898120612e-07,9.6884058942148243e-08,-7.3576293316278521e-24,7.3462676229196041e-09,3.1447910586734906e-07,-1.0765441704752021e-07,0,0.01065060026202207,0.046291687632206577,1.5735572730125114e-18,0.042035138514530897,0.017130583361965504,0.11301860055109028,5.2535139080686002e-06,-7.9201465473449382e-06,-2.0455136247709288e-05,-2.6214467443456113e-20,-0.00018714785876460414,0.0001285447214866737,-0.00017631105393866935,-1.0860483954277226e-08
39,4,support,0.016315789473684211,0.0045000000000000005,0.015789473684210527,0.016842105263157894,0.0040000000000000001,0.0050000000000000001,1000292.8084796561,1.7868270139321027,17.421580835200245,2410.1331616046655,0.11792136087337295,1173,1173,4.262130101831534e-05,0.18878071675519392,0.40000000000000002,2,300000,0.00033700000000000001,0.0001,0.039840706281319464,0.16135176943302304,2.2884461457463096e-17,0.30606955652474221,0.033001284336211932,0.46534910184164613,2.4212528185473282e-05,0.043264232687868678,0.10035711867475913,1.2459637950847482e-17,0.12116193324523818,0.28518578508370235,0.45002037159711739,1.0558711314337599e-05,nan,nan,nan,nan,nan,nan,nan,nan,nan,nan,nan,nan,nan,nan,0.22594297864405269,0.0027502845140468593,7.5923122671596256e-10,0.0023534457826142239,4.7557310772110701e-05,0.43003395104866449,0.00010634083418380267,6.4450618777605268e-07,3.1010591647880111e-10,2.6053431946401076e-12,2.0890423824077413e-10,5.7839632202643635e-11,1.2085820569553516e-07,0.33876467516258602,0,0,0,0,0,0,0,nan,nan,nan,nan,nan,nan,nan,nan,nan,nan,nan,nan,nan,nan,1.140153885648672e-11,1.3375715222343846e-13,5.3153737175109635e-13,4.0298692390686089e-11,5.1395519784502852e-15,2.6580131541956153e-11,-1.8498835047580844e-13,1.4383242860627199e-14,-2.103878673722738e-17,-3.346137444905018e-19,1.9366514466920137e-18,-2.5421101088358383e-18,6.6015190930151801e-14,-7.8846013614159151e-11,-1.7416483590309423e-07,3.0170233811244174e-08,1.8126091529280906e-23,1.4396740484857004e-07,6.6645468219106441e-07,-3.1817201340267331e-07,0,0.0081441821943776735,0.034118354967548607,4.8563340056327901e-18,0.065079533963110392,0.0068944755062382602,0.097658596832565239,5.1087920101940838e-06,0,0,0,0,0,0,0
40,0,lumen,0.017368421052631578,0.00050000000000000001,0.016842105263157894,0.017894736842105262,0,0.001,1000039.7894686534,1.2902450073060012,12.583084248768618,3040.0406048470045,0.17681295898369728,1173,1173,4.0740565901188424e-05,0.24235665539258017,0.59999999999999998,2,500000,0.00035,0.0001,0.038167781741522973,0.2169662135904831,6.2704098869115629e-18,0.18731796064802952,0.077105137161970719,0.48357895143742996,2.288128339337766e-05,0.029936321962363406,0.097468909130502518,2.4658133596262232e-18,0.053558083122581292,0.48126013736207224,0.33776934148589338,7.2069365872045392e-06,0.27019751945976,0.0011262676605657716,4.835635210975142e-10,0.001625908381724636,1.8912862773717945e-05,0.41507617024718779,5.6563064527225753e-05,1.2952687450876437e-06,3.6008139254675867e-10,2.4290118731759814e-12,1.5391007489907348e-10,3.7471490519108019e-11,6.2421162212144913e-08,0.31189729959609969,nan,nan,nan,nan,nan,nan,nan,nan,nan,nan,nan,nan,nan,nan,0,0,0,0,0,0,0,-1.339712042752718e-11,-2.6718711970031859e-14,-2.0636369588956794e-13,-2.6537046052319904e-11,1.1378701800235369e-16,-3.6993757883407863e-11,5.0155400259548951e-15,8.0528032159188356e-15,-3.0600947675840617e-17,-9.9427623385582504e-20,1.7894979802727849e-20,-8.7477425855385608e-20,2.7130215865740789e-14,7.7120892910738662e-11,nan,nan,nan,nan,nan,nan,nan,nan,nan,nan,nan,nan,nan,nan,-7.5799396746269176e-08,6.9453898021709648e-08,-1.7291067719611162e-24,6.3826636111342252e-09,2.3378815294794464e-07,-8.2155727165744707e-08,0,0.0084273492474886691,0.04997344669131961,1.4122288317637364e-18,0.042835370927208294,0.017646303007599881,0.11004147088601447,5.2229189186706847e-06,-5.748743909172793e-05,8.067395007725159e-05,-3.924041540989467e-21,1.7123859093408813e-05,3.8581554512007507e-05,-0.00010056094346978824,-1.506206818416371e-09
40,1,lumen,0.017368421052631578,0.0015,0.016842105263157894,0.017894736842105262,0.001,0.002,1000039.7172146722,1.297109924123611,12.65003510340825,3028.1152112352506,0.17655357745631958,1173,1173,4.0726612462099777e-05,0.24223469773253409,0.59999999999999998,2,500000,0.00035,0.0001,0.039120269520213038,0.21399347043531058,6.318554667055884e-18,0.18584486460826338,0.076503065195680786,0.48282726572195195,2.2791884740401061e-05,0.030846648549865161,0.096644945123414303,2.4979666960766596e-18,0.053419620102312833,0.4800428870256408,0.33903868222399747,7.2169747694344991e-06,0.27040300645716436,0.0011356649785480048,4.9927867706507951e-10,0.0016353289706689037,1.8909408744486898e-05,0.41421880294928493,5.6962840709074522e-05,1.2788677241036122e-06,3.5730891140957391e-10,2.4451303914633417e-12,1.5774676508942824e-10,3.8347246127097919e-11,6.2330894867999782e-08,0.31252998214113464,nan,nan,nan,nan,nan,nan,nan,nan,nan,nan,nan,nan,nan,nan,0,0,0,0,0,0,0,-1.0593157028413078e-11,-1.209739910385566e-14,-5.1276847398098091e-14,-1.7585964833049159e-11,1.395910297075087e-16,-2.7307145043439784e-11,1.7522128348931713e-15,1.968238939886735e-14,-2.8066346130994167e-17,-3.720478903532943e-20,4.5930405508834478e-20,-6.3489100849642575e-20,2.8813071950397848e-14,5.5499021948789875e-11,nan,nan,nan,nan,nan,nan,nan,nan,nan,nan,nan,nan,nan,nan,-7.8817456902659927e-08,7.1608645901832801e-08,-2.0453293878952561e-23,7.2361207463993563e-09,2.4369392551126801e-07,-8.603604184642677e-08,0,0.0086669546941355521,0.049502919141636459,1.4278247730480771e-18,0.042668894309991885,0.017578028029566255,0.11027971948008569,5.2225146373232812e-06,-0.000120389566447574,0.00016501264370671865,-8.2558113563063849e-21,2.8463760828863498e-05,8.6786990840047264e-05,-0.0002179220498788056,-3.5893344873053065e-09
40,2,lumen,0.017368421052631578,0.0025000000000000001,0.016842105263157894,0.017894736842105262,0.002,0.0030000000000000001,1000039.513378665,1.2965823849530997,12.644892866999886,3038.2998467222019,0.17574956004530931,1173,1173,4.0700476148832839e-05,0.24191624398379086,0.59999999999999998,2,500000,0.00035,0.0001,0.041557134279959856,0.21034724053428491,6.4925365921070709e-18,0.18511883623066194,0.0760963411239092,0.48694676876910414,2.2876830103870434e-05,0.032754815859229618,0.094959597337561194,2.5657050328855065e-18,0.05318929882070525,0.47729666720362574,0.34179237985107341,7.2409278047559321e-06,0.27078485893239468,0.0011564131617218332,5.3243742394481075e-10,0.001655681608457306,1.8919036494214754e-05,0.41245458676553259,5.7837382752884951e-05,1.244636165957663e-06,3.5157367432546811e-10,2.4799266861752097e-12,1.6584449744589026e-10,4.0206632091047276e-11,6.2184149188641855e-08,0.31387039519978915,nan,nan,nan,nan,nan,nan,nan,nan,nan,nan,nan,nan,nan,nan,0,0,0,0,0,0,0,9.7009511133682253e-11,-1.7294684869830305e-14,1.7866025522347637e-12,2.0931380449562028e-10,1.8839639050194368e-15,2.3465994598848017e-10,8.136722683188002e-16,2.0423550003978441e-14,-3.6258364068998804e-17,-7.4739526199839485e-20,1.363785083625365e-19,-2.0359180574326582e-19,3.5149433207455248e-14,-5.4281060212158664e-10,nan,nan,nan,nan,nan,nan,nan,nan,nan,nan,nan,nan,nan,nan,-8.5264432252932926e-08,7.6549073912968169e-08,2.3231488985530459e-23,8.4788544047607877e-09,2.6421826877787158e-07,-9.3950814017418338e-08,0,0.0091534197101515134,0.048472217607946101,1.4581683160176161e-18,0.042306277387709749,0.017402895323208125,0.11064486197786456,5.2160276668892032e-06,-0.00019548261501501241,0.00026193085361553081,-1.5243371857576481e-20,1.6936684158162582e-05,0.00015473690030710208,-0.00036442467063903684,-6.5927364861075978e-09
40,3,support,0.017368421052631578,0.0035000000000000001,0.016842105263157894,0.017894736842105262,0.0030000000000000001,0.0040000000000000001,1000324.3140546711,1.2957603139622473,12.633277812781294,3056.3213310314213,0.17612854932133828,1173,1173,4.0666603375428885e-05,0.24124285278131924,0.40000000000000002,2,300000,0.00033700000000000001,0.0001,0.045539364004852284,0.20459738741309103,6.816218610976843e-18,0.18481004778102214,0.075379950222129871,0.49401100388071134,2.3037397481501753e-05,0.035860589471462409,0.092279030166327089,2.6911426759522682e-18,0.053051800227477054,0.47236897453858717,0.34643232054376932,7.2850523771534361e-06,nan,nan,nan,nan,nan,nan,nan,nan,nan,nan,nan,nan,nan,nan,0.27132091974820194,0.0011926861475363426,5.8719818217110784e-10,0.0016904682791212156,1.8967301933352476e-05,0.40963355197062556,5.9351292364778568e-05,1.1896594052842664e-06,3.4242313322404379e-10,2.540411458686458e-12,1.7925813803871695e-10,4.3315323037241927e-11,6.2028358745590236e-08,0.31608280241771436,0,0,0,0,0,0,0,nan,nan,nan,nan,nan,nan,nan,nan,nan,nan,nan,nan,nan,nan,-5.3140749222373282e-10,-8.6169336489607613e-15,-9.9447366094144729e-12,-1.1463212417230354e-09,-7.8298370391471916e-15,-1.1904346135151872e-09,9.4374913908174563e-15,-5.2867866334738167e-15,8.138971724201012e-18,-1.2809890218232379e-20,-7.9332824598429502e-21,8.3881865603073664e-21,-6.7279029026509976e-15,2.8781269866326589e-09,-9.6104444004003337e-08,9.3711843007771023e-08,9.0849378337063147e-24,3.5930001863818422e-09,2.9220186034684126e-07,-9.8561059203028378e-08,0,0.0099956698656833015,0.047372167328378963,1.5291794557462253e-18,0.042336836718309255,0.017295789246812441,0.11234130772523329,5.2612145166484675e-06,-6.9871747465268785e-06,-2.1398258956276677e-05,-2.7309172623929995e-20,-0.00019657492975236698,0.00013323433246580779,-0.00018186465733706199,-1.1346386656347628e-08
40,4,support,0.017368421052631578,0.0045000000000000005,0.016842105263157894,0.017894736842105262,0.0040000000000000001,0.0050000000000000001,1000217.5943050983,1.8265998991060284,17.810706079469924,2356.6377450002037,0.11688602428411579,1173,1173,4.2712217626125556e-05,0.18742045247263095,0.40000000000000002,2,300000,0.00033700000000000001,0.0001,0.036787926585453358,0.16057838669140775,2.2952686060906515e-17,0.30808066987489446,0.03190977868880282,0.45561308861906175,2.3985155836657253e-05,0.040841422906353383,0.1021069063932927,1.2775909280741053e-17,0.12468209366056829,0.2819125442892858,0.45044633957000235,1.0693180497546555e-05,nan,nan,nan,nan,nan,nan,nan,nan,nan,nan,nan,nan,nan,nan,0.22430149950283121,0.0027807272916161134,7.1559885003492857e-10,0.0023520083291296082,4.8917976354031368e-05,0.43214614226211545,0.00010689508398344249,6.4659056634485407e-07,3.1319702979743166e-10,2.4947008030790113e-12,1.9711900252317922e-10,5.4825053067166963e-11,1.2359680331627765e-07,0.33826303808336655,0,0,0,0,0,0,0,nan,nan,nan,nan,nan,nan,nan,nan,nan,nan,nan,nan,nan,nan,5.7788953466669425e-12,8.4597139921489885e-14,5.7255911974867704e-14,2.5845137720737871e-11,3.6728432795118948e-15,1.9362002886408325e-11,-1.2765164629595985e-13,1.3074393998002698e-14,-1.9719041059607068e-17,-1.8898166355056261e-19,1.1055451900481742e-18,-1.4211795274152397e-18,5.5845274624063484e-14,-5.1072882609477074e-11,-1.6462147897720186e-07,1.0101540715012902e-08,1.5192402638022412e-23,1.5450044634130016e-07,6.48361861352309e-07,-3.1914771658758667e-07,0,0.0073036377136996991,0.034187855907719784,4.9925165640708073e-18,0.067042786463460874,0.0066076220850699325,0.095672964143617506,5.0981755061662137e-06,0,0,0,0,0,0,0
41,0,lumen,0.018421052631578949,0.00050000000000000001,0.017894736842105262,0.018947368421052629,0,0.001,1000026.5619692886,1.2897836484542005,12.578751236163676,3030.2075769916164,0.17730139676245671,1173,1173,4.076649148830071e-05,0.24281727843026091,0.59999999999999998,2,500000,0.00035,0.0001,0.035269680920925028,0.22105118020200978,6.071838665643412e-18,0.18779873553168566,0.077677639423527553,0.47938648307242299,2.2847455829613445e-05,0.027653714547352996,0.099269825284593716,2.3869038102771569e-18,0.053677056436619013,0.48466651930603843,0.33472569062155966,7.1938038362939954e-06,0.26988722326338321,0.0011031137215942795,4.4460609799878331e-10,0.0016037308771211266,1.8866066000491529e-05,0.41688558544219745,5.5595575035385308e-05,1.3343458870790548e-06,3.6630854087801351e-10,2.3881520584742724e-12,1.444196097836939e-10,3.5301613746932497e-11,6.2486262227176796e-08,0.31044448722949464,nan,nan,nan,nan,nan,nan,nan,nan,nan,nan,nan,nan,nan,nan,0,0,0,0,0,0,0,-4.4494442280405993e-12,-1.7083571508145303e-14,-7.5257042433754842e-14,-7.9061777602622552e-12,1.8810907692623502e-16,-1.865074436037395e-11,1.847445564804755e-15,1.0499196997915128e-14,-2.6842265390480473e-17,-6.3610150331236615e-20,1.26793863207308e-20,-5.683981272680933e-20,2.4143721694803231e-14,3.1062041737128926e-11,nan,nan,nan,nan,nan,nan,nan,nan,nan,nan,nan,nan,nan,nan,-6.8401447176052316e-08,6.2085246055332277e-08,1.3305795970922257e-23,6.3348922880151196e-09,2.1154166991721457e-07,-7.4728507104548925e-08,0,0.0079581882559542627,0.05073494805791276,1.379979243987147e-18,0.042949553156558067,0.017797913659018751,0.10952375981709636,5.2258909414289081e-06,-5.1489927274063199e-05,7.2908377093273532e-05,-3.4636750451003791e-21,1.5461498954237356e-05,3.4600813955973065e-05,-9.0681129251059489e-05,-1.4117107459252575e-09
41,1,lumen,0.018421052631578949,0.0015,0.017894736842105262,0.018947368421052629,0.001,0.002,1000026.5128817458,1.2903524707091487,12.584299352990142,3032.615607119762,0.17705547098442384,1173,1173,4.0753898983216605e-05,0.24271001467168607,0.59999999999999998,2,500000,0.00035,0.0001,0.036291546082821181,0.21929791042541064,6.1411361000332964e-18,0.18727971479899347,0.077469475026560097,0.48080784723117026,2.2867172131979378e-05,0.028467473657611327,0.098525903330188708,2.415210170956729e-18,0.053552318702382508,0.48358088514544956,0.33586621597689698,7.2031874709682675e-06,0.27007073073098098,0.0011113561687006775,4.5851429252372255e-10,0.0016120958776051012,1.8864545896344703e-05,0.41612554678767699,5.5948220034181854e-05,1.319270568119727e-06,3.6381063310984266e-10,2.4015178898276911e-12,1.477984233613021e-10,3.606788949234457e-11,6.2411338990781516e-08,0.31100407497860305,nan,nan,nan,nan,nan,nan,nan,nan,nan,nan,nan,nan,nan,nan,0,0,0,0,0,0,0,-3.0466631940789552e-12,-1.1609862795469995e-14,-6.9764120638009913e-14,-5.6352743198847968e-12,1.9358429789728682e-16,-1.5750776551082257e-11,9.4589735600114922e-16,1.61782479773942e-14,-2.6001638853672819e-17,-4.3601591585290801e-20,4.3324825353383654e-20,-6.8422341399423477e-20,2.5585858303725404e-14,2.4470980705434041e-11,nan,nan,nan,nan,nan,nan,nan,nan,nan,nan,nan,nan,nan,nan,-7.1035531085811288e-08,6.3717248255379388e-08,-9.5698959381971464e-24,7.3340614168106338e-09,2.2044237299456704e-07,-7.8364025934973824e-08,0,0.0081807583926979625,0.050286761854877148,1.3952627291353673e-18,0.042814227538902003,0.017727293740898865,0.10974680218943551,5.2261823652414445e-06,-0.00010668914313072809,0.00014707124074045362,-7.0936327462719494e-21,2.5217577830032845e-05,7.7601858052619223e-05,-0.00019507272040560886,-3.3191114069186228e-09
41,2,lumen,0.018421052631578949,0.0025000000000000001,0.017894736842105262,0.018947368421052629,0.002,0.0030000000000000001,1000026.3755759154,1.2923566336323582,12.603846895038936,3035.8770806680095,0.17629077537230811,1173,1173,4.0730772370441365e-05,0.24242655104674529,0.59999999999999998,2,500000,0.00035,0.0001,0.038383373554056167,0.21562187306501443,6.2789625643908516e-18,0.18627824254466682,0.07695880622407307,0.48357625144909788,2.2901719038760854e-05,0.030155093410858969,0.09702481525644277,2.4732509163467512e-18,0.053348688879772524,0.48113939031408065,0.33832478686324063,7.2252756044490631e-06,0.27040224276470792,0.0011294062702687606,4.8752425943898423e-10,0.0016300095499788946,1.8878766269780404e-05,0.41458653203630275,5.6713196454350445e-05,1.2880573148110346e-06,3.5870753750503493e-10,2.429913378419624e-12,1.5484393713100594e-10,3.7674707929921971e-11,6.2300747465698773e-08,0.31217486601677669,nan,nan,nan,nan,nan,nan,nan,nan,nan,nan,nan,nan,nan,nan,0,0,0,0,0,0,0,3.2918619148209555e-11,-1.4604514164665579e-14,4.8950741301285291e-13,6.9624295529741579e-11,7.8734761765897332e-16,7.0891639563849806e-11,3.3892876612198858e-16,1.5957070734207157e-14,-3.0471322321697752e-17,-6.5435156331772946e-20,1.0209032100856497e-19,-1.6292373911456044e-19,2.8708084463053124e-14,-1.7395498939681871e-10,nan,nan,nan,nan,nan,nan,nan,nan,nan,nan,nan,nan,nan,nan,-7.6592134272499696e-08,6.7370983070080825e-08,3.5626508779923935e-23,9.1497246985988975e-09,2.3890818444394224e-07,-8.5810993033508254e-08,0,0.0086279854851950173,0.049309069571022261,1.4254245992710956e-18,0.042526375308847272,0.017547019782461683,0.11007523382530977,5.2211358582396368e-06,-0.00016712461422723209,0.00022262154503028921,-1.3448183826897705e-20,1.0345815809436337e-05,0.00013831950909029903,-0.00032265642369581503,-6.2561301120157704e-09
41,3,support,0.018421052631578949,0.0035000000000000001,0.017894736842105262,0.018947368421052629,0.0030000000000000001,0.0040000000000000001,1000216.5119901525,1.294711353675648,12.624411258226946,3044.1257150295282,0.17680088541899125,1173,1173,4.0704019142311233e-05,0.24180235667280753,0.40000000000000002,2,300000,0.00033700000000000001,0.0001,0.041687123897009036,0.21022314209669668,6.5483551121529012e-18,0.18568286045189511,0.076134676377370786,0.48861849962368764,2.2996505357026989e-05,0.032804051377454492,0.094749853688874716,2.583571723255549e-18,0.053264941124512889,0.4767636238094965,0.34241026298236138,7.2670172998530115e-06,nan,nan,nan,nan,nan,nan,nan,nan,nan,nan,nan,nan,nan,nan,0.27080414568712385,0.0011604274437660739,5.3362096038611126e-10,0.0016598667766885146,1.8946208615884395e-05,0.41225691464623387,5.8010870243214643e-05,1.2391516351371305e-06,3.5088421078408783e-10,2.4766979225867387e-12,1.6604459274932921e-10,4.025421059645611e-11,6.2243983526486129e-08,0.31404038587842925,0,0,0,0,0,0,0,nan,nan,nan,nan,nan,nan,nan,nan,nan,nan,nan,nan,nan,nan,-1.7487302627715644e-10,-3.7453168244937592e-15,-3.0284564670271322e-12,-3.7304358307004156e-10,-2.9585166781698202e-15,-4.3355224250106461e-10,9.1860468518883437e-15,-9.1675798896684313e-15,1.7462166336003486e-17,1.3064681233944318e-20,-6.4867322690649434e-20,9.6419865431368984e-20,-1.4685362831936876e-14,9.8451863318444655e-10,-8.558932626133095e-08,7.9123038232431497e-08,-4.0126036257947183e-23,6.9028955801310742e-09,2.6376739598044097e-07,-9.2122203698696836e-08,0,0.0094167495575679713,0.048297235799832056,1.4977248195444443e-18,0.042711230239887571,0.01741551267374827,0.11175511065377353,5.2705762624969742e-06,-4.5819453352633713e-06,-2.3406570865471152e-05,-3.0447729768893949e-20,-0.00022370938151613061,0.00014376883264987468,-0.00019214397944192341,-1.2474494757928524e-08
41,4,support,0.018421052631578949,0.0045000000000000005,0.017894736842105262,0.018947368421052629,0.0040000000000000001,0.0050000000000000001,1000143.7751171975,1.8627416418707934,18.164455516401297,2313.7117142156694,0.11273651609453049,1173,1173,4.2928702121019615e-05,0.18370692978519651,0.40000000000000002,2,300000,0.00033700000000000001,0.0001,0.031855164023094323,0.16267446298468352,2.4334494269348645e-17,0.32635757324301479,0.030180139575261573,0.44808022438807887,2.421421429244164e-05,0.036067550325074103,0.10549421801284374,1.381407708824632e-17,0.1347021659572683,0.27192748154445495,0.45179757444775859,1.1009712600241917e-05,nan,nan,nan,nan,nan,nan,nan,nan,nan,nan,nan,nan,nan,nan,0.22013062938826147,0.002889471264839362,6.3146354702345519e-10,0.0023572349372666464,5.2515238439849341e-05,0.43643457357774912,0.00010908644660119819,6.4193958587523286e-07,3.1754656793400287e-10,2.2773913761461826e-12,1.7420495771593156e-10,4.9086508543987978e-11,1.3030621466710895e-07,0.33802571572646334,0,0,0,0,0,0,0,nan,nan,nan,nan,nan,nan,nan,nan,nan,nan,nan,nan,nan,nan,1.3693151151977374e-12,2.8274610424519102e-13,-1.5068670537458639e-13,9.3289348878089967e-12,6.6379193808252523e-15,5.4970637416995594e-12,-3.1911854064532593e-13,1.0126231450580114e-14,-1.7603585062633461e-17,-3.5517517007836275e-19,2.2740126134259736e-18,-3.1561814272163533e-18,5.1680962369586361e-14,-1.6076779417730558e-11,-1.4722688895015684e-07,1.5428978650255942e-08,3.8959579565638029e-23,1.3179249556119886e-07,5.7347307536731451e-07,-2.7902887600461668e-07,0,0.0065534673237521261,0.034302477590068353,5.0981051706632465e-18,0.068665064070753165,0.0063282776387265909,0.093905851672853188,5.0865034652429491e-06,0,0,0,0,0,0,0
42,0,lumen,0.019473684210526313,0.00050000000000000001,0.018947368421052629,0.019999999999999997,0,0.001,1000013.2988848266,1.2874638150615272,12.556293346776803,3030.7528953575679,0.17764358162073113,1173,1173,4.0768572581930539e-05,0.24316591068185245,0.59999999999999998,2,500000,0.00035,0.0001,0.034187267279881729,0.22278394176522712,5.9849239193667354e-18,0.18777544455033787,0.078115953736139096,0.47814180749647062,2.2849911186492633e-05,0.026757174885673453,0.099869351151568447,2.348536170689102e-18,0.053574577134119471,0.48653116576101585,0.33326054933576288,7.1817318599599075e-06,0.26991397146014234,0.0010920938039215696,4.2940656336278387e-10,0.0015937959524523714,1.8790180313125021e-05,0.41744298370723903,5.5145590978939317e-05,1.3510179798716125e-06,3.6855244190936865e-10,2.3742311779098868e-12,1.4078876237430229e-10,3.4466152093023297e-11,6.2354023645051702e-08,0.30988180495736056,nan,nan,nan,nan,nan,nan,nan,nan,nan,nan,nan,nan,nan,nan,0,0,0,0,0,0,0,-2.8600149622649439e-13,-1.2545116103783982e-14,-2.4989123261202312e-15,4.0459750623898501e-13,2.5316120727536529e-16,-4.7642994150526308e-12,-2.1799386749925523e-16,1.1610721065147267e-14,-2.5460816019970403e-17,-5.0654115716459442e-20,1.3914638393910964e-20,-4.8461804365445487e-20,2.305271828527812e-14,4.6259384324685749e-12,nan,nan,nan,nan,nan,nan,nan,nan,nan,nan,nan,nan,nan,nan,-6.5493835106535808e-08,5.9842671873422404e-08,2.6805822523651922e-24,5.6558950607233659e-09,2.021375384020363e-07,-7.1150136171649336e-08,0,0.0075115294628217994,0.051473308948306588,1.351563512904113e-18,0.043071155249805794,0.017920269226571185,0.10906781586763468,5.2306016708427849e-06,-5.0516479775325312e-05,6.8293757051811205e-05,-3.9500346760280881e-21,4.4665771859649063e-06,4.3758350578184819e-05,-0.00010386713894436211,-2.2375963868847833e-09
42,1,lumen,0.019473684210526313,0.0015,0.018947368421052629,0.019999999999999997,0.001,0.002,1000013.2741271757,1.2891238964928853,12.572483992234273,3030.887859145852,0.17732738687389332,1173,1173,4.0760694617111181e-05,0.24296766922018725,0.59999999999999998,2,500000,0.00035,0.0001,0.035160809738335498,0.22094596586642151,6.0592532754347097e-18,0.18740768819518411,0.077795828139924736,0.47939426066455809,2.2867675930337539e-05,0.027554616816631426,0.099173138843424657,2.3807695734200879e-18,0.053538598010761079,0.48516210513482755,0.33456434461138729,7.1965829680543108e-06,0.27002248939597573,0.0011014521324963745,4.4300551363889992e-10,0.0016029312761683236,1.8819039698633656e-05,0.41675390223979913,5.5539837600833905e-05,1.3350304211470541e-06,3.6613031282529638e-10,2.3856927905669532e-12,1.4404365929890885e-10,3.5206739299591549e-11,6.2361980529965175e-08,0.31044346769508735,nan,nan,nan,nan,nan,nan,nan,nan,nan,nan,nan,nan,nan,nan,0,0,0,0,0,0,0,-1.05427576157912e-13,-9.7757692538145527e-15,-1.2733820289244251e-14,6.4346249087472685e-13,2.2654404394084615e-16,-7.1425356948373597e-12,1.4454480579147805e-16,1.5121584540089827e-14,-2.4378371140997479e-17,-3.5818250151757292e-20,2.6024588411081432e-20,-4.6335837100084834e-20,2.3724538192471764e-14,6.5879523156187958e-12,nan,nan,nan,nan,nan,nan,nan,nan,nan,nan,nan,nan,nan,nan,-6.8089333736358337e-08,6.1545142870933489e-08,-5.7496392183697703e-24,6.5513071149844501e-09,2.1081938648970233e-07,-7.4641296254895906e-08,0,0.0077179840882981056,0.051049790160649859,1.3663983501144665e-18,0.042971682585336304,0.017842286738116303,0.10928272135132017,5.231946016208287e-06,-0.00010516556087583678,0.00013686934748947623,-8.6638583105920742e-21,-1.8347548862539278e-06,9.9326070546848505e-05,-0.00022551997529646287,-5.225399345357474e-09
42,2,lumen,0.019473684210526313,0.0025000000000000001,0.018947368421052629,0.019999999999999997,0.002,0.0030000000000000001,1000013.2059503719,1.2918598958394931,12.599168328306977,3033.1797941662039,0.17639402413917546,1173,1173,4.0748594912242438e-05,0.24246819119285706,0.59999999999999998,2,500000,0.00035,0.0001,0.037203160306272472,0.21737349048316482,6.2262916472616919e-18,0.18706248085377139,0.077132033364881336,0.48243672636411994,2.2929407403246657e-05,0.029217034160924731,0.097776693920350891,2.4515937410144938e-18,0.05355340235377689,0.48204338882377473,0.33740224941542712,7.2313257457279802e-06,0.27017786093917989,0.0011222362391529403,4.7152074051067704e-10,0.0016226817125971371,1.8904112928236648e-05,0.41537526474965941,5.6405692602581223e-05,1.3017159440425393e-06,3.6118256246738978e-10,2.4102655969582233e-12,1.508619154171009e-10,3.6769589876033261e-11,6.2442353057036295e-08,0.31162528137283746,nan,nan,nan,nan,nan,nan,nan,nan,nan,nan,nan,nan,nan,nan,0,0,0,0,0,0,0,-3.8501173005258072e-13,-1.185682545722095e-14,4.7664835133034578e-15,5.6970342469445071e-13,3.0493186101154812e-16,-6.1448695524296548e-12,-7.7553255990832227e-16,1.6511531725216244e-14,-2.9466787671766031e-17,-5.440972410819046e-20,8.4247350186851391e-20,-1.3238595311498739e-19,2.7881080167252987e-14,5.9235115875642541e-12,nan,nan,nan,nan,nan,nan,nan,nan,nan,nan,nan,nan,nan,nan,-7.3602959576972438e-08,6.6050647562487796e-08,1.6223205739528641e-23,7.5584074894721115e-09,2.2836744993648406e-07,-8.1161931009265942e-08,0,0.0081328911239036475,0.050126516064821457,1.3961515027625011e-18,0.042748167974460217,0.017650845222460323,0.10959036422434583,5.2285271035199128e-06,-0.00017015762241951043,0.00021488570649795497,-1.5854088659544558e-20,-3.8208054210777398e-05,0.00017584234230552399,-0.00037569100885530054,-9.3345559108419072e-09
42,3,support,0.019473684210526313,0.0035000000000000001,0.018947368421052629,0.019999999999999997,0.0030000000000000001,0.0040000000000000001,1000108.4546764987,1.2990643527860668,12.668224877552305,3031.4275784797055,0.17665113519284789,1173,1173,4.0738703023217178e-05,0.24148557385111191,0.40000000000000002,2,300000,0.00033700000000000001,0.0001,0.04041659562304372,0.21133171217642915,6.5209010941174346e-18,0.1871178098641097,0.075826771828248291,0.48656091888400477,2.3000858481625428e-05,0.031914637046550773,0.095580066176692735,2.581668900073646e-18,0.053862857459919936,0.47648343118010777,0.34215171451851556,7.2936182133163251e-06,nan,nan,nan,nan,nan,nan,nan,nan,nan,nan,nan,nan,nan,nan,0.27031691543544112,0.0011585507853377208,5.1834331613759913e-10,0.0016560267079406088,1.9079537003446784e-05,0.41320573193710486,5.7896899610873035e-05,1.2482633980547482e-06,3.5328370069357552e-10,2.453154841890967e-12,1.6207549115756598e-10,3.9369762550040735e-11,6.2659451850760025e-08,0.31358448669918565,0,0,0,0,0,0,0,nan,nan,nan,nan,nan,nan,nan,nan,nan,nan,nan,nan,nan,nan,7.0246892913327058e-15,-2.0574874535186059e-15,-3.4495912804057505e-15,1.7118147724065348e-13,-2.4324075739712292e-16,2.236379918058029e-12,8.1978550891126754e-15,-8.9396805930119783e-15,1.770553874374459e-17,2.0115849887507624e-20,-7.9207635982598429e-20,1.178160002678269e-19,-1.4986783214468005e-14,-2.3931413405458967e-12,-8.2843856741201399e-08,8.1779471916565427e-08,-1.4370823846580294e-23,1.0621760378698799e-09,2.4959375631572467e-07,-8.3906207259953902e-08,0,0.0088480189251571272,0.049243834629675916,1.4583152146137766e-18,0.042962441795373826,0.017559347559288219,0.11117019306110505,5.277255706535968e-06,-3.7462930366087755e-06,-2.4378237513102013e-05,-3.0452678267299438e-20,-0.00022520636203626982,0.00014441033628025249,-0.00019235545556079786,-1.2553538840026454e-08
42,4,support,0.019473684210526313,0.0045000000000000005,0.018947368421052629,0.019999999999999997,0.0040000000000000001,0.0050000000000000001,1000071.1756748547,1.8700251539343253,18.236804203615847,2301.7658792515185,0.11242954390676936,1173,1173,4.2964536760490016e-05,0.18340800335512253,0.40000000000000002,2,300000,0.00033700000000000001,0.0001,0.03041807077945434,0.16396479703253497,2.4186796989774703e-17,0.32733345515485418,0.030051583488749152,0.44567883737342484,2.4206995359421464e-05,0.034577597772027506,0.10675451266576055,1.3784920339243903e-17,0.13564307598337033,0.27184764091911368,0.45116612239102399,1.1050268704070253e-05,nan,nan,nan,nan,nan,nan,nan,nan,nan,nan,nan,nan,nan,nan,0.21960343897979409,0.0028798876941219524,6.039947303115011e-10,0.0023485622334260591,5.2961096334507188e-05,0.43772775079498566,0.00010870473664397371,6.488383166783491e-07,3.2054729145567179e-10,2.2067372541603448e-12,1.6688215448631769e-10,4.7072849350901837e-11,1.3139121305679252e-07,0.33727791309446092,0,0,0,0,0,0,0,nan,nan,nan,nan,nan,nan,nan,nan,nan,nan,nan,nan,nan,nan,-3.2272733869981758e-12,6.5737270951921993e-14,-5.9604509833506442e-13,5.5774472403123836e-12,3.0613532542300703e-15,3.9889114147179106e-12,-9.868941681738754e-14,7.7201699894002829e-15,-1.4423136922129975e-17,-1.3015906012137246e-19,7.3871798873869727e-19,-9.4516793614288108e-19,4.011861232495683e-14,-5.7611838136975629e-12,-1.4042259060880954e-07,-1.5856094104371721e-08,2.959006596949554e-23,1.5627524086947557e-07,5.7754644625790386e-07,-2.9670400747416892e-07,0,0.0058385486054723683,0.034139451933714336,5.3179567184202906e-18,0.070626191966890128,0.0060525763362344696,0.092037968169513887,5.0747574604687755e-06,0,0,0,0,0,0,0
43,0,lumen,0.020526315789473684,0.00050000000000000001,0.019999999999999997,0.021052631578947371,0,0.001,1000000,1.2852257012045922,12.534632309955448,3024.5746803112766,0.17810735515959808,1173,1173,4.0801357119163456e-05,0.24355660349150693,0.59999999999999998,2,500000,0.00035,0.0001,0.031085576464348653,0.22761961014048948,5.8067574575404051e-18,0.18876351361947449,0.078784287161662761,0.47461729056181123,2.2867830588328797e-05,0.024287618969246107,0.10186105389669556,2.2746912195562445e-18,0.053763576467435764,0.48984725762568759,0.33023331807602507,7.174964909913733e-06,0.2695044344073223,0.0010695868093174032,3.8786124506321041e-10,0.0015715652874329071,1.8769658914537803e-05,0.41941535636656696,5.4192469345034841e-05,1.393186574431176e-06,3.7532716106502637e-10,2.3323531775110478e-12,1.3067840242555553e-10,3.2180492825600858e-11,6.2497494189687945e-08,0.30836463838865341,nan,nan,nan,nan,nan,nan,nan,nan,nan,nan,nan,nan,nan,nan,0,0,0,0,0,0,0,-1.0454395844809832e-13,-8.8210694451968047e-15,-6.1312988123314495e-15,5.9386107240298394e-13,2.1087732254843061e-16,-6.1122675931030157e-12,-9.2694926903763144e-16,1.1524201731782924e-14,-2.2145503887107177e-17,-3.8127384608423023e-20,1.3194862014019119e-20,-3.8399100514949621e-20,2.027676822320585e-14,5.6070980341087755e-12,nan,nan,nan,nan,nan,nan,nan,nan,nan,nan,nan,nan,nan,nan,-5.7801410056294161e-08,5.1471576223427462e-08,8.0326354443287639e-24,6.3359201719003725e-09,1.7974021056244016e-07,-6.4137929411955952e-08,0,0.0071157418133393179,0.052103983957648412,1.3292141095703482e-18,0.043209506770299645,0.018034365456703855,0.10864376614208179,5.2346328041994905e-06,-4.3827897514305415e-05,6.0816539389155033e-05,-3.1625251603207908e-21,3.9924065311670003e-06,3.6393335613201721e-05,-8.7435022335113799e-05,-1.9147883425196052e-09
43,1,lumen,0.020526315789473684,0.0015,0.019999999999999997,0.021052631578947371,0.001,0.002,1000000,1.285280193639039,12.535163767293117,3027.9119604988382,0.17782796519189709,1173,1173,4.0793896706495895e-05,0.2434008844559182,0.59999999999999998,2,500000,0.00035,0.0001,0.031968099856744328,0.22622568417235017,5.8722217187973619e-18,0.18864284171459506,0.078598834157547134,0.47616846461684142,2.29072620167588e-05,0.024978206509597315,0.10124155656795217,2.3004331809169449e-18,0.053731484796746186,0.48871490976347493,0.33132665472065642,7.1876415729753382e-06,0.26961251821895521,0.0010772910760173874,3.9951148001194353e-10,0.0015792270572799342,1.8789869822325572e-05,0.41881074279167485,5.4519697794926791e-05,1.3791041226422528e-06,3.7319411116308645e-10,2.3414878045765657e-12,1.3345673650152609e-10,3.2807174492349505e-11,6.2492470371857389e-08,0.30884546875055136,nan,nan,nan,nan,nan,nan,nan,nan,nan,nan,nan,nan,nan,nan,0,0,0,0,0,0,0,-9.3706300540791597e-13,-8.3810959120033766e-15,3.8982009120313543e-14,9.9307780173203945e-14,2.5061333217002435e-16,2.3349291250474025e-13,-5.6650588931983837e-16,1.3651406394199483e-14,-2.2769268482721803e-17,-3.4667808325170821e-20,2.615131506586397e-20,-4.8463235775646116e-20,2.1666834900620508e-14,5.3892992546424155e-13,nan,nan,nan,nan,nan,nan,nan,nan,nan,nan,nan,nan,nan,nan,-5.9986726620286229e-08,5.3385910858683161e-08,7.5079319169130989e-24,6.600507746575163e-09,1.8656102797331986e-07,-6.6587294011988263e-08,0,0.0073065893119255423,0.051705862202129471,1.3421477235147574e-18,0.043115974274971922,0.01796445219324426,0.10883247455545618,5.2356554367374085e-06,-8.9682589062898001e-05,0.00012371214173302538,-6.3993914448357703e-21,8.1190363213852895e-06,7.2193580610420356e-05,-0.00017275523237437186,-3.6003561278805417e-09
43,2,lumen,0.020526315789473684,0.0025000000000000001,0.019999999999999997,0.021052631578947371,0.002,0.0030000000000000001,1000000,1.2891307501146974,12.572717723431603,3025.871825731158,0.17705819920414392,1173,1173,4.0778093150907115e-05,0.24309788554772224,0.59999999999999998,2,500000,0.00035,0.0001,0.033677486624093825,0.22274151930944946,5.9874176254710627e-18,0.18785069062676607,0.07800292594560905,0.47784644973078982,2.29146735761312e-05,0.026392665521372264,0.099980944218707526,2.3525880272937932e-18,0.053666152546115765,0.48646268329160808,0.33349034291474716,7.2115074492434183e-06,0.26984490488560586,0.0010928053371860823,4.2347544784986199e-10,0.0015945884702129925,1.8823155601573072e-05,0.41756590443623509,5.5177268480203791e-05,1.3511444323703157e-06,3.6886493990147461e-10,2.3616690718570916e-12,1.3920142249589426e-10,3.4106924871030104e-11,6.2458705926610944e-08,0.30982638187552958,nan,nan,nan,nan,nan,nan,nan,nan,nan,nan,nan,nan,nan,nan,0,0,0,0,0,0,0,-3.7884815359271549e-13,-9.9302060146599032e-15,-2.4054453439723774e-15,1.470563747680327e-13,2.7034581170926053e-16,-3.4335876156199596e-12,-9.6846913899003311e-16,1.3715374322376128e-14,-2.5409797225848146e-17,-4.8959038464405025e-20,6.7574387567502858e-20,-1.1131995381581763e-19,2.3526594511401835e-14,3.6412261206572751e-12,nan,nan,nan,nan,nan,nan,nan,nan,nan,nan,nan,nan,nan,nan,-6.4501854434018124e-08,5.8306542594088739e-08,4.5976848029831062e-25,6.1987103319189875e-09,1.9970445817862892e-07,-7.0700713394877823e-08,0,0.007686925696117463,0.050841012201519119,1.36663507322701e-18,0.04287713976194487,0.017804259044517802,0.10906901082713875,5.2303010345341151e-06,-0.0001379004612509237,0.0001972782715646226,-8.7151649178167773e-21,1.6976293161655702e-05,9.4428031215080459e-05,-0.00023312807063682189,-3.804599380886085e-09
43,3,support,0.020526315789473684,0.0035000000000000001,0.019999999999999997,0.021052631578947371,0.0030000000000000001,0.0040000000000000001,1000000,1.2901913118051742,12.583061238052959,3033.6684236930696,0.17790818135236838,1173,1173,4.0748065793013267e-05,0.24277551210398229,0.40000000000000002,2,300000,0.00033700000000000001,0.0001,0.036426643903385167,0.21808155301879575,6.1634573212303634e-18,0.18721772216926968,0.077464887347617889,0.48164563998755816,2.2976057821911564e-05,0.028570634602820173,0.09796977995448769,2.4237502628654137e-18,0.053529324976816242,0.48350467326088775,0.33641835043045537,7.2367745327198732e-06,nan,nan,nan,nan,nan,nan,nan,nan,nan,nan,nan,nan,nan,nan,0.27033805055562443,0.0011145650146292018,4.6066153588192141e-10,0.001616450382013459,1.8812104613094495e-05,0.41551405713696704,5.6104592549320385e-05,1.3108455260759498e-06,3.6210560680809922e-10,2.3971838526034459e-12,1.4822463521289969e-10,3.615180423498616e-11,6.2231135240116142e-08,0.31134058612740134,0,0,0,0,0,0,0,nan,nan,nan,nan,nan,nan,nan,nan,nan,nan,nan,nan,nan,nan,-8.5406301747158148e-14,4.0693941442980302e-16,-6.4795059803561914e-15,-1.2540029469163428e-13,-1.7347234759768071e-16,3.7249912356041026e-12,4.5436037876074748e-15,-7.1531322531903641e-15,1.4013605022432588e-17,2.3226627370900941e-20,-8.0122381417808438e-20,1.1594388697764052e-19,-1.1876577770929226e-14,-3.4934001060731056e-12,-7.1530037639572219e-08,7.1859378780736449e-08,-4.9950701387923222e-24,-3.3304047086288229e-10,2.1425713829514859e-07,-7.1196878281831744e-08,0,0.0083612111957080317,0.050057477914090702,1.4147328119281074e-18,0.042973130294091742,0.017780948612314312,0.1105548160876189,5.2738229852668171e-06,-0,-0,-0,-0,0,-0,-0
43,4,support,0.020526315789473684,0.0045000000000000005,0.019999999999999997,0.021052631578947371,0.0040000000000000001,0.0050000000000000001,999999.99999999988,1.9367036177575216,18.888408253272718,2231.8226439870277,0.10754952325662437,1173,1173,4.3229779917348323e-05,0.17803616040043013,0.40000000000000002,2,300000,0.00033700000000000001,0.0001,0.025020351513768042,0.16260039160566997,2.6907472788520454e-17,0.34937701171940067,0.027281122027784717,0.43427290797992019,2.4363722121973959e-05,0.029457995015423604,0.1096487889607252,1.5883471813657127e-17,0.14995059264387939,0.25560365598618506,0.45532744819654003,1.1519197246786886e-05,nan,nan,nan,nan,nan,nan,nan,nan,nan,nan,nan,nan,nan,nan,0.21380367552255561,0.0031037999697848609,5.1663142651235349e-10,0.0023797392405879971,5.8623051294904777e-05,0.44188382515167696,0.00011359829580845562,6.233622198047913e-07,3.2051976321313528e-10,1.9666289991691087e-12,1.4293503735608613e-10,4.1163992790348613e-11,1.4101904783363954e-07,0.33865597336380687,0,0,0,0,0,0,0,nan,nan,nan,nan,nan,nan,nan,nan,nan,nan,nan,nan,nan,nan,2.1355743256649842e-12,2.8898728738330171e-13,1.2651652422541176e-13,-2.4408667298086485e-12,5.2948097295502095e-15,-3.3945758530495862e-12,-3.07370716159782e-13,5.955739373897373e-15,-1.1226274209550987e-17,-2.2400455207836889e-19,1.5709323572106281e-18,-2.2402456661801841e-18,3.0483484439307819e-14,3.5496737271229605e-12,-1.2376536870232005e-07,-3.0653081128928505e-08,2.1510452389709189e-23,1.5442167604680028e-07,5.2571648471305688e-07,-2.7818448883332181e-07,0,0.0052115278178434784,0.033868287724850399,5.6045992346700809e-18,0.0727722795776371,0.0056824272141639031,0.090455377464530889,5.0747574635394851e-06,0,0,0,0,0,0,0
