axial_index,radial_index,region,z,r,z_left,z_right,r_inner,r_outer,pressure,density,mean_molecular_weight,cp_mass,velocity_axial,gas_temperature,solid_temperature,viscosity,thermal_conductivity,porosity,tortuosity,specific_surface_area,particle_diameter,pore_radius,Y_CH4,Y_CO,Y_O2,Y_CO2,Y_H2,Y_H2O,Y_AR,X_CH4,X_CO,X_O2,X_CO2,X_H2,X_H2O,X_AR,theta_H(s),theta_O(s),theta_CH4(s),theta_H2O(s),theta_CO2(s),theta_CO(s),theta_OH(s),theta_C(s),theta_HCO(s),theta_CH(s),theta_CH3(s),theta_CH2(s),theta_COOH(s),theta_Ni(s),theta_support_H(s),theta_support_O(s),theta_support_CH4(s),theta_support_H2O(s),theta_support_CO2(s),theta_support_CO(s),theta_support_OH(s),theta_support_C(s),theta_support_HCO(s),theta_support_CH(s),theta_support_CH3(s),theta_support_CH2(s),theta_support_COOH(s),theta_support_Ni(s),wdot_CH4,wdot_CO,wdot_O2,wdot_CO2,wdot_H2,wdot_H2O,wdot_AR,sdot_H(s),sdot_O(s),sdot_CH4(s),sdot_H2O(s),sdot_CO2(s),sdot_CO(s),sdot_OH(s),sdot_C(s),sdot_HCO(s),sdot_CH(s),sdot_CH3(s),sdot_CH2(s),sdot_COOH(s),sdot_Ni(s),sdot_support_H(s),sdot_support_O(s),sdot_support_CH4(s),sdot_support_H2O(s),sdot_support_CO2(s),sdot_support_CO(s),sdot_support_OH(s),sdot_support_C(s),sdot_support_HCO(s),sdot_support_CH(s),sdot_support_CH3(s),sdot_support_CH2(s),sdot_support_COOH(s),sdot_support_Ni(s),sdot_gas_CH4,sdot_gas_CO,sdot_gas_O2,sdot_gas_CO2,sdot_gas_H2,sdot_gas_H2O,sdot_gas_AR,axial_flux_CH4,axial_flux_CO,axial_flux_O2,axial_flux_CO2,axial_flux_H2,axial_flux_H2O,axial_flux_AR,radial_flux_CH4,radial_flux_CO,radial_flux_O2,radial_flux_CO2,radial_flux_H2,radial_flux_H2O,radial_flux_AR
0,0,lumen,0.0005263157894736842,0.00050000000000000001,0,0.0010526315789473684,0,0.001,1000238.4534644755,1.5941513165197658,15.543835541943977,3044.5033279191998,0.14189531177825435,1173,1173,3.9665075761319311e-05,0.19196702862043874,0.59999999999999998,2,500000,0.00035,0.0001,0.17986975818370229,0.033090858548923727,9.9520146128020138e-17,0.081735924138457414,0.024570654400045286,0.68268584417488121,2.2833661891828167e-05,0.17427326186976877,0.018363401043420255,4.8344421042695716e-17,0.028868862338998637,0.18944554124615381,0.58904004932931153,8.8841723471071448e-06,0.25610243632917751,0.0075350853143311145,4.2527281802806225e-09,0.0042837426514198279,2.3793706442113697e-05,0.26069969838180668,0.00023746247437753213,8.3663969840151765e-08,6.4314549953361979e-11,1.4750429489531981e-11,1.2272132185713268e-09,3.8015742920355032e-10,4.9359555534197422e-08,0.47111764217979496,nan,nan,nan,nan,nan,nan,nan,nan,nan,nan,nan,nan,nan,nan,0,0,0,0,0,0,0,9.7761618581120449e-10,-3.6137186033318285e-10,-2.1509638565159595e-10,-3.621874773478615e-09,1.6628344751482005e-12,6.2292046949775047e-09,3.4543927426971282e-10,-8.3194956457775804e-12,-3.2216685522816338e-14,-4.8150107821384481e-16,2.1106209335601515e-15,-3.5886048056967992e-15,-9.2232838675911352e-12,-3.3380028228174611e-09,nan,nan,nan,nan,nan,nan,nan,nan,nan,nan,nan,nan,nan,nan,-1.7398523442617442e-06,7.2651312221783115e-07,8.223732525395165e-22,1.0073410278584051e-06,6.2268712788804415e-06,-2.7437714220646114e-06,0,0.037414566832228949,0.010797977135055653,1.6291438718391997e-17,0.023372562504726288,0.0065490527109824202,0.14949572197600478,5.1916002341901938e-06,-1.404817741833027e-05,1.8775892357868032e-06,-9.8928195911509017e-20,-1.8946581892104984e-05,2.7881253983300137e-05,-5.1693695497266666e-05,-2.0391207872825528e-09
0,1,lumen,0.0005263157894736842,0.0015,0,0.0010526315789473684,0.001,0.002,1000238.0106427982,1.6394060998364564,15.985101175676432,2962.1755314142888,0.14177981960354355,1173,1173,3.9671345333981117e-05,0.19165855758658265,0.59999999999999998,2,500000,0.00035,0.0001,0.17516599409727782,0.032138239603126964,9.8767731575346503e-17,0.079977475775888832,0.023731770452825096,0.66480341350657068,2.22451270414527e-05,0.17453382398447465,0.018341057181867751,4.9340964501655276e-17,0.029049695336244723,0.18817199988409605,0.58989452272204213,8.900891274678277e-06,0.25551907423109305,0.0076053725523905161,4.2637355409210313e-09,0.0042946410207650746,2.3986253160628583e-05,0.26068563249512738,0.00023887063883093224,8.2975022510476741e-08,6.4089950331456757e-11,1.4841465048837742e-11,1.2316939420238832e-09,3.8231051590551065e-10,4.9591750863055692e-08,0.47163228428512421,nan,nan,nan,nan,nan,nan,nan,nan,nan,nan,nan,nan,nan,nan,0,0,0,0,0,0,0,-4.2601653962896828e-10,-8.1970835403153949e-12,-1.4588543990689188e-11,5.1748918000324059e-10,-1.4222889359316593e-14,4.7305256500179693e-10,8.066078491725091e-12,-1.2615993319475827e-14,-2.2560825430706976e-17,-1.5533961799232922e-18,2.2354565980412924e-17,-7.0031825879100028e-18,-1.5522878679722933e-13,-5.4962307359495655e-10,nan,nan,nan,nan,nan,nan,nan,nan,nan,nan,nan,nan,nan,nan,-1.7528332236574351e-06,7.3554407578613201e-07,-7.8140068796129786e-21,1.0168308659226978e-06,6.2755830675248481e-06,-2.7701958794645876e-06,0,0.037356474928737705,0.010839014184844927,1.6494772749766657e-17,0.02363852047134795,0.0065116081276234399,0.1494577151835684,5.1953609493267565e-06,-6.3591965588936141e-05,9.0796510390434973e-06,-3.3258101098989321e-19,-7.0775619464821926e-05,0.00011860351400909619,-0.00022670546970571216,-6.757756316666208e-09
0,2,lumen,0.0005263157894736842,0.0025000000000000001,0,0.0010526315789473684,0.002,0.0030000000000000001,1000236.718872849,1.6327318473084738,15.920044143424475,2981.7116055729002,0.14123156823447089,1173,1173,3.9695473952320355e-05,0.19035986784336464,0.59999999999999998,2,500000,0.00035,0.0001,0.1770708556212082,0.032079019220539802,1.0592355817359347e-16,0.082176227834163548,0.023140302674687304,0.67169311563468237,2.2475463240545374e-05,0.17571375914751458,0.018232752662219059,5.2700410086636604e-17,0.029726855294598623,0.18273543654425861,0.59358223989666736,8.9564547417621126e-06,0.2530112666059659,0.0079184009329362481,4.3131733274189157e-09,0.0043422478323165634,2.4824900537715068e-05,0.26055954378225793,0.00024508375233615024,8.0005718445508537e-08,6.3086120131270702e-11,1.5249892557466652e-11,1.2519210887870642e-09,3.9197378067565413e-10,5.0580646331537524e-08,0.47389849557178854,nan,nan,nan,nan,nan,nan,nan,nan,nan,nan,nan,nan,nan,nan,0,0,0,0,0,0,0,-1.912810882981067e-09,-9.6419187978351221e-11,-5.1729034262405662e-11,1.4661529356815529e-09,-3.8027014263170011e-13,2.576039028249176e-09,9.5563416834541058e-11,-9.544719615367514e-15,-2.8838841828081435e-16,-2.9568008987842321e-17,3.0477842810690627e-16,-1.8440206018683857e-16,-2.0417846969435803e-12,-2.074364684680982e-09,nan,nan,nan,nan,nan,nan,nan,nan,nan,nan,nan,nan,nan,nan,-1.8102452001844682e-06,7.4289277061934111e-07,3.6951264423567641e-21,1.0648305513636697e-06,6.4966277150968477e-06,-2.8765903651306601e-06,0,0.037558697883383889,0.010603496421708354,1.7604995091296209e-17,0.023837115625057654,0.0062927675617792571,0.1497754188793223,5.1989707580688601e-06,-0.00064881505164460186,0.00031156400156246084,-2.4059585826429423e-18,0.00060713612716008854,0.00055322602513144931,-0.0014163565642060544,-1.3726874859124916e-08
0,3,support,0.0005263157894736842,0.0035000000000000001,0,0.0010526315789473684,0.0030000000000000001,0.0040000000000000001,1001933.9962908499,1.6831472630209068,16.383821194681339,2940.2477479704935,0.13888437479859281,1173,1173,3.9573688830292382e-05,0.18596732662939608,0.40000000000000002,2,300000,0.00033700000000000001,0.0001,0.18393700998771079,0.024756885192309726,1.5088291347618903e-16,0.064131440861615444,0.019313387721750331,0.67824442102637883,2.2117321326961795e-05,0.18784461028005792,0.014480984660052007,7.7256037118771685e-17,0.023875072372332662,0.15695788248844814,0.61683237970504357,9.0704940657385295e-06,nan,nan,nan,nan,nan,nan,nan,nan,nan,nan,nan,nan,nan,nan,0.24643480250504088,0.010058802916529419,4.8498352851383793e-09,0.0047461682130572978,2.5071361643585505e-05,0.2408334825988834,0.00028878822495499815,5.542213166430475e-08,4.8885456762635631e-11,1.8692009549958309e-11,1.4535859146517562e-09,4.7539580709582044e-10,4.740974935233186e-08,0.49761277450155883,0,0,0,0,0,0,0,nan,nan,nan,nan,nan,nan,nan,nan,nan,nan,nan,nan,nan,nan,1.695460030875643e-08,-3.4126721835349966e-09,-1.5045183345240004e-09,-3.3971487973702304e-08,2.5411556539567393e-12,2.3245861730262964e-08,3.2659433875851773e-09,-1.2813789146502025e-11,-3.6851254432593224e-14,-2.900661512252944e-15,1.6011600347960476e-14,-2.1264745392893348e-14,1.3024062550378272e-11,-4.5804336510214494e-09,-2.3326371660949141e-06,9.2175000358796222e-07,-6.5910894594761445e-21,1.3891431126726829e-06,8.3813330575693845e-06,-3.6891949675155189e-06,0,0.039668011341873442,0.008640146041360269,2.3615815835306257e-17,0.01985641944794643,0.00583829908013198,0.15298322937379255,5.1751322623453795e-06,-1.308614181421974e-06,-3.1515694632561648e-08,-1.6923096163174807e-20,-2.0190938493720608e-06,3.0064379350941136e-06,-5.6454669806078144e-06,-1.834121727761771e-10
0,4,support,0.0005263157894736842,0.0045000000000000005,0,0.0010526315789473684,0.0040000000000000001,0.0050000000000000001,1001555.0185753374,1.6214099505556532,15.788839852452307,3058.8689124862985,0.13767007341526366,1173,1173,3.9604766029164433e-05,0.18449343454800149,0.40000000000000002,2,300000,0.00033700000000000001,0.0001,0.19196411096872032,0.0257193547537591,1.7188905001399606e-16,0.068934839004099677,0.019269329153084977,0.70847406356403286,2.3119517530567717e-05,0.18892293246297504,0.014497635605694767,8.4815572318930833e-17,0.024731330711679718,0.15091287304675058,0.62092609099243024,9.1371804694892951e-06,nan,nan,nan,nan,nan,nan,nan,nan,nan,nan,nan,nan,nan,nan,0.24278678005535137,0.010582802814673125,4.8998058541973446e-09,0.0047993554166458723,2.639569621499222e-05,0.24144576080468561,0.00029786914257933655,5.3260508145437216e-08,4.8198914365075051e-11,1.9313187695358057e-11,1.4807558517975852e-09,4.8976935121414124e-10,4.8937406866620975e-08,0.5000609269343137,0,0,0,0,0,0,0,nan,nan,nan,nan,nan,nan,nan,nan,nan,nan,nan,nan,nan,nan,1.5389347995745666e-08,-3.8144735976407732e-09,-3.1163562762751025e-09,-4.901408163992346e-08,1.2914380936174252e-11,6.1562340285595523e-08,3.6755796399394122e-09,-4.0808791838386343e-11,-1.6976295184822356e-13,-4.4078907176651025e-15,1.8449425480142256e-14,-3.3050942201099542e-14,-5.0430179792569858e-11,-2.4603842555006436e-08,-2.4209078609595258e-06,8.8035126911967243e-07,-1.2415662746590164e-20,1.4821891211904344e-06,8.744619034724288e-06,-3.8570636748946896e-06,0,0.039795740294875322,0.008330734654704991,2.6821703348689132e-17,0.020596972140201387,0.0053443684767419397,0.15320930167877492,5.1871357973361518e-06,0,0,0,0,0,0,0
1,0,lumen,0.0015789473684210526,0.00050000000000000001,0.0010526315789473684,0.0021052631578947368,0,0.001,1000227.7763619123,1.5217935593953777,14.838466759714434,3016.2557623397943,0.15051138200427477,1173,1173,4.0001294322494916e-05,0.20812609805093221,0.59999999999999998,2,500000,0.00035,0.0001,0.14311803854420885,0.065214923834142499,3.5566153648830407e-17,0.12730461656320927,0.038153311152209379,0.61835978126360547,2.2626375784740903e-05,0.13237251496938054,0.034547999983942597,1.6493130467187517e-17,0.042923159381748559,0.28082174568705404,0.50932617595472096,8.4040231533087731e-06,0.2691245176819026,0.0037941909922147936,2.7881852367932023e-09,0.0031970634021064089,2.2571629522870286e-05,0.31707582541686596,0.00014557421965308889,2.3200374489231648e-07,1.2714872099840101e-10,8.0058512631970004e-12,7.6586356741238338e-10,2.1021897015914589e-10,5.6944956342926527e-08,0.40663996380956352,nan,nan,nan,nan,nan,nan,nan,nan,nan,nan,nan,nan,nan,nan,0,0,0,0,0,0,0,9.797501752741884e-09,-4.7898451325689045e-10,-1.4990631056414687e-09,-2.4309315771203395e-08,2.5640249472214105e-12,4.3227875425044804e-08,4.2896282634196251e-10,-2.242788908150134e-11,-5.0490836389951284e-14,-8.7668488227143563e-16,4.2087326566669928e-15,-6.0828490511470361e-15,-2.3884396249611783e-13,-2.7146820487062785e-08,nan,nan,nan,nan,nan,nan,nan,nan,nan,nan,nan,nan,nan,nan,-7.9641739156831315e-07,4.1292363955891531e-07,-1.0880961973426628e-21,3.4178509567602471e-07,2.7303961064317761e-06,-1.1153669686736478e-06,0,0.030710597754556562,0.017534976716843117,6.8440641905437051e-18,0.031414608757458259,0.0093357814327028957,0.13888060692765075,5.1992439439627851e-06,-1.5856914672471196e-05,-6.0166252918756826e-06,-3.6694862328764892e-20,-5.9561418024054392e-05,5.5015069821706374e-05,-9.0703282720892855e-05,-3.6307567077969852e-09
1,1,lumen,0.0015789473684210526,0.0015,0.0010526315789473684,0.0021052631578947368,0.001,0.002,1000227.3445472915,1.5208819995321157,14.829584866463566,3021.0600155301877,0.15021443016379316,1173,1173,4.0020570583401619e-05,0.20751320990843369,0.59999999999999998,2,500000,0.00035,0.0001,0.14350830816829463,0.065382674888045458,3.6340520064564427e-17,0.12900331165049256,0.037866430412915195,0.62040896668676404,2.2715647716890511e-05,0.13265403197807965,0.034616134453718903,1.684214095846241e-17,0.043469871121266733,0.27854337470156892,0.51070815561456206,8.4321308038627566e-06,0.26829928105059109,0.0038394458217511939,2.7969136229204282e-09,0.003208950300856959,2.2885826420979483e-05,0.31743482041532717,0.00014671175804735554,2.3018468783492283e-07,1.2700879954851612e-10,8.0585656525854289e-12,7.6856966412497539e-10,2.1151112293046752e-10,5.7503068812130753e-08,0.40704761322695582,nan,nan,nan,nan,nan,nan,nan,nan,nan,nan,nan,nan,nan,nan,0,0,0,0,0,0,0,1.9079633568293325e-10,-3.1961907894040078e-12,-2.9347400664789864e-11,-4.2869818328538286e-10,2.3904272658525905e-14,8.1251614800475352e-10,2.8802350509024789e-12,-1.6664588545906023e-13,-3.2217794031949618e-16,-5.9398806070161167e-18,2.8833724480391755e-17,-4.2301535106845329e-17,-3.7196995448682399e-14,-5.4477053533603838e-10,nan,nan,nan,nan,nan,nan,nan,nan,nan,nan,nan,nan,nan,nan,-8.0432541484966313e-07,4.5660382932966037e-07,-6.9161076865890695e-22,3.4693859703476832e-07,2.7599059016919503e-06,-1.1508644985891436e-06,0,0.030738615637584663,0.017487045557710489,6.9355319161407836e-18,0.031686959460171783,0.0092351785166422031,0.13895714259648057,5.2030714803882766e-06,-0.00013179785159807083,6.4853331548458281e-05,-1.5466568106797357e-19,-3.863754801773492e-05,0.00017352472372130913,-0.00034131124356332105,-7.3091285731574836e-09
1,2,lumen,0.0015789473684210526,0.0025000000000000001,0.0010526315789473684,0.0021052631578947368,0.002,0.0030000000000000001,1000226.1097374512,1.5207246363100893,14.828068778777594,3033.7105448701072,0.14907347141430152,1173,1173,4.0033199944159341e-05,0.20593671715521561,0.59999999999999998,2,500000,0.00035,0.0001,0.14606490598570426,0.063996501885697041,3.9531274076718118e-17,0.13007453073694231,0.036887396949169309,0.62686393797956463,2.2871037381532787e-05,0.13500345771499755,0.033878776564165859,1.8319034030948306e-17,0.043826355703028938,0.27131391817081013,0.51596900290293402,8.488944063463369e-06,0.26675666395133329,0.0040118434274362819,2.8675324955281469e-09,0.0032660224466599746,2.3403139541908511e-05,0.31572697080789419,0.00015129696665841362,2.1882780546727979e-07,1.2358855520913508e-10,8.3507623426424995e-12,7.8929490839406847e-10,2.1902878096227969e-10,5.8036525296818288e-08,0.41006351838831129,nan,nan,nan,nan,nan,nan,nan,nan,nan,nan,nan,nan,nan,nan,0,0,0,0,0,0,0,-2.6272108039618317e-10,-4.5554280871247421e-12,1.1696662940269034e-10,1.3976912193373696e-09,1.4177894969158444e-14,-3.7854309419037627e-09,4.5761599565176534e-12,-1.1022502355295671e-12,-3.8288863450286314e-15,-1.5948827695562175e-17,5.4629956551885699e-17,-1.1181596788799714e-16,-1.4561043796961547e-12,2.5360215582070699e-09,nan,nan,nan,nan,nan,nan,nan,nan,nan,nan,nan,nan,nan,nan,-8.4181518178634562e-07,4.7415952972307274e-07,-7.3647222658380684e-21,3.7132666443016558e-07,2.8965507934547441e-06,-1.2144222519827608e-06,0,0.031208227770213984,0.016896896634360878,7.4888204391180108e-18,0.031531597688920984,0.0089462216134293775,0.13953776842296595,5.1980944647334489e-06,-0.00068624537583371402,0.00055014039252597739,-4.0890102393576226e-19,0.00069125549762341849,0.00044766049581365853,-0.0012268569983649314,-4.1756399819911472e-09
1,3,support,0.0015789473684210526,0.0035000000000000001,0.0010526315789473684,0.0021052631578947368,0.0030000000000000001,0.0040000000000000001,1001848.5396457643,1.5327918958482576,14.921528860826792,3057.6919196646254,0.14772054048256256,1173,1173,3.9840778341261863e-05,0.20355732426086076,0.40000000000000002,2,300000,0.00033700000000000001,0.0001,0.1583967713969823,0.051772124486489282,4.7727129493416299e-17,0.11035832714500782,0.034097697493139859,0.64626850404228831,2.2815407787400633e-05,0.14732419097811225,0.027580123159995262,2.2256445408476428e-17,0.037417686462469013,0.25237588156330742,0.5352935961648827,8.5216712333224242e-06,nan,nan,nan,nan,nan,nan,nan,nan,nan,nan,nan,nan,nan,nan,0.26820467401041254,0.0046605523220230568,3.2647396970123187e-09,0.0035350913238349374,2.2162215591560499e-05,0.29627730570395916,0.00016965454573655714,1.6675847132942557e-07,1.0132161823115334e-10,9.798398136238468e-12,9.0592141861823886e-10,2.5699395631008338e-10,5.3061794691080738e-08,0.4271303355195154,0,0,0,0,0,0,0,nan,nan,nan,nan,nan,nan,nan,nan,nan,nan,nan,nan,nan,nan,3.1027045214165959e-09,-4.1649806841875724e-10,-2.6138219303252293e-10,-6.0495572655952396e-09,8.3915296586467569e-14,4.4509053615058441e-09,3.875503041662482e-10,-4.777774259123041e-12,-7.4241559052387127e-15,-4.6028945353519054e-16,2.5521241638163657e-15,-3.2941299297581894e-15,4.3186501962134714e-12,-1.2133387921503346e-09,-1.0371916372153844e-06,5.4510328120760398e-07,7.7661935616727839e-21,4.8789921667092223e-07,3.5984912254150014e-06,-1.5192829126986496e-06,0,0.033799340019768302,0.013996592124410184,8.8108019499223485e-18,0.027269660310231786,0.0085203316809020629,0.14322365586011196,5.1722463664486717e-06,-5.7946376909947018e-06,1.0615795363428411e-06,-1.5101033831044149e-20,-6.9973731493830004e-06,1.1838350981262936e-05,-2.1730619150591555e-05,-7.3547932756240786e-10
1,4,support,0.0015789473684210526,0.0045000000000000005,0.0010526315789473684,0.0021052631578947368,0.0040000000000000001,0.0050000000000000001,1001470.7647543988,1.5549433351533726,15.142880273285121,3044.4027570925023,0.14444044577532963,1173,1173,3.9949059410078379e-05,0.19822858127366766,0.40000000000000002,2,300000,0.00033700000000000001,0.0001,0.16096627950309894,0.050019771375046929,6.0621578285330111e-17,0.1170795094016757,0.03067089962863145,0.65473268252179206,2.3154530043453284e-05,0.15193499336480559,0.027041892510868616,2.8688833738119099e-17,0.040285418739906265,0.23037984174122575,0.55034907701550351,8.7766276904179314e-06,nan,nan,nan,nan,nan,nan,nan,nan,nan,nan,nan,nan,nan,nan,0.26052968159367201,0.0053376640929132775,3.4224659916220311e-09,0.0036944972000303449,2.4873634471349998e-05,0.29588450028145324,0.00018560851732390808,1.4761788661653615e-07,9.6465027559350409e-11,1.0722731813630875e-11,9.5784545981136952e-10,2.7958081078218309e-10,5.6895405731411707e-08,0.43434296539972472,0,0,0,0,0,0,0,nan,nan,nan,nan,nan,nan,nan,nan,nan,nan,nan,nan,nan,nan,2.4026822684815821e-08,-5.359055726733602e-09,-3.1116792939893421e-09,-5.8624810009403769e-08,1.2676490824918563e-11,7.6930776281736602e-08,4.9737832708050193e-09,-9.5705602568430664e-11,-2.2035159626676232e-13,-6.6896492141804827e-15,3.4199744225977061e-14,-4.8356402072407674e-14,3.2724564171562677e-11,-3.8785291785935835e-08,-1.1551135287758696e-06,4.7345241011020889e-07,-6.3904127841409777e-21,6.0789256739382963e-07,4.0678074919586749e-06,-1.7072488205371883e-06,0,0.033922500927610233,0.013199560783975061,1.1340932382308734e-17,0.029038673160231905,0.0073624245783342757,0.14314156489180335,5.1864475569770764e-06,0,0,0,0,0,0,0
2,0,lumen,0.002631578947368421,0.00050000000000000001,0.0021052631578947368,0.0031578947368421052,0,0.001,1000216.5175864862,1.4696389135715173,14.330086694258297,3021.0041272627986,0.1558366406476181,1173,1173,4.0187958777472352e-05,0.21652940815935251,0.59999999999999998,2,500000,0.00035,0.0001,0.12174221953648544,0.090487037204700735,2.251691963019886e-17,0.14848754511011922,0.046330560494239253,0.58743679697021212,2.2689431791548286e-05,0.10874378609420074,0.046293719666188414,1.0084049327720361e-17,0.048350096444945305,0.3293258672996166,0.46727839178354419,8.1387115047896684e-06,0.27141775889427944,0.0027644699233938591,2.1331418106975556e-09,0.0027316127142470543,2.2045146889141187e-05,0.34424219374071413,0.00011486008813021035,3.6982293881286319e-07,1.7182681845626502e-10,5.8518919736947619e-12,5.818745381516113e-10,1.5190676629913048e-10,6.0210096841227779e-08,0.37870662641470321,nan,nan,nan,nan,nan,nan,nan,nan,nan,nan,nan,nan,nan,nan,0,0,0,0,0,0,0,5.0270873067547604e-10,-1.1706944401627411e-11,-1.7636650899447785e-11,-6.4845335691720688e-10,-6.2844694725949779e-14,-3.8460759208512607e-11,1.0904731893955756e-11,-1.1881804134333818e-13,8.2647524410844285e-17,-1.2345033920077425e-17,6.8167659804196942e-17,-7.8911543270215046e-17,9.6970846602581236e-14,2.0272877764046066e-10,nan,nan,nan,nan,nan,nan,nan,nan,nan,nan,nan,nan,nan,nan,-5.2418163596495981e-07,3.6075249867928427e-07,-2.679822800493037e-22,1.6348531929522021e-07,1.7358256326344135e-06,-6.8703548927739888e-07,0,0.026360279624716935,0.022833805950639864,4.6042577544597439e-18,0.035312434159179805,0.011026337553783627,0.13262236992453291,5.2069475680823958e-06,-3.6029428960765532e-05,8.9547990332859181e-06,-6.4885317189032213e-21,-5.2762265185374684e-05,7.1971103736356208e-05,-0.00012446628090188156,-3.6592290291101803e-09
2,1,lumen,0.002631578947368421,0.0015,0.0021052631578947368,0.0031578947368421052,0.001,0.002,1000216.1100705623,1.4676716569026231,14.310910290185166,3029.4983136117457,0.15533575584352244,1173,1173,4.0204547333961252e-05,0.21582818045725521,0.59999999999999998,2,500000,0.00035,0.0001,0.12260489617774281,0.090414924188788909,2.2680647896425127e-17,0.15014046413237372,0.045996147774486906,0.59051066507632211,2.2796372124127343e-05,0.10936780342436848,0.046194925703664798,1.0143781404119535e-17,0.048822893342842698,0.3265112819914594,0.46909492940909381,8.166128570965314e-06,0.27073483425206679,0.0028041021917288122,2.1491867767109287e-09,0.0027470950042715945,2.231337479515853e-05,0.34419681835497168,0.00011600782893707353,3.6511396627241983e-07,1.7102864410376394e-10,5.9101533543498691e-12,5.8626856702233904e-10,1.534761705185094e-10,6.0681894357208537e-08,0.37937840013153634,nan,nan,nan,nan,nan,nan,nan,nan,nan,nan,nan,nan,nan,nan,0,0,0,0,0,0,0,4.9550546090210345e-12,-4.9770401279783236e-12,9.1684988404774678e-13,2.7891350353030356e-11,-4.6347582889627592e-14,-2.0705772274705325e-11,4.890424441252888e-12,5.2878708356463022e-14,7.3867452453341067e-17,-7.4931973000524214e-19,8.2227989829589601e-18,-3.6550629726880634e-18,-8.0684902993546459e-14,-1.2896684295041341e-11,nan,nan,nan,nan,nan,nan,nan,nan,nan,nan,nan,nan,nan,nan,-5.312456046527303e-07,3.6431500155531538e-07,5.2357835073087626e-21,1.6695046607546592e-07,1.760679380569119e-06,-6.9822277881659289e-07,0,0.026478534775768985,0.022678175053459031,4.651566001385851e-18,0.035484441788601453,0.01090375662624707,0.1327823099096716,5.2076722039583553e-06,-0.00017873999232917551,0.00013225236479867962,-9.207141913666225e-20,2.3158588284285466e-05,0.00017820047379702879,-0.00037938039784516308,-5.1076227589441855e-09
2,2,lumen,0.002631578947368421,0.0025000000000000001,0.0021052631578947368,0.0031578947368421052,0.002,0.0030000000000000001,1000214.9516504238,1.4752223225298116,14.38455165878576,3028.3222249178643,0.15439853344075538,1173,1173,4.0192507300651015e-05,0.21449569002843322,0.59999999999999998,2,500000,0.00035,0.0001,0.12544184724026261,0.087100668983316254,2.4457377778371731e-17,0.14873414162902956,0.044777725230100852,0.59447557313854182,2.2786374665275995e-05,0.11247427113389451,0.044730598804188199,1.0994700109113914e-17,0.048614463943464602,0.31949776871790686,0.47467469285027075,8.2045502750715805e-06,0.27015476090655,0.0029251048616823383,2.2295670626032998e-09,0.0028040909416605256,2.2537695007865317e-05,0.3412753860876484,0.00011970707297554501,3.4489372661942342e-07,1.6525221892921324e-10,6.1591178741250264e-12,6.0837565200534511e-10,1.6035459149562112e-10,6.063155562899454e-08,0.38269800373949903,nan,nan,nan,nan,nan,nan,nan,nan,nan,nan,nan,nan,nan,nan,0,0,0,0,0,0,0,4.9280310434032854e-09,-1.820656210161546e-10,-4.8315278136434954e-10,-1.0198413974813147e-08,2.4197646924378757e-13,1.2709098748441353e-08,1.6109203116237809e-10,-6.6288605464134842e-12,-8.5830102805605904e-15,-2.9759198777726351e-16,1.4489087219663876e-15,-1.9106260806277589e-15,3.7698716195325976e-12,-6.9319631707757341e-09,nan,nan,nan,nan,nan,nan,nan,nan,nan,nan,nan,nan,nan,nan,-5.6150463771144354e-07,3.6663924796176417e-07,1.4578850617377457e-21,1.8264207011189315e-07,1.8660486671567833e-06,-7.3442111458987824e-07,0,0.027146855669007885,0.021775265377334235,4.9617110159328105e-18,0.034978929147084344,0.010618835082942958,0.13351562854344162,5.1944860139722676e-06,-0.00066004109121963318,0.00065289696974202749,-2.0843804522981532e-19,0.00063492478644032934,0.00036399452438771486,-0.001073771653862101,-5.4795848510929115e-10
2,3,support,0.002631578947368421,0.0035000000000000001,0.0021052631578947368,0.0031578947368421052,0.0030000000000000001,0.0040000000000000001,1001758.3144070061,1.4869430611597405,14.476500180543491,3048.8831556857635,0.15337683914237502,1173,1173,3.9982254131076105e-05,0.21320592970173824,0.40000000000000002,2,300000,0.00033700000000000001,0.0001,0.13741765480348972,0.0724989232079912,2.8588088788831566e-17,0.13037927815603445,0.042471884779761687,0.61058300048532632,2.2653094175786782e-05,0.12399966992286868,0.037469856298096869,1.2933791878020924e-17,0.04288749218943768,0.30498226571539805,0.49065250717527692,8.2086989217933925e-06,nan,nan,nan,nan,nan,nan,nan,nan,nan,nan,nan,nan,nan,nan,0.27344982712740595,0.0032789363737794628,2.548484249842018e-09,0.0030051446502347263,2.1192750192206055e-05,0.32394296775483622,0.00013120507502116334,2.7670974236104008e-07,1.4033290812407047e-10,7.0943432807648508e-12,6.9726062625204345e-10,1.8633630853084751e-10,5.575239411246997e-08,0.39617039022688483,0,0,0,0,0,0,0,nan,nan,nan,nan,nan,nan,nan,nan,nan,nan,nan,nan,nan,nan,5.881818909320674e-09,-4.6476108858248628e-10,-6.5618050124420771e-10,-1.286712741985331e-08,1.0258522547060278e-12,1.69146901575273e-08,4.1517790434513076e-10,-1.582480891118565e-11,-2.6367776357784609e-14,-7.5881268866484237e-16,3.8203175110630352e-15,-5.1130382855359279e-15,7.1031215926428996e-12,-9.2158937711418295e-09,-6.8106824729734228e-07,4.286944911002788e-07,-7.8516458792485171e-23,2.3612297079755082e-07,2.2781185897713385e-06,-9.0495464377671198e-07,0,0.029760174303521555,0.018526024643026665,5.6831555640472087e-18,0.031142106374167249,0.010276547190616847,0.13707641417263408,5.1733658704529267e-06,-8.7993200857194957e-06,1.3033508013214897e-06,-1.3047034092331027e-20,-1.4623885633255648e-05,2.0615451323649763e-05,-3.6576707478678448e-05,-1.3418576996911713e-09
2,4,support,0.002631578947368421,0.0045000000000000005,0.0021052631578947368,0.0031578947368421052,0.0040000000000000001,0.0050000000000000001,1001383.5331085976,1.5472232117383204,15.069010094734551,2980.1340350738888,0.14549500609324334,1173,1173,4.0200757630030112e-05,0.20411938234032212,0.40000000000000002,2,300000,0.00033700000000000001,0.0001,0.13929253897289368,0.068450752766378742,3.8909135345161284e-17,0.14233950099412765,0.035938968034390895,0.61563276263723676,2.2958238974599857e-05,0.13083592070708353,0.036825601014949673,1.8323712522458539e-17,0.048738107599808865,0.26863326989314418,0.51495844101192567,8.6597730879993362e-06,nan,nan,nan,nan,nan,nan,nan,nan,nan,nan,nan,nan,nan,nan,0.26258222460466657,0.0039981669066064948,2.7507308075216206e-09,0.0032264518546272027,2.5383024418965342e-05,0.32459629032351089,0.00015012119924376116,2.3353623838672581e-07,1.3238918525482688e-10,8.0560249153980481e-12,7.5713789488033443e-10,2.1072520316797782e-10,6.2667663259062947e-08,0.40542106202398576,0,0,0,0,0,0,0,nan,nan,nan,nan,nan,nan,nan,nan,nan,nan,nan,nan,nan,nan,-1.90690262579647e-09,-7.9801799101773339e-11,6.9704904889279507e-11,2.4419593246512907e-09,-1.9726711583678558e-13,-5.9843290804544036e-10,7.5019026328741179e-11,-5.9834559182347924e-13,-2.2002092172188832e-16,-6.688628987862632e-17,3.8762607837210374e-16,-4.5367577230655344e-16,5.380375207749256e-13,-1.2879154053927986e-12,-8.0101912441031542e-07,4.3795948773128757e-07,1.3623476496817777e-21,3.6358862260866455e-07,2.7673487103946348e-06,-1.166976157929156e-06,0,0.029856491704099774,0.017069350202599847,7.9247954923875411e-18,0.034077989856816059,0.008377373350260604,0.13648237493417814,5.1851920323482515e-06,0,0,0,0,0,0,0
3,0,lumen,0.0036842105263157894,0.00050000000000000001,0.0031578947368421052,0.0042105263157894736,0,0.001,1000204.8821575243,1.4258231702122173,13.903011916395643,3041.8659409966112,0.15952402602888557,1173,1173,4.0317266217417482e-05,0.22186427977842188,0.59999999999999998,2,500000,0.00035,0.0001,0.10695296575363548,0.11166792726202324,1.7114999379739373e-17,0.16172377112702299,0.052321102656908189,0.57008847888049385,2.288190923230835e-05,0.092686427561344459,0.055427366062231739,7.4364035353966038e-18,0.051090629579027977,0.36082386593152493,0.43996374772552721,7.9631403435961566e-06,0.27170581836873298,0.0022720686430961869,1.7388339291564402e-09,0.0024597175059650903,2.1696134275854193e-05,0.36125442171030975,9.8811950062011809e-05,4.9264080684677911e-07,2.0594370932001793e-10,4.7645497961219925e-12,4.7510623378905949e-10,1.2062043058529004e-10,6.2018347654037319e-08,0.36218690848313001,nan,nan,nan,nan,nan,nan,nan,nan,nan,nan,nan,nan,nan,nan,0,0,0,0,0,0,0,9.8913273337527372e-11,2.0865646074143722e-12,3.6060328001458847e-11,1.4235445083585629e-10,-7.1601253572028956e-14,-1.6858440626561083e-09,-1.1564703953268468e-12,1.1335485501640097e-13,-5.8103668555645092e-16,1.1959958629778888e-17,-5.3949810705333999e-17,7.0427985215123365e-17,-6.1006263245082758e-13,1.4081549256134151e-09,nan,nan,nan,nan,nan,nan,nan,nan,nan,nan,nan,nan,nan,nan,-3.8996718441410005e-07,2.9592050773685763e-07,1.002889713709841e-22,9.5697029313361439e-08,1.2654419635355074e-06,-4.8577064293287009e-07,0,0.023175934470080799,0.027111507789516376,3.5869968274406569e-18,0.037597260097456023,0.012216904046449423,0.12829305835651469,5.2126634412769661e-06,-5.1353005464999453e-05,2.8466934897213127e-05,-2.0391412095694922e-20,-3.2409337299486147e-05,7.2288252022936249e-05,-0.00013073919138146254,-2.7150429246912683e-09
3,1,lumen,0.0036842105263157894,0.0015,0.0031578947368421052,0.0042105263157894736,0.001,0.002,1000204.5042656293,1.4281536262081247,13.925741143910598,3041.9781505343908,0.15912553684917372,1173,1173,4.0325580225396779e-05,0.22124799173447507,0.59999999999999998,2,500000,0.00035,0.0001,0.10778649962294584,0.11086402507654475,1.7508927530419893e-17,0.16236266752896625,0.051842317543182588,0.57157150793000611,2.2901636058468722e-05,0.093561484295790129,0.055118304726453959,7.6200010155671367e-18,0.051376320285468943,0.35810649524145632,0.44182941241564855,7.9830351820346534e-06,0.27128106417299835,0.0023041137342123463,1.7591418608521693e-09,0.0024756250565768963,2.1879362701792549e-05,0.36082680334402495,9.9827548390989077e-05,4.8523057708268184e-07,2.0447514490053526e-10,4.8215577400442353e-12,4.8049241742470674e-10,1.2227493040485714e-10,6.230633835199293e-08,0.36299013667295299,nan,nan,nan,nan,nan,nan,nan,nan,nan,nan,nan,nan,nan,nan,0,0,0,0,0,0,0,3.7624511698210432e-10,-9.0121599465257875e-12,-2.3448478501442181e-11,-6.6431088417042994e-10,-2.2608867902840224e-14,4.7393517420019765e-10,8.000701735499205e-12,-3.068630419211793e-13,-1.6510059086059139e-16,-1.3418448914205157e-17,6.1012406264523659e-17,-7.651177591337689e-17,1.7391665103448812e-13,-1.6125376073938928e-10,nan,nan,nan,nan,nan,nan,nan,nan,nan,nan,nan,nan,nan,nan,-3.967987770910758e-07,2.982871826484601e-07,-5.6399563574863684e-23,9.8061263511713086e-08,1.2883351771519891e-06,-4.942186249690117e-07,0,0.023373219641413142,0.026846579192078526,3.668983377080853e-18,0.037633087467490431,0.01209724616113233,0.12851039986706611,5.2096412607975419e-06,-0.00020047154456376886,0.00018235608168451706,-4.7584845002654519e-20,7.1226806049236199e-05,0.00015991022310300596,-0.00036487820187282099,-2.7604788034859657e-09
3,2,lumen,0.0036842105263157894,0.0025000000000000001,0.0031578947368421052,0.0042105263157894736,0.002,0.0030000000000000001,1000203.4248346472,1.4328345843232453,13.971399638649505,3046.6867954922227,0.15809855293221683,1173,1173,4.0292135524178603e-05,0.22028688830876053,0.59999999999999998,2,500000,0.00035,0.0001,0.11136729343740304,0.10652207192960464,1.8436170965812464e-17,0.15984822848897129,0.050800475367501957,0.57645471460662889,2.2884825025012137e-05,0.096986658560662353,0.053133253740288287,8.0498503772058477e-18,0.050746517343033856,0.35206038848846227,0.44706517853748867,8.0033300647061755e-06,0.27139227910960306,0.0023927048779533318,1.8398839916397407e-09,0.0025274123780247969,2.1901780608990356e-05,0.35731854670844132,0.00010278698863106173,4.5856801368925485e-07,1.9719171618635183e-10,5.0317820397668272e-12,5.0216383049360116e-10,1.2844039659401579e-10,6.1842608693759067e-08,0.36624384507340951,nan,nan,nan,nan,nan,nan,nan,nan,nan,nan,nan,nan,nan,nan,0,0,0,0,0,0,0,-2.805627497307704e-10,-5.0451519519475443e-12,1.8497404783953047e-11,5.5478091127915555e-10,-1.3411038772559447e-14,-2.5977009714302224e-10,4.5784713525466532e-12,-1.1528430120255617e-13,2.0022658840817999e-17,-6.259286526084906e-18,3.0206709776982664e-17,-3.6581014319676997e-17,6.7019474836048957e-14,-3.2416986186972708e-11,nan,nan,nan,nan,nan,nan,nan,nan,nan,nan,nan,nan,nan,nan,-4.2249157977333751e-07,3.1342978953907696e-07,5.2024946277335059e-22,1.0930312462534268e-07,1.3768600325425595e-06,-5.3233069013947087e-07,0,0.024183635436203808,0.025681091652513265,3.857760486513458e-18,0.036862483613730387,0.011834727912477829,0.12933364478212372,5.190709555821977e-06,-0.00061137485231994415,0.00068391307195642137,-1.1992100593355309e-19,0.00056023021529685705,0.00030025197640433577,-0.00092347900968235155,1.1485467932034479e-09
3,3,support,0.0036842105263157894,0.0035000000000000001,0.0031578947368421052,0.0042105263157894736,0.0030000000000000001,0.0040000000000000001,1001664.8201844728,1.4368749035458768,13.990355029395447,3079.2762663712119,0.15769012905167212,1173,1173,4.0083217957244798e-05,0.21963390786352943,0.40000000000000002,2,300000,0.00033700000000000001,0.0001,0.12323882599750276,0.091432290537471303,2.0901380346042448e-17,0.14403295537300834,0.049077329579732772,0.59295413486261772,2.2829587976599291e-05,0.10747085514622907,0.045668340084614692,9.1386252780036905e-18,0.045787729364481292,0.34057999241821052,0.46048508814188455,7.9948445799109315e-06,nan,nan,nan,nan,nan,nan,nan,nan,nan,nan,nan,nan,nan,nan,0.27511962831939774,0.0026238155805869629,2.1028468143702695e-09,0.002685098674617459,2.0671645705541372e-05,0.34223588555906509,0.00011094329348576791,3.8188255644460609e-07,1.7206631026850594e-10,5.704897373508877e-12,5.7379100653294028e-10,1.4809667172971564e-10,5.7454882643657798e-08,0.37720351458741047,0,0,0,0,0,0,0,nan,nan,nan,nan,nan,nan,nan,nan,nan,nan,nan,nan,nan,nan,-2.6749834259452313e-11,-1.4824321972763754e-11,1.7469112394284114e-12,-2.1079674562420622e-11,4.5839525751600885e-14,1.1597968896034927e-11,1.2698862987891047e-11,-9.2730228877513365e-13,-1.3613716678142691e-15,-3.2467113291853489e-17,1.5189738921163651e-16,-2.0727813518668081e-16,2.4818934894100445e-13,3.7244568028344474e-11,-5.0651402606904927e-07,3.7027515864540561e-07,-1.0996565008922056e-22,1.3622615728267647e-07,1.6557689927199082e-06,-6.4271645272562239e-07,0,0.0266560063703714,0.022416933504665733,4.2901371168554724e-18,0.033568687524348356,0.011566129654384123,0.13264765605242149,5.1767792817481417e-06,-1.159336325465021e-05,1.5649877564485373e-06,-1.3158833025482112e-20,-2.2883952183130507e-05,2.9617389940512244e-05,-5.1146282184276977e-05,-1.9753563945639214e-09
3,4,support,0.0036842105263157894,0.0045000000000000005,0.0031578947368421052,0.0042105263157894736,0.0040000000000000001,0.0050000000000000001,1001295.106589463,1.5487687605535769,15.085394903177507,2925.692823088249,0.14670816667137859,1173,1173,4.0416834417253318e-05,0.20686159804562942,0.40000000000000002,2,300000,0.00033700000000000001,0.0001,0.1237138308950598,0.083382988257520163,3.0664407004028361e-17,0.15982861844516627,0.038797992520282133,0.58951667550416731,2.2892544564773595e-05,0.11632936446031909,0.044907722458825586,1.4456675077427652e-17,0.054786017089109358,0.29031896756894005,0.49364928404045039,8.6443823553992365e-06,nan,nan,nan,nan,nan,nan,nan,nan,nan,nan,nan,nan,nan,nan,0.26144828418079646,0.0033969085659655051,2.3423826021033854e-09,0.002962217615438426,2.6301813948363727e-05,0.34371313579870155,0.00013258722574933327,3.0735531992148988e-07,1.6073316692743134e-10,6.6933343750099736e-12,6.409706114413028e-10,1.7415409382233604e-10,6.7492343495097051e-08,0.38832018662680334,0,0,0,0,0,0,0,nan,nan,nan,nan,nan,nan,nan,nan,nan,nan,nan,nan,nan,nan,-5.2619887267754759e-11,-8.6303040442711393e-11,-2.258560624038275e-11,-5.2999121139545448e-10,3.8674142013861434e-13,7.8697397036531225e-10,7.5567297442688414e-11,-4.7309026271133425e-12,-8.1896550695464128e-15,-1.7027555792256487e-16,7.8546500793795214e-16,-1.1433020411174569e-15,8.7319444124759546e-13,-1.6756168760615416e-10,-6.2702632735653352e-07,3.5723911731566638e-07,-1.3945469542911019e-22,2.6902630134801651e-07,2.150156389699176e-06,-8.9554047866258202e-07,0,0.026668881606089424,0.020237619156237084,6.4896856404598069e-18,0.03779539283141542,0.0089101634122783161,0.13133678612772812,5.1833437395821305e-06,0,0,0,0,0,0,0
4,0,lumen,0.0047368421052631574,0.00050000000000000001,0.0042105263157894736,0.005263157894736842,0,0.001,1000192.9720261111,1.3980902735426268,13.632754467620787,3048.0986543233921,0.16240799742828427,1173,1173,4.0407663035674915e-05,0.22569466333121571,0.59999999999999998,2,500000,0.00035,0.0001,0.095299085714064896,0.12857066981014981,1.4051579262296537e-17,0.1695634984728924,0.056711324266975942,0.55555070631417414,2.2948132011766452e-05,0.080981676527369845,0.062576664521932057,5.9866782288018223e-18,0.052526018345150638,0.3834977972546168,0.4204100124060195,7.8309449113131581e-06,0.27162592686516657,0.0019808739804358286,1.4732166368596073e-09,0.002279177405280657,2.1356562310275423e-05,0.37278695450137367,8.8812738724438963e-05,5.9979898074285548e-07,2.3243614692274943e-10,4.1180110768180137e-12,4.0464536990003884e-10,1.0094707842165827e-10,6.2932575507660136e-08,0.35121623299981719,nan,nan,nan,nan,nan,nan,nan,nan,nan,nan,nan,nan,nan,nan,0,0,0,0,0,0,0,1.7733876743966211e-09,-3.8570101242686057e-11,-3.1416693761833524e-10,-5.1213522660627397e-09,2.8249212864761564e-13,1.2392135415148671e-08,2.9151213001823306e-11,-5.5188044889228904e-12,-7.4417747019977147e-15,-1.2660214225761079e-16,4.869499786079979e-16,-6.8586658607644179e-16,1.0394527613554381e-12,-8.7163803122586816e-09,nan,nan,nan,nan,nan,nan,nan,nan,nan,nan,nan,nan,nan,nan,-3.0987442375604579e-07,2.3502343809989057e-07,6.6893663251545723e-22,6.2777221807037231e-08,9.9243863065090476e-07,-3.6784188239824545e-07,0,0.020694054955798992,0.030649920884450087,3.0014874968944438e-18,0.039067629904904554,0.013129071981254169,0.1250350228594819,5.2159622464493376e-06,-6.5195236974303883e-05,5.1750589079689126e-05,-1.8067215443291707e-20,-7.7344956680141262e-06,6.7364941120673662e-05,-0.00013215164685879795,-1.566936895005183e-09
4,1,lumen,0.0047368421052631574,0.0015,0.0042105263157894736,0.005263157894736842,0.001,0.002,1000192.6242760445,1.4013902896898369,13.664937619985798,3046.3851763096363,0.16196658324542673,1173,1173,4.0405702402624586e-05,0.22521314869992493,0.59999999999999998,2,500000,0.00035,0.0001,0.096362512998417277,0.12712956026197125,1.4393112019399379e-17,0.16938078808977952,0.056215211424593847,0.55667927411956375,2.2927097037878342e-05,0.082078646701268007,0.062021332046985456,6.146664726000385e-18,0.052593285538659607,0.38104035585882334,0.42225853761769711,7.8422365664572893e-06,0.27146522278033919,0.0020076714603558228,1.497092696468192e-09,0.0022952092833137248,2.1453303461742598e-05,0.37198155899823199,8.9725339598161155e-05,5.8963153808847544e-07,2.302370461379688e-10,4.1747263611871418e-12,4.1090319666562516e-10,1.026972719817774e-10,6.3014947804088938e-08,0.35213850394308699,nan,nan,nan,nan,nan,nan,nan,nan,nan,nan,nan,nan,nan,nan,0,0,0,0,0,0,0,-6.4022239382556256e-11,-5.5240748071003478e-12,4.7289993123965359e-12,1.4420650317062876e-10,-1.4869724375421445e-14,-8.091895719024994e-11,4.853608541292934e-12,-2.1222596163078533e-13,-9.8597123943466155e-17,-9.0641905584356488e-18,3.8338001284292486e-17,-4.8305895269790567e-17,1.2378960076052673e-13,-3.2203687160810995e-12,nan,nan,nan,nan,nan,nan,nan,nan,nan,nan,nan,nan,nan,nan,-3.1710409688530394e-07,2.5257600322348139e-07,-2.1858618833361859e-23,6.4604386989558746e-08,1.0159316638225224e-06,-3.818476120853731e-07,0,0.020954670846836894,0.030287066488272573,3.0678339809258074e-18,0.038971522373449523,0.013022293278685737,0.12529865934228127,5.210011069675222e-06,-0.0002170916508021635,0.0002266730756665085,-3.8887226190658736e-20,0.00010868887284767722,0.0001426089026845766,-0.00035637051797903738,-1.0469554485601479e-09
4,2,lumen,0.0047368421052631574,0.0025000000000000001,0.0042105263157894736,0.005263157894736842,0.002,0.0030000000000000001,1000191.6233220358,1.4310197146790229,13.953867703826653,2997.8290798317607,0.16120984902799759,1173,1173,4.0354351952434732e-05,0.22456588121780791,0.59999999999999998,2,500000,0.00035,0.0001,0.098570880064617838,0.1196126640419881,1.4886788187871116e-17,0.16289222687374441,0.054296183563951397,0.5515411668059812,2.2474022865721241e-05,0.085734901195003516,0.059587978926960571,6.4919142730309032e-18,0.051647994359743377,0.37581436620737346,0.42720690951012208,7.8498007970225116e-06,0.2720664829123477,0.0020783001743220229,1.5781019483926472e-09,0.0023433724266106585,2.1336269197812991e-05,0.36803385861760657,9.2242687079035609e-05,5.5733628048868543e-07,2.2169363082007288e-10,4.3614279995789671e-12,4.323715385313748e-10,1.0846168470846381e-10,6.2240882581438226e-08,0.35536378499057908,nan,nan,nan,nan,nan,nan,nan,nan,nan,nan,nan,nan,nan,nan,0,0,0,0,0,0,0,-4.0061491873463139e-10,-2.3798623420773243e-12,2.4212492440526076e-11,8.0498804484684338e-10,-1.7316443418069483e-14,-4.3182840549910173e-10,2.3062210725075239e-12,6.1377552346142394e-14,1.3443245176888218e-16,-1.0663127179907745e-18,6.7605915039562433e-18,-5.7958822400977125e-18,1.5197044594137296e-14,3.2571719872846777e-12,nan,nan,nan,nan,nan,nan,nan,nan,nan,nan,nan,nan,nan,nan,-3.3994809036600598e-07,2.673014280474284e-07,-6.2385581936908097e-22,7.3054218870917513e-08,1.0930248620227845e-06,-4.1378294762806078e-07,0,0.02182392053367932,0.028973205425827708,3.2104088381309767e-18,0.03804771114074669,0.012795532523185202,0.12613442547535994,5.1881305800756704e-06,-0.0005484964010539716,0.00065900137125273438,-7.4181396959102189e-20,0.00047343395572900515,0.0002522373031487929,-0.00080425447057523526,1.3428056893573879e-09
4,3,support,0.0047368421052631574,0.0035000000000000001,0.0042105263157894736,0.005263157894736842,0.0030000000000000001,0.0040000000000000001,1001568.8571085726,1.409135953284377,13.721585021171148,3081.4871857139728,0.16088201783210718,1173,1173,4.0161820745603347e-05,0.22423361698784244,0.40000000000000002,2,300000,0.00033700000000000001,0.0001,0.11106876550216568,0.10717381484083675,1.6680823702490874e-17,0.15244026756983231,0.053844063044893434,0.57568081104513835,2.2826113406470664e-05,0.094997164435235773,0.05250248526889667,7.1531764690572974e-18,0.047529416530926245,0.36648109571220472,0.43848199799126447,7.8400614720846496e-06,nan,nan,nan,nan,nan,nan,nan,nan,nan,nan,nan,nan,nan,nan,0.27559210937819173,0.0022423006831558678,1.7948916928399773e-09,0.0024689126696866874,2.030979946367207e-05,0.35530486197766686,9.8345826301547687e-05,4.7896802797721487e-07,1.9813622909227452e-10,4.8641950718282929e-12,4.906012744623131e-10,1.2380799430194874e-10,5.8548382512880652e-08,0.36427261953682166,0,0,0,0,0,0,0,nan,nan,nan,nan,nan,nan,nan,nan,nan,nan,nan,nan,nan,nan,2.2281454495410787e-10,-1.1730560075144927e-11,-3.5159237427710283e-11,-6.3298289610966961e-10,4.4859406987673989e-14,1.0288902057816254e-09,9.6984734960887706e-12,-9.7225363610703441e-13,-1.2686782416591215e-15,-3.0008466585703652e-17,1.3177379189881293e-16,-1.7903827458391626e-16,2.6380485624102453e-13,-5.808656059887311e-10,-4.0212439076682538e-07,3.136129732850268e-07,2.4289589100379063e-23,8.7518351464533388e-08,1.2938798625711234e-06,-4.8904416749540047e-07,0,0.024139505494960394,0.025793788409951023,3.512081331039453e-18,0.035251742203019562,0.012571361976305637,0.12921443476610026,5.1811724769525743e-06,-1.3420262136537161e-05,1.0151679426793003e-06,-1.354156814938568e-20,-3.2678998756514153e-05,3.849079780083438e-05,-6.5377428099617422e-05,-2.6440542620323821e-09
4,4,support,0.0047368421052631574,0.0045000000000000005,0.0042105263157894736,0.005263157894736842,0.0040000000000000001,0.0050000000000000001,1001206.3967564927,1.5306896863479518,14.910621208713238,2923.3247639009137,0.14488772931947544,1173,1173,4.0625802581714112e-05,0.20783702076232774,0.40000000000000002,2,300000,0.00033700000000000001,0.0001,0.11309268255476056,0.097712828394276016,2.6899194071183224e-17,0.17763742942213942,0.040983178753115967,0.5794076512154227,2.3296255303242629e-05,0.10511015091013441,0.052015671953554055,1.2534648841023749e-17,0.060185062659979853,0.30311738805391703,0.47956303151281732,8.6949095971996952e-06,nan,nan,nan,nan,nan,nan,nan,nan,nan,nan,nan,nan,nan,nan,0.25908686025639766,0.0030654406010024947,2.0525229734402612e-09,0.0027907303501201615,2.7492420445743576e-05,0.35828788985330884,0.000122252608914349,3.7096308784983272e-07,1.8447588814542078e-10,5.8310550331393352e-12,5.6037540626712664e-10,1.5028894671110309e-10,7.2076710221341486e-08,0.37661888791652515,0,0,0,0,0,0,0,nan,nan,nan,nan,nan,nan,nan,nan,nan,nan,nan,nan,nan,nan,-4.8426400994758592e-10,-1.57183046354478e-11,4.7210070592223255e-11,6.347846132233353e-10,1.9469777352842943e-14,-1.5557425626618396e-09,1.3830472417300476e-11,-6.884694637304678e-13,-7.7203746663506675e-16,-2.7316113788128732e-17,1.2731480852899925e-16,-1.7545486646783273e-16,2.9980772576706745e-13,1.360269979288806e-09,-5.2060711052889785e-07,2.985882213424329e-07,-6.0584445546925384e-22,2.2352779173866246e-07,1.7854416803769757e-06,-7.4472159683480754e-07,0,0.02401905865045139,0.022865896173610387,5.7059194915577796e-18,0.040871310763416012,0.0091609810393722593,0.12704253890654077,5.1808697704626249e-06,0,0,0,0,0,0,0
5,0,lumen,0.0057894736842105266,0.00050000000000000001,0.005263157894736842,0.0063157894736842104,0,0.001,1000180.8463639789,1.3937617875189285,13.590712238646354,3014.2759402916226,0.16469577896117923,1173,1173,4.0479520273080643e-05,0.22865331904500275,0.59999999999999998,2,500000,0.00035,0.0001,0.084614547695442702,0.14130929204411524,1.1992189234108122e-17,0.17292582260597883,0.05951074957462605,0.53705146351192168,2.2708328206605231e-05,0.071680606428472154,0.068564581393017104,5.0935181258877525e-18,0.053402374370448438,0.4011872383804011,0.40515747421229031,7.7252153711316121e-06,0.27137677342206334,0.0017825408644128208,1.2737658920754662e-09,0.0021455379604485621,2.105782662518475e-05,0.38151817361160223,8.174229759917442e-05,6.9678055209944835e-07,2.5444106067940962e-10,3.6808834863191209e-12,3.5250075017163967e-10,8.6906171807795409e-11,6.3464805687282957e-08,0.34307341180059986,nan,nan,nan,nan,nan,nan,nan,nan,nan,nan,nan,nan,nan,nan,0,0,0,0,0,0,0,1.0718882607714803e-09,-3.9893327318438168e-12,-2.4992898435742512e-10,-3.170800478357931e-09,7.442072132157751e-14,9.6749279983971911e-09,2.6799529223939693e-12,-8.6149609581503972e-13,-1.3772688808096259e-15,-1.81941400497894e-17,6.7653745155820875e-17,-9.6288613323153957e-17,1.2777778320798197e-13,-7.3241167577590401e-09,nan,nan,nan,nan,nan,nan,nan,nan,nan,nan,nan,nan,nan,nan,-2.5524009438556566e-07,2.0155001750898904e-07,2.4723409177424527e-22,4.4265738547405799e-08,8.1019821571159945e-07,-2.9658471578652978e-07,0,0.018690774460724494,0.033615592080428962,2.6364574924078456e-18,0.040064224017812865,0.013866458069819941,0.12245947745400905,5.2171696373457026e-06,-7.3148352288799205e-05,7.0403942894522534e-05,-1.2426422266579136e-20,1.3641119665668634e-05,5.8352365492095349e-05,-0.00012663819538035902,-5.7349886756642737e-10
5,1,lumen,0.0057894736842105266,0.0015,0.005263157894736842,0.0063157894736842104,0.001,0.002,1000180.5266979999,1.3891784763906099,13.546024237423646,3029.6502697066408,0.1644309816850289,1173,1173,4.0468501053439732e-05,0.22832142841258107,0.59999999999999998,2,500000,0.00035,0.0001,0.086335305666217332,0.1402294934084001,1.2288235764329361e-17,0.17311589494549651,0.0593980716073369,0.54111563993221712,2.2795268612808806e-05,0.072897845982669018,0.067816926687319798,5.2020982404769543e-18,0.053285285028402858,0.39911097105615623,0.40688124195230752,7.7292931446230439e-06,0.27143171492705254,0.0018044753723615013,1.2990235607006837e-09,0.002160700207234802,2.1084415340382177e-05,0.3804644700277105,8.2533750425790766e-05,6.8462993843201004e-07,2.5171742193845725e-10,3.7342287674736674e-12,3.5907629122052498e-10,8.8639402848161655e-11,6.3380477488007047e-08,0.34403427128726916,nan,nan,nan,nan,nan,nan,nan,nan,nan,nan,nan,nan,nan,nan,0,0,0,0,0,0,0,-1.3506133018455483e-11,-8.2051103334975204e-13,8.908177432617786e-13,4.7886827069953875e-11,-3.4860352451926424e-15,-2.842372604644483e-13,7.2695037918762292e-13,-2.6941014523440554e-14,-7.4315315023744761e-18,-1.0853068786559175e-18,3.8022326725268136e-18,-4.6787317836036017e-18,1.6581613636054254e-14,-3.4879960273478295e-11,nan,nan,nan,nan,nan,nan,nan,nan,nan,nan,nan,nan,nan,nan,-2.6206102146739824e-07,2.1610599237886774e-07,-1.5854321301022321e-23,4.5954436234274023e-08,8.3214115595420246e-07,-3.0806240020053721e-07,0,0.018995821031928938,0.033173110969831367,2.6762714266567411e-18,0.039866659649892958,0.013773369940443553,0.12275402439990668,5.2094913026661328e-06,-0.00021748011712798563,0.00024881533561416948,-2.7029696158567126e-20,0.000127438598113797,0.00012312798285707562,-0.00033109633888640154,8.358330372048637e-11
5,2,lumen,0.0057894736842105266,0.0025000000000000001,0.005263157894736842,0.0063157894736842104,0.002,0.0030000000000000001,1000179.5988547282,1.4025248462437749,13.67617876916761,3014.8038821968339,0.16366657154934711,1173,1173,4.0407103540648712e-05,0.2279255475410277,0.59999999999999998,2,500000,0.00035,0.0001,0.089764147828394716,0.13347930081063078,1.2724970800661135e-17,0.16794590493151842,0.05818423306060045,0.54191350395304372,2.2576589392535718e-05,0.076521257418382754,0.065172680466607846,5.4387454060341141e-18,0.052190647808245449,0.39471129607325595,0.41139638953582258,7.7286976853670001e-06,0.27230226135130703,0.0018610337187484876,1.3755661792633171e-09,0.0022038632260733149,2.0897028216040991e-05,0.37647066734043982,8.4650162134586394e-05,6.4921374455436862e-07,2.4267835315577125e-10,3.8945756362896846e-12,3.7917923658303466e-10,9.3828544703231786e-11,6.2470821366176317e-08,0.34705591339336794,nan,nan,nan,nan,nan,nan,nan,nan,nan,nan,nan,nan,nan,nan,0,0,0,0,0,0,0,-9.9947667256062682e-11,-2.6751925515253367e-12,9.5241141735878515e-12,2.3725532336233441e-10,-4.545842868797223e-15,-1.8865636461883051e-10,2.2972766718568108e-12,-1.4742590828675795e-13,-6.814827637750541e-17,-5.3237598840445163e-18,2.1577274078169041e-17,-2.7752980969767185e-17,6.0277703137663788e-14,4.2294334443572112e-11,nan,nan,nan,nan,nan,nan,nan,nan,nan,nan,nan,nan,nan,nan,-2.818581939815698e-07,2.2894273932205778e-07,-4.9093195179027186e-23,5.3094678636348679e-08,8.9868930853997941e-07,-3.3518042907854095e-07,0,0.019902866944605423,0.031744758749598354,2.7815067001948677e-18,0.038866043525280676,0.013569231380355221,0.12359768369249952,5.1867231071220184e-06,-0.00050786594790100175,0.00064106653807319595,-5.8335260758856539e-20,0.00041044900993450489,0.00022428734351270487,-0.00072618236239526193,1.1692138329188305e-09
5,3,support,0.0057894736842105266,0.0035000000000000001,0.005263157894736842,0.0063157894736842104,0.0030000000000000001,0.0040000000000000001,1001470.930928859,1.4049762375145689,13.682417191853487,3043.6616773803435,0.16362961891655936,1173,1173,4.0226879077098161e-05,0.22775846210160156,0.40000000000000002,2,300000,0.00033700000000000001,0.0001,0.099661038766779134,0.11946821279648018,1.3917500322322455e-17,0.15653963544646593,0.056967091277221937,0.55475645525034267,2.2541898956479019e-05,0.084996815444776885,0.05835822665642882,5.9511546245943864e-18,0.048668240569865323,0.38663070885979572,0.42133828812706009,7.7203420730701539e-06,nan,nan,nan,nan,nan,nan,nan,nan,nan,nan,nan,nan,nan,nan,0.27560480764904521,0.0019886208222501486,1.5635377202630494e-09,0.0023097341887118243,2.002028784965366e-05,0.36529897301862102,8.9580712223347349e-05,5.6900393576524001e-07,2.202234422627602e-10,4.2961038083471276e-12,4.2912947255951314e-10,1.0661183914446119e-10,5.9273279970702011e-08,0.35468763272028608,0,0,0,0,0,0,0,nan,nan,nan,nan,nan,nan,nan,nan,nan,nan,nan,nan,nan,nan,-8.9321871325981807e-12,-5.0651281268271575e-12,-2.4686271050702986e-12,-5.8070851810241601e-11,2.1691741285134736e-14,7.3846621417676672e-11,3.9932716662838878e-12,-5.8430831787609216e-13,-7.1903310749835286e-16,-1.5345456029490867e-17,6.274846863571946e-17,-8.6098757595341912e-17,1.2329416711110858e-13,-2.862876897211538e-12,-3.3165552659666225e-07,2.7143742586943631e-07,-3.8167271296899448e-22,6.0147162833959253e-08,1.0551232140915134e-06,-3.9174674471009752e-07,0,0.022018291459027013,0.028774212392634078,3.0130674347729789e-18,0.036510037060403941,0.013388910230567061,0.12642302760019997,5.1862271303007267e-06,-1.4593312205595917e-05,-4.9792023867805012e-08,-1.3916254695249176e-20,-4.3080221654960046e-05,4.7107177872838659e-05,-7.7452780778486911e-05,-3.3242045187158282e-09
5,4,support,0.0057894736842105266,0.0045000000000000005,0.005263157894736842,0.0063157894736842104,0.0040000000000000001,0.0050000000000000001,1001117.9560543225,1.5522334415807133,15.121817135619011,2855.1877393579148,0.1443718560017582,1173,1173,4.0825896747945807e-05,0.20786153685934988,0.40000000000000002,2,300000,0.00033700000000000001,0.0001,0.10173116248473296,0.1081402475512564,2.4139533253174721e-17,0.18971622210896755,0.041449778409159387,0.55947118800562201,2.3197624179058566e-05,0.095889798422245015,0.058381901052148195,1.1408013238130584e-17,0.065187893803364941,0.31091069911470109,0.46962092687585566,8.7807316850197173e-06,nan,nan,nan,nan,nan,nan,nan,nan,nan,nan,nan,nan,nan,nan,0.25636088694298514,0.0028594807680855615,1.8293299835416888e-09,0.0026699007954081319,2.8783075099812757e-05,0.36999198931212807,0.00011549014620809401,4.2599882149500165e-07,2.0485732989668186e-10,5.2166705484625133e-12,4.9908827235212718e-10,1.3289056590564891e-10,7.6417454908848175e-08,0.36797296387242595,0,0,0,0,0,0,0,nan,nan,nan,nan,nan,nan,nan,nan,nan,nan,nan,nan,nan,nan,-9.1655697701770429e-11,-8.9346983857227978e-12,-9.6243250036540158e-13,-2.2603094808730757e-10,6.1764720941936968e-14,-1.3937432555722468e-10,7.3928195155070408e-12,-9.5762276147021153e-13,-1.4205568190258697e-15,-2.4541032615390246e-17,1.0277514218333639e-16,-1.5672902716677752e-16,-1.0066947375960179e-14,4.6047263163862959e-10,-4.4676270596552548e-07,2.4720943225808867e-07,-3.5814980259184395e-23,1.9969451785373074e-07,1.5400271277665745e-06,-6.4623162288057756e-07,0,0.021742005160942754,0.025051241373435999,5.2363292826349102e-18,0.043606272174748453,0.0092285253766295969,0.12329240055903171,5.1777594041859427e-06,0,0,0,0,0,0,0
6,0,lumen,0.0068421052631578941,0.00050000000000000001,0.0063157894736842104,0.007105263157894736,0,0.001,1000168.5457257233,1.3790442190827144,13.447365120673661,3012.7639962218623,0.16663212856178994,1173,1173,4.0528616770067658e-05,0.23096696592843388,0.59999999999999998,2,500000,0.00035,0.0001,0.077104860020649799,0.15249435348719897,1.0811761238903398e-17,0.17607262974869003,0.06218510665695761,0.52723425430353366,2.2693582324393269e-05,0.064629882520483156,0.073211254915510157,4.5437121375423772e-18,0.053800653047963422,0.41479456065681708,0.3935560100885776,7.6387706486153269e-06,0.27122349268522533,0.0016460896924897646,1.1288370810772754e-09,0.0020484636635230663,2.0763979449064636e-05,0.38777259004885561,7.6753955607792212e-05,7.7832823914816287e-07,2.7152790546902461e-10,3.3903709055355524e-12,3.1506646422665566e-10,7.7075922460736233e-11,6.3629979399342614e-08,0.33721100222073114,nan,nan,nan,nan,nan,nan,nan,nan,nan,nan,nan,nan,nan,nan,0,0,0,0,0,0,0,1.234045600336707e-10,-2.8442617699334174e-12,-6.0655804785057017e-12,-2.394488423386942e-10,-1.1967206739460501e-14,1.1603375248483982e-10,2.4080125912534611e-12,-1.5044497765626108e-13,-4.2786415457226843e-17,-5.7309764599709279e-18,2.0201782734514825e-17,-2.5961544440030094e-17,1.0113613884352095e-13,6.5736025700751242e-12,nan,nan,nan,nan,nan,nan,nan,nan,nan,nan,nan,nan,nan,nan,-2.1822476131260621e-07,1.8480483315874707e-07,-8.5683204075514745e-22,3.3310021182994687e-08,6.8793934841770987e-07,-2.5130120262506495e-07,0,0.017430339855538386,0.035529468316786911,2.4345141029007931e-18,0.040600153779991856,0.01433314392830486,0.12086121140121842,5.2172165387788598e-06,-7.6994458735762323e-05,8.2787109628318663e-05,-5.565176768042561e-21,2.7062967612857358e-05,5.1185858181988775e-05,-0.0001206514231318785,-2.9712462723888372e-11
6,1,lumen,0.0068421052631578941,0.0015,0.0063157894736842104,0.007105263157894736,0.001,0.002,1000168.2522230449,1.3766321802051491,13.423848735489356,3023.3707340498308,0.16630629196200139,1173,1173,4.0511709500602366e-05,0.23074134183272133,0.59999999999999998,2,500000,0.00035,0.0001,0.07875858992296407,0.15094061296431932,1.0945397917986905e-17,0.17562691771273331,0.062025794270955059,0.5303294860766018,2.2733959865871584e-05,0.065900604484591785,0.072338591805607519,4.591829676879691e-18,0.053570614584652419,0.41300837301184679,0.39517417713361708,7.6389796845593497e-06,0.27141200686740707,0.0016647464979552867,1.1543192383836526e-09,0.0020627614088224869,2.0748923113132865e-05,0.3865871534921686,7.7456573219135825e-05,7.6478862533264265e-07,2.6847775171081485e-10,3.4398435261175812e-12,3.2166684984399199e-10,7.8753771726857665e-11,6.3446986794345659e-08,0.33817429617504624,nan,nan,nan,nan,nan,nan,nan,nan,nan,nan,nan,nan,nan,nan,0,0,0,0,0,0,0,-9.5784179511168686e-12,-1.0966828972750015e-12,5.0842209812669155e-13,3.4812571989761745e-11,-8.8484991903059473e-15,2.342533632349042e-11,1.0171311945371555e-12,-2.1987403217571533e-14,9.5859353501889304e-18,-1.1423507723494802e-18,4.2552088217785218e-18,-4.9970708077032595e-18,-5.0786510022547652e-15,-4.9052317969679315e-11,nan,nan,nan,nan,nan,nan,nan,nan,nan,nan,nan,nan,nan,nan,-2.2441336811323404e-07,1.8937535983809539e-07,-2.2374833417354288e-22,3.5014110412426086e-08,7.0825690118292428e-07,-2.5946171117174899e-07,0,0.017763535584780114,0.035031627599269859,2.4553149972891341e-18,0.040345915434170349,0.014247096005466605,0.12118078535988065,5.2089211134058915e-06,-0.00021792199979841562,0.00026520011483348955,-2.1114490370925209e-20,0.00013608964344734593,0.00011099226498397431,-0.00031834178241371268,5.2682337128284212e-10
6,2,lumen,0.0068421052631578941,0.0025000000000000001,0.0063157894736842104,0.007105263157894736,0.002,0.0030000000000000001,1000167.3949251618,1.4104613780549846,13.753736610054903,2964.2732976524508,0.16569504448411676,1173,1173,4.0444218568633781e-05,0.23050134782146087,0.59999999999999998,2,500000,0.00035,0.0001,0.081065187850308362,0.14163427836714659,1.1108248417546378e-17,0.16771907035964309,0.059968577821690378,0.52315681939901881,2.2177896570062981e-05,0.069497552947563684,0.069546610482575197,4.7746710086252904e-18,0.052415731287004871,0.40912302789638366,0.39940944211868806,7.6352677844727465e-06,0.27243503594578544,0.0017130416168432176,1.2276987687746458e-09,0.0021026393001909258,2.0526496918518005e-05,0.38259161491250643,7.9327834259125169e-05,7.2679267200409674e-07,2.5908828564168447e-10,3.5825372012845543e-12,3.4080676778298294e-10,8.3564075969014675e-11,6.2471591287212372e-08,0.34105702271449173,nan,nan,nan,nan,nan,nan,nan,nan,nan,nan,nan,nan,nan,nan,0,0,0,0,0,0,0,4.3654072420169466e-11,-1.8070620355272701e-12,-2.7750243172913731e-12,-5.0595968908367107e-11,-3.8561818668791936e-15,1.0116407061014354e-10,1.5250760553548954e-12,-1.1769188054677748e-13,-5.5904389223851568e-17,-4.2419239327870537e-18,1.6819276083855714e-17,-2.1756639702475189e-17,4.6420859238194817e-14,-9.1090024630588816e-11,nan,nan,nan,nan,nan,nan,nan,nan,nan,nan,nan,nan,nan,nan,-2.4227017673961182e-07,2.0142998302663528e-07,-1.0874769540607682e-22,4.0741879854472722e-08,7.6753800067053124e-07,-2.8296411397343846e-07,0,0.018659971499008662,0.033581458224136246,2.5475211909505605e-18,0.039331662918246857,0.014063183308501434,0.12198682595360309,5.1863891955161936e-06,-0.00045256384219491164,0.00058975063463666039,-4.3724356817326197e-20,0.00034612310735415968,0.00019723623889931113,-0.00063588537220387578,7.0326258251554715e-10
6,3,support,0.0068421052631578941,0.0035000000000000001,0.0063157894736842104,0.007105263157894736,0.0030000000000000001,0.0040000000000000001,1001371.3871497248,1.349203252726799,13.14057589373925,3130.5461359543006,0.16574087562223613,1173,1173,4.0283336208668314e-05,0.23041007183528728,0.40000000000000002,2,300000,0.00033700000000000001,0.0001,0.09399269633121185,0.13497788040825365,1.2551175923665264e-17,0.16568717419081486,0.061698611010815016,0.55941172439515585,2.3197648885426959e-05,0.076987979779185686,0.063323351712985268,5.1543746415587292e-18,0.049472264470303756,0.40216035740372563,0.40804841633428202,7.6302995177789411e-06,nan,nan,nan,nan,nan,nan,nan,nan,nan,nan,nan,nan,nan,nan,0.27534645981406253,0.0018138281012230616,1.3872333293040106e-09,0.0021911036903569233,1.9812884254341274e-05,0.37308114609023824,8.3327440862705117e-05,6.4950613489523463e-07,2.387123063075678e-10,3.9010042240866792e-12,3.8284901523293285e-10,9.4099187218172964e-11,5.9821078192161066e-08,0.34746361054499431,0,0,0,0,0,0,0,nan,nan,nan,nan,nan,nan,nan,nan,nan,nan,nan,nan,nan,nan,-7.1134945592643679e-11,-9.5788400534708515e-13,8.0682966000918784e-12,1.0186106443618706e-10,2.823154036935005e-15,-3.1894173608583432e-10,7.2664431287512952e-13,-1.6012701147677388e-13,-1.4233215198832519e-16,-3.2736510391403251e-18,1.230838971554375e-17,-1.7263985364216174e-17,-1.2291624289124566e-15,2.8053703779933571e-10,-2.8214294914806481e-07,2.370938534390632e-07,-1.9614667205526721e-22,4.5360127826679925e-08,8.9179990574173029e-07,-3.2759680024252447e-07,0,0.020653701165957744,0.030745496791193858,2.7371284254737182e-18,0.037266220034857259,0.013898155196722413,0.12467488831670859,5.1903342526802998e-06,-1.5352549203307386e-05,-1.3513945115586013e-06,-1.4704219146505088e-20,-5.4341385611805149e-05,5.5522854556496131e-05,-8.837453707334442e-05,-4.0243043806192885e-09
6,4,support,0.0068421052631578941,0.0045000000000000005,0.0063157894736842104,0.007105263157894736,0.0040000000000000001,0.0050000000000000001,1001030.1656613598,1.5695667006714951,15.292018280387529,2804.4668052397624,0.14136890678307232,1173,1173,4.1021908118540685e-05,0.20700742705839226,0.40000000000000002,2,300000,0.00033700000000000001,0.0001,0.092727319782649906,0.11716003123758111,2.2751280606677501e-17,0.20205181696124044,0.041421786435441879,0.54572161911631822,2.3260017356045621e-05,0.088386702562340116,0.063963346641051924,1.0872960776909137e-17,0.070207913803013111,0.31419777548466538,0.4632353580643585,8.9034445709832501e-06,nan,nan,nan,nan,nan,nan,nan,nan,nan,nan,nan,nan,nan,nan,0.25331807996734745,0.0027436373474453561,1.6573689146327823e-09,0.0025885795550303066,3.0255717985536186e-05,0.37949286100431079,0.00011139063231516403,4.6994264605960518e-07,2.2175871802085257e-10,4.7733888887184963e-12,4.5220320171857312e-10,1.201183381826694e-10,8.0744796901657904e-08,0.36171464263189984,0,0,0,0,0,0,0,nan,nan,nan,nan,nan,nan,nan,nan,nan,nan,nan,nan,nan,nan,-1.4144858654664056e-10,-3.0139993485261139e-12,1.8021001812376518e-11,6.1918117025791902e-13,2.1822929748005482e-14,-8.2695845581449295e-10,2.4071998429496605e-12,-4.8205992149441546e-13,-6.9638874607986113e-16,-1.0043642571878833e-17,3.9433760514103852e-17,-6.3425263366814555e-17,-8.9815178614401791e-14,9.5092472728956781e-10,-3.9504640017735959e-07,2.1001415456689543e-07,-1.109668337167909e-22,1.8584173389038374e-07,1.3709962446845081e-06,-5.808705395571323e-07,0,0.020230258703859704,0.026438026328581072,5.0021169650835302e-18,0.045505200560671602,0.009193282402758152,0.12075197834226981,5.1749353308007971e-06,0,0,0,0,0,0,0
7,0,lumen,0.0073684210526315788,0.00050000000000000001,0.007105263157894736,0.0074999999999999997,0,0.001,1000162.3387346158,1.3465049109284783,13.13014861660676,3070.0193670427229,0.16745941176316662,1173,1173,4.0549774651851184e-05,0.23201027918671355,0.59999999999999998,2,500000,0.00035,0.0001,0.075104801389737241,0.16068700663329188,1.0428708007168846e-17,0.18074707519736782,0.064625743438728428,0.53285328492732964,2.3121432721673392e-05,0.061468378985724867,0.075324679680571188,4.2793451469880577e-18,0.053926150545534714,0.42090556339742241,0.38836762819555626,7.5991951905994034e-06,0.27115363840751217,0.0015887417721322618,1.0655186639888191e-09,0.0020062076232858308,2.0619183550127358e-05,0.39048623502021901,7.4623374972907305e-05,8.1721983603914366e-07,2.7929253527038967e-10,3.2711483383068918e-12,2.9883731836837397e-10,7.2884114101268124e-11,6.3649290962492838e-08,0.33466905202940539,nan,nan,nan,nan,nan,nan,nan,nan,nan,nan,nan,nan,nan,nan,0,0,0,0,0,0,0,-3.6275709621332494e-10,-1.4466887511249837e-12,2.3634798671696963e-11,7.3039031258868068e-10,2.0773313624822265e-15,-5.669780465435148e-10,1.2024022627717417e-12,-1.0479681358810389e-13,-4.1892705018198905e-17,-2.9487048129626719e-18,9.0691952079367477e-18,-1.196915903015254e-17,4.2333391065767835e-14,1.7601489691349068e-10,nan,nan,nan,nan,nan,nan,nan,nan,nan,nan,nan,nan,nan,nan,-2.0262211740829789e-07,1.7435433735668582e-07,-4.050245419067282e-22,2.8811183728283647e-08,6.3678729270155721e-07,-2.3213996158677475e-07,0,0.016852352763707487,0.036418729331757022,2.3370504782546304e-18,0.040824301643789904,0.014547729282722046,0.12013314481775224,5.2171043701187701e-06,-8.045457118673227e-05,9.0547535135059338e-05,-4.0345418441607063e-21,3.3067352712991498e-05,4.9041381588741562e-05,-0.00011998612805294601,1.4208840030085092e-10
7,1,lumen,0.0073684210526315788,0.0015,0.007105263157894736,0.0074999999999999997,0.001,0.002,1000162.0579879788,1.386913181769768,13.524184842433714,2985.9216362053075,0.167251424496725,1173,1173,4.0529858079847449e-05,0.23182716904704098,0.59999999999999998,2,500000,0.00035,0.0001,0.074486289465205954,0.15403364931832839,1.0206999214661902e-17,0.17456961040980787,0.062489914569373972,0.51946673819979861,2.2444835559109889e-05,0.062791644141025268,0.07437270779491921,4.3140616309039102e-18,0.053646110546794572,0.41920890646036962,0.38997303285651946,7.5982003719507184e-06,0.27140468587184069,0.0016064883424297541,1.0916663812942676e-09,0.0020204415812717673,2.0585922777148073e-05,0.38921552165179668,7.5304696991632903e-05,8.0269796718472221e-07,2.7601800990984152e-10,3.3200444625059944e-12,3.055947700031687e-10,7.4576626550185064e-11,6.3418591560208737e-08,0.33565610406515778,nan,nan,nan,nan,nan,nan,nan,nan,nan,nan,nan,nan,nan,nan,0,0,0,0,0,0,0,7.3344877708176742e-11,-1.5814140679438187e-12,-3.0461876659974984e-12,-9.8487963901330512e-11,-7.1616974503529995e-15,3.2019525919579905e-13,1.3383743754469116e-12,-9.0417473855297636e-14,-3.258575209772391e-17,-3.3380405293179059e-18,1.168907199120342e-17,-1.5101434356054743e-17,4.9547182777026417e-14,2.816030722814511e-11,nan,nan,nan,nan,nan,nan,nan,nan,nan,nan,nan,nan,nan,nan,-2.087562937357762e-07,1.7842190702666016e-07,3.7718119041980642e-22,3.0337160790672288e-08,6.565777039418963e-07,-2.3899790252412956e-07,0,0.017192848528442696,0.035902852920039433,2.355183370993465e-18,0.040546688957489009,0.014466911145653774,0.12045760296467933,5.208610197153396e-06,-0.00021184434878123367,0.00026404804081825407,-2.3008822049210535e-20,0.00013572968646146109,0.00010327315193436586,-0.00030119592873819364,6.6178381641500132e-10
7,2,lumen,0.0073684210526315788,0.0025000000000000001,0.007105263157894736,0.0074999999999999997,0.002,0.0030000000000000001,1000161.234127568,1.3614364013406668,13.275764447049257,3055.11863044029,0.16661633302690421,1173,1173,4.0461795031946416e-05,0.23165362322073701,0.59999999999999998,2,500000,0.00035,0.0001,0.080092563756874513,0.15106225489321864,1.0875854137801044e-17,0.17402861287543392,0.063114896551815375,0.53464476257507632,2.2850868966729464e-05,0.06627750485548467,0.071598247511691707,4.5123219480565234e-18,0.052497508954554392,0.41562425581437618,0.39399488930309684,7.5935607963125951e-06,0.27245192161983456,0.0016504383807724812,1.1616920252775464e-09,0.0020579712902789623,2.035985067671055e-05,0.38534022042891575,7.7033382885247764e-05,7.6454518165260378e-07,2.6674630910342585e-10,3.4515892182333518e-12,3.2380223190088774e-10,7.9101762962422962e-11,6.2454059138363242e-08,0.33840122621260166,nan,nan,nan,nan,nan,nan,nan,nan,nan,nan,nan,nan,nan,nan,0,0,0,0,0,0,0,3.9411647896288189e-11,-1.603472522446374e-12,-2.5306374449602159e-12,-3.9060626730507605e-11,2.0058824393154318e-15,8.9725852399011319e-11,1.2478768857106823e-12,-1.8133476491211109e-13,-1.3506401259346891e-16,-4.8420936279436083e-18,1.7308785905631746e-17,-2.3320061440669595e-17,5.9286032354096058e-14,-8.7070628688185231e-11,nan,nan,nan,nan,nan,nan,nan,nan,nan,nan,nan,nan,nan,nan,-2.2536669971959938e-07,1.8938454438011121e-07,-3.3482737912776858e-22,3.5895080290839235e-08,7.1198229906199728e-07,-2.6122513707704798e-07,0,0.018085215555299568,0.034441176411306,2.4517976032666518e-18,0.039535388365225979,0.014288659270875274,0.1212484433973873,5.1864313551965594e-06,-0.0004341045574490639,0.00057206208911230285,-3.6955097353250142e-20,0.0003184268095053355,0.00019081601788756714,-0.0006027522278443994,3.5198231988207589e-10
7,3,support,0.0073684210526315788,0.0035000000000000001,0.007105263157894736,0.0074999999999999997,0.0030000000000000001,0.0040000000000000001,1001321.1027482966,1.3514345859971815,13.162968967558646,3108.1674005374412,0.16668843065191472,1173,1173,4.0308741559329169e-05,0.23155999983351067,0.40000000000000002,2,300000,0.00033700000000000001,0.0001,0.089510040078291567,0.13953237954398862,1.1745166698002002e-17,0.16648685731384028,0.062633048376272704,0.55050640563474784,2.3039173605519169e-05,0.073441244146075085,0.06557159521267894,4.8315914983625097e-18,0.049795753966880497,0.40894686117087159,0.40223695441645507,7.5910870389898637e-06,nan,nan,nan,nan,nan,nan,nan,nan,nan,nan,nan,nan,nan,nan,0.27520342184483271,0.0017428167433087408,1.3115859154437883e-09,0.0021407355570411944,1.971241400159295e-05,0.37641357639411321,8.0735836390191296e-05,6.8761963170618592e-07,2.4704675551818255e-10,3.7414084693664253e-12,3.6314424385961902e-10,8.8876299489683165e-11,6.0015574156756711e-08,0.34439825156070542,0,0,0,0,0,0,0,nan,nan,nan,nan,nan,nan,nan,nan,nan,nan,nan,nan,nan,nan,8.883653838093304e-11,-1.6594128876531251e-12,-1.4734801995694296e-11,-3.1657080740201343e-10,6.0110336846941337e-15,4.6290347575049517e-10,1.2912906326497152e-12,-2.0177143376237661e-13,-1.8319386374392895e-16,-5.381806197855871e-18,2.0973002355580745e-17,-2.8369866020549481e-17,4.5992284815011714e-14,-2.1991630761241761e-10,-2.6189249713228641e-07,2.2253327952581614e-07,1.0901963073170812e-22,3.8911198849653165e-08,8.2458769350146621e-07,-3.005017456536585e-07,0,0.02001621410189507,0.031679761884518723,2.6231705943502774e-18,0.037603913091463749,0.014132712561144284,0.12387166440284343,5.1924253501543704e-06,-1.5636732999649131e-05,-2.0538919950858902e-06,-1.5029122807681614e-20,-6.007876038141721e-05,5.9654878892574389e-05,-9.4396781260694575e-05,-4.3711291909223038e-09
7,4,support,0.0073684210526315788,0.0045000000000000005,0.007105263157894736,0.0074999999999999997,0.0040000000000000001,0.0050000000000000001,1000986.5984362591,1.6001444089224355,15.590610170810079,2742.9498864352572,0.14123724299906176,1173,1173,4.1115474183310437e-05,0.20646863375913518,0.40000000000000002,2,300000,0.00033700000000000001,0.0001,0.087480531334661951,0.11954802230971581,2.1867256005150631e-17,0.20503462667058303,0.040746946974861309,0.53232461342686099,2.298181899896129e-05,0.08501370451748741,0.066541471350306525,1.0654536654841214e-17,0.072635482195429105,0.31511397119827961,0.46068640201306482,8.9687254325136977e-06,nan,nan,nan,nan,nan,nan,nan,nan,nan,nan,nan,nan,nan,nan,0.2518488172668113,0.0027009592653158307,1.5825359361411405e-09,0.0025556266376103773,3.0984726556681979e-05,0.38365176169110055,0.0001098152439118216,4.8942120329304552e-07,2.2934892818625617e-10,4.5855930830121734e-12,4.3186795301293967e-10,1.1466783710109799e-10,8.2807986154115737e-08,0.35910146057649023,0,0,0,0,0,0,0,nan,nan,nan,nan,nan,nan,nan,nan,nan,nan,nan,nan,nan,nan,-1.009861404682245e-10,-1.7300155243490656e-12,9.0286172767352803e-12,-1.0476018357990196e-10,1.4356788327618553e-14,-5.5711655644677394e-10,1.3656001407481002e-12,-3.6733788753851027e-13,-5.1418188447919054e-16,-6.5368385020257958e-18,2.4536939337978422e-17,-4.1280580378917154e-17,-1.3131575953682606e-13,7.5468364836628629e-10,-3.7356872712758504e-07,1.9395241701580801e-07,8.3568765365505825e-22,1.8016488286259831e-07,1.3008937405495358e-06,-5.5361970713319053e-07,0,0.019515072547722442,0.027078791274616369,4.9074577746420376e-18,0.046423066257642261,0.0091588448250398916,0.11953756492402941,5.1734016021882759e-06,0,0,0,0,0,0,0
8,0,lumen,0.0076315789473684215,0.00050000000000000001,0.0074999999999999997,0.0077631578947368425,0,0.001,1000159.2221774291,1.3429660286366039,13.095680785500109,3070.6649011527638,0.16790926590495597,1173,1173,4.0560049294304036e-05,0.23250266435518549,0.59999999999999998,2,500000,0.00035,0.0001,0.073451839938232247,0.16329846799830466,1.0158931275829221e-17,0.18141208486252533,0.065242282042019678,0.53085940493074146,2.3125362914596669e-05,0.059957729161549435,0.076347897524705569,4.1577011410117142e-18,0.053982475266233912,0.42380560483127777,0.38589871268129516,7.5805349381326758e-06,0.27111114336054504,0.0015622257521234562,1.0356068618148384e-09,0.0019863075756589165,2.0550496384928687e-05,0.39177489919931086,7.363014064028567e-05,8.3634670137167683e-07,2.8304121827426616e-10,3.2165630254642809e-12,2.911968882416465e-10,7.0926872019633737e-11,6.365509359479489e-08,0.3334703417895532,nan,nan,nan,nan,nan,nan,nan,nan,nan,nan,nan,nan,nan,nan,0,0,0,0,0,0,0,-3.9240114511887784e-10,-5.5286805564715268e-13,4.6792665520364623e-12,7.4257209296689984e-10,4.7472876324450297e-15,2.1429285711367652e-10,5.3244559077950829e-13,-3.297058806528419e-15,8.3246520065292989e-18,-2.5337720571754699e-19,5.6277832680989339e-19,-4.2736707692676694e-19,-1.337158674267584e-14,-5.6911081421223074e-10,nan,nan,nan,nan,nan,nan,nan,nan,nan,nan,nan,nan,nan,nan,-1.9535484612788478e-07,1.6833597710208537e-07,-1.7724771337072799e-22,2.6799908764074103e-08,6.1304632463510256e-07,-2.2289262197050519e-07,0,0.016482863795979998,0.036990430609719988,2.2774361910777472e-18,0.040960492792633273,0.014685245841115425,0.11966925827491737,5.216967473134648e-06,-8.1471688005450117e-05,9.4040791181027378e-05,-6.1104453452210856e-21,3.6096398200562681e-05,4.7595047797220359e-05,-0.00011912355724893794,2.6010663185684834e-10
8,1,lumen,0.0076315789473684215,0.0015,0.0074999999999999997,0.0077631578947368425,0.001,0.002,1000158.9475753695,1.3744757226959434,13.402945324005744,3005.6538441371895,0.16762614834802492,1173,1173,4.0538736392545362e-05,0.23234263996387411,0.59999999999999998,2,500000,0.00035,0.0001,0.073369477870556615,0.15749038285883299,1.0051277078059594e-17,0.17625080444231275,0.063499904313184544,0.52083349219523511,2.2589794777813535e-05,0.061295711547087177,0.07536004964347269,4.2101605448360814e-18,0.053677200010278509,0.42216554840734577,0.38749391167381114,7.5787180046945006e-06,0.27139266542744417,0.0015794704191543739,1.0618723625346311e-09,0.0020004634713301386,2.0508430799986312e-05,0.39046729593022295,7.4298727980645586e-05,8.213935845282251e-07,2.7966904969785862e-10,3.2647572052265471e-12,2.9797727567488622e-10,7.2613544407489822e-11,6.340194072156665e-08,0.33446441108214647,nan,nan,nan,nan,nan,nan,nan,nan,nan,nan,nan,nan,nan,nan,0,0,0,0,0,0,0,-1.2836144412414584e-10,-9.5673285890727646e-13,7.7335998583968566e-12,2.2908999498589301e-10,-2.5260826416739768e-15,-2.990940264555042e-11,8.4357970826114543e-13,-3.9583353955707778e-14,-5.9668520975087212e-18,-1.5180133321197061e-18,5.0206899807424309e-18,-6.3734688705558038e-18,1.3960149774071609e-14,-7.8411666234235276e-11,nan,nan,nan,nan,nan,nan,nan,nan,nan,nan,nan,nan,nan,nan,-2.0146556888121087e-07,1.731788714653959e-07,1.4018921939245137e-22,2.8308901295812496e-08,6.3274609701791107e-07,-2.2999576448912151e-07,0,0.016826971742734485,0.0364648470785656,2.3043895367272155e-18,0.040669582089436933,0.014607782293607251,0.11999567013373745,5.2084304905775768e-06,-0.00020998276867732781,0.00026405090821937118,-2.0264954109556945e-20,0.00013499575434665475,0.00010062272926559869,-0.00029527691133242464,6.4222459331193352e-10
8,2,lumen,0.0076315789473684215,0.0025000000000000001,0.0074999999999999997,0.0077631578947368425,0.002,0.0030000000000000001,1000158.1403145934,1.3614221419427011,13.275666465298048,3047.6038359921668,0.16703535622917279,1173,1173,4.0470459527407185e-05,0.23219263782628605,0.59999999999999998,2,500000,0.00035,0.0001,0.078241410401897055,0.15315378005022379,1.0567522784051969e-17,0.17416026572099516,0.063580550784566939,0.53117332498230885,2.2792854924344505e-05,0.064745176604755136,0.072589021843855392,4.3843648929780541e-18,0.052536835629521522,0.41868759221024543,0.39143379948534551,7.5742262770343876e-06,0.27244660349519306,0.0016217206934675034,1.1306514288356401e-09,0.0020370579078617134,2.0282461034303988e-05,0.38664252695038515,7.5971301524161428e-05,7.8304122166861402e-07,2.7043141388514883e-10,3.3918616674786287e-12,3.1583227173075328e-10,7.7028996659738196e-11,6.2445180407257814e-08,0.33715498990679243,nan,nan,nan,nan,nan,nan,nan,nan,nan,nan,nan,nan,nan,nan,0,0,0,0,0,0,0,-3.6351054043156065e-12,-4.6298561403018732e-13,-2.8068028536884587e-12,-2.2213640281274238e-11,-3.0005295123536335e-15,3.3335102408472983e-10,4.4706958391410035e-13,-2.1482381845627785e-15,2.53950659146204e-17,-6.329389333366345e-19,3.3377771692280358e-18,-3.9301821587486464e-18,-1.142830808114979e-14,-3.046631837661049e-10,nan,nan,nan,nan,nan,nan,nan,nan,nan,nan,nan,nan,nan,nan,-2.1757398338539957e-07,1.8354878045245826e-07,-2.2104637578902722e-22,3.3694675244622742e-08,6.8642661732454258e-07,-2.5124922359287538e-07,0,0.017715911630659758,0.034996384495107218,2.3873803680653736e-18,0.039662262318928672,0.014432831126509067,0.12077706868077975,5.1864917424410189e-06,-0.00042469719640463461,0.00056361577386420205,-3.7266223574346134e-20,0.00030591912055977607,0.00018702930527514115,-0.00058995593483103168,2.3678338686806692e-10
8,3,support,0.0076315789473684215,0.0035000000000000001,0.0074999999999999997,0.0077631578947368425,0.0030000000000000001,0.0040000000000000001,1001295.8413192781,1.3454147429694634,13.104666319674878,3113.7968010220952,0.16716051271471002,1173,1173,4.0321156152840687e-05,0.23210319093845985,0.40000000000000002,2,300000,0.00033700000000000001,0.0001,0.087825749801715355,0.14248227241926942,1.1489639979622955e-17,0.1677354157339179,0.063407859000972316,0.54915458754026281,2.3085213521197664e-05,0.071740144949618639,0.066661286559212454,4.7055409108742701e-18,0.049946980235518593,0.412172040799968,0.39947197488947161,7.5725662106068112e-06,nan,nan,nan,nan,nan,nan,nan,nan,nan,nan,nan,nan,nan,nan,0.27512634195516134,0.0017101064722405681,1.2758107224734477e-09,0.0021170665356907577,1.9663523862039635e-05,0.37799003562267924,7.9531290585653855e-05,7.0643840474982427e-07,2.5107557752783248e-10,3.6680686762154137e-12,3.5385756709218597e-10,8.643715716150856e-11,6.0101221598531689e-08,0.34295648608930496,0,0,0,0,0,0,0,nan,nan,nan,nan,nan,nan,nan,nan,nan,nan,nan,nan,nan,nan,6.725374147228855e-11,-1.7836562843128525e-12,-1.4816213243976985e-11,-2.718930870100563e-10,1.0989581640530321e-14,5.0276446699436261e-10,1.2919752007099592e-12,-3.1281997391746641e-13,-3.3146353502296475e-16,-6.5963518141911648e-18,2.3752013282463711e-17,-3.3243567557404888e-17,4.1004577052225146e-14,-2.8255600658803767e-10,-2.5253535951546419e-07,2.162260044347164e-07,-2.2604918097184856e-22,3.5821668074268247e-08,7.9343777520390901e-07,-2.8809982388633415e-07,0,0.019605191574332433,0.032286996667119622,2.557561634084126e-18,0.037816376962892341,0.014282647392893857,0.12335721518703598,5.1938483315504361e-06,-1.5613830106745198e-05,-2.58261972267078e-06,-1.5278155187228492e-20,-6.3049082944948462e-05,6.1723241489106698e-05,-9.585773553653107e-05,-4.5537245205485119e-09
8,4,support,0.0076315789473684215,0.0045000000000000005,0.0074999999999999997,0.0077631578947368425,0.0040000000000000001,0.0050000000000000001,1000964.9052555809,1.5511306597850885,15.113384397011426,2825.5798680961489,0.13970181466650333,1173,1173,4.1164711524275236e-05,0.20615402502592062,0.40000000000000002,2,300000,0.00033700000000000001,0.0001,0.088409507029947959,0.12580603079356162,2.2465209845856953e-17,0.21525642537285372,0.042077422441899409,0.54766933319695144,2.3801560301909949e-05,0.083286596278369845,0.067881288927002972,1.0610830425650413e-17,0.073922449966746392,0.31544258918643897,0.45945807133280364,9.0043086380829141e-06,nan,nan,nan,nan,nan,nan,nan,nan,nan,nan,nan,nan,nan,nan,0.2510691360612618,0.0026812559351590982,1.5447646039049224e-09,0.0025395710362386891,3.1377560565496014e-05,0.38576183132764053,0.00010906977115053204,4.9930653010397584e-07,2.3323750025156852e-10,4.4918690903925914e-12,4.2161731551036731e-10,1.1193977612034749e-10,8.3900181641412376e-08,0.35780717278521884,0,0,0,0,0,0,0,nan,nan,nan,nan,nan,nan,nan,nan,nan,nan,nan,nan,nan,nan,-6.2396291654749615e-11,-1.2486130502215176e-12,-4.2336312040845632e-12,-2.5171650773213877e-10,1.6109509559658619e-14,-6.5322831020210581e-11,9.7175955349217604e-13,-3.5494643248895619e-13,-5.2166333286771378e-16,-5.4174139709314119e-18,1.9207315906613641e-17,-3.428665831060923e-17,-1.7583760531095918e-13,3.8446137886449865e-10,-3.6294560515435365e-07,1.8531767254081899e-07,-5.428411594344696e-23,1.7769800429937148e-07,1.2665782394977176e-06,-5.4039604496791682e-07,0,0.019051725113302314,0.027487837463275058,4.8613147976543052e-18,0.047025710924610629,0.0091305469553203001,0.11874621302875596,5.1723364043718804e-06,0,0,0,0,0,0,0
9,0,lumen,0.0078947368421052634,0.00050000000000000001,0.0077631578947368425,0.0079605263157894735,0,0.001,1000156.0973667045,1.3573613275626562,13.236095190742791,3031.1399822509115,0.1682673442474093,1173,1173,4.0569191439167223e-05,0.23297440892123433,0.59999999999999998,2,500000,0.00035,0.0001,0.070953214981649082,0.16359973358520996,9.7847040068899909e-18,0.17961215910853762,0.0649694052493969,0.52205330882426826,2.2825694631819071e-05,0.058539145271230116,0.077308877076544075,4.0474802690305115e-18,0.05401994217945065,0.42655815097567545,0.38356632196726387,7.5625298358343918e-06,0.27107920833762544,0.0015376011491317926,1.0077172559783842e-09,0.0019676873564785087,2.0481176882420846e-05,0.39296731258665446,7.2704377477994826e-05,8.5467599734093935e-07,2.8656915473058736e-10,3.1666718454801855e-12,2.8409173348491802e-10,6.9113880021428629e-11,6.3645747854946731e-08,0.33235408504334535,nan,nan,nan,nan,nan,nan,nan,nan,nan,nan,nan,nan,nan,nan,0,0,0,0,0,0,0,2.202141341350976e-11,-1.0261935833371398e-12,-8.6837491017492401e-13,-3.8302337169730235e-11,-7.8558036811782195e-15,9.7726013479487728e-12,9.1856917652719566e-13,-3.8080866585077366e-14,-9.190641451881477e-19,-1.6576250697768622e-18,5.9762825251784968e-18,-7.4707044238901205e-18,7.5532776848010516e-15,7.5227600167675816e-12,nan,nan,nan,nan,nan,nan,nan,nan,nan,nan,nan,nan,nan,nan,-1.8865997788216488e-07,1.6367550947915532e-07,-1.3280194520688051e-23,2.4975602588593014e-08,5.9094659772551683e-07,-2.1359807661491814e-07,0,0.016216165798368123,0.03740532069030366,2.2357679330714722e-18,0.041053937652901704,0.014784803031674667,0.11933550319500927,5.2168342674892433e-06,-8.103716214890436e-05,9.5152378396331494e-05,-7.3420669539265076e-21,3.8060568727931873e-05,4.5631920979313101e-05,-0.00011666654006998962,3.3743387381471153e-10
9,1,lumen,0.0078947368421052634,0.0015,0.0077631578947368425,0.0079605263157894735,0.001,0.002,1000155.8286908112,1.3555857056777985,13.218784044621188,3040.4661763991835,0.1680921562356649,1173,1173,4.0547079145271191e-05,0.23283581204850157,0.59999999999999998,2,500000,0.00035,0.0001,0.072658473254581288,0.16169937268058152,9.949766081607524e-18,0.17877807928027734,0.064815658429970627,0.5248583994999888,2.2848478875470967e-05,0.059867647382920552,0.076310927797762454,4.1103759337229392e-18,0.053698762114979939,0.42499215848001615,0.3851229440463983,7.5601779224765926e-06,0.27137843609618778,0.0015540939965217793,1.0336228400234698e-09,0.0019814936905036399,2.0433561112300696e-05,0.39165789910607757,7.3349217033381628e-05,8.3962223556144769e-07,2.8318212073266823e-10,3.2134047457506839e-12,2.9077190632182053e-10,7.0765619414413444e-11,6.3381309550371542e-08,0.33333338964746267,nan,nan,nan,nan,nan,nan,nan,nan,nan,nan,nan,nan,nan,nan,0,0,0,0,0,0,0,7.6099207360127389e-12,-1.2707220441514753e-12,1.5843154053989425e-14,5.0816908160720195e-12,-7.5637196159106246e-15,1.0396065302023527e-11,1.1153915519336016e-12,-5.5674432078434144e-14,-9.4359429999074196e-18,-2.2242934557553563e-18,7.6890415641574537e-18,-9.779823021952545e-18,2.0419009280843543e-14,-2.2905372223099864e-11,nan,nan,nan,nan,nan,nan,nan,nan,nan,nan,nan,nan,nan,nan,-1.9461038812049192e-07,1.68007431355921e-07,-1.0487411598549927e-23,2.6592587782049628e-08,6.1041924491467281e-07,-2.212079549535062e-07,0,0.016563240605013851,0.036871857911920804,2.2676676723458797e-18,0.040754673496940098,0.014709214531199229,0.11966396740642599,5.2083069517935946e-06,-0.00020914045005743378,0.00026575128291541662,-1.6599855539831394e-20,0.00013454972843177958,9.8853749660281413e-05,-0.00029222569693472994,6.3815761698997655e-10
9,2,lumen,0.0078947368421052634,0.0025000000000000001,0.0077631578947368425,0.0079605263157894735,0.002,0.0030000000000000001,1000155.0380215904,1.3710106576867598,13.369208643967603,3019.1924661233243,0.16746235649189783,1173,1173,4.0478397957358413e-05,0.23270508159420678,0.59999999999999998,2,500000,0.00035,0.0001,0.075956784340437414,0.15404480028099587,1.0178576705168681e-17,0.17303214894872032,0.063573255368412573,0.52419811984881659,2.2578090801940497e-05,0.063297519028371191,0.07352577920296155,4.2527506616047382e-18,0.052564314149594893,0.42158934285542721,0.38901548903882122,7.5557248238695457e-06,0.2724443327819599,0.001595081852281994,1.1015498324259591e-09,0.0020174740746799649,2.0206768180946638e-05,0.38785659736435779,7.4981737761012728e-05,8.0082167768181355e-07,2.7391817577486176e-10,3.3369020665086946e-12,3.0837777898331661e-10,7.5099426031567832e-11,6.2427021860951608e-08,0.33599046040979674,nan,nan,nan,nan,nan,nan,nan,nan,nan,nan,nan,nan,nan,nan,0,0,0,0,0,0,0,8.1402803150369559e-10,-2.0614793164785637e-12,-8.8142571887932359e-11,-1.6084982649614583e-09,-6.7052483357366022e-15,2.2813442797191275e-09,1.6560963520325e-12,-1.880208228693947e-13,-1.1725790243911556e-16,-5.9012298949609347e-18,2.1623084271070417e-17,-2.8583348050060829e-17,7.4714647134567649e-14,-1.3982061621509481e-09,nan,nan,nan,nan,nan,nan,nan,nan,nan,nan,nan,nan,nan,nan,-2.1026789253243e-07,1.7640719329747867e-07,1.9065085417487548e-22,3.1667617667393568e-08,6.6232769424523497e-07,-2.4041500512606007e-07,0,0.017447870106721608,0.035401502157343209,2.3378066369533185e-18,0.039751648912999205,0.014536975503592169,0.12043609036634645,5.1865689543595675e-06,-0.00041361404677319179,0.00055181373898633129,-3.634845067920526e-20,0.00029282143122789028,0.0001827815135259808,-0.00057151620351002632,9.9340932472302537e-11
9,3,support,0.0078947368421052634,0.0035000000000000001,0.0077631578947368425,0.0079605263157894735,0.0030000000000000001,0.0040000000000000001,1001270.5036757354,1.3145331732195091,12.804196339268771,3178.7995041970116,0.16759286156872649,1173,1173,4.0333389366311167e-05,0.23261699939237421,0.40000000000000002,2,300000,0.00033700000000000001,0.0001,0.08783319849895932,0.14815290382133769,1.140878782161005e-17,0.1721544794739229,0.065379815364482147,0.55832795936508728,2.3572228912871508e-05,0.070101197948428742,0.06772505779226029,4.5652965579396688e-18,0.050087476558629468,0.41524602805157262,0.39683268461914256,7.5550299663227748e-06,nan,nan,nan,nan,nan,nan,nan,nan,nan,nan,nan,nan,nan,nan,0.27503898021492046,0.0016794692985847807,1.2416316111698306e-09,0.002094588976662736,1.961902636005846e-05,0.3795075647088299,7.8396170252724882e-05,7.249251263469912e-07,2.549947482247126e-10,3.5993478050107249e-12,3.4500436007939283e-10,8.4126314082650377e-11,6.0187367529496193e-08,0.34158059456252909,0,0,0,0,0,0,0,nan,nan,nan,nan,nan,nan,nan,nan,nan,nan,nan,nan,nan,nan,-8.4946925215815923e-11,-1.0525983391921821e-12,8.3059103333576377e-12,8.9167649793356726e-11,1.2109454064490599e-15,-2.0093091654491829e-10,8.3823963935285798e-13,-1.1887246829239695e-13,-7.5943018440756128e-17,-3.4418151063759025e-18,1.3608097356415271e-17,-1.8158792748133933e-17,2.0728031666254741e-14,1.8871551522707992e-10,-2.4374403442394693e-07,2.1057190385809221e-07,9.3902619907952167e-24,3.3364852580483061e-08,7.6461400859428874e-07,-2.7718967521295212e-07,0,0.019307184548244056,0.032729972208366535,2.5082346048853212e-18,0.03796773896970089,0.014390479159393163,0.12298674918929513,5.1949323812443669e-06,-1.5656750231816559e-05,-2.9932010926905806e-06,-1.5459944142819466e-20,-6.5859027643569394e-05,6.3718251534101831e-05,-9.6870628051367748e-05,-4.7314035196100112e-09
9,4,support,0.0078947368421052634,0.0045000000000000005,0.0077631578947368425,0.0079605263157894735,0.0040000000000000001,0.0050000000000000001,1000943.2757635689,1.5761722857188736,15.357708415289142,2777.1266049019987,0.14008838896557696,1173,1173,4.1211913993187744e-05,0.20582270486614174,0.40000000000000002,2,300000,0.00033700000000000001,0.0001,0.085324158959728086,0.12610215316592885,2.194073813798953e-17,0.2154048746121307,0.04142994640738188,0.53770546241059358,2.3515966192561882e-05,0.081679458585257395,0.069141024593447564,1.0530641250686206e-17,0.07516928936183559,0.31560964116350537,0.45839154621205175,9.0400839021066977e-06,nan,nan,nan,nan,nan,nan,nan,nan,nan,nan,nan,nan,nan,nan,0.25031221362887879,0.0026648824882501529,1.5099732781244406e-09,0.0025253421025657435,3.1764204017529971e-05,0.38771881729515584,0.00010843122993598195,5.0834005997331096e-07,2.3684456444334307e-10,4.406308323005144e-12,4.1218160020587136e-10,1.0944544733832788e-10,8.4955166543917643e-08,0.35663795348311828,0,0,0,0,0,0,0,nan,nan,nan,nan,nan,nan,nan,nan,nan,nan,nan,nan,nan,nan,-6.5084431759211675e-11,-1.0777272959352354e-12,-2.8013406114790029e-12,-2.3233504494594643e-10,1.2186866099606064e-14,-1.3874024075866825e-10,8.3054009831766677e-13,-2.9011970777148566e-13,-3.9495087643359503e-16,-4.5357176646789075e-18,1.602573866457402e-17,-2.8741939821689229e-17,-1.2606082871317544e-13,4.3961273457656395e-10,-3.5333940174697015e-07,1.7787613104669475e-07,4.4836860406522236e-22,1.7560521675987742e-07,1.2356639452620888e-06,-5.2871501388107589e-07,0,0.018713333324567823,0.027782087014372382,4.8216400561580568e-18,0.04747174856368503,0.0091058469786807674,0.1181650006492542,5.1715063341552517e-06,0,0,0,0,0,0,0
10,0,lumen,0.0080263157894736835,0.00050000000000000001,0.0079605263157894735,0.0080592105263157885,0,0.001,1000154.5319352753,1.3563483654237936,13.226238151532538,3029.9998426935076,0.16850374140086435,1173,1173,4.0573645767691341e-05,0.23320434840546556,0.59999999999999998,2,500000,0.00035,0.0001,0.070165284148444834,0.16471917019409774,9.6854271535648777e-18,0.17979902651344201,0.065222401911668018,0.52089518309491423,2.2816047037713205e-05,0.057845961361171996,0.077779899075685721,4.0034304060369075e-18,0.054035873209582065,0.42790030778704979,0.38243040486258567,7.5537039248401326e-06,0.27106280093937574,0.0015257501991490052,9.9416083220637605e-10,0.0019586609727087517,2.0447149847469437e-05,0.39354651355316239,7.2257362480504986e-05,8.6373645594495809e-07,2.8829723794630636e-10,3.1427713706926653e-12,2.8064373452835911e-10,6.8237247838860476e-11,6.3639746296424472e-08,0.33181264081259182,nan,nan,nan,nan,nan,nan,nan,nan,nan,nan,nan,nan,nan,nan,0,0,0,0,0,0,0,6.3471116058560652e-11,-1.2865345833251173e-12,-5.3910837001045824e-12,-1.2513342472866596e-10,-5.6945550705456149e-15,1.339832062571128e-10,1.0808770854308195e-12,-7.8841230419235409e-14,-2.6454980823550429e-17,-3.0207852281429662e-18,1.0775754993513714e-17,-1.3927526371917726e-17,4.2475463521042428e-14,-6.6681854655863643e-11,nan,nan,nan,nan,nan,nan,nan,nan,nan,nan,nan,nan,nan,nan,-1.8543116328800097e-07,1.6115557160967242e-07,-1.2298686582225471e-22,2.4147041579887412e-08,5.8042431740068512e-07,-2.0945837247987598e-07,0,0.01608545432023082,0.037609187963787642,2.2239601855737734e-18,0.041098653287232126,0.014833665371180714,0.11917233682231841,5.2167642027323397e-06,-8.1469049723807227e-05,9.6504502454297796e-05,-7.7584857636460879e-21,3.9112626655251576e-05,4.4981675936084497e-05,-0.00011722453725370744,3.5499383351182841e-10
10,1,lumen,0.0080263157894736835,0.0015,0.0079605263157894735,0.0080592105263157885,0.001,0.002,1000154.2662033169,1.3820967227959065,13.477323176671376,2978.7929599573517,0.16823123316630392,1173,1173,4.0551010966265024e-05,0.23307526041958371,0.59999999999999998,2,500000,0.00035,0.0001,0.070445347700772265,0.15955261864953399,9.6626138288799571e-18,0.17537506336258807,0.063777010269566892,0.51325527400839399,2.2383653335105765e-05,0.059179375257513663,0.076770517858763807,4.0698221546093254e-18,0.053706887365466589,0.42636080289922729,0.38397486538674142,7.5512322871539048e-06,0.27137264156015506,0.0015419755822709982,1.020076127947976e-09,0.0019723697910736938,2.0396337082231203e-05,0.39222768233395428,7.2894288430640358e-05,8.4854507556482046e-07,2.8488108178174265e-10,3.1891491532825555e-12,2.8732297209339084e-10,6.9883913664416425e-11,6.3367484194211377e-08,0.33279112652905901,nan,nan,nan,nan,nan,nan,nan,nan,nan,nan,nan,nan,nan,nan,0,0,0,0,0,0,0,1.318057219713435e-10,-1.6244950669759161e-12,-9.9594538430406615e-12,-2.3852576536149163e-10,-5.6421881056145651e-15,2.3736602050225541e-10,1.3344917992236895e-12,-1.1547100081665818e-13,-4.8887758436940255e-17,-4.1249330774919911e-18,1.4274729088010598e-17,-1.8672151802557003e-17,6.5005111530686038e-14,-1.2034062653002472e-10,nan,nan,nan,nan,nan,nan,nan,nan,nan,nan,nan,nan,nan,nan,-1.913418213178586e-07,1.6540159519795594e-07,-2.3013093126807834e-22,2.5712875715342865e-08,5.9970150032007119e-07,-2.1682601553107972e-07,0,0.016433757284192645,0.037072183265920974,2.2567383214868513e-18,0.040795431494132416,0.014758988430309395,0.11950153614962934,5.2082447538118188e-06,-0.00020785743632403448,0.00026560818521624042,-1.777046146135499e-20,0.00013414447967474111,9.7634341567201803e-05,-0.00029052766090501502,6.5016608912035245e-10
10,2,lumen,0.0080263157894736835,0.0025000000000000001,0.0079605263157894735,0.0080592105263157885,0.002,0.0030000000000000001,1000153.4837553394,1.3456875740104868,13.122294712911774,3072.4559789645391,0.16765846517555985,1173,1173,4.0482393997117175e-05,0.2329543619249328,0.59999999999999998,2,500000,0.00035,0.0001,0.076514812694520623,0.15793359523647876,1.0295290932153586e-17,0.17633178235256539,0.064987263524187044,0.53243894187652863,2.297545407624886e-05,0.06258492314908326,0.073989688745547788,4.2220714346799028e-18,0.052577373157385497,0.42300695662204557,0.38783351162557378,7.5467003642429961e-06,0.27243973725682707,0.0015822236466724517,1.0873031899355294e-09,0.0020079358199672861,2.0170353961891585e-05,0.38845294132080227,7.4502178168953209e-05,8.0967014503985742e-07,2.7564137949077649e-10,3.3103763921598741e-12,3.0473382485275691e-10,7.416021802166942e-11,6.2419051552622782e-08,0.33542161558925443,nan,nan,nan,nan,nan,nan,nan,nan,nan,nan,nan,nan,nan,nan,0,0,0,0,0,0,0,-3.0617790083424828e-10,-2.1664623811597279e-12,3.4444611073167374e-11,7.3951525406434251e-10,1.7775494617899845e-15,-1.0405511458987798e-09,1.6766969661192902e-12,-2.3946795067730786e-13,-1.665027090964649e-16,-6.1966936980471845e-18,2.0222865655473636e-17,-2.7556323548345922e-17,9.3964239872022153e-14,5.7340285279013892e-10,nan,nan,nan,nan,nan,nan,nan,nan,nan,nan,nan,nan,nan,nan,-2.0688843887541053e-07,1.7713071903679989e-07,-3.2992248636259471e-22,3.0763970260717317e-08,6.5147800222542518e-07,-2.3835732521071407e-07,0,0.017316113620869225,0.035601162502759173,2.3472923570317021e-18,0.039795146088900474,0.014588029474515365,0.12026796550792286,5.1866170364409747e-06,-0.00040846490068787366,0.00054585753378004562,-3.4468868947917304e-20,0.00028608581584276812,0.00018097822090290723,-0.00055713015147388766,2.7468657494346101e-11
10,3,support,0.0080263157894736835,0.0035000000000000001,0.0079605263157894735,0.0080592105263157885,0.0030000000000000001,0.0040000000000000001,1001257.8073074339,1.302679304169194,12.688894752799806,3203.733605418171,0.16781328182920369,1173,1173,4.033933435891149e-05,0.23286546297613323,0.40000000000000002,2,300000,0.00033700000000000001,0.0001,0.087625167965018749,0.15064179197145225,1.1393488251481749e-17,0.17394789702337915,0.066210309832725245,0.56159005979985022,2.3759595963278002e-05,0.069305400112480722,0.068242693455870071,4.5181190477627659e-18,0.050153526728635434,0.41673395486989917,0.39555687832466546,7.5465084492385907e-06,nan,nan,nan,nan,nan,nan,nan,nan,nan,nan,nan,nan,nan,nan,0.27499618850653756,0.0016648648311066133,1.2251449640823805e-09,0.0020837870465353486,1.9596875171871994e-05,0.3802375203618355,7.7853055674676893e-05,7.3401013780671006e-07,2.5690048310574714e-10,3.5666408668050218e-12,3.4074089742802171e-10,8.3017923976730354e-11,6.0226508364492123e-08,0.34091939317712128,0,0,0,0,0,0,0,nan,nan,nan,nan,nan,nan,nan,nan,nan,nan,nan,nan,nan,nan,1.98689136058156e-10,-1.9628492703760958e-12,-3.5969952623930036e-11,-6.219326355947321e-10,1.291642574147156e-14,1.2354632782313538e-09,1.4292744790502743e-12,-3.2202821138860305e-13,-3.2508187035642689e-16,-7.179174391297966e-18,2.5781521491480301e-17,-3.5834864268230876e-17,6.1469226587038191e-14,-7.7546838415785295e-10,-2.3949048007839563e-07,2.0611144568860595e-07,-3.2017123982619439e-22,3.2179788955652468e-08,7.5065891211312241e-07,-2.7108416922327905e-07,0,0.019160615226273429,0.032948473909560912,2.4904556420797009e-18,0.038041462944477918,0.014443307818526093,0.12280562461995959,5.1954784496570161e-06,-1.5647656899505306e-05,-3.2264065226166725e-06,-1.5570921774019227e-20,-6.725329175725059e-05,6.4695338558689333e-05,-9.6952373341011063e-05,-4.8212207369908642e-09
10,4,support,0.0080263157894736835,0.0045000000000000005,0.0079605263157894735,0.0080592105263157885,0.0040000000000000001,0.0050000000000000001,1000932.4856505467,1.5650205779759991,15.24921419975305,2795.1695677842436,0.1388226019875225,1173,1173,4.1235728283824856e-05,0.20564804927794406,0.40000000000000002,2,300000,0.00033700000000000001,0.0001,0.085090340952840793,0.12815636117989432,2.2077132349263893e-17,0.21876402815195337,0.041730908224243274,0.54092805238634423,2.3731469319249981e-05,0.080880186718187877,0.069770931906216527,1.0521248831496417e-17,0.075802211467880271,0.31565652691553664,0.45788108451260623,9.0584795725684758e-06,nan,nan,nan,nan,nan,nan,nan,nan,nan,nan,nan,nan,nan,nan,0.24992904181201722,0.0026572640004563219,1.4927900191835879e-09,0.0025184680806776077,3.1961704980329113e-05,0.3886870108000991,0.00010812867946222924,5.127884144223483e-07,2.3863389372160902e-10,4.3642532263691062e-12,4.0752357076102745e-10,1.0821835448000298e-10,8.5489074369574195e-08,0.35606752439326128,0,0,0,0,0,0,0,nan,nan,nan,nan,nan,nan,nan,nan,nan,nan,nan,nan,nan,nan,4.9166658081206873e-11,-1.7023351322877983e-12,-3.5458000393811159e-11,-5.5200180933326529e-10,2.7460455784278359e-14,9.6735924663433198e-10,1.3082757769903296e-12,-3.9663899335101727e-13,-5.5824040476704316e-16,-7.1329293501948059e-18,2.6701646805996778e-17,-4.4679449256628629e-17,-1.3331899692251362e-13,-4.281687232241402e-10,-3.4861034048372375e-07,1.7307442007341578e-07,2.0642716195110835e-23,1.7460452225315833e-07,1.2205166439599457e-06,-5.2269821565475993e-07,0,0.01854636879589356,0.027926126655475284,4.8101428776770988e-18,0.047693341051745455,0.0090926635843771551,0.11787742726968539,5.1710834250970986e-06,0,0,0,0,0,0,0
11,0,lumen,0.0080921052631578935,0.00050000000000000001,0.0080592105263157885,0.0081250000000000003,0,0.001,1000153.7484768291,1.3565951199098685,13.228654705303805,3027.7690734187299,0.1685593019742346,1173,1173,4.0575840945360199e-05,0.23331770344815392,0.59999999999999998,2,500000,0.00035,0.0001,0.069737673457159019,0.16518218102443016,9.5863428472846517e-18,0.17979078140819479,0.065311346456676883,0.52003732122009716,2.2798725875536793e-05,0.057503933311474596,0.078012782443454942,3.9631983065625221e-18,0.054043267659927834,0.42856212828067741,0.38187033895597139,7.5493484938260675e-06,0.27105449250564478,0.0015199424836202062,9.874886764146642e-10,0.0019542212074893472,2.0430309099619793e-05,0.39383162792564241,7.2037931392931478e-05,8.6823508133414348e-07,2.8915134726668211e-10,3.131094748967549e-12,2.7894809891472303e-10,6.7806897648467668e-11,6.3636414627517286e-08,0.33154631413908869,nan,nan,nan,nan,nan,nan,nan,nan,nan,nan,nan,nan,nan,nan,0,0,0,0,0,0,0,8.4246135784397272e-11,-4.3986284741912594e-13,-3.1902012385618586e-12,-1.3675858733592006e-10,-7.1199556667123076e-15,3.5900213357642485e-11,3.8312685211277762e-13,-2.8132444290784875e-14,-7.6571654354696868e-19,-9.1689841832342195e-19,2.4480319238639473e-18,-3.2668972516104974e-18,1.4798282911872812e-15,1.9892892717213313e-11,nan,nan,nan,nan,nan,nan,nan,nan,nan,nan,nan,nan,nan,nan,-1.8385279340095428e-07,1.6007235514869933e-07,2.2805673315850578e-22,2.3747762008460713e-08,5.7527336320972733e-07,-2.0746695278406335e-07,0,0.015999157605835281,0.03774395180465074,2.1942546948293872e-18,0.041127826025220374,0.01486594781696856,0.11906469837567445,5.2167162815628793e-06,-8.1544127396710359e-05,9.6948912043107359e-05,-8.2286043333113668e-21,3.9565121447567197e-05,4.4612182335083324e-05,-0.00011690709026961967,3.6416208347768937e-10
11,1,lumen,0.0080921052631578935,0.0015,0.0080592105263157885,0.0081250000000000003,0.001,0.002,1000153.4842099065,1.3837810012829062,13.493757733522774,2973.5083801356845,0.16839021955861347,1173,1173,4.0552985766717556e-05,0.23319324596132163,0.59999999999999998,2,500000,0.00035,0.0001,0.06995357318048738,0.15983330607739304,9.5648939533750931e-18,0.1751739984480741,0.063800343581503258,0.51187278152573967,2.2343311622763451e-05,0.05883790868863386,0.076999354157669939,4.0335759032964675e-18,0.05371072953874903,0.42703689464499983,0.38340756615557942,7.546814368014358e-06,0.27136879057559454,0.0015360216156029166,1.0133724267632142e-09,0.0019678674573134331,2.0378146036442559e-05,0.39251034958087555,7.2670342910251905e-05,8.5299491768894442e-07,2.8572597127961831e-10,3.1772330277259769e-12,2.8561746255942751e-10,6.9448812397517375e-11,6.3361073833533049e-08,0.33252300426833342,nan,nan,nan,nan,nan,nan,nan,nan,nan,nan,nan,nan,nan,nan,0,0,0,0,0,0,0,-9.7841082831486177e-11,-5.8715992674580593e-13,4.8823690136964091e-12,1.726555418098295e-10,-5.3342746886286818e-17,4.7137586802609155e-12,4.8821317888983926e-13,-4.1904197126130249e-14,-1.0327879033123855e-17,-1.39462993134678e-18,3.5472354820471955e-18,-4.8121595319260084e-18,1.7719176438450503e-14,-8.4287299537637205e-11,nan,nan,nan,nan,nan,nan,nan,nan,nan,nan,nan,nan,nan,nan,-1.8975125243205632e-07,1.6442985711906388e-07,1.9370726871839326e-23,2.5311823447889637e-08,5.9459956183727236e-07,-2.1523080967478236e-07,0,0.016348228109499183,0.037204663627776677,2.2403083302159996e-18,0.040822076363287343,0.014791860989164605,0.11939423947949349,5.2082039760690387e-06,-0.00020727809395034146,0.00026538223175247511,-1.0784406084153005e-20,0.00013376525897676645,9.7038584626238711e-05,-0.00028815692714155089,6.4705883225956564e-10
11,2,lumen,0.0080921052631578935,0.0025000000000000001,0.0080592105263157885,0.0081250000000000003,0.002,0.0030000000000000001,1000152.7058579701,1.331973545641838,12.988574278103346,3102.3202684635239,0.16776727783354325,1173,1173,4.0484374110242528e-05,0.23307707572691641,0.59999999999999998,2,500000,0.00035,0.0001,0.076868636983019531,0.16005574363115821,1.0164414469768514e-17,0.17816964725155626,0.065764804976894659,0.53711005097043585,2.3198477402380805e-05,0.062233622209718321,0.074219775608367192,4.125922005563372e-18,0.052584010030455375,0.42370588012270677,0.38724916972219708,7.5423065551871095e-06,0.2724367432082519,0.0015759161000038801,1.0802956455702441e-09,0.0020032334918821618,2.0152423433424021e-05,0.38874749727423963,7.4266421355445675e-05,8.1407407441906017e-07,2.7649529250408441e-10,3.2974317218926409e-12,3.0294296054858157e-10,7.3699483263338137e-11,6.2414987456687792e-08,0.33514131285504634,nan,nan,nan,nan,nan,nan,nan,nan,nan,nan,nan,nan,nan,nan,0,0,0,0,0,0,0,-9.8208337092362005e-10,-8.9605939394453524e-13,1.0902058110620332e-10,2.2165664420833232e-09,4.1338460432527313e-15,-3.2653917742507532e-09,6.7370271626896667e-13,-1.1869194863067811e-13,-7.2525399472359001e-17,-2.7062912238737904e-18,7.3470274030803065e-18,-1.033069937004584e-17,3.5899100858518322e-14,1.9221892409281023e-09,nan,nan,nan,nan,nan,nan,nan,nan,nan,nan,nan,nan,nan,nan,-2.0524706580496432e-07,1.7809165298032781e-07,1.2088433286337034e-21,3.0311862749742309e-08,6.4621662171360228e-07,-2.3766641077394013e-07,0,0.01722898101152524,0.035733386733664232,2.2778646872469334e-18,0.03982376240402187,0.014621742196688827,0.12015647052115185,5.1866517234203496e-06,-0.00040554172932508252,0.00054214341607002124,-3.7131012633813833e-20,0.00028238720304876649,0.00017996953512556041,-0.00054675207532528644,-7.9229392401958956e-12
11,3,support,0.0080921052631578935,0.0035000000000000001,0.0080592105263157885,0.0081250000000000003,0.0030000000000000001,0.0040000000000000001,1001251.4523206593,1.2862888615030412,12.529321320206178,3242.5496534818981,0.16791499366239004,1173,1173,4.0342356987339884e-05,0.23298749658286888,0.40000000000000002,2,300000,0.00033700000000000001,0.0001,0.088234288983272152,0.15314094728488906,1.1350985023682104e-17,0.17628123290763278,0.067171903970450378,0.56783248451483515,2.4048976746646123e-05,0.068909540493133761,0.0685023968515934,4.4446571242753052e-18,0.050187102861274605,0.41746942883720534,0.39492398859491357,7.5423618793716114e-06,nan,nan,nan,nan,nan,nan,nan,nan,nan,nan,nan,nan,nan,nan,0.27497272560446495,0.0016576748316315417,1.2169660763509363e-09,0.0020784357110985286,1.9586399647444649e-05,0.38060220461919281,7.7584957251906276e-05,7.3856754689732947e-07,2.5785450255105492e-10,3.5505388286337148e-12,3.3862731967812738e-10,8.2469796794823232e-11,6.0247152486616185e-08,0.34059098716254538,0,0,0,0,0,0,0,nan,nan,nan,nan,nan,nan,nan,nan,nan,nan,nan,nan,nan,nan,-5.8796201862325693e-10,-1.8127434122100633e-13,8.3291575902251921e-11,1.4292681454644738e-09,-9.6372562707891518e-15,-2.7564433712976011e-09,1.2030388007873106e-13,-6.0806503061894279e-14,-3.4659281773266019e-17,-1.2097530514196095e-18,3.8846236355486399e-18,-5.3591774702026553e-18,-1.5709905428940329e-14,1.8319928627632538e-09,-2.3753191928047729e-07,2.0858202054441222e-07,6.6869576559889568e-22,3.1623136714590778e-08,7.4426292308304998e-07,-2.7050100709358205e-07,0,0.019063726428099528,0.03309309952857898,2.4536473200288595e-18,0.038089980760871694,0.014478158800526142,0.1226864699574171,5.1958439220596635e-06,-1.566067197330589e-05,-3.339558694388504e-06,-1.590136274024151e-20,-6.8064198291199532e-05,6.5236932574790459e-05,-9.8002662247963798e-05,-4.8665978382133007e-09
11,4,support,0.0080921052631578935,0.0045000000000000005,0.0080592105263157885,0.0081250000000000003,0.0040000000000000001,0.0050000000000000001,1000927.096858839,1.5705912794443146,15.303576273116754,2784.4048745728383,0.1396445045075205,1173,1173,4.1247558740124873e-05,0.2055595314584702,0.40000000000000002,2,300000,0.00033700000000000001,0.0001,0.084374388807044023,0.12827212835324733,2.2104451859025604e-17,0.21889281006287623,0.041584593750800349,0.53871580467558888,2.3671299291345455e-05,0.080485563461086262,0.070082909674007252,1.0571822145135188e-17,0.07611722180540538,0.31567113206941838,0.45763410526707415,9.0677230084825954e-06,nan,nan,nan,nan,nan,nan,nan,nan,nan,nan,nan,nan,nan,nan,0.24973820813882863,0.0026536266243032416,1.484334075848945e-09,0.002515122850087348,3.2060545897464725e-05,0.38916400546619923,0.00010798287073371077,5.1497440541396189e-07,2.3951661829092766e-10,4.343604647527707e-12,4.052319139516602e-10,1.0761562513522292e-10,8.5755102989602385e-08,0.35578839053340433,0,0,0,0,0,0,0,nan,nan,nan,nan,nan,nan,nan,nan,nan,nan,nan,nan,nan,nan,1.0020777175207338e-10,-3.385658389731847e-13,-7.6333787815031376e-11,-1.0059371798071604e-09,2.9660627252903193e-14,2.5718225628561936e-09,2.6483949496840213e-13,-2.4474530475188105e-13,-3.8714958635691655e-16,-2.2938789714235684e-18,5.9044756999858045e-18,-1.4520489902222266e-17,-2.0278897337402303e-13,-1.5892675514209845e-09,-3.4626973523070592e-07,1.6961578430674251e-07,-1.5442450891010564e-21,1.7415888037046921e-07,1.2131469506043713e-06,-5.1949901008763177e-07,0,0.018435786687133644,0.02802112123608758,4.8291860188983698e-18,0.047840634513764906,0.009083610453717722,0.11768662589269267,5.1707988277906567e-06,0,0,0,0,0,0,0
12,0,lumen,0.0081578947368421053,0.00050000000000000001,0.0081250000000000003,0.0081620065789473686,0,0.001,1000152.9645286448,1.3541891898114393,13.205203952407034,3031.483221527476,0.16869633880071208,1173,1173,4.057799881391685e-05,0.23342998400955001,0.59999999999999998,2,500000,0.00035,0.0001,0.069450661287028023,0.16596475341910241,9.5908060712742468e-18,0.18013273693012416,0.065527342574652217,0.52020456785000357,2.2826179799685179e-05,0.057165751226375655,0.078243427983227073,3.9580145708844316e-18,0.05405006997813111,0.42921722378845589,0.38131598198351707,7.5450402930952761e-06,0.2710462971861628,0.0015142179091076884,9.8090184940019166e-10,0.0019498349100284952,2.0413538797323624e-05,0.39411314803430442,7.1821413429391893e-05,8.7270573071213009e-07,2.8999722908444206e-10,3.1196262743239519e-12,2.7727514554404184e-10,6.7382749165920199e-11,6.3632686411808001e-08,0.33128332905109281,nan,nan,nan,nan,nan,nan,nan,nan,nan,nan,nan,nan,nan,nan,0,0,0,0,0,0,0,-1.6276355295160993e-10,-8.20747932377105e-13,7.7096825555062483e-12,2.9930875789128638e-10,-1.3729252110183943e-15,-8.0867129832740137e-11,7.2665447220634177e-13,-3.463548892135293e-14,-3.6190345524216451e-18,-1.4544359426643706e-18,5.093847540176634e-18,-6.4393186511696189e-18,9.8568166421274132e-15,-6.3267752319175032e-11,nan,nan,nan,nan,nan,nan,nan,nan,nan,nan,nan,nan,nan,nan,-1.8230711578554049e-07,1.5902077848961582e-07,-1.6985724657940593e-22,2.3359520905146367e-08,5.7033870178024859e-07,-2.0595818478463812e-07,0,0.015951086963558653,0.037819110732831687,2.2149801681678115e-18,0.041143885212210879,0.014883942263738075,0.11900480365562378,5.216688705870558e-06,-8.1664703181851949e-05,9.7488314803366628e-05,-3.5376289096801764e-21,4.0034848926651743e-05,4.4277108037549396e-05,-0.00011691270386203247,3.729682451689385e-10
12,1,lumen,0.0081578947368421053,0.0015,0.0081250000000000003,0.0081620065789473686,0.001,0.002,1000152.7017251357,1.3938797581786389,13.592245062146096,2950.3378987404803,0.1684265473716301,1173,1173,4.0554917609793574e-05,0.23331001855342517,0.59999999999999998,2,500000,0.00035,0.0001,0.069048853904694743,0.15914091324792462,9.3888974469385499e-18,0.17391525091303631,0.063437187610327281,0.50742088758502424,2.2168576754014798e-05,0.058500837968767337,0.077225358524795562,3.9882553585269887e-18,0.05371398374093065,0.42770525796275122,0.38284701935649929,7.5424462558088705e-06,0.2713652080452561,0.0015301630197612575,1.006765881117713e-09,0.0019634278784033191,2.0360007696664993e-05,0.39278862360793532,7.2449767066251375e-05,8.5740789210519819e-07,2.8656060998816141e-10,3.1655468233773751e-12,2.8393767266435435e-10,6.9020710164996108e-11,6.3354126183023696e-08,0.33225884526241795,nan,nan,nan,nan,nan,nan,nan,nan,nan,nan,nan,nan,nan,nan,0,0,0,0,0,0,0,9.5750231404813858e-11,-8.8129236480602801e-13,-5.4988906234851631e-12,-1.5005136717146253e-10,-6.6237163323656922e-15,7.8786865052860033e-11,7.6503580086453111e-13,-4.0195711342727591e-14,-1.0003633848977689e-17,-1.7782623957059999e-18,6.2970137943837492e-18,-8.0476603679052314e-18,2.0311103226190757e-14,-1.8843871081231929e-11,nan,nan,nan,nan,nan,nan,nan,nan,nan,nan,nan,nan,nan,nan,-1.881626363322772e-07,1.6317439677226986e-07,4.7457382658373176e-22,2.4914978197905736e-08,5.8937105369694098e-07,-2.1293299967695134e-07,0,0.016300560450431399,0.03727857947737289,2.1461891195698759e-18,0.040836761338826036,0.014810179996844161,0.11933454830662237,5.2081815388246477e-06,-0.00020682493599331178,0.00026548991150145813,-1.3312727795888866e-20,0.00013356502576088693,9.6499282843092411e-05,-0.00028825498280611128,6.3951407458065795e-10
12,2,lumen,0.0081578947368421053,0.0025000000000000001,0.0081250000000000003,0.0081620065789473686,0.002,0.0030000000000000001,1000151.9274615129,1.3315801696924376,12.984748427223863,3101.4869232181804,0.1678574121511891,1173,1173,4.0486325828273865e-05,0.23319838675100055,0.59999999999999998,2,500000,0.00035,0.0001,0.076462596529212362,0.16059468254233142,1.0108927937018668e-17,0.17824405494511825,0.065891472328196768,0.53646568426867003,2.3192042441017193e-05,0.061886653370575515,0.07444775264412902,4.1021903284931085e-18,0.052590474950819782,0.42439692047669531,0.38667066056437338,7.5379934070114417e-06,0.2724335714050331,0.0015697029353525975,1.0733849413341447e-09,0.001998587764362549,2.013463268449571e-05,0.38903849466419566,7.4033887658888736e-05,8.184511829133475e-07,2.7734114118624582e-10,3.2847318560067991e-12,3.0117787548541774e-10,7.3245888747396183e-11,6.241064264115087e-08,0.33486459212045261,nan,nan,nan,nan,nan,nan,nan,nan,nan,nan,nan,nan,nan,nan,0,0,0,0,0,0,0,-9.2284500836033702e-10,-9.3718583007779236e-13,1.2203718861991844e-10,1.3620658167098031e-09,1.1968941462936478e-14,-1.8738877617576616e-09,7.6137649549796181e-13,-7.9202269742673082e-14,-4.8941422502962668e-17,-2.8607038787147683e-18,1.0946168571962781e-17,-1.4406076412468948e-17,3.2363384786325768e-14,1.3128407525954004e-09,nan,nan,nan,nan,nan,nan,nan,nan,nan,nan,nan,nan,nan,nan,-2.0357197147782835e-07,1.7546454594841165e-07,1.1559822388081762e-21,2.9859311130918067e-08,6.4067008738455389e-07,-2.3467125892517871e-07,0,0.017180400392392742,0.035807183831933098,2.0888453562039191e-18,0.039839587932998383,0.014640508441990944,0.12009461189571792,5.1866726057511559e-06,-0.00040360014472772113,0.0005408348949516973,-5.499880563046631e-20,0.00028009501246663456,0.00017935832065390969,-0.00055036932698243916,-3.6926307657148348e-11
12,3,support,0.0081578947368421053,0.0035000000000000001,0.0081250000000000003,0.0081620065789473686,0.0030000000000000001,0.0040000000000000001,1001245.0929153098,1.3087763651601261,12.748445748474523,3184.9013746027422,0.16802220330084716,1173,1173,4.0345264715206035e-05,0.23310794477748153,0.40000000000000002,2,300000,0.00033700000000000001,0.0001,0.086230204383905995,0.1510654378332115,1.1480623498145595e-17,0.17336086026317551,0.066131634038766457,0.55719546483515114,2.3622733139210509e-05,0.068522164337598682,0.068755785029855326,4.5740391844731204e-18,0.050218853461200343,0.4181922365085245,0.39430342241171068,7.5382511102857679e-06,nan,nan,nan,nan,nan,nan,nan,nan,nan,nan,nan,nan,nan,nan,0.27495116092535815,0.0016506573544873566,1.2089801791736971e-09,0.0020732065429738536,1.9575528104627176e-05,0.38095634290520075,7.7323117515060269e-05,7.4304573615749002e-07,2.5878634749182364e-10,3.5348786827034119e-12,3.3656491627476158e-10,8.1935369055335228e-11,6.0265558456839984e-08,0.34027092842526396,0,0,0,0,0,0,0,nan,nan,nan,nan,nan,nan,nan,nan,nan,nan,nan,nan,nan,nan,1.1695269153252325e-09,-1.0689493277126348e-12,-1.9454737693409583e-10,-2.9178983044251904e-09,2.1318342056930728e-14,6.1243238820129359e-09,7.9630988089497675e-13,-1.6857522322499818e-13,-1.5085151171279787e-16,-4.0232461782842819e-18,1.4968991133607033e-17,-2.0455065838744172e-17,2.306110595164522e-14,-4.1810082065249682e-09,-2.3523087260089032e-07,1.9825178604326865e-07,-2.9513315761549041e-21,3.1049434392800268e-08,7.3674046158211937e-07,-2.6355689641821556e-07,0,0.019009645298129048,0.033173968627925855,2.6963196064309152e-18,0.038116954224104389,0.014497574958700393,0.12261986911013029,5.1960504144632999e-06,-1.5659923085693055e-05,-3.4645517922217129e-06,-1.5403336144892775e-20,-6.8862778315345447e-05,6.5743610702924358e-05,-9.8911916334571564e-05,-4.9110737413782647e-09
12,4,support,0.0081578947368421053,0.0045000000000000005,0.0081250000000000003,0.0081620065789473686,0.0040000000000000001,0.0050000000000000001,1000921.712289225,1.5584886550184094,15.185732036820475,2805.1818975076717,0.13852427371400497,1173,1173,4.1259427739720419e-05,0.20546919980498723,0.40000000000000002,2,300000,0.00033700000000000001,0.0001,0.084613766303167984,0.12984232664876022,2.2140396029636902e-17,0.22151101449582955,0.041908242946826102,0.54260823882271447,2.3879597808501157e-05,0.080092375597211177,0.070394529793837451,1.0507473007536406e-17,0.076434522696219503,0.31567824777999648,0.4573912470570542,9.0770756812751943e-06,nan,nan,nan,nan,nan,nan,nan,nan,nan,nan,nan,nan,nan,nan,0.24954641892067239,0.0026500999381152152,1.4759279755814237e-09,0.0025118226725031442,3.2160176318133735e-05,0.38963892956428015,0.00010784028134678044,5.1714394721153775e-07,2.4039556642913081e-10,4.3231135853361195e-12,4.0295394484379003e-10,1.0701732122013779e-10,8.6022231147763897e-08,0.35551212304996804,0,0,0,0,0,0,0,nan,nan,nan,nan,nan,nan,nan,nan,nan,nan,nan,nan,nan,nan,-6.2432744219006141e-11,-6.4315724010950066e-13,-7.0656232778044935e-12,-2.180510117906279e-10,9.2556171060742543e-15,-4.2760677811115588e-11,4.9494713588846434e-13,-2.8956177733352462e-13,-4.1844947652475337e-16,-3.2791740013057195e-18,9.9074207496188897e-18,-2.0724294813834432e-17,-1.9516562993394511e-13,3.3093419619024475e-10,-3.4406114448291836e-07,1.7041952782292924e-07,-2.2921979745170936e-22,1.7369191882461266e-07,1.2059275713016682e-06,-5.1754203339582361e-07,0,0.018373989152690118,0.028073988748119651,4.7465314356709394e-18,0.047923231302137818,0.0090783706671121595,0.11757982334792344,5.1706373040352407e-06,0,0,0,0,0,0,0
13,0,lumen,0.0081661184210526302,0.00050000000000000001,0.0081620065789473686,0.0081702302631578936,0,0.001,1000152.8665008869,1.3557577052483503,13.220500427324318,3027.7690918885669,0.16866704727325466,1173,1173,4.0578267622570653e-05,0.23344394073360475,0.59999999999999998,2,500000,0.00035,0.0001,0.069319254524773971,0.16583361405732436,9.5648009356146655e-18,0.17992712557855173,0.065463949163844792,0.51950867811800505,2.2798153598441923e-05,0.057123682233159466,0.078272165851824088,3.9518549552023789e-18,0.054050913235894463,0.42929869439233503,0.38124699978116994,7.5445056167811486e-06,0.27104525250958517,0.0015135073339362303,9.8008316791614907e-10,0.0019492895847325947,2.0411453676734501e-05,0.39414817235940669,7.1794518780681144e-05,8.7326346234890154e-07,2.9010259478735414e-10,3.1182050427830554e-12,2.7706727689630645e-10,6.7330082468770307e-11,6.3632216134307516e-08,0.33125063372650204,nan,nan,nan,nan,nan,nan,nan,nan,nan,nan,nan,nan,nan,nan,0,0,0,0,0,0,0,-5.2963214952671716e-11,-8.0219194381608191e-13,2.4820809128723229e-12,1.000423525730118e-10,-4.0963326480847329e-15,-2.5486320519296779e-11,7.1161547632068388e-13,-3.28875381788718e-14,-3.1523460233604922e-18,-1.4187156439449541e-18,5.0300702088887822e-18,-6.314080869790888e-18,8.8432108423082696e-15,-2.3956059528952702e-11,nan,nan,nan,nan,nan,nan,nan,nan,nan,nan,nan,nan,nan,nan,-1.8210869360494458e-07,1.5882034964942449e-07,-1.0009017119066442e-22,2.3311376327143212e-08,5.6965607936332319e-07,-2.0551757723419328e-07,0,0.015940417197583455,0.037835795619692178,2.2080099089123924e-18,0.041147444100421447,0.014887936951233111,0.11899150562785561,5.216682540718595e-06,-8.1672562164202179e-05,9.7541254500709901e-05,-6.0030060804725545e-21,4.0088337229654344e-05,4.4232758195488278e-05,-0.00011685002732764684,3.7410875691936296e-10
13,1,lumen,0.0081661184210526302,0.0015,0.0081620065789473686,0.0081702302631578936,0.001,0.002,1000152.60388001,1.3917782239350815,13.571753540129738,2954.5898276023045,0.16850006513298305,1173,1173,4.0555159594488606e-05,0.23332453112916346,0.59999999999999998,2,500000,0.00035,0.0001,0.069103463462197201,0.15943941874846856,9.4382311155065636e-18,0.17417916317156618,0.063545321516839864,0.5080944032121989,2.2200451588468166e-05,0.058458840296596697,0.0772535700048467,4.0031672777810747e-18,0.053714391928708645,0.42778841381689175,0.38277724204914054,7.5419038157264499e-06,0.27136471139591761,0.0015294353994079661,1.0059434563994975e-09,0.0019628755354935091,2.0357760586814713e-05,0.39282331489002581,7.2422351376132365e-05,8.5795902821826536e-07,2.8666474175155096e-10,3.1640961648690199e-12,2.8372861865137684e-10,6.8967472263755647e-11,6.3353283012173338e-08,0.3322259597064236,nan,nan,nan,nan,nan,nan,nan,nan,nan,nan,nan,nan,nan,nan,0,0,0,0,0,0,0,-3.0342851839535727e-10,-8.5995210173691347e-13,2.0259182001045604e-11,4.7579485850738258e-10,3.3575572877531101e-15,-5.4425288277884509e-11,7.4723181285785909e-13,-3.8653975853453204e-14,-9.6396473926868721e-18,-1.7452544157527963e-18,6.1310751596510177e-18,-7.8489181669969991e-18,1.9476201032442635e-14,-1.3807177640821375e-10,nan,nan,nan,nan,nan,nan,nan,nan,nan,nan,nan,nan,nan,nan,-1.8799223355965566e-07,1.6315965267743593e-07,8.5387325439700909e-23,2.4866762750060688e-08,5.8893396558123978e-07,-2.1331448074590753e-07,0,0.016289982424543298,0.037294984251817272,2.2042841225871874e-18,0.040840016292978398,0.014814243246108591,0.11932132979898219,5.2081767177932672e-06,-0.00020687337362554193,0.00026583497257225971,-1.6662813962111134e-20,0.00013372501065838025,9.6481763802265562e-05,-0.00029027889350452518,6.3930200798238656e-10
13,2,lumen,0.0081661184210526302,0.0025000000000000001,0.0081620065789473686,0.0081702302631578936,0.002,0.0030000000000000001,1000151.8301277481,1.3512946045283394,13.176992717230558,3056.0240020286014,0.16787618078584662,1173,1173,4.0486569583887507e-05,0.23321343944092265,0.59999999999999998,2,500000,0.00035,0.0001,0.075294465057684501,0.15831190025208194,1.0067253594337125e-17,0.17564613220586636,0.064943279303314269,0.52854100047601082,2.2852045573676862e-05,0.061843459310158909,0.074476071284277551,4.1457630881646797e-18,0.052591238266863981,0.42448269762541774,0.38659899606051334,7.5374527684145388e-06,0.27243317054623928,0.0015689341800235333,1.0725258057884833e-09,0.0019980124341823177,2.0132427289429031e-05,0.38907457922894806,7.4005103297810634e-05,8.1899554393612551e-07,2.7744619968356044e-10,3.2831560425633119e-12,3.0095848794978416e-10,7.3189557073697919e-11,6.2410103210776728e-08,0.33483028294696909,nan,nan,nan,nan,nan,nan,nan,nan,nan,nan,nan,nan,nan,nan,0,0,0,0,0,0,0,2.145396069060831e-10,-9.0825224814763966e-13,-3.5620512547543328e-11,-4.7079424965312625e-11,-5.8356097731859791e-15,1.4753244047434333e-10,7.4183126827805914e-13,-7.3772151581996681e-14,-4.6405154240880712e-17,-2.8143919619977879e-18,1.0892980961973198e-17,-1.4308433647743625e-17,3.1316652329374125e-14,-2.7915750285224234e-10,nan,nan,nan,nan,nan,nan,nan,nan,nan,nan,nan,nan,nan,nan,-2.0320488790769031e-07,1.7328801477090039e-07,1.2445855141662022e-22,2.9805009532414815e-08,6.3941881128792843e-07,-2.3299837137447099e-07,0,0.017169608699971247,0.035823573461675084,2.2381940150625914e-18,0.039843096596209118,0.014644679214287687,0.12008085613247026,5.1866768024825548e-06,-0.00040330693996701062,0.00054056912652108925,-3.9028610303918735e-20,0.00027975684773551474,0.00017924984919624981,-0.00055019066679874067,-4.0702371852906645e-11
13,3,support,0.0081661184210526302,0.0035000000000000001,0.0081620065789473686,0.0081702302631578936,0.0030000000000000001,0.0040000000000000001,1001244.2976769527,1.2909348402386513,12.574666142359508,3228.6735074290154,0.16803338222563768,1173,1173,4.03456318875185e-05,0.23312292430670711,0.40000000000000002,2,300000,0.00033700000000000001,0.0001,0.087360012412941029,0.15322385841169742,1.1401469269349743e-17,0.17577053383168392,0.06706000689724273,0.56478504343688873,2.3947561081349536e-05,0.068473663921031977,0.068787535329213084,4.4805822112145948e-18,0.050222813074546853,0.41828234039541329,0.39422610954298581,7.537736809054625e-06,nan,nan,nan,nan,nan,nan,nan,nan,nan,nan,nan,nan,nan,nan,0.27494837492254043,0.0016497844666873802,1.2079815965393314e-09,0.0020725549462109367,1.957419904061232e-05,0.38100064970793207,7.7290522337462996e-05,7.4360665594963973e-07,2.5890302526922753e-10,3.5329251834790335e-12,3.3630708479651216e-10,8.1868625475358944e-11,6.0267926764474966e-08,0.34023096547208742,0,0,0,0,0,0,0,nan,nan,nan,nan,nan,nan,nan,nan,nan,nan,nan,nan,nan,nan,4.4450574648819032e-10,-1.0934517310095489e-12,-7.7923190503382022e-11,-1.0048523519188438e-09,8.5505604333069307e-15,2.0294876690654662e-09,8.1668005106640841e-13,-1.7137441639392126e-13,-1.5142188764183528e-16,-4.0012919259477237e-18,1.4831250413871987e-17,-2.0315466676817266e-17,2.3625673946782893e-14,-1.390801557459173e-09,-2.3509507949149439e-07,2.0216204971168494e-07,-9.0469172774020991e-22,3.0981604688712297e-08,7.3627786656427219e-07,-2.6514968182178578e-07,0,0.018997641332729368,0.0331919224610117,2.6249314888679271e-18,0.038122937609494728,0.014501883209140299,0.12260508257543312,5.1960963571465082e-06,-1.5648954804704996e-05,-3.4750599661583259e-06,-1.5723895531332565e-20,-6.8850567030617169e-05,6.5774018412717217e-05,-9.8042482392118473e-05,-4.9167935510216845e-09
13,4,support,0.0081661184210526302,0.0045000000000000005,0.0081620065789473686,0.0081702302631578936,0.0040000000000000001,0.0050000000000000001,1000921.0395163031,1.5623659070818363,15.223521762132242,2798.1157781047532,0.1394764141849055,1173,1173,4.1260909784304867e-05,0.20545784262518973,0.40000000000000002,2,300000,0.00033700000000000001,0.0001,0.084352137549597112,0.12959155978309317,2.2147675579767868e-17,0.22107589272575062,0.041804281935260791,0.54122564030910736,2.3823398488323955e-05,0.080043420910594271,0.070433414157321683,1.0537084229303111e-17,0.076474213547076231,0.31567876775384646,0.45736110538271729,9.0782484439286126e-06,nan,nan,nan,nan,nan,nan,nan,nan,nan,nan,nan,nan,nan,nan,0.24952244592935963,0.0026496651662921474,1.4748824196381238e-09,0.0025114129548309302,3.2172646429938911e-05,0.38969807634013015,0.00010782264125183861,5.1741402153368333e-07,2.4050509110708822e-10,4.3205669797283311e-12,4.0267062100065749e-10,1.069429477345667e-10,8.6055615814030194e-08,0.35547779862274637,0,0,0,0,0,0,0,nan,nan,nan,nan,nan,nan,nan,nan,nan,nan,nan,nan,nan,nan,-2.5808312919171073e-10,-6.2284947124098556e-13,1.4909604270132742e-10,8.4704421786909815e-10,-4.0570411613538582e-14,-5.2015413622369736e-09,4.7865947942815995e-13,-2.8853362841335661e-13,-4.176806316875273e-16,-3.204258017447942e-18,9.5132972084806222e-18,-2.0236987282891141e-17,-1.9682042137620474e-13,4.46415493407856e-09,-3.439344318997839e-07,1.7535374707833284e-07,-1.0004344151930017e-21,1.7363365649227821e-07,1.2051184718614438e-06,-5.1826594349435595e-07,0,0.018360270629704481,0.028085718111468684,4.8045605093752273e-18,0.047941575935037568,0.0090772016206535477,0.11755611499318629,5.1706013107680573e-06,0,0,0,0,0,0,0
14,0,lumen,0.0081743421052631569,0.00050000000000000001,0.0081702302631578936,0.0081784539473684203,0,0.001,1000152.768465621,1.3564853388084823,13.227597150871587,3025.9384273744454,0.16871994363203516,1173,1173,4.0578535990618835e-05,0.2334578778669647,0.59999999999999998,2,500000,0.00035,0.0001,0.069231106489344038,0.16580541020813933,9.5470578206766455e-18,0.17983336210940962,0.065441225941750419,0.51913616677886421,2.2784308022430323e-05,0.057081667203773272,0.078300862965665075,3.9466415034686129e-18,0.054051745512737968,0.42938004653603251,0.38117813381063009,7.5439711610032543e-06,0.27104421034952469,0.001512798224441456,9.7926572543439075e-10,0.0019487452634758152,2.0409370656446468e-05,0.39418313375421521,7.1767676737279543e-05,8.7382061278304619e-07,2.9020781131763868e-10,3.1167867153063587e-12,2.7685973561489528e-10,6.7277506373398499e-11,6.3631741870335509e-08,0.33121799629187221,nan,nan,nan,nan,nan,nan,nan,nan,nan,nan,nan,nan,nan,nan,0,0,0,0,0,0,0,2.5372020688948898e-12,-8.0304560572893355e-13,-7.9037061822749867e-14,-1.4262446102024962e-12,-5.5047112701434031e-15,1.0350164735689615e-12,7.1295451088450726e-13,-3.2508934780239862e-14,-3.2884955060909281e-18,-1.4114470980425255e-18,5.1026842589617497e-18,-6.4222501928198935e-18,8.8636361808396869e-15,-1.9476089111886427e-12,nan,nan,nan,nan,nan,nan,nan,nan,nan,nan,nan,nan,nan,nan,-1.8191329967821163e-07,1.5864881441896017e-07,-5.0611197393725121e-23,2.3263558469356627e-08,5.6900201091114599e-07,-2.0517545673559567e-07,0,0.015929760674354882,0.037852461502358929,2.1995398938484937e-18,0.041150992892232667,0.014891927060976532,0.11897823549057251,5.2166763414324755e-06,-8.1696957321996224e-05,9.7645231614732159e-05,-6.8756178454147939e-21,4.0164812442753769e-05,4.4196923250317399e-05,-0.00011711664553424281,3.7524548151769367e-10
14,1,lumen,0.0081743421052631569,0.0015,0.0081702302631578936,0.0081784539473684203,0.001,0.002,1000152.5060273366,1.3980972847074784,13.633374415042491,2941.0340313104484,0.16845053192965589,1173,1173,4.055540107933643e-05,0.23333902289958336,0.59999999999999998,2,500000,0.00035,0.0001,0.068741775051970683,0.15877664110750916,9.4008327337863221e-18,0.1733931811445702,0.063270383457943474,0.50570585340581908,2.2098519987068453e-05,0.058416901903518254,0.077281734972563354,4.0054088528313141e-18,0.053714789237638012,0.42787144199675309,0.38270759052790021,7.5413616270839589e-06,0.27136421849325704,0.0015287093827715435,1.0051223984171519e-09,0.0019623242942905235,2.035551548047952e-05,0.39285793525833929,7.2394993295522207e-05,8.5850949702249895e-07,2.8676870427049055e-10,3.1626486656168586e-12,2.8351992503409726e-10,6.8914333830306539e-11,6.3352434556909535e-08,0.33219313855313154,nan,nan,nan,nan,nan,nan,nan,nan,nan,nan,nan,nan,nan,nan,0,0,0,0,0,0,0,-3.5337373956195048e-11,-8.5452579377452642e-13,3.0579349774715201e-12,5.3441821569441638e-11,-3.3253564832302906e-15,3.4166153196554805e-11,7.4524515927340624e-13,-3.646952531632941e-14,-8.7997983022574417e-18,-1.7223125194583726e-18,6.2820922833139051e-18,-7.9911833837369516e-18,1.9278762240084733e-14,-5.5198873423800096e-11,nan,nan,nan,nan,nan,nan,nan,nan,nan,nan,nan,nan,nan,nan,-1.8777926890679864e-07,1.6292325438760358e-07,-2.8603322642789206e-23,2.4818810979007461e-08,5.8816467347899692e-07,-2.1264840693868692e-07,0,0.01627941431004604,0.03731137474004189,2.2255330882499988e-18,0.040843261960209369,0.01481830474113008,0.11930810860332931,5.2081717182504114e-06,-0.00020676710337910793,0.00026571028187144334,-1.7762496232889256e-20,0.00013362137908434706,9.6399668512338582e-05,-0.00028937403792330768,6.3939945661005002e-10
14,2,lumen,0.0081743421052631569,0.0025000000000000001,0.0081702302631578936,0.0081784539473684203,0.002,0.0030000000000000001,1000151.7327864608,1.3385861966574675,13.053069421227494,3084.8213444183298,0.1678813248244504,1173,1173,4.0486813552764359e-05,0.2332284641509102,0.59999999999999998,2,500000,0.00035,0.0001,0.075956226479908698,0.15987554821865602,1.0191371452531482e-17,0.17731617338730749,0.065573062651734237,0.53346024720362784,2.3067337800761987e-05,0.061800280322678196,0.07450434236540239,4.1574060587352181e-18,0.05259197711220287,0.42456832289463631,0.38652754039490061,7.5369101796308231e-06,0.27243277037998009,0.0015681675064802489,1.0716672663871465e-09,0.0019974386649124578,2.0130228365728351e-05,0.38911058987654257,7.3976396181328423e-05,8.1953906445640167e-07,2.7755108369046402e-10,3.2815816248049142e-12,3.0073925775456875e-10,7.3133278705775575e-11,6.2409571122165702e-08,0.33479604327252027,nan,nan,nan,nan,nan,nan,nan,nan,nan,nan,nan,nan,nan,nan,0,0,0,0,0,0,0,-1.0160702617670791e-10,-9.048082180239568e-13,1.0385991357632231e-11,2.8410153282371986e-10,-3.0108294329922458e-16,-3.3648316793456756e-10,7.4333044448393688e-13,-6.922240558537851e-14,-4.4231265068063017e-17,-2.8104327718557279e-18,1.1003709736913807e-17,-1.4449187347010502e-17,3.1213531518700862e-14,1.4380238648188837e-10,nan,nan,nan,nan,nan,nan,nan,nan,nan,nan,nan,nan,nan,nan,-2.0304174548884529e-07,1.7361578136254607e-07,-2.0281458259011135e-22,2.9752099574523075e-08,6.3889653301174576e-07,-2.3306749930007697e-07,0,0.017158834519251487,0.035839949132163824,2.2993154903203026e-18,0.039846604991298225,0.014648838909821101,0.12006708984886968,5.1866816141621418e-06,-0.00040282336369995336,0.00053972266762870858,-2.805878004040312e-20,0.0002790687184358484,0.0001790781014660472,-0.00054628206608520581,-4.5928895727718631e-11
14,3,support,0.0081743421052631569,0.0035000000000000001,0.0081702302631578936,0.0081784539473684203,0.0030000000000000001,0.0040000000000000001,1001243.5023668233,1.2889985764914136,12.555815465724248,3233.2781997647307,0.16804948693839378,1173,1173,4.0345998337846386e-05,0.23313789954287176,0.40000000000000002,2,300000,0.00033700000000000001,0.0001,0.087429346250425019,0.15352485864052315,1.1208382872230316e-17,0.17604848872353968,0.067175156245890974,0.56552172114394761,2.3981904328815123e-05,0.068425278177974613,0.068819342895102095,4.3980994753705908e-18,0.050226824909277656,0.41837245322648847,0.394148563560487,7.5372306700689909e-06,nan,nan,nan,nan,nan,nan,nan,nan,nan,nan,nan,nan,nan,nan,0.2749455558870631,0.0016489108822909187,1.206985148360044e-09,0.0020719020382901606,1.9572868303827753e-05,0.3810450228703936,7.7257885513569544e-05,7.4416881633786034e-07,2.5901988162068038e-10,3.5309783097929321e-12,3.3604983346235063e-10,8.1802033498483887e-11,6.0270288590456194e-08,0.3401909712416521,0,0,0,0,0,0,0,nan,nan,nan,nan,nan,nan,nan,nan,nan,nan,nan,nan,nan,nan,3.3236970197535028e-10,-1.1043118818039063e-12,-6.0626912035416568e-11,-7.2125697054543793e-10,6.9052836365601777e-15,1.4525460226982867e-09,8.2555728665889789e-13,-1.7313147443465127e-13,-1.5060403638582093e-16,-4.0473141517357258e-18,1.5020889117322858e-17,-2.0574014061862476e-17,2.2313650189863618e-14,-1.0026087462261073e-09,-2.3486043387605654e-07,2.0255722688045097e-07,8.909718801619116e-22,3.0911432049896127e-08,7.3550792929755193e-07,-2.6511115941429964e-07,0,0.018985650132289447,0.03320985969790799,2.4744274882183548e-18,0.038128909804055089,0.014506185888675017,0.1225903193651023,5.1961423706571064e-06,-1.5646215290717839e-05,-3.4888992625664353e-06,-1.5946213267138422e-20,-6.8919795036646105e-05,6.5830785722254456e-05,-9.7881260924882375e-05,-4.9224935142897563e-09
14,4,support,0.0081743421052631569,0.0045000000000000005,0.0081702302631578936,0.0081784539473684203,0.0040000000000000001,0.0050000000000000001,1000920.3668100524,1.562640541909901,15.226208007066399,2797.5195882842054,0.13848673291560543,1173,1173,4.1262392191260193e-05,0.20544646022564442,0.40000000000000002,2,300000,0.00033700000000000001,0.0001,0.084285706705403335,0.12964021146270299,2.2149505052431708e-17,0.22115170099084533,0.041796961066126626,0.54109456140084611,2.3822275963656274e-05,0.079994496186440348,0.070472289389903228,1.0539814087814653e-17,0.076513935795022914,0.31567917820243041,0.45733102100369938,9.0794225037388879e-06,nan,nan,nan,nan,nan,nan,nan,nan,nan,nan,nan,nan,nan,nan,0.24949846300632156,0.0026492320521834894,1.4738378367438209e-09,0.0025110039309382028,3.2185125887945607e-05,0.38975718271420368,0.00010780504978048288,5.1768381948056425e-07,2.4061454336468574e-10,4.3180232773830957e-12,4.0238756261698815e-10,1.0686865600222967e-10,8.6089010430770405e-08,0.35544352211982799,0,0,0,0,0,0,0,nan,nan,nan,nan,nan,nan,nan,nan,nan,nan,nan,nan,nan,nan,-1.68843347376809e-10,-6.2464156204987536e-13,7.5533889404480216e-11,3.601853583420337e-10,-1.7273942692908051e-14,-2.7877535574037313e-09,4.7908433671906364e-13,-2.900344894807283e-13,-4.1966053501258243e-16,-3.2086727966994111e-18,9.4991900567238366e-18,-2.0249940104103109e-17,-1.9747840561340432e-13,2.5215285132418799e-09,-3.435783793998004e-07,1.7271622521075614e-07,-1.1029063444468e-21,1.7357487905687355e-07,1.2041676264173962e-06,-5.174378396866075e-07,0,0.018346557371474864,0.028097437752742725,4.5175956293038808e-18,0.04795991789430841,0.0090760293533446047,0.11753242398394295,5.1705654210656983e-06,0,0,0,0,0,0,0
15,0,lumen,0.0081825657894736836,0.00050000000000000001,0.0081784539473684203,0.008186677631578947,0,0.001,1000152.6704228489,1.3578606666884334,13.241009786693136,3022.6675120521841,0.16869065088321517,1173,1173,4.0578803895738243e-05,0.2334717956193294,0.59999999999999998,2,500000,0.00035,0.0001,0.069110138982999808,0.16569807441885595,9.5283201153949644e-18,0.17965392888322201,0.065387304733078022,0.51851676210811459,2.2759616663557027e-05,0.05703970745082735,0.078329518922394842,3.9428895524310828e-18,0.054052567214901849,0.42946128070246653,0.38110938227243862,7.5434369708020721e-06,0.27104317108931419,0.001512090569711505,9.7844954355687652e-10,0.0019482019371060346,2.0407289522310788e-05,0.39421803169484243,7.174088687593974e-05,8.7437718274402831e-07,2.9031287758719709e-10,3.1153713374850229e-12,2.766525273866118e-10,6.7225022160152202e-11,6.363126300489369e-08,0.3311854169084269,nan,nan,nan,nan,nan,nan,nan,nan,nan,nan,nan,nan,nan,nan,0,0,0,0,0,0,0,-6.6469769756245061e-11,-7.8624605059497626e-13,3.6661791599924952e-12,1.0049018767855085e-10,-3.4874447080168736e-15,1.177972953556039e-11,6.9987114588094406e-13,-3.0766838729490154e-14,-2.8700889923966125e-18,-1.3715195325454655e-18,5.0668617032702806e-18,-6.3356370802317463e-18,8.0949064805891405e-15,-4.9354076551336277e-11,nan,nan,nan,nan,nan,nan,nan,nan,nan,nan,nan,nan,nan,nan,-1.8172457746934434e-07,1.584931353382224e-07,-3.2522102594765833e-23,2.3216022279010047e-08,5.6841158609099995e-07,-2.0503737280241907e-07,0,0.01591911748988134,0.037869109169081809,2.1959171600595547e-18,0.041154532482985832,0.014895911888474096,0.11896498637618698,5.2166701770312709e-06,-8.1719808665689405e-05,9.7750166083111068e-05,-6.9851765232808071e-21,4.0242553726016108e-05,4.416206022649602e-05,-0.00011737384236935113,3.7670135446924648e-10
15,1,lumen,0.0081825657894736836,0.0015,0.0081784539473684203,0.008186677631578947,0.001,0.002,1000152.4081673089,1.4033636002511967,13.684729584965394,2929.7966803431536,0.16852338456353222,1173,1173,4.0555642063171924e-05,0.23335348948007861,0.59999999999999998,2,500000,0.00035,0.0001,0.068434692742943434,0.15823828068338855,9.3589614309191566e-18,0.17274365956726087,0.063045153144230204,0.50371668921497437,2.2014001566494367e-05,0.058375008690230913,0.077309820819065539,4.0025894236592735e-18,0.053715155279494768,0.42795430179638944,0.3826381725973344,7.5408174848680853e-06,0.27136374143396647,0.0015279856650107701,1.0043025417600171e-09,0.0019617748744546015,2.03532730775352e-05,0.39289244159076192,7.2367722560625285e-05,8.5905869728360786e-07,2.8687238966607867e-10,3.1612034498203397e-12,2.8331154257419999e-10,6.8861284119524548e-11,6.3351580271994266e-08,0.33216041138338165,nan,nan,nan,nan,nan,nan,nan,nan,nan,nan,nan,nan,nan,nan,0,0,0,0,0,0,0,6.7465172238471988e-12,-8.1810783307004433e-13,-1.8652935457022745e-13,1.7241117919235296e-11,-4.7579128137353877e-15,-1.1604723258729077e-11,7.1460197012683479e-13,-3.3052770589958591e-14,-7.9627020689065877e-18,-1.6587716099605203e-18,6.2396967953787248e-18,-7.917827895491801e-18,1.8442095571086856e-14,-1.2073509032982017e-11,nan,nan,nan,nan,nan,nan,nan,nan,nan,nan,nan,nan,nan,nan,-1.8758065874723007e-07,1.6282056425342972e-07,-3.2549086447987206e-23,2.4771905179684704e-08,5.8751064445361489e-07,-2.123699348044461e-07,0,0.016268858831062796,0.037327747656257619,2.2208779281338319e-18,0.04084649985954824,0.014822360882900317,0.11929490914685535,5.2081667595001719e-06,-0.00020672789465207825,0.00026577870702384668,-1.7826697101751904e-20,0.00013362503300586251,9.6341613024307577e-05,-0.00028970963291270497,6.3859316717448702e-10
15,2,lumen,0.0081825657894736836,0.0025000000000000001,0.0081784539473684203,0.008186677631578947,0.002,0.0030000000000000001,1000151.6354371066,1.3375660339544468,13.043122691447435,3086.9579650613864,0.16790198779265461,1173,1173,4.0487057249440771e-05,0.23324347656818684,0.59999999999999998,2,500000,0.00035,0.0001,0.075961130863414814,0.16005823135111399,1.0193550084942851e-17,0.17745398583204663,0.065636297045534198,0.5337682569388964,2.3083280456839395e-05,0.061757174445715497,0.074532636532976024,4.1551260834840934e-18,0.052592744877042401,0.42465390643709888,0.38645600133522423,7.5363719429198249e-06,0.27243234853025872,0.0015674010380100573,1.0708101720667278e-09,0.0019968645551498281,2.0128030748009815e-05,0.38914662126536281,7.3947686850047746e-05,8.2008315272613103e-07,2.7765602920225212e-10,3.2800116205180935e-12,3.0052042033616565e-10,7.3077106231151129e-11,6.2409037688853477e-08,0.33476180467611166,nan,nan,nan,nan,nan,nan,nan,nan,nan,nan,nan,nan,nan,nan,0,0,0,0,0,0,0,4.6996478414952289e-10,-8.7632711150648673e-13,-4.5458940854503835e-11,-1.0141836685196953e-09,-3.5186697305844561e-15,1.4233451494250621e-09,7.2240528281758547e-13,-6.3901791844123146e-14,-4.2049744068419967e-17,-2.728161378437681e-18,1.0930891890217422e-17,-1.4447698253886844e-17,3.0262297789164356e-14,-8.3347609388097122e-10,nan,nan,nan,nan,nan,nan,nan,nan,nan,nan,nan,nan,nan,nan,-2.0277710631802504e-07,1.7170121796583615e-07,-2.2317196510821665e-22,2.969803937966906e-08,6.3793031321313087e-07,-2.3150635769519923e-07,0,0.017148066118086943,0.035856315164423204,2.3190889507372922e-18,0.039850106591434599,0.014652999306383637,0.12005333833587208,5.1866862177735131e-06,-0.00040247176055313469,0.00053925140326283906,-2.5380595390951479e-20,0.00027860581750366634,0.00017895116103143336,-0.00054485131741637287,-5.1115700804760011e-11
15,3,support,0.0081825657894736836,0.0035000000000000001,0.0081784539473684203,0.008186677631578947,0.0030000000000000001,0.0040000000000000001,1001242.7069869769,1.2857882262598461,12.524554189681899,3241.1054274300704,0.16805978927566134,1173,1173,4.0346364889250877e-05,0.23315285447126124,0.40000000000000002,2,300000,0.00033700000000000001,0.0001,0.087585673884401791,0.15397925238932952,1.1171802244772979e-17,0.17650208954864574,0.067357318950498846,0.56682165626658176,2.4040161678586145e-05,0.068376956853767809,0.068851177816382142,4.3728308835261285e-18,0.050230861531598101,0.41846249566825905,0.39407097140139047,7.536728602557354e-06,nan,nan,nan,nan,nan,nan,nan,nan,nan,nan,nan,nan,nan,nan,0.27494270706847723,0.001648037873615113,1.2059900839054582e-09,0.0020712490233818453,1.9571542397884537e-05,0.38108942016978548,7.7225259294881797e-05,7.4473148124853503e-07,2.5913680723166989e-10,3.5290358839221794e-12,3.3579295941121722e-10,8.173554843634763e-11,6.0272658425167662e-08,0.3401509821727236,0,0,0,0,0,0,0,nan,nan,nan,nan,nan,nan,nan,nan,nan,nan,nan,nan,nan,nan,9.8869960104256602e-10,-1.0758631597373594e-12,-1.7680072271695698e-10,-1.9102579746617155e-09,1.1495904055081052e-14,4.1178952448449324e-09,8.0248529621621401e-13,-1.7614685751676795e-13,-1.4868390435634706e-16,-4.0778495305104694e-18,1.5066351739270597e-17,-2.0650127990655338e-17,1.926812718442921e-14,-3.0191170121478319e-09,-2.344927050781237e-07,1.997110494755816e-07,1.3830161504379455e-21,3.0840706532654813e-08,7.3435439687519199e-07,-2.6359988791746503e-07,0,0.018973666746703404,0.033227782585659123,1.8783607068390713e-18,0.038134872082888058,0.014510486005059192,0.12257561982043888,5.1961880722832023e-06,-1.564442018302155e-05,-3.5029355685656882e-06,-1.6464244917510406e-20,-6.8997900824729091e-05,6.5890504076152761e-05,-9.7799289482867558e-05,-4.9281801037150541e-09
15,4,support,0.0081825657894736836,0.0045000000000000005,0.0081784539473684203,0.008186677631578947,0.0040000000000000001,0.0050000000000000001,1000919.694170766,1.5752229256839807,15.348819769425695,2775.0705606648207,0.13943878428768372,1173,1173,4.1263873024717752e-05,0.20543506765759306,0.40000000000000002,2,300000,0.00033700000000000001,0.0001,0.083561342820746398,0.12867543195746314,2.2334933983270305e-17,0.21949882678650978,0.041463110927513869,0.53673697217397831,2.3635030807843056e-05,0.079945645493164005,0.070511103672549133,1.0713634485631509e-17,0.076553612487139627,0.31567947257247791,0.45730108517822082,9.0805964484206973e-06,nan,nan,nan,nan,nan,nan,nan,nan,nan,nan,nan,nan,nan,nan,0.24947449779894751,0.002648801450619282,1.472795085682933e-09,0.0025105963756143642,3.2197603563194361e-05,0.38981617744416519,0.00010778754094723077,5.1795295071239088e-07,2.4072378941055668e-10,4.3154845312128133e-12,4.0210500990646601e-10,1.0679450929813622e-10,8.6122384784460835e-08,0.35540933548411535,0,0,0,0,0,0,0,nan,nan,nan,nan,nan,nan,nan,nan,nan,nan,nan,nan,nan,nan,-6.0016755041698356e-10,-6.0179263172281986e-13,3.9468756254647706e-10,2.6768723174943294e-09,-1.2002009629197286e-13,-1.3482984476402733e-08,4.6527804779395363e-13,-2.8256921542207936e-13,-4.0979684544079284e-16,-3.1148449049486513e-18,9.1652728564702413e-18,-1.9603511897077872e-17,-1.9585558691731973e-13,1.101232713298689e-08,-3.4361568258291231e-07,1.8318706390685335e-07,-5.4569737186288126e-21,1.7351751446231346e-07,1.203480279016178e-06,-5.194152120080453e-07,0,0.01833286662240299,0.028109130867839949,5.1444101603174884e-18,0.047978246444900598,0.0090748512710394757,0.11750874203681391,5.1705291786388539e-06,0,0,0,0,0,0,0
16,0,lumen,0.0081907894736842103,0.00050000000000000001,0.008186677631578947,0.0081949013157894737,0,0.001,1000152.5723725954,1.3592467705858169,13.254527506250492,3019.3795524132711,0.16874346462537998,1173,1173,4.0579071324551163e-05,0.2334856938997544,0.59999999999999998,2,500000,0.00035,0.0001,0.06898893432796234,0.1655895480650186,9.510589242671632e-18,0.17947339318122729,0.065332956273870951,0.51789467514540422,2.2734795065788237e-05,0.056997801388573556,0.07835812993842832,3.9395701830627283e-18,0.054053376049460033,0.4295423938475611,0.38104075587318476,7.5429027922017059e-06,0.27104213625016405,0.0015113844400903712,9.7763460667813233e-10,0.0019476596811259079,2.0405210272129866e-05,0.39425286125424158,7.1714152259157022e-05,8.7493310460603217e-07,2.9041778121198338e-10,3.1139588138526834e-12,2.7644564740200501e-10,6.7172628727249495e-11,6.3630779269518805e-08,0.33115289883317806,nan,nan,nan,nan,nan,nan,nan,nan,nan,nan,nan,nan,nan,nan,0,0,0,0,0,0,0,-1.1964200467569448e-11,-8.0567975792068786e-13,7.2393946679622175e-13,1.9932643096888657e-11,-5.1033396258892694e-15,2.5385882632122936e-12,7.1082424769804604e-13,-2.9845483723311972e-14,-1.8268885602129249e-18,-1.4293969334907975e-18,5.1720516768292349e-18,-6.5104064108407584e-18,7.920960338929238e-15,-1.1109002776569893e-11,nan,nan,nan,nan,nan,nan,nan,nan,nan,nan,nan,nan,nan,nan,-1.8152953322123078e-07,1.5835745176273619e-07,-2.3615483016600047e-23,2.3168845977790278e-08,5.6776083436071989e-07,-2.0471752570916379e-07,0,0.015908486884561698,0.037885739020536553,2.1919054579609551e-18,0.041158061880748588,0.014899892767347976,0.11895175276206764,5.2166639429909873e-06,-8.1737296363821606e-05,9.7842150440233366e-05,-7.1410915605325555e-21,4.0315041865443779e-05,4.4125511124830593e-05,-0.00011753763662713367,3.7835287001163658e-10
16,1,lumen,0.0081907894736842103,0.0015,0.008186677631578947,0.0081949013157894737,0.001,0.002,1000152.3102998446,1.4063589671499785,13.713939883170086,2923.3565697673653,0.16847413838267705,1173,1173,4.0555882542887851e-05,0.23336793370582684,0.59999999999999998,2,500000,0.00035,0.0001,0.068239974389281879,0.15795846425227045,9.3343821371823519e-18,0.17237681078696357,0.062923027619609551,0.50255285586663145,2.1965523309076835e-05,0.058333161279291786,0.077337839442824283,4.0005986460358606e-18,0.053715495021132119,0.42803701291784541,0.3825689510669123,7.5402719940688607e-06,0.27136327685679135,0.0015272639745758159,1.003483863129253e-09,0.0019612270179919728,2.0351032944587022e-05,0.392926849418613,7.2340527988386412e-05,8.5960684973580287e-07,2.8697583829695041e-10,3.1597606397408592e-12,2.8310346743612178e-10,6.8808321528667867e-11,6.3350720216602391e-08,0.33212776656780102,nan,nan,nan,nan,nan,nan,nan,nan,nan,nan,nan,nan,nan,nan,0,0,0,0,0,0,0,2.1356584006468614e-12,-8.6604875110753791e-13,8.3222078369102383e-13,-2.0857010779269884e-11,-4.2717565595928875e-15,8.7214388055228964e-11,7.67206089501967e-13,-3.2153966988968108e-14,-8.0816271697418319e-18,-1.677265003237642e-18,6.5252298751586208e-18,-8.217992339816991e-18,1.7229704295268361e-14,-6.920725121460902e-11,nan,nan,nan,nan,nan,nan,nan,nan,nan,nan,nan,nan,nan,nan,-1.8738669164009708e-07,1.6257280932574503e-07,-5.426495927395704e-23,2.4725854971951175e-08,5.8688191946487667e-07,-2.1209080364181787e-07,0,0.016258314769513661,0.037344105787701511,2.2139463604272597e-18,0.040849730288096693,0.01482641283820756,0.11928170274952116,5.2081618119925422e-06,-0.00020666766976840261,0.00026577492477707342,-1.7171783719304469e-20,0.00013358701850055374,9.6273387352819787e-05,-0.00028961700558090004,6.3737102376806612e-10
16,2,lumen,0.0081907894736842103,0.0025000000000000001,0.008186677631578947,0.0081949013157894737,0.002,0.0030000000000000001,1000151.5380799799,1.3351450198681869,13.01951571594244,3092.3392271765192,0.16790611322172003,1173,1173,4.0487300816103947e-05,0.23325846805484407,0.59999999999999998,2,500000,0.00035,0.0001,0.076045814173215723,0.16040928740848132,1.0193344177647924e-17,0.17777835698151023,0.065768544932278586,0.53463717888040829,2.3123488222289201e-05,0.061714122842349957,0.074560915330162458,4.1475218675822712e-18,0.052593517523124772,0.42473938708356529,0.38638452138554563,7.5358352520026075e-06,0.2724319169152673,0.0015666357079362925,1.0699542673907378e-09,0.0019962910351193192,2.0125836402546369e-05,0.38918262316153335,7.3919014542325292e-05,8.206270925837886e-07,2.7776091080648352e-10,3.2784448917892888e-12,3.0030190220245536e-10,7.3021024031596884e-11,6.2408505077322982e-08,0.33472760356928438,nan,nan,nan,nan,nan,nan,nan,nan,nan,nan,nan,nan,nan,nan,0,0,0,0,0,0,0,-2.0410151502261711e-10,-8.3934288115219133e-13,1.7763709333925563e-11,6.0461034295153625e-10,-1.2244979336051287e-15,-7.8248716490689207e-10,6.9648097687449793e-13,-5.4258464041168075e-14,-3.5470185901207052e-17,-2.8600085461682123e-18,1.1276249670426873e-17,-1.4734955462406636e-17,3.1367233105460943e-14,3.6438191334855912e-10,nan,nan,nan,nan,nan,nan,nan,nan,nan,nan,nan,nan,nan,nan,-2.0263188428397416e-07,1.7375274102837679e-07,-1.2611815271690231e-22,2.9643890851522508e-08,6.3758788095003016e-07,-2.3286256323196142e-07,0,0.017137316134967395,0.035872661445422539,2.308002640983719e-18,0.039853604984181487,0.014657146756977659,0.12003961256334972,5.1866912572548364e-06,-0.00040214479415592137,0.00053883791649479999,-6.0252170402994098e-20,0.00027817665484643797,0.0001788328126135402,-0.00054383469710206974,-5.6792902488189706e-11
16,3,support,0.0081907894736842103,0.0035000000000000001,0.008186677631578947,0.0081949013157894737,0.0030000000000000001,0.0040000000000000001,1001241.9115376206,1.2854572490827363,12.521340168249813,3241.694594408697,0.16807580775470687,1173,1173,4.0346731535441059e-05,0.23316778496628804,0.40000000000000002,2,300000,0.00033700000000000001,0.0001,0.087546349084265798,0.15409005600087602,1.1919526990310862e-17,0.1765617011460188,0.067389091953200461,0.56685542918119403,2.4044746349109531e-05,0.068328717657073962,0.068883042046827284,4.6643056469253447e-18,0.050234931962420508,0.41855245236879429,0.3939933197333873,7.5362314967830589e-06,nan,nan,nan,nan,nan,nan,nan,nan,nan,nan,nan,nan,nan,nan,0.27493982360128727,0.0016471653734661178,1.2049965935706026e-09,0.0020705957828667174,1.9570221972240363e-05,0.3811338498208488,7.719263990129916e-05,7.4529472191870623e-07,2.5925381646892335e-10,3.5270984097875771e-12,3.3553651226693751e-10,8.1669182724407215e-11,6.0275037726608689e-08,0.34011099510484322,0,0,0,0,0,0,0,nan,nan,nan,nan,nan,nan,nan,nan,nan,nan,nan,nan,nan,nan,-6.7929972300265209e-10,-1.07520360363652e-12,1.1680397517219116e-10,1.1574962370795598e-09,-5.8427655075243834e-16,-2.6873078812130607e-09,7.9998396969409627e-13,-1.7018374556809768e-13,-1.3985552644693803e-16,-3.9556714514434809e-18,1.488779684243763e-17,-2.0598940348290543e-17,1.3937875825630683e-14,2.0927398145617147e-09,-2.3453517661916473e-07,2.0633672420666826e-07,-5.336129760894808e-21,3.0769113381008829e-08,7.3436338263177525e-07,-2.66344890587078e-07,0,0.018961704393833038,0.033245679272046885,2.373093118375587e-18,0.038140821013583119,0.014514775255340619,0.12256101364917975,5.1962340452920706e-06,-1.5637646350754768e-05,-3.5147074851696259e-06,-1.5312798947592151e-20,-6.9027218995484021e-05,6.5934646515686089e-05,-9.7298060191270861e-05,-4.9338514115729991e-09
16,4,support,0.0081907894736842103,0.0045000000000000005,0.008186677631578947,0.0081949013157894737,0.0040000000000000001,0.0050000000000000001,1000919.0215986532,1.5804821332176653,15.400075326897507,2765.733426803763,0.13844899600524213,1173,1173,4.1265353053450907e-05,0.2054236599069254,0.40000000000000002,2,300000,0.00033700000000000001,0.0001,0.083232371968239405,0.12831767943687847,2.1943987767283672e-17,0.21888153839345481,0.041325133686028109,0.53491575328383856,2.3559412469435451e-05,0.079896827148740232,0.070549872513410064,1.0561255846886868e-17,0.076593246357027273,0.31567964864034853,0.45727132357009359,9.0817703801440394e-06,nan,nan,nan,nan,nan,nan,nan,nan,nan,nan,nan,nan,nan,nan,0.24945054463374647,0.0026483735718636518,1.4717536206912161e-09,0.0025101904402599802,3.2210084866663906e-05,0.38987507049309683,0.00010777012227563641,5.1822140561503306e-07,2.4083284508006389e-10,4.3129493773342041e-12,4.0182282051467996e-10,1.0672047070636575e-10,8.6155752598496706e-08,0.35537523405125426,0,0,0,0,0,0,0,nan,nan,nan,nan,nan,nan,nan,nan,nan,nan,nan,nan,nan,nan,3.6245198831837831e-11,-6.0347116393741041e-13,-8.7935517351706313e-11,-7.5023318402827229e-10,3.416581254023221e-14,2.5897533481849394e-09,4.6194241905555391e-13,-2.8676377678699128e-13,-4.1387271804195105e-16,-2.8746468415823107e-18,9.4372797237773053e-18,-2.0011835389297895e-17,-1.9682634690778722e-13,-1.7872384966119266e-09,-3.4285172340487585e-07,1.6688823156751909e-07,-1.7037236401536851e-21,1.7346212390463293e-07,1.2022628282926107e-06,-5.1565153219579329e-07,0,0.018319166179915997,0.028120831152136049,4.9025633170825985e-18,0.047996591025323103,0.0090736718920094734,0.11748506766843782,5.1704934509500318e-06,0,0,0,0,0,0,0
17,0,lumen,0.008199013157894737,0.00050000000000000001,0.0081949013157894737,0.0082031250000000003,0,0.001,1000152.474314934,1.3628617612918987,13.289779945938248,3011.1659178594041,0.1687139243787307,1173,1173,4.0579338169833904e-05,0.23349957166985541,0.59999999999999998,2,500000,0.00035,0.0001,0.068755411199700009,0.16521047861197422,9.478795343746705e-18,0.17899993235699657,0.065171937904385191,0.5164281066679397,2.2672880781469029e-05,0.056955948696410352,0.07838667995416905,3.9368430611593786e-18,0.054054164179197804,0.42962336974188048,0.38097229506047425,7.5423678679903827e-06,0.27104111236898876,0.0015106801125432676,9.7682094816697132e-10,0.0019471187830246411,2.0403132494027168e-05,0.39428760130537666,7.168748475356416e-05,8.754881105514466e-07,2.9052246966333422e-10,3.1125489877173865e-12,2.7623910184795498e-10,6.7120327864205577e-11,6.3630288243926372e-08,0.33112045608060486,nan,nan,nan,nan,nan,nan,nan,nan,nan,nan,nan,nan,nan,nan,0,0,0,0,0,0,0,1.4532135927927746e-12,-7.6085916477309593e-13,-2.4770910924498235e-14,2.8628819341448685e-12,-5.5528498466017595e-15,-3.7350044931883097e-12,6.8152298214512374e-13,-2.824498447628887e-14,-1.3138572373334885e-18,-1.3642230079050522e-18,5.0754568336177426e-18,-6.3281624952709581e-18,6.4711273820082556e-15,-4.496682502660519e-13,nan,nan,nan,nan,nan,nan,nan,nan,nan,nan,nan,nan,nan,nan,-1.8133706760660451e-07,1.5821862675569065e-07,-2.7303660507987513e-23,2.3122227952275193e-08,5.6713238427708035e-07,-2.0446213305769234e-07,0,0.015897868984707315,0.037902351618673648,2.1884107295049746e-18,0.041161582311562833,0.014903869149095625,0.1189385349779994,5.2166576967373204e-06,-8.1731174544341417e-05,9.785404811770813e-05,-7.4064778013667685e-21,4.0350257455217212e-05,4.4074596738071668e-05,-0.00011721492243688915,3.7950753969403992e-10
17,1,lumen,0.008199013157894737,0.0015,0.0081949013157894737,0.0082031250000000003,0.001,0.002,1000152.2124245438,1.3960489312299651,13.613404143338984,2944.7446900603386,0.16854836599604703,1173,1173,4.0556122952027421e-05,0.2333823639736225,0.59999999999999998,2,500000,0.00035,0.0001,0.068694671425368933,0.15918267631942923,9.4022286563546302e-18,0.17365096529989485,0.063399958329677999,0.50617260275338116,2.2126147042641075e-05,0.058291362251912206,0.077365873093706045,4.0001355880692122e-18,0.053715848360753556,0.42811967034362969,0.38249970622079138,7.5397292071694021e-06,0.27136279368456628,0.0015265427515234124,1.0026661810922388e-09,0.0019606791575849983,2.0348795997334763e-05,0.39296126786461621,7.2313343738734129e-05,8.6015535556641271e-07,2.870793220327131e-10,3.1583209913488871e-12,2.8289566509451236e-10,6.8755435150569915e-11,6.3349864128640248e-08,0.33209512925219853,nan,nan,nan,nan,nan,nan,nan,nan,nan,nan,nan,nan,nan,nan,0,0,0,0,0,0,0,1.8911550093996687e-11,-8.6562267336481582e-13,1.5737659782686116e-12,-3.3991688259569313e-10,-9.1875292096421646e-16,8.4023796622680058e-10,7.5539117150358383e-13,-3.62084494331949e-14,-7.7217993639806255e-18,-1.712842322495709e-18,6.1311835720100504e-18,-7.8131455652597099e-18,2.0271578529007326e-14,-5.2067924988934544e-10,nan,nan,nan,nan,nan,nan,nan,nan,nan,nan,nan,nan,nan,nan,-1.8719271489570782e-07,1.6167139510470108e-07,-1.0903577192883309e-22,2.4679524943751617e-08,5.8624305006305111e-07,-2.1153069451607109e-07,0,0.016247786386047236,0.037360439049527863,2.1992903568368472e-18,0.040852950134301041,0.01483045778298564,0.11926858376539562,5.2081570269409123e-06,-0.00020680485510937995,0.00026641651718857436,-1.6549118808869413e-20,0.00013391380814192197,9.6301179692491367e-05,-0.00029341153907365029,6.3840028688322185e-10
17,2,lumen,0.008199013157894737,0.0025000000000000001,0.0081949013157894737,0.0082031250000000003,0.002,0.0030000000000000001,1000151.4407164643,1.3779250075105416,13.436681236974223,2996.1233693862864,0.16792202886785013,1173,1173,4.048754252214395e-05,0.23327341403415913,0.59999999999999998,2,500000,0.00035,0.0001,0.073633487600323205,0.15548742605899979,9.8630569034648821e-18,0.17226097899828915,0.063739406885943067,0.51794367730154822,2.2403944598105188e-05,0.061671115206148291,0.074588896119685097,4.1417198460527423e-18,0.052594148114456653,0.42482445067471075,0.38631385459934192,7.5352856574610761e-06,0.27243158948000579,0.0015658770260449928,1.069100285135331e-09,0.0019957236181207465,2.0123639232271798e-05,0.389218203676781,7.3890611304278138e-05,8.2116617170647637e-07,2.7786478517213326e-10,3.2768793094294002e-12,3.000838585559012e-10,7.2965079468946038e-11,6.2407931223460023e-08,0.33469370665117859,nan,nan,nan,nan,nan,nan,nan,nan,nan,nan,nan,nan,nan,nan,0,0,0,0,0,0,0,6.4199393565577041e-10,-8.496098999449214e-13,-9.6210930676111199e-11,-2.7326907493854828e-10,-1.8394248797737323e-14,2.3799206550802199e-10,7.1384621358878786e-13,-5.0463539597034313e-14,-3.2834683572771677e-17,-2.6818504504600265e-18,1.0721930402753677e-17,-1.4069688333252778e-17,2.9435000203036354e-14,-5.1033080557462438e-10,nan,nan,nan,nan,nan,nan,nan,nan,nan,nan,nan,nan,nan,nan,-2.0231024481977972e-07,1.72574837531414e-07,-6.8172172905999154e-23,2.9593665601595723e-08,6.3649158998924094e-07,-2.3172677798832808e-07,0,0.017126556869356761,0.035889005498817718,2.2918908982969212e-18,0.039857085799638023,0.014661303944700619,0.12002570435090817,5.1866948727732935e-06,-0.00040222923330568254,0.00053955693974124625,-7.376609775635441e-20,0.0002784173266444097,0.00017883462846771564,-0.00055041802308682846,-6.5875052689388178e-11
17,3,support,0.008199013157894737,0.0035000000000000001,0.0081949013157894737,0.0082031250000000003,0.0030000000000000001,0.0040000000000000001,1001241.1160170131,1.2739340903994232,12.409105618340078,3270.7693859587562,0.16808682998345889,1173,1173,4.0347099762260808e-05,0.23318269316537005,0.40000000000000002,2,300000,0.00033700000000000001,0.0001,0.088275887713091319,0.15555600847510009,1.2311182508689418e-17,0.17817345001471074,0.068013214370424249,0.57186910387885226,2.4260654383499195e-05,0.068280546916691345,0.068915063860582701,4.7743847752043231e-18,0.050239113808915957,0.41864244075664669,0.39391529891191629,7.5357452469308313e-06,nan,nan,nan,nan,nan,nan,nan,nan,nan,nan,nan,nan,nan,nan,0.27493684337500551,0.0016462910868504817,1.2040040931321421e-09,0.0020699399778951501,1.9568915429937782e-05,0.38117850036610146,7.7159929971055185e-05,7.4586040111166537e-07,2.5937132262606926e-10,3.5251659703928444e-12,3.3528034536853641e-10,8.160289709639895e-11,6.0277460140135704e-08,0.34007088832710131,0,0,0,0,0,0,0,nan,nan,nan,nan,nan,nan,nan,nan,nan,nan,nan,nan,nan,nan,-2.062487232736889e-09,-9.3567697080543353e-13,3.8535192200043456e-10,2.8295659702214055e-09,9.6168732699464243e-16,-7.1255180276140473e-09,7.0534505359849697e-13,-1.4520979904619757e-13,-1.2273734011843621e-16,-3.743573188468184e-18,1.4319470563560555e-17,-1.954400239123579e-17,1.2765960661502481e-14,5.9734492072796469e-09,-2.3455275976764361e-07,2.105981379840749e-07,-7.9235230329871325e-21,3.069491955028964e-08,7.3422795630884163e-07,-2.6769182198682628e-07,0,0.018949764218975554,0.033263563698207856,3.7471204382737533e-18,0.038146766053494839,0.014519050631582254,0.12254630710939307,5.1962807133149052e-06,-1.5665410885875525e-05,-3.5409354829332071e-06,-1.4897525306319884e-20,-6.9398288723684069e-05,6.608875276485366e-05,-9.9752185990349508e-05,-4.9394896079002359e-09
17,4,support,0.008199013157894737,0.0045000000000000005,0.0081949013157894737,0.0082031250000000003,0.0040000000000000001,0.0050000000000000001,1000918.3490932938,1.576649121701249,15.362737130503811,2772.3543695968688,0.1394012236118366,1173,1173,4.1266833121885655e-05,0.20541222945098461,0.40000000000000002,2,300000,0.00033700000000000001,0.0001,0.083383722802830643,0.12870020252841483,2.189270814963856e-17,0.21952710907629394,0.041425580584042047,0.53618101503000515,2.3619728393124027e-05,0.07984804677321472,0.070588624779958559,1.0511029451144936e-17,0.076632899401452917,0.31567971477735146,0.45724163132238033,9.0829456419890259e-06,nan,nan,nan,nan,nan,nan,nan,nan,nan,nan,nan,nan,nan,nan,0.24942658041741864,0.0026479472995783247,1.4707129820698859e-09,0.0025097851836848356,3.2222576548775895e-05,0.38993392825334455,0.00010775275086141969,5.1848960587817716e-07,2.4094183875102161e-10,4.3104167441391433e-12,4.015408579409847e-10,1.0664650318425371e-10,8.6189133655488607e-08,0.35534117661539794,0,0,0,0,0,0,0,nan,nan,nan,nan,nan,nan,nan,nan,nan,nan,nan,nan,nan,nan,-8.6098855419914288e-10,-5.4044456192521598e-13,5.5830816899308154e-10,4.5499639564172294e-09,-1.8593937153865703e-13,-2.0059108498250537e-08,4.1243167454729698e-13,-2.8100731377239674e-13,-4.0694277712740379e-16,-2.8668282076478373e-18,9.3199655571850081e-18,-1.8956296317507061e-17,-1.9824743543799385e-13,1.5812618436338972e-08,-3.4321697420323233e-07,1.8931147516276781e-07,-4.8941191719406483e-22,1.7340696495114999e-07,1.2018131192864656e-06,-5.2061536376379891e-07,0,0.01830550117778151,0.028132487542803418,4.8036942740853365e-18,0.048014896746672274,0.0090724859466268081,0.11746141357962127,5.1704570130943498e-06,0,0,0,0,0,0,0
18,0,lumen,0.0082072368421052637,0.00050000000000000001,0.0082031250000000003,0.008211348684210527,0,0.001,1000152.3762499588,1.3674769652482839,13.334785850892985,3000.7995625143003,0.16876641848094856,1173,1173,4.0579604323346884e-05,0.23351342785978801,0.59999999999999998,2,500000,0.00035,0.0001,0.068473062611899296,0.16471267942119197,9.4415634501389179e-18,0.17839828766308338,0.064964196221140538,0.51459293400415496,2.2594749810601392e-05,0.056914144890884755,0.078415148411580968,3.9346592507413211e-18,0.054054919724447745,0.42970418878189504,0.38090405636015062,7.5418310407728255e-06,0.27104010788734939,0.0015099779596970367,9.7600854323963481e-10,0.0019465796363028597,2.0401055904338094e-05,0.39432222478656703,7.1660900447074056e-05,8.7604184660820738e-07,2.9062687580764033e-10,3.1111414969465711e-12,2.7603288081026889e-10,6.7068117586572681e-11,6.3629787637800407e-08,0.33108810648925063,nan,nan,nan,nan,nan,nan,nan,nan,nan,nan,nan,nan,nan,nan,0,0,0,0,0,0,0,1.3567295498926634e-13,-7.684292754571043e-13,4.6614977969420864e-14,2.4278860749815373e-12,-5.5545845700777363e-15,7.2473299063402497e-13,6.8637290346773145e-13,-2.8354705736144403e-14,-4.0199023038892106e-18,-1.4298949931547825e-18,5.1923563759279975e-18,-6.3790220183512078e-18,7.415524271617614e-15,-3.2266413460580381e-12,nan,nan,nan,nan,nan,nan,nan,nan,nan,nan,nan,nan,nan,nan,-1.8114581985546191e-07,1.5806854064548403e-07,-4.2492013400069372e-23,2.3076534348741721e-08,5.6651338749269531e-07,-2.0422468366421143e-07,0,0.01588726412159331,0.037918946270159265,2.1830263166720498e-18,0.041165093769709324,0.014907840817724017,0.11892533743291041,5.2166514680790257e-06,-8.174758348605334e-05,9.792141308422713e-05,-8.0427881238220641e-21,4.0408199847466453e-05,4.4030808824940092e-05,-0.00011729631701109786,3.7974200571160504e-10
18,1,lumen,0.0082072368421052637,0.0015,0.0082031250000000003,0.008211348684210527,0.001,0.002,1000152.1145413055,1.39465987224954,13.599860231860477,2947.4763116668369,0.16849947636040935,1173,1173,4.0556363119535548e-05,0.23339678247014833,0.59999999999999998,2,500000,0.00035,0.0001,0.068713860326534926,0.15939900373951729,9.4192375717651888e-18,0.17382514191489468,0.063475345113050266,0.50658484006641735,2.2146600926673603e-05,0.058249635132609716,0.077393936878087849,4.0033850386491479e-18,0.053716231562314073,0.42820229251319031,0.38243036472287922,7.5391909189875532e-06,0.27136228612560853,0.0015258215710252413,1.0018498601646478e-09,0.0019601308306921236,2.0346560726485729e-05,0.39299571773698522,7.228615122580791e-05,8.6070455528964543e-07,2.8718289279678439e-10,3.1568856092551051e-12,2.8268823460406853e-10,6.8702648143020183e-11,6.3349008553873623e-08,0.33206248532670091,nan,nan,nan,nan,nan,nan,nan,nan,nan,nan,nan,nan,nan,nan,0,0,0,0,0,0,0,1.8743858562924434e-10,-8.5250786675416278e-13,-1.1624761466016041e-11,-2.7968009344181974e-10,-8.9172376080415283e-15,6.7214592615674751e-11,7.4659412891062712e-13,-3.9204967397510337e-14,-1.0679569604705436e-17,-1.7572443664200097e-18,5.9689711274429289e-18,-7.749301348664515e-18,1.9600783711126354e-14,3.678618503551196e-11,nan,nan,nan,nan,nan,nan,nan,nan,nan,nan,nan,nan,nan,nan,-1.8698511793698719e-07,1.6229744759233e-07,-2.4424430306181203e-22,2.4632109045258297e-08,5.8552817872037366e-07,-2.1134911559750336e-07,0,0.016237263763430362,0.037376759723455402,2.1664596170406029e-18,0.040856160294499573,0.014834506003095676,0.1192554574192364,5.2081514998169937e-06,-0.00020641961903586847,0.00026544479011315008,-1.588124212163896e-20,0.00013333676771066087,9.6108950307726589e-05,-0.00028721414114110715,6.399540710976518e-10
18,2,lumen,0.0082072368421052637,0.0025000000000000001,0.0082031250000000003,0.008211348684210527,0.002,0.0030000000000000001,1000151.3433449913,1.3267378863734227,12.937537023149158,3111.5002064359774,0.16793151534021636,1173,1173,4.0487785371429607e-05,0.23328834364175344,0.59999999999999998,2,500000,0.00035,0.0001,0.076420980191784546,0.16154698447398574,1.0237471071973563e-17,0.17890915514341019,0.066211792779953607,0.53782811345357573,2.3266618247931227e-05,0.061628078325535192,0.074616925833998315,4.1392481097905015e-18,0.052594783304510576,0.42490948435502474,0.38624319344413555,7.5347367956467594e-06,0.27243122776277506,0.001565118743201618,1.0682457963752671e-09,0.0019951561995129033,2.012145257441194e-05,0.38925383966688021,7.3862216705468395e-05,8.2170587085661651e-07,2.7796880055417084e-10,3.2753137700373261e-12,2.9986569453745407e-10,7.290911733647696e-11,6.2407386202472646e-08,0.3346597881231636,nan,nan,nan,nan,nan,nan,nan,nan,nan,nan,nan,nan,nan,nan,0,0,0,0,0,0,0,1.8626635474420253e-10,-1.006881214008324e-12,1.9268841886241167e-10,-5.8509719291022917e-09,5.2162375981101849e-14,7.7533944737619154e-09,8.0813912478941077e-13,-8.990334518510501e-14,-5.5861182788723356e-17,-3.0941350553707997e-18,1.0083126784723436e-17,-1.3724614482788585e-17,3.4803513646292011e-14,-2.2811757762355234e-09,nan,nan,nan,nan,nan,nan,nan,nan,nan,nan,nan,nan,nan,nan,-2.0239144588041214e-07,1.6490071880204127e-07,-8.35058629115368e-23,2.9544647171504009e-08,6.360473430999658e-07,-2.2589241088777356e-07,0,0.017115830521320204,0.035905329481486559,2.3039777898254524e-18,0.039860569863951201,0.014665458040279262,0.12001209128341236,5.1867010916615298e-06,-0.00040214222306462008,0.00053974383172270489,-3.8616091890659478e-21,0.00027833701525367482,0.00017882674224635936,-0.00055355518772960265,-7.2573644329018312e-11
18,3,support,0.0082072368421052637,0.0035000000000000001,0.0082031250000000003,0.008211348684210527,0.0030000000000000001,0.0040000000000000001,1001240.3204364174,1.3346508753448678,13.000544502671078,3121.7383507085588,0.16809814600582812,1173,1173,4.0347464378712525e-05,0.23319753918224384,0.40000000000000002,2,300000,0.00033700000000000001,0.0001,0.084200637220022037,0.14854732747483756,1.0269362010863106e-17,0.17008123286420018,0.064932924752488574,0.54574621445303395,2.3155411701548424e-05,0.068232508342090589,0.068946666961423778,4.1723638301226814e-18,0.050243101113867553,0.41873183429232147,0.39383835404723516,7.535243061418046e-06,nan,nan,nan,nan,nan,nan,nan,nan,nan,nan,nan,nan,nan,nan,0.27493402880622858,0.0016454265125983075,1.2030160904544251e-09,0.0020692928644909935,1.9567592855855917e-05,0.38122249827372057,7.7127608740417173e-05,7.4641954832008574e-07,2.5948736866048255e-10,3.5232399414011641e-12,3.3502533881005339e-10,8.1536929610281372e-11,6.0279787605724632e-08,0.34003124975936883,0,0,0,0,0,0,0,nan,nan,nan,nan,nan,nan,nan,nan,nan,nan,nan,nan,nan,nan,5.0953841427165667e-09,-9.6334600719170054e-13,-8.7001039890706663e-10,-1.3318340953270205e-08,9.9341650357243072e-14,2.9688972694131774e-08,7.3693109890599346e-13,-1.459034715961538e-13,-1.3711903632585304e-16,-3.6385703515981228e-18,1.5114273052191573e-17,-2.0365339761167652e-17,1.5238349343725585e-14,-2.0595747579811347e-08,-2.3304798307723779e-07,1.7360444198866176e-07,5.6953708740730133e-21,3.0624610231397423e-08,7.2983055664221919e-07,-2.5122429681001535e-07,0,0.018937790288026859,0.033281482014166225,1.4906832754218427e-18,0.038152718491075301,0.01452334871119266,0.12253151172922429,5.1963260391109018e-06,-1.5688281985135579e-05,-3.5660176628581546e-06,-1.6448061335729887e-20,-6.9723439086381698e-05,6.6227781449423686e-05,-0.00010179913032135244,-4.945189726332508e-09
18,4,support,0.0082072368421052637,0.0045000000000000005,0.0082031250000000003,0.008211348684210527,0.0040000000000000001,0.0050000000000000001,1000917.6766548967,1.5855786485653323,15.449756072650111,2756.6391893872055,0.13841138939693687,1173,1173,4.1268312160515209e-05,0.20540078628558403,0.40000000000000002,2,300000,0.00033700000000000001,0.0001,0.082863479332935239,0.12804549400802534,2.1758245065617089e-17,0.21840352237312533,0.041192250703256855,0.53312655418458466,2.3489733100092244e-05,0.079799323257802979,0.070627334831344993,1.0505643441237793e-17,0.076672524848834731,0.31567967532180974,0.45721205761889067,9.0841213168480704e-06,nan,nan,nan,nan,nan,nan,nan,nan,nan,nan,nan,nan,nan,nan,0.2494026308348623,0.0026475233164556652,1.4696741143984567e-09,0.00250938123155746,3.2235067260712135e-05,0.38999268557346933,0.00010773545401828609,5.1875721307729623e-07,2.4105064846029574e-10,4.3078889138641831e-12,4.012593827014218e-10,1.0657267524011576e-10,8.6222497341015894e-08,0.35530720131988242,0,0,0,0,0,0,0,nan,nan,nan,nan,nan,nan,nan,nan,nan,nan,nan,nan,nan,nan,-3.7630409706355608e-10,-5.3232821298814137e-13,1.6840024912772939e-10,1.7071168092600032e-09,-5.661866375045177e-14,-6.9020787109774426e-09,4.0851242556847183e-13,-2.8446884604849121e-13,-4.1310036234001258e-16,-3.0305242329553153e-18,8.4248518062478739e-18,-1.8619706884435219e-17,-2.0067370181888727e-13,5.4035315106059455e-09,-3.4254668487918721e-07,1.7592837575630682e-07,-3.8898514466190985e-22,1.7335252973505177e-07,1.2006753353221988e-06,-5.1743783452407044e-07,0,0.018291826304199829,0.028144152167957324,5.0507443933966232e-18,0.048033220676728994,0.0090712991916131643,0.11743773799877028,5.1704210863082795e-06,0,0,0,0,0,0,0
19,0,lumen,0.0082154605263157904,0.00050000000000000001,0.008211348684210527,0.0082195723684210537,0,0.001,1000152.278177483,1.3643483863295451,13.304279197421312,3007.4767117256806,0.16873752159331926,1173,1173,4.0579870017010331e-05,0.23352726669619028,0.59999999999999998,2,500000,0.00035,0.0001,0.06857971712570117,0.16515020957181334,9.4606102947214048e-18,0.17880980116496858,0.065125388518125896,0.51568066128793655,2.2644946739530954e-05,0.056872386955089706,0.078443573639987371,3.933577121662976e-18,0.054055659477246304,0.42978489666948566,0.3808359419642276,7.5412939632904937e-06,0.27103910874359416,0.0015092772741228039,9.7519723793870749e-10,0.001946041537031328,2.0398980993381254e-05,0.39435678193934287,7.1634369602478342e-05,8.765949647284072e-07,2.9073112666146561e-10,3.1097365426827672e-12,2.7582695030692017e-10,6.7015988550336602e-11,6.362928230010168e-08,0.33105581531932765,nan,nan,nan,nan,nan,nan,nan,nan,nan,nan,nan,nan,nan,nan,0,0,0,0,0,0,0,7.504129402990363e-11,-6.8821831435683297e-13,-3.7503260948180148e-12,-1.1752113864519596e-10,-7.5692490469903007e-15,-1.8174611121635209e-12,6.0327032869874124e-13,-2.7239929062394808e-14,-4.3385876452468896e-19,-1.2658362588422227e-18,4.4887940802106868e-18,-5.7769548484176389e-18,9.8264457346206945e-15,4.8157533346991652e-11,nan,nan,nan,nan,nan,nan,nan,nan,nan,nan,nan,nan,nan,nan,-1.8095103711691235e-07,1.5792530300151597e-07,-8.1266466711457323e-23,2.303132691037699e-08,5.6585780659756946e-07,-2.0386853771814373e-07,0,0.01587667118224945,0.037935525516290716,2.1724678195518285e-18,0.041168596748438341,0.014911809021279828,0.11891214163030503,5.2166452113804507e-06,-8.1725844745315915e-05,9.7855578391119048e-05,-9.5883821555494614e-21,4.0402884634559037e-05,4.3964665014075018e-05,-0.00011656259129639847,3.7913573552301035e-10
19,1,lumen,0.0082154605263157904,0.0015,0.008211348684210527,0.0082195723684210537,0.001,0.002,1000152.0166500759,1.3831554128283574,13.487677181240274,2971.7892823560496,0.16857388173759655,1173,1173,4.0556603562231589e-05,0.23341118649304318,0.59999999999999998,2,500000,0.00035,0.0001,0.069235824697458606,0.16078320732888213,9.5263345212425813e-18,0.17527231744348118,0.064015644612015588,0.5107055172754762,2.2329226300713262e-05,0.058207969388285492,0.077422063427932439,4.0155048672737373e-18,0.053716658785374426,0.42828489537493525,0.38236087436524846,7.538658224052076e-06,0.27136173924724549,0.0015251000001828723,1.001034598448307e-09,0.0019595815902282879,2.0344329802748046e-05,0.39303024236857231,7.2258931953637809e-05,8.6125490920495755e-07,2.8728665413787296e-10,3.15545420967724e-12,2.824811002844281e-10,6.8649941999079021e-11,6.3348163567735521e-08,0.3320298072863343,nan,nan,nan,nan,nan,nan,nan,nan,nan,nan,nan,nan,nan,nan,0,0,0,0,0,0,0,-2.291963753996765e-09,-8.2406842726735259e-13,1.4605683032546533e-10,3.5450983485958415e-09,5.2885864090801427e-14,-3.9710419284452736e-10,7.2190787144803039e-13,-3.3399715285153952e-14,-8.0247034434192882e-18,-1.5687111252343303e-18,6.1291327327775901e-18,-7.9141847982036614e-18,1.7853546499191105e-14,-1.0020223263982104e-09,nan,nan,nan,nan,nan,nan,nan,nan,nan,nan,nan,nan,nan,nan,-1.8694863866859646e-07,1.6261615676249619e-07,-5.7166702192349288e-22,2.4583491900933555e-08,5.8613685138819704e-07,-2.1493117408066809e-07,0,0.016226761869871018,0.037393072461129696,2.0932576248865561e-18,0.040859382061020508,0.014838530261612399,0.11924229682927411,5.2081475320698338e-06,-0.00020624400905043397,0.00026509209611144652,-1.3781819847219904e-20,0.00013310384388751805,9.5997339540989789e-05,-0.00028491985152205639,6.3969421148909501e-10
19,2,lumen,0.0082154605263157904,0.0025000000000000001,0.008211348684210527,0.0082195723684210537,0.002,0.0030000000000000001,1000151.2459641297,1.3191601086814555,12.863644418790017,3129.1556574519204,0.16795241420111318,1173,1173,4.0488028081964281e-05,0.23330329012387735,0.59999999999999998,2,500000,0.00035,0.0001,0.076806478902543482,0.1625364917388766,1.0281730062179436e-17,0.17993957346107214,0.066605494746701147,0.54081753367716012,2.3398620818591144e-05,0.061585191900618133,0.074645185105551931,4.1333995727814243e-18,0.052595575674793275,0.42499474244005458,0.38617177067277175,7.5342062102741889e-06,0.27243076719325926,0.0015643558025425872,1.0673933908489969e-09,0.0019945835765372466,2.0119262888300208e-05,0.38928979003508951,7.383361515101736e-05,8.222500349450667e-07,2.7807359797317952e-10,3.2737571637805208e-12,2.9964812403492105e-10,7.2853299287142124e-11,6.2406846651805691e-08,0.33462566413640815,nan,nan,nan,nan,nan,nan,nan,nan,nan,nan,nan,nan,nan,nan,0,0,0,0,0,0,0,-5.6444298547002699e-09,-1.1431514784540506e-12,5.8254916293068954e-10,1.1980346312351919e-08,2.9865541463502954e-14,-1.5160600094115198e-08,9.0893823693766072e-13,-1.1113267424367468e-13,-6.1924228236653752e-17,-3.1859293720532119e-18,1.0779361500984445e-17,-1.4417379396099785e-17,4.021416113128212e-14,8.2424097822953837e-09,nan,nan,nan,nan,nan,nan,nan,nan,nan,nan,nan,nan,nan,nan,-2.0257384565538356e-07,1.8766229958888658e-07,-2.4914617206626107e-23,2.9489638159225881e-08,6.3828521505715496e-07,-2.4346122801111036e-07,0,0.017105146821050878,0.035921571300982356,2.2912911156987053e-18,0.039864042738017788,0.014669553213211275,0.11999878068551852,5.1867064254212868e-06,-0.00040146116911833266,0.00053839700523285389,-5.6187039488712301e-20,0.00027735957465734745,0.00017860109177748881,-0.00054619068824008949,-7.4341179792521978e-11
19,3,support,0.0082154605263157904,0.0035000000000000001,0.008211348684210527,0.0082195723684210537,0.0030000000000000001,0.0040000000000000001,1001239.5247926449,1.3136165215565225,12.79566359591586,3171.4864148357929,0.16811043272017187,1173,1173,4.0347830866584028e-05,0.23321232242328224,0.40000000000000002,2,300000,0.00033700000000000001,0.0001,0.085488422174333487,0.15099464896809364,1.1541210900007017e-17,0.17281774383389226,0.065986640526481385,0.55437739438541389,2.3524552083874778e-05,0.068184322850364965,0.068978105425888267,4.6152088307396424e-18,0.050246942977655654,0.41882086011978381,0.3937622339015337,7.5347247737137193e-06,nan,nan,nan,nan,nan,nan,nan,nan,nan,nan,nan,nan,nan,nan,0.27493124759230697,0.0016445679746716034,1.202025999738856e-09,0.0020686512086874652,1.9566289605818028e-05,0.38126625992394669,7.7095529788493762e-05,7.4697561183899804e-07,2.5960287689462276e-10,3.5213079022664818e-12,3.3476977663765022e-10,8.1470856554357222e-11,6.02821495295291e-08,0.33999180234175402,0,0,0,0,0,0,0,nan,nan,nan,nan,nan,nan,nan,nan,nan,nan,nan,nan,nan,nan,1.4901505661831053e-09,-1.0115575166873663e-12,-2.8905476390877421e-10,-3.4811109150792251e-09,2.8064464814570034e-14,8.6886650396168774e-09,7.6320330317847069e-13,-1.5288031257609802e-13,-1.4132336304510553e-16,-3.928354267309489e-18,1.4866647385138298e-17,-2.0202249341928488e-17,2.2608958603452884e-14,-6.4082988639903525e-09,-2.333794889139082e-07,1.9441795168217979e-07,-4.4623163430961842e-21,3.0562029345906212e-08,7.308221474933152e-07,-2.6074941733567059e-07,0,0.01892586340761818,0.033299342474313029,2.7419795539573076e-18,0.038158644302061943,0.014527620559442031,0.1225168269031921,5.1963721663480848e-06,-1.5668099278323931e-05,-3.5727405343060948e-06,-1.4898066189776657e-20,-6.9619861495985103e-05,6.6228556541773784e-05,-0.00010014292831124668,-4.9509363027883799e-09
19,4,support,0.0082154605263157904,0.0045000000000000005,0.008211348684210527,0.0082195723684210537,0.0040000000000000001,0.0050000000000000001,1000917.0042835046,1.5792411489802347,15.388014302412071,2767.5992791035305,0.13936356049495721,1173,1173,4.1269791520670669e-05,0.20538931791434686,0.40000000000000002,2,300000,0.00033700000000000001,0.0001,0.083145181154746242,0.12862969295775056,2.1524560052170827e-17,0.21939321168843828,0.041357507332089281,0.5352311108720279,2.3587036805429709e-05,0.079750622501145535,0.070666031951043873,1.0351279390459784e-17,0.076712169767861285,0.31567952100114183,0.45718256948069197,9.0852981154811589e-06,nan,nan,nan,nan,nan,nan,nan,nan,nan,nan,nan,nan,nan,nan,0.24937866790075264,0.0026471011023107408,1.4686358654854056e-09,0.002508978062766292,3.2247570758465635e-05,0.39005140937602029,0.0001077182099816518,5.1902453954597732e-07,2.411593967021119e-10,4.3053630882218596e-12,4.0097808043317667e-10,1.0649890476950786e-10,8.6255879848943972e-08,0.35527327027543304,0,0,0,0,0,0,0,nan,nan,nan,nan,nan,nan,nan,nan,nan,nan,nan,nan,nan,nan,-8.5118714809046416e-10,-5.5541497937704196e-13,5.488202731392033e-10,4.8103511571332714e-09,-1.9244284985009408e-13,-2.0250189513627316e-08,4.2954395427217669e-13,-2.7829398941553452e-13,-4.0079415824244235e-16,-2.9164659526516035e-18,8.3128431761044919e-18,-1.8444953321956633e-17,-1.9798494742003494e-13,1.5743000264009023e-08,-3.4264702302149591e-07,1.8905046633710398e-07,3.4112842411292465e-21,1.7329859498171826e-07,1.2000184432259253e-06,-5.2020691088117132e-07,0,0.018278179693852894,0.028155779789544772,4.9989893912266945e-18,0.048051511923958956,0.0090701060981345661,0.11741411921631305,5.1703846740820806e-06,0,0,0,0,0,0,0
20,0,lumen,0.0082236842105263171,0.00050000000000000001,0.0082195723684210537,0.0082277960526315804,0,0.001,1000152.1800973042,1.3605715272241179,13.267450911178098,3015.6209673585549,0.1687907194177331,1173,1173,4.0580135291876072e-05,0.23354109269073969,0.59999999999999998,2,500000,0.00035,0.0001,0.068719660552875941,0.16566863645527477,9.4904742624353887e-18,0.17930862078828888,0.065318419452335297,0.51701963149529084,2.2706194438801884e-05,0.056830687715396351,0.078471992206075272,3.9350709857072535e-18,0.054056404923076451,0.42986553753948376,0.38076783685701698,7.5407589511006044e-06,0.27103810186732546,0.0015085772899438078,9.7438715229310193e-10,0.0019455037008601699,2.0396906986926362e-05,0.39439132059005921,7.1607859615439276e-05,8.7714814116468033e-07,2.9083534373032253e-10,3.1083349635514746e-12,2.7562134879655224e-10,6.6963948717337669e-11,6.3628773026164494e-08,0.33102354939741452,nan,nan,nan,nan,nan,nan,nan,nan,nan,nan,nan,nan,nan,nan,0,0,0,0,0,0,0,6.3928786198302971e-11,-7.665495255658258e-13,-3.3635734264392029e-12,-9.3542613379570795e-11,-7.410955529807417e-15,-7.3953924581426911e-12,6.8539733988931359e-13,-2.6791286203420306e-14,-1.9696083385488694e-18,-1.2916237146049657e-18,4.9954980917895518e-18,-6.2608071037706287e-18,8.2092504989066291e-15,4.0479952553618772e-11,nan,nan,nan,nan,nan,nan,nan,nan,nan,nan,nan,nan,nan,nan,-1.8076075886021975e-07,1.5778574807834289e-07,-1.7544239828875142e-22,2.2985795781727834e-08,5.6524579833405753e-07,-2.0365632208418916e-07,0,0.01586609175302749,0.037952091079024412,2.151569077069603e-18,0.041172094152751512,0.014915769520344997,0.1188989242111948,5.2166393129172016e-06,-8.1765290157790224e-05,9.7984226000769222e-05,-1.3218354863928393e-20,4.0486147510632505e-05,4.3931202470289866e-05,-0.00011705992359471764,3.7879214022902978e-10
20,1,lumen,0.0082236842105263171,0.0015,0.0082195723684210537,0.0082277960526315804,0.001,0.002,1000151.9187514338,1.4002887284071091,13.65475202772752,2935.2278023159211,0.16852301537617875,1173,1173,4.0556843212901571e-05,0.23342557015510665,0.59999999999999998,2,500000,0.00035,0.0001,0.068339812276764916,0.15887349090683286,9.4859385574154508e-18,0.1731290813840754,0.063244546417570657,0.50436520197901258,2.2054455788285013e-05,0.058166377252426224,0.077450129314967003,4.0480073364512553e-18,0.053717073214292685,0.4283673603363245,0.38229152175620995,7.5381257796123077e-06,0.27136120066410496,0.0015243802352594622,1.0002210377923993e-09,0.0019590336232837638,2.0342099974016054e-05,0.3930646775647702,7.2231778272220941e-05,8.6180438378261468e-07,2.8739019764149336e-10,3.154026537241311e-12,2.8227441180774165e-10,6.8597356198362693e-11,6.3347308910654052e-08,0.33199720724100568,nan,nan,nan,nan,nan,nan,nan,nan,nan,nan,nan,nan,nan,nan,0,0,0,0,0,0,0,-1.5416060188357416e-10,-8.1032186578794558e-13,1.22856349605756e-11,1.1343267545156877e-10,8.4112404541425434e-16,3.0664049142752059e-10,7.1319158734655095e-13,-3.045892531250427e-14,-5.6843930793790137e-18,-1.6179125744702403e-18,6.4403363805910918e-18,-8.0882204454587331e-18,1.8089631609103788e-14,-2.7808946829523684e-10,nan,nan,nan,nan,nan,nan,nan,nan,nan,nan,nan,nan,nan,nan,-1.8662117903106568e-07,1.6176724748628857e-07,-1.340462749447724e-21,2.4535017070847751e-08,5.8443836419008743e-07,-2.1125729537940785e-07,0,0.016216262780044136,0.037409367561239824,2.5217985164073522e-18,0.040862577634278009,0.014842567591405202,0.11922912652193984,5.2081423324410009e-06,-0.00020637869567105872,0.00026572039421351177,-9.5866435277541227e-21,0.00013342304121521066,9.6014099080133413e-05,-0.00028868434528131655,6.3959553108509655e-10
20,2,lumen,0.0082236842105263171,0.0025000000000000001,0.0082195723684210537,0.0082277960526315804,0.002,0.0030000000000000001,1000151.1485758331,1.3354877409228445,13.022862793250992,3090.6834360741668,0.16795515779338921,1173,1173,4.0488270178078758e-05,0.23331821612860387,0.59999999999999998,2,500000,0.00035,0.0001,0.075814674050124042,0.16060995196213468,1.0147695429250836e-17,0.17774223229166092,0.065804348419250244,0.53410689320905524,2.3110917398859679e-05,0.061542361021617649,0.074673379779846949,4.1300095394347726e-18,0.052596348558259585,0.42507986144006876,0.38610051552545582,7.5336747512267007e-06,0.2724303199815899,0.0015635950973058677,1.0665426014614612e-09,0.0019940126102742537,2.0117074534485724e-05,0.38932562899684947,7.3805096269240845e-05,8.2279308976314683e-07,2.78178132365712e-10,3.2722040218629769e-12,2.9943097689631225e-10,7.2797598662712969e-11,6.2406296703789549e-08,0.33459163422356891,nan,nan,nan,nan,nan,nan,nan,nan,nan,nan,nan,nan,nan,nan,0,0,0,0,0,0,0,2.2538742758869837e-10,-1.0760734289002101e-12,-2.2447486639855708e-11,-4.234677625849501e-10,-1.8568046405986749e-15,5.6628895734982254e-10,8.5906229645814418e-13,-1.0406779604732463e-13,-5.8754268074233191e-17,-3.1334982413520284e-18,1.110383064428146e-17,-1.4709897576712991e-17,3.737907121751052e-14,-3.4547562051539872e-10,nan,nan,nan,nan,nan,nan,nan,nan,nan,nan,nan,nan,nan,nan,-2.0176187905292242e-07,1.7178309863474794e-07,-2.0235614256442699e-23,2.9435007495260294e-08,6.3467476778267251e-07,-2.3079578886919805e-07,0,0.017094422496700262,0.035937874494430096,2.2893312766977944e-18,0.039867509402740704,0.014673700785171261,0.1199850381730907,5.1867108391887239e-06,-0.00040116233368203436,0.00053810994437342293,-4.432299286946216e-20,0.00027700969788974907,0.00017849893630974802,-0.00054587772416652672,-7.7919827818112953e-11
20,3,support,0.0082236842105263171,0.0035000000000000001,0.0082195723684210537,0.0082277960526315804,0.0030000000000000001,0.0040000000000000001,1001238.7290752304,1.2978559720697624,12.642153429183852,3209.7577267362026,0.16812621350906859,1173,1173,4.0348197259502746e-05,0.23322711488945544,0.40000000000000002,2,300000,0.00033700000000000001,0.0001,0.086465459011104737,0.15289810676700261,1.1415222926245716e-17,0.17492992887438438,0.066802115896361522,0.56099990761866403,2.3808603547572163e-05,0.068136233818063552,0.069009686711181031,4.5100631183803801e-18,0.050250880505946192,0.41891001912496229,0.39368564562159963,7.5342182473846864e-06,nan,nan,nan,nan,nan,nan,nan,nan,nan,nan,nan,nan,nan,nan,0.27492840216062381,0.0016437069072660025,1.2010374992381231e-09,0.0020680065220592099,1.9564986321751938e-05,0.38131020883130168,7.7063334219186822e-05,7.4753425059664554e-07,2.5971884247243175e-10,3.5193821759695457e-12,3.3451465871939407e-10,8.1404896910877365e-11,6.028451830340053e-08,0.33995223755924397,0,0,0,0,0,0,0,nan,nan,nan,nan,nan,nan,nan,nan,nan,nan,nan,nan,nan,nan,1.4249870274458659e-09,-1.1054486993816497e-12,-2.3013682522206037e-10,-3.1087155723974861e-09,1.6952259908331602e-14,6.1421164124827315e-09,8.24263024429321e-13,-1.6909477290605324e-13,-1.5244352502641336e-16,-4.1171885796199178e-18,1.5386724684174249e-17,-2.0965125360176646e-17,2.8906762509694204e-14,-4.2278464897735816e-09,-2.3318921581107904e-07,1.967814678982549e-07,-2.1515225192441571e-21,3.0495891657268754e-08,7.300409633204108e-07,-2.6080646248205497e-07,0,0.018913940876714504,0.03331719644870125,2.6661212021579635e-18,0.038164563818327828,0.014531892900872229,0.12250215277692612,5.196418116825625e-06,-1.5660778987287621e-05,-3.5845583404412148e-06,-1.4741746557264522e-20,-6.9643381788346621e-05,6.6270489726663723e-05,-9.9589046015576344e-05,-4.9566455925926353e-09
20,4,support,0.0082236842105263171,0.0045000000000000005,0.0082195723684210537,0.0082277960526315804,0.0040000000000000001,0.0050000000000000001,1000916.3319792319,1.5928488451828979,15.520617158879691,2743.8545086967392,0.13837374225101662,1173,1173,4.1271268984530564e-05,0.20537784371633722,0.40000000000000002,2,300000,0.00033700000000000001,0.0001,0.082384557384406476,0.12760044722307343,2.0999017319999362e-17,0.21763103158973984,0.041004129002632575,0.53062422969527778,2.3388546067033883e-05,0.079701999312293687,0.07070466585687811,1.0185564989574158e-17,0.076751753577595602,0.31567926001149582,0.45715323476690795,9.0864748287673143e-06,nan,nan,nan,nan,nan,nan,nan,nan,nan,nan,nan,nan,nan,nan,0.24935473028531638,0.0026466814683449675,1.4675997315874231e-09,0.0025085764788989008,3.2260068963653499e-05,0.39011000654143257,0.0001077010524533227,5.1929113111160693e-07,2.4126791211934543e-10,4.3028428841447098e-12,4.0069736153004461e-10,1.0642529890212341e-10,8.6289233539575536e-08,0.35523943630404092,0,0,0,0,0,0,0,nan,nan,nan,nan,nan,nan,nan,nan,nan,nan,nan,nan,nan,nan,-5.6665395145785674e-10,-5.4063649863607732e-13,3.7290052827531882e-10,2.8588587626931359e-09,-1.2263530035222514e-13,-1.3349013722207571e-08,4.1846512400034127e-13,-2.7329093849060015e-13,-3.9452202102610173e-16,-2.9161684584367685e-18,8.3149696506642126e-18,-1.8302285526752309e-17,-1.9614750900542395e-13,1.068462263059059e-08,-3.4219173141673137e-07,1.8192212003498298e-07,7.492273530615307e-21,1.7324631700224599e-07,1.1989858580280233e-06,-5.1792383903848105e-07,0,0.018264530627637141,0.028167408021195627,4.0617406311953477e-18,0.04806981556955197,0.0090689106384043393,0.11739050427802968,5.1703486717927944e-06,0,0,0,0,0,0,0
21,0,lumen,0.0082319078947368438,0.00050000000000000001,0.0082277960526315804,0.0082360197368421071,0,0.001,1000152.0820096815,1.3656820557210592,13.317286926115735,3004.1329387846313,0.1687609386435904,1173,1173,4.0580399778198035e-05,0.23355490233635662,0.59999999999999998,2,500000,0.00035,0.0001,0.068412334401711308,0.16510831732573689,9.4719286243900824e-18,0.17864000791809254,0.065086173793135596,0.51499290106154172,2.2619616977122815e-05,0.056789047342327981,0.078500351150125089,3.9421336094346965e-18,0.054057130176300872,0.42994605720546686,0.38069987390226384,7.5402235154739227e-06,0.2710371074684903,0.0015078789642647774,9.7357844542074879e-10,0.0019449670976188977,2.0394833040691087e-05,0.39442577128750389,7.1581411049585257e-05,8.7770047655207671e-07,2.9093935226754859e-10,3.106936351373514e-12,2.754161092003841e-10,6.6912007364995559e-11,6.3628252917305547e-08,0.33099135599934953,nan,nan,nan,nan,nan,nan,nan,nan,nan,nan,nan,nan,nan,nan,0,0,0,0,0,0,0,1.5897204344771604e-09,-7.8177852820975914e-13,-8.5529379112290386e-11,-2.525655027909919e-09,-4.8913130490380041e-14,1.4647280263679896e-10,6.958711905754428e-13,-3.1088846774718348e-14,-2.6672181908794603e-18,-1.3934467528780994e-18,5.0106421144441727e-18,-6.3133331631406255e-18,8.2628970144828898e-15,8.7514870333543358e-10,nan,nan,nan,nan,nan,nan,nan,nan,nan,nan,nan,nan,nan,nan,-1.8048832572514079e-07,1.5748680315397223e-07,-3.8936314579448403e-22,2.2940650874627263e-08,5.6386690842902265e-07,-2.009887555276535e-07,0,0.01585552127384578,0.037968632011649614,2.2532128343846517e-18,0.041175569823727082,0.014919737295910791,0.11888577299321178,5.2166323654737427e-06,-8.1809432289269867e-05,9.814273469558937e-05,-3.9598330953885034e-21,4.0584798970462676e-05,4.39050102209544e-05,-0.00011771550037294893,3.7925747101820504e-10
21,1,lumen,0.0082319078947368438,0.0015,0.0082277960526315804,0.0082360197368421071,0.001,0.002,1000151.8208459305,1.4115126006788619,13.764201654995462,2911.6898291431276,0.16859551557809016,1173,1173,4.0557082319625181e-05,0.23343991698112293,0.59999999999999998,2,500000,0.00035,0.0001,0.067747945873683907,0.15766697712291974,9.2430272438795905e-18,0.17175350928939395,0.062753680597964656,0.50026443277968358,2.187752108580878e-05,0.058124813857576701,0.077478045964063685,3.9759638379703606e-18,0.053717420000735192,0.42844956068629053,0.38222262190405148,7.5375872825153271e-06,0.27136070166942566,0.0015236642552399044,9.9940857544213499e-10,0.001958488972557832,2.0339874461376993e-05,0.39309890698817401,7.2204774720812203e-05,8.6235129648863926e-07,2.8749322955137867e-10,3.1525998324845132e-12,2.8206799405696809e-10,6.8544852015741712e-11,6.3346446756575182e-08,0.33196476612700343,nan,nan,nan,nan,nan,nan,nan,nan,nan,nan,nan,nan,nan,nan,0,0,0,0,0,0,0,7.3844188467789629e-10,-8.0077534686597734e-13,-4.8022648070627301e-11,-1.1333569630681515e-09,-2.3279989047608751e-14,2.8738492683678951e-10,7.0243290504463884e-13,-3.1815479070718133e-14,-7.8750882357983133e-18,-1.6302454335066225e-18,6.226329039691985e-18,-7.8752880774644273e-18,1.6892301408336038e-14,1.5568943339519524e-10,nan,nan,nan,nan,nan,nan,nan,nan,nan,nan,nan,nan,nan,nan,-1.8636762914338301e-07,1.6163936727986439e-07,1.5639209558028407e-22,2.4488937819412405e-08,5.8336623968979762e-07,-2.0977115977593996e-07,0,0.01620577787701679,0.037425638234010267,2.1869769493278645e-18,0.040865763521210886,0.014846598898726296,0.11921604091901397,5.2081370638828392e-06,-0.00020639426412071297,0.00026597540542301759,-1.7620953846757633e-20,0.00013353264614923853,9.5981194700114417e-05,-0.00029014441364275334,6.3947609776216164e-10
21,2,lumen,0.0082319078947368438,0.0025000000000000001,0.0082277960526315804,0.0082360197368421071,0.002,0.0030000000000000001,1000151.051180511,1.3384494386713921,13.051744736244355,3083.629982516034,0.16797463366704063,1173,1173,4.0488511969118666e-05,0.23333310383436562,0.59999999999999998,2,500000,0.00035,0.0001,0.075594284440990464,0.16031476196393579,1.0117077583002232e-17,0.17735129766930305,0.065671838938197932,0.53282722957843409,2.3058130861249193e-05,0.061499551458134752,0.074701440578545733,4.1266802328309622e-18,0.052597056643446383,0.42516472131999605,0.38602969686250294,7.5331373741162123e-06,0.27242990634098263,0.0015628380781613955,1.0656927049740634e-09,0.0019934448046919702,2.0114890895570126e-05,0.38936127921448632,7.3776722127657387e-05,8.2333391023471494e-07,2.7828221343944394e-10,3.2706518110657462e-12,2.9921405338455531e-10,7.2741970112641215e-11,6.2405741633995978e-08,0.33455775248980102,nan,nan,nan,nan,nan,nan,nan,nan,nan,nan,nan,nan,nan,nan,0,0,0,0,0,0,0,1.3504789194645232e-09,-1.115171929014019e-12,-1.3690435229264848e-10,-2.8499411294965411e-09,-9.6821422407300517e-15,3.8494918426935226e-09,8.9183586811291079e-13,-1.0915574000236461e-13,-6.1446350745639324e-17,-3.1345114471295263e-18,1.1073391328317698e-17,-1.4769214194375983e-17,3.8038815905260879e-14,-2.2128211764766789e-09,nan,nan,nan,nan,nan,nan,nan,nan,nan,nan,nan,nan,nan,nan,-2.0144086944687278e-07,1.6834554372735511e-07,-1.6534286913737455e-23,2.9382819094499361e-08,6.334403502977759e-07,-2.2811056593630141e-07,0,0.017083719719640556,0.035954150309526173,2.2873174968777013e-18,0.039870970596147512,0.014677834118698219,0.11997140638481854,5.1867155865338665e-06,-0.00040094286643454515,0.00053800420529942375,-3.3605054499368256e-20,0.00027676409376134166,0.00017842475444251584,-0.00054687652007624451,-8.3129826661647016e-11
21,3,support,0.0082319078947368438,0.0035000000000000001,0.0082277960526315804,0.0082360197368421071,0.0030000000000000001,0.0040000000000000001,1001237.933287769,1.300193618466984,12.664934037691667,3203.7459264497047,0.16813699183951233,1173,1173,4.0348562887635754e-05,0.23324189414156171,0.40000000000000002,2,300000,0.00033700000000000001,0.0001,0.086249155550933251,0.15269295762060442,1.1154037736487565e-17,0.17462906892665261,0.066696140743180241,0.55988175579806687,2.3764198067214104e-05,0.06808825443241151,0.069041279410389303,4.4148119315750565e-18,0.050254848758653166,0.4189991185917547,0.3936089650896204,7.5337171709613619e-06,nan,nan,nan,nan,nan,nan,nan,nan,nan,nan,nan,nan,nan,nan,0.27492554050990275,0.0016428461915984679,1.2000511700373644e-09,0.0020673615335004497,1.9563681225565204e-05,0.38135415833682157,7.7031140410413834e-05,7.4809337049175543e-07,2.5983483386473292e-10,3.5174626037011939e-12,3.3426012584580679e-10,8.1339092653445639e-11,6.0286875613904624e-08,0.33991268834715771,0,0,0,0,0,0,0,nan,nan,nan,nan,nan,nan,nan,nan,nan,nan,nan,nan,nan,nan,6.1717793383630695e-10,-1.120206671267172e-12,-9.7533045796720919e-11,-1.4452018579721448e-09,1.0176538431383442e-14,2.6692297640847767e-09,8.3172624677445927e-13,-1.7191218067147407e-13,-1.5055625424603801e-16,-4.0809000789055112e-18,1.5057584762150877e-17,-2.0586853675652798e-17,2.85568779560788e-14,-1.7432509604518564e-09,-2.3307316813180046e-07,2.0007354040174619e-07,-6.67567062753005e-23,3.0428064348538712e-08,7.29631071019754e-07,-2.6215348586378084e-07,0,0.01890203358561203,0.033335032411457591,2.5399263545704026e-18,0.038170475427875578,0.014536156832584579,0.12248754751291735,5.1964642266821416e-06,-1.5669454233789415e-05,-3.6034822673231219e-06,-1.5891802470268956e-20,-6.9828119497453948e-05,6.6364220075819619e-05,-0.00010042181359029414,-4.9623475824182695e-09
21,4,support,0.0082319078947368438,0.0045000000000000005,0.0082277960526315804,0.0082360197368421071,0.0040000000000000001,0.0050000000000000001,1000915.6597418184,1.5747440875922227,15.344215865659116,2775.2982242429475,0.13932594233870241,1173,1173,4.1272748354380465e-05,0.20536633244418925,0.40000000000000002,2,300000,0.00033700000000000001,0.0001,0.083280821122393794,0.12913795936589567,2.1964257051963797e-17,0.22024674538677835,0.041475475405349307,0.53668999590305522,2.3660497430767926e-05,0.079653362636125019,0.070743331844377685,1.0532667714674605e-17,0.076791420048707953,0.3156788927333905,0.45712390508332978,9.0876540692509627e-06,nan,nan,nan,nan,nan,nan,nan,nan,nan,nan,nan,nan,nan,nan,0.24933075445993894,0.00264626277358731,1.4665634129906422e-09,0.0025081749571766237,3.2272590076505065e-05,0.39016863666094898,0.00010768391537517882,5.1955780979913791e-07,2.4137649219852626e-10,4.3003227494828025e-12,4.0041659146524205e-10,1.0635169097509906e-10,8.6322634052303643e-08,0.35520560654344391,0,0,0,0,0,0,0,nan,nan,nan,nan,nan,nan,nan,nan,nan,nan,nan,nan,nan,nan,-1.0745859735044186e-09,-5.3206447300219142e-13,8.166494908694339e-10,6.086801465012935e-09,-2.7196593501560562e-13,-2.8615016705322086e-08,4.2007519678596552e-13,-2.6125434281210058e-13,-3.8242144430943998e-16,-2.7328068215266045e-18,8.222005406558792e-18,-1.7764684096246692e-17,-1.9450567643292772e-13,2.2786991737443472e-08,-3.4235616572491495e-07,1.9696212893993703e-07,-1.1581484051254991e-21,1.7319313219008601e-07,1.1983485440764108e-06,-5.2081913270995983e-07,0,0.01825091128249634,0.02817900118811607,4.4871644376369323e-18,0.048088098733513815,0.0090677087621082297,0.11736689181305225,5.1703119583437622e-06,0,0,0,0,0,0,0
22,0,lumen,0.0082401315789473704,0.00050000000000000001,0.0082360197368421071,0.0082442434210526338,0,0.001,1000151.9839143812,1.3551917413440384,13.21499316321899,3027.1828025604386,0.16881493441782516,1173,1173,4.058066418088473e-05,0.23356869585653767,0.59999999999999998,2,500000,0.00035,0.0001,0.068891401212597084,0.16644648989877978,9.5021890516854972e-18,0.18002525318501658,0.06560226132217846,0.51888669706726442,2.2793096629796382e-05,0.056747453470613156,0.078528712104754511,3.924350376699737e-18,0.054057862938189052,0.4300265053890347,0.38063192640739285,7.5396900158034792e-06,0.27103610077517371,0.0015071812962672718,9.7277069403074681e-10,0.0019444307218775927,2.0392761714342748e-05,0.394460215305312,7.1554981653686588e-05,8.7825295318147558e-07,2.9104335454420173e-10,3.105540591991285e-12,2.7521112955723973e-10,6.6860138688267007e-11,6.3627734561505122e-08,0.33095918066832281,nan,nan,nan,nan,nan,nan,nan,nan,nan,nan,nan,nan,nan,nan,0,0,0,0,0,0,0,2.5188188945154979e-11,-8.2310758902490053e-13,-1.4000991418874298e-12,-3.3079687765427945e-11,-6.2682064400076953e-15,-5.1835024987567646e-12,7.2830741764508631e-13,-3.5295334363527608e-14,-2.870961667942856e-18,-1.4589423127816344e-18,5.1082318491374132e-18,-6.4268605485874432e-18,8.7904483775626385e-15,1.4602624496002759e-11,nan,nan,nan,nan,nan,nan,nan,nan,nan,nan,nan,nan,nan,nan,-1.8038245311064599e-07,1.574937111281649e-07,-6.8095199007004812e-23,2.2895358338276288e-08,5.6403389836479079e-07,-2.0324607491462032e-07,0,0.01584497156299992,0.037985149399576812,2.2074446650443717e-18,0.041179048465595072,0.014923685975337778,0.11887272104634446,5.2166264046886308e-06,-8.1787527029518641e-05,9.809922024989109e-05,-6.4089443383239569e-21,4.0592070655429783e-05,4.3847970627265874e-05,-0.00011705317759136962,3.8012656696789247e-10
22,1,lumen,0.0082401315789473704,0.0015,0.0082360197368421071,0.0082442434210526338,0.001,0.002,1000151.7229330074,1.408158483380445,13.731495712894791,2918.4269690317819,0.16854657155981587,1173,1173,4.0557321260744283e-05,0.23345423979604921,0.59999999999999998,2,500000,0.00035,0.0001,0.067860792665235509,0.15809935691354032,9.2723520338260124e-18,0.17216364862212818,0.062915196359837486,0.50136580143834086,2.1928060169443949e-05,0.058083287636746472,0.077505913661895839,3.9791006375690099e-18,0.053717748709833861,0.42853162157293773,0.38215389137067102,7.5370479151143582e-06,0.27136020649828202,0.0015229500548597751,9.9859707169459056e-10,0.001957945638768509,2.0337652957250852e-05,0.39313306305846113,7.2177836945487033e-05,8.6289741114394601e-07,2.8759608370174267e-10,3.1511752397806205e-12,2.8186182751511473e-10,6.8492421105947421e-11,6.3345585272839047e-08,0.3319323913770309,nan,nan,nan,nan,nan,nan,nan,nan,nan,nan,nan,nan,nan,nan,0,0,0,0,0,0,0,1.583474077511612e-10,-8.2121475123149927e-13,-9.9745122026262008e-12,-2.1487299156285187e-10,-8.7244664617736056e-15,1.7305853798610382e-11,7.2017166313311982e-13,-3.2828991261557583e-14,-7.7587454894378831e-18,-1.6823866277095833e-18,6.3341671802832396e-18,-7.9861973587243322e-18,1.7430367099905811e-14,4.9319437250542198e-11,nan,nan,nan,nan,nan,nan,nan,nan,nan,nan,nan,nan,nan,nan,-1.8621275778025331e-07,1.6176178191384949e-07,2.4374088582234826e-23,2.4443668645257567e-08,5.830322635097529e-07,-2.1045146841869311e-07,0,0.016195308501325119,0.037441891918286792,2.209603830171998e-18,0.040868947836391244,0.01485061936129896,0.11920298383821004,5.2081322525186779e-06,-0.00020628378461188065,0.00026582863499014268,-1.6876302651573481e-20,0.00013341617754678909,9.5895588229322296e-05,-0.0002891353768779506,6.3915847371532215e-10
22,2,lumen,0.0082401315789473704,0.0025000000000000001,0.0082360197368421071,0.0082442434210526338,0.002,0.0030000000000000001,1000150.9537775073,1.3338960401169175,13.007344030173526,3093.9413567210859,0.16797964456998882,1173,1173,4.04887535894941e-05,0.23334797065907825,0.59999999999999998,2,500000,0.00035,0.0001,0.075799582214436653,0.16092236404562163,1.0143637331262168e-17,0.17795906552009208,0.06590914545916346,0.53454809621544108,2.3135191145582867e-05,0.061456787583781092,0.074729473448419403,4.1234383550546368e-18,0.052597759288055379,0.42524946910817873,0.38595897797105416,7.532600511499893e-06,0.27242948912841453,0.0015620824086430762,1.0648438497513249e-09,0.0019928778422176703,2.0112710254500545e-05,0.38939688363295155,7.3748394708127022e-05,8.2387437846521927e-07,2.7838619299864443e-10,3.2691023520637159e-12,2.9899740864292981e-10,7.2686421932584521e-11,6.240518619780163e-08,0.3345239178850557,nan,nan,nan,nan,nan,nan,nan,nan,nan,nan,nan,nan,nan,nan,0,0,0,0,0,0,0,2.3460120333852015e-11,-1.1403774457634153e-12,-1.1716033536247094e-12,-1.4164066369169299e-11,-6.970335766909308e-16,6.9286255986039658e-11,9.0448882739787426e-13,-1.1554537708569068e-13,-6.4138576002303546e-17,-3.2391540177622523e-18,1.1125612791351819e-17,-1.4859811176815247e-17,3.988648262574629e-14,-7.7098272392352297e-11,nan,nan,nan,nan,nan,nan,nan,nan,nan,nan,nan,nan,nan,nan,-2.0137037857245049e-07,1.7197143403757664e-07,-1.461420529359907e-23,2.9330906289910542e-08,6.334332734447834e-07,-2.3068821120020289e-07,0,0.017073041221158977,0.035970394054696646,2.2855054177009932e-18,0.039874425634729066,0.014681949550564118,0.11995788285802486,5.1867208182446745e-06,-0.00040077200359039017,0.00053803840272260311,-2.7557719529081833e-20,0.00027660233141721076,0.00017837626374104596,-0.00054877823314235263,-8.7505808711170471e-11
22,3,support,0.0082401315789473704,0.0035000000000000001,0.0082360197368421071,0.0082442434210526338,0.0030000000000000001,0.0040000000000000001,1001237.1374344522,1.3131280302897459,12.790935803469081,3171.9506957456269,0.16815100437671013,1173,1173,4.0348927401765843e-05,0.23325663981302996,0.40000000000000002,2,300000,0.00033700000000000001,0.0001,0.085339420357486206,0.15125766119196632,1.0906297037318987e-17,0.17292222116175165,0.066053128168902964,0.55425903624942641,2.3528518586032121e-05,0.068040332063695599,0.069072725244174141,4.3597020206860489e-18,0.050258743208735669,0.41908795735454019,0.39353270891807135,7.5332107830955182e-06,nan,nan,nan,nan,nan,nan,nan,nan,nan,nan,nan,nan,nan,nan,0.27492272730812989,0.001641989575856719,1.1990666860805207e-09,0.0020667199555420082,1.9562373813531839e-05,0.38139787344872306,7.699910539025231e-05,7.4865025861045718e-07,2.5995031442133099e-10,3.515546478561029e-12,3.3400607807095472e-10,8.1273428470211939e-11,6.028920564499458e-08,0.33987331741526827,0,0,0,0,0,0,0,nan,nan,nan,nan,nan,nan,nan,nan,nan,nan,nan,nan,nan,nan,1.9668845749172403e-10,-1.1653646494475424e-12,-3.0307499753670268e-11,-4.2344231261455423e-10,3.9538684826201376e-15,5.6183792514208353e-10,8.7034181059365317e-13,-1.7703872222385453e-13,-1.5135341363072814e-16,-4.1621922132629175e-18,1.5136511596164908e-17,-2.0730844856439631e-17,3.046725212252162e-14,-3.0433891537845367e-10,-2.3289242260474824e-07,2.0199885564231579e-07,1.1048653733940697e-21,3.0362179214914154e-08,7.2903149139769141e-07,-2.6286138343767362e-07,0,0.018890136690405214,0.033352856467664213,2.409774985436538e-18,0.038176379519879795,0.014540416133076486,0.12247294019738725,5.1965103028747542e-06,-1.5670671832608853e-05,-3.619431100468099e-06,-1.6522694362849945e-20,-6.9938796054563326e-05,6.6434007845700904e-05,-0.00010061372805934119,-4.9680731654380295e-09
22,4,support,0.0082401315789473704,0.0045000000000000005,0.0082360197368421071,0.0082442434210526338,0.0040000000000000001,0.0050000000000000001,1000914.9875712345,1.5817634884239753,15.412622854289129,2762.8807108794326,0.13833622340380283,1173,1173,4.1274227342260324e-05,0.20535480393707931,0.40000000000000002,2,300000,0.00033700000000000001,0.0001,0.082860627520277022,0.1286350376973098,2.2255692414759776e-17,0.21938253300673297,0.041291331768381768,0.53427371064820184,2.3558543686255959e-05,0.07960478722431967,0.07078198221620495,1.0720001048495398e-17,0.076831108229030706,0.31567843437370813,0.45709459912197242,9.0888347642692714e-06,nan,nan,nan,nan,nan,nan,nan,nan,nan,nan,nan,nan,nan,nan,0.2493067823487056,0.002645845538585771,1.4655289144374541e-09,0.0025077740647766176,3.2285111284799877e-05,0.39022720219892687,0.00010766682151008893,5.1982416357619127e-07,2.4148495939279494e-10,4.2978075811667042e-12,4.0013631142907474e-10,1.0627822210742494e-10,8.6356021658224783e-08,0.35517183551829895,0,0,0,0,0,0,0,nan,nan,nan,nan,nan,nan,nan,nan,nan,nan,nan,nan,nan,nan,7.3406486847438326e-11,-4.964101176447548e-13,-1.0817145963045286e-10,-1.0396079476276969e-09,4.1917099131982827e-14,3.5272114352544182e-09,3.9246708110665579e-13,-2.5743957746821033e-13,-3.8117410123384856e-16,-2.765536031919855e-18,8.2006001436550276e-18,-1.7618030582959569e-17,-1.9630747630634291e-13,-2.4523224012354848e-09,-3.4115260994296848e-07,1.6459530888246476e-07,-5.8397573879599502e-21,1.7313867339705017e-07,1.1968842155984927e-06,-5.1335984602163265e-07,0,0.018237274263133697,0.028190612355949166,5.1830391015115237e-18,0.048106412753519665,0.0090665063563289856,0.11734326181943257,5.170276058066817e-06,0,0,0,0,0,0,0
23,0,lumen,0.0082483552631578971,0.00050000000000000001,0.0082442434210526338,0.0082524671052631587,0,0.001,1000151.885811245,1.3537786842687189,13.201215197928839,3030.137915613459,0.16878571051327004,1173,1173,4.0580928188033596e-05,0.2335824802023016,0.59999999999999998,2,500000,0.00035,0.0001,0.068912842407765115,0.16668043674814786,9.4912776201734532e-18,0.18021567131861768,0.065683010641240325,0.51933540260279443,2.2815283539066247e-05,0.056705931716378728,0.078557097993468994,3.9157571837988514e-18,0.054058621171039663,0.43010692377126164,0.38056388618720521,7.5391606458317152e-06,0.27103507413302874,0.0015064836855798916,9.7196432229210697e-10,0.0019438939336906768,2.0390690860304636e-05,0.39449468234922891,7.1528545408179215e-05,8.7880606559556553e-07,2.9114742685036475e-10,3.1041490551432246e-12,2.7500652662583926e-10,6.6808369714812968e-11,6.3627213336212109e-08,0.33092700262088981,nan,nan,nan,nan,nan,nan,nan,nan,nan,nan,nan,nan,nan,nan,0,0,0,0,0,0,0,-3.790187544686691e-10,-7.9972229920404976e-13,1.9998277776284696e-11,5.949555323961883e-10,5.115482690221107e-15,4.2439845041042368e-12,7.0969350219322818e-13,-3.3311027547444638e-14,-2.353972751121448e-18,-1.4088642653539199e-18,4.986742385005678e-18,-6.2883549065056353e-18,7.743869581093703e-15,-2.4006849303134374e-10,nan,nan,nan,nan,nan,nan,nan,nan,nan,nan,nan,nan,nan,nan,-1.8021417096548281e-07,1.5734093733454912e-07,5.5206412441311553e-23,2.284901182051111e-08,5.6362063668990992e-07,-2.036380962189277e-07,0,0.015834431084859851,0.038001657316684839,2.1731656571169146e-18,0.041182517046358558,0.014927633751118859,0.11885960666860416,5.2166203182009268e-06,-8.1784130546605428e-05,9.8118121494126552e-05,-7.1641661437171298e-21,4.0628251345782151e-05,4.3801312475955887e-05,-0.00011678909180471557,3.811553696741564e-10
23,1,lumen,0.0082483552631578971,0.0015,0.0082442434210526338,0.0082524671052631587,0.001,0.002,1000151.625012311,1.404373114122432,13.694584460133754,2926.0947523010923,0.16862029535367046,1173,1173,4.055756001472395e-05,0.23346854831355784,0.59999999999999998,2,500000,0.00035,0.0001,0.067995120814664911,0.15858250661773318,9.2923311582083207e-18,0.17262879482274388,0.063096844533716737,0.50262668946199418,2.1985598604745593e-05,0.058041820412231326,0.077533792601794618,3.9769552433782226e-18,0.053718094275061162,0.42861362432287331,0.38208513187647514,7.5365115644377312e-06,0.27135969388044823,0.0015222363319999433,9.9778676179832102e-10,0.0019574022949033938,2.0335433925908308e-05,0.39316722509129287,7.2150909641208148e-05,8.6344384440198127e-07,2.8769896033591062e-10,3.1497542144218035e-12,2.8165598502562801e-10,6.8440078659602149e-11,6.3344725110546638e-08,0.3319000276304821,nan,nan,nan,nan,nan,nan,nan,nan,nan,nan,nan,nan,nan,nan,0,0,0,0,0,0,0,1.2225466772206023e-10,-8.0583719306005738e-13,-7.2784340862906677e-12,-1.9580055165239487e-10,-7.5130873744555515e-15,1.0898643229215188e-10,7.0859264874498953e-13,-3.1310024017905391e-14,-7.5734139154365756e-18,-1.6239216118742604e-18,6.2557472011895506e-18,-7.8911684459605852e-18,1.6578496672526499e-14,-2.804279048435402e-11,nan,nan,nan,nan,nan,nan,nan,nan,nan,nan,nan,nan,nan,nan,-1.8602284067477382e-07,1.6152329135321608e-07,6.8615066673481358e-24,2.4397863571069729e-08,5.8242667411168014e-07,-2.1023212526394275e-07,0,0.016184849325543534,0.037458131364326255,2.2106016803266496e-18,0.04087212331285954,0.014854637515067768,0.11918992218698402,5.2081273313072014e-06,-0.00020619931692950628,0.0002657664388848265,-1.6755040075822986e-20,0.00013334733076222313,9.582191083458804e-05,-0.00028863990756180548,6.3904124702974495e-10
23,2,lumen,0.0082483552631578971,0.0025000000000000001,0.0082442434210526338,0.0082524671052631587,0.002,0.0030000000000000001,1000150.8563667354,1.3339936384129092,13.008297016435886,3093.5003257505587,0.1679994248691985,1173,1173,4.0488994904018974e-05,0.23336282115237972,0.59999999999999998,2,500000,0.00035,0.0001,0.075741357678958732,0.16097090469134218,1.0135042188261003e-17,0.17794841989064059,0.065917437826862338,0.53441105274658485,2.3131852494757257e-05,0.061414079481144558,0.074757491582626637,4.1202462359837313e-18,0.052598466212431555,0.42533413185231717,0.38588829880620373,7.5320652764001461e-06,0.27242906518244209,0.0015613277675873953,1.0639962555011412e-09,0.0019923113921620399,2.011053135368429e-05,0.38943245650997549,7.3720100316923217e-05,8.2441472682852141e-07,2.7849010690224946e-10,3.2675563211801479e-12,2.987811024744281e-10,7.2630967801740164e-11,6.240462765115395e-08,0.33449011997966493,nan,nan,nan,nan,nan,nan,nan,nan,nan,nan,nan,nan,nan,nan,0,0,0,0,0,0,0,4.3267082107074555e-11,-1.1297659570242683e-12,-3.2610532708588479e-12,-5.7115632590362491e-11,-7.1080294428149671e-16,1.2185361400463002e-10,8.947504361288567e-13,-1.155440760430837e-13,-6.3896430510206011e-17,-3.2145599218983077e-18,1.0986198788635154e-17,-1.4689804713399224e-17,3.9467476887682086e-14,-1.0443226856977833e-10,nan,nan,nan,nan,nan,nan,nan,nan,nan,nan,nan,nan,nan,nan,-2.0116242290760949e-07,1.7176515271222215e-07,-1.3677395240764844e-23,2.9278754392940372e-08,6.3275362498227405e-07,-2.3038724200619143e-07,0,0.017062367149987052,0.035986633770856619,2.2837436809424117e-18,0.039877875955924832,0.01468606570088316,0.11994430354054406,5.1867259201930361e-06,-0.00040033044349438478,0.00053732835903129992,-2.7834068646787065e-20,0.00027600333967184071,0.00017822602302363134,-0.00054572640209052229,-9.1453999317612921e-11
23,3,support,0.0082483552631578971,0.0035000000000000001,0.0082442434210526338,0.0082524671052631587,0.0030000000000000001,0.0040000000000000001,1001236.3415129539,1.3022108565931481,12.684603729371837,3198.3029810114226,0.16816274813218976,1173,1173,4.0349292314050172e-05,0.23327136250043173,0.40000000000000002,2,300000,0.00033700000000000001,0.0001,0.08599419032313356,0.15259501390504698,1.0995608533013402e-17,0.17438522064705791,0.066620937679781209,0.55879717927402117,2.372415354627599e-05,0.067992409604009943,0.069104151462460073,4.358864210406106e-18,0.050262614923470235,0.4191766838031753,0.39345660750384187,7.5327030425352322e-06,nan,nan,nan,nan,nan,nan,nan,nan,nan,nan,nan,nan,nan,nan,0.2749199071657113,0.0016411347250798031,1.1980825796471334e-09,0.002066079587403027,1.9561072408495145e-05,0.381441543110694,7.6967133424887495e-05,7.4920678490126445e-07,2.600657104336382e-10,3.5136318257690701e-12,3.3375213904857643e-10,8.1207807625333399e-11,6.0291544706592206e-08,0.33983399583031904,0,0,0,0,0,0,0,nan,nan,nan,nan,nan,nan,nan,nan,nan,nan,nan,nan,nan,nan,-9.8246202267757293e-12,-1.1764709563295403e-12,-2.722572251337307e-12,-8.6061124411333564e-11,4.5677437526814302e-15,1.2785866723014072e-10,8.7540485362656949e-13,-1.8085359598796202e-13,-1.5642827215426906e-16,-4.1842962014462192e-18,1.5173565668692103e-17,-2.0845818877380227e-17,3.1552075149529645e-14,-2.8804181460532428e-11,-2.3267227907807636e-07,2.0224952701486387e-07,1.0425943707641902e-21,3.0297760913334743e-08,7.2832714066717319e-07,-2.6288661730822227e-07,0,0.018878252000701343,0.033370664183615742,2.3969681988598513e-18,0.038182272590886829,0.01454467039041493,0.12245835076546024,5.1965564349577466e-06,-1.5657962970243713e-05,-3.6292005480360088e-06,-1.6067397050485315e-20,-6.9909555450316883e-05,6.6458816712591321e-05,-9.9603557999069681e-05,-4.9738048843033887e-09
23,4,support,0.0082483552631578971,0.0045000000000000005,0.0082442434210526338,0.0082524671052631587,0.0040000000000000001,0.0050000000000000001,1000914.3154678947,1.5764008981870432,15.360380362522653,2772.177743127033,0.13928819623969033,1173,1173,4.1275706553107661e-05,0.20534325094362024,0.40000000000000002,2,300000,0.00033700000000000001,0.0001,0.083091743608524532,0.12914299714026764,2.1963672861499628e-17,0.22024245084640023,0.041431693562714089,0.53605655611134506,2.3641743175906573e-05,0.079556241775986247,0.070820619679781732,1.0543483008645871e-17,0.076870817718532727,0.31567786318788177,0.45706536762110617,9.090016711264062e-06,nan,nan,nan,nan,nan,nan,nan,nan,nan,nan,nan,nan,nan,nan,0.24928279594639144,0.0026454299428052318,1.4644950844442843e-09,0.0025073738586910473,3.2297645128807769e-05,0.39028573852612491,0.00010764977572935865,5.20090271904585e-07,2.4159337375535439e-10,4.2952945402457684e-12,3.9985621620688877e-10,1.0620481345162923e-10,8.638942801652393e-08,0.35513810560897108,0,0,0,0,0,0,0,nan,nan,nan,nan,nan,nan,nan,nan,nan,nan,nan,nan,nan,nan,-1.596662870473499e-10,-4.9245308087278661e-13,7.1050814735723744e-11,3.6134732470088257e-10,-1.8476431322411724e-14,-2.729757311143409e-09,3.9165396415125538e-13,-2.5585002866312934e-13,-3.7932825658912806e-16,-2.7135937617295161e-18,7.8733713190393829e-18,-1.7165260530927357e-17,-1.9646244060354e-13,2.4575974583481618e-09,-3.410534010839586e-07,1.7062793933320108e-07,-1.4906263193625979e-21,1.7308463940696625e-07,1.1961113661057565e-06,-5.1442827714298645e-07,0,0.01822366709059605,0.028202184128411925,4.9489566141636568e-18,0.048124689452565733,0.0090652978110753145,0.11731969077445531,5.1702395994191723e-06,0,0,0,0,0,0,0
24,0,lumen,0.0082565789473684221,0.00050000000000000001,0.0082524671052631587,0.0082606907894736854,0,0.001,1000151.7877006351,1.3556853179590724,13.21980881114755,3025.6722684687834,0.16883845967104044,1173,1173,4.0581191713095028e-05,0.23359624696410175,0.59999999999999998,2,500000,0.00035,0.0001,0.068765597188903474,0.16650607151669128,9.4754118589162053e-18,0.17996470062270667,0.065602875223346471,0.51851236185885474,2.2781596176078734e-05,0.056664467220699954,0.078585449173363783,3.9147175817786243e-18,0.054059372741657133,0.43018723606855602,0.38049593616378657,7.5386319364338163e-06,0.271034048329932,0.0015057873633777972,9.7115923006764793e-10,0.0019433579829110676,2.038862162015252e-05,0.39452909481113324,7.1502154533263756e-05,8.7935871720927819e-07,2.9125137061352633e-10,3.1027605893061577e-12,2.7480226261836745e-10,6.6756693426160344e-11,6.3626687387040357e-08,0.33089487614401547,nan,nan,nan,nan,nan,nan,nan,nan,nan,nan,nan,nan,nan,nan,0,0,0,0,0,0,0,-9.8131810895532976e-12,-8.0018166116048852e-13,5.8232814260879322e-13,1.7715925724338654e-11,-5.2298660194183277e-15,1.1778475330487259e-12,7.122339143749938e-13,-3.2497008556342522e-14,-2.2124816461878744e-18,-1.4287407789322384e-18,4.9996612401137429e-18,-6.3061284070805915e-18,7.4994205747794004e-15,-9.5448928225676784e-12,nan,nan,nan,nan,nan,nan,nan,nan,nan,nan,nan,nan,nan,nan,-1.8000543370796929e-07,1.5720091783855139e-07,1.599291805031153e-23,2.2802785924579935e-08,5.6282183356903825e-07,-2.0282530005522048e-07,0,0.01582390108962084,0.038018149702211096,2.1772036100496589e-18,0.041185973322944686,0.014931580887596524,0.11884648366299447,5.216613962937157e-06,-8.1802392148132435e-05,9.8203622960206012e-05,-6.9747675932949277e-21,4.0694294940507557e-05,4.376524033258446e-05,-0.00011695733062909262,3.8205301162361746e-10
24,1,lumen,0.0082565789473684221,0.0015,0.0082524671052631587,0.0082606907894736854,0.001,0.002,1000151.5270840223,1.4072297042301665,13.722441516806798,2919.9570330406691,0.16857073289266256,1173,1173,4.0557798425669267e-05,0.23348283814736859,0.59999999999999998,2,500000,0.00035,0.0001,0.067808679879508185,0.15831744137805825,9.2672617355076759e-18,0.17227947005897931,0.062980788245525374,0.50151614498363406,2.1939410148805613e-05,0.058000414135661961,0.077561650496283219,3.9742939304470765e-18,0.053718442873748815,0.42869552747103917,0.38201642904647892,7.5359767879905526e-06,0.27135917543746191,0.0015215236992916061,9.969777596810724e-10,0.0019568595484086393,2.0333217109611068e-05,0.39320135065130268,7.2124018523058673e-05,8.639900442108662e-07,2.8780175245898609e-10,3.148336552311689e-12,2.8145049110252004e-10,6.8387831633396368e-11,6.3343862583712894e-08,0.33186770445625396,nan,nan,nan,nan,nan,nan,nan,nan,nan,nan,nan,nan,nan,nan,0,0,0,0,0,0,0,9.3310455006564011e-12,-8.0402219915376041e-13,-1.5370991144786312e-13,9.52101583039158e-13,-4.9304093793778314e-15,1.5832407867372167e-11,7.1051997731734373e-13,-2.9699116430026429e-14,-7.2978816560575989e-18,-1.6301967235545356e-18,6.3933612071945116e-18,-8.0309173792771514e-18,1.631313848911268e-14,-2.5849961232692443e-11,nan,nan,nan,nan,nan,nan,nan,nan,nan,nan,nan,nan,nan,nan,-1.858377105994416e-07,1.6147015374778917e-07,6.4015565880519366e-25,2.4351896391563134e-08,5.8186040799435013e-07,-2.1019066037686329e-07,0,0.016174402679816575,0.037474352643880646,2.2089126488824546e-18,0.040875291026577082,0.014858650349310561,0.11917689088000936,5.2081224170815418e-06,-0.00020614758516933823,0.00026581263198761646,-1.6699030993397121e-20,0.00013333992504593471,9.5762143791734347e-05,-0.00028880441314954169,6.3912986154213592e-10
24,2,lumen,0.0082565789473684221,0.0025000000000000001,0.0082524671052631587,0.0082606907894736854,0.002,0.0030000000000000001,1000150.7589483463,1.3336118472874234,13.004575287595303,3094.1714694715283,0.16800391585513558,1173,1173,4.0489235914184995e-05,0.23337765143020534,0.59999999999999998,2,500000,0.00035,0.0001,0.075710406204017061,0.16107723865537038,1.0130193019933457e-17,0.17800170580489541,0.065949408952935371,0.53446624453864477,2.3136828682455999e-05,0.061371419156925913,0.074785472231764391,4.1170966249639687e-18,0.052599163454296896,0.42541867753018836,0.38581773609664877,7.5315301756493987e-06,0.27242864242854858,0.0015605746519905383,1.0631498200061596e-09,0.0019917459586319131,2.0108354740261435e-05,0.38946796814151441,7.3691860014958455e-05,8.2495455403746833e-07,2.7859388218828003e-10,3.2660131656544544e-12,2.9856510457030329e-10,7.2575601372948348e-11,6.2404065700102832e-08,0.33445637952978913,nan,nan,nan,nan,nan,nan,nan,nan,nan,nan,nan,nan,nan,nan,0,0,0,0,0,0,0,4.5846756048166692e-12,-1.1477481092905788e-12,6.1611016350153799e-13,2.7990739868425355e-11,-4.9493829173963277e-16,1.0480657574446495e-11,9.0879788470274933e-13,-1.1776083580494756e-13,-6.5083672503645715e-17,-3.2423333058336455e-18,1.1039985690978532e-17,-1.4760533024320118e-17,4.0060703400003258e-14,-4.335501420438715e-11,nan,nan,nan,nan,nan,nan,nan,nan,nan,nan,nan,nan,nan,nan,-2.0096079537436362e-07,1.717228656494818e-07,-1.3517434232936052e-23,2.9226911225607195e-08,6.3210460063412022e-07,-2.3021499961917158e-07,0,0.017051702644721868,0.036002863636672683,2.2821352936111668e-18,0.039881323220411817,0.014690177291561919,0.11993070810587349,5.1867310824915626e-06,-0.00039987097775063835,0.00053654802343429603,-2.8901086450993225e-20,0.00027536178030897104,0.00017806355796980313,-0.00054227173540526727,-9.6644529171927667e-11
24,3,support,0.0082565789473684221,0.0035000000000000001,0.0082524671052631587,0.0082606907894736854,0.0030000000000000001,0.0040000000000000001,1001235.5455198692,1.2904725496514953,12.570272968253434,3227.1531628719076,0.16817821009775172,1173,1173,4.0349657340152284e-05,0.23328608119130034,0.40000000000000002,2,300000,0.00033700000000000001,0.0001,0.086715277086408138,0.15405316772030209,1.1110845450030438e-17,0.17598511016912038,0.06724111490066538,0.5637701256694001,2.3938346796334498e-05,0.06794456794202347,0.069135679038497891,4.3648465596274541e-18,0.05026655623108902,0.41926546080905619,0.39338020377523736,7.532204096086101e-06,nan,nan,nan,nan,nan,nan,nan,nan,nan,nan,nan,nan,nan,nan,0.27491703241679838,0.0016402784892593652,1.1970998315500397e-09,0.0020654372667178612,1.9559773993293448e-05,0.38148534643153892,7.6935091765649707e-05,7.4976515129036661e-07,2.6018143340514993e-10,3.5117224622903631e-12,3.3349857844910875e-10,8.1142287838669918e-11,6.0293894790110821e-08,0.33979459859546929,0,0,0,0,0,0,0,nan,nan,nan,nan,nan,nan,nan,nan,nan,nan,nan,nan,nan,nan,-4.1216180819657281e-11,-1.1743847986049943e-12,3.1665647281255865e-12,1.0677159977622668e-11,3.6379319695578616e-15,-1.1146716579271687e-10,8.7486026300311637e-13,-1.7961478658568009e-13,-1.557516877855435e-16,-4.21865711607061e-18,1.5345714465271153e-17,-2.1009388324666939e-17,3.1356250281052219e-14,1.392837787565198e-10,-2.3243071134784743e-07,2.0230809461008192e-07,8.2526218075684647e-22,3.0231062136211753e-08,7.2753376660628089e-07,-2.6266919911366315e-07,0,0.018866379645864236,0.033388455005470372,2.4487068594480327e-18,0.038188154539793545,0.014548919447249366,0.12244378407554955,5.1966025578519197e-06,-1.5654318291085474e-05,-3.6427697755791497e-06,-1.5831035678249278e-20,-6.9971424481457184e-05,6.6512989022583126e-05,-9.9377848705007051e-05,-4.9795141908122134e-09
24,4,support,0.0082565789473684221,0.0045000000000000005,0.0082524671052631587,0.0082606907894736854,0.0040000000000000001,0.0050000000000000001,1000913.6434316136,1.5761187753760526,15.357641681842585,2772.5724275996454,0.13829858193528469,1173,1173,4.1277186211891045e-05,0.2053316729763924,0.40000000000000002,2,300000,0.00033700000000000001,0.0001,0.08305588897033267,0.12923649715680702,2.1789644782052413e-17,0.22039565565187855,0.041438994052078827,0.53611787338754024,2.3649038497014736e-05,0.079507734362230936,0.070859257963252778,1.0458077284123755e-17,0.076910575285426053,0.31567719360507579,0.45703614758353001,9.091200484537007e-06,nan,nan,nan,nan,nan,nan,nan,nan,nan,nan,nan,nan,nan,nan,0.24925879644151139,0.002645015561120526,1.4634623278284065e-09,0.0025069740176702606,3.2310187787531985e-05,0.39034424932205747,0.00010763276249342344,5.2035622653754283e-07,2.4170174595184761e-10,4.2927846448926174e-12,3.9957640834103899e-10,1.0613149103806734e-10,8.6422844160697088e-08,0.35510441271309967,0,0,0,0,0,0,0,nan,nan,nan,nan,nan,nan,nan,nan,nan,nan,nan,nan,nan,nan,-7.9309787449105379e-11,-4.8004208701706065e-13,6.1776030303767257e-12,-1.3087936195982404e-10,3.360484633618821e-15,-4.8215150394350509e-10,3.7963060592816072e-13,-2.5539900055937537e-13,-3.7969682004254329e-16,-2.7002398031568998e-18,7.9026304550641852e-18,-1.7236125507595081e-17,-1.9661581466389724e-13,6.8671249190699183e-10,-3.4071047906071572e-07,1.6815756853638675e-07,5.9657499669516877e-22,1.7302933350080386e-07,1.195181763211095e-06,-5.1360271735578777e-07,0,0.018210066226188221,0.02821374579749834,4.9904215600344607e-18,0.048142965352241288,0.0090640858177592782,0.11729613257895875,5.1702032410276881e-06,0,0,0,0,0,0,0
25,0,lumen,0.008264802631578947,0.00050000000000000001,0.0082606907894736854,0.0082689144736842104,0,0.001,1000151.6895826462,1.3573265758120576,13.235814646027901,3021.81013084901,0.16880891293257225,1173,1173,4.0581454773656684e-05,0.23360999350435768,0.59999999999999998,2,500000,0.00035,0.0001,0.068632244206411078,0.16636461069002045,9.4586928236955156e-18,0.1797495216088322,0.065535756163614026,0.51779303954856182,2.2752450122658569e-05,0.056623054482140459,0.078613750473106134,3.9125415653524625e-18,0.054060109312338157,0.43026742126432327,0.38042812636514894,7.5381029428411407e-06,0.27103302885810754,0.0015050926446970572,9.7035535115247385e-10,0.0019428231963298616,2.0386554339455697e-05,0.39456343293314267,7.147582252258764e-05,8.7991062476239851e-07,2.9135513548475571e-10,3.1013748029994519e-12,2.745983171555572e-10,6.6705105388744547e-11,6.3626156504202318e-08,0.33086281484798075,nan,nan,nan,nan,nan,nan,nan,nan,nan,nan,nan,nan,nan,nan,0,0,0,0,0,0,0,8.8133812930409277e-11,-7.7543655526339891e-13,-4.3625018119980107e-12,-1.4234449857682038e-10,-7.9798364097105612e-15,1.5514115816669949e-11,6.9074337227056234e-13,-3.0610713616652241e-14,-2.12302671583121e-18,-1.3721379728379711e-18,5.0080544349941654e-18,-6.2786537969050988e-18,6.9718193595403858e-15,4.3175240991635691e-11,nan,nan,nan,nan,nan,nan,nan,nan,nan,nan,nan,nan,nan,nan,-1.7981152827285796e-07,1.5704341377320574e-07,1.4087015322230614e-24,2.27569945646873e-08,5.621601960326128e-07,-2.0243048576285005e-07,0,0.015813384632824203,0.038034622550260105,2.1775111907604415e-18,0.041189420714630609,0.014935522699238811,0.11883340042473198,5.2166076260077322e-06,-8.1811800665718601e-05,9.82588468864653e-05,-6.9294981980726737e-21,4.0745998325845403e-05,4.3724111160642198e-05,-0.00011694350557476055,3.8276844215617587e-10
25,1,lumen,0.008264802631578947,0.0015,0.0082606907894736854,0.0082689144736842104,0.001,0.002,1000151.4291482007,1.4062131180965118,13.712529734690392,2921.8701114615687,0.16864424994674174,1173,1173,4.055803665672817e-05,0.23349710753798081,0.59999999999999998,2,500000,0.00035,0.0001,0.067809309237444909,0.15848873501510247,9.2679715728811607e-18,0.1724051147090023,0.063038338075542474,0.50178849995664077,2.1953713383498323e-05,0.05795905810679295,0.077589485594718288,3.9717274758859364e-18,0.05371879074416374,0.42877732405076469,0.38194780606056755,7.5354429926931457e-06,0.27135865076041271,0.0015208122847095206,9.9616988872049739e-10,0.0019563175324228263,2.0331003750592853e-05,0.3932354376165918,7.209716907997536e-05,8.6453592810423178e-07,2.8790445286898944e-10,3.1469217893136491e-12,2.8124529818558024e-10,6.8335668924645676e-11,6.3343001070721855e-08,0.33183542411730121,nan,nan,nan,nan,nan,nan,nan,nan,nan,nan,nan,nan,nan,nan,0,0,0,0,0,0,0,-8.5290295719536904e-11,-7.9708240412121318e-13,6.1644034371468559e-12,1.2452231956509893e-10,-2.087089182034596e-15,2.4666629416109087e-11,7.0307508845983795e-13,-2.9718415228696671e-14,-7.0995891441345628e-18,-1.6057297937850739e-18,6.3462017793164853e-18,-7.9815517831572637e-18,1.5687477938717114e-14,-6.995273821851371e-11,nan,nan,nan,nan,nan,nan,nan,nan,nan,nan,nan,nan,nan,nan,-1.8565210269799737e-07,1.6131522040385704e-07,-7.5055189508650087e-24,2.4306067401152697e-08,5.8128611735153157e-07,-2.1007647726944967e-07,0,0.016163967614404098,0.03749055890220953,2.2080284318496362e-18,0.040878451709950095,0.014862658573283999,0.11916386277252936,5.2081175397229294e-06,-0.00020607128452598711,0.00026578238136314142,-1.6633028891523161e-20,0.00013328999985843219,9.5692614007072363e-05,-0.00028849450317197173,6.3932427464669693e-10
25,2,lumen,0.008264802631578947,0.0025000000000000001,0.0082606907894736854,0.0082689144736842104,0.002,0.0030000000000000001,1000150.6615223298,1.3327202447148569,12.995882185082518,3096.0271349813547,0.16802373317027502,1173,1173,4.0489476585983803e-05,0.23339246252259238,0.59999999999999998,2,500000,0.00035,0.0001,0.075708446526275161,0.16124521409441314,1.0129237420565735e-17,0.17812310200319581,0.066006621125790976,0.53472609293627893,2.3150661022625383e-05,0.061328807048001741,0.074813416825398091,4.1139563767235903e-18,0.052599851123065033,0.42550311090583254,0.38574728310237949,7.5309953230743784e-06,0.27242822092891977,0.0015598230087762717,1.0623045464389301e-09,0.0019911814970052658,2.0106180136128321e-05,0.38950342031474278,7.3663671727977213e-05,8.2549389281439354e-07,2.7869752402485153e-10,3.2644729131120516e-12,2.9834941616153827e-10,7.2520322700808085e-11,6.2403499818242843e-08,0.3344226947861661,nan,nan,nan,nan,nan,nan,nan,nan,nan,nan,nan,nan,nan,nan,0,0,0,0,0,0,0,-6.7473765325916499e-12,-1.1419063824640011e-12,1.6265030612075163e-12,5.5077404216971083e-11,-4.3357244877695322e-16,-2.337652684272773e-11,9.0313249612415501e-13,-1.1834522077591725e-13,-6.5180024982937729e-17,-3.2226089288645514e-18,1.0898518522583934e-17,-1.4605151075359942e-17,3.9775254180155754e-14,-2.6262103783810513e-11,nan,nan,nan,nan,nan,nan,nan,nan,nan,nan,nan,nan,nan,nan,-2.0075666040154927e-07,1.7160313858788356e-07,-1.3410369797986378e-23,2.9175350902366877e-08,6.3144327379360821e-07,-2.2998538112828371e-07,0,0.017041049861550025,0.036019077103349367,2.2805264157472041e-18,0.03988476341935953,0.014694283716776554,0.1199171405215098,5.186736301292478e-06,-0.00039964464512135016,0.00053640903979640148,-2.6907727763125697e-20,0.00027509703854858758,0.0001779871686437847,-0.00054308416863523023,-1.0240229207980011e-10
25,3,support,0.008264802631578947,0.0035000000000000001,0.0082606907894736854,0.0082689144736842104,0.0030000000000000001,0.0040000000000000001,1001234.7494579188,1.2956921880460255,12.621126610252068,3213.912091365994,0.16818881651134271,1173,1173,4.0350021721754378e-05,0.23330078091632078,0.40000000000000002,2,300000,0.00033700000000000001,0.0001,0.086305197231534139,0.15350240695589895,1.101475257804627e-17,0.17528983817491614,0.066984349359579906,0.56138946565658143,2.3840327219034721e-05,0.067896828609485052,0.069167201469790732,4.3446023772774023e-18,0.050270518327983203,0.41935414393482895,0.39330377594856897,7.5317093432109086e-06,nan,nan,nan,nan,nan,nan,nan,nan,nan,nan,nan,nan,nan,nan,0.27491414518796881,0.0016394231267517177,1.1961192090565939e-09,0.0020647951265297458,1.955847525311618e-05,0.38152912628713459,7.6903073097944993e-05,7.503236598020124e-07,2.6029712205633715e-10,3.5098189159067117e-12,3.3324558832572281e-10,8.1076921562321328e-11,6.0296235437323393e-08,0.3397552362291083,0,0,0,0,0,0,0,nan,nan,nan,nan,nan,nan,nan,nan,nan,nan,nan,nan,nan,nan,2.3596635025724959e-11,-1.1396524702836836e-12,-6.8500904930890011e-12,-1.263767725684988e-10,4.0940558235225133e-15,1.5142034804835336e-10,8.4982485303466362e-13,-1.7461336196400445e-13,-1.5138840916090342e-16,-4.1267935423989421e-18,1.5095366960412272e-17,-2.0649940181882197e-17,2.9385311473566461e-14,-4.1359138533765852e-11,-2.321737945362376e-07,2.01866189097899e-07,1.2039561388431965e-21,3.0163176492093935e-08,7.2669279083115157e-07,-2.622173626010138e-07,0,0.018854518327930721,0.03340623287822473,2.4034372991921367e-18,0.03819402860526868,0.014553163470779559,0.12242923130690278,5.1966486776297823e-06,-1.5657795003157878e-05,-3.6595208160154698e-06,-1.5537460679691222e-20,-7.0105637516664155e-05,6.6590424337364587e-05,-9.9772561118053124e-05,-4.9852158896745069e-09
25,4,support,0.008264802631578947,0.0045000000000000005,0.0082606907894736854,0.0082689144736842104,0.0040000000000000001,0.0050000000000000001,1000912.9714626889,1.5797182013421485,15.392724686187725,2766.1539705516993,0.13925043178540816,1173,1173,4.1278665671761731e-05,0.2053200746466427,0.40000000000000002,2,300000,0.00033700000000000001,0.0001,0.082816080625289515,0.12901221513138353,2.1462173353757541e-17,0.22000704329298754,0.04134444496629492,0.53486183460105563,2.3598213055615946e-05,0.079459273742704409,0.070897876068283072,1.032443670234465e-17,0.076950347575067399,0.31567641799078255,0.45700699223776436,9.0923853980249563e-06,nan,nan,nan,nan,nan,nan,nan,nan,nan,nan,nan,nan,nan,nan,0.24923479295682743,0.002644602862969751,1.4624307934424102e-09,0.0025065749360706205,3.2322736834089172e-05,0.39040270797674453,0.00010761579981342963,5.2062185251217076e-07,2.4181002394951042e-10,4.2902782307911395e-12,3.9929693330227456e-10,1.0605826728990904e-10,8.6456262812060771e-08,0.35507077343871918,0,0,0,0,0,0,0,nan,nan,nan,nan,nan,nan,nan,nan,nan,nan,nan,nan,nan,nan,-1.6709146904270845e-10,-4.6698197210725208e-13,9.2762681132131028e-11,3.6163487505383873e-10,-2.3495962120367864e-14,-3.2559731188335286e-09,3.7379226608496428e-13,-2.4930253174348938e-13,-3.7057050697933399e-16,-2.6329771075839645e-18,7.7312816455350506e-18,-1.6783344366172782e-17,-1.9565351568729763e-13,2.9692290843138062e-09,-3.4051945810558565e-07,1.7070924573925339e-07,3.8796868180951638e-21,1.7297389157585802e-07,1.1943373717099304e-06,-5.137621588713337e-07,0,0.01819648037513022,0.028225288120008383,4.7676335692808213e-18,0.048161231724431909,0.0090628694866125362,0.11727258463060561,5.1701667357446032e-06,0,0,0,0,0,0,0
26,0,lumen,0.0082730263157894737,0.00050000000000000001,0.0082689144736842104,0.0082771381578947371,0,0.001,1000151.5914571937,1.3562337876200818,13.225159744661573,3024.0415063438154,0.16886195537497603,1173,1173,4.0581717469720086e-05,0.23362372175088336,0.59999999999999998,2,500000,0.00035,0.0001,0.068637364564279185,0.16655851604819971,9.4602093581474549e-18,0.17989676801221433,0.065600762352867173,0.51811795759063062,2.2769184470630437e-05,0.05658169362433247,0.078642020048954639,3.9100187505294833e-18,0.054060839703466541,0.43034750073821892,0.38036040831051238,7.5375745151378e-06,0.27103200899940388,0.001504399188001217,9.6955263996977317e-10,0.0019422892303429143,2.0384489153746767e-05,0.39459772051115249,7.1449534951011819e-05,8.8046210214797024e-07,2.9145878158256152e-10,3.0999918576843143e-12,2.7439468137674559e-10,6.6653602915470946e-11,6.3625622650871124e-08,0.33083080235410928,nan,nan,nan,nan,nan,nan,nan,nan,nan,nan,nan,nan,nan,nan,0,0,0,0,0,0,0,-5.4898943231404865e-12,-7.759075594751995e-13,3.3899669478367121e-13,1.1302156925879473e-11,-5.4088677980956845e-15,2.8039658268863565e-13,6.9244895581887284e-13,-2.9459507749907132e-14,-1.9117639602045542e-18,-1.3700535552425199e-18,5.0660011252404958e-18,-6.3516245039937444e-18,6.9710095615080202e-15,-6.3203055584276368e-12,nan,nan,nan,nan,nan,nan,nan,nan,nan,nan,nan,nan,nan,nan,-1.796276044661177e-07,1.5691563326480917e-07,-5.5809028731895319e-24,2.2711379646927021e-08,5.6159551886647563e-07,-2.0234989484002597e-07,0,0.015802881265186586,0.038051079839276532,2.1768001497057138e-18,0.041192861336308721,0.01493945800848299,0.11882031853064465,5.2166014697618116e-06,-8.1822735165160916e-05,9.8317552962551725e-05,-6.913543472544338e-21,4.0798824565793125e-05,4.3683804982028086e-05,-0.00011695364959278231,3.8341414805222034e-10
26,1,lumen,0.0082730263157894737,0.0015,0.0082689144736842104,0.0082771381578947371,0.001,0.002,1000151.3312048611,1.40871732699161,13.73695059251547,2916.478825175956,0.16859464053376749,1173,1173,4.0558274602642349e-05,0.23351135656027744,0.59999999999999998,2,500000,0.00035,0.0001,0.067640528570693054,0.15826368241097757,9.2452926719341843e-18,0.17209973415004834,0.062938259787843356,0.50080655889418624,2.1913135851049348e-05,0.057917758463332386,0.077617293319141689,3.9690645867774617e-18,0.053719138017320589,0.42885901045858499,0.38187926483136969,7.5349102506369046e-06,0.27135812186560893,0.0015201021268095422,9.9536326734772152e-10,0.0019557762802110239,2.032879320498185e-05,0.39326947995291617,7.2070362843027603e-05,8.6508144264030313e-07,2.8800704682550674e-10,3.1455101439314877e-12,2.8104043692320564e-10,6.8283597901474845e-11,6.3342138270116051e-08,0.33180319055898561,nan,nan,nan,nan,nan,nan,nan,nan,nan,nan,nan,nan,nan,nan,0,0,0,0,0,0,0,-4.7817722488857034e-11,-8.0514157305687443e-13,3.5839783253774501e-12,8.3392401962648956e-11,-3.5408958751204089e-15,1.3501910093444147e-11,7.1084749750040692e-13,-2.9886683405866421e-14,-7.0240387062846086e-18,-1.6293102864370857e-18,6.4488004545102524e-18,-8.0957406933742736e-18,1.5252288385653627e-14,-5.2547882883618895e-11,nan,nan,nan,nan,nan,nan,nan,nan,nan,nan,nan,nan,nan,nan,-1.8545795044989932e-07,1.6118061757497415e-07,-1.3431810499056754e-23,2.4260265258103739e-08,5.8064685783121295e-07,-2.0979797143994006e-07,0,0.016153545345754559,0.037506753395202423,2.2052373944279474e-18,0.040881608592439271,0.014866658277912623,0.11915080312700682,5.2081130160384849e-06,-0.00020601454114096155,0.00026581669534734138,-1.6579548230475896e-20,0.00013327683347967562,9.5631102483880939e-05,-0.00028857746280759616,6.3961877231908399e-10
26,2,lumen,0.0082730263157894737,0.0025000000000000001,0.0082689144736842104,0.0082771381578947371,0.002,0.0030000000000000001,1000150.5640886792,1.3319514517354736,12.988386646005138,3097.5999032520062,0.16802825020694906,1173,1173,4.0489716903692963e-05,0.23340725502298953,0.59999999999999998,2,500000,0.00035,0.0001,0.07569956434386553,0.16139845716710177,1.0127373383948201e-17,0.17822819627353342,0.066057801708980748,0.53493710543215112,2.3162377138449901e-05,0.061286243884078391,0.074841326874509714,4.1108269647846949e-18,0.052600529992063993,0.42558743530822468,0.38567693348029941,7.5304608238993093e-06,0.27242780041236453,0.0015590727902701394,1.0614604411504387e-09,0.0019906179639851656,2.0104007371700326e-05,0.38953881509111377,7.363553353369625e-05,8.2603277504010119e-07,2.7880103779256844e-10,3.2629355992440972e-12,2.9813403921722848e-10,7.2465132081452479e-11,6.2402929727702615e-08,0.33438906405153257,nan,nan,nan,nan,nan,nan,nan,nan,nan,nan,nan,nan,nan,nan,0,0,0,0,0,0,0,-1.5035379963175033e-12,-1.1565881830354083e-12,1.1428494107077809e-12,4.3874346097870499e-11,-4.5775015722337997e-16,-9.0416738766224691e-12,9.1335957419857004e-13,-1.2084430678349634e-13,-6.661196954224231e-17,-3.256688201415065e-18,1.0964351139200039e-17,-1.471699013347775e-17,4.0470414391282599e-14,-3.4147546082763542e-11,nan,nan,nan,nan,nan,nan,nan,nan,nan,nan,nan,nan,nan,nan,-2.0055138940516803e-07,1.7143533898034136e-07,-1.3393242228858889e-23,2.9124030196884331e-08,6.3077496237351482e-07,-2.2971806867833067e-07,0,0.017030406521120763,0.03603527772431217,2.2789410191661398e-18,0.039888197640411412,0.014698387046892523,0.11990358340827049,5.1867415264930358e-06,-0.00039935873159666053,0.00053610426746494302,-2.7085181229290194e-20,0.00027473462441390806,0.00017788990361940375,-0.0005427997693792174,-1.0806924212122076e-10
26,3,support,0.0082730263157894737,0.0035000000000000001,0.0082689144736842104,0.0082771381578947371,0.0030000000000000001,0.0040000000000000001,1001233.9533288445,1.2965731532828844,12.629717991651637,3211.4882067426611,0.16820353163572949,1173,1173,4.0350386226708098e-05,0.23331544917550062,0.40000000000000002,2,300000,0.00033700000000000001,0.0001,0.086185902007559864,0.15346781542358975,1.1003144974450642e-17,0.17518436258423797,0.066952913471101008,0.56089879905321127,2.3822543919053897e-05,0.067849132781375276,0.069198687240085113,4.3429782501584649e-18,0.050274468767437901,0.41944266659695417,0.39322751339984113,7.5312143064176804e-06,nan,nan,nan,nan,nan,nan,nan,nan,nan,nan,nan,nan,nan,nan,0.27491125249748405,0.0016385698511143692,1.1951397918608197e-09,0.0020641543729054885,1.9557181763364016e-05,0.38157283784173224,7.6871128341285641e-05,7.5088157090129201e-07,2.6041266539228737e-10,3.5079185890409521e-12,3.3299292158854297e-10,8.1011652578987445e-11,6.0298579322390902e-08,0.33971594407344413,0,0,0,0,0,0,0,nan,nan,nan,nan,nan,nan,nan,nan,nan,nan,nan,nan,nan,nan,-4.7715317418874151e-11,-1.1404148446772098e-12,4.4741569332386412e-12,2.4649199553874267e-11,3.3822770972857796e-15,-1.4937129463009347e-10,8.5195143847179327e-13,-1.7307162647473007e-13,-1.4936593591620144e-16,-4.1224615038269481e-18,1.5155064481822648e-17,-2.071974955976603e-17,2.9703191849125816e-14,1.683918280618326e-10,-2.3193864934992897e-07,2.019876685355193e-07,1.1597817396414412e-21,3.0096018045644587e-08,7.2592187821962639e-07,-2.6205476016949447e-07,0,0.018842670243602651,0.033423995058362022,2.5272425652658142e-18,0.038199894125606267,0.01455740089332578,0.12241470263374166,5.1966948522119803e-06,-1.5666041539861918e-05,-3.6782549100740287e-06,-1.5444969269353069e-20,-7.0287148157898493e-05,6.6683086153352571e-05,-0.0001005745523584429,-4.990912885010595e-09
26,4,support,0.0082730263157894737,0.0045000000000000005,0.0082689144736842104,0.0082771381578947371,0.0040000000000000001,0.0050000000000000001,1000912.2995618011,1.6037901978216642,15.627291956501509,2724.5362367528119,0.1382605773751501,1173,1173,4.1280141629196392e-05,0.20530848278522948,0.40000000000000002,2,300000,0.00033700000000000001,0.0001,0.081523352590271742,0.12714474766813882,2.1062997576892143e-17,0.21681630804095914,0.040723744968969557,0.52680021664637111,2.3247026507561726e-05,0.079410910191422421,0.07093638316835843,1.0286818320306811e-17,0.076989973566471276,0.3156755219207325,0.45697811758429574,9.09356871975461e-06,nan,nan,nan,nan,nan,nan,nan,nan,nan,nan,nan,nan,nan,nan,0.24921083870819566,0.002644193871406581,1.4614018426049517e-09,0.0025061784094187398,3.2335273854401763e-05,0.39046097284245385,0.00010759896736738945,5.2088630779883195e-07,2.4191793819149755e-10,4.2877785077285408e-12,3.9901818102386549e-10,1.0598524552362704e-10,8.6489633101785853e-08,0.35503727233873672,0,0,0,0,0,0,0,nan,nan,nan,nan,nan,nan,nan,nan,nan,nan,nan,nan,nan,nan,5.5563456293064499e-11,-4.818289952526784e-13,-1.0651977600550678e-10,-9.4458731814644541e-10,4.0126322403688519e-14,3.3792920807549504e-09,3.864053401051806e-13,-2.5068413057188765e-13,-3.7134869161625397e-16,-2.6210876593611763e-18,7.8385776209335649e-18,-1.6980798194502872e-17,-1.9476162821671759e-13,-2.3832472112012811e-09,-3.400434494694321e-07,1.6384813311676183e-07,4.7807169612004473e-21,1.7292294975781348e-07,1.1933449807766117e-06,-5.1212833235281252e-07,0,0.018182893304840155,0.028236825937659395,5.1218541617676204e-18,0.048179496800507718,0.0090616511024264566,0.11724905507415463,5.1701305605950895e-06,0,0,0,0,0,0,0
27,0,lumen,0.0082812500000000004,0.00050000000000000001,0.0082771381578947371,0.0082853618421052638,0,0.001,1000151.4933247024,1.372172439571385,13.380585011790938,2988.714636166776,0.16883096042543921,1173,1173,4.0581979069129857e-05,0.23363742567839835,0.59999999999999998,2,500000,0.00035,0.0001,0.067790567958700046,0.16468272467551795,9.3439603395762608e-18,0.17780936585471191,0.06485079611967344,0.51200891000070137,2.2503114816707555e-05,0.056540388803152583,0.078670160567444816,3.9073584496063212e-18,0.054061517773901009,0.43042737627064109,0.3802930195425368,7.537042323780919e-06,0.27103102725956796,0.0015037086785394459,9.6875142743733423e-10,0.0019417578082728728,2.0382423654694546e-05,0.39463182987018669,7.1423363533900178e-05,8.81011526732325e-07,2.9156198947458852e-10,3.0986111046720628e-12,2.7419142637535253e-10,6.6602205234140602e-11,6.3625070999784359e-08,0.33079892435544117,nan,nan,nan,nan,nan,nan,nan,nan,nan,nan,nan,nan,nan,nan,0,0,0,0,0,0,0,6.2537985132924442e-10,-7.8597026637141639e-13,-3.1363242648412025e-11,-1.027866885362417e-09,-2.2654079133432869e-14,8.9670447716433399e-11,6.9840308843496218e-13,-3.0943997364474285e-14,-1.137874768807985e-18,-1.3671326835643671e-18,5.0247238820959106e-18,-6.3420855993414507e-18,8.3638784429599615e-15,3.4431274481391481e-10,nan,nan,nan,nan,nan,nan,nan,nan,nan,nan,nan,nan,nan,nan,-1.7940775785124652e-07,1.5668240904709307e-07,-9.3384835574833616e-24,2.2667086868992324e-08,5.6067133591408691e-07,-2.0107827014559376e-07,0,0.01579239017994058,0.038067512913228407,2.1759539277816788e-18,0.041196285716202145,0.014943393302192071,0.11880729611128436,5.2165948798967791e-06,-8.1924387846449805e-05,9.8673284609216723e-05,-6.957296495478079e-21,4.0988359321645092e-05,4.3691757709311471e-05,-0.00011882744008364577,3.8455730108824645e-10
27,1,lumen,0.0082812500000000004,0.0015,0.0082771381578947371,0.0082853618421052638,0.001,0.002,1000151.2332547909,1.4373676723285682,14.016332626474865,2858.1532316418866,0.16866546040822517,1173,1173,4.0558511255275813e-05,0.23352557204310381,0.59999999999999998,2,500000,0.00035,0.0001,0.066245061965606158,0.15516425678992224,9.0557808570667664e-18,0.16867016527236831,0.061695443923280462,0.49073674857032296,2.1474810938273348e-05,0.057876508344534984,0.077644906637176409,3.9667740697890944e-18,0.053719401500147784,0.42894040851524129,0.38181124063260669,7.5343702929036296e-06,0.27135765366667591,0.001519396306579554,9.9455825182524328e-10,0.0019552389220757818,2.0326582849151567e-05,0.39330325609635952,7.2043730519354428e-05,8.6562375231812164e-07,2.881089830104267e-10,3.1441000296626013e-12,2.8083597404212841e-10,6.8231639217707969e-11,6.3341252731713129e-08,0.33177115409508362,nan,nan,nan,nan,nan,nan,nan,nan,nan,nan,nan,nan,nan,nan,0,0,0,0,0,0,0,2.0414139107043593e-09,-8.568598459550278e-13,-1.2698971105081214e-10,-3.187114010215797e-09,-5.5618161985682146e-14,4.611142329514345e-10,7.5030479927871677e-13,-3.7221094262296361e-14,-8.7657385718488996e-18,-1.7560304497905197e-18,6.3954891810190926e-18,-8.1316220305880223e-18,1.6942354305466475e-14,8.1175804949636312e-10,nan,nan,nan,nan,nan,nan,nan,nan,nan,nan,nan,nan,nan,nan,-1.8513637912997982e-07,1.6058552099185164e-07,-2.7014697920715802e-23,2.421680944987064e-08,5.7898571741155092e-07,-2.0629295627294653e-07,0,0.016143128565484218,0.037522926415165594,2.2035402260476983e-18,0.040884744351147834,0.01487066704111293,0.11913778246866681,5.2081074495094196e-06,-0.00020606944097630985,0.00026619094329922234,-1.6483165112393846e-20,0.00013345331749180025,9.5607721624534617e-05,-0.00029080758787602832,6.386132770389166e-10
27,2,lumen,0.0082812500000000004,0.0025000000000000001,0.0082771381578947371,0.0082853618421052638,0.002,0.0030000000000000001,1000150.4666472616,1.3266821773266351,12.937005122698611,3109.6879836996891,0.16804852614305732,1173,1173,4.0489957023727957e-05,0.23342203158350799,0.59999999999999998,2,500000,0.00035,0.0001,0.075947498436926469,0.16209989289349144,1.0159872385403484e-17,0.17893838790590938,0.06633328995795304,0.53696377525595063,2.3252725461564862e-05,0.061243730993870378,0.074869230444555346,4.1077042657643921e-18,0.052601214319484224,0.42567168253546178,0.38560661177850786,7.5299281204748205e-06,0.27242736975446857,0.001558323436053687,1.0606174282999006e-09,0.0019900548025185883,2.0101836927910899e-05,0.3895741916133742,7.3607421900359526e-05,8.265716781694334e-07,2.7890451834135001e-10,3.2614014346726711e-12,2.9791895773436079e-10,7.2410024576967279e-11,6.2402359342230901e-08,0.33435546044760683,nan,nan,nan,nan,nan,nan,nan,nan,nan,nan,nan,nan,nan,nan,0,0,0,0,0,0,0,-6.1845079599254983e-10,-1.0807743811078949e-12,6.3129003443801106e-11,1.426636662726671e-09,1.3633842319005218e-15,-1.7745243347661033e-09,8.6002281260838874e-13,-1.087227096546739e-13,-5.8866662480734752e-17,-3.1114523819938042e-18,1.0729626180980141e-17,-1.4308279921396661e-17,3.6459124753349451e-14,9.0350135688295897e-10,nan,nan,nan,nan,nan,nan,nan,nan,nan,nan,nan,nan,nan,nan,-2.0040890217655483e-07,1.730478141892533e-07,-1.3425851916895443e-23,2.9072554244117048e-08,6.3041857675805169e-07,-2.3084488987024088e-07,0,0.017019779007227374,0.036051458440669176,2.2772392423161375e-18,0.039891625750439134,0.014702480273213072,0.11989006464905946,5.1867469205710414e-06,-0.00039919025471560452,0.00053613695760235103,-1.9370997780529451e-20,0.00027457148365972537,0.00017784381900461089,-0.00054470822802255622,-1.1284187054604892e-10
27,3,support,0.0082812500000000004,0.0035000000000000001,0.0082771381578947371,0.0082853618421052638,0.0030000000000000001,0.0040000000000000001,1001233.1571342454,1.3102374241818722,12.762829684365077,3177.7588696940061,0.16821347561936387,1173,1173,4.0350749727812484e-05,0.23333008284786988,0.40000000000000002,2,300000,0.00033700000000000001,0.0001,0.08522713961168997,0.15193600401346916,1.071475594242214e-17,0.17337065773222765,0.066268561444359428,0.55494173307081407,2.3572519925160986e-05,0.067801500177622848,0.069230037206244766,4.2737235203035309e-18,0.050278356174936333,0.41953093409833414,0.39315164162804256,7.5307148194275808e-06,nan,nan,nan,nan,nan,nan,nan,nan,nan,nan,nan,nan,nan,nan,0.2749084019760496,0.0016377204565503217,1.1941622960672751e-09,0.0020635167936036243,1.9555886686610926e-05,0.381616331848663,7.6839332873593545e-05,7.5143740646766624e-07,2.6052773194137056e-10,3.5060219871168562e-12,3.327407597561636e-10,8.0946528064573093e-11,6.0300898521119173e-08,0.33967682009535155,0,0,0,0,0,0,0,nan,nan,nan,nan,nan,nan,nan,nan,nan,nan,nan,nan,nan,nan,5.2848155552187995e-10,-1.1423493248858914e-12,-8.6940681577846027e-11,-1.4089468941836374e-09,1.2000058065286812e-14,2.8152830654822741e-09,8.4820845135575588e-13,-1.7530378190744322e-13,-1.508199105182662e-16,-4.1467066748752374e-18,1.4949801990961875e-17,-2.0502850292047861e-17,3.0142034053413518e-14,-1.8474494158647047e-09,-2.3160144648273762e-07,1.9884277685511265e-07,2.6517645559574149e-21,3.0030460639985576e-08,7.2483086555052978e-07,-2.6030982419600335e-07,0,0.01883082967468161,0.033441748816565822,2.0648139371815748e-18,0.038205753725201241,0.014561635735257386,0.12240017206118908,5.1967409687039624e-06,-1.5668155747594634e-05,-3.6950553821422843e-06,-1.4950871839263857e-20,-7.0410671264879441e-05,6.6756737224445806e-05,-0.0001008688930847587,-4.9966484410450962e-09
27,4,support,0.0082812500000000004,0.0045000000000000005,0.0082771381578947371,0.0082853618421052638,0.0040000000000000001,0.0050000000000000001,1000911.627727468,1.547787749190048,15.081615607508761,2823.0131456762988,0.13921286918873141,1173,1173,4.1281625499506493e-05,0.20529680473663661,0.40000000000000002,2,300000,0.00033700000000000001,0.0001,0.08442140991287983,0.13181691218634639,2.1273904654376998e-17,0.22477769701011513,0.042197061360662078,0.54582580500591671,2.4091293086218249e-05,0.079362416839118821,0.070975080334281113,1.0027028328898849e-17,0.077029944407908113,0.31567453333728474,0.45694893032241285,9.0947589940970469e-06,nan,nan,nan,nan,nan,nan,nan,nan,nan,nan,nan,nan,nan,nan,0.24918675177193267,0.0026437827833293574,1.4603698845492569e-09,0.0025057791844090337,3.2347870641559438e-05,0.39051951395805273,0.00010758203438669358,5.2115220940003666e-07,2.4202637480265649e-10,4.2852721180943287e-12,3.987385841071121e-10,1.0591201261338796e-10,8.6523149945132675e-08,0.35500363251055661,0,0,0,0,0,0,0,nan,nan,nan,nan,nan,nan,nan,nan,nan,nan,nan,nan,nan,nan,-8.9019974743095994e-10,-4.7318598262822167e-13,7.6575499306939745e-10,4.6749230881328178e-09,-2.3595242513302361e-13,-2.5800815408954202e-08,3.8061022615829404e-13,-2.4085909048482401e-13,-3.5901946429050182e-16,-2.5126451276231325e-18,7.8823110735095498e-18,-1.6687452678180748e-17,-1.9182969773203336e-13,2.1251098741350692e-08,-3.4063820454795224e-07,1.9280950624978033e-07,1.1190020179311658e-20,1.7286442773295274e-07,1.1929265025800717e-06,-5.1741152090611919e-07,0,0.018169350298273282,0.028248314132431295,3.3736486025734112e-18,0.048197726575255298,0.0090604248964935921,0.11722554029590998,5.17009331951391e-06,0,0,0,0,0,0,0
28,0,lumen,0.0082894736842105271,0.00050000000000000001,0.0082853618421052638,0.0082935855263157904,0,0.001,1000151.3951847124,1.3566798507018485,13.229512074337057,3022.6413781143219,0.16888557019594938,1173,1173,4.0582240711664033e-05,0.23365111170598302,0.59999999999999998,2,500000,0.00035,0.0001,0.068514637172173321,0.16662284773486941,9.4439299562580529e-18,0.17984207165581173,0.065603510856670114,0.51776409132331336,2.2758479892723065e-05,0.056499109875839282,0.07869828546836416,3.904574829223993e-18,0.054062188607883657,0.43050716220100177,0.38022571733665994,7.5365102511723879e-06,0.27103003906565726,0.0015030192659274272,9.6795088206577185e-10,0.0019412270837336407,2.0380362269590107e-05,0.39466590986277111,7.1397230377289004e-05,8.8156071452918676e-07,2.9166513191406782e-10,3.0972322251147703e-12,2.7398835120041479e-10,6.6550861565932294e-11,6.3624524151972821e-08,0.33076708034068808,nan,nan,nan,nan,nan,nan,nan,nan,nan,nan,nan,nan,nan,nan,0,0,0,0,0,0,0,3.8750154232290844e-11,-8.1943144106507927e-13,-1.8038414405071999e-12,-6.6778999259649097e-11,-6.521042386631315e-15,1.579868592720135e-11,7.2359374416287752e-13,-3.3873294794095621e-14,-3.4343713403552805e-18,-1.434151635506412e-18,5.0647082936418637e-18,-6.3269104540162826e-18,8.183663156978271e-15,1.4161782689546677e-11,nan,nan,nan,nan,nan,nan,nan,nan,nan,nan,nan,nan,nan,nan,-1.7924940047975985e-07,1.5661207158901291e-07,-1.0326473187581779e-23,2.2623366178531948e-08,5.6035717782565442e-07,-2.0180773113720463e-07,0,0.015781913854692103,0.038083928653958425,2.1745315707638006e-18,0.041199707300172382,0.014947318644243533,0.11879430498901618,5.2165886492634975e-06,-8.1874013493817469e-05,9.855495250351121e-05,-7.0324587099689813e-21,4.0962760076957338e-05,4.3626757898048444e-05,-0.00011765636603531045,3.8632766545595099e-10
28,1,lumen,0.0082894736842105271,0.0015,0.0082853618421052638,0.0082935855263157904,0.001,0.002,1000151.1352975593,1.4261570006462665,13.907014357759738,2880.4263141309475,0.16861731739577138,1173,1173,4.0558747821833687e-05,0.2335397591676224,0.59999999999999998,2,500000,0.00035,0.0001,0.066718214458938205,0.15643938228560308,9.1220285301765077e-18,0.16999670443035098,0.062192183410444961,0.49450655542907135,2.1642053762600509e-05,0.057835265623919899,0.077672428974114485,3.9646284686873763e-18,0.053719616653064815,0.42902162084795892,0.38174353407484918,7.5338260928133523e-06,0.27135720627233539,0.0015186931533408175,9.9375377070296667e-10,0.0019547038439391702,2.0324377555632121e-05,0.39333690325924592,7.2017202772483522e-05,8.6616446626754713e-07,2.8821060325585244e-10,3.1426903795371111e-12,2.8063164300047081e-10,6.81797260579131e-11,6.3340368238836313e-08,0.33173922075203466,nan,nan,nan,nan,nan,nan,nan,nan,nan,nan,nan,nan,nan,nan,0,0,0,0,0,0,0,1.2049975707512334e-09,-9.9254017635926922e-13,-6.7210337253265799e-11,-2.2762443999329704e-09,-2.8828068404651574e-14,9.7928956090120867e-10,8.5646791046828477e-13,-5.1799710354405448e-14,-1.1602459925515736e-17,-1.9904328560391363e-18,6.6333755201425919e-18,-8.4758426700997605e-18,2.1615364106008531e-14,1.5936263402846785e-10,nan,nan,nan,nan,nan,nan,nan,nan,nan,nan,nan,nan,nan,nan,-1.8500543986707529e-07,1.5991804441783941e-07,-4.3468859326629366e-23,2.417537526127393e-08,5.7879029657925685e-07,-2.0697168956473888e-07,0,0.016132731969498843,0.037539074570313878,2.2186086051636323e-18,0.040887880742773282,0.014874661144405952,0.11912487770138015,5.2081026503048482e-06,-0.00020603615608214085,0.00026627328631149044,-1.6374310935678079e-20,0.00013346480400471423,9.5550604344161376e-05,-0.00029124656316900356,6.3746380747035265e-10
28,2,lumen,0.0082894736842105271,0.0025000000000000001,0.0082853618421052638,0.0082935855263157904,0.002,0.0030000000000000001,1000150.3691985816,1.3411731991633755,13.07831410950336,3075.8764392995713,0.16805131691991032,1173,1173,4.049019621358815e-05,0.23343678390979833,0.59999999999999998,2,500000,0.00035,0.0001,0.075074813832733386,0.16040795474089101,1.0042545317349521e-17,0.17700713602403623,0.065629527088910969,0.53106551129655832,2.2999846719244755e-05,0.061201271396682362,0.074897023126182488,4.1046178548415255e-18,0.052601852451678824,0.42575573915026654,0.3855365844829528,7.5293922369139736e-06,0.27242697144124844,0.001557576926481565,1.0597759049079504e-09,0.0019894939924027522,2.0099665976605486e-05,0.38960940493160634,7.3579420210910699e-05,8.2710887118240715e-07,2.7900761583985811e-10,3.2598699131103481e-12,2.9770426196894548e-10,7.2355025390989225e-11,6.240177139513704e-08,0.3343219823993282,nan,nan,nan,nan,nan,nan,nan,nan,nan,nan,nan,nan,nan,nan,0,0,0,0,0,0,0,-2.1921059131938927e-10,-1.0423876282473089e-12,2.400974889029722e-11,4.8460170227018177e-10,8.4773767866641592e-16,-5.6993621584330856e-10,8.3730796334622215e-13,-9.977110283776458e-14,-5.5122892659156502e-17,-2.9932064675272999e-18,1.0783992833535341e-17,-1.4257163726757275e-17,3.4488454013748622e-14,2.8080507345764727e-10,nan,nan,nan,nan,nan,nan,nan,nan,nan,nan,nan,nan,nan,nan,-2.0016580446011872e-07,1.7168957977542476e-07,-1.3981881493058231e-23,2.9022215742586445e-08,6.2955669929976033e-07,-2.2964854218265884e-07,0,0.017009159833808775,0.036067626931481668,2.2758474985869569e-18,0.03989504741548739,0.014706571653953622,0.11987655321942119,5.186752299249518e-06,-0.00039895499302618551,0.00053599943792003097,-3.85664750166603e-20,0.00027430960609441129,0.00017776320622667574,-0.00054546096227219227,-1.1786584602434216e-10
28,3,support,0.0082894736842105271,0.0035000000000000001,0.0082853618421052638,0.0082935855263157904,0.0030000000000000001,0.0040000000000000001,1001232.360872193,1.3006775224994536,12.66971816672673,3200.8763925883422,0.16822898619081894,1173,1173,4.0351113758452969e-05,0.23334468912751477,0.40000000000000002,2,300000,0.00033700000000000001,0.0001,0.085793174519717796,0.15312186098759742,1.120114880208083e-17,0.17465821742409599,0.066769602631348665,0.55891243687556713,2.374417819751311e-05,0.067753870335574728,0.069261364651109172,4.4351333978977695e-18,0.050282223869348906,0.41961907115254121,0.39307593977751204,7.5302139139681742e-06,nan,nan,nan,nan,nan,nan,nan,nan,nan,nan,nan,nan,nan,nan,0.27490554217200142,0.0016368729365774724,1.1931851910892401e-09,0.0020628805010303357,1.9554598787421904e-05,0.38165977978337323,7.6807604489272221e-05,7.5199282222717759e-07,2.6064270755278075e-10,3.5041268505975747e-12,3.3248870876263763e-10,8.0881448018252598e-11,6.0303229346510542e-08,0.33963774823698711,0,0,0,0,0,0,0,nan,nan,nan,nan,nan,nan,nan,nan,nan,nan,nan,nan,nan,nan,3.5537495887615846e-13,-1.1783129361400619e-12,-2.8783302784460543e-12,-7.57611537466113e-11,3.7638078417834286e-15,4.0368802918522295e-11,8.7762705531088695e-13,-1.7988865605444992e-13,-1.5417273296546324e-16,-4.1887701273426601e-18,1.5153245666752009e-17,-2.0785503167708939e-17,3.2316104902390689e-14,3.8360064922986903e-11,-2.3143997027706698e-07,2.0143627238455863e-07,-1.0934261644959053e-21,2.996635140772031e-08,7.2429417992403433e-07,-2.6133335412348302e-07,0,0.018819004315714948,0.03345948477325203,2.5291653763051308e-18,0.038211603662556368,0.014565862907413669,0.12238565836720076,5.1967871784833863e-06,-1.5664638735621626e-05,-3.7089028542664755e-06,-1.6375418084562276e-20,-7.0473933963413079e-05,6.6811105195521952e-05,-0.000100651322269508,-5.0023795506787953e-09
28,4,support,0.0082894736842105271,0.0045000000000000005,0.0082853618421052638,0.0082935855263157904,0.0040000000000000001,0.0050000000000000001,1000910.9559607395,1.6065633149593179,15.65433415520064,2719.6355111989815,0.13822288404034838,1173,1173,4.1283103596799112e-05,0.20528515262467995,0.40000000000000002,2,300000,0.00033700000000000001,0.0001,0.081283351299195131,0.12706332530852427,2.1945170482084302e-17,0.21666608046326324,0.040653130472555428,0.52582321197884818,2.3212938217283768e-05,0.079314139655436183,0.071013629177101092,1.0736203257059603e-17,0.077069763540855554,0.31567345678192082,0.45691991489746264,9.0959472234640177e-06,nan,nan,nan,nan,nan,nan,nan,nan,nan,nan,nan,nan,nan,nan,0.24916275392354414,0.0026433749201836983,1.4593432558520318e-09,0.0025053822744348199,3.2360425906105971e-05,0.39057778079437838,0.0001075652167040283,5.2141677255597205e-07,2.4213430805750953e-10,4.282779202524924e-12,3.984604344965522e-10,1.0583916952553205e-10,8.6556542907631066e-08,0.35497017226147326,0,0,0,0,0,0,0,nan,nan,nan,nan,nan,nan,nan,nan,nan,nan,nan,nan,nan,nan,5.9498933984534627e-10,-4.4956178085117088e-13,-5.4527388330772243e-10,-4.1993030370614608e-09,1.8362785250691793e-13,1.8644543702981894e-08,3.6334366483381259e-13,-2.4731215339524049e-13,-3.7020906730875164e-16,-2.5959843110455831e-18,7.6278943053260025e-18,-1.6587387140215348e-17,-1.9979099144943287e-13,-1.4494606071479531e-08,-3.3905119223472113e-07,1.4814547516506238e-07,-6.424049889534887e-21,1.7280671105890368e-07,1.1912986781215107e-06,-5.0820401914508651e-07,0,0.01815577070733566,0.028259841768384052,5.3530849138812791e-18,0.048216009271548253,0.0090591998427858346,0.11720199496770251,5.1700574380664826e-06,0,0,0,0,0,0,0
29,0,lumen,0.0082976973684210538,0.00050000000000000001,0.0082935855263157904,0.0083018092105263171,0,0.001,1000151.2970370374,1.3625627702845176,13.286880011627014,3009.3893062168486,0.1688552396093666,1173,1173,4.0582501637339935e-05,0.23366478744952923,0.59999999999999998,2,500000,0.00035,0.0001,0.068169069004485133,0.165962704012724,9.396476612766624e-18,0.17906784101057135,0.06533235544602442,0.51543729011508166,2.265862598922376e-05,0.056457909391442761,0.078726402521322139,3.9018019028029742e-18,0.054062871627361779,0.43058688873427242,0.38015839174450583,7.5359810950475491e-06,0.27102904513133635,0.0015023303975908848,9.6715189558728105e-10,0.0019406964578011683,2.0378299594531313e-05,0.39469996982348282,7.1371111352431838e-05,8.8211002798019335e-07,2.9176823825682484e-10,3.0958575165301365e-12,2.7378569502496095e-10,6.6499627999937905e-11,6.3623966932840439e-08,0.33073526144254167,nan,nan,nan,nan,nan,nan,nan,nan,nan,nan,nan,nan,nan,nan,0,0,0,0,0,0,0,-2.4355433846503397e-11,-8.0331893434934664e-13,1.2462100459929402e-12,4.3976581510183389e-11,-4.9543702473897611e-15,-4.1742221658369605e-12,7.1309677260527175e-13,-3.2826606016778115e-14,-2.8108545887316902e-18,-1.4088311038124096e-18,4.9809856215326152e-18,-6.2813898260280886e-18,8.333016860547574e-15,-1.6573909079780719e-11,nan,nan,nan,nan,nan,nan,nan,nan,nan,nan,nan,nan,nan,nan,-1.790649129989122e-07,1.5648909973409175e-07,-1.1485683056039386e-23,2.2578770696174969e-08,5.5978153404301345e-07,-2.0168636005735152e-07,0,0.015771448113247089,0.038100330807515306,2.1731903600134709e-18,0.041203119345005305,0.014951241919504053,0.1187812961147932,5.2165822929419234e-06,-8.1853771163328823e-05,9.8524187084797084e-05,-6.6264133031963174e-21,4.0976093399064404e-05,4.3573131530242729e-05,-0.00011709299111132381,3.8736197593217382e-10
29,1,lumen,0.0082976973684210538,0.0015,0.0082935855263157904,0.0083018092105263171,0.001,0.002,1000151.0373320268,1.4071764914241394,13.721929337463228,2919.0818618615008,0.16869207111604848,1173,1173,4.0558984530193374e-05,0.23355394546910199,0.59999999999999998,2,500000,0.00035,0.0001,0.067569986386541075,0.15860587971747014,9.2305091621234628e-18,0.17229056014255509,0.06304298947069803,0.501087299793748,2.1932406488087242e-05,0.057794089542446483,0.077700059763988499,3.958384726278675e-18,0.053719895743781942,0.42910290016833169,0.38167552149153827,7.5332899131427578e-06,0.27135670772584231,0.0015179884876392173,9.9295032911705955e-10,0.0019541667868273995,2.0322173916045373e-05,0.39337068505102102,7.1990602073096613e-05,8.6670723906499686e-07,2.8831257268495406e-10,3.1412853809278194e-12,2.804276128677493e-10,6.8127891894552333e-11,6.3339491825356477e-08,0.33170720749299026,nan,nan,nan,nan,nan,nan,nan,nan,nan,nan,nan,nan,nan,nan,0,0,0,0,0,0,0,-1.0620924632208007e-10,-1.0052305435327074e-12,6.055095249888415e-12,2.2801030824118929e-10,-2.9895790704115299e-15,-8.3726230375863464e-11,8.6173627834586701e-13,-5.5366518661448261e-14,-1.2943867136933339e-17,-1.9827851996910427e-18,6.5085014397394429e-18,-8.3942761088806169e-18,2.2804177980168018e-14,-4.3950843136296892e-11,nan,nan,nan,nan,nan,nan,nan,nan,nan,nan,nan,nan,nan,nan,-1.8488816571834987e-07,1.6083401277455778e-07,2.8613497637510118e-23,2.4131859617226515e-08,5.7883078552478651e-07,-2.0924191224125366e-07,0,0.016122346800620309,0.037555211702457847,2.1985282044464435e-18,0.040891015569696924,0.014878646542934418,0.11911194365644434,5.208097996264747e-06,-0.00020578533787775377,0.00026568584383691499,-1.674007800919161e-20,0.00013310460032794013,9.5408039173106292e-05,-0.00028754010261274683,6.3759928274933396e-10
29,2,lumen,0.0082976973684210538,0.0025000000000000001,0.0082935855263157904,0.0083018092105263171,0.002,0.0030000000000000001,1000150.2717423285,1.3276756265458207,12.94669516381782,3106.9325904433663,0.16807264929587823,1173,1173,4.0490435366007033e-05,0.23345151752546672,0.59999999999999998,2,500000,0.00035,0.0001,0.075785450374723617,0.16209875647515201,1.0136913500380965e-17,0.17880873194717653,0.066309803697665759,0.53636719162834412,2.3232011713579675e-05,0.061158830882889093,0.074924783524374622,4.1014916242084441e-18,0.052602470975230235,0.42583968990390786,0.38546669585818644,7.5288554117136652e-06,0.27242657312747393,0.0015568319543762237,1.0589350229659903e-09,0.0019889342758362266,2.0097499021205974e-05,0.38964456413249066,7.3551474337193439e-05,8.2764555415707908e-07,2.7911059282501181e-10,3.2583400877181282e-12,2.9748973868278679e-10,7.2300080748316637e-11,6.2401186274388743e-08,0.33428855577863037,nan,nan,nan,nan,nan,nan,nan,nan,nan,nan,nan,nan,nan,nan,0,0,0,0,0,0,0,1.9234800709072238e-10,-1.0604087084352397e-12,-1.8773016801711269e-11,-3.7808220507415902e-10,-1.6456020573984986e-15,5.5336788059787145e-10,8.4428055287026304e-13,-1.048855013258132e-13,-5.8587622251775515e-17,-3.0638412585713613e-18,1.0736180294864916e-17,-1.430033277073686e-17,3.6881733053129467e-14,-3.4857475257590622e-10,nan,nan,nan,nan,nan,nan,nan,nan,nan,nan,nan,nan,nan,nan,-1.99919299325238e-07,1.7041189503963494e-07,-1.3500435614171137e-23,2.89728792235782e-08,6.2869040569346613e-07,-2.2853279335599552e-07,0,0.016998550136832921,0.036083781715149428,2.2741965244892123e-18,0.039898462992719964,0.014710659612028613,0.11986305407820173,5.1867576449502042e-06,-0.00039853829703561798,0.00053531394647835645,-3.3978968603892897e-20,0.00027372406368277914,0.00017762466015088034,-0.00054269475341088644,-1.2333972003287495e-10
29,3,support,0.0082976973684210538,0.0035000000000000001,0.0082935855263157904,0.0083018092105263171,0.0030000000000000001,0.0040000000000000001,1001231.564541687,1.3038257748748538,12.700394954870044,3192.9095852340529,0.16823937455355209,1173,1173,4.035147693916471e-05,0.23335927971520187,0.40000000000000002,2,300000,0.00033700000000000001,0.0001,0.085525889855195533,0.15282103122961402,1.1067110114249688e-17,0.17424974199853654,0.066622300473044183,0.55745511579951923,2.368525724667565e-05,0.067706325501944553,0.069292661693203417,4.3926704625291574e-18,0.050286090212584247,0.41970710754448737,0.39300028533259562,7.5297151849932055e-06,nan,nan,nan,nan,nan,nan,nan,nan,nan,nan,nan,nan,nan,nan,0.2749026856783745,0.0016360267252398838,1.1922100001679981e-09,0.0020622449070495201,1.95533085776064e-05,0.38170316488626127,7.6775918974647094e-05,7.5254799030410898e-07,2.6075756603911958e-10,3.5022367140114314e-12,3.3223717148502974e-10,8.0816507548581573e-11,6.0305544120475254e-08,0.33959873385246625,0,0,0,0,0,0,0,nan,nan,nan,nan,nan,nan,nan,nan,nan,nan,nan,nan,nan,nan,1.1973703738851764e-10,-1.1679158418104092e-12,-2.2213576949487657e-11,-4.0841134866169193e-10,6.2143215920351658e-15,7.5729953341249767e-10,8.6943686399989836e-13,-1.7865006349260248e-13,-1.5287942325643708e-16,-4.1628298273435281e-18,1.5031512701327453e-17,-2.0628644817677629e-17,3.1737896283345457e-14,-4.4597237034383631e-10,-2.3117563364982718e-07,2.0053900962047067e-07,-2.0936545097064837e-22,2.9901678892878892e-08,7.2343481970216228e-07,-2.606910329272516e-07,0,0.018807189545712352,0.033477206084836016,2.4451559370778552e-18,0.038217444233440569,0.014570085845318659,0.12237117169593664,5.1968333751550778e-06,-1.5664518826074643e-05,-3.7243728282832012e-06,-1.5769721912037502e-20,-7.0573237393012451e-05,6.6877120546083224e-05,-0.00010074273213365437,-5.0081050113435765e-09
29,4,support,0.0082976973684210538,0.0045000000000000005,0.0082935855263157904,0.0083018092105263171,0.0040000000000000001,0.0050000000000000001,1000910.2842627192,1.5911601283025543,15.504256089228587,2745.8632736021677,0.1391744421593499,1173,1173,4.1284582391052322e-05,0.20527347027213227,0.40000000000000002,2,300000,0.00033700000000000001,0.0001,0.082020160430789399,0.12836286179312167,2.1588118195985205e-17,0.21887629447042883,0.041046484778401511,0.53087965886132926,2.3440696054210789e-05,0.079265821342552653,0.071052148575037999,1.0460269797958936e-17,0.077109548531685237,0.31567222795980165,0.45689115645564027,9.0971352824594285e-06,nan,nan,nan,nan,nan,nan,nan,nan,nan,nan,nan,nan,nan,nan,0.24913873761126246,0.0026429701498644448,1.4583158910165438e-09,0.0025049871340094747,3.2373006778160325e-05,0.39063600494620859,0.00010754849991479647,5.2168076731710502e-07,2.42242148197668e-10,4.2802848595398207e-12,3.9818211239842529e-10,1.0576629588173416e-10,8.6589984487526824e-08,0.35493676817241782,0,0,0,0,0,0,0,nan,nan,nan,nan,nan,nan,nan,nan,nan,nan,nan,nan,nan,nan,-8.0535345792576295e-11,-4.4777085964527481e-13,1.1442025009191567e-11,-1.1815207589579017e-10,1.2375083596749548e-15,-6.2787921162234944e-10,3.5925571052889057e-13,-2.4834854225191938e-13,-3.6805264105603829e-16,-2.5583961383366196e-18,7.3539064438494506e-18,-1.6295852193007133e-17,-1.9837228232442077e-13,8.1565909530228287e-10,-3.3933195345715178e-07,1.6719537188070177e-07,3.8597319811771457e-22,1.7275346457123058e-07,1.1907551490109025e-06,-5.1195578670837349e-07,0,0.018142233739520827,0.028271315200219138,4.742944080444173e-18,0.048234237638399832,0.0090579677283488154,0.11717851313338855,5.1700206003760291e-06,0,0,0,0,0,0,0
30,0,lumen,0.0083059210526315805,0.00050000000000000001,0.0083018092105263171,0.0083100328947368438,0,0.001,1000151.1988819251,1.3574670577426156,13.237191033998025,3020.4838367664493,0.16890898862548046,1173,1173,4.0582762255236929e-05,0.23367844587802006,0.59999999999999998,2,500000,0.00035,0.0001,0.068375076474523108,0.16664511315164129,9.4250160354938491e-18,0.17974225363125335,0.065589722904837347,0.51728061824575367,2.2742084015118325e-05,0.056416751808108623,0.078754487599803386,3.899016743556684e-18,0.054063544915772359,0.43066651386821819,0.38009116635601697,7.5354520805845831e-06,0.27102805162000693,0.0015016428050443952,9.6635392154909708e-10,0.001940166693270841,2.037623926477204e-05,0.39473397892873752,7.1345037858539521e-05,8.8265888998032267e-07,2.9187122574592193e-10,3.0944852685855966e-12,2.7358330745900281e-10,6.6448469890538307e-11,6.3623407837122881e-08,0.33070349079216771,nan,nan,nan,nan,nan,nan,nan,nan,nan,nan,nan,nan,nan,nan,0,0,0,0,0,0,0,-1.7245947899439788e-11,-8.1235268655033668e-13,9.4098251732486548e-13,3.0440412101787061e-11,-5.1766316927492895e-15,-2.3361781259501058e-13,7.214978401241829e-13,-3.2760036003387505e-14,-2.9256891263414948e-18,-1.4228237524466677e-18,5.0547790243639303e-18,-6.3826889100066554e-18,8.8289179843680627e-15,-1.3781975728452586e-11,nan,nan,nan,nan,nan,nan,nan,nan,nan,nan,nan,nan,nan,nan,-1.7887737462952968e-07,1.5634215311255417e-07,-1.2253150868720838e-23,2.2534543318629065e-08,5.5917204760946859e-07,-2.0144136292365999e-07,0,0.015760994631722543,0.038116716163954519,2.1718178637757344e-18,0.041206522549171599,0.014955161176289854,0.11876829989028319,5.2165759161307307e-06,-8.1857509871146117e-05,9.8555773774230257e-05,-6.7229122779035439e-21,4.1015596653616026e-05,4.3528462816482601e-05,-0.00011694702478390963,3.8769426017552316e-10
30,1,lumen,0.0083059210526315805,0.0015,0.0083018092105263171,0.0083100328947368438,0.001,0.002,1000150.9393586047,1.4104377526788656,13.753732521104661,2912.1362624758744,0.16864252288193962,1173,1173,4.0559220786143941e-05,0.23356812305405281,0.59999999999999998,2,500000,0.00035,0.0001,0.06736580837476637,0.15829546375429721,9.2045938896690072e-18,0.17189316581693065,0.062909123471422496,0.49983937602272144,2.1880148696682609e-05,0.057752995665058218,0.07772772109178229,3.9564198488624869e-18,0.053720207795040907,0.42918415543804173,0.38160738725131088,7.5327587658615608e-06,0.2713561866140537,0.0015172837319778827,9.9214842920287662e-10,0.0019536291425304997,2.0319970341584938e-05,0.39340449781859943,7.1963987785601946e-05,8.6725076198429553e-07,2.8841462998948564e-10,3.1398850724096216e-12,2.8022400279006219e-10,6.8076167861971095e-11,6.3338611507169263e-08,0.33167518651333466,nan,nan,nan,nan,nan,nan,nan,nan,nan,nan,nan,nan,nan,nan,0,0,0,0,0,0,0,-1.1494421394254148e-11,-1.009758736442923e-12,1.078878965016868e-12,4.1078893966644378e-11,-4.7673453726360115e-15,-6.8394658426368382e-12,8.6732534258971686e-13,-5.4916357919432279e-14,-1.3044966392170489e-17,-2.0002134040590463e-18,6.6133170623724287e-18,-8.5137589879426633e-18,2.2614411689949624e-14,-2.3644503193301715e-11,nan,nan,nan,nan,nan,nan,nan,nan,nan,nan,nan,nan,nan,nan,-1.8469299737592509e-07,1.6061185903470943e-07,8.1327861321792633e-24,2.4086936028790175e-08,5.7816792406462092e-07,-2.0881986373399997e-07,0,0.016111968704349389,0.037571341704060117,2.1997228358152413e-18,0.040894142997574719,0.0148826329227749,0.11909895094369111,5.208093163975339e-06,-0.000205586194715904,0.00026525209041766462,-1.6608576111120634e-20,0.00013283004462050351,9.5279918144660703e-05,-0.00028482590492220927,6.3673007151615313e-10
30,2,lumen,0.0083059210526315805,0.0025000000000000001,0.0083018092105263171,0.0083100328947368438,0.002,0.0030000000000000001,1000150.174277345,1.3037150991376427,12.713047732720588,3163.8157439362467,0.16807943710357867,1173,1173,4.0490674940752756e-05,0.23346625720944811,0.59999999999999998,2,500000,0.00035,0.0001,0.077124819465914637,0.16513944273296097,1.0315419497419821e-17,0.18209747404707272,0.067541817542582996,0.54612510222828792,2.3657333210483366e-05,0.06111646894269343,0.074952717530132482,4.0983942888222639e-18,0.052603192064538708,0.42592378490752109,0.38539630822454263,7.5283305715582231e-06,0.27242609658748262,0.0015560841138349641,1.0580951832594613e-09,0.0019883711984193335,2.0095334702305429e-05,0.38967995124450033,7.3523397861647281e-05,8.2818538350596368e-07,2.7921413743381096e-10,3.2568158025868049e-12,2.9727552425497714e-10,7.2245215150955208e-11,6.2400617695114575e-08,0.33425498582709384,nan,nan,nan,nan,nan,nan,nan,nan,nan,nan,nan,nan,nan,nan,0,0,0,0,0,0,0,5.8427578583121241e-11,-1.0652831179136175e-12,-4.8881637532762396e-12,-8.7504070359871639e-11,-9.1940344226770776e-16,1.6309188396491925e-10,8.483788217842766e-13,-1.0561972303702039e-13,-5.9091842291673671e-17,-3.0873424937497585e-18,1.0919396302750831e-17,-1.4538260300869925e-17,3.6818690966654058e-14,-1.2884021645361578e-10,nan,nan,nan,nan,nan,nan,nan,nan,nan,nan,nan,nan,nan,nan,-1.9972957626766125e-07,1.7065118512737953e-07,-1.3896332870627321e-23,2.8920257175956645e-08,6.2809391872253872e-07,-2.2856714210206519e-07,0,0.016987950918213153,0.036099926662490671,2.2725790042253759e-18,0.039901876969295605,0.014714741236790096,0.1198495398406469,5.1867630921444695e-06,-0.00039789072380748002,0.0005339887821301496,-3.3237859085708845e-20,0.0002727667821478418,0.00017741171300546745,-0.00053567965902809507,-1.2711118203998926e-10
30,3,support,0.0083059210526315805,0.0035000000000000001,0.0083018092105263171,0.0083100328947368438,0.0030000000000000001,0.0040000000000000001,1001230.7681434551,1.300639662563287,12.669369532405838,3200.4928655134399,0.16825457024411211,1173,1173,4.0351839984809303e-05,0.23337384827823537,0.40000000000000002,2,300000,0.00033700000000000001,0.0001,0.085675176513189205,0.15326439683801635,1.1070294459527333e-17,0.17468983919357417,0.06679943844582685,0.55871283649930936,2.3741686681020705e-05,0.067658821355088924,0.069323930014356383,4.3832005544189244e-18,0.050289943563815213,0.41979502491437398,0.39292475093579765,7.5292165678210073e-06,nan,nan,nan,nan,nan,nan,nan,nan,nan,nan,nan,nan,nan,nan,0.27489982692913129,0.0016351821741125273,1.1912359123167824e-09,0.0020616103782004759,1.9552021048726952e-05,0.38174649241907005,7.6744291401866906e-05,7.5310277660237367e-07,2.608723128864451e-10,3.500349659400893e-12,3.3198593315954226e-10,8.0751655988533576e-11,6.0307857217939351e-08,0.33955977650807662,0,0,0,0,0,0,0,nan,nan,nan,nan,nan,nan,nan,nan,nan,nan,nan,nan,nan,nan,2.3886488590969879e-11,-1.1791927760493072e-12,-6.1577151587919627e-12,-1.295810743522781e-10,3.9828166806255005e-15,1.33970866084826e-10,8.7719035114778057e-13,-1.7972277312205964e-13,-1.5339756097203296e-16,-4.1935241443493298e-18,1.5105708062237681e-17,-2.0746554812804906e-17,3.268727829665076e-14,-2.1673302240875635e-11,-2.3094707444354379e-07,2.0098182895722516e-07,-7.4213808773105477e-23,2.9837575535567656e-08,7.2268478830406213e-07,-2.6066114106049199e-07,0,0.018795389611259671,0.033494904922090618,2.427526462113931e-18,0.038223271490182092,0.014574302380449849,0.1223567482769624,5.1968795989731173e-06,-1.5662244983735203e-05,-3.7387490139800151e-06,-1.5827439526437109e-20,-7.064980214812644e-05,6.6935858016463714e-05,-0.0001006410532273213,-5.0138298725739142e-09
30,4,support,0.0083059210526315805,0.0045000000000000005,0.0083018092105263171,0.0083100328947368438,0.0040000000000000001,0.0050000000000000001,1000909.6126323672,1.6097460626592361,15.685367862995104,2714.061700980807,0.13818506278343129,1173,1173,4.1286059233958834e-05,0.20526178259570779,0.40000000000000002,2,300000,0.00033700000000000001,0.0001,0.081023786634748837,0.12694939038850078,2.1364006592568518e-17,0.21646053030694518,0.040572368938243557,0.52471693451818469,2.3173063122879946e-05,0.079217596398358264,0.071090606505769718,1.0472601488589592e-17,0.077149288683756409,0.31567089874479481,0.45686251134392675,9.098323394112091e-06,nan,nan,nan,nan,nan,nan,nan,nan,nan,nan,nan,nan,nan,nan,0.24911474696551286,0.0026425676388951856,1.4572909145603811e-09,0.0025045933288926534,3.2385579784766972e-05,0.39069410597506105,0.00010753185775265663,5.2194409021152381e-07,2.4234976244883234e-10,4.2777968060646774e-12,3.9790444174944726e-10,1.0569360394392527e-10,8.6623390957942997e-08,0.35490345787910305,0,0,0,0,0,0,0,nan,nan,nan,nan,nan,nan,nan,nan,nan,nan,nan,nan,nan,nan,-5.5845473487912365e-11,-4.5317774738981523e-13,-7.6280650928637075e-12,-2.7220358819323035e-10,7.8193744881827065e-15,5.0383586192026542e-11,3.6292117742146432e-13,-2.4793134125594696e-13,-3.6591268179797175e-16,-2.5679285160168924e-18,7.3972672515594803e-18,-1.6323935905381497e-17,-1.9606360299679694e-13,2.8581989501006534e-10,-3.3903768715398686e-07,1.6629455801275839e-07,5.0130750732576602e-23,1.7270081018833209e-07,1.1898645647656636e-06,-5.1147389124039933e-07,0,0.018128700011676855,0.028282782906135565,4.7698779785051376e-18,0.048252472569599546,0.0090567324879598319,0.11715503184066993,5.1699839435629927e-06,0,0,0,0,0,0,0
31,0,lumen,0.0083141447368421072,0.00050000000000000001,0.0083100328947368438,0.0083182565789473688,0,0.001,1000151.1007192753,1.3583533227672622,13.245834650169529,3018.311260303848,0.16887901182587423,1173,1173,4.0583022373932216e-05,0.23369208986906553,0.59999999999999998,2,500000,0.00035,0.0001,0.068280683393179289,0.16659571388649638,9.4121273185713278e-18,0.17962720452455197,0.065559028264074892,0.5168516910157186,2.2725652657087503e-05,0.056375655552367343,0.078782551930292141,3.8962273319626014e-18,0.054064219814228896,0.43074605566057877,0.38002398211794175,7.534924591063001e-06,0.27102705552317197,0.0015009561409806431,9.6555724305236515e-10,0.0019396374249276724,2.0374179531783044e-05,0.39476795163175626,7.1318994936301393e-05,8.8320757200579562e-07,2.9197413277292998e-10,3.0931163423377726e-12,2.7338126601022202e-10,6.6397405140813366e-11,6.3622842684126789e-08,0.33067175767387758,nan,nan,nan,nan,nan,nan,nan,nan,nan,nan,nan,nan,nan,nan,0,0,0,0,0,0,0,-1.171687040121672e-11,-7.8613762875066345e-13,6.5986520768188473e-13,2.0767121600863023e-11,-5.2651025900241066e-15,1.7057466550340905e-12,6.9834315736267307e-13,-3.1114000265120012e-14,-2.6934163967462984e-18,-1.3820159763049718e-18,4.9882562806230149e-18,-6.2748443587656536e-18,8.1327286448573134e-15,-1.1299961134448469e-11,nan,nan,nan,nan,nan,nan,nan,nan,nan,nan,nan,nan,nan,nan,-1.7869020465730023e-07,1.5619781973397195e-07,-1.2834040432022618e-23,2.2490047569229219e-08,5.5856413334887112e-07,-2.0120030569392711e-07,0,0.015750553720605274,0.038133083956068903,2.1706089875730057e-18,0.041209916745555034,0.014959076015026444,0.1187553221928315,5.2165695310512199e-06,-8.1872330312363173e-05,9.8628497758313318e-05,-6.7563827428912975e-21,4.1074666565407715e-05,4.3491152293705811e-05,-0.00011705155916383091,3.8830476362070479e-10
31,1,lumen,0.0083141447368421072,0.0015,0.0083100328947368438,0.0083182565789473688,0.001,0.002,1000150.8413778249,1.4130320567249541,13.779031948730864,2906.5942507551958,0.16871544116536236,1173,1173,4.0559456673137507e-05,0.23358227854182539,0.59999999999999998,2,500000,0.00035,0.0001,0.067194329802531427,0.15806094669172974,9.181870983817456e-18,0.17157850257209945,0.062805485886857998,0.49883274976537795,2.1838433795351101e-05,0.05771195020399171,0.077755331464191016,3.9539125456324027e-18,0.05372050418451587,0.42926527608659809,0.38153940583349494,7.5322272084201911e-06,0.27135567067255256,0.0015165806901644542,9.9134770138336629e-10,0.0019530927473985721,2.0317769657542918e-05,0.39343823484618329,7.1937436501936619e-05,8.6779349098987963e-07,2.8851650314420039e-10,3.1384873363759641e-12,2.8002069984222067e-10,6.8024530074427184e-11,6.3337728429057247e-08,0.33164323307528343,nan,nan,nan,nan,nan,nan,nan,nan,nan,nan,nan,nan,nan,nan,0,0,0,0,0,0,0,2.5658002238101504e-10,-1.0017499802400367e-12,-1.4221646302646268e-11,-4.716441073910969e-10,-1.0151059680330032e-14,2.3950601896714774e-10,8.5929050969900121e-13,-5.5324451617155823e-14,-1.2967727110003642e-17,-1.9816023281839176e-18,6.5044372428960284e-18,-8.3988713556772904e-18,2.2438826472535154e-14,-1.003477873464158e-11,nan,nan,nan,nan,nan,nan,nan,nan,nan,nan,nan,nan,nan,nan,-1.8448786429873382e-07,1.6022005155935659e-07,-4.4170009247307689e-25,2.4042571385977725e-08,5.7742002348981636e-07,-2.0807293837910024e-07,0,0.016101602244784394,0.037587453376844222,2.1988511377644255e-18,0.040897260882054254,0.014886616362504022,0.11908599071278685,5.2080882540700336e-06,-0.00020557487412026983,0.00026539580802554093,-1.6543432652445573e-20,0.00013287541033705117,9.5226835151150289e-05,-0.0002856797992725017,6.3481061399664869e-10
31,2,lumen,0.0083141447368421072,0.0025000000000000001,0.0083100328947368438,0.0083182565789473688,0.002,0.0030000000000000001,1000150.0768042965,1.3095978259011396,12.770413800487733,3149.3870322483876,0.1680984883126708,1173,1173,4.0490914117039164e-05,0.23348098824570429,0.59999999999999998,2,500000,0.00035,0.0001,0.076725272307706704,0.16445900168157726,1.0261380322232425e-17,0.18128213386111111,0.067251686876201644,0.54357228196240681,2.3549441733461659e-05,0.06107420534342186,0.074980703487641909,4.095320735017508e-18,0.052603964280983392,0.42600787211801849,0.38532572695727613,7.5278126584926286e-06,0.27242558746247497,0.0015553357477509828,1.057257108574752e-09,0.0019878070348760758,2.0093170413664322e-05,0.38971539958749235,7.3495288182775563e-05,8.2872634494245646e-07,2.7931784169268592e-10,3.2552970794783534e-12,2.9706179139876595e-10,7.2190474988210151e-11,6.2400046448329441e-08,0.33422138887333513,nan,nan,nan,nan,nan,nan,nan,nan,nan,nan,nan,nan,nan,nan,0,0,0,0,0,0,0,-4.8349286697497777e-11,-1.0398748805013457e-12,6.0575412912517657e-12,1.3733096017293381e-10,-1.8388068845354155e-16,-1.3345530518356352e-10,8.2931185983616025e-13,-1.0261106200837311e-13,-5.6717611680555646e-17,-3.0220624693257562e-18,1.0746344431738026e-17,-1.4282331485300722e-17,3.5276368677779571e-14,3.8694242074906546e-11,nan,nan,nan,nan,nan,nan,nan,nan,nan,nan,nan,nan,nan,nan,-1.995372929611966e-07,1.7079922554064098e-07,-1.4848307930626549e-23,2.8865532760451951e-08,6.2748290854952593e-07,-2.2853402625866437e-07,0,0.01697736312629073,0.036116056534288191,2.2708798822719405e-18,0.039905283766405168,0.014718817350269066,0.11983604374104485,5.1867685772795063e-06,-0.00039766720598529093,0.00053390339569586991,-3.3291510966162897e-20,0.00027253821066152562,0.00017734927031671998,-0.00053669908506029027,-1.3017066510888247e-10
31,3,support,0.0083141447368421072,0.0035000000000000001,0.0083100328947368438,0.0083182565789473688,0.0030000000000000001,0.0040000000000000001,1001229.9716769577,1.2998380752201497,12.66157144170127,3202.2284532133385,0.16826519327635267,1173,1173,4.035220268510421e-05,0.23338839860201141,0.40000000000000002,2,300000,0.00033700000000000001,0.0001,0.085667832578426723,0.15342793411652608,1.1070460831606305e-17,0.17481083236272221,0.066854562767916931,0.55894952576348167,2.3754741838146545e-05,0.067611380817020089,0.069355185611175679,4.3805684952790446e-18,0.050293799966912939,0.41988284855638985,0.39284925632857998,7.5287199214734069e-06,nan,nan,nan,nan,nan,nan,nan,nan,nan,nan,nan,nan,nan,nan,0.27489696066416319,0.0016343387756614701,1.1902632818953002e-09,0.0020609763970617055,1.9550734593225314e-05,0.38178978517042406,7.6712700238580289e-05,7.5365750927595709e-07,2.6098700164640563e-10,3.4984667230906477e-12,3.3173508884278723e-10,8.0686915026457647e-11,6.0310165357669739e-08,0.3395208597229955,0,0,0,0,0,0,0,nan,nan,nan,nan,nan,nan,nan,nan,nan,nan,nan,nan,nan,nan,-1.6750659256523564e-11,-1.1656785108289064e-12,-3.975965714300172e-13,-3.7260890013581859e-11,3.563555700525356e-15,-2.9014221580858646e-11,8.6805966789366354e-13,-1.7816672616410845e-13,-1.525328922239263e-16,-4.1508100949430885e-18,1.4938937077013568e-17,-2.0507089579762499e-17,3.1756261519927614e-14,8.3864193168825151e-11,-2.3070865133329593e-07,2.0096498043464806e-07,-9.4124446498453584e-23,2.9773225694768909e-08,7.2190821387430049e-07,-2.6044492962284949e-07,0,0.018783600867820112,0.033512590906992094,2.4364705587733887e-18,0.038229091031049128,0.014578513927467797,0.12234233292484392,5.1969258597756383e-06,-1.5660959290765983e-05,-3.7536041308459308e-06,-1.5833400066566646e-20,-7.0737159792218462e-05,6.6998079322074081e-05,-0.00010063170559002862,-5.019551913440674e-09
31,4,support,0.0083141447368421072,0.0045000000000000005,0.0083100328947368438,0.0083182565789473688,0.0040000000000000001,0.0050000000000000001,1000908.9410700048,1.6047131938022048,15.636338073118141,2722.4754719494199,0.1391364068481882,1173,1173,4.1287536411887707e-05,0.20525007048401778,0.40000000000000002,2,300000,0.00033700000000000001,0.0001,0.081228375454224636,0.12741632061012187,2.142947243389019e-17,0.21725112983900791,0.040699402557009205,0.52632939035348214,2.324876317939724e-05,0.079169378528481438,0.071129049092919547,1.0471856856830827e-17,0.077189032082746981,0.31566945325164925,0.45683398753179089,9.099512411887766e-06,nan,nan,nan,nan,nan,nan,nan,nan,nan,nan,nan,nan,nan,nan,0.24909074696968919,0.002642167218124384,1.4562664548606738e-09,0.0025042005861304318,3.2398165917779018e-05,0.39075216122279149,0.00010751528091579252,5.2220702186171098e-07,2.4245728915843899e-10,4.2753104512027054e-12,3.9762692117417159e-10,1.0562096339727801e-10,8.6656816536319359e-08,0.35487019948634663,0,0,0,0,0,0,0,nan,nan,nan,nan,nan,nan,nan,nan,nan,nan,nan,nan,nan,nan,-1.0462578826150162e-12,-4.4191867069997655e-13,-5.4667808468337105e-11,-6.2536609154152225e-10,2.3665748180579094e-14,1.6826072253171495e-09,3.5208910983765726e-13,-2.4884022793714156e-13,-3.6811041269418748e-16,-2.5268160110611759e-18,7.1536408476715341e-18,-1.6082272349388351e-17,-1.9737019070424496e-13,-1.0010144107701602e-09,-3.3871573785516917e-07,1.6443883504857482e-07,3.8733394315497804e-23,1.726493863259036e-07,1.1889610345983126e-06,-5.1079441121260061e-07,0,0.018115176164032291,0.028294236076461997,4.7655816923089846e-18,0.048270701975597671,0.0090554935542987592,0.1171315651685248,5.1699472780476278e-06,0,0,0,0,0,0,0
32,0,lumen,0.0083223684210526321,0.00050000000000000001,0.0083182565789473688,0.0083264802631578955,0,0.001,1000151.0025492281,1.3585994657431215,13.248236187003931,3017.5628689150785,0.168932280443473,1173,1173,4.0583282021692167e-05,0.23370571633820264,0.59999999999999998,2,500000,0.00035,0.0001,0.068218602642397735,0.16662476206013185,9.4035685550084825e-18,0.1795968486980678,0.065559231480301863,0.51666679344532607,2.2719942800646259e-05,0.056334610743243516,0.078810574879541545,3.8933901249276713e-18,0.054064883773628392,0.43082548754439604,0.37995690866198467,7.5343972059619822e-06,0.27102606387499606,0.0015002708569431394,9.6476174514252705e-10,0.0019391091180254328,2.0372121189087256e-05,0.39480186120711813,7.1293001867572174e-05,8.8375567602253198e-07,2.9207689044853997e-10,3.0917501404821126e-12,2.7317953614880165e-10,6.6346426194985341e-11,6.362227205472523e-08,0.33064008084245627,nan,nan,nan,nan,nan,nan,nan,nan,nan,nan,nan,nan,nan,nan,0,0,0,0,0,0,0,1.4142791210238064e-12,-7.9091701075632782e-13,-1.6157700473488693e-14,1.6875818983255274e-14,-5.6627879468917897e-15,8.3774090095523057e-13,7.0428912397813621e-13,-3.0374574383484898e-14,-2.6812928757972032e-18,-1.3890051419555106e-18,5.0371583195577491e-18,-6.3295778659225217e-18,8.1241976209039267e-15,-2.1382619572095335e-12,nan,nan,nan,nan,nan,nan,nan,nan,nan,nan,nan,nan,nan,nan,-1.7850298218539951e-07,1.5605638753468654e-07,-1.2251778779907042e-23,2.2445800955964882e-08,5.5795367885635994e-07,-2.0094876240772663e-07,0,0.015740125238431216,0.038149434581776574,2.1691081310030319e-18,0.041213302187884611,0.014962986495575616,0.1187423608253932,5.2165631382235388e-06,-8.1879076185421056e-05,9.867481031717783e-05,-6.7846353804157292e-21,4.1121482021648475e-05,4.3449899190228986e-05,-0.00011699415635199648,3.8884825866352414e-10
32,1,lumen,0.0083223684210526321,0.0015,0.0083182565789473688,0.0083264802631578955,0.001,0.002,1000150.743389591,1.4124838028655116,13.773687058935094,2907.5272323163795,0.16866622578784093,1173,1173,4.0559692299127451e-05,0.23359641368208273,0.59999999999999998,2,500000,0.00035,0.0001,0.067172654254981992,0.15817836646948699,9.1793946897696407e-18,0.17164601199523555,0.062841714369812576,0.49893753929276685,2.184536810713155e-05,0.057670954224656665,0.077782910362165864,3.9513128897849124e-18,0.053720794704187641,0.42934628371864242,0.38147152529412726,7.5316962201469641e-06,0.27135515268343757,0.0015158789830911387,9.9054810135162167e-10,0.0019525572223872861,2.031557197074959e-05,0.3934719221035704,7.19109322556778e-05,8.6833576602706434e-07,2.8861825737276951e-10,3.1370923552231949e-12,2.7981769567438013e-10,6.7972975854232563e-11,6.3336844639027619e-08,0.33161132920058317,nan,nan,nan,nan,nan,nan,nan,nan,nan,nan,nan,nan,nan,nan,0,0,0,0,0,0,0,-5.8133473366726459e-12,-1.0203190838775456e-12,7.3143200083680284e-13,3.0341192224188421e-11,-4.9030874846311967e-15,-7.6327464314240867e-13,8.7452309619208331e-13,-5.684081677559405e-14,-1.3392705366869539e-17,-2.0141080253283683e-18,6.6037182517492102e-18,-8.5270522586001821e-18,2.300901812930673e-14,-2.4311552941785383e-11,nan,nan,nan,nan,nan,nan,nan,nan,nan,nan,nan,nan,nan,nan,-1.8431331712340931e-07,1.6031491700818634e-07,-6.8804895707958622e-24,2.3998470635738737e-08,5.7693861481300512e-07,-2.0834132669067529e-07,0,0.016091249626523092,0.037603545628425578,2.1982040038647682e-18,0.040900372274678173,0.014890592276615138,0.11907306956455625,5.2080834894589045e-06,-0.00020555801371093896,0.00026553038310745184,-1.6493762368336066e-20,0.00013291626654140905,9.5174749089704404e-05,-0.00028645407083438936,6.334403829433552e-10
32,2,lumen,0.0083223684210526321,0.0025000000000000001,0.0083182565789473688,0.0083264802631578955,0.002,0.0030000000000000001,1000149.9793241536,1.3174917279300218,12.847391658319083,3130.3019334557302,0.16810192168732824,1173,1173,4.049115291899639e-05,0.23349568803755433,0.59999999999999998,2,500000,0.00035,0.0001,0.076212827905646111,0.16353441473748989,1.0192341167179153e-17,0.18019844716557945,0.066861896962882389,0.54021681066378724,2.3406719695844098e-05,0.061031979647940264,0.075008592493628026,4.0922869832476909e-18,0.052604695106844457,0.4260917546132566,0.38525545084683205,7.5272914985982596e-06,0.27242509895954126,0.0015545902536491869,1.0564202066977793e-09,0.0019872452084812495,2.0091009949519552e-05,0.38975070632560022,7.3467288843896033e-05,8.2926568877522328e-07,2.7942120505463713e-10,3.2537803829442669e-12,2.9684836022136216e-10,7.2135823793322089e-11,6.2399470294599461e-08,0.334187907580697,nan,nan,nan,nan,nan,nan,nan,nan,nan,nan,nan,nan,nan,nan,0,0,0,0,0,0,0,3.1319965804131949e-11,-1.0512750055434105e-12,-2.178018166540065e-12,-2.8681367213803873e-11,-7.7206036702692771e-16,8.2471728231336972e-11,8.3837128569266461e-13,-1.0348362791678944e-13,-5.7124278691900244e-17,-3.0493579690492371e-18,1.0802684478740837e-17,-1.4365748229830297e-17,3.585985600025843e-14,-8.2650775292526461e-11,nan,nan,nan,nan,nan,nan,nan,nan,nan,nan,nan,nan,nan,nan,-1.9932625782391467e-07,1.7043371591807244e-07,-1.6391789705366403e-23,2.8812316700043338e-08,6.2678145287820008e-07,-2.281119968472467e-07,0,0.016966785901676731,0.036132171459510594,2.2689306701886464e-18,0.039908683008758085,0.014722889157649688,0.11982256918577193,5.1867740551002367e-06,-0.00039746345920137785,0.00053386568557586421,-3.2692552472952627e-20,0.00027233683283905421,0.00017729012198259975,-0.00053805642650232486,-1.3390821890500432e-10
32,3,support,0.0083223684210526321,0.0035000000000000001,0.0083182565789473688,0.0083264802631578955,0.0030000000000000001,0.0040000000000000001,1001229.1751425314,1.298548316675695,12.649018116797084,3205.1709360668665,0.16828024684852622,1173,1173,4.0352565171721031e-05,0.23340292858249861,0.40000000000000002,2,300000,0.00033700000000000001,0.0001,0.085692753793366883,0.15364937974433984,1.1060746371939235e-17,0.17499773817440456,0.066934892475453922,0.5593968141282829,2.3776752952378873e-05,0.067563996460171402,0.069386425848653691,4.3723851879479029e-18,0.050297656401339631,0.41997056923009995,0.39277382383498316,7.5282247522715623e-06,nan,nan,nan,nan,nan,nan,nan,nan,nan,nan,nan,nan,nan,nan,0.27489408663519138,0.0016334966723428193,1.1892919876645528e-09,0.0020603431001104447,1.954945021444305e-05,0.38183303975215477,7.6681151371331912e-05,7.5421210891290246e-07,2.6110162253160037e-10,3.4965875772873826e-12,3.3148460591562082e-10,8.0622277263285648e-11,6.0312471010041383e-08,0.33948198684803865,0,0,0,0,0,0,0,nan,nan,nan,nan,nan,nan,nan,nan,nan,nan,nan,nan,nan,nan,-3.6151209914389534e-11,-1.1693536063160338e-12,2.6837703873759986e-12,1.4297386610117894e-11,3.2206225533681909e-15,-1.3726699963322042e-10,8.7118901245025797e-13,-1.7777944914809662e-13,-1.518954405292097e-16,-4.1623663024701173e-18,1.50642375173237e-17,-2.0660802769385032e-17,3.2331274935119286e-14,1.5687734424990067e-10,-2.3046796332037295e-07,2.0089382402055378e-07,1.2031315040797369e-23,2.9708864830372102e-08,7.2112224258624735e-07,-2.6018835697083631e-07,0,0.01877182287146514,0.033530264737046678,2.4219942873601767e-18,0.038234902989319489,0.014582720790746661,0.12232791920853502,5.1969721413803398e-06,-1.5658582135889337e-05,-3.768055521213614e-06,-1.5858907832305385e-20,-7.0814058582957743e-05,6.7056877199146684e-05,-0.00010053132687878952,-5.0252772649705498e-09
32,4,support,0.0083223684210526321,0.0045000000000000005,0.0083182565789473688,0.0083264802631578955,0.0040000000000000001,0.0050000000000000001,1000908.2695750581,1.5966419198914859,15.557701953621836,2736.1393402964582,0.13814729312198998,1173,1173,4.1289015024195115e-05,0.20523832540851356,0.40000000000000002,2,300000,0.00033700000000000001,0.0001,0.081589240988178838,0.12812960162894441,2.1540304434697901e-17,0.21846190895647583,0.040904917199161506,0.52895663503875834,2.3369333098940699e-05,0.079121180197987445,0.071167517086019844,1.0473080704584931e-17,0.077228868362474043,0.31566791181653492,0.45680542183312367,9.1007038600307668e-06,nan,nan,nan,nan,nan,nan,nan,nan,nan,nan,nan,nan,nan,nan,0.24906671798406768,0.0026417674711243775,1.4552425531490545e-09,0.002503807726669807,3.2410767056249562e-05,0.3908102325926871,0.00010749871529489144,5.2247003167074834e-07,2.4256485152524917e-10,4.2728259880856352e-12,3.9734954320464901e-10,1.0554837067248134e-10,8.6690268659801234e-08,0.35483695337781818,0,0,0,0,0,0,0,nan,nan,nan,nan,nan,nan,nan,nan,nan,nan,nan,nan,nan,nan,-6.0587336367125046e-11,-4.4676684670775848e-13,-5.7827672253277788e-12,-2.364318309637575e-10,6.8336178729588859e-15,-4.8310339561229154e-11,3.5611960387382421e-13,-2.5023527087247865e-13,-3.7020637225091837e-16,-2.5451802930769054e-18,7.2192362702469892e-18,-1.6208857297792201e-17,-1.9806465886401809e-13,3.5164493487353556e-10,-3.3848993957665691e-07,1.6594893681443068e-07,-2.1312491476503613e-23,1.7259553773198984e-07,1.1881128879481784e-06,-5.1085479657597688e-07,0,0.018101664629617063,0.028305672077193787,4.7615370013734547e-18,0.048288922620378073,0.009054250590626851,0.11710811665385878,5.1699105288456653e-06,0,0,0,0,0,0,0
33,0,lumen,0.0083305921052631571,0.00050000000000000001,0.0083264802631578955,0.0083347039473684204,0,0.001,1000150.9043717744,1.3587989703503225,13.250182935340492,3016.9185507714633,0.16890233908691846,1173,1173,4.0583541192366353e-05,0.23371932581434371,0.59999999999999998,2,500000,0.00035,0.0001,0.068158946911714188,0.1666594365224304,9.395383175448584e-18,0.17957263503005047,0.065561668651266558,0.51649983057140691,2.2715015339004998e-05,0.056293618105115864,0.078838558437092796,3.8905727177421708e-18,0.054065538056518009,0.43090481308306539,0.37988993844815494,7.5338700530883986e-06,0.27102507618640087,0.0014995869003493741,9.6396743387324681e-10,0.0019385817221515601,2.0370064073554561e-05,0.39483571024369724,7.1267056480068757e-05,8.8430324286647379e-07,2.9217950561729525e-10,3.0903867079875846e-12,2.7297811989527431e-10,6.6295533389074501e-11,6.3621695699456333e-08,0.33060845830339775,nan,nan,nan,nan,nan,nan,nan,nan,nan,nan,nan,nan,nan,nan,0,0,0,0,0,0,0,3.130517769861195e-11,-7.7396424600384209e-13,-1.4662031599499065e-12,-5.0635510786732513e-11,-6.461953368230855e-15,6.192425695480952e-12,6.9090837390130846e-13,-2.8714227176540597e-14,-2.3972829974165354e-18,-1.354803504835476e-18,4.9647108946794227e-18,-6.2272690916840603e-18,7.4990571637823219e-15,1.4714840290026605e-11,nan,nan,nan,nan,nan,nan,nan,nan,nan,nan,nan,nan,nan,nan,-1.7831532667274275e-07,1.559088860791924e-07,-1.1964458569322343e-23,2.2401742102214597e-08,5.5733606564578597e-07,-2.0066784617300826e-07,0,0.015729709158566585,0.038165767868609937,2.1676456002100532e-18,0.041216678684795213,0.014966892784192411,0.11872941703527684,5.2165567266737166e-06,-8.1889113785077783e-05,9.8730104573100096e-05,-6.7915844940818415e-21,4.1172081344072345e-05,4.3410174119929507e-05,-0.00011699930953292178,3.8927931409060097e-10
33,1,lumen,0.0083305921052631571,0.0015,0.0083264802631578955,0.0083347039473684204,0.001,0.002,1000150.6453938733,1.4135260980251494,13.783852240978026,2905.1884819011343,0.16873925041126939,1173,1173,4.0559927613178587e-05,0.23361052993611753,0.59999999999999998,2,500000,0.00035,0.0001,0.067075464080633168,0.15811770385958307,9.1662139764439269e-18,0.17152034908784547,0.062807203304135348,0.49848097255162777,2.1827721762198503e-05,0.057630012209840847,0.07781046293049676,3.9485511300859651e-18,0.053721083145443715,0.42942718750658165,0.38140372304139109,7.5311662459906044e-06,0.2713546310183646,0.0015151784809093391,9.8974970151704586e-10,0.0019520224326123074,2.0313376873534167e-05,0.39350556613345611,7.1884469487701786e-05,8.6887769087666822e-07,2.887199093174659e-10,3.1357003759783582e-12,2.7961501035422796e-10,6.7921509758806789e-11,6.3335959349251208e-08,0.3315794702455041,nan,nan,nan,nan,nan,nan,nan,nan,nan,nan,nan,nan,nan,nan,0,0,0,0,0,0,0,5.544598632655441e-11,-1.0123402164512025e-12,-2.5550805516790546e-12,-8.7566595253443765e-11,-6.0486555000793807e-15,4.2122771199901154e-11,8.6743585573650786e-13,-5.6704424142295373e-14,-1.3252691916702714e-17,-1.9983414038599593e-18,6.517549348074701e-18,-8.4217067750860678e-18,2.2755001027343112e-14,-7.2619967303427007e-12,nan,nan,nan,nan,nan,nan,nan,nan,nan,nan,nan,nan,nan,nan,-1.8412087070696775e-07,1.6012689385558332e-07,-9.6894635290573957e-24,2.3954449145253384e-08,5.7629648693435787e-07,-2.0799023686679519e-07,0,0.016080907816352963,0.037619622700239719,2.1970741381413747e-18,0.040903475589544422,0.014894565157770023,0.11906015325250219,5.2080786771934943e-06,-0.00020549430319447413,0.00026552281464965814,-1.6475822323350592e-20,0.00013287875180008178,9.5104444113476073e-05,-0.00028635027626668579,6.3242415223314741e-10
33,2,lumen,0.0083305921052631571,0.0025000000000000001,0.0083264802631578955,0.0083347039473684204,0.002,0.0030000000000000001,1000149.8818366977,1.3167865443008862,12.840516380768712,3131.7632759412572,0.16812172506910636,1173,1173,4.0491391563501305e-05,0.23351036187819724,0.59999999999999998,2,500000,0.00035,0.0001,0.076200921268897007,0.16368268808444192,1.0190511479360539e-17,0.18029735567114227,0.066910842934110856,0.54040774701244687,2.3417626501528329e-05,0.060989788554692941,0.075036424048430292,4.0893627595206136e-18,0.052605402279183471,0.42617548350520479,0.38518537484361021,7.5267688783879348e-06,0.27242461665640549,0.0015538468357004049,1.0555842933006006e-09,0.0019866849469843753,2.0088853748528845e-05,0.38978592559424768,7.3439366773787624e-05,8.2980408530746012e-07,2.7952436059580327e-10,3.2522658280746863e-12,2.9663518807338737e-10,7.2081249576394019e-11,6.2398894351606488e-08,0.33415450383608286,nan,nan,nan,nan,nan,nan,nan,nan,nan,nan,nan,nan,nan,nan,0,0,0,0,0,0,0,1.8944964546538171e-11,-1.0415191973878785e-12,-8.2228147962699919e-13,-3.2627070816448871e-12,-7.2836701947576188e-16,5.0001495782367456e-11,8.3023978218687371e-13,-1.0292960060664935e-13,-5.6638822623812394e-17,-3.0288750383778635e-18,1.0691197024082152e-17,-1.4215883149040846e-17,3.5459074667968373e-14,-6.4581951077738945e-11,nan,nan,nan,nan,nan,nan,nan,nan,nan,nan,nan,nan,nan,nan,-1.991251658345003e-07,1.7031592292049424e-07,-2.0128632882758925e-23,2.8760131969561292e-08,6.2612811739526375e-07,-2.2788278375429627e-07,0,0.016956219572204209,0.036148272808418917,2.2665004612005119e-18,0.039912076879746697,0.014726955654541412,0.11980910479587654,5.1867795860058745e-06,-0.00039712940567668823,0.00053344066871076248,-3.2723729299871757e-20,0.00027190822713138267,0.00017718286476376536,-0.00053692220076654814,-1.3819966444371678e-10
33,3,support,0.0083305921052631571,0.0035000000000000001,0.0083264802631578955,0.0083347039473684204,0.0030000000000000001,0.0040000000000000001,1001228.3785399959,1.2959080733393662,12.623309836631476,3211.4627520885206,0.16829094631713165,1173,1173,4.0352927586657179e-05,0.23341743871982945,0.40000000000000002,2,300000,0.00033700000000000001,0.0001,0.08580712563785034,0.15403161910624824,1.1076490233382215e-17,0.17536761513859314,0.067085205595548716,0.56042844121772584,2.3823616497172142e-05,0.067516669769827911,0.069417666998078414,4.3697096105508524e-18,0.050301523352169003,0.42005820222556306,0.39269840992238486,7.5277319767932166e-06,nan,nan,nan,nan,nan,nan,nan,nan,nan,nan,nan,nan,nan,nan,0.27489119700507036,0.0016326555416047977,1.1883219939286427e-09,0.0020597101592084465,1.9548168727466189e-05,0.38187628073455049,7.6649631128741002e-05,7.5476683092341649e-07,2.6121623003671039e-10,3.4947123326571955e-12,3.3123447609628985e-10,8.055774009524149e-11,6.031477779195989e-08,0.33944314181327595,0,0,0,0,0,0,0,nan,nan,nan,nan,nan,nan,nan,nan,nan,nan,nan,nan,nan,nan,-1.927972124340876e-10,-1.1408326869168442e-12,2.7312858234532189e-11,4.213263088036939e-10,4.8366258914578353e-16,-9.77453850064397e-10,8.5075189638427729e-13,-1.7326526498273598e-13,-1.4757246105833865e-16,-4.0869713681129745e-18,1.4855410188215553e-17,-2.0345169814960553e-17,3.0958097618268545e-14,7.2204397996322217e-10,-2.302492109716725e-07,2.0155527502563331e-07,-6.6426111808772949e-24,2.9644218915894391e-08,7.2040578570631286e-07,-2.6028735794492164e-07,0,0.018760057734546601,0.033547922372710072,2.4194682412094289e-18,0.038240705520182453,0.014586921687822704,0.12231352993268294,5.1970184605637369e-06,-1.5658564204288918e-05,-3.7835503451392571e-06,-1.5876204386153759e-20,-7.091509674159017e-05,6.7123401678263514e-05,-0.00010063623476226707,-5.03099808480463e-09
33,4,support,0.0083305921052631571,0.0045000000000000005,0.0083264802631578955,0.0083347039473684204,0.0040000000000000001,0.0050000000000000001,1000907.5981478945,1.6040868349238875,15.630255798400295,2723.3423553754342,0.13909851348475427,1173,1173,4.1290493267815095e-05,0.20522656162800068,0.40000000000000002,2,300000,0.00033700000000000001,0.0001,0.081161102948394431,0.12760373168937267,2.1447631172238345e-17,0.21756005500478146,0.040714829364892548,0.52646840858371147,2.3263903105593859e-05,0.079073041199507907,0.071205960983053651,1.0476653587468883e-17,0.077268724834437794,0.31566626873089798,0.45677690235582191,9.1018962805915162e-06,nan,nan,nan,nan,nan,nan,nan,nan,nan,nan,nan,nan,nan,nan,0.24904268917209069,0.002641369296911813,1.4542201495626413e-09,0.0025034155553669739,3.2423371164324079e-05,0.39086824425913191,0.00010748219644935452,5.2273270347316714e-07,2.426723058118593e-10,4.2703456664917481e-12,3.9707256964385912e-10,1.0547589486110107e-10,8.6723714472098562e-08,0.35480376448875572,0,0,0,0,0,0,0,nan,nan,nan,nan,nan,nan,nan,nan,nan,nan,nan,nan,nan,nan,-8.9763205121687694e-11,-4.3122115944233224e-13,1.9064158417583281e-11,-5.6604062235313623e-11,-1.7056668577541956e-15,-8.9519362853496959e-10,3.4538727579060821e-13,-2.4665924684696972e-13,-3.650168885181614e-16,-2.4789834778843816e-18,6.976348745441206e-18,-1.5795970456927875e-17,-1.9804688030957639e-13,1.0230293829100607e-09,-3.3824060720940435e-07,1.6657634377414965e-07,-1.3929400769370489e-22,1.7254083970938888e-07,1.1872502380660954e-06,-5.1070573980904754e-07,0,0.018088163836061714,0.028317093102986302,4.7639858809641043e-18,0.048307137329889935,0.0090530037920544745,0.11708468088851856,5.1698737435076806e-06,0,0,0,0,0,0,0
34,0,lumen,0.0083388157894736838,0.00050000000000000001,0.0083347039473684204,0.0083429276315789471,0,0.001,1000150.8061869009,1.3583001716434515,13.245320253354302,3017.8253405276637,0.16895565618214903,1173,1173,4.0583799911241284e-05,0.23373291873758967,0.59999999999999998,2,500000,0.00035,0.0001,0.06813438156737342,0.16677972332624152,9.3920571280534786e-18,0.1796407089580912,0.065597796213163903,0.51659849007268022,2.2721765822684908e-05,0.056252677437144002,0.078866506505601355,3.8877681260974864e-18,0.05406618465971804,0.43098403708215677,0.37982306097207452,7.533343305211063e-06,0.27102409109567394,0.0014989041942415889,9.6317429412882982e-10,0.0019380551617320231,2.0368008184303464e-05,0.39486950386526903,7.124115555964659e-05,8.8485034078392661e-07,2.9228199129274968e-10,3.0890260664216568e-12,2.7277701394307871e-10,6.6244725769635069e-11,6.3621113980953539e-08,0.33057688645031358,nan,nan,nan,nan,nan,nan,nan,nan,nan,nan,nan,nan,nan,nan,0,0,0,0,0,0,0,1.9791478660444295e-11,-7.7330099361898347e-13,-8.9426075355444224e-13,-3.1205388968644616e-11,-6.1971911977098948e-15,4.4197629497227942e-12,6.9120483349129947e-13,-2.7900858706741971e-14,-2.672845397189082e-18,-1.3548137993566931e-18,5.0356092687643787e-18,-6.3088493789314935e-18,7.5032043024393474e-15,7.9971305683527833e-12,nan,nan,nan,nan,nan,nan,nan,nan,nan,nan,nan,nan,nan,nan,-1.7813002733350208e-07,1.5576872042233347e-07,-1.1828667732454349e-23,2.2357808050823921e-08,5.5674027485408395e-07,-2.0045747134433967e-07,0,0.015719305451664604,0.038182084120220471,2.1662008304666824e-18,0.041220046552576203,0.014970794741745735,0.11871648922401902,5.2165503110677101e-06,-8.1894238374015106e-05,9.8768523517442478e-05,-6.7897288931522496e-21,4.1214700848402969e-05,4.3368029378350341e-05,-0.00011690416859432102,3.896187683578387e-10
34,1,lumen,0.0083388157894736838,0.0015,0.0083347039473684204,0.0083429276315789471,0.001,0.002,1000150.5473906788,1.4129583239430628,13.778317001380469,2906.1612238207654,0.16869001174547604,1173,1173,4.0560162690182558e-05,0.23362462674896911,0.59999999999999998,2,500000,0.00035,0.0001,0.067054799199976992,0.15823718949956056,9.1633378394565101e-18,0.17159017268370977,0.062844257646070392,0.4985926792572794,2.1834957100799539e-05,0.057589121725437668,0.077837992086128474,3.9457270311512155e-18,0.053721370482350629,0.42950798787896144,0.38133599718980915,7.5306373127999872e-06,0.27135410414763833,0.0015144791546522311,9.8895244748372747e-10,0.0019514883494064425,2.0311184785448471e-05,0.39353917103484592,7.1858046986416862e-05,8.6941930109035292e-07,2.8882146847964035e-10,3.1343113057687444e-12,2.7941262978381211e-10,6.787012838288428e-11,6.3335073994611687e-08,0.3315476536991141,nan,nan,nan,nan,nan,nan,nan,nan,nan,nan,nan,nan,nan,nan,0,0,0,0,0,0,0,3.5808398458607359e-11,-1.026409697479006e-12,-1.6462215135635086e-12,-4.8853942680369656e-11,-5.7375978967932895e-15,3.4273358890529737e-11,8.793301667930239e-13,-5.7641391659757346e-14,-1.3650678391301605e-17,-2.0254846344960708e-18,6.6250563579269929e-18,-8.5622230864418389e-18,2.3146743600897762e-14,-1.9394291898686653e-11,nan,nan,nan,nan,nan,nan,nan,nan,nan,nan,nan,nan,nan,nan,-1.8393294745101818e-07,1.5998982894060987e-07,-1.1028716432942255e-23,2.3910531626666818e-08,5.7569588515771208e-07,-2.0779619930300086e-07,0,0.016070577813216354,0.037635683567644546,2.1957684712704045e-18,0.040906571925601272,0.01489853322471126,0.1190472523212385,5.2080738945746777e-06,-0.00020542506073422339,0.00026549748924357291,-1.6494383730371996e-20,0.00013283145821212696,9.5032024117516368e-05,-0.00028613926009503197,6.3141761616465996e-10
34,2,lumen,0.0083388157894736838,0.0025000000000000001,0.0083347039473684204,0.0083429276315789471,0.002,0.0030000000000000001,1000149.7843417005,1.3165924588347679,12.838625026668254,3132.0101281136008,0.16812595001014102,1173,1173,4.0491629977719712e-05,0.23352501591784031,0.59999999999999998,2,500000,0.00035,0.0001,0.076159489100048883,0.1637674694911514,1.0185346592074505e-17,0.18032633279132806,0.066933831140332703,0.54038914193812781,2.3419453120360603e-05,0.060947648368644004,0.075064231787334026,4.0866880949527448e-18,0.052606107140404298,0.4262591069489397,0.38511537950744551,7.5262472325893751e-06,0.2724241292804348,0.0015531046855586496,1.0547495499364191e-09,0.0019861254415525025,2.0086700426745463e-05,0.38982110292191668,7.3411487929391869e-05,8.3034217281926467e-07,2.7962742169880769e-10,3.2507543289092775e-12,2.9642232843492655e-10,7.2026763442014088e-11,6.2398317721297629e-08,0.33412114503561535,nan,nan,nan,nan,nan,nan,nan,nan,nan,nan,nan,nan,nan,nan,0,0,0,0,0,0,0,5.5822793991535168e-11,-1.0515704991278423e-12,-4.5894704689958959e-12,-8.1361956137803827e-11,-9.8456399283408658e-16,1.5148319686304756e-10,8.3836363756464262e-13,-1.0378850556769237e-13,-5.7093001855566272e-17,-3.0532349678114474e-18,1.0783923143568734e-17,-1.4340471567789328e-17,3.5835605384836596e-14,-1.2107240228328972e-10,nan,nan,nan,nan,nan,nan,nan,nan,nan,nan,nan,nan,nan,nan,-1.9891929885391957e-07,1.7006439129163553e-07,-2.9206778677154731e-23,2.8708082733263003e-08,6.2545132463454056e-07,-2.2755053447065521e-07,0,0.016945664043948556,0.036164358641356302,2.2629576371950549e-18,0.039915463700030886,0.014731017617054957,0.11979566998100635,5.1867851177828416e-06,-0.00039687861946278611,0.00053325108296994634,-3.2803807883351535e-20,0.00027161680947676499,0.00017710727657839674,-0.00053733066409848609,-1.4250577996298827e-10
34,3,support,0.0083388157894736838,0.0035000000000000001,0.0083347039473684204,0.0083429276315789471,0.0030000000000000001,0.0040000000000000001,1001227.5818701303,1.2987905983890415,12.651398289029975,3204.0978132951805,0.16830567611603703,1173,1173,4.0353289626383469e-05,0.23343192578510955,0.40000000000000002,2,300000,0.00033700000000000001,0.0001,0.08555668792793765,0.1537587363300891,1.1046820362580326e-17,0.17499170394527802,0.066950208032218753,0.55907693853910512,2.3769170963943918e-05,0.067469409416354917,0.069448875891820791,4.3677018636905503e-18,0.050305386259349917,0.42014570801042328,0.39262309318177913,7.5272402719624799e-06,nan,nan,nan,nan,nan,nan,nan,nan,nan,nan,nan,nan,nan,nan,0.27488830611052334,0.0016318160357773847,1.187353586373273e-09,0.0020590781993680262,1.9546888448648844e-05,0.38191945836026536,7.6618166456260197e-05,7.5532115755855743e-07,2.6133071074679528e-10,3.4928412544173022e-12,3.3098477155611319e-10,8.0493322494347759e-11,6.0317077619055113e-08,0.3394043587372742,0,0,0,0,0,0,0,nan,nan,nan,nan,nan,nan,nan,nan,nan,nan,nan,nan,nan,nan,-3.9066920283724068e-11,-1.1375510383380672e-12,3.005385707220802e-12,1.5510425790546243e-11,3.1191412300235477e-15,-1.326084047258147e-10,8.5026338459706254e-13,-1.7092533985407776e-13,-1.4538924630299382e-16,-4.0851699787651614e-18,1.4969460610303446e-17,-2.045517303618168e-17,3.0868958546518591e-14,1.5358403418110726e-10,-2.299820055185961e-07,2.0053222321569919e-07,-4.0274072801631176e-23,2.9579522380916372e-08,7.1953553336390197e-07,-2.5957395055620225e-07,0,0.018748303397483956,0.033565567367454072,2.4076483726068829e-18,0.038246500476120021,0.014591117755085488,0.12229915110970793,5.1970648008116845e-06,-1.566112768558829e-05,-3.8002397124731671e-06,-1.5889473953217454e-20,-7.1042869629180287e-05,6.7198507462986091e-05,-0.00010096863444078107,-5.0367163223999919e-09
34,4,support,0.0083388157894736838,0.0045000000000000005,0.0083347039473684204,0.0083429276315789471,0.0040000000000000001,0.0050000000000000001,1000906.926788985,1.6131978902290685,15.719044656138195,2707.864191045202,0.13810919084283504,1173,1173,4.1291970533899702e-05,0.20521478381437269,0.40000000000000002,2,300000,0.00033700000000000001,0.0001,0.080653585063687847,0.12695137973869605,2.1331962360257652e-17,0.21644266629549197,0.040484626620711402,0.52346213990404045,2.3135527701424493e-05,0.079024952022299422,0.071244355846873303,1.0479344613536756e-17,0.077308549092059711,0.31566451078275976,0.45674852916732006,9.1030886879102354e-06,nan,nan,nan,nan,nan,nan,nan,nan,nan,nan,nan,nan,nan,nan,0.24901867207194928,0.0026409735627542712,1.4531991714685958e-09,0.0025030247898157267,3.2435977373045666e-05,0.3909261591842601,0.00010746575741728083,5.2299475121611286e-07,2.4277957764442568e-10,4.267869244662149e-12,3.9679599217036341e-10,1.054035347757534e-10,8.6757150047212877e-08,0.35477065670208302,0,0,0,0,0,0,0,nan,nan,nan,nan,nan,nan,nan,nan,nan,nan,nan,nan,nan,nan,-5.8556834526521628e-11,-4.3565964154957535e-13,-5.6410526611119093e-12,-2.5561097754440633e-10,6.8759017576858206e-15,-1.7840281118716717e-11,3.4797067347831379e-13,-2.4690915544772762e-13,-3.6460200956788811e-16,-2.4949359144914082e-18,7.0460306470378262e-18,-1.5892207828867774e-17,-1.9686684342736739e-13,3.381741825820086e-10,-3.3794225194096195e-07,1.6547872311312162e-07,-2.3503751815345367e-22,1.7248744746862429e-07,1.1863602987355337e-06,-5.1017969870947866e-07,0,0.018074671890495567,0.028328501178760145,4.7445651849807682e-18,0.048325347953643315,0.0090517535288467729,0.11706125445310013,5.1698369863159096e-06,0,0,0,0,0,0,0
35,0,lumen,0.0083470394736842105,0.00050000000000000001,0.0083429276315789471,0.0083511513157894738,0,0.001,1000150.7079945836,1.35727820508737,13.235355954143136,3019.8966220429666,0.16892580119325054,1173,1173,4.0584058205103975e-05,0.23374649577139595,0.59999999999999998,2,500000,0.00035,0.0001,0.068136115467162098,0.16696436864394196,9.3923722203993499e-18,0.1797780884208281,0.065659234807955685,0.51689648681670652,2.2737284267999628e-05,0.056211789661565051,0.078894425228894935,3.8849737355706954e-18,0.054066827080939767,0.43106316684521756,0.379756258366093,7.5328172895497858e-06,0.27102310636741161,0.0014982226163278857,9.6238232500104189e-10,0.0019375293128351509,2.0365953480657814e-05,0.39490325011465022,7.121529392614475e-05,8.8539707962628782e-07,2.9238436782566865e-10,3.087668305190966e-12,2.7257621914306376e-10,6.6194003324909006e-11,6.362052730092021e-08,0.33054535972713672,nan,nan,nan,nan,nan,nan,nan,nan,nan,nan,nan,nan,nan,nan,0,0,0,0,0,0,0,-2.6030180098679739e-11,-7.5543090649189263e-13,1.426270006870763e-12,4.0861586732826058e-11,-4.9214105013462017e-15,7.6047323820105373e-12,6.7733399691209942e-13,-2.5894434166340297e-14,-2.248704350500666e-18,-1.318481732719634e-18,5.0072159840457663e-18,-6.2349183926998562e-18,6.8559268010584588e-15,-2.3760549250717356e-11,nan,nan,nan,nan,nan,nan,nan,nan,nan,nan,nan,nan,nan,nan,-1.7794680466122481e-07,1.5562391908474638e-07,-1.1799030351011193e-23,2.2313878448710123e-08,5.5616263634761243e-07,-2.0030006819826696e-07,0,0.015708914295319801,0.038198384009986763,2.1647624099525057e-18,0.041223406600182741,0.01497469165596539,0.11870357289276023,5.2165439636710655e-06,-8.1899551891924952e-05,9.880634536679746e-05,-6.7836104392446929e-21,4.1256763662716193e-05,4.3326086567200407e-05,-0.00011681042087188567,3.8986986808890007e-10
35,1,lumen,0.0083470394736842105,0.0015,0.0083429276315789471,0.0083511513157894738,0.001,0.002,1000150.4493799951,1.4130118883058773,13.778840678996417,2905.8566445618794,0.16876308108486129,1173,1173,4.0560397529209974e-05,0.23363870449570731,0.59999999999999998,2,500000,0.00035,0.0001,0.067004703987939479,0.15828709798842117,9.1563704802764973e-18,0.17158457486889891,0.062853676702595188,0.49848526423425471,2.1832597571895003e-05,0.057548285295339646,0.077865501775192775,3.94287674372135e-18,0.053721659662611984,0.42958868917371429,0.38126833398341531,7.5301097259520715e-06,0.27135357050173636,0.0015137809190636116,9.8815637282151843e-10,0.0019509548826248508,2.0308995618078859e-05,0.39357274206141968,7.1831661073605549e-05,8.699606697847129e-07,2.8892294775583468e-10,3.1329252801338231e-12,2.7921056344489951e-10,6.7818833861045719e-11,6.333418858917797e-08,0.33151587605636962,nan,nan,nan,nan,nan,nan,nan,nan,nan,nan,nan,nan,nan,nan,0,0,0,0,0,0,0,4.8075002295201271e-11,-1.0162337613107923e-12,-2.472108130082521e-12,-7.1310261789978888e-11,-5.9941201308033598e-15,5.0347699100117271e-11,8.6965511100110527e-13,-5.7512154760797074e-14,-1.3261441264535629e-17,-2.0084150969341399e-18,6.5339370367802953e-18,-8.4485252888641382e-18,2.2990056179158037e-14,-2.4453023110235301e-11,nan,nan,nan,nan,nan,nan,nan,nan,nan,nan,nan,nan,nan,nan,-1.8374361960855207e-07,1.5982918338819374e-07,-1.1688034147678237e-23,2.3866601130810018e-08,5.7508032040576307e-07,-2.0754131052624913e-07,0,0.016060259349029025,0.037651728296253371,2.1943737055882509e-18,0.040909660985242048,0.014902497015300021,0.11903436755047388,5.2080691114007072e-06,-0.00020535137084472786,0.0002654583999535515,-1.6582492887639077e-20,0.00013277671737994647,9.4957673414263255e-05,-0.00028584625847829424,6.3041416053070649e-10
35,2,lumen,0.0083470394736842105,0.0025000000000000001,0.0083429276315789471,0.0083511513157894738,0.002,0.0030000000000000001,1000149.6868391403,1.3151895599417671,12.824946043008284,3135.1362105166831,0.16814582931778382,1173,1173,4.0491868223637295e-05,0.2335396504824381,0.59999999999999998,2,500000,0.00035,0.0001,0.076188069567237782,0.16400283943287278,1.0190954577661223e-17,0.18052109127510774,0.067018351831155829,0.54086728323495004,2.3442811297933145e-05,0.060905558893024125,0.075092023085567478,4.0845816171402419e-18,0.052606813497880663,0.42634263200690425,0.38504544678971486,7.5257269084459963e-06,0.27242363366894379,0.0015523636651542409,1.0539159443151462e-09,0.0019855665539599528,2.0084550256400414e-05,0.38985624876185249,7.3383646497305409e-05,8.3088007277191911e-07,2.7973041334110444e-10,3.2492459096900462e-12,2.9620977375469136e-10,7.1972363319204189e-11,6.2397741824082987e-08,0.33408782417044353,nan,nan,nan,nan,nan,nan,nan,nan,nan,nan,nan,nan,nan,nan,0,0,0,0,0,0,0,-1.562097581606515e-10,-1.0395542935699357e-12,1.7155695256315482e-11,3.6663480748884523e-10,4.1264734684798299e-16,-4.3179568687962133e-10,8.2862880185512901e-13,-1.0266288687221792e-13,-5.6372274890054238e-17,-3.0153168049680378e-18,1.0719713351916882e-17,-1.4237243731266835e-17,3.5455221354308081e-14,2.0449281139372012e-10,nan,nan,nan,nan,nan,nan,nan,nan,nan,nan,nan,nan,nan,nan,-1.9873927837189137e-07,1.7049790551615374e-07,-5.0626914358569563e-23,2.865607966266422e-08,6.2490004816562195e-07,-2.2774476471365546e-07,0,0.016935120891278958,0.036180428481818655,2.2565099054046586e-18,0.039918844407078886,0.014735072983009703,0.11978225650056751,5.1867907462626142e-06,-0.00039659918770892748,0.0005329831927257131,-3.3508018189404511e-20,0.00027128021961591079,0.00017702305800383622,-0.00053721496872107422,-1.4649567327915667e-10
35,3,support,0.0083470394736842105,0.0035000000000000001,0.0083429276315789471,0.0083511513157894738,0.0030000000000000001,0.0040000000000000001,1001226.7851336456,1.3007685654166734,12.670675564490439,3198.9888335177343,0.16831607351660144,1173,1173,4.0353651433165587e-05,0.23344638602620632,0.40000000000000002,2,300000,0.00033700000000000001,0.0001,0.085366741850374073,0.15359368200940407,1.1039879191028081e-17,0.17473881613530043,0.066862247495639335,0.5581195272987215,2.3731455227940112e-05,0.06742219597230556,0.069480032613233531,4.3716084599251815e-18,0.050309228743519258,0.42023305829856616,0.39254795762469413,7.5267476812630697e-06,nan,nan,nan,nan,nan,nan,nan,nan,nan,nan,nan,nan,nan,nan,0.27488542127855925,0.0016309787043183885,1.1863864866182625e-09,0.0020584477804308915,1.9545610448822053e-05,0.38196254396366786,7.6586780671115848e-05,7.5587470904067017e-07,2.6144499781054951e-10,3.4909734312580672e-12,3.3073541677913701e-10,8.0429007472214253e-11,6.0319371894252501e-08,0.33936565782534872,0,0,0,0,0,0,0,nan,nan,nan,nan,nan,nan,nan,nan,nan,nan,nan,nan,nan,nan,2.3584435839988204e-10,-1.122666070067057e-12,-3.920231846497532e-11,-6.4530145993837104e-10,6.6367267584355183e-15,1.1742598436583623e-09,8.3966136085878163e-13,-1.6909542342735673e-13,-1.4388584853820841e-16,-4.0440503361454874e-18,1.4862613845676336e-17,-2.029343845643937e-17,3.0375692784405834e-14,-7.2518507885199786e-10,-2.2969735545812914e-07,1.9904691417327314e-07,-2.0771632906060194e-22,2.9515516021828306e-08,7.1860675532331442e-07,-2.5860669544686132e-07,0,0.018736559366111811,0.033583199318969234,2.4015204271388515e-18,0.038252287165600592,0.014595309709818375,0.12228478777777596,5.1971111230225637e-06,-1.5659019596003738e-05,-3.8148138155740682e-06,-1.591832020898399e-20,-7.1123017180352101e-05,6.7258324141105191e-05,-0.00010089567840605251,-5.0424402500189295e-09
35,4,support,0.0083470394736842105,0.0045000000000000005,0.0083429276315789471,0.0083511513157894738,0.0040000000000000001,0.0050000000000000001,1000906.2554982082,1.6127844003245253,15.715026138917615,2708.4613768558211,0.13906044962433975,1173,1173,4.1293447983715234e-05,0.2052029826570208,0.40000000000000002,2,300000,0.00033700000000000001,0.0001,0.080625142747237213,0.12705224251256325,2.1367136139791214e-17,0.21660958689432561,0.040494739137592932,0.5235635704370849,2.3144477044571401e-05,0.07897688871949117,0.071282731599179985,1.0493940338478346e-17,0.077348390556124275,0.3156626408908349,0.45672024395247424,9.1042818955448873e-06,nan,nan,nan,nan,nan,nan,nan,nan,nan,nan,nan,nan,nan,nan,0.24899464838184351,0.0026405796838695748,1.4521790235124252e-09,0.0025026349037200481,3.244859298976543e-05,0.39098402486671452,0.00010744937501009635,5.2325643901361213e-07,2.4288675677312357e-10,4.2653952920918436e-12,3.9651964440726865e-10,1.0533124650359099e-10,8.6790595252435233e-08,0.35473760194764348,0,0,0,0,0,0,0,nan,nan,nan,nan,nan,nan,nan,nan,nan,nan,nan,nan,nan,nan,-2.159701034305841e-10,-4.1958341593369788e-13,1.1355759091395846e-10,8.0342608986572971e-10,-3.6030206596038283e-14,-4.4345101415802293e-09,3.3914830893300622e-13,-2.4002718215787588e-13,-3.5405630048206181e-16,-2.4076673775900863e-18,6.8856650382845942e-18,-1.546834580053973e-17,-1.9575679817192089e-13,3.7340494302506499e-09,-3.3778815343270263e-07,1.6967541899282068e-07,-6.2520026397133352e-22,1.7243415923348481e-07,1.1855657880976977e-06,-5.1091210895304329e-07,0,0.018061196780401162,0.028339886833090706,4.7051991485764271e-18,0.048343545247948198,0.0090504986281504506,0.1170378476258916,5.1697999410557743e-06,0,0,0,0,0,0,0
36,0,lumen,0.0083552631578947371,0.00050000000000000001,0.0083511513157894738,0.0083593750000000005,0,0.001,1000150.6097949052,1.3593212594738215,13.255279886017428,3015.1572989240544,0.16897883909778219,1173,1173,4.0584315950556004e-05,0.23376005588770241,0.59999999999999998,2,500000,0.00035,0.0001,0.067984278352444416,0.16677230312827115,9.3715325925445346e-18,0.1795099583211773,0.065572560774775496,0.51602891021305219,2.2701522543855013e-05,0.056170955395534912,0.078922297579470696,3.882189120417286e-18,0.054067457562646928,0.43114218547248861,0.37968957169861584,7.5322912429920544e-06,0.27102212867217462,0.0014975424584285084,9.6159158315808934e-10,0.0019370044744935169,2.0363899559642279e-05,0.394936926805523,7.1189484013091812e-05,8.8594317446707512e-07,2.9248657937717255e-10,3.0863133044139718e-12,2.7237574749482099e-10,6.6143369284523613e-11,6.3619933115898742e-08,0.33051389304701645,nan,nan,nan,nan,nan,nan,nan,nan,nan,nan,nan,nan,nan,nan,0,0,0,0,0,0,0,2.029281100876236e-10,-7.4896196355175247e-13,-1.0585972998475229e-11,-2.966251002886568e-10,-1.1637826119459405e-14,-5.380868211939116e-11,6.7033777481329758e-13,-2.5145250465152813e-14,-2.8011404381118089e-18,-1.3527774196290811e-18,5.0645474070127221e-18,-6.2834068025542226e-18,7.2032304139541125e-15,1.5819992521515956e-10,nan,nan,nan,nan,nan,nan,nan,nan,nan,nan,nan,nan,nan,nan,-1.7774960214562291e-07,1.5554388421712417e-07,-1.1841425077516124e-23,2.2270142100909668e-08,5.5544884576541609e-07,-1.9973364723258058e-07,0,0.015698536447172656,0.038214672184837421,2.1633936230006658e-18,0.041226763491807546,0.014978578793142889,0.11869062646698629,5.2165380982912691e-06,-8.1912358497304607e-05,9.8866198977188118e-05,-6.7754700108150122e-21,4.1308475000025246e-05,4.3287653129161581e-05,-0.00011686602486546723,3.8994625355363468e-10
36,1,lumen,0.0083552631578947371,0.0015,0.0083511513157894738,0.0083593750000000005,0.001,0.002,1000150.351361854,1.413409521799216,13.782719512026212,2904.8450278077944,0.16871373508887894,1173,1173,4.0560632146926091e-05,0.23365276233231252,0.59999999999999998,2,500000,0.00035,0.0001,0.066938375710432735,0.15829841325598237,9.1471591027422474e-18,0.17153721199130223,0.062847776911843914,0.49825663085146449,2.1824927467386938e-05,0.057507502150939513,0.077892989257622891,3.9400190088434826e-18,0.0537219495728396,0.42966928627497103,0.3812007431603065,7.5295833204833741e-06,0.27135303074763939,0.001513083840183462,9.8736147071072322e-10,0.0019504220967011075,2.0306809568409548e-05,0.39360627575251728,7.1805314505441555e-05,8.7050174134099581e-07,2.8902433775632465e-10,3.1315422364846668e-12,2.7900880886497448e-10,6.7767625732219769e-11,6.3333303402066055e-08,0.33148413997748344,nan,nan,nan,nan,nan,nan,nan,nan,nan,nan,nan,nan,nan,nan,0,0,0,0,0,0,0,6.0937472833504602e-12,-1.0546729192193784e-12,5.3596720020964241e-14,6.8419767334117309e-12,-5.2850519099978399e-15,1.0497512798260389e-11,9.0792950297853225e-13,-5.8458880097811416e-14,-1.3701088535589388e-17,-2.0693136942874652e-18,6.760607789074553e-18,-8.7044337480354542e-18,2.2744858613111766e-14,-2.3299168320586271e-11,nan,nan,nan,nan,nan,nan,nan,nan,nan,nan,nan,nan,nan,nan,-1.8355797503939036e-07,1.5972475325698454e-07,-1.2066647182368964e-23,2.3822711693555658e-08,5.7449289302125006e-07,-2.0738740430514824e-07,0,0.01604995261564544,0.037667756694192304,2.1929334963008016e-18,0.040912742916877964,0.014906456218233288,0.11902150024640606,5.2080643450356972e-06,-0.0002052843105352604,0.00026543992999181285,-1.6833982112727284e-20,0.00013273355429159489,9.4885819807944373e-05,-0.00028568218377140846,6.2935754120371311e-10
36,2,lumen,0.0083552631578947371,0.0025000000000000001,0.0083511513157894738,0.0083593750000000005,0.002,0.0030000000000000001,1000149.5893290136,1.3145606747257561,12.818814778349333,3136.4214025765064,0.16815006748796776,1173,1173,4.0492106296408346e-05,0.23355426603653134,0.59999999999999998,2,500000,0.00035,0.0001,0.076171900427135023,0.16414197879148001,1.0194036774178536e-17,0.18060987285625699,0.067063527891476571,0.54102777314789496,2.3452407275681047e-05,0.060863521965362613,0.075119800909665371,4.0838636555996115e-18,0.052607523626657757,0.42642606271007072,0.38497556558010915,7.5252081345023181e-06,0.27242312872159252,0.0015516237123678733,1.0530835110838973e-09,0.0019850082181938479,2.0082403157411493e-05,0.38989136673870223,7.3355839793513611e-05,8.3141783421831469e-07,2.7983334409143331e-10,3.2477406868916693e-12,2.9599753349664726e-10,7.1918051367350201e-11,6.2397166595479984e-08,0.33405453884717612,nan,nan,nan,nan,nan,nan,nan,nan,nan,nan,nan,nan,nan,nan,0,0,0,0,0,0,0,-9.1646703854166557e-11,-1.0571746598931349e-12,1.0667004967043183e-11,2.2627335789158606e-10,-1.6057034174510321e-16,-2.4658999625212785e-10,8.4524704832208692e-13,-1.0096849571705757e-13,-5.2259925691833971e-17,-2.9086055784079388e-18,1.0819618106650717e-17,-1.4444462452577508e-17,3.7392875424656017e-14,1.0157197287541516e-10,nan,nan,nan,nan,nan,nan,nan,nan,nan,nan,nan,nan,nan,nan,-1.9853136180858488e-07,1.7016332093389153e-07,-1.0238450317965563e-22,2.8604027709021556e-08,6.2421142045521183e-07,-2.2735092214398733e-07,0,0.016924586779997607,0.036196487653744183,2.2737470008061795e-18,0.039922220086336474,0.014739124626360784,0.11976883450579134,5.1867963763242049e-06,-0.00039622955857916275,0.00053245772523358484,-3.4587588004143218e-20,0.00027079366671329028,0.00017690394542977023,-0.00053541848678154548,-1.5058357470383578e-10
36,3,support,0.0083552631578947371,0.0035000000000000001,0.0083511513157894738,0.0083593750000000005,0.0030000000000000001,0.0040000000000000001,1001225.988329289,1.2954261703601577,12.618645792534254,3211.9440595520018,0.16833132844174506,1173,1173,4.0354013485557804e-05,0.23346082477974228,0.40000000000000002,2,300000,0.00033700000000000001,0.0001,0.085658761407030992,0.15429616808356941,1.1106979948079946e-17,0.17547275975011464,0.067151878903468618,0.56031354407054346,2.3827753391073483e-05,0.067375027689492439,0.069511199292820125,4.3801189383586888e-18,0.050313085994345662,0.42032032449703571,0.39247283626898249,7.5262573234997051e-06,nan,nan,nan,nan,nan,nan,nan,nan,nan,nan,nan,nan,nan,nan,0.2748825153206011,0.0016301422543563405,1.185420417517527e-09,0.0020578176328838668,1.954433704483777e-05,0.38200563065196524,7.6555419811145538e-05,7.5642848587421737e-07,2.6155930245911677e-10,3.4891089723684853e-12,3.3048634411792294e-10,8.0364775772085774e-11,6.032167294497451e-08,0.33932697577172621,0,0,0,0,0,0,0,nan,nan,nan,nan,nan,nan,nan,nan,nan,nan,nan,nan,nan,nan,-1.5572235675963992e-10,-1.1274127522878631e-12,2.0696557289379302e-11,2.8469168877314232e-10,1.5879225018222698e-15,-6.5250234035363341e-10,8.4480182871916159e-13,-1.6736330203659389e-13,-1.4294686609066514e-16,-4.0298005345071276e-18,1.4998808719942886e-17,-2.0442353352274242e-17,3.0518897957184911e-14,5.0325435465702689e-10,-2.2951513781958172e-07,2.0069578471337834e-07,-4.7930117326894014e-22,2.9451294226482235e-08,7.1801195847265298e-07,-2.5923034402408618e-07,0,0.018724831807312759,0.033600811976133495,2.3638345155754791e-18,0.038258064167759127,0.014599492713693138,0.12227044992753829,5.1971576141443613e-06,-1.5668139371846241e-05,-3.8344224754001599e-06,-1.6005290819898482e-20,-7.1317888903580065e-05,6.7354943842427167e-05,-0.00010179886351676634,-5.0481501120818048e-09
36,4,support,0.0083552631578947371,0.0045000000000000005,0.0083511513157894738,0.0083593750000000005,0.0040000000000000001,0.0050000000000000001,1000905.584276006,1.6402614220777127,15.982773893209842,2662.9951206917999,0.13807101616362435,1173,1173,4.1294921734494558e-05,0.20519119041701928,0.40000000000000002,2,300000,0.00033700000000000001,0.0001,0.079226349799274287,0.12499087582930972,2.1092382746235422e-17,0.21309018530058524,0.039816109857127364,0.51476112023686671,2.2759732406721731e-05,0.078928930700377223,0.071320989185795242,1.0535495477908658e-17,0.077388085403472959,0.31566065533416188,0.45669223390292785,9.1054732647457845e-06,nan,nan,nan,nan,nan,nan,nan,nan,nan,nan,nan,nan,nan,nan,0.24897067972273207,0.0026401894887035206,1.4511616505033385e-09,0.0025022475880890401,3.2461193055967717e-05,0.39104168526682481,0.00010743312270548072,5.2351691041317111e-07,2.4299354959045032e-10,4.2629284500784042e-12,3.9624406961678382e-10,1.0525917267964229e-10,8.6823983024204656e-08,0.35470469107719471,0,0,0,0,0,0,0,nan,nan,nan,nan,nan,nan,nan,nan,nan,nan,nan,nan,nan,nan,1.6390328668284671e-10,-4.7548571494830676e-13,-1.8342557185747498e-10,-1.6943580934568807e-09,6.8053527223221888e-14,6.3183792417932996e-09,3.9309290960847502e-13,-2.4124127175062515e-13,-3.5497139023120179e-16,-2.4386656026916445e-18,6.8021935188888322e-18,-1.5430505932280003e-17,-1.9549150285113169e-13,-4.6040470052741676e-09,-3.3721879633651086e-07,1.5869932562528888e-07,-1.6820487710891383e-21,1.7238488619309286e-07,1.184509533055933e-06,-5.0809278140384606e-07,0,0.018047722647865909,0.028351268424498109,4.8748825788403969e-18,0.048361747219789752,0.0090492414608902751,0.11701444113505829,5.1697632415246674e-06,0,0,0,0,0,0,0
37,0,lumen,0.0083634868421052638,0.00050000000000000001,0.0083593750000000005,0.0083675986842105272,0,0.001,1000150.5115888024,1.3921843663251283,13.575742387581771,2943.7880165740544,0.16894578077220387,1173,1173,4.0584571756803581e-05,0.23377358539228976,0.59999999999999998,2,500000,0.00035,0.0001,0.066331274968805212,0.16289253526241745,9.1437261896376393e-18,0.17527420074086172,0.064036372366699068,0.50376014372616618,2.2164063762080424e-05,0.056130168996842901,0.078949914158609746,3.8793946875775123e-18,0.054067972379450401,0.4312208803003803,0.37962353240952534,7.5317551913877423e-06,0.2710212399540875,0.0014968674264362091,9.6080253127521072e-10,0.0019364844570693689,2.0361842704904597e-05,0.39497026027937765,7.1163883916409748e-05,8.8648506432456792e-07,2.9258793805588712e-10,3.0849590367113496e-12,2.7217568485090369e-10,6.6092849012044691e-11,6.3619303948947378e-08,0.33048267045726915,nan,nan,nan,nan,nan,nan,nan,nan,nan,nan,nan,nan,nan,nan,0,0,0,0,0,0,0,3.1788703278068719e-09,-8.1184236891142367e-13,-1.5940515834188577e-10,-5.2134715958600006e-09,-9.1014327151250907e-14,1.7966538846947433e-10,7.2234352767494049e-13,-3.1913924627979817e-14,-2.7510883079328963e-18,-1.4363379772629662e-18,5.1639294869970002e-18,-6.4563303700992021e-18,8.6948982383908883e-15,2.0145445587815204e-09,nan,nan,nan,nan,nan,nan,nan,nan,nan,nan,nan,nan,nan,nan,-1.77416212126906e-07,1.5516663076642345e-07,-1.1215548848006875e-23,2.2229435333726451e-08,5.5336634660618778e-07,-1.9459144112721205e-07,0,0.015688163294789104,0.03823093432541505,2.1618101548394724e-18,0.041230089585232096,0.014982484755920481,0.11867774033075773,5.2165304279727084e-06,-8.1984730954865002e-05,9.9094494200041564e-05,-6.7688145831498756e-21,4.1433463487331727e-05,4.32714162489413e-05,-0.00011807901765716321,3.8827722963526246e-10
37,1,lumen,0.0083634868421052638,0.0015,0.0083593750000000005,0.0083675986842105272,0.001,0.002,1000150.2533361812,1.4103194847129239,13.752588676875602,2911.0152790767115,0.16878705962372118,1173,1173,4.0560866698879953e-05,0.23366680142776447,0.59999999999999998,2,500000,0.00035,0.0001,0.067037518497695389,0.15870121230815626,9.1605581006136488e-18,0.17191399834356641,0.06299727388211715,0.49925976200436911,2.1871221106394554e-05,0.057466771664728813,0.077920474666032871,3.937164435538482e-18,0.053722250153744516,0.42974979933791441,0.38113317511856198,7.5290590172026132e-06,0.27135247668369228,0.0015123875679731824,9.8656767715636672e-10,0.0019498896329926151,2.0304627217912571e-05,0.39363979884071715,7.177899237902828e-05,8.7104284736622168e-07,2.8912570441400138e-10,3.1301623112253524e-12,2.7880735227308377e-10,6.7716500209274571e-11,6.3332421706876436e-08,0.33145242765446642,nan,nan,nan,nan,nan,nan,nan,nan,nan,nan,nan,nan,nan,nan,0,0,0,0,0,0,0,-7.3197001278401371e-11,-1.0221624846384591e-12,4.4222190691437083e-12,1.6220449743665238e-10,-3.6009606754761059e-15,-5.8905575946524569e-11,8.7371206845869843e-13,-5.8726244353546342e-14,-1.3647661818703989e-17,-2.0314379761492371e-18,6.5143973246517794e-18,-8.4458129248614856e-18,2.3146114709074819e-14,-3.4336422764165758e-11,nan,nan,nan,nan,nan,nan,nan,nan,nan,nan,nan,nan,nan,nan,-1.8337447517651623e-07,1.5965038019372102e-07,-1.2424126896141776e-23,2.3778617489606144e-08,5.7392485626472922e-07,-2.0731080474511998e-07,0,0.016039657059647616,0.037683770877615298,2.191445193719139e-18,0.040915818763471994,0.014910410709839627,0.11900863529724773,5.2080596040723787e-06,-0.00020519604696159622,0.00026535417417361171,-1.6563963902963803e-20,0.00013265324304317355,9.4805726735935114e-05,-0.00028510732999631016,6.2839525218155389e-10
37,2,lumen,0.0083634868421052638,0.0025000000000000001,0.0083593750000000005,0.0083675986842105272,0.002,0.0030000000000000001,1000149.4918113477,1.3135531468774355,12.80899121421575,3138.6125430526286,0.16816985421646599,1173,1173,4.0492344220914885e-05,0.23356886190133069,0.59999999999999998,2,500000,0.00035,0.0001,0.07617773279753029,0.16432857474418977,1.0188936960631111e-17,0.18075083763024008,0.06712807646454691,0.54134450024783087,2.3468780076226186e-05,0.060821536503299911,0.075147564089358188,4.0786925436252895e-18,0.052608236750843751,0.42650939566546847,0.38490574230022101,7.524690808629358e-06,0.27242261450616229,0.0015508848645057534,1.0522522293002467e-09,0.0019844504709190134,2.0080259365595906e-05,0.38992645560595035,7.3328069380715216e-05,8.3195543060031717e-07,2.799362103145761e-10,3.2462385913944088e-12,2.9578560182771663e-10,7.1863826268180287e-11,6.2396592585556618e-08,0.33402129016860882,nan,nan,nan,nan,nan,nan,nan,nan,nan,nan,nan,nan,nan,nan,0,0,0,0,0,0,0,-3.3718495121680418e-12,-1.0233952477666353e-12,1.4974542689485077e-12,4.3528843729193199e-11,-6.2927094091058677e-16,-1.1684738896941549e-11,8.1924177522909295e-13,-1.0096372522749864e-13,-5.5486615813518585e-17,-3.0221303627594709e-18,1.0590618737534546e-17,-1.4082041538993524e-17,3.5264054804166758e-14,-2.9698910176858946e-11,nan,nan,nan,nan,nan,nan,nan,nan,nan,nan,nan,nan,nan,nan,-1.9832109949321358e-07,1.6977937106199548e-07,-5.6325173910034506e-23,2.8551982194627542e-08,6.2351197842314132e-07,-2.2691504447669431e-07,0,0.016914066547055236,0.03621252361906336,2.2665852364145212e-18,0.039925584420749394,0.014743170033690769,0.11975548648039597,5.1868020274431082e-06,-0.00039622603618090138,0.00053298976662519647,-3.8882031887173899e-20,0.00027092289185121538,0.00017692953541734028,-0.00054047692251424709,-1.5357402681942133e-10
37,3,support,0.0083634868421052638,0.0035000000000000001,0.0083593750000000005,0.0083675986842105272,0.0030000000000000001,0.0040000000000000001,1001225.1914605986,1.31747597569682,12.833441449165155,3157.9546667546801,0.16834025722915438,1173,1173,4.0354373686336615e-05,0.23347523226476199,0.40000000000000002,2,300000,0.00033700000000000001,0.0001,0.084166214147245622,0.15178129634572787,1.0999836721541056e-17,0.17254877185948037,0.066041609229884529,0.55083069364335291,2.3427398116343634e-05,0.067327942483112427,0.069542177070020847,4.4117057477427948e-18,0.050316857024335873,0.42040730419661126,0.39239819346516785,7.5257607517491384e-06,nan,nan,nan,nan,nan,nan,nan,nan,nan,nan,nan,nan,nan,nan,0.27487968091050413,0.0016293104060830846,1.1844568232055347e-09,0.0020571914299703275,1.9543056045026282e-05,0.38204841927197519,7.6524239553938116e-05,7.5697945004958744e-07,2.6167295323691836e-10,3.487248860684607e-12,3.302379179445594e-10,8.0300722826055324e-11,6.0323928323964554e-08,0.33928851152234324,0,0,0,0,0,0,0,nan,nan,nan,nan,nan,nan,nan,nan,nan,nan,nan,nan,nan,nan,1.4804394578814558e-09,-1.1363558132115238e-12,-2.2647947602619868e-10,-3.5652397533218137e-09,2.0576097249647152e-14,6.781675775851051e-09,8.5320350756978186e-13,-1.6766969757053829e-13,-1.4042172242554505e-16,-4.1505923105662655e-18,1.4850945842750816e-17,-2.0214562248463766e-17,3.0531358719721442e-14,-4.4699958458905344e-09,-2.2902667979642077e-07,1.9308292520392456e-07,-1.2731317522037314e-21,2.9388675031857953e-08,7.164074269372378e-07,-2.5507653017564635e-07,0,0.018713105101524515,0.03361842455068495,2.4004352633467212e-18,0.038263839564106825,0.014603677639239228,0.12225609468427634,5.197203858793997e-06,-1.5676741106678406e-05,-3.8542337858323178e-06,-1.5797814884331777e-20,-7.15092007124892e-05,6.7450314040530966e-05,-0.00010266787420747971,-5.0538855313742733e-09
37,4,support,0.0083634868421052638,0.0045000000000000005,0.0083593750000000005,0.0083675986842105272,0.0040000000000000001,0.0050000000000000001,1000904.9131222148,1.6301476533247938,15.88423557097029,2679.4212213812361,0.13902225746941588,1173,1173,4.1296395659618071e-05,0.20517937542151349,0.40000000000000002,2,300000,0.00033700000000000001,0.0001,0.079669392505792053,0.1258336798905566,2.1125310234851652e-17,0.21452202454006941,0.040062842928232388,0.5179228775412823,2.29039208418617e-05,0.078880969791067498,0.071359222211484052,1.0486886814182553e-17,0.077427761888612154,0.31565854896568674,0.45666439047796425,9.1066651852562544e-06,nan,nan,nan,nan,nan,nan,nan,nan,nan,nan,nan,nan,nan,nan,0.24894670372728422,0.0026398016785820415,1.4501445272027937e-09,0.0025018615926717352,3.2473807757494632e-05,0.39109929283463291,0.00010741694725436192,5.2377690475005417e-07,2.4310023942918406e-10,4.2604625959256036e-12,3.9596857801701337e-10,1.0518713266134315e-10,8.6857393522876235e-08,0.3546718365788662,0,0,0,0,0,0,0,nan,nan,nan,nan,nan,nan,nan,nan,nan,nan,nan,nan,nan,nan,-3.6692345657524429e-11,-3.9835281826913586e-13,-2.3707801816326741e-11,-3.9857132812848828e-10,1.2803777135750316e-14,6.216606253210688e-10,3.1805432308478518e-13,-2.4109869916494331e-13,-3.5484404298416469e-16,-2.3865609789190465e-18,6.6558559627463104e-18,-1.5239199141575736e-17,-1.9598330165992008e-13,-1.6218423878060908e-10,-3.3710637371928837e-07,1.641708405331066e-07,-5.0666772256784169e-22,1.7233800503514015e-07,1.1837465125619229e-06,-5.0906949283779923e-07,0,0.018034266346872815,0.028362625648113454,4.7909375010803356e-18,0.048379933064941608,0.0090479799272870382,0.1169910505352371,5.1697262392663519e-06,0,0,0,0,0,0,0
38,0,lumen,0.0083717105263157905,0.00050000000000000001,0.0083675986842105272,0.0083758223684210539,0,0.001,1000150.4133752928,1.3616626232681015,13.278114059233882,3009.5736852091782,0.16900217007667609,1173,1173,4.0584827867346443e-05,0.23378709613319068,0.59999999999999998,2,500000,0.00035,0.0001,0.067768802692147453,0.1666019655768792,9.3420496738267128e-18,0.17920459650225282,0.065483678018526822,0.51496251131300297,2.2659252397431654e-05,0.056089378034285986,0.078977504513472296,3.876642325023432e-18,0.054068464911629394,0.43129947705761196,0.37955764426553268,7.5312174675861408e-06,0.27102035184176998,0.0014961937144100095,9.6001359173230433e-10,0.0019359654628558778,2.0359790575423647e-05,0.3950035502815839,7.1138333399074741e-05,8.8702648280083351e-07,2.9268919975208942e-10,3.0836051577096913e-12,2.7197565395662338e-10,6.6042346676269519e-11,6.3618681991025626e-08,0.33045148833642446,nan,nan,nan,nan,nan,nan,nan,nan,nan,nan,nan,nan,nan,nan,0,0,0,0,0,0,0,3.6167999315087793e-10,-8.8153088830471576e-13,-1.6760485207136201e-11,-6.6517599852003775e-10,-1.4329574853089166e-14,1.5013954315912237e-10,7.7389452899877792e-13,-4.0402360276803329e-14,-4.2093185474540932e-18,-1.5504940878299838e-18,5.0560703566977021e-18,-6.4239346815138724e-18,1.1407012230873214e-14,1.7026779969295562e-10,nan,nan,nan,nan,nan,nan,nan,nan,nan,nan,nan,nan,nan,nan,-1.7737441288141753e-07,1.5505108208468954e-07,-1.1356697021968717e-23,2.2189995030861854e-08,5.5418221231451348e-07,-1.9891592223375554e-07,0,0.0156778145816182,0.038247176736648542,2.1604781381983146e-18,0.041233431932735432,0.014986360484987339,0.11866494750488203,5.2165246845617092e-06,-8.1927177991765441e-05,9.8884806039664278e-05,-6.7592044792457912e-21,4.1354390028291677e-05,4.3188311165033756e-05,-0.000116559716174012,3.8597037648365609e-10
38,1,lumen,0.0083717105263157905,0.0015,0.0083675986842105272,0.0083758223684210539,0.001,0.002,1000150.1553029477,1.4087228148739923,13.737020257935416,2914.1203592427,0.16873781510605793,1173,1173,4.0561101194225742e-05,0.23368082221383482,0.59999999999999998,2,500000,0.00035,0.0001,0.067065993916797795,0.15893712759515347,9.1643286956510359e-18,0.17210985044541308,0.063080474522539634,0.49973696405779738,2.1894491467346319e-05,0.057426099672980409,0.077947966494562274,3.9343261748402124e-18,0.053722568160123489,0.42983023630769146,0.38106560082714991,7.5285374924688489e-06,0.27135190469466891,0.0015116919284357676,9.8577507224780401e-10,0.0019493573018175957,2.0302448456907534e-05,0.39367332261504329,7.1752687078229787e-05,8.7158414360664618e-07,2.8922707522906647e-10,3.128785816539951e-12,2.7860621611707529e-10,6.7665462474649343e-11,6.3331543683734932e-08,0.33142073178442144,nan,nan,nan,nan,nan,nan,nan,nan,nan,nan,nan,nan,nan,nan,0,0,0,0,0,0,0,-3.8903488469735384e-12,-1.0327197096320674e-12,6.1087998483431789e-13,2.6469801844954134e-11,-4.9690069767183154e-15,1.9739954029013296e-12,8.8379492321649543e-13,-5.9165779914271965e-14,-1.3890426765682749e-17,-2.062091283091232e-18,6.6532138961710277e-18,-8.6254016165143848e-18,2.3336501049072396e-14,-2.4974772420190775e-11,nan,nan,nan,nan,nan,nan,nan,nan,nan,nan,nan,nan,nan,nan,-1.831831045011334e-07,1.5944650388899362e-07,-1.3060320437338327e-23,2.3734056605579175e-08,5.7328295773040328e-07,-2.0694294872170005e-07,0,0.01602937308057116,0.037699768575966866,2.189865903728926e-18,0.040918886751731012,0.014914360790088815,0.11899578638036824,5.2080548547497361e-06,-0.00020511499154325836,0.00026529394448825475,-1.642535318828948e-20,0.00013258750376368984,9.472905697406294e-05,-0.00028468374219619896,6.2755357981464174e-10
38,2,lumen,0.0083717105263157905,0.0025000000000000001,0.0083675986842105272,0.0083758223684210539,0.002,0.0030000000000000001,1000149.3942861161,1.3124749641442703,12.798478663664861,3140.9763702049981,0.1681741838647042,1173,1173,4.0492582084444675e-05,0.23358343812835239,0.59999999999999998,2,500000,0.00035,0.0001,0.076187741481126114,0.16452430242193469,1.0187226205819661e-17,0.1809017890333334,0.067196327199489661,0.54169091912595557,2.3486448345291996e-05,0.06077960380097281,0.075175322177846352,4.0746608299615744e-18,0.052608959239290133,0.42659263885878529,0.38483595174768526,7.5241754200872716e-06,0.27242208665562045,0.0015501469501351267,1.0514220938908383e-09,0.0019838931313638916,2.0078119242183933e-05,0.38996152861108452,7.3300327870776257e-05,8.3249301614925636e-07,2.8003904309600392e-10,3.2447397382125483e-12,2.9557397848661268e-10,7.1809687739715519e-11,6.2396021488026458e-08,0.33398806961356603,nan,nan,nan,nan,nan,nan,nan,nan,nan,nan,nan,nan,nan,nan,0,0,0,0,0,0,0,1.0270288779507627e-10,-1.0397973450404203e-12,-9.7040761453400572e-12,-1.7645208366571862e-10,-1.3299908049879683e-15,2.7447614753955962e-10,8.3039288997934273e-13,-1.0123390840888202e-13,-5.5225464657775514e-17,-3.0322436603366518e-18,1.0786683652067976e-17,-1.4322490134687892e-17,3.5428408616111843e-14,-1.907464188388397e-10,nan,nan,nan,nan,nan,nan,nan,nan,nan,nan,nan,nan,nan,nan,-1.9810913032356631e-07,1.693446655126607e-07,-3.5166564553757541e-23,2.8499759922940542e-08,6.2280440470130483e-07,-2.2644206820743307e-07,0,0.016903555811578656,0.036228547664249058,2.2621888220910733e-18,0.039928943665509344,0.014747211154519289,0.11974214222594852,5.1868076638675409e-06,-0.00039583797363785606,0.00053244704213934282,-4.1846473249705788e-20,0.00027043212552278073,0.00017681382840217027,-0.00053844948502660512,-1.5516769822173563e-10
38,3,support,0.0083717105263157905,0.0035000000000000001,0.0083675986842105272,0.0083758223684210539,0.0030000000000000001,0.0040000000000000001,1001224.394526873,1.3112787087297613,12.773084471384298,3172.6455953293139,0.16835578416735622,1173,1173,4.0354733800730601e-05,0.23348960921798664,0.40000000000000002,2,300000,0.00033700000000000001,0.0001,0.084504755636811174,0.15256617803309611,1.1105260848956577e-17,0.1733768144765491,0.066367370725404995,0.55332891235585069,2.3536522733519559e-05,0.067280831638887831,0.06957303389835745,4.4330406556809567e-18,0.050320541177679236,0.42049406370003733,0.39232400432864162,7.5252563964431088e-06,nan,nan,nan,nan,nan,nan,nan,nan,nan,nan,nan,nan,nan,nan,0.27487688447706665,0.0016284823423173148,1.1834933819377065e-09,0.0020565685343809613,1.9541778325845331e-05,0.38209101849215044,7.6493208857309717e-05,7.5752844479546262e-07,2.6178619440124127e-10,3.4853884471766386e-12,3.2998953239217168e-10,8.02366999146135e-11,6.0326177514095226e-08,0.33925019145329305,0,0,0,0,0,0,0,nan,nan,nan,nan,nan,nan,nan,nan,nan,nan,nan,nan,nan,nan,2.5073355901661265e-10,-1.1965842658025785e-12,-3.9249725225269569e-11,-7.0486486647756299e-10,6.7244387141895956e-15,1.2270272150768924e-09,8.9730006421391162e-13,-1.7552018866107133e-13,-1.4458736769781272e-16,-4.1012954932218419e-18,1.5081016152266302e-17,-2.0636809245419892e-17,3.4066384143045014e-14,-7.3321204683383657e-10,-2.2897293306452932e-07,1.9845580478961011e-07,-1.8340026497022899e-21,2.932948566902897e-08,7.1624011867277293e-07,-2.5763672067968812e-07,0,0.018701399529740509,0.033636011038534308,2.5532552011989024e-18,0.038269602270009417,0.014607851336674945,0.12224179197994813,5.1972503954896087e-06,-1.5665404293039574e-05,-3.8646842676140195e-06,-1.5711762960736703e-20,-7.1493372474808268e-05,6.7479253521930807e-05,-0.00010178097391720932,-5.0596480101803572e-09
38,4,support,0.0083717105263157905,0.0045000000000000005,0.0083675986842105272,0.0083758223684210539,0.0040000000000000001,0.0050000000000000001,1000904.2420362264,1.6269266958144835,15.852861038184649,2684.6302284782601,0.13803314447122134,1173,1173,4.1297869687719899e-05,0.20516753932087933,0.40000000000000002,2,300000,0.00033700000000000001,0.0001,0.079778572672088474,0.12615025593687054,2.1142582076538625e-17,0.2150568208390182,0.040141851714075187,0.51891629662809025,2.2952257480228849e-05,0.078833050326954687,0.071397446529762112,1.047473015962811e-17,0.077467470200975441,0.31565634773742474,0.45663657734635132,9.107858531832343e-06,nan,nan,nan,nan,nan,nan,nan,nan,nan,nan,nan,nan,nan,nan,0.24892272059795498,0.0026394151924194775,1.4491285356874586e-09,0.0025014761022337084,3.2486429168361365e-05,0.39115686254261067,0.00010740080958255717,5.2403667248047607e-07,2.4320686337911227e-10,4.2579999668361601e-12,3.9569339145238105e-10,1.0511518269162088e-10,8.6890808514986753e-08,0.35463902520114732,0,0,0,0,0,0,0,nan,nan,nan,nan,nan,nan,nan,nan,nan,nan,nan,nan,nan,nan,-5.7735743074884277e-11,-4.1841682321207812e-13,-6.5952213008781679e-12,-2.5872311961484646e-10,6.8597471453157866e-15,9.2504032862469887e-12,3.3566007191655365e-13,-2.4173035535063336e-13,-3.5520825464037727e-16,-2.4120187224283303e-18,6.7736258024585477e-18,-1.5390420397904165e-17,-1.9520737065848443e-13,3.143169330733608e-10,-3.3685174410155033e-07,1.6455921453273348e-07,-2.3350997802485669e-22,1.7229030491559985e-07,1.1828940913588548e-06,-5.0888989178154986e-07,0,0.018020819146258582,0.028373969485599535,4.7804773699375947e-18,0.048398116522980039,0.0090467145915196744,0.11696767793584993,5.1696892514624316e-06,0,0,0,0,0,0,0
39,0,lumen,0.0083799342105263172,0.00050000000000000001,0.0083758223684210539,0.0083840460526315788,0,0.001,1000150.3151536173,1.3600805154293785,13.262687598648785,3012.8750020742909,0.16897176074256201,1173,1173,4.0585083201766432e-05,0.23380061385341971,0.59999999999999998,2,500000,0.00035,0.0001,0.067798399905193846,0.16685417240941047,9.3462629073634419e-18,0.17941484417220241,0.06557180244392076,0.51547160243393952,2.268401112745992e-05,0.056048681520341918,0.079005168268371825,3.873884778898689e-18,0.054069009266653943,0.43137814042362893,0.37949146983381771,7.530687185676439e-06,0.27101943335537754,0.0014955187442504342,9.5922627632988294e-10,0.0019354447901472533,2.0357733960114841e-05,0.39503692513836214,7.1112721553928606e-05,8.8756958311790166e-07,2.9279070008389301e-10,3.0822568828767588e-12,2.7177607650532433e-10,6.5991958856408525e-11,6.3618048419008097e-08,0.33042025473585968,nan,nan,nan,nan,nan,nan,nan,nan,nan,nan,nan,nan,nan,nan,0,0,0,0,0,0,0,-2.9306771543623568e-11,-8.6762039280678784e-13,1.3726027046795651e-12,5.6359187133138728e-11,-5.0895702582987035e-15,-9.9667843422857061e-12,7.633513559296474e-13,-3.9587040243094229e-14,-4.0576729216220303e-18,-1.5041811242125406e-18,4.9604044890128951e-18,-6.3057936186523578e-18,1.055870387337456e-14,-1.8319845806788137e-11,nan,nan,nan,nan,nan,nan,nan,nan,nan,nan,nan,nan,nan,nan,-1.7720840869012155e-07,1.550689473495126e-07,-1.1490612913843148e-23,2.2148089676297389e-08,5.5378340511891277e-07,-1.9941142570534254e-07,0,0.01566747361023035,0.038263406646870245,2.1590962614110304e-18,0.041236759746480049,0.014990239614653933,0.11865211144468918,5.2165184403476172e-06,-8.1952994354843491e-05,9.8965964707199486e-05,-6.7549285858142894e-21,4.1410563773057547e-05,4.3154319390610802e-05,-0.0001168141938632061,3.8478943101572058e-10
39,1,lumen,0.0083799342105263172,0.0015,0.0083758223684210539,0.0083840460526315788,0.001,0.002,1000150.0572624893,1.4184362914807083,13.831741613728695,2893.9717390185847,0.16880998907989159,1173,1173,4.0561335303070601e-05,0.23369481769367753,0.59999999999999998,2,500000,0.00035,0.0001,0.066559610430536376,0.15790426061878318,9.0950980605259443e-18,0.17093219259244122,0.062660193777175563,0.49622691474766467,2.1743048054489463e-05,0.057385484846077452,0.077975399235483203,3.9315284181736309e-18,0.053722873080659796,0.42991052073019004,0.3809981940920053,7.5280155840947351e-06,0.27135133922868065,0.0015109981483135571,9.8498380854193955e-10,0.0019488263403682389,2.0300272680121574e-05,0.39370676084579787,7.1726450485585871e-05,8.7212450119468483e-07,2.8932823322665481e-10,3.1274121420124592e-12,2.7840542924581294e-10,6.761452139616106e-11,6.3330661929066567e-08,0.33138911163505202,nan,nan,nan,nan,nan,nan,nan,nan,nan,nan,nan,nan,nan,nan,0,0,0,0,0,0,0,1.854026728299954e-10,-1.0173606337459074e-12,-9.5210571470705603e-12,-3.3624254880737188e-10,-8.7850733632155453e-15,1.4436610175534714e-10,8.7144131728473469e-13,-5.7976410131055367e-14,-1.3008412919010252e-17,-2.018188791633428e-18,6.5748822186077288e-18,-8.4980707321437708e-18,2.2137905475173243e-14,1.6185302928008133e-11,nan,nan,nan,nan,nan,nan,nan,nan,nan,nan,nan,nan,nan,nan,-1.8298581138699588e-07,1.5916112000580185e-07,-1.4389949304732406e-23,2.3689890988054451e-08,5.7258266560056281e-07,-2.0634890629533942e-07,0,0.016019100731958304,0.037715748061110832,2.1889601458111696e-18,0.040921945291303337,0.014918307555314122,0.11898296707943393,5.2080500379568813e-06,-0.00020511113983884985,0.00026548168292263102,-1.6351518673828432e-20,0.00013265963383555875,9.4682928462423886e-05,-0.00028577040435480606,6.2648870104539952e-10
39,2,lumen,0.0083799342105263172,0.0025000000000000001,0.0083758223684210539,0.0083840460526315788,0.002,0.0030000000000000001,1000149.2967534178,1.3141008086526598,12.814334186191029,3136.8762876329533,0.16819363106275095,1173,1173,4.0492819814008113e-05,0.23359799257762714,0.59999999999999998,2,500000,0.00035,0.0001,0.076041040505845064,0.16438136042313897,1.0166038033286432e-17,0.18068044205783435,0.067126262150870711,0.54092266327619232,2.3455784762714977e-05,0.060737723923679314,0.075203059137551556,4.0712234735939917e-18,0.05260968359739631,0.42667577176147004,0.38476623791871273,7.5236611902076888e-06,0.27242155109491428,0.001549410285692206,1.0505931482994649e-09,0.0019833365132397441,2.0075982648620554e-05,0.38999656414880607,7.3272628543203785e-05,8.3303031888905497e-07,2.8014178929788128e-10,3.2432440042325856e-12,2.9536267246423252e-10,7.1755638541785086e-11,6.2395451447239635e-08,0.33395489221928903,nan,nan,nan,nan,nan,nan,nan,nan,nan,nan,nan,nan,nan,nan,0,0,0,0,0,0,0,1.6318854764190886e-11,-1.0241530631769984e-12,-6.0707389260488172e-13,2.5211791741891896e-12,-7.8756445809347042e-16,4.1966108322785689e-11,8.1800005384256815e-13,-1.0003846709349951e-13,-5.4569568127868689e-17,-2.99686105810231e-18,1.066608206292624e-17,-1.4157614543364564e-17,3.4638818021862822e-14,-5.9926563889870776e-11,nan,nan,nan,nan,nan,nan,nan,nan,nan,nan,nan,nan,nan,nan,-1.9791780928469366e-07,1.6942894126570351e-07,-2.691513114856559e-23,2.8447575267907956e-08,6.2219416634146096e-07,-2.2636844054790828e-07,0,0.016893054603368925,0.03624456247984098,2.2588814438760754e-18,0.039932300136207063,0.01475124717538746,0.11972877992529971,5.1868133489424772e-06,-0.00039537970413985998,0.0005316984827226862,-3.5804045257049288e-20,0.00026982336343691818,0.00017666580148271313,-0.0005350957461288387,-1.5728927374398705e-10
39,3,support,0.0083799342105263172,0.0035000000000000001,0.0083758223684210539,0.0083840460526315788,0.0030000000000000001,0.0040000000000000001,1001223.5975231,1.2973348363147692,12.637268135737173,3206.5090896282536,0.16836684350728096,1173,1173,4.0355093615727938e-05,0.23350398816892004,0.40000000000000002,2,300000,0.00033700000000000001,0.0001,0.085353207826536201,0.15427435938286901,1.1084834231316477e-17,0.17525306879550792,0.067094486115592072,0.55916970218395146,2.3787897364526319e-05,0.06723377008971132,0.069603943091410062,4.377836815467978e-18,0.050324252357009408,0.42058085886519442,0.39224965083979435,7.5247568806236473e-06,nan,nan,nan,nan,nan,nan,nan,nan,nan,nan,nan,nan,nan,nan,0.27487406377322665,0.0016276537404831793,1.1825309208990864e-09,0.0020559446878665611,1.9540499739740315e-05,0.38213367509695378,7.6462147034866813e-05,7.5807853172825493e-07,2.6189960227795643e-10,3.483531818018874e-12,3.2974142387747561e-10,8.0172753099042237e-11,6.0328424783406875e-08,0.3392118397899096,0,0,0,0,0,0,0,nan,nan,nan,nan,nan,nan,nan,nan,nan,nan,nan,nan,nan,nan,1.408090362743698e-10,-1.2298528486262946e-12,-2.2990449562137608e-11,-4.3810515977696708e-10,5.4853040512559126e-15,7.2284029933519789e-10,9.1844690181585553e-13,-1.8267570615904116e-13,-1.5184703945153344e-16,-4.2614208221629986e-18,1.5192723481871561e-17,-2.0859473548417249e-17,3.6306429812669514e-14,-4.0210093607949915e-10,-2.2874845541365207e-07,1.9877953849611885e-07,-6.6139090255941215e-22,2.926920810049663e-08,7.1551257692370474e-07,-2.576024618061723e-07,0,0.018689703548368592,0.03365358342867112,2.4494178507968189e-18,0.038275354440883029,0.014612021993744085,0.12222749644783672,5.1972968951087197e-06,-1.5649630923835043e-05,-3.8728539427068784e-06,-1.5831370176185688e-20,-7.1431346539539998e-05,6.7493516809014596e-05,-0.00010050554405087218,-5.0654004651188925e-09
39,4,support,0.0083799342105263172,0.0045000000000000005,0.0083758223684210539,0.0083840460526315788,0.0040000000000000001,0.0050000000000000001,1000903.571018134,1.6187136318635351,15.772843076567893,2698.1555837331939,0.13898432875605435,1173,1173,4.1299344548470882e-05,0.20515567599733309,0.40000000000000002,2,300000,0.00033700000000000001,0.0001,0.080134582868785678,0.12685812879277542,2.1230340425412252e-17,0.21625878732409815,0.040345203528809701,0.52151708101273109,2.3071724797220654e-05,0.078785152440041292,0.071435678630327945,1.0465117444594759e-17,0.077507235256240078,0.31565404967862531,0.45660877494107982,9.1090536854148075e-06,nan,nan,nan,nan,nan,nan,nan,nan,nan,nan,nan,nan,nan,nan,0.248898719141918,0.0026390298110584953,1.4481132195656817e-09,0.0025010908970893764,3.2499062684377615e-05,0.39121442112461602,0.0001073847005178432,5.24296341873555e-07,2.4331347070712492e-10,4.2555394553807101e-12,3.9541838515113469e-10,1.0504329018833918e-10,8.6924242154721826e-08,0.35460624184538797,0,0,0,0,0,0,0,nan,nan,nan,nan,nan,nan,nan,nan,nan,nan,nan,nan,nan,nan,-7.8315854383507911e-11,-4.098330505377068e-13,1.0875436858614763e-11,-1.2163625782459594e-10,6.5258128761902512e-16,-6.060464826382686e-10,3.2821946979880553e-13,-2.4219959805088509e-13,-3.5661856666890479e-16,-2.3727643106976524e-18,6.5276502056309509e-18,-1.5118258899521342e-17,-1.9611172096384353e-13,7.9564282888089365e-10,-3.3659774718690361e-07,1.6495196064614248e-07,-2.3217858881679613e-23,1.7224139562849563e-07,1.1820410680818405e-06,-5.0870659623614145e-07,0,0.018007383040802773,0.028385297641219439,4.7689421241061033e-18,0.048416294926007401,0.0090454451387119231,0.11694432863216531,5.169652212283256e-06,0,0,0,0,0,0,0
40,0,lumen,0.0083881578947368422,0.00050000000000000001,0.0083840460526315788,0.0083922697368421055,0,0.001,1000150.2169246202,1.3631855240721353,13.292967081971707,3005.8135604268941,0.16902524218562934,1173,1173,4.0585337663480664e-05,0.23381411814038322,0.59999999999999998,2,500000,0.00035,0.0001,0.067594911334273478,0.16653225222936602,9.3183363957823215e-18,0.17900787798257858,0.065434351864207874,0.51420796206851116,2.2630743385221773e-05,0.05600803660632634,0.079032764975779074,3.8711275382171776e-18,0.054069527356586725,0.43145668916719709,0.37942545173824449,7.5301558663404743e-06,0.27101853353293059,0.0014948454317171226,9.5844019899758977e-10,0.001934925425208968,2.0355676179117355e-05,0.39507020275256322,7.1087172551595319e-05,8.8811173999374142e-07,2.9289197122123689e-10,3.0809111089522917e-12,2.7157682283390109e-10,6.5941659142745888e-11,6.3617401017480992e-08,0.33038909668777705,nan,nan,nan,nan,nan,nan,nan,nan,nan,nan,nan,nan,nan,nan,0,0,0,0,0,0,0,1.6835233247714225e-11,-8.7495968344712677e-13,-6.815494670257347e-13,-3.190360509779394e-11,-6.1603283238453876e-15,1.5761428837426927e-11,7.6920567649882102e-13,-4.0008361207322096e-14,-4.3032704452109021e-18,-1.5183882678882171e-18,5.0134652301760279e-18,-6.3732272950428471e-18,1.1123867766065096e-14,1.2925754949450035e-13,nan,nan,nan,nan,nan,nan,nan,nan,nan,nan,nan,nan,nan,nan,-1.7702258329685416e-07,1.5490086957559157e-07,-1.1474872891211707e-23,2.2106668922410211e-08,5.5316759488277523e-07,-1.9909796938888391e-07,0,0.015657144443734259,0.038279619522223127,2.1576963422192981e-18,0.041240078061530738,0.014994115803206198,0.1186392878491853,5.2165121306495952e-06,-8.1980866423799959e-05,9.9058495872913246e-05,-6.7356949581469424e-21,4.1471719283270271e-05,4.312374913178269e-05,-0.00011713517379598671,3.8382129279897047e-10
40,1,lumen,0.0083881578947368422,0.0015,0.0083840460526315788,0.0083922697368421055,0.001,0.002,1000149.9592149765,1.4245892954742316,13.891743387224182,2881.2807186225505,0.16876015454495766,1173,1173,4.0561569116042839e-05,0.23370878384478017,0.59999999999999998,2,500000,0.00035,0.0001,0.06622526413423914,0.15727737308426687,9.0490767397441958e-18,0.17019476205846648,0.062401173287655626,0.49399652203099864,2.1647626458332184e-05,0.057344909001059111,0.078002745715935559,3.928603411457765e-18,0.053723146637412685,0.42999061824098234,0.3809310529134538,7.5274911564864917e-06,0.27135079001872509,0.0015103068371683742,9.8419364040976601e-10,0.0019482973883951614,2.0298101042919831e-05,0.39374007801707617,7.1700308843076054e-05,8.7266339150909094e-07,2.8942908832656356e-10,3.1260402868020074e-12,2.7820492159896063e-10,6.7563661097119984e-11,6.3329777728054567e-08,0.33135759171305929,nan,nan,nan,nan,nan,nan,nan,nan,nan,nan,nan,nan,nan,nan,0,0,0,0,0,0,0,-2.310636096639227e-11,-1.0423159376160735e-12,1.545676106899312e-12,6.5912054540326207e-11,-4.7068468914113204e-15,-1.4226394801780673e-11,8.9172230131329006e-13,-6.0086267558712159e-14,-1.3538396377965774e-17,-2.054740946474563e-18,6.6456011461985491e-18,-8.6015566490173806e-18,2.299185029699373e-14,-2.9932390069615731e-11,nan,nan,nan,nan,nan,nan,nan,nan,nan,nan,nan,nan,nan,nan,-1.8281009505228402e-07,1.5917592005587622e-07,-1.273569510962004e-23,2.3646897533743674e-08,5.7208356929461246e-07,-2.0652128673859238e-07,0,0.0160088419148572,0.037731708711681258,2.1872442359680347e-18,0.040924997736091998,0.014922246514256337,0.11897018362719343,5.2080453639817149e-06,-0.00020509306284446338,0.00026561774505332237,-1.6339330799752577e-20,0.00013270283338932015,9.462940238680479e-05,-0.00028655990111283949,6.2508034556529261e-10
40,2,lumen,0.0083881578947368422,0.0025000000000000001,0.0083840460526315788,0.0083922697368421055,0.002,0.0030000000000000001,1000149.1992133802,1.3165106578614365,12.837834862981921,3130.92098691401,0.168197521483473,1173,1173,4.0493057354210242e-05,0.23361252304778668,0.59999999999999998,2,500000,0.00035,0.0001,0.075849563728642141,0.16414087313277653,1.013985605876685e-17,0.18035213870253597,0.067016415929532031,0.53983483085257722,2.3411246453616233e-05,0.060695890642493991,0.07523075414295792,4.0681854371165552e-18,0.052610397278937668,0.42675877024416831,0.38469666454461088,7.5231468312414596e-06,0.27242101591931633,0.0015486753096246588,1.0497653516624074e-09,0.0019827810640981993,2.0073849667922489e-05,0.39003153360516102,7.324499003455662e-05,8.3356696667858157e-07,2.8024437899090963e-10,3.241750992874126e-12,2.9515166978039746e-10,7.1701676063751217e-11,6.2394880962616124e-08,0.33392177760015157,nan,nan,nan,nan,nan,nan,nan,nan,nan,nan,nan,nan,nan,nan,0,0,0,0,0,0,0,6.8313193339421282e-12,-1.0330674181334779e-12,3.9165476738261105e-13,2.2125656847959937e-11,-7.5232788748769153e-16,1.6558642478015084e-11,8.2522637484734644e-13,-1.0039560328911623e-13,-5.4601188657747177e-17,-3.0237653660195387e-18,1.0741405801589567e-17,-1.4261510741822e-17,3.5148286137850149e-14,-4.5633497159526664e-11,nan,nan,nan,nan,nan,nan,nan,nan,nan,nan,nan,nan,nan,nan,-1.977187531415972e-07,1.6930600499343029e-07,-2.7247784327928469e-23,2.8395863897315726e-08,6.2154702949734908e-07,-2.2613627798095948e-07,0,0.016882562026920563,0.036260568733838511,2.2557213781416436e-18,0.039935653462902045,0.014755279189529692,0.11971539699558055,5.1868190508673146e-06,-0.00039493289644407302,0.00053096130881962215,-3.4379718042433566e-20,0.00026922028730977799,0.00017651423511448849,-0.0005318790128102666,-1.6082037490966341e-10
40,3,support,0.0083881578947368422,0.0035000000000000001,0.0083840460526315788,0.0083922697368421055,0.0030000000000000001,0.0040000000000000001,1001222.8004482044,1.2835976596080532,12.503464998014373,3240.5866376968456,0.16838283026383929,1173,1173,4.0355453343779741e-05,0.23351837184051882,0.40000000000000002,2,300000,0.00033700000000000001,0.0001,0.086206319550236041,0.15599479672536398,1.1164422257340749e-17,0.17714182933895756,0.067826493103980243,0.56504587411341822,2.4040893368385186e-05,0.067186791691330697,0.069634968965653549,4.3625840026786877e-18,0.050328038874409585,0.42066774923793665,0.392174926963617,7.5242670526307893e-06,nan,nan,nan,nan,nan,nan,nan,nan,nan,nan,nan,nan,nan,nan,0.27487118782720682,0.0016268231900498883,1.1815697794169749e-09,0.0020553184130969546,1.9539221790969664e-05,0.38217648643615676,7.6430993491264569e-05,7.586308007952831e-07,2.6201339402268919e-10,3.4816805787772602e-12,3.2949368691696604e-10,8.0108902832613879e-11,6.0330679074835493e-08,0.33917339310006017,0,0,0,0,0,0,0,nan,nan,nan,nan,nan,nan,nan,nan,nan,nan,nan,nan,nan,nan,1.456169229530324e-11,-1.2371229946211325e-12,-5.0472754223952903e-12,-1.2056328847602376e-10,3.9019351985580819e-15,1.3411035563321017e-10,9.2461879579867118e-13,-1.8316771710491508e-13,-1.5271385468163089e-16,-4.3028630199851285e-18,1.5455781754215662e-17,-2.119322347724135e-17,3.6474027550802105e-14,-2.26060838692025e-11,-2.2852589209344798e-07,1.9919073035445933e-07,-3.9398575246521672e-22,2.9206241557560024e-08,7.1479120940243224e-07,-2.5761652872047236e-07,0,0.018678020257992756,0.033671138414869455,2.4167033529640385e-18,0.038281095686610249,0.014616187201867482,0.12221323038565006,5.1973434272622925e-06,-1.5641789030369336e-05,-3.8846483900112296e-06,-1.585716584520491e-20,-7.1452221607460457e-05,6.7534394115007984e-05,-9.9932484852187335e-05,-5.0711293172310004e-09
40,4,support,0.0083881578947368422,0.0045000000000000005,0.0083840460526315788,0.0083922697368421055,0.0040000000000000001,0.0050000000000000001,1000902.9000678712,1.6103543290786482,15.691400045640739,2712.0653336559658,0.13799524591014917,1173,1173,4.1300820741895637e-05,0.20514378140046424,0.40000000000000002,2,300000,0.00033700000000000001,0.0001,0.080501556202941055,0.12758484705296366,2.1328837174924959e-17,0.21749301746975841,0.040554300112425078,0.52419193994196578,2.3194522528818339e-05,0.078737276237423159,0.071473933411993609,1.0459382355774778e-17,0.077547091373389748,0.31565166003721984,0.45658092868886313,9.1102511105710939e-06,nan,nan,nan,nan,nan,nan,nan,nan,nan,nan,nan,nan,nan,nan,0.24887469185057631,0.002638645074148389,1.4470985267088799e-09,0.0025007055822785051,3.2511709473291667e-05,0.39127199060571405,0.0001073686022226941,5.2455607262799724e-07,2.4342010455593287e-10,4.253080963200723e-12,3.9514353886599229e-10,1.0497144945375271e-10,8.6957698118389841e-08,0.35457347286692636,0,0,0,0,0,0,0,nan,nan,nan,nan,nan,nan,nan,nan,nan,nan,nan,nan,nan,nan,-9.0682264185623005e-11,-4.1520792627728543e-13,1.9313994806466331e-11,-2.971724640791952e-11,-2.5628370953212354e-15,-9.4886792531296421e-10,3.3266455870030075e-13,-2.4321874809302146e-13,-3.5814730945445397e-16,-2.3976190912391733e-18,6.6315502944222053e-18,-1.525952700173165e-17,-1.9644883900513487e-13,1.0504785924835746e-09,-3.3633495760427429e-07,1.6507503641793875e-07,9.1184415354980471e-23,1.7218991773056843e-07,1.1811820834761733e-06,-5.0847580579382878e-07,0,0.017993957308836385,0.028396611246975897,4.7769189289974745e-18,0.048434468967580177,0.0090441717771699605,0.11692099587468001,5.1696151441725274e-06,0,0,0,0,0,0,0
41,0,lumen,0.0083963815789473671,0.00050000000000000001,0.0083922697368421055,0.0084004934210526305,0,0.001,1000150.1186882877,1.3612832979761578,13.274419018585139,3009.8149322472414,0.16899488345750774,1173,1173,4.0585591366648269e-05,0.23382760954453419,0.59999999999999998,2,500000,0.00035,0.0001,0.067640290324520569,0.16682304578065657,9.3247206788928249e-18,0.17925962946183169,0.06553769481086763,0.51483706722263434,2.2660762328835399e-05,0.055967434788159083,0.079060300308784262,3.86837457100097e-18,0.054070018282457298,0.4315351301744097,0.37935958682279952,7.529623390075852e-06,0.27101765049374804,0.0014941737071585666,9.5765519392866377e-10,0.0019344073158628903,2.0353617794415594e-05,0.39510339054900312,7.1061683780266786e-05,8.8865302756782815e-07,2.9299303233496584e-10,3.0795675232020197e-12,2.7137785013419546e-10,6.589143706675376e-11,6.3616742159169584e-08,0.33035800877188581,nan,nan,nan,nan,nan,nan,nan,nan,nan,nan,nan,nan,nan,nan,0,0,0,0,0,0,0,8.9544638986619401e-11,-8.6818497417049868e-13,-3.9287923855725424e-12,-1.7157617656687691e-10,-7.8353122601182434e-15,5.8978064402734343e-11,7.631868833367894e-13,-3.9718879227268467e-14,-4.3724217621433578e-18,-1.5074212779136161e-18,4.9297295299721317e-18,-6.2747369286835983e-18,1.1032546343653345e-14,2.7123719770741052e-11,nan,nan,nan,nan,nan,nan,nan,nan,nan,nan,nan,nan,nan,nan,-1.7683589450482456e-07,1.5471500275365813e-07,-1.1399777521643406e-23,2.2065879091187932e-08,5.5254012747141257e-07,-1.9873406414960826e-07,0,0.015646827513010171,0.038295814822173452,2.1563089057040329e-18,0.041243387676475902,0.014997988201040697,0.11862648287026138,5.2165058007882817e-06,-8.2004363986796144e-05,9.914027757101068e-05,-6.7231615078042453e-21,4.152743592569332e-05,4.309343901206737e-05,-0.00011737640964654719,3.8309650249611885e-10
41,1,lumen,0.0083963815789473671,0.0015,0.0083922697368421055,0.0084004934210526305,0.001,0.002,1000149.8611604124,1.4341308268555004,13.984788069714613,2861.9210759465,0.16883232341707813,1173,1173,4.0561802418370268e-05,0.23372272268107414,0.59999999999999998,2,500000,0.00035,0.0001,0.065738150781769242,0.15628554051005802,8.9823186151082658e-18,0.16906315657570145,0.061997520436212455,0.49062369368282832,2.1502092537402263e-05,0.057304376162686958,0.078029995087253098,3.9257398027045922e-18,0.053723384196599867,0.43007052785130551,0.38086418973827002,7.526963884629857e-06,0.27135026302372511,0.0015096181028478712,9.8340467255627208e-10,0.0019477705704309886,2.0295932187255113e-05,0.39377325923590334,7.1674267007734897e-05,8.7320067064425893e-07,2.895296058864805e-10,3.1246703526718233e-12,2.7800471962525715e-10,6.7512887771149802e-11,6.332888656580637e-08,0.33132618071676284,nan,nan,nan,nan,nan,nan,nan,nan,nan,nan,nan,nan,nan,nan,0,0,0,0,0,0,0,3.9514033680214437e-10,-1.0409923237577271e-12,-1.8624786712330662e-11,-8.0357283983503432e-10,-1.1809780584015606e-14,3.5256093986087145e-10,8.8954557759749884e-13,-6.0990275330130572e-14,-1.37570653986045e-17,-2.0537843476390624e-18,6.5484506444105742e-18,-8.4888181095316029e-18,2.2856835161158488e-14,7.4697636795322646e-11,nan,nan,nan,nan,nan,nan,nan,nan,nan,nan,nan,nan,nan,nan,-1.8260354587087968e-07,1.5866460201241495e-07,-1.2163069291062452e-23,2.3605057661240612e-08,5.7127346383967215e-07,-2.0542357603847705e-07,0,0.015998593111724864,0.03774765316462704,2.18567104080064e-18,0.040928039980798983,0.014926185317956382,0.1189574109682246,5.2080405402499781e-06,-0.00020508113085801583,0.00026576877826771649,-1.636883034571013e-20,0.00013275424826264363,9.4576337139742241e-05,-0.00028745852427364694,6.2326910602154376e-10
41,2,lumen,0.0083963815789473671,0.0025000000000000001,0.0083922697368421055,0.0084004934210526305,0.002,0.0030000000000000001,1000149.1016659902,1.3171258422640151,12.843835030857992,3129.2457006211757,0.16821701436166567,1173,1173,4.0493294715581868e-05,0.23362703039975122,0.59999999999999998,2,500000,0.00035,0.0001,0.07576193237544572,0.16412450474713991,1.0128591023514504e-17,0.18027029459884344,0.066998115726679144,0.5394852425107779,2.3398709536638562e-05,0.060654102166006613,0.075258409978348248,4.0655651041017993e-18,0.052611100565605119,0.42684163976775757,0.38462722488986112,7.5226324211151283e-06,0.27242048049133227,0.0015479419577533518,1.0489386614349577e-09,0.0019822267300932464,2.0071720261847382e-05,0.3900664407759894,7.3217409837108695e-05,8.3410300809881602e-07,2.8034682205187131e-10,3.2402606421903473e-12,2.9494095974266716e-10,7.1647797487947246e-11,6.2394310337615907e-08,0.33388872271829978,nan,nan,nan,nan,nan,nan,nan,nan,nan,nan,nan,nan,nan,nan,0,0,0,0,0,0,0,1.0152074793478076e-11,-1.0215795104475406e-12,5.8843675704334478e-14,1.5071128271602283e-11,-7.9873174047007112e-16,2.5371700834025956e-11,8.1659549212922723e-13,-9.9120364693838781e-14,-5.3885357515786903e-17,-2.9899312038866307e-18,1.0659799212583594e-17,-1.414455469273615e-17,3.455772627953098e-14,-5.0383530859083967e-11,nan,nan,nan,nan,nan,nan,nan,nan,nan,nan,nan,nan,nan,nan,-1.9751871665509013e-07,1.6914872164042194e-07,-3.6568174541428507e-23,2.8344629951525272e-08,6.2089502970985588e-07,-2.2587828679698774e-07,0,0.016872079843793419,0.036276561532323316,2.2495824182392464e-18,0.039939001033626284,0.014759306525635126,0.11970202634689781,5.1868247769809058e-06,-0.00039466060383119454,0.00053070536207651202,-3.4459675052461439e-20,0.00026889427498469559,0.00017642572372683139,-0.00053184747004202603,-1.6529706945509877e-10
41,3,support,0.0083963815789473671,0.0035000000000000001,0.0083922697368421055,0.0084004934210526305,0.0030000000000000001,0.0040000000000000001,1001222.003304458,1.2840124950591296,12.507515848926927,3239.3012683793563,0.16839294014243009,1173,1173,4.0355812533018884e-05,0.23353274641689831,0.40000000000000002,2,300000,0.00033700000000000001,0.0001,0.08611827244185713,0.15601384565070905,1.1155804582492624e-17,0.17709793364438312,0.067818527978120102,0.56475500475670448,2.4031563454346299e-05,0.067139915068798545,0.069666035241995106,4.3606288712750212e-18,0.050331868751149332,0.42075461981013468,0.39210003734417331,7.5237837491797108e-06,nan,nan,nan,nan,nan,nan,nan,nan,nan,nan,nan,nan,nan,nan,0.2748682841335604,0.0016259923740656722,1.1806105677900162e-09,0.0020546912719683957,1.9537943163620503e-05,0.38221934127728141,7.6399816799912481e-05,7.5918399825930087e-07,2.621273083749504e-10,3.4798352213728529e-12,3.2924647374805639e-10,8.0045190746999889e-11,6.0332928147005405e-08,0.33913493181072374,0,0,0,0,0,0,0,nan,nan,nan,nan,nan,nan,nan,nan,nan,nan,nan,nan,nan,nan,-3.0119042346910655e-11,-1.2224382636970774e-12,1.635128077147141e-12,5.2865998314679898e-12,2.9879527671528017e-15,-1.1853877710139848e-10,9.1372120126221557e-13,-1.8128380741000427e-13,-1.5084968565989687e-16,-4.264708202707172e-18,1.5299828947235247e-17,-2.0975726364735458e-17,3.5638922440292243e-14,1.4218745605608753e-10,-2.2829251678218448e-07,1.9926821559490548e-07,-4.2770883697516809e-22,2.9141347675655336e-08,7.1402848873802771e-07,-2.5743742715356177e-07,0,0.018666348269622293,0.03368867980323801,2.3810243923143865e-18,0.038286828653428577,0.014620347311084161,0.12219897844351942,5.19738997698542e-06,-1.5642510285007334e-05,-3.9004773327155731e-06,-1.5830976194966534e-20,-7.1562754349608607e-05,6.7604020252641563e-05,-0.00010011735693841374,-5.0768416032815534e-09
41,4,support,0.0083963815789473671,0.0045000000000000005,0.0083922697368421055,0.0084004934210526305,0.0040000000000000001,0.0050000000000000001,1000902.2291858302,1.6171158355207929,15.757295177375907,2700.6299499051174,0.13894629183792112,1173,1173,4.1302296409953967e-05,0.2051318703584385,0.40000000000000002,2,300000,0.00033700000000000001,0.0001,0.08011622456077365,0.12711925229503745,2.1214410826058955e-17,0.21669483711059137,0.04038438858147432,0.52196805877662655,2.3100563643994504e-05,0.078689459508885104,0.07151215926955462,1.0446957103579285e-17,0.077586959752890983,0.31564917233935513,0.45655313768000005,9.1114493141972406e-06,nan,nan,nan,nan,nan,nan,nan,nan,nan,nan,nan,nan,nan,nan,0.24885066827275171,0.0026382619474733843,1.4460853374681296e-09,0.0025003210227080666,3.2524357889933776e-05,0.39132949386400573,0.00010735255290245914,5.2481542950745183e-07,2.4352661814298405e-10,4.2506265823359471e-12,3.9486909951434104e-10,1.0489972566989316e-10,8.6991144567745559e-08,0.3545407639820547,0,0,0,0,0,0,0,nan,nan,nan,nan,nan,nan,nan,nan,nan,nan,nan,nan,nan,nan,-9.3182838807923051e-11,-3.9764100614623153e-13,2.0449302140275707e-11,5.7151898981494724e-11,-4.7699474578499768e-15,-1.1467373332374811e-09,3.2147672387459865e-13,-2.378909786174277e-13,-3.5008722413581456e-16,-2.3300198688662483e-18,6.4340820162807901e-18,-1.4857369856634873e-17,-1.9597851724084643e-13,1.1628343560661025e-09,-3.3606536983810109e-07,1.6505432409719134e-07,3.7122012378740446e-22,1.7213777275155055e-07,1.1803190241854722e-06,-5.0823980612957342e-07,0,0.01798054260374134,0.028407908763047527,4.7886011996474512e-18,0.048452634747008436,0.009042894702875396,0.11689767978678496,5.1695780080963774e-06,0,0,0,0,0,0,0
42,0,lumen,0.0084046052631578938,0.00050000000000000001,0.0084004934210526305,0.0084087171052631571,0,0.001,1000150.0204444169,1.3562876988801944,13.225706228795763,3020.7015328299567,0.16904906850680176,1173,1173,4.0585844398451841e-05,0.23384109287403482,0.59999999999999998,2,500000,0.00035,0.0001,0.067840232966044953,0.16749575246931017,9.3524119891829004e-18,0.17992148396484606,0.065791030023663807,0.51664365185702299,2.2742620668722174e-05,0.055926883482015612,0.079087812093187757,3.8656245233952263e-18,0.05407050128764665,0.43161350971371998,0.37929376433156914,7.5290918607624069e-06,0.27101677090414916,0.0014935028146804989,9.5687128647302758e-10,0.001933889694718343,2.0351558323477947e-05,0.39513653762933587,7.1036223175994695e-05,8.8919413504282398e-07,2.9309400932218395e-10,3.0782267684747313e-12,2.7117917246031428e-10,6.5841294753002531e-11,6.3616073711860695e-08,0.33032695677534379,nan,nan,nan,nan,nan,nan,nan,nan,nan,nan,nan,nan,nan,nan,0,0,0,0,0,0,0,-8.3991282805647281e-12,-8.7355940589683066e-13,4.3099731502640401e-13,1.8340829205189794e-11,-5.5726907463582442e-15,-4.4170045225555565e-12,7.6769984671787937e-13,-3.9902543075287511e-14,-4.6705308823662037e-18,-1.5209691457163907e-18,4.9966296231687361e-18,-6.3588288076893809e-18,1.1484203679511682e-14,-5.8159034803477423e-12,nan,nan,nan,nan,nan,nan,nan,nan,nan,nan,nan,nan,nan,nan,-1.7665711191019312e-07,1.5463607733190443e-07,-1.1303132862223528e-23,2.2025054550484169e-08,5.5199884721468528e-07,-1.9870001627397826e-07,0,0.015636522844418028,0.038311993952883691,2.1549301310247207e-18,0.041246690465654968,0.015001855541588803,0.1186136892454257,5.2164995307527935e-06,-8.1993582695948837e-05,9.9115505233509111e-05,-6.714248030497015e-21,4.153403555085167e-05,4.3048313816078516e-05,-0.00011695105680387698,3.8261470506198892e-10
42,1,lumen,0.0084046052631578938,0.0015,0.0084004934210526305,0.0084087171052631571,0.001,0.002,1000149.7630985504,1.430451829541254,13.948914050835613,2869.0914631656096,0.16878333494121681,1173,1173,4.0562035593815319e-05,0.2337366386531764,0.59999999999999998,2,500000,0.00035,0.0001,0.065860640878302734,0.15674210318130521,8.998928291381857e-18,0.16949866099707614,0.062168496725779003,0.49179933341685089,2.155587967905368e-05,0.057263879507847365,0.078057198337137951,3.9229100970722701e-18,0.053723607761592802,0.43015030629838624,0.38079748165916733,7.5264358681670524e-06,0.27134973924787298,0.0015089310183710371,9.8261663455422458e-10,0.0019472449680408936,2.0293767077073176e-05,0.39380637203362445,7.1648286082947482e-05,8.7373719940609136e-07,2.8962995598026684e-10,3.123302453593702e-12,2.7780476073222774e-10,6.7462184827777513e-11,6.3327995871880412e-08,0.33129483199310822,nan,nan,nan,nan,nan,nan,nan,nan,nan,nan,nan,nan,nan,nan,0,0,0,0,0,0,0,2.0278502291607049e-11,-1.071913370361636e-12,-6.2729708166357303e-13,-2.2692414839389397e-11,-5.503301807319172e-15,2.3791773455864029e-11,9.137704673471119e-13,-6.4007826816592228e-14,-1.458183462457557e-17,-2.1162688990270704e-18,6.650522767445663e-18,-8.6298199112834573e-18,2.423809695745282e-14,-2.0546869930456463e-11,nan,nan,nan,nan,nan,nan,nan,nan,nan,nan,nan,nan,nan,nan,-1.8243547060623616e-07,1.5884851040093295e-07,-1.2158445838914672e-23,2.3563841071728541e-08,5.7086145112406061e-07,-2.0597717115267145e-07,0,0.01598835715351667,0.037763581081026523,2.1842949647096874e-18,0.040931077683328439,0.014930116361380639,0.11894465599864394,5.2080358723042657e-06,-0.00020499832278880157,0.00026568487587237482,-1.6539086858003023e-20,0.00013267515972413828,9.4493677380783251e-05,-0.00028694993335297932,6.2127004520771794e-10
42,2,lumen,0.0084046052631578938,0.0025000000000000001,0.0084004934210526305,0.0084087171052631571,0.002,0.0030000000000000001,1000149.0041111916,1.3173237835768083,12.845766490872782,3128.562850587552,0.16822110013581701,1173,1173,4.0493531892342724e-05,0.23364151630143074,0.59999999999999998,2,500000,0.00035,0.0001,0.075698411720152556,0.16416006537508382,1.012361918472343e-17,0.18024558245541483,0.067001029345856444,0.53930688736102539,2.3393593332715748e-05,0.060612361820546475,0.075286035949115926,4.0641805140782881e-18,0.052611799023690946,0.42692439366318785,0.38455788742487712,7.5221185815896094e-06,0.27241994171064549,0.0015472100094717782,1.04811310437687e-09,0.0019816732934189191,2.006959411041242e-05,0.39010129834327101,7.3189878716344337e-05,8.3463861810283258e-07,2.804491501228605e-10,3.238773149350829e-12,2.9473055096648004e-10,7.159400437244167e-11,6.239373954819197e-08,0.33385571843989648,nan,nan,nan,nan,nan,nan,nan,nan,nan,nan,nan,nan,nan,nan,0,0,0,0,0,0,0,-4.1515423593634209e-11,-1.0259290978543332e-12,5.6282040213393289e-12,1.2140691856890498e-10,-5.1759811714457982e-16,-1.1461031667985011e-10,8.1954829558665974e-13,-9.9137278247729554e-14,-5.3995335210731314e-17,-3.0166170844233571e-18,1.0757060349778498e-17,-1.4262427645681621e-17,3.4868259353321786e-14,2.9361846109543847e-11,nan,nan,nan,nan,nan,nan,nan,nan,nan,nan,nan,nan,nan,nan,-1.9732492774742622e-07,1.6914032541226476e-07,-7.2816849030493749e-23,2.8293649291451278e-08,6.2027180555701555e-07,-2.2573428287708808e-07,0,0.016861609278990396,0.036292538534578971,2.2474242790556659e-18,0.039942342050793771,0.014763328241496817,0.11968868054423402,5.1868305577531773e-06,-0.00039439722597484051,0.00053047126388590122,-3.6600653748630329e-20,0.0002685806087530962,0.00017634047023898364,-0.00053196832048263832,-1.6994431302561986e-10
42,3,support,0.0084046052631578938,0.0035000000000000001,0.0084004934210526305,0.0084087171052631571,0.0030000000000000001,0.0040000000000000001,1001221.2060940489,1.2854234442484738,12.521269820088596,3235.5077816537096,0.16840799692989589,1173,1173,4.0356171658069477e-05,0.23354709711961125,0.40000000000000002,2,300000,0.00033700000000000001,0.0001,0.085963690531364656,0.15591194131505157,1.1186806932255583e-17,0.17691688028378469,0.067758001288009254,0.56402698978277821,2.4003629598743244e-05,0.067093097542467867,0.069697089802912518,4.3775557229829902e-18,0.050335703918779805,0.42084137728029491,0.39202520815334552,7.5233021994325184e-06,nan,nan,nan,nan,nan,nan,nan,nan,nan,nan,nan,nan,nan,nan,0.27486536808458267,0.0016251628607651771,1.1796527310100133e-09,0.0020540647920700623,1.953666799441986e-05,0.38226216452719197,7.6368682198543869e-05,7.5973707780240271e-07,2.6224116393556055e-10,3.4779937495479106e-12,3.2899963109846794e-10,7.9981584296494904e-11,6.0335178309471469e-08,0.33909651245859923,0,0,0,0,0,0,0,nan,nan,nan,nan,nan,nan,nan,nan,nan,nan,nan,nan,nan,nan,-2.5303905239754867e-11,-1.2318622072789091e-12,8.0847948974037498e-13,-5.9889869805609585e-12,3.0096368106025118e-15,-9.3299041018998774e-11,9.2270349869778032e-13,-1.8084275396623717e-13,-1.4989691623119266e-16,-4.2920828338884709e-18,1.5486002229208616e-17,-2.1174826114463467e-17,3.5960599561266436e-14,1.2423498321372381e-10,-2.2805205072105872e-07,1.9906830389659902e-07,-8.8857135442262352e-22,2.907637943250798e-08,7.132421894900931e-07,-2.571215433344598e-07,0,0.018654687980568175,0.033706207058894481,2.419019939726344e-18,0.038292553751998179,0.014624501862372196,0.12218475066477709,5.1974365423771747e-06,-1.5648481241046145e-05,-3.9186983040582844e-06,-1.5727825759238106e-20,-7.1727701624119304e-05,6.76911121200356e-05,-0.00010076317269854596,-5.0825443141619974e-09
42,4,support,0.0084046052631578938,0.0045000000000000005,0.0084004934210526305,0.0084087171052631571,0.0040000000000000001,0.0050000000000000001,1000901.5583726632,1.6367404926667612,15.948529963223413,2668.1548903023254,0.13795695014497747,1173,1173,4.1303769207327019e-05,0.20511996190172294,0.40000000000000002,2,300000,0.00033700000000000001,0.0001,0.079107554357649754,0.12566196027804122,2.0913634029780776e-17,0.21420619426104545,0.039899820695916861,0.51567815928331351,2.2826568808974481e-05,0.078641725424814693,0.071550286995063578,1.0423830207008172e-17,0.077626710615563602,0.31564657038495619,0.45652559393337888,9.1126462229664688e-06,nan,nan,nan,nan,nan,nan,nan,nan,nan,nan,nan,nan,nan,nan,0.24882668593221524,0.0026378821426170907,1.4450743355031843e-09,0.0024999387132349058,3.2536997250038646e-05,0.3913868275440664,0.00010733661944654051,5.2507374712148476e-07,2.4363281158849084e-10,4.2481778635114991e-12,3.9459527204363695e-10,1.0482817367394842e-10,8.7024551148981832e-08,0.35450817776049293,0,0,0,0,0,0,0,nan,nan,nan,nan,nan,nan,nan,nan,nan,nan,nan,nan,nan,nan,-5.795487974880553e-11,-4.040482253991339e-13,-3.5210405024957663e-12,-3.1151316296652187e-10,6.962854771919158e-15,5.3043070261625525e-11,3.2466202853361613e-13,-2.381261420686398e-13,-3.4914417568197028e-16,-2.3504323987126754e-18,6.5267950042751476e-18,-1.4988300553483136e-17,-1.937893502801361e-13,3.204507209982864e-10,-3.35771434070882e-07,1.6363310062494918e-07,9.1623000278419845e-22,1.7208923669005523e-07,1.1794429861239353e-06,-5.0755265057489396e-07,0,0.017967137981636547,0.028419192000596984,4.7308319849796123e-18,0.048470795527336685,0.0090416141853833596,0.11687437083401757,5.1695409001789517e-06,0,0,0,0,0,0,0
43,0,lumen,0.0084128289473684205,0.00050000000000000001,0.0084087171052631571,0.0084169407894736838,0,0.001,1000149.9221930776,1.3563253673879472,13.226074848832509,3020.418461433288,0.16901847965373007,1173,1173,4.0586096548334669e-05,0.23385456786434458,0.59999999999999998,2,500000,0.00035,0.0001,0.067789221970557298,0.16754926339005027,9.3455012113147895e-18,0.17991802622787273,0.065801131881639732,0.5165396997103171,2.274038262875601e-05,0.055886388064994831,0.079115283772351219,3.8628757585069153e-18,0.054070969155037729,0.43169181319665983,0.37922801725018718,7.5285607694372355e-06,0.27101590166486217,0.0014928330035467007,9.5608861224540635e-10,0.0019333728164312811,2.0349496907738495e-05,0.3951696222862513,7.1010801345597341e-05,8.8973480333116116e-07,2.9319484811468886e-10,3.0768889226198787e-12,2.709808230052209e-10,6.5791240383593769e-11,6.3615391868708156e-08,0.33029595499132758,nan,nan,nan,nan,nan,nan,nan,nan,nan,nan,nan,nan,nan,nan,0,0,0,0,0,0,0,2.441038653671477e-11,-8.6038884123263905e-13,-1.0238735606478907e-12,-4.6350879851720163e-11,-6.3040935319169655e-15,2.0041831258824083e-11,7.5683055502417875e-13,-3.8861708989701427e-14,-4.416106411063202e-18,-1.4954397638424158e-18,4.9097066926670966e-18,-6.2475800334115083e-18,1.1019895017263546e-14,3.0601075570745141e-12,nan,nan,nan,nan,nan,nan,nan,nan,nan,nan,nan,nan,nan,nan,-1.7647285221935455e-07,1.5446955847764343e-07,-1.1129380413592909e-23,2.1984309876686409e-08,5.5139328906939067e-07,-1.9841177512081032e-07,0,0.015626230021388635,0.038328156485135934,2.1535249140044549e-18,0.041249984887155346,0.015005719354498792,0.1186009090932162,5.2164932293650837e-06,-8.1997965347956894e-05,9.9137423393790645e-05,-6.7041071086675247e-21,4.156048650633131e-05,4.3010865886402953e-05,-0.00011683036648350491,3.8192574504597011e-10
43,1,lumen,0.0084128289473684205,0.0015,0.0084087171052631571,0.0084169407894736838,0.001,0.002,1000149.665029159,1.4288270623229797,13.933071655080383,2872.1637849698313,0.16885630640282334,1173,1173,4.0562268552153682e-05,0.23375053827874431,0.59999999999999998,2,500000,0.00035,0.0001,0.065888960872868926,0.15697499316656102,9.0026408172704618e-18,0.16969212218827809,0.062250716264400874,0.49227230735386929,2.1578880881293725e-05,0.057223437830858967,0.078084392282950679,3.9200712417020047e-18,0.053723840526981627,0.43023000510514647,0.3807307983443361,7.5259097260452961e-06,0.27134920628191789,0.0015082447529906253,9.8182975984935994e-10,0.001946719728720177,2.0291604123911838e-05,0.39383946428574718,7.1622330670168791e-05,8.742736882535287e-07,2.897302610056617e-10,3.1219377074927189e-12,2.776051136739452e-10,6.7411567278545442e-11,6.3327104125318606e-08,0.33126351179533903,nan,nan,nan,nan,nan,nan,nan,nan,nan,nan,nan,nan,nan,nan,0,0,0,0,0,0,0,3.5095827963376536e-11,-1.0705976508988644e-12,-1.4113500068812271e-12,-5.3965745015776753e-11,-5.7224190663784924e-15,4.2290217334983726e-11,9.1137821342764941e-13,-6.512585609685928e-14,-1.4934120972993343e-17,-2.1065697184375717e-18,6.5614347950882425e-18,-8.5337218934273796e-18,2.4145642914885403e-14,-2.1803087282665312e-11,nan,nan,nan,nan,nan,nan,nan,nan,nan,nan,nan,nan,nan,nan,-1.8224892665841264e-07,1.5868582814437815e-07,-1.1868696184548891e-23,2.3522266353136879e-08,5.7025518904185724e-07,-2.0571856296225377e-07,0,0.015978132409767379,0.037779492140037112,2.1828756477286792e-18,0.040934107288939287,0.014934044267837581,0.1189319214530043,5.208031163226309e-06,-0.00020495198729921497,0.00026572540801227866,-1.6756639267546573e-20,0.00013266573694337001,9.4428466091299804e-05,-0.00028717438401861515,6.1964713058790307e-10
43,2,lumen,0.0084128289473684205,0.0025000000000000001,0.0084087171052631571,0.0084169407894736838,0.002,0.0030000000000000001,1000148.9065491155,1.321782398473299,12.889245537434471,3117.7979925141021,0.16824014463194048,1173,1173,4.0493768715949091e-05,0.23365597866730359,0.59999999999999998,2,500000,0.00035,0.0001,0.075391165446884997,0.16366621998645334,1.0087011541432643e-17,0.17963988627017632,0.0667879370145847,0.5373909811772376,2.3313085242616404e-05,0.060570669001947658,0.075313605697578084,4.0631904649184543e-18,0.052612479321345773,0.42700700353159249,0.38448872084353269,7.5216040031845527e-06,0.2724194103067703,0.0015464799584363673,1.0472887499893319e-09,0.0019811212543416152,2.006747057912767e-05,0.39013607016633217,7.3162417589186458e-05,8.3517335697998999e-07,2.8055127562371235e-10,3.2372883085419505e-12,2.9452045797544605e-10,7.1540300998349069e-11,6.2393164560870722e-08,0.33382278916229163,nan,nan,nan,nan,nan,nan,nan,nan,nan,nan,nan,nan,nan,nan,0,0,0,0,0,0,0,2.9496287681178049e-11,-1.0140251112329175e-12,-2.5437361190120678e-12,-1.8483146241997599e-11,-9.532305500492555e-16,7.3841746953129395e-11,8.1204838821774421e-13,-9.724079180761791e-14,-5.2564080985346697e-17,-2.9724129531541325e-18,1.0666308968908021e-17,-1.4132396352653146e-17,3.4159848300888064e-14,-8.204478780844289e-11,nan,nan,nan,nan,nan,nan,nan,nan,nan,nan,nan,nan,nan,nan,-1.9711778170752176e-07,1.688032747471091e-07,-1.175049814648483e-22,2.824327307069523e-08,6.1958900664238481e-07,-2.2534504384719156e-07,0,0.016851150393795655,0.036308496901657633,2.2666742427459382e-18,0.039945674096100711,0.014767345156195462,0.11967538127728018,5.1868363381955396e-06,-0.00039430111565530988,0.00053072420198852497,-3.6891053345868132e-20,0.00026854831742437164,0.00017631885964564657,-0.00053523550146419201,-1.7441069100516586e-10
43,3,support,0.0084128289473684205,0.0035000000000000001,0.0084087171052631571,0.0084169407894736838,0.0030000000000000001,0.0040000000000000001,1001220.4088185428,1.2950450902345925,12.615004019969549,3211.2336076376778,0.16841745198475552,1173,1173,4.0356530144676928e-05,0.23356141798757588,0.40000000000000002,2,300000,0.00033700000000000001,0.0001,0.085265486089613998,0.15482221750183445,1.1107425556333354e-17,0.17561557598694702,0.067268367237426671,0.55972956623133396,2.3823742298032722e-05,0.067046341069945656,0.069728057699615903,4.3790305033020108e-18,0.050339503216264958,0.42092793805403039,0.39195063714149819,7.5228186448160541e-06,nan,nan,nan,nan,nan,nan,nan,nan,nan,nan,nan,nan,nan,nan,0.27486247275975934,0.0016243361491845567,1.1786965640070464e-09,0.0020534404617904129,1.9535393254189085e-05,0.38230484555141531,7.6337652577244518e-05,7.6028885232577179e-07,2.6235470977594476e-10,3.4761559374834173e-12,3.2875323000143133e-10,7.9918103744475105e-11,6.0337414327007206e-08,0.33905820955255361,0,0,0,0,0,0,0,nan,nan,nan,nan,nan,nan,nan,nan,nan,nan,nan,nan,nan,nan,1.0638613107239837e-10,-1.225710220855799e-12,-1.8222533317009006e-11,-4.2285642217475058e-10,6.1272601575845798e-15,7.4346789900696375e-10,9.1758247399113331e-13,-1.7992139896005899e-13,-1.4840064912517898e-16,-4.2545584316348564e-18,1.5322107816263444e-17,-2.0993931097828193e-17,3.578240593649658e-14,-4.0832878764715905e-10,-2.277939429385159e-07,1.9805648321380431e-07,-9.9933850631104963e-22,2.9012352596875294e-08,7.1239509308318461e-07,-2.564015754158433e-07,0,0.01864303700853338,0.033723725473933035,2.5003647541866205e-18,0.038298273480849611,0.014628652290357692,0.12217051236081197,5.1974831414558921e-06,-1.5652253073321131e-05,-3.9360980721228826e-06,-1.5737020582502934e-20,-7.187104957999643e-05,6.7771212267214031e-05,-0.00010122427785684889,-5.0882591211828114e-09
43,4,support,0.0084128289473684205,0.0045000000000000005,0.0084087171052631571,0.0084169407894736838,0.0040000000000000001,0.0050000000000000001,1000900.887628012,1.6240022406452665,15.824418023668255,2688.98827756419,0.13890808449302547,1173,1173,4.130524300734279e-05,0.20510802493282715,0.40000000000000002,2,300000,0.00033700000000000001,0.0001,0.079679596910859629,0.12671502521702274,2.1086985839977938e-17,0.21599686524393358,0.040212412204300954,0.51969139791867824,2.3008624155955494e-05,0.078593981766180168,0.071588415884106818,1.0428441739826993e-17,0.077666492931490055,0.31564385935561373,0.45649813621813395,9.1138444754270566e-06,nan,nan,nan,nan,nan,nan,nan,nan,nan,nan,nan,nan,nan,nan,0.24880268550383397,0.0026375040261149268,1.4440634569703476e-09,0.0024995571478256397,3.2549653134355881e-05,0.39144414170841008,0.00010732073630975175,5.2533182431176255e-07,2.4373896751019441e-10,4.2457298453936931e-12,3.9432148511623722e-10,1.0475664330584554e-10,8.7057986641570322e-08,0.35447562664343524,0,0,0,0,0,0,0,nan,nan,nan,nan,nan,nan,nan,nan,nan,nan,nan,nan,nan,nan,-7.484305516034088e-11,-3.9575539807560196e-13,3.7074388865486708e-12,-1.0585876021900738e-10,1.8476973423497967e-15,-4.9037214360728859e-10,3.1799158220884031e-13,-2.3746130929647169e-13,-3.4833406414815244e-16,-2.3117703193864193e-18,6.3245488275180495e-18,-1.4726257464395185e-17,-1.9411481088625122e-13,6.6787444967306499e-10,-3.3550886393424184e-07,1.6395480584296962e-07,7.7558181296732734e-22,1.7204115293855231e-07,1.1785939496300468e-06,-5.0744041807382345e-07,0,0.017953744571139366,0.028430458892051896,4.6938199616620047e-18,0.048488949622355323,0.009040329984035908,0.11685107204012875,5.1695036684367255e-06,0,0,0,0,0,0,0
44,0,lumen,0.0084210526315789472,0.00050000000000000001,0.0084169407894736838,0.0084251644736842105,0,0.001,1000149.823934311,1.3531316893754948,13.194933304764342,3027.3478533012189,0.16907252623950106,1173,1173,4.0586347889089634e-05,0.23386803386203631,0.59999999999999998,2,500000,0.00035,0.0001,0.067900033939550408,0.16800292415607876,9.3609095932534108e-18,0.18034414628855991,0.065968381420681177,0.51766915888576481,2.2792444358640901e-05,0.055845940237087999,0.079142712575681604,3.8601343132354359e-18,0.054071416805249198,0.43177003624461474,0.37916236610775034,7.5280296161406503e-06,0.27101504362175843,0.0014921643749666751,9.5530703336817801e-10,0.001932856796968435,2.0347434240653709e-05,0.39520264104825725,7.098542282717121e-05,8.9027495301215213e-07,2.9329553953096853e-10,3.0755536066623019e-12,2.7078276465342211e-10,6.5741265175340664e-11,6.3614698564717747e-08,0.33026500582312773,nan,nan,nan,nan,nan,nan,nan,nan,nan,nan,nan,nan,nan,nan,0,0,0,0,0,0,0,-6.1381559182670767e-11,-8.6348922554278997e-13,2.852804585554627e-12,1.1931940477002817e-10,-4.297668991515291e-15,-3.7269961639455063e-11,7.5959085034858603e-13,-3.874700039985246e-14,-4.6800581935652246e-18,-1.5039601732849352e-18,4.9667726423562111e-18,-6.3168326282702135e-18,1.1338310499683474e-14,-2.3385127333591919e-11,nan,nan,nan,nan,nan,nan,nan,nan,nan,nan,nan,nan,nan,nan,-1.7629423872036337e-07,1.5438475126083873e-07,-1.0998032996372055e-23,2.1943936346984381e-08,5.5084834132967941e-07,-1.9835458359152014e-07,0,0.015615949078015392,0.03834430284120062,2.1522561653775386e-18,0.041253271708751246,0.015009579208919495,0.11858813969111116,5.2164869284714551e-06,-8.1993625421041073e-05,9.9126424432168013e-05,-6.6931258257838583e-21,4.1569744778535829e-05,4.296901375149105e-05,-0.00011652179273750863,3.8096879329842324e-10
44,1,lumen,0.0084210526315789472,0.0015,0.0084169407894736838,0.0084251644736842105,0.001,0.002,1000149.566952266,1.4262864860856164,13.908298830609827,2877.0894960994633,0.1688072230421859,1173,1173,4.0562501393385207e-05,0.23376442011204246,0.59999999999999998,2,500000,0.00035,0.0001,0.065959730875601461,0.15730933938213476,9.0121450556451585e-18,0.16999513859011606,0.062373134557411961,0.4930627853256388,2.1615810076787624e-05,0.057183048544814978,0.078111578042575847,3.9172325313680753e-18,0.053724083420715461,0.43030962025115183,0.38066414435535978,7.5253853820693226e-06,0.27134866282285902,0.0015075593266962002,9.8104399723259053e-10,0.0019461948671970054,2.0289443928317546e-05,0.39387253784109577,7.1596401517675428e-05,8.7481013551218864e-07,2.8983052411427752e-10,3.1205759998415555e-12,2.7740576468973668e-10,6.7361031962535661e-11,6.3326213013239018e-08,0.33123221954159682,nan,nan,nan,nan,nan,nan,nan,nan,nan,nan,nan,nan,nan,nan,0,0,0,0,0,0,0,-3.2287240559473077e-11,-1.0881511703924289e-12,1.9679819479133987e-12,8.7471388019606464e-11,-4.5868257109171751e-15,-2.8900770665529762e-11,9.2540180673890343e-13,-6.690156241495604e-14,-1.5454311492375637e-17,-2.1449340612109228e-18,6.6704921999024002e-18,-8.6798576821239238e-18,2.4636139108854958e-14,-2.8041985569391955e-11,nan,nan,nan,nan,nan,nan,nan,nan,nan,nan,nan,nan,nan,nan,-1.8206684938588263e-07,1.5861346097656437e-07,-1.1491964936091926e-23,2.3480368105242369e-08,5.6969060513445413e-07,-2.0563264513384638e-07,0,0.015967919689987162,0.037795386604079745,2.1815092951968326e-18,0.040937130660522479,0.014937966389777171,0.1189192052700799,5.2080265078722928e-06,-0.00020487865871863714,0.00026568546773438642,-1.6388296826236358e-20,0.00013261291311916429,9.4353847772853908e-05,-0.00028689893735743478,6.1843771338009337e-10
44,2,lumen,0.0084210526315789472,0.0025000000000000001,0.0084169407894736838,0.0084251644736842105,0.002,0.0030000000000000001,1000148.8089797725,1.3227843190825235,12.89901693705059,3115.2252541287626,0.16824419368994881,1173,1173,4.0494005286895469e-05,0.23367041733993316,0.59999999999999998,2,500000,0.00035,0.0001,0.075282248442428326,0.16360198528957903,1.0064501613199156e-17,0.17950605520494647,0.066750231925634701,0.53688754197989319,2.3293827805046033e-05,0.060529015627883404,0.075341120285090379,4.0571965989008341e-18,0.052613139275869539,0.42708947031786559,0.38441973340494601,7.521088345082071e-06,0.27241888579344864,0.0015457518215665708,1.0464654478083953e-09,0.0019805706446146851,2.0065350254534789e-05,0.39017075798048656,7.3135027446144949e-05,8.3570722017294119e-07,2.8065320264155067e-10,3.235805772972704e-12,2.9431064109975218e-10,7.148667777921337e-11,6.2392587350621208e-08,0.33378993358622516,nan,nan,nan,nan,nan,nan,nan,nan,nan,nan,nan,nan,nan,nan,0,0,0,0,0,0,0,-3.2613079065838386e-11,-1.0238309569369788e-12,4.7539848851272339e-12,9.9936461764630519e-11,-6.1300790832330421e-16,-8.4919077845968527e-11,8.204224930973055e-13,-9.7532875872885505e-14,-5.2773342325782492e-17,-2.9948680278086746e-18,1.0764918462200175e-17,-1.4261449517531974e-17,3.4642699777869982e-14,1.3108791652071276e-11,nan,nan,nan,nan,nan,nan,nan,nan,nan,nan,nan,nan,nan,nan,-1.9692645972756162e-07,1.6881300984872283e-07,-5.2380188365002017e-23,2.8193678520243551e-08,6.1897460292004158e-07,-2.2521524883911681e-07,0,0.016840702607529668,0.036324440894689107,2.2560504230177515e-18,0.039949000629946441,0.014771356733005184,0.11966209670712584,5.1868421780431745e-06,-0.00039399685735172431,0.00053037616235262683,-3.2669316002602813e-20,0.00026816989515487466,0.00017621924223454978,-0.00053460372097803512,-1.7883456025049023e-10
44,3,support,0.0084210526315789472,0.0035000000000000001,0.0084169407894736838,0.0084251644736842105,0.0030000000000000001,0.0040000000000000001,1001219.6114772731,1.2927598717196445,12.592753788196454,3216.6742234693947,0.16843278044406065,1173,1173,4.0356888767962707e-05,0.23357571172321268,0.40000000000000002,2,300000,0.00033700000000000001,0.0001,0.085356604458454929,0.15516456646787591,1.10199336849173e-17,0.17593907096958664,0.067401058653543872,0.56061214139840587,2.3864298227792139e-05,0.066999607563535166,0.069758985440278656,4.3368745439219962e-18,0.050343279839215313,0.42101435351580652,0.39187625130744946,7.5223337149106232e-06,nan,nan,nan,nan,nan,nan,nan,nan,nan,nan,nan,nan,nan,nan,0.27485957716424819,0.0016235115001934138,1.1777412205669045e-09,0.0020528176060739668,1.9534123317486193e-05,0.38234745389498542,7.6306698025847136e-05,7.60839966850135e-07,2.624681032001784e-10,3.4743203437918458e-12,3.2850705146061436e-10,7.9854694405559245e-11,6.0339653506471831e-08,0.33901997598149014,0,0,0,0,0,0,0,nan,nan,nan,nan,nan,nan,nan,nan,nan,nan,nan,nan,nan,nan,-3.9982325871951471e-11,-1.2571014575233817e-12,2.8248563477224907e-12,2.4325940870170601e-11,2.9028428966126896e-15,-1.4309202347323469e-10,9.4184119537263719e-13,-1.8344418865889889e-13,-1.5055267865444268e-16,-4.3284723604975341e-18,1.54756902854998e-17,-2.1210043484139277e-17,3.7554983453283838e-14,1.5638185171615839e-10,-2.2757625910401619e-07,1.9876716439437558e-07,-1.2291340930404292e-22,2.8949505117523024e-08,7.1168921807196472e-07,-2.5654717394907323e-07,0,0.01863139825072645,0.033741228641756667,2.4133602257677749e-18,0.038303984153684745,0.014632797067109488,0.12215628920418053,5.1975297523959338e-06,-1.5650871686202116e-05,-3.9510110894451233e-06,-1.591930860780993e-20,-7.1960234868962585e-05,6.7833913872470238e-05,-0.00010122778303161414,-5.0939817379903011e-09
44,4,support,0.0084210526315789472,0.0045000000000000005,0.0084169407894736838,0.0084251644736842105,0.0040000000000000001,0.0050000000000000001,1000900.2169515105,1.623253981222164,15.817137517890865,2690.133044905067,0.13791895982414715,1173,1173,4.1306716947655622e-05,0.20509606684702825,0.40000000000000002,2,300000,0.00033700000000000001,0.0001,0.079667895510910636,0.12684085724728211,2.1152356295462855e-17,0.2162070965627087,0.040230564504771582,0.51989934475128785,2.3022244873425733e-05,0.078546285548652617,0.071626536307298302,1.0455957508368041e-17,0.077706318677458544,0.31564105714005514,0.45647068728240198,9.1150441335052017e-06,nan,nan,nan,nan,nan,nan,nan,nan,nan,nan,nan,nan,nan,nan,0.24877867824869235,0.0026371270545584458,1.4430537842094983e-09,0.0024991759512444363,3.2562314289239766e-05,0.39150141993514137,0.00010730488439025787,5.255897117007738e-07,2.4384506189063095e-10,4.2432852217872954e-12,3.9404802034232499e-10,1.0468520699073242e-10,8.7091423154697844e-08,0.35444311674067641,0,0,0,0,0,0,0,nan,nan,nan,nan,nan,nan,nan,nan,nan,nan,nan,nan,nan,nan,-5.584922274859111e-11,-3.9897070423166564e-13,-8.0350735778912249e-12,-2.6312469821785474e-10,6.9705526073438051e-15,4.6349015445958097e-11,3.2028047763358777e-13,-2.3780424244362885e-13,-3.4877677359013508e-16,-2.3310475115303747e-18,6.4317984808022609e-18,-1.4877279525292354e-17,-1.9386666528076186e-13,2.8116375842483882e-10,-3.3522772998478834e-07,1.631983004846127e-07,6.902526940093597e-23,1.7199154062220671e-07,1.1777266696322286e-06,-5.0696415321294097e-07,0,0.017940361407234526,0.028441710904837211,4.7486498191106428e-18,0.048507097223384227,0.0090390421830515658,0.1168277895191913,5.1694664500249293e-06,0,0,0,0,0,0,0
45,0,lumen,0.0084292763157894739,0.00050000000000000001,0.0084251644736842105,0.0084333881578947372,0,0.001,1000149.7256668054,1.3072927779654513,12.747940828908398,3133.2921863859242,0.16904643435764427,1173,1173,4.0586600263294888e-05,0.2338815136711857,0.59999999999999998,2,500000,0.00035,0.0001,0.070230036900764875,0.17395458283083698,9.6822030222427845e-18,0.18666968070121689,0.068293897048205654,0.53572694968713452,2.3590014775349048e-05,0.055805544774855324,0.079170393746695988,3.8573708113328669e-18,0.054071986278496152,0.43184849134230535,0.37909605634544419,7.5275122029843433e-06,0.27101408218414352,0.0014914917087489204,9.5452588104767849e-10,0.0019323362725491488,2.0345375203753493e-05,0.39523597851635228,7.0959864978114263e-05,8.9081962325628225e-07,2.9339705364156399e-10,3.0742236682675761e-12,2.7058487309410288e-10,6.5691332544644655e-11,6.3614031634600508e-08,0.33023385005709327,nan,nan,nan,nan,nan,nan,nan,nan,nan,nan,nan,nan,nan,nan,0,0,0,0,0,0,0,-3.4173807127414201e-10,-8.9884668007875209e-13,1.5705519785652729e-11,6.276824685031233e-10,2.8557885223268187e-15,-1.4077265915457549e-10,7.8347619148929987e-13,-4.3690311785082869e-14,-7.1525504685278244e-18,-1.5986456509981079e-18,5.0543936615960571e-18,-6.4838188484746522e-18,1.4936563422120156e-14,-1.6073634106936781e-10,nan,nan,nan,nan,nan,nan,nan,nan,nan,nan,nan,nan,nan,nan,-1.7612453794436239e-07,1.5434954897530773e-07,-1.0728291563948887e-23,2.190008190677665e-08,5.503969951331511e-07,-1.986365429362813e-07,0,0.015605680707343561,0.038360433679718288,2.1509459173488009e-18,0.041256552555857369,0.015013432285577735,0.11857538015524965,5.2164807500335474e-06,-8.1964830432958621e-05,9.9076491726650403e-05,-6.6829671661449238e-21,4.1565313176211404e-05,4.2931252637758566e-05,-0.00011579507500332955,3.8303509621950108e-10
45,1,lumen,0.0084292763157894739,0.0015,0.0084251644736842105,0.0084333881578947372,0.001,0.002,1000149.468868763,1.4611144710434325,14.247922055049246,2808.3241593276621,0.16887714373869386,1173,1173,4.0562732849776648e-05,0.23377826806209698,0.59999999999999998,2,500000,0.00035,0.0001,0.064342056091179989,0.15361265018063577,8.7909149905981311e-18,0.16594351881320701,0.060897589154574445,0.48122618687463609,2.1099070385039928e-05,0.057142716452579886,0.07813856003010515,3.9143781354649084e-18,0.053724245531395216,0.4303889402851136,0.3805980128469818,7.5248538242815224e-06,0.27134818493044788,0.0015068782344314329,9.8025995028527068e-10,0.0019456739359203256,2.0287282629532863e-05,0.39390533476785583,7.1570646952378477e-05,8.7534324149319272e-07,2.8993010035294513e-10,3.1192158798782825e-12,2.7720684005825689e-10,6.7310614201576539e-11,6.3325295114053877e-08,0.33120112991539941,nan,nan,nan,nan,nan,nan,nan,nan,nan,nan,nan,nan,nan,nan,0,0,0,0,0,0,0,2.9812560109860093e-10,-1.0394194365210464e-12,-1.3362168117661173e-11,-6.343147167153121e-10,-1.0034941627656835e-14,3.4288607543564442e-10,8.9052902212022935e-13,-6.1099779749551608e-14,-1.1648973997419606e-17,-2.0232092706572648e-18,6.4259168130567026e-18,-8.3222319474756072e-18,2.0424487118652161e-14,6.8647863481829845e-12,nan,nan,nan,nan,nan,nan,nan,nan,nan,nan,nan,nan,nan,nan,-1.8186665349129855e-07,1.5809670039779178e-07,-1.0384467551327089e-23,2.3440479873108056e-08,5.6893093118570714e-07,-2.0468610339996474e-07,0,0.01595771938061261,0.037811258779678024,2.1802854456285749e-18,0.040940142018011272,0.014941886461241777,0.11890654107674047,5.2080217918308926e-06,-0.00020499821912266865,0.00026626551487249844,-1.6244462681842189e-20,0.00013290335424901705,9.4353019248075094e-05,-0.00029039275715205193,6.1623611188857522e-10
45,2,lumen,0.0084292763157894739,0.0025000000000000001,0.0084251644736842105,0.0084333881578947372,0.002,0.0030000000000000001,1000148.7114030868,1.3242506549434281,12.913317044289347,3111.5650625032727,0.16826350274809238,1173,1173,4.0494241533013231e-05,0.23368483503250842,0.59999999999999998,2,500000,0.00035,0.0001,0.075147188873913584,0.16348039531141806,1.0043220070572276e-17,0.17930947067422795,0.066689168073305397,0.53619695236565956,2.3266436005986053e-05,0.060487407275194104,0.075368588903323638,4.0531059727754801e-18,0.052613784540889559,0.42717181088814066,0.38435088782012067,7.5205723313133185e-06,0.27241836584016016,0.0015450253456019338,1.0456432683391977e-09,0.0019800212179913478,2.0063232327838534e-05,0.39020537394611587,7.3107697755313844e-05,8.3624039628269824e-07,2.8075496262145691e-10,3.2343258461577796e-12,2.9410112075257293e-10,7.143313894565408e-11,6.2392006576079154e-08,0.33375714239247889,nan,nan,nan,nan,nan,nan,nan,nan,nan,nan,nan,nan,nan,nan,0,0,0,0,0,0,0,-6.1623192590709499e-11,-1.0068534003973515e-12,7.9543155637401815e-12,1.5591941495261537e-10,-4.4441447050180827e-16,-1.5627652882703458e-10,8.0790290374926992e-13,-9.5167797253825626e-14,-5.1115331476416276e-17,-2.9543539621767462e-18,1.067161409176663e-17,-1.411904821665656e-17,3.3817202199724019e-14,5.4286935880056823e-11,nan,nan,nan,nan,nan,nan,nan,nan,nan,nan,nan,nan,nan,nan,-1.9673139630901892e-07,1.6873519992355313e-07,-2.8792989157042187e-23,2.8144580456713525e-08,6.1834522677162163e-07,-2.2502387148071179e-07,0,0.016830264691465233,0.036340373637537261,2.2509685647328032e-18,0.039952323278057367,0.014775363618172726,0.1196488095776886,5.1868480583318113e-06,-0.00039373709443533126,0.00053015118188589976,-3.2275690375300724e-20,0.00026786207639589016,0.00017613526786607687,-0.00053478443834214129,-1.8357034666240037e-10
45,3,support,0.0084292763157894739,0.0035000000000000001,0.0084251644736842105,0.0084333881578947372,0.0030000000000000001,0.0040000000000000001,1001218.8140691464,1.2932492254398322,12.597530608304609,3215.2215336390404,0.16844270618694357,1173,1173,4.0357247061668643e-05,0.23358998677500525,0.40000000000000002,2,300000,0.00033700000000000001,0.0001,0.08526480241537944,0.1551744631430631,1.0996759629905764e-17,0.17588555811340431,0.067389314749055726,0.56029325724294021,2.3853717102226494e-05,0.066952936373420632,0.069789898217492791,4.3293960881900839e-18,0.050347058599203569,0.42110067223407871,0.39180191272520831,7.5218505961736518e-06,nan,nan,nan,nan,nan,nan,nan,nan,nan,nan,nan,nan,nan,nan,0.27485667489161258,0.0016226880333257113,1.1767873101317662e-09,0.0020521953448790538,1.9532854574038899e-05,0.38239002481624718,7.6275781507878225e-05,7.6139097839680997e-07,2.6258143047706535e-10,3.4724887394914199e-12,3.2826125961149011e-10,7.9791393429559764e-11,6.0341887943537395e-08,0.3389817846940964,0,0,0,0,0,0,0,nan,nan,nan,nan,nan,nan,nan,nan,nan,nan,nan,nan,nan,nan,-4.1814005132701161e-11,-1.2529764645663304e-12,3.0776203484726839e-12,2.3591381175962831e-11,2.9234427378899142e-15,-1.3784008916911672e-10,9.3858027691916321e-13,-1.8311198911324933e-13,-1.4969820847460212e-16,-4.309045623146117e-18,1.5374674678902094e-17,-2.1079724758772636e-17,3.7388311862961008e-14,1.5344245299211901e-10,-2.2733820476301958e-07,1.9858665623040395e-07,-3.0975897619868085e-23,2.8886453997283185e-08,7.1091216356788944e-07,-2.5624508154242776e-07,0,0.018619770698834189,0.033758718279646376,2.4042000865284481e-18,0.038309686912556651,0.014636936773319356,0.12214208306488473,5.1975763893411025e-06,-1.5651172375418789e-05,-3.9667045463082173e-06,-1.5944782969543715e-20,-7.2067177770576525e-05,6.7902313717149848e-05,-0.00010138111790014728,-5.0996999564829326e-09
45,4,support,0.0084292763157894739,0.0045000000000000005,0.0084251644736842105,0.0084333881578947372,0.0040000000000000001,0.0050000000000000001,1000899.5463436098,1.6291424608921206,15.874526046568917,2680.3154459505204,0.13886990551873296,1173,1173,4.1308189921182484e-05,0.20508409640610048,0.40000000000000002,2,300000,0.00033700000000000001,0.0001,0.079331738120226286,0.12644949462559688,2.1079742030462642e-17,0.21553582583556527,0.040084756780480485,0.51798881921009277,2.2942036089016824e-05,0.078498643839002472,0.071664612495876967,1.0457869676777698e-17,0.077746121956768444,0.31563815257049477,0.45644335289381599,9.1162440414623708e-06,nan,nan,nan,nan,nan,nan,nan,nan,nan,nan,nan,nan,nan,nan,0.24875468240010884,0.0026367521647161938,1.442045566519106e-09,0.0024987959253765487,3.2574976184843033e-05,0.39155861010442394,0.00010728909994873339,5.2584705927477933e-07,2.4395099272824482e-10,4.2408445339980458e-12,3.9377495620075861e-10,1.046138860872266e-10,8.7124847295936035e-08,0.35441068016870841,0,0,0,0,0,0,0,nan,nan,nan,nan,nan,nan,nan,nan,nan,nan,nan,nan,nan,nan,-8.166368525475124e-11,-3.8829488269527754e-13,1.3674098200590669e-11,-1.0047629818243822e-10,-5.8709547640090065e-16,-7.0166762710429514e-10,3.1358758680855001e-13,-2.3398860973800062e-13,-3.4281273778411816e-16,-2.2830948691436983e-18,6.2781939361833076e-18,-1.4559030444159614e-17,-1.9298885462602021e-13,8.7063609048247828e-10,-3.3498056259059772e-07,1.6372631089778267e-07,-4.2491683462269844e-24,1.7194267312802998e-07,1.17688407602623e-06,-5.068090510040868e-07,0,0.017926989479104948,0.028452947047849949,4.7434424784279142e-18,0.04852523867401063,0.0090377506228793061,0.11680451931873577,5.1694291608944591e-06,0,0,0,0,0,0,0
46,0,lumen,0.0084375000000000006,0.00050000000000000001,0.0084333881578947372,0.0084416118421052639,0,0.001,1000149.6273897986,1.2774809318018145,12.45723467870714,3206.200535435089,0.16910311549471607,1173,1173,4.0586853916700303e-05,0.23389501861917972,0.59999999999999998,2,500000,0.00035,0.0001,0.071817101397768007,0.17807721673605398,9.9010357570556835e-18,0.19102870068149952,0.06990038644246746,0.54813125405334939,2.4138939745724151e-05,0.05576528617194431,0.079198489104320563,3.8546010996910256e-18,0.054072788628642829,0.43192734030066277,0.37902856877472207,7.5270197073255822e-06,0.2710129526914517,0.0014908117934218929,9.5374620589081902e-10,0.0019318077894572175,2.0343317580912372e-05,0.39526984577739727,7.0933988003581136e-05,8.9137180878431562e-07,2.9349991970254448e-10,3.0729040674419493e-12,2.7038745508811213e-10,6.564151239303152e-11,6.3613395379316884e-08,0.33020234807113541,nan,nan,nan,nan,nan,nan,nan,nan,nan,nan,nan,nan,nan,nan,0,0,0,0,0,0,0,1.2745528711335401e-11,-8.5031714076069258e-13,-5.6332183929787173e-13,-2.0555802297634446e-11,-5.819455160815945e-15,5.2453805188257263e-12,7.4631523730120854e-13,-3.8339990904301402e-14,-5.803787295019152e-18,-1.5598345499146215e-18,5.3183493732059893e-18,-6.7621125857051518e-18,1.2690706890376556e-14,3.263666949088236e-12,nan,nan,nan,nan,nan,nan,nan,nan,nan,nan,nan,nan,nan,nan,-1.7592570929897411e-07,1.5407250164578556e-07,-1.0945812880686776e-23,2.1848557079185941e-08,5.4962056386664848e-07,-1.9775421511436519e-07,0,0.015595422904686695,0.038376548847290533,2.1496256723860943e-18,0.041259821020472209,0.015017283117848118,0.11856262787450189,5.2164742785496202e-06,-8.1940275097159033e-05,9.9136906623397011e-05,-6.666425403992315e-21,4.1625356260466883e-05,4.2923030640128688e-05,-0.00011548169890085883,3.9080835349303608e-10
46,1,lumen,0.0084375000000000006,0.0015,0.0084333881578947372,0.0084416118421052639,0.001,0.002,1000149.3707791789,1.4866793401336178,14.497216923312783,2759.8506236913654,0.16882623412088826,1173,1173,4.056296295165612e-05,0.23379207174738992,0.59999999999999998,2,500000,0.00035,0.0001,0.063190994936333664,0.15102266146236051,8.6333124285808579e-18,0.16308998749580678,0.059861364814608999,0.47286988825532783,2.0734744403921068e-05,0.057102384915040126,0.078165236828128176,3.9114633115778792e-18,0.053724259282125937,0.43046785269987592,0.38053274196725856,7.524307571291352e-06,0.27134781161582111,0.001506203591527312,9.7947690135497629e-10,0.0019451591770507865,2.0285122474673015e-05,0.39393772195780091,7.1545158443657032e-05,8.7587111021391158e-07,2.9002865626333706e-10,3.1178541138960418e-12,2.7700813204023612e-10,6.7260267026822199e-11,6.3324349709995497e-08,0.33117033256452982,nan,nan,nan,nan,nan,nan,nan,nan,nan,nan,nan,nan,nan,nan,0,0,0,0,0,0,0,-1.8679647229864642e-12,-1.0958253207951222e-12,3.980058561619437e-13,2.531712821953334e-11,-5.3426230453568202e-15,5.0693932558687482e-13,9.3353947326169184e-13,-6.7373624040856228e-14,-1.3616687523679058e-17,-2.0924937216630761e-18,6.3481984899176117e-18,-8.2656219035509801e-18,2.3033268887624015e-14,-2.4141966372601126e-11,nan,nan,nan,nan,nan,nan,nan,nan,nan,nan,nan,nan,nan,nan,-1.8169609690421584e-07,1.5829000460376719e-07,-7.3908789997330607e-24,2.340523707409961e-08,5.6849271225234421e-07,-2.0512617587842286e-07,0,0.015947532933369268,0.0378271090129347,2.1794614786730104e-18,0.040943146125978505,0.014945800328013377,0.11889392748946498,5.2080172217363626e-06,-0.00020507629861684059,0.00026667848209409431,-1.619656590422221e-20,0.00013309912078167846,9.4326610330680856e-05,-0.00029296846889218658,6.1209542226340465e-10
46,2,lumen,0.0084375000000000006,0.0025000000000000001,0.0084333881578947372,0.0084416118421052639,0.002,0.0030000000000000001,1000148.6138191321,1.3271569085025219,12.941658390109852,3104.5412667762707,0.16826730056311676,1173,1173,4.0494477332092068e-05,0.23369923122063213,0.59999999999999998,2,500000,0.00035,0.0001,0.074931095592944086,0.1631817008798962,1.0012987748351952e-17,0.17891890666480623,0.06655592808288778,0.53492714050538603,2.3213887454478221e-05,0.060445841922367904,0.0753959952982758,4.0497739516071693e-18,0.052614405453154385,0.42725401045905387,0.38428222681204555,7.5200551024358918e-06,0.27241785760452869,0.0015443008221865777,1.0448222229004837e-09,0.0019794732811269262,2.0061116280413026e-05,0.39023989573490497,7.3080441081090555e-05,8.3677261741261787e-07,2.8085650225979914e-10,3.2328483280301966e-12,2.9389189775813224e-10,7.1379685030452172e-11,6.2391419572164672e-08,0.33372443014167125,nan,nan,nan,nan,nan,nan,nan,nan,nan,nan,nan,nan,nan,nan,0,0,0,0,0,0,0,5.5503442953807048e-12,-1.0143128538948332e-12,5.3567181336439012e-13,2.4347548314286839e-11,-9.5550737461147506e-16,1.2953672639745561e-11,8.1491089535877634e-13,-9.495355890454249e-14,-5.1105760479741155e-17,-2.9737449401225416e-18,1.0785963177754443e-17,-1.4258442496285494e-17,3.4125303378540543e-14,-4.3125864168364317e-11,nan,nan,nan,nan,nan,nan,nan,nan,nan,nan,nan,nan,nan,nan,-1.9652608671937716e-07,1.6841641092835147e-07,-2.1631123099562305e-23,2.809624826035097e-08,6.1766963045661871e-07,-2.2464607551953009e-07,0,0.016819836500007613,0.036356293888368023,2.248374861973147e-18,0.039955641069188495,0.014779366240082574,0.11963552819355637,5.186853938660356e-06,-0.00039349913187341123,0.00052998550157388807,-3.2123115568071695e-20,0.00026758800038122768,0.00017605804537707342,-0.00053536060781625438,-1.8860660865462809e-10
46,3,support,0.0084375000000000006,0.0035000000000000001,0.0084333881578947372,0.0084416118421052639,0.0030000000000000001,0.0040000000000000001,1001218.0165946442,1.2939693420505372,12.604555298162451,3213.1970837927338,0.16845783184807925,1173,1173,4.0357605101435728e-05,0.23360424050402806,0.40000000000000002,2,300000,0.00033700000000000001,0.0001,0.085157949373350778,0.15515662005474387,1.0978811478598799e-17,0.17580070861486913,0.067365545461354051,0.5598748810194627,2.3838894630600803e-05,0.066906319388799984,0.069820785339378813,4.3247401834520659e-18,0.050350831720608558,0.42118687646751668,0.39172766571534501,7.5213683509005191e-06,nan,nan,nan,nan,nan,nan,nan,nan,nan,nan,nan,nan,nan,nan,0.27485376932590622,0.0016218660500255376,1.1758347254504473e-09,0.0020515739760565109,1.9531587716205235e-05,0.38243254314941633,7.6244915646065612e-05,7.6194167962863986e-07,2.6269465521344243e-10,3.470660730588253e-12,3.2801582479201348e-10,7.9728194436667569e-11,6.0344118571253755e-08,0.33894364685968781,0,0,0,0,0,0,0,nan,nan,nan,nan,nan,nan,nan,nan,nan,nan,nan,nan,nan,nan,7.3621496027523282e-12,-1.2764088299241173e-12,-3.7970636311955663e-12,-1.049165370342142e-10,3.6245962828362899e-15,9.9320299597541184e-11,9.5701809549349095e-13,-1.8530728167209798e-13,-1.5105167794390471e-16,-4.3660326610972637e-18,1.5559174109207173e-17,-2.1329670137531542e-17,3.849056242649209e-14,2.4937827623515468e-12,-2.2709344092188e-07,1.981744993106993e-07,-2.7357251332979079e-24,2.8823561706145814e-08,7.1011100495621537e-07,-2.5581579116140674e-07,0,0.018608153884959691,0.033776195249266547,2.3914629881156151e-18,0.038315382018591554,0.014641071733266085,0.12212788584693635,5.1976230398540881e-06,-1.5651189743202002e-05,-3.9821833209780683e-06,-1.5971307025943557e-20,-7.2171020576424256e-05,6.7969770405779115e-05,-0.00010150964439679537,-5.105414832024036e-09
46,4,support,0.0084375000000000006,0.0045000000000000005,0.0084333881578947372,0.0084416118421052639,0.0040000000000000001,0.0050000000000000001,1000898.8758045298,1.6366020356105957,15.947223567600313,2668.0050780248034,0.13788069357319357,1173,1173,4.1309661329857393e-05,0.20507211878823073,0.40000000000000002,2,300000,0.00033700000000000001,0.0001,0.078922221458484043,0.12593982646100021,2.0993955307435679e-17,0.21466295045911807,0.039901644456525789,0.51559681866752149,2.2840457045541731e-05,0.078451057162008841,0.071702626513329384,1.0463007027185634e-17,0.077785863406400202,0.31563514130114906,0.45641619417343571,9.1174436768817441e-06,nan,nan,nan,nan,nan,nan,nan,nan,nan,nan,nan,nan,nan,nan,0.24873070787045309,0.0026363798751806115,1.4410388979466785e-09,0.0024984175259234209,3.2587636720127366e-05,0.39161568461921681,0.00010727340331040835,5.2610367587336574e-07,2.4405670628770772e-10,4.2384079675767139e-12,3.9350232496528359e-10,1.0454268930843746e-10,8.7158252958779006e-08,0.35437833361988996,0,0,0,0,0,0,0,nan,nan,nan,nan,nan,nan,nan,nan,nan,nan,nan,nan,nan,nan,-4.4895280724124749e-11,-3.9532492460552693e-13,-1.6679732262874394e-11,-3.4258397251112551e-10,1.0089368576715607e-14,3.7376412988926466e-10,3.1777035942284649e-13,-2.3448582485430247e-13,-3.4236833437963858e-16,-2.3133963173638027e-18,6.3897939391040884e-18,-1.4711668945220682e-17,-1.9117702404192926e-13,3.0888319162753448e-11,-3.3468189500080597e-07,1.6242922146192385e-07,-1.5680902566585961e-22,1.7189600513583678e-07,1.1760140897071336e-06,-5.0625197178799652e-07,0,0.017913627246651187,0.0284641688613178,4.7727219737653791e-18,0.048543375547878624,0.00903645555257215,0.1167812608568343,5.1693918589205113e-06,0,0,0,0,0,0,0
47,0,lumen,0.0084457236842105272,0.00050000000000000001,0.0084416118421052639,0.0084498355263157889,0,0.001,1000149.5291058086,1.3159678618185666,12.832537603632598,3112.2268825518613,0.16906838120480583,1173,1173,4.0587106533319238e-05,0.23390849601960484,0.59999999999999998,2,500000,0.00035,0.0001,0.069666538626508262,0.17293030278300525,9.6045258084646181e-18,0.18544459529252696,0.067868425540604377,0.53200593962280662,2.3431439386389147e-05,0.055725143466907073,0.079226512433791002,3.8518169448772418e-18,0.054073592730618313,0.43200601331802813,0.3789612115218185,7.5265288368730071e-06,0.27101183315055477,0.0014901336879472892,9.5296889512338889e-10,0.0019312805465832635,2.0341259634317677e-05,0.39530361235119316,7.0908176268990445e-05,8.9192297395091941e-07,2.9360252886591108e-10,3.0715894731314648e-12,2.7019065373667657e-10,6.5591852500809651e-11,6.3612743408647839e-08,0.33017093370667527,nan,nan,nan,nan,nan,nan,nan,nan,nan,nan,nan,nan,nan,nan,0,0,0,0,0,0,0,1.4952096958587471e-10,-7.7853115510284466e-13,-6.9847609167250006e-12,-2.4694828080322634e-10,-9.6061396684388178e-15,4.6204281720085838e-12,6.9215342999419786e-13,-3.0580572796257144e-14,-3.0055550688447148e-18,-1.4035934898777776e-18,5.1026097610078317e-18,-6.4205775560731288e-18,8.3468173529800364e-15,9.9909996777215302e-11,nan,nan,nan,nan,nan,nan,nan,nan,nan,nan,nan,nan,nan,nan,-1.7573732019951493e-07,1.5394343283459122e-07,-1.068691946734064e-23,2.1796283554116791e-08,5.4895403063526249e-07,-1.9729358319287016e-07,0,0.015585177329594338,0.038392645319518894,2.1483061098011963e-18,0.041263077559748416,0.015021129045638194,0.11854990468734686,5.2164676517255587e-06,-8.1958340243884896e-05,9.9355617557937283e-05,-6.6320530917745652e-21,4.1762378795684135e-05,4.2933834889883739e-05,-0.00011618336978515582,3.9878289783507817e-10
47,1,lumen,0.0084457236842105272,0.0015,0.0084416118421052639,0.0084498355263157889,0.001,0.002,1000149.2726818998,1.4509987492832155,14.149282309348241,2827.5301858508524,0.16890169967304741,1173,1173,4.0563193247958005e-05,0.2338058675778788,0.59999999999999998,2,500000,0.00035,0.0001,0.06469914918622259,0.15478917620378674,8.8386420089170476e-18,0.16710044029835408,0.061344610993207101,0.48441481330693142,2.1243075480735967e-05,0.057062053668921142,0.078191922618308735,3.9083830556732349e-18,0.053724267849708088,0.43054673566469986,0.3804674964368579,7.5237615042735112e-06,0.27134742801767664,0.0015055294766944769,9.7869400596550115e-10,0.0019446446497419752,2.0282965552745942e-05,0.393970111588064,7.1519686131859924e-05,8.7639918743972996e-07,2.9012723446592008e-10,3.1164933979214301e-12,2.7680947391854757e-10,6.7209940648601531e-11,6.3323410558647473e-08,0.33113954227758319,nan,nan,nan,nan,nan,nan,nan,nan,nan,nan,nan,nan,nan,nan,0,0,0,0,0,0,0,-4.2927258662439169e-10,-1.131153316572257e-12,1.9758668719672489e-11,1.0019206542294274e-09,1.0216437071330908e-15,-5.753404929125655e-10,9.5761834247719862e-13,-7.3424339525063331e-14,-1.6220110030200825e-17,-2.1746226816882248e-18,6.3778184834846403e-18,-8.3517679305116733e-18,2.5447129241711109e-14,-1.68455528990248e-11,nan,nan,nan,nan,nan,nan,nan,nan,nan,nan,nan,nan,nan,nan,-1.8153123938508681e-07,1.5871630754116239e-07,-7.665097233092464e-25,2.3370560676033509e-08,5.6811907396536743e-07,-2.0588388838227445e-07,0,0.015937356359813283,0.037842951405954846,2.1794714951375287e-18,0.040946151668620069,0.014949708267616258,0.11888127781343402,5.2080128163057084e-06,-0.00020476921468809769,0.00026581991889871426,-1.6195426312752296e-20,0.00013259061034655355,9.414113861392495e-05,-0.00028794512839125131,6.0758854784101333e-10
47,2,lumen,0.0084457236842105272,0.0025000000000000001,0.0084416118421052639,0.0084498355263157889,0.002,0.0030000000000000001,1000148.5162275098,1.3158230092360794,12.831138081651822,3131.0707349526806,0.16828798022992658,1173,1173,4.0494713157883986e-05,0.23371361430457901,0.59999999999999998,2,500000,0.00035,0.0001,0.075524593698988049,0.16464712773370666,1.0091504360926433e-17,0.18046219666669569,0.067142111808678767,0.53943826115441795,2.3412237216614833e-05,0.060404319037110688,0.075423421303054461,4.0466743517294393e-18,0.052615041558512578,0.42733616453911838,0.384213534021565,7.5195406389680257e-06,0.27241732923705775,0.001543576678316839,1.044002058675142e-09,0.0019789252637118469,2.0059003563268152e-05,0.39027443492905534,7.3053191225874348e-05,8.3730525949531239e-07,2.8095809392417409e-10,3.2313737678323228e-12,2.9368291763764289e-10,7.1326300050120538e-11,6.2390837737856988e-08,0.33369172030777061,nan,nan,nan,nan,nan,nan,nan,nan,nan,nan,nan,nan,nan,nan,0,0,0,0,0,0,0,1.2811275005898391e-11,-1.0219550147088038e-12,-3.4565471344238908e-13,1.2561545781104132e-11,-1.0039712117215771e-15,2.7272925888152666e-11,8.1978085718757717e-13,-9.613533927255169e-14,-5.2381244653361944e-17,-2.9977031441217604e-18,1.0802029765286002e-17,-1.4305203300656452e-17,3.5020342296619009e-14,-5.2035681496566878e-11,nan,nan,nan,nan,nan,nan,nan,nan,nan,nan,nan,nan,nan,nan,-1.9632755696337434e-07,1.6825307336265638e-07,-1.9506213645909002e-23,2.8047618478917648e-08,6.1702442130662227e-07,-2.2438801061674951e-07,0,0.016809419352658471,0.036372198287476516,2.2460250074121089e-18,0.03995895263697901,0.014783363531636501,0.11962226919570808,5.1868598448107739e-06,-0.00039307106301170441,0.00052925800152245936,-3.2599133802989094e-20,0.00026699107515678922,0.00017591519775050197,-0.00053232250403861868,-1.9340188396513028e-10
47,3,support,0.0084457236842105272,0.0035000000000000001,0.0084416118421052639,0.0084498355263157889,0.0030000000000000001,0.0040000000000000001,1001217.2190537715,1.2939579325273218,12.604454198335468,3212.9905587459325,0.16846775627904878,1173,1173,4.0357962943868029e-05,0.2336184730691746,0.40000000000000002,2,300000,0.00033700000000000001,0.0001,0.085099365774918986,0.15522645632994142,1.0981324688081245e-17,0.17581528195248103,0.067379856031448776,0.55977336910216058,2.3837560768101488e-05,0.066859755545556523,0.069851651523765351,4.3256954830917733e-18,0.050354601757310637,0.42127297085259624,0.39165349943358962,7.5208871815162363e-06,nan,nan,nan,nan,nan,nan,nan,nan,nan,nan,nan,nan,nan,nan,0.27485085820391059,0.001621045458120162,1.1748834246949762e-09,0.0020509534100875567,1.9530323053850199e-05,0.38247501625662861,7.6214096615261648e-05,7.6249214423992493e-07,2.6280779385779307e-10,3.4688362753396892e-12,3.2777073633024535e-10,7.9665094628691147e-11,6.0346346716930792e-08,0.33890555756449725,0,0,0,0,0,0,0,nan,nan,nan,nan,nan,nan,nan,nan,nan,nan,nan,nan,nan,nan,-8.6404328187396628e-11,-1.2676295379299995e-12,8.7242661863654113e-12,1.5494443999496269e-10,2.0691998461885852e-15,-3.7155298434309036e-10,9.5108111622371414e-13,-1.8377530400237596e-13,-1.4846509962638908e-16,-4.3342119244299694e-18,1.5424705715975387e-17,-2.1142954444796189e-17,3.7823209532162165e-14,2.9474914156485918e-10,-2.2686847695688878e-07,1.9847066795586343e-07,-1.0119425938569931e-22,2.8760781649281222e-08,7.0938265465947392e-07,-2.5577538592669313e-07,0,0.018596550104160215,0.033793654411003127,2.4024286183118112e-18,0.038321067047519718,0.014645200632975357,0.12211372849802551,5.1976697143624787e-06,-1.5653354198618502e-05,-3.998766370867822e-06,-1.5940440688651854e-20,-7.2298079382932415e-05,6.8044617341800361e-05,-0.00010183257960847375,-5.1111291146473619e-09
47,4,support,0.0084457236842105272,0.0045000000000000005,0.0084416118421052639,0.0084498355263157889,0.0040000000000000001,0.0050000000000000001,1000898.2053340885,1.6313370508852392,15.895931647002534,2676.5220683490929,0.13883170109932907,1173,1173,4.1311132618995319e-05,0.20506012257960143,0.40000000000000002,2,300000,0.00033700000000000001,0.0001,0.079128879558330714,0.12641314431274905,2.1038936038490777e-17,0.21546563154460147,0.040030001568331246,0.51722984913559023,2.2917174190358915e-05,0.078403494406477675,0.071740617682189436,1.0451699768532647e-17,0.077825602747420258,0.31563202815456237,0.45638913836518319,9.1186441670186729e-06,nan,nan,nan,nan,nan,nan,nan,nan,nan,nan,nan,nan,nan,nan,0.24870673171568392,0.0026360094544216179,1.4400330427912605e-09,0.0024980400998075476,3.2600305204983742e-05,0.3916727033878088,0.00010725776558014124,5.2635989542324749e-07,2.4416231658215537e-10,4.235973761139123e-12,3.9322992138298989e-10,1.0447156242365704e-10,8.7191665569469707e-08,0.35434604153380056,0,0,0,0,0,0,0,nan,nan,nan,nan,nan,nan,nan,nan,nan,nan,nan,nan,nan,nan,-5.7481437593520663e-11,-3.8749123702970047e-13,-6.3153062034275476e-12,-2.5151518071385274e-10,6.1922038677164615e-15,-1.1976519927701934e-11,3.1160671581773242e-13,-2.3300838255385647e-13,-3.4032225774295256e-16,-2.2727848770641403e-18,6.2275467012524514e-18,-1.4480702592306648e-17,-1.9084583504360211e-13,3.2778235629625098e-10,-3.3442429017704889e-07,1.6259283602826358e-07,9.7206158322421838e-23,1.7185016408215082e-07,1.1751706334994783e-06,-5.0602922685438756e-07,0,0.017900275991892041,0.028475374642401158,4.7398724965682194e-18,0.048561505622388548,0.0090351569075213974,0.11675801483283743,5.1693545014041186e-06,0,0,0,0,0,0,0
48,0,lumen,0.0084539473684210522,0.00050000000000000001,0.0084498355263157889,0.0084580592105263155,0,0.001,1000149.4308166123,1.3513281785741118,13.177351722413691,3030.5901565704912,0.16911892752482133,1173,1173,4.0587357787626711e-05,0.23392190975282984,0.59999999999999998,2,500000,0.00035,0.0001,0.067794679159840401,0.16846394197449979,9.3463641210369799e-18,0.18059408422473325,0.066104452836372202,0.51799431202689206,2.2816759896729552e-05,0.05568499234540962,0.079254145517396471,3.8490007921948919e-18,0.054074206794440048,0.4320841396044563,0.37889498971901531,7.5260192822295068e-06,0.27101083960937566,0.0014894638928398159,9.5219263671523763e-10,0.001930761319096081,2.0339208152630277e-05,0.39533686578669691,7.0882708788279076e-05,8.9246716703134333e-07,2.9370382750898067e-10,3.0702718203620333e-12,2.69994060405008e-10,6.5542264268881303e-11,6.3612070560336174e-08,0.33013988981130993,nan,nan,nan,nan,nan,nan,nan,nan,nan,nan,nan,nan,nan,nan,0,0,0,0,0,0,0,-1.8883744521297681e-11,-8.0559517379029941e-13,1.0022004670114655e-12,3.35431469696218e-11,-5.1546223886478337e-15,-1.5802107886098149e-12,7.1449737244432123e-13,-3.2140306041594791e-14,-3.7420266935336594e-18,-1.4261025929972513e-18,5.0361117809865047e-18,-6.3568111073802109e-18,9.5651385199330306e-15,-1.3962886567600539e-11,nan,nan,nan,nan,nan,nan,nan,nan,nan,nan,nan,nan,nan,nan,-1.7556397488745212e-07,1.538140335655136e-07,-8.9973090067711592e-24,2.1750547065199744e-08,5.4844849042834376e-07,-1.9734700834606045e-07,0,0.01557494510350921,0.038408722381504494,2.1472409435328846e-18,0.041266325101482364,0.015024968456216932,0.11853721697686719,5.2164610851059843e-06,-8.1999384021009191e-05,9.9579222951498832e-05,-6.5556445332187662e-21,4.1892374170573219e-05,4.2932969510380874e-05,-0.0001171078643974171,4.0251098159745871e-10
48,1,lumen,0.0084539473684210522,0.0015,0.0084498355263157889,0.0084580592105263155,0.001,0.002,1000149.1745760606,1.4315378308751401,13.959512303115748,2865.7801564132778,0.16885379329133191,1173,1173,4.0563423272874898e-05,0.23381967722137426,0.59999999999999998,2,500000,0.00035,0.0001,0.065532440417801222,0.15694726632853692,8.9508413112460626e-18,0.1693723530988302,0.062189962608006091,0.49091529562257502,2.1530328673335234e-05,0.05702181065047035,0.078218753846968761,3.9049121634969718e-18,0.053724361991655908,0.43062576793490548,0.38040178234976629,7.5232262329298868e-06,0.27134698738938184,0.0015048527658845297,9.7791241395283762e-10,0.0019441271108349004,2.0280805238077808e-05,0.39400268151481654,7.1494096194358445e-05,8.7693015872404932e-07,2.9022628982239295e-10,3.1151385780202323e-12,2.7661119640616096e-10,6.7159709102119334e-11,6.3322469425064291e-08,0.33110863444999666,nan,nan,nan,nan,nan,nan,nan,nan,nan,nan,nan,nan,nan,nan,0,0,0,0,0,0,0,8.7534669988770947e-11,-1.1281876145869336e-12,-3.4622272506399453e-12,-1.854630083088473e-10,-6.4382093406534224e-15,1.3102980462795233e-10,9.555226468608765e-13,-7.3477899112384115e-14,-1.6023459730287648e-17,-2.2027601898829736e-18,6.5998973494034629e-18,-8.6315328860097809e-18,2.4795641857128601e-14,-2.9411390158458614e-11,nan,nan,nan,nan,nan,nan,nan,nan,nan,nan,nan,nan,nan,nan,-1.8132397934002287e-07,1.5786395674011189e-07,1.4054341392092426e-23,2.3332510196633442e-08,5.6727049661808859e-07,-2.044744079054972e-07,0,0.015927187356044752,0.037858786723426893,2.1710812680211644e-18,0.040949152960091599,0.014953617403734323,0.11886859024622497,5.2080083635012291e-06,-0.00020453575580335108,0.00026520912712240985,-1.6264171615132988e-20,0.00013221944284222685,9.3988849677697418e-05,-0.00028439914876110626,6.0348510964091561e-10
48,2,lumen,0.0084539473684210522,0.0025000000000000001,0.0084498355263157889,0.0084580592105263155,0.002,0.0030000000000000001,1000148.4186278011,1.3043743499020102,12.71949867841254,3158.3391882872693,0.1682932267130991,1173,1173,4.0494949149845663e-05,0.23372799281284265,0.59999999999999998,2,500000,0.00035,0.0001,0.076135193772394166,0.16615285248659564,1.0172799945710944e-17,0.18204854371717746,0.067744448502436036,0.54407523599210794,2.3616136286818703e-05,0.06036286832691206,0.07545094564861575,4.0437813446223359e-18,0.052615742489435492,0.42741836468081429,0.38414455982007256,7.5190341499224261e-06,0.27241675017881872,0.001542851243946235,1.0431830615901504e-09,0.001978375447335424,2.0056893469653496e-05,0.39030909865414393,7.3025876962246161e-05,8.3783973607256096e-07,2.8105999919424089e-10,3.2299039649564506e-12,2.9347426790784492e-10,7.1273002160132503e-11,6.2390265336442942e-08,0.33365893978310218,nan,nan,nan,nan,nan,nan,nan,nan,nan,nan,nan,nan,nan,nan,0,0,0,0,0,0,0,2.0024832751736412e-11,-1.0162738719851095e-12,-1.1568604366923194e-12,-2.0712974863769703e-12,-1.0801906244473081e-15,4.689528236220819e-11,8.1708133115965652e-13,-9.4126963168239541e-14,-5.1457403126545996e-17,-3.003142803383357e-18,1.096967818234488e-17,-1.4488417770503416e-17,3.4650065483890173e-14,-6.3432176355333886e-11,nan,nan,nan,nan,nan,nan,nan,nan,nan,nan,nan,nan,nan,nan,-1.9612931358419655e-07,1.6808674313528726e-07,-2.2002791080301961e-23,2.799689268402838e-08,6.1637779430467887e-07,-2.2412522038273153e-07,0,0.016799013098669695,0.036388087148357423,2.2449893621537792e-18,0.039962257407874804,0.014787355644953247,0.11960903319816857,5.1868657588154597e-06,-0.00039270097953534103,0.00052871401740754579,-3.2400405680704887e-20,0.00026650172663402269,0.00017580053390807795,-0.00053042120897240361,-1.9700198488902601e-10
48,3,support,0.0084539473684210522,0.0035000000000000001,0.0084498355263157889,0.0084580592105263155,0.0030000000000000001,0.0040000000000000001,1001216.4214471931,1.2985913208161373,12.649598146521049,3201.2928762385295,0.1684826067204965,1173,1173,4.0358320272846461e-05,0.23363268250729033,0.40000000000000002,2,300000,0.00033700000000000001,0.0001,0.084736681848104942,0.15474071232285697,1.0930462758050803e-17,0.1752008803701525,0.067153088611669479,0.55767024800478859,2.3750968416153998e-05,0.066813250242980238,0.069882464398092051,4.3210813627369459e-18,0.050358352418803813,0.42135892124768753,0.3915794912867781,7.5204056584496017e-06,nan,nan,nan,nan,nan,nan,nan,nan,nan,nan,nan,nan,nan,nan,0.27484795628438458,0.0016202268687474633,1.1739336228877796e-09,0.0020503342518020497,1.9529058807001795e-05,0.38251739589832662,7.6183350022956215e-05,7.6304187038520802e-07,2.6292073717914474e-10,3.4670154779216348e-12,3.2752604797441815e-10,7.9602108181523936e-11,6.0348564414355309e-08,0.33886754905002497,0,0,0,0,0,0,0,nan,nan,nan,nan,nan,nan,nan,nan,nan,nan,nan,nan,nan,nan,1.236614189607405e-11,-1.2941661612137989e-12,-4.3757405067701199e-12,-1.2419009345620498e-10,3.6715422369049122e-15,1.3561421690483355e-10,9.721774586256966e-13,-1.8622169778437225e-13,-1.4939927444851341e-16,-4.3911075459987319e-18,1.5597475673495676e-17,-2.1382427057840624e-17,3.8965290198815578e-14,-1.8948703912522236e-11,-2.2661837381643402e-07,1.977888520188209e-07,-7.3535154913369914e-23,2.8698427114325463e-08,7.0855989409146503e-07,-2.5519689345054886e-07,0,0.018584957791968951,0.033811098529492371,2.3966845348039561e-18,0.038326743285522116,0.014649324613793804,0.12209959943793895,5.1977164164694092e-06,-1.5655297978007135e-05,-4.0153792752224707e-06,-1.5966014011731742e-20,-7.2423515754995021e-05,6.8118872955378828e-05,-0.00010213982103509019,-5.1168502738042619e-09
48,4,support,0.0084539473684210522,0.0045000000000000005,0.0084498355263157889,0.0084580592105263155,0.0040000000000000001,0.0050000000000000001,1000897.5349320524,1.6243920160721967,15.828269048684323,2687.8714793994995,0.13784260401169365,1173,1173,4.1312604328661529e-05,0.20504810360862558,0.40000000000000002,2,300000,0.00033700000000000001,0.0001,0.079418960924537804,0.12702075924167189,2.1138603705560176e-17,0.21649730870116599,0.040200713362602204,0.51941013478631404,2.3018174218467847e-05,0.078355960922553855,0.071778605928073488,1.0456513118479963e-17,0.077865383227024493,0.31562882294261246,0.45636210713356462,9.1198461711989513e-06,nan,nan,nan,nan,nan,nan,nan,nan,nan,nan,nan,nan,nan,nan,0.24868274464012036,0.0026356402288017339,1.4390280232694959e-09,0.002497663085983517,3.261298248031016e-05,0.3917296957203098,0.00010724216101767573,5.2661594233272088e-07,2.4426788222478316e-10,4.2335420153282017e-12,3.9295774268238565e-10,1.044005039492184e-10,8.7225088517642894e-08,0.35431378515536788,0,0,0,0,0,0,0,nan,nan,nan,nan,nan,nan,nan,nan,nan,nan,nan,nan,nan,nan,-1.155531571101433e-10,-3.933021679471693e-13,4.1559843709927505e-11,1.5129065873584783e-10,-1.0780330621240619e-14,-1.7504251702618601e-09,3.1590888488116009e-13,-2.3319551584882747e-13,-3.4008303804038041e-16,-2.2981263629232692e-18,6.3591441056744314e-18,-1.465230643195839e-17,-1.8990875061563768e-13,1.6736393099567369e-09,-3.3420451273861312e-07,1.641104333538479e-07,-4.6852058885245699e-23,1.7180337892282161e-07,1.1743499064853502e-06,-5.0611757757001996e-07,0,0.017886936216996129,0.028486563995945558,4.7460853665519997e-18,0.048579628686730755,0.0090338545724177027,0.11673478140799728,5.169317067669887e-06,0,0,0,0,0,0,0
49,0,lumen,0.0084621710526315772,0.00050000000000000001,0.0084580592105263155,0.0084662828947368405,0,0.001,1000149.3325210044,1.3507089205794578,13.171314379855106,3031.7809580006515,0.16908833617718289,1173,1173,4.0587608624893711e-05,0.23393528762743052,0.59999999999999998,2,500000,0.00035,0.0001,0.067776842377099439,0.16859955612226588,9.3435712073328793e-18,0.18067861260001858,0.066146668978249779,0.51814191660168263,2.2825646793152453e-05,0.055644835668058515,0.079281605069274855,3.8460876868036658e-18,0.054074730356765542,0.43216199022457191,0.37882931318020691,7.5255011223064445e-06,0.27100989603648512,0.0014887982722270343,9.5141691831362e-10,0.0019302459569083144,2.0337162634058098e-05,0.39536988633964559,7.0857410996275847e-05,8.9300823558016101e-07,2.9380453646206225e-10,3.0689532415253634e-12,2.6979758173749785e-10,6.549271858185835e-11,6.361139476182572e-08,0.33010902061789277,nan,nan,nan,nan,nan,nan,nan,nan,nan,nan,nan,nan,nan,nan,0,0,0,0,0,0,0,4.3634068501587103e-11,-7.9057817922131573e-13,-2.1946247181830762e-12,-6.6671307908117288e-11,-6.8666860392196938e-15,-1.5109647474170762e-12,7.0239494335025247e-13,-3.044396332252397e-14,-3.6395468221553703e-18,-1.3985089011252936e-18,4.985997508864074e-18,-6.2857514718498983e-18,9.3533331843859549e-15,2.6858876069421904e-11,nan,nan,nan,nan,nan,nan,nan,nan,nan,nan,nan,nan,nan,nan,-1.753797874053456e-07,1.5367523870102318e-07,-4.8466289609404472e-24,2.1708282211508695e-08,5.4783200012509248e-07,-1.9702353765138625e-07,0,0.015564724300634707,0.038424783144664028,2.1467176601670555e-18,0.041269563701485414,0.01502880445550674,0.11852454010005896,5.216454425408187e-06,-8.1991304190921335e-05,9.9603482279996038e-05,-6.6885354604854296e-21,4.1925417926582355e-05,4.2897412032099255e-05,-0.00011687580687257401,4.0427814271932619e-10
49,1,lumen,0.0084621710526315772,0.0015,0.0084580592105263155,0.0084662828947368405,0.001,0.002,1000149.0764623249,1.4264714375806542,13.910109189506722,2875.7694016062474,0.1689269765080687,1173,1173,4.0563652838991014e-05,0.23383348340932425,0.59999999999999998,2,500000,0.00035,0.0001,0.065718855917277205,0.15755878620574076,8.9785290687056219e-18,0.16997429869039321,0.06242229104792623,0.4925735306082864,2.1605272862397855e-05,0.056981640691814869,0.078245623701820768,3.903128936397753e-18,0.053724489404285466,0.43070480373800685,0.38033591976808739,7.5226959846067736e-06,0.27134652566672324,0.0015041756554471815,9.7713214228082102e-10,0.0019436087570095042,2.0278643409693537e-05,0.39403529297801415,7.1468481184812753e-05,8.7746207736195215e-07,2.9032546623952315e-10,3.1137880605377276e-12,2.7641328341860265e-10,6.7109572536877143e-11,6.3321521979861238e-08,0.33107770742051623,nan,nan,nan,nan,nan,nan,nan,nan,nan,nan,nan,nan,nan,nan,0,0,0,0,0,0,0,8.0009995103403723e-11,-1.136014633536699e-12,-2.9548000734227794e-12,-1.7526721126212928e-10,-6.2036964107448078e-15,1.3331323284876406e-10,9.5990725344130937e-13,-7.5935568596974257e-14,-1.6556722701878001e-17,-2.218974849206528e-18,6.5287795139622389e-18,-8.5624221267767345e-18,2.5102479298925275e-14,-3.4868219591109797e-11,nan,nan,nan,nan,nan,nan,nan,nan,nan,nan,nan,nan,nan,nan,-1.8114073371214984e-07,1.5771749872772745e-07,-7.5232085480105422e-24,2.3292933596902785e-08,5.6668342041099606e-07,-2.042612736175009e-07,0,0.015917030436597084,0.037874605525807174,2.173613032212848e-18,0.040952148671884271,0.014957520915683137,0.11885592166469382,5.2080040044746515e-06,-0.00020447422575202952,0.00026516341316493581,-1.6123452574254759e-20,0.00013215977872081764,9.3910735827853727e-05,-0.00028422452295946368,5.99562140240225e-10
49,2,lumen,0.0084621710526315772,0.0025000000000000001,0.0084580592105263155,0.0084662828947368405,0.002,0.0030000000000000001,1000148.3210205112,1.3087745610862027,12.762408219657045,3147.508223540352,0.16831216978668564,1173,1173,4.0495184931212472e-05,0.23374235488446227,0.59999999999999998,2,500000,0.00035,0.0001,0.075827198762072584,0.16565465168613078,1.0131090884660477e-17,0.18143896566636425,0.067529653631169168,0.54214853223214876,2.3535160877485952e-05,0.060321490042675542,0.07547848226717245,4.0407874736072078e-18,0.052616468149389431,0.42750049929217587,0.38407554171715669,7.5185314301321066e-06,0.27241615166927036,0.0015421262544543677,1.0423654914534208e-09,0.0019778255406288909,2.0054785589110946e-05,0.39034377033901541,7.299857088926084e-05,8.3837456225662889e-07,2.8116192967538264e-10,3.2284383052430808e-12,2.9326600332434399e-10,7.1219808023426847e-11,6.2389693090355456e-08,0.33362617038465631,nan,nan,nan,nan,nan,nan,nan,nan,nan,nan,nan,nan,nan,nan,0,0,0,0,0,0,0,1.6684090428851333e-11,-9.9718758589099188e-13,-8.021550553607393e-13,4.5442997275244237e-12,-1.1123914289701275e-15,3.83801003131512e-11,8.0337539941618167e-13,-9.1187691078631339e-14,-4.9769026890483265e-17,-2.960652852068458e-18,1.0884431895246097e-17,-1.4354566234288743e-17,3.3808581132559764e-14,-5.8553773118238277e-11,nan,nan,nan,nan,nan,nan,nan,nan,nan,nan,nan,nan,nan,nan,-1.9593259117933748e-07,1.6794982582446494e-07,-2.2234604639993086e-23,2.7945245993458995e-08,6.1573659547453641e-07,-2.2388311371468461e-07,0,0.016788618001303001,0.036403960165577405,2.2444986110983703e-18,0.039965554893168422,0.014791342496312282,0.11959582371947036,5.1868716812505349e-06,-0.000392466995342943,0.00052859097338262592,-3.2426416836812781e-20,0.0002662558362164533,0.00017573411027799491,-0.00053117298764029052,-2.0000243261603313e-10
49,3,support,0.0084621710526315772,0.0035000000000000001,0.0084580592105263155,0.0084662828947368405,0.0030000000000000001,0.0040000000000000001,1001215.6237747726,1.2982623094901398,12.64640331753556,3201.8706504301931,0.16849258561975539,1173,1173,4.035867745669815e-05,0.23364686914804125,0.40000000000000002,2,300000,0.00033700000000000001,0.0001,0.084699142653451312,0.15484797064686279,1.0926167796847631e-17,0.17525813785573371,0.067183734705930656,0.55770590369518724,2.375544617781274e-05,0.066766784182822683,0.069913241331743467,4.318292539346336e-18,0.050362087209522045,0.42144474477654287,0.39150562257563049,7.5199237384888228e-06,nan,nan,nan,nan,nan,nan,nan,nan,nan,nan,nan,nan,nan,nan,0.27484505525799274,0.0016194100459709061,1.1729849113588476e-09,0.0020497162924157141,1.9527797133287653e-05,0.38255970834978265,7.6152666447861807e-05,7.635910817581681e-07,2.630335440274079e-10,3.465197578602036e-12,3.2728165339117151e-10,7.9539208864816826e-11,6.03507796454804e-08,0.33882960380209004,0,0,0,0,0,0,0,nan,nan,nan,nan,nan,nan,nan,nan,nan,nan,nan,nan,nan,nan,5.2624758671002491e-12,-1.3010820246117436e-12,-3.3429544710429604e-12,-8.9301236710922504e-11,3.2605211933156575e-15,5.8306733573265657e-11,9.7700820448944953e-13,-1.8749823742225669e-13,-1.4924095156228288e-16,-4.3966447511802987e-18,1.5526592705649629e-17,-2.1302368123760738e-17,3.9139563685932563e-14,2.9544561046796204e-11,-2.2638278738586204e-07,1.9769125481072791e-07,-8.6940815148966806e-23,2.8636714116928678e-08,7.0779187173741764e-07,-2.5493344901761361e-07,0,0.018573376679720657,0.033828529561431467,2.3986209772642628e-18,0.038332411902301758,0.014653443527473657,0.12208547929968561,5.1977631475603443e-06,-1.5654766412416241e-05,-4.0307673328075384e-06,-1.5979572467670638e-20,-7.2522725556928159e-05,6.818471858334102e-05,-0.00010222658445918022,-5.1225754784470267e-09
49,4,support,0.0084621710526315772,0.0045000000000000005,0.0084580592105263155,0.0084662828947368405,0.0040000000000000001,0.0050000000000000001,1000896.8645985919,1.6242145404653701,15.82655030481097,2688.0713943792553,0.13879355639734034,1173,1173,4.1314075702006856e-05,0.20503606803565327,0.40000000000000002,2,300000,0.00033700000000000001,0.0001,0.079379448881711417,0.12710174500740654,2.1144986430760015e-17,0.2166314680061146,0.040204658951384427,0.51943584046503388,2.3023710492585968e-05,0.078308473533290318,0.071816571267010937,1.0458534640945332e-17,0.07790517453256883,0.31562552449496745,0.45633513512304325,9.1210491192569707e-06,nan,nan,nan,nan,nan,nan,nan,nan,nan,nan,nan,nan,nan,nan,0.24865875883104033,0.0026352725497061423,1.4380242418936092e-09,0.0024972868063279281,3.2625663421604843e-05,0.39178663057500029,0.000107226603677627,5.2687164743947611e-07,2.4437334430701266e-10,4.2311136913849764e-12,3.9268590063738919e-10,1.0432954326275429e-10,8.7258507957484137e-08,0.35428158265702653,0,0,0,0,0,0,0,nan,nan,nan,nan,nan,nan,nan,nan,nan,nan,nan,nan,nan,nan,-9.8300318274418256e-11,-3.84581002254388e-13,2.72449577950543e-11,3.2045752634143837e-11,-5.8370192360102102e-15,-1.2319919621148548e-09,3.1007038686459032e-13,-2.3067268581367095e-13,-3.3641237475153233e-16,-2.260351854856631e-18,6.2344191245766951e-18,-1.4418557624409487e-17,-1.8957218457709472e-13,1.2715024306050866e-09,-3.3392297840977719e-07,1.6337185615444838e-07,-1.2169450997733466e-22,1.7175629573905631e-07,1.1734925469547575e-06,-5.0568403570094844e-07,0,0.017873606309216031,0.028497738956833048,4.7612232554384013e-18,0.048597747130752093,0.009032548676531419,0.11671156039492307,5.169279620441211e-06,0,0,0,0,0,0,0
50,0,lumen,0.0084703947368421038,0.00050000000000000001,0.0084662828947368405,0.0084745065789473672,0,0.001,1000149.2342180449,1.3491763463811071,13.156370915986161,3035.0262287023406,0.16914213326077893,1173,1173,4.0587859018265845e-05,0.23394865189010638,0.59999999999999998,2,500000,0.00035,0.0001,0.067804921346141439,0.16884947145617157,9.3465138124541819e-18,0.18088557542860886,0.066233717660651184,0.51864058337250107,2.2850002675672749e-05,0.055604730733597479,0.079309042322228171,3.8429340111267931e-18,0.054075251055247124,0.43223976026201888,0.37876369064291249,7.5249839958054297e-06,0.27100895124642066,0.0014881335973626964,9.5064232054393219e-10,0.0019297311511816838,2.0335118026011383e-05,0.39540286910122241,7.0832145349264365e-05,8.9354907214684113e-07,2.9390516074391167e-10,3.0676375064682036e-12,2.6960140229193334e-10,6.5443254320509378e-11,6.3610714218326641e-08,0.33007818889799379,nan,nan,nan,nan,nan,nan,nan,nan,nan,nan,nan,nan,nan,nan,0,0,0,0,0,0,0,6.0273725762883334e-11,-7.8310480028056782e-13,-3.1829198624698118e-12,-8.5100149209150909e-11,-7.4661414203869292e-15,-1.7406559917401698e-11,6.9750389061577008e-13,-2.8410867408679152e-14,-3.5428528206679481e-18,-1.3890864318377395e-18,5.0779179544340292e-18,-6.3856007796332981e-18,9.4684198016168211e-15,4.5527748073445278e-11,nan,nan,nan,nan,nan,nan,nan,nan,nan,nan,nan,nan,nan,nan,-1.7519811505370408e-07,1.5355274624040405e-07,4.5510094539077477e-24,2.1665984656359053e-08,5.4723933304301475e-07,-1.9678212731522038e-07,0,0.01555451514407612,0.038440827893455896,2.1415310592207581e-18,0.041272794154314098,0.015032636353533827,0.11851187347519193,5.2164477301828209e-06,-8.1979032865587675e-05,9.9610972725197702e-05,-6.7492943810209096e-21,4.1950187819137491e-05,4.2858755550188469e-05,-0.00011655063809954961,4.0584886716180371e-10
50,1,lumen,0.0084703947368421038,0.0015,0.0084662828947368405,0.0084745065789473672,0.001,0.002,1000148.9783409749,1.4203174390754811,13.850100379914327,2888.0398606099379,0.1688780971615757,1173,1173,4.0563882087896972e-05,0.23384727900376853,0.59999999999999998,2,500000,0.00035,0.0001,0.065957129981807638,0.15829579337111677,9.0113336305357512e-18,0.17071119270847246,0.062704247465154309,0.49462202864210952,2.1697360214349819e-05,0.056941524092694172,0.078272496533671701,3.9004898849871226e-18,0.053724628030340213,0.43078379049572207,0.38027003867943804,7.5221681338649418e-06,0.27134605362314934,0.0015034990053048416,9.7635295702001856e-10,0.0019430904566224057,2.0276482324330964e-05,0.39406789959482952,7.1442877493838183e-05,8.7799422063354051e-07,2.9042464241255674e-10,3.1124407173620881e-12,2.7621566546053511e-10,6.7059515973237002e-11,6.3320571430244689e-08,0.33104679503231849,nan,nan,nan,nan,nan,nan,nan,nan,nan,nan,nan,nan,nan,nan,0,0,0,0,0,0,0,4.1290751845043727e-12,-1.1550786834774534e-12,1.5305364074280621e-13,1.0804408258216955e-11,-5.2281312959423509e-15,9.8562265120338832e-12,9.7407268184934349e-13,-7.871025879679916e-14,-1.7277766529263431e-17,-2.2678460045776106e-18,6.6254414622009247e-18,-8.7005011504576181e-18,2.5650986849846703e-14,-2.4703572689009032e-11,nan,nan,nan,nan,nan,nan,nan,nan,nan,nan,nan,nan,nan,nan,-1.8096036828035844e-07,1.5769757710781818e-07,-1.0599480006805228e-23,2.3252840178591687e-08,5.6613083959655697e-07,-2.0422377788875679e-07,0,0.015906885082425142,0.037890408330524476,2.172654575506598e-18,0.04095513816828545,0.01496141975147865,0.11884326903917733,5.2079996977623966e-06,-0.0002044062241381322,0.00026510472273746601,-1.6052764112489426e-20,0.0001320933382853746,9.3833525348366366e-05,-0.00028395398716973591,5.9615054007932402e-10
50,2,lumen,0.0084703947368421038,0.0025000000000000001,0.0084662828947368405,0.0084745065789473672,0.002,0.0030000000000000001,1000148.2234061137,1.3132310346432328,12.805866407354124,3136.6157506402865,0.16831577854041413,1173,1173,4.0495420557975615e-05,0.23375668936311439,0.59999999999999998,2,500000,0.00035,0.0001,0.0755180842156086,0.16515258483452083,1.0088584850590111e-17,0.18082565872334369,0.067313388954214945,0.54021187313252739,2.3453719662303539e-05,0.060280153201047307,0.075505959950735183,4.0375357783584481e-18,0.052617174410528496,0.42758247339977346,0.38400672101036248,7.5180275532163654e-06,0.27241555882267715,0.0015414033337715922,1.0415490249103827e-09,0.0019772771883685373,2.0052682047682886e-05,0.39037835371594715,7.2971341790741559e-05,8.3890840404096793e-07,2.8126364594398893e-10,3.2269749797809508e-12,2.9305802649975239e-10,7.1166697411666153e-11,6.2389120892226088e-08,0.33359347992760768,nan,nan,nan,nan,nan,nan,nan,nan,nan,nan,nan,nan,nan,nan,0,0,0,0,0,0,0,3.6041231528675537e-11,-1.0032540998082275e-12,-2.7934400493791342e-12,-3.3965865534202465e-11,-1.3409412469300719e-15,8.4546427150944403e-11,8.0958751721822263e-13,-9.0263733987239192e-14,-4.9367044771634225e-17,-2.9758557434870636e-18,1.1032145311241236e-17,-1.4529407710556806e-17,3.419303202066153e-14,-8.357728415911705e-11,nan,nan,nan,nan,nan,nan,nan,nan,nan,nan,nan,nan,nan,nan,-1.9573389320719919e-07,1.6775776134902998e-07,-1.6618843995114326e-23,2.7894436344631784e-08,6.1508598325765718e-07,-2.2359708656827237e-07,0,0.016778233910941485,0.036419817147781142,2.2403049898232689e-18,0.03996884502105548,0.014795324369202219,0.11958264300445468,5.1868776031810732e-06,-0.00039224101530606483,0.00052848599357565521,-3.2273038577507038e-20,0.00026602028441532284,0.00017566878306492058,-0.00053205401964929251,-2.0331896108197674e-10
50,3,support,0.0084703947368421038,0.0035000000000000001,0.0084662828947368405,0.0084745065789473672,0.0030000000000000001,0.0040000000000000001,1001214.8260360224,1.2984636709715014,12.648374862251348,3201.1409018080626,0.16850764672141114,1173,1173,4.0359034314474904e-05,0.23366103715273304,0.40000000000000002,2,300000,0.00033700000000000001,0.0001,0.084627072825566974,0.15489194001706055,1.0912873539023373e-17,0.17524379856997768,0.067186925559281158,0.55751386740207209,2.3750224473976002e-05,0.066720372785190774,0.069943995732850137,4.3137107114791903e-18,0.050365817369127784,0.42153046642656966,0.39143182824340272,7.5194428588101334e-06,nan,nan,nan,nan,nan,nan,nan,nan,nan,nan,nan,nan,nan,nan,0.27484215145539281,0.0016185945558527513,1.1720375128887354e-09,0.0020490991048428306,1.9526536569142591e-05,0.38260197266815005,7.6122027760655862e-05,7.6414006056062619e-07,2.6314626075752555e-10,3.4633832791489538e-12,3.2703761316277159e-10,7.947641003971801e-11,6.0352989594647885e-08,0.33879170731322522,0,0,0,0,0,0,0,nan,nan,nan,nan,nan,nan,nan,nan,nan,nan,nan,nan,nan,nan,-5.8870488710993735e-12,-1.3356630909982613e-12,-1.8758886199807634e-12,-6.9257227663793065e-11,3.3000945726113784e-15,3.0818587265502018e-11,1.0038582220243631e-12,-1.9142608505273717e-13,-1.5116267327779771e-16,-4.4721785323269025e-18,1.5712060299162913e-17,-2.1572278178687859e-17,4.0512738856404711e-14,4.6681269765770533e-11,-2.2614804162136848e-07,1.9754419455786376e-07,-5.9692688613271541e-23,2.8575052190915038e-08,7.0702712957892988e-07,-2.5465561587223462e-07,0,0.018561806570272447,0.033845947816098051,2.4018301034710236e-18,0.038338073075623154,0.014657557485276557,0.12207136859640658,5.1978099108922334e-06,-1.565414829262656e-05,-4.0460826515788843e-06,-1.5974729562738092e-20,-7.2621091253904777e-05,6.8250313671705762e-05,-0.00010230669210648133,-5.1282991842201864e-09
50,4,support,0.0084703947368421038,0.0045000000000000005,0.0084662828947368405,0.0084745065789473672,0.0040000000000000001,0.0050000000000000001,1000896.1943339469,1.626200914870283,15.845916397722865,2684.6944809158963,0.13780435995597054,1173,1173,4.1315546227630571e-05,0.20502402004731268,0.40000000000000002,2,300000,0.00033700000000000001,0.0001,0.079234405017044637,0.12701344780058488,2.1105327650363692e-17,0.21647716263374239,0.040155090661675934,0.51877047551929101,2.2998606005961286e-05,0.078261033330636567,0.071854497509268297,1.0451692527477086e-17,0.077944943559511426,0.31562212776185467,0.45630827558621267,9.1222525165113767e-06,nan,nan,nan,nan,nan,nan,nan,nan,nan,nan,nan,nan,nan,nan,0.24863478245949877,0.0026349068707630209,1.4370217697517917e-09,0.0024969116521769189,3.2638346391683899e-05,0.39184348451594792,0.00010721111118319002,5.2712684592884773e-07,2.4447865676092305e-10,4.2286889262673906e-12,3.9241442024578895e-10,1.0425868723292863e-10,8.729191894699364e-08,0.35424944844287526,0,0,0,0,0,0,0,nan,nan,nan,nan,nan,nan,nan,nan,nan,nan,nan,nan,nan,nan,-4.6002169976915039e-11,-3.9182388049465552e-13,-1.5968905016264728e-11,-3.3134785515787875e-10,9.7110904387354147e-15,3.3960937252490442e-10,3.1497035716519843e-13,-2.3118117663256665e-13,-3.3638096959880583e-16,-2.288783312668043e-18,6.3760196241462788e-18,-1.4611411165311046e-17,-1.883446957118366e-13,5.4196591142850635e-11,-3.3361301758540879e-07,1.6157963811380682e-07,2.2620330948131245e-23,1.7171014921587424e-07,1.1726200223743932e-06,-5.0500776355155708e-07,0,0.01786028682011314,0.028508898787593832,4.7550015359642917e-18,0.048615860198648934,0.0090312392007656471,0.11668835200796855,5.1692421363926378e-06,0,0,0,0,0,0,0
51,0,lumen,0.0084786184210526305,0.00050000000000000001,0.0084745065789473672,0.0084827302631578939,0,0.001,1000149.1359077286,1.3479462650090697,13.144377180958395,3037.5972864607766,0.16911156417867265,1173,1173,4.0588108975708515e-05,0.23396200273957252,0.59999999999999998,2,500000,0.00035,0.0001,0.067817906867134251,0.16906196718692915,9.3495820803249784e-18,0.18105236780463604,0.066306069369657397,0.51902394359608106,2.2869284553364586e-05,0.055564679142599334,0.079336460680464432,3.840691085321619e-18,0.054075771136125446,0.43231745296704815,0.37869811160562672,7.5244681358720838e-06,0.27100800387657081,0.0014874698011202868,9.4986886139106016e-10,0.0019292168308362922,2.0333074305115839e-05,0.39543581853404641,7.0806908948243101e-05,8.9408973823383857e-07,2.9400571144433161e-10,3.0663247073563358e-12,2.6940552740325604e-10,6.5393872661042012e-11,6.3610029096551364e-08,0.33004739169266512,nan,nan,nan,nan,nan,nan,nan,nan,nan,nan,nan,nan,nan,nan,0,0,0,0,0,0,0,2.9473017604662597e-12,-7.6600576013769684e-13,-9.1713263058062252e-14,-3.2103344025898704e-12,-5.7575472167670227e-15,1.1376479185781774e-12,6.8503672838529139e-13,-2.5850415558137385e-14,-3.5446207641309154e-18,-1.3587837525402391e-18,5.0366843450667562e-18,-6.3100885342631891e-18,8.9818172059339673e-15,-6.7917909981462534e-13,nan,nan,nan,nan,nan,nan,nan,nan,nan,nan,nan,nan,nan,nan,-1.7502082900501537e-07,1.5339623260501867e-07,-5.4693462047427186e-24,2.1623573178306148e-08,5.4668446274053206e-07,-1.9664123163121161e-07,0,0.015544318033669782,0.038456856195302098,2.141952613929217e-18,0.041276016712088033,0.015036463570612647,0.1184992215123486,5.216441048371022e-06,-8.1976243261840483e-05,9.9648438045109238e-05,-6.6928483293593099e-21,4.1988296081437971e-05,4.2824512182754645e-05,-0.00011641274186444784,4.0733622035902935e-10
51,1,lumen,0.0084786184210526305,0.0015,0.0084745065789473672,0.0084827302631578939,0.001,0.002,1000148.8802120974,1.4184658947707733,13.832046565865475,2891.6198562775658,0.16895098507217823,1173,1173,4.0564110930520297e-05,0.23386106219367489,0.59999999999999998,2,500000,0.00035,0.0001,0.065996754261340898,0.15855679880136525,9.0167850427124693e-18,0.17093446737801982,0.062797592532358407,0.49518183431987262,2.1724160752182779e-05,0.056901463450654367,0.078299358241879599,3.8977620659165627e-18,0.053724772489358613,0.43086271038285096,0.38020417379312577,7.52164213087708e-06,0.27134557619180422,0.0015028230761453759,9.7557494187698826e-10,0.0019425724651185227,2.0274321831596447e-05,0.39410048290123273,7.1417296012724909e-05,8.7852634620581005e-07,2.9052377107218136e-10,3.1110965314822873e-12,2.7601836199109004e-10,6.7009544529233495e-11,6.3319615985192511e-08,0.33101591028964578,nan,nan,nan,nan,nan,nan,nan,nan,nan,nan,nan,nan,nan,nan,0,0,0,0,0,0,0,3.3584064162521728e-12,-1.1591223239950811e-12,-3.0414818844485416e-14,2.0160762002341359e-11,-5.2800645800044066e-15,-2.2312633511656355e-12,9.7581521860625883e-13,-8.0803419510999674e-14,-1.723494731805947e-17,-2.2721544878891924e-18,6.5508838995799755e-18,-8.6217616599276334e-18,2.5254302561276896e-14,-2.1013274621732959e-11,nan,nan,nan,nan,nan,nan,nan,nan,nan,nan,nan,nan,nan,nan,-1.8077702008522517e-07,1.5756698457103369e-07,-1.1685731792499362e-23,2.3212358061350793e-08,5.6554124730490152e-07,-2.0400948680387998e-07,0,0.015896751179028865,0.037906194909731877,2.1716279379017858e-18,0.040958120784909791,0.014965314454038394,0.11883063470797575,5.2079954244624608e-06,-0.00020435413574507356,0.00026510635548038811,-1.6068435706463346e-20,0.00013206063209480673,9.3765615291502326e-05,-0.00028402813481931768,5.9316067311337334e-10
51,2,lumen,0.0084786184210526305,0.0025000000000000001,0.0084745065789473672,0.0084827302631578939,0.002,0.0030000000000000001,1000148.1257845856,1.3168232408685649,12.840896769696945,3127.8487859519155,0.16833480150685345,1173,1173,4.0495656022480362e-05,0.2337709972988008,0.59999999999999998,2,500000,0.00035,0.0001,0.075260474435400238,0.1647618568522832,1.0054576578733872e-17,0.18033471711484864,0.067142601462455404,0.53864187329765589,2.3388166163963015e-05,0.060238857013238827,0.075533380772001224,4.0349328055045412e-18,0.052617861947880484,0.42766429277197077,0.38393808997232198,7.5175225868327427e-06,0.27241497152034366,0.0015406824147387161,1.0407336381752458e-09,0.0019767303345171175,2.0050582586016199e-05,0.39041285156195171,7.2944187048235135e-05,8.3944130593424703e-07,2.8136515575950866e-10,3.2255139641270456e-12,2.9285033165046706e-10,7.1113668652513631e-11,6.2388548376390649e-08,0.33356086587966494,nan,nan,nan,nan,nan,nan,nan,nan,nan,nan,nan,nan,nan,nan,0,0,0,0,0,0,0,7.4220129144478668e-12,-9.8621609224127e-13,4.5658287762929385e-13,1.7924643162356839e-11,-1.1483869410966463e-15,1.9525446797591384e-11,7.9827652180264252e-13,-8.7032160991928897e-14,-4.7630348728390421e-17,-2.9408032121665246e-18,1.0968102454976755e-17,-1.4420146586667413e-17,3.3296539602472478e-14,-4.5085685361760739e-11,nan,nan,nan,nan,nan,nan,nan,nan,nan,nan,nan,nan,nan,nan,-1.9554079877699693e-07,1.676764516123086e-07,-2.4995012194840975e-23,2.7844420094001767e-08,6.1446125115827144e-07,-2.2340261823794449e-07,0,0.016767860318421569,0.036435658786535895,2.2363052823265338e-18,0.039972128376657499,0.01479930169827408,0.11956949021175518,5.1868835065762665e-06,-0.00039199528028639237,0.00052831737963191449,-3.1690590230836516e-20,0.00026574831995714179,0.00017559427727005682,-0.00053253974762304686,-2.0695847083964088e-10
51,3,support,0.0084786184210526305,0.0035000000000000001,0.0084745065789473672,0.0084827302631578939,0.0030000000000000001,0.0040000000000000001,1001214.0282309914,1.2979993944646269,12.643862405506098,3202.0528609002627,0.16851760623124939,1173,1173,4.0359390907742941e-05,0.23367518657273081,0.40000000000000002,2,300000,0.00033700000000000001,0.0001,0.084598453516974231,0.15501530872107569,1.0897523530144422e-17,0.17531931413149004,0.067224556068285951,0.55760779130212468,2.3757184917418386e-05,0.066674013961679601,0.069974731674985025,4.3061062590134124e-18,0.050369544522853534,0.4216160898802766,0.39135810099707047,7.5189631348686575e-06,nan,nan,nan,nan,nan,nan,nan,nan,nan,nan,nan,nan,nan,nan,0.27483924288326284,0.0016177803334308377,1.1710913762758919e-09,0.0020484826264876121,1.9525277501263634e-05,0.38264419495556012,7.6091431275299151e-05,7.6468886285582822e-07,2.6325890082858071e-10,3.4615725045225413e-12,3.2679391406829931e-10,7.9413708366950033e-11,6.035519572544766e-08,0.33875385560440413,0,0,0,0,0,0,0,nan,nan,nan,nan,nan,nan,nan,nan,nan,nan,nan,nan,nan,nan,-2.0565038634553982e-11,-1.3549474133714523e-12,4.5905333010499003e-13,-5.2103506343923708e-11,3.4093821515979172e-15,5.695821418683078e-12,1.0164182775944726e-12,-1.9549184319955781e-13,-1.5324168374868102e-16,-4.5052240811433177e-18,1.5680853824879796e-17,-2.157113934485483e-17,4.127511279990589e-14,6.7003180586955189e-11,-2.2591455555234785e-07,1.9739511153415989e-07,3.5946289048437614e-23,2.851344010925737e-08,7.0626538500873082e-07,-2.5437533474059748e-07,0,0.018550247646274106,0.033863353007889674,2.4282866762340604e-18,0.038343726495495133,0.014661666364670476,0.12205726530670653,5.1978567131944074e-06,-1.5652810431949331e-05,-4.0610352131719912e-06,-1.5981554426026879e-20,-7.271209654560619e-05,6.8313564610050656e-05,-0.00010232527516436077,-5.1340223884793233e-09
51,4,support,0.0084786184210526305,0.0045000000000000005,0.0084745065789473672,0.0084827302631578939,0.0040000000000000001,0.0050000000000000001,1000895.5241380994,1.6224504380143085,15.809381842013369,2690.8069145511527,0.13875531410062286,1173,1173,4.1317016543178907e-05,0.20501195464789299,0.40000000000000002,2,300000,0.00033700000000000001,0.0001,0.07936940171416533,0.12737412435680165,2.1143209429711798e-17,0.21708813930167284,0.040247441234923034,0.51993881481166848,2.3054797724198676e-05,0.078213624526048131,0.071892401597599895,1.0446311370709778e-17,0.077984714208283207,0.31561863424945058,0.4562815019617843,9.1234568338482522e-06,nan,nan,nan,nan,nan,nan,nan,nan,nan,nan,nan,nan,nan,nan,0.2486108055526898,0.0026345429117806329,1.4360202509821945e-09,0.0024965373705295919,3.2651035767435261e-05,0.39190028315682768,0.00010719567240506043,5.2738167409706864e-07,2.4458386808535292e-10,4.2262668617807763e-12,3.9214320322636772e-10,1.0418790994242513e-10,8.7325333338882251e-08,0.35421736741183052,0,0,0,0,0,0,0,nan,nan,nan,nan,nan,nan,nan,nan,nan,nan,nan,nan,nan,nan,1.555500372682043e-11,-3.8977071730039029e-13,-6.8269204818979679e-11,-7.4661917009178052e-10,2.7943142591468906e-14,2.1898584713153993e-09,3.1329011971334839e-13,-2.3122443629924883e-13,-3.3655321145320379e-16,-2.2638359266720073e-18,6.2587031828072972e-18,-1.4483761454513081e-17,-1.8822688556154517e-13,-1.3900565148545067e-09,-3.332943407435493e-07,1.5950866610880965e-07,1.3107458456339048e-22,1.7166447718862172e-07,1.1717444616532458e-06,-5.0428046244332947e-07,0,0.017846976812901851,0.028520044255083313,4.7463656522673482e-18,0.048633968094086377,0.0090299262928096365,0.11666515783586061,5.1692046481190517e-06,0,0,0,0,0,0,0
52,0,lumen,0.0084868421052631572,0.00050000000000000001,0.0084827302631578939,0.0084909539473684206,0,0.001,1000149.0375901116,1.3481925564421926,13.146780162159681,3036.8440591183385,0.16916517143615012,1173,1173,4.0588358454852591e-05,0.23397533926002795,0.59999999999999998,2,500000,0.00035,0.0001,0.067756700770420009,0.16908942341645294,9.3414736824524145e-18,0.18102099995755011,0.066305850301747543,0.51883930475028495,2.2863539473704818e-05,0.055524680517480982,0.079363851388876916,3.8380617817926793e-18,0.054076286468136704,0.43239505822526991,0.37863259944711447,7.5239531211428605e-06,0.27100705705727302,0.0014868070462813055,9.4909655786050039e-10,0.0019287031612985142,2.0331031471157412e-05,0.39546872338024697,7.0781708705463766e-05,8.946300787274081e-07,2.9410615956819051e-10,3.065014747435837e-12,2.6920995984459807e-10,6.5344574491342564e-11,6.3609338642339514e-08,0.33001663679448429,nan,nan,nan,nan,nan,nan,nan,nan,nan,nan,nan,nan,nan,nan,0,0,0,0,0,0,0,8.3418257223615848e-12,-7.5933709045525118e-13,-4.1361070794516863e-13,-8.927910297464369e-12,-5.9876149177684468e-15,-4.5577935956636617e-12,6.809601695128591e-13,-2.3736655002659646e-14,-3.4466807701470469e-18,-1.3476126751365362e-18,5.1168278066654877e-18,-6.400675687470331e-18,8.983927311468245e-15,5.6565861461082526e-12,nan,nan,nan,nan,nan,nan,nan,nan,nan,nan,nan,nan,nan,nan,-1.7484044738391713e-07,1.5326426483497357e-07,-7.1093720227971433e-24,2.1581174748910145e-08,5.4609919021564313e-07,-1.9641305620821115e-07,0,0.015534132995969452,0.0384728676078787,2.1409951529621488e-18,0.041279231022008332,0.015040286243222125,0.1184865877917896,5.2164343615145718e-06,-8.1978287261524918e-05,9.9702685031369996e-05,-6.6717535241901701e-21,4.2033982207484361e-05,4.2792864974947041e-05,-0.00011637772784803298,4.0884188337490528e-10
52,1,lumen,0.0084868421052631572,0.0015,0.0084827302631578939,0.0084909539473684206,0.001,0.002,1000148.7820758141,1.417471340443101,13.822349612278053,2893.4590164206065,0.16890168930542004,1173,1173,4.056433936878462e-05,0.23387483018228228,0.59999999999999998,2,500000,0.00035,0.0001,0.065996615057894961,0.15872240752928915,9.0165994412475007e-18,0.17105483178719111,0.062853144966679042,0.49544347789949456,2.1737882955064002e-05,0.056861452755541879,0.078326190937961768,3.8949493652976406e-18,0.053724912809470074,0.43094153966301207,0.38013838271716727,7.5211168469505524e-06,0.27134509943775881,0.0015021482506089963,9.7479804097286753e-10,0.0019420551721816206,2.0272162465958826e-05,0.39413301963298253,7.1391752997433444e-05,8.7905811624146462e-07,2.9062279241509612e-10,3.1097550913497994e-12,2.7582135469882501e-10,6.6959654462415884e-11,6.3318655635860479e-08,0.33098506960292168,nan,nan,nan,nan,nan,nan,nan,nan,nan,nan,nan,nan,nan,nan,0,0,0,0,0,0,0,4.9339325129065972e-12,-1.1848265070091831e-12,9.7186669975708607e-14,9.5273121713551855e-12,-5.1869316133879018e-15,1.055449911496753e-11,9.948980726574106e-13,-8.4836868433080248e-14,-1.8114967090769043e-17,-2.3279291827927176e-18,6.6265121958050863e-18,-8.7487954830607643e-18,2.5976093159202629e-14,-2.4858976156579573e-11,nan,nan,nan,nan,nan,nan,nan,nan,nan,nan,nan,nan,nan,nan,-1.8059429829093282e-07,1.5741183345685528e-07,-1.0832390684466049e-23,2.3171877287579539e-08,5.6495141892431988e-07,-2.0377552140127264e-07,0,0.015886628642717317,0.037921965730790784,2.1703578816642642e-18,0.040961096869588133,0.014969204943597589,0.11881801620201936,5.2079911932434793e-06,-0.00020429183381166774,0.00026507744966980092,-1.6174983342522817e-20,0.00013201121874805252,9.3694638126901758e-05,-0.00028391803010696345,5.9030540169447771e-10
52,2,lumen,0.0084868421052631572,0.0025000000000000001,0.0084827302631578939,0.0084909539473684206,0.002,0.0030000000000000001,1000148.0281558319,1.3181177045125365,12.85352088332885,3124.5670518570373,0.16833873850801639,1173,1173,4.0495891375242408e-05,0.23378528111077757,0.59999999999999998,2,500000,0.00035,0.0001,0.075135066550996249,0.16465970151683437,1.0039941599399969e-17,0.18015991971550074,0.067089469236770588,0.53801685307493641,2.3363625251017214e-05,0.060197603128064152,0.075560760874306521,4.0330207830267375e-18,0.052618539171579402,0.42774597911025758,0.38386960069839382,7.5170173986037295e-06,0.27241438412278179,0.0015399631484513936,1.0399193051087393e-09,0.0019761846369190021,2.0048487041866261e-05,0.39044728589267019,7.2917092095331368e-05,8.3997355743273368e-07,2.8146651390720368e-10,3.224055429454148e-12,2.9264291454072109e-10,7.1060719958148603e-11,6.2387976643861568e-08,0.33352831257019278,nan,nan,nan,nan,nan,nan,nan,nan,nan,nan,nan,nan,nan,nan,0,0,0,0,0,0,0,-2.9735451028821045e-10,-9.8302180246955965e-13,3.3924910587908256e-11,5.8164310051131862e-10,1.5556132770822018e-15,-6.6410502878172517e-10,7.978240363530085e-13,-8.4492308982664355e-14,-4.6357262913256941e-17,-2.9416023009499935e-18,1.1090983805585476e-17,-1.4553926390813341e-17,3.33603343597675e-14,3.4612629411635848e-10,nan,nan,nan,nan,nan,nan,nan,nan,nan,nan,nan,nan,nan,nan,-1.9537826210971193e-07,1.6821358134189168e-07,-4.8310170958179812e-23,2.7794910567857594e-08,6.1397611804403507e-07,-2.2372082508770319e-07,0,0.01675749946547251,0.036451484955506423,2.2391909999016364e-18,0.039975406499472697,0.014803271861862541,0.11955635406535381,5.1868895671083459e-06,-0.00039171313672984741,0.00052803552819580388,-2.9093503889394438e-20,0.00026541165536797447,0.00017550503540789402,-0.00053231313787210292,-2.1088082238284061e-10
52,3,support,0.0084868421052631572,0.0035000000000000001,0.0084827302631578939,0.0084909539473684206,0.0030000000000000001,0.0040000000000000001,1001213.2303595897,1.2969623336176801,12.63377042350605,3204.3802599709938,0.16853270695018005,1173,1173,4.0359747298403955e-05,0.23368931807574053,0.40000000000000002,2,300000,0.00033700000000000001,0.0001,0.084607231767500637,0.15520726135788535,1.084506044404243e-17,0.17547235581423676,0.067291904853367931,0.55794813846731017,2.377465094086447e-05,0.066627709425853707,0.070005459052360788,4.2819552434239214e-18,0.050373274989861952,0.4217016256338606,0.39128441241290929,7.5184851535888318e-06,nan,nan,nan,nan,nan,nan,nan,nan,nan,nan,nan,nan,nan,nan,0.27483632510082862,0.0016169671768140757,1.1701465023406571e-09,0.0020478666522509665,1.9524020248422491e-05,0.38268638962969159,7.6060868439512265e-05,7.6523764636156848e-07,2.633714966691407e-10,3.4597653748327929e-12,3.2655055713189473e-10,7.9351103683760354e-11,6.0357399728303539e-08,0.33871603911380138,0,0,0,0,0,0,0,nan,nan,nan,nan,nan,nan,nan,nan,nan,nan,nan,nan,nan,nan,1.1573476741028659e-10,-1.4014278204185204e-12,-1.7975725104601803e-11,-3.7799563548969158e-10,4.80485876780401e-15,5.6603629834499347e-10,1.0508567098560952e-12,-2.0238324904831018e-13,-1.5737068455792107e-16,-4.6093076392406713e-18,1.5902211802894779e-17,-2.1918526263730359e-17,4.3011972448204522e-14,-2.8529439940935097e-10,-2.256606802461536e-07,1.9666108241889191e-07,5.0527047015558319e-22,2.8451691932947936e-08,7.0542914525073552e-07,-2.5375225187751482e-07,0,0.018538699351140862,0.033880744966417062,2.3828571311613205e-18,0.0383493719202418,0.014665770755494094,0.12204317751251458,5.1979035178660325e-06,-1.5652110429587616e-05,-4.0763538551161727e-06,-1.6040030398302526e-20,-7.2810440767267468e-05,6.8379122756040092e-05,-0.00010240422416000655,-5.1397452720417741e-09
52,4,support,0.0084868421052631572,0.0045000000000000005,0.0084827302631578939,0.0084909539473684206,0.0040000000000000001,0.0050000000000000001,1000894.8540109061,1.6146389624892428,15.733276276159611,2703.7309639646587,0.13776618111522532,1173,1173,4.1318487380083855e-05,0.20499986591530733,0.40000000000000002,2,300000,0.00033700000000000001,0.0001,0.079705014430841437,0.1280577436986699,2.1241245754908478e-17,0.21824961569314588,0.040441668300447361,0.52242324890342684,2.3169381232961982e-05,0.078166241515658971,0.071930305637729786,1.0444227386454703e-17,0.078024529093274661,0.3156150498213019,0.45625474926930404,9.1246627305596611e-06,nan,nan,nan,nan,nan,nan,nan,nan,nan,nan,nan,nan,nan,nan,0.24858681581704345,0.0026341800829660922,1.4350194683189574e-09,0.0024961634518873618,3.2663734907906302e-05,0.39195706095200139,0.0001071802644139846,5.276363574921542e-07,2.4468904528338416e-10,4.2238470052284102e-12,3.9187218398919979e-10,1.0411719372180645e-10,8.7358760804249218e-08,0.35418531852174623,0,0,0,0,0,0,0,nan,nan,nan,nan,nan,nan,nan,nan,nan,nan,nan,nan,nan,nan,-7.8397013571388873e-11,-3.9083890685411645e-13,1.1193471876600036e-11,-1.4011852910149077e-10,8.0935692176042906e-16,-5.6440399944825137e-10,3.1134370454506694e-13,-2.3213061247501221e-13,-3.3734980406407795e-16,-2.3018853042712575e-18,6.3856359089599375e-18,-1.4682701803952111e-17,-1.8681830683911965e-13,7.7222408971304657e-10,-3.3310771467131434e-07,1.6204347880188763e-07,1.5828377877221624e-22,1.7161786486555987e-07,1.1709465315007384e-06,-5.0457423417249458e-07,0,0.017833679855145012,0.02853117188065997,4.7278488101093668e-18,0.04865206817177483,0.0090286094543552339,0.11664197714127092,5.1691670376940039e-06,0,0,0,0,0,0,0
53,0,lumen,0.0084950657894736839,0.00050000000000000001,0.0084909539473684206,0.0084991776315789472,0,0.001,1000148.9392653125,1.3511384676731546,13.175508249583674,3030.02515527375,0.16913419959113396,1173,1173,4.0588607340842465e-05,0.23398865950801501,0.59999999999999998,2,500000,0.00035,0.0001,0.067560320734349644,0.16877886106669568,9.3144988716947826e-18,0.18062796552827701,0.066173133286402827,0.51761861948724219,2.2812124906670108e-05,0.055484732480205856,0.079391191586561438,3.8353414814911065e-18,0.054076785428510743,0.4324725513471232,0.37856721571980417,7.5234377947025083e-06,0.27100611947753028,0.0014861457490348679,9.4832542712505549e-10,0.0019281905730929598,2.0328989377457354e-05,0.39550155405675314,7.0756562428838323e-05,8.951696929892756e-07,2.9420642993328652e-10,3.0637073167412625e-12,2.6901469989743388e-10,6.5295360400699543e-11,6.3608640615856945e-08,0.32998594423354316,nan,nan,nan,nan,nan,nan,nan,nan,nan,nan,nan,nan,nan,nan,0,0,0,0,0,0,0,1.3440070100525971e-10,-7.357639860167375e-13,-7.9638958323092587e-12,-1.4095770182058729e-10,-1.0492258104011221e-14,-1.4301508046397904e-10,6.6343226034387076e-13,-2.0116503948730546e-14,-3.223054145904561e-18,-1.3036658584301267e-18,5.0836007886398451e-18,-6.3373958600844901e-18,8.5306529192998498e-15,1.5763024202818708e-10,nan,nan,nan,nan,nan,nan,nan,nan,nan,nan,nan,nan,nan,nan,-1.7465317752891202e-07,1.5326503566281957e-07,-6.6611392976353662e-24,2.1539142871589733e-08,5.4545497664426623e-07,-1.9605927242816179e-07,0,0.01552395926168048,0.038488862095229351,2.1369570446268398e-18,0.041282435788978687,0.015044105740525266,0.11847396741403231,5.2164275368804658e-06,-8.1981985849552018e-05,9.9760088909123154e-05,-6.6572132220616634e-21,4.2080550230118077e-05,4.2761151289379224e-05,-0.00011637399939510059,4.1015096914730666e-10
53,1,lumen,0.0084950657894736839,0.0015,0.0084909539473684206,0.0084991776315789472,0.001,0.002,1000148.6839320994,1.4144117141590611,13.792515283708903,2899.5281701189865,0.16897466712898515,1173,1173,4.0564567478987256e-05,0.23388858352847042,0.59999999999999998,2,500000,0.00035,0.0001,0.066092888248543327,0.15912018770424416,9.0294964323456253e-18,0.17142528343729274,0.063000611650244523,0.49642930051619716,2.1783385318565871e-05,0.056821490451442899,0.078353003243749275,3.8921016172048891e-18,0.053725052644299824,0.43102028723661051,0.38007264583128336,7.5205926141987463e-06,0.27134461991587411,0.0015014743835172443,9.7402220438601145e-10,0.0019415384318357525,2.0270004531967769e-05,0.39416552121340404,7.1366242318282824e-05,8.7958967065994732e-07,2.9072173481453368e-10,3.1084164027555952e-12,2.7562463179056998e-10,6.6909842722927322e-11,6.3317691989713294e-08,0.3309542652907716,nan,nan,nan,nan,nan,nan,nan,nan,nan,nan,nan,nan,nan,nan,0,0,0,0,0,0,0,-1.8504882362518626e-11,-1.1932368319650107e-12,1.1844921380539864e-12,6.6031114458710515e-11,-4.8260007101674773e-15,-2.9975272481178039e-11,9.9942672490263911e-13,-8.8130024111787719e-14,-1.835763148360459e-17,-2.3477035331030372e-18,6.5370449611368102e-18,-8.663054231762945e-18,2.5845154169868726e-14,-1.8474583142167497e-11,nan,nan,nan,nan,nan,nan,nan,nan,nan,nan,nan,nan,nan,nan,-1.8041283446085937e-07,1.5731036556720923e-07,-9.1259937794650967e-24,2.3131326776069971e-08,5.6437493181626941e-07,-2.0360892316606538e-07,0,0.015876517589674521,0.037937720467268746,2.1692980209485294e-18,0.040964066332120019,0.014973090888264656,0.11880541461819473,5.2079870008795228e-06,-0.00020423651940620346,0.00026507501654497045,-1.6172636125589748e-20,0.00013197643165941523,9.3628698960074191e-05,-0.00028395666029125101,5.8769274523535759e-10
53,2,lumen,0.0084950657894736839,0.0025000000000000001,0.0084909539473684206,0.0084991776315789472,0.002,0.0030000000000000001,1000147.9305198903,1.3223899917976649,12.895183014836137,3114.2633546705147,0.16835763380716429,1173,1173,4.0496126481370651e-05,0.23379954121700761,0.59999999999999998,2,500000,0.00035,0.0001,0.07484104891451146,0.16418707566993898,1.0000365727473025e-17,0.17958011375056021,0.066885463409138673,0.53618315693577023,2.3286574314167268e-05,0.06015639361559115,0.075588089590668081,4.0301439549677966e-18,0.052619201359689276,0.42782752564135362,0.38380127328111924,7.5165115787176277e-06,0.27241380176338831,0.0015392456974495901,1.0391061099910776e-09,0.0019756402643311757,2.004639461755379e-05,0.39048164146135944,7.2890063897757814e-05,8.4050499325800554e-07,2.8156768424379962e-10,3.222599423479834e-12,2.9243579599290822e-10,7.100785646503405e-11,6.2387402564232036e-08,0.33349582977521491,nan,nan,nan,nan,nan,nan,nan,nan,nan,nan,nan,nan,nan,nan,0,0,0,0,0,0,0,-4.6839734748862821e-11,-9.6164032312016594e-13,5.6353769074067008e-12,1.317445288633396e-10,-9.1257296858104908e-16,-1.1305400452604752e-10,7.8393027076217038e-13,-8.0023010787244608e-14,-4.3995192425830117e-17,-2.8890486635076212e-18,1.1087820511826708e-17,-1.4509618642247697e-17,3.2464081731415258e-14,2.2740198436795684e-11,nan,nan,nan,nan,nan,nan,nan,nan,nan,nan,nan,nan,nan,nan,-1.9515433216654721e-07,1.6751584402951991e-07,-5.0338703351194731e-23,2.7745955327918335e-08,6.1321499127131585e-07,-2.2302633051474174e-07,0,0.016747147102269589,0.036467297180564913,2.248542855862431e-18,0.039978677095725203,0.014807239592297263,0.11954323752195467,5.186895504885761e-06,-0.0003914931062510142,0.00052793228015675017,-2.8653498563434116e-20,0.00026517679882089631,0.00017543712816565059,-0.00053324382148183793,-2.1511773460991234e-10
53,3,support,0.0084950657894736839,0.0035000000000000001,0.0084909539473684206,0.0084991776315789472,0.0030000000000000001,0.0040000000000000001,1001212.4324220892,1.2977143362196599,12.641105790422944,3202.2907987816502,0.16854255447335731,1173,1173,4.0360103412003285e-05,0.23370343031897506,0.40000000000000002,2,300000,0.00033700000000000001,0.0001,0.084499445010425986,0.15518524727342867,1.0821916019934889e-17,0.17538352406105248,0.067266482165878813,0.55751943747579635,2.3759349350324847e-05,0.066581463791611367,0.070036170221219413,4.2752979955956541e-18,0.050377006556680502,0.42178706210737721,0.39121077931438425,7.5180087271357453e-06,nan,nan,nan,nan,nan,nan,nan,nan,nan,nan,nan,nan,nan,nan,0.27483340079347651,0.0016161552253950307,1.1692029852982172e-09,0.0020472513096760421,1.9522764505780676e-05,0.38272854628191394,7.6030344904172987e-05,7.6578629908768781e-07,2.6348402373118688e-10,3.4579620201912957e-12,3.2630756631206597e-10,7.9288602143524521e-11,6.0359599922539893e-08,0.3386782652924884,0,0,0,0,0,0,0,nan,nan,nan,nan,nan,nan,nan,nan,nan,nan,nan,nan,nan,nan,-3.3047286612296669e-11,-1.4236175883225663e-12,1.7094559009110869e-12,-4.1258942769127053e-12,3.207828967732862e-15,-7.7305833826382675e-11,1.0650903852563446e-12,-2.0764249694660286e-13,-1.59136888977048e-16,-4.6397082328120084e-18,1.5769561811143325e-17,-2.1813347004745277e-17,4.3564844246999473e-14,1.1328926666347571e-10,-2.2544533219686497e-07,1.9713126786502499e-07,5.7961141620597135e-22,2.8389821778252857e-08,7.047365552931284e-07,-2.5382921453598328e-07,0,0.018527162799501253,0.033898123350013402,2.348046379950866e-18,0.038355009765228182,0.014669869487631777,0.12202910201868662,5.1979503676314293e-06,-1.565278888511973e-05,-4.0924040007884184e-06,-1.6079205578862317e-20,-7.2923895037423333e-05,6.8449471607392198e-05,-0.0001026085021313099,-5.1454673194469583e-09
53,4,support,0.0084950657894736839,0.0045000000000000005,0.0084909539473684206,0.0084991776315789472,0.0040000000000000001,0.0050000000000000001,1000894.1839524846,1.6135153276595438,15.722337940846471,2705.5201118567293,0.13871710424533584,1173,1173,4.1319958103589991e-05,0.20498775919959655,0.40000000000000002,2,300000,0.00033700000000000001,0.0001,0.079712160771039611,0.12821433576553859,2.127229064683847e-17,0.21851296603646972,0.040469333245288695,0.52275610132857064,2.3188567683499623e-05,0.078118901055748285,0.071968194065225144,1.0452220211435151e-17,0.078064366299667898,0.31561137575553666,0.45622803695404762,9.1258697743222147e-06,nan,nan,nan,nan,nan,nan,nan,nan,nan,nan,nan,nan,nan,nan,0.24856282404761373,0.0026338186141916325,1.4340198427974056e-09,0.0024957901185749844,3.267643866240635e-05,0.39201379157439969,0.00010716489665692456,5.2789076550821629e-07,2.44794138999961e-10,4.2214303715805997e-12,3.916014776981312e-10,1.0404656868614361e-10,8.7392187666807361e-08,0.35415331684826401,0,0,0,0,0,0,0,nan,nan,nan,nan,nan,nan,nan,nan,nan,nan,nan,nan,nan,nan,-1.9618045200199068e-11,-3.9247087352399025e-13,-3.7567787300337029e-11,-4.1938125585097794e-10,1.5551362281263081e-14,9.1025776499664701e-10,3.141330429472155e-13,-2.3079747748372403e-13,-3.3480895161874002e-16,-2.278634743592555e-18,6.316251171998377e-18,-1.4550811939484805e-17,-1.8625330415002352e-13,-4.3321024596990789e-10,-3.3279326746606108e-07,1.6035039368533788e-07,-6.2981224524357868e-23,1.7157058568684853e-07,1.1700728184960152e-06,-5.0398202144918969e-07,0,0.017820390789485864,0.028542287041212859,4.7196781896520805e-18,0.04867016510363513,0.0090272893715681712,0.11661880771999426,5.1691294478627267e-06,0,0,0,0,0,0,0
54,0,lumen,0.0085032894736842106,0.00050000000000000001,0.0084991776315789472,0.0085074013157894739,0,0.001,1000148.8409332662,1.3490019699653626,13.154675672927047,3034.6262853409476,0.16918803152584852,1173,1173,4.0588855803873133e-05,0.23400196460095352,0.59999999999999998,2,500000,0.00035,0.0001,0.0676186499714653,0.1691042944906731,9.3242838973799266e-18,0.18091565579427155,0.066289790908675081,0.51834893682423133,2.2846687442396008e-05,0.055444830132506624,0.079418498712029592,3.8332999110047219e-18,0.054077274560397806,0.43254995031238519,0.37850192335993976,7.5229227410626938e-06,0.27100518451389838,0.0014854856265806135,9.4755533646154975e-10,0.0019276787855075383,2.032694863520535e-05,0.3955343331090902,7.0731458239466186e-05,8.9570886177585678e-07,2.9430657962275927e-10,3.0624023581545118e-12,2.6881971554298481e-10,6.5246222303199394e-11,6.3607938320079798e-08,0.32995529866225709,nan,nan,nan,nan,nan,nan,nan,nan,nan,nan,nan,nan,nan,nan,0,0,0,0,0,0,0,2.6175921638114497e-11,-7.2334143705029693e-13,-1.5016630245275902e-12,-2.606794927605883e-11,-6.7345217943937108e-15,-2.8027908119399036e-11,6.5625637226393432e-13,-1.6360610782806262e-14,-3.0090966943361488e-18,-1.2827606811366131e-18,5.1886475565552512e-18,-6.4408484700137475e-18,8.3283722677744708e-15,2.9503316292477497e-11,nan,nan,nan,nan,nan,nan,nan,nan,nan,nan,nan,nan,nan,nan,-1.7448022068995706e-07,1.5301239392195853e-07,-2.0624304843777877e-23,2.1497371123171316e-08,5.4492906879921588e-07,-1.9595297640062626e-07,0,0.015513797717371334,0.038504841081274478,2.1381540247806641e-18,0.041285633748937983,0.01504792002521034,0.11846135661180712,5.2164208164615007e-06,-8.1977891917006416e-05,9.9788835162580939e-05,-6.5521315555219832e-21,4.211323164988407e-05,4.2724992663938e-05,-0.00011619985786860126,4.1131911947331243e-10
54,1,lumen,0.0085032894736842106,0.0015,0.0084991776315789472,0.0085074013157894739,0.001,0.002,1000148.5857809522,1.4128945065569647,13.777721715183176,2902.4518636211569,0.16892537850050687,1173,1173,4.0564795231357842e-05,0.23390232247780549,0.59999999999999998,2,500000,0.00035,0.0001,0.066117381591778449,0.15934551014924772,9.0323614394634914e-18,0.17160979895783648,0.063079768246714976,0.49687643873070741,2.1805258383182189e-05,0.056781579761148067,0.078379796337030766,3.8891606457865906e-18,0.05372519379307876,0.43109895474280119,0.3800069552963059,7.520069635322885e-06,0.27134413723368372,0.0015008014339996155,9.7324748452263509e-10,0.0019410221987270669,2.0267847797760364e-05,0.39419798917269427,7.1340762173692477e-05,8.80121039634957e-07,2.9082060207732987e-10,3.107080607369006e-12,2.7542820733655059e-10,6.6860112601401512e-11,6.3316724419132683e-08,0.33092349630370183,nan,nan,nan,nan,nan,nan,nan,nan,nan,nan,nan,nan,nan,nan,0,0,0,0,0,0,0,1.3238601699218626e-11,-1.2219427801769045e-12,-2.7156135273928703e-13,-1.1374481497142143e-11,-5.1666570327624228e-15,2.7104050774606758e-11,1.020209235332236e-12,-9.314576020214016e-14,-1.9471956782264708e-17,-2.4075970446197995e-18,6.6129816923328267e-18,-8.8015572242818533e-18,2.6592304707122475e-14,-2.8423236154524477e-11,nan,nan,nan,nan,nan,nan,nan,nan,nan,nan,nan,nan,nan,nan,-1.8022913382369221e-07,1.5711176687416284e-07,-5.3186032153418074e-24,2.3090606152437824e-08,5.6377159246556729e-07,-2.0330854988426239e-07,0,0.015866417752189079,0.037953459439181256,2.1687429867404088e-18,0.040967029000592729,0.01497697285563065,0.1187928297930802,5.2079828315766058e-06,-0.00020417018037124389,0.00026504203179885907,-1.5859344582807205e-20,0.00013192527905015193,9.3559834050489091e-05,-0.00028380465406235513,5.8536761002181008e-10
54,2,lumen,0.0085032894736842106,0.0025000000000000001,0.0084991776315789472,0.0085074013157894739,0.002,0.0030000000000000001,1000147.8328767573,1.3236634043398385,12.907601858217689,3111.0587217533548,0.16836158287446221,1173,1173,4.0496361419893647e-05,0.23381377749018387,0.59999999999999998,2,500000,0.00035,0.0001,0.074717871017210363,0.16408830367532687,9.9768026360617277e-18,0.1794095385602632,0.06683382558030472,0.53557214070178405,2.3262601636845444e-05,0.060115223510803097,0.075615369276381211,4.0245201651447425e-18,0.052619848060679215,0.42790893415284631,0.38373310899428104,7.5160050091295143e-06,0.27241322348268315,0.0015385300303327513,1.0382939383374465e-09,0.0019750971979249862,2.0044305693635837e-05,0.39051592212896608,7.2863101368830386e-05,8.4103564523080515e-07,2.8166867631506395e-10,3.2211457101227453e-12,2.9222894614994813e-10,7.0955070854654477e-11,6.2386827645847438e-08,0.33346341464419005,nan,nan,nan,nan,nan,nan,nan,nan,nan,nan,nan,nan,nan,nan,0,0,0,0,0,0,0,-9.5595173505880951e-11,-9.4792370678047135e-13,1.0082705387986155e-11,2.3484598894611316e-10,-6.2319940874466795e-16,-2.2620260005379311e-10,7.7719166796944745e-13,-7.5500153004504078e-14,-4.2287811043109732e-17,-2.8793715518383715e-18,1.1223264099301906e-17,-1.4639817219630364e-17,3.1893522933010342e-14,7.7084116691394008e-11,nan,nan,nan,nan,nan,nan,nan,nan,nan,nan,nan,nan,nan,nan,-1.9496347885509385e-07,1.6748200293292825e-07,7.8645072302280418e-24,2.7697640128004127e-08,6.1260515768490897e-07,-2.2288581830176568e-07,0,0.016736806810258357,0.036483093345949485,2.2371852159289425e-18,0.039981941816642393,0.014811201105687389,0.11953014526531484,5.1869015432487893e-06,-0.00039124552542981595,0.00052774174864529796,-3.0519375448926522e-20,0.00026489204210674476,0.0001753588206429729,-0.0005336284768047725,-2.1956358036768947e-10
54,3,support,0.0085032894736842106,0.0035000000000000001,0.0084991776315789472,0.0085074013157894739,0.0030000000000000001,0.0040000000000000001,1001211.63441893,1.2991990051551083,12.655578118074109,3198.3993179651229,0.16855747042131419,1173,1173,4.0360459263689151e-05,0.23371752143632646,0.40000000000000002,2,300000,0.00033700000000000001,0.0001,0.084344259038041561,0.15507569485296335,1.083564173628592e-17,0.17519591761577863,0.067203150855382685,0.55677720530645691,2.373067753288511e-05,0.066535271399801366,0.070066853638925411,4.2856213029886442e-18,0.050380731699292469,0.42187238364633656,0.39113724208264511,7.5175329990551609e-06,nan,nan,nan,nan,nan,nan,nan,nan,nan,nan,nan,nan,nan,nan,0.27483047447525244,0.001615344772083161,1.1682607796363015e-09,0.0020466368897949518,1.9521510478682266e-05,0.38277064751289697,7.599987296613753e-05,7.6633460526762412e-07,2.6359644115327347e-10,3.4561621760490421e-12,3.2606492818360179e-10,7.9226201190077282e-11,6.0361795775784326e-08,0.33864054642952196,0,0,0,0,0,0,0,nan,nan,nan,nan,nan,nan,nan,nan,nan,nan,nan,nan,nan,nan,-1.8145922339604165e-11,-1.4820913794725597e-12,-1.8496444669473591e-13,-4.3950036022412907e-11,3.5777587489849161e-15,-8.9546399809070643e-12,1.1068960780437942e-12,-2.1770389310726834e-13,-1.6489650141523679e-16,-4.7696743078190631e-18,1.5930445183261227e-17,-2.21046864271362e-17,4.5639415636116614e-14,7.1779415551099068e-11,-2.2520881813245519e-07,1.968900119053707e-07,2.7084515031850901e-22,2.8328114462396481e-08,7.0396351227464127e-07,-2.5349305926569698e-07,0,0.018515636877371833,0.033915489102911152,2.3457844089314401e-18,0.038360640080622198,0.014673963522101817,0.12201503636100353,5.197997231563292e-06,-1.5653275686381585e-05,-4.1083491261144187e-06,-1.6091451102895497e-20,-7.3035421909050036e-05,6.8519205572842019e-05,-0.00010279666191265382,-5.1511893016562737e-09
54,4,support,0.0085032894736842106,0.0045000000000000005,0.0084991776315789472,0.0085074013157894739,0.0040000000000000001,0.0050000000000000001,1000893.5139630969,1.6156158441669759,15.742816230202935,2701.9091851150097,0.13772786367231316,1173,1173,4.1321428059215677e-05,0.2049756396503021,0.40000000000000002,2,300000,0.00033700000000000001,0.0001,0.079560276718531664,0.12811490263713488,2.1274350319226991e-17,0.21834004539049828,0.040416207904509498,0.52204564460007774,2.3161468435049851e-05,0.078071608527328876,0.072006046717842054,1.0466847537113246e-17,0.078104188013287779,0.31560760603292076,0.45620142363124377,9.1270773765866266e-06,nan,nan,nan,nan,nan,nan,nan,nan,nan,nan,nan,nan,nan,nan,0.24853883986693662,0.002633459004382267,1.4330214956010778e-09,0.0024954178015441897,3.2689144776886489e-05,0.39207044774735123,0.00010714958852865459,5.2814471188901778e-07,2.4489909573700397e-10,4.2190172177578447e-12,3.9133112320191819e-10,1.039760453712317e-10,8.7425607284051634e-08,0.35412137909868829,0,0,0,0,0,0,0,nan,nan,nan,nan,nan,nan,nan,nan,nan,nan,nan,nan,nan,nan,-7.1544947630037557e-11,-4.0478019657648032e-13,5.3277979799994493e-12,-1.6470392985328421e-10,2.5098196090866942e-15,-4.0505693742719229e-10,3.237028719569168e-13,-2.3211575890524916e-13,-3.3564337450774868e-16,-2.3238875977068291e-18,6.4317648765898759e-18,-1.4769073496123666e-17,-1.8507746866403967e-13,6.3647434493363778e-10,-3.3257093383365355e-07,1.6144707720711082e-07,-4.4758392039915792e-22,1.715240008115789e-07,1.1692564906989888e-06,-5.0392487138672948e-07,0,0.017807114369028623,0.028553384682784171,4.6532643927355999e-18,0.048688253400299281,0.0090259655181236381,0.11659565275689086,5.1690917824661657e-06,0,0,0,0,0,0,0
55,0,lumen,0.0085115131578947373,0.00050000000000000001,0.0085074013157894739,0.0085156249999999989,0,0.001,1000148.7425939034,1.3485585846404289,13.150353332403251,3035.4264785471223,0.169157304230178,1173,1173,4.058910378302576e-05,0.23401525677551893,0.59999999999999998,2,500000,0.00035,0.0001,0.067592261017268909,0.16921799415428918,9.3210306445919651e-18,0.18097674948381587,0.066323433100026669,0.51842993141179727,2.2852635636524014e-05,0.055404981294839652,0.079445784124578742,3.8307033689150178e-18,0.054077761382035641,0.43262727156912689,0.37843667922057828,7.5224088409752399e-06,0.27100424842176318,0.0014848264104755995,9.4678639357481099e-10,0.0019271675198070115,2.0324908543079451e-05,0.39556707528799306,7.0706384637161609e-05,8.9624781801198882e-07,2.9440664698539411e-10,3.061100310672187e-12,2.6862503771409358e-10,6.5197167138164047e-11,6.3607230651852517e-08,0.32992468963365584,nan,nan,nan,nan,nan,nan,nan,nan,nan,nan,nan,nan,nan,nan,0,0,0,0,0,0,0,6.8136552179321083e-11,-7.0543209095907075e-13,-3.4534025876979289e-12,-1.0921335736853039e-10,-7.6482873853644939e-15,-7.3164759840926852e-13,6.4321629209485061e-13,-1.3269333548615592e-14,-2.7810630068863452e-18,-1.2431830873556712e-18,5.182895807864652e-18,-6.4063385917932632e-18,7.9569660806432959e-15,4.5336789713886372e-11,nan,nan,nan,nan,nan,nan,nan,nan,nan,nan,nan,nan,nan,nan,-1.7429915906159305e-07,1.5284783977387306e-07,-2.2614726244679599e-23,2.1455517350168951e-08,5.4432891223588076e-07,-1.9564886782896806e-07,0,0.015503647716704122,0.038520803308092981,2.1352788535021069e-18,0.04128882280810077,0.015051730645858498,0.11844876088354961,5.2164140157871505e-06,-8.1978895249436168e-05,9.9835964464790159e-05,-6.4845506525575729e-21,4.2154184031878078e-05,4.2691898489317352e-05,-0.0001161366597595188,4.1254476607309064e-10
55,1,lumen,0.0085115131578947373,0.0015,0.0085074013157894739,0.0085156249999999989,0.001,0.002,1000148.4876224328,1.4121589113193387,13.770549971708524,2903.7739735473551,0.16899815182583272,1173,1173,4.0565022620866025e-05,0.23391604570267505,0.59999999999999998,2,500000,0.00035,0.0001,0.066105376543569808,0.15948293997279583,9.0296853043984402e-18,0.17169961529448785,0.06312412388318317,0.49704937022590295,2.1815099594006992e-05,0.056741718574570624,0.078406561746889536,3.8859845213144822e-18,0.053725331921558643,0.43117753092941136,0.37994133728015805,7.5195474116914049e-06,0.27134365428797508,0.0015001295757591817,9.7247386602768982e-10,0.001940506649769024,2.0265692446385024e-05,0.39423041257731944,7.1315319945415258e-05,8.8065206660963276e-07,2.9091936608146093e-10,3.1057475367713431e-12,2.7523207560106565e-10,6.6810462997940271e-11,6.3315752721318352e-08,0.33089277032042469,nan,nan,nan,nan,nan,nan,nan,nan,nan,nan,nan,nan,nan,nan,0,0,0,0,0,0,0,-3.1566103250235273e-11,-1.2325736165475134e-12,2.0881003219376131e-12,8.8023745263809307e-11,-4.4038123842016219e-15,-3.9978500761608804e-11,1.0261299480165297e-12,-9.6757020798254878e-14,-1.9268035254574461e-17,-2.439257508581063e-18,6.5145937283484725e-18,-8.7091655701060784e-18,2.6482718937641821e-14,-1.8285928494382404e-11,nan,nan,nan,nan,nan,nan,nan,nan,nan,nan,nan,nan,nan,nan,-1.800495604224045e-07,1.5703765054997376e-07,3.6591378396479564e-24,2.3049875039634162e-08,5.6320746118221354e-07,-2.031852834871728e-07,0,0.015856329462738208,0.03796918204537969,2.169361065876852e-18,0.04096998506431674,0.014980850092258956,0.11878026526637608,5.2079786943615136e-06,-0.00020410879944344923,0.00026502778328017258,-1.5824246531127309e-20,0.00013188456067030079,9.3494010027297931e-05,-0.00028376113349352949,5.8315615493929716e-10
55,2,lumen,0.0085115131578947373,0.0025000000000000001,0.0085074013157894739,0.0085156249999999989,0.002,0.0030000000000000001,1000147.7352263603,1.3251428269666448,12.922029595806062,3107.3773463062953,0.16838073073662105,1173,1173,4.0496596156082894e-05,0.23382799241814101,0.59999999999999998,2,500000,0.00035,0.0001,0.074583387492220099,0.163964143476757,9.957035259189344e-18,0.17921139504724312,0.066771886020326479,0.53487930645548454,2.3235062182522339e-05,0.060074097147038569,0.07564261030552108,4.0210358242930553e-18,0.052620485598540476,0.42799022188613489,0.38366506956436258,7.5154984025769177e-06,0.27241264622376454,0.0015378158913712955,1.0374828425651887e-09,0.0019745551852885664,2.0042219676919978e-05,0.39055014149861922,7.2836193802848761e-05,8.4156571296608866e-07,2.817695246775635e-10,3.2196945639292257e-12,2.9202238070924311e-10,7.0902366284266916e-11,6.2386251183979458e-08,0.33343105715010429,nan,nan,nan,nan,nan,nan,nan,nan,nan,nan,nan,nan,nan,nan,0,0,0,0,0,0,0,1.3374069228953685e-12,-9.2317071985463852e-13,9.101571762730223e-13,3.2563664622510161e-11,-1.5407597073191504e-15,2.2284799873484307e-12,7.6139407902658293e-13,-6.9399130539493648e-14,-3.9181442975218599e-17,-2.823526288088838e-18,1.1248799371606571e-17,-1.4599185099815388e-17,3.085158154654336e-14,-3.6837866266651152e-11,nan,nan,nan,nan,nan,nan,nan,nan,nan,nan,nan,nan,nan,nan,-1.9475934323089084e-07,1.6710656403073898e-07,1.9439206706643173e-23,2.7649680741274283e-08,6.119238520757575e-07,-2.224406144279989e-07,0,0.016726476571303359,0.036498874870000475,2.2399690614283057e-18,0.039985200298108002,0.014815158706978698,0.11951707780676181,5.1869075627157822e-06,-0.00039098668059045618,0.00052751617008365279,-3.2652248200567864e-20,0.0002645874477715606,0.00017527559105955256,-0.00053379217121749445,-2.2412832646276119e-10
55,3,support,0.0085115131578947373,0.0035000000000000001,0.0085074013157894739,0.0085156249999999989,0.0030000000000000001,0.0040000000000000001,1001210.8363501295,1.299626267545295,12.659750198651331,3197.1161134899094,0.16856731112547005,1173,1173,4.036081493803753e-05,0.23373159147880129,0.40000000000000002,2,300000,0.00033700000000000001,0.0001,0.08425798930391433,0.15509242577311252,1.0869339170921914e-17,0.17515111515085596,0.067194573165866481,0.55648919736657321,2.3721358219349154e-05,0.066489129017527349,0.070097514030363378,4.3003662331485526e-18,0.05038445238076418,0.42195759473455835,0.39106379277872855,7.5170580583150146e-06,nan,nan,nan,nan,nan,nan,nan,nan,nan,nan,nan,nan,nan,nan,0.27482754386203012,0.0016145357380817178,1.1673198062058785e-09,0.002046023318918302,1.9520258620188408e-05,0.38281270062492906,7.5969449408146877e-05,7.6688263251777304e-07,2.6370876525171695e-10,3.4543657119480863e-12,3.2582262222855579e-10,7.9163895677486455e-11,6.0363989051104062e-08,0.33860287766192154,0,0,0,0,0,0,0,nan,nan,nan,nan,nan,nan,nan,nan,nan,nan,nan,nan,nan,nan,-2.5976950960946737e-11,-1.5175255186998505e-12,5.6416676106844456e-13,-2.7228031314580483e-11,3.7350764842125628e-15,-2.5317031023680547e-11,1.12767961368797e-12,-2.278270887917655e-13,-1.7004233756710511e-16,-4.845738596081649e-18,1.5753845482902394e-17,-2.2008707458664845e-17,4.6614069381363037e-14,7.8525685759611611e-11,-2.2497534019061405e-07,1.9673370349471142e-07,-1.3739844485557783e-22,2.8266567259514975e-08,7.0320318508454438e-07,-2.5321400359823443e-07,0,0.018504121989971999,0.033932842381115193,2.3319460179586086e-18,0.038366262769934788,0.014678052440620534,0.12200097072509132,5.1980441585639718e-06,-1.5652261692179596e-05,-4.123543816318786e-06,-1.6204502217781512e-20,-7.3131208008682464e-05,6.858391008895292e-05,-0.00010285333169897528,-5.1569123402952594e-09
55,4,support,0.0085115131578947373,0.0045000000000000005,0.0085074013157894739,0.0085156249999999989,0.0040000000000000001,0.0050000000000000001,1000892.8440427424,1.6116474009402579,15.704157603095148,2708.4687733024903,0.13867877808889334,1173,1173,4.1322898029453875e-05,0.20496350115492745,0.40000000000000002,2,300000,0.00033700000000000001,0.0001,0.079707843874733911,0.12849776651912562,2.1444427988994868e-17,0.21898916023207346,0.040515203668422414,0.52330030533962124,2.3221559309335151e-05,0.078024343477636579,0.07204388350810681,1.0524616440008754e-17,0.078144022487535228,0.31560374192976404,0.45617488031092007,9.1282860371319275e-06,nan,nan,nan,nan,nan,nan,nan,nan,nan,nan,nan,nan,nan,nan,0.24851485214199456,0.0026331009633068577,1.4320240185539763e-09,0.0024950462319875489,3.2701858223257439e-05,0.39212705747876364,0.00010713432835670598,5.2839834319225236e-07,2.4500396827923596e-10,4.2166065589996857e-12,3.9106100799955188e-10,1.03905594208953e-10,8.7459032983238968e-08,0.35408948896378017,0,0,0,0,0,0,0,nan,nan,nan,nan,nan,nan,nan,nan,nan,nan,nan,nan,nan,nan,-3.1934011386710486e-11,-3.9991585219015596e-13,-2.6994325960521569e-11,-3.3129098743798679e-10,1.1934463833851439e-14,5.2503803919540931e-10,3.173943845249244e-13,-2.3190271317835576e-13,-3.3418247759302897e-16,-2.310372532785221e-18,6.3952164182121032e-18,-1.4714531688073757e-17,-1.8400804413027288e-13,-1.3433210151756534e-10,-3.3227372406297029e-07,1.6029855987031993e-07,-1.8960034153151197e-21,1.7147752478831087e-07,1.1683955577629357e-06,-5.034469295339683e-07,0,0.017793847043432325,0.028564468109085975,4.4903601051897922e-18,0.048706336337812302,0.0090246383249074393,0.11657251222962825,5.1690540786987842e-06,0,0,0,0,0,0,0
56,0,lumen,0.0085197368421052622,0.00050000000000000001,0.0085156249999999989,0.0085238486842105256,0,0.001,1000148.6442472669,1.3478902532904253,13.143837449046181,3036.7341348305572,0.16921099209895854,1173,1173,4.0589351302338145e-05,0.23402853501000759,0.59999999999999998,2,500000,0.00035,0.0001,0.067577192828519414,0.16935997233710809,9.3203065367601435e-18,0.18106807955056867,0.066368158595292978,0.51859760114993247,2.2862405107487153e-05,0.055365183432083062,0.079473043440696417,3.8285078471922586e-18,0.054078243196247079,0.43270450811956745,0.37837149991562574,7.5218957804018598e-06,0.271003312542208,0.0014841682041768138,9.4601856401253776e-10,0.0019266568827975886,2.0322869401202048e-05,0.39559977498203563,7.0681346046548251e-05,8.9678647039609778e-07,2.9450661709975576e-10,3.0598010176631141e-12,2.6843065627122543e-10,6.5148192637766598e-11,6.3606518098016807e-08,0.32989412120318551,nan,nan,nan,nan,nan,nan,nan,nan,nan,nan,nan,nan,nan,nan,0,0,0,0,0,0,0,5.9997306771069987e-11,-7.1574016939068393e-13,-2.5728694522146188e-12,-1.375463768277117e-10,-6.534052812701141e-15,8.3080747793548571e-11,6.5536560246191018e-13,-1.1344657852019324e-14,-3.2805583462219638e-18,-1.193251647998009e-18,5.1856968482139097e-18,-6.6134476405869384e-18,6.5235966460200212e-15,-2.8868853391832008e-12,nan,nan,nan,nan,nan,nan,nan,nan,nan,nan,nan,nan,nan,nan,-1.7412123662699508e-07,1.5262703240148667e-07,-3.3083673832758916e-23,2.1413707757873179e-08,5.4375475760926051e-07,-1.953999217985114e-07,0,0.015493509994957142,0.038536747641753279,2.1372268204825099e-18,0.041292003707525678,0.015055536824265256,0.11843619656917512,5.2164072060164551e-06,-8.1977582929939824e-05,9.98758562683338e-05,-6.303433224795538e-21,4.2191508227190858e-05,4.2657837756993756e-05,-0.00011603019493243076,4.1377670563444225e-10
56,1,lumen,0.0085197368421052622,0.0015,0.0085156249999999989,0.0085238486842105256,0.001,0.002,1000148.3894565442,1.4106212168967569,13.755556622783514,2906.749558133075,0.16894885414064847,1173,1173,4.0565249683230582e-05,0.23392975327548118,0.59999999999999998,2,500000,0.00035,0.0001,0.066130996709085024,0.15971122388714745,9.0308209079414949e-18,0.17188720017861142,0.063204431216977788,0.497505299441586,2.1837363352134846e-05,0.05670190548855758,0.078433301801989,3.8822416510221407e-18,0.053725467854043814,0.43125601806347419,0.37987578776595082,7.5190259845453932e-06,0.27134317009095749,0.0014994587769602058,9.7170131936682793e-10,0.0019399917539672784,2.0263538658348133e-05,0.39426279447266876,7.1289914310261604e-05,8.8118278388647741e-07,2.910180341833593e-10,3.1044171507851109e-12,2.7503622906952182e-10,6.6760892054383721e-11,6.3314777610339192e-08,0.33086208534690864,nan,nan,nan,nan,nan,nan,nan,nan,nan,nan,nan,nan,nan,nan,0,0,0,0,0,0,0,-4.9014491289411221e-11,-1.2483716106359618e-12,3.9756099517008282e-12,8.2373738179581966e-11,-3.7110071959833846e-15,1.0695551866043984e-11,1.0244669395568143e-12,-1.0168363547002901e-13,-1.8844691299803816e-17,-2.6370581550011855e-18,6.4889845784753488e-18,-8.5548414559023864e-18,2.8545269509950589e-14,-4.7729820263366642e-11,nan,nan,nan,nan,nan,nan,nan,nan,nan,nan,nan,nan,nan,nan,-1.7986981879890979e-07,1.5684609189214882e-07,2.4938065987833574e-23,2.300913262440698e-08,5.6263054554195335e-07,-2.0295725222663208e-07,0,0.015846252357572366,0.037984889722124535,2.1746309337304515e-18,0.040972934566415424,0.014984723230102059,0.1187677094504702,5.2079746212197111e-06,-0.00020405254404987875,0.00026503395894592974,-1.5719658273532292e-20,0.00013185526782752375,9.3431932413476961e-05,-0.00028383080320202388,5.8115788860590174e-10
56,2,lumen,0.0085197368421052622,0.0025000000000000001,0.0085156249999999989,0.0085238486842105256,0.002,0.0030000000000000001,1000147.6375687594,1.3282407162517509,12.952239692496958,3099.9225721207054,0.16838447484158028,1173,1173,4.0496830613103613e-05,0.23384218505377902,0.59999999999999998,2,500000,0.00035,0.0001,0.074358540427897385,0.16364050915505354,9.9223380757755241e-18,0.17879551112063405,0.066628777217215981,0.53353732742182347,2.3179303507890647e-05,0.060033013701075374,0.07566979999923229,4.0163916828374782e-18,0.052621107409324408,0.42807137546396912,0.38359718843528656,7.5149911123738481e-06,0.27241207526501698,0.0015371035050222145,1.0366728354455327e-09,0.0019740144600296937,2.0040136225563173e-05,0.39058428263109085,7.2809350827222186e-05,8.4209498969991337e-07,2.8187018844463161e-10,3.2182458390255298e-12,2.9181610123630671e-10,7.0849743412827768e-11,6.2385671249528757e-08,0.33339876848669953,nan,nan,nan,nan,nan,nan,nan,nan,nan,nan,nan,nan,nan,nan,0,0,0,0,0,0,0,-1.5294551650606325e-10,-8.9820472799557143e-13,1.3729831351203233e-11,3.8364343315731728e-10,-2.5370330836160804e-16,-3.767342269308388e-10,7.4557409952659255e-13,-6.1305995002758351e-14,-3.4451953709018125e-17,-2.7404158071810612e-18,1.1710137489670578e-17,-1.5082623390045886e-17,2.985674811395245e-14,1.3249071266973125e-10,nan,nan,nan,nan,nan,nan,nan,nan,nan,nan,nan,nan,nan,nan,-1.9457755108965441e-07,1.6733833541060505e-07,5.6529190429117723e-23,2.7602251862090832e-08,6.1136973893149982e-07,-2.22549654815829e-07,0,0.016716157672532889,0.036514649944260548,2.2481257235396533e-18,0.039988455558112854,0.014819107865745832,0.11950389651182014,5.1869139747851135e-06,-0.00039072727973559688,0.00052728480926235075,-3.6327525799883392e-20,0.00026427924897376724,0.00017518996754666889,-0.00053393170348299242,-2.2904358530388725e-10
56,3,support,0.0085197368421052622,0.0035000000000000001,0.0085156249999999989,0.0085238486842105256,0.0030000000000000001,0.0040000000000000001,1001210.0382154137,1.2984644008063129,12.648442456589583,3199.7452216025099,0.16858234288201071,1173,1173,4.0361170562987909e-05,0.23374564191560065,0.40000000000000002,2,300000,0.00033700000000000001,0.0001,0.084274855253720374,0.15529896498757412,1.0946797334362307e-17,0.17532067005539867,0.067268212502253219,0.55688214026850091,2.3741070620143056e-05,0.066443037911494016,0.070128169304293178,4.3271434517041653e-18,0.050388179841542383,0.4220427157700346,0.39099038058776475,7.5165848710064832e-06,nan,nan,nan,nan,nan,nan,nan,nan,nan,nan,nan,nan,nan,nan,0.27482460109092438,0.0016137277560965366,1.1663800344401994e-09,0.0020454102276643228,1.9519009486085197e-05,0.38285473177366441,7.5939058737065172e-05,7.6743066913409106e-07,2.638210553874813e-10,3.4525727753807613e-12,3.2558064195535631e-10,7.9101683280238994e-11,6.0366182827508796e-08,0.33856524144803074,0,0,0,0,0,0,0,nan,nan,nan,nan,nan,nan,nan,nan,nan,nan,nan,nan,nan,nan,2.8685989020336241e-10,-1.6381091684235604e-12,-3.6839193476592923e-11,-4.9025701241412707e-10,1.5494333246990344e-15,3.7618761729828198e-10,1.2236677154685788e-12,-2.5319438386184334e-13,-1.875889888738511e-16,-4.7309199235374992e-18,1.6520528793790284e-17,-2.3315523682925494e-17,4.8154817473412026e-14,-1.3533299500584273e-10,-2.2470407551669624e-07,1.9616007873590746e-07,-8.1677596705168069e-22,2.8204852030615396e-08,7.0228341886302559e-07,-2.5245539819751528e-07,0,0.018492618359721942,0.033950173931203399,2.4679744542843781e-18,0.038371875538652345,0.014682137934525967,0.12198704539447161,5.1980906754026477e-06,-1.5659764014907601e-05,-4.1432047205629505e-06,-1.6578558327987895e-20,-7.3319182946616671e-05,6.867791226137425e-05,-0.00010367577961105871,-5.1626324600433986e-09
56,4,support,0.0085197368421052622,0.0045000000000000005,0.0085156249999999989,0.0085238486842105256,0.0040000000000000001,0.0050000000000000001,1000892.1741914273,1.6116075358307622,15.703779660718993,2708.4424927089435,0.13768955432245583,1173,1173,4.1324367571123129e-05,0.20495134738273507,0.40000000000000002,2,300000,0.00033700000000000001,0.0001,0.079661521414776379,0.12856830290106325,2.1791427210578265e-17,0.21910607392590867,0.040515670960734496,0.52328252795793528,2.3225195306088849e-05,0.077977122716156325,0.072081695826878817,1.0694661272814469e-17,0.07818386028443447,0.31559978649482417,0.45614840518209504,9.1294956111134997e-06,nan,nan,nan,nan,nan,nan,nan,nan,nan,nan,nan,nan,nan,nan,0.24849086638029438,0.0026327444894868454,1.431027710550932e-09,0.0024946754367786155,3.2714575601943624e-05,0.39218360939269054,0.00010711911668768324,5.2865162168246267e-07,2.451087364650826e-10,4.214199125545389e-12,3.9079121199821557e-10,1.0383523582473117e-10,8.7492456142566696e-08,0.35405765228940517,0,0,0,0,0,0,0,nan,nan,nan,nan,nan,nan,nan,nan,nan,nan,nan,nan,nan,nan,-1.0224111161695439e-10,-3.9799802258371192e-13,2.6721945610917515e-11,-9.0714032195688021e-11,-2.6724499349595199e-15,-9.1423898085276484e-10,3.0848284499447641e-13,-2.3325742379287639e-13,-3.3420878224670089e-16,-2.1695984900451543e-18,6.5848540876872087e-18,-1.489805982739394e-17,-1.8088719592992368e-13,1.0809788614505865e-09,-3.3206296740605212e-07,1.6151976134359813e-07,-6.1127293962341845e-21,1.7143114027587064e-07,1.1675908937885948e-06,-5.0337663187738357e-07,0,0.017780592106488944,0.028575532395511423,4.0197141227347217e-18,0.048724404204394042,0.0090233077595701372,0.11654939614895783,5.1690163176702137e-06,0,0,0,0,0,0,0
57,0,lumen,0.0085279605263157872,0.00050000000000000001,0.0085238486842105256,0.0085320723684210505,0,0.001,1000148.5458933755,1.3480728904791845,13.145619712828001,3036.1255626878042,0.16918020390085922,1173,1173,4.0589598343127704e-05,0.2340417990729908,0.59999999999999998,2,500000,0.00035,0.0001,0.067519524220147106,0.16939503322692431,9.3118297433179373e-18,0.18104512409413248,0.06637099203093047,0.51843806323516284,2.2857748593602029e-05,0.055325437174414606,0.079500274474937904,3.8255444914137876e-18,0.05407871917569633,0.4327816573421378,0.37830639044932146,7.521383491937956e-06,0.27100237766184138,0.0014835110406797455,9.4525186240561289e-10,0.0019261469083139938,2.0320831150915201e-05,0.39563242953397548,7.0656343876591423e-05,8.9732478408414307e-07,2.9460648309514159e-10,3.0585044800299545e-12,2.6823657467198726e-10,6.5099299647714915e-11,6.3605800312718433e-08,0.32986359517337904,nan,nan,nan,nan,nan,nan,nan,nan,nan,nan,nan,nan,nan,nan,0,0,0,0,0,0,0,-1.1266015941067542e-10,-6.881082349484808e-13,5.1179382478672712e-12,2.7019153813080437e-10,-4.5868257109171751e-15,-1.7606437163232569e-10,6.4055329139847518e-13,-5.0263612716427986e-15,-1.4233048646016181e-18,-1.1842318573412291e-18,5.2532203770984376e-18,-6.4654141961676209e-18,7.4092234056948164e-15,1.3464756923409377e-11,nan,nan,nan,nan,nan,nan,nan,nan,nan,nan,nan,nan,nan,nan,-1.7395043560870099e-07,1.5274942527510049e-07,-2.7020089024393068e-23,2.1371958925530079e-08,5.4326387836922674e-07,-1.9558742847536337e-07,0,0.015483384243376004,0.038552675837958378,2.1356916731135181e-18,0.041295176895417077,0.015059337593585239,0.11842363882981619,5.2164004075221958e-06,-8.1981643912230786e-05,9.9934577410214364e-05,-5.9977787703347666e-21,4.2237194578468276e-05,4.2626810148068045e-05,-0.00011603743006001134,4.150432757993249e-10
57,1,lumen,0.0085279605263157872,0.0015,0.0085238486842105256,0.0085320723684210505,0.001,0.002,1000148.291283323,1.4108663945179549,13.757948802626419,2906.054919561986,0.16902150591957041,1173,1173,4.0565476367755025e-05,0.23394344469751704,0.59999999999999998,2,500000,0.00035,0.0001,0.066073129807353831,0.1597378293043851,9.0162912367499228e-18,0.17185773281963868,0.063204928399314617,0.49733307226301343,2.1832053795132689e-05,0.056662141564474446,0.078460009904048861,3.8766695801229665e-18,0.053725599069918403,0.43133440922194405,0.37981032173452367,7.5185050906037894e-06,0.27134268719540583,0.0014987891447518567,9.7092987995562565e-10,0.0019394776201584522,2.0261386223003775e-05,0.39429512635155611,7.1264549817772352e-05,8.8171308468258234e-07,2.9111658497515326e-10,3.1030894355860684e-12,2.7484067595030848e-10,6.6711401860805203e-11,6.3313797930689056e-08,0.33083144711855528,nan,nan,nan,nan,nan,nan,nan,nan,nan,nan,nan,nan,nan,nan,0,0,0,0,0,0,0,-3.9367384571823784e-11,-1.2576568654845855e-12,1.0520132438013568e-12,1.7900688753950514e-10,-5.1331551856326207e-15,-1.8281692219096479e-10,1.0382668977723073e-12,-1.0467798502999948e-13,-1.7857129155270765e-17,-2.4734817509962751e-18,6.5089239222373043e-18,-8.7863240212174416e-18,2.6917918429435464e-14,4.2427672319580573e-11,nan,nan,nan,nan,nan,nan,nan,nan,nan,nan,nan,nan,nan,nan,-1.7968558197432871e-07,1.5689900523252476e-07,8.5684955620231666e-23,2.2968424613110241e-08,5.6204107266866199e-07,-2.0283186852321222e-07,0,0.015836186197558652,0.038000581284008218,2.1936908671794253e-18,0.040975877678972795,0.014988591077857006,0.11875516792950924,5.2079704720261085e-06,-0.00020393278861654781,0.00026482963188356371,-1.5513980572874806e-20,0.0001317108255515574,9.3341556722659333e-05,-0.00028267030611387893,5.7897191486956144e-10
57,2,lumen,0.0085279605263157872,0.0025000000000000001,0.0085238486842105256,0.0085320723684210505,0.002,0.0030000000000000001,1000147.5399036919,1.3193936951268734,12.865969886120951,3120.5001074274633,0.16840452418215821,1173,1173,4.0497065166677022e-05,0.23385636234794777,0.59999999999999998,2,500000,0.00035,0.0001,0.074805951386158212,0.16479697199152557,9.9706267329123117e-18,0.17999654625164002,0.067088247686105287,0.53701980283572071,2.3333157476376128e-05,0.059991966454961,0.075696996749978082,4.0090562938746893e-18,0.052621739727768811,0.42815246748117769,0.38352931510047139,7.5144856430331219e-06,0.27241148820723166,0.0015363918144990147,1.0358636849232072e-09,0.001973473965659076,2.0038056686389707e-05,0.39061842279694164,7.2782527936406298e-05,8.4262441914564345e-07,2.8197085627554822e-10,3.2167997859270184e-12,2.9161005501150358e-10,7.0797187709044838e-11,6.2385096690553857e-08,0.33336649593819562,nan,nan,nan,nan,nan,nan,nan,nan,nan,nan,nan,nan,nan,nan,0,0,0,0,0,0,0,2.2166406872278922e-09,-1.0519933416666604e-12,-1.8985936969373213e-10,-4.6537764447634129e-09,-2.1223474366838246e-14,4.7689035754215625e-09,8.5257930686810808e-13,-9.0549529679906371e-14,-4.8794340897859155e-17,-3.0972934474382031e-18,1.1898037149281133e-17,-1.5511941979908122e-17,3.5485756292505751e-14,-2.1416328157084384e-09,nan,nan,nan,nan,nan,nan,nan,nan,nan,nan,nan,nan,nan,nan,-1.9417960153353397e-07,1.6204592473423318e-07,1.5248610125483194e-22,2.7554708903115406e-08,6.0955423267228248e-07,-2.1727029875240333e-07,0,0.016705839490344432,0.036530408201950311,2.1974145041710649e-18,0.039991697085911854,0.014823068598582689,0.11949085054964685,5.1869194425230092e-06,-0.00039054567880788334,0.00052727741660854989,-3.2646103853516003e-20,0.00026409863405470093,0.00017514364325647191,-0.00053549721202221273,-2.3325137320561614e-10
57,3,support,0.0085279605263157872,0.0035000000000000001,0.0085238486842105256,0.0085320723684210505,0.0030000000000000001,0.0040000000000000001,1001209.2400169375,1.3144792051330545,12.804454116027838,3160.5331182166055,0.16859128916094307,1173,1173,4.0361524910250793e-05,0.23375966414579424,0.40000000000000002,2,300000,0.00033700000000000001,0.0001,0.083190385090047489,0.15347355904978285,1.0716339366783895e-17,0.17319716053334305,0.066461971724767269,0.54999416508263599,2.345031925530208e-05,0.066397024794626905,0.070158698496124008,4.2882953845167574e-18,0.050391853827069441,0.42212761280283828,0.39091729397078284,7.5161085584660712e-06,nan,nan,nan,nan,nan,nan,nan,nan,nan,nan,nan,nan,nan,nan,0.27482170063276501,0.0016129230156217557,1.1654422451132977e-09,0.0020447997953148152,1.9517756298647725e-05,0.38289656545111311,7.590879292373327e-05,7.6797689335784382e-07,2.6393291442657001e-10,3.4507837354556681e-12,3.2533918250263531e-10,7.9039615244911826e-11,6.0368347453412359e-08,0.33852775437343463,0,0,0,0,0,0,0,nan,nan,nan,nan,nan,nan,nan,nan,nan,nan,nan,nan,nan,nan,-2.9497994945435839e-09,-1.3884035128971162e-12,3.2566964483324178e-10,5.1233801671384016e-09,1.6327542616545454e-14,-4.9296439415345145e-09,1.0213158426194507e-12,-2.1077931067203792e-13,-1.6118466893371164e-16,-4.47303040557321e-18,1.4702216855758615e-17,-2.0560161591261477e-17,4.2755479967932784e-14,2.4309124988805754e-09,-2.2483337149947075e-07,2.0129337796603863e-07,-1.5424746230209267e-23,2.8144119709766863e-08,7.0314149584749241e-07,-2.5777510453961483e-07,0,0.01848113462964536,0.033967495466666074,2.3922765363647578e-18,0.038377485043932534,0.014686207740777049,0.12197304483630915,5.1981383259457634e-06,-1.5662348295321173e-05,-4.1604529425792384e-06,-1.797194158216419e-20,-7.3454469620654937e-05,6.8755128193075731e-05,-0.00010405922671650351,-5.1683653837279844e-09
57,4,support,0.0085279605263157872,0.0045000000000000005,0.0085238486842105256,0.0085320723684210505,0.0040000000000000001,0.0050000000000000001,1000891.5044094218,1.619435800152897,15.780070167891253,2695.2574026534971,0.1386403730071023,1173,1173,4.1325835440113101e-05,0.20493918861436952,0.40000000000000002,2,300000,0.00033700000000000001,0.0001,0.079228444620766503,0.1280137406166372,2.2691588388275775e-17,0.21815772019302967,0.040319275860748155,0.52072260698508088,2.3115972821419169e-05,0.077929964184291073,0.072119450531408988,1.1190538689539913e-17,0.078223639080942417,0.31559573521883427,0.45612208027931367,9.1307052095384642e-06,nan,nan,nan,nan,nan,nan,nan,nan,nan,nan,nan,nan,nan,nan,0.24846690129315605,0.0026323903102081964,1.4300330220050239e-09,0.0024943060698114482,3.2727290771745115e-05,0.39224005417049845,0.00010710398234452472,5.289042440632728e-07,2.4521330553461667e-10,4.2117959656598081e-12,3.9052186516961819e-10,1.0376500453634677e-10,8.7525859907287725e-08,0.35402589827983116,0,0,0,0,0,0,0,nan,nan,nan,nan,nan,nan,nan,nan,nan,nan,nan,nan,nan,nan,-2.5890107075838867e-10,-2.8091477852578001e-13,1.4755570002451239e-10,6.1457148147193838e-10,-4.4859732248325734e-14,-4.0156333665176611e-09,2.0813117970987888e-13,-2.1893326995064966e-13,-3.2144222670244106e-16,-2.1719634317281861e-18,5.4980054542294174e-18,-1.4294050993144071e-17,-1.7321358590957753e-13,3.5129173453528694e-09,-3.3191988842336262e-07,1.644016213719901e-07,-1.8362156211939743e-20,1.7138678202377143e-07,1.1668331414832478e-06,-5.0377361432429879e-07,0,0.017767348982568792,0.02858658852019768,5.9741490316574061e-18,0.048742490334538771,0.0090219724174938603,0.11652623856390887,5.1689786415663693e-06,0,0,0,0,0,0,0
58,0,lumen,0.0085361842105263139,0.00050000000000000001,0.0085320723684210505,0.0085402960526315772,0,0.001,1000148.4475321692,1.3448929406291434,13.114611988382469,3043.1069538993188,0.16923410001773745,1173,1173,4.0589845037399824e-05,0.23405505033649285,0.59999999999999998,2,500000,0.00035,0.0001,0.067630604374507491,0.16985368155859992,9.3266374200830304e-18,0.18147478378937554,0.066539766227389829,0.51957444008608755,2.2910236602630675e-05,0.055285740504361268,0.079527494767558479,3.8225898781398036e-18,0.05407919687048697,0.43285873803070124,0.3782413089542111,7.5208726809897151e-06,0.27100143687140421,0.0014828546328100928,9.4448621524794626e-10,0.0019256373017104025,2.0318794313524078e-05,0.39566506148876002,7.0631365887940234e-05,8.9786304528200607e-07,2.947063016232182e-10,3.0572107806932678e-12,2.6804277649455266e-10,6.505048387960569e-11,6.3605080185470336e-08,0.3298330965016919,nan,nan,nan,nan,nan,nan,nan,nan,nan,nan,nan,nan,nan,nan,0,0,0,0,0,0,0,6.476314927001607e-11,-6.489950387330138e-13,-2.7421132888507009e-12,-1.6328333345900465e-10,-6.9191614243679922e-15,1.2041503081108851e-10,6.0731841246159363e-13,1.4153175159625775e-15,9.9230188944298021e-20,-1.1315300027040192e-18,5.5239719461271641e-18,-6.6859066524561891e-18,7.4662493763490589e-15,-1.9113183421824703e-11,nan,nan,nan,nan,nan,nan,nan,nan,nan,nan,nan,nan,nan,nan,-1.7376436670622775e-07,1.5231658490044708e-07,-2.1066523191588777e-23,2.1330106937938489e-08,5.4259870188588799e-07,-1.9493388986324689e-07,0,0.015473266655480593,0.038568601945066165,2.1327612349728834e-18,0.041298343768742161,0.015063135602115505,0.1184109492647228,5.2163937422460462e-06,-8.1995678174979719e-05,0.0001000345796901419,-5.0350264220423591e-21,4.2302498257543327e-05,4.2603581028318163e-05,-0.00011626601516895984,4.1683863249197292e-10
58,1,lumen,0.0085361842105263139,0.0015,0.0085320723684210505,0.0085402960526315772,0.001,0.002,1000148.193103034,1.4198135360405799,13.845197484017321,2887.5540063805038,0.16897130252193729,1173,1173,4.0565702345433577e-05,0.23395711553173931,0.59999999999999998,2,500000,0.00035,0.0001,0.065610733077156577,0.15878506005808621,8.9336719792406633e-18,0.17077504736280966,0.06281801998653791,0.49411412841476049,2.1692964781604814e-05,0.056622424516884644,0.078486630275464292,3.8655057444221162e-18,0.05372569829081577,0.43141264497448634,0.37974508396033602,7.5179820128949016e-06,0.27134222750919834,0.0014981216913379366,9.7015965507248057e-10,0.0019389652881359584,2.0259234287378981e-05,0.39432733434649431,7.1239269635263675e-05,8.8224200483018589e-07,2.9121483309465868e-10,3.10176380408885e-12,2.7464543473758663e-10,6.6661998214262302e-11,6.3312806674372987e-08,0.33080090550026225,nan,nan,nan,nan,nan,nan,nan,nan,nan,nan,nan,nan,nan,nan,0,0,0,0,0,0,0,3.7357264059081572e-10,-1.3037548261341389e-12,-1.0268872421599304e-11,-1.2920869551164195e-09,-3.3920349168381492e-15,1.4462271965935691e-09,1.074816578464428e-12,-1.1355087876918635e-13,-2.1994720493666124e-17,-2.6036139245165653e-18,6.43987894971235e-18,-8.7521298739593597e-18,2.8483612964908181e-14,-5.1712642518109977e-10,nan,nan,nan,nan,nan,nan,nan,nan,nan,nan,nan,nan,nan,nan,-1.7949333308217574e-07,1.5512895873426302e-07,2.6691073956550661e-22,2.2928504561579331e-08,5.6125188216404887e-07,-2.0113992926784618e-07,0,0.015826134703126892,0.038016238819320189,2.1269072195122318e-18,0.040978809159999005,0.014992457804933022,0.118742854612396,5.2079661245079761e-06,-0.00020399007123684271,0.00026520645368951438,-1.7359919445995384e-20,0.00013188388434511299,9.3326081795371414e-05,-0.00028494974727262171,5.7652435629702629e-10
58,2,lumen,0.0085361842105263139,0.0025000000000000001,0.0085320723684210505,0.0085402960526315772,0.002,0.0030000000000000001,1000147.4422314417,1.3321971407754982,12.99082300662516,3090.3034570214036,0.16840730317847757,1173,1173,4.0497299152157685e-05,0.23387051541466047,0.59999999999999998,2,500000,0.00035,0.0001,0.074036389625748933,0.16327162726519115,9.8860782843735635e-18,0.17826871495875593,0.066456031610256094,0.53176468832693558,2.310734997737564e-05,0.059950983835794024,0.075724127518949413,4.0136350153740068e-18,0.052622357327994494,0.42823340494619228,0.38346161239125237,7.5139798174776177e-06,0.27241091356995695,0.0015356819633461141,1.0350559525512017e-09,0.0019729348361264263,2.0035977670524518e-05,0.39065246787388636,7.2755773128390562e-05,8.4315292324300077e-07,2.8207130005478731e-10,3.2153567752140147e-12,2.9140438037181838e-10,7.0744734219238637e-11,6.2384511687006505e-08,0.3333343027859586,nan,nan,nan,nan,nan,nan,nan,nan,nan,nan,nan,nan,nan,nan,0,0,0,0,0,0,0,-7.7905951294380178e-11,-1.2669430945122371e-12,8.1793778294321595e-12,1.9141649658651706e-10,-6.4184768611141862e-16,-1.5847152344712623e-10,1.0085009278393085e-12,-1.2433391989585818e-13,-6.1845454741245773e-17,-3.5547302263042403e-18,1.2007053195064663e-17,-1.6023529407329559e-17,4.3651641203994277e-14,3.7121194831413504e-11,nan,nan,nan,nan,nan,nan,nan,nan,nan,nan,nan,nan,nan,nan,-1.9418370183089256e-07,1.66826743253079e-07,-1.1667456022758555e-23,2.7507332083546747e-08,6.100722352853083e-07,-2.2187417991759162e-07,0,0.016695552564036757,0.036546126792719819,2.2294512813480161e-18,0.039994939286265428,0.014826999886187131,0.11947800688330325,5.1869259072059496e-06,-0.00039028772747144887,0.00052707436834675543,-3.1013306869243014e-20,0.00026380986214773942,0.00017505811343722927,-0.00053575235667107984,-2.3723605304552157e-10
58,3,support,0.0085361842105263139,0.0035000000000000001,0.0085320723684210505,0.0085402960526315772,0.0030000000000000001,0.0040000000000000001,1001208.4417532838,1.3043186373141311,12.705489287872394,3184.9233678197825,0.16860689759878236,1173,1173,4.0361879784550857e-05,0.23377366764026536,0.40000000000000002,2,300000,0.00033700000000000001,0.0001,0.083780247004882985,0.15473625642098629,1.0776132325746483e-17,0.17455887093490335,0.066993110046366711,0.55417471538326957,2.3631473475611929e-05,0.066350996126400552,0.07018921272410987,4.2788934880138561e-18,0.050395506936456502,0.42221242165444878,0.39084434692821896,7.5156303654825526e-06,nan,nan,nan,nan,nan,nan,nan,nan,nan,nan,nan,nan,nan,nan,0.27481879302312834,0.001612119894691285,1.1645046546975702e-09,0.002044190500225313,1.9516509319189702e-05,0.38293835930404929,7.5878585561747468e-05,7.6852277075968865e-07,2.6404469826572e-10,3.4489956705923551e-12,3.2509778299146873e-10,7.8977576993372136e-11,6.0370522560602699e-08,0.33849031145368874,0,0,0,0,0,0,0,nan,nan,nan,nan,nan,nan,nan,nan,nan,nan,nan,nan,nan,nan,-3.3660650175198214e-11,-1.0746360767368734e-12,-2.1100618742787347e-14,-8.2533528908271654e-12,3.5620378174838763e-15,-1.7858761344746732e-14,8.0384237748833911e-13,-1.6054171880774959e-13,-1.3543000770278095e-16,-4.0519745002315467e-18,1.4801104643628104e-17,-2.0091854786729441e-17,3.25898630701317e-14,4.234840236948396e-11,-2.2427465694047771e-07,1.9619000113380025e-07,1.2177112598895264e-22,2.8084819348704282e-08,7.009251915546244e-07,-2.5235116996036311e-07,0,0.018469643095818444,0.033984821973564651,2.3832453639992478e-18,0.038383086796467715,0.014690289175817228,0.12195889231446122,5.1981849311421958e-06,-1.5655670664651532e-05,-4.173193479464495e-06,-1.6602041852454612e-20,-7.3491523215992618e-05,6.8800808986615482e-05,-0.00010362065443539649,-5.1741184118055285e-09
58,4,support,0.0085361842105263139,0.0045000000000000005,0.0085320723684210505,0.0085402960526315772,0.0040000000000000001,0.0050000000000000001,1000890.8346959299,1.5712257070103057,15.310312699032764,2777.8607861901146,0.13765136605251785,1173,1173,4.1327309767941562e-05,0.20492695877830142,0.40000000000000002,2,300000,0.00033700000000000001,0.0001,0.081609839211015056,0.13201085926130313,2.2267744937171397e-17,0.22496649619043743,0.041555824836495989,0.53666836572005572,2.3828396737171723e-05,0.077882700095893903,0.072157355764318323,1.0654607728307948e-17,0.078263705230324707,0.31559160352826671,0.45609550346116728,9.1319200291041566e-06,nan,nan,nan,nan,nan,nan,nan,nan,nan,nan,nan,nan,nan,nan,0.24844283791153482,0.0026320347109616707,1.4290363147379422e-09,0.0024939347089248279,3.2740050443285638e-05,0.39229669462025535,0.00010708877634086944,5.2915792100290382e-07,2.4531825032263052e-10,4.2093884307791289e-12,3.9025194754000407e-10,1.0369463237370148e-10,8.7559369934069935e-08,0.35399405033173792,0,0,0,0,0,0,0,nan,nan,nan,nan,nan,nan,nan,nan,nan,nan,nan,nan,nan,nan,6.1333718530041674e-10,-4.1472933524056445e-13,-4.245084302214483e-10,-2.3545110017995181e-09,1.2427136143050577e-13,1.0620519654371864e-08,3.2483220989847901e-13,-2.3305988215704954e-13,-3.3299246919742816e-16,-2.1329310792178873e-18,6.598466482040111e-18,-1.5469473790551916e-17,-1.7985037687863188e-13,-8.4544585781922713e-09,-3.3108339639233847e-07,1.4955232707780652e-07,-5.169043836347512e-21,1.7133534708583785e-07,1.1655524082138102e-06,-5.0048882849207388e-07,0,0.017754099210909466,0.028597639311409261,5.0045535534684297e-18,0.048760571797252267,0.0090206367766247856,0.11650312094183193,5.1689407274319874e-06,0,0,0,0,0,0,0
59,0,lumen,0.0085444078947368406,0.00050000000000000001,0.0085402960526315772,0.0085485197368421039,0,0.001,1000148.3491632462,1.3282445257302233,12.952267624938779,3081.0499130332519,0.16920468991366133,1173,1173,4.059009196354083e-05,0.23406829609997715,0.59999999999999998,2,500000,0.00035,0.0001,0.068429185435499806,0.17204168281917587,9.4371426590369721e-18,0.18375118346277694,0.067385781349636326,0.52599599138942499,2.3195837328337804e-05,0.055246096310986495,0.07955479894747583,3.8200011667783371e-18,0.054079722434254622,0.43293585027584225,0.37817601166365949,7.5203677812559741e-06,0.27100045310380133,0.0014821973314417284,9.4372144764733639e-10,0.0019251263532650061,2.0316760478902781e-05,0.39569779344606648,7.0606341456953879e-05,8.9840287185207002e-07,2.9480638231571424e-10,3.0559209348714489e-12,2.6784923254805237e-10,6.5001736357140815e-11,6.3604369674364507e-08,0.32980254308257806,nan,nan,nan,nan,nan,nan,nan,nan,nan,nan,nan,nan,nan,nan,0,0,0,0,0,0,0,1.651832824864733e-09,-8.2389852128066407e-13,-8.0779603247360622e-11,-3.4991634958922885e-09,-3.4568051546224332e-14,1.7305828541036572e-09,7.6692615951292484e-13,-1.5767335354022194e-14,6.0431926996388167e-18,-1.3698320162411977e-18,5.2680837787302498e-18,-6.7762930980425132e-18,1.4013358204972692e-14,1.976208639540825e-10,nan,nan,nan,nan,nan,nan,nan,nan,nan,nan,nan,nan,nan,nan,-1.7350829163535753e-07,1.5057163671450269e-07,-2.3001371851782175e-23,2.1286887980713895e-08,5.4122773301967797e-07,-1.9137673396008026e-07,0,0.015463160623702179,0.038584499936613205,2.1307378597695742e-18,0.041301495163896793,0.015066936010683386,0.11839840207962808,5.2163865433407628e-06,-8.1999602612322888e-05,0.00010012762248129153,-5.8399979175483465e-21,4.23679244610019e-05,4.2584273358673321e-05,-0.00011635508612619401,4.2042216257702907e-10
59,1,lumen,0.0085444078947368406,0.0015,0.0085402960526315772,0.0085485197368421039,0.001,0.002,1000148.0949160475,1.4396398411956493,14.038533482065812,2847.6023765561013,0.16904268780653595,1173,1173,4.05659272260163e-05,0.2339707575901189,0.59999999999999998,2,500000,0.00035,0.0001,0.064661810986895121,0.15665107393099525,8.8203697410973351e-18,0.16842324480634219,0.061964101343545727,0.48722615284163878,2.1392706443683043e-05,0.056582746278784408,0.078513079128234339,3.8697748588847771e-18,0.053725723405939736,0.43149063065351484,0.37968030308106915,7.5174524576132521e-06,0.27134182355628739,0.0014974579046047414,9.6939067459027915e-10,0.00193845630545478,2.025708181256751e-05,0.39435931071625013,7.1214137567284088e-05,8.8276812674195908e-07,2.9131250911465392e-10,3.1004391019267552e-12,2.744504990892659e-10,6.6612681475521183e-11,6.3311794526259888e-08,0.33077053261331785,nan,nan,nan,nan,nan,nan,nan,nan,nan,nan,nan,nan,nan,nan,0,0,0,0,0,0,0,-2.2687715354196437e-09,-1.1112830101339971e-12,1.7917735075284083e-10,3.8190454863989361e-09,4.0663436159937838e-14,-2.1110202106343345e-09,9.2167253938867457e-13,-8.6713405553218159e-14,-1.9147269573478709e-17,-2.2951062715768756e-18,5.9062533628209692e-18,-8.0074202283030287e-18,2.7290040711475817e-14,3.8177727629268814e-10,nan,nan,nan,nan,nan,nan,nan,nan,nan,nan,nan,nan,nan,nan,-1.7950231318789728e-07,1.5854357121591889e-07,1.1645013997764653e-22,2.2890603656141928e-08,5.6199388755173718e-07,-2.0603275008301836e-07,0,0.015816102428478879,0.038031887680187386,2.1411531150775671e-18,0.04098174458552719,0.014996303142256352,0.1187304181974916,5.2079629485675796e-06,-0.00020402621207799053,0.00026551080069345815,-1.6521611598093834e-20,0.00013201744939467407,9.3298117424261111e-05,-0.00028682922129783352,5.735772542850901e-10
59,2,lumen,0.0085444078947368406,0.0025000000000000001,0.0085402960526315772,0.0085485197368421039,0.002,0.0030000000000000001,1000147.3445521828,1.3326099627460768,12.994849879025464,3089.1401917392072,0.16842674321086204,1173,1173,4.0497532939712654e-05,0.23388464410491716,0.59999999999999998,2,500000,0.00035,0.0001,0.073962875526724814,0.16327934553063247,9.8758928941666477e-18,0.17821544211034934,0.066447969776941299,0.53150639781676612,2.3098625037959674e-05,0.059910020824710801,0.075751181132313328,4.0107427208272359e-18,0.052622938861327073,0.42831418254830028,0.38339416316239044,7.513470958202374e-06,0.27241035544945374,0.0015349744942746593,1.0342490263796493e-09,0.0019723976582165237,2.0033902317642993e-05,0.39068639809514599,7.2729110077913813e-05,8.4368010888241067e-07,2.8217146859926585e-10,3.213915108575199e-12,2.9119891243374558e-10,7.0692344358562801e-11,6.2383924371610401e-08,0.33330220354495477,nan,nan,nan,nan,nan,nan,nan,nan,nan,nan,nan,nan,nan,nan,0,0,0,0,0,0,0,-1.1477802607407876e-10,-1.2736902015149297e-12,1.1601764209525264e-11,2.6578110025641133e-10,-2.6443690986921453e-16,-2.3606931318607971e-10,1.017637274884848e-12,-1.2410125010964279e-13,-6.174378116416957e-17,-3.5595695139998368e-18,1.2039590292760648e-17,-1.6070321812584856e-17,4.3161206266316299e-14,7.3801631297559263e-11,nan,nan,nan,nan,nan,nan,nan,nan,nan,nan,nan,nan,nan,nan,-1.9399351089497557e-07,1.6675670716503888e-07,-1.235815347293516e-23,2.7461352542168998e-08,6.0946384956850341e-07,-2.2170895375150934e-07,0,0.016685265795112741,0.036561850331158038,2.2280208204277774e-18,0.039998175933050835,0.014830936542633934,0.11946500088451986,5.1869321226345807e-06,-0.00039000221669605864,0.00052676206597985662,-3.0508469618013685e-20,0.0002634576135419245,0.000174962897751224,-0.00053537177686273222,-2.4210975846762793e-10
59,3,support,0.0085444078947368406,0.0035000000000000001,0.0085402960526315772,0.0085485197368421039,0.0030000000000000001,0.0040000000000000001,1001207.6434230588,1.3036353939982164,12.698843876751669,3186.3626551662428,0.1686164533021686,1173,1173,4.0362233935024371e-05,0.23378766010586902,0.40000000000000002,2,300000,0.00033700000000000001,0.0001,0.083766040854085483,0.15488452182737564,1.0763561465787632e-17,0.17466291123132335,0.067041621843556359,0.55436120756022933,2.3642345506542584e-05,0.066305047371416417,0.070219720157485871,4.2716665607805952e-18,0.050399169278681884,0.42229716718033067,0.39077138085677932,7.5151553058274246e-06,nan,nan,nan,nan,nan,nan,nan,nan,nan,nan,nan,nan,nan,nan,0.27481588093581788,0.00161131741277767,1.1635686806580303e-09,0.002043581335592755,1.9515260094307564e-05,0.38298012893297179,7.5848394903573149e-05,7.690688232943366e-07,2.6415645390039389e-10,3.4472121411816398e-12,3.2485682086063423e-10,7.8915656530446819e-11,6.0372685223831874e-08,0.33845289645129384,0,0,0,0,0,0,0,nan,nan,nan,nan,nan,nan,nan,nan,nan,nan,nan,nan,nan,nan,2.113960419321292e-10,-1.0838787012219276e-12,-1.9809214564766177e-11,-4.9162409485364254e-10,2.3310346708438345e-15,2.7467564897923347e-10,8.1188237273731219e-13,-1.6052849154124527e-13,-1.3460161268569112e-16,-4.1471542248230683e-18,1.4822255858686238e-17,-2.0074463146329452e-17,3.2905086921291135e-14,2.5758978091118056e-11,-2.2402227512971495e-07,1.957428579779652e-07,2.0994665971209667e-22,2.8024676090389987e-08,7.0004473255724786e-07,-2.5157506011730391e-07,0,0.018458170894436268,0.034002122735609666,2.285425814953778e-18,0.038388679116996123,0.014694359537304672,0.12194488636352778,5.1982318343008633e-06,-1.5652461123315129e-05,-4.1874938939346728e-06,-1.6355717896397021e-20,-7.3564388626370616e-05,6.8857977026035239e-05,-0.0001034813124357183,-5.1798602681456866e-09
59,4,support,0.0085444078947368406,0.0045000000000000005,0.0085402960526315772,0.0085485197368421039,0.0040000000000000001,0.0050000000000000001,1000890.1650515031,1.6064610348261226,15.653662696454775,2716.8396112221967,0.13860216647618354,1173,1173,4.1328780241195351e-05,0.20491474025478967,0.40000000000000002,2,300000,0.00033700000000000001,0.0001,0.079771538991075988,0.12918295785490039,2.1570354808096666e-17,0.22014450338871852,0.040643790317520703,0.52486648406027969,2.3308839080202927e-05,0.077835614544872769,0.07219516059946246,1.0552380099031085e-17,0.078303706072065826,0.31558739302376171,0.45606899262579936,9.1331340377331616e-06,nan,nan,nan,nan,nan,nan,nan,nan,nan,nan,nan,nan,nan,nan,0.24841882278554803,0.0026316809079416962,1.4280432282467606e-09,0.0024935644747214737,3.2752785827557019e-05,0.39235317403812153,0.00010707363106521092,5.2941086338993139e-07,2.4542290278188343e-10,4.2069901202767172e-12,3.8998300491147604e-10,1.0362452355423725e-10,8.7592804171168457e-08,0.35396231220182639,0,0,0,0,0,0,0,nan,nan,nan,nan,nan,nan,nan,nan,nan,nan,nan,nan,nan,nan,-4.6427860781495669e-10,-4.3188526031455427e-13,2.6138647584450361e-10,1.4103168349003969e-09,-7.2762759359412676e-14,-7.9155740738065528e-09,3.3687157142782381e-13,-2.3785107997748023e-13,-3.3589021523209943e-16,-2.4100078269721683e-18,6.6696555067128028e-18,-1.5290813505739032e-17,-1.8004322320527773e-13,6.7087355110422565e-09,-3.3150589425195304e-07,1.6787725587441571e-07,-2.6711218400740966e-21,1.7128331695789346e-07,1.165248791401563e-06,-5.0393803158188533e-07,0,0.017740889189660092,0.028608644088202552,4.7007952063609459e-18,0.048778599129184232,0.0090192937662411671,0.11648007276618517,5.1689028533599279e-06,0,0,0,0,0,0,0
60,0,lumen,0.0085526315789473673,0.00050000000000000001,0.0085485197368421039,0.0085567434210526306,0,0.001,1000148.2507874417,1.3553673879285832,13.216755292594398,3019.1982836362286,0.16925573875792632,1173,1173,4.0590337688085952e-05,0.23408151921082576,0.59999999999999998,2,500000,0.00035,0.0001,0.067011789905969649,0.16865650010894828,9.2424744069723398e-18,0.18007568728078985,0.066049022296424773,0.51538132186854235,2.2730122306146975e-05,0.055206534245836075,0.079581995374701522,3.8175986791368189e-18,0.054080217522233021,0.43301278026138768,0.37811095273440765,7.5198614340697373e-06,0.27099949986799832,0.0014815423294937224,9.4295850489895294e-10,0.0019246173075788959,2.0314724657403591e-05,0.39573037850634579,7.0581406126179745e-05,8.9894108619517539e-07,2.9490609894081902e-10,3.0546343003840876e-12,2.6765615812818813e-10,6.4953112686652584e-11,6.3603638447325262e-08,0.32977210173952731,nan,nan,nan,nan,nan,nan,nan,nan,nan,nan,nan,nan,nan,nan,0,0,0,0,0,0,0,8.9909227895807427e-10,-9.5578625407521006e-13,-4.0569612216268443e-11,-1.7083321223284034e-09,-2.6166785752068655e-14,3.7660167844476289e-10,8.3961526087576716e-13,-4.3618103920395335e-14,-5.3118994840783954e-18,-1.6908620462815981e-18,5.6284682253449161e-18,-7.1546975709040706e-18,1.3244211926846291e-14,4.733807233458709e-10,nan,nan,nan,nan,nan,nan,nan,nan,nan,nan,nan,nan,nan,nan,-1.7337097058846285e-07,1.5179102114126763e-07,-2.8709650348868359e-23,2.1243973913734313e-08,5.4102853649928839e-07,-1.9294709652228903e-07,0,0.015453074690359342,0.038600362750619968,2.1346856931152724e-18,0.041304640966296303,0.015070720655653671,0.1183860388964847,5.2163795022359115e-06,-8.1978621842037925e-05,0.00010013631440711974,-6.2739538926545886e-21,4.2395650830768405e-05,4.2546673395489139e-05,-0.00011601028727832134,4.2324728259499648e-10
60,1,lumen,0.0085526315789473673,0.0015,0.0085485197368421039,0.0085567434210526306,0.001,0.002,1000147.996721232,1.4003117620732628,13.655030185139404,2927.3876196469673,0.1689963588462346,1173,1173,4.0566152662069968e-05,0.2339843984372153,0.59999999999999998,2,500000,0.00035,0.0001,0.066431235623916798,0.16110505909649575,9.0711215414603911e-18,0.17315361080622804,0.063715892240237076,0.50082427799183482,2.1991985122930221e-05,0.056543073470092374,0.078539608887587181,3.8710681436874151e-18,0.053725778414072681,0.43156866657417003,0.37961535572740229,7.5169266754630512e-06,0.2713413799501046,0.0014967934069742145,9.6862182523005307e-10,0.0019379462580156874,2.0254934220203458e-05,0.39439138287683601,7.1188968457398515e-05,8.8329564545702918e-07,2.9141043760814204e-10,3.0991164126055053e-12,2.7425561880575812e-10,6.6563385228149153e-11,6.3310798568102561e-08,0.33074010539500698,nan,nan,nan,nan,nan,nan,nan,nan,nan,nan,nan,nan,nan,nan,0,0,0,0,0,0,0,-2.3805075175753505e-10,-9.0065515525751792e-13,1.2672256843077037e-11,6.1871039447049029e-10,-2.3670301829703533e-15,-4.8313353925161229e-10,7.7332482333734449e-13,-4.8955414375106976e-14,-1.2202015529540349e-17,-1.805901714989793e-18,6.4182220171072163e-18,-8.2792315707928004e-18,2.0220683557825708e-14,8.9959900473371023e-11,nan,nan,nan,nan,nan,nan,nan,nan,nan,nan,nan,nan,nan,nan,-1.7915537469347098e-07,1.5677352066534311e-07,2.999932590795987e-23,2.2852346474333748e-08,5.6039902188165236e-07,-2.0261369876317659e-07,0,0.015806058133870787,0.038047554424234263,2.1537429327671744e-18,0.040984664033667711,0.015000171989142417,0.11871770162929543,5.2079585294433741e-06,-0.00020378736137879885,0.00026490208125886164,-1.6031737431233948e-20,0.00013164999607655488,9.3162907482912411e-05,-0.00028329002277765623,5.7143604774934953e-10
60,2,lumen,0.0085526315789473673,0.0025000000000000001,0.0085485197368421039,0.0085567434210526306,0.002,0.0030000000000000001,1000147.2468657886,1.3378426974225575,13.045877787800659,3076.8527034605995,0.16842996756306883,1173,1173,4.0497766222616322e-05,0.23389875229058754,0.59999999999999998,2,500000,0.00035,0.0001,0.073623250883855934,0.16269862297455293,9.8301596003000318e-18,0.17752023395980798,0.066200524463733146,0.52933459236742963,2.300671293050095e-05,0.059869097635814467,0.075778163212048347,4.0078461397615346e-18,0.052623492401586841,0.42839481728282264,0.38332691650739753,7.5129603301709276e-06,0.27240981431302203,0.0015342690711410726,1.0334431999753069e-09,0.00197186210321857,2.0031828051369746e-05,0.3907202216759626,7.2702524768805243e-05,8.4420618971219293e-07,2.8227138667586608e-10,3.2124756050052517e-12,2.9099373098101104e-10,7.0640036231712259e-11,6.2383328253909199e-08,0.33327019021373622,nan,nan,nan,nan,nan,nan,nan,nan,nan,nan,nan,nan,nan,nan,0,0,0,0,0,0,0,3.519488704312643e-10,-1.2762999163031524e-12,-3.2486509435359196e-11,-7.5809382980367418e-10,-2.8321529149666347e-15,9.5110655093898211e-10,1.0200474559546665e-12,-1.2292770967814448e-13,-6.2044212490564582e-17,-3.5534135227901178e-18,1.2264894956273275e-17,-1.6334079543685052e-17,4.3660597961213634e-14,-5.121366110723572e-10,nan,nan,nan,nan,nan,nan,nan,nan,nan,nan,nan,nan,nan,nan,-1.9375617723443872e-07,1.6542148328912987e-07,-1.2755769742466035e-23,2.741615609949725e-08,6.0860554859654137e-07,-2.2044663350317961e-07,0,0.016674987566222564,0.036577558445218449,2.2266126139312534e-18,0.040001404841863146,0.014834871748010982,0.11945202740498548,5.1869382488684469e-06,-0.00038973278245537328,0.00052649168354471673,-3.5966209087378988e-20,0.00026312874894056804,0.00017486917229150227,-0.00053527757057510335,-2.4760564351982753e-10
60,3,support,0.0085526315789473673,0.0035000000000000001,0.0085485197368421039,0.0085567434210526306,0.0030000000000000001,0.0040000000000000001,1001206.845026607,1.2996363118612513,12.659898509675699,3195.9368845282966,0.16863191205684111,1173,1173,4.0362587941710858e-05,0.23380163865528089,0.40000000000000002,2,300000,0.00033700000000000001,0.0001,0.083965565955806579,0.15542850701385866,1.0907282416856027e-17,0.1752129917356155,0.067261346354368284,0.55596272801348012,2.3713584900508535e-05,0.066259149991148306,0.070250236497888904,4.3154287272256877e-18,0.050402842440172221,0.42238185440002385,0.39069840198795969,7.5146828070341966e-06,nan,nan,nan,nan,nan,nan,nan,nan,nan,nan,nan,nan,nan,nan,0.27481295407922846,0.001610515542539354,1.1626338158524372e-09,0.0020429722696732188,1.9514012523053534e-05,0.38302189754376637,7.5818219717473163e-05,7.6961517242318411e-07,2.642682288469785e-10,3.4454321116594825e-12,3.2461616266469913e-10,7.8853822116383563e-11,6.0374847588948993e-08,0.33841549650871455,0,0,0,0,0,0,0,nan,nan,nan,nan,nan,nan,nan,nan,nan,nan,nan,nan,nan,nan,-4.9876587348062188e-10,-1.1462072154900025e-12,7.6843959802388388e-11,1.0692766956579321e-09,-2.3658375605806192e-15,-2.3148723788529724e-09,8.5812391987025178e-13,-1.6618260587075717e-13,-1.3536476098853247e-16,-4.1233437694984183e-18,1.5085979856327079e-17,-2.0549432347858326e-17,3.6171326501035336e-14,1.6679383428028576e-09,-2.2388665700014132e-07,1.9816064733557681e-07,-8.5108125213941557e-22,2.7964170646673054e-08,6.9964245752451859e-07,-2.528431722881308e-07,0,0.018446713336386231,0.034019406608821905,2.4155316304653425e-18,0.038394262787999803,0.014698421876843348,0.12193090372225628,5.198278911424096e-06,-1.5650368898529993e-05,-4.2022936729102719e-06,-1.637451207377455e-20,-7.3649920617632406e-05,6.8919266493339503e-05,-0.00010344921100121535,-5.185591902540236e-09
60,4,support,0.0085526315789473673,0.0045000000000000005,0.0085485197368421039,0.0085567434210526306,0.0040000000000000001,0.0050000000000000001,1000889.4954772181,1.609931620537022,15.687491240106628,2710.8901563233858,0.13761255498512978,1173,1173,4.1330250059539595e-05,0.20490250871920099,0.40000000000000002,2,300000,0.00033700000000000001,0.0001,0.079551365983757005,0.12897179439059347,2.1627000049135287e-17,0.21978182050431166,0.040555590219309094,0.52370448190871033,2.326166594150313e-05,0.077788528143657942,0.072232913056882134,1.0602955616619644e-17,0.078343642979755879,0.31558306860256224,0.45604271286969045,9.1343474515048073e-06,nan,nan,nan,nan,nan,nan,nan,nan,nan,nan,nan,nan,nan,nan,0.24839482276623856,0.0026313301088028125,1.4270508198656686e-09,0.0024931961691049467,3.2765527391641313e-05,0.3924095463491058,0.00010705858828020576,5.2966301155045342e-07,2.4552734724705386e-10,4.2045937048524916e-12,3.8971426780740268e-10,1.035544796357129e-10,8.7626238527623066e-08,0.35393066103177451,0,0,0,0,0,0,0,nan,nan,nan,nan,nan,nan,nan,nan,nan,nan,nan,nan,nan,nan,-8.8746579574279394e-11,-4.2691222259741101e-13,2.7039119328572276e-11,9.42609940344077e-11,-6.9018141896082241e-15,-1.4088183186234185e-09,3.3595547828854167e-13,-2.3038992588708673e-13,-3.271190692254899e-16,-2.4105454038974483e-18,6.9726630354268229e-18,-1.5411953847953481e-17,-1.7630248518851788e-13,1.3767699197689412e-09,-3.3100851464656911e-07,1.6115620443679646e-07,-3.9395033055894172e-21,1.7123450328222763e-07,1.1642231797365232e-06,-5.0231019604884963e-07,0,0.017727670808557635,0.02861965760105489,5.0671854464278347e-18,0.048796662497307089,0.0090179491107537837,0.11645698084021933,5.168864927111927e-06,0,0,0,0,0,0,0
61,0,lumen,0.0085608552631578939,0.00050000000000000001,0.0085567434210526306,0.0085649671052631573,0,0.001,1000148.1524047938,1.3460339253729925,13.125742079689413,3039.9370155921579,0.16922617195093312,1173,1173,4.0590583372990922e-05,0.23409471778569046,0.59999999999999998,2,500000,0.00035,0.0001,0.06742810116146801,0.16988383630749496,9.2975112447268188e-18,0.18132585293467537,0.066518794514124055,0.51886601316715908,2.2886180662675654e-05,0.055166980288514328,0.079609118846139054,3.813886323560732e-18,0.054080673907615326,0.43308955369258501,0.37804615391334223,7.5193518039413256e-06,0.27099856044146642,0.0014808895385643175,9.4219606627297581e-10,0.0019241101391652845,2.0312694260640288e-05,0.39576286131936816,7.0556557320373045e-05,8.9947796839656615e-07,2.9500555859702627e-10,3.0533481700312463e-12,2.6746320752349135e-10,6.490453042785874e-11,6.3602911315698019e-08,0.32974174465634515,nan,nan,nan,nan,nan,nan,nan,nan,nan,nan,nan,nan,nan,nan,0,0,0,0,0,0,0,1.1404683586283571e-11,-9.8523912856689514e-13,-4.454297697071733e-13,-2.1390860389329275e-11,-6.5463042972502272e-15,8.7454921776641825e-12,8.5871548439918869e-13,-4.9116743658372819e-14,-6.4074491270020554e-18,-1.7480243689744236e-18,5.5149822506275143e-18,-7.0752381230484351e-18,1.463235770662412e-14,1.8538224878939275e-12,nan,nan,nan,nan,nan,nan,nan,nan,nan,nan,nan,nan,nan,nan,-1.732338044133433e-07,1.5202272735104216e-07,-6.2052212422094099e-24,2.1202817995291089e-08,5.4089935916379339e-07,-1.9441560761279675e-07,0,0.015442996591616836,0.038616224571390578,2.128041669958495e-18,0.041307782654964841,0.015074502330344379,0.1183735544484068,5.2163726847162504e-06,-8.1948729389974033e-05,0.00010007552748248653,-6.5124332573995605e-21,4.2385545033707872e-05,4.2495174563973017e-05,-0.00011530825353504021,4.241440416028546e-10
61,1,lumen,0.0085608552631578939,0.0015,0.0085567434210526306,0.0085649671052631573,0.001,0.002,1000147.8985182015,1.3942908626337056,13.596319192061779,2939.8378296073247,0.16906910117288615,1173,1173,4.0566377810594805e-05,0.23399804369801663,0.59999999999999998,2,500000,0.00035,0.0001,0.066671403582759206,0.16185563701102951,9.1063303522757533e-18,0.17390175733287649,0.064002611926675251,0.50290033376222465,2.208543471398747e-05,0.056503502093995232,0.078566258616081588,3.8693847783580702e-18,0.053725915170948199,0.43164679607179413,0.37955001163617036,7.516411010433423e-06,0.2713408850664708,0.0014961268608578405,9.6785453426619708e-10,0.0019374336912034837,2.0252783983089482e-05,0.39442360326488352,7.1163703792605638e-05,8.8382560772697835e-07,2.9150875689288888e-10,3.0977998233857775e-12,2.7406118113924966e-10,6.6514199959819527e-11,6.3309799496639625e-08,0.33070958589036498,nan,nan,nan,nan,nan,nan,nan,nan,nan,nan,nan,nan,nan,nan,0,0,0,0,0,0,0,-1.9493637372540699e-10,-8.852277214601615e-13,1.4496222381044373e-11,2.7625001824265669e-10,1.4913200882538113e-15,-2.9640113930959333e-11,7.6201081018537534e-13,-4.7135689448807305e-14,-1.1442888099957825e-17,-1.8566366504526255e-18,6.378194333675469e-18,-8.2095160520590982e-18,1.9380939475803692e-14,-6.60201617262712e-11,nan,nan,nan,nan,nan,nan,nan,nan,nan,nan,nan,nan,nan,nan,-1.7897701853897274e-07,1.5618139159734312e-07,7.4110380405153584e-24,2.2810797189686791e-08,5.5979538643446958e-07,-2.0204951428626217e-07,0,0.015796035996998858,0.038063188138272405,2.1543790040330003e-18,0.0409875835418438,0.015004024228287437,0.11870519121469722,5.2079546791971329e-06,-0.0002036436173294246,0.00026464035337037795,-1.5889299422804158e-20,0.00013147587599411992,9.3071953876781751e-05,-0.00028174435165818516,5.706912799003956e-10
61,2,lumen,0.0085608552631578939,0.0025000000000000001,0.0085567434210526306,0.0085649671052631573,0.002,0.0030000000000000001,1000147.149172019,1.3308036803745,12.977238581957501,3092.9213254003448,0.1684502314244774,1173,1173,4.04979993967716e-05,0.2339128443812476,0.59999999999999998,2,500000,0.00035,0.0001,0.073962108426626191,0.16361736312127356,9.8749851979387965e-18,0.1784610321523879,0.06656318545956097,0.53204110614239042,2.3126829255474145e-05,0.059828207135631577,0.075805125218691247,4.004939024531238e-18,0.052624040351380991,0.42847536631141231,0.38325974853279904,7.5124500849182119e-06,0.27240926978606061,0.0015335647439704472,1.0326381745851227e-09,0.0019713272315199739,2.0029756353281646e-05,0.39075400950416,7.2675977378087905e-05,8.4473202217601508e-07,2.8237122788850126e-10,3.2110382932975884e-12,2.907887651162038e-10,7.0587791079957019e-11,6.2382732317764322e-08,0.33323821420620614,nan,nan,nan,nan,nan,nan,nan,nan,nan,nan,nan,nan,nan,nan,0,0,0,0,0,0,0,5.025111689595443e-11,-1.255123276361149e-12,-4.1864693475182316e-12,-7.7875065067369293e-11,-1.5247135151663649e-15,1.4821720153296303e-10,1.0039639466615172e-12,-1.1996068201292065e-13,-6.1396581356133539e-17,-3.5407138802379023e-18,1.2262840549824423e-17,-1.6316099028237108e-17,4.350473961836257e-14,-1.1607723133522832e-10,nan,nan,nan,nan,nan,nan,nan,nan,nan,nan,nan,nan,nan,nan,-1.9359149208003634e-07,1.6607628194886814e-07,-1.2806982038896643e-23,2.7371257452715572e-08,6.0813255463310067e-07,-2.2088897172478639e-07,0,0.016664722404766626,0.036593249884536709,2.2252254828674474e-18,0.040004629563278778,0.01483879913912294,0.11943907902536817,5.1869445315003798e-06,-0.00038938699570837895,0.00052597860550913228,-3.4721664327627236e-20,0.00026266203688039147,0.00017474967680080662,-0.00053366966294814925,-2.5336205853085637e-10
61,3,support,0.0085608552631578939,0.0035000000000000001,0.0085567434210526306,0.0085649671052631573,0.0030000000000000001,0.0040000000000000001,1001206.0465644007,1.3011116729119765,12.674280269693154,3192.0830055365159,0.16864127538875348,1173,1173,4.0362941497018522e-05,0.23381560270694574,0.40000000000000002,2,300000,0.00033700000000000001,0.0001,0.083812273594855588,0.15531955632463598,1.086064455530085e-17,0.17502694489315385,0.067198481812983157,0.55522816164866973,2.3685194143939228e-05,0.066213317059240953,0.070280742171468361,4.3018580224826528e-18,0.050406520355472086,0.42246646438275137,0.39062544181858094,7.5142124861672286e-06,nan,nan,nan,nan,nan,nan,nan,nan,nan,nan,nan,nan,nan,nan,0.27481002167877366,0.0016097146245701334,1.1617004163524421e-09,0.0020423636172619605,1.9512764840741832e-05,0.38306363411273042,7.5788073865028433e-05,7.7016151836649592e-07,2.6437995199160814e-10,3.4436561605402961e-12,3.2437590018692876e-10,7.8792096666269777e-11,6.0377002444532796e-08,0.33837813275674483,0,0,0,0,0,0,0,nan,nan,nan,nan,nan,nan,nan,nan,nan,nan,nan,nan,nan,nan,-1.170614500670813e-10,-1.2018128267986931e-12,2.1105174435663322e-11,2.667007744832472e-10,-1.9949319973733282e-17,-8.8089623529602479e-10,9.0008813186413514e-13,-1.7367075659524556e-13,-1.3808659476163272e-16,-4.2325275358446663e-18,1.5287509642974918e-17,-2.0858644170606194e-17,3.8138855963426774e-14,7.1058939268883423e-10,-2.2359906134798713e-07,1.9655576249943962e-07,-6.1959608779241006e-22,2.7903225689401734e-08,6.9869506595654496e-07,-2.5174779266778913e-07,0,0.01843526435049023,0.03403667832922385,2.4354323840769767e-18,0.038399838171015881,0.014702481252033987,0.12191693222976738,5.1983258791948508e-06,-1.5650951896518505e-05,-4.2184076735434245e-06,-1.6008764144201509e-20,-7.3764441734194762e-05,6.8989858108699115e-05,-0.00010365882402245268,-5.1913156672674802e-09
61,4,support,0.0085608552631578939,0.0045000000000000005,0.0085567434210526306,0.0085649671052631573,0.0040000000000000001,0.0050000000000000001,1000888.8259726411,1.62026316769592,15.788174434193024,2693.5123923125288,0.13856360580320976,1173,1173,4.1331717898735495e-05,0.20489027494672429,0.40000000000000002,2,300000,0.00033700000000000001,0.0001,0.078996275868204416,0.1282161741987653,2.117614577346888e-17,0.21849135809603287,0.040296397283966147,0.52033497219738545,2.31163922822204e-05,0.077741506143417335,0.072270593485718876,1.0448549387943808e-17,0.078383505055418204,0.31557864553015852,0.45601661422499579,9.1355602913874603e-06,nan,nan,nan,nan,nan,nan,nan,nan,nan,nan,nan,nan,nan,nan,0.24837085098604558,0.0026309818871861311,1.4260600950710879e-09,0.0024928295430183961,3.2778264126000128e-05,0.39246579142009191,0.00010704363397011132,5.29914379772692e-07,2.4563155312302173e-10,4.2022016700492887e-12,3.8944600013108243e-10,1.0348456814181534e-10,8.7659646138907876e-08,0.35389910452271284,0,0,0,0,0,0,0,nan,nan,nan,nan,nan,nan,nan,nan,nan,nan,nan,nan,nan,nan,-2.3533033921781338e-11,-4.281097845532807e-13,-3.4448554342653934e-11,-5.0981133978279198e-10,1.7422695230973062e-14,1.0571620803149356e-09,3.3649065465038101e-13,-2.2953622509647165e-13,-3.2369812514612668e-16,-2.4187617953842861e-18,6.9660257381916974e-18,-1.539603227552306e-17,-1.747547437176256e-13,-4.8889017885556039e-10,-3.3068458509671883e-07,1.5847423068260369e-07,-1.561589516707255e-22,1.7118802808294055e-07,1.1633567954250079e-06,-5.0139723095643518e-07,0,0.017714465235914616,0.028630652608038452,4.7291897055776287e-18,0.048814711479013756,0.0090166008130269804,0.11643391556704843,5.1688270561026149e-06,0,0,0,0,0,0,0
62,0,lumen,0.0085690789473684206,0.00050000000000000001,0.0085649671052631573,0.008573190789473684,0,0.001,1000148.0540147302,1.3466538695502226,13.13178870755624,3038.3413283107889,0.1692792086607362,1173,1173.0000000000002,4.0590828648921903e-05,0.23410790678018023,0.59999999999999998,2,500000,0.00035,0.0001,0.067348809187718794,0.16986348994831235,9.2871136484399342e-18,0.18124394775687533,0.066499945533872451,0.51853813080658184,2.2874101744440738e-05,0.055127490616383813,0.079636253449815828,3.8113761527087615e-18,0.054081147639497569,0.43316628661448969,0.37798130283448189,7.518845331242537e-06,0.27099760737097472,0.0014802370095538127,9.4143488016407329e-10,0.0019236028193454261,2.0310664211872237e-05,0.39579534992086624,7.0531711427585292e-05,9.0001523451690742e-07,2.9510504359335774e-10,3.0520656921812456e-12,2.672705971433884e-10,6.4856038178907311e-11,6.360218039226381e-08,0.32971139531447596,nan,nan,nan,nan,nan,nan,nan,nan,nan,nan,nan,nan,nan,nan,0,0,0,0,0,0,0,3.2363679893678893e-12,-9.9640365986781857e-13,-1.0160787381905427e-13,-4.4286303856713598e-12,-6.4113211267757819e-15,2.6082226656232166e-12,8.673968180620726e-13,-5.027900838727728e-14,-6.7526116925869443e-18,-1.7758595620423298e-18,5.5941667514023554e-18,-7.1881898812617954e-18,1.5296359459854841e-14,-1.1436964117298254e-12,nan,nan,nan,nan,nan,nan,nan,nan,nan,nan,nan,nan,nan,nan,-1.7305715643498032e-07,1.5189381152858061e-07,-9.3676310976998326e-24,2.11608797398049e-08,5.4033052450386254e-07,-1.9421363933735947e-07,0,0.015432928884784931,0.038632070853423857,2.1271478244655677e-18,0.041310913556130979,0.015078282766272415,0.11836107086729082,5.2163656892682207e-06,-8.1971260144808681e-05,0.00010019983785507043,-6.5674591335315625e-21,4.2461303864268361e-05,4.2472805958394522e-05,-0.00011570228922148289,4.2553583308904607e-10
62,1,lumen,0.0085690789473684206,0.0015,0.0085649671052631573,0.008573190789473684,0.001,0.002,1000147.8003079996,1.4032246265906965,13.683437441952217,2920.9315799672704,0.16901917786343648,1173,1173,4.056660236053476e-05,0.23401167070787893,0.59999999999999998,2,500000,0.00035,0.0001,0.066200598236443087,0.16087958877309483,9.0435716131315187e-18,0.17279497451230341,0.063606619716768842,0.49961267212489213,2.1943317201497964e-05,0.056463987071506655,0.078592852147934364,3.8673400343802746e-18,0.053726038401754911,0.43172480247443001,0.37948480400930035,7.5158950737324503e-06,0.27134040061664183,0.0014954618774959711,9.6708853662700595e-10,0.0019369222819858166,2.025063432574106e-05,0.39445574218377966,7.1138496970921049e-05,8.8435475691862666e-07,2.916068788850737e-10,3.0964859754059065e-12,2.7386708163966541e-10,6.6465106640274665e-11,6.3308791464132455e-08,0.33067913464314391,nan,nan,nan,nan,nan,nan,nan,nan,nan,nan,nan,nan,nan,nan,0,0,0,0,0,0,0,4.2735124610538652e-12,-9.1194578387648762e-13,1.5108614368599075e-13,9.9724519630981924e-12,-4.5725142422403664e-15,9.4983433011203156e-12,7.8320841685732064e-13,-5.0242796034716264e-14,-1.2099740023472149e-17,-1.9102197723284568e-18,6.4553056613413108e-18,-8.3344314010199953e-18,2.0303998546990723e-14,-2.3732210807390272e-11,nan,nan,nan,nan,nan,nan,nan,nan,nan,nan,nan,nan,nan,nan,-1.7878286389001741e-07,1.5600382208269536e-07,-7.2508624475943895e-24,2.2769426858277171e-08,5.5911496400773419e-07,-2.0156204938448496e-07,0,0.015786025117387213,0.038078803427685132,2.1555771465346914e-18,0.040990494566153494,0.015007872326281868,0.11869272188605873,5.2079507252357858e-06,-0.00020359232206929623,0.00026468109145779713,-1.578742271947503e-20,0.00013146707238408494,9.301645132088063e-05,-0.00028200261611610177,5.6939691989216144e-10
62,2,lumen,0.0085690789473684206,0.0025000000000000001,0.0085649671052631573,0.008573190789473684,0.002,0.0030000000000000001,1000147.0514706088,1.3259570517562695,12.929978286620223,3104.0202012047798,0.16845437640391539,1173,1173,4.0498232411877332e-05,0.23392692731905945,0.59999999999999998,2,500000,0.00035,0.0001,0.074181778337942011,0.16427386024664564,9.9038483159248204e-18,0.1791152665324027,0.066819035007422131,0.5338920798635961,2.3209794402189664e-05,0.059787370390354956,0.075832111604727359,4.0020171160350082e-18,0.05262461103561001,0.42855588877920875,0.38319250624672818,7.5119433706441029e-06,0.27240870607303741,0.001532860517840787,1.0318342051424359e-09,0.0019707920238387902,2.0027685868132701e-05,0.39078782066671486,7.264942555027506e-05,8.4525843259795228e-07,2.8247113898219527e-10,3.2096044215115379e-12,2.9058408961321434e-10,7.0535624993078098e-11,6.2382136309205446e-08,0.3332062342879355,nan,nan,nan,nan,nan,nan,nan,nan,nan,nan,nan,nan,nan,nan,0,0,0,0,0,0,0,3.4602395777396936e-12,-1.2671109084431411e-12,6.9836670148473639e-13,2.8258961688168906e-11,-1.4376520807157789e-15,8.5519074460860267e-12,1.0139103851049719e-12,-1.2075930533317347e-13,-6.2442530974781835e-17,-3.6062955056992339e-18,1.2511505827811312e-17,-1.6616844644490799e-17,4.4055575392471337e-14,-4.0638048656573266e-11,nan,nan,nan,nan,nan,nan,nan,nan,nan,nan,nan,nan,nan,nan,-1.9340365372405577e-07,1.6606896691140349e-07,-1.2510837627638173e-23,2.7325514704735806e-08,6.0753203189045646e-07,-2.2075663919096655e-07,0,0.016654465717827176,0.036608930117898224,2.2236917860923949e-18,0.040007849880305889,0.01484272372864579,0.1194261343769588,5.186950793573732e-06,-0.00038905932849310688,0.00052552602500739135,-3.1750730832945958e-20,0.00026223056817015,0.00017463870609356154,-0.00053242661516062937,-2.5871458571370982e-10
62,3,support,0.0085690789473684206,0.0035000000000000001,0.0085649671052631573,0.008573190789473684,0.0030000000000000001,0.0040000000000000001,1001205.2480371268,1.3019796416895113,12.682745369914873,3189.7254660032381,0.16865644297783952,1173,1173,4.0363294794092694e-05,0.23382954735561995,0.40000000000000002,2,300000,0.00033700000000000001,0.0001,0.083698419224375278,0.15528320548066771,1.0781880594141979e-17,0.17492286128613907,0.06716706262128827,0.55475406502989522,2.3667906233825431e-05,0.066167533434341425,0.070311222968064205,4.2735122877782732e-18,0.050410191303347993,0.42255096848756263,0.39055257006380006,7.5137428836703092e-06,nan,nan,nan,nan,nan,nan,nan,nan,nan,nan,nan,nan,nan,nan,0.27480708719619579,0.0016089150955747489,1.1607682265191554e-09,0.0020417558136105779,1.9511518704924292e-05,0.3831053200823229,7.5757975703195823e-05,7.7070757262743397e-07,2.6449157748008995e-10,3.4418835003459189e-12,3.2413596396270884e-10,7.8730464610363564e-11,6.0379153216079547e-08,0.33834081939959926,0,0,0,0,0,0,0,nan,nan,nan,nan,nan,nan,nan,nan,nan,nan,nan,nan,nan,nan,-2.3115892847840172e-11,-1.2499752072479673e-12,7.2889139825046791e-13,-1.9250419273621396e-11,2.968328707830814e-15,-6.9585645622385894e-11,9.3644809145455242e-13,-1.7952870093318474e-13,-1.4087807802118934e-16,-4.358870960434348e-18,1.5598687906683372e-17,-2.1307884746362219e-17,4.0180781911299985e-14,1.1167305949584393e-10,-2.2334721288923276e-07,1.9557372832323949e-07,-5.51974475245164e-23,2.7842477808654522e-08,6.9789290865762688e-07,-2.5116962049098746e-07,0,0.018423827385641255,0.034053934664890394,2.3816008773961356e-18,0.03840540498610881,0.014706534961919241,0.12190299065825433,5.1983728998171023e-06,-1.5650997130154972e-05,-4.2341978742622937e-06,-1.6096157299109358e-20,-7.3873256194136519e-05,6.9058666501761281e-05,-0.0001038220111488494,-5.1970375649770394e-09
62,4,support,0.0085690789473684206,0.0045000000000000005,0.0085649671052631573,0.008573190789473684,0.0040000000000000001,0.0050000000000000001,1000888.1565377278,1.6208489349847266,15.793892833599159,2692.4472750498794,0.13757399988400237,1173,1173,4.1333184687899555e-05,0.20487803197538534,0.40000000000000002,2,300000,0.00033700000000000001,0.0001,0.078919946615823577,0.12823649094186412,2.117823012308362e-17,0.21852319435091344,0.040281230428535014,0.52011698744410584,2.3111090645082572e-05,0.07769451968358064,0.072308225465641252,1.0453362615453597e-17,0.078423320530666196,0.31557412529454143,0.45599067225238116,9.13677318938749e-06,nan,nan,nan,nan,nan,nan,nan,nan,nan,nan,nan,nan,nan,nan,0.24834689336875571,0.0026306359372287339,1.4250704515599636e-09,0.0024924643150269397,3.2791003044109241e-05,0.39252194457504747,0.00010702875587212485,5.3016514102744185e-07,2.4573558712551777e-10,4.1998125501586409e-12,3.8917803795454049e-10,1.0341474594812803e-10,8.7693045854846873e-08,0.35386762201923927,0,0,0,0,0,0,0,nan,nan,nan,nan,nan,nan,nan,nan,nan,nan,nan,nan,nan,nan,-9.0962566746562617e-11,-4.4259307276649501e-13,2.1518095649855875e-11,-1.551775963849634e-11,-2.946644664381104e-15,-1.014281365385554e-09,3.4614416955522454e-13,-2.2973008044491205e-13,-3.2195267137984626e-16,-2.4763669892846027e-18,7.22241212681131e-18,-1.5721184980198774e-17,-1.7140949367156474e-13,1.0997442951144685e-09,-3.3047853612890032e-07,1.603281069018081e-07,-2.9642432035984605e-22,1.7114359694167713e-07,1.1625600040698902e-06,-5.0158505615627291e-07,0,0.017701272842053507,0.0286416289982242,4.751662341160446e-18,0.048832751348177918,0.0090152487348104521,0.11641086472288557,5.1687890030986637e-06,0,0,0,0,0,0,0
63,0,lumen,0.0085773026315789473,0.00050000000000000001,0.008573190789473684,0.0085814144736842089,0,0.001,1000147.9556174965,1.3469440832888324,13.134619996095426,3037.4907333962674,0.1692487957829632,1173,1173,4.0591073585927267e-05,0.23412107968453627,0.59999999999999998,2,500000,0.00035,0.0001,0.067286117844578552,0.16988468589955921,9.2787747739320152e-18,0.18120645555651874,0.066497374368513884,0.51833750445342242,2.2867632977619104e-05,0.055088050171478817,0.079663362814949706,3.8087749448388419e-18,0.054081618182058859,0.43324292810938786,0.37791652238246592,7.5183396588537441e-06,0.27099665256991462,0.0014795855300435924,9.4067477517732115e-10,0.0019230961572444237,2.0308636028806346e-05,0.39582779783943356,7.0506902043393653e-05,9.0055217515573077e-07,2.9520443243564232e-10,3.0507858723578383e-12,2.6707827378501441e-10,6.4807624486540817e-11,6.3601446978318771e-08,0.32968108664085372,nan,nan,nan,nan,nan,nan,nan,nan,nan,nan,nan,nan,nan,nan,0,0,0,0,0,0,0,1.9388785606318258e-11,-9.9494384666811043e-13,-8.1377575298508012e-13,-3.6691845274360975e-11,-6.6799864251176899e-15,1.2533452791244071e-11,8.6662505401647349e-13,-5.0334085857639543e-14,-6.8430382499706287e-18,-1.7786892241332516e-18,5.5324497719240083e-18,-7.1358972806949947e-18,1.5273046487261548e-14,5.7534253510170131e-12,nan,nan,nan,nan,nan,nan,nan,nan,nan,nan,nan,nan,nan,nan,-1.7287975323954791e-07,1.5174906187187531e-07,-1.0478898674582118e-23,2.1119013350698679e-08,5.3975050966215132e-07,-1.9396281913941493e-07,0,0.015422872766502362,0.038647900041325234,2.1263656526503136e-18,0.04131403544288529,0.01508205959764513,0.11834860758163633,5.2163586224926468e-06,-8.1978032522027979e-05,0.0001002796406424568,-6.5677865414447174e-21,4.2517628448122819e-05,4.2444731375784753e-05,-0.00011580764263086928,4.2739238124421387e-10
63,1,lumen,0.0085773026315789473,0.0015,0.008573190789473684,0.0085814144736842089,0.001,0.002,1000147.7020907926,1.4054014016353458,13.70466544286745,2916.2185071333274,0.16909134416727442,1173,1173,4.0566826489453113e-05,0.23402527561724731,0.59999999999999998,2,500000,0.00035,0.0001,0.066051837403167821,0.16068458372924893,9.0234885714137689e-18,0.17252761564774263,0.063519547975233029,0.49875337820855997,2.1907816791417954e-05,0.056424504986417358,0.078619366720306297,3.8647381710970577e-18,0.053726129930421869,0.43180265579500848,0.37941982719113243,7.5153767136424751e-06,0.27133993444869875,0.0014947990204079247,9.6632348536422886e-10,0.0019364126319036598,2.0248486990134061e-05,0.3944877699330579,7.1113372441913405e-05,8.848826105404749e-07,2.9170472719238435e-10,3.0951736768319326e-12,2.7367322379197203e-10,6.6416082995443627e-11,6.33077778948035e-08,0.33064877231489848,nan,nan,nan,nan,nan,nan,nan,nan,nan,nan,nan,nan,nan,nan,0,0,0,0,0,0,0,4.9674474233971428e-11,-9.0195780333223315e-13,-2.691346827626832e-12,-7.1697980379214921e-11,-5.5177216962132292e-15,4.6379586152514585e-11,7.7384902818254088e-13,-4.9929461606867953e-14,-1.2220553164055545e-17,-1.8965441180457398e-18,6.4240988251666759e-18,-8.2958003345043614e-18,1.995654022624661e-14,-2.1501134372536775e-11,nan,nan,nan,nan,nan,nan,nan,nan,nan,nan,nan,nan,nan,nan,-1.7860054004649462e-07,1.5582778328804281e-07,-9.7314386782183589e-24,2.2729103988418437e-08,5.5851350032332103e-07,-2.0126057370672967e-07,0,0.015776025233838649,0.038094404315077386,2.1542243594424757e-18,0.040993399780697888,0.015011716123546355,0.11868026072711456,5.2079468348945405e-06,-0.00020351190267393993,0.00026461106368205577,-1.5753186891269567e-20,0.00013139670453212791,9.2945453551632271e-05,-0.00028164517111728285,5.6732663278681411e-10
63,2,lumen,0.0085773026315789473,0.0025000000000000001,0.008573190789473684,0.0085814144736842089,0.002,0.0030000000000000001,1000146.9537616533,1.3221236956981908,12.892598840251255,3112.8132154747509,0.16847431225815393,1173,1173,4.0498465319420227e-05,0.23394099812399788,0.59999999999999998,2,500000,0.00035,0.0001,0.074346101348700788,0.16480880148460572,9.9253596024312606e-18,0.17963658469677538,0.067025347316474818,0.5353459760058138,2.3275525490228456e-05,0.059746584804928136,0.075859113276816395,3.9991149352891408e-18,0.052625199925659359,0.42863636660705395,0.38312522394591902,7.511439623067783e-06,0.27240812526548502,0.001532156624309416,1.031031262608283e-09,0.0019702567028126697,2.0025617304402496e-05,0.39082164367798472,7.2622878876979884e-05,8.4578524191933065e-07,2.8257108965624698e-10,3.208173782682905e-12,2.9037969490798724e-10,7.0483536266072103e-11,6.2381541270477312e-08,0.33317425938874634,nan,nan,nan,nan,nan,nan,nan,nan,nan,nan,nan,nan,nan,nan,0,0,0,0,0,0,0,-3.8651315132337991e-10,-1.2719255568199532e-12,3.9546175730517479e-11,8.6003181920601809e-10,9.4271378897614611e-16,-1.0052283367679993e-09,1.015995055947713e-12,-1.2205492692929365e-13,-6.3601569676549873e-17,-3.618086393413332e-18,1.2580435512038392e-17,-1.6744792993339289e-17,4.4528422542013335e-14,4.924958772387443e-10,nan,nan,nan,nan,nan,nan,nan,nan,nan,nan,nan,nan,nan,nan,-1.9325004554145847e-07,1.6693665150224746e-07,-1.2599197964161663e-23,2.7279152829879165e-08,6.0710328889101994e-07,-2.2134959565267565e-07,0,0.016644221811505711,0.036624595355925008,2.2222324017480537e-18,0.040011066145861453,0.014846640510916343,0.11941319876268082,5.1869572257717442e-06,-0.00038873957214243042,0.00052510051215037899,-3.1206143863925004e-20,0.00026181516973893291,0.00017453182896803775,-0.00053134364335489061,-2.6381708580447426e-10
63,3,support,0.0085773026315789473,0.0035000000000000001,0.008573190789473684,0.0085814144736842089,0.0030000000000000001,0.0040000000000000001,1001204.4494446774,1.3025188926666755,12.688008400997949,3188.1757096230458,0.16866585367802925,1173,1173,4.036364787238222e-05,0.23384347360013838,0.40000000000000002,2,300000,0.00033700000000000001,0.0001,0.0836058751850427,0.15528604706786264,1.0758300899863807e-17,0.1748630300288514,0.067152613247830409,0.55442057262872768,2.3656613945205823e-05,0.066121800580976609,0.070341687602813438,4.2659357521700035e-18,0.05041386066554622,0.42263537749872943,0.39047976037742943,7.5132745050297053e-06,nan,nan,nan,nan,nan,nan,nan,nan,nan,nan,nan,nan,nan,nan,0.27480414691071742,0.0016081167661397384,1.1598372449362228e-09,0.0020411486694449435,1.9510274284012882e-05,0.38314696827563693,7.5727917266011141e-05,7.7125348076399614e-07,2.6460313463356364e-10,3.4401142358942982e-12,3.2389635445899212e-10,7.8668925630725157e-11,6.0381301140675612e-08,0.33830354772128046,0,0,0,0,0,0,0,nan,nan,nan,nan,nan,nan,nan,nan,nan,nan,nan,nan,nan,nan,-9.2582309077155905e-12,-1.2644456643746734e-12,-1.1450608515791921e-12,-5.3232486797539197e-11,3.0429218172978167e-15,-1.0895053522558262e-11,9.4837948426348879e-13,-1.8016187500191627e-13,-1.4031836227889864e-16,-4.3783881771276116e-18,1.5700615893496724e-17,-2.1436656902477327e-17,4.1073908058532645e-14,7.4983158378957272e-11,-2.2311424050826256e-07,1.9534465633963549e-07,4.1278027436381387e-23,2.7781760499057711e-08,6.9713195990916965e-07,-2.5084382182516407e-07,0,0.018412401893690231,0.034071176340360318,2.3796821847783932e-18,0.038410963148517718,0.01471058355467472,0.12188906799993625,5.1984199376663437e-06,-1.5650312149381807e-05,-4.2495722036437933e-06,-1.6096936055825751e-20,-7.3974285614214361e-05,6.9125016998491156e-05,-0.00010392122412107109,-5.2027578474169053e-09
63,4,support,0.0085773026315789473,0.0045000000000000005,0.008573190789473684,0.0085814144736842089,0.0040000000000000001,0.0050000000000000001,1000887.487172278,1.6187839701733622,15.773781931338611,2695.7901760305949,0.13852515263117079,1173,1173,4.1334650831432402e-05,0.20486577720964932,0.40000000000000002,2,300000,0.00033700000000000001,0.0001,0.078972814439072364,0.12846675485890813,2.118966548400181e-17,0.21891283715781942,0.040331998367473067,0.52075060253364425,2.314362979282423e-05,0.077647569249267384,0.07234582565409324,1.0445689185032101e-17,0.078463117891751311,0.31556951741251243,0.45596483180565595,9.1379867196906336e-06,nan,nan,nan,nan,nan,nan,nan,nan,nan,nan,nan,nan,nan,nan,0.24832294360795712,0.0026302917753517423,1.4240818906971586e-09,0.002492100096578033,3.2803744796364052e-05,0.39257802695432581,0.00010701393581185786,5.3041545687108497e-07,2.458394923427505e-10,4.1974263781831547e-12,3.8891037605608291e-10,1.0334501095142628e-10,8.7726440509397523e-08,0.35383619957690743,0,0,0,0,0,0,0,nan,nan,nan,nan,nan,nan,nan,nan,nan,nan,nan,nan,nan,nan,-1.2185296860973019e-11,-4.4517847448871055e-13,-4.7966609932090732e-11,-6.4192021779791363e-10,2.3272941733487595e-14,1.6108416559185504e-09,3.465982554349934e-13,-2.2997857958284573e-13,-3.2156336461481246e-16,-2.4906558170457689e-18,7.2686613458227983e-18,-1.5823617107746082e-17,-1.6963192225371296e-13,-9.0829421813099715e-10,-3.301474380172989e-07,1.5748486636990577e-07,-1.2880921121211234e-22,1.7110007331533987e-07,1.1616922765689264e-06,-5.0065354278983065e-07,0,0.017688087648317492,0.028652594107101009,4.7395862333659657e-18,0.048850789882999707,0.0090138935736192288,0.11638782338241814,5.1687510511780302e-06,0,0,0,0,0,0,0
64,0,lumen,0.0085855263157894723,0.00050000000000000001,0.0085814144736842089,0.0085896381578947356,0,0.001,1000147.8572130272,1.3449518053450458,13.115193743779153,3041.7941415212604,0.16930205940897894,1173,1173,4.0591318313082366e-05,0.23413423736863537,0.59999999999999998,2,500000,0.00035,0.0001,0.067337597884086026,0.17019420002924054,9.2858499964707185e-18,0.18147645720458058,0.066607639884152511,0.51901632184098545,2.2899969168344965e-05,0.055048659383561765,0.079690464385969065,3.8060416832109648e-18,0.054082094484599073,0.43331949498835903,0.37785176892190731,7.5178356037400094e-06,0.27099568910139893,0.0014789347981913697,9.3991571252086364e-10,0.0019225898395941962,2.0306610056796558e-05,0.39586022778957097,7.0482116237146001e-05,9.0108908780363135e-07,2.9530378234777416e-10,3.0495088817541678e-12,2.6688623029650744e-10,6.4759287272966552e-11,6.3600713421263319e-08,0.32965080348523196,nan,nan,nan,nan,nan,nan,nan,nan,nan,nan,nan,nan,nan,nan,0,0,0,0,0,0,0,-2.0522915738166979e-10,-9.994196706350277e-13,9.5095149310986588e-12,4.0100055768192453e-10,-1.9208809889925682e-15,-1.1287785788537119e-10,8.6952213129567864e-13,-5.0833035697417372e-14,-7.2609220889153873e-18,-1.8041472649105681e-18,5.6802239339953816e-18,-7.2997911508028892e-18,1.5634266737019473e-14,-9.223596902527722e-11,nan,nan,nan,nan,nan,nan,nan,nan,nan,nan,nan,nan,nan,nan,-1.7271366438680741e-07,1.5174009720952952e-07,-8.6896329615111433e-24,2.1076972720528155e-08,5.3929154400500501e-07,-1.9418206276267114e-07,0,0.015412829212929033,0.038663712655194755,2.1244008938878517e-18,0.041317150690054857,0.015085829573707748,0.11833616126883822,5.2163516631752742e-06,-8.1978816825072865e-05,0.00010034569724944891,-6.5852284830928667e-21,4.2568506851625161e-05,4.2415273270107483e-05,-0.00011581049910328923,4.2963515797225045e-10
64,1,lumen,0.0085855263157894723,0.0015,0.0085814144736842089,0.0085896381578947356,0.001,0.002,1000147.6038664319,1.4073722949445453,13.723885807685662,2911.9461695811956,0.16904193802833731,1173,1173,4.0567050121104234e-05,0.23403886299233551,0.59999999999999998,2,500000,0.00035,0.0001,0.06591322632406954,0.1605135396807861,9.0048168162160113e-18,0.17228621810625913,0.063442007190034871,0.49796978659912494,2.1875622776680164e-05,0.056385064594382028,0.07864582253361406,3.8621500626562942e-18,0.053726201084512856,0.43188038793968819,0.37935500899050728,7.5148572955986503e-06,0.27133948074276565,0.0014941378065098732,9.6555947477870929e-10,0.0019359042593327428,2.0246340715784788e-05,0.3945197125953917,7.1088309877397052e-05,8.8540957605282948e-07,2.9180237058244633e-10,3.0938634774077813e-12,2.7347963701309038e-10,6.6367135056018319e-11,6.3306757116573615e-08,0.33061847962876906,nan,nan,nan,nan,nan,nan,nan,nan,nan,nan,nan,nan,nan,nan,0,0,0,0,0,0,0,1.8274930044013629e-11,-9.1552593946873622e-13,-7.315453152964474e-13,-1.595077447964753e-11,-4.8612372807732562e-15,2.281382721625036e-11,7.850066361855177e-13,-5.0880957433441232e-14,-1.2684633902838048e-17,-1.9278900174985117e-18,6.5495919985595325e-18,-8.4515978512494664e-18,2.0625509051610768e-14,-2.4240637441233271e-11,nan,nan,nan,nan,nan,nan,nan,nan,nan,nan,nan,nan,nan,nan,-1.7842334257278658e-07,1.5571198297426037e-07,-1.2349332035850489e-23,2.2689312345335325e-08,5.5795193058816306e-07,-2.0109737181028819e-07,0,0.015766036470105067,0.038109989302779368,2.153477899189974e-18,0.04099629822515518,0.015015555873212121,0.11866781882136875,5.2079429676591401e-06,-0.00020345403586196899,0.0002646101368938273,-1.571768419778566e-20,0.00013136353903215058,9.2882671126804449e-05,-0.00028171241850677322,5.6486426917489794e-10
64,2,lumen,0.0085855263157894723,0.0025000000000000001,0.0085814144736842089,0.0085896381578947356,0.002,0.0030000000000000001,1000146.8560453093,1.3221800201548874,12.893149344026778,3112.4740699655977,0.16847791828493205,1173,1173,4.0498698044695218e-05,0.23395505387747328,0.59999999999999998,2,500000,0.00035,0.0001,0.074292236518121155,0.16486040709973029,9.9177403188037286e-18,0.17963094539745308,0.067035057697917871,0.53522914692828527,2.3272975959664545e-05,0.059705846819790312,0.075886106735232967,3.9962156099010003e-18,0.052625794856008594,0.42871677092495386,0.38305796972647421,7.5109375401226501e-06,0.27240753596690725,0.0015314535657313414,1.0302293801647353e-09,0.0019697217674771021,2.0023550809665756e-05,0.39085544591269827,7.2596358461371867e-05,8.4631201906371099e-07,2.8267099846299324e-10,3.2067460992948394e-12,2.9017558560784939e-10,7.0431526989059947e-11,6.2380945372931977e-08,0.33314231250823645,nan,nan,nan,nan,nan,nan,nan,nan,nan,nan,nan,nan,nan,nan,0,0,0,0,0,0,0,5.7819168012010661e-11,-1.293966239626625e-12,-4.746183530133421e-12,-8.8363353627401769e-11,-1.685067016476971e-15,1.5160734755277627e-10,1.0335968823593271e-12,-1.2418863680474512e-13,-6.5276086708244431e-17,-3.6959025048104631e-18,1.2874240294546242e-17,-1.7120740390814743e-17,4.5696024675482086e-14,-1.1597633981738414e-10,nan,nan,nan,nan,nan,nan,nan,nan,nan,nan,nan,nan,nan,nan,-1.9301359569998122e-07,1.6563424187765463e-07,-1.265856475621407e-23,2.7232572945439461e-08,6.0625805722858139e-07,-2.2016245937450662e-07,0,0.016633984434665433,0.036640250553251173,2.2207800040507159e-18,0.040014276491301529,0.01485055676217017,0.11940026216018615,5.1869635384280864e-06,-0.00038845558547345933,0.00052478322921282615,-3.0527382546976619e-20,0.00026146099866418502,0.00017443747829840319,-0.00053094474320588734,-2.6896217165842156e-10
64,3,support,0.0085855263157894723,0.0035000000000000001,0.0085814144736842089,0.0085896381578947356,0.0030000000000000001,0.0040000000000000001,1001203.6507869117,1.3020959550437683,12.68389862771417,3188.9822335781118,0.16868108116401814,1173,1173,4.036400087317118e-05,0.2338573817895617,0.40000000000000002,2,300000,0.00033700000000000001,0.0001,0.083575184863822538,0.15540363392410669,1.0739789508646534e-17,0.17493244535466099,0.067187774821608981,0.55449683672130035,2.3662809981033249e-05,0.066076118718768118,0.070372150627339244,4.2572161200906551e-18,0.050417537403182729,0.42271970479115817,0.39040697565146543,7.5128080862650504e-06,nan,nan,nan,nan,nan,nan,nan,nan,nan,nan,nan,nan,nan,nan,0.27480119392116159,0.0016073193665274343,1.1589074298119763e-09,0.0020405419078248382,1.9509032343047043e-05,0.38318859998660948,7.5697887069856728e-05,7.717994663665689e-07,2.6471467111298995e-10,3.4383484451550199e-12,3.2365706181792697e-10,7.8607476889444104e-11,6.0383449511941108e-08,0.33826630388622292,0,0,0,0,0,0,0,nan,nan,nan,nan,nan,nan,nan,nan,nan,nan,nan,nan,nan,nan,-3.0310629042109844e-11,-1.2901772501964167e-12,3.9158958177310433e-12,2.3977421270337496e-11,2.0983648846284453e-15,-2.4352507337066509e-10,9.6952296994626673e-13,-1.8175001434417304e-13,-1.4052503108019833e-16,-4.4537624222759177e-18,1.5992128713623554e-17,-2.1813714040292703e-17,4.2463393210295693e-14,2.4640045540291632e-10,-2.2288855292158793e-07,1.9540744949919642e-07,1.6355978281943673e-22,2.7720850041355324e-08,6.9638931618487554e-07,-2.506293702020379e-07,0,0.018400987685092789,0.034088403952286919,2.3657910333499922e-18,0.038416513310664431,0.014714626989925133,0.12187516527792168,5.1984669880071307e-06,-1.5651992860649043e-05,-4.2663375044965458e-06,-1.6113006007664458e-20,-7.4102292920843278e-05,6.9199864115065919e-05,-0.00010424110478891086,-5.2084785484627855e-09
64,4,support,0.0085855263157894723,0.0045000000000000005,0.0085814144736842089,0.0085896381578947356,0.0040000000000000001,0.0050000000000000001,1000886.8178760341,1.6028438324636751,15.618468218046578,2722.5071171447707,0.13753563606905628,1173,1173,4.1336118341043981e-05,0.2048534940976926,0.40000000000000002,2,300000,0.00033700000000000001,0.0001,0.079709914880864777,0.12981173029866391,2.1394345972528085e-17,0.22120211484139077,0.040732463968587991,0.52589923873678268,2.3376884817251204e-05,0.077600621593840596,0.072383448197048061,1.0442743690787633e-17,0.078502992579130432,0.31556482834132882,0.45593897008633527,9.1392023167753071e-06,nan,nan,nan,nan,nan,nan,nan,nan,nan,nan,nan,nan,nan,nan,0.24829896965403594,0.0026299482481977575,1.4230935407865854e-09,0.0024917358520003697,3.281650092901316e-05,0.39263412260101499,0.00010699912810634552,5.306658265524733e-07,2.459434300496689e-10,4.1950411004197773e-12,3.8864276690980011e-10,1.0327529777778054e-10,8.7759861669836234e-08,0.35380478742487714,0,0,0,0,0,0,0,nan,nan,nan,nan,nan,nan,nan,nan,nan,nan,nan,nan,nan,nan,-1.3512678698686795e-10,-4.5996075320217369e-13,5.8631414186153156e-11,3.1003377575832235e-10,-1.6308785918961455e-14,-2.3835757662332008e-09,3.5687115676173393e-13,-2.3085981910864195e-13,-3.2125309568109114e-16,-2.5520526000788755e-18,7.573266470492388e-18,-1.6232902094030622e-17,-1.6718002033836642e-13,2.1505550946007218e-09,-3.2999255447554304e-07,1.6126310775632646e-07,-7.758538344794792e-23,1.7105480568273121e-07,1.1609239878584976e-06,-5.0129870682313893e-07,0,0.017674916994663423,0.028663539080308994,4.7381133841168174e-18,0.048868817465980749,0.0090125344854759953,0.11636479684659863,5.1687128655051295e-06,0,0,0,0,0,0,0
65,0,lumen,0.0085937499999999972,0.00050000000000000001,0.0085896381578947356,0.0085978618421052606,0,0.001,1000147.7588015507,1.3530388231598338,13.194054972202744,3023.418979351864,0.16927086835478972,1173,1173,4.0591562458866393e-05,0.23414737653359891,0.59999999999999998,2,500000,0.00035,0.0001,0.066887287771892748,0.16923435688013586,9.2240813620512532e-18,0.18039330181720736,0.066221204150707133,0.51582593283477385,2.2761567700935887e-05,0.055009321935043154,0.079717508313526975,3.8034576085685041e-18,0.054082554495521261,0.4333959364533187,0.37778716147153857,7.5173310513056951e-06,0.27099473616966996,0.0014782856636385217,9.3915788733987959e-10,0.0019220847354212685,2.0304585224881638e-05,0.3958925751759142,7.0457390184186874e-05,9.0162512719563884e-07,2.9540292906624772e-10,3.0482344198302496e-12,2.6669450899361626e-10,6.471103771503202e-11,6.3599972516011113e-08,0.32962058948583145,nan,nan,nan,nan,nan,nan,nan,nan,nan,nan,nan,nan,nan,nan,0,0,0,0,0,0,0,2.4131686686182422e-10,-9.883489188676098e-13,-1.0224056584160022e-11,-4.7422820969101455e-10,-1.1388025938918744e-14,1.255455841283476e-10,8.5970313317900019e-13,-5.0403691637113113e-14,-7.2258004136966921e-18,-1.7942141279170361e-18,5.6580782410458057e-18,-7.2760045770872525e-18,1.548629223516416e-14,1.1776488101760937e-10,nan,nan,nan,nan,nan,nan,nan,nan,nan,nan,nan,nan,nan,nan,-1.7251787536812918e-07,1.5136730829867773e-07,-9.9369176861252878e-24,2.1035291867867522e-08,5.3849841996633785e-07,-1.9308908894011267e-07,0,0.015402795672165549,0.038679509353522719,2.1231940776662287e-18,0.041320254585643451,0.015089599554137743,0.1183237227288492,5.2163444449325869e-06,-8.1985179157083559e-05,0.0001004299619005709,-6.5689628894278703e-21,4.2627808255068536e-05,4.2387275417817187e-05,-0.00011593840101591625,4.3169086025365172e-10
65,1,lumen,0.0085937499999999972,0.0015,0.0085896381578947356,0.0085978618421052606,0.001,0.002,1000147.5056347246,1.4015871279178127,13.667473525940125,2923.7764254165118,0.16911476873704662,1173,1173,4.0567273483613888e-05,0.23405243708703447,0.59999999999999998,2,500000,0.00035,0.0001,0.06613903428762212,0.16123023789668617,9.0356020553692646e-18,0.17299754920383345,0.063715317937195967,0.49993978321388832,2.1964398128035885e-05,0.056345664785720971,0.07867226019400167,3.8594240853393828e-18,0.05372627016737299,0.43195804618228367,0.37929024433194913,7.5143386715429104e-06,0.27133902448227593,0.0014934774902200911,9.6479637722788639e-10,0.0019353964128942238,2.0244195916933204e-05,0.39455162325445897,7.1063277750724242e-05,8.8593635500457198e-07,2.9189994364732468e-10,3.0925556877250289e-12,2.7328629501416628e-10,6.6318255344663405e-11,6.3305733856568919e-08,0.33058822004500221,nan,nan,nan,nan,nan,nan,nan,nan,nan,nan,nan,nan,nan,nan,0,0,0,0,0,0,0,-1.915779040464282e-10,-9.1225022190250507e-13,1.286529626989182e-11,3.4572127621925297e-10,1.3660947373317356e-17,-1.3587135821828411e-10,7.8176539403071652e-13,-5.0969645171150546e-14,-1.2724101274802367e-17,-1.9275832627382252e-18,6.5296715248553008e-18,-8.4311716729229322e-18,2.0691666579653303e-14,-3.0976638087242717e-11,nan,nan,nan,nan,nan,nan,nan,nan,nan,nan,nan,nan,nan,nan,-1.7825804555799546e-07,1.5573153189230027e-07,-1.1911256154169899e-23,2.2649549982324503e-08,5.5748041971614981e-07,-2.0124039273872185e-07,0,0.015756059317272322,0.038125560047489827,2.1520479603240245e-18,0.040999192277319234,0.01501938983317448,0.11865538521493797,5.2079392417672764e-06,-0.0002033559707354235,0.00026447427421997822,-1.5698420647735861e-20,0.00013125660995928496,9.2804088377266349e-05,-0.00028099040179080403,5.6244059465811337e-10
65,2,lumen,0.0085937499999999972,0.0025000000000000001,0.0085896381578947356,0.0085978618421052606,0.002,0.0030000000000000001,1000146.7583216983,1.3223431821433198,12.894741667094612,3111.8837337950617,0.16849743529567365,1173,1173,4.0498930613303097e-05,0.23396909107904418,0.59999999999999998,2,500000,0.00035,0.0001,0.074232429770928116,0.16489862851191003,9.9093220788037687e-18,0.17961077965954914,0.067039334807376352,0.5350692174086028,2.3268548174210483e-05,0.059665150234797813,0.075913074470520606,3.9933167167389072e-18,0.052626385610564604,0.42879707533481254,0.38299080391331758,7.5104359868533213e-06,0.27240694391761877,0.0015307517244620629,1.0294284723150875e-09,0.0019691876067192871,2.0021486988560087e-05,0.39088920503818209,7.2569880533451331e-05,8.4683844645793355e-07,2.8277080934256785e-10,3.2053209185328993e-12,2.8997173614452076e-10,7.0379591748755111e-11,6.2380348906261473e-08,0.33311040945094444,nan,nan,nan,nan,nan,nan,nan,nan,nan,nan,nan,nan,nan,nan,0,0,0,0,0,0,0,4.579459005528232e-12,-1.299381977127477e-12,5.8556804647754222e-13,2.5775632347636662e-11,-1.3369296988918755e-15,1.1489333356234921e-11,1.0365599309033369e-12,-1.2564450348195866e-13,-6.6685734872631587e-17,-3.7343298748690815e-18,1.3003611600843477e-17,-1.7296977217378607e-17,4.6227359560925893e-14,-4.2086473369594747e-11,nan,nan,nan,nan,nan,nan,nan,nan,nan,nan,nan,nan,nan,nan,-1.9282706994333543e-07,1.6562888183191404e-07,-1.2600887277157719e-23,2.7186194029037591e-08,6.0566272382100994e-07,-2.2003836175343849e-07,0,0.016623760055022033,0.036655887081011036,2.2193191799053106e-18,0.040017480357346084,0.014854466111724245,0.11938736910499347,5.1869699510210899e-06,-0.00038824406727114963,0.00052467968079174406,-3.0434030809070426e-20,0.00026122705604670964,0.0001743718703470155,-0.00053190740104760807,-2.7410667673564834e-10
65,3,support,0.0085937499999999972,0.0035000000000000001,0.0085896381578947356,0.0085978618421052606,0.0030000000000000001,0.0040000000000000001,1001202.8520646032,1.3070991977766748,12.73264607185374,3176.5477575440186,0.16869017028629321,1173,1173,4.0364353480753113e-05,0.23387126891222271,0.40000000000000002,2,300000,0.00033700000000000001,0.0001,0.083197728521594391,0.15487559903576043,1.0689337537958039e-17,0.17427538673168558,0.066943876268110367,0.55227109700042565,2.3570754152270204e-05,0.066030494997670802,0.070402577211305606,4.2535018317832408e-18,0.050421205169169661,0.42280391031737019,0.39033429996229946,7.5123421844188593e-06,nan,nan,nan,nan,nan,nan,nan,nan,nan,nan,nan,nan,nan,nan,0.27479824327949637,0.0016065235580956074,1.1579790254842841e-09,0.0020399361766225191,1.9507791235588901e-05,0.38323016430931583,7.5667912707642245e-05,7.7234498544246272e-07,2.6482607003550985e-10,3.4365862651768444e-12,3.2341814688925665e-10,7.854613445184076e-11,6.0385590415075728e-08,0.33822912241374459,0,0,0,0,0,0,0,nan,nan,nan,nan,nan,nan,nan,nan,nan,nan,nan,nan,nan,nan,-7.9866064615359259e-11,-1.2928348119682446e-12,9.6560901842539648e-12,1.2996783532224815e-10,1.8183154634754395e-15,-3.8184921283962447e-10,9.7442699647274738e-13,-1.7946625088804957e-13,-1.3637933233782418e-16,-4.4518397023343493e-18,1.6025973945759503e-17,-2.1822525206951709e-17,4.2538339719030929e-14,3.2254507379146666e-10,-2.2266398096333628e-07,1.9537624812437926e-07,1.7326385072403659e-22,2.7660061257858038e-08,6.9566236590712371e-07,-2.5044425938647308e-07,0,0.018389584440692778,0.034105619001561838,2.3652957100140746e-18,0.038422056797140232,0.014718665102317625,0.12186127636223133,5.1985140677907253e-06,-1.5657729011252816e-05,-4.285352902557862e-06,-1.6115231838257832e-20,-7.4275067459394126e-05,6.9288887776488843e-05,-0.00010492898030042753,-5.2142001609961698e-09
65,4,support,0.0085937499999999972,0.0045000000000000005,0.0085896381578947356,0.0085978618421052606,0.0040000000000000001,0.0050000000000000001,1000886.1486492023,1.6087489163516762,15.67601915557206,2712.4219736960631,0.1384867601406958,1173,1173,4.1337584736168327e-05,0.20484120341875894,0.40000000000000002,2,300000,0.00033700000000000001,0.0001,0.079369298509517142,0.12940231354324319,2.1309157665650787e-17,0.22050193003106019,0.040582311007889206,0.52393887007661077,2.3294161190288592e-05,0.077553739562395294,0.072421033412324962,1.043948883542243e-17,0.07854285439359017,0.31556006187353874,0.45591317033970197,9.140418448859756e-06,nan,nan,nan,nan,nan,nan,nan,nan,nan,nan,nan,nan,nan,nan,0.24827501017262482,0.0026296062309172038,1.4221068514534845e-09,0.0024913724320511752,3.2829253629647903e-05,0.39269013750202025,0.0001069843688131983,5.3091577106337374e-07,2.4604722378175563e-10,4.1926602039866339e-12,3.8837560871118498e-10,1.0320571048475869e-10,8.7793262257464937e-08,0.35377343916698223,0,0,0,0,0,0,0,nan,nan,nan,nan,nan,nan,nan,nan,nan,nan,nan,nan,nan,nan,1.1508135752250622e-11,-4.6346172469073614e-13,-6.1980229411486448e-11,-7.388682941452291e-10,2.7823012990757512e-14,2.0364227129674589e-09,3.5937278379991238e-13,-2.291696563419543e-13,-3.1752929182815082e-16,-2.5697491276204245e-18,7.7009052986954189e-18,-1.6350251803539865e-17,-1.6480247140516038e-13,-1.2466117865351423e-09,-3.2961099191014531e-07,1.5662751046141565e-07,-1.8562993148266947e-23,1.7100940542389579e-07,1.1600224587848817e-06,-4.9994349737847443e-07,0,0.017661751827634228,0.028674474860298286,4.7243848639275471e-18,0.048886845102753533,0.0090111726640317337,0.11634177468366244,5.1686748495951905e-06,0,0,0,0,0,0,0
66,0,lumen,0.0086019736842105239,0.00050000000000000001,0.0085978618421052606,0.0086060855263157873,0,0.001,1000147.6603830855,1.35242568554979,13.188077305282722,3024.5952553684206,0.16932406476832601,1173,1173,4.059180631936288e-05,0.23416049544761719,0.59999999999999998,2,500000,0.00035,0.0001,0.066869796672657189,0.16936839241529053,9.2219351793822183e-18,0.18047654114306105,0.066262885754964335,0.51597170173751106,2.2770353259138434e-05,0.05497002106261549,0.079744500258633041,3.8008498671791659e-18,0.054082996123173147,0.43347225188868399,0.37772271384138634,7.5168255081380227e-06,0.27099379084954128,0.0014776381346959619,9.3840098647481271e-10,0.0019215808722344821,2.0302563160410083e-05,0.39592484775604297,7.0432724588772561e-05,9.0216032545369805e-07,2.9550189108240802e-10,3.0469618125706004e-12,2.665030275425281e-10,6.4662856167588117e-11,6.3599229653442994e-08,0.32959043977206598,nan,nan,nan,nan,nan,nan,nan,nan,nan,nan,nan,nan,nan,nan,0,0,0,0,0,0,0,-2.7924298600853068e-11,-1.0041281748268113e-12,1.3281895807435443e-12,5.5377619363905156e-11,-5.606517854139792e-15,-1.2791421567792671e-11,8.7178509842581619e-13,-5.1889048613418254e-14,-7.9401551933599236e-18,-1.8333636169568906e-18,5.7685796447155395e-18,-7.4250816326339277e-18,1.6519894838898209e-14,-1.5816376149031107e-11,nan,nan,nan,nan,nan,nan,nan,nan,nan,nan,nan,nan,nan,nan,-1.7235366717594652e-07,1.5137087810979111e-07,-1.052434630796899e-23,2.0994293380364208e-08,5.3806475880380233e-07,-1.9340194046257864e-07,0,0.015392775069724579,0.038695288720255967,2.1219150662235694e-18,0.041323352492149447,0.015093362114888825,0.11831130926312643,5.2163373709512165e-06,-8.1985906670645553e-05,0.00010048863636259129,-6.5575216490458668e-21,4.2674513599485361e-05,4.2354538899739071e-05,-0.00011592093472951649,4.33433848643912e-10
66,1,lumen,0.0086019736842105239,0.0015,0.0085978618421052606,0.0086060855263157873,0.001,0.002,1000147.407395661,1.4019506702033284,13.671019924560126,2922.8294732832228,0.16906540401097714,1173,1173,4.0567496377818961e-05,0.23406599927257249,0.59999999999999998,2,500000,0.00035,0.0001,0.066075702393910876,0.16124253670773273,9.0269183635166221e-18,0.1729528939696256,0.063710230811816052,0.49972480467960922,2.1957188261420037e-05,0.056306317020286774,0.078698676616138219,3.8567154448719738e-18,0.053726339145835779,0.43203563235449494,0.37922552104201246,7.5138212317694883e-06,0.27133856768666309,0.0014928180370908691,9.6403440338321791e-10,0.0019348890495340827,2.024205133542051e-05,0.3945834975878747,7.103827445567499e-05,8.8646294370873337e-07,2.9199743669189834e-10,3.0912507727857888e-12,2.7309325337298481e-10,6.6269457003865762e-11,6.3304704162480092e-08,0.33055799594690455,nan,nan,nan,nan,nan,nan,nan,nan,nan,nan,nan,nan,nan,nan,0,0,0,0,0,0,0,1.9747727770348906e-11,-9.2089791733572477e-13,-8.6135859884268373e-13,-1.6350135016499908e-11,-4.9136042457043061e-15,2.0514132059723522e-11,7.8873013395738465e-13,-5.1587857249901781e-14,-1.311374594311639e-17,-1.957770640813154e-18,6.6663100264241204e-18,-8.6040277476998062e-18,2.1159735037985494e-14,-2.288305672642738e-11,nan,nan,nan,nan,nan,nan,nan,nan,nan,nan,nan,nan,nan,nan,-1.7806572861003844e-07,1.5543654952043795e-07,-1.1758031443954755e-23,2.2609561702927931e-08,5.5679898844362974e-07,-2.006597372150587e-07,0,0.01574609213962036,0.038141115915092061,2.1507172652350855e-18,0.041002078420702234,0.015023221397941097,0.1186429628247742,5.2079354419740649e-06,-0.00020329207761637062,0.00026445656670893368,-1.5677395597655585e-20,0.00013121443457564998,9.2740713055271143e-05,-0.00028095950936474413,5.601247366439822e-10
66,2,lumen,0.0086019736842105239,0.0025000000000000001,0.0085978618421052606,0.0086060855263157873,0.002,0.0030000000000000001,1000146.6605908342,1.3229244898570636,12.900411511218948,3110.3103531988277,0.16850099430843687,1173,1173,4.0499163035999401e-05,0.23398310985766752,0.59999999999999998,2,500000,0.00035,0.0001,0.074149243023894071,0.16488465092532401,9.8977827363973465e-18,0.17953383816095142,0.067022404376955905,0.5347403815908881,2.3256769561275147e-05,0.05962449343973162,0.075940016023576154,3.9904203496519938e-18,0.052626971584559007,0.42887728022522481,0.38292372879204584,7.509934862629295e-06,0.27240634938767322,0.0015300511203770624,1.0286285241779716e-09,0.0019686542423881449,2.0019425911147275e-05,0.39092292000476414,7.2543445970221242e-05,8.4736450636746452e-07,2.8287051953741384e-10,3.2038981903863925e-12,2.8976814238544967e-10,7.0327729564106771e-11,6.2379752015989488e-08,0.33307855095385769,nan,nan,nan,nan,nan,nan,nan,nan,nan,nan,nan,nan,nan,nan,0,0,0,0,0,0,0,2.2345594960271293e-12,-1.324294085437481e-12,8.3141187764225425e-13,3.0561682352600907e-11,-1.2727449302807337e-15,5.1925790056639443e-12,1.0554358481802231e-12,-1.2853737171858448e-13,-6.9055340251655733e-17,-3.8176035688514727e-18,1.3302085714511611e-17,-1.7698976125409141e-17,4.7600548757072508e-14,-3.8469005932723299e-11,nan,nan,nan,nan,nan,nan,nan,nan,nan,nan,nan,nan,nan,nan,-1.9263575606366656e-07,1.654897679448375e-07,-1.2470082995063638e-23,2.7140046313364416e-08,6.050430575166299e-07,-2.1980543862820667e-07,0,0.016613546790071314,0.036671506972448052,2.2178089109049378e-18,0.04002067732369971,0.01485837057389764,0.11937450837624949,5.1869763890384471e-06,-0.00038806334843417931,0.00052467418816628348,-3.0251839883465002e-20,0.00026104911950843165,0.00017432039986755327,-0.00053347039147500028,-2.7881731965441907e-10
66,3,support,0.0086019736842105239,0.0035000000000000001,0.0085978618421052606,0.0086060855263157873,0.0030000000000000001,0.0040000000000000001,1001202.0532788485,1.3141713970554638,12.801547621527931,3159.2268617108662,0.16870493611345699,1173,1173,4.0364705558696546e-05,0.23388513089487861,0.40000000000000002,2,300000,0.00033700000000000001,0.0001,0.082692809703244025,0.15410840948275378,1.0620628368585079e-17,0.17334985821735155,0.066596798993541442,0.54919670215931848,2.3442427645139095e-05,0.065984911885185141,0.070432921916151345,4.2490305591284575e-18,0.050424832764992177,0.42288794333191676,0.39026187822806591,7.5118736886976471e-06,nan,nan,nan,nan,nan,nan,nan,nan,nan,nan,nan,nan,nan,nan,0.27479531470365121,0.0016057303436460848,1.1570518816699523e-09,0.0020393325045795557,1.9506550501999769e-05,0.3832715947404875,7.5638036875330097e-05,7.7288925758366323e-07,2.6493717887354396e-10,3.4348267549055938e-12,3.2317956539684387e-10,7.8484889558014692e-11,6.0387718897046756e-08,0.33819204801619268,0,0,0,0,0,0,0,nan,nan,nan,nan,nan,nan,nan,nan,nan,nan,nan,nan,nan,nan,3.4678252250699705e-11,-1.3288540925921916e-12,-8.4036393043193646e-12,-1.7360898465880714e-10,3.7124166588076157e-15,2.5443768988421545e-10,1.0033191770487104e-12,-1.8196728845953913e-13,-1.3685358476150288e-16,-4.5388249557252659e-18,1.6338720699005723e-17,-2.2238764494516439e-17,4.4673043053390726e-14,-1.0664424917849254e-10,-2.2241606914812778e-07,1.9456970995479494e-07,2.0026387572041597e-22,2.7600458851661694e-08,6.9485591901174981e-07,-2.4985122748510946e-07,0,0.01837819067072187,0.034122823341617113,2.3930146706553036e-18,0.038427593847746376,0.014722699191521476,0.12184738967838019,5.1985611479290768e-06,-1.5657453084262433e-05,-4.3011909939951403e-06,-1.6137424753216964e-20,-7.4381981867758138e-05,6.9356958905546483e-05,-0.0001050731157801291,-5.2199329577163187e-09
66,4,support,0.0086019736842105239,0.0045000000000000005,0.0085978618421052606,0.0086060855263157873,0.0040000000000000001,0.0050000000000000001,1000885.4794920852,1.6048328762245259,15.637870815536258,2718.9487220394344,0.13749707841622802,1173,1173,4.1339050715885347e-05,0.20482889912446584,0.40000000000000002,2,300000,0.00033700000000000001,0.0001,0.079514849182595465,0.12978526033149085,2.1368612546558336e-17,0.22115198320790733,0.040680684942469417,0.5251874092187766,2.3354095435936864e-05,0.077506883963989082,0.072458591032652495,1.0443140274714872e-17,0.078582702265557025,0.31555520625886302,0.45588747484370828,9.1416352300597149e-06,nan,nan,nan,nan,nan,nan,nan,nan,nan,nan,nan,nan,nan,nan,0.24825105415941023,0.0026292659623527127,1.4211209808952251e-09,0.0024910099802794025,3.2842011874580754e-05,0.39274609204830391,0.00010696966586773495,5.3116530968298971e-07,2.4615090774586711e-10,4.1902815989529112e-12,3.8810868012689548e-10,1.0313619181635e-10,8.7826664913418527e-08,0.35374214501722967,0,0,0,0,0,0,0,nan,nan,nan,nan,nan,nan,nan,nan,nan,nan,nan,nan,nan,nan,-6.4252413947472915e-11,-4.8080953351763626e-13,-2.9108162162685413e-13,-2.0488784827699503e-10,5.6999760814080425e-15,-2.1465935680451548e-10,3.7107719511979844e-13,-2.2957276270968441e-13,-3.1586018765958965e-16,-2.6428484031331854e-18,8.0553793847370289e-18,-1.6812890508020746e-17,-1.6098419294011241e-13,4.8458545458191314e-10,-3.29412064755015e-07,1.5866230224093059e-07,-1.2932630329855318e-22,1.7096509806615958e-07,1.1592341514765625e-06,-5.0017253061529487e-07,0,0.017648600337938143,0.028685391521269248,4.7358986046713515e-18,0.04890486273009461,0.0090098070117198906,0.11631876801884246,5.1686366502669218e-06,0,0,0,0,0,0,0
67,0,lumen,0.0086101973684210506,0.00050000000000000001,0.0086060855263157873,0.0086143092105263139,0,0.001,1000147.561957513,1.3550359635010782,13.213532534663953,3018.5750068938878,0.16929328872837926,1173,1173,4.0592049757972469e-05,0.23417359821680273,0.59999999999999998,2,500000,0.00035,0.0001,0.066693318462323389,0.16909925334384868,9.1978370689279844e-18,0.18013030800658067,0.066146861870837001,0.51488996872440995,2.2724959749158668e-05,0.054930769391423932,0.079771456110186614,3.7982348696424166e-18,0.054083430328432651,0.43354846795447777,0.37765835989520374,7.5163202752049272e-06,0.2709928485346742,0.0014769918126309005,9.3764519233672716e-10,0.0019210778381597224,2.0300542459684064e-05,0.39595706562268129,7.040810240569961e-05,9.026950219836764e-07,2.956007217593748e-10,3.0456917565450532e-12,2.6631183790134472e-10,6.4614754323670088e-11,6.3598482114643963e-08,0.32956033968626663,nan,nan,nan,nan,nan,nan,nan,nan,nan,nan,nan,nan,nan,nan,0,0,0,0,0,0,0,2.1989305200719563e-11,-9.9460126220866213e-13,-1.0093649960664913e-12,-3.9036114089040947e-11,-6.6534234718917951e-15,9.8759917344787285e-12,8.6317767674039834e-13,-5.1680448115432043e-14,-7.9587596744083717e-18,-1.8284825114039204e-18,5.754386207681107e-18,-7.4111144424217255e-18,1.6406439811540764e-14,8.353428897380433e-12,nan,nan,nan,nan,nan,nan,nan,nan,nan,nan,nan,nan,nan,nan,-1.7217588179751359e-07,1.5121362778591774e-07,-1.0839323232836398e-23,2.0953429232650976e-08,5.3747259828873517e-07,-1.9309121424004871e-07,0,0.01538276559573184,0.038711051768656773,2.120596383070942e-18,0.041326441357020835,0.015097121673986056,0.11829890938626174,5.2163302022859901e-06,-8.1987796927508372e-05,0.00010055204330190427,-6.5461597350065828e-21,4.2723576346725957e-05,4.2322096834567185e-05,-0.0001159346844108818,4.3516409646263329e-10
67,1,lumen,0.0086101973684210506,0.0015,0.0086060855263157873,0.0086143092105263139,0.001,0.002,1000147.309149318,1.3996409059879846,13.648497767639427,2927.4639940610487,0.16913796969874112,1173,1173,4.0567718912043414e-05,0.23407954730707259,0.59999999999999998,2,500000,0.00035,0.0001,0.066138537095393107,0.16156276548400486,9.0354486803644247e-18,0.173238495480179,0.063826810151637492,0.50046410187041868,2.1991907642742059e-05,0.056267012148688532,0.078725064050056859,3.8540002857545612e-18,0.05372640184576874,0.43211313287210801,0.37916087577918844,7.5133041894392353e-06,0.27133811252937251,0.0014921596597026693,9.6327340913858219e-10,0.0019343823927565201,2.0239907893474823e-05,0.39461532580936826,7.101330915416713e-05,8.8698916733517446e-07,2.9209482372045283e-10,3.0899482604493142e-12,2.7290047215333816e-10,6.6220730839545709e-11,6.3303670093199925e-08,0.33052781450133617,nan,nan,nan,nan,nan,nan,nan,nan,nan,nan,nan,nan,nan,nan,0,0,0,0,0,0,0,5.2431788869362964e-11,-9.2226171784422646e-13,-3.0142139300768596e-12,-6.9506920511938391e-11,-5.7048549911842272e-15,4.0463918240390973e-11,7.8873710160553422e-13,-5.2250955298593915e-14,-1.349529938917236e-17,-1.971967919713791e-18,6.6753726172152513e-18,-8.6262041109555319e-18,2.160894076043471e-14,-2.0204921235128444e-11,nan,nan,nan,nan,nan,nan,nan,nan,nan,nan,nan,nan,nan,nan,-1.7788527017104788e-07,1.5527817592841942e-07,-1.1357179393765002e-23,2.2569680872562653e-08,5.5620784764065512e-07,-2.0038839299019173e-07,0,0.015736136099122233,0.038156656682236993,2.1492799402311677e-18,0.041004958635799199,0.015027048419411489,0.11863055526523092,5.2079316966261339e-06,-0.00020321316464466915,0.00026438885062925915,-1.5658935845721158e-20,0.00013114501114799344,9.2671649159497513e-05,-0.00028064009480407211,5.5781374530427073e-10
67,2,lumen,0.0086101973684210506,0.0025000000000000001,0.0086060855263157873,0.0086143092105263139,0.002,0.0030000000000000001,1000146.5628527267,1.3234117459310306,12.905164218050309,3108.9594978045779,0.16852047845448176,1173,1173,4.0499395342379215e-05,0.23399711005082333,0.59999999999999998,2,500000,0.00035,0.0001,0.074071440423051305,0.16488234657255188,9.8869940801955331e-18,0.17946970099163667,0.067010235173474403,0.53444994273753477,2.3246654385939303e-05,0.059583874744561928,0.075966931780659289,3.9875392908248833e-18,0.052627552624723524,0.42895738551778684,0.38285674589816654,7.5094341018975275e-06,0.27240575211708651,0.00152935175580711,1.0278295039179453e-09,0.0019681216793050694,2.0017367743834267e-05,0.39095659144366179,7.2517054919062892e-05,8.4789019882712755e-07,2.8297013033860309e-10,3.2024778415432918e-12,2.8956479588703751e-10,7.0275938394099808e-11,6.2379155235820668e-08,0.33304673663827938,nan,nan,nan,nan,nan,nan,nan,nan,nan,nan,nan,nan,nan,nan,0,0,0,0,0,0,0,-1.44321336316611e-13,-1.3321839916861797e-12,1.0899810976624247e-12,3.5518691164286546e-11,-1.1676857397668883e-15,-1.7213925597447943e-12,1.0595424519744348e-12,-1.3069666876530661e-13,-7.1245416056591384e-17,-3.8732049791101907e-18,1.3481098610909991e-17,-1.7945777145090489e-17,4.8427692226992984e-14,-3.4386688115442061e-11,nan,nan,nan,nan,nan,nan,nan,nan,nan,nan,nan,nan,nan,nan,-1.9244474621336882e-07,1.6535130198391812e-07,-1.2544523198545487e-23,2.7094159167585269e-08,6.0442455142306617e-07,-2.1957323942389806e-07,0,0.016603343225869538,0.03668711471984696,2.2163789017734805e-18,0.040023870105081627,0.014862270578164371,0.11936165088875222,5.1869828606545571e-06,-0.00038771265918643619,0.00052416261201816607,-2.816223442936004e-20,0.00026058776352627856,0.0001742014435317631,-0.00053181544194644498,-2.8359946637529104e-10
67,3,support,0.0086101973684210506,0.0035000000000000001,0.0086060855263157873,0.0086143092105263139,0.0030000000000000001,0.0040000000000000001,1001201.2544279987,1.3081267965361636,12.742676396640039,3173.5977805746961,0.16871471397671345,1173,1173,4.0365057883108385e-05,0.23389897543621674,0.40000000000000002,2,300000,0.00033700000000000001,0.0001,0.083017488909442841,0.15488709882101623,1.0617568189902866e-17,0.17416326107972654,0.066917759649366859,0.55163167747829811,2.3549265692850832e-05,0.065939350273308203,0.070463269485562904,4.2282716283265003e-18,0.050428459545149587,0.42297190297619958,0.39018950631371968,7.5114060601375549e-06,nan,nan,nan,nan,nan,nan,nan,nan,nan,nan,nan,nan,nan,nan,0.27479237195913453,0.0016049380911726727,1.1561253570496918e-09,0.0020387293060863888,1.9505314045676681e-05,0.38331301564400894,7.5608191739096265e-05,7.7343361426239666e-07,2.6504828376455467e-10,3.4330694698247955e-12,3.229411570275313e-10,7.8423699897355367e-11,6.0389854136760404e-08,0.3381549958443727,0,0,0,0,0,0,0,nan,nan,nan,nan,nan,nan,nan,nan,nan,nan,nan,nan,nan,nan,-2.0041510049343072e-10,-1.3591419604461923e-12,2.4746095920122232e-11,4.11043800998394e-10,9.5875998112893157e-16,-8.1668387048698665e-10,1.0264039591045658e-12,-1.8509499488672532e-13,-1.3874153910325692e-16,-4.6204718374743581e-18,1.6596120849164807e-17,-2.258876470959157e-17,4.6543752516541176e-14,5.8177934672952331e-10,-2.2221960495599075e-07,1.9547039098455343e-07,5.9390621002449289e-22,2.7541289479939361e-08,6.942254371089529e-07,-2.50147091984676e-07,0,0.018366809773087859,0.034140010996512378,2.3027553516096195e-18,0.038433121233799231,0.014726727187924503,0.12183352532878525,5.1986082804882951e-06,-1.5651826697184887e-05,-4.3140216181361546e-06,-1.6185712176683165e-20,-7.4429661574567131e-05,6.9406218632832249e-05,-0.00010472999031661197,-5.2256657684821399e-09
67,4,support,0.0086101973684210506,0.0045000000000000005,0.0086060855263157873,0.0086143092105263139,0.0040000000000000001,0.0050000000000000001,1000884.8104045029,1.5990379446835505,15.58141404919421,2728.7100532387162,0.13844829231102318,1173,1173,4.1340516827765284e-05,0.20481657729572467,0.40000000000000002,2,300000,0.00033700000000000001,0.0001,0.07975474121751025,0.13032301796531473,2.1440657272600926e-17,0.22206590457882669,0.040827446334614298,0.52706067889565444,2.344183819803071e-05,0.077460053936069487,0.072496140773229009,1.0440519984100946e-17,0.078622572779466729,0.31555027078912795,0.45586181886886418,9.1428532424964491e-06,nan,nan,nan,nan,nan,nan,nan,nan,nan,nan,nan,nan,nan,nan,0.24822709352296093,0.0026289268908019988,1.4201359030905624e-09,0.0024906480403730329,3.2854776761709025e-05,0.39280201162356543,0.00010695499825669976,5.3141463218459001e-07,2.4625453303053589e-10,4.187905259808499e-12,3.8784196745022234e-10,1.0306673751701232e-10,8.7860073582870298e-08,0.35371088871108591,0,0,0,0,0,0,0,nan,nan,nan,nan,nan,nan,nan,nan,nan,nan,nan,nan,nan,nan,-1.5511189214724883e-11,-4.8811248413176361e-13,-3.0302097508028693e-11,-4.4404943452692879e-10,1.5549410717352607e-14,7.8053768450773303e-10,3.7638768233112006e-13,-2.2806832377514352e-13,-3.1217141645655459e-16,-2.676275191739108e-18,8.2579487823184822e-18,-1.7025717410486952e-17,-1.5799035923458056e-13,-2.9019231513654858e-10,-3.2912173847463727e-07,1.5745143350232027e-07,-8.5498905796339741e-23,1.7092044013936948e-07,1.1583841823120666e-06,-4.9962840520390017e-07,0,0.017635457620125014,0.028696294905182777,4.7397156836099106e-18,0.048922876779924795,0.0090084380478656946,0.11629577633126452,5.1685984653923209e-06,0,0,0,0,0,0,0
68,0,lumen,0.0086184210526315773,0.00050000000000000001,0.0086143092105263139,0.0086225328947368406,0,0.001,1000147.4635249075,1.3572384046434345,13.235010778412256,3013.4834011761827,0.16934623127998968,1173,1173,4.0592292784234838e-05,0.23418668320295699,0.59999999999999998,2,500000,0.00035,0.0001,0.066537559722918097,0.16888177897403645,9.1765909180270404e-18,0.17983938168882777,0.066051108470948749,0.51396697255146873,2.2686554342629013e-05,0.054891561435022759,0.079798363620093141,3.7956209672219479e-18,0.054083850008739838,0.43362456971184715,0.37759413940974768,7.5158145494300465e-06,0.27099191370428066,0.0014763469437888022,9.3689043772234842e-10,0.0019205758937391845,2.0298523420982885e-05,0.39598921309887208,7.0383534282845769e-05,9.0322898499128487e-07,2.9569938077361276e-10,3.0444238975658016e-12,2.6612091978807723e-10,6.4566727633443236e-11,6.3597729856632922e-08,0.32953029990857863,nan,nan,nan,nan,nan,nan,nan,nan,nan,nan,nan,nan,nan,nan,0,0,0,0,0,0,0,1.4303466931840224e-11,-1.0087364476702078e-12,-5.3394544807204713e-13,-2.7634696873468718e-11,-6.4291020424045442e-15,1.0492339202333723e-11,8.73875114833827e-13,-5.3107475014857464e-14,-8.685472635820722e-18,-1.8695033220962656e-18,5.8884713060965519e-18,-7.5896995442717476e-18,1.7377259485105702e-14,3.5498824480271888e-12,nan,nan,nan,nan,nan,nan,nan,nan,nan,nan,nan,nan,nan,nan,-1.7200121998732498e-07,1.5107833106764446e-07,-1.1038547597974468e-23,2.091297264022914e-08,5.3691056628446532e-07,-1.9288702107767008e-07,0,0.01537276774397371,0.038726798495270838,2.1192517228353791e-18,0.041329522400436976,0.015100876926807102,0.11828652500133545,5.216323023015054e-06,-8.1985349664226822e-05,0.00010059628151280986,-6.537038631676804e-21,4.2763317260348151e-05,4.2285799032784225e-05,-0.0001158476061327324,4.3660406139888733e-10
68,1,lumen,0.0086184210526315773,0.0015,0.0086143092105263139,0.0086225328947368406,0.001,0.002,1000147.2108955985,1.3956027154176782,13.609120979279858,2935.7453849587664,0.16908894200487265,1173,1173,4.0567941155075457e-05,0.2340930835111078,0.59999999999999998,2,500000,0.00035,0.0001,0.066283623489965998,0.1620845258197797,9.0552555372795426e-18,0.17373996280401666,0.064022958905213478,0.50182660187109829,2.2054025950245688e-05,0.056227753600946423,0.078751443082848691,3.8513053348687768e-18,0.053726468966244299,0.43219057202009575,0.37909624954119814,7.5127886667602244e-06,0.2713376514234988,0.001491501959428306,9.6251340028859346e-10,0.0019338760342806048,2.0237765509113428e-05,0.39464713477992847,7.0988364870782654e-05,8.8751539446429551e-07,2.9219217287077493e-10,3.0886484776046775e-12,2.727079567285291e-10,6.6172077516662355e-11,6.3302633112894126e-08,0.33049765725778218,nan,nan,nan,nan,nan,nan,nan,nan,nan,nan,nan,nan,nan,nan,0,0,0,0,0,0,0,4.2279642483052302e-12,-9.3317633358485296e-13,1.4461921841964797e-13,1.0148509063703296e-11,-4.5006316382045775e-15,9.2397988132181252e-12,7.9728143563194308e-13,-5.3161034602178248e-14,-1.4052366447442881e-17,-2.0078360898923984e-18,6.8164264537975141e-18,-8.8098519200458965e-18,2.2311712009218467e-14,-2.3589769192459656e-11,nan,nan,nan,nan,nan,nan,nan,nan,nan,nan,nan,nan,nan,nan,-1.7771039031132252e-07,1.5517148677091086e-07,-1.1317777468733268e-23,2.2529554508352806e-08,5.5565770287757665e-07,-2.0024988378608555e-07,0,0.015726191007227736,0.038172182783692048,2.147926491437742e-18,0.041007832931026986,0.015030871006585553,0.11861815951728828,5.2079279989477552e-06,-0.00020312569278345928,0.00026429582632892109,-1.5637749769244863e-20,0.00013106211954316092,9.2600452881384142e-05,-0.00028016938887098558,5.5568722962842275e-10
68,2,lumen,0.0086184210526315773,0.0025000000000000001,0.0086143092105263139,0.0086225328947368406,0.002,0.0030000000000000001,1000146.4651073909,1.3241064431629395,12.911939775163514,3107.1229937559701,0.16852398617047568,1173,1173,4.0499627524481542e-05,0.23401109168749323,0.59999999999999998,2,500000,0.00035,0.0001,0.073982148846463036,0.16485415316232491,9.8746584940853795e-18,0.17937748268394837,0.066987562926182756,0.53407616999133312,2.3232907042420713e-05,0.059543293046357519,0.07599381996849415,3.9846551589454727e-18,0.052628127279319627,0.42903738997413099,0.38278986079811733,7.5089335803181113e-06,0.2724051529508843,0.0015286536631687734,1.0270313969986562e-09,0.0019675899548336545,2.0015312465080164e-05,0.39099021694286112,7.2490708840031287e-05,8.4841549212057332e-07,2.8306963597475032e-10,3.201059810245375e-12,2.893616925473574e-10,7.0224217249688877e-11,6.237855841848624e-08,0.3330149680000089,nan,nan,nan,nan,nan,nan,nan,nan,nan,nan,nan,nan,nan,nan,0,0,0,0,0,0,0,1.4204889700603921e-11,-1.3595029391499281e-12,-3.2429904983001802e-13,4.201349412187323e-12,-1.1513142869623572e-15,3.5950585607416596e-11,1.0795105190955901e-12,-1.3429643681839298e-13,-7.4374936909827876e-17,-3.9722828408059826e-18,1.3829671642160436e-17,-1.8418096680322203e-17,5.0113824890688832e-14,-5.3667126472255341e-11,nan,nan,nan,nan,nan,nan,nan,nan,nan,nan,nan,nan,nan,nan,-1.9225235334437152e-07,1.6516822798351427e-07,-1.2420492718059973e-23,2.7048584516486353e-08,6.0379885354067131e-07,-2.1930536681091795e-07,0,0.016593149729988762,0.03670270905199214,2.2149610885045328e-18,0.040027057965195442,0.014866166112997429,0.11934880503204499,5.18698936959055e-06,-0.00038740687799763442,0.00052377341301626599,-3.1079925932183781e-20,0.00026019415593258883,0.00017409704942158644,-0.00053096973106637633,-2.8905195182312639e-10
68,3,support,0.0086184210526315773,0.0035000000000000001,0.0086143092105263139,0.0086225328947368406,0.0030000000000000001,0.0040000000000000001,1001200.4555109037,1.3052903166464942,12.715055929674337,3180.2666521336737,0.16872997329761405,1173,1173,4.0365410186009803e-05,0.23391280951837912,0.40000000000000002,2,300000,0.00033700000000000001,0.0001,0.083140417887763107,0.15529050363665201,1.069609669071399e-17,0.17455426370130539,0.067076431945070014,0.55272725311666671,2.3598967043117669e-05,0.065893851739662446,0.070493660802832078,4.2503115085828169e-18,0.050432121287128109,0.42305584511138866,0.39011701011566369,7.5109433250508778e-06,nan,nan,nan,nan,nan,nan,nan,nan,nan,nan,nan,nan,nan,nan,0.27478939974134409,0.0016041456967438369,1.1552000650930616e-09,0.0020381254383077156,1.9504079601036833e-05,0.38335448495427565,7.5578330114534043e-05,7.739788417737875e-07,2.6515952035223193e-10,3.4313163894345778e-12,3.227030882640509e-10,7.8362603202931507e-11,6.0391992772931103e-08,0.33811792556392162,0,0,0,0,0,0,0,nan,nan,nan,nan,nan,nan,nan,nan,nan,nan,nan,nan,nan,nan,-3.335707764668656e-12,-1.3908515262578743e-12,-2.4439079964176883e-12,-7.3238620200190635e-11,3.0805436326830637e-15,4.5476059766860755e-11,1.0526472550425774e-12,-1.8682559839444668e-13,-1.3914778021998363e-16,-4.7263405967364431e-18,1.704897147375856e-17,-2.3167140379881158e-17,4.8090468265120819e-14,3.4016317349262269e-11,-2.2196310564982086e-07,1.9443928506168717e-07,2.4441600948556158e-23,2.7480924317857579e-08,6.933785903218137e-07,-2.4937313508610615e-07,0,0.018355438710116818,0.034157185949745227,2.3580617286060314e-18,0.038438640689366449,0.014730751166064267,0.12181967665653669,5.1986553972343526e-06,-1.565106159927892e-05,-4.3294736142358182e-06,-1.6113684926357111e-20,-7.4531602741460945e-05,6.9472736724586232e-05,-0.00010483352811819715,-5.2313875338467278e-09
68,4,support,0.0086184210526315773,0.0045000000000000005,0.0086143092105263139,0.0086225328947368406,0.0040000000000000001,0.0050000000000000001,1000884.1413864809,1.5942664106072568,15.534929446378028,2736.7846097800921,0.13745860647773619,1173,1173,4.1341983048486746e-05,0.20480423822998495,0.40000000000000002,2,300000,0.00033700000000000001,0.0001,0.079945057163744546,0.13078066980035347,2.1492458557490797e-17,0.22284340691447541,0.040948962249393366,0.52860806552664052,2.3515117920145641e-05,0.077413253295856743,0.072533683623654144,1.043452176135456e-17,0.0786624691314705,0.31554525766206515,0.45583619221441762,9.1440725359880388e-06,nan,nan,nan,nan,nan,nan,nan,nan,nan,nan,nan,nan,nan,nan,0.248203127651731,0.0026285889090824481,1.4191516459166973e-09,0.0024902865327241413,3.2867548012821979e-05,0.39285789945967498,0.00010694036209131039,5.3166376930816022e-07,2.463581067212988e-10,4.1855312584357989e-12,3.8757547701128555e-10,1.0299734899198032e-10,8.7893487869346678e-08,0.35367966781915811,0,0,0,0,0,0,0,nan,nan,nan,nan,nan,nan,nan,nan,nan,nan,nan,nan,nan,nan,-7.1218993406499579e-11,-5.0541777784569074e-13,5.4108087340455412e-12,-1.552627555266689e-10,4.1180166915344429e-15,-4.2346983233389202e-10,3.8876069788266002e-13,-2.2800901791630857e-13,-3.0998071297663038e-16,-2.7599222608328388e-18,8.6853429752597043e-18,-1.7558863878857905e-17,-1.5442468034050738e-13,6.4503630163570369e-10,-3.2889743847071967e-07,1.584406047472342e-07,4.1602890463528968e-23,1.7087527135472904e-07,1.1575868078678164e-06,-4.9961199727333039e-07,0,0.01762232602420254,0.02870718243770394,4.722011260763086e-18,0.048940884152081435,0.0090070654984939266,0.11627279859098016,5.1685602201444742e-06,0,0,0,0,0,0,0
69,0,lumen,0.008626644736842104,0.00050000000000000001,0.0086225328947368406,0.0086307565789473673,0,0.001,1000147.3650852629,1.3593038472347641,13.25515309502565,3008.7117374657132,0.16931547935627669,1173,1173,4.0592535381101011e-05,0.23419975105602905,0.59999999999999998,2,500000,0.00035,0.0001,0.066389048662328892,0.16868190653990284,9.1563553007283329e-18,0.17956744569278418,0.065962295753769329,0.51309885282217704,2.2650554524765697e-05,0.054852396924033993,0.079825222975623722,3.7930149166699064e-18,0.054084255119192869,0.43370055987875633,0.37753004979405996,7.5153083332414335e-06,0.27099098674889122,0.0014757035059233729,9.3613671660215536e-10,0.0019200750229197406,2.0296505822107354e-05,0.39602129036343436,7.0359019399175539e-05,9.0376222527070422e-07,2.9579786923676048e-10,3.0431582272877396e-12,2.6593027179207728e-10,6.451877562663376e-11,6.3596972373025529e-08,0.32950031990898554,nan,nan,nan,nan,nan,nan,nan,nan,nan,nan,nan,nan,nan,nan,0,0,0,0,0,0,0,1.1990848978361984e-11,-1.0004434994433177e-12,-4.241080517871964e-13,-2.3114769765393676e-11,-6.3146102929900749e-15,9.0790593359341143e-12,8.6596474844655278e-13,-5.3107475014857464e-14,-8.8143773088549005e-18,-1.8696103224321433e-18,5.8945407955399481e-18,-7.6034134039590069e-18,1.7442337198341721e-14,2.6453837500058253e-12,nan,nan,nan,nan,nan,nan,nan,nan,nan,nan,nan,nan,nan,nan,-1.7182650090437346e-07,1.5094498517775889e-07,-1.1268542858111517e-23,2.0872902742344591e-08,5.3634717042672087e-07,-1.9267664280731012e-07,0,0.015362781401075021,0.038742528939170268,2.1178766694529963e-18,0.041332595479221468,0.015104628165001285,0.11827415534224286,5.2163158224845998e-06,-8.1985873836131745e-05,0.00010064548894009862,-6.527217578269367e-21,4.2804671076634209e-05,4.224931858365997e-05,-0.00011580515275636148,4.3772441401964041e-10
69,1,lumen,0.008626644736842104,0.0015,0.0086225328947368406,0.0086307565789473673,0.001,0.002,1000147.1126345065,1.393005850493616,13.583799169563532,2941.0288323428645,0.16916149733573277,1173,1173,4.056816309875499e-05,0.23410660787737833,0.59999999999999998,2,500000,0.00035,0.0001,0.066360875969310618,0.16244105098253692,9.0657918324007791e-18,0.17406407306791158,0.064153789262403754,0.50267637287636402,2.2093626188200146e-05,0.056188544030632052,0.078777815545862634,3.8486122746547146e-18,0.053726542552449352,0.43226795104513588,0.37903163455104977,7.5122748702858632e-06,0.27133718348720964,0.0014908448954008473,9.6175441872173273e-10,0.0019333699264151118,2.0235624110859244e-05,0.39467892695059786,7.0963439760343149e-05,8.8804166142339042e-07,2.9228948992764055e-10,3.087351549116123e-12,2.7251571842658741e-10,6.6123499709200472e-11,6.3301593064487926e-08,0.33046752273748026,nan,nan,nan,nan,nan,nan,nan,nan,nan,nan,nan,nan,nan,nan,0,0,0,0,0,0,0,-3.9566438877808174e-11,-9.3129924275886642e-13,3.0145633300492538e-12,8.0697042040453967e-11,-3.3319701164824522e-15,-1.5166351464632188e-11,7.9475668171649154e-13,-5.3541806405155157e-14,-1.4352700373320765e-17,-2.0179268694161071e-18,6.8334074894962504e-18,-8.8391693852285809e-18,2.2647254785535635e-14,-2.8808039452657e-11,nan,nan,nan,nan,nan,nan,nan,nan,nan,nan,nan,nan,nan,nan,-1.7753549462224544e-07,1.550585868592691e-07,-1.1250168425302812e-23,2.2489093711070531e-08,5.551058446934265e-07,-2.0010220708188697e-07,0,0.01571625682021582,0.038187694257403364,2.1465818173340082e-18,0.041010701185963602,0.015034689152916576,0.11860577573442994,5.2079243439484139e-06,-0.0002030388119319779,0.00026420920633441039,-1.5615548241632645e-20,0.00013098323584652153,9.2530687247793474e-05,-0.0002797330305027042,5.537462396243754e-10
69,2,lumen,0.008626644736842104,0.0025000000000000001,0.0086225328947368406,0.0086307565789473673,0.002,0.0030000000000000001,1000146.3673548091,1.3237662522247626,12.908623686530518,3107.7162527987598,0.168543531749728,1173,1173,4.0499859628312462e-05,0.23402505532424725,0.59999999999999998,2,500000,0.00035,0.0001,0.073950762673893181,0.16495479818732237,9.8700294826131121e-18,0.17942550699338083,0.067017251243531653,0.53412014445982525,2.3237327646587702e-05,0.059502746786088287,0.076020686008130348,3.9817643717111743e-18,0.052628697528744189,0.42911730000417636,0.38272306123936733,7.5084334936273467e-06,0.27240454980517026,0.0015279567454015591,1.0262341598293543e-09,0.001967058975286332,2.0013260264226969e-05,0.39102380388046026,7.2464403709460775e-05,8.4894047338932916e-07,2.8316905453302743e-10,3.1996440682255538e-12,2.8915882168009216e-10,7.0172563357897478e-11,6.2377962629017267e-08,0.33298323993933809,nan,nan,nan,nan,nan,nan,nan,nan,nan,nan,nan,nan,nan,nan,0,0,0,0,0,0,0,1.8519949133188946e-11,-1.3715220641051635e-12,-8.7101459999891773e-13,-4.3827218659826234e-12,-1.0451708942760263e-15,5.1284000483764469e-11,1.0860511905109343e-12,-1.3750220580199812e-13,-7.7694776098786028e-17,-4.0499963462642401e-18,1.4075052651223972e-17,-1.8760400031496317e-17,5.1361146133416678e-14,-6.4177580090646927e-11,nan,nan,nan,nan,nan,nan,nan,nan,nan,nan,nan,nan,nan,nan,-1.9206110410223409e-07,1.6500748617476191e-07,-1.202844551663139e-23,2.7003292151474049e-08,6.0317929122255531e-07,-2.1906078689903907e-07,0,0.016582966996228746,0.036718288089519366,2.2133098021568413e-18,0.040030239981438065,0.014870056856588005,0.11933598300191835,5.186995922046768e-06,-0.00038716523681038778,0.00052356824247285275,-3.1276053015236479e-20,0.00025990277431556941,0.0001740175418345253,-0.00053131015178899978,-2.9481484510714808e-10
69,3,support,0.008626644736842104,0.0035000000000000001,0.0086225328947368406,0.0086307565789473673,0.0030000000000000001,0.0040000000000000001,1001199.6565289111,1.3083307229358325,12.74468321723036,3172.6493130251711,0.16873918360928331,1173,1173,4.0365762405375076e-05,0.23392662445194673,0.40000000000000002,2,300000,0.00033700000000000001,0.0001,0.082889945554475944,0.15499630051406951,1.0668138861057701e-17,0.17416117444243798,0.066933765915980645,0.55133987453217503,2.3542664625357909e-05,0.065848413512763701,0.070524053905549999,4.2490796394026219e-18,0.050435797155347052,0.42313970393622224,0.39004452100694437,7.5104831724576179e-06,nan,nan,nan,nan,nan,nan,nan,nan,nan,nan,nan,nan,nan,nan,0.27478641223348371,0.001603354139106691,1.15427608324048e-09,0.0020375218376482082,1.9502847636508754e-05,0.38339594356563245,7.5548492419228307e-05,7.7452421332184426e-07,2.6527074745916165e-10,3.4295671557318692e-12,3.2246537405260311e-10,7.8301605737654124e-11,6.0394131782626101e-08,0.33808088014198467,0,0,0,0,0,0,0,nan,nan,nan,nan,nan,nan,nan,nan,nan,nan,nan,nan,nan,nan,-8.4264600060352798e-11,-1.4059400872855688e-12,1.0673237436706542e-11,1.4630773405772633e-10,1.4753823163182744e-15,-4.2978589112098453e-10,1.0672341792939007e-12,-1.8575592453107248e-13,-1.3607924361929913e-16,-4.7674627144356062e-18,1.7255846604922294e-17,-2.3400415057842703e-17,4.8745307550671322e-14,3.5754402197587362e-10,-2.217472864825959e-07,1.9474645679418146e-07,-2.1194185962600304e-23,2.7420078132690816e-08,6.9267138953776897e-07,-2.4930289638236403e-07,0,0.018344079419609416,0.034174346849706667,2.3594650673823031e-18,0.038444152630386773,0.014734769373916009,0.12180584711448411,5.1987025435021807e-06,-1.565537693481044e-05,-4.3478317570242616e-06,-1.6124539287027563e-20,-7.4690832717163566e-05,6.9557382773960028e-05,-0.00010540607883411824,-5.2371068306945419e-09
69,4,support,0.008626644736842104,0.0045000000000000005,0.0086225328947368406,0.0086307565789473673,0.0040000000000000001,0.0050000000000000001,1000883.4724380546,1.5874768567458024,15.468780679205164,2748.3971430460197,0.13840980149712731,1173,1173,4.1343449852799163e-05,0.20479187819794603,0.40000000000000002,2,300000,0.00033700000000000001,0.0001,0.080238406312520535,0.13140791439936281,2.1589621944960425e-17,0.22390998344477575,0.041123408027401734,0.53083870056297999,2.3618828039849378e-05,0.077366471937750508,0.07257123196556621,1.0437062529331447e-17,0.078702411456558791,0.31554016843122151,0.45581057091551486,9.1452933879422091e-06,nan,nan,nan,nan,nan,nan,nan,nan,nan,nan,nan,nan,nan,nan,0.24817914981399095,0.00262825179581914,1.4181679986187325e-09,0.002489925257142788,3.2880328248919213e-05,0.39291377299223396,0.00010692574857277509,5.3191282107537997e-07,2.4646166216155203e-10,4.1831590918618942e-12,3.8730914975184821e-10,1.0292801066183454e-10,8.7926914878022584e-08,0.35364847206520683,0,0,0,0,0,0,0,nan,nan,nan,nan,nan,nan,nan,nan,nan,nan,nan,nan,nan,nan,-9.0676599390906066e-11,-5.1473212001731338e-13,2.7553025557205927e-11,4.6143187686898968e-11,-4.4531435830497124e-15,-1.2863670982360062e-09,3.9621677940137418e-13,-2.257178818854122e-13,-3.0502535382406496e-16,-2.8067993939397858e-18,8.9978341296966449e-18,-1.7868087178736773e-17,-1.5112371197824087e-13,1.3038475571851214e-09,-3.2865980752888602e-07,1.5908995043556473e-07,-4.1318344678300712e-23,1.7082905276884847e-07,1.1567709838483653e-06,-4.9950740210746858e-07,0,0.017609205020611193,0.028718054664531287,4.7283907662251714e-18,0.048958885175339945,0.0090056896163655063,0.11624983020012902,5.1685219071790176e-06,0,0,0,0,0,0,0
70,0,lumen,0.0086348684210526307,0.00050000000000000001,0.0086307565789473673,0.008638980263157894,0,0.001,1000147.2666385756,1.3610704077235518,13.272380888217485,3004.6144361089287,0.16936843815012284,1173,1173,4.0592777538690755e-05,0.23421280230794472,0.59999999999999998,2,500000,0.00035,0.0001,0.066255585981109477,0.16851953662486432,9.1382274481028926e-18,0.17933565795898052,0.065888201344119088,0.5123460264064249,2.261962842064477e-05,0.054813275142637147,0.079852034173192296,3.7904255057936519e-18,0.054084645396866124,0.43377644061444043,0.37746608987126312,7.5148016007195675e-06,0.27099006810021065,0.0014750614836792214,9.3538401503261193e-10,0.0019195752171174819,2.0294489487557267e-05,0.39605329736342787,7.0334557234606596e-05,9.0429474833092537e-07,2.9589618762511748e-10,3.0418947151865663e-12,2.6573989035716163e-10,6.4470897332634158e-11,6.3596209281148671e-08,0.32947039933335198,nan,nan,nan,nan,nan,nan,nan,nan,nan,nan,nan,nan,nan,nan,0,0,0,0,0,0,0,-2.7910967163307173e-12,-1.0155033236593936e-12,9.0903719722878978e-14,8.9174115228248746e-12,-5.9872896571167011e-15,-2.4455615484086923e-12,8.7723657439533708e-13,-5.4723586773164357e-14,-9.642206482706958e-18,-1.9158493632446881e-18,6.0471978564660102e-18,-7.8069966277034175e-18,1.8580253919423929e-14,-3.5913496018372823e-12,nan,nan,nan,nan,nan,nan,nan,nan,nan,nan,nan,nan,nan,nan,-1.7165249178042324e-07,1.5082167592606055e-07,-1.1718398449856635e-23,2.083321265769108e-08,5.3579129198622066e-07,-1.9249445998292813e-07,0,0.015352806587941317,0.038758243031740421,2.1164418788109065e-18,0.041335660565613587,0.015108375471584739,0.1182618005385951,5.2163086049428042e-06,-8.1990614041020781e-05,0.00010070571312545096,-6.5153734263656815e-21,4.2850602123256167e-05,4.2213957444504265e-05,-0.00011583798042161726,4.3863803538852532e-10
70,1,lumen,0.0086348684210526307,0.0015,0.0086307565789473673,0.008638980263157894,0.001,0.002,1000147.0143661383,1.3926452677707388,13.580284306664907,2941.6010599655165,0.16911214108370062,1173,1173,4.0568384701831841e-05,0.23412011841345831,0.59999999999999998,2,500000,0.00035,0.0001,0.066331786902360648,0.16253744379074991,9.0617914273943725e-18,0.17410936006850211,0.064181868840107903,0.502720833350075,2.2097835715262535e-05,0.056149381331619341,0.078804166267652659,3.8459186171546466e-18,0.053726615241922085,0.43234525108221372,0.37896707431460047,7.5117619918708165e-06,0.27133671404013493,0.0014901887663981395,9.6099646916879896e-10,0.0019328643721448358,2.0233483856305816e-05,0.39471068262833031,7.0938546495323296e-05,8.8856769242319255e-07,2.9238672428593205e-10,3.0860572491477967e-12,2.7232375548459221e-10,6.6074997467550354e-11,6.3300549075368883e-08,0.33043742469953064,nan,nan,nan,nan,nan,nan,nan,nan,nan,nan,nan,nan,nan,nan,0,0,0,0,0,0,0,6.2037058723142767e-12,-9.4138446875416673e-13,1.3733743773701999e-14,7.230179814482166e-12,-4.4848022864862891e-15,9.7157607480136132e-12,8.0239964529603761e-13,-5.4460993006988367e-14,-1.4937436364587243e-17,-2.0543609862300656e-18,6.9833260656068791e-18,-9.035058510957147e-18,2.3401990802581621e-14,-2.2988777713362862e-11,nan,nan,nan,nan,nan,nan,nan,nan,nan,nan,nan,nan,nan,nan,-1.7735501601449238e-07,1.5489677640534438e-07,-1.1074761776291992e-23,2.2448545731849392e-08,5.5450997220318765e-07,-1.9981071253116767e-07,0,0.015706333266387377,0.038203190856031626,2.1452599912451608e-18,0.041013562612242781,0.015038503447742584,0.11859340480064513,5.2079206894068999e-06,-0.00020296475144545838,0.00026416786046886933,-1.5599496124259131e-20,0.00013092933370179789,9.2466794545693526e-05,-0.00027956386877816191,5.5183848655525186e-10
70,2,lumen,0.0086348684210526307,0.0025000000000000001,0.0086307565789473673,0.008638980263157894,0.002,0.0030000000000000001,1000146.2695949643,1.3236927526252109,12.90790822148001,3107.6837627592117,0.16854709847389784,1173,1173,4.0500091675269808e-05,0.23403900143972795,0.59999999999999998,2,500000,0.00035,0.0001,0.073904512166743708,0.16502220239743232,9.8635391907161458e-18,0.1794373899214376,0.067033432614895333,0.53405662182511726,2.3237070002665843e-05,0.059462236501999666,0.076047534560962332,3.9789255144926316e-18,0.052629265845800612,0.42919712101380647,0.38265633414334005,7.5079340908765202e-06,0.27240394087233483,0.0015272609098378467,1.0254377877974999e-09,0.0019665286475470767,2.0011211182536785e-05,0.39105735859520163,7.2438135618365835e-05,8.4946522279953645e-07,2.8326840150621339e-10,3.1982306696106337e-12,2.8895618277665087e-10,7.0120976413184284e-11,6.2377368387279413e-08,0.3329515481147049,nan,nan,nan,nan,nan,nan,nan,nan,nan,nan,nan,nan,nan,nan,0,0,0,0,0,0,0,1.1043799299441214e-11,-1.4001334945740983e-12,-8.8354789538740564e-14,1.1599931564951004e-11,-8.7256590841633397e-16,3.0218755015659626e-11,1.1062638436698679e-12,-1.4176290349943166e-13,-8.1659862125758327e-17,-4.1655797505158695e-18,1.4482134700440919e-17,-1.9312324818091326e-17,5.3286979766031259e-14,-5.2390952860708395e-11,nan,nan,nan,nan,nan,nan,nan,nan,nan,nan,nan,nan,nan,nan,-1.9187145459346328e-07,1.648832068656958e-07,-1.265365633326429e-23,2.6958206731131446e-08,6.0256663426960788e-07,-2.1884124995485976e-07,0,0.016572795436144563,0.036733850580872265,2.2119914862561623e-18,0.040033415524082905,0.014873942640685849,0.11932319308345643,5.1870025166464495e-06,-0.00038697327861635539,0.00052351409413135255,-3.1344407119515557e-20,0.00025969578236069733,0.00017395917314589094,-0.00053259934898276307,-3.0038423851813128e-10
70,3,support,0.0086348684210526307,0.0035000000000000001,0.0086307565789473673,0.008638980263157894,0.0030000000000000001,0.0040000000000000001,1001198.8574833915,1.3150327940773716,12.809979512585491,3156.2545483660933,0.16875386297486836,1173,1173,4.0366114528872632e-05,0.23394041295272067,0.40000000000000002,2,300000,0.00033700000000000001,0.0001,0.082410577896083123,0.15427259515862132,1.0608083602190859e-17,0.17328599850782764,0.066605758867185949,0.54842781958495723,2.3421223477345151e-05,0.065803017794000843,0.070554401404331848,4.2468071008143946e-18,0.050439457626921591,0.42322341592701462,0.38997219722538073,7.5100223505501302e-06,nan,nan,nan,nan,nan,nan,nan,nan,nan,nan,nan,nan,nan,nan,0.27478342790519272,0.0016025645473260735,1.1533532785756759e-09,0.0020369196290925661,1.9501618593183518e-05,0.38343732216043769,7.5518726108924917e-05,7.7506887808435524e-07,2.6538180247294125e-10,3.4278208271916594e-12,3.222279735521375e-10,7.824070027234584e-11,6.0396268043482343e-08,0.33804390812547108,0,0,0,0,0,0,0,nan,nan,nan,nan,nan,nan,nan,nan,nan,nan,nan,nan,nan,nan,9.4497580111885285e-12,-1.4475598643312279e-12,-4.6242574490915033e-12,-1.0891063722397374e-10,3.1803986527689787e-15,1.2631064597035113e-10,1.1017345081982688e-12,-1.8782219703139535e-13,-1.3581099075610577e-16,-4.8818730505628389e-18,1.7718755952559845e-17,-2.399279852774269e-17,5.0981549216681303e-14,-2.1745799796470422e-11,-2.2150345925682491e-07,1.940220863971831e-07,-4.3201239844758657e-23,2.7359820315642471e-08,6.9187866584552449e-07,-2.4875888932074375e-07,0,0.018332729939184125,0.034191496656518959,2.3656763585164616e-18,0.038449658236477051,0.014738783108105368,0.12179202487319998,5.1987496966410461e-06,-1.5658754846213156e-05,-4.365766940212699e-06,-1.6128953955190846e-20,-7.4840092604750238e-05,6.9638800109799473e-05,-0.00010589499085762971,-5.2428323331876075e-09
70,4,support,0.0086348684210526307,0.0045000000000000005,0.0086307565789473673,0.008638980263157894,0.0040000000000000001,0.0050000000000000001,1000882.8035593742,1.5871902681384182,15.465998422230772,2748.800998948705,0.13742006809324089,1173,1173,4.1344916549399808e-05,0.20477950297022035,0.40000000000000002,2,300000,0.00033700000000000001,0.0001,0.080204350037620817,0.13149953508882462,2.1591495497740508e-17,0.22406397256452462,0.041130132614947537,0.53090439296746572,2.3626233204653309e-05,0.077319725184684163,0.072608768375860111,1.0436090858855475e-17,0.078742371927598823,0.31553500304013937,0.45578498495643688,9.1465152807615597e-06,nan,nan,nan,nan,nan,nan,nan,nan,nan,nan,nan,nan,nan,nan,0.2481551707432984,0.0026279158420540864,1.417185315988014e-09,0.002489564488588778,3.2893112928517976e-05,0.39296960554839055,0.0001069111695209334,5.321616425956999e-07,2.4656514878768426e-10,4.1807896050563262e-12,3.8704308415072222e-10,1.028587482975042e-10,8.7960342504900377e-08,0.35361731681539466,0,0,0,0,0,0,0,nan,nan,nan,nan,nan,nan,nan,nan,nan,nan,nan,nan,nan,nan,-3.677887724594881e-11,-5.3473380192014092e-13,-2.613955807562901e-11,-4.3273385301089442e-10,1.6592196366849166e-14,7.5625673355995265e-10,4.113857696374506e-13,-2.2475023144646888e-13,-3.0152727122347326e-16,-2.9023049759938651e-18,9.5347839486747231e-18,-1.8485394880037993e-17,-1.4721957780439674e-13,-2.6012514416085669e-10,-3.2834668262093913e-07,1.5683451448644803e-07,-3.7634447519510846e-23,1.7078240673050328e-07,1.1559191015614312e-06,-4.9872246582483015e-07,0,0.01759609267317154,0.028728914038390879,4.7152814423428348e-18,0.048976882114433282,0.009004310582037987,0.11622687027857398,5.1684836286215003e-06,0,0,0,0,0,0,0
71,0,lumen,0.0086430921052631574,0.00050000000000000001,0.008638980263157894,0.0086472039473684207,0,0.001,1000147.168184742,1.3589121343806225,13.251335944286808,3009.1941356349457,0.1693380435981505,1173,1173,4.059301939772998e-05,0.2342258391449076,0.59999999999999998,2,500000,0.00035,0.0001,0.066313496116800111,0.16884378754084217,9.1465706816912265e-18,0.17962174945017118,0.066004372329950878,0.51307284652953211,2.2654025296538963e-05,0.054774195267959673,0.079878820093162703,3.7878705181966008e-18,0.054085031354148751,0.43385223786506333,0.37740220112430406,7.5142953615721985e-06,0.27098914929631907,0.0014744204675735091,9.3463226090393082e-10,0.0019190760601334362,2.0292474646935642e-05,0.39608526362221241,7.0310130406108908e-05,9.0482695172938996e-07,2.9599441153353752e-10,3.0406335434972999e-12,2.6554976080847278e-10,6.442308865428802e-11,6.35954431811455e-08,0.32944051796267232,nan,nan,nan,nan,nan,nan,nan,nan,nan,nan,nan,nan,nan,nan,0,0,0,0,0,0,0,-6.9325584585955299e-11,-1.0084787945328716e-12,1.7535452359283427e-12,1.6718150529766241e-10,-4.6906922790412864e-15,-6.9492106296795142e-11,8.697640145883758e-13,-5.5207357782527389e-14,-1.0049125732439597e-17,-1.9280464418759894e-18,6.0865055308733183e-18,-7.8665282606268849e-18,1.8810006860417894e-14,-2.9937830154473553e-11,nan,nan,nan,nan,nan,nan,nan,nan,nan,nan,nan,nan,nan,nan,-1.7147990181466677e-07,1.5075407133746666e-07,-1.2802460860911333e-23,2.0793610106277842e-08,5.3526220405997194e-07,-1.9243887056097364e-07,0,0.015342843319737138,0.038773940983383159,2.1148640657059879e-18,0.04133871835725219,0.015112118176925387,0.11824946085342743,5.2163013873627279e-06,-8.1983481353136757e-05,0.00010072438486928723,-6.498679005129906e-21,4.287723139596746e-05,4.2172457861854667e-05,-0.00011562460072367476,4.3950445918814932e-10
71,1,lumen,0.0086430921052631574,0.0015,0.008638980263157894,0.0086472039473684207,0.001,0.002,1000146.9160905092,1.3906144213542599,13.560481980329183,2945.707617247393,0.16918464429389582,1173,1173,4.0568606041696572e-05,0.23413361462674254,0.59999999999999998,2,500000,0.00035,0.0001,0.066382369709956687,0.16282918439382174,9.0686519888797087e-18,0.17436384425973361,0.06428707364052802,0.50336926273238491,2.2128596560849262e-05,0.056110261688176614,0.078830496995505803,3.8432180724132659e-18,0.053726686998228586,0.43242247205876755,0.37890257100938612,7.5112499352533354e-06,0.27133624205385498,0.0014895335720342203,9.6023948025147857e-10,0.0019323593733329444,2.0231345208182881e-05,0.39474240422445983,7.0913685103067082e-05,8.8909349904702644e-07,2.9248388135975782e-10,3.0847654273208424e-12,2.721320491109652e-10,6.6026566316764976e-11,6.3299502626457479e-08,0.33040736175903829,nan,nan,nan,nan,nan,nan,nan,nan,nan,nan,nan,nan,nan,nan,0,0,0,0,0,0,0,1.8972095915208722e-11,-9.421266679854303e-13,-9.1598309353421963e-13,-2.3678184518667061e-11,-4.4871875312657572e-15,3.9766650692871219e-11,8.0147985902026185e-13,-5.5276963562000958e-14,-1.5490051743596157e-17,-2.0759807280193771e-18,7.0276706495591758e-18,-9.1011439863467515e-18,2.4011060594533139e-14,-3.3967939737188757e-11,nan,nan,nan,nan,nan,nan,nan,nan,nan,nan,nan,nan,nan,nan,-1.7717688198873316e-07,1.5473008962985091e-07,-1.0656010611672325e-23,2.2407977471122287e-08,5.5393140678539066e-07,-1.9956203145543583e-07,0,0.015696420422881559,0.038218672659803998,2.1439923283111752e-18,0.041016417470263911,0.015042313720190421,0.11858104677791485,5.2079170514656918e-06,-0.00020288333953927213,0.00026410314440279497,-1.5581253049425173e-20,0.00013086304139188837,9.2400468879860539e-05,-0.00027926229126179388,5.4996833634149933e-10
71,2,lumen,0.0086430921052631574,0.0025000000000000001,0.008638980263157894,0.0086472039473684207,0.002,0.0030000000000000001,1000146.1718278752,1.3239767889665142,12.910679246395572,3106.8122470763356,0.16856658016983564,1173,1173,4.0500323699600024e-05,0.23405292956179863,0.59999999999999998,2,500000,0.00035,0.0001,0.073838353616150487,0.16504499310879639,9.8543228524942762e-18,0.17940080551629453,0.067031495027694316,0.53384899713486467,2.3230539034231828e-05,0.059421760245593196,0.076074365128569729,3.9760610519088531e-18,0.052629831547316958,0.42927685104609176,0.3825896845971794,7.5074352488570485e-06,0.27240332605588596,0.0015265661851213742,1.0246422485906832e-09,0.0019659990009947251,2.0009165484347181e-05,0.39109088052300689,7.241190579000845e-05,8.4998972079827899e-07,2.8336767495232085e-10,3.1968195251012915e-12,2.8875376705425051e-10,7.0069454372165016e-11,6.2376776390440722e-08,0.33291989312718806,nan,nan,nan,nan,nan,nan,nan,nan,nan,nan,nan,nan,nan,nan,0,0,0,0,0,0,0,-1.6052582111218534e-11,-1.4143035797199784e-12,2.8007313464636897e-12,7.0309351235720296e-11,-5.252959525692269e-16,-4.9805348213693978e-11,1.1134025575015309e-12,-1.4592515563960351e-13,-8.6159065343399804e-17,-4.2642410266068385e-18,1.480306733642654e-17,-1.9759340846686254e-17,5.4893268324068274e-14,-6.8596241532238918e-12,nan,nan,nan,nan,nan,nan,nan,nan,nan,nan,nan,nan,nan,nan,-1.9168417655576753e-07,1.6481788667199737e-07,-1.2603181309129412e-23,2.6913386189499662e-08,6.0196485522634458e-07,-2.1866497074141122e-07,0,0.016562634618873358,0.036749398161585706,2.2105349008957798e-18,0.040036585646535158,0.014877823488597992,0.11931042338094801,5.1870091603919152e-06,-0.00038671691345386295,0.00052327034333609008,-3.0952319645531475e-20,0.00025938287639215021,0.00017387635448719364,-0.00053267972710298837,-3.0581054423504513e-10
71,3,support,0.0086430921052631574,0.0035000000000000001,0.008638980263157894,0.0086472039473684207,0.0030000000000000001,0.0040000000000000001,1001198.0583740846,1.3163946245922828,12.823255592330485,3152.7644390924547,0.16876317686502801,1173,1173,4.0366466979819057e-05,0.23395417557372422,0.40000000000000002,2,300000,0.00033700000000000001,0.0001,0.082268492123792697,0.15417911216051144,1.0581549195916035e-17,0.17311912766378851,0.066549942240193158,0.54775860657448694,2.3395538174734414e-05,0.065757645184754798,0.070584725534909937,4.2405747203590984e-18,0.050443109862847405,0.42330700347263284,0.38990000638376038,7.5095610947370319e-06,nan,nan,nan,nan,nan,nan,nan,nan,nan,nan,nan,nan,nan,nan,0.27478043634918026,0.0016017765903412631,1.1524312254564621e-09,0.0020363185057390167,1.950039474462269e-05,0.38347865390567332,7.5489017698826788e-05,7.7561314132811479e-07,2.6549276055642224e-10,3.4260766732522433e-12,3.2199077648392545e-10,7.8179859519990197e-11,6.0398410268299407e-08,0.33800698740355101,0,0,0,0,0,0,0,nan,nan,nan,nan,nan,nan,nan,nan,nan,nan,nan,nan,nan,nan,-9.4163642436924228e-12,-1.4785622000509861e-12,-1.4055444708209275e-12,-5.6081780818204613e-11,2.7219979742421074e-15,5.8361260702605167e-12,1.1281178997676683e-12,-1.8897925758987189e-13,-1.3510779345383375e-16,-4.9753597432356176e-18,1.8102547180666712e-17,-2.4466360462405064e-17,5.2427392493324353e-14,6.155198553985233e-11,-2.212784486954264e-07,1.939739062151169e-07,2.4013617412503662e-23,2.7300245865269648e-08,6.9114382023061083e-07,-2.4852391200536061e-07,0,0.018321391943677792,0.034208632500936385,2.3705044532808214e-18,0.038455156237972812,0.014742791390468815,0.12177822008180614,5.1987968725373388e-06,-1.5661464574588476e-05,-4.3833701969890983e-06,-1.6162332801656625e-20,-7.4982157475594151e-05,6.9717874399530128e-05,-0.00010632368657613798,-5.2485617847783792e-09
71,4,support,0.0086430921052631574,0.0045000000000000005,0.008638980263157894,0.0086472039473684207,0.0040000000000000001,0.0050000000000000001,1000882.1347506044,1.5856590176262793,15.451087840176921,2751.3631241936569,0.13837118651358363,1173,1173,4.1346383213834689e-05,0.20476711194402811,0.40000000000000002,2,300000,0.00033700000000000001,0.0001,0.080233236904475952,0.13169445865816887,2.1625137196792174e-17,0.22439404924930897,0.041169139601567442,0.53138695888951915,2.3652194648199878e-05,0.077273003248319053,0.072646292352442535,1.0442274341631139e-17,0.078782343742508559,0.31552975807952621,0.45575945483910313,9.1477381006833246e-06,nan,nan,nan,nan,nan,nan,nan,nan,nan,nan,nan,nan,nan,nan,0.24813118899079495,0.0026275811802814598,1.4162033844245085e-09,0.0024892043289804597,3.2905904126505465e-05,0.39302539871217196,0.00010689662981631314,5.3241021241689105e-07,2.4666856829997771e-10,4.1784222586367874e-12,3.8677722512179353e-10,1.0278954764177638e-10,8.7993775918995548e-08,0.35358620169322275,0,0,0,0,0,0,0,nan,nan,nan,nan,nan,nan,nan,nan,nan,nan,nan,nan,nan,nan,-6.2439838865995924e-11,-5.4539784539110316e-13,3.1457333370779308e-12,-1.6766744903842499e-10,5.2155545507415191e-15,-3.7792908537913339e-10,4.2225999045156607e-13,-2.1964710866101411e-13,-2.9219537420633763e-16,-2.9645781310365775e-18,1.0017843157540125e-17,-1.8874873491844045e-17,-1.4292481936946227e-13,6.0537172445729474e-10,-3.2811682994151464e-07,1.5775606188039859e-07,-2.0975629121036603e-22,1.7073590911827972e-07,1.155108000944205e-06,-4.986818846752783e-07,0,0.017582991857286737,0.028739756875257538,4.7258206943386665e-18,0.048994870906202734,0.0090029281349190415,0.1162039221479845,5.168445244218126e-06,0,0,0,0,0,0,0
72,0,lumen,0.008651315789473684,0.00050000000000000001,0.0086472039473684207,0.0086554276315789474,0,0.001,1000147.0697237978,1.3613510731027854,13.275120390303515,3003.6112274077714,0.16939088566164268,1173,1173,4.0593260808787086e-05,0.23423886152134157,0.59999999999999998,2,500000,0.00035,0.0001,0.066147514717830327,0.16859771992752756,9.1242076588162197e-18,0.17930118516382659,0.065897612068067171,0.51206701410258415,2.2611914503169325e-05,0.05473516308661542,0.079905570495130404,3.785391434993271e-18,0.054085410238221741,0.43392794327237577,0.37733839911823769,7.5137894188941901e-06,0.27098823472236061,0.001473780588256085,9.3388157806469607e-10,0.0019185776838290763,2.0290460510088064e-05,0.396117175805134,7.0285744447154945e-05,9.0535868520012847e-07,2.960925076228429e-10,3.0393748548840114e-12,2.6535991419565685e-10,6.4375357096030412e-11,6.3594670944186834e-08,0.32941068447935273,nan,nan,nan,nan,nan,nan,nan,nan,nan,nan,nan,nan,nan,nan,0,0,0,0,0,0,0,4.5903724312113361e-12,-1.019211739854393e-12,-5.8376748315704512e-14,-9.8273665501322326e-12,-5.9532457089006563e-15,6.8658420962486311e-12,8.769275258081011e-13,-5.6840599935159553e-14,-1.0956594356403399e-17,-1.970903299491344e-18,6.2838725310884841e-18,-8.1266019360739233e-18,1.9882394427000157e-14,-1.3851144070287189e-12,nan,nan,nan,nan,nan,nan,nan,nan,nan,nan,nan,nan,nan,nan,-1.7130413920794091e-07,1.5054331509167795e-07,-1.5395279621720577e-23,2.0754059624718752e-08,5.3466383727329703e-07,-1.9204835827180133e-07,0,0.01533289137368787,0.038789623170511149,2.112942403020782e-18,0.041341768086694292,0.015115857574063939,0.1182371333395426,5.2162941473317815e-06,-8.1981194671968636e-05,0.00010075677656977808,-6.4705722079295736e-21,4.2909741956055356e-05,4.2132327574890393e-05,-0.00011550788613815439,4.4013608450590649e-10
72,1,lumen,0.008651315789473684,0.0015,0.0086472039473684207,0.0086554276315789474,0.001,0.002,1000146.8178075281,1.3862341580736923,13.517769469139491,2954.8257846462907,0.16913560318487472,1173,1173,4.0568827237058431e-05,0.23414709826009547,0.59999999999999998,2,500000,0.00035,0.0001,0.06654574607970519,0.16339824375700673,9.0908637994436648e-18,0.17491505424322046,0.064501711655155433,0.50487380958499017,2.2197009327925294e-05,0.056071187100750965,0.078856829374133464,3.8404963159017755e-18,0.053726769068642405,0.43249963716235068,0.37883806655432278,7.5107397997304897e-06,0.27133575915832925,0.0014888789158430408,9.5948342927642382e-10,0.001931854521007297,2.0229208372590855e-05,0.39477412007868762,7.0888838645976032e-05,8.8961945838798756e-07,2.9258103249322346e-10,3.0834763562926436e-12,2.719405971887761e-10,6.597820519809274e-11,6.3298456038291966e-08,0.33037731476813309,nan,nan,nan,nan,nan,nan,nan,nan,nan,nan,nan,nan,nan,nan,0,0,0,0,0,0,0,-6.9622852992736294e-11,-9.5203149784071649e-13,4.6816738665836259e-12,1.1352772543523495e-10,-1.9957993591113166e-15,6.6309950152304564e-12,8.0865090307655764e-13,-5.6514905602544907e-14,-1.6245093573036917e-17,-2.1166729799874768e-18,7.1941790049388032e-18,-9.3200472154211036e-18,2.4782756223196599e-14,-5.5040278055759163e-11,nan,nan,nan,nan,nan,nan,nan,nan,nan,nan,nan,nan,nan,nan,-1.7700552543999104e-07,1.5462719527015167e-07,-9.7210400436576732e-24,2.2367051219028325e-08,5.5340391315328308e-07,-1.9948135859815253e-07,0,0.015686518820345635,0.038234139690360186,2.1428516320628519e-18,0.041019266751550473,0.015046118827651771,0.11856870375042459,5.207913492171137e-06,-0.00020279179752433099,0.00026400879323744598,-1.556617856350314e-20,0.00013078132143893743,9.2331515506586604e-05,-0.00027878414257122264,5.4833543497867469e-10
72,2,lumen,0.008651315789473684,0.0025000000000000001,0.0086472039473684207,0.0086554276315789474,0.002,0.0030000000000000001,1000146.0740535733,1.3248210870424568,12.918913630758166,3104.6278021739613,0.16857003785798988,1173,1173,4.0500555718048139e-05,0.23406683908974982,0.59999999999999998,2,500000,0.00035,0.0001,0.073741064520088925,0.16499792124682472,9.8409612199238702e-18,0.17928836698599571,0.067001196799813104,0.53341591300113722,2.3214190376626171e-05,0.059381315438209452,0.076101174360669988,3.973202326515313e-18,0.05263039214914568,0.42935648542371818,0.38252312569157387,7.5069366829439512e-06,0.27240270647147441,0.0015258726550986695,1.0238475089685693e-09,0.0019654701226100653,2.0007123389500125e-05,0.39112436514387267,7.238571781750111e-05,8.5051389786230258e-07,2.8346686333374004e-10,3.1954105014721629e-12,2.8855156505313451e-10,7.0017995105828628e-11,6.2376186988885623e-08,0.33288827820657285,nan,nan,nan,nan,nan,nan,nan,nan,nan,nan,nan,nan,nan,nan,0,0,0,0,0,0,0,1.5950271479639995e-11,-1.4469208228023081e-12,-5.1509829953876232e-13,7.3808894248651083e-13,-4.778078974143618e-16,4.1095863257539778e-11,1.1356137140682936e-12,-1.5138845038675797e-13,-9.144663367165147e-17,-4.4042398750971466e-18,1.5273139809674859e-17,-2.0409423550582447e-17,5.7303548359739819e-14,-5.6863375292793064e-11,nan,nan,nan,nan,nan,nan,nan,nan,nan,nan,nan,nan,nan,nan,-1.9149095589927889e-07,1.6458152446441332e-07,-1.2552446219235238e-23,2.6868945316881391e-08,6.0133468365863862e-07,-2.1836105129624528e-07,0,0.016552484955723635,0.036764929096522972,2.2090749040093581e-18,0.040039749295459282,0.014881699378156992,0.11929768505595759,5.1870158459644311e-06,-0.00038651970840217144,0.00052320547248512351,-3.0045083722200769e-20,0.00025916948038970248,0.000173817673420033,-0.00053388874615269426,-3.1114561930876878e-10
72,3,support,0.008651315789473684,0.0035000000000000001,0.0086472039473684207,0.0086554276315789474,0.0030000000000000001,0.0040000000000000001,1001197.2592010071,1.3219286830274379,12.877174208660925,3139.3421262303982,0.1687778526835397,1173,1173,4.0366819445508308e-05,0.23396791384133736,0.40000000000000002,2,300000,0.00033700000000000001,0.0001,0.081867540816562653,0.15359942487466891,1.0510831853022164e-17,0.17240670057212221,0.066284353795844714,0.54536425882544926,2.3296145496070201e-05,0.065712309738174671,0.070615014368484039,4.2299460231673456e-18,0.050446752209949305,0.42339046187381324,0.38982795271010584,7.509099472921341e-06,nan,nan,nan,nan,nan,nan,nan,nan,nan,nan,nan,nan,nan,nan,0.27477744475736865,0.0016009903597524061,1.1515102170830471e-09,0.0020357185596602614,1.9499173838003075e-05,0.38351992043121552,7.5459371059800206e-05,7.7615687139294675e-07,2.6560358212428198e-10,3.42433524229438e-12,3.2175385938476615e-10,7.8119101832041503e-11,6.0400551065301977e-08,0.33797012896926748,0,0,0,0,0,0,0,nan,nan,nan,nan,nan,nan,nan,nan,nan,nan,nan,nan,nan,nan,1.551626946192051e-10,-1.530071022815172e-12,-2.8856463858614947e-11,-5.1010680216823583e-10,5.9850128325544816e-15,1.0153502227362721e-09,1.1699254801351088e-12,-1.9235351159108127e-13,-1.3649522499453381e-16,-5.13284151279898e-18,1.8699160916842781e-17,-2.5237673955545811e-17,5.5149538778310255e-14,-6.3105817812580214e-10,-2.2102313490101472e-07,1.927956864156144e-07,1.9020811436862841e-22,2.7241086122972766e-08,6.9031875976621748e-07,-2.4778286406013095e-07,0,0.01831006406106591,0.034225757003443186,2.3385498735553792e-18,0.038460648195835272,0.014746794844449114,0.12176442356550819,5.1988440665416442e-06,-1.5666920330583721e-05,-4.4026206442381949e-06,-1.619411641234091e-20,-7.5155415796575699e-05,6.9806776654667067e-05,-0.00010700622986690322,-5.2542957833204616e-09
72,4,support,0.008651315789473684,0.0045000000000000005,0.0086472039473684207,0.0086554276315789474,0.0040000000000000001,0.0050000000000000001,1000881.4660118046,1.5857491702355329,15.451976635671832,2751.1144885517647,0.13738143605976619,1173,1173,4.1347849735887782e-05,0.20475470633316667,0.40000000000000002,2,300000,0.00033700000000000001,0.0001,0.080180140153619794,0.13175487848245768,2.1626324003663865e-17,0.22449500321894597,0.041166077084003043,0.53132669848680947,2.3653997843553826e-05,0.077226307567077601,0.072683802354399044,1.044344812863563e-17,0.078822321447072782,0.31552443516085349,0.45573398450884439,9.1489617526614677e-06,nan,nan,nan,nan,nan,nan,nan,nan,nan,nan,nan,nan,nan,nan,0.24810720632737987,0.0026272478379900173,1.4152222548173649e-09,0.0024888448159548298,3.2918701133743646e-05,0.39308114894029655,0.00010688213082471498,5.3265851255530597e-07,2.4677191444497496e-10,4.1760571703228218e-12,3.8651158697585492e-10,1.0272041227629884e-10,8.8027213433174386e-08,0.35355512840529207,0,0,0,0,0,0,0,nan,nan,nan,nan,nan,nan,nan,nan,nan,nan,nan,nan,nan,nan,-9.8217015616515327e-11,-5.6876141584803746e-13,2.6176049376971273e-11,2.0894088258103357e-11,-1.7619369505061933e-15,-1.1776770752168486e-09,4.4218543300781711e-13,-2.1666999791558617e-13,-2.8540652135297048e-16,-3.0760841584849541e-18,1.0723634808405842e-17,-1.9602817220459692e-17,-1.3819310070148108e-13,1.229307516378654e-09,-3.2788102991877788e-07,1.5834317113050389e-07,-2.5842116664635033e-22,1.7068971679271937e-07,1.1543031852301322e-06,-4.98565414897012e-07,0,0.017569901041697391,0.028750585204528018,4.7244457088357516e-18,0.049012853859260345,0.0090015424200060486,0.11618098250112328,5.1684068324994425e-06,0,0,0,0,0,0,0
73,0,lumen,0.0086595394736842107,0.00050000000000000001,0.0086554276315789474,0.0086636513157894741,0,0.001,1000146.9712557429,1.3593756970621522,13.255858953197089,3007.7840810044845,0.1693604913093131,1173,1173,4.0593501936797257e-05,0.23425186904081124,0.59999999999999998,2,500000,0.00035,0.0001,0.066196439161251702,0.16889916383258599,9.1318996003734808e-18,0.1795629560024512,0.066004864893082604,0.512724478649911,2.264324662008128e-05,0.054696170337558109,0.079932291791420459,3.7830856015159612e-18,0.054085782862315156,0.43400356113468913,0.37727468059032654,7.5132836905695666e-06,0.27098732145370918,0.0014731417883173904,9.3313180876388162e-10,0.0019180800366204232,2.0288447953121688e-05,0.39614904240913179,7.0261397046214398e-05,9.0589002598494199e-07,2.961904967134694e-10,3.0381183632344797e-12,2.6517030965636272e-10,6.4327692846943248e-11,6.3593895696371021e-08,0.32938089342143401,nan,nan,nan,nan,nan,nan,nan,nan,nan,nan,nan,nan,nan,nan,0,0,0,0,0,0,0,-6.152631936518121e-12,-1.014099258486467e-12,-1.2515672769552705e-12,4.8766951962198442e-11,-5.9286343195852353e-15,-4.1908618936270514e-11,8.7075975522008489e-13,-5.7388122032264732e-14,-1.1500170822666216e-17,-1.9911707463819733e-18,6.3588596072425014e-18,-8.2334449073024426e-18,2.0399767341844825e-14,7.3213641221027484e-13,nan,nan,nan,nan,nan,nan,nan,nan,nan,nan,nan,nan,nan,nan,-1.7112926330425243e-07,1.5045779688804828e-07,-2.1575970359252536e-23,2.0714669455606979e-08,5.3410877334791884e-07,-1.9189387984175355e-07,0,0.015322950953035243,0.038805288642301039,2.1104777568731827e-18,0.041344810002552114,0.015119592624005527,0.11822482367497905,5.2162868849728485e-06,-8.1988839501038823e-05,0.000100821835961957,-6.4154695556998513e-21,4.2956912255900344e-05,4.2097361355406196e-05,-0.00011558229135224535,4.4075333178228429e-10
73,1,lumen,0.0086595394736842107,0.0015,0.0086554276315789474,0.0086636513157894741,0.001,0.002,1000146.7195173791,1.390917149252203,13.563436676658702,2944.6884758742817,0.16920747835674224,1173,1173,4.0569048023954304e-05,0.23416056602526397,0.59999999999999998,2,500000,0.00035,0.0001,0.066275530806831323,0.16290239648934526,9.0537006743559297e-18,0.17432637438981521,0.064295993512705402,0.50308837809775275,2.2120771823285607e-05,0.056032161398142474,0.078883125285940145,3.8377178506796936e-18,0.053726845420431185,0.43257670464902703,0.37877365301647514,7.510229984078858e-06,0.27133527984408751,0.0014882254599631348,9.5872848365925213e-10,0.0019313504851009358,2.0227072555824275e-05,0.39480578045374093,7.0864035179093042e-05,8.9014492634624036e-07,2.926780517625408e-10,3.0821898559842601e-12,2.7174943700222354e-10,6.592992396727289e-11,6.3297403758863243e-08,0.33034731761487451,nan,nan,nan,nan,nan,nan,nan,nan,nan,nan,nan,nan,nan,nan,0,0,0,0,0,0,0,4.0773001402751422e-11,-9.4982463676879166e-13,-2.2517727586327567e-12,-5.124474373041369e-11,-5.103664886541015e-15,3.4265833226410081e-11,8.0505374391353824e-13,-5.7313962603666724e-14,-1.6794511588785584e-17,-2.1369795660920118e-18,7.2581775036429364e-18,-9.4116008063893915e-18,2.5333576033184833e-14,-2.1360302580400716e-11,nan,nan,nan,nan,nan,nan,nan,nan,nan,nan,nan,nan,nan,nan,-1.7682195214193536e-07,1.5446383422323962e-07,-7.4522262039527909e-24,2.2326140955778997e-08,5.5277788379992643e-07,-1.9909903292703035e-07,0,0.015676627668815869,0.038249591029112344,2.1420029988545331e-18,0.041022107972828618,0.015049920662491329,0.11855637911731673,5.2079098803075212e-06,-0.00020273927104941104,0.00026404971570218906,-1.5558577096438094e-20,0.00013077377486967186,9.2278711474288013e-05,-0.00027910000159303837,5.4666745933035572e-10
73,2,lumen,0.0086595394736842107,0.0025000000000000001,0.0086554276315789474,0.0086636513157894741,0.002,0.0030000000000000001,1000145.9762720326,1.3242839515654243,12.913677048799359,3105.6826406585442,0.16858960796046141,1173,1173,4.0500787830963995e-05,0.23408073039724331,0.59999999999999998,2,500000,0.00035,0.0001,0.07372075684857568,0.16512295156752146,9.8378865620290593e-18,0.17936297454031605,0.06704078463622723,0.53353946628730109,2.322206322225092e-05,0.059340899191894905,0.076127971077740456,3.9703509564587254e-18,0.052630951117400154,0.42943603268370456,0.38245663949059,7.5064386698109987e-06,0.27240207834153107,0.0015251801803939536,1.0230534945482519e-09,0.0019649418732009751,2.0005085411397799e-05,0.39115782446582054,7.2359565835216236e-05,8.5103788823881384e-07,2.8356599553428131e-10,3.1940035425146313e-12,2.8834955833266036e-10,6.9966593973782553e-11,6.2375602404246462e-08,0.33285669540618662,nan,nan,nan,nan,nan,nan,nan,nan,nan,nan,nan,nan,nan,nan,0,0,0,0,0,0,0,1.1746633169868983e-10,-1.470615851711625e-12,-1.1196722755044549e-11,-2.214136721423837e-10,-6.0520165268140858e-16,3.3980598131318207e-10,1.1464059986385612e-12,-1.5831433386459537e-13,-9.8554038586900105e-17,-4.5474952205679766e-18,1.5743477652803442e-17,-2.1064021885141356e-17,6.011652347839436e-14,-2.2423890539501201e-10,nan,nan,nan,nan,nan,nan,nan,nan,nan,nan,nan,nan,nan,nan,-1.9129060964320072e-07,1.6413725306696492e-07,-1.2548430031119333e-23,2.6824846180158853e-08,6.006708225120283e-07,-2.1790513249353438e-07,0,0.01654234547496854,0.036780444804897332,2.2076371795909125e-18,0.040042906926696389,0.014885571172308492,0.11928497275237379,5.187022542113667e-06,-0.00038631799412362289,0.00052313369283257241,-3.0799692116575207e-20,0.0002589526437133481,0.00017376033728884124,-0.00053503538305227762,-3.159996441757925e-10
73,3,support,0.0086595394736842107,0.0035000000000000001,0.0086554276315789474,0.0086636513157894741,0.0030000000000000001,0.0040000000000000001,1001196.4599649226,1.3285810295001703,12.941986390143574,3123.400722567455,0.16878684170082681,1173,1173,4.0367171922039032e-05,0.23398162461572547,0.40000000000000002,2,300000,0.00033700000000000001,0.0001,0.081401381560441327,0.15289562301637996,1.0467044437542625e-17,0.17155558104546306,0.065965383226286825,0.54253317174168214,2.3178047120421884e-05,0.065666993224092488,0.070645236422367447,4.2335254283300405e-18,0.05045036231324402,0.42347375592024272,0.38975614348500009,7.5086350533818903e-06,nan,nan,nan,nan,nan,nan,nan,nan,nan,nan,nan,nan,nan,nan,0.27477446659964005,0.0016002065702337108,1.1505900342517979e-09,0.0020351205333998578,1.9497955947868099e-05,0.38356107625303465,7.5429816797675881e-05,7.7669951576769492e-07,2.65714162520133e-10,3.4225956090524872e-12,3.2151716102755763e-10,7.8058413779722335e-11,6.04026882634292e-08,0.33793336334943974,0,0,0,0,0,0,0,nan,nan,nan,nan,nan,nan,nan,nan,nan,nan,nan,nan,nan,nan,4.717901285535335e-10,-1.5799975945855968e-12,-7.1908954155575578e-11,-1.2725905831314574e-09,8.7989511510233598e-15,2.3643741391826678e-09,1.2090256401362457e-12,-1.9683451916996386e-13,-1.3949060796489202e-16,-5.2858338015929763e-18,1.9283603827678474e-17,-2.5989793795322122e-17,5.7667300273258946e-14,-1.4911633041363459e-09,-2.2075257974981527e-07,1.9127708350552552e-07,3.7259208640692717e-23,2.7183161541903874e-08,6.8941999166460821e-07,-2.4673495202520712e-07,0,0.018298743608481386,0.034242872247881168,2.4273820064084643e-18,0.038466133403678722,0.014750796336464807,0.12175062741117666,5.1988912168181913e-06,-1.5660481769486503e-05,-4.4152392131544915e-06,-1.6190803640866165e-20,-7.5195769949549959e-05,6.9853520380044811e-05,-0.0001065999340944286,-5.2600437028927088e-09
73,4,support,0.0086595394736842107,0.0045000000000000005,0.0086554276315789474,0.0086636513157894741,0.0040000000000000001,0.0050000000000000001,1000880.797342967,1.5805465435966646,15.401291098174784,2760.0778155805774,0.13833254828525171,1173,1173,4.1349316976520613e-05,0.20474227920012156,0.40000000000000002,2,300000,0.00033700000000000001,0.0001,0.080395377851875602,0.13225671661256763,2.1701472156100054e-17,0.22534816511476846,0.041300847558430574,0.5330455233397402,2.373502040912511e-05,0.077179618353455701,0.072721320679720217,1.0445361895588215e-17,0.078862339279967858,0.31551903563925132,0.45570853586090815,9.1501866969225367e-06,nan,nan,nan,nan,nan,nan,nan,nan,nan,nan,nan,nan,nan,nan,0.24808320973100076,0.0026269154411376287,1.4142414865675112e-09,0.0024884856052781027,3.2931509454685808e-05,0.3931368892694454,0.00010686765755063907,5.3290672420635401e-07,2.4687525016734186e-10,4.1736932854564956e-12,3.8624604748357603e-10,1.0265131006427693e-10,8.8060669844674146e-08,0.35352407766454647,0,0,0,0,0,0,0,nan,nan,nan,nan,nan,nan,nan,nan,nan,nan,nan,nan,nan,nan,-1.1858440170176175e-10,-5.7919453405685774e-13,4.5063323718034321e-11,1.8355845050885427e-10,-8.3275400464266625e-15,-1.8860286925964642e-09,4.5484401679906929e-13,-2.1012456098007393e-13,-2.7543751245725365e-16,-3.1614112055533859e-18,1.1437841574438215e-17,-2.0137943519777397e-17,-1.3552425926098352e-13,1.7764698873460637e-09,-3.2764126794201237e-07,1.5883952914075294e-07,-3.2511467297125978e-22,1.7064305845468668e-07,1.1534907469190614e-06,-4.9842276345080094e-07,0,0.017556820901819321,0.028761398375181223,4.7531076649941633e-18,0.049030831260619939,0.0090001530908218174,0.11615805946930918,5.1683683578273553e-06,0,0,0,0,0,0,0
74,0,lumen,0.0086677631578947374,0.00050000000000000001,0.0086636513157894741,0.0086718750000000008,0,0.001,1000146.8727805607,1.3604949597316538,13.266774672672813,3005.1181438980461,0.16941339557683013,1173,1173,4.059374269804061e-05,0.23426486253109452,0.59999999999999998,2,500000,0.00035,0.0001,0.066094876418083814,0.16881655251226055,9.1196349065048775e-18,0.17941643824329603,0.065962034992776211,0.51221618801990454,2.2623094798843661e-05,0.054657223241094184,0.079958984762499047,3.7811157385349647e-18,0.054086151895006158,0.43407909484133006,0.37721103248157012,7.5127785004949974e-06,0.27098640971021237,0.0014725040020830953,9.3238305550358084e-10,0.0019175830479928363,2.0286436289759734e-05,0.39618086430422589,7.0237085349169069e-05,9.0642101622672565e-07,2.9628838174375731e-10,3.0368643312672609e-12,2.6498097470443627e-10,6.4280102315473726e-11,6.3593115497508586e-08,0.32935114383874575,nan,nan,nan,nan,nan,nan,nan,nan,nan,nan,nan,nan,nan,nan,0,0,0,0,0,0,0,-1.0763751128793285e-11,-1.0239628115545726e-12,5.3413551898977577e-13,2.243647431974144e-11,-5.4286002776349207e-15,-4.6063404826601761e-12,8.7770480434688029e-13,-5.8806908995179263e-14,-1.2544108324474477e-17,-2.0476626585753702e-18,6.5647858071472714e-18,-8.5065647590483938e-18,2.1540801588627412e-14,-7.4113772288776833e-12,nan,nan,nan,nan,nan,nan,nan,nan,nan,nan,nan,nan,nan,nan,-1.7095765139120422e-07,1.502865203395487e-07,-3.4819400781457134e-23,2.0675245989789293e-08,5.3355145868128062e-07,-1.9165472836535358e-07,0,0.015313022267826808,0.038820937746142425,2.1059619995551802e-18,0.041347844305596085,0.015123323381446041,0.11821253111347939,5.2162796414019329e-06,-8.1991959244798076e-05,0.0001008755083623712,-6.3044114827709368e-21,4.2999331493740917e-05,4.2061153261465967e-05,-0.0001155842356302171,4.4155558358048083e-10
74,1,lumen,0.0086677631578947374,0.0015,0.0086636513157894741,0.0086718750000000008,0.001,0.002,1000146.6212201461,1.3905642829976483,13.559997057407559,2945.2469808578203,0.16915814600400556,1173,1173,4.0569268570555258e-05,0.23417401563654769,0.59999999999999998,2,500000,0.00035,0.0001,0.066246210832726804,0.16299794367646872,9.0491095321868575e-18,0.17437079708074382,0.06432374409735149,0.50313059497537371,2.2124878761898166e-05,0.055993169853280324,0.078909376530396258,3.8347990070820823e-18,0.053726908025919624,0.43265366105234282,0.37870937481863903,7.5097194219483884e-06,0.27133480646261571,0.0014875734521335947,9.579744081838759e-10,0.0019308475332234572,2.022493903834219e-05,0.39483737489779186,7.0839285511121747e-05,8.9066970172365772e-07,2.9277491140079011e-10,3.0809052261928333e-12,2.7155850429548314e-10,6.5881707645402457e-11,6.329634894709928e-08,0.33031737787235838,nan,nan,nan,nan,nan,nan,nan,nan,nan,nan,nan,nan,nan,nan,0,0,0,0,0,0,0,-1.4504526548501077e-11,-9.6423146342536495e-13,1.3670555121991052e-12,4.1796720282132147e-11,-3.7182713505390375e-15,-3.7901986237043328e-12,8.1528960431382285e-13,-5.9016376854903463e-14,-1.8029786047541075e-17,-2.1862360389945279e-18,7.4460904498420805e-18,-9.6607959711068037e-18,2.6459457968549471e-14,-2.4684032760217188e-11,nan,nan,nan,nan,nan,nan,nan,nan,nan,nan,nan,nan,nan,nan,-1.7664921029073022e-07,1.543659675085074e-07,-2.0319668427123949e-24,2.2285702190209927e-08,5.522359961124268e-07,-1.989752749786966e-07,0,0.01566674720724711,0.038265028286161316,2.1418605375589821e-18,0.041024943366957077,0.015053718162598676,0.1185440639668518,5.2079063151263636e-06,-0.00020264441727555743,0.00026394211403457776,-1.55678295137416e-20,0.00013068565108753148,9.2206649497403157e-05,-0.00027857796548395717,5.4462508331746132e-10
74,2,lumen,0.0086677631578947374,0.0025000000000000001,0.0086636513157894741,0.0086718750000000008,0.002,0.0030000000000000001,1000145.8784831391,1.3212026535308998,12.883631211974253,3112.7209381073608,0.16859345657070623,1173,1173,4.0501020206446993e-05,0.23409460535268722,0.59999999999999998,2,500000,0.00035,0.0001,0.073842390310584732,0.16556632156693316,9.8537557494154606e-18,0.17978321543594264,0.067209568050836804,0.53469077012848554,2.3274680733120319e-05,0.059300512657996303,0.076154781442038771,3.9675028166866606e-18,0.052631521865518463,0.42951552018009359,0.38239015791184605,7.5059425066824716e-06,0.27240143096134461,0.0015244882763551205,1.0222601452589777e-09,0.0019644137580596848,2.0003052152044139e-05,0.39119129419521292,7.2333429242087892e-05,8.5156213343029125e-07,2.8366515859667218e-10,3.192598880287568e-12,2.8814773504230752e-10,6.9915247370037714e-11,6.2375026520395446e-08,0.33282512072329279,nan,nan,nan,nan,nan,nan,nan,nan,nan,nan,nan,nan,nan,nan,0,0,0,0,0,0,0,1.4087716931350724e-11,-1.5065602534189699e-12,-3.8382774051423272e-13,4.7135768444886676e-12,1.7889335846010823e-16,3.9081768420448637e-11,1.1702219605673112e-12,-1.6516670843513825e-13,-1.0555402681007958e-16,-4.719030439771794e-18,1.6300815716122151e-17,-2.183844562908409e-17,6.302384913273674e-14,-5.7060939479711157e-11,nan,nan,nan,nan,nan,nan,nan,nan,nan,nan,nan,nan,nan,nan,-1.9111196176719442e-07,1.6429263682837814e-07,-1.2543793568195332e-23,2.6780729035055494e-08,6.0010999744508631e-07,-2.1789768023250389e-07,0,0.016532215366751101,0.036795952178212757,2.2061124582611398e-18,0.040046063851319945,0.014889437622862638,0.11927223520795713,5.1870293320734841e-06,-0.00038578988254203613,0.00052207418911165958,-2.6051737334634468e-20,0.00025818512202361812,0.00017357238131657034,-0.00052997190592482752,-3.2130508636814983e-10
74,3,support,0.0086677631578947374,0.0035000000000000001,0.0086636513157894741,0.0086718750000000008,0.0030000000000000001,0.0040000000000000001,1001195.660662538,1.3116780528392713,12.777341150965572,3163.4251930798741,0.16880288680375879,1173,1173,4.0367526167849296e-05,0.23399531868447426,0.40000000000000002,2,300000,0.00033700000000000001,0.0001,0.082393387521486228,0.15493229201522141,1.0493157047274849e-17,0.17377884249282202,0.066828540771774095,0.54942258844937009,2.3475276517483408e-05,0.065621668076154049,0.070675571238111509,4.1900946104034412e-18,0.050454033387504815,0.42355707542766352,0.38968414369492971,7.5081756364740061e-06,nan,nan,nan,nan,nan,nan,nan,nan,nan,nan,nan,nan,nan,nan,0.27477142111807107,0.0015994218391298227,1.149669534619612e-09,0.0020345210635870381,1.9496750129235821e-05,0.38360238619839676,7.5400212871110038e-05,7.7724389765084851e-07,2.6582510710151093e-10,3.4208573679013922e-12,3.2128039806238352e-10,7.7997720463244631e-11,6.0404863603339474e-08,0.33789651335086007,0,0,0,0,0,0,0,nan,nan,nan,nan,nan,nan,nan,nan,nan,nan,nan,nan,nan,nan,-1.0099046297242876e-09,-1.620682269153126e-12,1.4422983956884135e-10,2.444745328948363e-09,-9.0299946339800208e-15,-4.8127340528635043e-09,1.2464969242218898e-12,-1.9607471028748602e-13,-1.3626149947728903e-16,-5.4002047884799759e-18,1.9844635976215268e-17,-2.6653754586568909e-17,5.9293532630252696e-14,3.2341837817089158e-09,-2.2074115554968771e-07,1.9828529757015545e-07,9.4062699283950527e-22,2.7124508213756482e-08,6.8941945702283292e-07,-2.5016605142980097e-07,0,0.018287443852759017,0.034259959891966146,2.2953067675248302e-18,0.038471605499661395,0.014754785970825418,0.12173689286233842,5.1989385315291123e-06,-1.5659825507394694e-05,-4.430921870361989e-06,-1.6265793197324909e-20,-7.5300558086166921e-05,6.9920679981982499e-05,-0.00010672157392907524,-5.2657762334519992e-09
74,4,support,0.0086677631578947374,0.0045000000000000005,0.0086636513157894741,0.0086718750000000008,0.0040000000000000001,0.0050000000000000001,1000880.1287441105,1.5797971309122489,15.393998893060813,2761.2947854189174,0.13734280359780407,1173,1173,4.1350784667421244e-05,0.20472983313410797,0.40000000000000002,2,300000,0.00033700000000000001,0.0001,0.080384821491085001,0.13238764111708512,2.1680466211750277e-17,0.22556941876288647,0.041319695354775039,0.53326826649389847,2.3749445629846374e-05,0.077132946023353091,0.07275884329922673,1.043031042142403e-17,0.07890239230030778,0.31551356376637746,0.45568310319797567,9.1514127593657823e-06,nan,nan,nan,nan,nan,nan,nan,nan,nan,nan,nan,nan,nan,nan,0.24805920307164439,0.0026265839493695596,1.4132612959762309e-09,0.0024881266912085,3.2944326524972332e-05,0.39319261266940142,0.00010685320904978858,5.3315483140588525e-07,2.4697856370674626e-10,4.1713311320860657e-12,3.8598066423059357e-10,1.0258225572653186e-10,8.8094138847044282e-08,0.35349305268085707,0,0,0,0,0,0,0,nan,nan,nan,nan,nan,nan,nan,nan,nan,nan,nan,nan,nan,nan,-6.1147985135988347e-11,-6.0368212452609834e-13,-3.3543182565135853e-12,-2.3187666936822187e-10,9.7685531538771464e-15,-1.0430750881085249e-10,4.8051082227830559e-13,-2.0425794302475486e-13,-2.6574922581057289e-16,-3.2966320035628206e-18,1.2384602104678899e-17,-2.0977426582785773e-17,-1.3213488607166644e-13,4.0113640136016484e-10,-3.2733443297572329e-07,1.5684659221415487e-07,2.5426276788997746e-23,1.7059582951791334e-07,1.1526395500838227e-06,-4.9770169885388071e-07,0,0.017543748329725342,0.02877220012493199,4.705656639532509e-18,0.049048806306100437,0.0089987606536444352,0.11613514628288113,5.1683299607782797e-06,0,0,0,0,0,0,0
75,0,lumen,0.0086759868421052641,0.00050000000000000001,0.0086718750000000008,0.0086800986842105257,0,0.001,1000146.7742983351,1.3618096534951805,13.279596127687562,3002.0259293577292,0.1693827141498194,1173,1173,4.0593983091643488e-05,0.23427784039080118,0.59999999999999998,2,500000,0.00035,0.0001,0.065984058265105172,0.16870977343554222,9.1082595699670766e-18,0.17924439693743366,0.065909800351831416,0.51163545260511933,2.259973133648054e-05,0.05461831606472612,0.079985635630763025,3.7800490191670712e-18,0.054086509565771455,0.43415452853613129,0.37714749792964841,7.5122729597673652e-06,0.27098550445288649,0.0014718675053846551,9.316352558552708e-10,0.0019170870075561619,2.0284425841202406e-05,0.39621262386193568,7.0212821239721638e-05,9.0695139536259208e-07,2.963861171597538e-10,3.035612390421772e-12,2.6479188993988094e-10,6.4232581218819792e-11,6.3592330218078212e-08,0.32932144782134731,nan,nan,nan,nan,nan,nan,nan,nan,nan,nan,nan,nan,nan,nan,0,0,0,0,0,0,0,6.2055900355784523e-11,-1.0207638230207127e-12,-2.6541409024276018e-12,-1.231783533061287e-10,-6.8209327075408055e-15,4.3322240109514021e-11,8.7182337316360345e-13,-6.0217672862017402e-14,-1.3615063923232981e-17,-2.0859995686791878e-18,6.6871009526266993e-18,-8.6809101854428666e-18,2.2577866593388957e-14,2.0648038673090105e-11,nan,nan,nan,nan,nan,nan,nan,nan,nan,nan,nan,nan,nan,nan,-1.7078135087274932e-07,1.5010464277098734e-07,-6.7190385675665219e-23,2.0636084403426851e-08,5.3295655134955044e-07,-1.9129683809238074e-07,0,0.015303104657984578,0.038836571170455934,2.097191019379194e-18,0.041350870611705511,0.015127050767113666,0.11820024953235533,5.2162723533182857e-06,-8.1989092046126218e-05,0.00010090536151778157,-6.0475215406730005e-21,4.3030299324962738e-05,4.2020926108217452e-05,-0.00011545707118380843,4.4213707957831114e-10
75,1,lumen,0.0086759868421052641,0.0015,0.0086718750000000008,0.0086800986842105257,0.001,0.002,1000146.522915645,1.387122566873572,13.526436716249737,2952.3656777209403,0.16923065710650079,1173,1173,4.0569488982219235e-05,0.23418745139227087,0.59999999999999998,2,500000,0.00035,0.0001,0.066364375736437484,0.16345669701184196,9.0638558443640881e-18,0.17480364624402286,0.064494796783325786,0.50429334410096849,2.2178268179053298e-05,0.055954218575848737,0.078935618278396569,3.8315417364835664e-18,0.053726975361618794,0.43273054921480331,0.37864512935929517,7.5092100375464268e-06,0.27133432638781924,0.0014869221994057594,9.5722121603803398e-10,0.0019303449573945617,2.0222807471202766e-05,0.39486894914204246,7.0814560161544364e-05,8.9119442395390376e-07,2.9287172826754336e-10,3.0796230423735231e-12,2.7136780936364094e-10,6.5833557599128429e-11,6.3295293558830135e-08,0.33028746386561414,nan,nan,nan,nan,nan,nan,nan,nan,nan,nan,nan,nan,nan,nan,0,0,0,0,0,0,0,-1.5912068121549563e-10,-9.6108952000921267e-13,1.0772596021892761e-11,2.8264243822839862e-10,-1.0364972768961422e-16,-9.3583006795239232e-11,8.1083397451164271e-13,-5.9749297523503664e-14,-1.8515131790414727e-17,-2.2185745099459236e-18,7.5293348047621201e-18,-9.7759080278121198e-18,2.7312829918164927e-14,-4.0528330855805049e-11,nan,nan,nan,nan,nan,nan,nan,nan,nan,nan,nan,nan,nan,nan,-1.7648250433006246e-07,1.5432024758066376e-07,1.0724586555171148e-23,2.224509971717156e-08,5.5173937289765274e-07,-1.9899941061662929e-07,0,0.015656878074895825,0.038280450723618298,2.1434466033196501e-18,0.041027773206178023,0.015057510322488279,0.1185317637533021,5.2079028444800113e-06,-0.00020255963547686693,0.00026386906042412557,-1.5619839428862541e-20,0.00013061669799622883,9.2139824599443923e-05,-0.00027826410505701118,5.4258007184115133e-10
75,2,lumen,0.0086759868421052641,0.0025000000000000001,0.0086718750000000008,0.0086800986842105257,0.002,0.0030000000000000001,1000145.7806869821,1.3226859724532605,12.898096971799658,3109.0258373824686,0.16861271911220815,1173,1173,4.0501252739262228e-05,0.23410846245774841,0.59999999999999998,2,500000,0.00035,0.0001,0.073709377709959098,0.16543885119797863,9.8357025373412582e-18,0.17958354420558373,0.067146601647740958,0.53399829623153794,2.324704412165919e-05,0.059260157167241825,0.076181590348256431,3.9646804522908777e-18,0.052632097246088062,0.42959493024770123,0.38232371954316824,7.5054475441518254e-06,0.27240077009383834,0.0015237972353407589,1.0214675398039274e-09,0.0019638860669602748,2.0001023375236087e-05,0.39122475350807145,7.2307320310619632e-05,8.5208637052027555e-07,2.8376430079544685e-10,3.1911964741706068e-12,2.8794611339748194e-10,6.9863960190176103e-11,6.2374457234785876e-08,0.33279356862504211,nan,nan,nan,nan,nan,nan,nan,nan,nan,nan,nan,nan,nan,nan,0,0,0,0,0,0,0,2.6209174089459352e-10,-1.5447563691078619e-12,-2.5031776843696263e-11,-5.3347458892027763e-10,-5.9479331182554773e-16,6.9453708756439525e-10,1.19057605662485e-12,-1.7562535627180242e-13,-1.1648280039414583e-16,-4.9297767568152297e-18,1.6883746385701733e-17,-2.2687712959193958e-17,6.7154621466666525e-14,-3.9765885046561789e-10,nan,nan,nan,nan,nan,nan,nan,nan,nan,nan,nan,nan,nan,nan,-1.9089808691186844e-07,1.6349190701259175e-07,-1.3003836347471062e-23,2.6736783872847775e-08,5.9937435331613997e-07,-2.1712631598225229e-07,0,0.016522095645019792,0.0368114403495731,2.2046414868661092e-18,0.040049211492400906,0.014893301093492474,0.11925955264193325,5.1870360749405215e-06,-0.00038574854215610809,0.00052247947063657448,-2.816378011892134e-20,0.00025823017007411421,0.00017357649929868046,-0.00053416622193821963,-3.2672455294544405e-10
75,3,support,0.0086759868421052641,0.0035000000000000001,0.0086718750000000008,0.0086800986842105257,0.0030000000000000001,0.0040000000000000001,1001194.8612960095,1.3291679906013567,12.947724775695422,3121.5770643943497,0.16881099100421051,1173,1173,4.0367880121556684e-05,0.23400899064465064,0.40000000000000002,2,300000,0.00033700000000000001,0.0001,0.08125308014558319,0.15295905239377611,1.0392653928616383e-17,0.17150456135876707,0.065962076280363671,0.54209242744846931,2.3164945694787024e-05,0.065576420800506963,0.07070588048360546,4.205301042464363e-18,0.050457721335401488,0.42364028239661505,0.38961218726569075,7.5077181802261057e-06,nan,nan,nan,nan,nan,nan,nan,nan,nan,nan,nan,nan,nan,nan,0.27476837333226217,0.0015986383991956909,1.1487508395391512e-09,0.0020339222700413643,1.9495543994833513e-05,0.38364364104480814,7.5370651191977733e-05,7.7778799855280882e-07,2.6593593890612258e-10,3.4191237536860507e-12,3.2104411582302402e-10,7.7937157842901075e-11,6.0407027980677155e-08,0.33785971874639292,0,0,0,0,0,0,0,nan,nan,nan,nan,nan,nan,nan,nan,nan,nan,nan,nan,nan,nan,1.2879879682704099e-10,-1.6416495709960162e-12,-2.144633612238077e-11,-3.9291856578773655e-10,3.9999470749507715e-15,6.5490748761554141e-10,1.2690218124585129e-12,-1.9418299433693331e-13,-1.3515079831538644e-16,-5.5378083480985291e-18,2.0634933587531534e-17,-2.7562266905670601e-17,5.8816562196753468e-14,-3.6883712769573556e-10,-2.2034841611496409e-07,1.9265037953797304e-07,5.2646429058769397e-22,2.7064706969131268e-08,6.8810911546535181e-07,-2.4704153522847605e-07,0,0.018276145592422258,0.034277047861121755,2.3075438380850997e-18,0.038477075710916041,0.014758776826212405,0.12172313240561421,5.1989857229466332e-06,-1.5668067379121718e-05,-4.4520032673756439e-06,-1.6250068427230806e-20,-7.5507493052458474e-05,7.0020121382377128e-05,-0.00010767353410848114,-5.2715131103036217e-09
75,4,support,0.0086759868421052641,0.0045000000000000005,0.0086718750000000008,0.0086800986842105257,0.0040000000000000001,0.0050000000000000001,1000879.4602151851,1.5688776218155416,15.287606258207319,2780.4207035205245,0.13829390772509101,1173,1173,4.1352254548800657e-05,0.20471735365902327,0.40000000000000002,2,300000,0.00033700000000000001,0.0001,0.080895252179705765,0.1333778157867743,2.1849725425964601e-17,0.22725485999635958,0.041606524777939122,0.53694945187387866,2.3917936845396099e-05,0.077086253411564498,0.072796413114170427,1.0439089916935058e-17,0.078942553111599326,0.31550802012771828,0.45565760759412138,9.1526408260596954e-06,nan,nan,nan,nan,nan,nan,nan,nan,nan,nan,nan,nan,nan,nan,0.24803515971433776,0.0026262525978440142,1.4122807935302032e-09,0.0024877673586546664,3.2957163344772986e-05,0.39324838593389622,0.00010683875442067222,5.3340320389335381e-07,2.4708198206399654e-10,4.1689685850096449e-12,3.8571518981900183e-10,1.0251318438099853e-10,8.8127649806639618e-08,0.35346201479488193,0,0,0,0,0,0,0,nan,nan,nan,nan,nan,nan,nan,nan,nan,nan,nan,nan,nan,nan,-1.9499726198200855e-10,-6.1416508509683755e-13,1.4644036377469864e-10,1.1218937016623444e-09,-4.9875902019547169e-14,-5.8173404005176441e-09,5.0394657550345505e-13,-1.9050939211590068e-13,-2.4794830533568391e-16,-3.3937269808521778e-18,1.3543218892635746e-17,-2.162831179404781e-17,-1.3224517272301574e-13,4.7444867196519624e-09,-3.2722578744131398e-07,1.6235076760739986e-07,-2.0987150645085573e-22,1.7054629268540815e-07,1.1518815450362041e-06,-4.9874743168754065e-07,0,0.01753069152696729,0.028782980149190035,4.6943425999801924e-18,0.049066766074421952,0.008997364570341268,0.11611224593474576,5.168291271870984e-06,0,0,0,0,0,0,0
76,0,lumen,0.0086842105263157891,0.00050000000000000001,0.0086800986842105257,0.0087171052631578941,0,0.001,1000146.6758090331,1.3613823415706048,13.275430531213761,3002.7772825672328,0.16943573368182377,1173,1173,4.0594223186475443e-05,0.23429080334891392,0.59999999999999998,2,500000,0.00035,0.0001,0.065957790820932991,0.16881887043781918,9.1136330952183153e-18,0.17930180033891049,0.065941923212244846,0.51170990575528907,2.2605301220121286e-05,0.054579447113110052,0.080012252297581049,3.7810926633708791e-18,0.054086859381507563,0.43422987137836738,0.37708405806207496,7.511767358820571e-06,0.2709846028796225,0.0014712321574583834,9.3088835848464339e-10,0.001916591776039365,2.0282416710177124e-05,0.39624433127711439,7.0188598813370891e-05,9.0748129914098442e-07,2.9648372924841745e-10,3.034362541536781e-12,2.6460304331625134e-10,6.4185126440490276e-11,6.3591540883077961e-08,0.32929179826220273,nan,nan,nan,nan,nan,nan,nan,nan,nan,nan,nan,nan,nan,nan,0,0,0,0,0,0,0,3.2925361645891277e-11,-1.036160973378718e-12,-1.8442719610296094e-12,-6.2520653587765737e-11,-6.0328261483610923e-15,3.1528501380842511e-11,8.815291181242333e-13,-6.2792219340801481e-14,-1.5220260789752546e-17,-2.1598407799649689e-18,6.9451407201944406e-18,-9.0368947032829984e-18,2.4464578371413587e-14,1.1027274071441726e-13,nan,nan,nan,nan,nan,nan,nan,nan,nan,nan,nan,nan,nan,nan,-1.7060931720418865e-07,1.4998258440757084e-07,-1.4442541729707566e-22,2.059709294466694e-08,5.324135882583958e-07,-1.9114566035538516e-07,0,0.015258527840688213,0.038906847117872331,2.1114634410402486e-18,0.041364455112416237,0.015143804259891296,0.11814506450027419,5.2162395951544004e-06,-8.1994700177200969e-05,0.00010096239100970617,-5.4458719832489554e-21,4.3073348408478255e-05,4.1984716343179202e-05,-0.00011549343801514038,4.4263043347050358e-10
76,1,lumen,0.0086842105263157891,0.0015,0.0086800986842105257,0.0087171052631578941,0.001,0.002,1000146.4246039573,1.3893811722911917,13.548462693849784,2947.3777473969471,0.169181048756537,1173,1173,4.0569709105161516e-05,0.23420087214649488,0.59999999999999998,2,500000,0.00035,0.0001,0.066210415594441463,0.16324515890502903,9.0394798587955181e-18,0.17451967873326013,0.064401374542407713,0.50338817312584527,2.2140712196906326e-05,0.055915311701401238,0.078961833108759941,3.8274597049408581e-18,0.053727041211121013,0.43280735139903675,0.37858095387847412,7.5087012068848624e-06,0.27133384640499769,0.0014862719836725312,9.5646902728785668e-10,0.0019298430406616003,2.022067722337789e-05,0.39490048040814413,7.0789871036788218e-05,8.9171880914859649e-07,2.9296844483635077e-10,3.0783433270332349e-12,2.7117738080185653e-10,6.5785481040472935e-11,6.3294234257123719e-08,0.33025759101173763,nan,nan,nan,nan,nan,nan,nan,nan,nan,nan,nan,nan,nan,nan,0,0,0,0,0,0,0,-1.0795545752515476e-11,-9.7145381942121208e-13,1.2277287688082722e-12,3.8128686657679032e-11,-3.6710001358186695e-15,-1.0726968792396097e-11,8.1750833789949276e-13,-6.1228799808077383e-14,-1.9475332144453019e-17,-2.2709881082955301e-18,7.7489272691571849e-18,-1.0067304409343036e-17,2.8616126792649544e-14,-1.764363671590928e-11,nan,nan,nan,nan,nan,nan,nan,nan,nan,nan,nan,nan,nan,nan,-1.7629713410915321e-07,1.5410224624146096e-07,4.1265199442467573e-23,2.2204423369209834e-08,5.5109704946709748e-07,-1.9853839067218715e-07,0,0.015612510828891682,0.038349792605769893,2.1308543339611293e-18,0.041040477921660136,0.015074561432506942,0.11847643158838878,5.2078870837440113e-06,-0.00020244625274848187,0.00026369734223746468,-1.5770396136648312e-20,0.000130494825607578,9.2058833779846562e-05,-0.00027740732526672043,5.4015882863925437e-10
76,2,lumen,0.0086842105263157891,0.0025000000000000001,0.0086800986842105257,0.0087171052631578941,0.002,0.0030000000000000001,1000145.6828833802,1.3144947722632581,12.818222202883536,3128.1940096671365,0.16861718460932412,1173,1173,4.0501485933172082e-05,0.23412230331076256,0.59999999999999998,2,500000,0.00035,0.0001,0.074118206731092789,0.16652844518241811,9.8899857707797527e-18,0.18070466079416156,0.067577499610135802,0.53723235663604729,2.3390371661462082e-05,0.059219824419273544,0.076208447463368287,3.9618737168951576e-18,0.052632700019456476,0.42967430849106952,0.38225721465110341,7.5049557287772498e-06,0.27240007416504081,0.0015231062355714952,1.0206753791758755e-09,0.0019633579610653594,1.9999001509494833e-05,0.39125827065008312,7.2281204105417241e-05,8.5261139026219367e-07,2.838635867991902e-10,3.1897963170643312e-12,2.8774462156512362e-10,6.9812714103888591e-11,6.2373905566953694e-08,0.33276199413204643,nan,nan,nan,nan,nan,nan,nan,nan,nan,nan,nan,nan,nan,nan,0,0,0,0,0,0,0,-9.6896134028640457e-12,-1.5861946546941886e-12,2.0543357827858132e-12,5.6343840675433065e-11,1.226124236863857e-15,-2.7561793559255365e-11,1.2153217504045551e-12,-1.8496987795602049e-13,-1.2634327843720718e-16,-5.1471428484357367e-18,1.7563504336244934e-17,-2.3633442848240796e-17,7.0964359832297315e-14,-2.0662915995303901e-11,nan,nan,nan,nan,nan,nan,nan,nan,nan,nan,nan,nan,nan,nan,-1.907360787211515e-07,1.6406910036126376e-07,-1.3777199175070081e-23,2.6692598755718703e-08,5.9889875993202057e-07,-2.1748285328193617e-07,0,0.016476606327679444,0.036881077695411518,2.1960151573573458e-18,0.040063360400517646,0.014910659174941727,0.11920250271905024,5.1870668064281709e-06,-0.00038536937438644339,0.00052187771690530532,-3.0044601374900735e-20,0.0002577161051316104,0.00017345571516719379,-0.00053198783386767591,-3.3108217337324803e-10
76,3,support,0.0086842105263157891,0.0035000000000000001,0.0086800986842105257,0.0087171052631578941,0.0030000000000000001,0.0040000000000000001,1001194.061867152,1.3293626817821487,12.949631646293806,3120.897979089264,0.1688262343244005,1173,1173,4.0368235762881274e-05,0.23402262176894517,0.40000000000000002,2,300000,0.00033700000000000001,0.0001,0.081185003698305724,0.15300201771686306,1.0423851607519592e-17,0.17149178367503828,0.065965289667193699,0.54191287357215101,2.3160110276165131e-05,0.065531128410899434,0.070736157464230481,4.2185461170387606e-18,0.050461392645996216,0.42372331479723679,0.38954049942514246,7.507256494715454e-06,nan,nan,nan,nan,nan,nan,nan,nan,nan,nan,nan,nan,nan,nan,0.27476531327868448,0.0015978573649638545,1.1478317056033664e-09,0.0020333253270530915,1.9494350461458475e-05,0.38368484022799493,7.5341179783298081e-05,7.7833128892921856e-07,2.6604664050446949e-10,3.4173893395098537e-12,3.20807718204557e-10,7.7876585857871889e-11,6.0409218110151955e-08,0.33782298771457192,0,0,0,0,0,0,0,nan,nan,nan,nan,nan,nan,nan,nan,nan,nan,nan,nan,nan,nan,-4.8935122367011045e-11,-1.7031887290820356e-12,3.3007775329209392e-12,2.5328878928635184e-11,2.7734975774351689e-15,-1.1594072273427014e-10,1.3215384371135628e-12,-1.9661290824590782e-13,-1.3624495963904951e-16,-5.7441458247887999e-18,2.1539672308678759e-17,-2.8650390263226427e-17,6.0883236391181241e-14,1.367608524530856e-10,-2.2014619590910584e-07,1.932521961900413e-07,1.5679614359210981e-22,2.7006772745073386e-08,6.874591132050023e-07,-2.4717487534520188e-07,0,0.018225369114271427,0.03435385792037781,2.3398563963860439e-18,0.038501649811902496,0.014776701403797176,0.12166139259492859,5.1991984643846356e-06,-1.5673209973669993e-05,-4.4703218001367709e-06,-1.6265740584223216e-20,-7.5662300007252271e-05,7.0127560261558732e-05,-0.00010811417775665658,-5.2784374962732005e-09
76,4,support,0.0086842105263157891,0.0045000000000000005,0.0086800986842105257,0.0087171052631578941,0.0040000000000000001,0.0050000000000000001,1000878.7917565099,1.5812789970153582,15.40845920657681,2758.522887372947,0.13730408033426839,1173,1173,4.1353724042091435e-05,0.20470486246036204,0.40000000000000002,2,300000,0.00033700000000000001,0.0001,0.080212190057793314,0.1323999592691944,2.1714654240437801e-17,0.22558715055062106,0.041279458282827398,0.53270825254892318,2.3733525804310785e-05,0.077039597230922796,0.072833965417772706,1.0456571162219701e-17,0.078982717325709426,0.31550240526812257,0.45563216088853176,9.1538689407749878e-06,nan,nan,nan,nan,nan,nan,nan,nan,nan,nan,nan,nan,nan,nan,0.24801112072311665,0.0026259224949605306,1.4113013515765336e-09,0.0024874086546404052,3.2970002433741181e-05,0.39330410703598984,0.00010682433867590588,5.3365128815484544e-07,2.4718531171652953e-10,4.1666089172295081e-12,3.8545000486688355e-10,1.0244419568177306e-10,8.8161156180644005e-08,0.35343102278718103,0,0,0,0,0,0,0,nan,nan,nan,nan,nan,nan,nan,nan,nan,nan,nan,nan,nan,nan,-9.7236756384207229e-11,-6.349866303536688e-13,9.0596130053532239e-12,-1.7799836914163962e-10,1.0607834055598175e-14,-4.8370156220233634e-10,5.3494104823923413e-13,-1.7885183351690204e-13,-2.3276293264602459e-16,-3.5424246060669356e-18,1.4900766827647308e-17,-2.2592982283815128e-17,-1.3211380650027212e-13,7.502779226088177e-10,-3.2683033377670784e-07,1.568085624681359e-07,-6.5876089508366405e-22,1.704967138501273e-07,1.1510089106964161e-06,-4.9713994687561325e-07,0,0.017471964497120004,0.028831446883811274,4.7289167883033364e-18,0.049147582116010523,0.0089910695222803639,0.11600922364267774,5.1681177145816518e-06,0,0,0,0,0,0,0
77,0,lumen,0.0087500000000000008,0.00050000000000000001,0.0087171052631578941,0.0087828947368421059,0,0.001,1000145.8876386198,1.355491339758903,13.217995230286881,3014.3018461906013,0.16948385575658398,1173,1173,4.0596120835618078e-05,0.23439407895262532,0.59999999999999998,2,500000,0.00035,0.0001,0.065869308100391405,0.17000095288102118,9.0661403671154955e-18,0.18008909502651221,0.066319924282758652,0.51324541768081722,2.2691351122366917e-05,0.054270410789333076,0.080223912328652724,3.7451153237591087e-18,0.054089318073283175,0.43482958474329914,0.3765792663264857,7.5077389462881299e-06,0.27097759558758933,0.001466187173724004,9.2495481740485696e-10,0.0019126555750225201,2.0266334623414957e-05,0.39649605082849759,6.9996171954336755e-05,9.1170495566711454e-07,2.9726010871651062e-10,3.0244605284704134e-12,2.6310329397557015e-10,6.3808443991374229e-11,6.3584919988211787e-08,0.32905627148656463,nan,nan,nan,nan,nan,nan,nan,nan,nan,nan,nan,nan,nan,nan,0,0,0,0,0,0,0,-1.1659907007213928e-10,-4.5844200098308129e-13,7.3195723995677002e-12,2.0603894997402024e-10,-2.0025214125807267e-15,-7.3828776208859082e-11,4.0424091284709276e-13,-2.6198010774636238e-14,2.0051679542031233e-18,-8.3824469931437568e-19,1.763679502005897e-18,-2.410681617279881e-18,-5.4626731090334019e-16,-2.2847862650293154e-11,nan,nan,nan,nan,nan,nan,nan,nan,nan,nan,nan,nan,nan,nan,-1.6924701013235066e-07,1.4902646583436763e-07,1.8589324364631776e-22,2.0287082235743227e-08,5.2806422101703276e-07,-1.8973278115286263e-07,0,0.015180002724950068,0.039030765786864874,2.0819014147249571e-18,0.041388121766687463,0.0151733352007267,0.11804784947287736,5.2161806478902993e-06,-8.1987085657837959e-05,0.00010125966582646952,-7.2653546399825892e-21,4.3337792328266042e-05,4.1679262108778968e-05,-0.00011475542483534474,4.4806480278432818e-10
77,1,lumen,0.0087500000000000008,0.0015,0.0087171052631578941,0.0087828947368421059,0.001,0.002,1000145.6378530078,1.384613160729846,13.501978351582824,2956.0228017037898,0.16933324555314122,1173,1173,4.0571447572460886e-05,0.23430774959220491,0.59999999999999998,2,500000,0.00035,0.0001,0.066070814511444434,0.16423907942160787,9.0219809829342765e-18,0.1751210051034908,0.064714323073190347,0.50444075369394592,2.2204911504505605e-05,0.055605978134075119,0.079170028376809781,3.8069439314947977e-18,0.053727192615482249,0.4334183478033497,0.37807094843362649,7.5046366566369731e-06,0.27133028458385133,0.0014811138085459475,9.5049422566356987e-10,0.0019258583675437822,2.0203629057783233e-05,0.39515045317466629,7.0593937713125593e-05,8.9589399958962833e-07,2.9373681370280145e-10,3.0682020765010466e-12,2.6966521546438038e-10,6.5403908757608114e-11,6.3285430648418675e-08,0.33002053173682433,nan,nan,nan,nan,nan,nan,nan,nan,nan,nan,nan,nan,nan,nan,0,0,0,0,0,0,0,1.0833873573371097e-10,-4.8794310777855264e-13,-7.2159983619349244e-12,-1.8660840498843629e-10,-5.3225653051658384e-15,1.3970505936995725e-10,4.1369072409751893e-13,-3.3797617482456133e-14,-4.5280075077269522e-18,-1.1328190861405007e-18,3.029421659359919e-18,-4.0587083384914451e-18,8.4086030791289e-15,-5.4114268784702112e-11,nan,nan,nan,nan,nan,nan,nan,nan,nan,nan,nan,nan,nan,nan,-1.7489395830096871e-07,1.5288043819783326e-07,2.9430488801972262e-23,2.1881061776276439e-08,5.4653016690053846e-07,-1.9659559030715812e-07,0,0.015534326122517919,0.038472112598355215,2.1198518053721471e-18,0.041062642055757097,0.015104602689611779,0.11837910580260232,5.2078614601802411e-06,-0.00020191563224478571,0.00026346651653570507,-1.6641618546598635e-20,0.0001301082231428588,9.1588172947594008e-05,-0.00027724603823305863,5.160801717126125e-10
77,2,lumen,0.0087500000000000008,0.0025000000000000001,0.0087171052631578941,0.0087828947368421059,0.002,0.0030000000000000001,1000144.9001981486,1.3267747003894423,12.937979359620844,3097.6237334451507,0.1687146112284357,1173,1173,4.0503332643258101e-05,0.23423229669988682,0.59999999999999998,2,500000,0.00035,0.0001,0.073035151338239734,0.16544913469882666,9.7658923895079288e-18,0.17904816721846831,0.067050261448390908,0.53152337808697869,2.3161835101495189e-05,0.058899662191668034,0.076421902527688268,3.9487128621705064e-18,0.052637448972948364,0.43030500926411847,0.38172847598364007,7.5010599367731238e-06,0.27239455686099712,0.0015176269771402916,1.0143921862527164e-09,0.0019591644717890894,1.9982871500030497e-05,0.39152422938376025,7.2073986352713725e-05,8.5679250620411919e-07,2.8465268114162478e-10,3.1787218738231145e-12,2.8614695867442631e-10,6.9406595060307672e-11,6.2369256736319411e-08,0.33251144462892029,nan,nan,nan,nan,nan,nan,nan,nan,nan,nan,nan,nan,nan,nan,0,0,0,0,0,0,0,4.380414946687514e-12,-6.5696366877265493e-13,1.6990913414015595e-12,3.0018254295397677e-11,1.8895475462077371e-15,-4.9370538039716916e-11,4.561834538451973e-13,-1.1648559720967011e-13,-8.372141417433188e-17,-2.803884108961942e-18,8.6201648653032823e-18,-1.1921495629561619e-17,3.2503592818375685e-14,1.3555739692285441e-11,nan,nan,nan,nan,nan,nan,nan,nan,nan,nan,nan,nan,nan,nan,-1.8923769747741792e-07,1.6295202648342055e-07,-2.1712833222958152e-22,2.6333424662113139e-08,5.9403893543086284e-07,-2.1559939139548234e-07,0,0.016396398844574653,0.037003943469312545,2.1945061547846195e-18,0.040088146941079157,0.014941219416355907,0.11910234555430328,5.1871230361902563e-06,-0.00038341280111165078,0.00052028253311041438,-2.9336771902443224e-20,0.00025552122683681825,0.00017286706925201804,-0.0005340194556106982,-3.6800064156545319e-10
77,3,support,0.0087500000000000008,0.0035000000000000001,0.0087171052631578941,0.0087828947368421059,0.0030000000000000001,0.0040000000000000001,1001187.6641389227,1.3351236483216502,13.005833672306157,3105.6787113413325,0.16891922226446532,1173,1173,4.0371006643546685e-05,0.23413130082709782,0.40000000000000002,2,300000,0.00033700000000000001,0.0001,0.080391891224802711,0.15285663415733999,1.033124143878289e-17,0.17084403819125951,0.065782463031867161,0.53878431740775468,2.3048846038292352e-05,0.065172571580870961,0.070975650109208005,4.1992126939573479e-18,0.050488971451763093,0.42438282378328018,0.38897247945891,7.5036159677752957e-06,nan,nan,nan,nan,nan,nan,nan,nan,nan,nan,nan,nan,nan,nan,0.27474178123843501,0.0015916788371156902,1.14056271963781e-09,0.0020286019745723669,1.948461261121232e-05,0.3840099298231282,7.5107994102658845e-05,7.8264382170015814e-07,2.6692282950932451e-10,3.4037035710090714e-12,3.1893889966983261e-10,7.7397901306891357e-11,6.042576999773702e-08,0.3375325706432169,0,0,0,0,0,0,0,nan,nan,nan,nan,nan,nan,nan,nan,nan,nan,nan,nan,nan,nan,-3.1879854970580053e-11,-9.1406094986472041e-13,4.167076054388407e-12,1.978616870600796e-11,6.5059719764337665e-15,-2.0631154011747921e-10,5.50710855018003e-13,-2.6221668066039872e-13,-3.0066410737539477e-16,-4.7285086209660732e-18,1.50514556123058e-17,-2.1760697449894765e-17,2.2061684658618615e-14,2.1483526050402362e-10,-2.1835433130969889e-07,1.9197649686608642e-07,2.1183662849842857e-23,2.6580212918640363e-08,6.8164628676259387e-07,-2.4495009076641594e-07,0,0.018135776934786192,0.034489574468444667,2.3303760285124157e-18,0.038544909063126541,0.0148082623185692,0.12155240200600041,5.1995780437961477e-06,-1.5669068855295331e-05,-4.6023147631154068e-06,-1.6252322700879638e-20,-7.6543372214075617e-05,7.0676913273776468e-05,-0.00010940903892183034,-5.3245513516075889e-09
77,4,support,0.0087500000000000008,0.0045000000000000005,0.0087171052631578941,0.0087828947368421059,0.0040000000000000001,0.0050000000000000001,1000873.4466248535,1.5847160707864321,15.442033556702199,2751.8125058228238,0.13811930011667717,1173,1173,4.1365417987824807e-05,0.20460470511769929,0.40000000000000002,2,300000,0.00033700000000000001,0.0001,0.079652471460920374,0.13265426844231218,2.1610313983342357e-17,0.22600557454028972,0.041183381697330199,0.5313184660247221,2.3707582708684356e-05,0.076668711411444046,0.073132869144090201,1.0429001615777344e-17,0.079301635257627165,0.31545394947849614,0.45543367092141529,9.1637869270537323e-06,nan,nan,nan,nan,nan,nan,nan,nan,nan,nan,nan,nan,nan,nan,0.24781916894860853,0.0026233591140556716,1.4035241312162288e-09,0.0024845849900200444,3.3072850530172365e-05,0.39374691797255995,0.00010671157389619257,5.3561569950355896e-07,2.4800631269630662e-10,4.1478873298860437e-12,3.8334465406978106e-10,1.0189685076544447e-10,8.8429063546482411e-08,0.35318555836464866,0,0,0,0,0,0,0,nan,nan,nan,nan,nan,nan,nan,nan,nan,nan,nan,nan,nan,nan,-5.8300092013996384e-11,-1.7396750612464931e-13,1.1177431623180532e-12,-1.8363476062495173e-10,-1.5349050155877286e-15,-2.4529673181995088e-10,1.0183903442261726e-13,-3.4935314190132072e-13,-5.8117431460680327e-16,-1.3256671081964098e-18,-2.5175321559185356e-18,-8.2774314965329143e-18,-2.9452703600157794e-13,4.8683154678534922e-10,-3.2477726049848221e-07,1.5480595089156779e-07,-1.2415702088534118e-22,1.7021613454689058e-07,1.1445737906762288e-06,-4.9480862374107204e-07,0,0.017368211395316618,0.02891662339906689,4.7108643586793919e-18,0.049290956093630198,0.0089796691837312342,0.11582682578104471,5.1678063488440781e-06,0,0,0,0,0,0,0
78,0,lumen,0.0088157894736842109,0.00050000000000000001,0.0087828947368421059,0.0088815789473684209,0,0.001,1000145.0990158021,1.3502798261926143,13.167185840252657,3024.416258691524,0.16961448242810412,1173,1173,4.0598003969629197e-05,0.23449651699321411,0.59999999999999998,2,500000,0.00035,0.0001,0.065749928351052839,0.17110408412346351,9.1177163334185407e-18,0.1807922150997146,0.06666693469904747,0.51454043415833883,2.2766769937100138e-05,0.053963817589079956,0.080434104736874984,3.7519427902002928e-18,0.054091769744572131,0.43542456278886227,0.37607824140367102,7.5037369397765904e-06,0.2709706043701442,0.0014611995977988521,9.1907683494103149e-10,0.0019087554569977975,2.0250311149929651e-05,0.39674536993646936,6.9805742697446661e-05,9.1591187343901693e-07,2.9803102581653446e-10,3.0146982980855558e-12,2.6161834727272112e-10,6.343586017763452e-11,6.3578036339368992e-08,0.32882303354964942,nan,nan,nan,nan,nan,nan,nan,nan,nan,nan,nan,nan,nan,nan,0,0,0,0,0,0,0,7.7433718485898091e-11,-8.475238636199547e-13,-3.7759046430418067e-12,-1.3849563019331341e-10,-7.1853330577131835e-15,3.259949211617541e-11,7.3587858818130267e-13,-4.4782970734513761e-14,-5.8161706023793771e-18,-1.5506847368053059e-18,4.833344997431381e-18,-6.2305756104734218e-18,1.307458834310534e-14,3.2388758182486303e-11,nan,nan,nan,nan,nan,nan,nan,nan,nan,nan,nan,nan,nan,nan,-1.6788040503503548e-07,1.4788377689090026e-07,-3.8892473915985406e-22,1.9967843484329783e-08,5.2358123397988621e-07,-1.8771346776969011e-07,0,0.015063286154571595,0.039215148663823751,2.088162337814039e-18,0.041422877825591328,0.015217255818355606,0.11790336751024395,5.2160907173398949e-06,-8.1978318010270061e-05,0.00010157926373157561,-4.4055651552917556e-21,4.3593329465857625e-05,4.1374553150583152e-05,-0.00011401320146979376,4.5560942521046159e-10
78,1,lumen,0.0088157894736842109,0.0015,0.0087828947368421059,0.0088815789473684209,0.001,0.002,1000144.8506450524,1.3784835359705443,13.442216236389068,2967.6680961432253,0.1693632322908572,1173,1173,4.0573170470625103e-05,0.23441380500443337,0.59999999999999998,2,500000,0.00035,0.0001,0.06599829632056517,0.16539940198814682,9.0203688843688223e-18,0.17590020513062471,0.065092946078511515,0.50600540059807653,2.2291586656416826e-05,0.055299094332376619,0.079376455797719028,3.7894164971461136e-18,0.053727387429640561,0.43402453206893138,0.37756502978740042,7.5005839321091414e-06,0.2713268999857863,0.0014760167336563626,9.4457614758337413e-10,0.0019219130416948057,2.0186597827331123e-05,0.39539760499066029,7.0400146939693516e-05,9.0004909065873471e-07,2.9449879464252793e-10,3.058201490594881e-12,2.6816814134217866e-10,6.5026526564088961e-11,6.3276220420477724e-08,0.32978601360279647,nan,nan,nan,nan,nan,nan,nan,nan,nan,nan,nan,nan,nan,nan,0,0,0,0,0,0,0,-1.7164471409949701e-11,-7.7925973319951294e-13,1.488193109831591e-12,4.9441375741857564e-11,-3.4101410931186571e-15,-1.2946262768417927e-11,6.654229535674671e-13,-4.4959695688628898e-14,-1.1387352486100722e-17,-1.6731634895626089e-18,5.5940993878812206e-18,-7.2361245518571944e-18,1.8431477056045055e-14,-2.0674989660250288e-11,nan,nan,nan,nan,nan,nan,nan,nan,nan,nan,nan,nan,nan,nan,-1.7352449735788533e-07,1.5199659375575436e-07,-4.0211468493753308e-23,2.1539391730643825e-08,5.4211660568959097e-07,-1.9511178844799915e-07,0,0.015418057624014329,0.038654243682654237,2.1067308981708141e-18,0.041095230881527778,0.015149256361239852,0.11823464447369993,5.2078271372113466e-06,-0.00020128390858685369,0.00026298979945010289,-1.50056380206908e-20,0.00012959480605437417,9.1152434408025594e-05,-0.000276853099393407,4.8868932980099628e-10
78,2,lumen,0.0088157894736842109,0.0025000000000000001,0.0087828947368421059,0.0088815789473684209,0.002,0.0030000000000000001,1000144.1170595874,1.3388661528104218,13.055898796545819,3068.0551678838915,0.16879696323151203,1173,1173,4.0505230851999828e-05,0.2343406189210232,0.59999999999999998,2,500000,0.00035,0.0001,0.071983320421758298,0.16441367924195288,9.6004192381346603e-18,0.17745018125666737,0.0665411014242836,0.52599844559643527,2.2940824980024369e-05,0.058580499062881396,0.07663578568192371,3.9171855108912321e-18,0.052643132266485509,0.43092950694748888,0.38120357884249073,7.4971987296237397e-06,0.2723876013421011,0.0015122093024438996,1.0081380927828109e-09,0.0019550017358692735,1.9967262594155768e-05,0.39179034908595056,7.1868758244394502e-05,8.6097354295362934e-07,2.8544182917652064e-10,3.1677512070149605e-12,2.8455719591316248e-10,6.9003136880360644e-11,6.2365680722724319e-08,0.33226207752325965,nan,nan,nan,nan,nan,nan,nan,nan,nan,nan,nan,nan,nan,nan,0,0,0,0,0,0,0,8.1842523764625274e-12,-8.031539947497083e-13,1.8419322727922437e-13,1.6446759122006428e-11,1.713039432527097e-17,2.1239688393487333e-11,6.2520039922827647e-13,-9.3171347373410818e-14,-5.1263396237376597e-17,-2.5153850438487665e-18,8.55979608682582e-18,-1.1494309058954148e-17,2.7146309465372239e-14,-4.581068874593283e-11,nan,nan,nan,nan,nan,nan,nan,nan,nan,nan,nan,nan,nan,nan,-1.8774958894691995e-07,1.6174168432359082e-07,-1.4271543518658768e-23,2.5986546813590764e-08,5.892302851751019e-07,-2.1375234066089988e-07,0,0.016277032928605127,0.037186912294555105,2.1705923640885186e-18,0.040124874839778953,0.014986619139452338,0.11895392568787821,5.1872090123717121e-06,-0.00038103882107451967,0.00051789364253787789,-3.0205535578700979e-20,0.00025263634624347062,0.00017226034973545556,-0.00053530504300942873,-4.0002365303625294e-10
78,3,support,0.0088157894736842109,0.0035000000000000001,0.0087828947368421059,0.0088815789473684209,0.0030000000000000001,0.0040000000000000001,1001181.2623342939,1.3408451417760197,13.061651948347892,3090.6722535260551,0.16901693652792782,1173,1173,4.0374089220691473e-05,0.23423621098636885,0.40000000000000002,2,300000,0.00033700000000000001,0.0001,0.079601121846983008,0.15273506182973834,1.0227718640078707e-17,0.17022882883980853,0.065602243904693006,0.53569344825039056,2.2939214329164038e-05,0.064808461526106309,0.071223570793625041,4.1749765954852829e-18,0.050523068324216977,0.42503654608815822,0.38840085329208518,7.499975808162586e-06,nan,nan,nan,nan,nan,nan,nan,nan,nan,nan,nan,nan,nan,nan,0.27471162344033762,0.0015855059863186163,1.1331901040513779e-09,0.0020238338775956815,1.9476740668995484e-05,0.38434686589300116,7.4874069723096141e-05,7.870480866532408e-07,2.6782408498396703e-10,3.3899141394622295e-12,3.1704327170897201e-10,7.6913895124320091e-11,6.0447613192702284e-08,0.33723697069828873,0,0,0,0,0,0,0,nan,nan,nan,nan,nan,nan,nan,nan,nan,nan,nan,nan,nan,nan,-2.0375815646365657e-11,-8.8522276682355444e-13,2.0643554015212797e-13,-2.7839514306597022e-11,3.0344650403524298e-15,-4.3101549239421555e-11,6.4510465709481415e-13,-1.5111913456711257e-13,-1.2652468886491226e-16,-3.3594193159797201e-18,1.1828240579772098e-17,-1.6285997344134935e-17,2.129760551976628e-14,9.1477547572069778e-11,-2.1653995568599732e-07,1.9046569432745741e-07,4.5531727649372465e-26,2.6117283481810726e-08,6.7574632134359547e-07,-2.4262912862171859e-07,0,0.018002448785381098,0.034691845350888283,2.3119503147353308e-18,0.038609058460505712,0.014855134021555239,0.12139018548100039,5.2001499924848379e-06,-1.5662341668170729e-05,-4.741609556360681e-06,-1.6299044484313063e-20,-7.7499441062798221e-05,7.1266341142001561e-05,-0.00011087902753048021,-5.3714540872840136e-09
78,4,support,0.0088157894736842109,0.0045000000000000005,0.0087828947368421059,0.0088815789473684209,0.0040000000000000001,0.0050000000000000001,1000868.1060285908,1.5888065124031112,15.481974876519052,2743.9924803727627,0.1369909314474001,1173,1173,4.1377615359839582e-05,0.20449931910990876,0.40000000000000002,2,300000,0.00033700000000000001,0.0001,0.079051451644931769,0.13287242764977378,2.1531859386399752e-17,0.22638600984537208,0.041070068639626478,0.52970018549793574,2.3671525388632679e-05,0.076287015416019108,0.073442612875969052,1.041801694058947e-17,0.079640585262592781,0.31539968792440981,0.45522092500508038,9.1735159288033554e-06,nan,nan,nan,nan,nan,nan,nan,nan,nan,nan,nan,nan,nan,nan,0.2476199783326887,0.0026207100986661127,1.3955305886699794e-09,0.0024816351945735862,3.3179270224056478e-05,0.39420428588869227,0.00010659436069295299,5.3765359765921649e-07,2.4885519233404652e-10,4.1286660689973928e-12,3.8117965436310798e-10,1.0133441873804952e-10,8.8705609642805043e-08,0.35293298836423437,0,0,0,0,0,0,0,nan,nan,nan,nan,nan,nan,nan,nan,nan,nan,nan,nan,nan,nan,-4.6081903773772279e-11,-1.5157561216439443e-13,-1.9903067385112233e-11,-3.5137282807515918e-10,7.1262440393127235e-15,5.1209120917241474e-10,1.5040587058855856e-13,-2.0293293954976033e-13,-3.0325650170319483e-16,-1.1462771660727221e-18,1.3311001790936744e-18,-7.3579833844441772e-18,-2.1532316641984226e-13,-9.4320829435626964e-11,-3.2265727443591546e-07,1.5265981628820313e-07,-4.0533803512033595e-24,1.6950568149170855e-07,1.1375602811253271e-06,-4.9183147976528119e-07,0,0.017213579696788921,0.029043223840127166,4.6976406951132123e-18,0.049505006391311647,0.0089622259193339691,0.11555459939978022,5.1673351654888829e-06,0,0,0,0,0,0,0
79,0,lumen,0.0089473684210526309,0.00050000000000000001,0.0088815789473684209,0.009078947368421051,0,0.001,1000143.52042631,1.3415446559658015,13.082025915096258,3041.0902202333359,0.16974982069365641,1173,1173,4.0601604214124466e-05,0.23469982257924585,0.59999999999999998,2,500000,0.00035,0.0001,0.065437726093763887,0.17310336187684133,9.0370996040391336e-18,0.18197172566841524,0.067282085602668115,0.51653165525923106,2.2891110945934729e-05,0.053360221192020808,0.080847649627387511,3.6947175203870886e-18,0.054092545411370291,0.4366001922003121,0.37509189564634066,7.4959225687124346e-06,0.27095808162229418,0.001451419706257714,9.0752989309252514e-10,0.0019010952589335896,2.0218184744859593e-05,0.39723363679639079,6.9432012486763558e-05,9.2424048538143628e-07,2.9954900678664775e-10,2.9956529206736161e-12,2.5870391579662194e-10,6.2705500769189949e-11,6.3562694653739195e-08,0.3283651270842346,nan,nan,nan,nan,nan,nan,nan,nan,nan,nan,nan,nan,nan,nan,0,0,0,0,0,0,0,-6.940437195945068e-12,-7.8637220403734989e-13,3.5478567905574558e-13,1.3949248643315132e-11,-5.0273370535980355e-15,-1.6019592336685706e-12,6.8577854472527028e-13,-3.9914902980053846e-14,-4.6824552078840384e-18,-1.4039418169261934e-18,4.2795042020437582e-18,-5.5058194611223393e-18,1.0908119391852902e-14,-5.6271378013750389e-12,nan,nan,nan,nan,nan,nan,nan,nan,nan,nan,nan,nan,nan,nan,-1.6523012665199677e-07,1.4579082702192991e-07,-1.2628778268143135e-23,1.9440580805110753e-08,5.1513296349392501e-07,-1.8468424717310583e-07,0,0.014834026170146217,0.039577791366406517,2.0493704899794156e-18,0.041489806386767067,0.015303687780322499,0.11761944532000528,5.2159054247074196e-06,-8.1903203458321701e-05,0.00010219357220023624,-5.8034788566077728e-21,4.4337862195039281e-05,4.066433683331918e-05,-0.00011243556357068552,4.6941295468364184e-10
79,1,lumen,0.0089473684210526309,0.0015,0.0088815789473684209,0.009078947368421051,0.001,0.002,1000143.2748626721,1.3632690046570117,13.293873407564282,2997.788600342742,0.16960643212042584,1173,1173,4.0576405633421423e-05,0.23462535410856683,0.59999999999999998,2,500000,0.00035,0.0001,0.066004555909228449,0.16810075459747997,9.0117926657397439e-18,0.17784402976405214,0.066001481292179948,0.51030120143463442,2.2516571567036934e-05,0.054694022974492426,0.079782583053728262,3.7440349669841991e-18,0.053721648253184658,0.4352258616120846,0.37656839142936394,7.4926771460463151e-06,0.27132217484740895,0.001466006035890287,9.3293371694986189e-10,0.0019141578461667641,2.015226153890825e-05,0.39588141968457563,7.0019318915222039e-05,9.0828318231403072e-07,2.9599996503019045e-10,3.0386555972028538e-12,2.6522584953553761e-10,6.4285651045279164e-11,6.3255843722868128e-08,0.32932509690499151,nan,nan,nan,nan,nan,nan,nan,nan,nan,nan,nan,nan,nan,nan,0,0,0,0,0,0,0,9.9759185571651662e-12,-7.570042849719492e-13,-2.6611710677711704e-13,-1.7256397456917673e-12,-3.7850582043641445e-15,1.3842280186665556e-11,6.4376618783459659e-13,-4.5447803506681872e-14,-1.165526444748413e-17,-1.6588186752449049e-18,5.5105714134086519e-18,-7.1475114651819103e-18,1.8488060702361588e-14,-2.1682572563860726e-11,nan,nan,nan,nan,nan,nan,nan,nan,nan,nan,nan,nan,nan,nan,-1.708200224707912e-07,1.4976977025238369e-07,5.9081390752076418e-23,2.1036706775965874e-08,5.3349220041631895e-07,-1.9185521665798788e-07,0,0.015189732031044118,0.039012263546482538,2.0747179692450815e-18,0.041158440320305308,0.015236871312355222,0.11795187026722739,5.2077663303724166e-06,-0.00020099094200930098,0.00026391178747216156,-1.7685145228816326e-20,0.00012915019105870639,9.0719765379143727e-05,-0.00027779720466516945,4.6576992617562415e-10
79,2,lumen,0.0089473684210526309,0.0025000000000000001,0.0088815789473684209,0.009078947368421051,0.002,0.0030000000000000001,1000142.5494523391,1.366509941199531,13.325486960024804,3002.9637830817751,0.16898000526911722,1173,1173,4.0508447235470628e-05,0.23455713734723799,0.59999999999999998,2,500000,0.00035,0.0001,0.06978813728551915,0.16193130683296583,9.3516498421320454e-18,0.17386125881267048,0.065379920252621473,0.51399020950925123,2.2453489653577105e-05,0.057966771387060162,0.077037255181094666,3.894471155261222e-18,0.0526434578645672,0.43215241804254417,0.38019260807082678,7.4894539070286253e-06,0.27238502990751295,0.0015017893098230211,9.9615369559185469e-10,0.0019470364310258323,1.993355669256736e-05,0.39228503117287356,7.1474682242125546e-05,8.6900357955524029e-07,2.8693400357580438e-10,3.1467958364371572e-12,2.8151450425116642e-10,6.8230807920457467e-11,6.2348556774880936e-08,0.33178877195171347,nan,nan,nan,nan,nan,nan,nan,nan,nan,nan,nan,nan,nan,nan,0,0,0,0,0,0,0,-1.0855677046424123e-10,-6.6227606020406896e-13,1.1926149454096356e-11,2.6232247163857533e-10,6.5594231435373018e-17,-2.8237619078934351e-10,5.2618466771990503e-13,-6.752606286630769e-14,-3.1800890355501825e-17,-1.9357998287084734e-18,6.5932350299548077e-18,-8.7941574216183187e-18,2.1902714977533251e-14,1.1686607220636532e-10,nan,nan,nan,nan,nan,nan,nan,nan,nan,nan,nan,nan,nan,nan,-1.8492106030124078e-07,1.5988134005606724e-07,-4.479214710869728e-22,2.5310215848727746e-08,5.8009157606619954e-07,-2.1048162590631136e-07,0,0.016042077435471865,0.037547558073004826,2.1468718950395894e-18,0.040196207075166794,0.015075856351568667,0.11866392101196675,5.1873974348354162e-06,-0.00037780807126992511,0.00051560553236045643,-2.7051373880669201e-20,0.00024890904130697597,0.00017084513352060639,-0.00053842800075659951,-4.8479422007598007e-10
79,3,support,0.0089473684210526309,0.0035000000000000001,0.0088815789473684209,0.009078947368421051,0.0030000000000000001,0.0040000000000000001,1001168.4467127826,1.3492275815340025,13.143476534272679,3068.1436842526359,0.16920399901660876,1173,1173,4.0378718105712337e-05,0.23445487024030909,0.40000000000000002,2,300000,0.00033700000000000001,0.0001,0.078277426484196361,0.15272919541308067,1.0042657277713916e-17,0.16930223444602432,0.065391368923471249,0.53086100762441712,2.2774644437424678e-05,0.064129995521927927,0.071666997358449558,4.1251150156689663e-18,0.050562838184036278,0.4263243665623076,0.38730830955713996,7.492816138665709e-06,nan,nan,nan,nan,nan,nan,nan,nan,nan,nan,nan,nan,nan,nan,0.27468273117225522,0.0015737331079649433,1.1195073799219877e-09,0.0020148658487341886,1.9452275147335637e-05,0.38493993540102239,7.4430127514129983e-05,7.9529177485944807e-07,2.6945971947600467e-10,3.3643599848795985e-12,3.1353256537741537e-10,7.6014605327055757e-11,6.0462570285743844e-08,0.33669399453113918,0,0,0,0,0,0,0,nan,nan,nan,nan,nan,nan,nan,nan,nan,nan,nan,nan,nan,nan,-2.9272186670858005e-11,-7.8931695081245249e-13,1.582965053179217e-12,-5.9958615264769762e-12,2.6717994136560286e-15,-8.9506536514113999e-11,5.689197410068821e-13,-1.4105383527862614e-13,-1.1750573231638256e-16,-3.0519283778727831e-18,1.0641602738372288e-17,-1.4727991919968041e-17,1.8441845534963799e-14,1.2353201776417825e-10,-2.1318165457830801e-07,1.8814919194864999e-07,3.1741007663250411e-23,2.5120506294099618e-08,6.6467500535460911e-07,-2.3829452383550276e-07,0,0.017739529138344746,0.035092132674103715,2.2752997581508281e-18,0.038734475224875047,0.014947068356906467,0.12107013576056314,5.2013012150876132e-06,-1.5652058900676815e-05,-4.9760002893721608e-06,-1.6448756140680114e-20,-7.903709425414802e-05,7.2361852250993133e-05,-0.00011203995711327351,-5.4675351886214446e-09
79,4,support,0.0089473684210526309,0.0045000000000000005,0.0088815789473684209,0.009078947368421051,0.0040000000000000001,0.0050000000000000001,1000857.438453891,1.6222928609553207,15.808447926184654,2686.0361990198953,0.13765597767632862,1173,1173,4.1399539678452814e-05,0.20430817843888999,0.40000000000000002,2,300000,0.00033700000000000001,0.0001,0.076712200782083975,0.13110657852264568,2.1084003869452038e-17,0.22336903064591782,0.040207674750643088,0.51837358209488726,2.3234013389178036e-05,0.075590652082939358,0.073994699013048337,1.0416444066682551e-17,0.080236262793708935,0.31528816097644385,0.45488103129929675,9.1938345626808017e-06,nan,nan,nan,nan,nan,nan,nan,nan,nan,nan,nan,nan,nan,nan,0.24726273793327075,0.0026163781087466258,1.3810339608544453e-09,0.0024766295893183677,3.3373132436622819e-05,0.39501580884474197,0.00010639877065736479,5.4121621399037988e-07,2.5036150520931458e-10,4.093805062636658e-12,3.7725843767449878e-10,1.0031679308740449e-10,8.9207524192153508e-08,0.35248804108402576,0,0,0,0,0,0,0,nan,nan,nan,nan,nan,nan,nan,nan,nan,nan,nan,nan,nan,nan,-5.9266394968354046e-11,-1.0454159185263568e-13,1.5529665618610644e-12,-1.8809637938878901e-10,-2.0581409840292331e-15,-2.6603413374147455e-10,1.1919322678277199e-13,-1.8654023638264849e-13,-2.7784777634832419e-16,-8.704494028822594e-19,3.035982390689595e-19,-5.5664284903313085e-18,-2.1051455677477065e-13,5.1222859236568209e-10,-3.1890242202601421e-07,1.5002075537395854e-07,-1.6288226755310185e-22,1.6914654720606466e-07,1.1258788220058769e-06,-4.8785930850669956e-07,0,0.016907905224824108,0.029290716348128857,4.6773361007118387e-18,0.049931901472942193,0.0089262340595713634,0.11501435422272213,5.1663759472038913e-06,0,0,0,0,0,0,0
80,0,lumen,0.0092105263157894728,0.00050000000000000001,0.009078947368421051,0.0093421052631578946,0,0.001,1000140.3580136874,1.3295209107850414,12.964817777614313,3062.6575871886225,0.17012959816760159,1173,1173,4.0609313759035555e-05,0.23508497765525593,0.59999999999999998,2,500000,0.00035,0.0001,0.064563310344022906,0.17644981047490352,8.9365363738710683e-18,0.18366612995486206,0.068242610812320248,0.5185337660600825,2.305131998394332e-05,0.052175500450652515,0.081672247043973772,3.6208689808819477e-18,0.054107066890509134,0.43886558226705563,0.37317212259278704,7.4807550219099986e-06,0.27091843906897151,0.0014326190159821633,8.8495677934902854e-10,0.0018861985742915813,2.0159819087626038e-05,0.39820369910005077,6.8710089143347947e-05,9.4075664003379535e-07,3.0255899252158434e-10,2.9589669919644672e-12,2.5301179301683151e-10,6.1285245918041327e-11,6.3543189825254631e-08,0.32746916852786712,nan,nan,nan,nan,nan,nan,nan,nan,nan,nan,nan,nan,nan,nan,0,0,0,0,0,0,0,5.3829659215398555e-12,-7.412411249466085e-13,-2.2384388155615942e-13,-8.5768455719022248e-12,-5.0872934337364839e-15,1.9444177171146215e-12,6.4548926262490012e-13,-3.8230269644445869e-14,-4.5124727456304766e-18,-1.3488003061633577e-18,4.0929915175253015e-18,-5.2740763985378153e-18,1.0542278429664267e-14,1.6019684051370668e-12,nan,nan,nan,nan,nan,nan,nan,nan,nan,nan,nan,nan,nan,nan,-1.6008150969908097e-07,1.4170797063561835e-07,-4.421349847191574e-23,1.8371851301270736e-08,4.9861398038197891e-07,-1.784449559227852e-07,0,0.014538647668058914,0.040046769910242364,2.0124745311098276e-18,0.041572932972233564,0.015415060498969695,0.11725458616797979,5.2156838315121214e-06,-8.0828684461333185e-05,0.00010126426066439526,-5.8546709938668436e-21,4.4191193874251218e-05,3.9694855068829499e-05,-0.00011047818023161359,4.2102675791414216e-10
80,1,lumen,0.0092105263157894728,0.0015,0.009078947368421051,0.0093421052631578946,0.001,0.002,1000140.1180407786,1.3745872903002407,13.404285611174089,2967.2731841213599,0.1698826524418067,1173,1173,4.0584217766227153e-05,0.23501709544967225,0.59999999999999998,2,500000,0.00035,0.0001,0.064019634076034129,0.16846260599274804,8.7620984304903631e-18,0.1764332499665818,0.065804168679344854,0.50347580836138817,2.2286908320134548e-05,0.053489837304619745,0.080618382203837297,3.6705315930843502e-18,0.053738137059686289,0.43752870604355898,0.3746174595388731,7.4778494246091509e-06,0.27127959448402122,0.0014466886658733543,9.0984533565618399e-10,0.0018989222156483195,2.0095026721066921e-05,0.39687813836894986,6.9279125086374688e-05,9.2486261097923798e-07,2.9905295989506104e-10,3.000519690000588e-12,2.5939319324477292e-10,6.2825765684510461e-11,6.3242635795097114e-08,0.32840629247434155,nan,nan,nan,nan,nan,nan,nan,nan,nan,nan,nan,nan,nan,nan,0,0,0,0,0,0,0,4.7460804466006243e-12,-7.0896689912657299e-13,6.6100648710996396e-14,7.5407568577019785e-12,-3.5425221783791372e-15,8.6335754084093663e-12,6.0181025965346874e-13,-4.3237115276983928e-14,-1.0599968670190962e-17,-1.5719538929553884e-18,5.1015071809500868e-18,-6.6299994277088964e-18,1.7467546055353903e-14,-2.085018284714092e-11,nan,nan,nan,nan,nan,nan,nan,nan,nan,nan,nan,nan,nan,nan,-1.6550992886291138e-07,1.4536655817964927e-07,-2.8853016674498199e-23,2.0134700359718493e-08,5.1666155596874486e-07,-1.8565205389675654e-07,0,0.0148957021293919,0.039473742023283125,2.0381327890732985e-18,0.04123808648301152,0.015349730662196109,0.11758826766110034,5.2076882341000816e-06,-0.00019815714958280507,0.00026240280091042084,-1.4628624453331867e-20,0.00012739455805312386,8.8796487609462608e-05,-0.00027311620733505695,4.3308809151914012e-10
80,2,lumen,0.0092105263157894728,0.0025000000000000001,0.009078947368421051,0.0093421052631578946,0.002,0.0030000000000000001,1000139.4088544023,1.3422595308940219,13.089050801872485,3051.0449997830924,0.16932828944541159,1173,1173,4.0516775276909338e-05,0.23496065699898594,0.59999999999999998,2,500000,0.00035,0.0001,0.069511537856747158,0.166682110798264,9.2767673077827263e-18,0.17711045024281707,0.066927139353322437,0.52050971804192114,2.281453232842884e-05,0.056712588064778774,0.077890418279250848,3.7947396264990919e-18,0.052675763611323638,0.43453012252958162,0.37818363265717619,7.4748578890555004e-06,0.2723359869219994,0.0014813462724702516,9.7175438971696464e-10,0.0019310914490785174,1.9879944566380401e-05,0.39333929787875827,7.0695300782652013e-05,8.85553988584987e-07,2.9005855498472777e-10,3.1047993749252523e-12,2.7532019144148377e-10,6.6669688500582386e-11,6.2351482462295563e-08,0.33082075271996586,nan,nan,nan,nan,nan,nan,nan,nan,nan,nan,nan,nan,nan,nan,0,0,0,0,0,0,0,1.4441381194219365e-11,-7.3687009307558862e-13,-5.3890595606575649e-13,8.0235267329570586e-13,-7.1513975297143872e-16,3.7367098998375425e-11,5.8086887250532453e-13,-7.9366417951587387e-14,-3.7910302999078574e-17,-2.2299874601306159e-18,7.5393370727291113e-18,-1.0071318781479241e-17,2.440923768701053e-14,-5.1860294000373489e-11,nan,nan,nan,nan,nan,nan,nan,nan,nan,nan,nan,nan,nan,nan,-1.7918821664138218e-07,1.5480589926619714e-07,-7.7658702166606453e-23,2.4345544955428983e-08,5.6190423536328638e-07,-2.0353504992520755e-07,0,0.015738344564130414,0.038014767984350765,2.0990954109460888e-18,0.040289289408393998,0.015190445940320457,0.11828783589133425,5.1876993119343468e-06,-0.00036790301037140089,0.00050233675803834079,-2.7911918471742296e-20,0.00023647722169278906,0.00016825296815574923,-0.00051867169162549945,-6.6689076342126206e-10
80,3,support,0.0092105263157894728,0.0035000000000000001,0.009078947368421051,0.0093421052631578946,0.0030000000000000001,0.0040000000000000001,1001142.7680734805,1.3304017151880878,12.960417108921332,3104.7234528910999,0.16956929011717087,1173,1173,4.0391404689216437e-05,0.23484446618779814,0.40000000000000002,2,300000,0.00033700000000000001,0.0001,0.077628144650239525,0.15701197165532577,9.9552917877894852e-18,0.17214749402638718,0.066700890592271411,0.5353284791309475,2.3055199306788235e-05,0.062712281621815386,0.072650504953486447,4.0322749550212786e-18,0.050696524048206536,0.42880523988708552,0.38512797001507454,7.4794743315466703e-06,nan,nan,nan,nan,nan,nan,nan,nan,nan,nan,nan,nan,nan,nan,0.27454360828103519,0.001550548979158121,1.0910206671551924e-09,0.0019966819565651822,1.9428272294615845e-05,0.38626239782603278,7.3545736476553436e-05,8.126954385439431e-07,2.7301223538802986e-10,3.3121388161868447e-12,3.062208132430824e-10,7.4160228197018158e-11,6.0562508958813648e-08,0.33555291394276376,0,0,0,0,0,0,0,nan,nan,nan,nan,nan,nan,nan,nan,nan,nan,nan,nan,nan,nan,-1.3724146967041016e-11,-8.9570484000438046e-13,-7.1915299816587637e-13,-4.1498719825446689e-11,1.9547080967741159e-15,-1.6034195238906479e-11,6.6590268376495132e-13,-1.3606195163606838e-13,-1.0011896401020116e-16,-3.2187328606805302e-18,1.1239846847535698e-17,-1.5350761339757584e-17,2.6546542146434396e-14,7.2313932441056608e-11,-2.0628086227613557e-07,1.8225192566223569e-07,2.147098776707534e-23,2.4045797577923493e-08,6.4289699251707244e-07,-2.3028581502826384e-07,0,0.017399910915544589,0.03561014154440921,2.2275498105540642e-18,0.038896122292154188,0.015064985975224574,0.12065953023516676,5.2028496117986437e-06,-1.5545243451472812e-05,-5.5278752550907212e-06,-1.6668716543178542e-20,-8.2244585314565107e-05,7.4394266133620722e-05,-0.00011313656987932592,-5.6488362131317285e-09
80,4,support,0.0092105263157894728,0.0045000000000000005,0.009078947368421051,0.0093421052631578946,0.0040000000000000001,0.0050000000000000001,1000836.1589493033,1.6051193506449395,15.641433051465674,2712.0180109823468,0.13603847665209362,1173,1173,4.1448502580452238e-05,0.20386049248588756,0.40000000000000002,2,300000,0.00033700000000000001,0.0001,0.075991759356277735,0.13473492446471244,2.1267412383397131e-17,0.22959192937266573,0.040593820099009685,0.52301899715687372,2.3583828489738535e-05,0.074089635132725082,0.075239103916782721,1.0396049971023759e-17,0.081600281588752002,0.31495313461403857,0.45410861108376105,9.2336639404128695e-06,nan,nan,nan,nan,nan,nan,nan,nan,nan,nan,nan,nan,nan,nan,0.2464444112936629,0.0026074763953303653,1.3498340797233433e-09,0.0024655259744145435,3.3818346683734455e-05,0.39683008753296056,0.00010597927438477015,5.4912515554811888e-07,2.5372403759647989e-10,4.0192659987248056e-12,3.6881196028187765e-10,9.8133757329884958e-11,9.0348294861115377e-08,0.35151205963459392,0,0,0,0,0,0,0,nan,nan,nan,nan,nan,nan,nan,nan,nan,nan,nan,nan,nan,nan,-5.4962898905078992e-11,-3.057957434219897e-14,-2.7772683334882186e-12,-2.1067458249597799e-10,-2.826298223235213e-15,-1.0705149787459955e-10,7.4936679728519993e-14,-1.6050875906170603e-13,-2.3556408094235222e-16,-3.2003205601840071e-19,-1.9268944894754328e-18,-2.0186550823920121e-18,-2.0634848274325524e-13,3.7579167504992926e-10,-3.1081404911446897e-07,1.4265827436021894e-07,1.7761623637313341e-23,1.6826597338579033e-07,1.1007439954940912e-06,-4.7887212084596342e-07,0,0.016510603031021101,0.029604648266151605,4.6510899303242559e-18,0.05049728550227145,0.0088751075551074914,0.11430652068413234,5.1650545825387965e-06,0,0,0,0,0,0,0
81,0,lumen,0.0094736842105263147,0.00050000000000000001,0.0093421052631578946,0.0097368421052631566,0,0.001,1000137.188791846,1.3070654137022097,12.745883477608208,3109.6229555833133,0.17042855010010916,1173,1173,4.0614254329944936e-05,0.23547999107447815,0.59999999999999998,2,500000,0.00035,0.0001,0.064315578068562959,0.18106628159457663,8.9107858132516755e-18,0.18672424243588762,0.069763079808184622,0.5248716496125696,2.3399423033081954e-05,0.05109760417982407,0.082393778183801128,3.5494667688489946e-18,0.054079061931252469,0.441067503112204,0.37135458710307051,7.4654898478829582e-06,0.27092809729722805,0.0014150331510710051,8.6453810659995242e-10,0.0018723847141033523,2.008826762195642e-05,0.39903240202973678,6.803657577680511e-05,9.5612922807727522e-07,3.0524185176241567e-10,2.9263965752111998e-12,2.4788434760691351e-10,6.0004423059586873e-11,6.3476034654282589e-08,0.32666293687860104,nan,nan,nan,nan,nan,nan,nan,nan,nan,nan,nan,nan,nan,nan,0,0,0,0,0,0,0,-1.2728435385014601e-12,-6.8850310968447705e-13,9.0667960585820548e-14,2.8412659613862338e-12,-4.2908385178286323e-15,-1.0163614741487415e-13,5.9292731345144435e-13,-3.9845514041014773e-14,-5.7008624521700976e-18,-1.3602246623932152e-18,4.0690771056309341e-18,-5.2826358631837094e-18,1.1381574902853532e-14,-1.4291069817962133e-12,nan,nan,nan,nan,nan,nan,nan,nan,nan,nan,nan,nan,nan,nan,-1.5544060443222624e-07,1.3849032853840981e-07,-3.2162930546898996e-23,1.6950319655410267e-08,4.8327214660637274e-07,-1.7239362609666742e-07,0,0.01411279666370723,0.040727742245222416,1.9590985064170173e-18,0.041683797399766916,0.015575382322765344,0.11673195283933409,5.2153458090264981e-06,-8.4021776494486644e-05,0.0001072126289754798,-5.8318522079693511e-21,4.6063398200734548e-05,4.049471421502574e-05,-0.00011440286158834594,4.2816200759305792e-10
81,1,lumen,0.0094736842105263147,0.0015,0.0093421052631578946,0.0097368421052631566,0.001,0.002,1000136.9545056708,1.3942983931906454,13.596541404418987,2920.2028978867957,0.17028071211015477,1173,1173,4.0587768368928911e-05,0.23541968163649488,0.59999999999999998,2,500000,0.00035,0.0001,0.061901522565913344,0.16744227204125686,8.4694993193926351e-18,0.17379946822131176,0.065196854767195042,0.49401192950995093,2.1926788538205201e-05,0.052461921994889797,0.081279392526202685,3.5988467457597474e-18,0.053695191114023662,0.43970820202383876,0.372847829800664,7.4625403811175647e-06,0.27131779686239943,0.0014293676816641006,8.9027072058729293e-10,0.0018855249807666851,2.0017244357699648e-05,0.3976396079139829,6.8619815492452471e-05,9.3932725186111044e-07,3.0154647180315075e-10,2.9686752438916039e-12,2.544737540679871e-10,6.1589022988015693e-11,6.3154238521310147e-08,0.32763806150898767,nan,nan,nan,nan,nan,nan,nan,nan,nan,nan,nan,nan,nan,nan,0,0,0,0,0,0,0,2.2079766554086543e-12,-6.6973269288395922e-13,1.7685525414632542e-13,9.5657141630727576e-12,-3.061678514881816e-15,5.8789297215089409e-12,5.6282487467315926e-13,-4.483609664096555e-14,-1.1821503814068313e-17,-1.5607783500688474e-18,5.0185457217995403e-18,-6.5679110247484674e-18,1.7525059260152659e-14,-1.7692236716568028e-11,nan,nan,nan,nan,nan,nan,nan,nan,nan,nan,nan,nan,nan,nan,-1.6101098531621366e-07,1.4268762649205513e-07,-3.8559072417350322e-24,1.8317333457263518e-08,5.0134831706960536e-07,-1.7933766005562291e-07,0,0.014466237674864352,0.040154344961288432,1.9825615860579941e-18,0.041343686148109321,0.015514043440626442,0.11706377027321453,5.2076321563390428e-06,-0.00019468960103078393,0.00025927739915188882,-1.3774081809742601e-20,0.00012469018095711388,8.707352069394457e-05,-0.00027213035522718305,3.2062869027245185e-10
81,2,lumen,0.0094736842105263147,0.0025000000000000001,0.0093421052631578946,0.0097368421052631566,0.002,0.0030000000000000001,1000136.2614812024,1.3621125777365299,13.28268969124511,3001.092206950188,0.16965557563123335,1173,1173,4.052152500295087e-05,0.23536811994016416,0.59999999999999998,2,500000,0.00035,0.0001,0.067178757209645709,0.16574047806427444,8.950849108760975e-18,0.17447900627210786,0.066293079073482836,0.51041348327207015,2.2438239460270908e-05,0.055620182376065523,0.078596192053065853,3.7155869487102283e-18,0.052660830692567835,0.43678095139397194,0.37633438315461754,7.460329711354935e-06,0.27235347264090048,0.0014628206930520444,9.5063740082546932e-10,0.0019168113093529769,1.9809232730429166e-05,0.39418713358959434,6.9991647868138587e-05,9.0034215884745267e-07,2.9270467542937123e-10,3.0690230899773457e-12,2.6998270492594886e-10,6.5320745008984006e-11,6.2290090406011432e-08,0.32998899667253773,nan,nan,nan,nan,nan,nan,nan,nan,nan,nan,nan,nan,nan,nan,0,0,0,0,0,0,0,7.0641302857577293e-12,-7.1493021200146918e-13,1.3399557996671623e-13,1.3614241027756799e-11,9.2482445313013528e-17,1.9397350045635697e-11,5.4850258227516962e-13,-9.0483393347384755e-14,-4.8837899143241644e-17,-2.3744895994291106e-18,7.9232092094396443e-18,-1.0681039801921975e-17,2.4671643022476955e-14,-3.9977327163420376e-11,nan,nan,nan,nan,nan,nan,nan,nan,nan,nan,nan,nan,nan,nan,-1.742478858918553e-07,1.5174768797088234e-07,-3.2469073704180078e-25,2.2480732331754624e-08,5.4522011819213567e-07,-1.9674204726483069e-07,0,0.015295772409862338,0.038701559089096442,2.0401339950126727e-18,0.040416278870536379,0.015356037917187657,0.11774503233554136,5.1882131209055755e-06,-0.00036007492697394953,0.00049397069524765701,-2.5959352641715464e-20,0.00022716045409746063,0.00016637428826770366,-0.00051195702280366808,-8.705369964279614e-10
81,3,support,0.0094736842105263147,0.0035000000000000001,0.0093421052631578946,0.0097368421052631566,0.0030000000000000001,0.0040000000000000001,1001117.0289013289,1.3129804104981115,12.791032280390569,3139.7111310922237,0.16991463081380961,1173,1173,4.0399678067281039e-05,0.23524188953583214,0.40000000000000002,2,300000,0.00033700000000000001,0.0001,0.077113853192382911,0.16084697307967716,9.8465431457523858e-18,0.17465870509440221,0.067952139742197576,0.53963724996914708,2.3319499837086822e-05,0.061482627030422565,0.073452296496439265,3.9361038573528738e-18,0.050763824102199893,0.43113988738296627,0.38315389864316152,7.4663448104816065e-06,nan,nan,nan,nan,nan,nan,nan,nan,nan,nan,nan,nan,nan,nan,0.27449656745005213,0.0015298476724097323,1.0665319915061654e-09,0.0019806971675142004,1.938004106569598e-05,0.3873096911319871,7.2760155686222569e-05,8.2798375834518552e-07,2.7597088163922033e-10,3.2676718710633043e-12,2.9995870631600117e-10,7.2567551731697567e-11,6.0575364053793138e-08,0.33459016610387127,0,0,0,0,0,0,0,nan,nan,nan,nan,nan,nan,nan,nan,nan,nan,nan,nan,nan,nan,-1.503375537491828e-10,-8.6212263529881612e-13,2.2748718982501914e-11,3.1827994848540153e-10,1.7520707107365752e-15,-8.3541202840035911e-10,5.9757417059869741e-13,-1.7734034726824e-13,-1.5750843220529375e-16,-3.6544876782655556e-18,1.2455378366225927e-17,-1.7349284435777795e-17,1.9161176620577645e-14,6.4514243929702016e-10,-2.0040083823034266e-07,1.7932015594634976e-07,2.8402788886789734e-22,2.1893502215263779e-08,6.2310256496167504e-07,-2.2258980536538076e-07,0,0.016904327866080412,0.036372089102731722,2.1716022701921588e-18,0.039125731880591888,0.015235472218404057,0.1200646452753653,5.2051927674920146e-06,-1.549290240719605e-05,-5.9988871451628342e-06,-1.6989263407361312e-20,-8.5595164984986267e-05,7.66357342882428e-05,-0.00011659297295504877,-5.8472108812734023e-09
81,4,support,0.0094736842105263147,0.0045000000000000005,0.0093421052631578946,0.0097368421052631566,0.0040000000000000001,0.0050000000000000001,1000814.9551547831,1.6247310845696201,15.832879275651511,2677.1197178410907,0.13638094071571127,1173,1173,4.1491691354189019e-05,0.20343945125933391,0.40000000000000002,2,300000,0.00033700000000000001,0.0001,0.073759438663407409,0.13490229567716894,2.1027422433272526e-17,0.23021164274674852,0.040045700254804452,0.51613588810103861,2.3408409656115396e-05,0.072793385763108648,0.076254614832733339,1.0404545311086011e-17,0.08282199430704365,0.3145033420849434,0.4536173858526184,9.2771595524473136e-06,nan,nan,nan,nan,nan,nan,nan,nan,nan,nan,nan,nan,nan,nan,0.24573845401190891,0.0026027987450139805,1.3233503281977147e-09,0.0024575336958219131,3.4212789239364059e-05,0.3983011993436042,0.00010571245248709931,5.5513509784904289e-07,2.5640652312217327e-10,3.9561564011456269e-12,3.6164841937022767e-10,9.6296533645570939e-11,9.133537986938194e-08,0.3507594404497828,0,0,0,0,0,0,0,nan,nan,nan,nan,nan,nan,nan,nan,nan,nan,nan,nan,nan,nan,-5.1540149520939337e-11,5.1775947348112364e-15,-2.1574827987638075e-12,-1.9592987666536699e-10,-4.7144363066187189e-15,-1.1309495462526187e-10,6.3828328601127549e-14,-1.6130217821153092e-13,-2.4323429339422612e-16,-6.6400631202987182e-21,-3.4846376069152677e-18,-1.3599185312495625e-20,-2.2715378479521882e-13,3.6304714739626231e-10,-3.0413306487033637e-07,1.3833052642242549e-07,-7.4774675309985606e-24,1.6591818436457343e-07,1.0783497017413657e-06,-4.6985747531591571e-07,0,0.015927362094014793,0.030061005566487053,4.6199468235016298e-18,0.05133194989741701,0.0087946343157668319,0.11326282159736385,5.1630029283958837e-06,0,0,0,0,0,0,0
82,0,lumen,0.0099999999999999985,0.00050000000000000001,0.0097368421052631566,0.010526315789473682,0,0.001,1000130.830275017,1.3318865698215459,12.98801022112991,3040.0281733072834,0.17112379720211568,1173,1173,4.0629541505551513e-05,0.23622726606973327,0.59999999999999998,2,500000,0.00035,0.0001,0.060240343559008869,0.18123793964821713,8.3955564591947467e-18,0.18328808776537073,0.069148239596447489,0.50988942681194749,2.2873187956120278e-05,0.048769070489857541,0.084038565248395938,3.4077621446369958e-18,0.054092289243290945,0.44548514020426588,0.36760749858893393,7.4362252556674771e-06,0.27083511536407057,0.0013795043378206631,8.2075556596721087e-10,0.0018436404054415056,1.9974770918546833e-05,0.40092527494745689,6.665941655118539e-05,9.8972280170190173e-07,3.1122640899796406e-10,2.8584989671986648e-12,2.3689595561659682e-10,5.7289839305525564e-11,6.3432320174072329e-08,0.32492877617360216,nan,nan,nan,nan,nan,nan,nan,nan,nan,nan,nan,nan,nan,nan,0,0,0,0,0,0,0,-3.056572766568797e-12,-5.6314814081175108e-13,1.5093302366406996e-13,5.6167429222849495e-12,-4.0930800415672763e-15,-3.6813434245441812e-13,4.9233409192704329e-13,-2.7706786517867066e-14,-2.7756807494356158e-18,-1.0305429564556667e-18,2.9960105936479834e-18,-3.8748070890162124e-18,7.4090274082472016e-15,-2.24767441039199e-12,nan,nan,nan,nan,nan,nan,nan,nan,nan,nan,nan,nan,nan,nan,-1.4566849983362051e-07,1.3019128541902347e-07,7.3714056142897191e-24,1.5477456099121556e-08,4.5248374143380676e-07,-1.6115138190553324e-07,0,0.013318256115567488,0.041999747003825055,1.866712214582138e-18,0.041878332483877186,0.015876763791279218,0.11575739287144131,5.2146098688087985e-06,-8.1030332651697138e-05,0.00010605873828590722,-5.3083919537998227e-21,4.7081304579851288e-05,3.7176265112739065e-05,-0.00010853916703382012,4.6609553205783089e-10
82,1,lumen,0.0099999999999999985,0.0015,0.0097368421052631566,0.010526315789473682,0.001,0.002,1000130.6065434725,1.3376759994097009,13.044469276215779,3031.9514978893612,0.17092615834519914,1173,1173,4.0602835236008735e-05,0.23619325433146174,0.59999999999999998,2,500000,0.00035,0.0001,0.061594104678967317,0.17808799910132048,8.4690840248158839e-18,0.18117346198452164,0.068657276625507829,0.50964468408616448,2.2764390062894332e-05,0.050081805527694805,0.082936930836841075,3.452550358128654e-18,0.053700644380075435,0.44424490849706577,0.36902827773237135,7.4330259516199473e-06,0.27123299418569763,0.0013926807648941752,8.4526342859060233e-10,0.0018560699038262327,1.9901132759512661e-05,0.39957007488779728,6.7202377051436539e-05,9.7306690345391813e-07,3.0759780173946082e-10,2.8974909105042104e-12,2.4315677262799639e-10,5.8783223904309591e-11,6.3110639670004149e-08,0.32586003911274175,nan,nan,nan,nan,nan,nan,nan,nan,nan,nan,nan,nan,nan,nan,0,0,0,0,0,0,0,6.8580855206673525e-12,-5.3038133219729524e-13,-1.4565500478774718e-13,5.7421125256906521e-13,-2.7442241187780603e-15,1.0270363769507296e-11,4.4634840146282478e-13,-3.5474227721987717e-14,-8.3583023342334155e-18,-1.2568388311425502e-18,3.9099645462587492e-18,-5.1182234154552295e-18,1.3411821315197424e-14,-1.7448265199153628e-11,nan,nan,nan,nan,nan,nan,nan,nan,nan,nan,nan,nan,nan,nan,-1.5088183398515032e-07,1.3377191943053646e-07,2.4193462475549326e-23,1.7099814709680389e-08,4.6974205683558701e-07,-1.6798233071213531e-07,0,0.01366878671741581,0.041418871452596089,1.8889718912891909e-18,0.041538927672351303,0.015818278689326719,0.11608619374635078,5.2076731163652521e-06,-0.00019066161829628324,0.00025694360797851842,-1.3209032794924495e-20,0.00012026586054277495,8.4692451796220398e-05,-0.0002603937163432435,1.9413558703936215e-10
82,2,lumen,0.0099999999999999985,0.0025000000000000001,0.0097368421052631566,0.010526315789473682,0.002,0.0030000000000000001,1000129.9460227552,1.3386381096474345,13.05386000299843,3041.6173953686452,0.17035606923423643,1173,1173,4.0537472365911958e-05,0.23615533202970623,0.59999999999999998,2,500000,0.00035,0.0001,0.065346971378872451,0.1722377075311137,8.7364087504260688e-18,0.17767282496342501,0.068170390816167464,0.51398351344856685,2.2743932366252606e-05,0.05317149012028588,0.080270150708623589,3.5640932794872293e-18,0.052700951701011044,0.4414120724523512,0.37243790332538729,7.4316923410945259e-06,0.27225727695116098,0.0014244562183353734,9.0368396134282442e-10,0.0018863157582016273,1.9700490064151831e-05,0.39620419373871624,6.8516159565130578e-05,9.3370487124575162e-07,2.9883127933053585e-10,2.9915702701651395e-12,2.5811806895039188e-10,6.2359394571989026e-11,6.2275311358424212e-08,0.32813854317779934,nan,nan,nan,nan,nan,nan,nan,nan,nan,nan,nan,nan,nan,nan,0,0,0,0,0,0,0,6.9650998535226163e-12,-4.0069367622626667e-13,6.7957551064786471e-14,1.1344015721688906e-11,-3.6483403104137224e-16,1.7027056197285728e-11,3.1120978049054835e-13,-4.8199074939581088e-14,-2.0302809663147165e-17,-1.2979345113738543e-18,4.1634109540355893e-18,-5.6044266861301569e-18,1.23617720749205e-14,-3.5278474736954302e-11,nan,nan,nan,nan,nan,nan,nan,nan,nan,nan,nan,nan,nan,nan,-1.6348500035418684e-07,1.4259421043938403e-07,-2.08809730371246e-23,2.0873731164100969e-08,5.1132485473504019e-07,-1.8436997828441548e-07,0,0.014464561262952917,0.039993440350171675,1.9411420794412995e-18,0.04066021214627679,0.015664070620222879,0.11673327130255855,5.1894801418471362e-06,-0.00034238743192904259,0.0004718159478717681,-2.9590556586754e-20,0.0002053602120573825,0.00016075713526778952,-0.00048924682913072137,-1.2074243057268097e-09
82,3,support,0.0099999999999999985,0.0035000000000000001,0.0097368421052631566,0.010526315789473682,0.0030000000000000001,0.0040000000000000001,1001065.3697414892,1.3342644879655556,12.999052163046422,3076.3054542018535,0.17062745815711616,1173,1173,4.0423503671651907e-05,0.23601235273251303,0.40000000000000002,2,300000,0.00033700000000000001,0.0001,0.072480846315598299,0.16240795886874293,9.3896958025914941e-18,0.17263912936493964,0.067618668282529534,0.5251042599609399,2.2865372147671751e-05,0.05872856087254337,0.075371279151327644,3.8145242056698806e-18,0.050992866186411183,0.43600128779778469,0.37889856598779603,7.4400041370476566e-06,nan,nan,nan,nan,nan,nan,nan,nan,nan,nan,nan,nan,nan,nan,0.27424487071709702,0.0014863030521771398,1.0121078169763308e-09,0.0019459134697250489,1.9319442217230088e-05,0.38980840204964567,7.1084719766319855e-05,8.6315757958021282e-07,2.8290650434155136e-10,3.1719541225681039e-12,2.8605987501604188e-10,6.9074792180196231e-11,6.0723573023528717e-08,0.33242318101489138,0,0,0,0,0,0,0,nan,nan,nan,nan,nan,nan,nan,nan,nan,nan,nan,nan,nan,nan,-7.2734113625073615e-11,-1.9088218566162879e-13,7.6102423738362751e-12,1.0539348331442832e-10,-4.275009166110344e-16,-2.7296011219542227e-10,1.4100155264000225e-13,-3.4560245290582436e-14,-1.6044017443256275e-17,-7.0234194258867934e-19,2.327530940564213e-18,-3.2124053587406772e-18,7.4357458971225542e-16,2.3277477151426352e-10,-1.8751629693187361e-07,1.6843590627813043e-07,-8.3027491840686972e-22,1.9345774817493303e-08,5.8190811609570847e-07,-2.069598399878636e-07,0,0.015973836314952482,0.037813627899554447,2.0665712042629152e-18,0.039550157832231397,0.015548939197388397,0.11896206634315783,5.2099889724391191e-06,-1.526844494882474e-05,-7.2403176358983492e-06,-1.7382505344328307e-20,-9.2824670567540356e-05,8.1124808793522272e-05,-0.00012328187658391024,-6.2217854436807277e-09
82,4,support,0.0099999999999999985,0.0045000000000000005,0.0097368421052631566,0.010526315789473682,0.0040000000000000001,0.0050000000000000001,1000772.7751475731,1.6530635183193809,16.109655612336581,2626.0199111729298,0.13412151551508911,1173,1173,4.1588423338486732e-05,0.20253638405671176,0.40000000000000002,2,300000,0.00033700000000000001,0.0001,0.069537068616243813,0.13690224187254341,2.0659210423827545e-17,0.23370025254463891,0.039263965387884882,0.50559994314727141,2.3205667948087698e-05,0.069825981904824919,0.07873787822647195,1.0401048976519026e-17,0.085546833261610555,0.31375444462972668,0.45212550439741866,9.3575799473824813e-06,nan,nan,nan,nan,nan,nan,nan,nan,nan,nan,nan,nan,nan,nan,0.24413806804610375,0.0025866361966692159,1.2626154595923577e-09,0.0024363509207675198,3.5106298831476829e-05,0.40180006056365775,0.00010492861557585329,5.7065367317897486e-07,2.6302116660222135e-10,3.8113408686559329e-12,3.4522634652165386e-10,9.2053787347249119e-11,9.3606635875314502e-08,0.34889818313134952,0,0,0,0,0,0,0,nan,nan,nan,nan,nan,nan,nan,nan,nan,nan,nan,nan,nan,nan,-1.9128992579421772e-11,2.9639237870813827e-14,2.2185658855877283e-11,-5.9851116877765812e-11,-2.6745207611089672e-14,-1.0026344732759485e-09,1.4647031213426344e-13,-1.3145149031779102e-13,-2.1276284673694255e-16,1.6899527324503322e-18,-1.1458971386198e-17,1.1138144215740479e-17,-2.8756589668540995e-13,1.0596988420667109e-09,-2.886556317730285e-07,1.24321742844824e-07,-3.6550095759057234e-22,1.6531478370010987e-07,1.0312247504667971e-06,-4.538883719429343e-07,0,0.014819939113964915,0.030874014132771164,4.5879179804517345e-18,0.052989915906482263,0.00861693617610188,0.11123944368633046,5.1586367614398963e-06,0,0,0,0,0,0,0
83,0,lumen,0.011052631578947368,0.00050000000000000001,0.010526315789473682,0.01131578947368421,0,0.001,1000118.0414020488,1.3290074971455765,12.960100411526405,3027.9253165324894,0.17220745159734421,1173,1173,4.064967379029531e-05,0.23747991560547937,0.59999999999999998,2,500000,0.00035,0.0001,0.055827142951362957,0.18715539264337969,7.8889605134241155e-18,0.18341194968092112,0.070415274699170735,0.50265334437080145,2.2773172294473472e-05,0.045099132228280402,0.08659595434547844,3.1952534657335904e-18,0.054012526631792727,0.45267313026114459,0.36161186873356355,7.3877997403095712e-06,0.27076199163361825,0.0013244664585676843,7.5273517464017565e-10,0.001798617797354071,1.9761301682556557e-05,0.40377572589508631,6.4513740809414284e-05,1.0447732592677689e-06,3.2060668218528569e-10,2.7584535371768388e-12,2.1993493599830476e-10,5.3132068501194769e-11,6.3257969460150546e-08,0.3222538137924858,nan,nan,nan,nan,nan,nan,nan,nan,nan,nan,nan,nan,nan,nan,0,0,0,0,0,0,0,-3.0981442456184445e-12,-4.4192100300811133e-13,2.2145870164088622e-13,5.8010181049119649e-12,-2.3703912097050583e-15,-2.324902640196691e-12,3.6883511226386768e-13,-3.3887606262772429e-14,-6.479192052492428e-18,-1.0990617677940292e-18,3.1706876936186958e-18,-4.2059485231656727e-18,1.0102704135534377e-14,-4.999613140288222e-13,nan,nan,nan,nan,nan,nan,nan,nan,nan,nan,nan,nan,nan,nan,-1.3078410865050016e-07,1.177951720610082e-07,-2.5412724453036478e-23,1.2991066221016428e-08,4.0534405590375577e-07,-1.4378072293874666e-07,0,0.012614135881195719,0.043134967834120942,1.7877868992692798e-18,0.042031754047056467,0.016143332271688127,0.11490250424523341,5.2142004828610164e-06,-7.8598671840612991e-05,0.00010587105746378662,-4.8709926683977383e-21,4.576399446209768e-05,3.5466038162630935e-05,-0.0001060969527521584,2.5927785767091421e-10
83,1,lumen,0.011052631578947368,0.0015,0.010526315789473682,0.01131578947368421,0.001,0.002,1000117.8384975221,1.328329825861962,12.953494583303291,3034.4060425764883,0.17206975306912983,1173,1173,4.062329925104403e-05,0.23745867906766577,0.59999999999999998,2,500000,0.00035,0.0001,0.05742527319953316,0.18488245125997294,7.9939102290912358e-18,0.18221991645928978,0.070269074625812555,0.50482391339788613,2.2779329419754987e-05,0.046366512830197867,0.085500672293605653,3.236110783547287e-18,0.053634136218168753,0.45150301465237985,0.36298827797510336,7.3860305444324789e-06,0.27115850857180901,0.001336632633848411,7.7602524786099613e-10,0.0018104489574280657,1.9690502241149226e-05,0.4024649483693547,6.5022145052042062e-05,1.0278274217392857e-06,3.1701510140881292e-10,2.7935183857385349e-12,2.2585405221971079e-10,5.4528958417886654e-11,6.2950008216868857e-08,0.32314365666661982,nan,nan,nan,nan,nan,nan,nan,nan,nan,nan,nan,nan,nan,nan,0,0,0,0,0,0,0,-1.7522732072922183e-12,-3.9625854024559555e-13,4.6004535715622987e-13,1.5222849682984223e-11,-1.3704315460216776e-15,-7.749103008575231e-13,3.1917571843888115e-13,-3.7726982995978098e-14,-1.0711868267589852e-17,-1.1447702207112352e-18,3.4594050568654029e-18,-4.6226373640062792e-18,1.1882888220618299e-14,-1.3051448943449383e-11,nan,nan,nan,nan,nan,nan,nan,nan,nan,nan,nan,nan,nan,nan,-1.356188518947081e-07,1.2107624053347976e-07,-2.1434154159794078e-23,1.4542953476512243e-08,4.2139881081815211e-07,-1.5017653931526098e-07,0,0.012956797927631042,0.042555340377115967,1.8085279792032691e-18,0.04170195601350335,0.016086490462250771,0.11522470644181758,5.2080814344810278e-06,-0.00017880719891038543,0.00024503620975348023,-1.1461961738343183e-20,0.00010801290937272522,8.1508834984106034e-05,-0.00024906932170370462,-2.582632997260974e-10
83,2,lumen,0.011052631578947368,0.0025000000000000001,0.010526315789473682,0.01131578947368421,0.002,0.0030000000000000001,1000117.242383763,1.3299847637313098,12.969640797084768,3041.8816508621667,0.17143940491358164,1173,1173,4.0562768607004853e-05,0.23741207708634329,0.59999999999999998,2,500000,0.00035,0.0001,0.060921694168662201,0.17917936694845116,8.2213482894043459e-18,0.17896323178483792,0.069762469250384901,0.50869451620766493,2.2756403303494523e-05,0.04925091878809465,0.082966512944321821,3.3323312138665441e-18,0.052741230933099396,0.44880663060275972,0.36622731893756477,7.3877941596975506e-06,0.27210233007148571,0.0013654641678004791,8.2965023736054355e-10,0.0018384587903134209,1.9518851324988923e-05,0.39936587553913383,6.6226045574811516e-05,9.89031128995535e-07,3.0868962839730174e-10,2.8752410986377285e-12,2.3950606973213633e-10,5.7761675046757813e-11,6.2215063569332317e-08,0.32524107384969131,nan,nan,nan,nan,nan,nan,nan,nan,nan,nan,nan,nan,nan,nan,0,0,0,0,0,0,0,7.5293617459154019e-12,-4.1313691436433366e-13,-7.9489494396465891e-14,7.9703287069239138e-12,5.9631119486702744e-17,2.1643360497911046e-11,3.0672018217235488e-13,-6.2038048309620564e-14,-2.9017240289550932e-17,-1.5303663859952619e-18,4.7860573824078031e-18,-6.5159120280626833e-18,1.3609185679446472e-14,-3.6908615191717318e-11,nan,nan,nan,nan,nan,nan,nan,nan,nan,nan,nan,nan,nan,nan,-1.4691210082663775e-07,1.2885561206932294e-07,8.3495338841688467e-24,1.8034973298642003e-08,4.5876755870588593e-07,-1.6495509325142876e-07,0,0.013719838257465401,0.041158749431769066,1.8554676165934518e-18,0.04087726882438536,0.015933416913838441,0.11583958406740583,5.1911518161960069e-06,-0.0003150223824187768,0.00043722931767795206,-2.2271777023748364e-20,0.00017352900489169269,0.00015533193432781993,-0.0004606501012447712,-1.9359057519948992e-09
83,3,support,0.011052631578947368,0.0035000000000000001,0.010526315789473682,0.01131578947368421,0.0030000000000000001,0.0040000000000000001,1000961.4050923438,1.3247936274540206,12.908123004001935,3076.9049246397672,0.1717812215431351,1173,1173,4.0461604817795379e-05,0.23721697912563547,0.40000000000000002,2,300000,0.00033700000000000001,0.0001,0.067538028215978985,0.17021597761455556,8.7250266438244064e-18,0.17492079353898254,0.06928751876755615,0.51954847288981221,2.2905857075101573e-05,0.05434078262541981,0.078442298332564192,3.5197111423113823e-18,0.051305394781949454,0.44363681294330726,0.37226731027494092,7.4010418182102393e-06,nan,nan,nan,nan,nan,nan,nan,nan,nan,nan,nan,nan,nan,nan,0.27383920723697852,0.0014207275491372479,9.2697601885916055e-10,0.0018924321220374406,1.9217644663694869e-05,0.39367908788064848,6.8537278296745943e-05,9.2086451810791738e-07,2.9396751119439094e-10,3.0287073580488862e-12,2.6442332081865807e-10,6.3698658442512636e-11,6.0926723871094402e-08,0.32907980694489525,0,0,0,0,0,0,0,nan,nan,nan,nan,nan,nan,nan,nan,nan,nan,nan,nan,nan,nan,-2.1317783556501632e-11,-5.3509538698066e-13,6.7549230689134841e-13,-1.6458138494537644e-11,1.3477717206167306e-15,-5.7528153464894705e-11,3.7304608411168774e-13,-1.0526757417139709e-13,-7.1203042127050918e-17,-2.2490396656103054e-18,7.2341104252267646e-18,-1.0020748254625502e-17,1.4963210492738409e-14,9.4879604023323201e-11,-1.6793309464812473e-07,1.5143509934922861e-07,3.3911976591030158e-23,1.6554936977479394e-08,5.2036261891097446e-07,-1.8447085753381387e-07,0,0.015135701488736285,0.039122188406183318,1.9608060160954743e-18,0.039936378171243528,0.015822211972387326,0.11798395409317212,5.2149670372444391e-06,-1.4645218603608939e-05,-9.2392970405102214e-06,-1.8714803564404725e-20,-0.00010661083471166333,8.904110282243533e-05,-0.00013398897342412728,-6.9698968909326719e-09
83,4,support,0.011052631578947368,0.0045000000000000005,0.010526315789473682,0.01131578947368421,0.0040000000000000001,0.0050000000000000001,1000689.3792305442,1.6448744953301424,16.031186753801972,2632.6006653227441,0.13240933543088795,1173,1173,4.1764117328916482e-05,0.20055083540924223,0.40000000000000002,2,300000,0.00033700000000000001,0.0001,0.064995090279207177,0.1445357354326586,2.1120948072839183e-17,0.24927363112402284,0.039060478047510977,0.50670749747764288,2.3774536977474475e-05,0.06494723121275256,0.082723290514782694,1.0581719575380923e-17,0.090803066039845351,0.31060804477799142,0.45090882717822561,9.5402764022794486e-06,nan,nan,nan,nan,nan,nan,nan,nan,nan,nan,nan,nan,nan,nan,0.24114664076447728,0.0025869986554405162,1.1658190970511544e-09,0.0024120481831771011,3.688588331963087e-05,0.40733353941418277,0.00010441139894603113,5.9076066329406681e-07,2.7292560545106957e-10,3.5834018613140089e-12,3.1904188368234832e-10,8.5440016671466202e-11,9.7852037640470209e-08,0.34637878524094895,0,0,0,0,0,0,0,nan,nan,nan,nan,nan,nan,nan,nan,nan,nan,nan,nan,nan,nan,-4.3932273982614141e-12,-5.1365473790083388e-14,1.9996537101019219e-11,-9.1073158872488089e-11,-2.3747280183950004e-14,-9.093289008062222e-10,1.8332608023461979e-13,-6.1377335505707897e-14,-8.2045514406845862e-17,1.388285682230697e-18,-8.3600971093675024e-18,9.3141770248065444e-18,-1.8059585258111318e-13,9.8493237127309449e-10,-2.6536423423147854e-07,1.0463543792527119e-07,-9.5508708461256339e-22,1.6161839437205995e-07,9.5765329174296587e-07,-4.2687154788723092e-07,0,0.013801444394492206,0.031555642379404718,4.5703050947944099e-18,0.05459967976303965,0.008420453915026856,0.10932369081446174,5.1537456075405038e-06,0,0,0,0,0,0,0
84,0,lumen,0.011578947368421053,0.00050000000000000001,0.01131578947368421,0.011842105263157895,0,0.001,1000111.6141918948,1.3491680090950169,13.156784500419374,2974.032091548404,0.17275675992267187,1173,1173,4.0659539340621038e-05,0.23805853541181116,0.59999999999999998,2,500000,0.00035,0.0001,0.052884293137906081,0.18695435824837955,7.5368319631651981e-18,0.18054774863314194,0.069875627401183277,0.49130216903191037,2.2363967813027337e-05,0.043370145750323344,0.087815715918890785,3.0989584960071629e-18,0.053975955390991273,0.45602111683976559,0.35880970094595938,7.3651540698452012e-06,0.27071538118606714,0.0012995391248047572,7.2108895351791779e-10,0.0017778052032614343,1.9662420280069985e-05,0.40510845354977304,6.3532987206051282e-05,1.0715084733135078e-06,3.2506457654610337e-10,2.7142095496069084e-12,2.1208035856381403e-10,5.1225489136440263e-11,6.3173421667819329e-08,0.32101448953453926,nan,nan,nan,nan,nan,nan,nan,nan,nan,nan,nan,nan,nan,nan,0,0,0,0,0,0,0,-2.0464845334246649e-11,-3.1191068131197172e-13,9.2340406230040896e-13,3.4373404802182575e-11,-1.9711337596872713e-15,4.9428993884048644e-12,2.7235418715162139e-13,-1.5531412961289348e-14,-2.0258662878758845e-18,-5.9485107245185503e-19,1.6250517603108581e-18,-2.1325417614927104e-18,4.0780969694414994e-15,-1.9721752134821271e-11,nan,nan,nan,nan,nan,nan,nan,nan,nan,nan,nan,nan,nan,nan,-1.2400074248485049e-07,1.1218850448635465e-07,-4.8029382198184124e-24,1.1806385050933163e-08,3.8381591462022246e-07,-1.3584055558180097e-07,0,0.012171798513689,0.043851220144684164,1.7412478035820525e-18,0.042122127296803438,0.016309724715804295,0.11437116068343266,5.214051528115355e-06,-7.711180340391001e-05,0.00010519493735250667,-4.6253610302194483e-21,4.4042264335619673e-05,3.5365341121133589e-05,-0.00010686131922012185,1.4150718732620671e-10
84,1,lumen,0.011578947368421053,0.0015,0.01131578947368421,0.011842105263157895,0.001,0.002,1000111.4216045666,1.3318554618481577,12.987958915002684,3017.538162535659,0.17256112774714633,1173,1173,4.063385094937548e-05,0.23803475484450473,0.59999999999999998,2,500000,0.00035,0.0001,0.055103307888818599,0.18704771583260527,7.7301234832360728e-18,0.18166715062343125,0.0706038921178547,0.49958264950907644,2.2651706686751733e-05,0.044610079096223852,0.086732168810388241,3.1376500471331819e-18,0.053613703753839656,0.45486133435812443,0.36017534979028981,7.3641911339730431e-06,0.27110201570996817,0.001311346416836542,7.4370990100450454e-10,0.0017893968788529485,1.9596174386620561e-05,0.4038299588937958,6.4028656214235028e-05,1.0544430305556873e-06,3.2151211502322875e-10,2.7472773732526735e-12,2.1781184658375833e-10,5.2572271986812368e-11,6.2880652351480398e-08,0.32188253860791005,nan,nan,nan,nan,nan,nan,nan,nan,nan,nan,nan,nan,nan,nan,0,0,0,0,0,0,0,3.1476271662375994e-12,-3.0995271968054796e-13,5.1397161817428109e-14,5.4172497364773382e-12,-2.0162365700626683e-15,5.7993948185397493e-12,2.6372638133941291e-13,-1.8908702728581694e-14,-3.5094913340939774e-18,-7.0183748843081844e-19,2.0512164009703085e-18,-2.6989809828986104e-18,6.806663253900549e-15,-1.4355294858522367e-11,nan,nan,nan,nan,nan,nan,nan,nan,nan,nan,nan,nan,nan,nan,-1.2864721399405074e-07,1.153411866017251e-07,1.3053629629034407e-23,1.3300190729642222e-08,3.9923994689383679e-07,-1.4195274805617331e-07,0,0.012509994589662782,0.043271893808209151,1.7601757615714851e-18,0.041799582912030592,0.016253132217104397,0.11468964966741607,5.208459921214423e-06,-0.00017581861856538601,0.00024308483378986253,-1.1016921552040038e-20,0.00010240093928338006,8.2044923863653645e-05,-0.0002499189461630887,-4.6859033659840843e-10
84,2,lumen,0.011578947368421053,0.0025000000000000001,0.01131578947368421,0.011842105263157895,0.002,0.0030000000000000001,1000110.8577366038,1.3348018257373935,13.016698540711348,3021.9724409500377,0.17196336786491406,1173,1173,4.0575203253649178e-05,0.23797441523184454,0.59999999999999998,2,500000,0.00035,0.0001,0.058468663056171571,0.1812411448060289,7.9397911453781883e-18,0.17841507808788182,0.07002998637910994,0.50293539238328677,2.2611488104905043e-05,0.047439316903360465,0.084225681724865789,3.2298852370647272e-18,0.052770462555100824,0.45216231225545434,0.36339485917888525,7.3673823333774584e-06,0.27201641521861442,0.0013394318553852432,7.9590873694910527e-10,0.0018168787020200457,1.9437267580189248e-05,0.40081082734536749,6.5205649882938977e-05,1.0153099107309081e-06,3.13273605944478e-10,2.8245745614365298e-12,2.3105859765452451e-10,5.5696281633104936e-11,6.2185802683091184e-08,0.32393072506667447,nan,nan,nan,nan,nan,nan,nan,nan,nan,nan,nan,nan,nan,nan,0,0,0,0,0,0,0,-1.9009943185311302e-11,-2.8146614954762854e-13,2.6684905735410287e-12,6.2871617206889408e-11,-1.4891516839088403e-16,-5.2027022447165283e-11,2.1494712414904154e-13,-3.7474797570657969e-14,-1.3349543961385923e-17,-9.6666262179450644e-19,2.9596305957718359e-18,-4.0098182678261988e-18,8.514847074141715e-15,5.5927483532955621e-12,nan,nan,nan,nan,nan,nan,nan,nan,nan,nan,nan,nan,nan,nan,-1.3952881950263923e-07,1.2322957648747135e-07,6.1898058962737413e-23,1.6348630778328587e-08,4.3493645639214318e-07,-1.5593763269539096e-07,0,0.013245925758684243,0.041907198831798845,1.8048819682952132e-18,0.041013054144039628,0.016101645835606904,0.11527823725020586,5.1924971554264131e-06,-0.00029940568896514349,0.00041443102262879195,-2.1231289076773452e-20,0.00015299918344663103,0.00015361163858733227,-0.00044767287871956703,-2.4415387018660515e-09
84,3,support,0.011578947368421053,0.0035000000000000001,0.01131578947368421,0.011842105263157895,0.0030000000000000001,0.0040000000000000001,1000909.1339376614,1.3380330523707471,13.037802150054603,3036.6046722593887,0.17228013469680714,1173,1173,4.0482487532523619e-05,0.23772888238266199,0.40000000000000002,2,300000,0.00033700000000000001,0.0001,0.064310819058055038,0.17176763610145765,8.364175034791891e-18,0.17387165642766855,0.069130706104536199,0.51012375130075849,2.2625947890183399e-05,0.052264023872522748,0.07995260461525816,3.4080398541172181e-18,0.051510015133409359,0.44707959756176341,0.36918637477118782,7.3840458585646187e-06,nan,nan,nan,nan,nan,nan,nan,nan,nan,nan,nan,nan,nan,nan,0.27359032262840149,0.0013914989630610865,8.8728027375931722e-10,0.0018677824402806868,1.9183779505457503e-05,0.39554184065703191,6.7385452746295823e-05,9.4919314587504969e-07,2.9933951648179391e-10,2.9649943411571734e-12,2.5437044847811615e-10,6.1232223667799583e-11,6.1053032528626123e-08,0.32752097432760813,0,0,0,0,0,0,0,nan,nan,nan,nan,nan,nan,nan,nan,nan,nan,nan,nan,nan,nan,-3.3740408214433346e-11,-3.5414661577384003e-13,2.6888062770039832e-12,1.7481061016644256e-11,6.9291360843548588e-16,-1.2506327375615134e-10,2.4370846301712551e-13,-7.4918586959182853e-14,-4.5858750936573283e-17,-1.5337986685494742e-18,4.8380906360031743e-18,-6.7266301304924127e-18,7.5901050776837615e-15,1.3881082380254787e-10,-1.5903953487061279e-07,1.4478342730273042e-07,4.8008079981864733e-23,1.4378548760544028e-08,4.9150580427870239e-07,-1.7343284863802211e-07,0,0.014606186473001248,0.039955392985676713,1.9061012723170063e-18,0.040174027677011448,0.015992005266064716,0.11737169534827378,5.218280349849764e-06,-1.4074997384175812e-05,-1.063755277113034e-05,-1.9210905150061447e-20,-0.00011419118854981733,9.306937295951463e-05,-0.00013807692360314253,-7.3402681698227789e-09
84,4,support,0.011578947368421053,0.0045000000000000005,0.01131578947368421,0.011842105263157895,0.0040000000000000001,0.0050000000000000001,1000648.1788420222,1.661691938894482,16.195758823651445,2603.0022437795178,0.13009715128407803,1173,1173,4.185791557739726e-05,0.19943877513510189,0.40000000000000002,2,300000,0.00033700000000000001,0.0001,0.061850656382513879,0.14679281402705979,2.1018318932109364e-17,0.25474844526273277,0.038427355804271868,0.50078438769065881,2.3756948796407761e-05,0.062439588222634963,0.084877579901013189,1.0638403159667181e-17,0.093750014319239058,0.30871041013721712,0.45021277633571322,9.6310841825395892e-06,nan,nan,nan,nan,nan,nan,nan,nan,nan,nan,nan,nan,nan,nan,0.23952223756158322,0.00258935632877635,1.1166500252069797e-09,0.0023993939260029936,3.7879732448604495e-05,0.4102377475304399,0.00010418465982502101,6.0112608558910646e-07,2.7813535461124788e-10,3.4678283501786484e-12,3.057287144130618e-10,8.2086040716834912e-11,1.0017834548335475e-07,0.34510849717042491,0,0,0,0,0,0,0,nan,nan,nan,nan,nan,nan,nan,nan,nan,nan,nan,nan,nan,nan,-3.7994010583523568e-11,-1.4044875119526423e-13,-7.9844352448663628e-13,-1.5526504450021145e-10,-1.7112830250076705e-14,-1.3557014885701157e-10,2.9316993159150504e-13,-5.3704436731027982e-14,-7.1642079559198072e-17,1.7804307430530569e-18,-1.0308006122304845e-17,1.2090890871128451e-17,-1.9320165953571848e-13,3.2973924929519043e-10,-2.5367436041166813e-07,9.4973533981690395e-08,9.2022192527784009e-24,1.5883745918241247e-07,9.1988187887748207e-07,-4.1235734904443433e-07,0,0.013152273636367295,0.031970098172476973,4.5599958371978084e-18,0.055649985680064941,0.0082836513601789678,0.10808571218790512,5.1503115676270667e-06,0,0,0,0,0,0,0
85,0,lumen,0.012105263157894737,0.00050000000000000001,0.011842105263157895,0.012368421052631579,0,0.001,1000105.1666099015,1.3852628285020214,13.508860191541531,2888.6303925072475,0.173220770577692,1173,1173,4.0668540932144676e-05,0.23860171367514516,0.59999999999999998,2,500000,0.00035,0.0001,0.049580268073294832,0.18445571443300229,7.1426467473403069e-18,0.17567814636674661,0.068522174517344867,0.47502115698538705,2.1720463292528685e-05,0.041748607471251642,0.088960601849565779,3.0154702264950644e-18,0.05392559517320434,0.45915499780516944,0.35620285305245047,7.3446483583048779e-06,0.27067211887428855,0.0012767138561769948,6.9164329236368719e-10,0.0017585691988666551,1.9568811933354097e-05,0.40634219036399899,6.2630980185832905e-05,1.0969859095284453e-06,3.2924780959604184e-10,2.6743126630478509e-12,2.0479432347530353e-10,4.9466880294079646e-11,6.3088053120619963e-08,0.31986704656276027,nan,nan,nan,nan,nan,nan,nan,nan,nan,nan,nan,nan,nan,nan,0,0,0,0,0,0,0,2.7577830144890169e-12,-3.4876410484898906e-13,-1.7134457289863426e-13,-5.3511440909006103e-12,-2.0686577451023425e-15,2.4539892687358567e-12,2.8860168882319733e-13,-2.8079318384333085e-14,-5.0924326477388621e-18,-9.1081219301290583e-19,2.5592017928662006e-18,-3.4173797451790371e-18,8.5216924175889565e-15,3.9224167329488471e-13,nan,nan,nan,nan,nan,nan,nan,nan,nan,nan,nan,nan,nan,nan,-1.1776546197462059e-07,1.0659765803389121e-07,-6.2955217659454615e-23,1.1165542933062419e-08,3.6446088982899916e-07,-1.2892579948076133e-07,0,0.011755511492938237,0.044524665614176569,1.6991858522030048e-18,0.042205034243478975,0.016466597411248764,0.11387370249467674,5.2139982784374488e-06,-7.6855872025822667e-05,0.00010669402210357698,-3.9900929797679402e-21,4.4084496932107775e-05,3.4660041422873727e-05,-0.00010808902818899148,5.0586787301814602e-11
85,1,lumen,0.012105263157894737,0.0015,0.011842105263157895,0.012368421052631579,0.001,0.002,1000104.9843122092,1.3470549237291884,13.136265246948243,2975.3139977326919,0.17308316144035046,1173,1173,4.0642653786281584e-05,0.23858615792565713,0.59999999999999998,2,500000,0.00035,0.0001,0.052491057799934154,0.18735968094771677,7.4263325411249882e-18,0.1794550533772718,0.070292416051562959,0.49034474889186075,2.2335494904466399e-05,0.042980518503573303,0.087868849179321779,3.0487616123589288e-18,0.053565615693814843,0.45802570540782406,0.35755196691044761,7.344305018446346e-06,0.27106435942095947,0.0012881546436068429,7.13962305894917e-10,0.0017699654230062479,1.9501794883452783e-05,0.40506852833352869,6.3114466076522163e-05,1.0796750874359411e-06,3.2567839015478123e-10,2.7060959562693643e-12,2.1043658771437701e-10,5.0786174203799597e-11,6.2794797573514778e-08,0.32072523214448434,nan,nan,nan,nan,nan,nan,nan,nan,nan,nan,nan,nan,nan,nan,0,0,0,0,0,0,0,-5.0778250302926739e-13,-3.9964808852575477e-13,3.8999056349238284e-13,1.1671235635656912e-11,-5.504494429708906e-16,-1.0015076875452555e-12,3.0065957511912553e-13,-5.5828605627361583e-14,-2.0971797256825831e-17,-1.4576256124986861e-18,4.2996359686957089e-18,-5.8420128556265275e-18,1.3924306668163495e-14,-1.0410422647335389e-11,nan,nan,nan,nan,nan,nan,nan,nan,nan,nan,nan,nan,nan,nan,-1.2230118275708898e-07,1.0981183296010499e-07,2.8717443965891813e-23,1.2490003875847882e-08,3.7939244901252778e-07,-1.3480243810093384e-07,0,0.01208452217745665,0.043955059128025234,1.7073698839265585e-18,0.041892319979714487,0.016410970371758302,0.11417919695334229,5.2089525404410964e-06,-0.00016790653823914645,0.00023326117543603177,-1.081340241613682e-20,9.6019179622754554e-05,7.9231216641628642e-05,-0.00023724296238087248,-6.7668839761357429e-10
85,2,lumen,0.012105263157894737,0.0025000000000000001,0.011842105263157895,0.012368421052631579,0.002,0.0030000000000000001,1000104.4521794799,1.2687171195017803,12.372334029771737,3170.2138408390733,0.17246052057943545,1173,1173,4.0586842207847598e-05,0.23852439307384446,0.59999999999999998,2,500000,0.00035,0.0001,0.059232186103419793,0.19346975778838613,8.1184023376580442e-18,0.18771920785053461,0.074209428021582646,0.52513612254189412,2.3729444161042611e-05,0.04567976013121694,0.085457781792822055,3.1390582383144275e-18,0.052773858604625502,0.4554284879173231,0.36065276265264823,7.3489013642361896e-06,0.27193229333788926,0.0013146496065793815,7.6339663388165065e-10,0.0017961303543775906,1.9356625526034266e-05,0.40220389789371219,6.4229727252054393e-05,1.041402732176714e-06,3.1775600586398527e-10,2.7772670413565328e-12,2.2294570493252379e-10,5.3723700291386177e-11,6.2150774987142863e-08,0.32266833754055946,nan,nan,nan,nan,nan,nan,nan,nan,nan,nan,nan,nan,nan,nan,0,0,0,0,0,0,0,5.2300004846276379e-12,-2.9256813184149933e-13,7.8448495308199937e-14,9.600789750295733e-12,-1.2224379494774062e-16,1.3741880029727316e-11,2.1699574296341965e-13,-4.4707727103743267e-14,-1.7745973038146195e-17,-1.0999918677693597e-18,3.314997623284697e-18,-4.5229495696998289e-18,9.2753737255354993e-15,-2.8540087088902875e-11,nan,nan,nan,nan,nan,nan,nan,nan,nan,nan,nan,nan,nan,nan,-1.3249690277881629e-07,1.1691556695003769e-07,-5.3031958124154897e-24,1.5567551033609457e-08,4.1305527419266408e-07,-1.4807395443128257e-07,0,0.012798904450596338,0.042613667629621245,1.760496348188815e-18,0.041144179421240823,0.016258519821846226,0.11474430666977715,5.193897028305248e-06,-0.00028972943752631603,0.00040144076355500945,-2.0344033122968923e-20,0.0001418070924923066,0.00015134800699441944,-0.00042401927196284296,-2.6665734724693907e-09
85,3,support,0.012105263157894737,0.0035000000000000001,0.011842105263157895,0.012368421052631579,0.0030000000000000001,0.0040000000000000001,1000856.6815110404,1.3092919288191582,12.75841707052826,3093.729295428358,0.17281737041518211,1173,1173,4.0498155668252557e-05,0.23826592389988369,0.40000000000000002,2,300000,0.00033700000000000001,0.0001,0.063311181017954798,0.17847413574377358,8.2997303123023562e-18,0.17798904394371368,0.071174473073832831,0.51724184750423929,2.3068201141042011e-05,0.050349090111249717,0.081294089972193465,3.3093137351477976e-18,0.051599864950771006,0.4504333394102395,0.36631624850345057,7.3670520957259044e-06,nan,nan,nan,nan,nan,nan,nan,nan,nan,nan,nan,nan,nan,nan,0.27343316830594616,0.0013645434898890399,8.5107156706717996e-10,0.0018452411376916522,1.9126837490483436e-05,0.39714998795291667,6.6325728454882542e-05,9.7572612808806215e-07,3.0417120732129243e-10,2.9082605806294955e-12,2.4524234437945952e-10,5.8997005040227912e-11,6.109798721144207e-08,0.32612056826110192,0,0,0,0,0,0,0,nan,nan,nan,nan,nan,nan,nan,nan,nan,nan,nan,nan,nan,nan,-1.2600551788384189e-11,-2.9735426073802025e-13,-4.3768668986213867e-13,-3.2664073445363075e-11,6.3680614600936103e-16,-1.9374884292419625e-11,2.032714322720685e-13,-6.4277359476672125e-14,-3.6931172823517159e-17,-1.3053906334048763e-18,4.0519714241536437e-18,-5.6397741687313821e-18,6.2160548059582235e-15,6.5228822205013376e-11,-1.5101450624027679e-07,1.375568425276974e-07,-3.0269883004250665e-23,1.3477533704809852e-08,4.6652853810669193e-07,-1.6445979061918692e-07,0,0.014101154546243635,0.040751734783282659,1.8613536418322399e-18,0.040404258068487506,0.016150498046075691,0.11679781943941482,5.221721528831144e-06,-1.3731840726656071e-05,-1.1461605382378068e-05,-1.9845899686594093e-20,-0.00012066467454279149,9.6943741067953053e-05,-0.00014194207244827361,-7.7216547432779792e-09
85,4,support,0.012105263157894737,0.0045000000000000005,0.011842105263157895,0.012368421052631579,0.0040000000000000001,0.0050000000000000001,1000607.3137628272,1.6495036782132755,16.077621954009174,2619.7899194531051,0.12973221954018299,1173,1173,4.1937437737002091e-05,0.19846481018868281,0.40000000000000002,2,300000,0.00033700000000000001,0.0001,0.060134205099290017,0.15087723328864158,2.1417101073901504e-17,0.26338198212773334,0.038482110972930257,0.50423456206972161,2.4165624601968643e-05,0.060263979061973172,0.086602896047184144,1.0761174273923128e-17,0.096220226275245929,0.3068952540749012,0.4500079192396535,9.7253010421265408e-06,nan,nan,nan,nan,nan,nan,nan,nan,nan,nan,nan,nan,nan,nan,0.2381629813549673,0.0025964118721492689,1.0747687575453854e-09,0.0023916854766572598,3.8753507240140082e-05,0.41253486809180095,0.00010415882130135811,6.0832572439979944e-07,2.8216704449084457e-10,3.3685191234122791e-12,2.9441312672865092e-10,7.9239343593639225e-11,1.0218518936208657e-07,0.34417042863100566,0,0,0,0,0,0,0,nan,nan,nan,nan,nan,nan,nan,nan,nan,nan,nan,nan,nan,nan,-6.4242633289375221e-11,-3.3283970686015279e-13,-1.0545554576336164e-11,-1.6635610562967775e-10,-1.7982035131758334e-14,2.3930870132748971e-10,5.1977257912332469e-13,-4.658556526648816e-14,-6.3375509797137985e-17,2.40290582225385e-18,-1.3524851657326736e-17,1.6620848095257979e-17,-2.2160999762036849e-13,1.9347435302211017e-12,-2.4396130053963572e-07,8.3196543876340456e-08,-1.2796109000217777e-22,1.6053627979053456e-07,8.9248378425804686e-07,-4.0434176373782549e-07,0,0.012527843008426076,0.032333740788709042,4.5681175190520127e-18,0.056709067253110847,0.0081440781379364321,0.10686869359797026,5.1466990983489057e-06,0,0,0,0,0,0,0
86,0,lumen,0.012631578947368421,0.00050000000000000001,0.012368421052631579,0.012894736842105263,0,0.001,1000098.6999895676,1.4025911905014214,13.677932030028146,2845.8486355752038,0.17370194685001056,1173,1173,4.0677391145528609e-05,0.2390865040208654,0.59999999999999998,2,500000,0.00035,0.0001,0.047229034345756565,0.18432615204437525,6.8685825729528641e-18,0.17342153029174967,0.068092196172956129,0.4660267689523061,2.1395963837334663e-05,0.040266503872413081,0.090010731132438349,2.9360586779012782e-18,0.053899154806380953,0.4619843407882126,0.35383194393023998,7.325470314993834e-06,0.27062581408794384,0.0012563741192452005,6.6492798601764538e-10,0.0017412033327101736,1.948431349585628e-05,0.40746154376276861,6.1822580213347913e-05,1.1206070589202114e-06,3.3307524374033143e-10,2.6391795112301822e-12,1.9819955364275079e-10,4.7884422829637559e-11,6.3008498028509551e-08,0.31883257294133954,nan,nan,nan,nan,nan,nan,nan,nan,nan,nan,nan,nan,nan,nan,0,0,0,0,0,0,0,5.0355425282885543e-12,-2.5132964463937132e-13,-2.7842348417977894e-13,-9.2365797560279657e-12,-1.9022327116258175e-15,9.8101865173005898e-13,2.1332665525506343e-13,-1.7102421909220844e-14,-2.0693828123362273e-18,-5.9075724089364359e-19,1.6066009022117975e-18,-2.1434673439690698e-18,4.5389197836072914e-15,3.5509372046139357e-12,nan,nan,nan,nan,nan,nan,nan,nan,nan,nan,nan,nan,nan,nan,-1.1217716173279532e-07,1.0242842252150552e-07,8.8604186884322405e-25,9.7480511562280426e-09,3.4627772663164968e-07,-1.2191623643964533e-07,0,0.011357766256816552,0.045174297337173513,1.6582477795619004e-18,0.042275252915345979,0.016615371674065862,0.11340394038573015,5.2141187808520488e-06,-7.205776468833619e-05,0.00010011205409248125,8.8358072945679606e-22,4.0542914441207149e-05,3.3189809205804066e-05,-0.00010284942250840237,-1.144777315340127e-10
86,1,lumen,0.012631578947368421,0.0015,0.012368421052631579,0.012894736842105263,0.001,0.002,1000098.5278918532,1.3355983825841027,13.024626964525492,2993.1035146726163,0.17350442362152194,1173,1173,4.0653403550397612e-05,0.23906631193573002,0.59999999999999998,2,500000,0.00035,0.0001,0.051017902402903707,0.19137420661803692,7.1950356392673895e-18,0.18100509850631083,0.071341059324616624,0.4911663946445079,2.2471546245942995e-05,0.041419257452495764,0.088988848690894559,2.9287035189050546e-18,0.053569131012335867,0.46090807785576116,0.35510735874302674,7.3262454860948875e-06,0.27098510658586278,0.0012670005077420629,6.856705635376853e-10,0.0017518411053076587,1.9425961516484852e-05,0.40628478988718109,6.2272811033358246e-05,1.1040887287434526e-06,3.2973100423290391e-10,2.6679846613025635e-12,2.0342906562319044e-10,4.9103022051255875e-11,6.2746766077864719e-08,0.31962839503525853,nan,nan,nan,nan,nan,nan,nan,nan,nan,nan,nan,nan,nan,nan,0,0,0,0,0,0,0,-7.2131317007890778e-11,-1.566204113393279e-13,3.4500203761861395e-12,1.2937593298383329e-10,6.6239331728001893e-16,3.8711937952115583e-11,1.3689529369485462e-13,-6.7359312572179419e-15,-1.9398510330001571e-18,-3.0444857427631548e-19,8.2799722076337651e-19,-1.0903843717497094e-18,3.0088483693395864e-15,-9.9383668079554685e-11,nan,nan,nan,nan,nan,nan,nan,nan,nan,nan,nan,nan,nan,nan,-1.1635733196142112e-07,1.0509590780971578e-07,8.520773445470075e-22,1.1219265318744743e-08,3.6031689752691332e-07,-1.277025138968213e-07,0,0.011681852679951907,0.044606641018986815,1.6622599086739159e-18,0.041974468606286786,0.01655815950411943,0.11370234053218103,5.2095948875457593e-06,-0.000162224470147336,0.00022586029067669946,-1.5233330173950585e-20,8.8365762566181111e-05,7.9222821452688431e-05,-0.0002337438950317354,-9.7258193098353127e-10
86,2,lumen,0.012631578947368421,0.0025000000000000001,0.012368421052631579,0.012894736842105263,0.002,0.0030000000000000001,1000098.0277716585,1.2780954591959928,12.463870219292195,3138.5972359942257,0.17286973249636042,1173,1173,4.0600757803612407e-05,0.23898269807869402,0.59999999999999998,2,500000,0.00035,0.0001,0.056663626830407286,0.19474679575229481,7.8445652994262243e-18,0.18658238706991531,0.074132615449033226,0.51765735406514568,2.3503679956251526e-05,0.044022196033696913,0.086658293033902434,3.0556173454219476e-18,0.052842342649121014,0.45832306447095522,0.35814677097586262,7.3328364618397564e-06,0.27179906879671056,0.0012925391649420462,7.3300739344138515e-10,0.0017771321332484588,1.9298371740577018e-05,0.40355618292141759,6.3349628769879837e-05,1.0662610596942311e-06,3.2205990743614313e-10,2.7342436863373463e-12,2.1536840705752239e-10,5.189777501392464e-11,6.2159943504068857e-08,0.32149129923710079,nan,nan,nan,nan,nan,nan,nan,nan,nan,nan,nan,nan,nan,nan,0,0,0,0,0,0,0,9.1174684740488617e-12,-2.4660111092784915e-13,-4.2333851766284743e-13,-1.2824764189338176e-12,-2.3657291403633707e-16,2.5321719547555244e-11,1.8309955606162521e-13,-3.7782277306774859e-14,-1.3360593233213253e-17,-9.2173568976627536e-19,2.7102307555516052e-18,-3.7051827378067492e-18,7.4176526951182554e-15,-3.263947458070144e-11,nan,nan,nan,nan,nan,nan,nan,nan,nan,nan,nan,nan,nan,nan,-1.2603039671685995e-07,1.1197308069643697e-07,1.5583459178149717e-23,1.4032448164079771e-08,3.9212023579537902e-07,-1.4006196719096309e-07,0,0.012371227899229882,0.043295653711087199,1.7183056568742314e-18,0.041266891979576191,0.016404655809470009,0.11424330147907318,5.1955005071464968e-06,-0.00027336078481286508,0.00037774064969769023,-2.1379746483849295e-20,0.00012188591277453502,0.00015076419142087474,-0.00041376885220486881,-3.1860914001441541e-09
86,3,support,0.012631578947368421,0.0035000000000000001,0.012368421052631579,0.012894736842105263,0.0030000000000000001,0.0040000000000000001,1000804.0602389008,1.3111422151527132,12.777118989372594,3080.2669673929936,0.17322708908597328,1173,1173,4.0521045266115685e-05,0.23866208149722912,0.40000000000000002,2,300000,0.00033700000000000001,0.0001,0.060794175345270235,0.18140554425252362,8.0993397312485066e-18,0.17854397232527788,0.071533906846969378,0.51267707519867334,2.299511359784083e-05,0.04841827664696749,0.082750454275129962,3.2341467429687864e-18,0.051836614765964309,0.45337164660636048,0.3636156532299179,7.3544756599186991e-06,nan,nan,nan,nan,nan,nan,nan,nan,nan,nan,nan,nan,nan,nan,0.27313395493256032,0.0013399069872197392,8.148640762486959e-10,0.0018236469327799635,1.9117045201338518e-05,0.3989020384206684,6.5338584375835797e-05,1.0027059534867613e-06,3.0926528122841716e-10,2.8530820193287271e-12,2.3610447796479825e-10,5.6789922899446431e-11,6.1263745707558835e-08,0.32471493170761601,0,0,0,0,0,0,0,nan,nan,nan,nan,nan,nan,nan,nan,nan,nan,nan,nan,nan,nan,2.1085382689896508e-12,-2.9387506858157114e-13,-2.437986555806649e-12,-6.3820289824673012e-11,6.5540021326748743e-16,4.9160476687723498e-11,2.0003869561758064e-13,-6.4194743271128729e-14,-3.5177797407004258e-17,-1.3104224796997872e-18,3.9985808447212554e-18,-5.5657482570621058e-18,6.422912206143635e-15,1.5140194519370875e-11,-1.4316315527767437e-07,1.3127523457168166e-07,-3.48565812762369e-22,1.1841255399296286e-08,4.413368551448027e-07,-1.5494300587004517e-07,0,0.013622938244674563,0.041510833601757613,1.8164906912272073e-18,0.040619427996719512,0.016298193312476041,0.11625868528252249,5.2251630120469634e-06,-1.2970757610476569e-05,-1.3016221315550664e-05,-2.0491604524310458e-20,-0.00012947830983900085,0.00010112627234273535,-0.00014714549380969347,-8.1118887739224192e-09
86,4,support,0.012631578947368421,0.0045000000000000005,0.012368421052631579,0.012894736842105263,0.0040000000000000001,0.0050000000000000001,1000566.792985793,1.6875382119659836,16.449008592159711,2558.6110158444508,0.12736400841708928,1173,1173,4.2036498026698463e-05,0.1971864838313129,0.40000000000000002,2,300000,0.00033700000000000001,0.0001,0.056337831257405983,0.15115017561044652,2.1225225346134122e-17,0.26636419890292556,0.03730564503086127,0.49231557640228568,2.3865332244976888e-05,0.057763602220078224,0.088763675020445701,1.0911116760081449e-17,0.099557522243131205,0.30438535498447289,0.44952001922260659,9.8263092653910153e-06,nan,nan,nan,nan,nan,nan,nan,nan,nan,nan,nan,nan,nan,nan,0.23642423919576519,0.0026066316774332045,1.0268423301637048e-09,0.0023813608905373807,3.9875679025286343e-05,0.41537251505746353,0.00010413819094823163,6.1706273004224492e-07,2.8708420253297588e-10,3.255563275141188e-12,2.8142015835599951e-10,7.5991517009976629e-11,1.0471006619505983e-07,0.34307051586143833,0,0,0,0,0,0,0,nan,nan,nan,nan,nan,nan,nan,nan,nan,nan,nan,nan,nan,nan,-3.2378459060828553e-11,-5.2699605849268901e-13,-1.0786946199359837e-12,-1.323361962496115e-10,-2.8996878682907568e-14,-9.0851488658560964e-11,7.3912092034022455e-13,-4.1635314987353844e-14,-5.5747172226401231e-17,2.9256901344678664e-18,-1.6420593743566514e-17,2.0616009116832998e-17,-2.4378826844547326e-13,2.5674695652289074e-10,-2.3296832538186735e-07,7.8502462419471897e-08,-1.2320718224699498e-23,1.5455810762084968e-07,8.5348224242165482e-07,-3.8739515645369593e-07,0,0.011931638839271915,0.032674435490937077,4.5773985202147933e-18,0.057722483935253838,0.0079997678944951044,0.10569754169845065,5.1429040609316831e-06,0,0,0,0,0,0,0
87,0,lumen,0.013157894736842105,0.00050000000000000001,0.012894736842105263,0.013684210526315788,0,0.001,1000092.2144191564,1.3216503204508339,12.888688168538515,3012.4878728001809,0.17417282602953793,1173,1173,4.0683403671635659e-05,0.2396167474078767,0.59999999999999998,2,500000,0.00035,0.0001,0.04829727873601955,0.19782387028050724,7.0980395512820158e-18,0.18370427522621965,0.072723347277612121,0.4912043942326399,2.2644057221938866e-05,0.038801256935582,0.091027853492997926,2.8590667661862287e-18,0.053800520771163186,0.46493479446105013,0.35142826890260082,7.3054366058601392e-06,0.27062148214619086,0.0012359655812093475,6.3868382153413845e-10,0.0017238459034181197,1.9384292748622181e-05,0.40852180849418696,6.1012027589312675e-05,1.1446297882100619e-06,3.3683141618897205e-10,2.6059963497997418e-12,1.9175620521585469e-10,4.6341436358257617e-11,6.2884658410960005e-08,0.3178152928239889,nan,nan,nan,nan,nan,nan,nan,nan,nan,nan,nan,nan,nan,nan,0,0,0,0,0,0,0,-6.0584117237431471e-12,-2.3931449871429061e-13,4.5100691581043815e-13,1.0860936060048323e-11,-1.1720767585654546e-15,-6.654510492989929e-12,1.9445705792813911e-13,-2.1865972574253156e-14,-4.2642446842961097e-18,-6.9310391842185324e-19,1.9371276442309028e-18,-2.6009961014418139e-18,6.5178677856754653e-15,1.4626076990999583e-12,nan,nan,nan,nan,nan,nan,nan,nan,nan,nan,nan,nan,nan,nan,-1.0672439781141824e-07,9.7292503942192354e-08,1.3123695624423711e-23,9.4381139696845302e-09,3.2961286546007162e-07,-1.161729040743964e-07,0,0.010797557561825315,0.046089150024592032,1.6057887812487151e-18,0.042376570051139838,0.016823938671260859,0.11273860750578857,5.2145260530128835e-06,-7.3244244290844923e-05,0.00010183740342848586,-4.3037613074110205e-21,3.9672998222349285e-05,3.4030997434628718e-05,-0.00010178759693845236,-2.5793903465703984e-10
87,1,lumen,0.013157894736842105,0.0015,0.012894736842105263,0.013684210526315788,0.001,0.002,1000092.0530094594,1.3141890361750195,12.815928051020203,3034.2721307712923,0.17400361359628996,1173,1173,4.0659164137766507e-05,0.23959421689149224,0.59999999999999998,2,500000,0.00035,0.0001,0.050038089567981378,0.19665983730093614,7.2275630308376416e-18,0.18363251954040724,0.072962970721270448,0.49582170241078716,2.2778045675207189e-05,0.039972857677102409,0.089981375414999537,2.8948036685864345e-18,0.053475906252298859,0.46383342418278556,0.35272912929397715,7.3071788364532465e-06,0.2709858879637207,0.0012466369835169978,6.5963632869377273e-10,0.001734612241182182,1.9326823373117345e-05,0.40733002296092419,6.1465878030899379e-05,1.1274838452237077e-06,3.3340741780870578e-10,2.6343169817346512e-12,1.9702455601778516e-10,4.7564353703524543e-11,6.2624071521230153e-08,0.3186208558010748,nan,nan,nan,nan,nan,nan,nan,nan,nan,nan,nan,nan,nan,nan,0,0,0,0,0,0,0,-3.728740644597675e-13,-2.5452900581644928e-13,2.6446113127926708e-13,8.1765036795384071e-12,-6.0417166061754735e-16,-1.5213915197098693e-13,1.9383287032714508e-13,-3.3681174169131189e-14,-1.0157975825112733e-17,-9.1359800483783944e-19,2.6149390578470077e-18,-3.5530054416359679e-18,8.5174684789343682e-15,-7.8295149298054579e-12,nan,nan,nan,nan,nan,nan,nan,nan,nan,nan,nan,nan,nan,nan,-1.109052564485756e-07,1.0022780572160883e-07,-3.4479030082703654e-24,1.0677364059620327e-08,3.4339240617686784e-07,-1.2159051349103223e-07,0,0.011106465309614443,0.045537494041479228,1.6234755330095981e-18,0.042093821318441721,0.016766736816771564,0.11302303313831243,5.2107427175473152e-06,-0.00015722248616972632,0.00021937451605512983,-9.8090962217030425e-21,8.2663930123162861e-05,7.8471750338881172e-05,-0.00022691836890138031,-1.2194093159859139e-09
87,2,lumen,0.013157894736842105,0.0025000000000000001,0.012894736842105263,0.013684210526315788,0.002,0.0030000000000000001,1000091.5849589268,1.2604474792250986,12.291847916308139,3174.3569568091939,0.17335550199584193,1173,1173,4.0608847334154408e-05,0.23949974240099811,0.59999999999999998,2,500000,0.00035,0.0001,0.055459925702491655,0.19987836956446067,7.7479384864997356e-18,0.18902678801627015,0.075655408098746976,0.52132796049072561,2.3776010970987499e-05,0.042492362537229711,0.087714192090181525,2.9763260685344522e-18,0.05279575837679136,0.46128212817263142,0.35570824340111562,7.3154220503592525e-06,0.27176241727722472,0.0012712400850457227,7.0516426582341399e-10,0.0017591190981242095,1.9211537835209965e-05,0.40470801693188002,6.2506321759256284e-05,1.089995866770419e-06,3.2593802365923681e-10,2.696242882489031e-12,2.0847302686905845e-10,5.0234605458090309e-11,6.2079406547760285e-08,0.3204163353803513,nan,nan,nan,nan,nan,nan,nan,nan,nan,nan,nan,nan,nan,nan,0,0,0,0,0,0,0,4.3934505263423505e-12,-2.3015508855711733e-13,-4.118727203284679e-15,5.8901132350551317e-12,-3.4802889736784692e-17,1.2643783155880106e-11,1.6606512521224971e-13,-3.9727986525517345e-14,-1.5042944957778395e-17,-9.3327364762103967e-19,2.7237915286644054e-18,-3.7410597581716761e-18,6.8511526715429358e-15,-2.2826241017584892e-11,nan,nan,nan,nan,nan,nan,nan,nan,nan,nan,nan,nan,nan,nan,-1.2013150551713411e-07,1.0676991735181218e-07,9.8684520972446832e-25,1.3348981443574697e-08,3.7374120966104929e-07,-1.3348636368482047e-07,0,0.011764104898464968,0.044263530527975603,1.6631668435426354e-18,0.041443757417511884,0.016609669130186588,0.11353704129421924,5.1979296624391841e-06,-0.00026690200227948976,0.00037071798118051645,-1.8604995185777311e-20,0.00011316121338443151,0.00014980558578321139,-0.00040758256191746896,-3.3759094030247654e-09
87,3,support,0.013157894736842105,0.0035000000000000001,0.012894736842105263,0.013684210526315788,0.0030000000000000001,0.0040000000000000001,1000751.2778944224,1.3199758043433918,12.863881013038132,3051.3532673670461,0.17373034703283236,1173,1173,4.0532316022460111e-05,0.23916628365910769,0.40000000000000002,2,300000,0.00033700000000000001,0.0001,0.058336565608401017,0.18264876077174519,7.7888944580313062e-18,0.1774333150015544,0.071523621879709093,0.50567429851874757,2.2789765045024965e-05,0.046776453200508827,0.083883324732117001,3.1313023167456353e-18,0.051863960824579287,0.45638460390977603,0.36108431903950555,7.3382935132489804e-06,nan,nan,nan,nan,nan,nan,nan,nan,nan,nan,nan,nan,nan,nan,0.27304521143390403,0.001317033098274962,7.8435457843742606e-10,0.0018043300764308962,1.9046994584051134e-05,0.40020412672562822,6.4434513768140634e-05,1.0265850827927616e-06,3.1338079218244239e-10,2.808018569687739e-12,2.284703723789769e-10,5.4935160395623779e-11,6.1239974761940649e-08,0.32354472794840528,0,0,0,0,0,0,0,nan,nan,nan,nan,nan,nan,nan,nan,nan,nan,nan,nan,nan,nan,-1.2500466434908204e-11,-2.5120485323857522e-13,2.2045895355676864e-14,-2.0424237599980208e-11,6.0634006496251835e-16,-2.7685094451321279e-11,1.6566853049746577e-13,-6.0823525036002302e-14,-3.3573278053105162e-17,-1.1878397897598124e-18,3.5662420504215268e-18,-4.9939729322987174e-18,4.5080515520586462e-15,6.0729005029005444e-11,-1.3655507175285714e-07,1.259966924682665e-07,-3.6927703879705648e-24,1.0586098168915017e-08,4.2025739287188113e-07,-1.4712070406375233e-07,0,0.01293486353943611,0.042609794728757054,1.7497249617957184e-18,0.040928759630591123,0.016505541127352787,0.11549331929671944,5.2305207685286986e-06,-1.270043678809848e-05,-1.3680594842630142e-05,-2.1136015874807925e-20,-0.0001356486439103642,0.00010497854768723962,-0.00015333049092064007,-8.4709664558388019e-09
87,4,support,0.013157894736842105,0.0045000000000000005,0.012894736842105263,0.013684210526315788,0.0040000000000000001,0.0050000000000000001,1000526.6086824145,1.7234987534059003,16.800202935564357,2503.2650896062037,0.12709591109181972,1173,1173,4.2102689548717114e-05,0.19635856560667878,0.40000000000000002,2,300000,0.00033700000000000001,0.0001,0.053382000835599651,0.15035591035846516,2.0999390966503178e-17,0.26626340336004456,0.036332499024865489,0.48198870870175464,2.3569403183747762e-05,0.055901542550928142,0.09018242793944084,1.1025502523923692e-17,0.10164464565799672,0.3027744825267531,0.44948698966639428,9.911658487036271e-06,nan,nan,nan,nan,nan,nan,nan,nan,nan,nan,nan,nan,nan,nan,0.23530494411752542,0.0026148843642972821,9.9164427190398789e-10,0.0023761613278917024,4.0639534692597105e-05,0.41719810735623436,0.00010418899222461782,6.2233154428243988e-07,2.9028028301367324e-10,3.1709261842200535e-12,2.7192636055479596e-10,7.358909945692439e-11,1.0643124355248105e-07,0.34236034391373515,0,0,0,0,0,0,0,nan,nan,nan,nan,nan,nan,nan,nan,nan,nan,nan,nan,nan,nan,4.148428529182881e-12,-5.1262446024035506e-13,7.1944137763593445e-12,-1.0562511842462e-10,-2.8776351961024016e-14,-3.7336672989440878e-10,6.7458702271944705e-13,-2.7275490893652332e-14,-2.6549726194309829e-17,2.2547972077963667e-18,-1.2619773637032e-17,1.6179472326916714e-17,-1.8558161811151717e-13,4.6772846656012435e-10,-2.2493183223903229e-07,6.6183983793433043e-08,7.367441294139444e-24,1.5911426240062811e-07,8.3388583206611688e-07,-3.8393325002550327e-07,0,0.011068089580594362,0.033101417665800131,4.6125670884464148e-18,0.059285769037697694,0.0077821748067415462,0.10395135872149144,5.1369595234302435e-06,0,0,0,0,0,0,0
88,0,lumen,0.014210526315789474,0.00050000000000000001,0.013684210526315788,0.014736842105263159,0,0.001,1000079.1926920264,1.3238199322268167,12.910014242646271,2993.8978090118248,0.17494874382806908,1173,1173,4.0703193310693855e-05,0.24042876933180218,0.59999999999999998,2,500000,0.00035,0.0001,0.044811614898259258,0.20187187651630828,6.7741315428101733e-18,0.18335090181771868,0.07337679591098753,0.48451154895939436,2.2512423558353942e-05,0.036060499069532313,0.093044227098010329,2.7331125288842643e-18,0.053785879112653923,0.46988863109652668,0.34721348863682416,7.274986452436417e-06,0.27045239178949865,0.0012011417490374978,5.9006042878072997e-10,0.0016931004369710667,1.9255219982071524e-05,0.41063309990212898,5.9607631278670844e-05,1.1897139029122675e-06,3.4407301498264034e-10,2.5464694515576112e-12,1.7981211915140451e-10,4.3517274128123445e-11,6.2797279872407231e-08,0.31594014959991085,nan,nan,nan,nan,nan,nan,nan,nan,nan,nan,nan,nan,nan,nan,0,0,0,0,0,0,0,1.7475888343316381e-14,-1.3039341877531783e-13,-2.7071814952577229e-15,-6.0464575431519267e-13,-1.0343830826597955e-15,-5.4878259055091139e-13,1.1105544880437538e-13,-8.3396831107585001e-15,-1.2182076547669912e-18,-3.1111766788182312e-19,8.0022631190752785e-19,-1.0720407692492938e-18,2.4943827239116808e-15,1.1649846680539548e-12,nan,nan,nan,nan,nan,nan,nan,nan,nan,nan,nan,nan,nan,nan,-9.6838023720072913e-08,8.8558443356312466e-08,-1.4154375841602708e-24,8.2801387857379801e-09,2.9879414301103857e-07,-1.0511755105246934e-07,0,0.010119901527401425,0.047198411453413074,1.5456097590133407e-18,0.042497808409364297,0.017070998603136597,0.11194683412231667,5.2157193024806876e-06,-6.6506507144478352e-05,9.3227454569871416e-05,-3.8960646356137707e-21,3.3511942751953196e-05,3.3238827614322339e-05,-9.7333678137530394e-05,-5.667935942431878e-10
88,1,lumen,0.014210526315789474,0.0015,0.013684210526315788,0.014736842105263159,0.001,0.002,1000079.0526086175,1.3065086545840847,12.741194848951462,3037.9245620414099,0.17474016254527758,1173,1173,4.068208694738751e-05,0.24038916041740596,0.59999999999999998,2,500000,0.00035,0.0001,0.046740648729883628,0.20244627437313759,6.9448121455828369e-18,0.18483715980459922,0.074180166562873628,0.49267776921522577,2.2822666473208171e-05,0.03712096944672711,0.092088805006513216,2.7653354814749543e-18,0.053512833020454405,0.46882140679823758,0.34844870692855573,7.278799512084536e-06,0.27076639454183588,0.0012109363536906214,6.0880975439971176e-10,0.001703031215381176,1.9212833304492817e-05,0.40957238412652819,6.0025415352425111e-05,1.1733559254687698e-06,3.409352421820931e-10,2.5702844847685636e-12,1.8449504974114707e-10,4.4598106658651822e-11,6.2588013858458454e-08,0.31666677838855761,nan,nan,nan,nan,nan,nan,nan,nan,nan,nan,nan,nan,nan,nan,0,0,0,0,0,0,0,1.1908779954130516e-12,-1.0597193312316777e-13,4.5064972364778118e-14,3.4122250665892569e-12,-8.6611490549004522e-16,3.1117450196432861e-12,9.1401835450115625e-14,-5.7458378333041793e-15,-1.2286630109145083e-18,-2.2855442834156128e-19,5.8745806171663138e-19,-7.8680379427929766e-19,1.9095838407073628e-15,-7.7405305478629997e-12,nan,nan,nan,nan,nan,nan,nan,nan,nan,nan,nan,nan,nan,nan,-1.005271340987976e-07,9.0916857486966762e-08,-5.3936962763701062e-24,9.6071245518880104e-09,3.1118774179716979e-07,-1.1013761802569633e-07,0,0.010414149298880137,0.046658384715761038,1.5643297063048405e-18,0.042244907125987975,0.017009787004900277,0.11222258075946484,5.2128508088278459e-06,-0.0001447616524408748,0.00020297977205624863,-9.3144110245883822e-21,6.7657307233993285e-05,7.8704606164430835e-05,-0.0002223704116859297,-1.7854122383193803e-09
88,2,lumen,0.014210526315789474,0.0025000000000000001,0.013684210526315788,0.014736842105263159,0.002,0.0030000000000000001,1000078.6494516502,1.2904875270676592,12.58496038518223,3085.5092184488021,0.17404972489717316,1173,1173,4.0638650929139277e-05,0.24024493313186479,0.59999999999999998,2,500000,0.00035,0.0001,0.050267112806847543,0.20031463738911431,7.2270808233555597e-18,0.18519776246173214,0.07469475903162158,0.50289557120137185,2.3144158792144561e-05,0.039432127616509549,0.090001848486759975,2.8424440859566189e-18,0.052959769683593984,0.46628501160401298,0.35131395178755781,7.290821565644714e-06,0.27142860808002839,0.0012338770098402857,6.5005633648083211e-10,0.0017259087200099069,1.9133029187264606e-05,0.40722681157677543,6.0996895677214617e-05,1.1371164699819033e-06,3.3402362106593389e-10,2.6229407003546292e-12,1.9479225101757629e-10,4.698697026191536e-11,6.215950922697001e-08,0.31830346418401828,nan,nan,nan,nan,nan,nan,nan,nan,nan,nan,nan,nan,nan,nan,0,0,0,0,0,0,0,4.3092189277648543e-12,-1.4031308291670774e-13,-9.2526249125572417e-14,3.0002117191708206e-12,-9.6277152916712794e-17,1.2196452181534312e-11,1.0120375221042386e-13,-2.5190136435093713e-14,-7.3365587086454119e-18,-5.7297222764477127e-19,1.6107978873929209e-18,-2.2217192696890913e-18,3.3420921229790136e-15,-1.9352436433345777e-11,nan,nan,nan,nan,nan,nan,nan,nan,nan,nan,nan,nan,nan,nan,-1.0876463366537789e-07,9.6748011990666072e-08,-2.1311331293295849e-23,1.2004539702464013e-08,3.3829650074312934e-07,-1.2077225541862191e-07,0,0.011027129621649472,0.045440979257296094,1.6000259280475174e-18,0.041673518541149174,0.01684844579033596,0.11269873811536833,5.2017127872887269e-06,-0.00024004704435691656,0.00033234966487426839,-1.6789243353779714e-20,8.3315008102436146e-05,0.00014756683210854325,-0.00039100263653447356,-4.1840487649362153e-09
88,3,support,0.014210526315789474,0.0035000000000000001,0.013684210526315788,0.014736842105263159,0.0030000000000000001,0.0040000000000000001,1000645.2636927905,1.323992261094582,12.90439058682777,3025.862635274324,0.1744684362229092,1173,1173,4.0576062214172899e-05,0.23982448186862218,0.40000000000000002,2,300000,0.00033700000000000001,0.0001,0.053794451147503863,0.18794461728499864,7.3936534500917686e-18,0.17829005919454721,0.072098940593024116,0.49748067551223246,2.2658682765246283e-05,0.043270249268304882,0.086587317034540673,2.9817673599484616e-18,0.052278501251904863,0.46150440987543401,0.35635220350867458,7.3190611410703566e-06,nan,nan,nan,nan,nan,nan,nan,nan,nan,nan,nan,nan,nan,nan,0.27245740829234605,0.001275523389685013,7.1993544815088902e-10,0.0017668738919948323,1.9039353833183831e-05,0.40334775420951374,6.2749403028935534e-05,1.077355614136396e-06,3.2275207961491512e-10,2.7157193583408843e-12,2.1230194820474532e-10,5.1082784703879168e-11,6.1554380985032401e-08,0.32106951124081612,0,0,0,0,0,0,0,nan,nan,nan,nan,nan,nan,nan,nan,nan,nan,nan,nan,nan,nan,-1.1808891543470996e-11,-1.4794133777542069e-13,2.1455857901577834e-13,-1.3965762548439901e-11,2.203098814490545e-16,-3.0771533758577885e-11,9.7068819588405342e-14,-3.7892649087933883e-14,-1.6386160127521098e-17,-7.1232636154901531e-19,2.0592151340961197e-18,-2.8936698372466194e-18,1.0787759247943176e-15,5.6419008233151228e-11,-1.230261001058941e-07,1.1378015568608291e-07,1.7595624551206443e-23,9.2765379209157921e-09,3.7836003825841846e-07,-1.3228844603085932e-07,0,0.01210822936368146,0.043935705772219162,1.6811746569339247e-18,0.04131779592599924,0.016743287549242158,0.11458232276508896,5.2379210486935747e-06,-1.104462632724984e-05,-1.6473552514137008e-05,-2.2773652723947388e-20,-0.00015371636665021703,0.00011330520132544819,-0.00016172013930572645,-9.2904199086839098e-09
88,4,support,0.014210526315789474,0.0045000000000000005,0.013684210526315788,0.014736842105263159,0.0040000000000000001,0.0050000000000000001,1000447.2943900948,1.734903704653503,16.912716051155794,2484.2549932230468,0.1232517122356675,1173,1173,4.2295323815115727e-05,0.19366795753584037,0.40000000000000002,2,300000,0.00033700000000000001,0.0001,0.04855374315287541,0.15594582871496368,2.1678717095333136e-17,0.28243973087475854,0.035387380883049734,0.47850528639705625,2.393233481429853e-05,0.051185917295102641,0.094161639429430857,1.1458403231036509e-17,0.10854195664181536,0.29687337533190428,0.44922697961756275,1.0131684184115677e-05,nan,nan,nan,nan,nan,nan,nan,nan,nan,nan,nan,nan,nan,nan,0.23185628993515631,0.0026523448917814153,9.0349832943979952e-10,0.0023630311152962125,4.3037999201641446e-05,0.42228732939710883,0.00010464246014806611,6.3432353175304355e-07,2.9862283137993107e-10,2.9603094924349519e-12,2.4802211095204366e-10,6.7633156678014929e-11,1.1160268968863238e-07,0.34069257675435194,0,0,0,0,0,0,0,nan,nan,nan,nan,nan,nan,nan,nan,nan,nan,nan,nan,nan,nan,-1.6476866133407758e-11,-6.9208416950213598e-13,4.1185672726778022e-13,-8.9959054713927439e-11,-2.5832959903160368e-14,-1.0482460429186991e-10,8.3531945802827071e-13,-1.8007297042377246e-14,-6.0897864910742216e-18,2.1578587809002837e-18,-1.2202716461711911e-17,1.6058062401370755e-17,-1.6414803000713299e-13,2.1091348060146561e-10,-2.0535104996652342e-07,5.3627669749367612e-08,-4.944454377545832e-23,1.5182800097925469e-07,7.6788778944486547e-07,-3.5708865131489631e-07,0,0.010017405837421797,0.033559425728218691,4.6744719389446664e-18,0.061251982826282504,0.007484669724558757,0.10176807132684142,5.1282667347527052e-06,0,0,0,0,0,0,0
89,0,lumen,0.015263157894736843,0.00050000000000000001,0.014736842105263159,0.015789473684210527,0,0.001,1000066.1100633442,1.2868379671510477,12.549526871496381,3068.3073918662567,0.1756792504920503,1173,1173,4.0712577929985849e-05,0.24119958368126354,0.59999999999999998,2,500000,0.00035,0.0001,0.043314351045121331,0.21107280084637781,6.706046060808602e-18,0.18809405573170238,0.076178510588746348,0.49338107787141305,2.3070006655391578e-05,0.033882354445064981,0.094568503608126478,2.6300926695921618e-18,0.053636560857409553,0.47420846511113285,0.34369686897780444,7.2470004617631268e-06,0.27043391881175965,0.0011726964585833245,5.518473279645635e-10,0.0016681768815878292,1.910697610383025e-05,0.41216790455315139,5.8462513277908197e-05,1.2270763245401171e-06,3.4968124649051173e-10,2.5028997971015862e-12,1.7051067960590122e-10,4.132574816114665e-11,6.2599087609567805e-08,0.31447844301425809,nan,nan,nan,nan,nan,nan,nan,nan,nan,nan,nan,nan,nan,nan,0,0,0,0,0,0,0,-1.3690013575638666e-12,-1.7336509072096102e-13,1.0464635397755642e-13,2.0337296660664755e-12,-9.1978291302807769e-16,-1.599088699996698e-12,1.3810346967982994e-13,-1.8409536048369368e-14,-3.061197699193567e-18,-5.5433226830286285e-19,1.4436582639589448e-18,-1.9682113662035866e-18,4.7272472643393812e-15,8.7951857784442862e-13,nan,nan,nan,nan,nan,nan,nan,nan,nan,nan,nan,nan,nan,nan,-8.9156207906410795e-08,8.1619626557394298e-08,-1.2800766521773772e-23,7.5380903194536387e-09,2.7500700014448931e-07,-9.6696214257896429e-08,0,0.0095044306681096834,0.0482084772870277,1.4942082941212991e-18,0.042611912691437083,0.017287507251906135,0.11124070024667124,5.2175642834418615e-06,-6.5234162046039123e-05,9.1748685886540953e-05,-4.7326181975285337e-21,2.8736375621966762e-05,3.5761597709380524e-05,-0.00010007216212896386,-8.763658820398734e-10
89,1,lumen,0.015263157894736843,0.0015,0.014736842105263159,0.015789473684210527,0.001,0.002,1000065.9925088058,1.3028899615241099,12.706070944514694,3034.9142781641776,0.1754585170000055,1173,1173,4.0693242336015483e-05,0.24113294777047661,0.59999999999999998,2,500000,0.00035,0.0001,0.044091048222474838,0.20639767825542696,6.7216406249615216e-18,0.1849664964264667,0.075058847776123316,0.48911536866612676,2.2804244012019948e-05,0.03492015126427625,0.093627402452573116,2.6690931509560964e-18,0.053402654592310882,0.47306698653618645,0.34497555228000365,7.2528746496307849e-06,0.27072213178842569,0.0011825800874334673,5.7004252983301129e-10,0.0016781883759097653,1.9076210074892084e-05,0.41114469087398398,5.8884244770128808e-05,1.2101978160125039e-06,3.4657030730778266e-10,2.5245590679386909e-12,1.7502322301284794e-10,4.2362807348929696e-11,6.2423163708727738e-08,0.31519317466189933,nan,nan,nan,nan,nan,nan,nan,nan,nan,nan,nan,nan,nan,nan,0,0,0,0,0,0,0,4.6065154352932593e-11,-2.147296083137597e-13,-5.0674729973066968e-12,-9.4874278198013654e-11,-7.6696461681624584e-16,1.4510755401084263e-10,1.5356041080186186e-13,-3.7299590499584312e-14,-1.2275412557761886e-17,-9.1681512188197271e-19,2.492615588862666e-18,-3.4377594204455094e-18,7.6120243178948334e-15,-9.1139318418756012e-11,nan,nan,nan,nan,nan,nan,nan,nan,nan,nan,nan,nan,nan,nan,-9.26974769973124e-08,8.392168482362905e-08,-1.418343757017305e-22,8.6357826116151764e-09,2.8672028584697529e-07,-1.0124343580164563e-07,0,0.0097811755709845717,0.047688075864778856,1.512461272048476e-18,0.042385711768215616,0.017224441518026264,0.11150722534064768,5.2155049588580874e-06,-0.00013933336682670272,0.00019523536988072244,-8.1613067222277731e-21,5.6564367973989857e-05,8.1717457453305125e-05,-0.00022494771400091332,-2.3292652589768381e-09
89,2,lumen,0.015263157894736843,0.0025000000000000001,0.014736842105263159,0.015789473684210527,0.002,0.0030000000000000001,1000065.6550409216,1.3147215189039205,12.821459234319628,3017.1378925732824,0.17474134570077263,1173,1173,4.0654304805779121e-05,0.24093942901110826,0.59999999999999998,2,500000,0.00035,0.0001,0.046468505709412855,0.20017654198276913,6.8291746434511177e-18,0.1817243035871996,0.073972407720281755,0.48872267785118861,2.264771232449841e-05,0.037137321675059884,0.09162996689393596,2.7364205355040247e-18,0.052943051428762385,0.47045347720737257,0.34782891429123169,7.2685036375257723e-06,0.27131137697752372,0.0012049259205144753,6.0924027508357362e-10,0.0017004549962778271,1.9021913003787624e-05,0.40894774763505137,5.9830952581611154e-05,1.173974715458551e-06,3.3991475220191812e-10,2.5718590682203071e-12,1.8474736964758609e-10,4.4609025392602855e-11,6.2073544208054642e-08,0.31675540437570365,nan,nan,nan,nan,nan,nan,nan,nan,nan,nan,nan,nan,nan,nan,0,0,0,0,0,0,0,1.9423069783015168e-12,-1.4127763346594701e-13,9.1419234185295427e-14,5.2863450833114005e-12,-5.3993268189778121e-17,5.478652037246845e-12,9.9389826106836265e-14,-2.7611810407557336e-14,-8.3102268555257749e-18,-6.1875304755646577e-19,1.7152370136002243e-18,-2.3743658034493889e-18,3.4317026926412061e-15,-1.2732398576828438e-11,nan,nan,nan,nan,nan,nan,nan,nan,nan,nan,nan,nan,nan,nan,-1.0044534041369138e-07,8.9907309375192312e-08,-4.6190786944104437e-24,1.0532485211095583e-08,3.1186719874620739e-07,-1.1098300967127273e-07,0,0.010348504971575589,0.046535733721657299,1.5450386775756903e-18,0.041884871687587345,0.01705995204053249,0.11194206972053594,5.2059320293386908e-06,-0.00022702552406854735,0.00031275968794852119,-1.6332172964895202e-20,6.3508489326538303e-05,0.00014897007965460223,-0.00038387332087716286,-4.8919229824153854e-09
89,3,support,0.015263157894736843,0.0035000000000000001,0.014736842105263159,0.015789473684210527,0.0030000000000000001,0.0040000000000000001,1000538.7296722805,1.3081765386845441,12.751599056745775,3050.0227102843096,0.17514515377876075,1173,1173,4.0599938678962611e-05,0.24045251972699005,0.40000000000000002,2,300000,0.00033700000000000001,0.0001,0.051276597491820383,0.19423961845869206,7.2055498155852615e-18,0.18093580613991439,0.073620026567422669,0.49831125256165826,2.2874884611798301e-05,0.040756629820471832,0.088427909158176263,2.8715007885415245e-18,0.052426114088147166,0.46566124074144138,0.35272080478107393,7.3014106893360614e-06,nan,nan,nan,nan,nan,nan,nan,nan,nan,nan,nan,nan,nan,nan,0.27219697505544627,0.0012445359570408066,6.7439938023110289e-10,0.0017392888546773554,1.8969789036370794e-05,0.40539277144228514,6.1496801008313642e-05,1.1154400259265157e-06,3.2926270751873236e-10,2.6539452578900034e-12,2.0096952786453774e-10,4.838825179577343e-11,6.1601494701652939e-08,0.31934478380331111,0,0,0,0,0,0,0,nan,nan,nan,nan,nan,nan,nan,nan,nan,nan,nan,nan,nan,nan,-7.6180222529124666e-12,-1.4300439191874734e-13,-9.0087228235986381e-14,-1.548733638898073e-11,3.0406449927355972e-16,-1.4611619856760849e-11,9.0640120038593483e-14,-3.9948296406966399e-14,-1.7493039353102167e-17,-7.3405878892532864e-19,2.0845041392227913e-18,-2.9425517588903624e-18,8.1082887254816825e-16,3.7898351008812774e-11,-1.1358628500789114e-07,1.0658678639696717e-07,-1.9364113479635824e-23,7.0142392155493239e-09,3.4777711649391918e-07,-1.2058511567047958e-07,0,0.011339925116059487,0.045182091662343861,1.6221041465014483e-18,0.041672336188975291,0.01695507080289238,0.11375231847019489,5.2454762176755778e-06,-1.0001267301565364e-05,-1.7848282090209413e-05,-2.4089127012581304e-20,-0.00016603806154566003,0.00011975076343588627,-0.00016834479296456276,-9.9500421348139954e-09
89,4,support,0.015263157894736843,0.0045000000000000005,0.014736842105263159,0.015789473684210527,0.0040000000000000001,0.0050000000000000001,1000369.3511814679,1.7383810153408217,16.947935014828797,2477.5356678982321,0.121840136000748,1173,1173,4.2422577010065787e-05,0.19185009470405712,0.40000000000000002,2,300000,0.00033700000000000001,0.0001,0.045352599317527303,0.15971237894744736,2.2297764605626295e-17,0.29378599361101232,0.034816954505745755,0.47791650615082881,2.4289903889986894e-05,0.047910796358974106,0.096636737574617965,1.1810146431405216e-17,0.11313744752178748,0.29269617181430047,0.44960854225691221,1.0304473407858199e-05,nan,nan,nan,nan,nan,nan,nan,nan,nan,nan,nan,nan,nan,nan,0.22960902093936347,0.0026854540062612371,8.4341347542374587e-10,0.0023586771865046798,4.4717223526123947e-05,0.4253934646789978,0.0001051965622321993,6.3955779610958922e-07,3.0347817605196292e-10,2.8132265720409873e-12,2.3176988263224908e-10,6.3549079318083291e-11,1.1513379004415654e-07,0.33980271326650269,0,0,0,0,0,0,0,nan,nan,nan,nan,nan,nan,nan,nan,nan,nan,nan,nan,nan,nan,-3.8891539309418848e-11,-1.2205869231340926e-12,-4.4498305946107056e-12,-6.4167091302478861e-11,-3.2941531447061578e-14,9.3239717812929057e-11,1.3836520755597057e-12,-1.4540452175637597e-14,4.1055157557823903e-18,2.8070280059815802e-18,-1.6180736956826337e-17,2.1761356338026755e-17,-1.9239342505555288e-13,1.4345538109575375e-11,-1.9219418873409055e-07,3.6935431380058503e-08,-8.1706183009769908e-23,1.5517020729455638e-07,7.3178492537850914e-07,-3.4730463099874598e-07,0,0.0090343291520481126,0.033870251821289402,4.7635796303789621e-18,0.063253116070449297,0.0071892376565215604,0.099634393020583842,5.1189567551844494e-06,0,0,0,0,0,0,0
90,0,lumen,0.016315789473684211,0.00050000000000000001,0.015789473684210527,0.016842105263157894,0,0.001,1000052.9732094808,1.2902469813486852,12.582937616985744,3048.3258539021049,0.17626713028742358,1173,1173,4.0734591535499545e-05,0.24180007576483797,0.59999999999999998,2,500000,0.00035,0.0001,0.040144127171979141,0.2145841003650602,6.4445679161143577e-18,0.18777321150492293,0.076611687131054443,0.48713153693003208,2.2943060347766115e-05,0.03148607167570628,0.09639765614032704,2.5342707687010052e-18,0.053687623134075192,0.47817464280857519,0.34024677993100083,7.2263103153612079e-06,0.2701969907373068,0.0011455160568830509,5.1023709934545683e-10,0.0016431170423640176,1.9024895077560392e-05,0.41403741909720898,5.7345420080217994e-05,1.267635170364105e-06,3.561278434997934e-10,2.4563590589162922e-12,1.6034514847174574e-10,3.896675070762248e-11,6.25898069835177e-08,0.31289925545797037,nan,nan,nan,nan,nan,nan,nan,nan,nan,nan,nan,nan,nan,nan,0,0,0,0,0,0,0,-5.7893334620195433e-13,-1.0713205067821433e-13,4.5723277116887467e-14,6.2791716306462952e-13,-5.7338031891895902e-16,-6.9949124617552094e-13,8.4473856804436735e-14,-1.2195973397854942e-14,-1.8322463641367957e-18,-3.6128481978673318e-19,9.2563203680000116e-19,-1.2663853452102446e-18,2.8681878311341021e-15,6.3729567416102908e-13,nan,nan,nan,nan,nan,nan,nan,nan,nan,nan,nan,nan,nan,nan,-8.1008018289890904e-08,7.3976902714711912e-08,2.115895460588159e-24,7.0317792420120025e-09,2.500559345558484e-07,-8.8040371548636642e-08,0,0.0089464916319658121,0.049119840876203719,1.4504040878403869e-18,0.0427236773559274,0.017479443618532018,0.11060923998208985,5.2197523019515459e-06,-5.9881695481617966e-05,8.5120650671226979e-05,-3.6323094271802962e-21,2.4277192014328037e-05,3.4858311010204173e-05,-9.6565643547114397e-05,-1.039308934474813e-09
90,1,lumen,0.016315789473684211,0.0015,0.015789473684210527,0.016842105263157894,0.001,0.002,1000052.8781849213,1.304985179272357,12.726670861871346,3018.0122292500764,0.17604099136886214,1173,1173,4.0717606363035964e-05,0.24172285077054464,0.59999999999999998,2,500000,0.00035,0.0001,0.040888492706323401,0.21024449410675647,6.4468083694665974e-18,0.18497196822849815,0.075571378999602035,0.48336031814171621,2.2705744219244743e-05,0.032436226934576144,0.095527043092372005,2.564110514024591e-18,0.053490816840114981,0.47706947773098779,0.34146920214704657,7.2332549024321858e-06,0.27044912100095009,0.0011547042378171279,5.2673388980297319e-10,0.0016524696158889522,1.90042364684668e-05,0.41311186593848931,5.7738550080935461e-05,1.251413516815023e-06,3.532407666767496e-10,2.4746504008620151e-12,1.6440834941166786e-10,3.9895578418310728e-11,6.2449691802038435e-08,0.31355378147034257,nan,nan,nan,nan,nan,nan,nan,nan,nan,nan,nan,nan,nan,nan,0,0,0,0,0,0,0,-6.7680503769237857e-12,-8.8575833007792556e-14,6.8429259363465858e-13,1.6310277518894836e-11,-2.3554292197247584e-16,-1.0088605732067046e-11,6.785751823700631e-14,-1.2123982373601905e-14,-1.8109654368188556e-18,-3.2428927190346272e-19,8.4095544449872011e-19,-1.1545800787129284e-18,2.1917590850670557e-15,-1.0716437656330206e-13,nan,nan,nan,nan,nan,nan,nan,nan,nan,nan,nan,nan,nan,nan,-8.4186650203994795e-08,7.6048914887660857e-08,6.765460361609133e-24,8.1471498453882322e-09,2.607083899180962e-07,-9.2349419389403664e-08,0,0.0092040598442410318,0.048622916829739106,1.4658933033117377e-18,0.042529607509100335,0.017414306369699269,0.11086146264207343,5.2185802329808842e-06,-0.00012521918711055357,0.00017517886422087892,-8.3280725076460218e-21,4.4068373418963657e-05,7.9243466099988521e-05,-0.00021194478505480636,-2.7107871338168352e-09
90,2,lumen,0.016315789473684211,0.0025000000000000001,0.015789473684210527,0.016842105263157894,0.002,0.0030000000000000001,1000052.6063227137,1.3043006964436303,12.719999004369502,3028.4400111189507,0.17530633370997054,1173,1173,4.0685109336299821e-05,0.24149771739419795,0.59999999999999998,2,500000,0.00035,0.0001,0.043417271657525722,0.20641369252550312,6.6224835290525141e-18,0.18383348991273094,0.075211889108827049,0.48740541219746142,2.2774603655756698e-05,0.03442421319305413,0.093737306798023293,2.6326015343459405e-18,0.053133718299886577,0.47455116794693919,0.34414634237446662,7.2513876301911185e-06,0.27093233521413929,0.0011751269955523589,5.61499275310376e-10,0.0016728212226505841,1.897790629958895e-05,0.41119448912501405,5.860445526734176e-05,1.2173760018263442e-06,3.4724188912757646e-10,2.5137434457114338e-12,1.7296921436814841e-10,4.1863485955112515e-11,6.2198599705037682e-08,0.31494636438038692,nan,nan,nan,nan,nan,nan,nan,nan,nan,nan,nan,nan,nan,nan,0,0,0,0,0,0,0,5.8592161471623387e-13,-9.7798974351078487e-14,1.6500129309140464e-13,5.4706212113595339e-12,-1.2305694657710475e-17,1.3081037988915689e-12,6.7256027922410914e-14,-2.1280503401110984e-14,-5.535333478635733e-18,-4.5332300450024507e-19,1.2216770829005858e-18,-1.702250148736171e-18,1.6958046254678502e-15,-7.4795171084130718e-12,nan,nan,nan,nan,nan,nan,nan,nan,nan,nan,nan,nan,nan,nan,-9.0969552067870357e-08,8.0844540562008405e-08,-1.1833666959678777e-24,1.0123558103502162e-08,2.8303138430163521e-07,-1.0109840820060612e-07,0,0.0097277978464053259,0.047531192468294861,1.4995184547082266e-18,0.042106549422252768,0.017244575094277972,0.11125510313422536,5.2106370684804556e-06,-0.00020014094947307695,0.00027220123656946868,-1.4880787908406616e-20,3.9513107819137732e-05,0.00014438843873011505,-0.00035621009550748937,-5.5309686935566956e-09
90,3,support,0.016315789473684211,0.0035000000000000001,0.015789473684210527,0.016842105263157894,0.0030000000000000001,0.0040000000000000001,1000431.7169108688,1.2980393601059459,12.654139185026969,3059.2081070566815,0.17574931754442522,1173,1173,4.0643202686394371e-05,0.24094632826830786,0.40000000000000002,2,300000,0.00033700000000000001,0.0001,0.047680308228131782,0.20131928406943536,6.9672135435839608e-18,0.18367326202534592,0.07486787163240298,0.49640567521940582,2.3010238908869777e-05,0.037608505684957064,0.090950454881992784,2.755300016010888e-18,0.052812538849704743,0.46993475601347207,0.34868645609012788,7.2884797455209323e-06,nan,nan,nan,nan,nan,nan,nan,nan,nan,nan,nan,nan,nan,nan,0.27159600539244183,0.0012109451425824586,6.1807112172027391e-10,0.0017076896190828259,1.8982270547516596e-05,0.40820043363553482,6.0107678619647529e-05,1.1631953240214893e-06,3.3787159170813644e-10,2.5799890790262815e-12,1.869312829464744e-10,4.510289917024034e-11,6.1920954584757183e-08,0.31720460995435545,0,0,0,0,0,0,0,nan,nan,nan,nan,nan,nan,nan,nan,nan,nan,nan,nan,nan,nan,-1.1395287740900977e-11,-9.4996895057265177e-14,8.6070470776088684e-13,3.3017023294484518e-12,1.3910313872989022e-16,-4.152095898005137e-11,5.9204221370053193e-14,-2.8664137036171766e-14,-1.0152962541913991e-17,-5.0482208682801456e-19,1.3889602221708399e-18,-1.9701067730290695e-18,-6.2236471836612871e-16,4.8818726729780115e-11,-1.0223419144410328e-07,9.4927884053408462e-08,-1.0648201153441745e-23,7.3469968285271087e-09,3.140526497885654e-07,-1.0958362167690083e-07,0,0.010650906936037024,0.046291632525290852,1.5737462915035308e-18,0.042035226874212073,0.017130666336057497,0.11301955969041654,5.2535496883591695e-06,-7.9216531016023903e-06,-2.0452835012473079e-05,-2.621570692421174e-20,-0.0001871374461459426,0.00012854169636867434,-0.00017630083147462464,-1.0860083492312658e-08
90,4,support,0.016315789473684211,0.0045000000000000005,0.015789473684210527,0.016842105263157894,0.0040000000000000001,0.0050000000000000001,1000292.810826055,1.7869401107263008,17.422683489179533,2409.9809943320633,0.11792226703281171,1173,1173,4.2621222408063446e-05,0.18878189425176267,0.40000000000000002,2,300000,0.00033700000000000001,0.0001,0.039839937158226868,0.16133892537814665,2.2884202561920842e-17,0.30604202341411124,0.032999512083872098,0.465319890472214,2.4210728314607632e-05,0.043266135718792585,0.10035548130481273,1.2460285584680862e-17,0.12115870181854012,0.28518851901520781,0.45002060354799178,1.0558594655016917e-05,nan,nan,nan,nan,nan,nan,nan,nan,nan,nan,nan,nan,nan,nan,0.22594442492908179,0.0027502639795659459,7.592658444095256e-10,0.0023534507820600677,4.7556179540070402e-05,0.43003197753673744,0.0001063405500811069,6.4450256161052304e-07,3.101028426894761e-10,2.6054291854291655e-12,2.0891362834741416e-10,5.7842016013307421e-11,1.2085591105765706e-07,0.338765219345732,0,0,0,0,0,0,0,nan,nan,nan,nan,nan,nan,nan,nan,nan,nan,nan,nan,nan,nan,-2.1106668176318725e-11,-1.5195045791159222e-12,-1.7399266939691279e-12,-4.5582203623469678e-11,-3.7473713368485484e-14,1.6805735405731048e-11,1.6557417803921374e-12,-1.1499481922250254e-14,1.666200144225644e-17,2.7145329800786303e-18,-1.6155381803100055e-17,2.2136639832587756e-17,-1.7273195120664298e-13,5.1708650687372967e-11,-1.7417020640444689e-07,3.0184325150450775e-08,-1.5902263408587073e-24,1.4397103715478817e-07,6.6649662550100075e-07,-3.180973388028363e-07,0,0.0081445253491543891,0.03411824962128665,4.8561852137492902e-18,0.065078865472717642,0.0068945910242816013,0.097659535032517161,5.1087952727297129e-06,0,0,0,0,0,0,0
91,0,lumen,0.017368421052631578,0.00050000000000000001,0.016842105263157894,0.017894736842105262,0,0.001,1000039.7894990967,1.2902527196315947,12.583159462660483,3040.0250024101942,0.17681304571115347,1173,1173,4.0740565217069701e-05,0.24235646590738125,0.59999999999999998,2,500000,0.00035,0.0001,0.038168177965716615,0.21696435286900298,6.269909544794086e-18,0.18731711235990381,0.077104521668214507,0.48357699295032769,2.2881153801263622e-05,0.029936811677480291,0.097468655832331413,2.4656313400400329e-18,0.053558160715075562,0.48125917234290855,0.33776999249335649,7.2069388478337985e-06,0.27019747748835382,0.0011262730436654186,4.8357184114350062e-10,0.0016259128929519274,1.8912904031138734e-05,0.41507593781735036,5.6563278165373636e-05,1.2952613847757289e-06,3.6008040082098998e-10,2.4290216331746219e-12,1.5391209964275632e-10,3.7471962105900873e-11,6.242123576394495e-08,0.31189756385539752,nan,nan,nan,nan,nan,nan,nan,nan,nan,nan,nan,nan,nan,nan,0,0,0,0,0,0,0,1.0928953816696814e-12,-8.3639118211179407e-14,-8.3273281877701225e-14,-2.3255928989292458e-12,-4.3720452605477966e-16,1.3025893298018731e-12,6.4657967475502173e-14,-1.0938949399075248e-14,-1.3701665235572702e-18,-3.042804320453556e-19,7.6970541525585251e-19,-1.0593567461934887e-18,2.0357741642469246e-15,4.1799802577715714e-14,nan,nan,nan,nan,nan,nan,nan,nan,nan,nan,nan,nan,nan,nan,-7.5801115531539537e-08,6.9417486092682168e-08,2.1224387022679764e-24,6.3824194398349026e-09,2.3378542959862081e-07,-8.2181286165106116e-08,0,0.0084274882685224928,0.049973360498890215,1.4123669351257247e-18,0.042835444754244001,0.017646282131677852,0.11004171895990836,5.2229234685253404e-06,-5.7493063383119913e-05,8.068318131983332e-05,-3.7733915338547433e-21,1.713145991754487e-05,3.8579862773050429e-05,-0.00010056197292179813,-1.5063042615121054e-09
91,1,lumen,0.017368421052631578,0.0015,0.016842105263157894,0.017894736842105262,0.001,0.002,1000039.7175480784,1.2971015378944284,12.649953312681026,3028.1375488359777,0.17655505538373725,1173,1173,4.0726607957316376e-05,0.24223454778312234,0.59999999999999998,2,500000,0.00035,0.0001,0.039121257284896988,0.21399408290074473,6.31501271909663e-18,0.1858461218038073,0.076503414229394343,0.48283133679402712,2.2792041323136446e-05,0.030847227961561391,0.096644596854138315,2.4965502864416286e-18,0.053419636078097521,0.48004197334451176,0.33903934878400288,7.2169776880694051e-06,0.2704030229466482,0.0011356705223030702,4.9928856092736442e-10,0.0016353338419565825,1.8909432917885728e-05,0.4142184593742157,5.6963064573315929e-05,1.2788594649857692e-06,3.5730764569274048e-10,2.4451426679649712e-12,1.5774919888186794e-10,3.8347809487207801e-11,6.2330915232608681e-08,0.31253029857186665,nan,nan,nan,nan,nan,nan,nan,nan,nan,nan,nan,nan,nan,nan,0,0,0,0,0,0,0,2.3328720258366604e-13,-7.7408984991250455e-14,4.1524562387130051e-14,1.4121028758507145e-12,-2.5186016466838268e-16,9.7672889741440283e-13,5.7462300686349634e-14,-1.2481985930956618e-14,-1.9439144543617473e-18,-3.1194340092830417e-19,7.9974467307117178e-19,-1.105791460457342e-18,1.7558286493865646e-15,-2.6326164430121233e-12,nan,nan,nan,nan,nan,nan,nan,nan,nan,nan,nan,nan,nan,nan,-7.8819433160792762e-08,7.1582371197198569e-08,7.1133096673852783e-24,7.2360545994386887e-09,2.4369407730651105e-07,-8.6056852366400705e-08,0,0.0086671839082470333,0.049503184275453069,1.4272686020300682e-18,0.04266925912543932,0.017578146603885826,0.11028082050093381,5.2225608517018178e-06,-0.00012040975012443504,0.00016504456112773021,-8.6292109965636793e-21,2.8483280260975893e-05,8.6786618194256032e-05,-0.00021793201885060405,-3.5893432085466767e-09
91,2,lumen,0.017368421052631578,0.0025000000000000001,0.016842105263157894,0.017894736842105262,0.002,0.0030000000000000001,1000039.512711333,1.2965560188134699,12.644635740206823,3038.3653541560257,0.17574672766542421,1173,1173,4.0700460669744816e-05,0.24191618128903158,0.59999999999999998,2,500000,0.00035,0.0001,0.041559122955448724,0.21035000923332381,6.4968373495518403e-18,0.18512210346822974,0.076097743576470186,0.48695785571245576,2.2877304757934432e-05,0.032755717225837859,0.094958916269351004,2.5673523891635028e-18,0.053189155986653712,0.47729575802387358,0.34179321156348574,7.2409307980420845e-06,0.27078505181120605,0.0011564201030048748,5.3245296211415671e-10,0.0016556883934929041,1.8919014379883599e-05,0.41245385740788132,5.7837674833832961e-05,1.2446239156980281e-06,3.5157140319169934e-10,2.4799471642929396e-12,1.6584838285333065e-10,4.0207523224680796e-11,6.2184017235412021e-08,0.31387091769470798,nan,nan,nan,nan,nan,nan,nan,nan,nan,nan,nan,nan,nan,nan,0,0,0,0,0,0,0,-3.746520051576179e-13,-7.168476339019404e-14,1.9755755077853571e-13,4.8792076661281867e-12,1.5070410197548512e-17,-1.4493805461368581e-12,4.7993279242669091e-14,-1.756494255600316e-14,-3.9216609576684314e-18,-3.5079183338369342e-19,9.2797753327628942e-19,-1.3010653738364961e-18,4.8671701192556756e-16,-3.2120695987060684e-12,nan,nan,nan,nan,nan,nan,nan,nan,nan,nan,nan,nan,nan,nan,-8.526579236504267e-08,7.6788548686312907e-08,-8.2390431152219633e-24,8.4785124779158769e-09,2.6427545435359079e-07,-9.3748980911634305e-08,0,0.0091533959800265581,0.048471282575844293,1.4589637549021414e-18,0.042305515297861744,0.017402593529378011,0.11064310675717941,5.2159436160905827e-06,-0.0001954755243582615,0.00026192376691655956,-1.5097633494272163e-20,1.6942983389240076e-05,0.00015472907267329852,-0.00036440626816819209,-6.5929741218915805e-09
91,3,support,0.017368421052631578,0.0035000000000000001,0.016842105263157894,0.017894736842105262,0.0030000000000000001,0.0040000000000000001,1000324.3160483703,1.295729958679809,12.632981832624385,3056.3960430719617,0.17612960758319227,1173,1173,4.066658733283835e-05,0.24124284148596459,0.40000000000000002,2,300000,0.00033700000000000001,0.0001,0.045541437624765008,0.2046007972532258,6.8175133833594392e-18,0.18481369949292412,0.075381608597379995,0.49402357783859258,2.3037951786339762e-05,0.035861382169497781,0.092278406092126633,2.6915908092897494e-18,0.053051605537826646,0.47236829956582521,0.34643302157774292,7.2850569806685031e-06,nan,nan,nan,nan,nan,nan,nan,nan,nan,nan,nan,nan,nan,nan,0.27132113137095687,0.0011926920476295797,5.8721203909570834e-10,0.001690474224811509,1.8967267423729188e-05,0.40963285572150077,5.9351543525972041e-05,1.1896490334648893e-06,3.4242108407814776e-10,2.540430673833838e-12,1.7926163053995658e-10,4.3316126380200054e-11,6.2028201632184568e-08,0.31608327499216526,0,0,0,0,0,0,0,nan,nan,nan,nan,nan,nan,nan,nan,nan,nan,nan,nan,nan,nan,-6.4971788363246706e-12,-6.653630495658106e-14,4.6680562716072461e-13,7.008920260517749e-13,1.1546753136970622e-16,-2.2374009112438586e-11,4.060985284762952e-14,-2.2231348706380771e-14,-6.4285524172834497e-18,-3.6993243248223962e-19,1.009266484927042e-18,-1.4357480456210253e-18,-1.7791321152447762e-15,2.7753160774797393e-11,-9.61175232092569e-08,9.2545661745102592e-08,6.4629028562456398e-25,3.5937925777774643e-09,2.9194818564060032e-07,-9.9711544521152717e-08,0,0.0099959696056040447,0.047372122440117584,1.5284534793698284e-18,0.042336937283091056,0.017295872770255547,0.11234225950595375,5.2612497856127718e-06,-6.9873956097859406e-06,-2.1397706792659439e-05,-2.7302852056677562e-20,-0.00019657102942349349,0.00013323274848543908,-0.00018186400776742655,-1.1346140449389338e-08
91,4,support,0.017368421052631578,0.0045000000000000005,0.016842105263157894,0.017894736842105262,0.0040000000000000001,0.0050000000000000001,1000217.5960641011,1.8264836522766015,17.809572555197743,2356.7878709200877,0.11688726186271882,1173,1173,4.2712177943655958e-05,0.18742106346248016,0.40000000000000002,2,300000,0.00033700000000000001,0.0001,0.036791124074820353,0.16058721368943818,2.2950764190299707e-17,0.30809617475481399,0.031911972097176181,0.45564225001892478,2.3986529090177215e-05,0.040842373221828557,0.10210602047979628,1.2774026503043214e-17,0.12468043305402857,0.28191397938695689,0.45044650074524512,1.0693112144652626e-05,nan,nan,nan,nan,nan,nan,nan,nan,nan,nan,nan,nan,nan,nan,0.22430226478752063,0.0027807165380362136,7.1561612144345368e-10,0.0023520112111042766,4.8917362909896917e-05,0.43214509279665486,0.00010689494277751717,6.4658857997400568e-07,3.1319538157642366e-10,2.4947438580154974e-12,1.971236885691031e-10,5.4826246932710141e-11,1.2359556796294208e-07,0.3382633308935924,0,0,0,0,0,0,0,nan,nan,nan,nan,nan,nan,nan,nan,nan,nan,nan,nan,nan,nan,4.3409296111353777e-13,-1.6040349142028583e-12,1.0080833629680322e-12,-3.2405702680980221e-11,-3.8440821706342554e-14,-5.3373565333039719e-11,1.7140048516955552e-12,-1.0909025419114649e-14,2.1263881090069264e-17,2.4194732741086582e-18,-1.4744770645383523e-17,2.0420385955520762e-17,-1.5084256771933726e-13,8.442728403315037e-11,-1.6462625819849142e-07,1.018082063097836e-08,5.4827062453066502e-23,1.544980032276558e-07,6.4837268649170499e-07,-3.1909077918834683e-07,0,0.0073039612586225794,0.034187806557624406,4.9923835693835977e-18,0.067042087605819256,0.0066077353580780152,0.095673894799378961,5.098179002142562e-06,0,0,0,0,0,0,0
92,0,lumen,0.018421052631578949,0.00050000000000000001,0.017894736842105262,0.018947368421052629,0,0.001,1000026.5619918406,1.2897678622445452,12.578597279203285,3030.2467713945393,0.1773015355305228,1173,1173,4.0766488655682408e-05,0.24281715728228753,0.59999999999999998,2,500000,0.00035,0.0001,0.035270678388996557,0.22105338565392418,6.0738639837535371e-18,0.18780115320311241,0.07767847935135655,0.47939297839950001,2.2847738971414205e-05,0.027654158151186572,0.099269600690650661,2.3876707600566616e-18,0.053677090474946246,0.48466582788770934,0.33472612899056953,7.1938049377165849e-06,0.26988721467447468,0.0011031174914471473,4.4461353302263995e-10,0.0016037340702786465,1.8866087808406039e-05,0.41688537534984837,5.5595725376558263e-05,1.3343401282480229e-06,3.6630770045124433e-10,2.388161540989677e-12,1.4442144323557265e-10,3.5302035763977941e-11,6.2486289841243554e-08,0.31044469878131603,nan,nan,nan,nan,nan,nan,nan,nan,nan,nan,nan,nan,nan,nan,0,0,0,0,0,0,0,7.2042144214915883e-14,-6.2216850549963138e-14,3.4245919235307075e-15,-1.7451150916046416e-13,-2.9620403352303981e-16,2.3808624342869233e-13,4.722731674420481e-14,-9.0604607150268635e-15,-9.9592473373080934e-19,-2.4238375565686704e-19,6.0363631863088492e-19,-8.3454480767613121e-19,1.3888086022910044e-15,-1.1612941884360904e-13,nan,nan,nan,nan,nan,nan,nan,nan,nan,nan,nan,nan,nan,nan,-6.8402905609686593e-08,6.2068131245762714e-08,-9.7637050391617075e-25,6.3345409038889576e-09,2.115431822768965e-07,-7.4737263766611051e-08,0,0.007958321023243186,0.05073488380936713,1.3803606707025818e-18,0.042949608369410079,0.017797905114510876,0.109523978720522,5.2258960769182735e-06,-5.1492501830622875e-05,7.2910132673539057e-05,-3.3173986723036119e-21,1.5466487486641864e-05,3.4596884563612528e-05,-9.067215532369717e-05,-1.4119890785297959e-09
92,1,lumen,0.018421052631578949,0.0015,0.017894736842105262,0.018947368421052629,0.001,0.002,1000026.5131052925,1.2903441679312031,12.584218376454372,3032.6371932430861,0.17705697846345744,1173,1173,4.0753893489087642e-05,0.24270993497817053,0.59999999999999998,2,500000,0.00035,0.0001,0.036292397818690453,0.21929877660446981,6.1400861768140346e-18,0.1872808969542723,0.077469882175483409,0.4808114231003468,2.2867328663756485e-05,0.028467958583529074,0.098525658496248877,2.4147817144595487e-18,0.053552312140944157,0.48358031492781411,0.33586655266103593,7.2031904278064118e-06,0.27007075432889771,0.0011113593451711212,4.5852241341124783e-10,0.0016120985850636756,1.8864552960718383e-05,0.41612530668087711,5.5948346966305317e-05,1.3192653068508683e-06,3.6380976090439903e-10,2.4015294726226101e-12,1.4780045881753767e-10,3.6068356554590924e-11,6.2411325522173025e-08,0.31100428547482756,nan,nan,nan,nan,nan,nan,nan,nan,nan,nan,nan,nan,nan,nan,0,0,0,0,0,0,0,1.1099149644332428e-13,-5.9218440896711497e-14,1.9315817582127374e-14,4.4537671005788857e-13,-1.7824283715661693e-16,6.9600835511662851e-13,4.2895528357381502e-14,-1.0853731108317888e-14,-1.4035967178208711e-18,-2.5806284299877464e-19,6.559145210851484e-19,-9.1073872095681779e-19,1.0334468333203937e-15,-1.2453927696984478e-12,nan,nan,nan,nan,nan,nan,nan,nan,nan,nan,nan,nan,nan,nan,-7.1037107891771395e-08,6.37027426919623e-08,-1.223316537036823e-24,7.3336598864311348e-09,2.2044484353223037e-07,-7.8371189204951008e-08,0,0.0081809627556935702,0.050287075043625631,1.3945705433103136e-18,0.042814581934303084,0.017727425554369094,0.10974783385503709,5.2262288491711447e-06,-0.00010668169242521575,0.00014705782492075654,-7.2864134476827148e-21,2.5220888335646873e-05,7.7593567403632556e-05,-0.00019502665697198457,-3.31944289487699e-09
92,2,lumen,0.018421052631578949,0.0025000000000000001,0.017894736842105262,0.018947368421052629,0.002,0.0030000000000000001,1000026.3751274692,1.2918631730922043,12.599034373763171,3037.0382006153536,0.17628781065807025,1173,1173,4.0730766598908029e-05,0.24242651719039016,0.59999999999999998,2,500000,0.00035,0.0001,0.038398519489383956,0.21570381421240689,6.2842789198067015e-18,0.18634924785236071,0.076988146278836031,0.48376125653186319,2.2910483341251719e-05,0.030155473848305397,0.097024625841268822,2.4743998413950843e-18,0.053348646395437418,0.48113903836277899,0.33832499027142982,7.2252807793731891e-06,0.27040227767312419,0.0011294083340416562,4.8753065116413136e-10,0.0016300113363234758,1.8878763887735975e-05,0.41458633869515432,5.6713279339236371e-05,1.2880537225807673e-06,3.587068834412234e-10,2.4299231948308967e-12,1.5484555753521109e-10,3.7675079742026991e-11,6.2300716862799392e-08,0.31217502052250123,nan,nan,nan,nan,nan,nan,nan,nan,nan,nan,nan,nan,nan,nan,0,0,0,0,0,0,0,-9.787072964531461e-13,-5.5170805287813573e-14,1.780065045914881e-13,3.4080156788655154e-12,1.5178830414797062e-18,-2.2422001321603657e-12,3.6432967741749202e-14,-1.4312336038546647e-14,-2.6094147579754665e-18,-2.8075475464920974e-19,7.2642347404735091e-19,-1.0216298203991179e-18,6.4454694653919261e-17,-3.3217882376979728e-13,nan,nan,nan,nan,nan,nan,nan,nan,nan,nan,nan,nan,nan,nan,-7.6592990829078833e-08,6.7444951290518418e-08,1.3743468080812226e-23,9.1501180175170157e-09,2.3892902323296994e-07,-8.5746334477221353e-08,0,0.0086279866782850278,0.049308089609895855,1.4261097639736401e-18,0.042525598461727689,0.01754670889166457,0.11007348127863806,5.2210506942170039e-06,-0.0001671472429500191,0.00022265764380025179,-1.2917121413115325e-20,1.036691018753266e-05,0.00013832456305680794,-0.00032264180139354791,-6.2554703346585606e-09
92,3,support,0.018421052631578949,0.0035000000000000001,0.017894736842105262,0.018947368421052629,0.0030000000000000001,0.0040000000000000001,1000216.513351411,1.2947487118309431,12.624775511208432,3044.0408101601638,0.17680204549802275,1173,1173,4.0704002082203044e-05,0.24180237685164885,0.40000000000000002,2,300000,0.00033700000000000001,0.0001,0.041686884664754335,0.21021559794408257,6.5400363817143546e-18,0.18567674803616219,0.076132387748897246,0.48860540193965818,2.2995844287718649e-05,0.032804809615044624,0.09474918718309501,2.5803641213288198e-18,0.053264724524705369,0.47676304784826529,0.34241096381082148,7.2670180681640219e-06,nan,nan,nan,nan,nan,nan,nan,nan,nan,nan,nan,nan,nan,nan,0.27080439116492999,0.0011604329726824559,5.3363410055708144e-10,0.0016598726813377965,1.8946165582907345e-05,0.41225618323707358,5.8011111608052265e-05,1.2391407607564286e-06,3.5088206066382294e-10,2.4767147808329628e-12,1.6604788771019663e-10,4.0254960714178568e-11,6.2243804643058521e-08,0.31404086018892458,0,0,0,0,0,0,0,nan,nan,nan,nan,nan,nan,nan,nan,nan,nan,nan,nan,nan,nan,-1.9914014947761047e-12,-5.6224110257945012e-14,1.3425877000769114e-13,-2.3809772058616129e-13,1.2392430831509316e-16,-5.4041059821541282e-12,3.3457233004135805e-14,-1.9824419883462951e-14,-5.0514365943037566e-18,-3.2379024127161029e-19,8.5057408160724571e-19,-1.2175186391661286e-18,-1.7157348749993562e-15,7.5437433076569135e-12,-8.5594979884300038e-08,7.869675194838166e-08,2.2394693192297722e-23,6.9035192026514107e-09,2.6368903137397037e-07,-9.2498122161721597e-08,0,0.0094170178675074337,0.048297237668453452,1.4969989898665113e-18,0.042711348050021948,0.017415608982029738,0.11175605842908096,5.2706116431253617e-06,-4.5832252390642019e-06,-2.3405152508253392e-05,-3.0459706508616184e-20,-0.00022370113343103725,0.00014376629576348196,-0.00019214367539756061,-1.2474093545762472e-08
92,4,support,0.018421052631578949,0.0045000000000000005,0.017894736842105262,0.018947368421052629,0.0040000000000000001,0.0050000000000000001,1000143.7762730245,1.8627278568751877,18.164321071539952,2313.7283456716846,0.1127374700249003,1173,1173,4.2928630756602988e-05,0.1837081052071789,0.40000000000000002,2,300000,0.00033700000000000001,0.0001,0.031856874044712054,0.16267360628509955,2.4336808967005574e-17,0.32635190230146438,0.030180694050218899,0.44808356249097009,2.421413157761193e-05,0.036069219502821007,0.1054928816289835,1.3815288828471209e-17,0.13469882832401639,0.27193046472722798,0.45179759622344806,1.1009593502985164e-05,nan,nan,nan,nan,nan,nan,nan,nan,nan,nan,nan,nan,nan,nan,0.22013200509634936,0.0028894419070948202,6.3149325359580444e-10,0.002357236853428903,5.2514039303486151e-05,0.4364329689359906,0.00010908593669645459,6.4193896108682059e-07,3.1754453015952756e-10,2.277468414690175e-12,1.7421302653558729e-10,4.908857787633767e-11,1.3030395483664138e-07,0.33802597381360372,0,0,0,0,0,0,0,nan,nan,nan,nan,nan,nan,nan,nan,nan,nan,nan,nan,nan,nan,-2.7953338379775362e-12,-1.7917889033579556e-12,5.4505973917411254e-14,-9.6081553112784891e-12,-3.7181412462783392e-14,-1.8665266814793524e-12,1.8650415893230592e-12,-1.1806744817932646e-14,2.5519776006467111e-17,2.1174303898540656e-18,-1.3482809272115539e-17,1.9022144159416315e-17,-1.2241617820080609e-13,1.4313466457580929e-11,-1.4723354356538376e-07,1.5438801459488616e-08,4.9593919405671971e-24,1.3179672543185724e-07,5.7349764440856044e-07,-2.790205317904082e-07,0,0.0065537570140606514,0.034302449245065078,5.0982812566143155e-18,0.068664432043103338,0.0063283899470391253,0.093906723233062206,5.0865073347721087e-06,0,0,0,0,0,0,0
93,0,lumen,0.019473684210526313,0.00050000000000000001,0.018947368421052629,0.019999999999999997,0,0.001,1000013.2988970487,1.2874572889266718,12.556229698959845,3030.7700680833432,0.1776437488303608,1173,1173,4.0768568636817808e-05,0.24316582865793429,0.59999999999999998,2,500000,0.00035,0.0001,0.034187967108252795,0.22278463844419094,5.9862506358710571e-18,0.18777642751507514,0.078116265257036285,0.47814466010848294,2.2850028684757721e-05,0.02675758698196759,0.099869157219028268,2.3490448784155703e-18,0.053574586014891665,0.48653063977788896,0.33326084827383812,7.1817323853226343e-06,0.26991397660583916,0.0010920965750840623,4.2941341705357346e-10,0.0015937982739803252,1.8790191519389033e-05,0.41744279994799682,5.5145701102504165e-05,1.3510134416662281e-06,3.6855173325582155e-10,2.374240724551762e-12,1.4079047333905665e-10,3.4466543922718855e-11,6.2354027091685833e-08,0.30988197836141174,nan,nan,nan,nan,nan,nan,nan,nan,nan,nan,nan,nan,nan,nan,0,0,0,0,0,0,0,1.1527321614942878e-13,-4.8998427038656285e-14,2.0037203397410896e-15,-1.1336288397222482e-13,-2.1575623232461538e-16,4.1136451883749814e-13,3.6719537473482565e-14,-7.7954136201707769e-15,-6.693451424984422e-19,-2.007267412914791e-19,5.0571068398546252e-19,-6.9823205694111841e-19,8.9032063307705976e-16,-3.9554479677908036e-13,nan,nan,nan,nan,nan,nan,nan,nan,nan,nan,nan,nan,nan,nan,-6.5495085615780574e-08,5.9839069532774403e-08,-6.7463662143413328e-24,5.6556097790407843e-09,2.0214078037816829e-07,-7.1150576208545147e-08,0,0.007511655260280593,0.051473264187689292,1.3519130857962248e-18,0.043071195830046524,0.017920269639008404,0.10906801366810505,5.2306073419758927e-06,-5.0518172066265966e-05,6.8295248316112934e-05,-3.6178360039955577e-21,4.4703892519280166e-06,4.3755850664582791e-05,-0.00010386159447434262,-2.2378510448935622e-09
93,1,lumen,0.019473684210526313,0.0015,0.018947368421052629,0.019999999999999997,0.001,0.002,1000013.2742395925,1.2891000385730809,12.572251310846875,3030.9457428903588,0.1773289029799251,1173,1173,4.0760688846353428e-05,0.24296761456488047,0.59999999999999998,2,500000,0.00035,0.0001,0.035162021180209786,0.22094958332599762,6.0537607512431789e-18,0.18741107984273384,0.077797195730369098,0.47940348361526819,2.2868106215463635e-05,0.027555056216101607,0.09917292711893412,2.3785674586027382e-18,0.053538576068986772,0.48516165476257139,0.33456458924821614,7.1965851900863149e-06,0.27002251714117814,0.0011014545843833058,4.4301282910978171e-10,0.0016029333569784008,1.8819041423505587e-05,0.41675369390303812,5.5539935461403589e-05,1.3350261142478575e-06,3.6612956883013273e-10,2.3857036554687357e-12,1.4404550441574315e-10,3.5207161208532675e-11,6.2361957286935219e-08,0.31044364365868415,nan,nan,nan,nan,nan,nan,nan,nan,nan,nan,nan,nan,nan,nan,0,0,0,0,0,0,0,-1.0673977983209458e-12,-4.5714847447633031e-14,1.2591234486539707e-13,2.2309318187576935e-12,-1.1226913496087398e-16,-1.9602425151837855e-12,3.2735164290717339e-14,-9.0565575872059156e-15,-8.8466976852303967e-19,-2.0760156537820376e-19,5.2968811670274885e-19,-7.3585130062184099e-19,4.9602192646621807e-16,6.9250152148885397e-13,nan,nan,nan,nan,nan,nan,nan,nan,nan,nan,nan,nan,nan,nan,-6.8090794486715817e-08,6.1541476359394665e-08,3.6117754247282914e-23,6.5511610841694971e-09,2.1082368033276122e-07,-7.4644057046491241e-08,0,0.00771817884986038,0.051050116943038848,1.3657930403187054e-18,0.042972026017179921,0.017842424891525811,0.10928374051143525,5.2319924552957309e-06,-0.00010516752990248348,0.00013687588675883206,-9.0945482872260426e-21,-1.8274478348711716e-06,9.9323220581936747e-05,-0.00022551659287897805,-5.2254950586796362e-09
93,2,lumen,0.019473684210526313,0.0025000000000000001,0.018947368421052629,0.019999999999999997,0.002,0.0030000000000000001,1000013.2057261665,1.2918232270095149,12.5988107097187,3033.2676852504742,0.1763910597555412,1173,1173,4.0748586250676141e-05,0.242468177046746,0.59999999999999998,2,500000,0.00035,0.0001,0.037204817771607827,0.21737902060416306,6.2298174567950979e-18,0.18706750833787023,0.077134163663841182,0.48245080035157489,2.293006735549701e-05,0.029217506488441396,0.097776406028414545,2.4529123974705478e-18,0.053553321536221041,0.482043019470832,0.33740251514747599,7.2313286150940391e-06,0.27017794245201004,0.0011222387511071251,4.7152868599165592e-10,0.0016226841015923748,1.8904099564175939e-05,0.41537496481857383,5.6405797243802272e-05,1.3017109820625868e-06,3.6118160788745994e-10,2.4102772645618492e-12,1.5086392664561205e-10,3.6770048276247332e-11,6.2442285019653983e-08,0.31162549480388718,nan,nan,nan,nan,nan,nan,nan,nan,nan,nan,nan,nan,nan,nan,0,0,0,0,0,0,0,-3.7419071183619205e-14,-4.3146829491098434e-14,2.1448705509710848e-14,1.9732296672763802e-13,1.5233040523421337e-17,7.2073315197929144e-13,2.7722580587385398e-14,-1.2640496288573999e-14,-1.9304567944821807e-18,-2.3233007809168823e-19,6.0055565246049309e-19,-8.4720320428881848e-19,-6.4770398246983113e-16,-8.7355132499758268e-13,nan,nan,nan,nan,nan,nan,nan,nan,nan,nan,nan,nan,nan,nan,-7.3604423819761955e-08,6.6045028446204412e-08,-8.8030402427706573e-24,7.5586664878726881e-09,2.2837187535484915e-07,-8.116326272178398e-08,0,0.0081328942750617892,0.050125521935251695,1.3966363695428229e-18,0.042747382631957591,0.017650535184263464,0.10958861741573678,5.2284412762828353e-06,-0.0001701701741544196,0.00021491520665111496,-1.5805858641349869e-20,-3.8191717906391331e-05,0.00017584365533051589,-0.0003757063527128637,-9.3340952597416854e-09
93,3,support,0.019473684210526313,0.0035000000000000001,0.018947368421052629,0.019999999999999997,0.0030000000000000001,0.0040000000000000001,1000108.4553650828,1.2990411987248143,12.667999074893158,3031.484106432415,0.1766523167938702,1173,1173,4.073868669983247e-05,0.24148561753471215,0.40000000000000002,2,300000,0.00033700000000000001,0.0001,0.040418169535141268,0.21133414581215898,6.5233486550193901e-18,0.18712041038143828,0.075828055809445877,0.48657039566647059,2.3001267845447921e-05,0.031915310994205852,0.095579463178927737,2.5825918722104865e-18,0.053862645949821361,0.47648300637153135,0.34215227988749636,7.2936180172091116e-06,nan,nan,nan,nan,nan,nan,nan,nan,nan,nan,nan,nan,nan,nan,0.27031715225838387,0.0011585552630280264,5.1835494733940148e-10,0.0016560316338704334,1.9079490369855729e-05,0.4132050711734962,5.7897097590726609e-05,1.248254001142161e-06,3.5328178165073415e-10,2.4531700065078573e-12,1.6207841699716268e-10,3.9370426738049771e-11,6.2659270839011207e-08,0.3135849010944507,0,0,0,0,0,0,0,nan,nan,nan,nan,nan,nan,nan,nan,nan,nan,nan,nan,nan,nan,-1.0086150308194185e-12,-4.1380313461475233e-14,1.9586405417288572e-13,2.6755686473493354e-12,1.3357370765021415e-16,-4.3184934794826546e-12,2.3386886644397357e-14,-1.7279146863335981e-14,-3.8039037324605355e-18,-2.5607214561296055e-19,6.7515099397098119e-19,-9.7307533949332379e-19,-2.774654552476405e-15,2.4937828580619377e-12,-8.2846242040190976e-08,8.178784566270636e-08,-3.1959592639655779e-23,1.0625389439323841e-09,2.4960116810912591e-07,-8.3911257331426015e-08,0,0.0088482651738081373,0.049243878518587178,1.4584421804436608e-18,0.042962574025685263,0.017559451165060431,0.11117110895856476,5.2772912510448267e-06,-3.7465594887043946e-06,-2.4377690754548782e-05,-3.0448403456994705e-20,-0.00022520196919629791,0.00014440890466800246,-0.00019235239286455338,-1.2553329887747568e-08
93,4,support,0.019473684210526313,0.0045000000000000005,0.018947368421052629,0.019999999999999997,0.0040000000000000001,0.0050000000000000001,1000071.1762613672,1.8697337129793021,18.23396201102825,2302.124776687388,0.11243062726157173,1173,1173,4.2964501853210875e-05,0.18340854556300629,0.40000000000000002,2,300000,0.00033700000000000001,0.0001,0.030423572960839366,0.16398910164904426,2.418942860932783e-17,0.32738068232781581,0.030056407040369142,0.4457485674811682,2.4210631679882332e-05,0.034578462482558824,0.10675369688294621,1.3784271589816973e-17,0.13564150343588588,0.27184890087405406,0.45116638611833937,1.1050206215618811e-05,nan,nan,nan,nan,nan,nan,nan,nan,nan,nan,nan,nan,nan,nan,0.21960411588551557,0.0028798782318948351,6.0401029703718872e-10,0.0023485654035887934,5.29605177114237e-05,0.43772682295567855,0.00010870463142466258,6.4883648520293675e-07,3.2054583016939064e-10,2.2067771862426003e-12,1.6688637106092212e-10,4.7073948394029498e-11,1.3139008194835438e-07,0.33727817100689628,0,0,0,0,0,0,0,nan,nan,nan,nan,nan,nan,nan,nan,nan,nan,nan,nan,nan,nan,-1.8495959771801014e-12,-2.171038696467295e-12,1.1834716181809033e-14,1.7118723203874541e-13,-4.323473003220446e-14,1.0679543620967236e-11,2.2397485818359672e-12,-1.3688919789367482e-14,2.9129777694900889e-17,2.3365425854306638e-18,-1.5235587722720118e-17,2.1531677582209039e-17,-1.2972238467895923e-13,-8.8947883006739964e-12,-1.4042671496634906e-07,-1.5856722379581356e-08,4.1600123659763427e-23,1.5627293255682692e-07,5.7755282111687789e-07,-2.9669971629564529e-07,0,0.0058388202134447642,0.034139475648907985,5.3176888083654891e-18,0.070625532270104138,0.0060526867757760856,0.092038835978348027,5.0747615314949472e-06,0,0,0,0,0,0,0
94,0,lumen,0.020526315789473684,0.00050000000000000001,0.019999999999999997,0.021052631578947371,0,0.001,1000000,1.2852267912343514,12.534642940868155,3024.5736684449353,0.17810755518782323,1173,1173,4.0801351922724006e-05,0.24355655906103216,0.59999999999999998,2,500000,0.00035,0.0001,0.031086042275535034,0.22761900893126749,5.8085588703343976e-18,0.18876328133174169,0.078784159212163613,0.47461717368522122,2.2867811700602433e-05,0.024288003513592483,0.10186087124268896,2.2753988199466892e-18,0.053763555905383578,0.48984687754016837,0.3302335168330976,7.1749650689876962e-06,0.2695044585550278,0.001069588793513135,3.8786757123114151e-10,0.0015715669837975533,1.8769660080742641e-05,0.41941518120402105,5.4192548854270245e-05,1.3931828236138999e-06,3.7532652166220217e-10,2.3323624038609081e-12,1.3067999620831926e-10,3.2180854766259149e-11,6.2497473817646452e-08,0.30836478564602099,nan,nan,nan,nan,nan,nan,nan,nan,nan,nan,nan,nan,nan,nan,0,0,0,0,0,0,0,8.3824834059341743e-14,-3.3673262715513732e-14,3.1043141283857368e-15,-6.9682616436179391e-14,-1.3270634591222574e-16,4.0364261412462188e-13,2.4514061931812329e-14,-6.3603636246689632e-15,-2.635431552794214e-19,-1.5118479414240421e-19,3.7555901032846621e-19,-5.2220678828126383e-19,3.0223549974842356e-16,-4.0578660056075826e-13,nan,nan,nan,nan,nan,nan,nan,nan,nan,nan,nan,nan,nan,nan,-5.7802540820179465e-08,5.1466293338187086e-08,-5.0761571748386504e-24,6.3358469049154286e-09,1.797434030920142e-07,-6.4138312327877145e-08,0,0.007115862468083268,0.052103949043106008,1.3296290886020579e-18,0.043209538772258048,0.018034371717320283,0.10864395354671424,5.2346387991493383e-06,-4.3829954750539516e-05,6.0820203754589004e-05,-3.1228629338779039e-21,3.9956747284508235e-06,3.6392221807838813e-05,-8.7434717677463129e-05,-1.9149422548855809e-09
94,1,lumen,0.020526315789473684,0.0015,0.019999999999999997,0.021052631578947371,0.001,0.002,1000000,1.2852776773667312,12.53513922642987,3027.9194994243558,0.17782951286825091,1173,1173,4.0793889888319623e-05,0.24340085917644644,0.59999999999999998,2,500000,0.00035,0.0001,0.03196869627128459,0.22622563501884688,5.8732154033840887e-18,0.18864304656558864,0.078598932349422737,0.47616967880056632,2.2907310630155193e-05,0.024978623614536045,0.10124133636375418,2.3008179507541726e-18,0.053731437951272394,0.48871456351624831,0.33132685091143438,7.1876427547452385e-06,0.26961256712971976,0.0010772930539119977,3.9951836531674063e-10,0.0015792288382789664,1.8789863452358718e-05,0.41881052462381335,5.4519778580533057e-05,1.3791000698462664e-06,3.7319336715233143e-10,2.341497956508241e-12,1.3345847786371828e-10,3.2807569250393995e-11,6.2492427048940586e-08,0.30884563417842731,nan,nan,nan,nan,nan,nan,nan,nan,nan,nan,nan,nan,nan,nan,0,0,0,0,0,0,0,-8.4090579667891497e-14,-3.2318262199580577e-14,2.1558669988790613e-14,2.6202970570764929e-13,-7.0581561428806339e-17,2.2635972957152362e-13,2.2246257153787201e-14,-7.6509978907957077e-15,-4.409768604908609e-19,-1.6089001218102225e-19,4.0258770553030752e-19,-5.6329150836945158e-19,-8.7462705452602191e-17,-4.0803480340430672e-13,nan,nan,nan,nan,nan,nan,nan,nan,nan,nan,nan,nan,nan,nan,-5.9987930451591703e-08,5.3387191167875159e-08,4.0584403364258558e-25,6.6004992461959261e-09,1.8656425432306278e-07,-6.6588667579914329e-08,0,0.0073067749148014397,0.051706199746578384,1.3423838937473151e-18,0.043116311932159264,0.017964595814212111,0.10883348619299922,5.2357018646496282e-06,-8.9684436324545712e-05,0.00012371912256868735,-6.3908924123031671e-21,8.1246385219314707e-06,7.2191891050922473e-05,-0.00017275752563719927,-3.6004254059957404e-09
94,2,lumen,0.020526315789473684,0.0025000000000000001,0.019999999999999997,0.021052631578947371,0.002,0.0030000000000000001,1000000,1.2891230340322366,12.572642469523728,3025.8915834784984,0.17705524134036432,1173,1173,4.0778084029288236e-05,0.2430978906245756,0.59999999999999998,2,500000,0.00035,0.0001,0.033678258061849903,0.22274220008282683,5.9882564624055259e-18,0.18785149300172801,0.078003345437147181,0.47784964497422899,2.2914815962670289e-05,0.026393112111699434,0.09998065135724743,2.3529035413975759e-18,0.053666060552999731,0.48646238770238426,0.33349057676657379,7.2115090952087292e-06,0.26984499976023923,0.0010928074833530131,4.2348289098097021e-10,0.0015945906334346221,1.8823137422139775e-05,0.41756560212983435,5.5177360081001797e-05,1.3511395937037637e-06,3.6886398911500856e-10,2.3616796820605281e-12,1.3920330518000175e-10,3.4107350365375675e-11,6.245862665587529e-08,0.30982658492939641,nan,nan,nan,nan,nan,nan,nan,nan,nan,nan,nan,nan,nan,nan,0,0,0,0,0,0,0,1.5857917475282874e-13,-3.0239787666924441e-14,-7.4632622180872301e-15,-2.5157405888886491e-13,1.0625181290357943e-17,1.3484300481758638e-12,1.8776880704194954e-14,-1.0065516128920926e-14,-9.3466032544510533e-19,-1.7347174918420632e-19,4.379579872971662e-19,-6.2214612304211268e-19,-1.0461763787360964e-15,-1.2254642633747374e-12,nan,nan,nan,nan,nan,nan,nan,nan,nan,nan,nan,nan,nan,nan,-6.4503181870876475e-08,5.8302939254240016e-08,-5.3774665335807505e-24,6.1989127974327227e-09,1.9970839020000408e-07,-7.0701848153831293e-08,0,0.0076869273497040241,0.050840013952190691,1.3667955240847296e-18,0.042876349975875208,0.017803950795437361,0.10906726524432943,5.2302148529593279e-06,-0.00013790942501796093,0.00019729942925111966,-8.6022382736847042e-21,1.6987261593193621e-05,9.4429035881637288e-05,-0.00023314233633446035,-3.8043651990912456e-09
94,3,support,0.020526315789473684,0.0035000000000000001,0.019999999999999997,0.021052631578947371,0.0030000000000000001,0.0040000000000000001,1000000,1.2901793428188459,12.582944506149289,3033.6987131549504,0.17790938526096353,1173,1173,4.0748051267145995e-05,0.24277555854350424,0.40000000000000002,2,300000,0.00033700000000000001,0.0001,0.036427732517431623,0.21808243521869242,6.1619720327093469e-18,0.18721882725917477,0.077465553050439354,0.48165073072017162,2.2976271266210193e-05,0.028571223384135886,0.097969267408879124,2.423143700732097e-18,0.053529144354758022,0.48350434284317567,0.33641878523442542,7.2367746258061404e-06,nan,nan,nan,nan,nan,nan,nan,nan,nan,nan,nan,nan,nan,nan,0.27033825314014737,0.0011145684323456845,4.6067153167593184e-10,0.001616454234768628,1.8812063867187037e-05,0.41551350749688143,5.6104745421047069e-05,1.3108375111201008e-06,3.6210398375183392e-10,2.3971966717314665e-12,1.4822714724440822e-10,3.6152369694172429e-11,6.2230979223287983e-08,0.31134092580852613,0,0,0,0,0,0,0,nan,nan,nan,nan,nan,nan,nan,nan,nan,nan,nan,nan,nan,nan,-7.8356920125082795e-13,-3.0396639360100218e-14,1.3983318664985386e-13,1.9477413693807968e-12,8.2724625760643988e-17,-2.4629341534992966e-12,1.6933311384668419e-14,-1.3369513829353252e-14,-1.868938648543576e-18,-1.9374690080987715e-19,4.9109572088075178e-19,-7.1006774488643926e-19,-2.4546618814737988e-15,1.1882160997647832e-12,-7.1532014521771825e-08,7.1867129469715962e-08,6.7446785699469072e-24,-3.3277620431632624e-10,2.1426322993622904e-07,-7.1201043727597835e-08,0,0.0083614400845357217,0.050057554768146911,1.4143883353000057e-18,0.04297327609055928,0.017781056785149046,0.11055570710206568,5.2738587411808938e-06,-0,-0,-0,-0,0,-0,-0
94,4,support,0.020526315789473684,0.0045000000000000005,0.019999999999999997,0.021052631578947371,0.0040000000000000001,0.0050000000000000001,999999.99999999977,1.9367188127947579,18.888556448414256,2231.8041826967419,0.10755052694402267,1173,1173,4.3229729403267985e-05,0.17803707643392963,0.40000000000000002,2,300000,0.00033700000000000001,0.0001,0.025021120276366746,0.16259784691807105,2.6905609371799269e-17,0.34936791970665032,0.027281173117801615,0.43426946383585324,2.4363323120865212e-05,0.029459131256168787,0.10964793323465209,1.5882496449722299e-17,0.14994786686005418,0.255606140086586,0.45532740946356415,1.1519098974703849e-05,nan,nan,nan,nan,nan,nan,nan,nan,nan,nan,nan,nan,nan,nan,0.21380472968928929,0.0031037697602259015,5.1665139051761298e-10,0.0023797392075871216,5.8622023016690505e-05,0.44188277869554782,0.00011359774215059726,6.2336351342437243e-07,3.2051884212606278e-10,1.9666834177023681e-12,1.4294046926700473e-10,4.1165408969581122e-11,1.410172598978854e-07,0.3386559974781666,0,0,0,0,0,0,0,nan,nan,nan,nan,nan,nan,nan,nan,nan,nan,nan,nan,nan,nan,5.8713643857105331e-12,-2.5290825964568464e-12,8.7680753797275671e-13,-4.4511161577832214e-12,-4.4762370893236536e-14,-1.4353608579487087e-11,2.5435922233689874e-12,-1.8582357874663558e-14,2.8618626191662267e-17,1.93538697510993e-18,-1.3457676888467976e-17,1.9651256283820641e-17,-9.2004735715054825e-14,1.2197117599245334e-11,-1.2377045760644453e-07,-3.0638753700795718e-08,3.6477158240610558e-23,1.5442284340661279e-07,5.2572732065631067e-07,-2.7818786946243179e-07,0,0.0052117774721492944,0.033868339475910732,5.6043073711148088e-18,0.072771635854315217,0.0056825354699829404,0.090456213928991308,5.0747615288813618e-06,0,0,0,0,0,0,0
