axial_index,radial_index,region,z,r,z_left,z_right,r_inner,r_outer,pressure,density,mean_molecular_weight,cp_mass,velocity_axial,gas_temperature,solid_temperature,viscosity,thermal_conductivity,porosity,tortuosity,specific_surface_area,particle_diameter,pore_radius,Y_CH4,Y_CO,Y_O2,Y_CO2,Y_H2,Y_H2O,Y_AR,X_CH4,X_CO,X_O2,X_CO2,X_H2,X_H2O,X_AR,theta_H(s),theta_O(s),theta_CH4(s),theta_H2O(s),theta_CO2(s),theta_CO(s),theta_OH(s),theta_C(s),theta_HCO(s),theta_CH(s),theta_CH3(s),theta_CH2(s),theta_COOH(s),theta_Ni(s),theta_support_H(s),theta_support_O(s),theta_support_CH4(s),theta_support_H2O(s),theta_support_CO2(s),theta_support_CO(s),theta_support_OH(s),theta_support_C(s),theta_support_HCO(s),theta_support_CH(s),theta_support_CH3(s),theta_support_CH2(s),theta_support_COOH(s),theta_support_Ni(s),wdot_CH4,wdot_CO,wdot_O2,wdot_CO2,wdot_H2,wdot_H2O,wdot_AR,sdot_H(s),sdot_O(s),sdot_CH4(s),sdot_H2O(s),sdot_CO2(s),sdot_CO(s),sdot_OH(s),sdot_C(s),sdot_HCO(s),sdot_CH(s),sdot_CH3(s),sdot_CH2(s),sdot_COOH(s),sdot_Ni(s),sdot_support_H(s),sdot_support_O(s),sdot_support_CH4(s),sdot_support_H2O(s),sdot_support_CO2(s),sdot_support_CO(s),sdot_support_OH(s),sdot_support_C(s),sdot_support_HCO(s),sdot_support_CH(s),sdot_support_CH3(s),sdot_support_CH2(s),sdot_support_COOH(s),sdot_support_Ni(s),sdot_gas_CH4,sdot_gas_CO,sdot_gas_O2,sdot_gas_CO2,sdot_gas_H2,sdot_gas_H2O,sdot_gas_AR,axial_flux_CH4,axial_flux_CO,axial_flux_O2,axial_flux_CO2,axial_flux_H2,axial_flux_H2O,axial_flux_AR,radial_flux_CH4,radial_flux_CO,radial_flux_O2,radial_flux_CO2,radial_flux_H2,radial_flux_H2O,radial_flux_AR
0,0,lumen,0.0005263157894736842,0.00050000000000000001,0,0.0010526315789473684,0,0.001,1000238.45491589,1.5950417105098422,15.552517341237071,3042.8472075412055,0.14191246280392172,1173,1173,3.966467456171394e-05,0.19196627390587678,0.59999999999999998,2,500000,0.00035,0.0001,0.17978602623664636,0.033055964191934857,9.9518622880805335e-17,0.081642872574679504,0.024554447386884101,0.68233826229058148,2.2820318805798399e-05,0.1742894278350399,0.018354282625004589,4.8370682796729707e-17,0.028852102785932685,0.18942632380407157,0.58906897900992705,8.8839400240234816e-06,0.25610962600854248,0.0075368132325379471,4.2534576266767356e-09,0.0042842905234676803,2.3787327009475455e-05,0.26065308143128291,0.00023750488559370626,8.361673497369672e-08,6.428442286296927e-11,1.4753845810454892e-11,1.2274536541901591e-09,3.802433233745628e-10,4.9343851801524617e-08,0.47115475769076454,nan,nan,nan,nan,nan,nan,nan,nan,nan,nan,nan,nan,nan,nan,0,0,0,0,0,0,0,-2.1585213188506232e-10,6.5870424578449975e-12,1.3261616671244428e-10,-7.0327732367815799e-12,-6.6733402658003538e-14,-9.4916904186653078e-10,-6.7070332048077565e-12,1.7752498689821428e-13,7.6955597298067835e-16,2.8407777439932194e-17,-1.3896118212906693e-16,2.2614718026053123e-16,5.2692677433017537e-13,1.0389189188906963e-09,nan,nan,nan,nan,nan,nan,nan,nan,nan,nan,nan,nan,nan,nan,-1.7407462060831103e-06,7.34062592822049e-07,3.1179732237706394e-22,1.0074995275345165e-06,6.2294514755895092e-06,-2.74810624734112e-06,0,0.037408074139129346,0.010805225394553574,1.6289881188165371e-17,0.023380080176214058,0.0065515163073147833,0.14948642265590051,5.191647291922585e-06,-1.3150137332577418e-05,1.1490209932584149e-06,-7.2614150086433496e-20,-2.0777124491894574e-05,2.76165033150585e-05,-5.0369366927834672e-05,-2.0614577872590137e-09
0,1,lumen,0.0005263157894736842,0.0015,0,0.0010526315789473684,0.001,0.002,1000238.009509325,1.6378857901056108,15.970277346974633,2964.9304699023032,0.1417839381833943,1173,1173,3.9671401455242171e-05,0.19165678285065385,0.59999999999999998,2,500000,0.00035,0.0001,0.17532810268728594,0.032167284392735904,9.8380935368273711e-17,0.080053679124220248,0.023752896758461803,0.66542879477181038,2.2265652392522774e-05,0.17453334330454434,0.018340608827240305,4.9102157118761082e-17,0.029050409194926283,0.18816485566800087,0.58990188216313488,8.9008421531894367e-06,0.25551636546314621,0.0076058199234203894,4.263759519142945e-09,0.0042947305943344706,2.398707727001679e-05,0.26068384090319341,0.00023888015529870756,8.2969531978782517e-08,6.4087704594275724e-11,1.4841867176192833e-11,1.2317099832615947e-09,3.8231980269284447e-10,4.9592514274735318e-08,0.47163623736487298,nan,nan,nan,nan,nan,nan,nan,nan,nan,nan,nan,nan,nan,nan,0,0,0,0,0,0,0,-6.1926776662414984e-11,8.4414168996928826e-12,-1.0907723667858726e-11,3.2878752125385586e-11,-4.5738478109125236e-14,-2.8225598540290026e-10,-7.8117751855225433e-12,3.3371694080006065e-13,1.3481035850648965e-15,4.6501726233227783e-19,-3.3451366778559813e-17,-4.8939394411197053e-18,1.7332715117017703e-13,3.2111923801309547e-10,nan,nan,nan,nan,nan,nan,nan,nan,nan,nan,nan,nan,nan,nan,-1.7528998936013063e-06,7.363242007230042e-07,2.8469740478485099e-21,1.0168683939590094e-06,6.2756360035276515e-06,-2.7698124975827909e-06,0,0.037356300364207132,0.010839078674024534,1.6435192416149884e-17,0.023638885079471778,0.0065114812604725398,0.14945721340611728,5.1953497491254379e-06,-6.3394053936319464e-05,8.9365317329013576e-06,-3.5796062654481711e-19,-7.1333605134035752e-05,0.00011873230511512432,-0.00022629888941798956,-6.7609491238574734e-09
0,2,lumen,0.0005263157894736842,0.0025000000000000001,0,0.0010526315789473684,0.002,0.0030000000000000001,1000236.718320867,1.6303582275658399,15.896900038762574,2986.0588824954234,0.14122498438578229,1173,1173,3.9695696672542272e-05,0.19035563891565915,0.59999999999999998,2,500000,0.00035,0.0001,0.17732477669460328,0.032127931383037565,1.0611317825790017e-16,0.082312849811576605,0.023172309610546869,0.67268204074754812,2.2508128927993849e-05,0.17570992018388104,0.018234006199513434,5.2718000736334552e-17,0.029732989737560729,0.18272216743359171,0.59359196001302172,8.9564324312365068e-06,0.25300229444979322,0.0079191123664663007,4.3130827250013688e-09,0.004342322625883497,2.4828841454523054e-05,0.26056731072402278,0.0002450968724304169,8.0004162675038207e-08,6.3088221901004065e-11,1.5250177926959776e-11,1.2519104478753626e-09,3.9197885489061414e-10,5.0586834447546496e-08,0.47389889749364522,nan,nan,nan,nan,nan,nan,nan,nan,nan,nan,nan,nan,nan,nan,0,0,0,0,0,0,0,-5.8366455246710395e-11,-1.035537193889151e-12,-4.6122520343369185e-12,-3.186998732922237e-11,5.9750381725676149e-15,-6.3717200000359617e-10,-1.4841857596570416e-13,5.1225175360172792e-13,2.7303129823566701e-15,-1.6339889039922165e-18,2.365668144065001e-17,-1.318464871159835e-17,1.6555754474762339e-12,7.3102767817649493e-10,nan,nan,nan,nan,nan,nan,nan,nan,nan,nan,nan,nan,nan,nan,-1.8103282675430155e-06,7.4606033902135938e-07,3.3332833114988411e-21,1.0649075362462369e-06,6.495934569195061e-06,-2.8752085112770942e-06,0,0.037560564615509773,0.010601931215571157,1.7545220382527621e-17,0.02383609975237036,0.0062922940770629172,0.14977940045565499,5.1990184913559689e-06,-0.00065038790255804587,0.00031222805861658002,-2.389794482826073e-18,0.00060897164534569716,0.00055383943900526365,-0.0014198343707518503,-1.3766758233987866e-08
0,3,support,0.0005263157894736842,0.0035000000000000001,0,0.0010526315789473684,0.0030000000000000001,0.0040000000000000001,1001934.0244027975,1.6878933529828446,16.430019358744246,2932.0572976653998,0.13889622523209819,1173,1173,3.957340432415213e-05,0.18596079296221377,0.40000000000000002,2,300000,0.00033700000000000001,0.0001,0.18344312519853298,0.024675882771643846,1.5017173076239094e-16,0.063920858508254935,0.01925398899300565,0.67637636913800947,2.2055883615158766e-05,0.18786848458769814,0.014474303164306035,7.7108708155578845e-17,0.023863776562025509,0.15691637494450963,0.61686798993808711,9.0708033734985864e-06,nan,nan,nan,nan,nan,nan,nan,nan,nan,nan,nan,nan,nan,nan,0.24642461464115945,0.010062954749845339,4.8508916788338842e-09,0.0047468730099452985,2.5070115681697286e-05,0.24079356333124019,0.00028886926094000059,5.5384187508326764e-08,4.8860895215372104e-11,1.8698946559846e-11,1.4539887737726942e-09,4.7556340772670269e-10,4.7401174795767937e-08,0.49765794525771018,0,0,0,0,0,0,0,nan,nan,nan,nan,nan,nan,nan,nan,nan,nan,nan,nan,nan,nan,2.261519188680538e-10,1.1463696215410904e-10,7.1146683047317044e-11,2.7962069218777316e-09,-2.5400992073598694e-13,-4.4326460411263716e-10,-1.0952601012284836e-10,1.018411049935608e-12,3.4918339643520484e-15,8.0164097480267982e-17,-4.7574936085271131e-16,5.708523122783413e-16,5.0677811216767626e-13,-2.6566262320841615e-09,-2.3352966227845051e-06,9.460595433996577e-07,3.016355309081361e-21,1.3896079224495195e-06,8.3952301278694685e-06,-3.7276339506231437e-06,0,0.039661116682560428,0.0086462071425649246,2.3628307069037212e-17,0.019864456135128519,0.0058412226701040982,0.15297115951586193,5.1750938459791017e-06,-1.3304360229159156e-06,-1.5593936361168592e-08,-1.6778006140848089e-20,-1.9528412458822125e-06,3.0053060848074357e-06,-5.6762737503231143e-06,-1.8148487964482351e-10
0,4,support,0.0005263157894736842,0.0045000000000000005,0,0.0010526315789473684,0.0040000000000000001,0.0050000000000000001,1001555.0220147327,1.6265938868722103,15.83931953039302,3049.2192005558331,0.13769307007212472,1173,1173,3.9603792166060335e-05,0.18449264433771834,0.40000000000000002,2,300000,0.00033700000000000001,0.0001,0.19139448807182827,0.025610695050335402,1.709117222532512e-16,0.068605410855563959,0.019203019850263462,0.70627467859608739,2.3044838078539203e-05,0.18896456105003323,0.014482541317305156,8.4602955817833259e-17,0.024691836307463737,0.15087438856984273,0.62097753597052785,9.136784827337942e-06,nan,nan,nan,nan,nan,nan,nan,nan,nan,nan,nan,nan,nan,nan,0.24279486019470761,0.010588076552758525,4.901672308092674e-09,0.004800524131099374,2.6381299601730964e-05,0.24135079316274916,0.00029797962245324604,5.3196418764468228e-08,4.8150366063422595e-11,1.9323630411182567e-11,1.4814251577762679e-09,4.9002599737473106e-10,4.8904593480185221e-08,0.5001412759949927,0,0,0,0,0,0,0,nan,nan,nan,nan,nan,nan,nan,nan,nan,nan,nan,nan,nan,nan,-2.8955332500145828e-09,3.0211493173979517e-10,-5.1674426548511485e-10,-2.0262002841205738e-08,-2.2081034917187381e-13,-2.4969650371333731e-09,-2.8952540430241934e-10,1.0755916014619504e-12,2.932551736770433e-15,2.3151618545066693e-16,-1.3408454445258872e-15,1.6791389232195331e-15,-1.0347936123139501e-12,2.6158832550076757e-08,-2.4252160934386258e-06,9.4536126366007167e-07,8.6307861492660474e-22,1.4828687155917899e-06,8.7616705319523702e-06,-3.8883498082453727e-06,0,0.039787058796757035,0.0083398668601723132,2.6728618358790356e-17,0.020606457188082291,0.0053482387067566679,0.15319563077409326,5.1871374317694411e-06,0,0,0,0,0,0,0
1,0,lumen,0.0015789473684210526,0.00050000000000000001,0.0010526315789473684,0.0021052631578947368,0,0.001,1000227.7770109756,1.518111217002948,14.802561541514256,3023.4632949700499,0.1505137467414403,1173,1173,4.0001859731199012e-05,0.20813009390847093,0.59999999999999998,2,500000,0.00035,0.0001,0.14343002007915023,0.065408037782659537,3.5670877012564749e-17,0.12766059266278376,0.038251455785736965,0.61980735151275057,2.2681170318519168e-05,0.13234006726436745,0.034566458571492598,1.6501667361031183e-17,0.042939030182849877,0.28086286127027926,0.50928317872053563,8.4039904749298256e-06,0.26911640261237302,0.0037929228398102671,2.7872133410153182e-09,0.0031964629087815229,2.2576153968839447e-05,0.31712787950737131,0.0001455362209020181,2.3215705626794884e-07,1.2721284936296184e-10,8.002664778519307e-12,7.6558704075824068e-10,2.1013348621050223e-10,5.6960527819131167e-08,0.40659792674106027,nan,nan,nan,nan,nan,nan,nan,nan,nan,nan,nan,nan,nan,nan,0,0,0,0,0,0,0,-2.4038172522521345e-10,1.168997677734921e-11,4.2895745769217477e-11,5.5161635916097553e-10,-5.9471091246043883e-14,-9.3963509152292235e-10,-1.0503730827379637e-11,4.3523995171823593e-13,1.136434859119767e-15,2.6069165200141309e-17,-1.3286068912913171e-16,1.8967601550035188e-16,-1.0606691448994372e-13,5.8404764250869683e-10,nan,nan,nan,nan,nan,nan,nan,nan,nan,nan,nan,nan,nan,nan,-7.9753613294215875e-07,4.5673406653956583e-07,-1.6123752736331235e-21,3.4169853482085669e-07,2.734304326970638e-06,-1.1397439737548254e-06,0,0.030710954472773652,0.017534168627579758,6.9060825828680676e-18,0.031416676282388062,0.0093351350826384183,0.13888056927437001,5.1992742131214271e-06,-1.7415307798669685e-05,-4.5451328015408989e-06,-3.6619015416195517e-20,-5.7929913503323801e-05,5.5807778686578545e-05,-9.2871420729387458e-05,-3.6228010340442971e-09
1,1,lumen,0.0015789473684210526,0.0015,0.0010526315789473684,0.0021052631578947368,0.001,0.002,1000227.3433610965,1.5196899959234413,14.817962076559452,3023.4114918694822,0.15021147724580619,1173,1173,4.0020613279217794e-05,0.20751459523458166,0.59999999999999998,2,500000,0.00035,0.0001,0.14361578259300598,0.065437362004393221,3.6385891611407735e-17,0.12910752423845975,0.037897248203671949,0.62088790931507032,2.2733210125349413e-05,0.13264933117612476,0.034617934615179979,1.6849951935109773e-17,0.043470889998954237,0.27855158069839869,0.51070183147515935,8.4320361831260313e-06,0.26829988277679789,0.0038392372513217652,2.7967795834785614e-09,0.0032088704918567411,2.2885774928555253e-05,0.31743959521585985,0.00014670594896739803,2.3020337846971162e-07,1.270156898419148e-10,8.0580917228122093e-12,7.6853144099176188e-10,2.1149864359130377e-10,5.7503783306954659e-08,0.40704253092118825,nan,nan,nan,nan,nan,nan,nan,nan,nan,nan,nan,nan,nan,nan,0,0,0,0,0,0,0,-1.9424913837410622e-11,2.8511780887218319e-12,6.0784551497911255e-12,1.7485046329930671e-10,-1.3994556381791146e-14,-1.7565352406108403e-10,-2.5744738175843491e-12,1.7484006863827117e-13,2.8924685939288426e-16,3.9127538768324604e-18,-1.75250343373042e-17,2.5297764555768211e-17,7.0235580991958004e-14,1.3641559005966563e-11,nan,nan,nan,nan,nan,nan,nan,nan,nan,nan,nan,nan,nan,nan,-8.0430035801978828e-07,4.5756338348801329e-07,-9.9188619536273668e-22,3.4690631818782094e-07,2.7598002793893794e-06,-1.1513756063008529e-06,0,0.03073875612621637,0.017486720752353462,6.9572529162597731e-18,0.031686374710710313,0.0092351159263719153,0.1389564172538762,5.203046079693559e-06,-0.00013244148070565105,6.5570698773488465e-05,-1.2186752466390369e-19,-3.7677146134176441e-05,0.00017371429575127362,-0.00034168463375872793,-7.2950307300509778e-09
1,2,lumen,0.0015789473684210526,0.0025000000000000001,0.0010526315789473684,0.0021052631578947368,0.002,0.0030000000000000001,1000226.109045346,1.5192680177089646,14.813865796397929,3036.6330902562281,0.14908433569968152,1173,1173,4.0032940115190725e-05,0.20593884640650567,0.59999999999999998,2,500000,0.00035,0.0001,0.14621264293448524,0.064045766319726458,3.8909545999969034e-17,0.13017606633024556,0.036922777983765767,0.62747344315979947,2.2892413650635246e-05,0.13501056349611132,0.033872380831413432,1.8013650623236234e-17,0.04381855476196353,0.27131402672703481,0.51597598544396295,8.4887395137957089e-06,0.26676421317026594,0.0040120088558736585,2.867764010386467e-09,0.0032661584217082208,2.3399686366136179e-05,0.31570759478187377,0.00015130323573805111,2.1878984574080759e-07,1.2356871955004963e-10,8.3514143000330496e-12,7.8936054641850577e-10,2.1904689450405454e-10,5.8027973043391106e-08,0.41007504102226644,nan,nan,nan,nan,nan,nan,nan,nan,nan,nan,nan,nan,nan,nan,0,0,0,0,0,0,0,-2.9866990845040019e-10,2.1413034279339165e-11,6.0729665082977086e-11,7.4199279705651284e-10,-2.3409854783829065e-13,-2.8450542417833916e-09,-1.9967255152596685e-11,2.761015049403126e-12,7.541213242797365e-15,5.3270983436377497e-17,-2.0893980168321602e-16,3.7014313842899175e-16,2.7351090303851056e-12,2.3342868182031442e-09,nan,nan,nan,nan,nan,nan,nan,nan,nan,nan,nan,nan,nan,nan,-8.4185311896231574e-07,4.7335460237607485e-07,2.7472933016441125e-21,3.7127757137948665e-07,2.8968138720691927e-06,-1.2138131390004858e-06,0,0.03120670456454324,0.016899628696838281,7.4261078703893521e-18,0.031532193161579632,0.0089473537564139938,0.13953458887851025,5.198141942632893e-06,-0.00068463316510281025,0.00054889159349276614,-4.7294965096499283e-19,0.00068972977376627873,0.00044671372552469599,-0.0012220096171294376,-4.1659961283567741e-09
1,3,support,0.0015789473684210526,0.0035000000000000001,0.0010526315789473684,0.0021052631578947368,0.0030000000000000001,0.0040000000000000001,1001848.5627230174,1.5309118334320033,14.903226355526593,3061.3679804154194,0.14772400729394569,1173,1173,3.9840937249223183e-05,0.20356431543576314,0.40000000000000002,2,300000,0.00033700000000000001,0.0001,0.15857017238140808,0.051849954422357895,4.845408854216797e-17,0.11051014399897963,0.034144961927226575,0.64702191036928669,2.284267482379928e-05,0.14730456724022914,0.027587704651200889,2.2567730776756569e-17,0.037423201858679637,0.25241572247137661,0.53526028238793888,8.5213905748377767e-06,nan,nan,nan,nan,nan,nan,nan,nan,nan,nan,nan,nan,nan,nan,0.26820878725327513,0.0046592303116150119,3.2640972446013684e-09,0.0035346465284190726,2.2162031002188612e-05,0.29630216075428889,0.0001696198114574582,1.6683021921067659e-07,1.0135103055946948e-10,9.7957749304234493e-12,9.0572904807627727e-10,2.5692671756316162e-10,5.3065522973303345e-08,0.42710316887639166,0,0,0,0,0,0,0,nan,nan,nan,nan,nan,nan,nan,nan,nan,nan,nan,nan,nan,nan,-1.3270467161906521e-10,2.3083206179687379e-10,9.7647857475111778e-11,2.9668154232505251e-09,-6.2062377806371138e-13,-1.773127880904269e-09,-2.1178497536378375e-10,5.321945954674806e-12,1.2873792222130456e-14,2.9826834737258231e-16,-1.5272077976534088e-15,2.1071148073518858e-15,-1.7761925688154446e-12,-1.1806169946786895e-09,-1.0371955332794114e-06,5.5117181668729032e-07,-3.7725223091101142e-21,4.8769625767362697e-07,3.5991743679297805e-06,-1.5277722859030618e-06,0,0.033795663568749933,0.014000216715380879,8.8871973654356804e-18,0.027273543520212336,0.0085216218267067986,0.14321925565266291,5.172217051919087e-06,-5.7508427162587241e-06,1.0268202464128246e-06,-1.4262082517290714e-20,-7.0427318110561225e-06,1.1811672943206248e-05,-2.161782639773301e-05,-7.3570586065595805e-10
1,4,support,0.0015789473684210526,0.0045000000000000005,0.0010526315789473684,0.0021052631578947368,0.0040000000000000001,0.0050000000000000001,1001470.7601630263,1.551778957651661,15.112063920796176,3050.418789638788,0.14444197043192558,1173,1173,3.9949787531238627e-05,0.19824126355636412,0.40000000000000002,2,300000,0.00033700000000000001,0.0001,0.16123749936557885,0.05016843824855742,6.0647360457263918e-17,0.11738953198554834,0.030745362017584831,0.65596614008997456,2.3201197204685023e-05,0.1518812813589703,0.027067070532621047,2.8642627284759632e-17,0.04030989368079152,0.23046918456238139,0.55026379344533083,8.7764199047859218e-06,nan,nan,nan,nan,nan,nan,nan,nan,nan,nan,nan,nan,nan,nan,0.26053059217043678,0.0053337508990410482,3.4206039524551287e-09,0.0036932208811135164,2.487858066844068e-05,0.29597158219202913,0.00018550841951203264,1.4780684741279997e-07,9.655522137127114e-11,1.071490234618616e-11,9.5727511969362182e-10,2.7938107400547326e-10,5.6917710225115186e-08,0.43426025736787355,0,0,0,0,0,0,0,nan,nan,nan,nan,nan,nan,nan,nan,nan,nan,nan,nan,nan,nan,2.2276670239532566e-09,4.8744646901763855e-11,4.8453103078524051e-10,1.8441517891424722e-08,1.9803668253881579e-13,3.0866502478423506e-09,-4.6773110706783682e-11,6.9666603215445821e-14,-1.9050873439729868e-16,5.4826434746532677e-17,-3.2438569690323e-16,4.1230348724695923e-16,-1.0290838776125891e-13,-2.424250259082716e-08,-1.1576157663874265e-06,5.4654631401196418e-07,-5.8216029897721703e-21,6.0749810634929925e-07,4.0778034139099528e-06,-1.7830728563650311e-06,0,0.033919406811009307,0.013202477214690119,1.1346083680397718e-17,0.029042622557741798,0.0073635211508362398,0.14313651434309377,5.1864490537576472e-06,0,0,0,0,0,0,0
2,0,lumen,0.002631578947368421,0.00050000000000000001,0.0021052631578947368,0.0031578947368421052,0,0.001,1000216.5184606656,1.4710728889445996,14.34406902202582,3018.0805399438868,0.15582736018349982,1173,1173,4.0187920825216343e-05,0.2165280381111333,0.59999999999999998,2,500000,0.00035,0.0001,0.12162932201518346,0.090393890522237494,2.3060178112258985e-17,0.14834329027882801,0.046284267587869105,0.58687077319206882,2.2667487801482819e-05,0.10874894907984768,0.046291189033217432,1.033742066699331e-17,0.048350255509416726,0.32931782188209674,0.46728364572171494,8.1387737066432504e-06,0.27141791903617318,0.0027646039338446718,2.1332703972743064e-09,0.0027316783996602801,2.2045013057015514e-05,0.3442369813756887,0.00011486425328672042,3.6979429893452055e-07,1.7181752684741755e-10,5.8522579795419809e-12,5.8190932360733401e-10,1.519169960390558e-10,6.020899029577297e-08,0.37871147494018698,nan,nan,nan,nan,nan,nan,nan,nan,nan,nan,nan,nan,nan,nan,0,0,0,0,0,0,0,7.533327071258831e-11,1.5973604293211756e-12,-5.2264693931064594e-12,1.0248839148312345e-11,-1.5077023830800673e-14,3.6022571839496031e-10,-1.1978798626713945e-12,2.6109637455556944e-13,7.8148062771639689e-16,5.0870976688300189e-18,-1.9379810878279044e-17,3.183808520382952e-17,-1.5195794351793657e-14,-4.4121245604279738e-10,nan,nan,nan,nan,nan,nan,nan,nan,nan,nan,nan,nan,nan,nan,-5.2423855024727462e-07,3.6045371737403187e-07,-7.3923236920107989e-21,1.6342960199158051e-07,1.7361239797453187e-06,-6.8768373573391273e-07,0,0.026359323621194565,0.022835302012916538,4.6727602804240525e-18,0.03531312453373233,0.011026788472844863,0.13262041747913686,5.2069523950778496e-06,-3.5585315473794615e-05,8.5622825804650178e-06,1.1917528278333537e-20,-5.272028115288107e-05,7.1489597736389349e-05,-0.00012352361972994648,-3.6471354595532256e-09
2,1,lumen,0.002631578947368421,0.0015,0.0021052631578947368,0.0031578947368421052,0.001,0.002,1000216.1089351136,1.467743265727921,14.311608546715949,3029.3333754770383,0.15533756321918199,1173,1173,4.0204519339438306e-05,0.21583051012594148,0.59999999999999998,2,500000,0.00035,0.0001,0.12259602971428075,0.090414044904490315,2.2867190421000462e-17,0.15013234005448564,0.04599543278897248,0.59046948445554936,2.2795180565164106e-05,0.10936523010985121,0.046196730374804117,1.0227710415293806e-17,0.048822633576364877,0.32652213740702263,0.4690851024318069,8.1661001501961427e-06,0.27073615975290732,0.0028039173672107184,2.1491110114801086e-09,0.0027470052452741728,2.2312776887837101e-05,0.34420022205497375,0.00011600211069757225,3.6514370844382467e-07,1.7103616266088175e-10,5.9098957098705524e-12,5.862473403826232e-10,1.5346899710441364e-10,6.0681274346605353e-08,0.37937395180131694,nan,nan,nan,nan,nan,nan,nan,nan,nan,nan,nan,nan,nan,nan,0,0,0,0,0,0,0,7.6982189056127273e-11,1.3682681744935299e-12,-7.025310462475977e-12,-3.8978848232958835e-10,1.0632770705565342e-15,1.0000130834086213e-10,-1.2358861154534275e-12,2.5005388384902183e-14,2.5838910868788924e-17,1.4636776374451649e-18,-7.0542094987420209e-18,8.6700250895800825e-18,-3.251686288372189e-14,2.1970450401047747e-10,nan,nan,nan,nan,nan,nan,nan,nan,nan,nan,nan,nan,nan,nan,-5.3120368416308128e-07,3.6418907109481147e-07,2.8290579079793422e-21,1.6692164350264067e-07,1.7605159909755974e-06,-6.9774264044308865e-07,0,0.026478092727130764,0.022678674479556189,4.676778770844911e-18,0.035483879969911855,0.010904074016294988,0.13277984446315419,5.2076461027106391e-06,-0.00017789902041955794,0.00013141465298834872,-9.3690756892390126e-20,2.2688114569931386e-05,0.00017759024057739927,-0.0003772475085684193,-5.101083477150171e-09
2,2,lumen,0.002631578947368421,0.0025000000000000001,0.0021052631578947368,0.0031578947368421052,0.002,0.0030000000000000001,1000214.9505442518,1.472007429138356,14.353203992780857,3034.8618316360262,0.15439896829209587,1173,1173,4.0192657032966869e-05,0.21450138418856363,0.59999999999999998,2,500000,0.00035,0.0001,0.12569708158882043,0.087312256632634366,2.4731237958729278e-17,0.14907105670114859,0.044880391589145842,0.59573274716463798,2.2835923173307616e-05,0.11245751127230308,0.044741543395866994,1.1093584080744001e-17,0.048618402741507138,0.31953244829111926,0.47464188982702143,8.2044721819763645e-06,0.27015413310222253,0.0029244195401086624,2.2291084917990592e-09,0.0028037383592773918,2.2537931833203428e-05,0.34129873744076372,0.00011968552427218775,3.4501978286889159e-07,1.6529228427943286e-10,6.1577205155741691e-12,6.082485110689067e-10,1.6031565310871194e-10,6.063548092055462e-08,0.38267633927713723,nan,nan,nan,nan,nan,nan,nan,nan,nan,nan,nan,nan,nan,nan,0,0,0,0,0,0,0,-1.7476510478283018e-09,2.1017056737356749e-11,2.8292959744879699e-10,3.7101623668650078e-09,-1.7071435411131208e-13,-8.4392078146663593e-09,-1.7920352076044598e-11,1.4283864889497178e-12,3.0536699349462941e-15,5.2287103693136378e-17,-2.4565431574177811e-16,3.4684528364706782e-16,-3.3462877862608946e-13,6.1897439667386761e-09,nan,nan,nan,nan,nan,nan,nan,nan,nan,nan,nan,nan,nan,nan,-5.6209166428462798e-07,3.8763789189655284e-07,-1.502315397728704e-21,1.8260912432393782e-07,1.8689194427323752e-06,-7.4812918426925279e-07,0,0.027147079996622463,0.021775008164088387,4.9980917027764822e-18,0.034978632999445723,0.010618861730604097,0.13351344471616031,5.1944990580428867e-06,-0.00065967473592974169,0.00065300474503540533,-1.9567191229122976e-19,0.00063471678841491355,0.00036398555541769035,-0.0010716843255619026,-5.1641398176435466e-10
2,3,support,0.002631578947368421,0.0035000000000000001,0.0021052631578947368,0.0031578947368421052,0.0030000000000000001,0.0040000000000000001,1001758.3346592393,1.485570582349834,14.463137782859498,3051.618666824816,0.15338152478809722,1173,1173,3.9982455386981445e-05,0.21321158236983864,0.40000000000000002,2,300000,0.00033700000000000001,0.0001,0.1375216501065181,0.072583174399637782,2.8570419946889409e-17,0.13051338214275615,0.042515961435145209,0.61111298232557709,2.2673147556227333e-05,0.12397896737622426,0.037478773725786563,1.2913867123133284e-17,0.042891977287320242,0.30501696835676889,0.49062510487199568,8.2083819043008759e-06,nan,nan,nan,nan,nan,nan,nan,nan,nan,nan,nan,nan,nan,nan,0.27345037396970262,0.0032781999660129973,2.5479187234904082e-09,0.0030048117588103228,2.1193040003028608e-05,0.32396526897695144,0.00013118307514326384,2.7680723390210049e-07,1.403666036203687e-10,7.0925368452040219e-12,6.9710305324072473e-10,1.8628750368835662e-10,5.5756321875511544e-08,0.39614863307103926,0,0,0,0,0,0,0,nan,nan,nan,nan,nan,nan,nan,nan,nan,nan,nan,nan,nan,nan,-1.4193951873799972e-09,3.6313725071293948e-11,1.8831919672514292e-10,4.7431770384711363e-09,-3.4163210455018245e-14,-3.2843840849046055e-09,-3.2762410386576016e-11,9.6263936492230195e-13,1.3089995452053049e-15,5.218361666473882e-17,-2.6909402688057485e-16,3.4875574066190454e-16,-5.7336530563654291e-13,-2.3162494224725969e-10,-6.8168526162933063e-07,4.4873737389816704e-07,4.0160576219166168e-22,2.36043596060106e-07,2.2812627692159193e-06,-9.2228569648078462e-07,0,0.029758006130462613,0.018528417754977725,5.6787705947658243e-18,0.031144672957572773,0.01027733429647913,0.13707567338762203,5.1733654091757565e-06,-8.818362906700836e-06,1.3180743250408347e-06,-1.3234486990388453e-20,-1.4606837830482281e-05,2.0623193920076898e-05,-3.6565084521896331e-05,-1.3421905548284173e-09
2,4,support,0.002631578947368421,0.0045000000000000005,0.0021052631578947368,0.0031578947368421052,0.0040000000000000001,0.0050000000000000001,1001383.5270003398,1.5488357744595305,15.084715563800804,2976.9991755791225,0.14549751007074757,1173,1173,4.0200691562583568e-05,0.20412410929780006,0.40000000000000002,2,300000,0.00033700000000000001,0.0001,0.1391417878454565,0.068382478452376771,3.8990514697590264e-17,0.14218589919521499,0.035904323040325127,0.61497373517514287,2.2933781274015906e-05,0.13083053622685453,0.036827213031126065,1.8381174570265138e-17,0.048736255005636844,0.26865401814192669,0.51494331803081828,8.659563637570742e-06,nan,nan,nan,nan,nan,nan,nan,nan,nan,nan,nan,nan,nan,nan,0.26258744271795648,0.0039976658618101155,2.7505660786803337e-09,0.0032262966765669978,2.5380958873695662e-05,0.32459934364150006,0.00015010818318430397,2.335669316468914e-07,1.3239761577253019e-10,8.0552855336649826e-12,7.5708857230474145e-10,2.1070634596494355e-10,6.2664976744377283e-08,0.40541346186942151,0,0,0,0,0,0,0,nan,nan,nan,nan,nan,nan,nan,nan,nan,nan,nan,nan,nan,nan,-4.1983764448772182e-09,2.1928817186103544e-11,-1.6390310446239578e-10,-1.2327750771795427e-08,-1.8069801297621035e-13,-7.66760020970772e-09,-1.9646156214878733e-11,7.8786445683459716e-13,1.7503378866223811e-15,4.2279248819041014e-17,-2.0560265647997597e-16,3.0372431824811757e-16,-2.8067640120712865e-13,2.4355019722009632e-08,-8.0069171848155818e-07,4.450295114089009e-07,-6.2337612732650141e-22,3.6349338200335416e-07,2.7681704308779587e-06,-1.1520222861216567e-06,0,0.029853853524111691,0.017072295511004996,7.9367876805046116e-18,0.03408063189265019,0.0083781435715301125,0.13647840615959711,5.185193192989784e-06,0,0,0,0,0,0,0
3,0,lumen,0.0036842105263157894,0.00050000000000000001,0.0031578947368421052,0.0042105263157894736,0,0.001,1000204.8829072305,1.4249091978113892,13.894099882775716,3043.7975925106921,0.15953666656184409,1173,1173,4.0317202035571765e-05,0.22186715847159844,0.59999999999999998,2,500000,0.00035,0.0001,0.10701853962448953,0.11174166768571332,1.709298854022533e-17,0.16182239578724755,0.052356400856455133,0.57044274950523455,2.2896319190744134e-05,0.092683804703076009,0.055428414562414582,7.4220791947319024e-18,0.051089016572475672,0.36083584474317049,0.43995495637140919,7.9630474539202351e-06,0.27170793894419942,0.0022719278376167316,1.7387694356985882e-09,0.0024596467235970402,2.1695200406417235e-05,0.36125570350064995,9.8807466594569342e-05,4.9267197275383808e-07,2.0594921195645867e-10,4.7643593817558411e-12,4.7508914163107408e-10,1.2061483429859573e-10,6.2016706845912294e-08,0.36218372309306962,nan,nan,nan,nan,nan,nan,nan,nan,nan,nan,nan,nan,nan,nan,0,0,0,0,0,0,0,-1.7243881600429277e-10,2.4200253486331356e-12,2.8642755715891718e-11,4.8694519644686758e-10,-1.7284676294415657e-14,-1.0265897957021861e-09,-1.9724353089500306e-12,3.231837540640381e-13,3.5134256558264028e-16,6.5784463330720666e-18,-2.6179697183644313e-17,3.7080939999726296e-17,4.7082281396115055e-14,6.8263980541069258e-10,nan,nan,nan,nan,nan,nan,nan,nan,nan,nan,nan,nan,nan,nan,-3.8993549825519502e-07,2.9524686326332095e-07,4.4930835633518442e-22,9.5686228711011957e-08,1.2654941312778556e-06,-4.8608018354823201e-07,0,0.02317549899690383,0.027112621944306182,3.5914001115954476e-18,0.037597747789488732,0.012216978073057416,0.12829181468561004,5.2126842549864206e-06,-5.150277383323597e-05,2.8553258030488051e-05,-2.260396917714263e-20,-3.2432401382006581e-05,7.2425086253104226e-05,-0.00013091775822559552,-2.7226322753452946e-09
3,1,lumen,0.0036842105263157894,0.0015,0.0031578947368421052,0.0042105263157894736,0.001,0.002,1000204.5031523561,1.4281531047867568,13.925736075098312,3041.9716748871579,0.15912350082138971,1173,1173,4.0325510251385663e-05,0.22124984112824006,0.59999999999999998,2,500000,0.00035,0.0001,0.10778648731908778,0.11086427000163644,1.7521789807304442e-17,0.16235831614881779,0.051843324402159968,0.57156461906271638,2.2901536930781435e-05,0.093561439560403137,0.055118406433460485,7.6255959878701582e-18,0.05137492468099273,0.3581133198810435,0.44182392644637764,7.982997722457555e-06,0.27128268822991708,0.0023040330471912731,1.7591347808049533e-09,0.0024755855417218078,2.1878637243105177e-05,0.36082658862984168,9.9825003805771955e-05,4.8524502272758783e-07,2.044767465990566e-10,4.8215177048008082e-12,4.8049053376465266e-10,1.2227370143963829e-10,6.2304865433499856e-08,0.36298885078919529,nan,nan,nan,nan,nan,nan,nan,nan,nan,nan,nan,nan,nan,nan,0,0,0,0,0,0,0,6.197795397381743e-12,2.3801809598391569e-14,7.6273835373450549e-12,8.4381479124803671e-11,-1.7479507424811302e-15,-1.2939112390038254e-10,-2.9415062565592905e-14,2.6616838073867388e-14,2.3797538511644062e-17,3.838666631013233e-19,-1.7442869246288389e-18,2.5624800905795072e-18,3.4745834503634004e-14,3.1130708726557201e-11,nan,nan,nan,nan,nan,nan,nan,nan,nan,nan,nan,nan,nan,nan,-3.9682309848840247e-07,2.9889294983487247e-07,-2.1376007812758136e-22,9.8051852737020946e-08,1.2884951652164522e-06,-4.9495170606483896e-07,0,0.023372909453575511,0.026847015355191878,3.6707042523554107e-18,0.037632292969892595,0.012097482913777362,0.12850840602133196,5.2096202374956198e-06,-0.00020060038259530475,0.00018247254737691158,-5.052421410274517e-20,7.1226492389695693e-05,0.00016001356968765816,-0.00036520876232277549,-2.7678869729115012e-09
3,2,lumen,0.0036842105263157894,0.0025000000000000001,0.0031578947368421052,0.0042105263157894736,0.002,0.0030000000000000001,1000203.4238518182,1.4335739039151825,13.978608669806182,3045.1173434567168,0.15809504433560817,1173,1173,4.0292053071981481e-05,0.22028807472505807,0.59999999999999998,2,500000,0.00035,0.0001,0.11131218700000624,0.10646494827186077,1.8500244727834126e-17,0.15976152120041442,0.050774716296353668,0.5761540386251206,2.287307116684401e-05,0.096988686795074122,0.053132161690235623,8.0819951667616177e-18,0.05074516088421771,0.35206343721585248,0.44706255006766343,8.003346956644292e-06,0.27139397283265598,0.0023926746775903974,1.8399259918304163e-09,0.0025274023530806014,2.1901055023801337e-05,0.35731619438801665,0.00010278613617762651,4.5856613748250467e-07,1.971888935144544e-10,5.0318676140132876e-12,5.0217501159820974e-10,1.2844286886710249e-10,6.1840825276005294e-08,0.36624454547774321,nan,nan,nan,nan,nan,nan,nan,nan,nan,nan,nan,nan,nan,nan,0,0,0,0,0,0,0,-3.9106326166285734e-11,2.5032489307983536e-14,-1.3748769044005011e-11,-1.7013812688438921e-10,-6.3219828677629764e-16,3.2473869188316684e-11,-4.3223830258693791e-14,1.534579754935983e-14,-1.1836736293349689e-17,3.6346460872187233e-19,-2.672804710242702e-18,3.0657035070865082e-18,3.4210999241610971e-14,1.9048854118080714e-10,nan,nan,nan,nan,nan,nan,nan,nan,nan,nan,nan,nan,nan,nan,-4.2246800937423279e-07,3.1317055834700902e-07,-3.3365135136858426e-22,1.0927867701127867e-07,1.3767435091682767e-06,-5.3159029711480343e-07,0,0.024183094125707908,0.025681834050890692,3.8616245233819334e-18,0.036862058160305348,0.011834981961681394,0.12933137601414246,5.1906976159708815e-06,-0.00061091029379292737,0.00068358430489574287,-1.165910745737673e-19,0.00055988168421750061,0.00030014161116890175,-0.00092346580974175959,1.1633762942905618e-09
3,3,support,0.0036842105263157894,0.0035000000000000001,0.0031578947368421052,0.0042105263157894736,0.0030000000000000001,0.0040000000000000001,1001664.8381696044,1.4365654613655534,13.987341846536873,3079.9176453049126,0.15769200379029211,1173,1173,4.0083307964272087e-05,0.21963480133925234,0.40000000000000002,2,300000,0.00033700000000000001,0.0001,0.12325828424195889,0.091457287837922632,2.0910249312313617e-17,0.14406991370445033,0.049088970111271515,0.59307444983810076,2.2834241378716838e-05,0.10746467350931173,0.045670987124103647,9.1405339467355173e-18,0.045789614233116283,0.34058740369086604,0.46047932669066338,7.9947519391852287e-06,nan,nan,nan,nan,nan,nan,nan,nan,nan,nan,nan,nan,nan,nan,0.27511907968139443,0.0026236918797390802,2.1026988086933781e-09,0.0026850305338349677,2.0671871564253249e-05,0.34224148871953408,0.00011093927084935598,3.8191282747677584e-07,1.7207594359817344e-10,5.7044956726642319e-12,5.7375093286044176e-10,1.4808534488028628e-10,5.7456131747652068e-08,0.37719865567183186,0,0,0,0,0,0,0,nan,nan,nan,nan,nan,nan,nan,nan,nan,nan,nan,nan,nan,nan,2.3739245878412545e-10,7.619131291659636e-13,3.0027252115094727e-11,1.2968922751780225e-09,-5.6245156102030514e-15,-1.7707797814875414e-10,-6.4004390312811273e-13,1.8993693336882833e-13,2.3158725639530718e-16,1.750028113841931e-18,-5.3955450732943115e-18,8.9088463237415257e-18,1.2707512014253161e-13,-1.3876676757243787e-09,-5.0649458944486414e-07,3.704542070603889e-07,-1.8097260463140316e-22,1.3618712149994112e-07,1.6554624216180702e-06,-6.4394862941963282e-07,0,0.02665448029508442,0.022418973297113346,4.2905647111808358e-18,0.033570415799944152,0.011566709846909178,0.13264729525584754,5.1767928126954555e-06,-1.1580779559834899e-05,1.5503060725791505e-06,-1.3127206465737802e-20,-2.2897225348653577e-05,2.9611065270478463e-05,-5.1102245032298704e-05,-1.9758563853364575e-09
3,4,support,0.0036842105263157894,0.0045000000000000005,0.0031578947368421052,0.0042105263157894736,0.0040000000000000001,0.0050000000000000001,1001295.0993109485,1.5494735701689248,15.092260034732902,2924.3118070506775,0.14670850570733832,1173,1173,4.0417120656905802e-05,0.20686303094620506,0.40000000000000002,2,300000,0.00033700000000000001,0.0001,0.12364110493964114,0.083363174486481631,3.0627312688901866e-17,0.15977793587207734,0.038782755978598843,0.58922477422759134,2.2882306984045496e-05,0.11631388809641356,0.044917483279928325,1.4445758086942354e-17,0.054793568497222597,0.29033702286339574,0.49362939281429891,8.6444487408710734e-06,nan,nan,nan,nan,nan,nan,nan,nan,nan,nan,nan,nan,nan,nan,0.26144479152795197,0.0033964095525905579,2.3419668302717897e-09,0.0029619665343125832,2.6303668487763631e-05,0.34373464715216601,0.00013257186839308349,3.0743984174043047e-07,1.6076595020098861e-10,6.6920600153722042e-12,6.4085418692123011e-10,1.7411915752678779e-10,6.7499193829406774e-08,0.38830293143266448,0,0,0,0,0,0,0,nan,nan,nan,nan,nan,nan,nan,nan,nan,nan,nan,nan,nan,nan,2.9292003818641481e-09,8.7402023403606664e-12,2.9783374451847876e-10,1.4612385282877868e-08,1.0578484702788993e-13,4.8267631733937139e-09,-8.1655438255132249e-12,8.8875304685154255e-14,3.8014550813919831e-17,8.2973884566569779e-18,-4.5882976937064642e-17,5.4253243766774389e-17,-8.006253753325102e-14,-2.2666871630519258e-08,-6.271864269654509e-07,3.5308213974794e-07,9.664699942866027e-23,2.689795756049196e-07,2.1481853893917657e-06,-9.1048106554136865e-07,0,0.026667068770048871,0.020239544757966573,6.4815495679866631e-18,0.037797373237434102,0.0089105096607182063,0.13133405893757144,5.1833444345628534e-06,0,0,0,0,0,0,0
4,0,lumen,0.0047368421052631574,0.00050000000000000001,0.0042105263157894736,0.005263157894736842,0,0.001,1000192.9727673921,1.3998303283984783,13.649721702795356,3044.2585889913462,0.16239521063023077,1173,1173,4.040790595210301e-05,0.2256958397763624,0.59999999999999998,2,500000,0.00035,0.0001,0.095165503604326698,0.12843486254701617,1.411635741995186e-17,0.16936845623523702,0.056643245820164168,0.55483363414971243,2.291976603577872e-05,0.080968811313683706,0.062588365965853085,6.0217623051294813e-18,0.052530898062738536,0.38351415763306901,0.42038993602520941,7.8309994463469497e-06,0.27162112954398221,0.0019806176101164986,1.4729250928908943e-09,0.0022789796650277768,2.1357791850027981e-05,0.37280591014248171,8.8803138951866706e-05,5.9994194213764027e-07,2.3247551554877851e-10,4.1173803841798786e-12,4.0456808214727206e-10,1.0092677120584985e-10,6.2937542555488571e-08,0.35120253701309401,nan,nan,nan,nan,nan,nan,nan,nan,nan,nan,nan,nan,nan,nan,0,0,0,0,0,0,0,8.6965031702623438e-12,1.0019572807513185e-12,7.4654140819301492e-12,2.0905726532738673e-10,-5.6100957213089941e-15,-1.2423339451356902e-10,-7.4113674597000913e-13,8.5519048440008127e-14,2.0724215725028115e-16,3.1605038142708094e-18,-1.2791904287336362e-17,1.763607095267965e-17,-1.0254805262153639e-13,-1.0122411271746664e-10,nan,nan,nan,nan,nan,nan,nan,nan,nan,nan,nan,nan,nan,nan,-3.1011442286343893e-07,2.4744124860198724e-07,-2.082750424449747e-22,6.2789964684727958e-08,9.9310697765364608e-07,-3.731060465583802e-07,0,0.020695484831271656,0.030647849043217521,3.0236528825314754e-18,0.039067083219153066,0.01312861828849262,0.12503613267373193,5.2159576228591569e-06,-6.5754827142065555e-05,5.2604370322067614e-05,-1.4132786674999727e-20,-7.1033898092021345e-06,6.7498839481481857e-05,-0.00013298650191074309,-1.5548504424738178e-09
4,1,lumen,0.0047368421052631574,0.0015,0.0042105263157894736,0.005263157894736842,0.001,0.002,1000192.6231800172,1.4015969155343337,13.666952440756555,3045.9141215091513,0.16196854208600195,1173,1173,4.0405680223903697e-05,0.22521556916683352,0.59999999999999998,2,500000,0.00035,0.0001,0.096344153200457,0.1271161466593041,1.4391560117572946e-17,0.16935382693887827,0.056208638151660821,0.55658394169554282,2.2923621624174787e-05,0.082075108130375191,0.062023931840233644,6.1469081716094207e-18,0.052592667373350124,0.38105197637819588,0.42224847407392746,7.8422039175843636e-06,0.27146600966577461,0.0020075376040694401,1.4970096692921102e-09,0.0022951262398363389,2.1452772392992885e-05,0.3719853424177601,8.9720725359549282e-05,5.8968098218354726e-07,2.3024736429835803e-10,4.1745286330712548e-12,4.108814647306264e-10,1.0269092421798295e-10,6.3014348476975452e-08,0.35213415563447364,nan,nan,nan,nan,nan,nan,nan,nan,nan,nan,nan,nan,nan,nan,0,0,0,0,0,0,0,-5.052458684381097e-11,2.5737916468042849e-13,-1.6031498857537902e-14,-7.6863073299426086e-11,-2.1933409949381755e-16,-1.1241449513876151e-10,-2.1211937834505191e-13,-4.2232927224827854e-15,1.7866049832888055e-17,3.8441443115024386e-19,-1.5801210413463851e-18,1.9460925760109643e-18,-3.3668214575533053e-14,2.398109208213132e-10,nan,nan,nan,nan,nan,nan,nan,nan,nan,nan,nan,nan,nan,nan,-3.1707273708252853e-07,2.5258404540151602e-07,-4.4070824794351484e-23,6.4601160269427795e-08,1.0158448203734238e-06,-3.8159706594598219e-07,0,0.020954072992435822,0.030287895254532186,3.0679072679157896e-18,0.03897121251204038,0.013022575569545761,0.12529632431221152,5.2099986782805862e-06,-0.00021700593544394869,0.00022657394472970737,-3.6186025097004965e-20,0.00010860534828440102,0.00014258050004489254,-0.00035633477099085648,-1.0470646251676448e-09
4,2,lumen,0.0047368421052631574,0.0025000000000000001,0.0042105263157894736,0.005263157894736842,0.002,0.0030000000000000001,1000191.622347285,1.4312396167502426,13.956011981673742,2997.3420540658467,0.16121336794753982,1173,1173,4.0354365555367715e-05,0.22456825960693905,0.59999999999999998,2,500000,0.00035,0.0001,0.098549902199754374,0.11960178554076911,1.4830067019606674e-17,0.16286766435666913,0.054289689542848012,0.55144144436492259,2.2470478424361132e-05,0.085729827082998658,0.059591715531472585,6.4681727925075101e-18,0.051648141861639484,0.37582716157804291,0.42719530417698215,7.8497688641883661e-06,0.27206666082947095,0.0020781389642855939,1.5779827301998949e-09,0.0023432704182164222,2.1335952118514755e-05,0.36803976591721921,9.2237101915904743e-05,5.5739618570943825e-07,2.217076770152156e-10,4.3611406181495205e-12,4.3234001321369131e-10,1.0845270343355665e-10,6.2241016642848085e-08,0.35535796883472681,nan,nan,nan,nan,nan,nan,nan,nan,nan,nan,nan,nan,nan,nan,0,0,0,0,0,0,0,-5.0790676819004128e-11,-3.33099645635987e-14,-4.5243488146655285e-12,-2.2420927699963238e-10,-5.6980245174975686e-15,-3.5317498274858861e-11,1.6917446626549006e-13,7.965112944208208e-14,2.9973572199037771e-16,4.94949949557897e-19,-2.1855249156993252e-19,2.0115804909561816e-18,-5.0269500512186016e-14,3.1468189133433935e-10,nan,nan,nan,nan,nan,nan,nan,nan,nan,nan,nan,nan,nan,nan,-3.3988193403038797e-07,2.6687195758823279e-07,-5.4056163224039274e-23,7.3049794266074624e-08,1.0927345053535209e-06,-4.1271204359594194e-07,0,0.021823558863880294,0.028973385207990737,3.2067561777810209e-18,0.038047241504603084,0.012795653718493961,0.12613259568704194,5.1880997628962372e-06,-0.00054832922612954647,0.00065899303179253505,-7.679230820892651e-20,0.00047332951089197584,0.00025222511883358058,-0.00080422132223860032,1.3576664987911318e-09
4,3,support,0.0047368421052631574,0.0035000000000000001,0.0042105263157894736,0.005263157894736842,0.0030000000000000001,0.0040000000000000001,1001568.873150994,1.4085226688821344,13.715612890791009,3082.7954441290481,0.1608859383900752,1173,1173,4.0161886401901617e-05,0.22423585373398333,0.40000000000000002,2,300000,0.00033700000000000001,0.0001,0.1111079807317799,0.1072281541323868,1.6686981530531933e-17,0.15250982062213769,0.053869466325589054,0.57591801495288153,2.2835645789975383e-05,0.094989344436486906,0.052506242523166359,7.1527026373071832e-18,0.047530406546324989,0.36649441803337374,0.43847174853880161,7.8399218464711849e-06,nan,nan,nan,nan,nan,nan,nan,nan,nan,nan,nan,nan,nan,nan,0.27559217458682483,0.002242126536890013,1.7947117542548438e-09,0.002468810686313232,2.0309676813230899e-05,0.35531161582481136,9.8339976378714676e-05,4.7902227812883637e-07,1.9815045877476735e-10,4.8637356850136671e-12,4.9055325315724979e-10,1.2379452950938779e-10,5.8549091229411531e-08,0.36426608252852549,0,0,0,0,0,0,0,nan,nan,nan,nan,nan,nan,nan,nan,nan,nan,nan,nan,nan,nan,3.4177336044589417e-10,-9.1532859347624613e-13,1.7270920636225396e-11,9.6696659424317095e-10,6.3219828677629764e-15,4.9836733839129371e-10,8.0400077077549799e-13,-9.4346080427298862e-14,4.3125211161938123e-19,-2.2981579444205626e-18,1.0386166004794674e-17,-1.3858893555057674e-17,-4.2517565146964542e-14,-1.8241364256172988e-09,-4.0212185490468011e-07,3.1410942111231854e-07,1.4342511895619784e-23,8.7496926071516767e-08,1.2936393574691785e-06,-4.9056842349459728e-07,0,0.024138415626478834,0.025795519888634075,3.5086278680111384e-18,0.0352530768102585,0.012571807477592884,0.12921450960132361,5.1811997508573098e-06,-1.3427370844234734e-05,1.0205446331776463e-06,-1.3481374430713439e-20,-3.2675541145236655e-05,3.8495247728009462e-05,-6.5378223149147499e-05,-2.6443221443305844e-09
4,4,support,0.0047368421052631574,0.0045000000000000005,0.0042105263157894736,0.005263157894736842,0.0040000000000000001,0.0050000000000000001,1001206.3892244931,1.5323298108487624,14.926597959107861,2920.184150943011,0.14488742117566189,1173,1173,4.0625804907789866e-05,0.20783826681401812,0.40000000000000002,2,300000,0.00033700000000000001,0.0001,0.11296907453171008,0.097610444721374923,2.681805197486184e-17,0.17744681826964773,0.040940155739517356,0.57878159295216436,2.3271167282443744e-05,0.10510777020179066,0.052016846303666035,1.2510228135359124e-17,0.060184901166441117,0.30312363348563381,0.47955815398995133,8.6948525172511241e-06,nan,nan,nan,nan,nan,nan,nan,nan,nan,nan,nan,nan,nan,nan,0.25908770965351136,0.0030653247334278891,2.052462089188921e-09,0.0027906823921899086,2.7492003302755076e-05,0.35828985552342213,0.00012224924816693923,3.7098025889845477e-07,1.8448066079093362e-10,5.8308543309379059e-12,5.603585065971233e-10,1.5028344824982098e-10,7.207635775472568e-08,0.37661624043595193,0,0,0,0,0,0,0,nan,nan,nan,nan,nan,nan,nan,nan,nan,nan,nan,nan,nan,nan,-3.4330302126462542e-09,5.0296025923988089e-12,-1.8132139161987952e-10,-1.1902022494476894e-08,-1.3203685107071594e-13,-7.2980872204905789e-09,-4.0460395047264257e-12,5.4566117249632562e-13,1.1881156573116828e-15,1.439988999329115e-17,-5.8993954668562335e-17,9.5443265678849551e-17,-9.0910894162769562e-14,2.2813153726509608e-08,-5.2035413502550532e-07,3.0432550174319672e-07,5.4366569658809222e-23,2.2350771793080154e-07,1.7868328850423332e-06,-7.3214136675492369e-07,0,0.024017363506946714,0.022867788534047674,5.6988715089072856e-18,0.040873013743370934,0.0091612435192478525,0.12704007340800078,5.1808702133732307e-06,0,0,0,0,0,0,0
5,0,lumen,0.0057894736842105266,0.00050000000000000001,0.005263157894736842,0.0063157894736842104,0,0.001,1000180.8473322616,1.3999864115334288,13.651409164127022,3000.9268606475903,0.16470297835836317,1173,1173,4.0479257796523363e-05,0.22865254496474435,0.59999999999999998,2,500000,0.00035,0.0001,0.084255064096767252,0.14065861535087829,1.2050873402432464e-17,0.1721444755347985,0.059244049965589324,0.53468313712574644,2.2607432986096368e-05,0.071694842244886758,0.068553670496765362,5.1413026939715336e-18,0.053398501917098516,0.40117299931559791,0.40517226078615598,7.7252394954639165e-06,0.27138108568566655,0.0017827291165820798,1.2740616584432151e-09,0.0021456884124123757,2.1056701705456622e-05,0.38150197833489596,8.1749479938954036e-05,6.9664305866791316e-07,2.5440462202562074e-10,3.6814852324060695e-12,3.5257827251501234e-10,8.6925836539790736e-11,6.3460285228843383e-08,0.34308495019379776,nan,nan,nan,nan,nan,nan,nan,nan,nan,nan,nan,nan,nan,nan,0,0,0,0,0,0,0,7.1901108015954736e-11,1.6911801430551925e-14,1.4660095489175319e-12,-1.2862747629799261e-10,1.2995247239411256e-15,1.0606511220527526e-10,-4.6345705669091659e-14,-4.0473267098883881e-15,-4.5609476440065249e-17,-6.9704429989850042e-19,3.7404244446871442e-18,-4.9863632519417932e-18,2.4429795559728413e-14,-5.0797172262229946e-11,nan,nan,nan,nan,nan,nan,nan,nan,nan,nan,nan,nan,nan,nan,-2.5556529797878674e-07,2.112302825429957e-07,-8.4155239551721612e-22,4.4227462693189977e-08,8.1088301934206797e-07,-2.9966266756886739e-07,0,0.018689835655937938,0.033617439120900594,2.6413065316218952e-18,0.040063730719276151,0.013867111845181015,0.12245825933935671,5.2171695215581707e-06,-7.2319531532384916e-05,6.9327998536336782e-05,-6.9657249510991769e-21,1.3194146775354089e-05,5.791882063266595e-05,-0.00012570038830688672,-5.7565103291672932e-10
5,1,lumen,0.0057894736842105266,0.0015,0.005263157894736842,0.0063157894736842104,0.001,0.002,1000180.5256306103,1.3892728530160452,13.546944528200557,3029.443063488789,0.16442836661116217,1173,1173,4.0468492401063486e-05,0.22832170190716555,0.59999999999999998,2,500000,0.00035,0.0001,0.086329670336469502,0.14022159067571532,1.2287566687684019e-17,0.17310419067385424,0.059394253143605545,0.54107561888690625,2.2793836378268811e-05,0.072898039966714054,0.067817711907888614,5.2021683950440795e-18,0.053285302294025214,0.39911242689996324,0.4068787895988179,7.7293325907706489e-06,0.27143150024071194,0.0018044531959465968,1.2990236205525458e-09,0.0021606815336369608,2.1084400128453432e-05,0.38046562580196064,8.2532886592963367e-05,6.8464269658102591e-07,2.5172013705622513e-10,3.7342360065070653e-12,3.5907637345601124e-10,8.86393359402618e-11,6.3380547770214128e-08,0.34403337191557914,nan,nan,nan,nan,nan,nan,nan,nan,nan,nan,nan,nan,nan,nan,0,0,0,0,0,0,0,1.0841425451659149e-11,6.4862413510509572e-13,2.7883010407657021e-13,1.8054475348660903e-11,-2.9315742541835554e-15,2.1826997240875778e-11,-4.5152509097250036e-13,8.9433777224201538e-14,1.2401625466175604e-16,1.5886385395008893e-18,-3.9630177652481865e-18,6.0109569800291365e-18,-5.7508538894656591e-14,-5.1227744510905188e-11,nan,nan,nan,nan,nan,nan,nan,nan,nan,nan,nan,nan,nan,nan,-2.6205910496571866e-07,2.1607868672113284e-07,-1.9828717062905469e-23,4.5958283278905121e-08,8.3212964265000355e-07,-3.080352111162199e-07,0,0.018995849455431112,0.033172925235406742,2.6729455641734048e-18,0.039866003917101003,0.013773366678657821,0.12275269024494768,5.2094685275130882e-06,-0.00021750440152644825,0.00024894669285754477,-2.86005821838998e-20,0.00012752552214821824,0.00012311469115298222,-0.00033136193734059546,8.9907664029422192e-11
5,2,lumen,0.0057894736842105266,0.0025000000000000001,0.005263157894736842,0.0063157894736842104,0.002,0.0030000000000000001,1000179.5979627188,1.4038208150411611,13.688815920033289,3012.0195528586501,0.16366099029961551,1173,1173,4.0407067842675415e-05,0.22792622428812503,0.59999999999999998,2,500000,0.00035,0.0001,0.08968177060361926,0.13335525983152205,1.2745534834827355e-17,0.16778888298407782,0.058130825598667307,0.54141126751459878,2.2555730918390693e-05,0.076521676069039257,0.065172281463831305,5.4525682904032603e-18,0.052190032325139107,0.39471337842247806,0.41139490302743503,7.7286920771878246e-06,0.27230301338447571,0.0018610174090061874,1.3755738723577827e-09,0.0022038555352989595,2.0896717580534467e-05,0.37646989700124095,8.4649643540124939e-05,6.4921562347278456e-07,2.4267753820908846e-10,3.8945892363619197e-12,3.7918137954659136e-10,9.3828906876036409e-11,6.2470056593207157e-08,0.34705595652802124,nan,nan,nan,nan,nan,nan,nan,nan,nan,nan,nan,nan,nan,nan,0,0,0,0,0,0,0,-1.5162200968186835e-10,5.6783861714630111e-13,2.2117755848949887e-11,1.3603929212262302e-10,-1.2369879426321617e-14,-1.0928212355225744e-09,-3.9013236075154357e-13,2.1222151640187814e-13,2.4300682627379713e-16,2.8391554101674557e-18,-1.0026815585644487e-17,1.516783136834255e-17,8.2314117385452119e-14,1.0858262897344163e-09,nan,nan,nan,nan,nan,nan,nan,nan,nan,nan,nan,nan,nan,nan,-2.8187168857850275e-07,2.2985602471381483e-07,-3.7871125030551552e-22,5.3086084996348646e-08,8.9871079769765494e-07,-3.3507173052838013e-07,0,0.019902016148528018,0.031745646212054633,2.7796369720604745e-18,0.038865725258787023,0.013569519782675177,0.12359580604695795,5.1866916605920799e-06,-0.00050750230198375805,0.00064070709670029753,-5.5183605220442809e-20,0.00041023158823189396,0.0002241412998602582,-0.00072628228620050023,1.1739288129363032e-09
5,3,support,0.0057894736842105266,0.0035000000000000001,0.005263157894736842,0.0063157894736842104,0.0030000000000000001,0.0040000000000000001,1001470.9453762753,1.4053014532465766,13.685584120815076,3042.9335091811017,0.16363042192002852,1173,1173,4.0226974844423119e-05,0.22775926732410007,0.40000000000000002,2,300000,0.00033700000000000001,0.0001,0.099630727399741117,0.11944877515331483,1.3881868672194328e-17,0.15650873759531386,0.056955038581051901,0.55461866573684904,2.2536567962987103e-05,0.084990631480842266,0.058362237075652114,5.9372923766305058e-18,0.048669896930247016,0.38663837877244733,0.42133113543801642,7.7203027947916414e-06,nan,nan,nan,nan,nan,nan,nan,nan,nan,nan,nan,nan,nan,nan,0.27560343303502366,0.0019885179705255414,1.5634006729958086e-09,0.0023096605659068915,2.0020628593751301e-05,0.36530581651287469,8.9576968084737358e-05,5.6905546993080685e-07,2.2023748028977445e-10,4.2957940684309873e-12,4.290931621916558e-10,1.066022692541315e-10,5.9274876550501661e-08,0.35468234366499768,0,0,0,0,0,0,0,nan,nan,nan,nan,nan,nan,nan,nan,nan,nan,nan,nan,nan,nan,3.1384668371484932e-10,-4.4491198647135679e-13,9.5471599266588556e-12,7.3787861564096041e-10,9.1673630492339342e-15,6.4780584509930433e-10,3.1103274617502002e-13,-1.0524350488316792e-15,-4.9558420140781152e-17,-1.4204053832971181e-18,5.8711143685081986e-18,-7.7178657324270238e-18,9.8379142847170268e-14,-1.7090510121163488e-09,-3.3162981907201156e-07,2.7082910419862216e-07,-4.9194947464002295e-23,6.0143255472915392e-08,1.0548469179111342e-06,-3.9250138073043672e-07,0,0.02201772227834032,0.028775319016305156,2.9859079947024531e-18,0.036511125921619751,0.013389147345639941,0.12642331231058329,5.1862589005594875e-06,-1.4593334698498614e-05,-5.0707519287101872e-08,-1.3943756831213456e-20,-4.3085835169904126e-05,4.7108645474766353e-05,-7.7487908070633619e-05,-3.3244036069011589e-09
5,4,support,0.0057894736842105266,0.0045000000000000005,0.005263157894736842,0.0063157894736842104,0.0040000000000000001,0.0050000000000000001,1001117.9483114686,1.5520500134687489,15.120030300744871,2855.5034397459217,0.14437200167144301,1173,1173,4.082601588999502e-05,0.20786209499571631,0.40000000000000002,2,300000,0.00033700000000000001,0.0001,0.10173617624252045,0.10816126050586802,2.4135857911578433e-17,0.18974634078152555,0.041455653931702523,0.55952799601038128,2.3200426373374492e-05,0.095883193135250858,0.058386345455747383,1.1404928525455926e-17,0.065190538800521003,0.31091802757169412,0.46961311428209934,8.7807546872496294e-06,nan,nan,nan,nan,nan,nan,nan,nan,nan,nan,nan,nan,nan,nan,0.25635965019954465,0.0028593183571963741,1.8291735764930555e-09,0.0026698120110666772,2.8783631432508011e-05,0.3699995894160622,0.00011548494636082389,4.2604125896559695e-07,2.0487193219419302e-10,5.2162387189912074e-12,4.9904554786330818e-10,1.3287828413360852e-10,7.6419830204911521e-08,0.36796685630606213,0,0,0,0,0,0,0,nan,nan,nan,nan,nan,nan,nan,nan,nan,nan,nan,nan,nan,nan,1.7144747865384504e-09,4.1891592347194262e-13,1.1161430023281072e-10,6.3303704763005592e-09,4.0411792835703952e-14,3.2455550824997403e-09,-3.8048880644110098e-13,1.1785928136220925e-14,-3.4910912700544064e-18,3.6823299476051083e-19,-1.5341901834731532e-18,1.6361231075207858e-18,-4.0685715099896772e-15,-1.1402100875187919e-08,-4.4682393737088821e-07,2.4378336477282048e-07,2.1944653334189891e-23,1.9968335517545509e-07,1.5389633423040783e-06,-6.5272611171618422e-07,0,0.021740570332156522,0.025052776852232207,5.2347177369639601e-18,0.043607814909347717,0.0092286508669265563,0.12329025990854359,5.1777596610182289e-06,0,0,0,0,0,0,0
6,0,lumen,0.0068421052631578941,0.00050000000000000001,0.0063157894736842104,0.007105263157894736,0,0.001,1000168.546483138,1.3775884073215006,13.43316916810172,3015.9139629066467,0.1666309692198405,1173,1173,4.05286541973277e-05,0.23096932717986873,0.59999999999999998,2,500000,0.00035,0.0001,0.077178262912577525,0.15266613725825232,1.0732376295058282e-17,0.17625807294749143,0.062252874162391829,0.52777558976614736,2.2717333957126099e-05,0.064623116736575753,0.073216353017877212,4.5055886726433743e-18,0.053800461522580972,0.41480822907934434,0.39354420095050302,7.6386931187568596e-06,0.27122308627724517,0.0016459564722765231,1.128698622134971e-09,0.0020483653776674892,2.0763743576148416e-05,0.38777929422469859,7.6749008326072287e-05,7.7841742019922682e-07,2.7154640670888134e-10,3.3901103219224089e-12,3.1503098212282547e-10,7.7066694003864255e-11,6.3630307889567431e-08,0.33720494105274901,nan,nan,nan,nan,nan,nan,nan,nan,nan,nan,nan,nan,nan,nan,0,0,0,0,0,0,0,-3.2418732386527433e-13,3.9552328889624149e-13,-9.5114648423882956e-13,1.2704110795747413e-10,5.2452616902676219e-15,1.0227704924301029e-10,-3.6809310680170794e-13,2.4362022815749285e-15,5.6370662508245219e-18,7.0539946385779102e-20,5.7512389405467076e-19,-8.3716947760915611e-19,-2.127453773234704e-15,-2.2807597497447735e-10,nan,nan,nan,nan,nan,nan,nan,nan,nan,nan,nan,nan,nan,nan,-2.1819480324879875e-07,1.8475894170144613e-07,-1.7240547240664775e-23,3.3334530104834584e-08,6.8792216860458222e-07,-2.5165735373366971e-07,0,0.017430345573303838,0.035529749603612958,2.4174485239120713e-18,0.040599880047578578,0.01433328166904441,0.12086110521337064,5.217226203062229e-06,-7.7451949912236707e-05,8.3361543527867195e-05,-8.3704057579196545e-21,2.7193756370171518e-05,5.1471950821830452e-05,-0.00012130803086334562,-3.589937435100661e-11
6,1,lumen,0.0068421052631578941,0.0015,0.0063157894736842104,0.007105263157894736,0.001,0.002,1000168.2512322473,1.3767192778328032,13.42469805726418,3023.1776643174612,0.16630716961192751,1173,1173,4.0511637951032664e-05,0.23074261053371672,0.59999999999999998,2,500000,0.00035,0.0001,0.078754598201054807,0.15092891756772106,1.0911647245705571e-17,0.17561146184569698,0.062022418393981475,0.53029308153448129,2.2732420393543949e-05,0.065901433738722287,0.072337563243711919,4.577960171916233e-18,0.053569289251590615,0.41301202367088757,0.39517205114940812,7.6389456794523665e-06,0.27141345477821505,0.0016647243486929669,1.154334816753714e-09,0.0020627521954334461,2.0748352479884468e-05,0.38658542875454721,7.7455884998076338e-05,7.6478932921315543e-07,2.684753665633689e-10,3.4398728329477145e-12,3.2167121849132177e-10,7.8754594014018516e-11,6.3445521227097958e-08,0.33817460562413254,nan,nan,nan,nan,nan,nan,nan,nan,nan,nan,nan,nan,nan,nan,0,0,0,0,0,0,0,-2.0643556993263175e-10,8.6690577439432363e-13,1.1242565881043518e-11,3.3388397852703083e-10,5.8392960605724298e-15,-2.8188820006512516e-10,-7.2630584318359755e-13,5.1014097460222452e-14,2.0932097860699691e-17,1.8648343334404527e-18,-6.7232019062930808e-18,8.6494076645109866e-18,-3.341067969316182e-14,1.4303314068107038e-10,nan,nan,nan,nan,nan,nan,nan,nan,nan,nan,nan,nan,nan,nan,-2.244264354920103e-07,1.8969288950732022e-07,8.5157166730403378e-23,3.5004168162842045e-08,7.0835340661157264e-07,-2.5975330708583044e-07,0,0.017763120319984289,0.035032093327251129,2.4513081253445349e-18,0.040345264198612035,0.014247287791090675,0.12117895575173988,5.2088943579708581e-06,-0.00021774322361749532,0.00026499719714862045,-1.9832388282534148e-20,0.00013598641160299718,0.00011094777340092869,-0.00031814993439792573,5.2751036089583518e-10
6,2,lumen,0.0068421052631578941,0.0025000000000000001,0.0063157894736842104,0.007105263157894736,0.002,0.0030000000000000001,1000167.3940235183,1.4097087551948595,13.746397622070479,2965.8448407865508,0.16570095302410243,1173,1173,4.0444210798732705e-05,0.23050244701838185,0.59999999999999998,2,500000,0.00035,0.0001,0.08110605857189257,0.1417119536371704,1.105604927958979e-17,0.16780702151195073,0.060001352861623884,0.52343137658741201,2.2189624157026706e-05,0.069495489041212555,0.069547620938841884,4.7496984038517125e-18,0.052415234190247663,0.40912820153672536,0.39940581906401762,7.6352289548633171e-06,0.27243546587825829,0.0017129962868806668,1.2276564807839144e-09,0.0021026102485492523,2.0526251767305635e-05,0.3825928793340464,7.9326236661574173e-05,7.2681555931608641e-07,2.5909245952878734e-10,3.5824490073585096e-12,3.4079593084346957e-10,8.3561142789848782e-11,6.2471240795828285e-08,0.3410554045623479,nan,nan,nan,nan,nan,nan,nan,nan,nan,nan,nan,nan,nan,nan,0,0,0,0,0,0,0,-1.0543926201231982e-10,1.091313906284148e-13,1.2761439394683361e-11,9.1614037169355335e-11,-7.5823678932773753e-15,-9.2831888747271774e-10,-3.0597712576807621e-14,3.3389957465601583e-14,1.2806721925200784e-16,5.8169849358430415e-19,-1.5951858097585657e-18,2.7263990862985081e-18,-3.5251839537152106e-14,9.2931351481288266e-10,nan,nan,nan,nan,nan,nan,nan,nan,nan,nan,nan,nan,nan,nan,-2.422745502281623e-07,2.0244321358164896e-07,4.5759449260354979e-22,4.0746903393193415e-08,7.6758502458307287e-07,-2.8310030852907175e-07,0,0.01865940872429428,0.033581955938649551,2.5400287650731711e-18,0.039331473579212788,0.014063275447326436,0.12198537725235702,5.1863616691935748e-06,-0.00045267239435798354,0.00058983451826581667,-3.6263955627963768e-20,0.00034600757117355291,0.00019738936056137927,-0.00063614203849619464,6.9958287664686114e-10
6,3,support,0.0068421052631578941,0.0035000000000000001,0.0063157894736842104,0.007105263157894736,0.0030000000000000001,0.0040000000000000001,1001371.4005964269,1.3498778763763486,13.147146219637468,3128.9814596449987,0.16574296718583384,1173,1173,4.028335125677894e-05,0.2304099274858859,0.40000000000000002,2,300000,0.00033700000000000001,0.0001,0.093945383037118538,0.13491070252073495,1.2326442841201759e-17,0.16560600404084924,0.061667747320451133,0.55913195652946879,2.3186016830935467e-05,0.0769877010190642,0.063323482064766706,5.0646148634690617e-18,0.049472752163760104,0.40216016421509315,0.40804827025061935,7.6302866965527894e-06,nan,nan,nan,nan,nan,nan,nan,nan,nan,nan,nan,nan,nan,nan,0.27534632226676947,0.0018138278494521315,1.3872279572166346e-09,0.0021911023519958998,1.9812923346657488e-05,0.37308137719697021,8.3327409728565946e-05,6.495072238361592e-07,2.3871268093498835e-10,3.9009929680127824e-12,3.8284754844831538e-10,9.4098847352302185e-11,5.982118016536089e-08,0.34746351856654506,0,0,0,0,0,0,0,nan,nan,nan,nan,nan,nan,nan,nan,nan,nan,nan,nan,nan,nan,3.1518723551046097e-10,-1.0349698350362832e-14,1.0904412104142372e-11,7.7180357190795261e-10,7.1318818906096482e-15,4.8226181576828397e-10,-1.8940383568819029e-14,-1.6116882134431521e-14,9.7011466530581164e-17,-7.9152923801191729e-19,3.6745007348060821e-18,-4.5891371501962954e-18,7.7950212199053485e-15,-1.5801265298618526e-09,-2.8214464303701753e-07,2.363089749435332e-07,1.9369521805048708e-21,4.5342502931001048e-08,8.9158613247874996e-07,-3.2824804691022891e-07,0,0.020653052871940612,0.030746781749570757,2.7084020528077564e-18,0.037267053313404123,0.013898489785387559,0.12467500276135458,5.1903638365917889e-06,-1.5343071179830241e-05,-1.3616666913857047e-06,-1.492509095627005e-20,-5.434578824772055e-05,5.5519033401845473e-05,-8.8312334245350138e-05,-4.0246412459028481e-09
6,4,support,0.0068421052631578941,0.0045000000000000005,0.0063157894736842104,0.007105263157894736,0.0040000000000000001,0.0050000000000000001,1001030.158033333,1.5701989023959904,15.298177829577565,2803.3194715685991,0.14136756877272527,1173,1173,4.1022074212657518e-05,0.20700690025202045,0.40000000000000002,2,300000,0.00033700000000000001,0.0001,0.092682856009901074,0.11712209175483197,2.2733991926767435e-17,0.20198223849988614,0.041405604878583413,0.54549470624100604,2.3250882551561318e-05,0.088379904817839458,0.063968389412264196,1.0869074669412742e-17,0.070212006702888199,0.31420154095922292,0.46322925457497005,8.9035328152292161e-06,nan,nan,nan,nan,nan,nan,nan,nan,nan,nan,nan,nan,nan,nan,0.25331568601110727,0.0027435259736077636,1.6572158622440167e-09,0.0025885054761031899,3.0256875571920383e-05,0.37950102792992702,0.00011138677774185938,4.6998422294673682e-07,2.2177410398528752e-10,4.7729948507809322e-12,4.5216160912533075e-10,1.2010694340583493e-10,8.0748368347949026e-08,0.36170905776728962,0,0,0,0,0,0,0,nan,nan,nan,nan,nan,nan,nan,nan,nan,nan,nan,nan,nan,nan,-7.2176413664056717e-10,3.3392994300504645e-13,-4.580279957197958e-11,-2.7775611726614153e-09,-2.2631202467593425e-14,-1.4747819002255622e-09,-2.2432395308967171e-13,3.3707520281922587e-14,1.2042442432192246e-16,1.040053753123005e-18,-4.0146287689902436e-18,6.4413495992932868e-18,-5.1511106061681996e-14,5.019840376148037e-09,-3.9493696509483589e-07,2.1062447047581756e-07,-2.4993492300653968e-23,1.8583311955920729e-07,1.3711424448753506e-06,-5.7803832798075661e-07,0,0.020229003717243583,0.02643930936010035,5.0074812548693834e-18,0.045506650367744893,0.0091933230535390029,0.12075010928262234,5.174935350871895e-06,0,0,0,0,0,0,0
7,0,lumen,0.0073684210526315788,0.00050000000000000001,0.007105263157894736,0.0074999999999999997,0,0.001,1000162.3394956631,1.3529528931018948,13.193024696752952,3055.3792449627499,0.16746050883014529,1173,1173,4.0549767031670317e-05,0.23201117114362857,0.59999999999999998,2,500000,0.00035,0.0001,0.074745436552098962,0.15992481679611814,1.0328073389003235e-17,0.17988522904402332,0.064318459271810874,0.53030685966464519,2.3011280624687154e-05,0.061467206283202798,0.075326385491427283,4.2583451244139207e-18,0.053926021253808569,0.42091022898318442,0.38836255877952625,7.5992088506986317e-06,0.27115353435023415,0.0015886940184222287,1.0654920299714124e-09,0.002006169554916123,2.0619030561724789e-05,0.39048840976228055,7.4621545472827161e-05,8.1725321259390614e-07,2.7929875232904134e-10,3.2711111287237809e-12,2.9883072903642928e-10,7.2882325918107151e-11,6.3649171662576595e-08,0.33466706911596078,nan,nan,nan,nan,nan,nan,nan,nan,nan,nan,nan,nan,nan,nan,0,0,0,0,0,0,0,2.7550760693550926e-11,4.9509735315510623e-14,-5.0903778867504733e-12,-5.3957556407556642e-11,2.080583968999683e-15,3.4724945727031276e-10,-9.2269384430620341e-15,8.591152962644788e-14,6.2277717305682176e-17,3.0636740065289122e-19,-3.3524327417309441e-19,1.2273414089401958e-18,5.0419930272473517e-14,-3.1593100376804899e-10,nan,nan,nan,nan,nan,nan,nan,nan,nan,nan,nan,nan,nan,nan,-2.0258569486102801e-07,1.7343023217541997e-07,5.2860359104137786e-23,2.8813165108024492e-08,6.3657173166031811e-07,-2.313499996020596e-07,0,0.016852317703798737,0.036418995096092775,2.3271354077421776e-18,0.040824027448004126,0.014547905081274477,0.12013316517189053,5.2171119000788011e-06,-8.0372116329181323e-05,9.0499520514785207e-05,-6.8946031207488995e-21,3.3089349260975983e-05,4.8982679292847151e-05,-0.00012012275160584774,1.4478246089006184e-10
7,1,lumen,0.0073684210526315788,0.0015,0.007105263157894736,0.0074999999999999997,0.001,0.002,1000162.0570042605,1.3852769938880569,13.508229922390159,2989.4330397347426,0.16725039412271242,1173,1173,4.0529863219342324e-05,0.2318284274911353,0.59999999999999998,2,500000,0.00035,0.0001,0.074571026211331395,0.15422084798950125,1.0227606507995098e-17,0.17477513700386485,0.062564755118809601,0.52007159475492559,2.2471330359139742e-05,0.062788915265925796,0.074375247178442169,4.3176717377877276e-18,0.053645907322716874,0.41921582201533569,0.38996651002240662,7.5981951727971429e-06,0.27140451142971228,0.0016064206878072358,1.0916092361849306e-09,0.00202038982255872,2.0585758035722487e-05,0.38921880234857864,7.53021467377998e-05,8.0274488792460893e-07,2.7602725554992787e-10,3.3199458758798349e-12,3.0558029234228303e-10,7.4572827997552099e-11,6.3418608458124547e-08,0.33565311989196356,nan,nan,nan,nan,nan,nan,nan,nan,nan,nan,nan,nan,nan,nan,0,0,0,0,0,0,0,-1.7873718119434127e-11,-1.9702458911544509e-14,-1.8904612205904648e-11,-1.9910556167168758e-10,1.1431285605600916e-14,1.0975366169282269e-09,1.7156638925630415e-16,6.4194960111563226e-14,5.1828305795034733e-17,-2.9009826050000769e-19,1.4714514808419382e-18,-1.2751630465973592e-18,7.935732177581582e-14,-8.6178803001799417e-10,nan,nan,nan,nan,nan,nan,nan,nan,nan,nan,nan,nan,nan,nan,-2.0872550145992902e-07,1.7729844065117462e-07,2.9083884372528279e-22,3.034827375854176e-08,6.5659039609478054e-07,-2.3889358130579907e-07,0,0.017192500002416431,0.035903172814581476,2.3574733553253446e-18,0.040546195578092609,0.014467031376388762,0.1204557388495669,5.2085853986868363e-06,-0.00021183997650935657,0.00026402704420379401,-2.3029964583912697e-20,0.00013562364205800854,0.00010335438330000166,-0.00030117324165894243,6.5940857412636209e-10
7,2,lumen,0.0073684210526315788,0.0025000000000000001,0.007105263157894736,0.0074999999999999997,0.002,0.0030000000000000001,1000161.2332461958,1.3615289125991046,13.276666563081296,3054.8991418999308,0.16660922061388755,1173,1173,4.0461834322802487e-05,0.23165406264683708,0.59999999999999998,2,500000,0.00035,0.0001,0.080083916162821622,0.1510572501844826,1.0884252816427958e-17,0.17401866314664496,0.063111214944651536,0.53460246080203011,2.2849350830695428e-05,0.066274852082499516,0.07160074054392454,4.5161133643350362e-18,0.052498074629079704,0.41562825258486685,0.39399048658736008,7.5935722693869303e-06,0.27245112238607111,0.0016503912898040015,1.1616365358362303e-09,0.0020579323603617259,2.0359978274774521e-05,0.38534372703586328,7.7031555298402314e-05,7.6458176537294774e-07,2.6675481449204124e-10,3.4514877843308657e-12,3.2378789115824433e-10,7.9098124063644653e-11,6.2454751743183739e-08,0.33839860652308562,nan,nan,nan,nan,nan,nan,nan,nan,nan,nan,nan,nan,nan,nan,0,0,0,0,0,0,0,-8.6656627449189768e-11,8.4119582889401908e-14,-5.7977753948495314e-12,-6.5784127855778019e-11,1.3393149436713436e-15,-7.0588846400043703e-11,-8.904796286617196e-14,2.9665939843548372e-15,-5.1688163149595986e-18,-1.2365246065420462e-19,8.148200009608595e-19,-1.1428624352571325e-18,1.2470013845426082e-14,2.288154386152418e-10,nan,nan,nan,nan,nan,nan,nan,nan,nan,nan,nan,nan,nan,nan,-2.2534946685862783e-07,1.8952278429962277e-07,-4.2438918357635869e-22,3.5903052411359014e-08,7.120122188092326e-07,-2.6119253881962123e-07,0,0.018084669955441508,0.034441534775847257,2.4522973846559344e-18,0.039535231310940597,0.014288782566317571,0.12124681898118733,5.1863983199552647e-06,-0.0004340441851912082,0.00057208535197303954,-3.592270542460242e-20,0.00031843371537241692,0.00019077568031953941,-0.0006023091017547718,3.6202196486476158e-10
7,3,support,0.0073684210526315788,0.0035000000000000001,0.007105263157894736,0.0074999999999999997,0.0030000000000000001,0.0040000000000000001,1001321.115521049,1.349442010284968,13.143561118214025,3112.7426992894862,0.16669052676781379,1173,1173,4.0308766273726696e-05,0.23156086790410596,0.40000000000000002,2,300000,0.00033700000000000001,0.0001,0.089638310771056467,0.13974169447072293,1.1750024234853757e-17,0.16673311181594563,0.062726317033153775,0.55131437516646797,2.3073013791768201e-05,0.073438048753527593,0.065573134667573654,4.8264629561627707e-18,0.049795879151602961,0.4089519750226816,0.40223337137665549,7.5910279587859947e-06,nan,nan,nan,nan,nan,nan,nan,nan,nan,nan,nan,nan,nan,nan,0.27520343063571917,0.0017427685775157362,1.3115206981152639e-09,0.0021407031830850982,1.9712332241570163e-05,0.37641579410441961,8.0734110332676755e-05,6.8764620857485215e-07,2.4705256585408641e-10,3.7412691989313285e-12,3.6312727017918211e-10,8.8871870222386053e-11,6.0015700685967141e-08,0.34439610738045712,0,0,0,0,0,0,0,nan,nan,nan,nan,nan,nan,nan,nan,nan,nan,nan,nan,nan,nan,2.9256517721499826e-10,5.6865998166442346e-14,-5.2704766988193601e-13,5.1960309520385947e-10,9.2886852723350621e-15,1.2214027747103201e-09,1.8380979255427759e-14,2.0565211859835397e-13,2.684748231003639e-16,4.4493960169344116e-19,9.7511462727777684e-20,2.0406140780923954e-18,1.3596214890455053e-13,-2.0334701980073451e-09,-2.6189023393657918e-07,2.2175900782350766e-07,2.2390947400259795e-22,3.8909999228412723e-08,8.244359371162302e-07,-3.0132037814878387e-07,0,0.020015616587555116,0.031681005201730256,2.61871937434382e-18,0.037604739853827091,0.014133022200467743,0.12387191690812423,5.1924584744148485e-06,-1.5634571592750046e-05,-2.0560278140379879e-06,-1.5125118532763471e-20,-6.0072237444924742e-05,5.9653006128038885e-05,-9.4287018868176715e-05,-4.3714390526053973e-09
7,4,support,0.0073684210526315788,0.0045000000000000005,0.007105263157894736,0.0074999999999999997,0.0040000000000000001,0.0050000000000000001,1000986.5909539304,1.6019336215943223,15.608043037376627,2739.8759367597536,0.14123688610135376,1173,1173,4.1115558815519102e-05,0.20646849078838295,0.40000000000000002,2,300000,0.00033700000000000001,0.0001,0.087378981205942702,0.11941934169952553,2.1908537469382367e-17,0.20481126076186737,0.04070176173728323,0.53172603091230985,2.2956240412672187e-05,0.08500996691544456,0.066544170822612644,1.0686586527536044e-17,0.072637482617432636,0.31511649250623308,0.46068291837761793,8.9687606592578742e-06,nan,nan,nan,nan,nan,nan,nan,nan,nan,nan,nan,nan,nan,nan,0.25184773302011404,0.0027008948272279109,1.5824532110328836e-09,0.0025555860700130885,3.0985244207298761e-05,0.38365593238017848,0.00010981306245538474,4.8944458551358242e-07,2.2935724119684849e-10,4.5853798445765199e-12,4.3184553895931295e-10,1.1466165826106435e-10,8.2809699359264821e-08,0.35909848077860468,0,0,0,0,0,0,0,nan,nan,nan,nan,nan,nan,nan,nan,nan,nan,nan,nan,nan,nan,8.3532198818029048e-10,1.2676527787975011e-14,4.5324911095659201e-11,3.2352331274607374e-09,2.3707815224871531e-14,2.0650508595872544e-09,-6.4703240678104419e-14,1.9931864318756265e-14,-5.2752826282037222e-18,-7.1190090960200175e-20,1.4406922010774828e-19,-3.3008800025232837e-19,7.0161167677176476e-14,-6.1809924683947127e-09,-3.7358058434418251e-07,1.9131110129411155e-07,1.404853532268637e-23,1.8015899353146933e-07,1.3003471300426783e-06,-5.5692950795549478e-07,0,0.019513864757847155,0.027080011933318431,4.9198861957173815e-18,0.046424487826817004,0.0091588616454968113,0.11953579857770816,5.1734015124633828e-06,0,0,0,0,0,0,0
8,0,lumen,0.0076315789473684215,0.00050000000000000001,0.0074999999999999997,0.0077631578947368425,0,0.001,1000159.222940431,1.3500104000595268,13.164372639228946,3054.6455757531803,0.16790824267636398,1173,1173,4.0559990540675696e-05,0.23250330375169895,0.59999999999999998,2,500000,0.00035,0.0001,0.073070566099433618,0.16244362050949926,1.0082272295589596e-17,0.18046270283735089,0.064902006094020706,0.52808861435251442,2.3004662002209729e-05,0.059959369263376798,0.076346603115049705,4.1479714216299669e-18,0.053981646200398227,0.42380664347976021,0.38589815741718386,7.5805242312039926e-06,0.27111216744087485,0.0015622236727833084,1.0356378353632588e-09,0.0019863097935613619,2.0550121297611168e-05,0.39177302404368014,7.3630132791538383e-05,8.3633791318211678e-07,2.8303748910052786e-10,3.216623386112144e-12,2.9120511787161548e-10,7.0928764532786727e-11,6.3654008124054392e-08,0.33347119311906653,nan,nan,nan,nan,nan,nan,nan,nan,nan,nan,nan,nan,nan,nan,0,0,0,0,0,0,0,2.4041162359224313e-11,2.7497705908839335e-13,1.6047459335713603e-12,5.9683820270441741e-11,2.5738851154588627e-14,-2.9010843857410484e-11,-4.9453477676515278e-13,8.405732707106317e-14,6.2319950066511352e-16,-4.1746579769592822e-18,1.7704903520732937e-17,-2.1026481792305497e-17,2.8901736012636727e-13,-5.6498861326483813e-11,nan,nan,nan,nan,nan,nan,nan,nan,nan,nan,nan,nan,nan,nan,-1.9535801922768853e-07,1.6859882884245891e-07,3.4760456534871556e-23,2.6786197010114962e-08,6.1284353344848164e-07,-2.2220230644354189e-07,0,0.016482775434293384,0.036990813329637627,2.2719506870023247e-18,0.040960145483666374,0.014685453913091196,0.11966943898299934,5.2169757595466243e-06,-8.1395411191300643e-05,9.3958209591991749e-05,-7.8869508376265165e-21,3.6084103272022731e-05,4.7536474442286558e-05,-0.00011939484676727872,2.5866476863808596e-10
8,1,lumen,0.0076315789473684215,0.0015,0.0074999999999999997,0.0077631578947368425,0.001,0.002,1000158.9466125938,1.3770649395351293,13.428193605165921,2999.9986348982425,0.16762510044368428,1173,1173,4.0538702220672755e-05,0.23234354052045367,0.59999999999999998,2,500000,0.00035,0.0001,0.073231533734494536,0.15719477970830328,1.0045536183823231e-17,0.17591781359994685,0.063381028665866798,0.51984986572398884,2.2547318570564523e-05,0.06129571856822489,0.075360297595305395,4.2156823784010873e-18,0.053676712936389766,0.4221690098312651,0.38749068235144213,7.5787173727883182e-06,0.27139322876753558,0.0015794411156991029,1.0618703383100159e-09,0.0020004427526312141,2.0508118239487927e-05,0.39046746056390441,7.4297654054867893e-05,8.2140819975267101e-07,2.7967054981955753e-10,3.2647605908481766e-12,2.9797703622132195e-10,7.2613314739466996e-11,6.3401233108623662e-08,0.33446373450310657,nan,nan,nan,nan,nan,nan,nan,nan,nan,nan,nan,nan,nan,nan,0,0,0,0,0,0,0,-1.2686122887495787e-11,3.4418302422550286e-14,-6.6861683949877539e-12,-4.8077760704523431e-11,3.029586130576245e-14,1.9873590360180993e-10,-2.697609382252734e-13,2.8119585653019197e-13,1.2164990686474074e-15,-4.992181831009773e-18,2.2383436755140132e-17,-2.4478154532825816e-17,4.8127418970315237e-13,-1.3184442445248568e-10,nan,nan,nan,nan,nan,nan,nan,nan,nan,nan,nan,nan,nan,nan,-2.0144942753253653e-07,1.7295814208617699e-07,1.5683528492264226e-23,2.8298441740787028e-08,6.3267301457503589e-07,-2.2970647273190536e-07,0,0.016826682185309048,0.036465075104513051,2.3064879872637391e-18,0.040668997810267962,0.014607851148980873,0.11999402957049435,5.2084027558375342e-06,-0.00021010138922825637,0.00026436058008020099,-1.8799267885982052e-20,0.00013507548007202338,0.0001007276768393519,-0.00029593834937471778,6.4986918743837081e-10
8,2,lumen,0.0076315789473684215,0.0025000000000000001,0.0074999999999999997,0.0077631578947368425,0.002,0.0030000000000000001,1000158.1394510091,1.3612666271168163,13.274150001527362,3047.9572965301031,0.16704064307512861,1173,1173,4.0470396851271589e-05,0.23219321109876406,0.59999999999999998,2,500000,0.00035,0.0001,0.078252403843488888,0.1531659060452939,1.0551668320077189e-17,0.17417703461928891,0.063587820974296105,0.5312363748578981,2.2795296030529582e-05,0.064746876930659336,0.072586476685650755,4.3772869569057066e-18,0.052535892302884989,0.41868763585469954,0.39143554405391939,7.5741721861945151e-06,0.27244827353531498,0.0016217376156586591,1.1306879933415045e-09,0.0020370793672979492,2.0281962995180981e-05,0.38663876902968175,7.597209819713228e-05,7.8301512454742562e-07,2.7042358947336254e-10,3.3919209358261985e-12,3.1584184939291942e-10,7.7031246587264023e-11,6.2443646716314018e-08,0.33715703913471218,nan,nan,nan,nan,nan,nan,nan,nan,nan,nan,nan,nan,nan,nan,0,0,0,0,0,0,0,-6.1106277421322169e-11,-7.4862774739844763e-14,-5.6387400362058657e-12,-1.9322955183189075e-10,4.2411820583287962e-15,1.0290606604693164e-10,1.1174351314179491e-13,1.1614862717446162e-13,4.883303497485795e-16,-7.260214578073016e-19,3.9926761710149105e-18,-3.0461353606244357e-18,6.8355646217838057e-14,1.568424277384739e-10,nan,nan,nan,nan,nan,nan,nan,nan,nan,nan,nan,nan,nan,nan,-2.1757982204568399e-07,1.838187937419633e-07,-6.201792668767343e-23,3.3663571736919387e-08,6.8645041029213871e-07,-2.5105579626316654e-07,0,0.017715214853449197,0.034997129418282646,2.38577803892545e-18,0.03966202768504043,0.014433013912111655,0.1207751516906477,5.1864621397170754e-06,-0.0004243553254178035,0.00056306199220601213,-3.6556305006445405e-20,0.00030564788217094814,0.00018690682082282218,-0.0005892940803533587,2.3102128608785534e-10
8,3,support,0.0076315789473684215,0.0035000000000000001,0.0074999999999999997,0.0077631578947368425,0.0030000000000000001,0.0040000000000000001,1001295.8537804162,1.3448157915777381,13.098832224653828,3115.1687248767107,0.1671621686514998,1173,1173,4.0321226257962191e-05,0.23210346235381918,0.40000000000000002,2,300000,0.00033700000000000001,0.0001,0.087860258044240067,0.14255215153650522,1.1462520028733896e-17,0.16781418221169425,0.063436747187499962,0.54939277997344005,2.3095453700088104e-05,0.071736382181405753,0.066664288334170319,4.692344106760406e-18,0.049948188273045743,0.41217624418990206,0.39946732446895622,7.5725525198927291e-06,nan,nan,nan,nan,nan,nan,nan,nan,nan,nan,nan,nan,nan,nan,0.27512513062451915,0.0017100528694148182,1.2757316895766752e-09,0.0021170217846442239,1.9663793281706283e-05,0.37799460757078512,7.9529203632489645e-05,7.0647891518895875e-07,2.510857810029468e-10,3.6679134392004004e-12,3.5383689585929235e-10,8.6431948439772297e-11,6.0102351605299095e-08,0.3429532256017051,0,0,0,0,0,0,0,nan,nan,nan,nan,nan,nan,nan,nan,nan,nan,nan,nan,nan,nan,2.9021199843866174e-10,8.1056248934033666e-13,9.2328104190859748e-12,7.2149435965676279e-10,-8.7427894784886107e-15,5.5830054359988501e-10,-4.0013566679225663e-13,3.2248693732778166e-13,7.5879395905980158e-16,5.3205177916388802e-18,-1.8803996546906833e-17,2.8660228167820765e-17,-1.3580373924521258e-14,-1.5799513088895294e-09,-2.5253964936432227e-07,2.1615194562008e-07,7.4705610508290852e-23,3.5819869437166106e-08,7.9326628518727738e-07,-2.8907184596027591e-07,0,0.019604695784783067,0.032288075693705266,2.5541552209183528e-18,0.037817137539232742,0.014282919207523392,0.12335764887138105,5.1938802327071478e-06,-1.5612430705336761e-05,-2.583823321665122e-06,-1.536090296115847e-20,-6.3053071477165665e-05,6.1724793495225182e-05,-9.585802501864074e-05,-4.5539837111482105e-09
8,4,support,0.0076315789473684215,0.0045000000000000005,0.0074999999999999997,0.0077631578947368425,0.0040000000000000001,0.0050000000000000001,1000964.8978512385,1.5508622621603909,15.110769386427842,2826.056208018118,0.13970035887413412,1173,1173,4.1164829630331394e-05,0.20615354154815754,0.40000000000000002,2,300000,0.00033700000000000001,0.0001,0.088419709538894248,0.12583442282634696,2.2508851561922876e-17,0.21530170431822984,0.042084985080791226,0.54775978036143425,2.3805850105642154e-05,0.083281795179029172,0.067884860557057516,1.0629603884791321e-17,0.073925206263665305,0.31544469453724833,0.45945443908975847,9.0043732414074469e-06,nan,nan,nan,nan,nan,nan,nan,nan,nan,nan,nan,nan,nan,nan,0.25106740996667609,0.0026811894790952804,1.5446597819021156e-09,0.002539525021802492,3.1378433326309178e-05,0.38576732404116554,0.00010906743140287153,4.9933495538416469e-07,2.3324816670585605e-10,4.4916046402051187e-12,4.2158896557943772e-10,1.1193209567885562e-10,8.3902795435176614e-08,0.3578035200728738,0,0,0,0,0,0,0,nan,nan,nan,nan,nan,nan,nan,nan,nan,nan,nan,nan,nan,nan,-2.4840446491911645e-10,3.0084565780629169e-12,-3.4219117910227982e-11,-1.4459253759254422e-09,-5.2088541813155587e-14,1.6302815217597577e-12,-2.254969461277512e-12,5.1321468776122092e-13,1.1244966399661711e-15,1.0494492899268022e-17,-3.9533111109526065e-17,6.1141228193647188e-17,-1.7056404558240836e-14,1.7257196499783175e-09,-3.6288565415099061e-07,1.852121921386285e-07,-5.3496371553856304e-22,1.7770560553275822e-07,1.2665907340864146e-06,-5.3917972447914408e-07,0,0.019050555649142108,0.027488974714050599,4.8708730724002334e-18,0.047027157781758637,0.0091305486750878784,0.11874447929551196,5.1723362575498821e-06,0,0,0,0,0,0,0
9,0,lumen,0.0078947368421052634,0.00050000000000000001,0.0077631578947368425,0.0079605263157894735,0,0.001,1000156.0981084892,1.3571318744297374,13.233857704842649,3031.645431271832,0.16827098450514469,1173,1173,4.0569144817315695e-05,0.23297570869972722,0.59999999999999998,2,500000,0.00035,0.0001,0.070964412585054371,0.16362692832780248,9.7619185100709032e-18,0.17963878203364778,0.064981099465645425,0.52213796154498771,2.2829385787637565e-05,0.058538486458789153,0.077308657128547842,4.0373723510390618e-18,0.054018816144528137,0.42656280944076302,0.38356366835320399,7.5624741677735325e-06,0.27108029633789404,0.0015375714969182578,1.0077044621438494e-09,0.0019676708993059222,2.0480723629550819e-05,0.39296675300573991,7.2703372408107266e-05,8.5468756718270718e-07,2.8656948893468104e-10,3.1666475311715055e-12,2.8408874190367121e-10,6.9112937990354089e-11,6.3644686912961304e-08,0.33235360418120907,nan,nan,nan,nan,nan,nan,nan,nan,nan,nan,nan,nan,nan,nan,0,0,0,0,0,0,0,1.4785266466316041e-10,2.2806585549973293e-11,-2.1571184999642828e-11,-2.8297493884750206e-10,-1.189958504996258e-13,5.1106008292466087e-10,-1.5239058976954021e-11,4.6542717596631533e-12,4.6727605777960352e-15,9.7117188504058612e-17,-3.1954756366742528e-16,4.5257596342018286e-16,-1.1006648252694604e-12,-3.6537362042337228e-10,nan,nan,nan,nan,nan,nan,nan,nan,nan,nan,nan,nan,nan,nan,-1.8863552921945248e-07,1.6316716205944104e-07,2.0308729362348523e-22,2.4975438771108538e-08,5.9088267446993914e-07,-2.1335125754973205e-07,0,0.016216077051435972,0.037405721990322743,2.2295154004660093e-18,0.041053602887466026,0.014785027021333556,0.11933561362781386,5.2168442598304255e-06,-8.1022214578175701e-05,9.5082477333352053e-05,-8.4424940614674478e-21,3.8027914359277157e-05,4.5586232256276982e-05,-0.00011648543743229204,3.3312881379009792e-10
9,1,lumen,0.0078947368421052634,0.0015,0.0077631578947368425,0.0079605263157894735,0.001,0.002,1000155.8277408822,1.355649226004036,13.219403465799481,3040.314268053216,0.16809211990972608,1173,1173,4.0547033592943311e-05,0.23283736457274951,0.59999999999999998,2,500000,0.00035,0.0001,0.072653971090589409,0.16169287081548847,9.9476502155034638e-18,0.17876686529683197,0.064813571996397895,0.52482701392321507,2.2847330752126964e-05,0.05986674295574599,0.076311435089372937,4.1096944101314906e-18,0.053697909942853728,0.42499839200398137,0.38511795985577246,7.5601522735653132e-06,0.27137940244592795,0.0015540452197439552,1.0336033081848664e-09,0.0019814605622118617,2.0433056466862838e-05,0.39165827472409787,7.3347452886841298e-05,8.3964783007141191e-07,2.8318501386249819e-10,3.2133752456180429e-12,2.9076728875131787e-10,7.0764218203759816e-11,6.3380207600807351e-08,0.33333213182910254,nan,nan,nan,nan,nan,nan,nan,nan,nan,nan,nan,nan,nan,nan,0,0,0,0,0,0,0,-3.9266797263804891e-10,3.6054146031435329e-11,7.8892844964217077e-11,1.0514256865496253e-09,-2.4762180153570235e-13,-3.5093449804110555e-09,-2.4044747870214046e-11,7.6897472764403396e-12,8.7384961166848612e-15,1.688003832307e-16,-5.9037271387545716e-16,8.2370592488198096e-16,-1.4468084497637914e-12,2.7536807554609862e-09,nan,nan,nan,nan,nan,nan,nan,nan,nan,nan,nan,nan,nan,nan,-1.9468323666626403e-07,1.7152794878905198e-07,-5.5792443606642234e-25,2.6579735572984498e-08,6.106044672105071e-07,-2.2223812989885516e-07,0,0.01656289384720179,0.036872205220114904,2.2662142214398686e-18,0.040754079909604814,0.014709302255867895,0.1196620117113215,5.2082778116277063e-06,-0.00020886720878963473,0.00026531281753724528,-1.7811540271917742e-20,0.00013435441429001318,9.8726055503734655e-05,-0.00029063900055863981,6.4147476275736632e-10
9,2,lumen,0.0078947368421052634,0.0025000000000000001,0.0077631578947368425,0.0079605263157894735,0.002,0.0030000000000000001,1000155.0371390496,1.3594713049630691,13.256684355934782,3044.7972669903993,0.1674591923200581,1173,1173,4.0478408443813589e-05,0.2327068863894754,0.59999999999999998,2,500000,0.00035,0.0001,0.0765963757749904,0.15535854463895332,1.0288411865292356e-17,0.17450016686919842,0.064114341414164902,0.52863652224628721,2.2769589278900583e-05,0.063293272857795749,0.073528710756015997,4.2624610482541085e-18,0.052564103529798713,0.42159900139693524,0.38900735578340967,7.5556760446723826e-06,0.27244444946047935,0.0015949943613512482,1.1014637743618668e-09,0.002017409637370327,2.0206465585107458e-05,0.38786034151277726,7.4978483985175883e-05,8.0087985389344464e-07,2.7392921617585691e-10,3.3367438917911521e-12,3.0835585970109531e-10,7.5093710309315381e-11,6.2426802233721315e-08,0.3359867550096195,nan,nan,nan,nan,nan,nan,nan,nan,nan,nan,nan,nan,nan,nan,0,0,0,0,0,0,0,-5.4317729213034422e-12,1.0530206687933439e-11,-1.0343487191975169e-11,-2.6666830057284258e-10,-3.5888284531659931e-14,3.3639577018060307e-11,-7.7867030403607751e-12,1.5503921931003806e-12,1.4297533202769093e-15,4.1649162931803477e-17,-1.5748523149517165e-16,2.1359472508914002e-16,-4.076949794358981e-13,2.4495203069195562e-10,nan,nan,nan,nan,nan,nan,nan,nan,nan,nan,nan,nan,nan,nan,-2.1032400256311423e-07,1.7863230933334862e-07,-3.3147196099996554e-23,3.166728882679434e-08,6.6267788878526801e-07,-2.4173571600005772e-07,0,0.017447256480205373,0.03540214275317155,2.3437568025548801e-18,0.03975143189487159,0.014537091895080739,0.12043393284193858,5.1865390732093755e-06,-0.00041364050624547512,0.0005517201660038101,-3.5771545627506109e-20,0.00029261125290080275,0.00018292315348930488,-0.00056938616773723584,1.0275337290594872e-10
9,3,support,0.0078947368421052634,0.0035000000000000001,0.0077631578947368425,0.0079605263157894735,0.0030000000000000001,0.0040000000000000001,1001270.5158547029,1.3150634753059234,12.80936158527293,3177.5102690403155,0.16759471072620591,1173,1173,4.0333378951136511e-05,0.23261779086129153,0.40000000000000002,2,300000,0.00033700000000000001,0.0001,0.087795940514991233,0.14809284484968854,1.141604415093939e-17,0.17208347014621525,0.065353954183510449,0.55810124985312393,2.3562497096355834e-05,0.070099728715055543,0.067724912455244007,4.5700430465286179e-18,0.050087013836974038,0.41524922131148106,0.39683156872391978,7.5549573256361799e-06,nan,nan,nan,nan,nan,nan,nan,nan,nan,nan,nan,nan,nan,nan,0.27503976033042288,0.0016794499541864809,1.241604336094504e-09,0.002094580979811619,1.961875895260705e-05,0.37950715930957329,7.839556918357596e-05,7.2493045283526995e-07,2.5499492765364481e-10,3.5992833911895017e-12,3.4499734000779544e-10,8.4124419292413543e-11,6.0186778029125609e-08,0.3415802480513182,0,0,0,0,0,0,0,nan,nan,nan,nan,nan,nan,nan,nan,nan,nan,nan,nan,nan,nan,-3.7828009571056331e-11,2.4583392096801649e-11,4.6930362073588264e-11,1.5670004177451849e-09,-1.1177582297239308e-14,-6.6811132667932149e-10,-1.9362475718858557e-11,2.4260617386556715e-12,1.7913828651540809e-15,6.7528352206991457e-17,-2.476150682329902e-16,3.3626571697309517e-16,-1.0271768990451015e-12,-9.1460183891839895e-10,-2.4377614967277528e-07,2.1103937097866066e-07,-1.0181170511479513e-22,3.3356570024163071e-08,7.6457509222416231e-07,-2.786545461042067e-07,0,0.019306689130399707,0.032731040022339529,2.5067564840043049e-18,0.037968442883489328,0.014390772104943517,0.12298754246474615,5.1949649529672542e-06,-1.5652128957834844e-05,-2.9994366247134405e-06,-1.551120936286174e-20,-6.586063053960017e-05,6.3716777992715807e-05,-9.6798868089224951e-05,-4.7318215745195226e-09
9,4,support,0.0078947368421052634,0.0045000000000000005,0.0077631578947368425,0.0079605263157894735,0.0040000000000000001,0.0050000000000000001,1000943.2684410301,1.5762325884284603,15.358296097569104,2777.0092239707992,0.14008803820648236,1173,1173,4.121202113926239e-05,0.20582239550708969,0.40000000000000002,2,300000,0.00033700000000000001,0.0001,0.085316386857596044,0.12610268554188397,2.1990944689623454e-17,0.21540509004664768,0.041428687719883457,0.5376801216171998,2.3515201543906606e-05,0.08167514375950341,0.06914396227243487,1.0555142196652975e-17,0.07517224099297759,0.31561212943238848,0.45838748340682328,9.0401358724738859e-06,nan,nan,nan,nan,nan,nan,nan,nan,nan,nan,nan,nan,nan,nan,0.25031103007577316,0.0026648147670623808,1.5098804062635639e-09,0.0025252978078505119,3.1764748797164068e-05,0.38772320564916057,0.00010842890158825242,5.0836574102175721e-07,2.3685350645981803e-10,4.4060710773385699e-12,4.1215642737959069e-10,1.0943856477572574e-10,8.4956952982077245e-08,0.35663486245433873,0,0,0,0,0,0,0,nan,nan,nan,nan,nan,nan,nan,nan,nan,nan,nan,nan,nan,nan,-3.4757655753490813e-10,7.8373835064772462e-11,4.1605184222325092e-11,1.0751239643285321e-09,9.2964047918031589e-14,-1.1008233129303907e-09,-6.8982519885433376e-11,3.0730371589418604e-12,2.270313677207186e-15,1.1937381532413063e-16,-5.1136879097103461e-16,6.7772514798399748e-16,-2.079919291671399e-12,3.2119093443158261e-10,-3.5335720697041162e-07,1.7885573078135764e-07,-1.7360361373205638e-22,1.7555960574480323e-07,1.2357200604856677e-06,-5.2995466248706435e-07,0,0.018712190236595164,0.027783254236535999,4.8305127393188304e-18,0.047473076223617343,0.0091058313099555994,0.11816335704985842,5.1715061191244082e-06,0,0,0,0,0,0,0
10,0,lumen,0.0080263157894736835,0.00050000000000000001,0.0079605263157894735,0.0080921052631578935,0,0.001,1000154.5326625514,1.3546685686692197,13.209857842817424,3033.7397823300598,0.16850331049079642,1173,1173,4.05736687465048e-05,0.23320547147608292,0.59999999999999998,2,500000,0.00035,0.0001,0.07024802994738169,0.16492876008220564,9.5572375844738724e-18,0.18002190717638156,0.065304293187991413,0.52153340555505101,2.2844212108183587e-05,0.057842453988835835,0.07778241609703955,3.9455512801091201e-18,0.054035851811967427,0.42790695909674453,0.38242476534347331,7.5536619394311325e-06,0.27106260856305031,0.0015256910364934307,9.9409211576960723e-10,0.00195861547180274,2.044701836950998e-05,0.39354962765132895,7.2255122278299741e-05,8.6378323063662725e-07,2.8830636302596237e-10,3.1426516557702915e-12,2.8062627035484872e-10,6.8232822012831879e-11,6.3639832481835968e-08,0.3318098260792367,nan,nan,nan,nan,nan,nan,nan,nan,nan,nan,nan,nan,nan,nan,0,0,0,0,0,0,0,-2.8606443510135335e-10,4.3406903503090787e-12,2.461612685132851e-11,6.6211578309147215e-10,-8.0458643220149284e-16,1.6000576124469701e-10,-4.0818617242226392e-12,-1.1271842834115198e-13,5.7272280070146128e-18,3.6004133403528384e-18,-3.8429572142656061e-17,4.5374056158992317e-17,-1.2156350714252015e-13,-5.6069685023124017e-10,nan,nan,nan,nan,nan,nan,nan,nan,nan,nan,nan,nan,nan,nan,-1.8544486349737072e-07,1.6110767209198684e-07,1.1245594998325892e-21,2.4152804527233985e-08,5.8055892969421929e-07,-2.1023541685316616e-07,0,0.016041795011731367,0.037677548057816333,2.1828165000209808e-18,0.041113253664843585,0.014850187101439193,0.1191179837678112,5.2167520587456365e-06,-8.1400404209052893e-05,9.6333512202405558e-05,-3.5211399319670892e-21,3.9062450425757652e-05,4.4918101726141385e-05,-0.00011684595885730692,3.5040047188291311e-10
10,1,lumen,0.0080263157894736835,0.0015,0.0079605263157894735,0.0080921052631578935,0.001,0.002,1000154.2652563965,1.3803476359134896,13.460267212948729,2982.5452643867789,0.16823063847139524,1173,1173,4.0551050749711066e-05,0.23307659357511354,0.59999999999999998,2,500000,0.00035,0.0001,0.070529234740440483,0.15976325342176545,9.4510673028898711e-18,0.17559831323891056,0.063859129092434408,0.51389415381378922,2.2411986774738973e-05,0.059174864173229168,0.076774583429739682,3.9756825846759263e-18,0.053707201216542266,0.4263695146678349,0.38396628529035681,7.5512222968976103e-06,0.27137189768586945,0.0015418897816895844,1.0199852664844323e-09,0.0019723002646738377,2.0396280936846804e-05,0.39223289052783661,7.2890975626875852e-05,8.4861521756186337e-07,2.8489537641386094e-10,3.1889972851193866e-12,2.8729988920421643e-10,6.987806241493352e-11,6.3367957184815143e-08,0.33278682083494443,nan,nan,nan,nan,nan,nan,nan,nan,nan,nan,nan,nan,nan,nan,0,0,0,0,0,0,0,5.7725042553759359e-09,4.5673615096438585e-12,-4.6806685246211327e-10,-1.3336277088306593e-08,1.313706088357236e-14,1.1804269361244055e-08,-4.6538279346907216e-12,-2.2124619844521298e-13,2.0039764935885595e-17,-1.6379827323224272e-18,-1.6730407210963044e-17,1.1262778026025076e-17,1.0848024514320914e-13,-3.7722436565034525e-09,nan,nan,nan,nan,nan,nan,nan,nan,nan,nan,nan,nan,nan,nan,-1.908615302878211e-07,1.5380215695470767e-07,1.811983093708382e-21,2.5723270369098787e-08,5.9682833872254371e-07,-2.0371684678055502e-07,0,0.016390284675060259,0.037139225642290788,2.1967285477546047e-18,0.040808451997888823,0.014775661652902918,0.11944552421493512,5.2081955155561181e-06,-0.00020790940500811048,0.00026566090676526457,-3.4573621493241625e-20,0.00013413526593228559,9.7607446084153044e-05,-0.00029085932800559255,6.437862667487684e-10
10,2,lumen,0.0080263157894736835,0.0025000000000000001,0.0079605263157894735,0.0080921052631578935,0.002,0.0030000000000000001,1000153.4828779619,1.35168372241755,13.180765374021595,3058.8036249402562,0.1676604473380198,1173,1173,4.0482425837943429e-05,0.23295596603204705,0.59999999999999998,2,500000,0.00035,0.0001,0.076170372105515596,0.15724229659693006,1.037056427410408e-17,0.17555220138729963,0.064700517303815264,0.53006180836331795,2.2873638213257175e-05,0.062580801793599719,0.073994067058780782,4.2718911961115207e-18,0.052578163043445314,0.42301703281716935,0.38782238855212275,7.5467348820825368e-06,0.27243901883420935,0.0015821175742625228,1.0872157822615067e-09,0.0020078490230908447,2.0170196139686722e-05,0.38845873586106339,7.4498070755573469e-05,8.0974875819630328e-07,2.7565696266879641e-10,3.3102339261987567e-12,3.0471165545863335e-10,7.4154468398842029e-11,6.241930420279352e-08,0.33541673652736703,nan,nan,nan,nan,nan,nan,nan,nan,nan,nan,nan,nan,nan,nan,0,0,0,0,0,0,0,-3.179555967944371e-10,1.5571703066596762e-11,-6.2427868655280999e-12,9.1945937335634772e-10,-2.39569648841087e-14,-4.1340013552139399e-10,-1.3141014433702062e-11,6.1053874629568572e-13,6.1094897580063424e-16,2.2486502742143552e-17,-1.0569424095494253e-16,1.341769976903611e-16,-7.9446957208309348e-13,-1.8408447007868282e-10,nan,nan,nan,nan,nan,nan,nan,nan,nan,nan,nan,nan,nan,nan,-2.0682485501327674e-07,1.7650071343355833e-07,-1.4415954684461042e-21,3.0743991675820478e-08,6.5140423198550845e-07,-2.3849555053079285e-07,0,0.017271596862964835,0.035668322669141737,2.3497629704130287e-18,0.039809365115532971,0.014605133138865507,0.12020998751580191,5.1866009773667238e-06,-0.0004084436648076533,0.00054606384552823017,-2.5915576720056358e-20,0.00028610229368010101,0.00018107875162258141,-0.00055838220840777407,3.7072054430047547e-11
10,3,support,0.0080263157894736835,0.0035000000000000001,0.0079605263157894735,0.0080921052631578935,0.0030000000000000001,0.0040000000000000001,1001257.8192840058,1.3007230370716445,12.669839360846021,3208.52895058076,0.16781646377560952,1173,1173,4.0339414579543189e-05,0.23286627619648803,0.40000000000000002,2,300000,0.00033700000000000001,0.0001,0.087750193567495166,0.15087658439322096,1.1350911612508935e-17,0.17421436183333758,0.066311037969454256,0.56242474738386283,2.3795227586476074e-05,0.069300059613744788,0.068246415122286241,4.4944754900196853e-18,0.050154922374530009,0.41674117010116396,0.39554988631240329,7.5464758717252465e-06,nan,nan,nan,nan,nan,nan,nan,nan,nan,nan,nan,nan,nan,nan,0.27499514821367949,0.0016647858753502673,1.2250353263633666e-09,0.0020837243074933827,1.9597015498996616e-05,0.3802429474737693,7.7850037767625177e-05,7.3406668839468639e-07,2.5691352286201815e-10,3.5664259858591018e-12,3.4071236757432989e-10,8.3010689748864506e-11,6.0227459059621297e-08,0.34091515087306151,0,0,0,0,0,0,0,nan,nan,nan,nan,nan,nan,nan,nan,nan,nan,nan,nan,nan,nan,6.293803925369152e-10,1.0245373144880598e-11,-2.2354795846486996e-11,-4.744635456794168e-10,-1.6610519383564171e-14,3.0208635833691572e-09,-9.246299374877746e-12,1.5410524419057214e-14,1.7438571303713504e-16,1.5809712760642214e-17,-1.138484933416956e-16,1.4267149992656823e-16,-3.7563690551455589e-13,-3.1540481062299928e-09,-2.3947703406412835e-07,2.0431788805286288e-07,2.1345771009531413e-22,3.2161013884948061e-08,7.5034989252542594e-07,-2.7118653062041531e-07,0,0.019111283047676529,0.03302239216338549,2.4750675141741026e-18,0.038066717723572681,0.0144612075159367,0.1227459551007322,5.1956943633781613e-06,-1.5653020730261011e-05,-3.2289444280830464e-06,-1.5645545724481783e-20,-6.7292739151034452e-05,6.4737586031978899e-05,-9.72036366903997e-05,-4.8227150514594408e-09
10,4,support,0.0080263157894736835,0.0045000000000000005,0.0079605263157894735,0.0080921052631578935,0.0040000000000000001,0.0050000000000000001,1000932.4783498312,1.5654470030358807,15.253369302432795,2794.3887201422617,0.13882169854806736,1173,1173,4.123582800653187e-05,0.20564845555682126,0.40000000000000002,2,300000,0.00033700000000000001,0.0001,0.085061000045360366,0.12812920732684374,2.2078317710276095e-17,0.21870869277766705,0.041720311137404542,0.54077400185189295,2.3725028926584185e-05,0.080874328175910629,0.069775155936605701,1.0524680717897483e-17,0.075803686986527119,0.31566235773374579,0.45787541267840126,9.0584888092137497e-06,nan,nan,nan,nan,nan,nan,nan,nan,nan,nan,nan,nan,nan,nan,0.24992795900431061,0.0026571459399817613,1.4926616280274275e-09,0.0025184026970765058,3.1962217552813116e-05,0.38869311047388627,0.00010812487368361205,5.1282829662497578e-07,2.3864730455988355e-10,4.3639197013668643e-12,4.0748903230107949e-10,1.0820865435870039e-10,8.549123886650921e-08,0.3560626942226025,0,0,0,0,0,0,0,nan,nan,nan,nan,nan,nan,nan,nan,nan,nan,nan,nan,nan,nan,-2.4626965828057591e-10,2.6816589929469528e-12,-1.9458697290944464e-11,4.5127263653549505e-10,7.1297134862646772e-15,1.7140488605283527e-09,-2.1555192320977554e-12,1.6013503457285028e-13,1.3951740494612477e-16,6.5383804765475197e-18,-3.3095466943334892e-17,4.5008467815746503e-17,-1.9367696583278571e-13,-1.9000930833989231e-09,-3.4858810452672445e-07,1.7224927056913586e-07,-8.1162476213834395e-23,1.7464427003124393e-07,1.2205914485113878e-06,-5.237032854044088e-07,0,0.018489594063066501,0.027975221357596534,4.8102587280863795e-18,0.047768598472830284,0.0090882491611035329,0.11777989140128758,5.1709420619094431e-06,0,0,0,0,0,0,0
11,0,lumen,0.0081578947368421053,0.00050000000000000001,0.0080921052631578935,0.0081661184210526302,0,0.001,1000152.9652476201,1.3567112977177924,13.229797957930788,3025.84145662523,0.16865792516680331,1173,1173,4.0577972222826566e-05,0.23343089760854085,0.59999999999999998,2,500000,0.00035,0.0001,0.069320621579625652,0.16565675569604493,9.5818317767692387e-18,0.17979538770432632,0.065406074210251186,0.51923435958729658,2.2783630848514664e-05,0.057164982722472377,0.078243677551766339,3.9616756820281893e-18,0.054049322936128304,0.4292208070550847,0.38131366473247391,7.545002074441257e-06,0.27104687163255209,0.0015141929562185359,9.8088664838256813e-10,0.0019498190569986575,2.0413267225425255e-05,0.39411329621982938,7.1820529662674845e-05,8.7271930645132612e-07,2.8999876890183009e-10,3.1196004093794381e-12,2.7727146496846294e-10,6.738171214948208e-11,6.3632106214737302e-08,0.3312826483675067,nan,nan,nan,nan,nan,nan,nan,nan,nan,nan,nan,nan,nan,nan,0,0,0,0,0,0,0,-3.4076393474223245e-11,5.5046492220147681e-14,7.049295119017801e-12,1.0854232293400851e-10,2.7320810544462226e-15,-1.0141697854779141e-10,-4.6530772673458246e-14,9.6929842624549067e-15,7.5072353305292706e-19,1.5244163207528032e-19,-6.9682154920682784e-19,9.1455984948476382e-19,4.2829577762786363e-15,1.9876544683513882e-11,nan,nan,nan,nan,nan,nan,nan,nan,nan,nan,nan,nan,nan,nan,-1.8230239821458855e-07,1.5903133010475301e-07,-2.513079322895546e-22,2.3365419098973771e-08,5.7026853100827779e-07,-2.0576931614169069e-07,0,0.01594565530570291,0.037827863764138075,2.2494888094084564e-18,0.041145385122132561,0.014886178782280889,0.11899818498468377,5.2166976112657662e-06,-8.1662300526067361e-05,9.7437078280412557e-05,-5.0691083976812784e-21,4.0008084227782132e-05,4.4261609070245785e-05,-0.00011690352713317441,3.6792263869086806e-10
11,1,lumen,0.0081578947368421053,0.0015,0.0080921052631578935,0.0081661184210526302,0.001,0.002,1000152.7007912478,1.3935905377247955,13.589424777558754,2950.9429561721863,0.16848572865172709,1173,1173,4.0554897862548828e-05,0.23331095370923438,0.59999999999999998,2,500000,0.00035,0.0001,0.069062126908448249,0.15917590742312218,9.4302919521051659e-18,0.1739498549348133,0.063450977266162265,0.5075211491596392,2.217316835033718e-05,0.058499942566887349,0.077226312757093005,4.0050079102928577e-18,0.053713523795221499,0.42770946558586448,0.38284321285179534,7.542443138349277e-06,0.27136547795879512,0.0015301267467868619,1.0067465189705486e-09,0.001963400649567266,2.0359776483021648e-05,0.39278972255332489,7.2448405972525747e-05,8.5743207682853167e-07,2.8656443572173814e-10,3.1655201464970134e-12,2.8393298237729279e-10,6.9019410904106929e-11,6.3353718657318937e-08,0.33225754147384579,nan,nan,nan,nan,nan,nan,nan,nan,nan,nan,nan,nan,nan,nan,0,0,0,0,0,0,0,-3.3769339393668995e-11,2.7869939187573906e-13,3.0272752506838042e-12,3.1447901917375794e-11,2.3483819056036026e-15,-3.3035762059957507e-11,-2.560408136896548e-13,1.1644331332494318e-14,-4.1715251822544282e-18,7.8878051360522931e-19,-4.2117142176044116e-18,5.2551497371031263e-18,2.6189264922261797e-15,3.229083649737895e-11,nan,nan,nan,nan,nan,nan,nan,nan,nan,nan,nan,nan,nan,nan,-1.8816567146084928e-07,1.6327824514661415e-07,1.0754140516020432e-22,2.4917418112224922e-08,5.8942237801673514e-07,-2.1311152620384632e-07,0,0.016294959508962838,0.037287023151359615,2.2496677583482692e-18,0.040837813288515323,0.014812292561802215,0.11932631297231319,5.2081506626355182e-06,-0.00020687666273926902,0.00026574078859494785,-1.5317054646837895e-20,0.00013370131675562137,9.6523578649811996e-05,-0.0002901961348923339,6.3903136386658657e-10
11,2,lumen,0.0081578947368421053,0.0025000000000000001,0.0080921052631578935,0.0081661184210526302,0.002,0.0030000000000000001,1000151.9266051924,1.3486746949308994,13.151443703820917,3062.1648115560906,0.16786015293088161,1173,1173,4.0486326724097001e-05,0.23319929479031698,0.59999999999999998,2,500000,0.00035,0.0001,0.075491277705756546,0.15856277974902666,1.0063289412256819e-17,0.17598456813895702,0.065057046001291127,0.52965940228262465,2.2898082871549287e-05,0.061884889913156403,0.074449463455575848,4.136095511611745e-18,0.052590405158506881,0.42440182441610519,0.38666587906296829,7.5379936873743794e-06,0.27243349210935469,0.0015696558940021771,1.0733478696896692e-09,0.001998550945093274,2.0134491628223802e-05,0.3890406904239786,7.4032096389815033e-05,8.184845704204731e-07,2.7734742975023933e-10,3.2846710868318087e-12,3.0116854156816949e-10,7.3243437477518557e-11,6.2410565834916577e-08,0.33486256141594833,nan,nan,nan,nan,nan,nan,nan,nan,nan,nan,nan,nan,nan,nan,0,0,0,0,0,0,0,2.1227672072767863e-10,2.668464662161713e-13,4.415355958059982e-12,-1.8360157671358222e-09,1.0754418189318216e-14,2.1990924547934249e-09,-1.1464709141396628e-13,4.1149158733211344e-14,1.0415192801295047e-16,4.0860848825279105e-19,3.1052303326573546e-19,-3.8673114432615469e-19,-8.8205047118082606e-14,-5.798851400887263e-10,nan,nan,nan,nan,nan,nan,nan,nan,nan,nan,nan,nan,nan,nan,-2.0344459962517991e-07,1.7138110819381325e-07,4.0415211023737624e-22,2.9860019793582885e-08,6.4007456922199335e-07,-2.3146422190034599e-07,0,0.017174425703500043,0.035815922611226486,2.1640050441761803e-18,0.039841028775714771,0.014642667795245593,0.12008618413382197,5.1866416152911916e-06,-0.00040352966181359684,0.00054082753875895641,-3.8445766226541887e-20,0.00028003275873524693,0.00017939184378971325,-0.00055024387044246318,-3.0053658080726922e-11
11,3,support,0.0081578947368421053,0.0035000000000000001,0.0080921052631578935,0.0081661184210526302,0.0030000000000000001,0.0040000000000000001,1001245.1047247435,1.2916703485240935,12.581820398961955,3227.0688271888307,0.16802036111045113,1173,1173,4.0345297003161472e-05,0.23310838027773062,0.40000000000000002,2,300000,0.00033700000000000001,0.0001,0.08736881325757366,0.15306922146151158,1.1357737035022697e-17,0.1756577314355425,0.06700796381535129,0.56457122903682155,2.3935425675109989e-05,0.068519523585192171,0.068757210033476318,4.4659356057658047e-18,0.050219137644824684,0.41819551886155332,0.39430107167152395,7.5382034297105528e-06,nan,nan,nan,nan,nan,nan,nan,nan,nan,nan,nan,nan,nan,nan,0.27495087378089239,0.001650626320630687,1.2089275427062883e-09,0.0020731838705396926,1.9575566235827027e-05,0.3809583784592005,7.7321967870077027e-05,7.4306772036102655e-07,2.5879144868601935e-10,3.5347719778341843e-12,3.3655122889429526e-10,8.1931909111445726e-11,6.02659132086155e-08,0.34026923481126048,0,0,0,0,0,0,0,nan,nan,nan,nan,nan,nan,nan,nan,nan,nan,nan,nan,nan,nan,2.9562461294328028e-10,5.0069642979520038e-14,1.0164716743481569e-11,6.2402544393306878e-10,2.7925795356709138e-15,7.2542826997160081e-10,-4.1144265988063932e-14,4.035140277469651e-14,1.578586507572765e-17,6.7555048989510163e-20,3.6719612386267561e-19,-3.4503855311649129e-19,2.8077629963636064e-14,-1.6553232397945899e-09,-2.3542304314685958e-07,2.0363499053654976e-07,-4.9070037685169991e-22,3.1052388418984514e-08,7.3714321735529609e-07,-2.6708929173890894e-07,0,0.01900313510735252,0.033184111320122577,2.4550947871124227e-18,0.038120652775942433,0.014500038769532158,0.12261274021748002,5.1961079113141303e-06,-1.5647603709689334e-05,-3.4643008197586621e-06,-1.5744522969057526e-20,-6.8769891485786063e-05,6.5716587087278849e-05,-9.8032698900316051e-05,-4.9116245854831563e-09
11,4,support,0.0081578947368421053,0.0045000000000000005,0.0080921052631578935,0.0081661184210526302,0.0040000000000000001,0.0050000000000000001,1000921.7050288655,1.5593008967377961,15.193646535793993,2803.7098877563794,0.13949424599420823,1173,1173,4.1259543991450741e-05,0.2054685724427627,0.40000000000000002,2,300000,0.00033700000000000001,0.0001,0.084565041589278772,0.12978082983967398,2.2177511054951733e-17,0.22140399127313132,0.04188658792228659,0.54232187068068638,2.3867338152080292e-05,0.080087973022017117,0.070397859896680917,1.0530572661185086e-17,0.07643741018923346,0.31567956918734141,0.45738811056080647,9.0771439207253702e-06,nan,nan,nan,nan,nan,nan,nan,nan,nan,nan,nan,nan,nan,nan,0.24954470768260825,0.0026500469704891713,1.4758336289818775e-09,0.002511782955599015,3.2161054878376013e-05,0.38964391482280641,0.00010783835113985639,5.1716947124948456e-07,2.4040528836569166e-10,4.3228790250419581e-12,4.0292844085327382e-10,1.0701048630120209e-10,8.6024760299079929e-08,0.35550894273768563,0,0,0,0,0,0,0,nan,nan,nan,nan,nan,nan,nan,nan,nan,nan,nan,nan,nan,nan,6.8036079275636093e-11,8.4556940471063572e-14,1.4457054995737726e-11,6.3966996848871186e-10,-1.6742249947521159e-15,-1.5306288625883263e-10,-5.777432026630843e-14,4.3564327492640054e-15,1.9638550802536523e-17,2.0253356385882347e-19,-8.8053862174879671e-19,1.2702077952884661e-18,-1.6141917648818704e-14,-5.6911397868977037e-10,-3.4405645266827323e-07,1.7050392936424075e-07,-8.0938099014034083e-22,1.7369114258286664e-07,1.2057831529493912e-06,-5.183728128410614e-07,0,0.018366009081358773,0.028080943166379737,4.8073860041912891e-18,0.047933806784793899,0.0090777636170826029,0.11756633294355079,5.1706189496415818e-06,0,0,0,0,0,0,0
12,0,lumen,0.0081743421052631569,0.00050000000000000001,0.0081661184210526302,0.0081825657894736836,0,0.001,1000152.7691834967,1.3565048639856845,13.227787538700964,3025.8886271650572,0.16871937714390084,1173,1173,4.0578509341851333e-05,0.23345878646957577,0.59999999999999998,2,500000,0.00035,0.0001,0.069229164224136663,0.16580345343211217,9.5082812699037379e-18,0.17982822408810584,0.065440822418900341,0.51912571341965674,2.2783856850138133e-05,0.057080887355152876,0.078301065875861442,3.9306683072847184e-18,0.054050979156521878,0.42938357902533369,0.38117594465677396,7.5439303560902068e-06,0.27104480262771374,0.0015127741726856491,9.792504595891126e-10,0.0019487303146378458,2.0409098742273683e-05,0.39418322032406145,7.1766830936125737e-05,8.7383339656836982e-07,2.902091976639056e-10,3.1167600640059229e-12,2.7685603033721523e-10,6.7276465252323724e-11,6.3631156658125151e-08,0.33121735754998161,nan,nan,nan,nan,nan,nan,nan,nan,nan,nan,nan,nan,nan,nan,0,0,0,0,0,0,0,4.2891082757427041e-11,2.2691746539455958e-14,-1.9144009752010709e-12,5.0163664437399156e-11,-1.2197274440461925e-15,6.2480913238377456e-11,-1.8578127594428803e-14,2.5177342849458384e-15,1.993959708601818e-19,7.5110145119528722e-20,-3.7065766793105689e-19,4.3220675559444985e-19,7.3154755653818121e-16,-1.5362763855799305e-10,nan,nan,nan,nan,nan,nan,nan,nan,nan,nan,nan,nan,nan,nan,-1.8190744044237206e-07,1.5857690571774441e-07,2.9151583176147038e-22,2.3269966252230694e-08,5.6897659525545485e-07,-2.0522948590562251e-07,0,0.015924342734544152,0.037861195077781441,2.2895666232803187e-18,0.041152486194742474,0.014894158949795736,0.11897164402377905,5.2166853952132702e-06,-8.1693662273742932e-05,9.7587781234546427e-05,-6.4096323128712158e-21,4.0134359136777533e-05,4.4181383576208464e-05,-0.00011706772202848554,3.700818548812083e-10
12,1,lumen,0.0081743421052631569,0.0015,0.0081661184210526302,0.0081825657894736836,0.001,0.002,1000152.5050947112,1.3995515079722769,13.647555107803482,2937.9710056184917,0.16845087096510478,1173,1173,4.0555381367349993e-05,0.23333994543418818,0.59999999999999998,2,500000,0.00035,0.0001,0.068669302025258006,0.15861352716638677,9.3442752468875761e-18,0.17321149370529626,0.063205251024442438,0.50517554228419759,2.2075543892569977e-05,0.058416012192489548,0.077282643800298048,3.9854525712351452e-18,0.05371431765429769,0.42787556867987631,0.38270391631629724,7.5413567411410107e-06,0.27136449968901205,0.0015286741791933247,1.0051032874065379e-09,0.0019622980273309261,2.035528590943623e-05,0.39285897443886719,7.2393675195464748e-05,8.58532856917692e-07,2.8677237323212402e-10,3.1626219425023998e-12,2.8351529216922695e-10,6.891305179123466e-11,6.3352025872672365e-08,0.33219188117215681,nan,nan,nan,nan,nan,nan,nan,nan,nan,nan,nan,nan,nan,nan,0,0,0,0,0,0,0,9.6757097280941512e-11,4.2468487864030328e-13,-8.5936835021686896e-12,-2.9948706288257585e-10,2.4861840017265102e-15,3.6131316493402676e-10,-3.7651686493161848e-13,1.7743402233594274e-14,1.0619156520366413e-18,1.0987998585014053e-18,-5.2575850989981502e-18,6.6129848718083062e-18,-5.0845364948317772e-15,-1.5005305348898362e-10,nan,nan,nan,nan,nan,nan,nan,nan,nan,nan,nan,nan,nan,nan,-1.8776223073297543e-07,1.6258786794676183e-07,4.0099956519622435e-22,2.4821628252402116e-08,5.8808594161074979e-07,-2.1229299346225972e-07,0,0.01627382466287117,0.037319800669659849,2.3361980380711277e-18,0.040844307451753464,0.014820413538482831,0.11929989981616854,5.2081407485198243e-06,-0.00020672126704970319,0.00026564575117020705,-2.4947880348903735e-20,0.00013357989276069812,9.6377618929140811e-05,-0.00028942283992253485,6.3779269267753589e-10
12,2,lumen,0.0081743421052631569,0.0025000000000000001,0.0081661184210526302,0.0081825657894736836,0.002,0.0030000000000000001,1000151.7319307973,1.3385380996595513,13.052600420048183,3084.9213312025045,0.16788423990358645,1173,1173,4.048681598706146e-05,0.23322937146107076,0.59999999999999998,2,500000,0.00035,0.0001,0.075956768176046061,0.15988526341897857,1.0293546458848098e-17,0.17732254234529904,0.06557619289667542,0.53347240155682674,2.3068185976487086e-05,0.061798500542302646,0.074506192661980511,4.1989358345067244e-18,0.052591976429827131,0.42457333479578691,0.38652245865360807,7.5369164947795978e-06,0.27243262486773279,0.0015681182872970395,1.0716295096818114e-09,0.0019973995473426538,2.0130096484200639e-05,0.38911298040295933,7.3974510903724498e-05,8.1957458141082058e-07,2.7755782847128562e-10,3.2815211356719072e-12,3.0072975955266297e-10,7.3130786373766948e-11,6.2409530551320289e-08,0.3347938885768173,nan,nan,nan,nan,nan,nan,nan,nan,nan,nan,nan,nan,nan,nan,0,0,0,0,0,0,0,-1.1613343482026853e-10,3.8524263667006844e-13,-6.1880798669489129e-12,3.2251877452060816e-10,-6.9967902999179543e-15,-7.5199250385710181e-10,-1.8235174121727588e-13,6.1152471975134404e-14,1.3113865729208845e-16,6.0489910030882661e-19,1.9956662856030915e-19,-2.0238746954547983e-19,-1.0774207753852974e-13,5.5164572891155135e-10,nan,nan,nan,nan,nan,nan,nan,nan,nan,nan,nan,nan,nan,nan,-2.0301517312908135e-07,1.7402174407044058e-07,-1.1225188367579312e-21,2.975166311223251e-08,6.3887398540907192e-07,-2.3309557012352045e-07,0,0.017152874135886977,0.035848668262895164,2.1919140147728133e-18,0.039848041928624817,0.014650988736933308,0.12005868829375438,5.1866505593934626e-06,-0.00040278413552217253,0.00053980176097606766,-3.2629822659693283e-20,0.00027905687641840982,0.00017913473498419531,-0.00054668418384405822,-3.7684183598036348e-11
12,3,support,0.0081743421052631569,0.0035000000000000001,0.0081661184210526302,0.0081825657894736836,0.0030000000000000001,0.0040000000000000001,1001243.5141560133,1.2897617754031672,12.563249449125953,3231.3538648919721,0.16805288483735198,1173,1173,4.0346029391602382e-05,0.23313833869808151,0.40000000000000002,2,300000,0.00033700000000000001,0.0001,0.087374276459177794,0.15343697793987979,1.1407391688261455e-17,0.17594519680773371,0.067135924232413088,0.56518394582831744,2.3967550780952618e-05,0.06842266599722896,0.068820672209166225,4.4788395319555808e-18,0.050227076208755432,0.418375676155469,0.39414637224992738,7.5371794529587312e-06,nan,nan,nan,nan,nan,nan,nan,nan,nan,nan,nan,nan,nan,nan,0.27494532232891727,0.0016488812460501,1.2069333894898278e-09,0.0020718807831147808,1.9572894777065929e-05,0.38104690968851201,7.7256794971296495e-05,7.4418956032404308e-07,2.5902466898728864e-10,3.5308726768517418e-12,3.3603637292040481e-10,8.179863082842419e-11,6.0270602897920168e-08,0.34018936991617016,0,0,0,0,0,0,0,nan,nan,nan,nan,nan,nan,nan,nan,nan,nan,nan,nan,nan,nan,2.488500223786337e-10,6.0920675281477378e-14,1.2458201762170178e-11,8.3411869529261027e-10,4.0305215762148627e-15,1.9160272305383808e-10,-3.0203741037913427e-14,6.0959483988431984e-14,2.9514722839962268e-17,1.7221445727134559e-19,7.7219326434568231e-20,4.0994916061763198e-20,3.5746988894933476e-14,-1.287161238909563e-09,-2.3492125360118077e-07,2.038032086426611e-07,-9.5071136599143592e-22,3.0913883202958048e-08,7.3551585112741069e-07,-2.6665680685766802e-07,0,0.018979152436541365,0.033219984545110132,2.3931830205885134e-18,0.038132597714401605,0.014508645631971982,0.12258323809753285,5.196199906351803e-06,-1.5644759423314101e-05,-3.4935245654479988e-06,-1.5709877208447061e-20,-6.8934355849487261e-05,6.5838261883544624e-05,-9.7931245361827299e-05,-4.923062453869764e-09
12,4,support,0.0081743421052631569,0.0045000000000000005,0.0081661184210526302,0.0081825657894736836,0.0040000000000000001,0.0050000000000000001,1000920.3595557064,1.5624249559555532,15.224107470138383,2797.8948207202175,0.13848564415601336,1173,1173,4.1262510560515759e-05,0.20544580882485652,0.40000000000000002,2,300000,0.00033700000000000001,0.0001,0.084292660508284101,0.129664313224749,2.2130472609515538e-17,0.22119082021136374,0.041802898879414942,0.54116542157399983,2.3825745578181001e-05,0.079990059373060321,0.070475667246528553,1.0529304749428662e-17,0.076516912865683351,0.31568046880135942,0.45732781222122221,9.0794921461427277e-06,nan,nan,nan,nan,nan,nan,nan,nan,nan,nan,nan,nan,nan,nan,0.24949671616140842,0.0026491786732602829,1.4737427481988775e-09,0.0025109635806932224,3.2186020410370476e-05,0.38976223826364365,0.00010780309762119636,5.1770968180733601e-07,2.4062439185439837e-10,4.3177871057411455e-12,4.0236184972693684e-10,1.0686176998020872e-10,8.6091578085273896e-08,0.35544030817368,0,0,0,0,0,0,0,nan,nan,nan,nan,nan,nan,nan,nan,nan,nan,nan,nan,nan,nan,-3.3196769897777551e-10,1.6107053311323881e-13,1.1493941002751541e-10,2.2353356415255e-09,-5.8947638437167882e-14,-5.2474569237374522e-09,-9.864122819153904e-14,1.2123223432081165e-14,4.2598395442837162e-17,4.5411546129852934e-19,-1.3407228745570803e-18,2.3151809789224315e-18,-3.5570493017890734e-14,3.2291696256165029e-09,-3.4359137716065413e-07,1.7515185618544038e-07,-8.4745271515550717e-22,1.7357212081553687e-07,1.2041674408019842e-06,-5.1928385003119359e-07,0,0.018338593240273076,0.028104369959502391,4.8459455975416201e-18,0.047970482774850914,0.0090754166953264156,0.11751895443375157,5.1705468559139487e-06,0,0,0,0,0,0,0
13,0,lumen,0.0081907894736842103,0.00050000000000000001,0.0081825657894736836,0.008199013157894737,0,0.001,1000152.573089264,1.3591371574953266,13.253458618199401,3019.6168795342819,0.16870528056667014,1173,1173,4.0579044338485268e-05,0.23348660197178811,0.59999999999999998,2,500000,0.00035,0.0001,0.068993554647086397,0.16560323464833948,9.3397039651561287e-18,0.1794852680318843,0.06533875747026692,0.5179335986791086,2.2736499593463137e-05,0.056997021843647612,0.078358286949365683,3.8684724047887244e-18,0.054052593161330792,0.42954589201227661,0.38103866317339224,7.5428599871006555e-06,0.27104274925542493,0.001511361092510088,9.7761946442174717e-10,0.0019476454586735054,2.0404935626574717e-05,0.39425288654347768,7.1713336480977625e-05,8.7494520219221247e-07,2.9041902020612984e-10,3.1139318735944744e-12,2.7644196878394955e-10,6.7171595025202199e-11,6.3630182770024583e-08,0.33115229918709677,nan,nan,nan,nan,nan,nan,nan,nan,nan,nan,nan,nan,nan,nan,0,0,0,0,0,0,0,-6.7797057368850552e-11,6.5168560377424046e-15,1.088288730961007e-11,9.5476956113500854e-11,4.8432395247099969e-15,-4.0756113978482333e-11,1.5698472686365681e-14,2.4199392489876459e-15,-5.1790295656815791e-18,1.3989397103592432e-19,-6.7168280660830534e-19,8.2290309358445404e-19,-6.6376067939763583e-15,2.1704858463402977e-12,nan,nan,nan,nan,nan,nan,nan,nan,nan,nan,nan,nan,nan,nan,-1.8153573051130772e-07,1.5839022882158105e-07,1.5068757317731315e-21,2.317537422643041e-08,5.6778382907796132e-07,-2.04795716829409e-07,0,0.015903087342043782,0.037894436762861049,3.1460234973691544e-18,0.041159546592976916,0.014902116796642492,0.11894536344141929,5.2166729836947206e-06,-8.1733963649623881e-05,9.7778558437714065e-05,-5.1762671862448825e-21,4.028032756321104e-05,4.4109561551039e-05,-0.00011746069369066688,3.7288156235662772e-10
13,1,lumen,0.0081907894736842103,0.0015,0.0081825657894736836,0.008199013157894737,0.001,0.002,1000152.3093682715,1.4074372699970428,13.724454836140088,2921.1098870890623,0.16853320597879251,1173,1173,4.0555862799956e-05,0.23336884910641983,0.59999999999999998,2,500000,0.00035,0.0001,0.068186673676932485,0.15783926134720566,9.1223198259952238e-18,0.17224325060611145,0.062875419603048779,0.50216304961938618,2.1948680653371336e-05,0.058332289678095249,0.077338729515510046,3.9127091209668334e-18,0.053715029057091405,0.42804109952648817,0.38256531195557253,7.5402672425546084e-06,0.27136356137100393,0.0015272291825238519,1.0034651368964435e-09,0.0019612010591201971,2.0350803381754256e-05,0.39292786396076113,7.2339225250939781e-05,8.5962991647037676e-07,2.8697944146922043e-10,3.1597346015885234e-12,2.8309893253445857e-10,6.8807065040323282e-11,6.3350308258725089e-08,0.33212652977222318,nan,nan,nan,nan,nan,nan,nan,nan,nan,nan,nan,nan,nan,nan,0,0,0,0,0,0,0,2.33733649523933e-10,3.4834170931897789e-13,-2.3530586408046113e-11,-4.0959730834463843e-10,-1.2431462109718794e-15,3.1662082114122803e-10,-3.2235212513605682e-13,9.265808606495618e-15,-8.5559620529878485e-18,1.0099879964475156e-18,-4.4005561910290294e-18,5.2964855162007467e-18,1.305280868011006e-15,-1.1726172827503681e-10,nan,nan,nan,nan,nan,nan,nan,nan,nan,nan,nan,nan,nan,nan,-1.8735704219400434e-07,1.6233567418089123e-07,1.8484184368066451e-21,2.4728268444661805e-08,5.8675329729640513e-07,-2.1169926067710065e-07,0,0.016252731529022329,0.037352525156096196,2.6584986711914054e-18,0.040850769879655476,0.014828522745099357,0.11927341413731116,5.2081308118901734e-06,-0.00020661458941052,0.00026566706669343889,-4.1246996047671212e-20,0.000133519271235036,9.6243087447675735e-05,-0.00028948349240137721,6.3431057878018741e-10
13,2,lumen,0.0081907894736842103,0.0025000000000000001,0.0081825657894736836,0.008199013157894737,0.002,0.0030000000000000001,1000151.5372248488,1.3342516035052221,13.010803678408758,3094.398864658885,0.16791051887885103,1173,1173,4.048730506698582e-05,0.23325937161186938,0.59999999999999998,2,500000,0.00035,0.0001,0.076094566494879418,0.16052109243752738,1.0490615120586104e-17,0.17789778742938592,0.065813381258342116,0.5349874920280957,2.3139022583208358e-05,0.061712364623729789,0.074562956799299307,4.2656207825392907e-18,0.052593632826627143,0.42474453520067246,0.38637897469785309,7.5358518182826181e-06,0.27243167874438773,0.0015665833798778795,1.0699163693790648e-09,0.0019962485437525924,2.0125715198096087e-05,0.38918527894540178,7.3916993383588958e-05,8.206655764282589e-07,2.7776827106068353e-10,3.2783866270636652e-12,3.0029238753914905e-10,7.3018525957594908e-11,6.2408507003819627e-08,0.33472528287964087,nan,nan,nan,nan,nan,nan,nan,nan,nan,nan,nan,nan,nan,nan,0,0,0,0,0,0,0,4.1835352892684877e-11,3.9107024418716314e-13,3.6968907473914933e-12,-9.5397851478804174e-10,4.1066325687233451e-15,1.0668393280333782e-09,-1.3717575991944529e-13,8.9139416334371724e-14,1.8105642149306883e-16,5.8452345108549198e-19,2.0108294885081659e-18,-2.2507672614001908e-18,-1.2583120067381733e-13,-1.5861445509164357e-10,nan,nan,nan,nan,nan,nan,nan,nan,nan,nan,nan,nan,nan,nan,-2.0260763248809016e-07,1.7189645645787621e-07,-2.7322934132885785e-21,2.9640672245843526e-08,6.3743173579766665e-07,-2.3129067233673695e-07,0,0.017131383643125102,0.035881301817749151,9.4498712503343039e-19,0.039855021137152009,0.014659270934252251,0.12003179725582641,5.1866583613764137e-06,-0.00040208313468535962,0.00053891673259892083,-3.6730035798315978e-20,0.0002781731290788425,0.0001788940312598141,-0.0005440213730037556,-4.4410550690610521e-11
13,3,support,0.0081907894736842103,0.0035000000000000001,0.0081825657894736836,0.008199013157894737,0.0030000000000000001,0.0040000000000000001,1001241.9233097766,1.2858520476405455,12.525185661937156,3240.6882020446251,0.16807289694908623,1173,1173,4.0346760538824229e-05,0.23316822500246975,0.40000000000000002,2,300000,0.00033700000000000001,0.0001,0.087516022339237692,0.15404507417029895,1.1702162412394765e-17,0.17650772251548777,0.067368885590715771,0.56667935371639633,2.4037141392303031e-05,0.068326025568359525,0.068884082623701326,4.5806536927741368e-18,0.050234997279469423,0.41855545628051483,0.39399190208628482,7.5361616701083872e-06,nan,nan,nan,nan,nan,nan,nan,nan,nan,nan,nan,nan,nan,nan,0.27493974094475759,0.0016471412304757654,1.2049444655610629e-09,0.0020705803033664412,1.9570230371173991e-05,0.38113529647676064,7.7191785652400816e-05,7.45311090963326e-07,2.5925765424502221e-10,3.5269886143544045e-12,3.3552293923127005e-10,8.1665761172901172e-11,6.0275280846394455e-08,0.34010967155732641,0,0,0,0,0,0,0,nan,nan,nan,nan,nan,nan,nan,nan,nan,nan,nan,nan,nan,nan,3.3957243996301816e-10,1.1986420118643979e-13,7.0224772409164508e-12,3.4191603963102092e-10,3.7266197072671758e-15,1.3453905086356632e-09,-4.7623862091453921e-14,1.071146209924434e-13,6.4284724651073676e-17,7.9851007692636798e-19,-2.5093816351503209e-20,3.514243745207036e-19,4.5179706487366149e-14,-2.0341296149560369e-09,-2.3441338114268268e-07,2.0228474684191866e-07,-3.4338409978538585e-21,3.0776065282544021e-08,7.3382537027488759e-07,-2.6552435400395424e-07,0,0.018955212318296825,0.03325580689614345,2.0152928267195369e-18,0.038144504844452178,0.014517235746707139,0.12255366255915323,5.1962919580975879e-06,-1.5632987247588993e-05,-3.5184364647239554e-06,-1.5299923982984303e-20,-6.9008674969786105e-05,6.5931199188729858e-05,-9.7056000232239792e-05,-4.9344806727757017e-09
13,4,support,0.0081907894736842103,0.0045000000000000005,0.0081825657894736836,0.008199013157894737,0.0040000000000000001,0.0050000000000000001,1000919.0143503356,1.5823874314592163,15.418640492738135,2762.3928566718068,0.13941901451498592,1173,1173,4.1265470598652202e-05,0.20542300764909571,0.40000000000000002,2,300000,0.00033700000000000001,0.0001,0.083127606588044411,0.12816927328975714,2.1733218265442424e-17,0.21862652683309541,0.041275540750864946,0.53426788627594746,2.3531224977013251e-05,0.079892456585602872,0.070553229099259901,1.0472425751142777e-17,0.076596237574483986,0.3156809146730899,0.45726808022780663,9.0818397565533791e-06,nan,nan,nan,nan,nan,nan,nan,nan,nan,nan,nan,nan,nan,nan,0.24944880689526888,0.0026483204332235807,1.4716598967785501e-09,0.002510150111461822,3.2210971209798773e-05,0.38988008922803075,0.00010776817547479023,5.1824714178490581e-07,2.4084262364600788e-10,4.3127167424351453e-12,4.0179746762523136e-10,1.067136824423728e-10,8.6158294836183333e-08,0.35537204755534929,0,0,0,0,0,0,0,nan,nan,nan,nan,nan,nan,nan,nan,nan,nan,nan,nan,nan,nan,2.415569150597013e-10,1.0583947320114387e-13,-4.101274350160303e-11,-9.8820119187267909e-10,3.0753828303420327e-14,2.6749073134442469e-09,-8.7521804802798695e-14,1.1909310343449775e-14,5.0179869612957607e-17,3.8198677237467437e-20,-3.4708415784663786e-19,6.5004053060965036e-19,-2.6138306953625112e-14,-1.8872851620041498e-09,-3.4287260174646617e-07,1.6678120173807542e-07,4.9768924012179853e-22,1.7345748881058984e-07,1.2020776216647988e-06,-5.1538291312436257e-07,0,0.018311221479310056,0.028127734915497124,4.9696757842141444e-18,0.04800712984809858,0.0090730539730677941,0.1174716557493222,5.1704748019248942e-06,0,0,0,0,0,0,0
14,0,lumen,0.0082072368421052637,0.00050000000000000001,0.008199013157894737,0.0082154605263157904,0,0.001,1000152.3769653324,1.3675098806950934,13.335106812344161,3000.7212974472627,0.16876604784515203,1173,1173,4.0579576502790736e-05,0.23351433999235335,0.59999999999999998,2,500000,0.00035,0.0001,0.068470503435207192,0.16470892601349943,7.9629280289140614e-18,0.17839135753122021,0.064963157371113342,0.51457782556469511,2.2594073509141344e-05,0.056913387571119224,0.078415248887415454,3.3185354023557144e-18,0.05405412090885723,0.42970765992605126,0.38090204091973417,7.5417868227873707e-06,0.27104074989734639,0.0015099552233699385,9.7599389369265442e-10,0.0019465660691887164,2.0400774736016484e-05,0.3943221746696246,7.166011118301363e-05,8.7605323052919731e-07,2.9062793936776682e-10,3.1111150533751862e-12,2.7602932679555276e-10,6.7067113973573126e-11,6.362916874932687e-08,0.33108755195894846,nan,nan,nan,nan,nan,nan,nan,nan,nan,nan,nan,nan,nan,nan,0,0,0,0,0,0,0,-1.3025692064851557e-09,8.125191117390162e-14,1.4138373194619101e-10,1.6570317034050771e-09,5.1703324781271487e-14,-2.7652965689864417e-09,-7.0186290712597444e-14,4.9253136291671495e-15,-9.0615182480692196e-18,-6.375831259611164e-20,-9.7950261363221751e-19,1.3505802695946011e-18,-1.6990709295275639e-15,2.2693840138989416e-09,nan,nan,nan,nan,nan,nan,nan,nan,nan,nan,nan,nan,nan,nan,-1.8128332761845056e-07,1.6082452636290157e-07,1.3233144220068515e-20,2.3082659174574896e-08,5.671598675566214e-07,-2.0588169091784181e-07,0,0.015881882111900524,0.037927619712952214,7.1973060797265363e-19,0.041166576672803643,0.014910056624693437,0.11891901738318578,5.2166610200220966e-06,-8.173618317776719e-05,9.7840729519248367e-05,-3.775146862168892e-20,4.0366749299103659e-05,4.4013770730696401e-05,-0.00011714246036465826,3.7439746924496274e-10
14,1,lumen,0.0082072368421052637,0.0015,0.008199013157894737,0.0082154605263157904,0.001,0.002,1000152.1136109421,1.3937283348097163,13.590776467709428,2949.4392473904895,0.16850003688793486,1173,1173,4.0556344442108546e-05,0.23339768194973076,0.59999999999999998,2,500000,0.00035,0.0001,0.068758705212360563,0.15950736173949745,8.5726228829747477e-18,0.17393979200195389,0.06351836805987858,0.50691876203245478,2.2161382480539597e-05,0.058248718615615501,0.077394819648539004,3.6411213621001482e-18,0.053715758866105287,0.42820632038467465,0.38242684330119803,7.5391838675450706e-06,0.2713625635722598,0.0015257875110035561,1.0018303672410973e-09,0.0019601055361459069,2.0346338617226132e-05,0.39299672525552753,7.2284878006486825e-05,8.6072724238071633e-07,2.8718646474717017e-10,3.1568576130222803e-12,2.8268349253052462e-10,6.8701345114206294e-11,6.3348615771205076e-08,0.33206126118927837,nan,nan,nan,nan,nan,nan,nan,nan,nan,nan,nan,nan,nan,nan,0,0,0,0,0,0,0,-1.716025516085703e-09,5.7897275630341947e-13,1.6435814892923276e-10,3.2161700078903849e-09,1.9188101628431209e-14,-3.107095203520871e-09,-5.2023791782132217e-13,2.4780958535197684e-14,1.4273862823114102e-17,7.8662075471937616e-19,-5.2186521891071168e-18,6.5920564656029815e-18,-5.021329940138572e-15,1.4424948178801805e-09,nan,nan,nan,nan,nan,nan,nan,nan,nan,nan,nan,nan,nan,nan,-1.8715569778584434e-07,1.6546277753493044e-07,7.6055559970046812e-21,2.4635618339873215e-08,5.8646796073646978e-07,-2.1484317608289061e-07,0,0.01623170364140207,0.037385148986440908,1.6430526569568169e-18,0.040857193755517274,0.014836598119476874,0.11924723446934567,5.2081211817633035e-06,-0.00020678780486320359,0.00026661268549196582,-1.6288229577571931e-19,0.00013397436557562167,9.6254563591142251e-05,-0.00029489173569946492,6.3602003490931701e-10
14,2,lumen,0.0082072368421052637,0.0025000000000000001,0.008199013157894737,0.0082154605263157904,0.002,0.0030000000000000001,1000151.3424916142,1.3953402617283537,13.606505472418007,2958.5127177189665,0.16792732150453357,1173,1173,4.0487786338843622e-05,0.23328922627892359,0.59999999999999998,2,500000,0.00035,0.0001,0.072661943347259533,0.15360833357632364,1.18395710005745e-17,0.17011347340714136,0.062957197213967711,0.51137841680936258,2.2122767048223399e-05,0.061626574193792562,0.074618801549991384,5.0345392715294233e-18,0.052594921648896911,0.42491440893846799,0.38623775891163192,7.5347572191910002e-06,0.27243105363769743,0.00156506864544362,1.0682128327558632e-09,0.0019951154223930203,2.0121312468990921e-05,0.38925625704991085,7.3860279834059707e-05,8.2174217055002676e-07,2.7797558023065292e-10,3.2752650193202556e-12,2.9985745853291205e-10,7.2906934530547801e-11,6.2407311917398569e-08,0.33465763778054169,nan,nan,nan,nan,nan,nan,nan,nan,nan,nan,nan,nan,nan,nan,0,0,0,0,0,0,0,2.6047400657148975e-09,1.008528119522036e-13,3.2685842027212034e-10,-2.855914971776301e-08,3.1510731524075908e-13,4.0240958453906933e-08,-1.7475377073681411e-14,9.762373201493979e-15,6.802985895877112e-17,7.9032742213006016e-20,4.7932443670093642e-19,-8.5011012375648296e-19,-6.4384544781456835e-14,-1.4613751292635524e-08,nan,nan,nan,nan,nan,nan,nan,nan,nan,nan,nan,nan,nan,nan,-2.0251655204629043e-07,1.324115493361866e-07,-1.9800638280976636e-20,2.9536925242679917e-08,6.3480400132320813e-07,-2.0316779347773206e-07,0,0.017109930092829535,0.035913959606990731,4.3587743254881932e-18,0.039862007802792643,0.014667560773886241,0.12000440196570272,5.1866713948518873e-06,-0.00040199331762051475,0.00053969633067375573,-2.3968711787115529e-20,0.00027828385905978424,0.00017882076246356949,-0.00055283966268244728,-5.8780417798584376e-11
14,3,support,0.0082072368421052637,0.0035000000000000001,0.008199013157894737,0.0082154605263157904,0.0030000000000000001,0.0040000000000000001,1001240.3321816319,1.2686347108356999,12.357495227445076,3284.1722516147292,0.16810632349320578,1173,1173,4.0347495712547255e-05,0.23319803406360595,0.40000000000000002,2,300000,0.00033700000000000001,0.0001,0.088578334065189598,0.15627999921898139,1.3568497397906442e-17,0.17893186580804477,0.068312397852375167,0.57414300898748116,2.4360109191361428e-05,0.068229529418788015,0.068947852356075798,5.2400975635424016e-18,0.050243124764497174,0.41873518374804336,0.39383677454530969,7.5351672859146381e-06,nan,nan,nan,nan,nan,nan,nan,nan,nan,nan,nan,nan,nan,nan,0.27493391938731687,0.0016453993643421026,1.2029580497498353e-09,0.0020692753748422252,1.9567607504724946e-05,0.38122415673653665,7.7126646521657276e-05,7.4643814466089761e-07,2.5949174790423435e-10,3.523118071902235e-12,3.35010233449918e-10,8.1533121841933211e-11,6.0280076522832045e-08,0.34002974628219823,0,0,0,0,0,0,0,nan,nan,nan,nan,nan,nan,nan,nan,nan,nan,nan,nan,nan,nan,-6.7839909192651867e-10,1.0971352142719566e-14,1.8664229594517759e-10,-5.5774024331748727e-10,-1.9606386826576117e-14,9.8641534066346709e-09,-1.6888092608224033e-14,3.4143261135044511e-14,8.6143510263679533e-18,-1.0943751369267142e-20,6.5050517346935788e-20,-5.0633625224840282e-20,3.7574077668164911e-14,-8.8147025792015868e-09,-2.3409123996957076e-07,1.9340494877839731e-07,-1.8603670377096483e-20,3.0635443325777873e-08,7.3268840344864472e-07,-2.6398227864765644e-07,0,0.018931320505232694,0.033291585859922729,3.1932794853946881e-18,0.038156383180926789,0.014525801181232059,0.12252413081897098,5.1963843902285357e-06,-1.5635419113738132e-05,-3.5483782536087177e-06,-1.2901446240774449e-20,-6.9222636860978215e-05,6.606943387537502e-05,-9.7397318246131341e-05,-4.9458260338869601e-09
14,4,support,0.0082072368421052637,0.0045000000000000005,0.008199013157894737,0.0082154605263157904,0.0040000000000000001,0.0050000000000000001,1000917.6694132176,1.5890041031729176,15.483133550198296,2750.6863361258947,0.13841025805924403,1173,1173,4.1268429335095543e-05,0.20540012866425267,0.40000000000000002,2,300000,0.00033700000000000001,0.0001,0.082680344781420209,0.12777548614842443,2.1095356224246142e-17,0.21794118928672884,0.041103610294361229,0.53197356396161433,2.3439271481613073e-05,0.079794977262804323,0.070630664636828558,1.020758227729889e-17,0.076675510459575741,0.31568089661850218,0.45720886683278544,9.0841895036087481e-06,nan,nan,nan,nan,nan,nan,nan,nan,nan,nan,nan,nan,nan,nan,0.24940090111436602,0.0026474711742201684,1.4695810917627503e-09,0.0025093414783504018,3.2235951093667736e-05,0.38999765724689928,0.00010773353984783162,5.1878264816035569e-07,2.4106033012290018e-10,4.3076581391957154e-12,4.0123422133106616e-10,1.0656594228348471e-10,8.6225026688808405e-08,0.35530405226471662,0,0,0,0,0,0,0,nan,nan,nan,nan,nan,nan,nan,nan,nan,nan,nan,nan,nan,nan,3.4432879838666054e-10,1.134204619741587e-13,-9.1593828441650447e-11,-1.7119945398521745e-09,5.3461467024173981e-14,4.7460191252273604e-09,-5.0618343966511389e-14,1.5566757952112376e-14,5.4203083275935232e-17,4.4416667572801851e-19,1.6146420800427903e-19,1.0041340877200919e-18,-3.9473467536008059e-14,-3.286851763491773e-09,-3.4226088504313301e-07,1.6425889209914502e-07,7.0084809731085238e-21,1.7334753801291086e-07,1.2002329164706449e-06,-5.1398808353919634e-07,0,0.01828389370395048,0.028151037886513203,4.8353070552108968e-18,0.048043753147188735,0.0090706752509758654,0.11742440149488313,5.170402481474516e-06,0,0,0,0,0,0,0
15,0,lumen,0.0082236842105263171,0.00050000000000000001,0.0082154605263157904,0.0082319078947368438,0,0.001,1000152.1808112074,1.360177162672539,13.263605302839478,3016.4891528851554,0.16875280050473987,1173,1173,4.0580107493305077e-05,0.233542012111571,0.59999999999999998,2,500000,0.00035,0.0001,0.06873864797706046,0.16571689262825362,9.4840963830420489e-18,0.1793579565921585,0.065337890662416312,0.51716676640311199,2.2712643224732919e-05,0.056829913097210957,0.078472097673480373,3.9312866766284524e-18,0.054055605538917195,0.42986904417974758,0.38076579879637312,7.5407142707651739e-06,0.27103874754785467,0.0015085543325727222,9.7437220487829921e-10,0.0019454899759212714,2.0396623829140423e-05,0.39439127510151656,7.1607062147566113e-05,8.771596900559525e-07,2.9083642936128739e-10,3.1083079922925089e-12,2.7561771951120011e-10,6.6962926249426391e-11,6.3628150144029092e-08,0.33102298695742027,nan,nan,nan,nan,nan,nan,nan,nan,nan,nan,nan,nan,nan,nan,0,0,0,0,0,0,0,-6.3359039055930433e-10,1.6673201201458674e-13,5.3865735054299926e-11,1.3536219637625991e-09,1.7186881258457465e-14,-1.8430255407757279e-09,-1.2392502304944532e-13,2.8918707706271363e-14,3.7516396179260796e-18,4.6335911417092993e-19,-9.4485729104877621e-19,1.3726076110930966e-18,3.665784626450601e-15,1.0690355821101758e-09,nan,nan,nan,nan,nan,nan,nan,nan,nan,nan,nan,nan,nan,nan,-1.8081409362217388e-07,1.5961144445020281e-07,-9.6206382357986738e-23,2.2991759216475255e-08,5.6558933293759939e-07,-2.0510564385789465e-07,0,0.015860716991111912,0.037960755238545182,2.1683506035552854e-18,0.041173565635680615,0.014917988543445971,0.11889251330507349,5.2166485594158261e-06,-8.176905530737757e-05,9.797472861141207e-05,1.0191801906656335e-20,4.0479490158583165e-05,4.3931123026845462e-05,-0.00011725595210873983,3.7518765154148607e-10
15,1,lumen,0.0082236842105263171,0.0015,0.0082154605263157904,0.0082319078947368438,0.001,0.002,1000151.9178231676,1.4067217715056159,13.717483109067835,2921.7980753066781,0.16858165058530084,1173,1173,4.0556823263532367e-05,0.23342644429657516,0.59999999999999998,2,500000,0.00035,0.0001,0.068026206924309607,0.15814822804456444,8.9671704583358468e-18,0.17233546015096776,0.062955873834902656,0.5020549586875237,2.1953541988928755e-05,0.05816545187671697,0.077450754977876499,3.8442093036550428e-18,0.053716484439872147,0.42837109918000144,0.38228867141936473,7.5381061681437214e-06,0.27136157604635686,0.0015243510281948436,1.0002021503097655e-09,0.0019590131816312382,2.0341874189813722e-05,0.39306534215843847,7.2230709415751449e-05,8.6182271718244421e-07,2.873929164781341e-10,3.1539963076631458e-12,2.8226978782757803e-10,6.859609007753662e-11,6.3346882954358904e-08,0.33199621819058994,nan,nan,nan,nan,nan,nan,nan,nan,nan,nan,nan,nan,nan,nan,0,0,0,0,0,0,0,1.7870962817897274e-10,4.9855669653410875e-13,-1.4687777496207535e-11,-4.1143312720810142e-10,7.0343036950859528e-16,3.6878606093394828e-10,-4.2439631073894175e-13,2.7447879039077527e-14,1.0730915135169651e-17,1.1941813182271619e-18,-4.5874678867954663e-18,5.9048156841422608e-18,-1.4839338237865288e-14,-1.2146245137463352e-10,nan,nan,nan,nan,nan,nan,nan,nan,nan,nan,nan,nan,nan,nan,-1.8658916315500429e-07,1.6169347449856986e-07,3.0728803373318296e-21,2.4541576962980726e-08,5.8426402708977587e-07,-2.1073402733939872e-07,0,0.016210713908364757,0.037417718537862188,1.8728938320725222e-18,0.040863592525993558,0.014844662353628222,0.11922110571168841,5.2081111534137962e-06,-0.00020634443803766979,0.00026571073076965063,-3.7141263991474745e-20,0.00013341152376375651,9.6007775305239067e-05,-0.00028903008759732915,6.3932497535150901e-10
15,2,lumen,0.0082236842105263171,0.0025000000000000001,0.0082154605263157904,0.0082319078947368438,0.002,0.0030000000000000001,1000151.1477270201,1.3330766132037761,12.999350955765184,3096.263368920263,0.16796049244973743,1173,1173,4.0488273804453146e-05,0.23331900465636302,0.59999999999999998,2,500000,0.00035,0.0001,0.075949535154812536,0.16090351732554845,1.0244567200351219e-17,0.17806312080813552,0.065924027195576593,0.5350678508038168,2.315266349302324e-05,0.061540526236030284,0.074674805131447641,4.1619077575875452e-18,0.052596173502323804,0.42508411008566893,0.38609685138750033,7.5336570289497204e-06,0.27243028674869896,0.0015635566216787892,1.0665053396645774e-09,0.0019939834746772124,2.0116963195070556e-05,0.3893274443902045,7.3803648987626997e-05,8.2282060916304706e-07,2.7818340879085303e-10,3.2721387427601048e-12,2.9942153281332354e-10,7.2795151740493411e-11,6.2406264022642224e-08,0.33458992120550712,nan,nan,nan,nan,nan,nan,nan,nan,nan,nan,nan,nan,nan,nan,0,0,0,0,0,0,0,-4.2277803261484083e-11,-5.9873352958990388e-15,-3.3470654487186496e-12,-7.4725467776268535e-11,-2.8838693585941932e-15,-3.0835766665765485e-10,1.6113913193995503e-14,-1.1466522176206695e-14,1.6864020816429334e-17,-4.1123962699670006e-20,-1.26826019853621e-19,-2.733962463928175e-20,-1.7713085948080426e-14,4.2873005127729171e-10,nan,nan,nan,nan,nan,nan,nan,nan,nan,nan,nan,nan,nan,nan,-2.0177163344032439e-07,1.726416105074513e-07,-7.2582622867839273e-22,2.9441759716735622e-08,6.3478784191606241e-07,-2.3114201569418569e-07,0,0.017088489185813415,0.035946560154908165,2.3438110694714168e-18,0.039868938042496728,0.014675835736638124,0.11997657214009547,5.1866792718800178e-06,-0.00040095697282394559,0.00053765296415728006,-8.1175862752313543e-20,0.0002766891973336054,0.00017844585299780626,-0.00054298686447008815,-7.5178386894633344e-11
15,3,support,0.0082236842105263171,0.0035000000000000001,0.0082154605263157904,0.0082319078947368438,0.0030000000000000001,0.0040000000000000001,1001238.7407830812,1.2889554317167753,12.555454912775231,3231.9095922228521,0.16812397068374907,1173,1173,4.034822534379816e-05,0.23322773020556387,0.40000000000000002,2,300000,0.00033700000000000001,0.0001,0.087059128091767482,0.15395754770252199,1.2380677703789219e-17,0.17613907377092461,0.067264064798746331,0.56486879481479924,2.3972890599880034e-05,0.068133575858736528,0.069011319123900641,4.8579611444317493e-18,0.050251225865364679,0.41891415318980713,0.39368219178078795,7.5341814031461049e-06,nan,nan,nan,nan,nan,nan,nan,nan,nan,nan,nan,nan,nan,nan,0.27492815654299979,0.0016436666432929859,1.2009836069880206e-09,0.0020679763091000169,1.9564970486564891e-05,0.38131251085038703,7.7061827480834734e-05,7.4756152107001491e-07,2.5972475967013104e-10,3.5192757798144177e-12,3.3450069962679131e-10,8.1401329189582607e-11,6.0284767062313159e-08,0.33995025312983501,0,0,0,0,0,0,0,nan,nan,nan,nan,nan,nan,nan,nan,nan,nan,nan,nan,nan,nan,1.266975175756926e-10,-2.9796049716392439e-14,-1.1536505021092057e-11,1.3313221282795571e-09,-2.4411787695466369e-14,3.2907654112530188e-09,1.3388266534653423e-14,6.437341978915434e-15,-1.4110319341543806e-18,-5.287755620036924e-19,-2.343316855374175e-19,-5.833876093198345e-20,2.1225290032470402e-14,-4.7372354374786654e-09,-2.333945731576581e-07,1.9962375452653447e-07,-1.0068042689203043e-20,3.0491586510841481e-08,7.3064652339471792e-07,-2.6522899226888441e-07,0,0.018907489850511792,0.033327264007040266,2.6221032068136615e-18,0.03816821298756131,0.014534335513379822,0.12249510721530618,5.1964762901618048e-06,-1.5660642629354884e-05,-3.5886637451825531e-06,-1.3252058768273025e-20,-6.9667514365524276e-05,6.6281879527974808e-05,-9.9728618029388264e-05,-4.9571537355951149e-09
15,4,support,0.0082236842105263171,0.0045000000000000005,0.0082154605263157904,0.0082319078947368438,0.0040000000000000001,0.0050000000000000001,1000916.3247443266,1.5998311520882011,15.588652422973729,2731.8691865344631,0.13934372429928646,1173,1173,4.127138219821045e-05,0.20537721195972428,0.40000000000000002,2,300000,0.00033700000000000001,0.0001,0.082020625546149681,0.12704932597712332,2.0443858155238645e-17,0.21668919196461722,0.040825323067931747,0.52830492297677445,2.3286636027500236e-05,0.079697751240653689,0.070707882300266423,9.9597537023123974e-18,0.076754584229395115,0.31568044214365054,0.45715025354598077,9.0865400533917117e-06,nan,nan,nan,nan,nan,nan,nan,nan,nan,nan,nan,nan,nan,nan,0.24935306276008659,0.0026466317219497877,1.4675090502205044e-09,0.0025085386769335941,3.2260928008864306e-05,0.39011480038633356,0.00010769922889534064,5.1931557570563023e-07,2.4127725636183288e-10,4.302617864981945e-12,4.0067285049837301e-10,1.0641874060866738e-10,8.6291691640529776e-08,0.35523639847051741,0,0,0,0,0,0,0,nan,nan,nan,nan,nan,nan,nan,nan,nan,nan,nan,nan,nan,nan,4.9390081559871005e-10,9.0549075556412373e-14,-1.2078347117572063e-10,-2.4372382119339436e-09,7.9726373072852574e-14,6.7841946980963172e-09,-5.0907887114193172e-14,8.9267785871594008e-15,4.2224785153709597e-17,2.7605821700158971e-19,-6.5331893172053357e-19,1.374447881160874e-18,-2.8016155702937678e-14,-4.7201743074659217e-09,-3.416729548715719e-07,1.617647807372613e-07,1.3093262772029205e-20,1.7324470231950299e-07,1.19837908880982e-06,-5.1260128486330103e-07,0,0.018256605355590771,0.02817428625076181,4.2839314997251344e-18,0.048080367164197252,0.0090682822421989159,0.11737713737137094,5.1703301192622219e-06,0,0,0,0,0,0,0
16,0,lumen,0.0082401315789473704,0.00050000000000000001,0.0082319078947368438,0.0082483552631578971,0,0.001,1000151.9846265046,1.3553366960724693,13.216406662824999,3026.8527447490815,0.16881425488319707,1173,1173,4.0580636662864106e-05,0.23356962797240358,0.59999999999999998,2,500000,0.00035,0.0001,0.068883089354702415,0.16642905915469475,9.5298600110495777e-18,0.18000345680423752,0.065595795988950031,0.51882814183830628,2.2790533409799292e-05,0.056746675877545269,0.078528887051046187,3.9361993045135679e-18,0.054057099362381719,0.430030116647653,0.3806296814128729,7.539648500791166e-06,0.2710367252323021,0.0015071568919174036,9.7275552081633106e-10,0.0019444155686456723,2.0392476722692051e-05,0.39446025881494529,7.1554123509077599e-05,8.7826579855612175e-07,2.9104467374690321e-10,3.1055142206002132e-12,2.7520745511581843e-10,6.6859102916722062e-11,6.3627113130211838e-08,0.33095855339007341,nan,nan,nan,nan,nan,nan,nan,nan,nan,nan,nan,nan,nan,nan,0,0,0,0,0,0,0,-1.7826089873463167e-11,1.4094455010733941e-13,2.8754328266296007e-12,1.4008725162537561e-10,1.3272802995567545e-15,-7.3071366448948516e-11,-1.0612979025614394e-13,2.9437606866022925e-14,2.7508155968246952e-18,3.684128774631727e-19,-5.9562075754948708e-19,9.4415139579353877e-19,5.2524320222758863e-15,-5.2136128917072089e-11,nan,nan,nan,nan,nan,nan,nan,nan,nan,nan,nan,nan,nan,nan,-1.8038272499298902e-07,1.575529142705534e-07,-3.2566310335602423e-22,2.2899970611700431e-08,5.640484947305735e-07,-2.0341991940897586e-07,0,0.015839605906636439,0.037993812384496201,2.2197955935484053e-18,0.041180518473547936,0.014925900497068743,0.11886617321050995,5.2166360942420634e-06,-8.177436924435141e-05,9.8046649238876638e-05,-5.4960400595534327e-21,4.0567031923263925e-05,4.3842307658586749e-05,-0.00011694011457357623,3.7714070574752249e-10
16,1,lumen,0.0082401315789473704,0.0015,0.0082319078947368438,0.0082483552631578971,0.001,0.002,1000151.7220054803,1.406391556158888,13.714265737757328,2922.0867839570242,0.16854755039644662,1173,1173,4.0557301311156464e-05,0.23345511868974661,0.59999999999999998,2,500000,0.00035,0.0001,0.067944948335490737,0.1582992430538194,9.2934508692702003e-18,0.17237804477009785,0.062994792039170341,0.50199196959019377,2.1955549126673365e-05,0.058082346008297231,0.077506529286894513,3.98315066072765e-18,0.053717155884754293,0.4285353760515585,0.38215105574133296,7.5370271624927242e-06,0.27136059135863622,0.0015229208967560363,9.985779218147984e-10,0.0019579253074698136,2.0337424772072187e-05,0.39313371227254462,7.2176771223971399e-05,8.6291566792787335e-07,2.8759877571307528e-10,3.1511443620620765e-12,2.8185713529640741e-10,6.8491138280204575e-11,6.3345152833607248e-08,0.3319314080681004,nan,nan,nan,nan,nan,nan,nan,nan,nan,nan,nan,nan,nan,nan,0,0,0,0,0,0,0,-1.240429201443699e-11,6.1347618689443972e-13,5.6238467246296935e-13,6.305151787749741e-12,2.2464669013899652e-15,-2.8259454889004165e-11,-5.177780496633669e-13,3.389432831624184e-14,1.6896979310948626e-17,1.4547983931755108e-18,-5.5466026254096375e-18,7.1705049407111707e-18,-2.1654997992170193e-14,3.3686248062742859e-11,nan,nan,nan,nan,nan,nan,nan,nan,nan,nan,nan,nan,nan,nan,-1.8621820788936733e-07,1.6179581402431253e-07,-6.614273587102077e-23,2.4450076465273181e-08,5.8310952721907228e-07,-2.1067406946739808e-07,0,0.016189771292013336,0.037450229861112315,2.2130069598914802e-18,0.040869962063600995,0.014852707877209466,0.11919493630426685,5.2081012999752016e-06,-0.00020622201119421148,0.00026571722905736732,-1.7700650610682191e-20,0.00013334581269511286,9.587495873391364e-05,-0.00028887615087444708,6.381567109657916e-10
16,2,lumen,0.0082401315789473704,0.0025000000000000001,0.0082319078947368438,0.0082483552631578971,0.002,0.0030000000000000001,1000150.9529291737,1.3339602590760986,13.007970265492963,3093.7822098105385,0.16798068779939263,1173,1173,4.0488756975319933e-05,0.23334877530229553,0.59999999999999998,2,500000,0.00035,0.0001,0.075793700366957859,0.16091780256432747,1.017045315995884e-17,0.17795003727365244,0.065906647108340918,0.53451697971054501,2.3134035087800936e-05,0.061454977291346434,0.074730952907720069,4.1345381677396564e-18,0.052597623067986897,0.42525382236291492,0.38595509178328474,7.5325867470083975e-06,0.27242944353871928,0.0015620424335718464,1.0648068550424849e-09,0.0019928472420024579,2.01125934753288e-05,0.38939876951098096,7.3746884867293704e-05,8.2390305405442803e-07,2.7839165763428378e-10,3.2690386123166094e-12,2.9898804679441277e-10,7.2683991480537069e-11,6.2405143839879805e-08,0.3345221497700453,nan,nan,nan,nan,nan,nan,nan,nan,nan,nan,nan,nan,nan,nan,0,0,0,0,0,0,0,-5.6848711882321818e-11,-3.0921392932841107e-15,-1.9353619496040146e-12,-1.64119573613864e-10,-7.7618033528237262e-16,-6.258137671272257e-11,1.4937784139802793e-14,-8.9810971160009245e-15,2.198399981933713e-17,-8.1180022303836982e-21,1.0520186428025975e-20,-6.5120052217178527e-21,-2.1110013327325314e-14,2.8550414791899181e-10,nan,nan,nan,nan,nan,nan,nan,nan,nan,nan,nan,nan,nan,nan,-2.0136025556671822e-07,1.7208915642497047e-07,-2.6249457878393529e-22,2.9335646700698482e-08,6.3345064583997246e-07,-2.3053371700498815e-07,0,0.017067122493415594,0.035979058624671732,2.3101547758505585e-18,0.03987584974807229,0.014684076109318924,0.11994942427441128,5.186689349883845e-06,-0.00040071631608041398,0.00053799557886118803,-9.3469825859011826e-20,0.00027652524082754179,0.0001783801032560295,-0.00054853220707007171,-8.4288748513525164e-11
16,3,support,0.0082401315789473704,0.0035000000000000001,0.0082319078947368438,0.0082483552631578971,0.0030000000000000001,0.0040000000000000001,1001237.1491231812,1.3119255433782173,12.779222453027677,3174.8465967096845,0.16815547683286172,1173,1173,4.0348951594156e-05,0.23325727061308621,0.40000000000000002,2,300000,0.00033700000000000001,0.0001,0.085414517189446815,0.15139956341503,1.2359018713344282e-17,0.17308177753120063,0.06611431197345656,0.55476232700168104,2.3549971496067262e-05,0.068037843039450041,0.069074212787288078,4.9358912881729623e-18,0.050259050140577168,0.41909201390757578,0.39352934695052816,7.5331745809938558e-06,nan,nan,nan,nan,nan,nan,nan,nan,nan,nan,nan,nan,nan,nan,0.27492256388808201,0.0016419507283979354,1.1990163025070654e-09,0.0020666910788711503,1.956233313787691e-05,0.38139995453257669,7.6997656685080793e-05,7.4867595971185502e-07,2.5995576558693226e-10,3.5154468597360428e-12,3.3399303895766764e-10,8.1270084884732173e-11,6.0289371614533561e-08,0.33987146893903558,0,0,0,0,0,0,0,nan,nan,nan,nan,nan,nan,nan,nan,nan,nan,nan,nan,nan,nan,5.005126987752102e-10,1.6298944805475027e-14,3.4608866946441137e-11,4.6897053426223915e-10,2.8133420072740112e-14,-4.2510105240610441e-09,-3.4105955504330233e-14,1.2754337516684977e-14,-3.3456963896174653e-18,-2.0372609980818351e-19,-3.5281476173282867e-20,8.0272450075501457e-21,3.0018953250999246e-14,3.2468652764159956e-09,-2.3294492045890236e-07,2.0680549706053597e-07,-1.1997891450283847e-20,3.0355754174819519e-08,7.2883646222432485e-07,-2.6373506389898438e-07,0,0.018883697208220529,0.033362908028329419,3.2224878899050969e-18,0.038180019572633492,0.014542854992087901,0.12246589145739158,5.1965684684962579e-06,-1.5661404651884688e-05,-3.6200200886158189e-06,-1.3973308970437698e-20,-6.9875205006155366e-05,6.6417270630651039e-05,-9.9997783699941217e-05,-4.9685839815455305e-09
16,4,support,0.0082401315789473704,0.0045000000000000005,0.0082319078947368438,0.0082483552631578971,0.0040000000000000001,0.0050000000000000001,1000914.9803430332,1.5793798955882699,15.389397358257044,2767.0401142859218,0.1383349923235602,1173,1173,4.1274342545191266e-05,0.20535414994835863,0.40000000000000002,2,300000,0.00033700000000000001,0.0001,0.082981157944723202,0.12883506801074676,2.1446402573279702e-17,0.21972176565895229,0.041353795949171691,0.53507666175956592,2.3594267607576291e-05,0.079600449595439368,0.070785221538573834,1.031462001079279e-17,0.076833955781395943,0.31567956256650975,0.45709172161796618,9.0889001148947257e-06,nan,nan,nan,nan,nan,nan,nan,nan,nan,nan,nan,nan,nan,nan,0.24930508521557218,0.0026457966853512828,1.4654364297455293e-09,0.0025077367042721805,3.2285993145008757e-05,0.39023203781069254,0.00010766502559362874,5.1984860500646838e-07,2.4149436932053196e-10,4.2975782065049153e-12,4.0011132682025668e-10,1.0627154461119224e-10,8.6358534164308208e-08,0.35516878414062275,0,0,0,0,0,0,0,nan,nan,nan,nan,nan,nan,nan,nan,nan,nan,nan,nan,nan,nan,-1.8916390180983034e-10,1.315145034267337e-13,3.3882929438421203e-11,1.0469973947706487e-09,-1.8506355302372324e-14,-1.7349120568985188e-09,-8.1451908261533523e-14,8.0931355367352964e-15,3.908820022974069e-17,3.6490085922155434e-19,-1.2263271045634468e-18,1.9663213295897368e-18,-2.8119470199760829e-14,8.4318404984667073e-10,-3.4126918195716283e-07,1.698310775344325e-07,4.2161764423107687e-21,1.731391721120598e-07,1.1969397012423499e-06,-5.1542146389804699e-07,0,0.018229363287897801,0.028197467959313011,4.6127055533640172e-18,0.0481169509082938,0.0090658727485097429,0.11732993485650549,5.1702573526626057e-06,0,0,0,0,0,0,0
17,0,lumen,0.0082565789473684221,0.00050000000000000001,0.0082483552631578971,0.008264802631578947,0,0.001,1000151.7884116421,1.3556995591243568,13.219947672828072,3025.634226168936,0.1688003056757317,1173,1173,4.0581163735556319e-05,0.23359717918429584,0.59999999999999998,2,500000,0.00035,0.0001,0.068763918515965403,0.16650454915288607,9.4750035230526186e-18,0.17996016104996071,0.065602729484038683,0.51850407273993426,2.2781220577487036e-05,0.05666367914727146,0.078585556125990136,3.9145899985817e-18,0.054058576933677049,0.43019079909409064,0.38049385011213832,7.5385868324789165e-06,0.27103470389842815,0.0015057640421714514,9.7114405142573891e-10,0.0019433439820440448,2.0388333335886981e-05,0.39452904767188085,7.1501343245784787e-05,8.7937050061706025e-07,2.912524716247571e-10,3.1027333068896099e-12,2.7479857756570326e-10,6.6755656301736744e-11,6.3626051902067474e-08,0.33089430612528675,nan,nan,nan,nan,nan,nan,nan,nan,nan,nan,nan,nan,nan,nan,0,0,0,0,0,0,0,2.2283752294217385e-11,2.1305235914166846e-13,5.9250777212809898e-13,4.4914220515204672e-11,2.1879199840757479e-16,4.6546604895100763e-11,-1.6148338103241188e-13,3.9301027709992553e-14,5.8408960648643528e-18,4.7002141423253955e-19,-1.0336168210042249e-18,1.5752598559827758e-18,3.6565571190580828e-15,-1.1443199182869619e-10,nan,nan,nan,nan,nan,nan,nan,nan,nan,nan,nan,nan,nan,nan,-1.8000149509030811e-07,1.5714629358898335e-07,1.6418808085323705e-23,2.2808019215477973e-08,5.6279968013717152e-07,-2.0285385216034513e-07,0,0.015818548290487164,0.038026792474356051,2.1719853392446488e-18,0.041187435028371688,0.014933791984953475,0.11883996871029368,5.2166236196522793e-06,-8.1792578564074571e-05,9.8163105174325997e-05,-7.4160910827839842e-21,4.0674973996494146e-05,4.3761326498704026e-05,-0.00011691815215950905,3.7914963733762617e-10
17,1,lumen,0.0082565789473684221,0.0015,0.0082483552631578971,0.008264802631578947,0.001,0.002,1000151.526157493,1.4073172975252124,13.723295685643047,2919.7685533161789,0.16862984898308539,1173,1173,4.0557777940238532e-05,0.23348371906335474,0.59999999999999998,2,500000,0.00035,0.0001,0.067803341356517166,0.15830869049316301,9.2751764318830654e-18,0.17226672832387319,0.062977413045138625,0.5014814328069207,2.1937972055613004e-05,0.057999457826471028,0.077562190976245074,3.97793576821173e-18,0.053717813392416373,0.42869923647584873,0.38201376537714726,7.5359518714030453e-06,0.27135959686095207,0.0015214957070154463,9.9695855675709283e-10,0.001956840476797657,2.0332984342739837e-05,0.39320189760491647,7.212300358415481e-05,8.6400716393006563e-07,2.8780420469415234e-10,3.1483045987510466e-12,2.8144577618681335e-10,6.8386544453763733e-11,6.3343412306528504e-08,0.33186678437407208,nan,nan,nan,nan,nan,nan,nan,nan,nan,nan,nan,nan,nan,nan,0,0,0,0,0,0,0,-1.2521300142006206e-11,5.5068148299005164e-13,5.4852369941059331e-13,8.0202821740863991e-12,2.1824989732133204e-15,-2.5445312523686425e-11,-4.6191139868951569e-13,3.2388805179528468e-14,1.576021875442575e-17,1.2861099386680146e-18,-4.5763451509899837e-18,5.9587488165083015e-18,-2.010561800009625e-14,2.9294899667009172e-11,nan,nan,nan,nan,nan,nan,nan,nan,nan,nan,nan,nan,nan,nan,-1.8583337813102979e-07,1.6149932613451767e-07,-8.0902907898591184e-23,2.435893430348305e-08,5.8186396321990852e-07,-2.1019982265890746e-07,0,0.016168876944148314,0.037482673217358049,2.1910129508376606e-18,0.040876301128823539,0.014860734401407342,0.11916885035238899,5.2080914814263278e-06,-0.00020609735726837661,0.00026572564501251044,-1.6325279866227558e-20,0.0001332818336469965,9.5743289353984588e-05,-0.00028872464781607923,6.3742272280632818e-10
17,2,lumen,0.0082565789473684221,0.0025000000000000001,0.0082483552631578971,0.008264802631578947,0.002,0.0030000000000000001,1000150.7581008576,1.3336603266561191,13.005048040066526,3094.048792962039,0.16800903334302333,1173,1173,4.0489239095468709e-05,0.23337846286851449,0.59999999999999998,2,500000,0.00035,0.0001,0.075705432178321722,0.16107457968362363,1.0130920141501047e-17,0.1779948125465107,0.065947691441026482,0.53444135295829287,2.3135947617678592e-05,0.061369618049808158,0.074786956330562274,4.1175418191855333e-18,0.052599038561430798,0.42542306315577061,0.38581379238527613,7.5315171519492561e-06,0.27242860081565723,0.0015605343317929112,1.0631129773981924e-09,0.001991715028979873,2.0108234039682946e-05,0.38946985751713842,7.3690335860753808e-05,8.2498347395785336e-07,2.7859936816564348e-10,3.2659499903766937e-12,2.9855578656157787e-10,7.2573180772565381e-11,6.2404013228060896e-08,0.33445460463293247,nan,nan,nan,nan,nan,nan,nan,nan,nan,nan,nan,nan,nan,nan,0,0,0,0,0,0,0,-5.647306205995176e-11,-1.4808342134704952e-14,-2.0096824617729424e-12,-1.1986142943094978e-10,-1.4354836763708079e-15,-1.6853907614140795e-10,2.0959356714564277e-14,-1.0815350351411901e-14,1.8422542000632851e-17,-7.7660552974357113e-20,3.7878564802757951e-20,-6.0183231526308919e-20,-1.8205862091700555e-14,3.4690750254293686e-10,nan,nan,nan,nan,nan,nan,nan,nan,nan,nan,nan,nan,nan,nan,-2.0094883182181916e-07,1.7188869133599738e-07,-2.7024572109506304e-23,2.9230719738361391e-08,6.3211147671715651e-07,-2.3006169713735147e-07,0,0.017045794405258687,0.036011514059481581,2.313244953414854e-18,0.039882745485659336,0.014692298648069778,0.11992223721053587,5.1866995760557347e-06,-0.00039982612110011143,0.00053654396710840183,-2.124562181781307e-20,0.00027531144102017191,0.00017807230905361309,-0.0005423533079704139,-9.349835017905952e-11
17,3,support,0.0082565789473684221,0.0035000000000000001,0.0082483552631578971,0.008264802631578947,0.0030000000000000001,0.0040000000000000001,1001235.5571885844,1.2906032004356351,12.571545468741652,3226.8143769759236,0.16817587588813301,1173,1173,4.0349684119807952e-05,0.23328670782206917,0.40000000000000002,2,300000,0.00033700000000000001,0.0001,0.086703184088309238,0.15404117113386481,1.094381833042547e-17,0.1759685035433963,0.067234974754603091,0.56370802461699132,2.3935812628984032e-05,0.067941969771916563,0.069137293358357582,4.2996659085752905e-18,0.050266900937586255,0.41926961419503467,0.39337668956797367,7.5321691313279953e-06,nan,nan,nan,nan,nan,nan,nan,nan,nan,nan,nan,nan,nan,nan,0.27491680445378641,0.0016402381006123926,1.1970471409306249e-09,0.0020654068854311612,1.9559749326328522e-05,0.38148761307433315,7.6933578811877852e-05,7.4979242893956353e-07,2.6018729270249644e-10,3.5116188956611393e-12,3.3348494013417082e-10,8.1138798119807219e-11,6.029411705701634e-08,0.33979263219565359,0,0,0,0,0,0,0,nan,nan,nan,nan,nan,nan,nan,nan,nan,nan,nan,nan,nan,nan,2.2998803428836197e-10,-9.4046555623814804e-16,8.9852418540540809e-12,3.0424645458700494e-10,-3.6154889845874116e-15,3.3861063326087043e-09,-5.7597542034007026e-15,1.8774478499627989e-14,-2.1443061955830781e-18,-1.1784767546917399e-19,5.3742441385453054e-20,-4.0112676239687109e-20,2.8107753372551352e-14,-3.9293626965264467e-09,-2.324235479746542e-07,1.9880279156225811e-07,2.3026116772319255e-21,3.0225621607011574e-08,7.2735430363402021e-07,-2.6294442978525012e-07,0,0.018859950840976761,0.0333984971179326,2.3280528652399576e-18,0.038191782419054535,0.014551354402933496,0.12243669250719499,5.1966608189664236e-06,-1.5654110941812895e-05,-3.6471330582065939e-06,-1.5946155318344779e-20,-6.9997730949685451e-05,6.6525100363840683e-05,-9.9533614276311875e-05,-4.9800224153241978e-09
17,4,support,0.0082565789473684221,0.0045000000000000005,0.0082483552631578971,0.008264802631578947,0.0040000000000000001,0.0050000000000000001,1000913.6362092674,1.5769918594644672,15.366149091027044,2771.0270540210408,0.13926861168868254,1173,1173,4.1277303283435392e-05,0.20533100003840621,0.40000000000000002,2,300000,0.00033700000000000001,0.0001,0.083005336979570035,0.12917091848538495,2.1733646700125947e-17,0.22028200704330111,0.041416196942548007,0.53581761544811268,2.3636117994728529e-05,0.079503358684723149,0.070862534511650352,1.0436979045122921e-17,0.076913498654775952,0.3156783020845888,0.45703321479735193,9.0912669096396943e-06,nan,nan,nan,nan,nan,nan,nan,nan,nan,nan,nan,nan,nan,nan,0.24925707390499474,0.0026449663988114833,1.46336910256778e-09,0.0025069361964329723,3.2311081194072857e-05,0.39034913552791856,0.00010763095040995805,5.2038092054272615e-07,2.4171124951684651e-10,4.292553575723302e-12,3.9955121816184704e-10,1.0612476210359414e-10,8.6425384612811659e-08,0.35510133691892115,0,0,0,0,0,0,0,nan,nan,nan,nan,nan,nan,nan,nan,nan,nan,nan,nan,nan,nan,7.1703298155851166e-11,7.5440351155281449e-14,1.7599900123749932e-12,1.9185412684767621e-10,2.037649562969257e-15,2.573035150828934e-10,-4.2542624686450726e-14,4.7949925280343919e-15,3.0512476056437125e-17,2.0014719949039627e-19,-4.6037253979521601e-19,1.0782211913676515e-18,-2.4449500482107433e-14,-5.2263607382579991e-10,-3.4068039359794883e-07,1.6739345742866618e-07,1.1148325730822471e-21,1.7302789033439339e-07,1.1950279786704376e-06,-5.1389838373605556e-07,0,0.018202169065602181,0.028220580111229604,4.6959608923758662e-18,0.048153489047107791,0.0090634476827789641,0.11728283877466186,5.1701845352283706e-06,0,0,0,0,0,0,0
18,0,lumen,0.0082730263157894737,0.00050000000000000001,0.008264802631578947,0.0082812500000000004,0,0.001,1000151.5921668939,1.3561535903010065,13.224377700229162,3024.214079956168,0.16886129941449432,1173,1173,4.0581688928184645e-05,0.23362466076376814,0.59999999999999998,2,500000,0.00035,0.0001,0.06864045910981395,0.16656849204235175,9.4674428921974226e-18,0.17990467827221562,0.065605183727346097,0.51814587287317393,2.2770387284177778e-05,0.05658089863400332,0.078642079676032678,3.9127770692470994e-18,0.054060019893885126,0.43035105590444084,0.3803584083646836,7.5375269543544998e-06,0.27103269136620345,0.0015043764226684824,9.6953745432424274e-10,0.0019422758857624385,2.0384195872181772e-05,0.39459760899120566,7.1448748879046406e-05,8.8047324988242582e-07,2.9145973652731854e-10,3.0999640061718065e-12,2.7439099047697626e-10,6.6652564211290897e-11,6.3624970743104347e-08,0.33083026868612436,nan,nan,nan,nan,nan,nan,nan,nan,nan,nan,nan,nan,nan,nan,0,0,0,0,0,0,0,1.9766865114168728e-11,1.6806235125139718e-13,6.6049177101580497e-13,5.2828994127807406e-11,3.6678559495184615e-16,3.756898004497744e-11,-1.2562614845325055e-13,3.5954529284398795e-14,3.7278946746597089e-18,3.9133544810430078e-19,-7.5463801020546941e-19,1.1508614268768851e-18,5.9165942874229312e-15,-1.1091014234983699e-10,nan,nan,nan,nan,nan,nan,nan,nan,nan,nan,nan,nan,nan,nan,-1.7962400747709162e-07,1.5686892068655922e-07,-6.7206950074589874e-23,2.2716815095825176e-08,5.6157704525494623e-07,-2.0239300385638259e-07,0,0.015797541451933388,0.038059701758800649,2.1562047976032834e-18,0.041194314956783121,0.014941665575018115,0.11881384290663839,5.2166110861879388e-06,-8.1813118672083781e-05,9.8285944335312257e-05,-8.2650505519544588e-21,4.0785103646337671e-05,4.3681898812341778e-05,-0.0001169451615858185,3.8101933102761977e-10
18,1,lumen,0.0082730263157894737,0.0015,0.008264802631578947,0.0082812500000000004,0.001,0.002,1000151.3302793783,1.4093360263200836,13.742983783034697,2915.1917926695187,0.16859546218527374,1173,1173,4.055825312832133e-05,0.23351224295163464,0.59999999999999998,2,500000,0.00035,0.0001,0.067609696484910164,0.15819508080324451,9.274530604806073e-18,0.17202197419448262,0.062911164979030501,0.50058353950772716,2.1903426099633513e-05,0.05791678379156133,0.07761772331434677,3.9833653258675177e-18,0.053718448537353455,0.42886265876916496,0.38187685070823219,7.5348793411805323e-06,0.27135859836077986,0.0015200757922712899,9.9534403343656483e-10,0.0019557590334326131,2.0328553200740353e-05,0.39326987657212031,7.2069420759936892e-05,8.6509689663839672e-07,2.8800914766575996e-10,3.1454766946454811e-12,2.8103570139285895e-10,6.8282306757653105e-11,6.3341660814686304e-08,0.33180236219298903,nan,nan,nan,nan,nan,nan,nan,nan,nan,nan,nan,nan,nan,nan,0,0,0,0,0,0,0,8.9940111999203491e-11,6.8197093198596749e-13,-7.2098439981060736e-12,-2.1924557819475379e-10,1.4673592202418817e-15,1.7833840610867457e-10,-5.6562303610146205e-13,4.0740848195053303e-14,2.3187647337564387e-17,1.6046491630941301e-18,-5.407187020030536e-18,7.1047283397321723e-18,-2.8947330097168788e-14,-4.1952996804663598e-11,nan,nan,nan,nan,nan,nan,nan,nan,nan,nan,nan,nan,nan,nan,-1.8544220317835702e-07,1.6100260791240828e-07,-3.2550171729345539e-22,2.4268453443619257e-08,5.8057206786532589e-07,-2.0949866902375547e-07,0,0.016148029729951118,0.037515050969534898,2.2492715484095238e-18,0.040882609982197907,0.014868742953155526,0.11914282541666645,5.2080816851468472e-06,-0.00020596979985134918,0.000265731443127161,-1.2926177308583369e-20,0.00013321741560266124,9.5611215737694395e-05,-0.00028855227083930614,6.3696755270427249e-10
18,2,lumen,0.0082730263157894737,0.0025000000000000001,0.008264802631578947,0.0082812500000000004,0.002,0.0030000000000000001,1000150.56324207,1.3321736258787771,12.990553165151688,3097.0730818428046,0.16802924025914734,1173,1173,4.0489719923747053e-05,0.23340807272523711,0.59999999999999998,2,500000,0.00035,0.0001,0.075684723162428053,0.16137474735952431,1.0083964210451065e-17,0.17819808458848624,0.066047470079398651,0.53484235124057433,2.3158475907407609e-05,0.061284449294477898,0.074842814533624527,4.0938894053175638e-18,0.052600415637140768,0.42559185093759599,0.38567293914878792,7.5304483729427541e-06,0.27242776298882132,0.0015590321675877845,1.0614237078436074e-09,0.0019905867479655011,2.0103882990259822e-05,0.38954070647980649,7.3633996868814971e-05,8.2606191095976681e-07,2.7880654117331045e-10,3.2628728702704085e-12,2.9812475349369478e-10,7.2462718663548797e-11,6.2402867718129144e-08,0.33438728355710073,nan,nan,nan,nan,nan,nan,nan,nan,nan,nan,nan,nan,nan,nan,0,0,0,0,0,0,0,-5.7909166368326059e-11,-8.6071274589283202e-16,-1.8154575980349434e-12,-1.5347504258858232e-10,-9.1810239966072515e-16,-8.2318603973272064e-11,1.4336705120552763e-14,-8.0215781933512531e-15,2.1959587496412794e-17,1.6469104603619693e-20,4.4894142071761601e-20,-1.0186081716267272e-19,-2.0732738354856043e-14,2.9553429130344794e-10,nan,nan,nan,nan,nan,nan,nan,nan,nan,nan,nan,nan,nan,nan,-2.0053910831496075e-07,1.714963090981847e-07,3.5518851709150686e-22,2.9126962925510591e-08,6.307786918902103e-07,-2.2951441153162833e-07,0,0.017024516195162511,0.036043898114189635,2.4341443015315382e-18,0.039889614302052019,0.014700498165376132,0.11989524590220507,5.1867100310187197e-06,-0.00039934266796609131,0.00053618574246121025,-3.1090800681756187e-20,0.00027473577886862196,0.00017791224862016578,-0.00054340334709454064,-1.0437096134657928e-10
18,3,support,0.0082730263157894737,0.0035000000000000001,0.008264802631578947,0.0082812500000000004,0.0030000000000000001,0.0040000000000000001,1001233.9649796071,1.2984977184594972,12.648464735360287,3206.716497820853,0.16820739360487519,1173,1173,4.0350411721625988e-05,0.23331607339480365,0.40000000000000002,2,300000,0.00033700000000000001,0.0001,0.086054912212217477,0.15324372412922418,1.1030840419280783e-17,0.1749257573728569,0.066854327844115588,0.5600627400321041,2.3787114893723856e-05,0.067846569994437333,0.069200208517092909,4.3603723996706e-18,0.050274768193705154,0.41944673022942031,0.39322419188927699,7.531176067314885e-06,nan,nan,nan,nan,nan,nan,nan,nan,nan,nan,nan,nan,nan,nan,0.27491106889474637,0.0016385311008745985,1.1950880697904902e-09,0.0020641255709258374,1.9557149597378856e-05,0.38157496449337919,7.6869683143356186e-05,7.5090754572033686e-07,2.6041821867025143e-10,3.507816312302117e-12,3.3297953360348288e-10,8.1008227474482474e-11,6.0298771958952938e-08,0.33971407002793441,0,0,0,0,0,0,0,nan,nan,nan,nan,nan,nan,nan,nan,nan,nan,nan,nan,nan,nan,2.5176196774908305e-10,2.5549118984362041e-14,1.003937240352835e-11,7.5835824353194569e-10,3.3976727681350738e-15,6.8872895667843048e-10,-3.8335436730589358e-14,6.0578712185455075e-15,-6.7826639914216083e-18,-5.5430158022525456e-20,4.2900998687026796e-20,8.6059521963196078e-20,2.0453829648493081e-14,-1.7089054617818274e-09,-2.3193153457067711e-07,2.0114159893225292e-07,7.6107724613407829e-22,3.0091137407913566e-08,7.2572975598483858e-07,-2.6277099585136909e-07,0,0.018836254475136711,0.03343402135821668,2.3669381838389495e-18,0.038203512435253321,0.014559830318865844,0.12240764377569055,5.1967531496000459e-06,-1.56600787733178e-05,-3.6800636348152812e-06,-1.6004959223253655e-20,-7.0254777313001125e-05,6.6676370624303827e-05,-0.0001002280985465738,-4.9914278774605787e-09
18,4,support,0.0082730263157894737,0.0045000000000000005,0.008264802631578947,0.0082812500000000004,0.0040000000000000001,0.0050000000000000001,1000912.2923453999,1.5966201406589227,15.557427209299579,2736.7614329111548,0.13825943830427767,1173,1173,4.1280256210495051e-05,0.2053078266451217,0.40000000000000002,2,300000,0.00033700000000000001,0.0001,0.081885023842436566,0.12772150390033021,2.1636139935012604e-17,0.21779803777916212,0.040906767493494124,0.52916264558962545,2.3351590374489052e-05,0.07940661334915336,0.070939593002201345,1.0519490972222585e-17,0.076992822356281548,0.31567661589671481,0.45697526176191999,9.0936337289735704e-06,nan,nan,nan,nan,nan,nan,nan,nan,nan,nan,nan,nan,nan,nan,0.24920915531522186,0.0026441457724455837,1.4613103624262011e-09,0.002506141474945706,3.2336148600177909e-05,0.39046575363790709,0.00010759719595008952,5.2091049030537825e-07,2.419272475651137e-10,4.2875517515518668e-12,3.9899346705915288e-10,1.0597864324507657e-10,8.6492121788267409e-08,0.35503426083982031,0,0,0,0,0,0,0,nan,nan,nan,nan,nan,nan,nan,nan,nan,nan,nan,nan,nan,nan,4.0509085021792369e-10,9.1286534768856138e-14,-1.0529332293009754e-10,-1.5896715595225562e-09,4.6542088759371492e-14,4.9895851800306826e-09,-6.0035640085022739e-14,4.6042813658941917e-15,2.2576047001544023e-17,2.4383275960138401e-19,-9.3991767862333923e-19,1.474748881257516e-18,-2.0077983793383178e-14,-3.6997733493193236e-09,-3.4001950582635693e-07,1.622129401912531e-07,-9.9461737327082179e-22,1.7292224271307307e-07,1.1930941879040313e-06,-5.1145742341329736e-07,0,0.018175012489755376,0.028243641295765107,4.8623414444174158e-18,0.048190023604765354,0.0090610079887566697,0.11723574691989096,5.1701117056727723e-06,0,0,0,0,0,0,0
19,0,lumen,0.0082894736842105271,0.00050000000000000001,0.0082812500000000004,0.0082976973684210538,0,0.001,1000151.395892363,1.3572840877788221,13.235404215358132,3021.2893815551424,0.16884718853322753,1173,1173,4.0582212142888961e-05,0.23365207268601482,0.59999999999999998,2,500000,0.00035,0.0001,0.068483195274687575,0.16654900821234198,9.4751320322357358e-18,0.17975946337124651,0.065574871431504145,0.51753041676220735,2.2748221559957036e-05,0.056498333941269969,0.078698445032393691,3.9192200275182111e-18,0.054061422873828348,0.4305108778601674,0.38022338382406717,7.5364682735057856e-06,0.27103069337352226,0.0015029942086466543,9.6793574761079174e-10,0.0019412114778167284,2.0380063688090671e-05,0.39466592645809273,7.1396348240121519e-05,8.8157384322266129e-07,2.9166642782405245e-10,3.097206162890891e-12,2.7398469641422712e-10,6.6549827101048218e-11,6.3623867029298521e-08,0.33076645126904891,nan,nan,nan,nan,nan,nan,nan,nan,nan,nan,nan,nan,nan,nan,0,0,0,0,0,0,0,-5.326353327260613e-11,2.6337393504159394e-13,3.5352334662538483e-12,2.6833428743532354e-10,1.1093556628871681e-15,-2.2388338188558676e-10,-1.966507334136171e-13,5.1490062213943588e-14,7.3318504482975484e-18,6.2156440181398623e-19,-1.1563482451269201e-18,1.7129553780521645e-18,4.7889892312896723e-15,5.1534330671087906e-12,nan,nan,nan,nan,nan,nan,nan,nan,nan,nan,nan,nan,nan,nan,-1.7925072837154943e-07,1.568445737176738e-07,-3.2780911915981232e-22,2.2626445523745571e-08,5.6039477377978208e-07,-2.021419940878566e-07,0,0.015776584884739191,0.038092541381017329,2.2226932870214637e-18,0.041201158818879126,0.014949521405358913,0.11878778503024919,5.2165985001690485e-06,-8.183124234579508e-05,9.8399224223097355e-05,-4.6215929779972459e-21,4.0890144012232528e-05,4.3601249713025612e-05,-0.00011693187591350619,3.8262742358725447e-10
19,1,lumen,0.0082894736842105271,0.0015,0.0082812500000000004,0.0082976973684210538,0.001,0.002,1000151.1343711694,1.4098011086295583,13.747521674382606,2913.8366975769627,0.16867771201861598,1173,1173,4.0558727103510681e-05,0.23354069033845554,0.59999999999999998,2,500000,0.00035,0.0001,0.06749114047029614,0.1582557723186829,9.2140270106649661e-18,0.17196716740990875,0.062914301220643662,0.50023935202981185,2.1893088058652033e-05,0.05783431505604919,0.077673140308720176,3.9586860440484833e-18,0.053719065674064453,0.42902565459297359,0.38174029055836517,7.5338098274214226e-06,0.2713575896628882,0.0015186609506420889,9.9373415220943366e-10,0.0019546807879402372,2.0324132593365887e-05,0.39333766850839674,7.201601450475735e-05,8.6618505970510673e-07,2.8821365059005813e-10,3.1426603477874256e-12,2.8062685974710629e-10,6.8178412417418581e-11,6.3339903234457676e-08,0.33173812878417591,nan,nan,nan,nan,nan,nan,nan,nan,nan,nan,nan,nan,nan,nan,0,0,0,0,0,0,0,-1.2709709060812258e-11,6.2775667054776522e-13,5.6468074397617836e-13,1.3159649366012668e-11,2.1802221486511009e-15,-3.0007814809385192e-11,-5.2087985528449909e-13,3.8479202463248541e-14,2.1997615574111271e-17,1.3892626794693502e-18,-4.8314969208465727e-18,6.3155351696300299e-18,-2.7682624861635907e-14,2.8873125940920636e-11,nan,nan,nan,nan,nan,nan,nan,nan,nan,nan,nan,nan,nan,nan,-1.8506790872355183e-07,1.6091865906453506e-07,8.2027192451720485e-23,2.4178679704662347e-08,5.7938738386165145e-07,-2.0925922628034499e-07,0,0.016127231292055941,0.037547358220944099,2.213090849383253e-18,0.04088888632625072,0.014876732207928695,0.11911688762735433,5.2080718934134857e-06,-0.00020591240738693998,0.00026597861143376115,-4.4812086197788373e-21,0.00013328937311535031,9.5514756711007962e-05,-0.00028977085052706361,6.3797001915188387e-10
19,2,lumen,0.0082894736842105271,0.0025000000000000001,0.0082812500000000004,0.0082976973684210538,0.002,0.0030000000000000001,1000150.3683535694,1.3434709375953591,13.100720283305982,3070.60588386781,0.16805630549643946,1173,1173,4.0490197588707765e-05,0.23343759818677928,0.59999999999999998,2,500000,0.00035,0.0001,0.074944241205843629,0.16013642248295776,9.7625099316490806e-18,0.17670376584980249,0.065517937989790068,0.53015224658392568,2.2960449830062976e-05,0.061199497655199879,0.0748983390974131,3.9969970584890059e-18,0.052601663509851584,0.42576000949564802,0.38553296086940159,7.5293724856704735e-06,0.27242701311803341,0.0015575390868624967,1.0597400432993042e-09,0.0019894656150865261,2.0099530604033488e-05,0.38961105657506329,7.3578001694789714e-05,8.271354443874654e-07,2.7901256045203159e-10,3.2598070785566068e-12,2.9769518737792193e-10,7.2352666932314081e-11,6.2401664562681026e-08,0.33432035682365779,nan,nan,nan,nan,nan,nan,nan,nan,nan,nan,nan,nan,nan,nan,0,0,0,0,0,0,0,-4.8957178086640124e-10,-1.9482209547847221e-14,-6.4088934113077348e-12,1.1055847260462318e-09,3.4694469519536142e-15,-4.6649737414986014e-10,3.3458781236433959e-14,6.0854099537266393e-15,-2.7379571259013467e-18,-2.1092808352069569e-20,-8.130777000968814e-20,1.1258505870805787e-19,5.1085788855772782e-15,-1.4313519831412309e-10,nan,nan,nan,nan,nan,nan,nan,nan,nan,nan,nan,nan,nan,nan,-2.0012639081329331e-07,1.7157318377147845e-07,2.3473266198055677e-21,2.9026098684188398e-08,6.2966928085494978e-07,-2.3026449952334715e-07,0,0.01700327621205484,0.036076236389725305,2.4021267398283117e-18,0.03989645744091317,0.014708680893123051,0.11986813688374319,5.1867207258497455e-06,-0.00039894242121043231,0.00053606921165051311,-4.8744964333193352e-20,0.00027430344607456389,0.00017777875979976704,-0.00054607908079779531,-1.1584045321389159e-10
19,3,support,0.0082894736842105271,0.0035000000000000001,0.0082812500000000004,0.0082976973684210538,0.0030000000000000001,0.0040000000000000001,1001232.3725017953,1.300911459707522,12.671996769223034,3200.2889908656093,0.16822660074136922,1173,1173,4.0351138914103948e-05,0.23334532787411272,0.40000000000000002,2,300000,0.00033700000000000001,0.0001,0.085774544171846281,0.15309781413762039,1.1147643156721541e-17,0.1746279732706992,0.066758258216191621,0.55880690298717117,2.3739801873432628e-05,0.067751339938117217,0.069262942025242205,4.4147414859187017e-18,0.050282558410831117,0.41962323037427446,0.39307239907149388,7.5301800411047105e-06,nan,nan,nan,nan,nan,nan,nan,nan,nan,nan,nan,nan,nan,nan,0.27490534111080955,0.0016368326560342321,1.1931338514978878e-09,0.0020628501982845543,1.9554563408887808e-05,0.38166198608542962,7.6806095377768613e-05,7.5201988818102862e-07,2.606484553604936e-10,3.5040262747013844e-12,3.3247542987851698e-10,8.0878045747979166e-11,6.0303418632290231e-08,0.33963581509670865,0,0,0,0,0,0,0,nan,nan,nan,nan,nan,nan,nan,nan,nan,nan,nan,nan,nan,nan,3.30837553377742e-10,1.8458747679843189e-14,2.7521796933583648e-12,6.3789867951513811e-10,3.702225158386252e-15,5.8734959517553476e-10,-3.1912571763799928e-14,5.5879779969902899e-15,-5.000300030341787e-18,2.5552416915329971e-20,5.1069831166051878e-19,-5.955443467404025e-19,1.7986975376459951e-14,-1.5588515758008787e-09,-2.3143292389709441e-07,2.0088291136088898e-07,-6.3423778706165506e-22,2.9959883582042062e-08,7.2408498956455514e-07,-2.6202795661012246e-07,0,0.018812602262657168,0.033469495858493875,2.4545639312286777e-18,0.038215211404553258,0.014568286190065168,0.12237860934163872,5.1968455440259887e-06,-1.5661012665250489e-05,-3.71182487823235e-06,-1.56142746466663e-20,-7.0467565906799572e-05,6.6812848724170462e-05,-0.00010052875432049455,-5.0028798116392616e-09
19,4,support,0.0082894736842105271,0.0045000000000000005,0.0082812500000000004,0.0082976973684210538,0.0040000000000000001,0.0050000000000000001,1000910.9487511533,1.5746543606589569,15.343413788132645,2774.735963616034,0.13919291231569664,1173,1173,4.1283221113576217e-05,0.20528446856565452,0.40000000000000002,2,300000,0.00033700000000000001,0.0001,0.08292583440225651,0.12964406866223863,2.173609487055885e-17,0.22106482571303779,0.041477065088583724,0.53647538512661153,2.3683496032676028e-05,0.079309692137379983,0.071016872212131668,1.0422710723704354e-17,0.077072623665990242,0.31567449026361644,0.45691722570887716,9.0960120044792527e-06,nan,nan,nan,nan,nan,nan,nan,nan,nan,nan,nan,nan,nan,nan,0.24916103235640327,0.0026433280663232554,1.4592488053003694e-09,0.0025053460621719034,3.2361332613914917e-05,0.39058261968461583,0.00010756348610932713,5.2144093447737288e-07,2.4214371095856464e-10,4.2825451376998188e-12,3.9843494163007936e-10,1.0583236818333761e-10,8.6559109658830193e-08,0.35496713880177588,0,0,0,0,0,0,0,nan,nan,nan,nan,nan,nan,nan,nan,nan,nan,nan,nan,nan,nan,-2.7743825518308723e-10,5.3988594631757217e-14,1.3558712917217313e-10,3.384033180174019e-09,-7.6781354711730199e-14,-6.5637826234367716e-09,-1.2804790202251278e-14,6.8457609372907235e-15,3.9714011270190773e-17,1.8939118257726172e-19,-5.3072611204922926e-19,1.2512424825471859e-18,-2.83156538002365e-14,3.3216576706235797e-09,-3.3970622387389376e-07,1.7332495300115269e-07,1.3428603593503458e-21,1.7280956456833944e-07,1.1916601437150787e-06,-5.1576416376653e-07,0,0.018147906134676216,0.028266629483276729,4.6145391055038728e-18,0.048226511933724937,0.0090585513679126341,0.11718874221846669,5.1700383202936245e-06,0,0,0,0,0,0,0
20,0,lumen,0.0083059210526315805,0.00050000000000000001,0.0082976973684210538,0.0083141447368421072,0,0.001,1000151.1995881296,1.3581072541008843,13.243433829174119,3019.0536244184168,0.1689080588677476,1173,1173,4.058273335934476e-05,0.23367941568150224,0.59999999999999998,2,500000,0.00035,0.0001,0.068341909186917599,0.16656689107070982,9.4021165632227433e-18,0.17965498591299101,0.065559375420842614,0.51703355533702655,2.273123727747658e-05,0.056415979061046569,0.078754644770660437,3.8913778535915489e-18,0.054062780749844469,0.43067026302971895,0.38008879697854825,7.5354101812144462e-06,0.27102871391947564,0.0015016175039779488,9.6633884096900652e-10,0.0019401508947681047,2.0375936497013991e-05,0.39473399034973694,7.1344146335018362e-05,8.8267215019270743e-07,2.9187252180883592e-10,3.0944594382946566e-12,2.7357967018279262e-10,6.6447438615478167e-11,6.3622739755245313e-08,0.33070285935304566,nan,nan,nan,nan,nan,nan,nan,nan,nan,nan,nan,nan,nan,nan,0,0,0,0,0,0,0,-2.8364229923629792e-11,2.1593992601533345e-13,1.5804228446581188e-12,2.1432070621507691e-10,7.701088031164538e-16,-1.5080389194344068e-10,-1.5492404470385801e-13,5.307559947098639e-14,4.962571340326266e-18,5.10503685109673e-19,-6.9786746739261286e-19,1.1571043399055818e-18,9.8227497613111623e-15,-3.6857822517079259e-11,nan,nan,nan,nan,nan,nan,nan,nan,nan,nan,nan,nan,nan,nan,-1.7887400696140615e-07,1.5648610313112599e-07,1.4948336789784519e-22,2.2537063642423327e-08,5.5916861643745541e-07,-2.0162382941002477e-07,0,0.015755678024515354,0.038125312611825342,2.1504147666918483e-18,0.041207966993353003,0.014957360129711919,0.11876178737376376,5.2165858742074345e-06,-8.1849258931270043e-05,9.8505514036112808e-05,-6.4583704650053368e-21,4.099029627164935e-05,4.3519684501682916e-05,-0.00011690374398695822,3.8373775756881145e-10
20,1,lumen,0.0083059210526315805,0.0015,0.0082976973684210538,0.0083141447368421072,0.001,0.002,1000150.938432864,1.4104979628069465,13.754319666444053,2912.0048877127065,0.16864333861205341,1173,1173,4.0559199936944973e-05,0.23356906193353688,0.59999999999999998,2,500000,0.00035,0.0001,0.06736183927217973,0.15829020690409573,9.1811746099555e-18,0.17188412771165484,0.062907036545172101,0.49981364903441866,2.1879172839816574e-05,0.057752058260249643,0.077728457901695899,3.946521985710598e-18,0.053719676387420652,0.42918823904314257,0.38160403566312906,7.5327443623583895e-06,0.27135656403549807,0.0015172508603738702,9.9212898377260944e-10,0.0019536054048426843,2.0319722604865321e-05,0.39340529496021376,7.1962771040626108e-05,8.6727192773707723e-07,2.8841776510317103e-10,3.1398559338025475e-12,2.8021927195077472e-10,6.8074865786285218e-11,6.3338140910362278e-08,0.33167407000337684,nan,nan,nan,nan,nan,nan,nan,nan,nan,nan,nan,nan,nan,nan,0,0,0,0,0,0,0,-1.1094227004076182e-10,8.2527267539182603e-13,7.1261719461945306e-12,2.5887036008139613e-10,2.5605602707590158e-15,-2.7922698072994911e-10,-6.703358461826077e-13,5.4704287974494115e-14,4.001267579049616e-17,1.8149397714747087e-18,-5.6720238857879903e-18,7.5403240155221607e-18,-4.4764886150542373e-14,1.2400533360850547e-10,nan,nan,nan,nan,nan,nan,nan,nan,nan,nan,nan,nan,nan,nan,-1.846937455482825e-07,1.6087662679797887e-07,2.1906312611949305e-22,2.4089206996865801e-08,5.7820495182048237e-07,-2.0903475478339928e-07,0,0.016106475214872729,0.037579615033166425,2.1815043551956869e-18,0.04089514188639029,0.014884704873788235,0.11909092519783084,5.208062130168927e-06,-0.00020552628441695679,0.00026517189501335106,6.8172938514226717e-21,0.00013277774049177076,9.526822640802553e-05,-0.00028471791218993782,6.3708661654845485e-10
20,2,lumen,0.0083059210526315805,0.0025000000000000001,0.0082976973684210538,0.0083141447368421072,0.002,0.0030000000000000001,1000150.1734327589,1.3031166262275402,12.70721179457114,3165.2580674436349,0.16808094162758153,1173,1173,4.0490678395304274e-05,0.23346708508259062,0.59999999999999998,2,500000,0.00035,0.0001,0.077157877455625273,0.16521852192562217,9.7909835238842331e-18,0.18218062481054928,0.067573543475409101,0.54637037033252311,2.3668145092562681e-05,0.061114597671769383,0.074954186022666083,3.8882461814848874e-18,0.052603053564837909,0.4259282384184942,0.38539239600852843,7.5283137040258702e-06,0.27242607889811826,0.0015560438348220375,1.0580571957615568e-09,0.0019883405070481803,2.0095207941531764e-05,0.38968180966909188,7.3521878862551273e-05,8.2821427110084802e-07,2.7921958818187555e-10,3.256750081084696e-12,2.9726591062238851e-10,7.2242722795710625e-11,6.2400550565533921e-08,0.33425321767935379,nan,nan,nan,nan,nan,nan,nan,nan,nan,nan,nan,nan,nan,nan,0,0,0,0,0,0,0,8.4455158880094896e-10,1.9566818503463895e-14,-3.8145296827350486e-11,-2.537697001272937e-09,-5.7036623687944932e-15,1.570776524909695e-09,-2.8130016864653853e-14,8.4632821584218476e-16,-8.7346979472785996e-19,-1.7462784395017428e-21,-1.3023141903792525e-19,-1.8059162229622554e-21,2.0241868018668528e-15,1.6052542611405461e-10,nan,nan,nan,nan,nan,nan,nan,nan,nan,nan,nan,nan,nan,nan,-1.9968677673724844e-07,1.6923024331871872e-07,4.5982449420879648e-21,2.8923904936158757e-08,6.2767639520677765e-07,-2.2611111688553009e-07,0,0.01698207356343635,0.036108534832461285,1.6175492204635151e-18,0.039903286677187857,0.014716850459719308,0.11984097851127438,5.1867315268864209e-06,-0.00039784735064150292,0.00053396368563042118,-5.9250381759792288e-20,0.00027270223812384794,0.00017741933766839761,-0.00053560762892134232,-1.2479333809499856e-10
20,3,support,0.0083059210526315805,0.0035000000000000001,0.0082976973684210538,0.0083141447368421072,0.0030000000000000001,0.0040000000000000001,1001230.7797538701,1.3008344113273191,12.671266409008458,3200.001945114665,0.16825839686124608,1173,1173,4.0351864940438974e-05,0.2333744891313036,0.40000000000000002,2,300000,0.00033700000000000001,0.0001,0.085659165186781919,0.15324495021219545,1.1100819752894099e-17,0.17466486726074465,0.066790101870048094,0.55862411681119384,2.3738028446437838e-05,0.067656305083524063,0.069325511959084832,4.3959448855336135e-18,0.05029028301835977,0.41979919359136575,0.39292117716412422,7.5291835411623281e-06,nan,nan,nan,nan,nan,nan,nan,nan,nan,nan,nan,nan,nan,nan,0.27489962514194044,0.0016351417413755294,1.1911848261315288e-09,0.002061579888275981,1.9551984297196012e-05,0.38174870343098422,7.6742775156915359e-05,7.5312998925485229e-07,2.608780773743676e-10,3.5002498335146867e-12,3.3197272328866235e-10,8.0748270901152973e-11,6.0308042792012605e-08,0.33955783973156323,0,0,0,0,0,0,0,nan,nan,nan,nan,nan,nan,nan,nan,nan,nan,nan,nan,nan,nan,2.9610008979981741e-10,4.1226361391258636e-14,1.0988130623215993e-11,6.6017719196599592e-10,7.2496262465415739e-15,1.6148974757261569e-10,-5.2792438333629242e-14,6.2833852704224924e-15,-3.2389832146592829e-18,-9.9075696809032405e-20,-6.1378972800542605e-20,1.405450171079661e-19,1.8275785596675778e-14,-1.1287756287222649e-09,-2.3095159511644231e-07,2.0094833663719669e-07,-3.6718886979619747e-22,2.9830748839778385e-08,7.2250454467848169e-07,-2.6143154069346863e-07,0,0.018789003842807312,0.033504892707327871,2.4534197722417129e-18,0.038226864294322621,0.0145767187882148,0.12234976961862025,5.1969380434517203e-06,-1.5660062076438922e-05,-3.7420060683293657e-06,-1.613746043888016e-20,-7.0655464933976959e-05,6.694153348262931e-05,-0.0001006236777819604,-5.0143229091407029e-09
20,4,support,0.0083059210526315805,0.0045000000000000005,0.0082976973684210538,0.0083141447368421072,0.0040000000000000001,0.0050000000000000001,1000909.6054277559,1.6096818449070545,15.684742238028724,2714.1600500762024,0.1381838118211598,1173,1173,4.1286171910012488e-05,0.20526113825755349,0.40000000000000002,2,300000,0.00033700000000000001,0.0001,0.081022657263575798,0.12696006981408364,2.163372497472221e-17,0.21647690786903731,0.040574123927940305,0.52473475855873986,2.3174148774952531e-05,0.079213332582393076,0.071093751144449602,1.060439402078012e-17,0.077152048453983102,0.31567196197598074,0.45685980745645693,9.0983867364420412e-06,nan,nan,nan,nan,nan,nan,nan,nan,nan,nan,nan,nan,nan,nan,0.24911309953321276,0.0026425212199467319,1.4572004030306523e-09,0.0025045577352351672,3.2386442682912284e-05,0.39069877876655884,0.00010753014928871539,5.2196765883607915e-07,2.4235887350491259e-10,4.2775724354366748e-12,3.9788000532658145e-10,1.0568707767545011e-10,8.6625844144247899e-08,0.35490051535216804,0,0,0,0,0,0,0,nan,nan,nan,nan,nan,nan,nan,nan,nan,nan,nan,nan,nan,nan,4.8660845098139785e-10,1.2238832678567301e-13,-9.3404769891746934e-11,-2.8170617454042146e-09,5.8991982306022539e-14,5.749039251276046e-09,-7.2371119481003159e-14,6.8918395296213575e-15,3.6006330821750328e-17,2.8400846958868707e-19,-8.439624528205035e-19,1.5294202723202603e-18,-3.4007445401079677e-14,-3.325263454005295e-09,-3.3892708782741476e-07,1.6056907159445188e-07,-3.2206258935723721e-21,1.7270234982913768e-07,1.189520644664932e-06,-5.089058487950382e-07,0,0.018120840436653896,0.028289560887849854,4.8810649920451747e-18,0.048262976290307361,0.0090560809955521644,0.11714179705270003,5.1699652199627357e-06,0,0,0,0,0,0,0
21,0,lumen,0.0083223684210526321,0.00050000000000000001,0.0083141447368421072,0.0083305921052631571,0,0.001,1000151.0032542299,1.3586148667852924,13.24838635926718,3017.5222922363851,0.16889390140035127,1173,1173,4.0583252498219654e-05,0.2337066917794694,0.59999999999999998,2,500000,0.00035,0.0001,0.068216886819855882,0.16662308592252337,9.406926146083327e-18,0.17959218049970727,0.065559055864127885,0.51665786504981348,2.2719550350479748e-05,0.056333832376478946,0.078810675425739454,3.8948244276643576e-18,0.054064091307763656,0.43082921698251336,0.37995464955504038,7.5343524643799686e-06,0.27102675615761285,0.0015002462883027792,9.6474670439575625e-10,0.0019390941496050986,2.0371813419353689e-05,0.39480179621650885,7.1292142947180739e-05,8.8376813722958441e-07,2.9207800928878361e-10,3.0917237086972247e-12,2.7317590362697328e-10,6.6345396196205458e-11,6.3621586647123225e-08,0.33063949424244471,nan,nan,nan,nan,nan,nan,nan,nan,nan,nan,nan,nan,nan,nan,0,0,0,0,0,0,0,2.2915732827444381e-11,3.5080930141712457e-13,5.0353250255342113e-13,4.2489232776388307e-11,8.7169854667834556e-17,4.6419292021315783e-11,-2.5506057878259057e-13,7.7293857078664097e-14,1.1015369623129566e-17,7.9787711896787725e-19,-9.5434975726449333e-19,1.5975764909758147e-18,8.5649114412687182e-15,-1.125096129048729e-10,nan,nan,nan,nan,nan,nan,nan,nan,nan,nan,nan,nan,nan,nan,-1.784995424950267e-07,1.5600388142411603e-07,-4.552175420323227e-23,2.24486523328313e-08,5.5793446167295979e-07,-2.0099020764385855e-07,0,0.015734821152112735,0.038158014578917182,2.1761376560313627e-18,0.041214739838164045,0.014965181528267179,0.11873585971832809,5.2165732287482588e-06,-8.1869673704235301e-05,9.8614903028649593e-05,-6.2455270654897324e-21,4.1090583664836061e-05,4.3439487532844623e-05,-0.00011691382759645142,3.8450164905757082e-10
21,1,lumen,0.0083223684210526321,0.0015,0.0083141447368421072,0.0083305921052631571,0.001,0.002,1000150.7424646765,1.4125618504902815,13.774448144867327,2907.3595157060327,0.16872522987345986,1173,1173,4.055967139225523e-05,0.23359735571164453,0.59999999999999998,2,500000,0.00035,0.0001,0.06716784829492449,0.15817112145316822,9.1715271927645701e-18,0.1716348358398696,0.062838841707461443,0.49890557378857547,2.1844118906976872e-05,0.057670014544708138,0.077783645500613272,3.9481444379641275e-18,0.053720265085075783,0.42935038024948108,0.38146816293844088,7.5316816809629255e-06,0.27135553365795395,0.0015158460565480776,9.905286268836082e-10,0.0019525334381480732,2.0315322567363856e-05,0.39347271552514407,7.1909713287252836e-05,8.6835698224571223e-07,2.8862139009666042e-10,3.1370632196386513e-12,2.7981295889372006e-10,6.7971672374071877e-11,6.3336369476799208e-08,0.33161021296292792,nan,nan,nan,nan,nan,nan,nan,nan,nan,nan,nan,nan,nan,nan,0,0,0,0,0,0,0,-5.0220100451117515e-12,7.8002740400176972e-13,1.7901735548090789e-15,-6.3106099708846693e-12,1.7733210733172911e-15,-1.3893588319754957e-11,-6.1870887191846672e-13,5.6669729672775837e-14,4.6985111144459377e-17,1.7024555415596771e-18,-4.6047651639821392e-18,6.2903802840848656e-18,-4.984543798628933e-14,2.5054153025827345e-11,nan,nan,nan,nan,nan,nan,nan,nan,nan,nan,nan,nan,nan,nan,-1.8430728445598815e-07,1.6032071137317416e-07,5.8482067171220312e-23,2.4000456142421036e-08,5.7692520598340291e-07,-2.0830148478312438e-07,0,0.016085768072769763,0.03761180041176522,2.1957886232973461e-18,0.040901364737139512,0.014892659005931997,0.11906506726737456,5.2080524412051208e-06,-0.00020550167837436549,0.00026546155689753404,-2.6790296286209093e-20,0.00013286945561345382,9.51646910427756e-05,-0.00028638605976857379,6.3402499231006083e-10
21,2,lumen,0.0083223684210526321,0.0025000000000000001,0.0083141447368421072,0.0083305921052631571,0.002,0.0030000000000000001,1000149.9784805904,1.3171433939436887,12.843994924371586,3131.1193142340235,0.16810644686460885,1173,1173,4.0491155270097014e-05,0.23349652395874282,0.59999999999999998,2,500000,0.00035,0.0001,0.076230680957287772,0.16358072778663948,1.0406387959465208e-17,0.18024556353481797,0.066880275550603968,0.54035429022794534,2.3412852039403477e-05,0.061030136464301804,0.075009997765676822,4.177123386849575e-18,0.052604537780492587,0.42609619033359647,0.38525161038302197,7.5272729101166755e-06,0.27242511810312725,0.0015545505908239718,1.0563828781070851e-09,0.0019872151929331465,2.0090873608216589e-05,0.38975247437443789,7.3465796824666147e-05,8.2929385770545276e-07,2.7942645974280089e-10,3.2537155586312063e-12,2.9683891717865286e-10,7.213337255698789e-11,6.2399371998083417e-08,0.33418619166697988,nan,nan,nan,nan,nan,nan,nan,nan,nan,nan,nan,nan,nan,nan,0,0,0,0,0,0,0,-7.5662584269962612e-11,-1.0079775975191179e-14,-2.8450343988057044e-12,1.7861151721374573e-11,-2.7590776885411117e-15,-3.5492567370364048e-10,2.2246178877117149e-14,-9.0650143641513026e-15,2.0667499688247747e-17,-2.9620762586504255e-20,1.0899660703913505e-19,-1.6331258185711999e-19,-2.1523580632759221e-14,4.1559328182703718e-10,nan,nan,nan,nan,nan,nan,nan,nan,nan,nan,nan,nan,nan,nan,-1.9931622309392327e-07,1.708587298310249e-07,-1.882714808449495e-21,2.8815297331815366e-08,6.2681032955702598e-07,-2.2815222355809794e-07,0,0.016960926290483382,0.036140747746709952,2.4432240957699315e-18,0.03991008645670812,0.014724987382150844,0.11981417741184329,5.1867424897203898e-06,-0.00039742578323751176,0.00053385746617288208,-2.20210463974871e-20,0.00027228335674097569,0.00017730059310536934,-0.00053812469467102021,-1.3170650699778487e-10
21,3,support,0.0083223684210526321,0.0035000000000000001,0.0083141447368421072,0.0083305921052631571,0.0030000000000000001,0.0040000000000000001,1001229.1867344553,1.299045503430847,12.653861012476817,3203.932440914115,0.16827790198444326,1173,1173,4.0352590177254143e-05,0.23340356619344299,0.40000000000000002,2,300000,0.00033700000000000001,0.0001,0.085656763699895069,0.15359405189189368,1.1039838909847948e-17,0.1749319261207338,0.066909935996286252,0.55917768946320057,2.3767545952844878e-05,0.067561477444183865,0.069387996607753466,4.3657912108678518e-18,0.050297990860429201,0.41997471748547904,0.39277028941133846,7.5281908158937413e-06,nan,nan,nan,nan,nan,nan,nan,nan,nan,nan,nan,nan,nan,nan,0.2748938885578725,0.0016334565915309325,1.189240923935177e-09,0.0020603129110175452,1.9549413580189016e-05,0.38183523236614564,7.6679648904577481e-05,7.5423914014920127e-07,2.611073476114839e-10,3.4964877490984181e-12,3.3147140184417413e-10,8.0618895600797529e-11,6.0312655363324974e-08,0.33948006409321657,0,0,0,0,0,0,0,nan,nan,nan,nan,nan,nan,nan,nan,nan,nan,nan,nan,nan,nan,2.7359780418650986e-10,-1.0483975574009268e-14,1.0265769438204346e-11,7.0219352994231267e-10,4.4453373274078167e-15,4.6993368463081608e-10,1.9982376832435116e-15,1.159033806430454e-14,-1.222074982624618e-18,-3.8023218012378161e-20,1.4279748161473628e-19,-1.7561686761945213e-19,1.9274130764018e-14,-1.4560176954985052e-09,-2.3046295160276953e-07,2.0028052544196484e-07,1.5784749513446036e-22,2.9702191477852276e-08,7.2092344308161138e-07,-2.6085707449663431e-07,0,0.018765449637974527,0.033540239510811649,2.4130215445331322e-18,0.038238486436487362,0.014585131708697215,0.1223209425096921,5.1970306559513504e-06,-1.5658729229749978e-05,-3.7726556942441169e-06,-1.6028682403021044e-20,-7.0845200387083747e-05,6.7070574788395326e-05,-0.00010072725080748162,-5.0257798654324051e-09
21,4,support,0.0083223684210526321,0.0045000000000000005,0.0083141447368421072,0.0083305921052631571,0.0040000000000000001,0.0050000000000000001,1000908.2623761173,1.5972976584253389,15.564091591320468,2735.0059350143206,0.13911680157787917,1173,1173,4.1289131417029586e-05,0.20523764884345297,0.40000000000000002,2,300000,0.00033700000000000001,0.0001,0.081551255682950352,0.12808280907076541,2.1651710422267362e-17,0.21838041498684541,0.040888260263663698,0.52873621455532238,2.335990717284523e-05,0.079116824336884189,0.07117074514998234,1.0531570851956909e-17,0.077231765788948512,0.31566896217927132,0.45680260177558191,9.1007693317373498e-06,nan,nan,nan,nan,nan,nan,nan,nan,nan,nan,nan,nan,nan,nan,0.24906501767801503,0.0026417199632171196,1.4551500788969696e-09,0.0025037710033825964,3.2411654248832883e-05,0.39081502903038934,0.00010749696044475479,5.2249423473760372e-07,2.4257419574158106e-10,4.2725969264153941e-12,3.9732456705012822e-10,1.0554170438340901e-10,8.6692784952042948e-08,0.3548339423184193,0,0,0,0,0,0,0,nan,nan,nan,nan,nan,nan,nan,nan,nan,nan,nan,nan,nan,nan,8.9275912703110648e-11,4.8918597736153841e-14,-1.3758833422303986e-12,9.9271571697936245e-11,3.7763845869842605e-15,4.6454916291776421e-10,-2.6125819858776057e-14,1.5669973998932996e-15,1.9236697465369101e-17,1.2354703066902105e-19,-4.1877424717538366e-19,7.3595776458279024e-19,-1.7616790127506746e-14,-6.5173130833203396e-10,-3.3846899717780016e-07,1.6541167785488753e-07,-1.4751330269773566e-21,1.7259415823405599e-07,1.18796066866933e-06,-5.1116381022398016e-07,0,0.018093817299310765,0.028312433228434294,4.8318427007436263e-18,0.048299425876513459,0.0090535942341434805,0.11709488234717934,5.1698916803346785e-06,0,0,0,0,0,0,0
22,0,lumen,0.0083388157894736838,0.00050000000000000001,0.0083305921052631571,0.0083470394736842105,0,0.001,1000150.8068906334,1.3578343523486613,13.240777856523927,3018.8542553227244,0.16895483921405988,1173,1173,4.0583769605619753e-05,0.23373390414990564,0.59999999999999998,2,500000,0.00035,0.0001,0.068156802224558069,0.16683703013567452,9.3895525960425169e-18,0.17969959338066266,0.065620867424185464,0.51677278209575861,2.2729416733093135e-05,0.056251890398704062,0.078866549599023728,3.8853984654149167e-18,0.054065359286987483,0.43098776206153133,0.37982090535818958,7.5332955637357697e-06,0.27102481690458641,0.0014988802685517847,9.6315923566125874e-10,0.0019380409779898211,2.036769403556784e-05,0.39486936067490136,7.1240326282207066e-05,8.8486203660420292e-07,2.922829339093378e-10,3.0889989169017003e-12,2.7277337224906298e-10,6.6243693012990925e-11,6.3620408086961174e-08,0.33057634307365991,nan,nan,nan,nan,nan,nan,nan,nan,nan,nan,nan,nan,nan,nan,0,0,0,0,0,0,0,1.9470142988492183e-11,3.2035198600562742e-13,6.4585551130746291e-13,5.2556563238811266e-11,7.7954136201707769e-17,3.2023753007009992e-11,-2.2313789378749131e-13,8.675070210795166e-14,9.3602061879256995e-18,7.2893429678622466e-19,-5.0214795246371127e-19,1.0308375975436233e-18,1.5143744941086176e-14,-1.0489553686807089e-10,nan,nan,nan,nan,nan,nan,nan,nan,nan,nan,nan,nan,nan,nan,-1.7812764080415988e-07,1.5573382655675871e-07,3.6689966179980631e-23,2.2361042686793284e-08,5.5673242213560847e-07,-2.0054061988794558e-07,0,0.015714013954871014,0.038190647820647239,2.17841504962866e-18,0.041221478143494215,0.014972985511429589,0.11870999986113935,5.2165605675445498e-06,-8.1883154807232803e-05,9.869762906012469e-05,-6.7012898912506994e-21,4.1177251789899086e-05,4.3356264154457608e-05,-0.00011678111872145509,3.8489155017755037e-10
22,1,lumen,0.0083388157894736838,0.0015,0.0083305921052631571,0.0083470394736842105,0.001,0.002,1000150.5464666034,1.4127366530216032,13.776155413038079,2906.6101265544762,0.16869086895892402,1173,1173,4.0560141833138439e-05,0.23362557134823853,0.59999999999999998,2,500000,0.00035,0.0001,0.067064216358302772,0.15826351324977933,9.1575175952805899e-18,0.17161540782402906,0.062854719772168083,0.49866650835950665,2.1838339971990196e-05,0.057588173484110806,0.077838727409581282,3.9426022123325252e-18,0.05372084186088609,0.42951209723429812,0.38133262938871032,7.5306224134392631e-06,0.27135448752324681,0.0015144461853456252,9.8893282982958922e-10,0.0019514645354734989,2.0310934374462863e-05,0.39353996336510144,7.1856826393230632e-05,8.6944057438066709e-07,2.8882460471065499e-10,3.1342819236409206e-12,2.7940785697986866e-10,6.7868816348512177e-11,6.3334596354393445e-08,0.33154653622672242,nan,nan,nan,nan,nan,nan,nan,nan,nan,nan,nan,nan,nan,nan,0,0,0,0,0,0,0,8.4899247583778708e-12,9.8150374724592149e-13,-8.0283313815680475e-13,-4.5102756676267603e-11,1.6092812846202342e-15,3.1081280344597007e-11,-7.6796240315897778e-13,7.4400121480300285e-14,6.7369653438258353e-17,2.1044604789613954e-18,-5.4390960291476519e-18,7.5119563087790521e-18,-6.9374778120162092e-14,6.1144143598420769e-12,nan,nan,nan,nan,nan,nan,nan,nan,nan,nan,nan,nan,nan,nan,-1.8392846165820459e-07,1.5998581975873449e-07,5.3362917229430305e-23,2.3912356686856294e-08,5.756963951941696e-07,-2.0779658976843862e-07,0,0.016065107766771367,0.037643920723475555,2.2132258855766185e-18,0.040907558586949035,0.014900594969633245,0.11903927079996963,5.2080427989410692e-06,-0.00020536818889769451,0.00026542591978347433,-1.8529131423828658e-20,0.00013278292559361796,9.50205026341924e-05,-0.00028605172682700343,6.3196729913599032e-10
22,2,lumen,0.0083388157894736838,0.0025000000000000001,0.0083305921052631571,0.0083470394736842105,0.002,0.0030000000000000001,1000149.7834989501,1.3163720449017673,12.836475692167083,3132.5240231277862,0.16812779408730424,1173,1173,4.0491632020560178e-05,0.23352586431596828,0.59999999999999998,2,500000,0.00035,0.0001,0.076169932534521229,0.16379795929478272,1.0222607374932823e-17,0.18035599750037012,0.066945743364192525,0.54047416136753412,2.3423316250990482e-05,0.060945801125312504,0.075065638090469539,4.1009516556938913e-18,0.052605952824423374,0.42626359493477839,0.38511148679648854,7.5262285278042932e-06,0.27242415871464432,0.0015530646266402447,1.054712142760322e-09,0.0019860951233684654,2.0086558535295593e-05,0.38982286825850793,7.3409980884822925e-05,8.3037057443838456e-07,2.7963269079210814e-10,3.2506895114910124e-12,2.9641286968487218e-10,7.2024306741365023e-11,6.2398205708535639e-08,0.33411942226260594,nan,nan,nan,nan,nan,nan,nan,nan,nan,nan,nan,nan,nan,nan,0,0,0,0,0,0,0,-7.3342283863158195e-11,3.710490213320501e-14,-2.5108539605379674e-12,-1.6617748353396899e-11,-2.4712220117462103e-15,-2.9252450180032585e-10,-1.1285297434832705e-14,-5.467848396278896e-15,2.7719693709728494e-17,5.8755346536806201e-20,-2.7163370545322599e-20,2.8450024138754692e-20,-2.8124432309792867e-14,3.8500586034591376e-10,nan,nan,nan,nan,nan,nan,nan,nan,nan,nan,nan,nan,nan,nan,-1.9891198356318529e-07,1.7049674244651314e-07,-3.4595153944485584e-22,2.8710312532917519e-08,6.2549048729376722e-07,-2.2760818990663623e-07,0,0.016939817515954421,0.036172915169179039,2.294984580219037e-18,0.039916861484688586,0.014733109169573032,0.11978730843750415,5.1867535581137467e-06,-0.0003968405556898486,0.00053325157541594882,-3.0993280293622653e-20,0.00027156994195086961,0.00017712170393080522,-0.00053741699844243147,-1.395478058109934e-10
22,3,support,0.0083388157894736838,0.0035000000000000001,0.0083305921052631571,0.0083470394736842105,0.0030000000000000001,0.0040000000000000001,1001227.5934447205,1.2991527128916678,12.654925466387732,3203.1930442401176,0.16830946303133146,1173,1173,4.0353313882038645e-05,0.23343255991175332,0.40000000000000002,2,300000,0.00033700000000000001,0.0001,0.085529638846030473,0.15371914799454939,1.1040587647752773e-17,0.17494390240295132,0.06693219441978196,0.55891643074619934,2.3762421896681047e-05,0.067466883049527929,0.069450352039544722,4.3664545842687794e-18,0.05030566578900586,0.4201497677004532,0.39261980422051701,7.5272009512730524e-06,nan,nan,nan,nan,nan,nan,nan,nan,nan,nan,nan,nan,nan,nan,0.27488815379762471,0.0016317778081916445,1.1873027397583092e-09,0.0020590498730034012,1.9546846440908913e-05,0.38192150800827379,7.6616742068001868e-05,7.553467596416644e-07,2.6133612305400524e-10,3.492740895562483e-12,3.3097161910431071e-10,8.0489957475313612e-11,6.0317239053403882e-08,0.33940252939681492,0,0,0,0,0,0,0,nan,nan,nan,nan,nan,nan,nan,nan,nan,nan,nan,nan,nan,nan,2.7456888253699146e-10,3.9489773060430431e-15,1.0049238354486203e-11,7.0271201378395633e-10,4.8233986249535121e-15,4.320983245688359e-10,-1.228924249249918e-14,8.9140934217413204e-15,-2.5305093272597854e-18,-2.5402060683127119e-20,-8.4520798002785522e-21,-4.9102733630854837e-21,1.6691875979357081e-14,-1.4194508348478784e-09,-2.2997661364761862e-07,1.9996034067437662e-07,-1.5568100786637698e-23,2.9574095044366578e-08,7.1933650590272347e-07,-2.6024337573815615e-07,0,0.018741942127854423,0.033575528742574003,2.4427065574916809e-18,0.038250074359522261,0.014593523946542061,0.12229218078441166,5.1971233723090555e-06,-1.5657168500612425e-05,-3.8029830439015432e-06,-1.5893015983215914e-20,-7.103113365312358e-05,6.7198421999730532e-05,-0.00010079945859161792,-5.0372323821492417e-09
22,4,support,0.0083388157894736838,0.0045000000000000005,0.0083305921052631571,0.0083470394736842105,0.0040000000000000001,0.0050000000000000001,1000906.9195959051,1.61300194492627,15.717135472665234,2708.1832089667328,0.13810800396102618,1173,1173,4.1292085436437476e-05,0.20521411803456846,0.40000000000000002,2,300000,0.00033700000000000001,0.0001,0.080658986205260949,0.12697247265609193,2.1334331487981252e-17,0.21647696399016242,0.040489678291084498,0.52352253967767737,2.3138501059259558e-05,0.079020645345379462,0.071247538523208823,1.0479235521449745e-17,0.077311408342490326,0.31566555503254351,0.45674574960354236,9.1031528356142806e-06,nan,nan,nan,nan,nan,nan,nan,nan,nan,nan,nan,nan,nan,nan,0.24901699991450246,0.0026409266714077502,1.4531078097749925e-09,0.0025029886009180569,3.2436850439675563e-05,0.39093088272134269,0.00010746402658523494,5.2301862811596477e-07,2.4278879090934708e-10,4.2676429095469178e-12,3.9677131881215737e-10,1.0539694867158228e-10,8.6759627800595333e-08,0.35476768923422325,0,0,0,0,0,0,0,nan,nan,nan,nan,nan,nan,nan,nan,nan,nan,nan,nan,nan,nan,6.7439972704361234e-11,1.1020637395280279e-13,1.5156050442136061e-12,2.1131703768196747e-10,1.2981152611168945e-15,2.4977829039037752e-10,-5.3942973878383248e-14,1.1641620827063104e-14,5.1658343702103756e-17,3.2293958294682753e-19,-9.4059203761772309e-19,1.8739226443787553e-18,-3.5767460211627158e-14,-5.3008436581009747e-10,-3.3792437926106339e-07,1.6518729578640645e-07,-2.371996739759865e-22,1.7248581232718027e-07,1.1862207383028789e-06,-5.1062000316903777e-07,0,0.018066838891199689,0.028335241669100081,4.77231781685802e-18,0.048335841772177493,0.0090510924242588504,0.11704803944466277,5.1698180143547445e-06,0,0,0,0,0,0,0
23,0,lumen,0.0083552631578947371,0.00050000000000000001,0.0083470394736842105,0.0083634868421052638,0,0.001,1000150.6104973409,1.3570768071960198,13.233393333769724,3020.1376224932583,0.16894069770223991,1173,1173,4.0584284562799197e-05,0.2337610557714962,0.59999999999999998,2,500000,0.00035,0.0001,0.068095749245215678,0.16704806819176932,9.3624682212337231e-18,0.17980395308089631,0.065681578127855259,0.51687960007229827,2.2738913132562038e-05,0.056170157334643887,0.078922270333026442,3.8720302689700996e-18,0.054066587154586059,0.431145911780077,0.37968754115783032,7.5322398364359269e-06,0.27102289700984178,0.0014975192758663464,9.615764894851274e-10,0.0019369912339788089,2.0363577094739856e-05,0.39493668759454786,7.1188689672433092e-05,8.859539450747175e-07,2.9248730774776085e-10,3.086285242090078e-12,2.723720915970248e-10,6.6142331985854093e-11,6.3619201169912371e-08,0.33051340145009867,nan,nan,nan,nan,nan,nan,nan,nan,nan,nan,nan,nan,nan,nan,0,0,0,0,0,0,0,1.1046502605118484e-11,4.6878989310957137e-13,8.9292641228235806e-13,8.1156726627044358e-11,-3.1181654480683108e-16,-1.2523451676724195e-11,-3.1519186851201156e-13,1.2771858223792343e-13,2.2225658670740543e-17,1.0675916232283124e-18,-8.2601170294991368e-19,1.626228838322521e-18,1.2595527170437925e-14,-8.0866508100685356e-11,nan,nan,nan,nan,nan,nan,nan,nan,nan,nan,nan,nan,nan,nan,-1.7775718907757365e-07,1.5549467330400191e-07,2.0399698394846366e-22,2.2274006236150801e-08,5.5553756088400075e-07,-2.0011149726162358e-07,0,0.015693255776807129,0.038223213243776352,2.2372247265919152e-18,0.041228182057316626,0.014980772171564969,0.11868419705467018,5.2165478599628834e-06,-8.1897773774010596e-05,9.8777820945833008e-05,-6.32295181764961e-21,4.1260793034114276e-05,4.3274038111729131e-05,-0.00011666221585209027,3.8481683421128503e-10
23,1,lumen,0.0083552631578947371,0.0015,0.0083470394736842105,0.0083634868421052638,0.001,0.002,1000150.3504386574,1.4133719275503365,13.782352928245423,2904.91517083597,0.16877274705180295,1173,1173,4.0560611287880332e-05,0.23365370906091137,0.59999999999999998,2,500000,0.00035,0.0001,0.066939040677007663,0.15830409990773303,9.1148494049898267e-18,0.17154007421622225,0.062850050263470306,0.49826550567775835,2.1825462242771737e-05,0.057506543868895844,0.077893715634294911,3.9259976057059063e-18,0.05372141707799287,0.42967339994499604,0.38119739390627472,7.5295675457315385e-06,0.2713534203304685,0.0015130509927313268,9.8734170978112014e-10,0.0019503984249858591,2.0306557954830912e-05,0.39360705476953184,7.1804099357358054e-05,8.7052291671975638e-07,2.8902744742483191e-10,3.1315124754485194e-12,2.7900399856481806e-10,6.7766304995184382e-11,6.3332822036890328e-08,0.33148302934296087,nan,nan,nan,nan,nan,nan,nan,nan,nan,nan,nan,nan,nan,nan,0,0,0,0,0,0,0,7.8449810791309775e-11,9.4025462285369209e-13,-3.5404871951170672e-12,-2.7143618147074366e-10,1.311017266969472e-15,2.7977002962573105e-10,-7.1396613107174906e-13,7.8271373757377027e-14,7.8146669985603787e-17,1.9926870104500485e-18,-4.2660529011151506e-18,6.1061025769580418e-18,-7.8369911567817683e-14,-8.3470702741706206e-11,nan,nan,nan,nan,nan,nan,nan,nan,nan,nan,nan,nan,nan,nan,-1.8354903363795166e-07,1.59448290515396e-07,2.8770173066915758e-22,2.3824512288928093e-08,5.7444347684176833e-07,-2.071057211838756e-07,0,0.016044492680051158,0.037675980512581912,2.1829940349263491e-18,0.040913723816762962,0.014908515623228931,0.11901350762347623,5.2080333046468473e-06,-0.00020523758039349608,0.00026540137373418028,-1.8398722130505302e-20,0.00013270334977736226,9.487768169979883e-05,-0.00028578869615406087,6.2995863757568552e-10
23,2,lumen,0.0083552631578947371,0.0025000000000000001,0.0083470394736842105,0.0083634868421052638,0.002,0.0030000000000000001,1000149.5884871763,1.31578483248626,12.8307520484123,3133.4928065582976,0.16815445421414255,1173,1173,4.0492107942186823e-05,0.23355512584565941,0.59999999999999998,2,500000,0.00035,0.0001,0.076098712813217992,0.16399229917377192,1.0182927875507665e-17,0.18044128522818409,0.067001844969900137,0.54051895280044515,2.3430525928076542e-05,0.060861666478198351,0.075121189880318351,4.0832121600570245e-18,0.052607361904602953,0.42643058511654247,0.38497167143213895,7.5251881989247958e-06,0.27242317631849394,0.001551583609568715,1.0530460096722963e-09,0.0019849779618600983,2.0082255307088684e-05,0.38989310390260606,7.3354332781391164e-05,8.3144615982857254e-07,2.7983856676824477e-10,3.2476755877323198e-12,2.9598805245182773e-10,7.1915588147201877e-11,6.2397038280084538e-08,0.33405282607214881,nan,nan,nan,nan,nan,nan,nan,nan,nan,nan,nan,nan,nan,nan,0,0,0,0,0,0,0,-5.9386287029051847e-11,-7.1868183171293515e-15,-2.0195333989791609e-12,-1.2233652524222613e-10,-1.4263763781219296e-15,-1.3821046954479166e-10,2.8550134286984117e-14,-8.1167711440954804e-15,2.7257485862949176e-17,-3.2944490610015961e-20,1.0843469290927012e-19,-1.6188317498453714e-19,-2.7973191947298348e-14,3.2196892356520637e-10,nan,nan,nan,nan,nan,nan,nan,nan,nan,nan,nan,nan,nan,nan,-1.9850927009124053e-07,1.7004373004114726e-07,-9.1798824525534948e-23,2.8605807529518014e-08,6.2416936932874201e-07,-2.2699476076581959e-07,0,0.016918751044812566,0.036205028925919501,2.267582805493744e-18,0.039923613103463179,0.014741211670696466,0.119760477393133,5.1867648005014226e-06,-0.00039622283629006097,0.00053255358258818804,-2.8822549277886982e-20,0.00027080420769095295,0.00017693076949453379,-0.00053611109755900127,-1.4730890383380907e-10
23,3,support,0.0083552631578947371,0.0035000000000000001,0.0083470394736842105,0.0083634868421052638,0.0030000000000000001,0.0040000000000000001,1001225.9998848244,1.2967365942099895,12.631410383774631,3208.6864556744608,0.16832893667829235,1173,1173,4.0354036959789308e-05,0.23346147043896998,0.40000000000000002,2,300000,0.00033700000000000001,0.0001,0.085568970238038639,0.15414340669380058,1.0969014352579929e-17,0.17529627390519853,0.067084667538547596,0.55974277762339186,2.380353918215844e-05,0.067372485145774708,0.069512625058995664,4.3300869364632499e-18,0.050313326238794948,0.42032438796551541,0.39246964937635115,7.5262145681127015e-06,nan,nan,nan,nan,nan,nan,nan,nan,nan,nan,nan,nan,nan,nan,0.27488239828141031,0.0016301046846763677,1.1853694601475561e-09,0.0020577901136240085,1.9544287828354861e-05,0.38200760029112468,7.6554025804829545e-05,7.5645346435693105e-07,2.6156455765857865e-10,3.4890078716183781e-12,3.3047316340076755e-10,8.0361403726554424e-11,6.0321812327572624e-08,0.3393251896789462,0,0,0,0,0,0,0,nan,nan,nan,nan,nan,nan,nan,nan,nan,nan,nan,nan,nan,nan,2.810712697524094e-10,-3.4342312110804408e-16,9.6479459802273368e-12,6.7890971515876135e-10,7.1687447644741553e-16,8.2381850278166746e-10,-4.7626968750534292e-15,7.3927409333096605e-15,-2.8281957581896167e-18,1.973332085946733e-20,3.5560856425172652e-20,-9.5294295568708791e-20,1.1632383168510109e-14,-1.7934621567591984e-09,-2.2949167931794745e-07,1.9921167659919803e-07,6.5095144228715547e-22,2.944651654872727e-08,7.1775207138857766e-07,-2.5960745742015234e-07,0,0.01871848313287686,0.033610758014384852,2.3641506304237301e-18,0.038261627974109043,0.014601894420455064,0.12226353540605943,5.1972162591202225e-06,-1.5662314232114603e-05,-3.8360947038182283e-06,-1.597659884571492e-20,-7.1285023757215737e-05,6.7348179836761415e-05,-0.00010145315199346938,-5.0486686880362334e-09
23,4,support,0.0083552631578947371,0.0045000000000000005,0.0083470394736842105,0.0083634868421052638,0.0040000000000000001,0.0050000000000000001,1000905.5770889138,1.6314725330927358,15.897134716252109,2677.3312545765502,0.13904059604527683,1173,1173,4.1295032776960484e-05,0.2051905558152583,0.40000000000000002,2,300000,0.00033700000000000001,0.0001,0.079648898271759971,0.12566964209421252,2.1082641451734556e-17,0.21424564269386481,0.040030734458427253,0.51753120279517628,2.2882495707673442e-05,0.078924718932071813,0.071324071050156507,1.0474204366918718e-17,0.077390802887463556,0.31566169567268526,0.45668960592278146,9.1055348412752281e-06,nan,nan,nan,nan,nan,nan,nan,nan,nan,nan,nan,nan,nan,nan,0.24896906922396825,0.0026401441724583589,1.4510723977451505e-09,0.0025022128628848428,3.2462038983622281e-05,0.3910462541548026,0.00010743145532653193,5.2354001000524898e-07,2.4300247998822056e-10,4.2627072054225022e-12,3.9621997949723969e-10,1.0525273981023389e-10,8.6826388098984976e-08,0.35470181352532754,0,0,0,0,0,0,0,nan,nan,nan,nan,nan,nan,nan,nan,nan,nan,nan,nan,nan,nan,1.4534482025413832e-10,6.5728190238023694e-14,-1.1374395729404936e-11,6.1099382925441959e-11,1.280496975814005e-14,1.2071119865394303e-09,-1.5399308892715555e-14,1.1277545737542471e-14,6.3346914163362027e-17,1.9192126311477147e-19,-2.8885250387928296e-19,1.2611346579445251e-18,-3.5355742454487465e-14,-1.4022208399600639e-09,-3.3736642933001465e-07,1.6378478917555839e-07,-1.6956526126651247e-22,1.7238591392570311e-07,1.1844466945576393e-06,-5.0982483357220332e-07,0,0.018039903532130908,0.028357987973891594,4.7805772402738971e-18,0.048372231439650075,0.0090485758512774562,0.11700124766965095,5.1697442138519745e-06,0,0,0,0,0,0,0
24,0,lumen,0.0083717105263157905,0.00050000000000000001,0.0083634868421052638,0.0083799342105263172,0,0.001,1000150.4140745183,1.3579502475231391,13.241913196894071,3017.7945237578788,0.16900136953206235,1173,1173,4.058479702909608e-05,0.23378814724228064,0.59999999999999998,2,500000,0.00035,0.0001,0.067953168660575783,0.16705805816868979,9.236969778794067e-18,0.17969215967471697,0.065663332115411657,0.51636621782481051,2.2721097009605767e-05,0.05608863434876564,0.078977804538074653,3.8225874121234096e-18,0.0540677584261181,0.4313036429023353,0.37955462860086797,7.5311838382830793e-06,0.27102101179703286,0.001496163795451925,9.5999856003411106e-10,0.0019359454495651738,2.035946078377787e-05,0.39500373302143105,7.1137254451195147e-05,8.8704333369319292e-07,2.9269102302639758e-10,3.0835824131303906e-12,2.719720813711579e-10,6.6041317846522877e-11,6.3617958536666524e-08,0.33045069696622814,nan,nan,nan,nan,nan,nan,nan,nan,nan,nan,nan,nan,nan,nan,0,0,0,0,0,0,0,2.8110944623714532e-10,3.9720173371181709e-13,7.2434437782323252e-12,-1.294314523133364e-09,3.925787646352763e-15,1.8027764979618166e-09,-2.6626310050426422e-13,1.2710058699960669e-13,1.1264902199988718e-17,8.8966612683096749e-19,-1.2951797575959826e-19,6.1207219086103626e-19,2.8196164957667526e-14,-7.9710507655298531e-10,nan,nan,nan,nan,nan,nan,nan,nan,nan,nan,nan,nan,nan,nan,-1.7739422640376812e-07,1.5339618852916459e-07,1.146156060043809e-21,2.2187858655669756e-08,5.5420840777697933e-07,-1.9828056307957809e-07,0,0.015672546959990232,0.038255713515526257,2.0522021910984623e-18,0.041234853162867048,0.01498854281047207,0.11865845259966833,5.2165353317073406e-06,-8.1904569621066902e-05,9.8818740697309085e-05,-1.1541554268826501e-20,4.1322794130454567e-05,4.318615673992293e-05,-0.00011637498069188522,3.8363838584784966e-10
24,1,lumen,0.0083717105263157905,0.0015,0.0083634868421052638,0.0083799342105263172,0.001,0.002,1000150.1543806603,1.4088052677351337,13.737824301469045,2913.942586273844,0.16873869280718917,1173,1173,4.0561080625683708e-05,0.23368176893835524,0.59999999999999998,2,500000,0.00035,0.0001,0.067060916840130269,0.15892929329981398,9.1329486996765944e-18,0.17209804586176339,0.063077386213123768,0.49970337948195626,2.1893159359655052e-05,0.057425113323264748,0.077948686458746377,3.9210839612003008e-18,0.053722027691496456,0.42983434979752,0.38106229420890519,7.5285200672591642e-06,0.27135229782124681,0.0015116592695048287,9.8575483906178351e-10,0.0019493338547150461,2.0302197545633388e-05,0.39367409375629508,7.1751480472187804e-05,8.7160521073304073e-07,2.8923017006359786e-10,3.1287549324230429e-12,2.7860128137078046e-10,6.7664112406770019e-11,6.3331064522321961e-08,0.33141962505956607,nan,nan,nan,nan,nan,nan,nan,nan,nan,nan,nan,nan,nan,nan,0,0,0,0,0,0,0,-1.125112465788939e-09,1.3691805906171897e-12,4.5853844103088752e-11,4.0553581076841197e-09,-9.2932389214595013e-15,-5.018586085548879e-09,-9.98600450894358e-13,1.3462668480013207e-13,1.4412688111049055e-16,2.8953994557515965e-18,-5.2513938072095556e-18,7.834648500099241e-18,-1.3196727504441202e-13,2.0421225264660386e-09,nan,nan,nan,nan,nan,nan,nan,nan,nan,nan,nan,nan,nan,nan,-1.8322291938949881e-07,1.6445939349241101e-07,2.6978803706747922e-22,2.3736264598694031e-08,5.7383067735006232e-07,-2.1096878288773269e-07,0,0.016023926800209927,0.037707965198346217,2.057632012675467e-18,0.040919859179826365,0.014916410446660509,0.11898785977850715,5.208023382720639e-06,-0.00020505570135921991,0.00026521291460608533,-1.8051071045180805e-20,0.00013253358634896201,9.4713591991395777e-05,-0.00028453274857189815,6.2803447447380263e-10
24,2,lumen,0.0083717105263157905,0.0025000000000000001,0.0083634868421052638,0.0083799342105263172,0.002,0.0030000000000000001,1000149.3934451099,1.3115376743506109,12.789338779370851,3143.2103211791537,0.16817607674981136,1173,1173,4.0492583610934649e-05,0.23358431159974422,0.59999999999999998,2,500000,0.00035,0.0001,0.076239832866531604,0.16464493246194059,1.0196125319209784e-17,0.18103050751669239,0.067245071529758949,0.54207249353657683,2.3503168080823343e-05,0.060777725550874843,0.075176716157172141,4.0753078612505373e-18,0.052608795701616036,0.42659722273666312,0.38483201569900621,7.5241546676882396e-06,0.27242214373441076,0.0015501064301509956,1.0513841724529323e-09,0.0019838625907819397,2.0077966715596548e-05,0.38996326875745457,7.3298805670480907e-05,8.3252161117575099e-07,2.8004429568937026e-10,3.2446739002200898e-12,2.9556439253419801e-10,7.1807197331646602e-11,6.239588292733361e-08,0.33398634509527686,nan,nan,nan,nan,nan,nan,nan,nan,nan,nan,nan,nan,nan,nan,0,0,0,0,0,0,0,-1.7708293928249546e-10,7.1247120684929617e-14,-6.9598798729421915e-12,6.8138538667143866e-10,-8.0040141181569879e-15,-1.2370775549774837e-09,-2.7676880628191366e-14,-4.4612750993433536e-15,4.2171256021524606e-17,1.1524391446483593e-19,6.2172962791016943e-20,-7.7754473516798827e-20,-4.2362422404678843e-14,7.3974640284358302e-10,nan,nan,nan,nan,nan,nan,nan,nan,nan,nan,nan,nan,nan,nan,-1.9810237348368703e-07,1.7084532044631118e-07,-5.310247501924982e-23,2.8501145265232745e-08,6.229177194894131e-07,-2.272918616652575e-07,0,0.016897731862082599,0.036237070891425499,2.3766548817384369e-18,0.039930333095722213,0.014749290657518061,0.11973381346165325,5.1867759095416028e-06,-0.00039575955084213122,0.00053231019019585595,-3.4274143322434819e-20,0.00027030455749506798,0.00017680778026601447,-0.00053761241702387607,-1.5297076055171829e-10
24,3,support,0.0083717105263157905,0.0035000000000000001,0.0083634868421052638,0.0083799342105263172,0.0030000000000000001,0.0040000000000000001,1001224.4060596005,1.308719749458203,12.748157661190074,3178.8376298028234,0.1683595201778251,1173,1173,4.0354754470504531e-05,0.23349030037032237,0.40000000000000002,2,300000,0.00033700000000000001,0.0001,0.084666938184266391,0.15286766409631466,1.0965821571508628e-17,0.17371674867303599,0.066497810307106664,0.55440587611064018,2.3582431314119795e-05,0.067278406573786823,0.069574476372640651,4.36883624845525e-18,0.050320809390651783,0.420498298570886,0.39232048387169877,7.5252203360847292e-06,nan,nan,nan,nan,nan,nan,nan,nan,nan,nan,nan,nan,nan,nan,0.27487679228121037,0.0016284425521610412,1.1834443625669213e-09,0.0020565390207426554,1.9541707106101602e-05,0.38209300602573426,7.6491725550782496e-05,7.5755452795199945e-07,2.6179154374586069e-10,3.4852924161240739e-12,3.2997687582744512e-10,8.023344507441527e-11,6.0326260894502299e-08,0.33924836694778238,0,0,0,0,0,0,0,nan,nan,nan,nan,nan,nan,nan,nan,nan,nan,nan,nan,nan,nan,-2.5539292380790094e-10,4.3870094483964211e-14,1.5592362197383493e-11,3.7581803258231717e-09,-7.1719973709916118e-16,-5.83057531899564e-09,-2.284183797738316e-14,4.8795169294013618e-14,1.5134547662595554e-17,1.4652354253337554e-19,-4.3897286036058634e-20,1.8101880938382089e-19,3.205835549543218e-14,2.312094432379271e-09,-2.2901566198996193e-07,2.0550949969555532e-07,-3.8348302707222931e-22,2.9321065005340065e-08,7.1644896930400659e-07,-2.6207931852484379e-07,0,0.018695066192563652,0.03364593432984346,2.1295768186015745e-18,0.03827314959473354,0.01461024559641674,0.12223486229234892,5.1973089570719948e-06,-1.5654131670086533e-05,-3.8637963852185634e-06,-1.5822304964584106e-20,-7.1405446647649853e-05,6.7455060309882356e-05,-0.0001009706021072436,-5.0601506283180579e-09
24,4,support,0.0083717105263157905,0.0045000000000000005,0.0083634868421052638,0.0083799342105263172,0.0040000000000000001,0.0050000000000000001,1000904.2348546264,1.6267861995088952,15.851492148379052,2684.8524005932563,0.13803185540588234,1173,1173,4.1297981470899833e-05,0.2051668995752661,0.40000000000000002,2,300000,0.00033700000000000001,0.0001,0.079781194122461929,0.12616663561887806,2.1100153775356211e-17,0.21508306716440503,0.040145451892709481,0.51895803728685175,2.2954396933995456e-05,0.078828833274357052,0.071400551013925256,1.0452807109808412e-17,0.077470234506711144,0.315657398546832,0.45663387473720418,9.1079209704632077e-06,nan,nan,nan,nan,nan,nan,nan,nan,nan,nan,nan,nan,nan,nan,0.24892110195078762,0.0026393692530783395,1.4490391820077289e-09,0.0025014408632806858,3.2487276121600515e-05,0.39116145786798356,0.00010739911850899561,5.2405999987771136e-07,2.4321585403178029e-10,4.2577785284191757e-12,3.9566926736638953e-10,1.0510874023698314e-10,8.6893217598826819e-08,0.35463613051976584,0,0,0,0,0,0,0,nan,nan,nan,nan,nan,nan,nan,nan,nan,nan,nan,nan,nan,nan,1.2240030022553194e-10,8.0617496184790059e-14,-1.8921247977047671e-11,-5.8555740398030438e-10,1.1446356015798465e-14,1.3318130625021227e-09,-3.0862244927809887e-14,9.3040809431843563e-15,5.2731443146214844e-17,2.7657774458740983e-19,-7.2833035800383292e-19,1.5937180553097728e-18,-3.355449568366066e-14,-8.4977158694813399e-10,-3.36814954956903e-07,1.6321262719110052e-07,3.0417052347073666e-22,1.7228944866083168e-07,1.1827299276345737e-06,-5.0853778577053532e-07,0,0.018013010435852062,0.028380674000169578,4.7531312515128537e-18,0.04840860239336385,0.0090460441380247197,0.11695451139638709,5.1696702641722784e-06,0,0,0,0,0,0,0
25,0,lumen,0.0083881578947368422,0.00050000000000000001,0.0083799342105263172,0.0083963815789473671,0,0.001,1000150.2176225274,1.3626380513811986,13.287628447596539,3007.0145296621072,0.16898662998191433,1173,1173,4.0585306205861209e-05,0.23381517776319666,0.59999999999999998,2,500000,0.00035,0.0001,0.067621202220889118,0.16659978534280689,9.2941769243682518e-18,0.17907747315077943,0.065461277904906648,0.51441039701371083,2.2639738014645203e-05,0.056007318474784303,0.079033061302554733,3.8595402743056089e-18,0.05406882516217143,0.43146088219506967,0.37942238274209344,7.5301233263963049e-06,0.27101920086864811,0.0014948152355496462,9.5842561329613075e-10,0.0019349051412997005,2.0355341395654982e-05,0.39507037913308291,7.1086081982416857e-05,8.8812874729332953e-07,2.928937899887008e-10,3.0808895099764589e-12,2.7157337142801436e-10,6.5940658524154006e-11,6.3616663523278997e-08,0.33038830486071663,nan,nan,nan,nan,nan,nan,nan,nan,nan,nan,nan,nan,nan,nan,0,0,0,0,0,0,0,1.3543644612692319e-10,5.9245972957957431e-13,2.1821283258032561e-12,-5.6425555376045788e-10,1.7968482604602265e-15,8.8108561137160979e-10,-3.8062164360774673e-13,1.8677832717972631e-13,3.2942441735337455e-17,1.2322997460205146e-18,-9.8206139345957373e-20,7.4350355169974331e-19,2.4613555340122396e-14,-4.5487377769904264e-10,nan,nan,nan,nan,nan,nan,nan,nan,nan,nan,nan,nan,nan,nan,-1.7702133598904157e-07,1.5403411218750662e-07,2.3422708268908484e-22,2.2103742788572839e-08,5.5309371557732412e-07,-1.9855869254348235e-07,0,0.015651888965921824,0.038288139015850639,2.2065550139548719e-18,0.041241489313812191,0.014996294655160501,0.11863281857526914,5.2165227663957623e-06,-8.1965668243257176e-05,9.9020686264121441e-05,-1.4520085954800088e-20,4.1453244844258052e-05,4.3126281185805373e-05,-0.00011711038897496276,3.8178012138082388e-10
25,1,lumen,0.0083881578947368422,0.0015,0.0083799342105263172,0.0083963815789473671,0.001,0.002,1000149.9582935579,1.4249404273212642,13.895167427939789,2880.5636619263473,0.16881896907598912,1173,1173,4.0561547677426061e-05,0.23370973800573969,0.59999999999999998,2,500000,0.00035,0.0001,0.066207833302196581,0.15723998144526016,9.1731255570306437e-18,0.17015107399855786,0.062386392519264512,0.49387055137979718,2.1642239279097516e-05,0.057343946193052997,0.078003422654339016,3.9834400728937502e-18,0.053722594497801222,0.42999472682557083,0.38092778235643754,7.5274727984629511e-06,0.2713512088389391,0.0015102745930957707,9.8417394341790936e-10,0.0019482743919628069,2.0297843326965172e-05,0.39374078602485213,7.1699120315678636e-05,8.7268393552307343e-07,2.8943204079084385e-10,3.1260101676950085e-12,2.7820012526085685e-10,6.7562344190400233e-11,6.3329276167595044e-08,0.3313565215518014,nan,nan,nan,nan,nan,nan,nan,nan,nan,nan,nan,nan,nan,nan,0,0,0,0,0,0,0,1.1532697942512536e-09,1.3225616636044769e-12,-3.0453897746268703e-11,-4.8206390549811813e-09,1.6045324791047477e-14,6.1851474593074829e-09,-9.2505035295469983e-13,1.4461088576611658e-13,1.6901613409384696e-16,2.7391558398559067e-18,-3.8080311052232337e-18,6.083551216541494e-18,-1.5003046046484669e-13,-2.4877324924009709e-09,nan,nan,nan,nan,nan,nan,nan,nan,nan,nan,nan,nan,nan,nan,-1.827728001255885e-07,1.5296955080401631e-07,-1.1994950552402602e-21,2.3648545005752088e-08,5.7148232851522707e-07,-2.0163127883998655e-07,0,0.016003407373557047,0.037739889152196393,2.4544797184972494e-18,0.040925964761909045,0.014924294635563475,0.11896230249073449,5.2080141475845549e-06,-0.00020503996891722498,0.00026555731940949427,-2.5727207651372526e-21,0.00013266087639572595,9.4615077268655925e-05,-0.00028654590138343103,6.254604968996709e-10
25,2,lumen,0.0083881578947368422,0.0025000000000000001,0.0083799342105263172,0.0083963815789473671,0.002,0.0030000000000000001,1000149.1983731734,1.3165293664715068,12.838017309089521,3130.8657449833672,0.16820202224494143,1173,1173,4.0493058190277629e-05,0.2336134142333291,0.59999999999999998,2,500000,0.00035,0.0001,0.075846144119666559,0.16414156085359802,9.9832677699045351e-18,0.18034901012937449,0.067016193254389622,0.53982155668640364,2.3410848449033928e-05,0.060694016769680094,0.075232138499802301,4.0054179771020049e-18,0.052610232309710993,0.42676341715731264,0.38469267213764635,7.5231258475386514e-06,0.2724210925737735,0.0015486343912376689,1.0497275206607417e-09,0.0019827502599448995,2.0073688462768249e-05,0.3900332540099925,7.3243453472985674e-05,8.3359570783033024e-07,2.8024961237422829e-10,3.2416854494099867e-12,2.9514211299457804e-10,7.1699190236364979e-11,6.2394719604584652e-08,0.33392005393257818,nan,nan,nan,nan,nan,nan,nan,nan,nan,nan,nan,nan,nan,nan,0,0,0,0,0,0,0,1.635502504452054e-10,1.72116413198072e-14,1.2411708009471673e-11,-1.8707374223036312e-09,1.3886895106063335e-14,2.3195373180778106e-09,2.2025565746861135e-14,-1.0616507672978059e-14,4.4692667085829344e-17,-1.4026482260016084e-20,2.4644528031916203e-19,-4.3040144683224994e-19,-4.6976899702821325e-14,-6.247573848907295e-10,nan,nan,nan,nan,nan,nan,nan,nan,nan,nan,nan,nan,nan,nan,-1.9772128156958502e-07,1.6699310606549389e-07,1.3448845150826686e-21,2.8396270173787694e-08,6.2144113383011401e-07,-2.242344193659207e-07,0,0.01687674912708181,0.036269081081490899,2.0777709810858477e-18,0.039937041936625534,0.014757354053957167,0.1197070678324961,5.186787522161826e-06,-0.00039489002243260575,0.00053093195086024102,-8.5386126079892154e-20,0.00026915832126213671,0.0001765209279705837,-0.00053183778240364487,-1.5907752350540762e-10
25,3,support,0.0083881578947368422,0.0035000000000000001,0.0083799342105263172,0.0083963815789473671,0.0030000000000000001,0.0040000000000000001,1001222.8119604192,1.2833506322705115,12.501058572489548,3241.1981022917321,0.16838075843425426,1173,1173,4.0355476766634014e-05,0.23351907081195281,0.40000000000000002,2,300000,0.00033700000000000001,0.0001,0.086219645338030573,0.15602844067961677,1.2123884296480188e-17,0.17717707176370878,0.067840261494773152,0.56514915967177137,2.4045415319070213e-05,0.067184244621953229,0.069636582503038211,4.736589402974719e-18,0.050328363557915604,0.42067216394799928,0.39217112113516855,7.5242339249945968e-06,nan,nan,nan,nan,nan,nan,nan,nan,nan,nan,nan,nan,nan,nan,0.27487101938957792,0.0016267808223827339,1.1815180677957425e-09,0.0020552864610656214,1.9539165668437824e-05,0.38217871922477564,7.6429404218622071e-05,7.5865921431685756e-07,2.620192995620035e-10,3.4815802624582394e-12,3.2948033592377703e-10,8.0105475571884759e-11,6.0330821583335774e-08,0.33917140468563695,0,0,0,0,0,0,0,nan,nan,nan,nan,nan,nan,nan,nan,nan,nan,nan,nan,nan,nan,9.3520998867117248e-10,1.2402813321244618e-13,2.1662002012096907e-11,-3.8577424640123423e-09,2.4767080747389869e-14,8.952056834536648e-09,-6.498447156323919e-14,9.0750974443554178e-14,3.0114934449911424e-17,3.168170150037345e-19,1.3729590336064609e-19,6.6080408908352592e-20,4.3617247071450848e-14,-6.0514044888306602e-09,-2.2853979218719761e-07,1.9036775761316349e-07,-8.8654822473325701e-21,2.9198156609441216e-08,7.1428498950310004e-07,-2.5385858104520764e-07,0,0.018671698253802816,0.033681053762852672,2.8340233479725866e-18,0.038284632450215218,0.014618578736942792,0.12220626227222452,5.1974023349686302e-06,-1.5641204908380169e-05,-3.888667635328582e-06,-1.4871011916465613e-20,-7.1474903319326336e-05,6.7545569252436128e-05,-0.0001000564546946599,-5.0716256035239189e-09
25,4,support,0.0083881578947368422,0.0045000000000000005,0.0083799342105263172,0.0083963815789473671,0.0040000000000000001,0.0050000000000000001,1000902.892892056,1.6119205158761309,15.70666118691752,2709.420303466326,0.13896467842217855,1173,1173,4.1300935681103691e-05,0.20514311698326412,0.40000000000000002,2,300000,0.00033700000000000001,0.0001,0.0804189429943028,0.12746653943701647,2.1297189941360622e-17,0.21728975855895336,0.040515030967943129,0.52367940655918666,2.3172148539663802e-05,0.078732973298108105,0.071477106305108104,1.0454020458853024e-17,0.077549969712390462,0.31565271051138577,0.45657812985796153,9.1103150459430527e-06,nan,nan,nan,nan,nan,nan,nan,nan,nan,nan,nan,nan,nan,nan,0.24887303330698848,0.0026385981622295924,1.4470073900403415e-09,0.0025006694173235447,3.2512574798748579e-05,0.39127668438186375,0.000107366871500596,5.2457992919040026e-07,2.4342928628645763e-10,4.2528551978961438e-12,3.9511892676392372e-10,1.0496487918444423e-10,8.6960156107726315e-08,0.35457052155045954,0,0,0,0,0,0,0,nan,nan,nan,nan,nan,nan,nan,nan,nan,nan,nan,nan,nan,nan,3.62303370639964e-11,4.8676641423286776e-14,1.7975241625434995e-11,5.9417816221240351e-10,-9.7124999015596458e-15,-7.1606874238721446e-10,-3.9684815533424019e-15,6.3395469429572415e-15,5.0388374031434128e-17,1.906772157852344e-19,-8.1737955627003999e-20,6.8812123767460095e-19,-3.2963566567366554e-14,6.7676391750858011e-11,-3.3630868111634432e-07,1.6482036296894265e-07,2.1891566409075639e-22,1.7218644791224039e-07,1.1810404644957417e-06,-5.0907132764788088e-07,0,0.017986162652893715,0.028403294605567373,4.7460363259000151e-18,0.048444942468720081,0.0090434965912152485,0.11690785728801387,5.1695960373295512e-06,0,0,0,0,0,0,0
26,0,lumen,0.0084046052631578938,0.00050000000000000001,0.0083963815789473671,0.0084128289473684205,0,0.001,1000150.0211409456,1.3564972014110939,13.227749162928292,3020.2282212295022,0.16904804017286032,1173,1173,4.0585813001374629e-05,0.23384216000224819,0.59999999999999998,2,500000,0.00035,0.0001,0.067828884192756234,0.16747058609423252,9.2488421354624373e-18,0.17989141385449842,0.065781516628686545,0.51655953428098511,2.273901513474479e-05,0.05592616506283684,0.079088143699503552,3.8234065821432332e-18,0.054069815243060031,0.43161775869110219,0.3792905882424607,7.5290610366566752e-06,0.27101742794802436,0.0014934718747685535,9.5685660447783005e-10,0.0019338686693157962,2.0351222245261876e-05,0.39513675921864616,7.1035101241343203e-05,8.8921183934693141e-07,2.9309594942635247e-10,3.0782055737202304e-12,2.711757043571606e-10,6.5840289058346575e-11,6.3615335943637401e-08,0.33032613154853618,nan,nan,nan,nan,nan,nan,nan,nan,nan,nan,nan,nan,nan,nan,0,0,0,0,0,0,0,-6.057619860073227e-11,6.8531818561695597e-13,4.6253689881273958e-12,3.6049899922964487e-10,-2.1083395446153119e-15,-4.6374816443581213e-10,-3.896449403092576e-13,2.665636808507621e-13,6.930365661452049e-17,1.4994222733691664e-18,3.6360409205266408e-19,1.8579528628282592e-19,2.9360382077456278e-14,1.5861051344795301e-10,nan,nan,nan,nan,nan,nan,nan,nan,nan,nan,nan,nan,nan,nan,-1.7665714478146827e-07,1.550944814243671e-07,8.913202612436797e-22,2.2021492220332322e-08,5.5200957503609427e-07,-1.9903456699443822e-07,0,0.015631280350354097,0.038320499984159213,2.2539027059736758e-18,0.041248095419974921,0.015004030262887132,0.11860723982652988,5.2165104966956604e-06,-8.1979266584381058e-05,9.9078616436758669e-05,-2.8428925599541405e-21,4.1515307724537392e-05,4.3050406067568862e-05,-0.00011692885487003491,3.8052035680303058e-10
26,1,lumen,0.0084046052631578938,0.0015,0.0083963815789473671,0.0084128289473684205,0.001,0.002,1000149.762177682,1.4300984085290434,13.945467712514917,2869.7934266519878,0.1687843335749519,1173,1173,4.056201396937421e-05,0.2337376051706892,0.59999999999999998,2,500000,0.00035,0.0001,0.065875820918557773,0.15678226738199996,8.8284944944656624e-18,0.16953887433667297,0.062184465135103791,0.49191646530928301,2.1561160151117464e-05,0.057262926737839691,0.078057909591951483,3.847661882701625e-18,0.053723077054197939,0.43015448946507912,0.38079407073133886,7.5264195927852779e-06,0.27135015238695026,0.0015088978290691323,9.8259701771696937e-10,0.0019472210560463683,2.0293505101574976e-05,0.39380712243479954,7.1647058213060498e-05,8.7375852432728199e-07,2.8963302907586438e-10,3.1232731807099285e-12,2.7779999545353655e-10,6.7460873350564222e-11,6.3327486084130182e-08,0.33129372702319521,nan,nan,nan,nan,nan,nan,nan,nan,nan,nan,nan,nan,nan,nan,0,0,0,0,0,0,0,1.2458383502618674e-09,1.4780946702432305e-12,-4.9940638499614199e-11,-5.1901846814589515e-09,1.8167108442601609e-14,7.2285816462343971e-09,-1.0082173825933961e-12,1.7855638842489974e-13,2.124481990192511e-16,3.1716107884082137e-18,-4.4180627449106782e-18,7.1619420445582042e-18,-1.7530375517162166e-13,-3.2347858282539396e-09,nan,nan,nan,nan,nan,nan,nan,nan,nan,nan,nan,nan,nan,nan,-1.8238083833964358e-07,1.5163790562100488e-07,1.6083514635588121e-21,2.3564270051590089e-08,5.7023441363268645e-07,-2.008049985180449e-07,0,0.015982932393326297,0.037771751282954555,2.1350076214713228e-18,0.040932041066413717,0.014932162103936804,0.1189367572219967,5.2080048760181666e-06,-0.00020494292886852122,0.00026562442815895057,-2.7009005941722423e-20,0.00013263408366212502,9.4479079065597359e-05,-0.00028691927823613786,6.2204256840964718e-10
26,2,lumen,0.0084046052631578938,0.0025000000000000001,0.0083963815789473671,0.0084128289473684205,0.002,0.0030000000000000001,1000149.0032717962,1.3177472020385779,12.849895429378526,3127.5467519055023,0.16822290028092338,1173,1173,4.0493532168675467e-05,0.23364242599855245,0.59999999999999998,2,500000,0.00035,0.0001,0.07567173857434327,0.16411032063170697,1.0155678427246064e-17,0.18018708574224879,0.066980240480590938,0.5391279289328117,2.3386009249772815e-05,0.060610479812976389,0.075287413745063037,4.0783613289739135e-18,0.052611629655578619,0.42692911012411711,0.38455384456530933,7.5220969554457973e-06,0.2724200366971371,0.0015471686488047979,1.0480751386718213e-09,0.0019816422065941242,2.0069424851991546e-05,0.39010300501009171,7.3188326400568904e-05,8.3466755635669857e-07,2.8045437986712845e-10,3.2387074309089148e-12,2.9472096474091359e-10,7.1591508812801124e-11,6.239355794335951e-08,0.33385399092692747,nan,nan,nan,nan,nan,nan,nan,nan,nan,nan,nan,nan,nan,nan,0,0,0,0,0,0,0,-3.8745064743235729e-11,1.3824177342018463e-13,-2.8159771806852429e-12,-2.8264569635107256e-10,-1.5005358067199381e-16,1.4003318339964044e-10,-5.0277678110918377e-14,9.656988750328388e-15,7.3983265183724004e-17,2.2168229420741455e-19,5.3615365763849595e-20,-4.2718062524681866e-20,-6.5973563297332244e-14,1.8414195150807909e-10,nan,nan,nan,nan,nan,nan,nan,nan,nan,nan,nan,nan,nan,nan,-1.9730695388717884e-07,1.6887647502628056e-07,-3.8738650738835077e-22,2.8293318030189858e-08,6.2024207042599144e-07,-2.2532045440559756e-07,0,0.016855807821745217,0.036301032825240061,2.3480691566130863e-18,0.039943722603447605,0.014765397643680209,0.11968036132201632,5.1867989166557262e-06,-0.00039437773189305821,0.00053051227813814209,-4.4961869175393191e-20,0.00026855993396408606,0.00017635878697367264,-0.00053237345429177981,-1.6791731763522234e-10
26,3,support,0.0084046052631578938,0.0035000000000000001,0.0083963815789473671,0.0084128289473684205,0.0030000000000000001,0.0040000000000000001,1001221.2175883992,1.2864752702310613,12.531515480428803,3232.8501734663755,0.1684111785842482,1173,1173,4.0356194644969851e-05,0.23354779700291411,0.40000000000000002,2,300000,0.00033700000000000001,0.0001,0.085890141594094083,0.15578797975274736,1.1396661284545524e-17,0.17677328100718084,0.067703308135096826,0.56356052524288458,2.3983890471781124e-05,0.067090546593692693,0.069698660476125759,4.4633238737572918e-18,0.050336001896604733,0.4208457608984163,0.39202150686870918,7.5232664512649316e-06,nan,nan,nan,nan,nan,nan,nan,nan,nan,nan,nan,nan,nan,nan,0.27486522223075005,0.0016251212668704185,1.1796011089559661e-09,0.0020540336309417535,1.9536608444525324e-05,0.38226433228065304,7.6367125723904658e-05,7.5976489836994625e-07,2.622469325076938e-10,3.4778932364356586e-12,3.2898630265165993e-10,7.9978164341600601e-11,6.0335308050077127e-08,0.33909456490211948,0,0,0,0,0,0,0,nan,nan,nan,nan,nan,nan,nan,nan,nan,nan,nan,nan,nan,nan,2.3808397927500268e-10,2.27658062867834e-14,4.8199619275186568e-11,-1.1153831994815134e-09,1.4428670931654342e-14,5.4055597489485741e-09,-2.3912308628117568e-14,4.3118286718879517e-14,1.9341736788658994e-18,6.7423042595974064e-20,-5.6571709273114116e-20,1.8098559291234806e-19,4.3971214275120059e-14,-4.5765603531111072e-09,-2.2808670328920005e-07,1.9356400698944398e-07,-2.8333787917332602e-21,2.906883540613069e-08,7.1306530850800964e-07,-2.5599197001069385e-07,0,0.018648379542590066,0.03371610694507559,2.4997657993577828e-18,0.038296080765112372,0.014626886849289708,0.12217782239145752,5.197495499080993e-06,-1.564637943166948e-05,-3.9218139448045611e-06,-1.5609627643846983e-20,-7.1732915337553986e-05,6.7696753207067555e-05,-0.00010074162451913748,-5.0830416659209901e-09
26,4,support,0.0084046052631578938,0.0045000000000000005,0.0083963815789473671,0.0084128289473684205,0.0040000000000000001,0.0050000000000000001,1000901.551202672,1.6326189132685325,15.908369078648361,2674.8810749708955,0.13795579810459194,1173,1173,4.1303880466337697e-05,0.20511933045081987,0.40000000000000002,2,300000,0.00033700000000000001,0.0001,0.079303022452731048,0.12598462187380349,2.1047108498891055e-17,0.21475459403835259,0.040000683668466784,0.51697693224859176,2.2884349514734635e-05,0.078637521051572859,0.071553368904049314,1.0463940559994861e-17,0.077629469956086494,0.31564763849019417,0.45652288889025738,9.1127078399295638e-06,nan,nan,nan,nan,nan,nan,nan,nan,nan,nan,nan,nan,nan,nan,0.24882509011597337,0.0026378362435011387,1.4449853868865194e-09,0.0024999036424226189,3.2537831941018168e-05,0.39139137663335366,0.0001073349328113516,5.2509696081978151e-07,2.4364173630136363e-10,4.2479573510759238e-12,3.9457125920115636e-10,1.0482175882794899e-10,8.7026929813462937e-08,0.3545053062838382,0,0,0,0,0,0,0,nan,nan,nan,nan,nan,nan,nan,nan,nan,nan,nan,nan,nan,nan,2.8734309816998751e-10,7.075985536200153e-14,-1.1392280254690112e-10,-2.0556720883938338e-09,7.0226376797100087e-14,6.3269264731838359e-09,-2.0097437446157752e-14,8.4127583371840231e-15,5.2758309455522683e-17,2.32458050364151e-19,-5.3628559294619816e-19,1.3275948461516161e-18,-3.5917379717178603e-14,-4.4447684149529837e-09,-3.3563669753992192e-07,1.5733662916961322e-07,-8.0345721162401013e-23,1.7208702186085424e-07,1.179195315864634e-06,-5.0578204668916271e-07,0,0.017959354820003683,0.028425858811282328,4.7797778682163567e-18,0.048481264460259701,0.0090409349871863765,0.11686124033462515,5.1695218408093449e-06,0,0,0,0,0,0,0
27,0,lumen,0.0084210526315789472,0.00050000000000000001,0.0084128289473684205,0.0084292763157894739,0,0.001,1000149.8246295755,1.3547554297553792,13.210767043459867,3023.7126375509156,0.16903367536770844,1173,1173,4.0586316279612649e-05,0.23386910655378962,0.59999999999999998,2,500000,0.00035,0.0001,0.067817791173834047,0.16780228297281677,9.0843312467653999e-18,0.18012573372815127,0.065889967645750017,0.51704430771216536,2.2765036039906983e-05,0.055845230979214004,0.079143051400021952,3.7505776563110513e-18,0.054070737958483231,0.43177431203824962,0.37915913962433512,7.5279996960996063e-06,0.27101570054386237,0.0014921330913730364,9.552924896018135e-10,0.0019328354253904364,2.0347095629974249e-05,0.39520287403486937,7.0984286300502616e-05,8.9029294899310909e-07,2.9329751592475288e-10,3.0755329936549124e-12,2.707793374285816e-10,6.5740268745521831e-11,6.3613954647961009e-08,0.3302641700274862,nan,nan,nan,nan,nan,nan,nan,nan,nan,nan,nan,nan,nan,nan,0,0,0,0,0,0,0,-9.57217437107036e-10,1.1162167318958085e-12,-2.4078833168644938e-11,6.7292564091314942e-09,-5.089158261473159e-14,-1.0386285662902436e-08,-5.8729277769128382e-13,4.4805392035440761e-13,1.7118070585254606e-16,2.5032670902129347e-18,3.1572708499324798e-19,8.5272993400340911e-19,1.6226538035283037e-14,4.6373830329739157e-09,nan,nan,nan,nan,nan,nan,nan,nan,nan,nan,nan,nan,nan,nan,-1.7626316051264773e-07,1.6473328889876626e-07,2.3352393011609612e-21,2.1939822498496663e-08,5.5128048088992632e-07,-2.0495636443573773e-07,0,0.015610709854152277,0.038352778117394334,2.2037514050985624e-18,0.041254654900388731,0.015011744062246786,0.11858154627022228,5.2164954039973122e-06,-8.1982557213166452e-05,9.9106045095293625e-05,-1.1156619197853768e-20,4.155930090755745e-05,4.2973727141408307e-05,-0.00011660154756502322,3.7912003470006858e-10
27,1,lumen,0.0084210526315789472,0.0015,0.0084128289473684205,0.0084292763157894739,0.001,0.002,1000149.5660322253,1.4267827312824077,13.913137931878914,2876.0816690974366,0.16886600544062291,1173,1173,4.0562479871679328e-05,0.23376539066109089,0.59999999999999998,2,500000,0.00035,0.0001,0.065935671341964069,0.15725605951813748,8.844619069210451e-18,0.16993433068570699,0.062352049725303602,0.49288687394922859,2.1608242886888865e-05,0.057182078788990946,0.078112290135651796,3.8457530178402248e-18,0.053723551596077279,0.43031382349381042,0.38066073061716532,7.5253683041508432e-06,0.27134907882192899,0.0015075260241595402,9.8102407131387892e-10,0.0019461708849770583,2.0289180754270911e-05,0.39387329055372322,7.1595169603530379e-05,8.7483157127911963e-07,2.8983361197576817e-10,3.1205461455147039e-12,2.7740092060490561e-10,6.7359701296004051e-11,6.3325700974418581e-08,0.33123110958884244,nan,nan,nan,nan,nan,nan,nan,nan,nan,nan,nan,nan,nan,nan,0,0,0,0,0,0,0,-2.4003832618978885e-10,1.4233030422755729e-12,5.0533330374326914e-12,1.1909461428744502e-09,-1.0300029058829541e-14,-1.7765338455964091e-09,-9.077550577769919e-13,2.0001101469491189e-13,2.6105771886864326e-16,3.1938208237309841e-18,-3.4774261429374538e-18,6.192151759163581e-18,-1.9990102805747298e-13,8.2006720841861763e-10,nan,nan,nan,nan,nan,nan,nan,nan,nan,nan,nan,nan,nan,nan,-1.8206455390263471e-07,1.603553087536902e-07,1.5271078348316286e-21,2.348073553401146e-08,5.6977991544360229e-07,-2.0673128758863513e-07,0,0.015962513396153507,0.037803514020656973,2.1705506516384749e-18,0.040938082837857923,0.014939996679709019,0.11891144968427027,5.2079945594863623e-06,-0.00020483053018293827,0.00026564605894761889,-2.1036966125602857e-20,0.0001325831506266337,9.4340114781540549e-05,-0.00028698119576707557,6.1915402633761259e-10
27,2,lumen,0.0084210526315789472,0.0025000000000000001,0.0084128289473684205,0.0084292763157894739,0.002,0.0030000000000000001,1000148.8081411688,1.3234652896248302,12.905657373247287,3113.6115196239793,0.16824853104627185,1173,1173,4.0494004683381621e-05,0.23367134883047458,0.59999999999999998,2,500000,0.00035,0.0001,0.075241178371393561,0.16352076499039611,9.9805326176928753e-18,0.17941309717516166,0.066716634923298004,0.536605567667364,2.3281774053484842e-05,0.060527137594002973,0.075342483626467074,4.0254182875949461e-18,0.052612964630320093,0.42709426161513314,0.38441563146776919,7.5210663072749449e-06,0.27241900545954023,0.0015457100003198933,1.0464275703900254e-09,0.0019805392734199953,2.0065170475999442e-05,0.39017243870245227,7.3133458911374958e-05,8.3573630248039577e-07,2.8065840397809664e-10,3.2357403241690113e-12,2.9430108433424382e-10,7.1484186164123847e-11,6.2392378139979356e-08,0.33378820811009269,nan,nan,nan,nan,nan,nan,nan,nan,nan,nan,nan,nan,nan,nan,0,0,0,0,0,0,0,-4.3477110475686587e-11,7.9277505940741096e-14,-3.4027477631268722e-13,-3.2640975021413704e-10,2.7798943702528334e-16,2.1276337029002557e-10,5.3810999850149771e-15,4.380393617275935e-15,8.5636767064419148e-17,1.5364600058480899e-19,1.4227904616581867e-19,-1.9351425141583521e-19,-7.2160702401902649e-14,1.5744661112778136e-10,nan,nan,nan,nan,nan,nan,nan,nan,nan,nan,nan,nan,nan,nan,-1.9691184280704044e-07,1.6850717421412753e-07,6.3979341323749354e-22,2.8192312869069845e-08,6.1895064240591324e-07,-2.2477809458187892e-07,0,0.016834913877323127,0.036332913379662726,2.1197601207156615e-18,0.039950373870153703,0.014773418775353231,0.11965383459990223,5.1868103604140741e-06,-0.00039397520031910979,0.00053040478751186523,-4.660975419067025e-20,0.0002681413941203111,0.00017623646499579694,-0.00053493316726465603,-1.7707222808092169e-10
27,3,support,0.0084210526315789472,0.0035000000000000001,0.0084128289473684205,0.0084292763157894739,0.0030000000000000001,0.0040000000000000001,1001219.6229519653,1.2933000940385964,12.598015941014365,3215.3184470066121,0.16843063204038006,1173,1173,4.0356910830272666e-05,0.23357642758165634,0.40000000000000002,2,300000,0.00033700000000000001,0.0001,0.085317744985229246,0.15510324907448594,1.1237733077647157e-17,0.17586664506364372,0.067373616206945736,0.56037254169837025,2.3854221366408266e-05,0.066997089782167701,0.069760557099018045,4.4244371664811336e-18,0.050343584221511493,0.42101879512841572,0.39187245146948685,7.5222994001125608e-06,nan,nan,nan,nan,nan,nan,nan,nan,nan,nan,nan,nan,nan,nan,0.27485944293734699,0.0016234692727065017,1.1776901805671773e-09,0.0020527858832495973,1.9534055772377578e-05,0.38234961912082072,7.630511614580384e-05,7.6086811014851477e-07,2.6247388883039374e-10,3.4742213827054351e-12,3.28493881783933e-10,7.9851310333343571e-11,6.0339762428448727e-08,0.33901802055411273,0,0,0,0,0,0,0,nan,nan,nan,nan,nan,nan,nan,nan,nan,nan,nan,nan,nan,nan,1.966685042413265e-10,-9.0852901639505315e-15,1.6872063726727254e-11,2.0878307324228289e-10,7.6965343820400989e-15,2.6274128920710654e-09,-1.929582026272385e-15,2.7594896853666562e-14,-1.8497048898441282e-18,-3.7992725420813072e-20,2.2425031842435091e-19,-2.6398017806148789e-19,3.7271894501497206e-14,-3.0497979421676271e-09,-2.275776650037184e-07,1.9599253558988394e-07,-2.1075094305266527e-21,2.8940771876723183e-08,7.115248051303702e-07,-2.5671035425167688e-07,0,0.018625103716038479,0.033751111015042856,2.474987924863811e-18,0.038307499926835006,0.014635175618343559,0.1221494052935839,5.1975887091399286e-06,-1.5649519665590001e-05,-3.9545858021475474e-06,-1.5629124931017719e-20,-7.1974381944990988e-05,6.7842413657979051e-05,-0.00010128049964362109,-5.0944758619849565e-09
27,4,support,0.0084210526315789472,0.0045000000000000005,0.0084128289473684205,0.0084292763157894739,0.0040000000000000001,0.0050000000000000001,1000900.2097872843,1.6235481857973917,15.820004387825971,2689.6358248833944,0.13888828403522704,1173,1173,4.1306829252055377e-05,0.20509543032389721,0.40000000000000002,2,300000,0.00033700000000000001,0.0001,0.079649162399145421,0.12682336323758081,2.1099580567737683e-17,0.21617570957109797,0.040223411884243526,0.51980199886674694,2.3018229070768869e-05,0.078542049407289413,0.071629638089874173,1.0431760021341887e-17,0.077709120269857587,0.31564213913792849,0.45646793798904511,9.1151060049949143e-06,nan,nan,nan,nan,nan,nan,nan,nan,nan,nan,nan,nan,nan,nan,0.24877707524205073,0.0026370806390781597,1.4429641808374659e-09,0.0024991405024345874,3.2563151364472158e-05,0.39150599533440178,0.00010730317914603263,5.2561313029354761e-07,2.4385404836967441e-10,4.2430630680470264e-12,3.9402382867059306e-10,1.0467874385154934e-10,8.7093810093310603e-08,0.35444022705482003,0,0,0,0,0,0,0,nan,nan,nan,nan,nan,nan,nan,nan,nan,nan,nan,nan,nan,nan,1.102955683047825e-10,2.0169025301636728e-14,7.2674999456299829e-12,4.4322574528891961e-10,1.8263385595518322e-15,2.129223386146406e-10,1.0369168815189153e-14,3.555098923579969e-15,4.3490056335102346e-17,9.0286712161374686e-20,-9.1040532193351917e-20,5.890656355383399e-19,-2.476030542307542e-14,-7.737221424269652e-10,-3.3521852444221012e-07,1.6301051808387257e-07,6.6221773632199703e-22,1.7198783589883095e-07,1.1775664701396682e-06,-5.0764232262245912e-07,0,0.017932591841543711,0.028448358119543209,4.7264628902789366e-18,0.048517557976410983,0.009038358371165206,0.11681467466806894,5.169447262903091e-06,0,0,0,0,0,0,0
28,0,lumen,0.0084375000000000006,0.00050000000000000001,0.0084292763157894739,0.0084457236842105272,0,0.001,1000149.6280840802,1.2772625198685637,12.455104846717813,3206.7407436805042,0.16910246395402204,1173,1173,4.0586827110034211e-05,0.23389607133591034,0.59999999999999998,2,500000,0.00035,0.0001,0.07182816614916622,0.17810882379910459,9.4618254658224093e-18,0.19105901225619687,0.069913044260513174,0.54822027280761032,2.4142961964546116e-05,0.055764342101560338,0.07919900301833048,3.6829810681343436e-18,0.05407212228319834,0.4319316946517433,0.37902531095836961,7.5269867979660101e-06,0.27101352882375057,0.0014907798676281811,9.5372725295260995e-10,0.0019317858242083917,2.0343008704877281e-05,0.39527028150414223,7.0932825216387673e-05,8.9139128453456968e-07,2.9350237301877753e-10,3.0728749620751947e-12,2.7038287756637938e-10,6.5640243203397726e-11,6.3612749074170339e-08,0.33020139155599021,nan,nan,nan,nan,nan,nan,nan,nan,nan,nan,nan,nan,nan,nan,0,0,0,0,0,0,0,5.5593116039495488e-09,1.3039452840025314e-13,2.2057780688470385e-10,-4.5561989436581184e-08,3.228398451349257e-13,8.1000613051142312e-08,-4.7327030462558453e-14,1.34258056061487e-13,-4.7009068673143174e-18,4.3335830086704877e-19,1.7008596322770753e-19,-1.9251895926847785e-19,6.597674127328839e-14,-4.1219119256854749e-08,nan,nan,nan,nan,nan,nan,nan,nan,nan,nan,nan,nan,nan,nan,-1.761417986415742e-07,7.3071772743737995e-08,3.6647455201020703e-21,2.1848311956865554e-08,5.4683264695543077e-07,-1.5220788102121574e-07,0,0.015590200194182443,0.038385080796510748,2.1931061030410238e-18,0.041261224290353574,0.015019461946764946,0.11855590423056735,5.2164875907386661e-06,-8.1947761888117543e-05,9.9130041994427692e-05,-1.6535608501691566e-20,4.1611209719231414e-05,4.2928597840382491e-05,-0.00011546828636515862,3.8839951613678882e-10
28,1,lumen,0.0084375000000000006,0.0015,0.0084292763157894739,0.0084457236842105272,0.001,0.002,1000149.3698599847,1.4868411355338078,14.498794669610019,2759.543883016815,0.1688266351383475,1173,1173,4.0562937969169263e-05,0.23379306305697295,0.59999999999999998,2,500000,0.00035,0.0001,0.063183208026978313,0.15100735034392843,8.4393979061963643e-18,0.16307057370303338,0.05985543069376649,0.47281423093817665,2.0732443480767704e-05,0.05710156203642798,0.078165818144894039,3.8240232944895869e-18,0.053723710258714995,0.4304720235565444,0.38052936171202867,7.5242913899110332e-06,0.27134830405162291,0.0015061712048253669,9.7945988305054628e-10,0.0019451361374862467,2.0284835051820251e-05,0.39393828469568037,7.1543965565181523e-05,8.7589107666582081e-07,2.9003130790297873e-10,3.117829485111961e-12,2.770040444601643e-10,6.7259116422754022e-11,6.3323758002113388e-08,0.33116933427823231,nan,nan,nan,nan,nan,nan,nan,nan,nan,nan,nan,nan,nan,nan,0,0,0,0,0,0,0,4.5052518958065348e-09,6.6203865038672299e-13,-2.4405546123142928e-10,-2.0339462558561924e-08,9.2291408890221582e-14,3.3789921404523207e-08,-4.3197947459002057e-13,7.7882578858323726e-14,1.2479275893296041e-16,1.5879805593288688e-18,-2.7188534413532228e-18,4.294962708427514e-18,-9.6322822877891719e-14,-1.7711959371556373e-08,nan,nan,nan,nan,nan,nan,nan,nan,nan,nan,nan,nan,nan,nan,-1.8144689484939081e-07,1.2449829145388946e-07,1.8748107245187048e-21,2.3402663497684462e-08,5.6622330070477123e-07,-1.8475429935937981e-07,0,0.015942132257851419,0.037835245399176098,2.0388634828104194e-18,0.040944099896121799,0.014947837841214701,0.11888615888576197,5.2079868174609247e-06,-0.00020501298224474249,0.00026660982380060343,-3.0176194998602257e-20,0.00013305834681751625,9.4307422151782217e-05,-0.00029293140631990444,6.131305242691091e-10
28,2,lumen,0.0084375000000000006,0.0025000000000000001,0.0084292763157894739,0.0084457236842105272,0.002,0.0030000000000000001,1000148.6129813886,1.3271871103860977,12.941952912064581,3104.4597360353519,0.16826924726475789,1173,1173,4.0494475812587649e-05,0.233700185089253,0.59999999999999998,2,500000,0.00035,0.0001,0.074927056615279861,0.16318088265753622,1.0091724367014759e-17,0.178914193059416,0.066555170592129329,0.53490922260200191,2.3213287076563397e-05,0.060443959269123534,0.075397333077578357,4.0817120307344129e-18,0.052614216680110744,0.42725887096119197,0.38427809998024864,7.5200317466613453e-06,0.27241800841649055,0.0015442587617485121,1.0447843028480895e-09,0.0019794418802735647,2.0060925553588426e-05,0.3902415332437229,7.3078866264189335e-05,8.3680163918162757e-07,2.8086163583018219e-10,3.2327826777694417e-12,2.9388233463685213e-10,7.137718883622557e-11,6.2391181000126447e-08,0.33372271701896933,nan,nan,nan,nan,nan,nan,nan,nan,nan,nan,nan,nan,nan,nan,0,0,0,0,0,0,0,1.4576190036409472e-10,1.1220515768752743e-14,7.0708504038225434e-11,-3.8106220729432138e-09,3.7616177533950079e-14,5.4250693674786493e-09,1.8579436783265555e-14,-1.9527131647767426e-14,4.2773776964647645e-17,-4.0218749228549964e-21,1.3656312473550068e-19,-2.3015201945036948e-19,-4.7586949896738596e-14,-1.8309182505238311e-09,nan,nan,nan,nan,nan,nan,nan,nan,nan,nan,nan,nan,nan,nan,-1.9658672922081427e-07,1.6299685873244485e-07,-7.2483500411112053e-22,2.8094122022247591e-08,6.1756935704204707e-07,-2.207995600245205e-07,0,0.016814060792010518,0.036364756264996544,2.3319746523661898e-18,0.039957012829429178,0.01478142337843555,0.11962726057379809,5.1868226015595781e-06,-0.00039345537314758344,0.0005299483586250135,-3.6033536642589729e-20,0.00026752181998804903,0.00017606805359522091,-0.00053528013468494685,-1.869247129405554e-10
28,3,support,0.0084375000000000006,0.0035000000000000001,0.0084292763157894739,0.0084457236842105272,0.0030000000000000001,0.0040000000000000001,1001218.0280505433,1.2935189121686752,12.600167516534432,3214.3037679886861,0.16846116712589779,1173,1173,4.0357626952393423e-05,0.23360496627339328,0.40000000000000002,2,300000,0.00033700000000000001,0.0001,0.085184384222249734,0.15521414510164713,1.1148740884741252e-17,0.17586297685438265,0.067389721350882448,0.56006437862337299,2.3847084900234074e-05,0.066903790500104671,0.069822357344392585,4.3901494701598871e-18,0.050351132003036626,0.421191358092111,0.3917238407270755,7.5213332796988272e-06,nan,nan,nan,nan,nan,nan,nan,nan,nan,nan,nan,nan,nan,nan,0.27485364344345936,0.0016218235783530275,1.1757834922968135e-09,0.0020515420972505318,1.9531516536651474e-05,0.38243470523768086,7.6243325046938904e-05,7.6196996726825975e-07,2.6270045115612327e-10,3.4705614506311042e-12,3.2800260816114865e-10,7.9724797863473737e-11,6.0344218984131329e-08,0.33894168663782148,0,0,0,0,0,0,0,nan,nan,nan,nan,nan,nan,nan,nan,nan,nan,nan,nan,nan,nan,9.7587087469211017e-11,9.7163690794713361e-15,1.4095872482948654e-11,9.0129214748316956e-10,3.7698793739493475e-15,1.4722557383287094e-09,-2.7802687027792031e-14,8.1260952827788557e-15,-7.2103239678334015e-18,-9.3408953851070106e-20,3.4061539866132004e-20,-9.9642150738743571e-20,2.5640050154870898e-14,-2.4852503668113623e-09,-2.2709864992177808e-07,1.9679764096114383e-07,-1.4855889381766697e-21,2.8814619785232819e-08,7.1001949267235354e-07,-2.5680046922271771e-07,0,0.018601872695964132,0.033786062157082256,2.4916750994988444e-18,0.038318887211993988,0.014643444003218624,0.12212103190027543,5.1976820330462613e-06,-1.5651489848722586e-05,-3.9863983647975002e-06,-1.5770658297465355e-20,-7.220124802250677e-05,6.7983452815265118e-05,-0.0001016987540383187,-5.1059058920608513e-09
28,4,support,0.0084375000000000006,0.0045000000000000005,0.0084292763157894739,0.0084457236842105272,0.0040000000000000001,0.0050000000000000001,1000898.8686459615,1.6359896631302653,15.94125665930966,2668.9941992976815,0.13787956672173976,1173,1173,4.1309770887398966e-05,0.20507151021156184,0.40000000000000002,2,300000,0.00033700000000000001,0.0001,0.078947576461909641,0.12599230389194885,2.0977874673661945e-17,0.21475081848300487,0.039916720872832309,0.515786739849596,2.284915727478894e-05,0.078446897650674793,0.071705664171342248,1.0451080828166664e-17,0.077788586771669471,0.31563625616658875,0.4564134777358308,9.1175038940261067e-06,nan,nan,nan,nan,nan,nan,nan,nan,nan,nan,nan,nan,nan,nan,0.24872915503114876,0.0026363337863062487,1.4409509644234257e-09,0.0024983826449760872,3.2588447285961403e-05,0.39162015583769227,0.00010727171690173688,5.2612671051290846e-07,2.4406551714814291e-10,4.2381897856067956e-12,3.9347858769462638e-10,1.0453634207441762e-10,8.7160573646036047e-08,0.35437549706115246,0,0,0,0,0,0,0,nan,nan,nan,nan,nan,nan,nan,nan,nan,nan,nan,nan,nan,nan,1.4247801083467863e-10,4.2295676843516044e-14,-8.8224459513295144e-11,-1.2376110409811275e-09,4.3878420862009104e-14,4.1451187068278911e-09,-6.516990524188207e-15,6.1358253547472152e-15,4.6701932685991902e-17,1.8148411786542758e-19,-4.013956994935274e-19,1.0636166455687801e-18,-2.4647710167711951e-14,-2.9618223989671028e-09,-3.345862829963811e-07,1.5863698982210295e-07,1.3296361578574393e-22,1.7189237342358865e-07,1.1758447212018019e-06,-5.0532931872293574e-07,0,0.017905868947885213,0.028470799659947563,4.7495231456879155e-18,0.048553831708846085,0.0090357676428358437,0.11676815587351087,5.1693727010995331e-06,0,0,0,0,0,0,0
29,0,lumen,0.0084539473684210522,0.00050000000000000001,0.0084457236842105272,0.0084621710526315772,0,0.001,1000149.4315100093,1.3517158781203076,13.18113232953406,3029.7139849953624,0.16907874803711537,1173,1173,4.0587326853490443e-05,0.23392297145088939,0.59999999999999998,2,500000,0.00035,0.0001,0.067774276837400602,0.16841621431483583,8.7428714580133166e-18,0.18053985006637727,0.06608613445278555,0.51784169945686276,2.2810105931516834e-05,0.055684205668032942,0.079254423681650116,3.6015046449209303e-18,0.054073477117843119,0.43208833500473531,0.37889203254464132,7.525983097221857e-06,0.2710115168114593,0.0014894343017675851,9.5217694250718726e-10,0.0019307417049955447,2.0338875569978236e-05,0.39533701685478234,7.0881644655212852e-05,8.9248382373857271e-07,2.9370559297621002e-10,3.0702475566287342e-12,2.6999031676552295e-10,6.5541195765707004e-11,6.3611339036040073e-08,0.33013911212712316,nan,nan,nan,nan,nan,nan,nan,nan,nan,nan,nan,nan,nan,nan,0,0,0,0,0,0,0,1.7424343571359962e-10,-2.7923735220357564e-14,2.4257078401243817e-12,-3.0255462847680408e-10,2.7792438489493421e-15,-5.6212295690589997e-10,1.0652323894999277e-14,6.0201409829430119e-15,-8.7468322215756579e-18,-1.1409078268567153e-19,4.977475584000823e-19,-6.5306100646578188e-19,2.1301815163964401e-14,6.8799549375440268e-10,nan,nan,nan,nan,nan,nan,nan,nan,nan,nan,nan,nan,nan,nan,-1.7556110799496483e-07,1.5437179434751869e-07,5.2913015256945784e-21,2.1748980851996506e-08,5.4833789080166451e-07,-1.970051092814451e-07,0,0.015569740879916369,0.03841716938973902,1.6821991552411369e-18,0.04126769901490477,0.015027126236431711,0.11853087211234779,5.21647176888415e-06,-8.1987903372486055e-05,9.9538177399679454e-05,-3.1247963877844918e-20,4.186860491393461e-05,4.2931007094780539e-05,-0.00011703737518303378,4.0003121977492076e-10
29,1,lumen,0.0084539473684210522,0.0015,0.0084457236842105272,0.0084621710526315772,0.001,0.002,1000149.1736577057,1.4301555779167632,13.9460334006161,2868.5428592247795,0.1689138057686454,1173,1173,4.0563400233651042e-05,0.23382066976397209,0.59999999999999998,2,500000,0.00035,0.0001,0.065594687405966023,0.15710025103757461,8.8748218890008288e-18,0.16953430687986426,0.062250682217118485,0.49138539832874634,2.1551083496991491e-05,0.057020862772958578,0.078219398365411988,3.8680093283494104e-18,0.05372380890947049,0.43063000665231799,0.38039840009257525,7.5232072657949877e-06,0.27134745187222792,0.0015048197433334624,9.7789301721638176e-10,0.0019441035829741368,2.0280527320207687e-05,0.39400333776202118,7.1492879162884433e-05,8.7695099358751563e-07,2.902291779578805e-10,3.11510937559141e-12,2.7660649185318703e-10,6.7158409897881649e-11,6.332191325393679e-08,0.33110757174505129,nan,nan,nan,nan,nan,nan,nan,nan,nan,nan,nan,nan,nan,nan,0,0,0,0,0,0,0,-1.2673885684483588e-11,-4.3215024443799644e-14,4.7919274765152001e-12,-6.1949476250664843e-11,8.3559461433457827e-16,-3.5635192062802301e-11,2.7023821957528538e-14,-7.3753936985498925e-15,-7.1262142268962665e-19,1.8282096775110971e-19,-1.8314664362167347e-18,2.1461222447685441e-18,5.684599865484864e-15,1.0548337187034884e-10,nan,nan,nan,nan,nan,nan,nan,nan,nan,nan,nan,nan,nan,nan,-1.8132698555509141e-07,1.5802611469384331e-07,8.062761168499683e-22,2.3331714931752661e-08,5.6730461416021338e-07,-2.0459195682054343e-07,0,0.015921792465252532,0.037866915856095772,2.3424281655092007e-18,0.040950099660519101,0.014955651817137733,0.11886065172444737,5.207977194797479e-06,-0.00020446558424359684,0.00026510711521186429,-2.0013516981951068e-20,0.00013215886908101796,9.3962917934154258e-05,-0.00028416083251040977,6.0406232248369228e-10
29,2,lumen,0.0084539473684210522,0.0025000000000000001,0.0084457236842105272,0.0084621710526315772,0.002,0.0030000000000000001,1000148.4177906713,1.3041280094333834,12.717096520334801,3158.9242724693868,0.16829793395169826,1173,1173,4.0494948548911518e-05,0.23372896969884788,0.59999999999999998,2,500000,0.00035,0.0001,0.07614709709139561,0.16618736831691658,1.0162416714628594e-17,0.1820823376084886,0.067758041414770709,0.54417190166602469,2.3620525063309774e-05,0.060360904036313862,0.075452367131262327,4.038891000681152e-18,0.052615570951744801,0.42742338923635015,0.38414024963313759,7.5190111912665257e-06,0.2724168810533053,0.0015428074716964558,1.043143485001695e-09,0.0019783425715030768,2.0056702386878808e-05,0.39031084697027207,7.302423433382956e-05,8.3787023785682908e-07,2.8106542925581383e-10,3.2298357682455766e-12,2.9346428576756198e-10,7.1270400488714747e-11,6.239003738898161e-08,0.33365713904406796,nan,nan,nan,nan,nan,nan,nan,nan,nan,nan,nan,nan,nan,nan,0,0,0,0,0,0,0,-5.5943748996346164e-11,-2.6971944788142311e-14,-2.1671668821790595e-12,-1.2968733750455071e-10,-1.1818887882264484e-15,-1.2730896892243493e-10,3.3789381369535926e-14,-1.7823199513489207e-14,2.0014118873077636e-17,-5.3353643879333256e-20,1.0981458526737343e-19,-2.3559167548079183e-19,-2.6152922028709399e-14,3.1514538183592208e-10,nan,nan,nan,nan,nan,nan,nan,nan,nan,nan,nan,nan,nan,nan,-1.9611836396017657e-07,1.6825331639047647e-07,8.096413922161635e-23,2.7994568769419505e-08,6.1638412748865612e-07,-2.2398540988621818e-07,0,0.016793247704915696,0.036396531308032817,2.2192257264216296e-18,0.039963619906587186,0.01478940689703008,0.11960076712757502,5.1868341047835174e-06,-0.00039265713106050574,0.00052867268003095201,-3.1772170029409704e-20,0.00026643121738412944,0.00017581278958462602,-0.00053024662080379461,-1.9491939502415301e-10
29,3,support,0.0084539473684210522,0.0035000000000000001,0.0084457236842105272,0.0084621710526315772,0.0030000000000000001,0.0040000000000000001,1001216.4328847269,1.2979661365932473,12.643508072898822,3202.8226825858601,0.16848051514865303,1173,1173,4.0358340920551056e-05,0.23363342333146114,0.40000000000000002,2,300000,0.00033700000000000001,0.0001,0.084774304272348541,0.15481860929128713,1.0909741353996675e-17,0.17528621350559995,0.067186151312256026,0.55793349747443632,2.3762290315425434e-05,0.066810733680846474,0.069883982021040972,4.31081326590709e-18,0.050358623361719645,0.42136341592436055,0.39157572464383622,7.5203681960862824e-06,nan,nan,nan,nan,nan,nan,nan,nan,nan,nan,nan,nan,nan,nan,0.27484786994201871,0.0016201848483642146,1.1738827825893665e-09,0.0020503029606917626,1.9528977056096704e-05,0.38251947248491597,7.6181780870561105e-05,7.6306960088008893e-07,2.6292636707525546e-10,3.4669166309029737e-12,3.2751293607280004e-10,7.9598735972078734e-11,6.0348632875174222e-08,0.33886563374045581,0,0,0,0,0,0,0,nan,nan,nan,nan,nan,nan,nan,nan,nan,nan,nan,nan,nan,nan,3.1949622920468475e-10,-1.4440159945193487e-14,7.4861945038488474e-12,5.9520098583961512e-10,4.8825960635712207e-15,4.4867205762320894e-10,-4.975756921942499e-15,2.525540540587734e-15,-6.2612592225988743e-18,-1.6796298156737031e-19,5.3157521294801494e-19,-7.1264223145191119e-19,2.18521302434906e-14,-1.3708650883076353e-09,-2.2661767190221282e-07,1.9747221979837803e-07,1.5455677750284964e-22,2.8689264619077169e-08,7.0836007000363299e-07,-2.5589465613151674e-07,0,0.018578690599595417,0.033820947354869797,2.4085815208466858e-18,0.038330236399136325,0.014651690980885122,0.12209279451904043,5.1977754574393287e-06,-1.5653317007750996e-05,-4.0185792120518167e-06,-1.5973585389970688e-20,-7.2430044967586603e-05,6.8124968386236041e-05,-0.0001021290594849757,-5.1173489244433335e-09
29,4,support,0.0084539473684210522,0.0045000000000000005,0.0084457236842105272,0.0084621710526315772,0.0040000000000000001,0.0050000000000000001,1000897.5277792128,1.6277540677346614,15.861029393395958,2682.3101716328711,0.13881185003903643,1173,1173,4.1312713923431034e-05,0.20504750121530654,0.40000000000000002,2,300000,0.00033700000000000001,0.0001,0.079250708575821352,0.12676376656334751,2.1079647103495996e-17,0.21605772101101123,0.040117825957707791,0.51833419326752339,2.2970782126187304e-05,0.078351793191333258,0.071781643251654356,1.0448931255421088e-17,0.077868114786198109,0.31562996860830689,0.45635936025636248,9.1199061450000333e-06,nan,nan,nan,nan,nan,nan,nan,nan,nan,nan,nan,nan,nan,nan,0.24868120176193323,0.0026355936851533137,1.4389399447613078e-09,0.0024976280162434311,3.2613786596804098e-05,0.39173416068021794,0.00010724046131224744,5.2663906051192383e-07,2.4427670009975229e-10,4.2333233777309016e-12,3.9293396617941256e-10,1.0439414330627062e-10,8.7227396195361609e-08,0.35431094555725418,0,0,0,0,0,0,0,nan,nan,nan,nan,nan,nan,nan,nan,nan,nan,nan,nan,nan,nan,5.400441592118787e-11,-1.5436646947753085e-14,1.7920873104801568e-11,4.1138915980235858e-10,-5.8338750497100023e-15,-4.7702530705899526e-10,3.4437103302600531e-14,2.069741947274828e-15,4.0357867462498853e-17,4.0320188713512815e-20,3.5210669512848327e-19,2.527540834535274e-20,-1.6256887962645988e-14,-6.2884425054982332e-12,-3.3415676177830922e-07,1.6281721465505328e-07,1.3542933084842482e-22,1.7179867154874324e-07,1.1741881777854735e-06,-5.0634889647849235e-07,0,0.017879190197871476,0.028493177230039923,4.7509429007401711e-18,0.048590079751892959,0.0090331622647608564,0.11672168683230846,5.1692978230791976e-06,0,0,0,0,0,0,0
30,0,lumen,0.0084703947368421038,0.00050000000000000001,0.0084621710526315772,0.0084786184210526305,0,0.001,1000149.2349100333,1.3477672406167249,13.142630139686526,3038.192307825635,0.1691427973562461,1173,1173,4.0587828224565674e-05,0.23394972298161998,0.59999999999999998,2,500000,0.00035,0.0001,0.067874831742533601,0.16902666699042473,9.1897617557040699e-18,0.18107227981155841,0.066303618925547619,0.51917865560194065,2.2873785291867628e-05,0.055603927531357844,0.07930935265973274,3.7745371531675374e-18,0.054074530257745911,0.43224401808590879,0.37876064651656927,7.5249486854973177e-06,0.27100962166733689,0.0014881033286976528,9.5062625420905964e-10,0.0019297109107212513,2.0334784071431444e-05,0.39540306001507797,7.0831053534592287e-05,8.9356635790027801e-07,2.9390703809441825e-10,3.0676129617827417e-12,2.6959756921098918e-10,6.5442163059540548e-11,6.3609982722503989e-08,0.33007737948157895,nan,nan,nan,nan,nan,nan,nan,nan,nan,nan,nan,nan,nan,nan,0,0,0,0,0,0,0,-8.6264050168908129e-11,3.7538003589144267e-15,1.7831963851684397e-11,1.5059297885347022e-11,7.737734064594548e-15,-4.8892681570045227e-11,-1.7966182837048383e-14,8.6462954851374008e-15,-1.0080099251982703e-17,-8.1112022241371441e-20,2.1051343338925935e-19,-3.0160949008122889e-19,2.2453814659945839e-14,1.0224082675409313e-10,nan,nan,nan,nan,nan,nan,nan,nan,nan,nan,nan,nan,nan,nan,-1.7521473856529912e-07,1.5358167559931246e-07,1.4666211788586906e-21,2.1664084842439794e-08,5.4729794177199587e-07,-1.968760580672857e-07,0,0.015549323044158018,0.038449260886047797,2.01456494246933e-18,0.041274161067372299,0.015034789174360593,0.11850552807240869,5.2164585753181423e-06,-8.1965480114926743e-05,9.9568034580440134e-05,1.7998168986798601e-21,4.1925864633474961e-05,4.2856614370366089e-05,-0.00011645831533863474,4.0363310081754777e-10
30,1,lumen,0.0084703947368421038,0.0015,0.0084621710526315772,0.0084786184210526305,0.001,0.002,1000148.9774233896,1.4202831144793884,13.849765679345909,2888.1023966635007,0.16887797850674546,1173,1173,4.0563859132042002e-05,0.23384828130686858,0.59999999999999998,2,500000,0.00035,0.0001,0.065957592353315664,0.15830093469262377,8.6850947914944449e-18,0.17071355018863102,0.062706386720212517,0.49462955476856918,2.1697827090323858e-05,0.056940547208579405,0.078273147172948199,3.7591889419684251e-18,0.053724071630843633,0.43078807672291242,0.38026663511650716,7.5221482090600566e-06,0.27134652368196949,0.0015034657123090629,9.7633303521098054e-10,0.0019430667613434785,2.0276201952749219e-05,0.39406856143095848,7.1441650895453539e-05,8.7801526438287668e-07,2.9042756042612828e-10,3.1124105124632425e-12,2.7621082714292664e-10,6.7058183505285064e-11,6.3320010808690873e-08,0.33104572161215412,nan,nan,nan,nan,nan,nan,nan,nan,nan,nan,nan,nan,nan,nan,0,0,0,0,0,0,0,-1.5320578865241142e-10,1.3535553205456359e-14,2.6006325212574316e-11,3.4017472502797352e-10,1.0147048132291836e-15,-1.0905061818833328e-09,-1.6452597623527349e-14,-3.7136092811973498e-15,6.1615614698133307e-18,2.893761512122945e-19,-2.2564172927248401e-18,2.7243790724685624e-18,-1.1851349908150001e-15,8.7753779226995227e-10,nan,nan,nan,nan,nan,nan,nan,nan,nan,nan,nan,nan,nan,nan,-1.8098086266172403e-07,1.5879339348989774e-07,3.0305797631935324e-21,2.3251973012269706e-08,5.6619315431938322e-07,-2.0454700466743247e-07,0,0.015901502705148979,0.037898518687841783,1.8727957977327731e-18,0.040956078979101751,0.014963448976013333,0.11883536689859182,5.2079685097037149e-06,-0.00020434397112487903,0.00026502532894307379,-3.3492151726878511e-20,0.00013204475520127258,9.3808717389499104e-05,-0.00028384226150082606,5.9661538566829077e-10
30,2,lumen,0.0084703947368421038,0.0025000000000000001,0.0084621710526315772,0.0084786184210526305,0.002,0.0030000000000000001,1000148.2225697398,1.3129421499207783,12.803049382013482,3137.2943403350569,0.16831744827881703,1173,1173,4.0495419260373649e-05,0.23375769157986354,0.59999999999999998,2,500000,0.00035,0.0001,0.075532226782857259,0.16519203600228158,1.010975318866013e-17,0.18086485133220176,0.067329007094697219,0.54032453894299748,2.3458807935921312e-05,0.060278179232959098,0.075507382879420215,4.0451174859173661e-18,0.052617001592326712,0.427587600533405,0.38400231775747229,7.5180044166901199e-06,0.2724157100172771,0.0015413587956963593,1.0415092521833949e-09,0.0019772437602118562,2.0052480635526395e-05,0.39038009704313925,7.2969670766486421e-05,8.3893931498616162e-07,2.8126910198896454e-10,3.2269066214872383e-12,2.9304800178041716e-10,7.1164081529673925e-11,6.2388867893941232e-08,0.33359166521387335,nan,nan,nan,nan,nan,nan,nan,nan,nan,nan,nan,nan,nan,nan,0,0,0,0,0,0,0,3.3174837678759719e-12,3.2352167615972335e-14,-5.346565757998626e-12,-4.5518136401269485e-10,1.4109807072726355e-15,4.0540872286824736e-10,-3.4266388017054071e-15,-8.623093558646211e-15,3.2278907536642198e-17,8.1335994316917244e-20,7.2693666206925763e-20,-1.4912978184837699e-19,-3.4422874994578304e-14,5.1814496960317824e-11,nan,nan,nan,nan,nan,nan,nan,nan,nan,nan,nan,nan,nan,nan,-1.9572133619534526e-07,1.6743028113941349e-07,-1.8663276067667608e-22,2.7891034514462466e-08,6.1506944749878389e-07,-2.2316254044696393e-07,0,0.016772481119218963,0.036428243359140133,2.2742747700419588e-18,0.039970199947339989,0.014797369275510482,0.11957440936634778,5.1868459498199971e-06,-0.00039220496170681428,0.00052846764443819033,-2.7674988569886386e-20,0.00026596344490953931,0.0001756846722092623,-0.00053202154703320273,-2.010996715167044e-10
30,3,support,0.0084703947368421038,0.0035000000000000001,0.0084621710526315772,0.0084786184210526305,0.0030000000000000001,0.0040000000000000001,1001214.8374542911,1.2984241626413131,12.647989866139586,3201.2260824836358,0.16851109918937635,1173,1173,4.0359054022052325e-05,0.23366180119155699,0.40000000000000002,2,300000,0.00033700000000000001,0.0001,0.084626453510107863,0.15489998033435431,1.0832839230694872e-17,0.17525002811475979,0.067189699360126254,0.55752540908609827,2.3750825522052594e-05,0.066717853668464569,0.06994549737715583,4.2819438968481802e-18,0.050366074658278068,0.42153503800388997,0.39142801688794326,7.5194042682195401e-06,nan,nan,nan,nan,nan,nan,nan,nan,nan,nan,nan,nan,nan,nan,0.27484209232401358,0.001618552115984112,1.1719866594291197e-09,0.002049067612224655,1.9526444472125547e-05,0.38260401885161938,7.6120444922040477e-05,7.6416787596802235e-07,2.6315185664326243e-10,3.4632843953426778e-12,3.270245037746718e-10,7.9473034779040179e-11,6.0353031345183149e-08,0.33878979584077568,0,0,0,0,0,0,0,nan,nan,nan,nan,nan,nan,nan,nan,nan,nan,nan,nan,nan,nan,3.2983872554373604e-10,-4.4359117545224485e-15,1.3525985804737399e-11,5.4010728070860592e-10,7.1170283208465968e-15,6.5428021073926645e-11,-1.534312815521865e-14,3.4059127046459636e-15,-5.6744228646607589e-18,-1.1196525162883703e-19,2.6569790907633375e-19,-3.6707587248112571e-19,2.2893997018473126e-14,-9.4891372556720657e-10,-2.2615086911308147e-07,1.9750662444417699e-07,6.538804712568688e-22,2.8565257249146374e-08,7.0681237031300359e-07,-2.5524271446419888e-07,0,0.018555551934363219,0.033855782997011877,2.3629692394418999e-18,0.038341555794834184,0.014659918625397532,0.12206457420195295,5.1978690304856399e-06,-1.5651493886697195e-05,-4.0488950636961839e-06,-1.6031899152418372e-20,-7.2620100597384893e-05,6.825408065694987e-05,-0.00010223392914411479,-5.1287990206714482e-09
30,4,support,0.0084703947368421038,0.0045000000000000005,0.0084621710526315772,0.0084786184210526305,0.0040000000000000001,0.0050000000000000001,1000896.1871868768,1.6254668297050705,15.838763488062035,2685.8972632337409,0.13780326059394535,1173,1173,4.1315654588420564e-05,0.2050234364058231,0.40000000000000002,2,300000,0.00033700000000000001,0.0001,0.079265980462702862,0.12707612623424486,2.1094606046000155e-17,0.21658238429087304,0.040173375882424478,0.51900165899509698,2.3009141096597093e-05,0.078256879461328727,0.071857504762703306,1.044166748035627e-17,0.077947627995721344,0.31562331305492897,0.45630555241383097,9.122311486669579e-06,nan,nan,nan,nan,nan,nan,nan,nan,nan,nan,nan,nan,nan,nan,0.24863327006287855,0.0026348602976311573,1.4369340547458073e-09,0.0024968768668251484,3.2639135544284215e-05,0.39184789750044829,0.00010720941698385887,5.2714981387428027e-07,2.444873992317253e-10,4.2284710054932885e-12,3.923907480145007e-10,1.0425234976240407e-10,8.7294192227008598e-08,0.3542466300934109,0,0,0,0,0,0,0,nan,nan,nan,nan,nan,nan,nan,nan,nan,nan,nan,nan,nan,nan,1.0999071844541646e-10,9.4368041619461039e-15,-1.3861721342788347e-11,-2.2832323961183087e-11,7.9995688892497974e-15,9.3380093533958902e-10,1.1946707458116754e-14,2.7772922850388682e-15,3.6115392414166337e-17,1.4308367318198256e-19,-4.5373669012616248e-19,9.3498481288977339e-19,-1.654548644132371e-14,-1.0071134764637703e-09,-3.3359111378892387e-07,1.6096544197541363e-07,2.6511732275655028e-22,1.7170573825034847e-07,1.1724656817646562e-06,-5.0528789152792797e-07,0,0.017852553157980795,0.028515493985723776,4.7073274933836711e-18,0.048626304131695136,0.009030542593340761,0.11667527508058292,5.1692228616000053e-06,0,0,0,0,0,0,0
31,0,lumen,0.0084868421052631572,0.00050000000000000001,0.0084786184210526305,0.0084950657894736839,0,0.001,1000149.0382807511,1.3480697793977416,13.145582903620559,3037.1134957798836,0.16912499810879522,1173,1173,4.0588327584654015e-05,0.23397641933518903,0.59999999999999998,2,500000,0.00035,0.0001,0.067761882145762592,0.16910552045911961,9.2945353806674945e-18,0.18103508898092868,0.066312549628770173,0.51888230239178434,2.2865516317308957e-05,0.055523869566321007,0.079364178459666535,3.8184288204637484e-18,0.054075570239340197,0.43239936443226734,0.37862949338399743,7.5239184075913277e-06,0.27100772688521862,0.0014867763143115601,9.4908031689249189e-10,0.0019286825027753733,2.0330695113240866e-05,0.39546893408850303,7.0780598130695075e-05,8.9464776584115467e-07,2.9410809855026624e-10,3.0649901682633647e-12,2.6920608701903603e-10,6.5343472647176242e-11,6.3608602806698307e-08,0.33001580907877581,nan,nan,nan,nan,nan,nan,nan,nan,nan,nan,nan,nan,nan,nan,0,0,0,0,0,0,0,-4.8880928866031796e-12,-1.1486094602630504e-14,-1.6949298186692518e-12,1.2117161690779671e-10,-1.8821749714348357e-16,2.1031333922658102e-10,-3.9082597619646583e-15,6.299648303009775e-15,-9.409984521321857e-18,-1.2243795271982363e-19,3.6577776760608859e-19,-4.7256303652453383e-19,2.0132415282991429e-14,-3.2491265250209798e-10,nan,nan,nan,nan,nan,nan,nan,nan,nan,nan,nan,nan,nan,nan,-1.7483472296384722e-07,1.530471662181121e-07,4.1027392196185688e-22,2.1578912196631164e-08,5.4609060010091248e-07,-1.9653649996342892e-07,0,0.015528950563838592,0.038481289955545075,2.1027963544572248e-18,0.041280588396598872,0.015042436824990799,0.11848020243348452,5.2164451423855332e-06,-8.1966753537668442e-05,9.9674126566954462e-05,-6.5877306878883646e-21,4.201705038741239e-05,4.2793111467353931e-05,-0.0001163542631470526,4.0705575244643679e-10
31,1,lumen,0.0084868421052631572,0.0015,0.0084786184210526305,0.0084950657894736839,0.001,0.002,1000148.7811591121,1.4174629092281388,13.822267408681004,2893.4688850639591,0.16896157119771379,1173,1173,4.0564316087877626e-05,0.23387584194556285,0.59999999999999998,2,500000,0.00035,0.0001,0.065995847646945285,0.15872460527330001,8.9695444961620597e-18,0.17105401401707809,0.062854146346476139,0.49544206362440807,2.1737947750340625e-05,0.056860453408879186,0.078326809654583787,3.8745997424843711e-18,0.053724336455550505,0.4309458425324223,0.38013503685402811,7.5210945361988439e-06,0.27134559218854182,0.0015021152632327078,9.7477781805297217e-10,0.0019420319105784146,2.0271877384573858e-05,0.39413363564963633,7.1390541567345174e-05,8.7907877411244898e-07,2.9062561511650391e-10,3.1097238708259311e-12,2.7581643613920356e-10,6.6958302066144563e-11,6.3318081205695864e-08,0.33098401856095838,nan,nan,nan,nan,nan,nan,nan,nan,nan,nan,nan,nan,nan,nan,0,0,0,0,0,0,0,1.1039704246984245e-10,-1.560873866158034e-14,-2.572553510201798e-11,-8.3358004274151199e-11,-3.7526405594068279e-15,5.3188709708308635e-10,7.1028828353688763e-15,-4.389067234655819e-15,1.4984377830373862e-18,1.9320001002477029e-19,-1.5703986706191666e-18,1.868483725056066e-18,2.9005083723253353e-15,-5.3318688370032759e-10,nan,nan,nan,nan,nan,nan,nan,nan,nan,nan,nan,nan,nan,nan,-1.8056307847513775e-07,1.5688575066841182e-07,4.2428959238483716e-22,2.3171171518149722e-08,5.6488237504259686e-07,-2.0367661252018721e-07,0,0.015881258383935809,0.037930055074930774,2.0883103743791395e-18,0.040962030664111408,0.014971228833525831,0.11881019045652316,5.2079600149644257e-06,-0.00020424899093977446,0.00026505908717614374,-1.7414402586462705e-20,0.00013199604681642132,9.3675875541093253e-05,-0.00028417055744780524,5.906104905039175e-10
31,2,lumen,0.0084868421052631572,0.0025000000000000001,0.0084786184210526305,0.0084950657894736839,0.002,0.0030000000000000001,1000148.0273203114,1.3209230180382565,12.880876687782031,3117.9196273153443,0.16834315933857597,1173,1173,4.0495889299151528e-05,0.23378630870871059,0.59999999999999998,2,500000,0.00035,0.0001,0.074973018765663799,0.16431306381284977,9.9943478031944934e-18,0.1797766736717889,0.066947804320906135,0.53686801626850411,2.3313930969181769e-05,0.060195612393647291,0.07556216755319449,4.0232502540081722e-18,0.052618354538979374,0.42775119641634574,0.38386515210484368,7.5169929892739178e-06,0.27241456401240338,0.0015399181556401105,1.0398792681736927e-09,0.0019761509939200477,2.0048274637214577e-05,0.39044899981647407,7.2915406262451349e-05,8.4000459046370112e-07,2.814719388042102e-10,3.2239865138183153e-12,2.9263282711499161e-10,7.1058085330645466e-11,6.2387695594202779e-08,0.33352649926011035,nan,nan,nan,nan,nan,nan,nan,nan,nan,nan,nan,nan,nan,nan,0,0,0,0,0,0,0,-4.9566078482274616e-11,-1.7624780977691792e-15,-1.2411929187436162e-12,-2.2431245927729418e-10,-2.4643915380595516e-16,4.2260197511551079e-11,1.7182955675784814e-14,-1.3194306758279595e-14,2.7039488874859361e-17,-1.8008416637746986e-20,8.4668242946973099e-20,-1.5499014969316205e-19,-2.8788196865519119e-14,2.3288629340700777e-10,nan,nan,nan,nan,nan,nan,nan,nan,nan,nan,nan,nan,nan,nan,-1.9533303015177583e-07,1.6750133713383519e-07,1.6117248442513367e-22,2.7790716218596932e-08,6.1381831863160929e-07,-2.2290067469565855e-07,0,0.016751757417265652,0.036459896305201633,2.2294023298918157e-18,0.039976753574691055,0.014805312008030366,0.11954812384135675,5.186857844190575e-06,-0.0003917078093747335,0.00052810821307514076,-3.1336007018969689e-20,0.00026540738355198829,0.00017553088792366707,-0.00053287283737628126,-2.0875295084582192e-10
31,3,support,0.0084868421052631572,0.0035000000000000001,0.0084786184210526305,0.0084950657894736839,0.0030000000000000001,0.0040000000000000001,1001213.2417581568,1.2963263636636171,12.627575266837798,3205.9398646683881,0.16853068120944356,1173,1173,4.0359766505221515e-05,0.23369010915642136,0.40000000000000002,2,300000,0.00033700000000000001,0.0001,0.084645508070045755,0.15528677217707973,1.0874242261605082e-17,0.17555933112298955,0.067325667602546768,0.55821628004136692,2.3786190821837046e-05,0.066625165128356853,0.070006976208867117,4.2913717303658557e-18,0.050373529676912686,0.42170631698475319,0.39128049355517996,7.5184459302656755e-06,nan,nan,nan,nan,nan,nan,nan,nan,nan,nan,nan,nan,nan,nan,0.2748362810108978,0.001616923735263233,1.1700951245054012e-09,0.0020478344306278672,1.952391955124397e-05,0.38268845113328176,7.6059248423955748e-05,7.6526602014762597e-07,2.6337716523587739e-10,3.4596656406889148e-12,3.2653731884333835e-10,7.9347692042086369e-11,6.0357423248965206e-08,0.33871409905570304,0,0,0,0,0,0,0,nan,nan,nan,nan,nan,nan,nan,nan,nan,nan,nan,nan,nan,nan,2.6757355685493402e-10,-2.4413992759687069e-14,9.7699337373645038e-12,6.9096349657818804e-10,4.7974861930311086e-15,5.0444182880284016e-10,2.6261224380889069e-15,4.9968709725511928e-15,-5.4490964876570531e-18,-1.7295720406910712e-19,4.5483322142567809e-19,-5.993275348200962e-19,2.4334494659122513e-14,-1.4727612187288015e-09,-2.2567570391682917e-07,1.9672027001815806e-07,2.8854092761545219e-22,2.8441187925746475e-08,7.0530519198641617e-07,-2.547980877953826e-07,0,0.018532457165667138,0.033890567199867432,2.3849784667169077e-18,0.038352844262773189,0.014668126367891578,0.12203639102025506,5.197962706871785e-06,-1.5650780525678416e-05,-4.0799270528262764e-06,-1.6130544438976249e-20,-7.2824168028379452e-05,6.8387551682918675e-05,-0.00010245255632266089,-5.1402499066171863e-09
31,4,support,0.0084868421052631572,0.0045000000000000005,0.0084786184210526305,0.0084950657894736839,0.0040000000000000001,0.0050000000000000001,1000894.8468692885,1.6142090755779375,15.72908750796552,2704.4411543848032,0.13873544121357781,1173,1173,4.1318597380552428e-05,0.20499927964138659,0.40000000000000002,2,300000,0.00033700000000000001,0.0001,0.079721953622707065,0.12809728043386442,2.1336341072661016e-17,0.21831545621526741,0.040452597088544776,0.52255911307221181,2.3175703266072612e-05,0.078162038573678747,0.071933357139473506,1.0488192256756174e-17,0.078027287944542167,0.31561628944949999,0.45625190217028411,9.1247225214192346e-06,nan,nan,nan,nan,nan,nan,nan,nan,nan,nan,nan,nan,nan,nan,0.24858529303803639,0.0026341320116372736,1.434930696764789e-09,0.0024961276735522382,3.2664524762811917e-05,0.39196153201658523,0.000107178518436756,5.2765981564707416e-07,2.4469792464244653e-10,4.2236263750002171e-12,3.918482194745033e-10,1.0411077418850184e-10,8.7361043249448881e-08,0.35418245501635676,0,0,0,0,0,0,0,nan,nan,nan,nan,nan,nan,nan,nan,nan,nan,nan,nan,nan,nan,1.0271781803141999e-10,-5.7663859657506297e-15,1.5850912564422256e-11,5.305112135607688e-10,-1.4133659520521036e-15,-1.4537207830740695e-10,1.6928422956835119e-14,-5.8080710380048473e-16,2.4545949196005502e-17,4.6108940811826685e-20,-1.1923043387885282e-19,3.3053780555979822e-19,-1.1087103702957264e-14,-5.037060773663922e-10,-3.3308804137967274e-07,1.6160706511891831e-07,-9.320307985388543e-22,1.7161051042870284e-07,1.1707757192197521e-06,-5.0521321132146468e-07,0,0.017825958730824064,0.028537749257050417,4.8041375337162909e-18,0.04866250462649073,0.0090279084433646448,0.11662891577869673,5.1691476896727185e-06,0,0,0,0,0,0,0
32,0,lumen,0.0085032894736842106,0.00050000000000000001,0.0084950657894736839,0.0085115131578947373,0,0.001,1000148.8416224681,1.3485655821398528,13.150420265844932,3035.6010240148348,0.16918853408913187,1173,1173,4.0588825055626234e-05,0.23400305480209588,0.59999999999999998,2,500000,0.00035,0.0001,0.067639531768543884,0.16915980035090472,9.313311440010152e-18,0.18097185959131368,0.066311913123327709,0.51851224928687767,2.2853980404819553e-05,0.055444011054124644,0.07941886707250341,3.8275504563671148e-18,0.054076575471318486,0.43255432847418518,0.37849869503807915,7.5228897890053081e-06,0.27100584377485926,0.0014854540176795362,9.4753884842068087e-10,0.0019276572780521607,2.0326610522838866e-05,0.39553459570347715,7.07303111528462e-05,8.9572736325410841e-07,2.9430866074401987e-10,3.062377942769444e-12,2.6881578808633453e-10,6.5245105873256892e-11,6.3607201892850504e-08,0.3299544313907169,nan,nan,nan,nan,nan,nan,nan,nan,nan,nan,nan,nan,nan,nan,0,0,0,0,0,0,0,1.6076890891169559e-11,1.1926101583439071e-14,1.4140948328367665e-13,6.537284260677697e-11,7.2392179056857131e-16,6.5987324328678487e-11,-2.4624686689049404e-14,4.827518593208957e-15,-8.2119842685340769e-18,-7.5976506951252914e-20,1.8222215037993241e-19,-2.8332174812155467e-19,1.7244873625720618e-14,-1.4758821958735618e-10,nan,nan,nan,nan,nan,nan,nan,nan,nan,nan,nan,nan,nan,nan,-1.7447733530271542e-07,1.5291676475071014e-07,9.9373950623361502e-23,2.1494419133415212e-08,5.4491796652733626e-07,-1.9603698631076583e-07,0,0.015508627731212506,0.038513246522917238,2.112757766401225e-18,0.04128698273298026,0.015050065513700838,0.11845499616023476,5.216431651192065e-06,-8.1964078495506322e-05,9.9763944282234626e-05,-9.3467966777465644e-21,4.2099577042534318e-05,4.2726054624560392e-05,-0.0001161713311629667,4.1015615969978763e-10
32,1,lumen,0.0085032894736842106,0.0015,0.0084950657894736839,0.0085115131578947373,0.001,0.002,1000148.5848650848,1.4127820751047282,13.776625361967048,2902.675376266513,0.16892538655830414,1173,1173,4.0564771655201536e-05,0.23390334606040974,0.59999999999999998,2,500000,0.00035,0.0001,0.066121443934032603,0.15935939116043746,9.0750649325721947e-18,0.1716215447256747,0.063085422072669164,0.496911673149737,2.1806921532446283e-05,0.056780549864207178,0.07838038664507356,3.9072370057994835e-18,0.053724595553811545,0.43110328655591756,0.38000366133622798,7.5200447622108828e-06,0.27134465286455672,0.0015007686583072481,9.7322679236878733e-10,0.00194099930966505,2.026755779925864e-05,0.39419856423875732,7.1339562555271086e-05,8.8014138518844846e-07,2.9082334469213366e-10,3.1070480476763376e-12,2.754231654588877e-10,6.6858729503530196e-11,6.3316136519610323e-08,0.33092246274139847,nan,nan,nan,nan,nan,nan,nan,nan,nan,nan,nan,nan,nan,nan,0,0,0,0,0,0,0,1.1593353385219949e-11,-7.8120337364179879e-16,-3.7075591246357739e-12,-2.3241272089594801e-11,-7.0559877385356629e-16,6.8165957687466028e-11,-8.4093095932186332e-15,-4.8979917344205148e-15,1.3664194987799816e-18,2.6678490841175939e-19,-1.9973354326816469e-18,2.3927415690584661e-18,2.7535945109714465e-15,-5.2798432461127614e-11,nan,nan,nan,nan,nan,nan,nan,nan,nan,nan,nan,nan,nan,nan,-1.8022022517903691e-07,1.5706561129480434e-07,-3.9762085833855243e-22,2.3090158342528604e-08,5.637561604904251e-07,-2.032908475446682e-07,0,0.015861057968682989,0.037961534971990667,2.1814380506401429e-18,0.040967957110749395,0.014978993209729011,0.11878499946308425,5.2079516809982995e-06,-0.0002041087389307073,0.00026496212092849095,-1.3153639051799289e-20,0.00013187657597648326,9.3530888304494192e-05,-0.00028369972095778733,5.8551430082584834e-10
32,2,lumen,0.0085032894736842106,0.0025000000000000001,0.0084950657894736839,0.0085115131578947373,0.002,0.0030000000000000001,1000147.8320420468,1.3236360624375496,12.90733524653322,3111.1111542334274,0.16836325875822086,1173,1173,4.0496358954682472e-05,0.23381483239295156,0.59999999999999998,2,500000,0.00035,0.0001,0.074716886810951524,0.16409475090795447,9.9645705099588049e-18,0.17941257780127509,0.066836038893586108,0.53557690589586138,2.326300206108785e-05,0.060113189967351974,0.075616778370772228,4.0195028489204565e-18,0.052619652551200477,0.42791426614575856,0.38372859698578171,7.5159791350001041e-06,0.27241342533732971,0.0015384843296350097,1.0382531189330208e-09,0.0019750631338013784,2.0044084012491591e-05,0.39051763216531726,7.2861390924383026e-05,8.4106705790508437e-07,2.8167413377166692e-10,3.2210752758471302e-12,2.9221866213668773e-10,7.095238466051016e-11,6.2386525793619776e-08,0.33346158441907664,nan,nan,nan,nan,nan,nan,nan,nan,nan,nan,nan,nan,nan,nan,0,0,0,0,0,0,0,-7.5592982901281491e-11,4.0981463433804243e-14,-1.1070207238907458e-12,-1.9563444780334976e-11,-2.4315402122332408e-15,-3.1859224980390621e-10,-7.5589962029581076e-15,-6.0925656880650436e-15,3.6893009036499435e-17,6.6866266033194914e-20,-1.3316573886338054e-20,4.6677711493487854e-20,-3.5618282858828548e-14,4.1486636330935023e-10,nan,nan,nan,nan,nan,nan,nan,nan,nan,nan,nan,nan,nan,nan,-1.9494204475927618e-07,1.6756884224644608e-07,1.1328560596040736e-22,2.769294577788276e-08,6.1256022061695337e-07,-2.2261653553901084e-07,0,0.016731077712069345,0.036491486803836619,2.2174354297561479e-18,0.039983281361248228,0.014813234510129768,0.1195219426067313,5.1868698249962235e-06,-0.00039121371023572137,0.00052772975643008751,-3.0425779632377486e-20,0.00026483892828842675,0.0001753748561302068,-0.00053363524538028626,-2.1742477256781906e-10
32,3,support,0.0085032894736842106,0.0035000000000000001,0.0084950657894736839,0.0085115131578947373,0.0030000000000000001,0.0040000000000000001,1001211.6457980659,1.2990772135588804,12.654391594756905,3198.6866401682169,0.16856091433871545,1173,1173,4.0360477139872222e-05,0.23371834534876706,0.40000000000000002,2,300000,0.00033700000000000001,0.0001,0.084348938200956861,0.15509354246601573,1.0821943511571143e-17,0.17521316645384771,0.067210216795827907,0.55682374011710412,2.3732773916037913e-05,0.066532724215973199,0.070068347739486711,4.2798022067554188e-18,0.050380968003460952,0.42187718378120742,0.39113325876763727,7.5174922343773744e-06,nan,nan,nan,nan,nan,nan,nan,nan,nan,nan,nan,nan,nan,nan,0.27483046905483616,0.0016153007201857908,1.1682093926007841e-09,0.002046604374757463,1.952139511340223e-05,0.3827726658999055,7.5998233064251383e-05,7.6636308457713692e-07,2.6360205952073065e-10,3.4560623735023001e-12,3.2605169529191584e-10,7.9222785294053141e-11,6.0361781405148995e-08,0.33863861175672799,0,0,0,0,0,0,0,nan,nan,nan,nan,nan,nan,nan,nan,nan,nan,nan,nan,nan,nan,3.1732315921756878e-10,1.5067194447646523e-14,9.8099515942015939e-12,5.714137969220363e-10,5.9811097047335338e-15,3.4384848093815812e-10,-3.4255434165421783e-14,2.4730651554394356e-15,-6.0479459896312761e-18,-1.2509540614696948e-19,1.8385588378851292e-19,-3.2590896747543684e-19,2.1323369907865732e-14,-1.2424059560856029e-09,-2.2520607442528401e-07,1.965357190325534e-07,3.9798911962396641e-22,2.8316667085212584e-08,7.0374681104823367e-07,-2.540843510034918e-07,0,0.018509406861495936,0.033925298198119805,2.3700974786458649e-18,0.038364101878359425,0.014676313991813898,0.12200826343834596,5.19805647585231e-06,-1.565179565721874e-05,-4.1118144437951015e-06,-1.6007539745178148e-20,-7.3047130983588295e-05,6.8527047100457625e-05,-0.00010282842783727497,-5.1516960501375836e-09
32,4,support,0.0085032894736842106,0.0045000000000000005,0.0084950657894736839,0.0085115131578947373,0.0040000000000000001,0.0050000000000000001,1000893.5068270721,1.6162339653293536,15.748839412823916,2700.8660009056748,0.13772680627192199,1173,1173,4.1321536637678481e-05,0.20497507840672272,0.40000000000000002,2,300000,0.00033700000000000001,0.0001,0.079525592052366909,0.12807127828269632,2.1188445517140594e-17,0.21826414583813217,0.040400917994977914,0.52184270194586502,2.3152759008431902e-05,0.078067429934705002,0.072009068013897448,1.0428571343734483e-17,0.07810690954990851,0.31560891350871784,0.45619855185676172,9.1271360097022842e-06,nan,nan,nan,nan,nan,nan,nan,nan,nan,nan,nan,nan,nan,nan,0.24853735546989425,0.0026334103576230836,1.4329332716715075e-09,0.0024953820137535959,3.268991274054595e-05,0.39207486442545625,0.00010714783064957031,5.2816811258085489e-07,2.4490790604532681e-10,4.2187976892412859e-12,3.9130730865258666e-10,1.0396965819345693e-10,8.7427840613263232e-08,0.35411853221659262,0,0,0,0,0,0,0,nan,nan,nan,nan,nan,nan,nan,nan,nan,nan,nan,nan,nan,nan,4.8635679564152887e-11,4.0586043138990469e-15,-1.6162788937416083e-11,-1.0559342353328894e-10,5.1547308088650823e-15,7.0313748757894895e-10,7.266041463817954e-15,2.8286834680146811e-16,2.2278982455338467e-17,1.0138204760906644e-19,-4.2929805251858956e-19,6.9814496063873026e-19,-1.0320424480616346e-14,-6.3002358936913202e-10,-3.3252523388635491e-07,1.6032256922038357e-07,4.9137554053235505e-22,1.7151569474302825e-07,1.1691155743370762e-06,-5.039515038607334e-07,0,0.017799405617429324,0.028559944668114075,4.6871963037012307e-18,0.04869868194187784,0.009025260207954135,0.11658260629290519,5.1690723972739981e-06,0,0,0,0,0,0,0
33,0,lumen,0.0085197368421052622,0.00050000000000000001,0.0085115131578947373,0.0085279605263157872,0,0.001,1000148.6449351805,1.348533073441637,13.150105846168634,3035.2792428914918,0.16917075498085674,1173,1173,4.0589320731018981e-05,0.23402963132800003,0.59999999999999998,2,500000,0.00035,0.0001,0.067543961884025033,0.16928007139364171,9.3295934969438305e-18,0.18097945225223694,0.066337199927615179,0.51834589743070125,2.2851408609783933e-05,0.055364348815340587,0.079473432933715518,3.8341503214744026e-18,0.054077551253119548,0.4327089288623957,0.37836821627205064,7.5218633780402492e-06,0.27100396741003324,0.0014841361662713023,9.4600175659691798e-10,0.0019266349762770067,2.0322530460513137e-05,0.39560006365831601,7.0680181362173646e-05,8.968053920637188e-07,2.9450877238141571e-10,3.0597762699491528e-12,2.6842665057202568e-10,6.5147056820197808e-11,6.3605781869472723e-08,0.32989323308898988,nan,nan,nan,nan,nan,nan,nan,nan,nan,nan,nan,nan,nan,nan,0,0,0,0,0,0,0,2.4810006102558667e-11,-1.1246141214820642e-14,4.6485730851802176e-13,3.9996805162643976e-11,7.6978354246470815e-16,2.5711548992321531e-11,-3.5372359263020352e-15,6.252377088289407e-15,-7.6059974386444402e-18,-9.6330895047905517e-20,3.5334327844546177e-19,-4.8717141449608682e-19,1.9624983120345958e-14,-9.0995044996520282e-11,nan,nan,nan,nan,nan,nan,nan,nan,nan,nan,nan,nan,nan,nan,-1.7411966701883635e-07,1.5268297864912128e-07,-1.5690080671345932e-22,2.1410485313441303e-08,5.4375567810904801e-07,-1.9556968361422733e-07,0,0.015488351868528353,0.03854513754623639,2.1743480471899907e-18,0.041293343934338027,0.015057677501369845,0.1184298427148453,5.2164180637833434e-06,-8.1964511398656837e-05,9.9861395462745353e-05,-7.6047606952974765e-21,4.218421915688066e-05,4.2659726895888085e-05,-0.00011604343874202401,4.1305578652540435e-10
33,1,lumen,0.0085197368421052622,0.0015,0.0085115131578947373,0.0085279605263157872,0.001,0.002,1000148.3885414475,1.4101552941924864,13.751013228486212,2907.7023623489208,0.16900875272941593,1173,1173,4.0565225658333012e-05,0.23393079248791487,0.59999999999999998,2,500000,0.00035,0.0001,0.066151609208416146,0.15976513677903637,9.0727473108656863e-18,0.17194199958032189,0.063225955553526142,0.49766541637610695,2.184449893533056e-05,0.056700844811480446,0.078433863238109178,3.8989770701427194e-18,0.053724845162611674,0.43126039246042625,0.37987253532877852,7.5189985939770591e-06,0.27134371160190218,0.0014994261200634857,9.7168015421608762e-10,0.001939969176793331,2.0263242362644767e-05,0.39426332716165041,7.1288723180563298e-05,8.8120285726931097e-07,2.9102069788164831e-10,3.1043832652288515e-12,2.7503106402692201e-10,6.6759477696885577e-11,6.3314172888226643e-08,0.33086106784943481,nan,nan,nan,nan,nan,nan,nan,nan,nan,nan,nan,nan,nan,nan,0,0,0,0,0,0,0,-1.0387335299154905e-11,-6.0441492404973574e-15,1.7431512057007432e-12,-1.1264288267193208e-11,-1.8431436932253575e-18,-3.8902872026222446e-11,4.3928032923623537e-16,-3.980539856063281e-15,2.2739192971131199e-18,2.011065771357672e-19,-1.5755389260419359e-18,1.8929349642432833e-18,1.6015904249647892e-15,5.8819116076458802e-11,nan,nan,nan,nan,nan,nan,nan,nan,nan,nan,nan,nan,nan,nan,-1.7986203370515957e-07,1.5689029342347283e-07,-3.3835376482822028e-22,2.3008902376528095e-08,5.6259496665489461e-07,-2.0285792862173579e-07,0,0.015840904561082829,0.037992947927689182,2.1281388781074833e-18,0.040973857288631996,0.014986739160319356,0.11875991370284493,5.2079435203583136e-06,-0.00020398448830399131,0.00026493090366035957,-1.4338618443856009e-20,0.00013179388832754223,9.3397692898252826e-05,-0.00028360320044978286,5.8105600672544938e-10
33,2,lumen,0.0085197368421052622,0.0025000000000000001,0.0085115131578947373,0.0085279605263157872,0.002,0.0030000000000000001,1000147.6367347758,1.3275769099743191,12.945766646179997,3101.4605031529013,0.16838927215609209,1173,1173,4.0496827797552612e-05,0.23384327112839481,0.59999999999999998,2,500000,0.00035,0.0001,0.074393143546979859,0.16372541521993411,9.9395323789451977e-18,0.17888423029781184,0.066662944729932366,0.53379767601321726,2.3190811162420199e-05,0.060030934141680016,0.07567122525834323,4.0213409197441984e-18,0.052620907135290364,0.42807684842306504,0.38359257007717484,7.5149644466662872e-06,0.27241229582930004,0.001537056773857408,1.0366311412936593e-09,0.0019739796761868698,2.0039904628163637e-05,0.39058600652022329,7.2807602622647322e-05,8.4212703998225264e-07,2.8187572527763045e-10,3.2181738807902227e-12,2.9180559908211241e-10,7.0846999602689377e-11,6.2385348409567857e-08,0.33339690749641548,nan,nan,nan,nan,nan,nan,nan,nan,nan,nan,nan,nan,nan,nan,0,0,0,0,0,0,0,-5.5902066713658164e-11,6.4245608032478842e-15,-1.9190582655696353e-12,-1.3569762672813615e-10,-1.3432180714922914e-15,-1.1764619942296328e-10,1.7075900663837301e-14,-1.0243108444774052e-14,3.3698013373960556e-17,4.0671326883541575e-20,3.4540684235953346e-20,-7.0216996980062501e-20,-3.2345971511585544e-14,3.1118521630812702e-10,nan,nan,nan,nan,nan,nan,nan,nan,nan,nan,nan,nan,nan,nan,-1.9455144559255011e-07,1.6707425032347345e-07,-5.5983097703549328e-23,2.7596804424031691e-08,6.1128485709383007e-07,-2.2201447152925269e-07,0,0.016710441899313686,0.0365230154936367,2.1940916858168657e-18,0.039989784734465621,0.014821136881174065,0.11949586656276429,5.1868819282747054e-06,-0.00039071316870540219,0.00052732355499760918,-3.0178546886961853e-20,0.00026425532723262351,0.00017521297115220914,-0.00053424163893837635,-2.2663771090540979e-10
33,3,support,0.0085197368421052622,0.0035000000000000001,0.0085115131578947373,0.0085279605263157872,0.0030000000000000001,0.0040000000000000001,1001210.0495751761,1.3001388704309791,12.664753451405671,3195.6115216092362,0.16858025393800474,1173,1173,4.0361186918239921e-05,0.23374650474840608,0.40000000000000002,2,300000,0.00033700000000000001,0.0001,0.08416307046266841,0.15510218517212954,1.0812305470097534e-17,0.17509558907218192,0.067182361404875046,0.5561591992756646,2.3710357436465264e-05,0.066440474794176807,0.070129629952848591,4.279491937623294e-18,0.050388385694467616,0.42204764061308253,0.39098635240396823,7.5165414562587131e-06,nan,nan,nan,nan,nan,nan,nan,nan,nan,nan,nan,nan,nan,nan,0.27482464476075014,0.0016136831337687275,1.1663284182512548e-09,0.0020453775523989934,1.9518877081386857e-05,0.38285669054036464,7.5937402356172795e-05,7.6745915108065502e-07,2.6382659517028163e-10,3.4524722861976508e-12,3.2556735739652018e-10,7.9098248259631173e-11,6.0366124476561594e-08,0.33856331806973133,0,0,0,0,0,0,0,nan,nan,nan,nan,nan,nan,nan,nan,nan,nan,nan,nan,nan,nan,2.7624156461602887e-10,-3.112816606409855e-14,1.0582727545323066e-11,6.6444765356432766e-10,5.0383959157573877e-15,4.3223170398745681e-10,1.1027013017069971e-14,3.2539075600634959e-15,-5.7365408199410411e-18,-1.4264722231776146e-19,4.8482446399137807e-19,-6.7075131076569114e-19,2.1762159835941383e-14,-1.3835136926919741e-09,-2.2473870129203349e-07,1.9610316775997561e-07,2.5393642711764378e-22,2.8192689028212606e-08,7.0223891102116909e-07,-2.5358525868046655e-07,0,0.018486400821587298,0.033959976396649792,2.4426938740647902e-18,0.038375328514193695,0.014684481261521352,0.12198019058042191,5.1981503305039758e-06,-1.565321389528794e-05,-4.1440860050272006e-06,-1.6172955098416159e-20,-7.3276336551454804e-05,6.8668420099516901e-05,-0.00010325313764747574,-5.1631478191241763e-09
33,4,support,0.0085197368421052622,0.0045000000000000005,0.0085115131578947373,0.0085279605263157872,0.0040000000000000001,0.0050000000000000001,1000892.1670609233,1.6103448984946152,15.691476418199715,2710.5561315816708,0.13865880028167052,1173,1173,4.1324476286067192e-05,0.20495080127974136,0.40000000000000002,2,300000,0.00033700000000000001,0.0001,0.079719685948521871,0.128674515899144,2.1393202485191359e-17,0.21928554607910594,0.04054761631823442,0.52368943089092879,2.3243553998439711e-05,0.077972921032694514,0.072084724450363527,1.0490997321899859e-17,0.078186597631219476,0.31560117324989351,0.45614545408190049,9.1295539284522762e-06,nan,nan,nan,nan,nan,nan,nan,nan,nan,nan,nan,nan,nan,nan,0.24848940047890963,0.0026326945966777863,1.4309390159878454e-09,0.0024946390919891267,3.2715330557573177e-05,0.39218802740474351,0.00010711732151606389,5.286752737124681e-07,2.4511758679166475e-10,4.2139781821191638e-12,3.9076726924948691e-10,1.0382880689761529e-10,8.7494665551808963e-08,0.35405478743079438,0,0,0,0,0,0,0,nan,nan,nan,nan,nan,nan,nan,nan,nan,nan,nan,nan,nan,nan,5.2007175252584913e-11,-7.9341875676288223e-15,1.5670203039077153e-11,3.087187879094279e-10,-1.4198711650870166e-15,-2.9257682463822848e-10,8.2454420814277528e-15,-2.164284376715564e-15,1.2467857109549326e-17,3.232636697258864e-20,-2.2272923667544246e-19,2.5712477656328689e-19,-2.7190770796613914e-15,-8.3813484448408394e-11,-3.3202754523564693e-07,1.6088368881561621e-07,-1.0953531208380064e-21,1.7142076933465427e-07,1.1674303864311897e-06,-5.0374136151276616e-07,0,0.017772893073981399,0.028582082630802072,4.5415839143299151e-18,0.048734842932873654,0.0090225978732720209,0.11653633207536505,5.1689969373407785e-06,0,0,0,0,0,0,0
34,0,lumen,0.0085361842105263139,0.00050000000000000001,0.0085279605263157872,0.0085444078947368406,0,0.001,1000148.4482187578,1.3455690334284192,13.121204842243628,3041.570416734668,0.16923452598345712,1173,1173,4.0589815049744974e-05,0.23405615167583421,0.59999999999999998,2,500000,0.00035,0.0001,0.067595567012305152,0.16976926125151923,9.2893946960293076e-18,0.18138133210738178,0.066507020840669437,0.51930874720686315,2.2898629591110691e-05,0.055284876967902644,0.079527927625760719,3.8092396608241773e-18,0.054078520601240146,0.4328632162191417,0.37823793774466641,7.5208412884011225e-06,0.27100207701437717,0.001482821906787359,9.4446880844121062e-10,0.0019256147253991804,2.0318456636436377e-05,0.39566540536317085,7.0630172468981879e-05,8.9788269572980075e-07,2.9470860190781038e-10,3.0571853486657835e-12,2.6803862154160626e-10,6.5049311645588652e-11,6.3604351798797975e-08,0.32983216929878983,nan,nan,nan,nan,nan,nan,nan,nan,nan,nan,nan,nan,nan,nan,0,0,0,0,0,0,0,-1.9315794306913766e-11,1.4795370643234921e-14,-1.1481906322246299e-12,1.4396435146258987e-10,4.1449049054120835e-16,2.3587235420050034e-10,-2.7485816744967637e-14,4.631928521292572e-15,-7.9168891876682211e-18,-7.8512888278584849e-20,1.8511521457233662e-19,-2.797151372532469e-19,1.7313507395647833e-14,-3.5938244063645051e-10,nan,nan,nan,nan,nan,nan,nan,nan,nan,nan,nan,nan,nan,nan,-1.7376120689787528e-07,1.5219984256242824e-07,2.6131323779849453e-22,2.1326617766936245e-08,5.4262334643617738e-07,-1.9523293759426963e-07,0,0.015468123336672803,0.038576961490069672,2.1317658132637875e-18,0.041299671483898542,0.015065272027653632,0.1184047584020661,5.2164043598322192e-06,-8.1971275400572551e-05,9.9988653636127258e-05,-1.2704766379358308e-20,4.2282601953563268e-05,4.2599591600055209e-05,-0.00011605140778007508,4.1660412035922793e-10
34,1,lumen,0.0085361842105263139,0.0015,0.0085279605263157872,0.0085444078947368406,0.001,0.002,1000148.1921886278,1.4135440500648848,13.78406110845787,2900.3534672684796,0.16897184864534753,1173,1173,4.0565677528371882e-05,0.23395817554604686,0.59999999999999998,2,500000,0.00035,0.0001,0.065900473701600612,0.15949038806193924,9.0940585361874712e-18,0.17153040479217438,0.063097284377641061,0.49630146144701959,2.1789093234147153e-05,0.056621339935123333,0.078487156560422364,3.9175279263298019e-18,0.053725046731665033,0.43141707521783157,0.3797418636027014,7.5179522562545744e-06,0.27134280139927047,0.0014980890667369684,9.7013814839678351e-10,0.0019389429761110192,2.025892904235701e-05,0.39432781594767685,7.1238084078927873e-05,8.8226180350205585e-07,2.9121740323555269e-10,3.1017288671669996e-12,2.7464018227717117e-10,6.6660560347827166e-11,6.3312177882364688e-08,0.33079990641735829,nan,nan,nan,nan,nan,nan,nan,nan,nan,nan,nan,nan,nan,nan,0,0,0,0,0,0,0,-1.8735326155438799e-12,-6.1288069507868623e-14,-4.4494001847427405e-11,8.983550379515989e-10,-1.2495863718764433e-14,-4.6276263420200192e-10,3.3809267552261069e-14,-8.2989171090730451e-15,-1.0831555977251082e-17,1.3342665941667847e-19,-1.6742763738350938e-18,1.8937161458589601e-18,1.3129651842438757e-14,-3.8918976391835461e-10,nan,nan,nan,nan,nan,nan,nan,nan,nan,nan,nan,nan,nan,nan,-1.7945349833035917e-07,1.5703240785480688e-07,-8.5538333455850818e-22,2.2928354706239097e-08,5.6142322646390852e-07,-2.0332468353423394e-07,0,0.015820793367934505,0.03802429883874809,2.1202445584242076e-18,0.040979727892842842,0.014994468986157581,0.11873487140821178,5.2079352960209783e-06,-0.00020389133084962953,0.00026501442499265548,-1.3963920658252824e-20,0.00013177528949095122,9.3280714610474597e-05,-0.00028418753798858557,5.7696420030643912e-10
34,2,lumen,0.0085361842105263139,0.0025000000000000001,0.0085279605263157872,0.0085444078947368406,0.002,0.0030000000000000001,1000147.441398624,1.3319673189532375,12.988581926745724,3090.8243890192452,0.16840916076942036,1173,1173,4.0497295670041377e-05,0.23387162634947933,0.59999999999999998,2,500000,0.00035,0.0001,0.074046504767326216,0.16330271716227923,9.944554048687866e-18,0.17829859934912529,0.066468355482438887,0.53185024554722538,2.3111236128075161e-05,0.059948830864525612,0.075725480925471211,4.0366790107610863e-18,0.052622099231296453,0.42823892892843046,0.38345714610324544,7.5139470307351652e-06,0.27241118956903021,0.0015356359281826172,1.0350131579507077e-09,0.0019729011357036801,2.0035735260843658e-05,0.39065408538368313,7.2754061296174762e-05,8.431840885522475e-07,2.8207662609074102e-10,3.2152815211233636e-12,2.9139358769569498e-10,7.0741917944578926e-11,6.2384158718692886e-08,0.33333249093617845,nan,nan,nan,nan,nan,nan,nan,nan,nan,nan,nan,nan,nan,nan,0,0,0,0,0,0,0,1.9076927214859948e-11,5.2829384327086569e-14,-5.3290656117491695e-12,-6.5336056893187549e-10,3.3553888834081391e-15,8.4020357208128282e-10,-1.4897776517930743e-14,-2.8605590118857549e-15,4.1963477815927118e-17,1.043109842981916e-19,-8.9917634511811182e-20,1.7103512713121798e-19,-3.6621202744205797e-14,-2.005929035751528e-10,nan,nan,nan,nan,nan,nan,nan,nan,nan,nan,nan,nan,nan,nan,-1.9415956645923993e-07,1.6582188583358359e-07,-5.1933924266521214e-22,2.7502842200342867e-08,6.0998802355050064e-07,-2.2101438468258294e-07,0,0.01668984880425281,0.036554485835722496,2.2883175985730611e-18,0.039996264827419123,0.014829020553799158,0.11946986212610795,5.186894241841152e-06,-0.00039025670525420655,0.00052703195564530667,-1.7547627118572227e-20,0.00026373609508878129,0.00017506478566005142,-0.00053559597299023735,-2.3649814037433955e-10
34,3,support,0.0085361842105263139,0.0035000000000000001,0.0085279605263157872,0.0085444078947368406,0.0030000000000000001,0.0040000000000000001,1001208.453090599,1.3038906961384069,12.701320529210079,3185.9557202450787,0.16861026661137915,1173,1173,4.0361894885477761e-05,0.23377459057173822,0.40000000000000002,2,300000,0.00033700000000000001,0.0001,0.083804525484666825,0.15479047768035825,1.0547570978857056e-17,0.17461705146684206,0.067015928813550257,0.55435022371240583,2.3639110374099239e-05,0.066348447296584678,0.070190770149509779,4.1867641667309698e-18,0.050395763151762911,0.42221765497203728,0.39083984883766754,7.5155924377173879e-06,nan,nan,nan,nan,nan,nan,nan,nan,nan,nan,nan,nan,nan,nan,0.27481883663842993,0.0016120716265447894,1.1644528962881128e-09,0.0020441546426558546,1.9516358965222362e-05,0.38294044717239939,7.5876784247373507e-05,7.685535411488281e-07,2.6405060173656862e-10,3.448896380556351e-12,3.2508448459713461e-10,7.8974124423942939e-11,6.0370430044924049e-08,0.33848826601677506,0,0,0,0,0,0,0,nan,nan,nan,nan,nan,nan,nan,nan,nan,nan,nan,nan,nan,nan,3.4915566643245352e-10,-4.7835038260612252e-15,9.3743991596677288e-12,4.6578880162420339e-10,6.9005131470012415e-15,3.1658106236336081e-10,-1.0534567625340085e-14,1.3331349912881763e-15,-5.6009632292066091e-18,-1.6163096890823943e-19,1.6464854316987848e-19,-1.6936356313431024e-19,1.7005958543007296e-14,-1.140909672481335e-09,-2.2427105015546817e-07,1.958760231790535e-07,2.1945471086432431e-21,2.8069046283788588e-08,7.0067949971275301e-07,-2.5279651805210079e-07,0,0.018463438271577728,0.033994603394830854,2.2529971746633514e-18,0.038386525525588189,0.014692628647288934,0.12195216318218181,5.1982442641652461e-06,-1.565553496708565e-05,-4.1773611469843932e-06,-1.7199240665652386e-20,-7.3518890727841728e-05,6.8813751519327339e-05,-0.00010378046608381419,-5.1746161600936202e-09
34,4,support,0.0085361842105263139,0.0045000000000000005,0.0085279605263157872,0.0085444078947368406,0.0040000000000000001,0.0050000000000000001,1000890.8275708201,1.5984311525997519,15.575407682806555,2730.5711770122844,0.13765017273190622,1173,1173,4.1327419613873026e-05,0.2049264221800805,0.40000000000000002,2,300000,0.00033700000000000001,0.0001,0.080216472387171681,0.12976951481754082,2.2170141184444276e-17,0.22114551260107607,0.040848732497890623,0.52753060182993683,2.3422984208639301e-05,0.077878467886729016,0.072160410499221866,1.0791580327929851e-17,0.078266525392192365,0.3155930862998787,0.45609237794380036,9.131978177659504e-06,nan,nan,nan,nan,nan,nan,nan,nan,nan,nan,nan,nan,nan,nan,0.24844138222338757,0.0026319826797873984,1.4289468102826337e-09,0.0024938971112164333,3.2740791652435542e-05,0.39230114635207608,0.00010708691080190002,5.2918210213148972e-07,2.4532720911314063e-10,4.2091652127853426e-12,3.9022777503012056e-10,1.0368813329454877e-10,8.7561555754120197e-08,0.35399114501499934,0,0,0,0,0,0,0,nan,nan,nan,nan,nan,nan,nan,nan,nan,nan,nan,nan,nan,nan,-1.4933629631835628e-10,3.0057415328250972e-14,1.2861656956664312e-10,1.8505248159637539e-09,-5.169410906280536e-14,-5.2622604267789017e-09,-2.8312855681178973e-15,4.7758021495813985e-15,4.1268431086122099e-17,1.7104128574937238e-19,-5.6391642393518979e-19,1.1359126188468268e-18,-1.9594411833764221e-14,3.4324943437810379e-09,-3.3161186851517199e-07,1.6542571806832385e-07,-8.5517852291955798e-21,1.7131986068502138e-07,1.1658442470446895e-06,-5.0465358858442499e-07,0,0.017746426049309885,0.028604154207400801,5.1659400735633364e-18,0.048770965588643765,0.0090199211815043378,0.11649012721543139,5.1689211762556442e-06,0,0,0,0,0,0,0
35,0,lumen,0.0085526315789473673,0.00050000000000000001,0.0085444078947368406,0.0085608552631578939,0,0.001,1000148.2514732676,1.3452442234973219,13.118040065668973,3041.910625319435,0.16921664511908904,1173,1173,4.0590307893247481e-05,0.23408261494349103,0.59999999999999998,2,500000,0.00035,0.0001,0.06751493753578755,0.16992642933942143,9.2696019929278675e-18,0.18142835163671689,0.066546728486558918,0.51925536026648755,2.2901057262370924e-05,0.055205613390612668,0.079582353027154523,3.8002065859126417e-18,0.054079492508776188,0.43301718776085052,0.37810783348815769,7.5198244484095414e-06,0.27100017079897609,0.0014815111366577784,9.4294030136339315e-10,0.0019245963866488666,2.0314388338813051e-05,0.39573062403739712,7.0580279508499237e-05,8.9895934553108903e-07,2.9490815492833361e-10,3.0546058996661891e-12,2.6765177953197099e-10,6.4951889028422356e-11,6.3602909201449427e-08,0.32977123883677117,nan,nan,nan,nan,nan,nan,nan,nan,nan,nan,nan,nan,nan,nan,0,0,0,0,0,0,0,1.8665150389978336e-11,-1.0973731966525653e-14,8.0237829371963714e-13,4.758287936474469e-11,9.3447385246525627e-16,3.4842742189719611e-11,-3.1097712753570067e-15,3.9666620682554665e-15,-7.8970867422976431e-18,-9.6896327926548064e-20,3.3462092415972482e-19,-4.8920252417846811e-19,1.7175949314652002e-14,-1.0190115434389901e-10,nan,nan,nan,nan,nan,nan,nan,nan,nan,nan,nan,nan,nan,nan,-1.7340750734212013e-07,1.5212950005283332e-07,3.4011780721899416e-22,2.1242340041195198e-08,5.4145311541298202e-07,-1.9469662798643483e-07,0,0.015447941082853746,0.038608721508195845,2.1981276134261792e-18,0.041305967178797191,0.015072849960920809,0.11837972658589953,5.2163905442241666e-06,-8.1938224275323194e-05,9.9987938279802016e-05,-1.7132532178837864e-20,4.2323041015415905e-05,4.2518209871201e-05,-0.00011533211933836814,4.1992039075917475e-10
35,1,lumen,0.0085526315789473673,0.0015,0.0085444078947368406,0.0085608552631578939,0.001,0.002,1000147.995805891,1.3969604944600011,13.622350574641969,2934.4019693106557,0.16905646919450126,1173,1173,4.0566129606638882e-05,0.23398550670410034,0.59999999999999998,2,500000,0.00035,0.0001,0.066589297758731694,0.16149335052828362,9.2694025338572696e-18,0.17356739921550854,0.06386946794945822,0.5020202373864705,2.204470246538754e-05,0.056541965878493042,0.078540486839336718,3.9462169802387116e-18,0.053725282565895496,0.43157355328540625,0.37961119451809516,7.5169127733963238e-06,0.27134183267851369,0.0014967540842751722,9.6859898176666273e-10,0.001937917281965527,2.025462867611639e-05,0.39439232045804462,7.1187501174916354e-05,8.8332166461105825e-07,2.9141418060060937e-10,3.0990837758748714e-12,2.7425008175041313e-10,6.6561867927816051e-11,6.3310201351344757e-08,0.33073878513160071,nan,nan,nan,nan,nan,nan,nan,nan,nan,nan,nan,nan,nan,nan,0,0,0,0,0,0,0,-6.0478232063830783e-11,-7.0463913136076366e-14,2.5749394069603928e-11,-2.9035781986500994e-10,5.8118657456085465e-15,3.0713809750712584e-11,3.7138048374526752e-14,-9.6331363025337069e-15,-2.2045720831320964e-17,-1.1917209179627369e-19,-1.7009775572131524e-18,1.7169737826938559e-18,2.0893610631690196e-14,2.9438906850822955e-10,nan,nan,nan,nan,nan,nan,nan,nan,nan,nan,nan,nan,nan,nan,-1.7916226641243732e-07,1.5625824778542352e-07,-1.5898048957532352e-21,2.2847538308153854e-08,5.6028730248403047e-07,-2.0169370051892344e-07,0,0.015800727890653881,0.038055593709819702,2.303982483292677e-18,0.040985577493666943,0.015002182250112239,0.1187098453810818,5.2079274268158629e-06,-0.00020367209506070056,0.00026469600726657192,-6.9181817038202264e-21,0.00013153706399618857,9.3118738069439006e-05,-0.00028233601198509488,5.7418307871649656e-10
35,2,lumen,0.0085526315789473673,0.0025000000000000001,0.0085444078947368406,0.0085608552631578939,0.002,0.0030000000000000001,1000147.2460334466,1.3329361225778265,12.99803168344725,3088.1659404468255,0.1684354269435937,1173,1173,4.0497762769912732e-05,0.23389990512667627,0.59999999999999998,2,500000,0.00035,0.0001,0.073891498705678557,0.16330055823534564,9.8599304639881414e-18,0.17817281279103681,0.066445100616078681,0.53127663878750497,2.3091299978758064e-05,0.059866860394802185,0.075779572647898807,4.0052405952717233e-18,0.052623233106564846,0.42840055705239638,0.3833222638709603,7.5129273776190771e-06,0.27241009910873715,0.0015342212146310255,1.0333987316634285e-09,0.0019718270156537645,2.0031576075944721e-05,0.39072190623006309,7.2700744127409897e-05,8.4423866884669697e-07,2.8227693261258147e-10,3.2123975543307951e-12,2.9098251761384374e-10,7.0637111216921492e-11,6.2382960940028599e-08,0.33326830580865541,nan,nan,nan,nan,nan,nan,nan,nan,nan,nan,nan,nan,nan,nan,0,0,0,0,0,0,0,-5.555159838590957e-11,4.5700735416237645e-14,-1.8343563883075203e-12,-1.4557348847757406e-10,-1.0794316829265682e-15,-9.5900663929157637e-11,-2.2891983923130125e-14,-6.794044493663165e-15,3.4243075715097459e-17,-1.4580024417353181e-20,-4.0919006730924972e-19,4.5300404074798778e-19,-2.9700109037197217e-14,2.9887484136731712e-10,nan,nan,nan,nan,nan,nan,nan,nan,nan,nan,nan,nan,nan,nan,-1.9377579237294523e-07,1.6646247430474048e-07,3.9668579725896837e-23,2.7411090616366965e-08,6.0877177167351082e-07,-2.2104314267856751e-07,0,0.016669298987347186,0.036585893948819774,2.2093438409124172e-18,0.04000272001217621,0.014836885045565209,0.11944393594887014,5.1869066552216901e-06,-0.00038975263951718285,0.00052658980881540663,-3.1075038966800789e-20,0.00026313183382350492,0.00017489809390119749,-0.0005359801913233952,-2.4651366916068638e-10
35,3,support,0.0085526315789473673,0.0035000000000000001,0.0085444078947368406,0.0085608552631578939,0.0030000000000000001,0.0040000000000000001,1001206.85634541,1.3070475356145124,12.732091901492318,3177.8022626153238,0.16862938933393312,1173,1173,4.0362600908808306e-05,0.23380260674885711,0.40000000000000002,2,300000,0.00033700000000000001,0.0001,0.083486262955683802,0.15455049739345139,1.0733756935946835e-17,0.17422028337803303,0.066880811046522687,0.55280387647547136,2.3578997063274839e-05,0.066256608643266213,0.070251736388246055,4.2709913043551371e-18,0.050403068896660928,0.42238721859656225,0.39069385283302294,7.5146422416679035e-06,nan,nan,nan,nan,nan,nan,nan,nan,nan,nan,nan,nan,nan,nan,0.27481306426996727,0.001610466769721058,1.1625823310547456e-09,0.0020429363489193361,1.9513839072189738e-05,0.38302388811064442,7.5816405265667508e-05,7.6964574069339739e-07,2.6427397794685097e-10,3.44533307682501e-12,3.2460294451746159e-10,7.8850381429971414e-11,6.0374692479736278e-08,0.33841348240222185,0,0,0,0,0,0,0,nan,nan,nan,nan,nan,nan,nan,nan,nan,nan,nan,nan,nan,nan,3.2403257169840667e-10,-2.120147034934179e-14,1.2194466068208711e-11,5.9378892916508387e-10,5.6167093545611557e-15,2.205135921952428e-11,3.7986045884116954e-15,7.3487223251067491e-15,-5.6972978207178769e-18,-1.8776708129917347e-19,5.6774285805128352e-19,-6.2201817177228265e-19,2.227719237641891e-14,-9.5208521641400162e-10,-2.2380905920996869e-07,1.9582798793660317e-07,1.4579742494461177e-22,2.7946790286836999e-08,6.9917535833186051e-07,-2.5233744710417838e-07,0,0.018440518761677273,0.034029179050329796,2.2306580176854939e-18,0.038397691378956947,0.014700756753352057,0.12192416227525189,5.1983382640731004e-06,-1.565328095182742e-05,-4.2079329289374368e-06,-1.6009424987933981e-20,-7.3709458768449806e-05,6.8942609244244076e-05,-0.00010387840304450657,-5.1860870932384145e-09
35,4,support,0.0085526315789473673,0.0045000000000000005,0.0085444078947368406,0.0085608552631578939,0.0040000000000000001,0.0050000000000000001,1000889.4883580157,1.614106501678968,15.728172217245298,2703.8683455473788,0.13858203551461251,1173,1173,4.1330355254854084e-05,0.20490203591734735,0.40000000000000002,2,300000,0.00033700000000000001,0.0001,0.079341346728390175,0.12864342452058455,2.1194993026825373e-17,0.21922071763334916,0.040450897305051935,0.52234650658792781,2.3201636528311458e-05,0.077784352383736988,0.072235842037699061,1.0418104271180156e-17,0.078346274637583646,0.3155846622797423,0.45603973425986033,9.1344013777024245e-06,nan,nan,nan,nan,nan,nan,nan,nan,nan,nan,nan,nan,nan,nan,0.2483934759652483,0.0026312787528064235,1.4269628805929787e-09,0.0024931600669575852,3.2766216819689154e-05,0.39241379261297105,0.00010705676857771974,5.2968638661332326e-07,2.4553596788427419e-10,4.2043736961677751e-12,3.8969054103140303e-10,1.035480856245511e-10,8.7628301313824359e-08,0.35392785013193717,0,0,0,0,0,0,0,nan,nan,nan,nan,nan,nan,nan,nan,nan,nan,nan,nan,nan,nan,1.3769765599026459e-10,3.9430180927969326e-14,-1.4668817328577641e-11,4.1422277551615977e-11,1.5337449192631691e-14,1.3357347683441365e-09,3.3867729091146084e-15,5.9132386487359412e-15,5.1294390022844711e-17,2.0488651142297323e-19,-8.9212359642033157e-20,7.9153771015084742e-19,-3.0211857207059874e-14,-1.5002198100050584e-09,-3.3094259351430094e-07,1.5840064315764124e-07,6.1022688341385349e-22,1.7122089323225054e-07,1.1640238668092495e-06,-5.0221959985163878e-07,0,0.017720000559777394,0.028626165174770533,4.8221574177247192e-18,0.04880705715764512,0.0090172306816681449,0.11644399135449665,5.1688454042795746e-06,0,0,0,0,0,0,0
36,0,lumen,0.0085690789473684206,0.00050000000000000001,0.0085608552631578939,0.0085773026315789473,0,0.001,1000148.054698998,1.3466364108858451,13.131618451787082,3038.3729705459959,0.16927993080146292,1173,1173,4.0590799346329805e-05,0.23410901485699653,0.59999999999999998,2,500000,0.00035,0.0001,0.067348530430869288,0.16986660036811269,9.1433457714590983e-18,0.18124396722834243,0.066501500404725508,0.51854032756084767,2.2874294036597247e-05,0.055126547709701865,0.079636679176588746,3.7523260217376609e-18,0.054080452278642881,0.43317079850506923,0.37797800351894223,7.518811054883194e-06,0.27099825774991843,0.0014802045161104408,9.4141613454463282e-10,0.0019235806282985274,2.0310327065267312e-05,0.39579568161010059,7.0530530479843609e-05,9.0003474401414502e-07,2.95107329667071e-10,3.052037174775626e-12,2.6726609073517833e-10,6.4854781924589972e-11,6.3601455599502985e-08,0.3297104694301311,nan,nan,nan,nan,nan,nan,nan,nan,nan,nan,nan,nan,nan,nan,0,0,0,0,0,0,0,3.6881267833809813e-11,2.0516025232983947e-14,2.421558152374641e-12,-1.6958571075051849e-11,1.8056302980573591e-15,-3.547925603482327e-11,-3.1714475498202473e-14,3.8385093714676799e-15,-7.5290872192650253e-18,-8.352779998915829e-20,1.7081321008250649e-19,-2.7342660004388907e-19,1.6028023321864556e-14,1.3124584591945835e-11,nan,nan,nan,nan,nan,nan,nan,nan,nan,nan,nan,nan,nan,nan,-1.7305468222577475e-07,1.5192943603192788e-07,1.2495167682187994e-21,2.1158282176453878e-08,5.402966342105131e-07,-1.941935870442002e-07,0,0.015427805908320009,0.038640414933436271,2.0250872686804467e-18,0.041312228746571367,0.015080411129218397,0.11835475706809914,5.2163766404968082e-06,-8.1959863834567319e-05,0.00010015914191231556,-1.5368341500874722e-20,4.243949274782852e-05,4.2462040780537958e-05,-0.00011564271964228901,4.2285424902052769e-10
36,1,lumen,0.0085690789473684206,0.0015,0.0085608552631578939,0.0085773026315789473,0.001,0.002,1000147.7993936859,1.4032657235131711,13.683838207952672,2920.8376372412122,0.16901882901690288,1173,1173,4.0566579343825196e-05,0.23401278243910584,0.59999999999999998,2,500000,0.00035,0.0001,0.066197328900574906,0.16087662881093454,9.0805923290693377e-18,0.17278827291990939,0.063605477072005992,0.49959264268112197,2.194262878161853e-05,0.056462852239238082,0.078593707964644252,3.8832850885480631e-18,0.053725528207130592,0.43172969116714938,0.37948070454243593,7.5158794018731813e-06,0.27134086700179821,0.0014954228952309323,9.6706528593835807e-10,0.001936893720411285,2.025032714609061e-05,0.39445664874806491,7.1137045323025017e-05,8.8438045982003897e-07,2.9161055524835646e-10,3.0964521733981303e-12,2.7386143594457755e-10,6.6463563562163542e-11,6.3308189044967653e-08,0.33067783097127229,nan,nan,nan,nan,nan,nan,nan,nan,nan,nan,nan,nan,nan,nan,0,0,0,0,0,0,0,-1.6522296835988889e-11,-2.9286258472179749e-14,3.8329566602102267e-12,-3.5614037054062267e-11,7.0852611971927715e-16,-2.1820970811520235e-11,5.0162684003085677e-15,-8.3143127799223393e-15,-1.0682011958861575e-17,1.7706613328908479e-19,-1.9460216452734378e-18,2.2571022111967311e-18,1.1798871160254018e-14,7.0144528907096244e-11,nan,nan,nan,nan,nan,nan,nan,nan,nan,nan,nan,nan,nan,nan,-1.7878030177716914e-07,1.5603334679870073e-07,-3.5370482075179847e-22,2.2764938809736914e-08,5.5910259458280542e-07,-2.0150579016497971e-07,0,0.015780706141758496,0.038086823867419538,2.2028697417410521e-18,0.040991399145442024,0.015009877484488213,0.11868491835211495,5.207919502625851e-06,-0.00020351880100196528,0.00026461895265773633,-1.4584007179334056e-20,0.00013143597894680432,9.2984482538666105e-05,-0.00028194917866963939,5.7165989884420259e-10
36,2,lumen,0.0085690789473684206,0.0025000000000000001,0.0085608552631578939,0.0085773026315789473,0.002,0.0030000000000000001,1000147.050638601,1.3259901638281073,12.930301187450242,3103.9292331553834,0.16845642230482721,1173,1173,4.0498229992910673e-05,0.23392812204149538,0.59999999999999998,2,500000,0.00035,0.0001,0.074177002750078741,0.16427307459635995,9.9176534192622245e-18,0.17910998850863191,0.066818303475628449,0.53387185218748023,2.3209117911458383e-05,0.059785014444981806,0.075833642681878449,4.0076956617228039e-18,0.052624374493793598,0.42856189919361565,0.38318755727371834,7.5119120122704127e-06,0.27240896955438543,0.0015328099610518891,1.0317873097585261e-09,0.0019707546567189686,2.0027429943885781e-05,0.39078966130581538,7.2647538816594231e-05,8.4529314838777635e-07,2.8247711564069886e-10,3.2095226658739903e-12,2.9057226460430845e-10,7.0532544606836702e-11,6.2381775938062493e-08,0.33320422019979462,nan,nan,nan,nan,nan,nan,nan,nan,nan,nan,nan,nan,nan,nan,0,0,0,0,0,0,0,-4.0538578001480798e-11,3.1893151626047636e-14,-6.6159531263329253e-12,5.1319787378313376e-11,-4.612412882187833e-15,-5.2848085738306516e-10,-5.1281968509045968e-15,-7.4521552123618662e-15,3.3431686962715046e-17,6.8222225083496732e-20,-8.039663056496098e-20,1.6162680069343399e-19,-3.1407250141992532e-14,5.243320220698256e-10,nan,nan,nan,nan,nan,nan,nan,nan,nan,nan,nan,nan,nan,nan,-1.9338469630855726e-07,1.6659996288082013e-07,-1.4116172905603596e-22,2.7319873649354223e-08,6.0751409615422691e-07,-2.2076250388858298e-07,0,0.016648788992687163,0.03661725109037374,2.2330897964818555e-18,0.040009159052768917,0.014844731234085161,0.1194180445649297,5.1869192018003698e-06,-0.00038904610657097333,0.00052554085734795545,-5.1008505620264236e-20,0.0002621865543293947,0.00017465452506118284,-0.00053250086389835161,-2.5652734589928285e-10
36,3,support,0.0085690789473684206,0.0035000000000000001,0.0085608552631578939,0.0085773026315789473,0.0030000000000000001,0.0040000000000000001,1001205.259337385,1.3021054264986285,12.683970512200881,3189.4038201002527,0.16865987064779603,1173,1173,4.0363306696367223e-05,0.23383056687713152,0.40000000000000002,2,300000,0.00033700000000000001,0.0001,0.083687003561162723,0.15527143656953532,1.1210574209783523e-17,0.17490657809034046,0.067161456484395185,0.55469401690305675,2.3665473443324653e-05,0.066164899671148664,0.070312685570691022,4.4438587631018776e-18,0.050410367854026208,0.42255651468478733,0.39054801852304349,7.5136963031890599e-06,nan,nan,nan,nan,nan,nan,nan,nan,nan,nan,nan,nan,nan,nan,0.27480726062300204,0.0016088656836970869,1.1607151452658561e-09,0.002041719918153728,1.9511326309496991e-05,0.38310724238304628,7.575614658104839e-05,7.707381174118148e-07,2.6449724821435225e-10,3.4417805713777105e-12,3.2412233664826539e-10,7.8726915870386148e-11,6.0378952361881763e-08,0.33833881097055685,0,0,0,0,0,0,0,nan,nan,nan,nan,nan,nan,nan,nan,nan,nan,nan,nan,nan,nan,2.1886925652246152e-10,-8.2055809760219647e-15,5.8737896043940787e-12,7.310946743458772e-10,4.0257510866559265e-15,1.0958200484176284e-09,-8.1744219758249383e-15,7.8244702383933884e-15,-5.4205716812210448e-18,-8.3802727682907067e-20,1.4004948422225855e-19,-1.911310277487963e-19,2.4060000570245511e-14,-2.0516772449634127e-09,-2.2333907304626643e-07,1.9441226339900197e-07,-3.8976527176385617e-21,2.7825079951000731e-08,6.9771523905637345e-07,-2.5188937774478504e-07,0,0.018417645990385662,0.03406369339731212,2.5696912810957208e-18,0.038408820799101406,0.014708863668250404,0.12189626939979531,5.1984323515915333e-06,-1.5649934290085519e-05,-4.2374473698715821e-06,-1.5208356704153706e-20,-7.3886776839960256e-05,6.90674804131827e-05,-0.00010387227346685304,-5.1975441770216314e-09
36,4,support,0.0085690789473684206,0.0045000000000000005,0.0085608552631578939,0.0085773026315789473,0.0040000000000000001,0.0050000000000000001,1000888.1494236016,1.6223267407976627,15.808292996536661,2689.9846129014404,0.1375731297242829,1173,1173,4.13332855888126e-05,0.20487762581119245,0.40000000000000002,2,300000,0.00033700000000000001,0.0001,0.078843892803264107,0.12812469486553102,2.081336862723028e-17,0.21833108589552466,0.040244760426150807,0.5196398093044392,2.3090168108902555e-05,0.077690416905910817,0.072311057355450584,1.0282637336839186e-17,0.078425816903098619,0.31557587519445218,0.45598769681648693,9.1368246008715501e-06,nan,nan,nan,nan,nan,nan,nan,nan,nan,nan,nan,nan,nan,nan,0.24834564876702697,0.0026305837471654711,1.4249841280535079e-09,0.0024924286531198422,3.2791636758654483e-05,0.39252603086479859,0.00010702692866167989,5.3018814341063861e-07,2.4574397339561749e-10,4.1995958691411961e-12,3.8915475698877952e-10,1.0340845262599197e-10,8.7694981420258761e-08,0.35386486935188255,0,0,0,0,0,0,0,nan,nan,nan,nan,nan,nan,nan,nan,nan,nan,nan,nan,nan,nan,2.024796636911954e-10,5.138608644347711e-14,-9.4891208063085544e-11,-1.532002219150926e-09,4.9310599006813227e-14,4.5222896259992582e-09,-1.7659331591313346e-14,5.7895311808553451e-15,4.36903606019739e-17,2.0994344132372496e-19,-4.2419155640457001e-19,1.0327311949115161e-18,-2.4573320686123522e-14,-3.0979402381796038e-09,-3.3033829110844237e-07,1.5478163212234719e-07,3.9033643471229805e-21,1.7112922999054911e-07,1.1623276108818636e-06,-5.0003046275781671e-07,0,0.017693613177645288,0.028648122879623348,4.5846278833883165e-18,0.048843141965838874,0.009014526206655691,0.11639788286166368,5.1687694993688794e-06,0,0,0,0,0,0,0
37,0,lumen,0.0085855263157894723,0.00050000000000000001,0.0085773026315789473,0.0085937499999999972,0,0.001,1000147.8578960227,1.3468746832213336,13.133944530037748,3037.4435565749445,0.16926192969355502,1173,1173,4.0591289828722157e-05,0.23413534876130151,0.59999999999999998,2,500000,0.00035,0.0001,0.067240248831396496,0.16995219437232151,9.2204084882290308e-18,0.18121506381638608,0.066513246458954692,0.51827077427103674,2.2867170988463219e-05,0.055047665544941539,0.07969092087269776,3.7846219647693386e-18,0.054081405989040099,0.43332405233365112,0.37784843745853519,7.5178011344521745e-06,0.27099632971530524,0.0014789019293261318,9.3989602603883153e-10,0.0019225673272404177,2.0306275173323738e-05,0.39586059813452723,7.0480920389042205e-05,9.0110905549125684e-07,2.9530617204185955e-10,3.0494786803542433e-12,2.668814816544308e-10,6.4757972785486196e-11,6.3599998720779305e-08,0.32964984941906272,nan,nan,nan,nan,nan,nan,nan,nan,nan,nan,nan,nan,nan,nan,0,0,0,0,0,0,0,1.560605208885443e-11,-5.1969135012724985e-15,3.7407426327626728e-13,5.8890926132694266e-11,8.6096494517073907e-16,5.7159638784318179e-11,-8.4150266148508647e-15,4.909050596579867e-15,-7.1527209194327986e-18,-1.1556854408117178e-19,3.8889058978810386e-19,-5.064855324995745e-19,1.7981324116203406e-14,-1.3204076737067119e-10,nan,nan,nan,nan,nan,nan,nan,nan,nan,nan,nan,nan,nan,nan,-1.7269933345713528e-07,1.5156723576215114e-07,4.4577487909912417e-22,2.1074540196263537e-08,5.3916361085482034e-07,-1.9383239080461578e-07,0,0.015407717565497366,0.038672041506517631,2.0895610452000603e-18,0.041318456156585727,0.015087955163313528,0.11832985511578449,5.2163625954944365e-06,-8.1972385656458124e-05,0.00010031887520388928,-8.4601360233677616e-21,4.2552831045387585e-05,4.2406027870616094e-05,-0.00011583172196257312,4.2686292143975836e-10
37,1,lumen,0.0085855263157894723,0.0015,0.0085773026315789473,0.0085937499999999972,0.001,0.002,1000147.602952897,1.4073007349287165,13.723188008071384,2912.0857039475673,0.16910192551721706,1173,1173,4.0567027562694938e-05,0.23403998311465585,0.59999999999999998,2,500000,0.00035,0.0001,0.065915208824954691,0.16052351037530785,8.9925783476939224e-18,0.17229337060516919,0.063445960463074727,0.49798963996221424,2.1876690749605865e-05,0.056383893492248281,0.078646708768152357,3.85670489851602e-18,0.05372569968322518,0.43188533918027688,0.37935084403404079,7.5148420563523756e-06,0.27133994110551746,0.0014940982465536292,9.6553552374387617e-10,0.0019358751919400928,2.0246032999835072e-05,0.39452065665460878,7.1086835128909701e-05,8.8543584431139719e-07,2.9180615366447227e-10,3.0938286054601461e-12,2.7347381454301226e-10,6.6365548508801058e-11,6.3306157262842607e-08,0.3306171455909433,nan,nan,nan,nan,nan,nan,nan,nan,nan,nan,nan,nan,nan,nan,0,0,0,0,0,0,0,-6.0449622842318415e-12,-3.7232273069874141e-14,3.684110639625307e-13,-8.2872591348323323e-12,-2.0166160408230382e-17,-1.764596585171474e-11,1.4148203135937493e-14,-7.0319184503064847e-15,-1.0630975949042819e-17,1.4351963290771495e-19,-1.6088963801104204e-18,1.8202124888865859e-18,1.1139082687300597e-14,3.1629032560486993e-11,nan,nan,nan,nan,nan,nan,nan,nan,nan,nan,nan,nan,nan,nan,-1.7841803873382134e-07,1.557507281479964e-07,1.0093965881567132e-22,2.2684584082199248e-08,5.5794059994340728e-07,-2.0109396220435727e-07,0,0.01576072816252308,0.038117994873725511,2.1593453888808074e-18,0.040997195644153071,0.015017556340283542,0.11866003301318695,5.2079117388943327e-06,-0.00020336961840875141,0.00026453065550436901,-1.6572794718978023e-20,0.00013132769972221787,9.2844617035451658e-05,-0.00028158810937926318,5.6737151371642973e-10
37,2,lumen,0.0085855263157894723,0.0025000000000000001,0.0085773026315789473,0.0085937499999999972,0.002,0.0030000000000000001,1000146.855213906,1.321769384275411,12.889145066641781,3113.4268080115794,0.16848300660075755,1173,1173,4.049869720344504e-05,0.23395628167147034,0.59999999999999998,2,500000,0.00035,0.0001,0.074312183984146338,0.16491516439194373,9.9254090260958991e-18,0.17968593996090884,0.067056858426038923,0.53538828847038678,2.3280105084813756e-05,0.059703329775642716,0.075887735720701177,3.9980635284425822e-18,0.052625557194938298,0.42872300395162494,0.38305286245217163,7.5109049212723261e-06,0.27240778320252557,0.0015314011426956107,1.0301793940810788e-09,0.0019696829739691739,2.0023295416787886e-05,0.39085741132642893,7.2594401110919019e-05,8.4634837720322967e-07,2.8267732289124507e-10,3.2066586804749966e-12,2.9016296817525079e-10,7.0428249877809559e-11,6.238060264687208e-08,0.33314019325226635,nan,nan,nan,nan,nan,nan,nan,nan,nan,nan,nan,nan,nan,nan,0,0,0,0,0,0,0,-5.6614070786979178e-11,1.1819414398146769e-14,-1.8616533794252379e-12,-1.3099902694160937e-10,-1.3525422101756668e-15,-1.2427691471403324e-10,1.0491342168831796e-14,-9.4102243358706872e-15,3.25844887344346e-17,5.35993973006182e-20,6.6630328919335501e-20,-7.9690101999567054e-20,-3.0667025900113273e-14,3.1377095348934099e-10,nan,nan,nan,nan,nan,nan,nan,nan,nan,nan,nan,nan,nan,nan,-1.9300413878122619e-07,1.6590252865933408e-07,-5.7836630630707647e-23,2.7227790131598576e-08,6.0627410826408212e-07,-2.2010279121520426e-07,0,0.016628320720809595,0.036648553152254314,2.2167017520967536e-18,0.040015578806572631,0.014852558400973454,0.11939221292736975,5.1869319513774894e-06,-0.00038845532814084946,0.00052482776610000327,-3.6087384972459499e-20,0.00026143110567309263,0.00017445417435789221,-0.00053113846654959432,-2.6656702056148984e-10
37,3,support,0.0085855263157894723,0.0035000000000000001,0.0085773026315789473,0.0085937499999999972,0.0030000000000000001,0.0040000000000000001,1001203.662066762,1.303139581334896,12.694064594217132,3186.4143632625387,0.16867896583877831,1173,1173,4.0364010669521387e-05,0.23385847707129415,0.40000000000000002,2,300000,0.00033700000000000001,0.0001,0.083504855878870743,0.15528237070409004,1.0855667727223442e-17,0.17479285721336993,0.067134894523873626,0.55404604771969324,2.3643704647435013e-05,0.066073429810956638,0.070373596717632603,4.306598766883326e-18,0.050417683202851456,0.42272553949008229,0.39040223801967766,7.5127587995277062e-06,nan,nan,nan,nan,nan,nan,nan,nan,nan,nan,nan,nan,nan,nan,0.27480143890630326,0.0016072680178794408,1.1588533122756577e-09,0.0020405048932999204,1.9508811051122147e-05,0.38319047983399884,7.5695991495399427e-05,7.7183069325700464e-07,2.6472034899279444e-10,3.4382433168039528e-12,3.2364318058592287e-10,7.8603851938586136e-11,6.0383179350243776e-08,0.33826426950287497,0,0,0,0,0,0,0,nan,nan,nan,nan,nan,nan,nan,nan,nan,nan,nan,nan,nan,nan,2.5595728906712415e-10,-1.0944915634739024e-14,8.7907593413694334e-12,7.0382601306800612e-10,4.6535041445250336e-15,5.8530825867465774e-10,-1.0963493367535578e-14,6.0969024967549856e-15,-4.1812573757514209e-18,-1.5250441379130338e-19,5.4571932933842401e-19,-6.5892810807774101e-19,2.5315319596185633e-14,-1.5538965116576068e-09,-2.2287985781271891e-07,1.9458413674788844e-07,-9.5345948694066627e-22,2.7701585951049753e-08,6.9618680326177795e-07,-2.5127648095590871e-07,0,0.018394819708174404,0.034098148295412301,2.4186481523737201e-18,0.038419917270346299,0.014716948894042242,0.12186849479302193,5.1985265125159217e-06,-1.5654568435485713e-05,-4.2715964226901233e-06,-1.5842567157975238e-20,-7.4155719067312771e-05,6.9221397027675893e-05,-0.00010461944350518169,-5.2089959629441044e-09
37,4,support,0.0085855263157894723,0.0045000000000000005,0.0085773026315789473,0.0085937499999999972,0.0040000000000000001,0.0050000000000000001,1000886.8107667598,1.606597888977642,15.655048694195726,2716.1351821233197,0.13850513150948873,1173,1173,4.1336218573258023e-05,0.20485313077017089,0.40000000000000002,2,300000,0.00033700000000000001,0.0001,0.079519418470597125,0.1295134528829513,2.1232634039869786e-17,0.22069222628769139,0.040637534548970351,0.52466683032368511,2.3322393043966011e-05,0.077596482471565476,0.072386269597858863,1.0388084249021788e-17,0.078505477265201906,0.31556675703184128,0.45593587437949579,9.1392540367574351e-06,nan,nan,nan,nan,nan,nan,nan,nan,nan,nan,nan,nan,nan,nan,0.24829778024804774,0.0026298937113132153,1.423006474394714e-09,0.0024916993772977586,3.2817100161729159e-05,0.39263817855796934,0.00010699723572894432,5.3068916861371957e-07,2.4595183522906996e-10,4.1948219315531247e-12,3.8861928762175093e-10,1.0326893386124843e-10,8.7761729732113669e-08,0.35380201315342158,0,0,0,0,0,0,0,nan,nan,nan,nan,nan,nan,nan,nan,nan,nan,nan,nan,nan,nan,4.540377233396135e-11,1.7197432203454397e-14,2.3034000485988985e-11,4.571173212419201e-10,-7.4985590653442458e-15,-6.4536873783417603e-10,1.7375047726622165e-15,1.3534095719136552e-15,3.1504673100737464e-17,6.0147242707314327e-20,-1.9386487259798113e-19,5.8497512401168861e-19,-1.4474628876177117e-14,1.1981535157261466e-10,-3.299328473387389e-07,1.5951804394065405e-07,1.2618963184959624e-21,1.7103715871855546e-07,1.1607438988037178e-06,-5.0140408497378885e-07,0,0.017667268850944311,0.028670018347864503,4.6523354453165733e-18,0.048879201565266962,0.0090118077370479888,0.11635181754149596,5.1686932746759468e-06,0,0,0,0,0,0,0
38,0,lumen,0.0086019736842105239,0.00050000000000000001,0.0085937499999999972,0.0086101973684210506,0,0.001,1000147.6610646684,1.3527131113472217,13.190880107328802,3023.9444654737845,0.16932466746680574,1173,1173,4.0591778870609709e-05,0.23416161152083625,0.59999999999999998,2,500000,0.00035,0.0001,0.06685432014086215,0.16933349708948942,9.19763199973201e-18,0.18043597640380882,0.066249513833039397,0.5158573735362777,2.276541463713538e-05,0.054968978472548141,0.079745014575586054,3.7916388830488087e-18,0.054082331609249273,0.433476882014109,0.37771927653614035,7.5167923672611018e-06,0.27099441116836304,0.001477604398524443,9.383803259451886e-10,0.001921557523528034,2.0302230702342063e-05,0.39592529185224395,7.0431492680080873e-05,9.0218123075132766e-07,2.9550447351204099e-10,3.046930271719474e-12,2.664980328277552e-10,6.4661481989854218e-11,6.3598527561858213e-08,0.32958943398610213,nan,nan,nan,nan,nan,nan,nan,nan,nan,nan,nan,nan,nan,nan,0,0,0,0,0,0,0,4.422308564604731e-11,4.1387887369437215e-14,-1.2492561602509465e-13,-1.7448910696158596e-11,1.326196097384269e-15,4.0454354493027478e-11,-4.754827351623503e-14,3.8916352779194696e-15,-7.0122438862314267e-18,-3.5310892783816784e-20,1.1106476536567076e-19,-1.859650586412039e-19,1.2341422500549723e-14,-6.7115063668710511e-11,nan,nan,nan,nan,nan,nan,nan,nan,nan,nan,nan,nan,nan,nan,-1.7234679161939881e-07,1.51314988205975e-07,1.8297501915613506e-22,2.0991456404771442e-08,5.3801011573595403e-07,-1.9332092765500519e-07,0,0.015387675817701649,0.038703601477094278,2.1394741928242378e-18,0.041324650226920515,0.015095482465961933,0.11830502088112897,5.2163484203984386e-06,-8.1973943673011799e-05,0.00010045008959455056,-6.3825625172169372e-21,4.2654980567924942e-05,4.234384096577904e-05,-0.00011586801541688009,4.3095440465624129e-10
38,1,lumen,0.0086019736842105239,0.0015,0.0085937499999999972,0.0086101973684210506,0.001,0.002,1000147.4064829887,1.4017425919862039,13.668990877443528,2923.2545115388657,0.16906521064757457,1173,1173,4.0567475008665444e-05,0.23406712260013146,0.59999999999999998,2,500000,0.00035,0.0001,0.066084048022087227,0.1612683724712739,9.0032064022144021e-18,0.17297696920001754,0.063720426544427652,0.49979345990030588,2.1960401029240909e-05,0.056305070719843572,0.078699604146019564,3.8460136939686798e-18,0.053725842759500785,0.43204063945565085,0.37922132911369522,7.5138052899548306e-06,0.27133901391576487,0.0014927780421225146,9.6400906484458593e-10,0.0019348596304741554,2.024174775404702e-05,0.39458449423515851,7.1036782826297453e-05,8.8648977718028956e-07,2.9200135810147769e-10,3.091213305891379e-12,2.7308707215880679e-10,6.6267784195490704e-11,6.330412107963343e-08,0.33055662425354482,nan,nan,nan,nan,nan,nan,nan,nan,nan,nan,nan,nan,nan,nan,0,0,0,0,0,0,0,1.213791694140824e-13,-1.4760136092232613e-14,-3.0713657737375605e-12,3.0817928027686869e-11,-5.5489467187808117e-16,-1.7903083312717505e-11,-5.2919883915328882e-15,-6.3280543999288952e-15,-1.0406802093126341e-17,2.1057002417538534e-19,-2.0189876606970467e-18,2.3191263848750651e-18,1.0824591768776997e-14,-9.9488474667806905e-12,nan,nan,nan,nan,nan,nan,nan,nan,nan,nan,nan,nan,nan,nan,-1.7805682506373544e-07,1.5547242326885424e-07,2.1438108788168946e-22,2.260537235869771e-08,5.5678499474853815e-07,-2.0069608330786082e-07,0,0.015740793664885629,0.038149106636347879,2.1319286861425294e-18,0.041002967786756397,0.015025218635072937,0.11863519549169838,5.2079041250826384e-06,-0.00020320292127323748,0.00026437418500045631,-1.7429084121129576e-20,0.00013118135581980612,9.2697567068002998e-05,-0.00028085944913934621,5.6252373968879123e-10
38,2,lumen,0.0086019736842105239,0.0025000000000000001,0.0085937499999999972,0.0086101973684210506,0.002,0.0030000000000000001,1000146.659759897,1.3229699244406721,12.900854574303267,3110.1884904599688,0.16850308003408718,1173,1173,4.0499164428148472e-05,0.23398437109369469,0.59999999999999998,2,500000,0.00035,0.0001,0.074143335378728081,0.16488283266648684,9.9079513730578665e-18,0.179526904789859,0.067021117251917922,0.53471456532433614,2.3255869986692601e-05,0.05962179064855485,0.075941786720083088,3.9946571596064724e-18,0.052626746594304795,0.42888377335035766,0.38291839278440437,7.5099022952997576e-06,0.2724065604768201,0.0015299962433770894,1.0285749079571638e-09,0.0019686134331655392,2.0019174824853964e-05,0.39092506993754395,7.2541393205464359e-05,8.4740312853165192e-07,2.8287733424660026e-10,3.2038044273439563e-12,2.8975459576349991e-10,7.0324222346513445e-11,6.2379441398714784e-08,0.33307628788375815,nan,nan,nan,nan,nan,nan,nan,nan,nan,nan,nan,nan,nan,nan,0,0,0,0,0,0,0,-5.2415311316167558e-11,4.5178800090968591e-14,-1.8832258585441912e-12,-1.6718801896386776e-10,-1.1193303228740348e-15,-5.7022163683570493e-11,-1.1397055511244762e-14,-5.2729088456660023e-15,3.7029658394813794e-17,8.8163342760125332e-20,-4.9482668025958099e-20,1.1094342830956689e-19,-3.4887316188893256e-14,2.7851618216506773e-10,nan,nan,nan,nan,nan,nan,nan,nan,nan,nan,nan,nan,nan,nan,-1.92619863870723e-07,1.655425829749646e-07,-1.0993533218962787e-22,2.7136227494888252e-08,6.0502770263259897e-07,-2.1959078960742673e-07,0,0.016607896855939414,0.036679789742959407,2.2194437826396798e-18,0.04002197204548022,0.01486036594482187,0.11936649045113859,5.1869448059123799e-06,-0.00038805684657966278,0.00052469239522863324,-3.1685895729487934e-20,0.00026100174822621592,0.00017432897911329363,-0.00053335660769054027,-2.758542937873347e-10
38,3,support,0.0086019736842105239,0.0035000000000000001,0.0085937499999999972,0.0086101973684210506,0.0030000000000000001,0.0040000000000000001,1001202.064538207,1.3134859998073285,12.794870916627614,3160.861198789019,0.16870848581326869,1173,1173,4.0364711152332479e-05,0.23388632559276307,0.40000000000000002,2,300000,0.00033700000000000001,0.0001,0.082732568400707612,0.15419178451595011,1.0667421008378528e-17,0.17344056880307968,0.066632519122457406,0.54947644092805936,2.3454494479688738e-05,0.06598220615147532,0.070434272734239287,4.265525183309108e-18,0.050424906031536168,0.42289408780831533,0.39025701545392605,7.5118205076939256e-06,nan,nan,nan,nan,nan,nan,nan,nan,nan,nan,nan,nan,nan,nan,0.27479568831887274,0.0016056775293505233,1.1569976122404854e-09,0.0020392950649243901,1.950628429363854e-05,0.38327331185931152,7.563609880584757e-05,7.7292036624219056e-07,2.6494262383520575e-10,3.4347206692146912e-12,3.2316566329366656e-10,7.8481241509155008e-11,6.0387331220431609e-08,0.33819004970972233,0,0,0,0,0,0,0,nan,nan,nan,nan,nan,nan,nan,nan,nan,nan,nan,nan,nan,nan,5.4839742739787117e-10,1.5360067464864136e-15,-2.058109604310656e-12,2.6319255480195032e-10,4.9781142749671936e-15,-3.9145115751301751e-10,-1.9244103725469786e-14,1.1062765287173093e-14,-4.8191926092348464e-18,-1.0923699024878693e-19,1.1022197171905579e-19,-2.3649531860121773e-19,2.8558204479881155e-14,-4.1810790959768676e-10,-2.2240877626828609e-07,1.9522334093746707e-07,-1.7618634393294172e-22,2.7578899968285465e-08,6.9453720454026868e-07,-2.5025293171054841e-07,0,0.018372033506375392,0.034132558156712234,2.4345332150959837e-18,0.038430985589036272,0.014725016817269551,0.12184070100213229,5.1986207154699741e-06,-1.5654081497509048e-05,-4.3031526522570045e-06,-1.6149764902493927e-20,-7.4368896660022914e-05,6.9357570474968988e-05,-0.00010490484072130797,-5.2204661314417301e-09
38,4,support,0.0086019736842105239,0.0045000000000000005,0.0085937499999999972,0.0086101973684210506,0.0040000000000000001,0.0050000000000000001,1000885.4723874788,1.6048324889086507,15.637867152441435,2718.938817574397,0.13749636033220081,1173,1173,4.1339146969071243e-05,0.20482861406205138,0.40000000000000002,2,300000,0.00033700000000000001,0.0001,0.079510656168798099,0.12979019352880125,2.141158310392434e-17,0.22115864787700634,0.040680971649926213,0.52518392438586292,2.3354232895922105e-05,0.077502778680490741,0.072461328243236631,1.0464138136840692e-17,0.07858505203740597,0.31555735629651904,0.45588434305545222,9.1416868954595125e-06,nan,nan,nan,nan,nan,nan,nan,nan,nan,nan,nan,nan,nan,nan,0.24824997579172364,0.0026292096353877142,1.4210346943808344e-09,0.0024909735543894979,3.2842549696168156e-05,0.39275000452586456,0.00010696773813625329,5.3118850282957708e-07,2.4615913465938959e-10,4.1900634629867186e-12,3.8808542353337495e-10,1.0312986324101284e-10,8.7828399633093735e-08,0.35373940502530071,0,0,0,0,0,0,0,nan,nan,nan,nan,nan,nan,nan,nan,nan,nan,nan,nan,nan,nan,1.066825293750276e-10,2.8388951993726049e-14,-9.5830205854888735e-12,7.8832910484790459e-11,5.1390098773640425e-15,6.2219598527188391e-10,-1.1229707406553366e-14,1.3191487832631132e-15,2.4862518557657482e-17,1.4849563804892999e-19,-6.2244803427217173e-19,9.5794377947785381e-19,-1.3566485330115728e-14,-7.9813841698425178e-10,-3.2937879113504459e-07,1.5781994039398839e-07,-6.5328673692222745e-22,1.7094624476291237e-07,1.1590580457770949e-06,-5.0041345922569036e-07,0,0.017640965823807826,0.02869185300838626,4.7625587212842228e-18,0.048915234205791684,0.009009075733319093,0.11630581084636357,5.1686169651249335e-06,0,0,0,0,0,0,0
39,0,lumen,0.0086184210526315773,0.00050000000000000001,0.0086101973684210506,0.008626644736842104,0,0.001,1000147.4642051626,1.3570126220923249,13.232809067421082,3013.9764414567135,0.16930627915153593,1173,1173,4.0592266841710011e-05,0.23418779882947552,0.59999999999999998,2,500000,0.00035,0.0001,0.066547282453877102,0.16891108972425123,9.1250490922086735e-18,0.1798671733272269,0.066062812443817093,0.51404771209618927,2.2690230767532743e-05,0.054890449583487932,0.079798936083221986,3.7736743661491796e-18,0.054083209392077253,0.43362925770132993,0.37759063145786931,7.5157820135790757e-06,0.27099251047219741,0.0014763125388180865,9.3686846009690241e-10,0.001920551898928313,2.0298196132638855e-05,0.39598973199401077,7.0382274528423978e-05,9.0325072148617792e-07,2.9570215338295972e-10,3.0443901693456044e-12,2.6611558644623166e-10,6.4565272428601813e-11,6.3597047902964183e-08,0.32952924421120855,nan,nan,nan,nan,nan,nan,nan,nan,nan,nan,nan,nan,nan,nan,0,0,0,0,0,0,0,-2.1740098131535274e-12,1.474933959191769e-14,-7.5524677546472626e-14,1.0812635867951993e-10,5.4697999601893699e-16,9.6481877175091935e-11,-2.175528706654545e-14,3.3566899260151217e-15,-7.6529716297640429e-18,-9.7380677718114807e-20,1.4632804356547746e-19,-2.0248971036166109e-19,1.2128609912392319e-14,-2.0236787262054155e-10,nan,nan,nan,nan,nan,nan,nan,nan,nan,nan,nan,nan,nan,nan,-1.7199597069413736e-07,1.5098949834868591e-07,4.5422526250857618e-22,2.0910049903866329e-08,5.3689928268541021e-07,-1.9301422476969421e-07,0,0.015367680551820804,0.038735095356914231,2.1327865783028858e-18,0.04133081184936549,0.015102992719140416,0.11828025609358471,5.2163341418794265e-06,-8.1971462844655579e-05,0.00010055164448946584,-8.635608623629056e-21,4.2741857287758452e-05,4.2273413732518724e-05,-0.00011577586376867939,4.3400094536974852e-10
39,1,lumen,0.0086184210526315773,0.0015,0.0086101973684210506,0.008626644736842104,0.001,0.002,1000147.2099835834,1.3956292227998359,13.609379476548643,2935.6803889641869,0.16914896873083243,1173,1173,4.0567921685290053e-05,0.23409421051785703,0.59999999999999998,2,500000,0.00035,0.0001,0.066280788970377078,0.16208355928591966,9.0455126019964974e-18,0.17373515966005612,0.064022500054466525,0.50181132983550836,2.2053564545437393e-05,0.056226417073047527,0.07875246930495361,3.8472346259289092e-18,0.053726004140800046,0.43219568366993605,0.37909191303707734,7.5127741854672455e-06,0.27133805856091575,0.0014914606791616911,9.6248627476370128e-10,0.0019338453777686124,2.0237469268024517e-05,0.39464825970806333,7.0986819869203006e-05,8.875436837184177e-07,2.9219641863020241e-10,3.0886082988185178e-12,2.7270131988415365e-10,6.6170294569779291e-11,6.3302080338252687e-08,0.33049619894260446,nan,nan,nan,nan,nan,nan,nan,nan,nan,nan,nan,nan,nan,nan,0,0,0,0,0,0,0,8.3749470503554844e-12,-2.6218935612562115e-14,-3.5236104628073017e-12,4.6400520886055198e-12,-3.4737837606435562e-16,1.5658174193008967e-11,4.3373971470569686e-15,-5.7267558750684344e-15,-1.2467575919839846e-17,1.2793775059689227e-19,-1.6734703380269491e-18,1.8909484253787518e-18,1.2603463670733749e-14,-2.5134450242019966e-11,nan,nan,nan,nan,nan,nan,nan,nan,nan,nan,nan,nan,nan,nan,-1.7769961930483996e-07,1.5516201939957952e-07,7.2248033451949206e-23,2.2525458761474168e-08,5.5563068766806278e-07,-2.0023323782369928e-07,0,0.015720902215587491,0.038180160052861643,2.1399360767347419e-18,0.041008715339880868,0.015032864474242028,0.11861040083133928,5.2078966403408819e-06,-0.00020302637592746294,0.00026420045049318168,-1.6611289787373805e-20,0.00013102800236581153,9.2551416473654041e-05,-0.00028004054681464734,5.5819747252249399e-10
39,2,lumen,0.0086184210526315773,0.0025000000000000001,0.0086101973684210506,0.008626644736842104,0.002,0.0030000000000000001,1000146.4642768503,1.3237804522074998,12.908760905812324,3107.8720640403858,0.16852917921511956,1173,1173,4.049963247126932e-05,0.23401238104369065,0.59999999999999998,2,500000,0.00035,0.0001,0.073996709580755007,0.16489902732458897,9.8875763940626576e-18,0.17942097606989219,0.067005118472159592,0.53419985740160469,2.3238529650517872e-05,0.059540349797095209,0.075995791407859059,3.9888855431248453e-18,0.052627927959592653,0.42904417352318303,0.38278424841056635,7.508901703658714e-06,0.27240529696438837,0.0015285958087966867,1.0269730552153026e-09,0.0019675465920651787,2.0015074253124856e-05,0.3909926329370732,7.248853833207247e-05,8.4845708159526729e-07,2.8307712898557889e-10,3.2009578649319685e-12,2.893469333395763e-10,7.0220412207177824e-11,6.2378308916565733e-08,0.33301251157691092,nan,nan,nan,nan,nan,nan,nan,nan,nan,nan,nan,nan,nan,nan,0,0,0,0,0,0,0,-5.9337533968709008e-11,3.0866968414200533e-14,-1.8240837993243859e-12,-1.0546708092800263e-10,-1.6379042219738515e-15,-1.7205007514162207e-10,-3.2495284653319535e-15,-7.991220532521659e-15,3.593098785113776e-17,4.8172966466473895e-20,-6.8370613530570502e-21,6.7066860562913291e-20,-3.3714951719229769e-14,3.3869451670313887e-10,nan,nan,nan,nan,nan,nan,nan,nan,nan,nan,nan,nan,nan,nan,-1.9223659245438257e-07,1.6536398905753202e-07,-1.0994395010382493e-22,2.7046520899696053e-08,6.0379145801203737e-07,-2.1917947062854992e-07,0,0.016587513255180566,0.036710973034507918,2.2221130467632197e-18,0.040028346982295196,0.014868155421017694,0.11934080387853571,5.1869577856121043e-06,-0.00038740815326322156,0.00052381434305478851,-2.182397034095548e-20,0.00026015987863279108,0.00017410137544024844,-0.00053089204705994517,-2.8562651853459312e-10
39,3,support,0.0086184210526315773,0.0035000000000000001,0.0086101973684210506,0.008626644736842104,0.0030000000000000001,0.0040000000000000001,1001200.4667484661,1.3051199199441754,12.713395923595494,3180.666644675885,0.16872824184956361,1173,1173,4.0365413527398458e-05,0.23391411890625047,0.40000000000000002,2,300000,0.00033700000000000001,0.0001,0.083147673635393396,0.15531380303325129,1.0509014395588722e-17,0.17457711014037974,0.067086239423249511,0.55279212373272402,2.3601873350176564e-05,0.065890998881297694,0.070495032858302414,4.1754253633940872e-18,0.050432137072230349,0.42306246171274381,0.39011185858780512,7.5108876205094327e-06,nan,nan,nan,nan,nan,nan,nan,nan,nan,nan,nan,nan,nan,nan,0.27478985838002373,0.0016040895547632943,1.1551429513621308e-09,0.0020380859955690411,1.9503777735154438e-05,0.38335620571230994,7.5576276413552552e-05,7.7401145413031852e-07,2.6516512472264057e-10,3.4312044420306903e-12,3.2268846933466214e-10,7.8358758525370294e-11,6.0391528057960292e-08,0.33811584407540973,0,0,0,0,0,0,0,nan,nan,nan,nan,nan,nan,nan,nan,nan,nan,nan,nan,nan,nan,-1.7451587392717276e-11,-5.690332749933853e-15,7.6801922009075147e-12,9.833554518233687e-10,6.4560986764994333e-15,2.3427198111124203e-09,-1.1583787654896438e-14,9.0999256741053358e-15,-7.0509634352232096e-18,-1.0668871173780101e-19,2.5320050249036462e-19,-3.5000675497184963e-19,2.4924381491448855e-14,-3.3163273518091249e-09,-2.2195886816012145e-07,1.9215012803108777e-07,1.7037803289255488e-21,2.74582996505342e-08,6.9332058766358173e-07,-2.5039284806682716e-07,0,0.018349293131214885,0.034166910920060391,2.267666558675042e-18,0.038442020042987322,0.014733062711002479,0.1218130043259089,5.198715072034107e-06,-1.5653170005724088e-05,-4.3341279211891252e-06,-1.6307882589765095e-20,-7.4576408259694374e-05,6.949194939133744e-05,-0.00010514387447163771,-5.2319384910293507e-09
39,4,support,0.0086184210526315773,0.0045000000000000005,0.0086101973684210506,0.008626644736842104,0.0040000000000000001,0.0050000000000000001,1000884.1342863126,1.5947405152777117,15.539549350744188,2735.9600938434928,0.13842820924725444,1173,1173,4.13420744820775e-05,0.2048040480015344,0.40000000000000002,2,300000,0.00033700000000000001,0.0001,0.079917073505752556,0.13074655326908782,2.1484849877176448e-17,0.22278326701452086,0.040937101379463249,0.52844727941638348,2.3508266266773122e-05,0.077409169588586471,0.072536326917697042,1.0433929775602026e-17,0.07866462706019603,0.31554767220366425,0.45583306010310265,9.1441267535157891e-06,nan,nan,nan,nan,nan,nan,nan,nan,nan,nan,nan,nan,nan,nan,0.24820217743478895,0.0026285306405343296,1.4190659186067904e-09,0.0024902503520977076,3.2868017907660351e-05,0.39286165104014903,0.00010693840013254561,5.3168677344628018e-07,2.463661390128936e-10,4.1853134334495429e-12,3.8755239232974558e-10,1.0299103781833781e-10,8.7895078097682684e-08,0.35367696237236135,0,0,0,0,0,0,0,nan,nan,nan,nan,nan,nan,nan,nan,nan,nan,nan,nan,nan,nan,1.1364474946141805e-10,9.3501125747267815e-16,4.3869090829829301e-12,4.129240465389753e-10,3.4370293069962976e-15,3.2363060874836952e-10,1.5442232750849002e-15,-1.3935250522956188e-15,8.2454571142980126e-18,5.338220422868621e-20,-3.4816063001629906e-19,4.7490793846475681e-19,-3.5132142626864321e-15,-8.5458742911389225e-10,-3.2887249713266231e-07,1.5768733652166134e-07,4.8715398631864137e-23,1.7085714456292274e-07,1.1574046576562358e-06,-5.0013818264638132e-07,0,0.017614703290464211,0.028713629261551583,4.7241673836242891e-18,0.048951248737736125,0.0090063299567755377,0.11625984700425528,5.1685404747853967e-06,0,0,0,0,0,0,0
40,0,lumen,0.0086348684210526307,0.00050000000000000001,0.008626644736842104,0.0086430921052631574,0,0.001,1000147.2673174811,1.3612044338253371,13.273687825168119,3004.3099601033027,0.16936906739077343,1173,1173,4.0592753723810917e-05,0.23421391378097917,0.59999999999999998,2,500000,0.00035,0.0001,0.066247611367916293,0.1685043186398347,9.0496717545503962e-18,0.17931599570489551,0.065882435812598131,0.51229069582249487,2.2617306095143722e-05,0.054812074578369355,0.079852685570075813,3.75406330989885e-18,0.054084040742711038,0.4337811935208849,0.3774624908179825,7.514769976300623e-06,0.27099063012267793,0.0014750262392915314,9.3536034435071052e-10,0.0019195503817554939,2.0294170280354635e-05,0.39605391865257811,7.0333262003810282e-05,9.0431756987499177e-07,2.9589921530843487e-10,3.0418581922282261e-12,2.6573412088249674e-10,6.4469338157564663e-11,6.3595557056599195e-08,0.32946927769378503,nan,nan,nan,nan,nan,nan,nan,nan,nan,nan,nan,nan,nan,nan,0,0,0,0,0,0,0,1.0213981920365549e-10,4.8720700944970464e-14,-8.2901761613088817e-13,-1.6630884365788678e-10,1.7214962094724839e-15,-2.0353504255263277e-11,-5.224631170769163e-14,3.8434967014611132e-15,-6.2974310036052056e-18,-3.9362843476756325e-21,-1.679786689184404e-20,-1.2378408900035138e-20,9.9887863170127236e-15,8.5339540829210778e-11,nan,nan,nan,nan,nan,nan,nan,nan,nan,nan,nan,nan,nan,nan,-1.716454972417944e-07,1.5083653104319694e-07,7.6095281969867032e-22,2.0830133160551933e-08,5.3571806754582063e-07,-1.9231015491172343e-07,0,0.015347731448153651,0.038766523606649436,2.0256486293457729e-18,0.041336941793858328,0.015110487201046277,0.11825555120982577,5.2163197992666001e-06,-8.1976098341329318e-05,0.0001006614314323456,-1.0630892401890419e-20,4.2830617585378171e-05,4.2201422038392235e-05,-0.00011577897188246877,4.3605672279701871e-10
40,1,lumen,0.0086348684210526307,0.0015,0.008626644736842104,0.0086430921052631574,0.001,0.002,1000147.0134548787,1.3926164738185234,13.580003536798293,2941.6522316403953,0.16911192116039681,1173,1173,4.0568367668456737e-05,0.23412124180770677,0.59999999999999998,2,500000,0.00035,0.0001,0.06633144972839726,0.16254312493632833,9.058892878263237e-18,0.17411155835477102,0.064183966714131652,0.50272533824188292,2.2098252222118436e-05,0.05614793504410602,0.078805291378707093,3.8446089545062697e-18,0.053726182786594849,0.43235044394030342,0.37896263510201988,7.5117482686715665e-06,0.27133707722891581,0.0014901464608570859,9.6096723123616343e-10,0.0019328327097753472,2.0233198456765267e-05,0.39471193717120578,7.0936958556278148e-05,8.8859730409515559e-07,2.9239128990186434e-10,3.0860135367148361e-12,2.7231657451716066e-10,6.6073084389316518e-11,6.3300035908344486e-08,0.33043588278006231,nan,nan,nan,nan,nan,nan,nan,nan,nan,nan,nan,nan,nan,nan,0,0,0,0,0,0,0,-6.8139830755867099e-12,3.1117108966308982e-15,5.6087663732431945e-13,-1.2348816422452515e-11,2.7213474529386161e-16,-1.5231947430791037e-11,-2.0816488790196877e-14,-5.1425877445332446e-15,-1.1092749009012664e-17,2.3117232734890803e-19,-2.0782854470764059e-18,2.4130444457749417e-18,1.0794212857729165e-14,3.3845787118881528e-11,nan,nan,nan,nan,nan,nan,nan,nan,nan,nan,nan,nan,nan,nan,-1.7734799871715889e-07,1.549177596205098e-07,1.3122019357051172e-23,2.2444904299615706e-08,5.5449062831558482e-07,-1.9977999177189787e-07,0,0.015701053858071561,0.038211154511346462,2.1431402770371388e-18,0.041014437596182389,0.015040493603142833,0.11858565593430531,5.2078892662893875e-06,-0.00020285466696229172,0.00026406054233332602,-1.58877360261968e-20,0.00013089682008118951,9.2411405514198616e-05,-0.00027944861937763985,5.542446935440407e-10
40,2,lumen,0.0086348684210526307,0.0025000000000000001,0.008626644736842104,0.0086430921052631574,0.002,0.0030000000000000001,1000146.2687647515,1.323679509169563,12.907779089453857,3107.6974664795748,0.1685492664533749,1173,1173,4.0500101973647932e-05,0.23404030971955667,0.59999999999999998,2,500000,0.00035,0.0001,0.073901206425811411,0.16502873567811988,9.866481930441968e-18,0.17943865209067925,0.067035212937476066,0.5340536686529439,2.3237208400252785e-05,0.059458981922863655,0.076049784489291089,3.9800727904316882e-18,0.052629109529774711,0.42920422609694459,0.38265039005742929,7.5079036967725766e-06,0.2724039753454045,0.0015271994595257826,1.0253733052827741e-09,0.0019664820721125146,2.0010997980377475e-05,0.39106014819764107,7.243582054477028e-05,8.495106723246394e-07,2.8327681795931128e-10,3.1981181659552508e-12,2.8893984432049214e-10,7.0116786366482014e-11,6.2377220216166389e-08,0.33294883454799545,nan,nan,nan,nan,nan,nan,nan,nan,nan,nan,nan,nan,nan,nan,0,0,0,0,0,0,0,-5.6637306873177134e-11,5.0032593311435567e-14,-1.8145247070091239e-12,-1.3099748069647698e-10,-1.4919706095573027e-15,-1.2216770802452037e-10,-1.4399377235092969e-14,-5.1957136509850343e-15,3.8352622477101185e-17,9.6383899230594267e-20,-6.8984743436602841e-20,1.3696119248059475e-19,-3.6279188943882794e-14,3.1162433727221291e-10,nan,nan,nan,nan,nan,nan,nan,nan,nan,nan,nan,nan,nan,nan,-1.9185406637152458e-07,1.6501906907606667e-07,-4.322035061156206e-23,2.6959022508991121e-08,6.0255501221906371e-07,-2.1868390892576528e-07,0,0.016567174242683863,0.03674209050330398,2.2100322194550868e-18,0.040034698090596413,0.014875925182330446,0.1193152328967486,5.1869709168188196e-06,-0.00038698775251572729,0.00052359123794687998,-2.9824502572150291e-20,0.00025968365183210698,0.00017395874494146671,-0.00053253337514167659,-2.9625225534646967e-10
40,3,support,0.0086348684210526307,0.0035000000000000001,0.008626644736842104,0.0086430921052631574,0.0030000000000000001,0.0040000000000000001,1001198.8686992759,1.3145420893455741,12.805199322897163,3157.4168402384298,0.16875744131887283,1173,1173,4.0366112303936034e-05,0.23394187018235446,0.40000000000000002,2,300000,0.00033700000000000001,0.0001,0.082437649443501709,0.15433296328340709,1.0582447782109581e-17,0.17335024559869661,0.066631740369559073,0.54862510180986535,2.3429782156347958e-05,0.065800070612426723,0.070555671436536849,4.2349632218908738e-18,0.050439329399997429,0.42323051421812369,0.38996690436969611,7.5099632191262814e-06,nan,nan,nan,nan,nan,nan,nan,nan,nan,nan,nan,nan,nan,nan,0.27478405490974689,0.0016025061390116224,1.1532945881486809e-09,0.0020368795603008397,1.9501260130851523e-05,0.38343886097593116,7.5516607289892446e-05,7.7510160463944147e-07,2.6538718776442491e-10,3.4277046366383228e-12,3.222129713716415e-10,7.8236735983657156e-11,6.0395661994929011e-08,0.33804184322775255,0,0,0,0,0,0,0,nan,nan,nan,nan,nan,nan,nan,nan,nan,nan,nan,nan,nan,nan,2.8211332788650129e-10,4.67225871072535e-14,9.874628708799845e-12,6.3448233099612264e-10,5.4313107830661345e-15,4.6428566395119442e-10,-6.3526451335983329e-14,-2.4164698020356923e-15,-6.8145311245202137e-18,-9.9636457409683734e-20,1.788447719388784e-19,-3.6065307351859287e-19,1.5721110654453519e-14,-1.3907581199696592e-09,-2.2150320107099108e-07,1.9369212472808428e-07,2.1736332234603295e-22,2.7336897348586297e-08,6.9167585067808623e-07,-2.4946471288700423e-07,0,0.018326596831946925,0.034201209186017732,2.3490135924774247e-18,0.038453025674042532,0.014741088297157541,0.12178539668690652,5.1988094342332265e-06,-1.5658530568629272e-05,-4.3689184406738611e-06,-1.6160131483485125e-20,-7.4856236896339977e-05,6.9649270939586125e-05,-0.00010597432873837471,-5.2434194434696488e-09
40,4,support,0.0086348684210526307,0.0045000000000000005,0.008626644736842104,0.0086430921052631574,0.0040000000000000001,0.0050000000000000001,1000882.7964632992,1.5854623362024789,15.449161109601178,2751.7855113376381,0.13741947888240449,1173,1173,4.1344999888121128e-05,0.20477944636936546,0.40000000000000002,2,300000,0.00033700000000000001,0.0001,0.080287577022781942,0.13164738156408842,2.1614781954645545e-17,0.22431328925366689,0.041175315455042466,0.53147949803103789,2.365213954754887e-05,0.077315696099512055,0.072611267670144308,1.043597252222699e-17,0.078744169254117799,0.31553773918829486,0.45578198121184937,9.1465760815232035e-06,nan,nan,nan,nan,nan,nan,nan,nan,nan,nan,nan,nan,nan,nan,0.24815439328531902,0.0026278561263107492,1.4171008709958435e-09,0.0024895294775659138,3.2893498249226191e-05,0.39297311891410996,0.00010690920320703596,5.3218408910694432e-07,2.4657286247391108e-10,4.1805736307735804e-12,3.8702038624094197e-10,1.0285250467206673e-10,8.796175247222524e-08,0.35361467719171469,0,0,0,0,0,0,0,nan,nan,nan,nan,nan,nan,nan,nan,nan,nan,nan,nan,nan,nan,-7.0017454143189848e-11,1.5007527475431423e-14,1.756085377524937e-11,1.6391338345866038e-10,1.0053806745458083e-15,-3.2738635565542074e-10,-1.2615827472968335e-14,-5.2713909626245226e-16,4.1956780289603641e-18,7.0522026293289965e-20,-6.6423451048135989e-19,8.2605618975723255e-19,-2.2428495756375927e-15,2.1592910741386579e-10,-3.2836672161050406e-07,1.5790581459063091e-07,-4.2554852104912236e-23,1.7077073437430307e-07,1.1558532344857486e-06,-4.9928381018471413e-07,0,0.017588482594556872,0.028735343619617756,4.7228215167762614e-18,0.048987236852994658,0.0090035707409622159,0.11621393196856296,5.1684638067315349e-06,0,0,0,0,0,0,0
41,0,lumen,0.008651315789473684,0.00050000000000000001,0.0086430921052631574,0.0086595394736842107,0,0.001,1000147.0704014412,1.3612035491652175,13.273681811884128,3003.9277005361914,0.16935099576662854,1173,1173,4.0593240124248463e-05,0.23423996013942272,0.59999999999999998,2,500000,0.00035,0.0001,0.066153074555163699,0.16861756004342363,9.1294682565286186e-18,0.17931874738187911,0.065905483417081065,0.51211755651780799,2.2614269436558274e-05,0.05473383173490564,0.079906313456361011,3.7871634711187394e-18,0.054084846182660212,0.43393274629798606,0.37733474857046734,7.5137576197519574e-06,0.2709887514930584,0.0014737446734942139,9.3385547610362243e-10,0.0019185521641508585,2.0290154835546783e-05,0.39611791700133475,7.0284420629290696e-05,9.053825921201295e-07,2.9609582550556168e-10,3.0393339065661589e-12,2.6535351216085631e-10,6.4373648169690718e-11,6.35940645599747e-08,0.3294094895531019,nan,nan,nan,nan,nan,nan,nan,nan,nan,nan,nan,nan,nan,nan,0,0,0,0,0,0,0,2.0435420369072843e-11,1.8785344491227845e-14,5.8390316337607815e-13,4.6221682433779508e-11,8.9305732947631e-16,3.6963827398234228e-11,-2.5725135501728896e-14,5.014435047745458e-15,-7.5241102803144469e-18,-3.0834617823683146e-20,1.3867801876664563e-19,-1.8965915678398622e-19,1.2667470531613489e-14,-1.0421596934932948e-10,nan,nan,nan,nan,nan,nan,nan,nan,nan,nan,nan,nan,nan,nan,-1.7129820261904682e-07,1.5050931367888154e-07,-5.6546755435568113e-23,2.0751322611301245e-08,5.3463396917918793e-07,-1.9209516455287456e-07,0,0.015327827947273319,0.038797888490560449,2.1182050998390503e-18,0.041343040857936809,0.01511796556203485,0.1182308941117816,5.2163054089417783e-06,-8.197211491019229e-05,0.00010072996279547046,-6.1567223315432541e-21,4.2898812668576796e-05,4.2122070440222876e-05,-0.00011556658820567824,4.3742981633156832e-10
41,1,lumen,0.008651315789473684,0.0015,0.0086430921052631574,0.0086595394736842107,0.001,0.002,1000146.8168970479,1.389347735587011,13.548131323881938,2948.1937746114641,0.16919538110202131,1173,1173,4.0568813529898099e-05,0.23414821038713327,0.59999999999999998,2,500000,0.00035,0.0001,0.066394737402412099,0.16303464079259383,9.0683627690573275e-18,0.17452179956584882,0.064357944986580443,0.50373633002634199,2.2147226592745801e-05,0.05606960179159353,0.0788580765369504,3.8395952774482884e-18,0.053726380044952657,0.43250490595900842,0.37883352494072792,7.5107267669159059e-06,0.27133606321469883,0.0014888355333764767,9.5945153272116761e-10,0.00193182175984546,2.022893898069111e-05,0.39477553590854036,7.0887204831928614e-05,8.8965059895843152e-07,2.9258598746503537e-10,3.0834280915986065e-12,2.7193272847761128e-10,6.5976128616102165e-11,6.3297998279758923e-08,0.33037567289809922,nan,nan,nan,nan,nan,nan,nan,nan,nan,nan,nan,nan,nan,nan,0,0,0,0,0,0,0,-2.7194184287831527e-11,1.4019548302758384e-15,6.2909731818750943e-12,-3.0916168582209775e-11,1.0752032944538747e-15,-4.8386568840194655e-11,-1.5157564330925022e-14,-3.6346793630404051e-15,-8.8411409443692069e-18,2.1270919078762989e-19,-1.7301622986816131e-18,2.0123998262776125e-18,8.8797322944281145e-15,1.0021330970786304e-10,nan,nan,nan,nan,nan,nan,nan,nan,nan,nan,nan,nan,nan,nan,-1.7699899769203081e-07,1.5467697966897731e-07,5.630785089659737e-24,2.2364107220606679e-08,5.5335582746507406e-07,-1.9932589762072794e-07,0,0.015681248998191091,0.038242088824631162,2.1587143860734809e-18,0.041020134169669979,0.015048105572714665,0.11856097339734038,5.2078820048925568e-06,-0.00020268137093703583,0.0002639303181436359,-1.5926064936210784e-20,0.00013077506875242863,9.2274529278536029e-05,-0.00027895512955579204,5.5049737245449963e-10
41,2,lumen,0.008651315789473684,0.0025000000000000001,0.0086430921052631574,0.0086595394736842107,0.002,0.0030000000000000001,1000146.0732236221,1.3246026903214607,12.91678395890815,3105.1206912311354,0.16857531352219479,1173,1173,4.0500573715716937e-05,0.23406815189223551,0.59999999999999998,2,500000,0.00035,0.0001,0.073748684316221502,0.16503082104258179,9.847950680709582e-18,0.17931761817767775,0.067013407228968189,0.53349502310756669,2.3217931215654644e-05,0.05937766144526279,0.076103800855703757,3.975368816198141e-18,0.052630301393511429,0.42936394024152569,0.38251678915532333,7.5069086729762378e-06,0.27240257567141124,0.0015258069115422128,1.0237751286039683e-09,0.0019654195596164382,2.0006951538973969e-05,0.39112766441243135,7.2383227353234696e-05,8.5056429588426463e-07,2.8347650998217545e-10,3.1952844870206297e-12,2.8853319139144634e-10,7.0013312185415479e-11,6.2376193332084654e-08,0.33288522865664083,nan,nan,nan,nan,nan,nan,nan,nan,nan,nan,nan,nan,nan,nan,0,0,0,0,0,0,0,-3.1692366436910911e-11,2.2171044772384829e-14,-1.9374284820375732e-12,-3.8247807232401066e-10,1.2427125301028852e-15,3.7699502959502584e-10,6.0072505236529063e-15,-7.0282321629200339e-15,3.727329989474792e-17,5.4264576528907278e-20,-4.8341830864882621e-20,9.689852189387589e-20,-3.2981470848556776e-14,3.9123565325191491e-11,nan,nan,nan,nan,nan,nan,nan,nan,nan,nan,nan,nan,nan,nan,-1.9147207938781385e-07,1.6422292076212486e-07,-6.5621620158703134e-23,2.6874139801817913e-08,6.013120533998606e-07,-2.1796568200338484e-07,0,0.016546878351946976,0.036773146051841912,2.1506401151343624e-18,0.040041028374116959,0.014883676107017629,0.11928974813509965,5.1869842337977411e-06,-0.00038650580300900943,0.00052319305103567149,-3.0187189141032399e-20,0.00025911697664526362,0.00017379062714844415,-0.00053301534160947375,-3.0693305476025313e-10
41,3,support,0.008651315789473684,0.0035000000000000001,0.0086430921052631574,0.0086595394736842107,0.0030000000000000001,0.0040000000000000001,1001197.2703929507,1.3182167450758029,12.841015328061946,3148.1649794534123,0.1687766966583662,1173,1173,4.0366810835413094e-05,0.23396956339613079,0.40000000000000002,2,300000,0.00033700000000000001,0.0001,0.082094179013662713,0.15403465052757787,1.0548850605049375e-17,0.17289106473303045,0.066472225665726026,0.54689210591918613,2.3361566593185274e-05,0.065709194730356177,0.070616255211613438,4.2333255926268691e-18,0.050446427147215207,0.42339824834522849,0.38982236552341643,7.5090421704788988e-06,nan,nan,nan,nan,nan,nan,nan,nan,nan,nan,nan,nan,nan,nan,0.27477823425205394,0.0016009278508476417,1.151448351509815e-09,0.0020356765232993073,1.9498756374200467e-05,0.3835213762429584,7.5457119002565553e-05,7.7619099103508443e-07,2.6560901616067257e-10,3.4242120181815288e-12,3.2173807215140723e-10,7.8114911561984751e-11,6.0399811250096749e-08,0.33796799084432827,0,0,0,0,0,0,0,nan,nan,nan,nan,nan,nan,nan,nan,nan,nan,nan,nan,nan,nan,4.1500853539966202e-10,5.3854812401807208e-15,1.446893958695324e-11,2.5558467055332715e-10,6.2562802161103548e-15,1.9712064359272974e-10,-2.5330313163165432e-14,-2.7519219542027074e-15,-6.6605240014368885e-18,-1.644477483073555e-19,4.9075178176699164e-19,-7.0310010855004674e-19,1.6353938743365024e-14,-8.8218227186790175e-10,-2.2105087976818233e-07,1.9361867437117652e-07,1.0800037649590189e-22,2.722059597663173e-08,6.9012233411269719e-07,-2.4851259688984939e-07,0,0.018303942817733249,0.03423545755346441,2.3273076394647803e-18,0.038464003339065717,0.014749094354166362,0.12175782353145209,5.1989038905950769e-06,-1.5662922297741492e-05,-4.4028329715723646e-06,-1.6175175297305284e-20,-7.5122259582253929e-05,6.9802339551979029e-05,-0.00010669458599126938,-5.2549252855172188e-09
41,4,support,0.008651315789473684,0.0045000000000000005,0.0086430921052631574,0.0086595394736842107,0.0040000000000000001,0.0050000000000000001,1000881.4589191519,1.5874465758315601,15.468516732887185,2748.16119795638,0.13835125997898429,1173,1173,4.1347916584886917e-05,0.20475486725562947,0.40000000000000002,2,300000,0.00033700000000000001,0.0001,0.080090433983415379,0.1316180421806411,2.1594653174330077e-17,0.22425793478234829,0.041122469266246658,0.53075553834002787,2.3628897561706374e-05,0.077222478228302513,0.072686036694791095,1.0439316643790866e-17,0.078823368326103246,0.31552758132072195,0.45573138639385324,9.1490362281084411e-06,nan,nan,nan,nan,nan,nan,nan,nan,nan,nan,nan,nan,nan,nan,0.2481066970403609,0.0026271881912598954,1.4151421220605359e-09,0.0024888131030296997,3.2918964931403523e-05,0.39308423795183361,0.00010688023662307214,5.3267946443881912e-07,2.4677899089746356e-10,4.1758502267136653e-12,3.8649012995479524e-10,1.0271445106694601e-10,8.8028358096533937e-08,0.35355264164883726,0,0,0,0,0,0,0,nan,nan,nan,nan,nan,nan,nan,nan,nan,nan,nan,nan,nan,nan,7.9944317397614568e-11,2.6577557204041035e-15,8.1297385497589621e-13,2.5160332306713788e-10,5.010098239055516e-16,1.9578602302762482e-10,-9.9828786158253367e-15,1.1707215058498477e-15,-5.6263200889929041e-18,3.8288490957414796e-20,-4.1884890022566657e-19,4.0792031921958668e-19,7.7945018713007334e-15,-5.2814896951689431e-10,-3.2783305012502872e-07,1.5693869054311804e-07,-1.6485337863127083e-22,1.7069775111946289e-07,1.1541544913118429e-06,-4.9878159141814038e-07,0,0.017562302382612836,0.028756996491118077,4.7192944174992675e-18,0.049023205454517389,0.0090007985966109802,0.11616805756688446,5.1683869888945127e-06,0,0,0,0,0,0,0
42,0,lumen,0.0086677631578947374,0.00050000000000000001,0.0086595394736842107,0.0086759868421052641,0,0.001,1000146.8734568878,1.3606420811199593,13.268209307977715,3004.7836245276058,0.16941405534390638,1173,1173,4.0593726350929093e-05,0.23426594097262937,0.59999999999999998,2,500000,0.00035,0.0001,0.066085915450834767,0.16880014370503077,9.1157465416997741e-18,0.17939537729801866,0.065955642076205079,0.51215572922961805,2.2620553373461302e-05,0.054655722652309051,0.079959858546771345,3.7799122793220392e-18,0.05408565100033505,0.43408396037160263,0.37720729468212782,7.5127468541017752e-06,0.27098686013045725,0.0014724671030081952,9.3235378253200386e-10,0.0019175564878438944,2.0286149737353686e-05,0.39618177739661409,7.0235718934458929e-05,9.0644648197048912e-07,2.9629211216026164e-10,3.0368177386641253e-12,2.6497374804703854e-10,6.4278198429044124e-11,6.3592573363501005e-08,0.32934984541342022,nan,nan,nan,nan,nan,nan,nan,nan,nan,nan,nan,nan,nan,nan,0,0,0,0,0,0,0,4.4469973917330536e-13,4.9961042330579392e-14,1.201667315699393e-12,8.4652166377982129e-11,1.0954778750793537e-15,7.1452600780563813e-11,-5.2279829276371251e-14,4.2711060382893962e-15,-6.2806190229441599e-18,1.6625535443445981e-20,-1.1018345612178379e-19,1.1594763190861689e-19,9.3921332395063364e-15,-1.5776363565001868e-10,nan,nan,nan,nan,nan,nan,nan,nan,nan,nan,nan,nan,nan,nan,-1.7095107632519174e-07,1.502056693469811e-07,-1.2559274975822357e-23,2.0672738000048776e-08,5.3352216490554216e-07,-1.9170726867079324e-07,0,0.015307970747534528,0.038829187435184251,2.1127697843887824e-18,0.041349108840351763,0.015125427592905586,0.11820630591455017,5.2162909810298381e-06,-8.1977866467159975e-05,0.00010082863114493986,-5.2610101902891148e-21,4.2980305069648022e-05,4.2047695185343074e-05,-0.00011553585826949975,4.3868423757597544e-10
42,1,lumen,0.0086677631578947374,0.0015,0.0086595394736842107,0.0086759868421052641,0.001,0.002,1000146.6203103907,1.3909583310837517,13.563839603998252,2944.4019277713037,0.16915782125561479,1173,1173,4.0569259246232755e-05,0.23417510897475419,0.59999999999999998,2,500000,0.00035,0.0001,0.066225369104371642,0.16295467250223605,9.0227467226606329e-18,0.17432034522775933,0.064306317132249588,0.50298184508623611,2.2118576350995332e-05,0.055991415835397268,0.078910783311045854,3.8247105860888093e-18,0.053726583253037551,0.43265901344527691,0.37870469444756055,7.5097076819446709e-06,0.27133503023165556,0.0014875286944584989,9.5793926564566951e-10,0.0019308133195486703,2.0224691150024827e-05,0.39483900251985443,7.0837592230112972e-05,8.9070282120183945e-07,2.9278037208942906e-10,3.0808515104107981e-12,2.7154979563519957e-10,6.5879431910860514e-11,6.3295964376947438e-08,0.33031560736109539,nan,nan,nan,nan,nan,nan,nan,nan,nan,nan,nan,nan,nan,nan,0,0,0,0,0,0,0,2.0148303917555509e-11,4.6876099179594017e-14,-6.3116345776123136e-12,1.0329259352105322e-11,-8.6649437625041514e-16,2.1781619910510308e-11,-5.1853238911906709e-14,-1.7473002211776389e-15,-4.1518754551044428e-18,3.4810007781052076e-19,-2.3241614720377666e-18,2.7899666368281982e-18,4.9642303324703327e-15,-4.5944831436929998e-11,nan,nan,nan,nan,nan,nan,nan,nan,nan,nan,nan,nan,nan,nan,-1.7663269158071926e-07,1.5433382605234414e-07,2.1029892599220274e-22,2.2283393242721087e-08,5.5219035301201647e-07,-1.9893272656945626e-07,0,0.01566148613842358,0.038272964944453668,2.1297914334780754e-18,0.041025804959592529,0.015055701154637653,0.11853634287358042,5.2078748171231342e-06,-0.00020249825037493325,0.00026377906784949979,-2.0786764858580631e-20,0.0001306478473494165,9.2134233434765207e-05,-0.00027844331675177646,5.4627129237343334e-10
42,2,lumen,0.0086677631578947374,0.0025000000000000001,0.0086595394736842107,0.0086759868421052641,0.002,0.0030000000000000001,1000145.8776532494,1.3210937627381805,12.8825693804006,3112.9563628470264,0.1685957360187996,1173,1173,4.0501049513208126e-05,0.23409590237962222,0.59999999999999998,2,500000,0.00035,0.0001,0.073843272976091931,0.16558686676310075,9.9400066193923279e-18,0.1797981084796558,0.067216339080677298,0.53472521395195716,2.3276527375032681e-05,0.059296334064100543,0.076157954286283316,4.0019008974299298e-18,0.052631543705922872,0.42952338874174484,0.38238327328257798,7.5059193703041892e-06,0.27240104149890504,0.0015244167616849972,1.0221772873958657e-09,0.0019643575900054619,2.0002946543730094e-05,0.39119533837970205,7.2330698528157362e-05,8.5161950479586956e-07,2.8367657084381968e-10,3.1924553818729206e-12,2.8812666041948612e-10,6.9909913556997732e-11,6.2375269896535588e-08,0.33282159646276294,nan,nan,nan,nan,nan,nan,nan,nan,nan,nan,nan,nan,nan,nan,0,0,0,0,0,0,0,-5.6270439708113707e-11,2.4512169740525462e-14,3.3193668748403332e-12,-3.7015335592085071e-10,1.9000643072808465e-15,3.184748807987664e-10,-9.2794331891997499e-15,-1.0508087455729509e-14,1.958020458405433e-17,4.235190585665644e-21,-8.8191928958872428e-21,3.9691007997741132e-20,-2.4014005339212456e-14,1.0464695759161019e-10,nan,nan,nan,nan,nan,nan,nan,nan,nan,nan,nan,nan,nan,nan,-1.9109582134052561e-07,1.63981910161759e-07,-7.6790233250270754e-22,2.6792149497873794e-08,6.0009781088776748e-07,-2.1751450174356535e-07,0,0.01652662522588981,0.036804139949898437,2.295136909014434e-18,0.040047338377279432,0.014891408528035117,0.11926432965696733,5.1869977161717311e-06,-0.00038601808160135682,0.00052278319814896964,-3.0045634358468155e-20,0.00025855831225231405,0.000173621897913039,-0.00053333381583011493,-3.176682886201982e-10
42,3,support,0.0086677631578947374,0.0035000000000000001,0.0086595394736842107,0.0086759868421052641,0.0030000000000000001,0.0040000000000000001,1001195.6718297491,1.3255076280288418,12.912057906255017,3130.4012516454372,0.16880585935947331,1173,1173,4.0367507433914699e-05,0.23399721331371859,0.40000000000000002,2,300000,0.00033700000000000001,0.0001,0.081529659733692347,0.15331839529718622,1.0553479044566085e-17,0.17196341344590171,0.066132632921001439,0.54368213238133323,2.3230199525870353e-05,0.065618381073284521,0.070676758235321865,4.2586140551248874e-18,0.05045335163650061,0.42356566754418523,0.38967833338351265,7.5081271952915096e-06,nan,nan,nan,nan,nan,nan,nan,nan,nan,nan,nan,nan,nan,nan,0.27477241405187014,0.0015993551368446823,1.1496044847480349e-09,0.0020344774804283978,1.9496264857306308e-05,0.38360371258362597,7.5397833129440826e-05,7.772791958881208e-07,2.6583053013659795e-10,3.4207267780654108e-12,3.2126383914637781e-10,7.7993300273621652e-11,6.0403971490047289e-08,0.33789430714800095,0,0,0,0,0,0,0,nan,nan,nan,nan,nan,nan,nan,nan,nan,nan,nan,nan,nan,nan,5.4045848151964976e-10,8.3272756599529937e-14,-2.4370584686851764e-12,-9.4730325152273035e-11,9.5349075857065202e-15,6.9056218859539498e-10,-9.1926058721173745e-14,-9.0856142054285272e-17,-5.9493211934977903e-18,-8.7034887458844006e-20,3.5211010724851006e-20,-1.1999770852048111e-19,1.0950824592908131e-14,-1.1338648633034428e-09,-2.2057807001589491e-07,1.9277727375532905e-07,-6.0566260602202695e-22,2.7112650791966555e-08,6.8858399518423319e-07,-2.4759843947341764e-07,0,0.018281331021907064,0.034269654112787977,2.3835967786785123e-18,0.038474955099945522,0.014757081085673059,0.12173029606397806,5.1989983946663638e-06,-1.5667520054034888e-05,-4.4369103703347296e-06,-1.6133400664467526e-20,-7.5389139675307323e-05,6.995587458350565e-05,-0.00010742555362012428,-5.2664838630594533e-09
42,4,support,0.0086677631578947374,0.0045000000000000005,0.0086595394736842107,0.0086759868421052641,0.0040000000000000001,0.0050000000000000001,1000880.1216540902,1.5797378754311711,15.393421599606256,2761.3860577408777,0.13734248715449693,1173,1173,4.1350825120047058e-05,0.20473030961906191,0.40000000000000002,2,300000,0.00033700000000000001,0.0001,0.080384152286602381,0.13239606697583514,2.1717608457464952e-17,0.2255770499471072,0.04132172368916575,0.5332862370473348,2.3750608655777764e-05,0.07712941133669661,0.072760745344117722,1.0447787459245342e-17,0.078902102593361792,0.31551721923103454,0.45568136997708497,9.1515177042714582e-06,nan,nan,nan,nan,nan,nan,nan,nan,nan,nan,nan,nan,nan,nan,0.24805902651990766,0.0026265264396086231,1.4131873347483193e-09,0.0024881010330953237,3.2944463194032393e-05,0.39319517201512338,0.00010685148806316917,5.3317349014883884e-07,2.4698484181440543e-10,4.1711376734314994e-12,3.8596101681783057e-10,1.0257671539951194e-10,8.8095020322250802e-08,0.35349075461961615,0,0,0,0,0,0,0,nan,nan,nan,nan,nan,nan,nan,nan,nan,nan,nan,nan,nan,nan,-7.2587352451206475e-11,1.2136778030600885e-15,8.1947216843776293e-13,1.4600547115476965e-11,2.3175146697529403e-14,8.1078828080647508e-10,-1.6751615590095167e-14,5.3932552868118933e-15,-9.9814761619092309e-18,-7.5108904348609893e-21,-1.9027066943886165e-19,1.969203485337813e-19,1.8617721537641347e-14,-7.5365280734228863e-10,-3.2731752095879751e-07,1.5585540497076167e-07,-4.1211850860845708e-22,1.7065046098016173e-07,1.1526368790676367e-06,-4.9798178386462055e-07,0,0.017536162817545577,0.028778584931089111,4.7060809612974078e-18,0.049059162451761291,0.0089980133271177366,0.11612222026426401,5.1683099962116011e-06,0,0,0,0,0,0,0
43,0,lumen,0.0086842105263157891,0.00050000000000000001,0.0086759868421052641,0.0087500000000000008,0,0.001,1000146.676483898,1.3611166325720276,13.272839478401457,3003.3531986126773,0.16939585067186599,1173,1173,4.0594212844313542e-05,0.23429185257131954,0.59999999999999998,2,500000,0.00035,0.0001,0.065968595426732113,0.16885409050911593,9.0973036870280483e-18,0.17933548935155311,0.06595554933021272,0.51180447499514869,2.2609623582089001e-05,0.054577733448521085,0.080013325190966322,3.7735812089565909e-18,0.054086463290321025,0.43423483083814596,0.37708013549476216,7.5117372834079457e-06,0.27098495241230713,0.0014711935477758997,9.3085501609170662e-10,0.0019165633667031991,2.0282156538979109e-05,0.39624550621319754,7.0187157671053633e-05,9.0750925185933302e-07,2.9648808744837016e-10,3.0343091380952289e-12,2.6459476217809355e-10,6.4182973295818653e-11,6.3591088010309442e-08,0.32929034248629768,nan,nan,nan,nan,nan,nan,nan,nan,nan,nan,nan,nan,nan,nan,0,0,0,0,0,0,0,2.0358688446408891e-11,2.7846890576222042e-14,5.6394357342564443e-13,4.4244272821492432e-11,8.4524401366969926e-16,3.7318735341546061e-11,-3.1172330195795559e-14,3.6756622051603571e-15,-5.8340924009285276e-18,-3.4906698732310989e-22,1.0123656721883367e-20,-3.3026097147323145e-20,8.5933564567771651e-15,-1.0249526243834255e-10,nan,nan,nan,nan,nan,nan,nan,nan,nan,nan,nan,nan,nan,nan,-1.7060360968899901e-07,1.4997148817252892e-07,1.2187895670049838e-23,2.0594225682494654e-08,5.3239319729170287e-07,-1.9124151812155432e-07,0,0.015218819285389004,0.038969742129037553,2.0982941898966691e-18,0.041376275764111438,0.015158934837584964,0.11809592549077198,5.2162258593921551e-06,-8.197850562425295e-05,0.00010091135366271407,-5.6013036732313073e-21,4.3055037646740102e-05,4.1971421972217648e-05,-0.0001154221451907641,4.3992310443528973e-10
43,1,lumen,0.0086842105263157891,0.0015,0.0086759868421052641,0.0087500000000000008,0.001,0.002,1000146.4236950114,1.3895335982077492,13.549949077856269,2947.0430443406772,0.16924109260032194,1173,1173,4.0569705767568429e-05,0.23420193200699441,0.59999999999999998,2,500000,0.00035,0.0001,0.066200809888807818,0.16323055701669903,9.0238746899516458e-18,0.17449974044781189,0.064395115902930344,0.50332658057470858,2.2138250096018582e-05,0.055913333098933468,0.078963432185875981,3.8212714086443157e-18,0.053726796727191863,0.43281276852547551,0.37857616077262402,7.5086898992214878e-06,0.27133396619496258,0.0014862259224530945,9.5642961841062822e-10,0.001929807382188757,2.0220460071342212e-05,0.39490236503840714,7.0788120132997219e-05,8.9175412047155266e-07,2.9297450694473381e-10,3.0782821044951451e-12,2.7116756217296567e-10,6.5782943525925457e-11,6.3293950488549031e-08,0.33025567024427194,nan,nan,nan,nan,nan,nan,nan,nan,nan,nan,nan,nan,nan,nan,0,0,0,0,0,0,0,-2.1669527202024473e-11,3.4245319569135498e-14,4.1270369150742761e-12,-1.1077859644381724e-12,3.9150540448451565e-16,-7.5333984493261563e-11,-3.9235867845469095e-14,-1.6479873021779667e-15,-3.051513585569679e-18,3.1700750888269178e-19,-2.0469441940522311e-18,2.4564336878185279e-18,4.4513820779987417e-15,9.3985985496919246e-11,nan,nan,nan,nan,nan,nan,nan,nan,nan,nan,nan,nan,nan,nan,-1.7629029143255426e-07,1.5415819976105638e-07,1.6982254450647768e-22,2.2203295458402546e-08,5.5107264226861297e-07,-1.9848835353108996e-07,0,0.015572742195568843,0.03841165734640388,2.1221021583887323e-18,0.041051217306270205,0.015089807560387292,0.11842568583814289,5.2078431889106221e-06,-0.00020227319466090593,0.0002634801862078649,-1.5991993144655963e-20,0.0001304455222266616,9.1974114095361506e-05,-0.00027724076617648781,5.4053474235579903e-10
43,2,lumen,0.0086842105263157891,0.0025000000000000001,0.0086759868421052641,0.0087500000000000008,0.002,0.0030000000000000001,1000145.6820532413,1.3147696537430598,12.820902704891003,3127.5160358027138,0.16862241631713751,1173,1173,4.0501531583072222e-05,0.23412355383499273,0.59999999999999998,2,500000,0.00035,0.0001,0.074096630802102117,0.16650229224051319,9.8771854506475216e-18,0.18066761457249897,0.067564686953498862,0.53710923103313901,2.33854380772729e-05,0.059214965671880636,0.076212413029523307,3.9575734002411663e-18,0.0526329139121261,0.42968267743910094,0.38224952500553416,7.5049418347927193e-06,0.2723992894900974,0.0015230267122358701,1.0205787594088619e-09,0.0019632936904873505,1.9998996966533042e-05,0.39126340110728974,7.2278134055315773e-05,8.5267873232669927e-07,2.8387753987246892e-10,3.1896306593097174e-12,2.8772000082591328e-10,6.9806529285171817e-11,6.2374501153808191e-08,0.33275779515046167,nan,nan,nan,nan,nan,nan,nan,nan,nan,nan,nan,nan,nan,nan,0,0,0,0,0,0,0,-5.382846322587129e-11,7.2594655721417309e-15,-1.7710479776521857e-12,-1.5365622971056291e-10,-9.0736879815311866e-16,-7.3808703723518554e-11,5.4139828826709078e-15,-9.1615083575025125e-15,1.9732366422287414e-17,3.2151573369398528e-21,9.5042535394460034e-21,-1.3810400712032212e-20,-2.1074776512339363e-14,2.8308291804535743e-10,nan,nan,nan,nan,nan,nan,nan,nan,nan,nan,nan,nan,nan,nan,-1.9070924096344088e-07,1.640725916796093e-07,7.3006707631642889e-23,2.6712260166620802e-08,5.9887221807997104e-07,-2.1726961579870974e-07,0,0.016435675522256239,0.0369433346141258,2.1903963841724547e-18,0.040075646762137235,0.014926120767554589,0.11915024447797681,5.1870588599777359e-06,-0.0003854501038799344,0.00052216584910367376,-3.1943065694510917e-20,0.00025792059183307183,0.00017342581651373065,-0.000532235818472979,-3.2813063230752707e-10
43,3,support,0.0086842105263157891,0.0035000000000000001,0.0086759868421052641,0.0087500000000000008,0.0030000000000000001,0.0040000000000000001,1001194.0730095443,1.3294419048002226,12.950403232046733,3120.6909044014769,0.16882514643791427,1173,1173,4.0368202540209882e-05,0.23402483284182232,0.40000000000000002,2,300000,0.00033700000000000001,0.0001,0.081175643239787848,0.15299532995731929,1.0452673377703343e-17,0.17147672614296824,0.065962843590069348,0.54187282320485874,2.3158624206822079e-05,0.065527476941720439,0.07073728009879772,4.2304623755902941e-18,0.05045996838061962,0.42373284862293015,0.38953491873386015,7.5072220720346533e-06,nan,nan,nan,nan,nan,nan,nan,nan,nan,nan,nan,nan,nan,nan,0.27476654258733468,0.0015977876901441597,1.1477599775219115e-09,0.0020332824303804656,1.9493809159649533e-05,0.3836860169231972,7.5338742390979003e-05,7.7836701839053019e-07,2.6605205554837528e-10,3.4172427923942218e-12,3.2078949463006861e-10,7.787171287646798e-11,6.0408222501170117e-08,0.33782069722626801,0,0,0,0,0,0,0,nan,nan,nan,nan,nan,nan,nan,nan,nan,nan,nan,nan,nan,nan,2.7479034492042101e-10,4.1150215218516363e-14,9.1301367570216081e-12,6.3491384311652577e-10,4.6613104001669292e-15,4.7871996536157091e-10,-4.3887627185771424e-14,1.6609977282477928e-15,-4.1217376981727443e-18,1.8070952784525702e-20,-1.8732766421697455e-19,2.2244516475851585e-19,6.5036232356517182e-15,-1.39756428671052e-09,-2.2013408417995151e-07,1.9262357070504166e-07,-1.178300047766368e-22,2.7022650532702955e-08,6.8726014294806514e-07,-2.4778252522006383e-07,0,0.018179779022393688,0.034423273109123027,2.3398025454153421e-18,0.038524136133862442,0.014792923060230124,0.12160682314600745,5.199424221782834e-06,-1.5680693390560046e-05,-4.4734775851612428e-06,-1.6294435412230898e-20,-7.5712473312649554e-05,7.0176606499594199e-05,-0.00010847298629422918,-5.2804106214380145e-09
43,4,support,0.0086842105263157891,0.0045000000000000005,0.0086759868421052641,0.0087500000000000008,0.0040000000000000001,0.0050000000000000001,1000878.7846679765,1.5813252309196271,15.408909832807391,2758.4289747699786,0.13827446113148895,1173,1173,4.1353713153027614e-05,0.20470587875230148,0.40000000000000002,2,300000,0.00033700000000000001,0.0001,0.080206828448511153,0.13239854969584827,2.1758341124500628e-17,0.22557198169154191,0.041278815841009807,0.53269293850915378,2.3733256549830541e-05,0.077036700588328802,0.072835320037764897,1.047791476026299e-17,0.078979716119263077,0.315506721874594,0.45563238734725298,9.1540327963760758e-06,nan,nan,nan,nan,nan,nan,nan,nan,nan,nan,nan,nan,nan,nan,0.24801144192942123,0.0026258732720977657,1.4112404601872799e-09,0.0024873960858316159,3.296998859492029e-05,0.39330580782585034,0.00010682306669017661,5.3366528225141137e-07,2.4719022617234092e-10,4.1664459302114095e-12,3.8543417376611135e-10,1.0243958650543537e-10,8.8161740029543294e-08,0.35342906385402084,0,0,0,0,0,0,0,nan,nan,nan,nan,nan,nan,nan,nan,nan,nan,nan,nan,nan,nan,-1.2740348700318216e-11,-3.0121706209865839e-14,-1.0468339552958008e-11,-1.8413668800885145e-10,3.0115124803609117e-14,9.0684387798502242e-10,9.3564018702410412e-15,1.7826452120006664e-14,-6.5572149848920915e-18,-1.7871171864487954e-19,1.0347047186060969e-18,-9.531514827496337e-19,3.1732869121658699e-14,-6.995574957800606e-10,-3.2679308044868127e-07,1.5523753615909186e-07,-1.1900411189716463e-21,1.7065908903140888e-07,1.1510761082911269e-06,-4.972785244139466e-07,0,0.017418718657342212,0.028875400214242328,4.7329330913405068e-18,0.049220940882782525,0.0089854298060640641,0.11591610277490583,5.1679625896693306e-06,0,0,0,0,0,0,0
44,0,lumen,0.0088157894736842109,0.00050000000000000001,0.0087500000000000008,0.0088815789473684209,0,0.001,1000145.0996791195,1.3498630889078962,13.163122038841996,3025.3434221811672,0.16961573577161945,1173,1173,4.0597975906536278e-05,0.23449748579919871,0.59999999999999998,2,500000,0.00035,0.0001,0.065769335184948777,0.17115773348209812,9.0774663116060519e-18,0.18084572134014151,0.066688111906566386,0.51469538217449917,2.2773712101931926e-05,0.053963085797730195,0.080434492456852927,3.7342270411634281e-18,0.054091079102063101,0.43542845018158993,0.37607538875333629,7.5037084274138383e-06,0.27097114941838446,0.0014611718838223079,9.1906211719761048e-10,0.0019087362970355748,2.025002457035718e-05,0.3967456796043215,6.9804730351967812e-05,9.1592916381552502e-07,2.9803306209937239e-10,3.0146779126842462e-12,2.6161486280867613e-10,6.3434880022338304e-11,6.3577420729064831e-08,0.32882222699007307,nan,nan,nan,nan,nan,nan,nan,nan,nan,nan,nan,nan,nan,nan,0,0,0,0,0,0,0,2.0276590702004782e-11,3.8418645334960425e-14,5.4649374200528097e-13,4.3824262304207046e-11,7.1904288079238654e-16,3.53326911999019e-11,-3.834580321584773e-14,5.0365527720641623e-15,-4.4576169708393155e-18,3.8222911044475826e-20,-4.7877260383478698e-19,4.7172359683680882e-19,1.2209600043289028e-14,-9.999825983152768e-11,nan,nan,nan,nan,nan,nan,nan,nan,nan,nan,nan,nan,nan,nan,-1.6788073305910173e-07,1.4787471297461607e-07,-1.4966464654657371e-23,1.9970122903683416e-08,5.2360056533584665e-07,-1.8789414168995933e-07,0,0.015063197342252978,0.039215586015933349,2.0785553017013364e-18,0.041422630486321901,0.015217495389655672,0.11790327207514141,5.2161065960242155e-06,-8.1962435606452519e-05,0.00010153469771720618,-4.2897125369287204e-21,4.3568774816789403e-05,4.1369923838670748e-05,-0.0001139561735024531,4.532008972837642e-10
44,1,lumen,0.0088157894736842109,0.0015,0.0087500000000000008,0.0088815789473684209,0.001,0.002,1000144.8497416853,1.3785211649469129,13.442583185693294,2967.5797610043928,0.16936317216114011,1173,1173,4.0573151772428236e-05,0.23441471435669292,0.59999999999999998,2,500000,0.00035,0.0001,0.065995323112653853,0.16539660671513343,8.9756070191972736e-18,0.17589378391539737,0.065091774932854202,0.50598704763823454,2.2290942986666825e-05,0.055298112622860857,0.079377281128153496,3.7707151696247259e-18,0.053726892729421036,0.43402857105124915,0.37756164189621555,7.5005720997700964e-06,0.27132721202512061,0.0014759845863992589,9.4455607313753821e-10,0.0019218890648384785,2.0186367863569219e-05,0.39539850542408567,7.0398941147483391e-05,9.000717408271183e-07,2.9450219484427831e-10,3.0581735736534054e-12,2.6816327640476521e-10,6.5025214612018757e-11,6.3275794328283961e-08,0.3297848586679859,nan,nan,nan,nan,nan,nan,nan,nan,nan,nan,nan,nan,nan,nan,0,0,0,0,0,0,0,5.9251734462775456e-11,6.5660148067851523e-14,-1.2276316035631478e-11,-1.117745752636259e-10,-5.5706307622305218e-16,3.2585222129073721e-10,-4.7457573645452261e-14,3.039235529911366e-15,7.0812878764794036e-18,2.7278691801174709e-19,-1.1421923931115704e-18,1.4061560081737616e-18,-4.085189314913311e-15,-2.6106974931354394e-10,nan,nan,nan,nan,nan,nan,nan,nan,nan,nan,nan,nan,nan,nan,-1.7350542575247929e-07,1.5164955485813536e-07,3.5668713465253085e-22,2.1542296645233525e-08,5.4206581326377012e-07,-1.9494823466637001e-07,0,0.015417718561284672,0.038654486225790541,2.0961788332844427e-18,0.041094685126909489,0.015149339923123438,0.1182330906404324,5.2077972752845318e-06,-0.00020124926910329772,0.00026294955789913342,-1.6647352619959974e-20,0.00012953882450985173,9.1173066188303579e-05,-0.00027688357008250877,4.883075593400559e-10
44,2,lumen,0.0088157894736842109,0.0025000000000000001,0.0087500000000000008,0.0088815789473684209,0.002,0.0030000000000000001,1000144.1162438137,1.3388453574977848,13.055696022549979,3068.0945579286017,0.16879594669233078,1173,1173,4.0505238311064322e-05,0.23434120374706305,0.59999999999999998,2,500000,0.00035,0.0001,0.07198252521633397,0.16441892658823259,9.5889928130184096e-18,0.17745286794359022,0.066542653280199718,0.52600242717335155,2.2941153202668229e-05,0.058578942103097609,0.07663704126704482,3.9124625079437704e-18,0.052643111686273662,0.430932863968366,0.38120054378566531,7.4971895524602084e-06,0.27238749868907514,0.0015121790224162249,1.0081069914660122e-09,0.0019549778176340487,1.9967189809270718e-05,0.39179192647013267,7.1867599078731672e-05,8.6099752629423237e-07,2.8544639847484477e-10,3.1676994156032775e-12,2.8454933406489294e-10,6.9001134099396765e-11,6.2365696580144459e-08,0.33226065819835943,nan,nan,nan,nan,nan,nan,nan,nan,nan,nan,nan,nan,nan,nan,0,0,0,0,0,0,0,-8.5784264241456883e-11,3.892466205989131e-14,5.9393338571996469e-13,6.5445341326524671e-11,-2.9141185992065388e-15,-5.2023324797340065e-10,-1.1594806609572042e-14,-1.9890773056419064e-15,3.2878254277562142e-17,8.6340647049190468e-20,-1.2979849338483031e-19,3.135707285338988e-19,-2.6213407184312915e-14,5.3998222543042665e-10,nan,nan,nan,nan,nan,nan,nan,nan,nan,nan,nan,nan,nan,nan,-1.8774243210669533e-07,1.6227324894924067e-07,8.5556505774061237e-23,2.5988853519215478e-08,5.8925727926262272e-07,-2.137961372938868e-07,0,0.016276525997609651,0.037187274458669151,2.1678172883744332e-18,0.04012462266966272,0.014986653687280523,0.11895235558684786,5.187173063084967e-06,-0.00038099694102460409,0.00051786865389961468,-3.1086841447466875e-20,0.00025260582485037213,0.00017225738955009922,-0.00053531987250351554,-3.9756016873229267e-10
44,3,support,0.0088157894736842109,0.0035000000000000001,0.0087500000000000008,0.0088815789473684209,0.0030000000000000001,0.0040000000000000001,1001181.2733340367,1.3409128695770651,13.062311565561567,3090.5059755434067,0.16901889294541494,1173,1173,4.0374113776909189e-05,0.23423671373242561,0.40000000000000002,2,300000,0.00033700000000000001,0.0001,0.079594321175914209,0.15273066264152269,1.0234055931454582e-17,0.17022107270386486,0.065599470792329806,0.53566222242439254,2.2937975555230285e-05,0.064806197223035975,0.071225116067056185,4.1777744595300685e-18,0.050523317655070336,0.42504004267131346,0.3883978264340025,7.4999495215432543e-06,nan,nan,nan,nan,nan,nan,nan,nan,nan,nan,nan,nan,nan,nan,0.2747113174421093,0.0015854722947486353,1.1331445951266076e-09,0.0020238075368447777,1.9476749450712598e-05,0.38434899743252787,7.4872786967699744e-05,7.8707364853544962e-07,2.6782959986631125e-10,3.3898286304411298e-12,3.1703154036103614e-10,7.6910930522958682e-11,6.0447889554093518e-08,0.33723520643757859,0,0,0,0,0,0,0,nan,nan,nan,nan,nan,nan,nan,nan,nan,nan,nan,nan,nan,nan,2.6820655996616545e-10,-2.8511072075328119e-15,9.6039108675808306e-12,6.3134705977617612e-10,4.1502174960572624e-15,4.3335144392191161e-10,-8.7632709813945482e-15,-1.6926564316843695e-15,-2.8505499523523443e-18,-7.8249091980188592e-20,5.78529293238975e-19,-8.4688220651235962e-19,6.5246520148477022e-15,-1.3425060787147148e-09,-2.1653838006008286e-07,1.8997642686757743e-07,-6.5569284849079354e-23,2.6118988864411846e-08,6.7557121589956193e-07,-2.4327911279931058e-07,0,0.018002019285516181,0.034692951806276712,2.3171654316287172e-18,0.038609669646632476,0.014855415540165175,0.12139053619593278,5.2001871478136461e-06,-1.566009839819991e-05,-4.7448536514838699e-06,-1.63855629070123e-20,-7.7507710818327499e-05,7.126915695634973e-05,-0.00011089114124000312,-5.3717816871387071e-09
44,4,support,0.0088157894736842109,0.0045000000000000005,0.0087500000000000008,0.0088815789473684209,0.0040000000000000001,0.0050000000000000001,1000868.0989915549,1.5881399253804984,15.475479491094086,2745.1354386598518,0.13698991559659768,1173.0000000000002,1173,4.1377727708029741e-05,0.20449852643005922,0.40000000000000002,2,300000,0.00033700000000000001,0.0001,0.07908047547327067,0.13293367770916251,2.1615170922345505e-17,0.22648904537158038,0.041087348341101372,0.52991999891301855,2.3681645982396459e-05,0.076283006690305383,0.073445640951940575,1.0453938818215236e-17,0.079643404226530268,0.31540000823221875,0.45521876631135272,9.1735876524637576e-06,nan,nan,nan,nan,nan,nan,nan,nan,nan,nan,nan,nan,nan,nan,0.24761826163359915,0.0026206755346260598,1.3954468954740335e-09,0.002481604961349089,3.3180199684743652e-05,0.39420869228034527,0.00010659300850184817,5.3767482900318073e-07,2.4886372098821296e-10,4.1284614953087373e-12,3.811570775929351e-10,1.0132845969587373e-10,8.8708139405621702e-08,0.35293036386793419,0,0,0,0,0,0,0,nan,nan,nan,nan,nan,nan,nan,nan,nan,nan,nan,nan,nan,nan,6.7871214740602911e-11,6.3688950934257996e-16,-1.442677157347343e-10,-1.5677084525801237e-09,9.4898156173528481e-14,6.1850771364366924e-09,4.3881651373353667e-13,7.0198274276789263e-13,1.5417767479059681e-15,2.4681853910822805e-19,2.3368580016766925e-17,7.2424824753027787e-19,2.6650092135725638e-13,-4.5424767286100697e-09,-3.2251061695461741e-07,1.4695808225884122e-07,-8.8727428471294297e-22,1.6951066035096297e-07,1.1374411241493743e-06,-4.9059793544303787e-07,0,0.017212558656390205,0.029044166618695844,4.6939969667881475e-18,0.049506339118634404,0.0089621673177405978,0.11555316012249595,5.1673343317117438e-06,0,0,0,0,0,0,0
45,0,lumen,0.0089473684210526309,0.00050000000000000001,0.0088815789473684209,0.009078947368421051,0,0.001,1000143.5210800957,1.3416010979143917,13.082576298237081,3040.9559817250379,0.16975085638175397,1173,1173,4.0601575508215146e-05,0.23470078163344357,0.59999999999999998,2,500000,0.00035,0.0001,0.065434159859320454,0.17309682336250848,9.032029364334644e-18,0.18196180976697832,0.067279843448225643,0.51650602695176129,2.2890066432062684e-05,0.0533595579923083,0.080847997094697754,3.6927999652111302e-18,0.054091873472285106,0.43660401053812403,0.37508906500670081,7.4958958840844919e-06,0.27095863558501676,0.0014513926805006516,9.0751650115936322e-10,0.0019010764865798563,2.0217895133462155e-05,0.3972338944967318,6.943102326700206e-05,9.2425736007685299e-07,2.995509067892074e-10,2.9956353991990284e-12,2.5870077814685332e-10,6.2704608733795551e-11,6.3562062238054027e-08,0.32836436248196027,nan,nan,nan,nan,nan,nan,nan,nan,nan,nan,nan,nan,nan,nan,0,0,0,0,0,0,0,1.2855058427508627e-11,7.1221753106019957e-14,1.1862517634118749e-12,6.3124665146245619e-11,1.457167719820518e-16,7.5962953375446896e-12,-5.1130175621852115e-14,4.5100641971052013e-15,1.0978087352150883e-17,1.5728035754655423e-19,-6.1833880778416143e-19,9.4251953000368503e-19,-8.3476593240472309e-15,-8.477873974067977e-11,nan,nan,nan,nan,nan,nan,nan,nan,nan,nan,nan,nan,nan,nan,-1.6522727071168614e-07,1.457771702795263e-07,2.5467082044496424e-23,1.9441321499409827e-08,5.1511318448216326e-07,-1.8473053797762873e-07,0,0.014833935648604106,0.03957823371860935,2.0486631761166835e-18,0.041489571895731395,0.015303926517400146,0.1176193422912704,5.2159221526775851e-06,-8.1884163457052382e-05,0.00010215015806789339,-2.7632238013855533e-21,4.4313762238868379e-05,4.0661256159596704e-05,-0.00011240262960915993,4.6725583806454541e-10
45,1,lumen,0.0089473684210526309,0.0015,0.0088815789473684209,0.009078947368421051,0.001,0.002,1000143.2739665434,1.3632409105971535,13.293599461163394,2997.8431175171718,0.16960508650351871,1173,1173,4.0576388022487323e-05,0.2346262359547929,0.59999999999999998,2,500000,0.00035,0.0001,0.066004734880697941,0.16810591761761606,8.9451751667302704e-18,0.17784614698255133,0.066003437692627051,0.51030725631672891,2.2517000236907886e-05,0.054693044196489356,0.079783389355941411,3.716281510608716e-18,0.053721180751601497,0.43522979352462232,0.37656509950595823,7.4926653871432961e-06,0.27132247646327973,0.0014659749847152396,9.3291384697537999e-10,0.0019141345934708639,2.0152038194446815e-05,0.3958822950727563,7.0018152093571887e-05,9.0830540744746609e-07,2.9600328488908202e-10,3.0386281282623394e-12,2.6522103333050225e-10,6.4284359225800441e-11,6.3255428660685577e-08,0.32932397557314336,nan,nan,nan,nan,nan,nan,nan,nan,nan,nan,nan,nan,nan,nan,0,0,0,0,0,0,0,-9.3101694259472783e-12,1.5778220600341377e-15,-1.2116118820310413e-11,1.2484390402067118e-11,1.24759143987907e-15,4.0626214154945717e-10,-5.0811140770267551e-15,-3.6728432795118948e-15,8.2286660199474338e-18,-2.7787439543402645e-20,-3.5828862943639833e-19,3.8679672423909365e-19,-1.4695646676992368e-15,-3.973128216902437e-10,nan,nan,nan,nan,nan,nan,nan,nan,nan,nan,nan,nan,nan,nan,-1.7080297711174336e-07,1.4936991565850377e-07,6.4798735375006335e-22,2.103891931049531e-08,5.334888573127472e-07,-1.9186649691249613e-07,0,0.015189398375721532,0.039012483565469276,2.0634071290845888e-18,0.041157912758479284,0.015236945308339588,0.11795034429445435,5.2077362329977593e-06,-0.00020097175141776035,0.00026390099429711715,-1.8779353006745669e-20,0.00012910596531244016,9.0745280174687432e-05,-0.0002778974397282043,4.6558328342437418e-10
45,2,lumen,0.0089473684210526309,0.0025000000000000001,0.0088815789473684209,0.009078947368421051,0.002,0.0030000000000000001,1000142.5486454808,1.3670820916437292,13.331066281294222,3001.6997776825206,0.16897905697280757,1173,1173,4.0508450937518709e-05,0.23455771087077903,0.59999999999999998,2,500000,0.00035,0.0001,0.069757307630862922,0.16186570816146548,9.303460262288374e-18,0.17378833481387998,0.06535303055311098,0.51377135546407071,2.2444061076135005e-05,0.057965423650917204,0.077038289331278959,3.8760249203685616e-18,0.052643409537130731,0.43215554662052025,0.38018984141670276,7.4894434499967835e-06,0.27238501999035047,0.0015017620230781937,9.9612689587009151e-10,0.0019470151457872003,1.9933462084151111e-05,0.39228630360829503,7.1473642248617459e-05,8.6902467340066966e-07,2.8693784451474619e-10,3.1467515530532506e-12,2.8150775244364052e-10,6.8229079878254154e-11,6.2348486451550193e-08,0.33178755911908248,nan,nan,nan,nan,nan,nan,nan,nan,nan,nan,nan,nan,nan,nan,0,0,0,0,0,0,0,-5.2159825474760054e-11,3.9286985385727773e-14,-1.7723724323557095e-12,-1.4114821225503679e-10,-1.4212806279112478e-15,-8.9716979505272132e-11,-4.7975435241955816e-15,1.222980050563649e-15,3.9416827506579432e-17,2.3247394774154851e-19,1.4510867594499773e-20,8.073904456446672e-20,-3.0404252371770347e-14,2.8479374397526275e-10,nan,nan,nan,nan,nan,nan,nan,nan,nan,nan,nan,nan,nan,nan,-1.8490083002632024e-07,1.5968265915100588e-07,-5.1143471366975443e-23,2.53096908052469e-08,5.8004359693164531e-07,-2.1007114642257463e-07,0,0.016041575123997232,0.037547904057917768,2.138962161338466e-18,0.040195951534454183,0.015075890784679602,0.11866239716036042,5.1873610148954103e-06,-0.00037776832845923058,0.00051558786227018437,-3.250499676175111e-20,0.00024888060945384393,0.00017084426823591389,-0.00053857104740823343,-4.829293843173461e-10
45,3,support,0.0089473684210526309,0.0035000000000000001,0.0088815789473684209,0.009078947368421051,0.0030000000000000001,0.0040000000000000001,1001168.4575698175,1.3493721404160532,13.144884609508081,3067.8055090346629,0.16920560304319665,1173,1173,4.0378742817774459e-05,0.23445532861655707,0.40000000000000002,2,300000,0.00033700000000000001,0.0001,0.078266433253868048,0.15271601289254139,1.0109866043312105e-17,0.16928512892227637,0.065384868701718904,0.53080009729263977,2.2772133714736533e-05,0.064127858500271862,0.071668488664641372,4.1531665278117894e-18,0.050563145851735374,0.42632765589877547,0.38730535829183527,7.4927927407384315e-06,nan,nan,nan,nan,nan,nan,nan,nan,nan,nan,nan,nan,nan,nan,0.27468242120998959,0.0015737011249586951,1.1194645001505431e-09,0.002014840460567061,1.9452284794005916e-05,0.38494198413632486,7.4428902304895785e-05,7.9531654448651192e-07,2.6946502446693965e-10,3.3642804001201089e-12,3.1352151818343741e-10,7.6011820844297818e-11,6.0462833611750693e-08,0.33669231431993446,0,0,0,0,0,0,0,nan,nan,nan,nan,nan,nan,nan,nan,nan,nan,nan,nan,nan,nan,3.1587339271638474e-10,4.4781764732842741e-14,2.4437032841516545e-12,4.1459207477821566e-10,3.0505112325052153e-15,9.6714102481784692e-10,-2.5298806527165101e-14,2.777530809516815e-14,-1.6359568700670568e-18,2.1322273423870608e-19,-2.9698353420431436e-19,3.9706698579985498e-19,1.7800384294813266e-14,-1.7001182130626071e-09,-2.1317221107243489e-07,1.8708345927986869e-07,-5.9688900351369168e-22,2.5119118405348549e-08,6.6447050009466047e-07,-2.3870349036281269e-07,0,0.01773911496521401,0.035093224078763953,2.3022283798852867e-18,0.038735080940932122,0.014947345537620994,0.12107046436018615,5.2013387640683556e-06,-1.5649703693758681e-05,-4.979179840804009e-06,-1.5972349609720675e-20,-7.9044690357076678e-05,7.2364457477694697e-05,-0.00011204757110320949,-5.4678567355340954e-09
45,4,support,0.0089473684210526309,0.0045000000000000005,0.0088815789473684209,0.009078947368421051,0.0040000000000000001,0.0050000000000000001,1000857.431471371,1.6222558751026024,15.808087627483335,2686.0891633645642,0.1376548626027557,1173,1173,4.1399650890012259e-05,0.20430737310146613,0.40000000000000002,2,300000,0.00033700000000000001,0.0001,0.076709963507736637,0.13111480455376981,2.0772399239406048e-17,0.22338198505612483,0.040208617791420584,0.51838304686190495,2.3234725453195327e-05,0.075586724741715988,0.07399765511054425,1.0262263498018594e-17,0.080239087326873931,0.3152883697553383,0.45487896915874509,9.1939067825939721e-06,nan,nan,nan,nan,nan,nan,nan,nan,nan,nan,nan,nan,nan,nan,0.24726103228473054,0.0026163456506491452,1.380951712151289e-09,0.0024766004232334581,3.3374060759955941e-05,0.39502011904868689,0.00010639748423167715,5.4123687221689224e-07,2.5036984813498853e-10,4.0936043652912022e-12,3.7723625221349388e-10,1.0031094831670464e-10,8.9210033682768592e-08,0.35248549848784011,0,0,0,0,0,0,0,nan,nan,nan,nan,nan,nan,nan,nan,nan,nan,nan,nan,nan,nan,2.9996587538549698e-09,-5.1518272657599777e-14,2.5941402890128511e-09,1.0900548024223171e-08,-1.0969760256412942e-12,-8.8336334830296792e-08,-1.2796330592489399e-12,8.6968106327578454e-13,1.9589912571144672e-15,-1.4644047925346146e-17,9.8591640769980694e-17,-9.9727895867450512e-17,2.054655752456697e-12,7.1841489506838802e-08,-3.2147323906616537e-07,2.3806298438122653e-07,3.6032006317641592e-21,1.6915061994413821e-07,1.1242864552535314e-06,-4.9892902365122893e-07,0,0.016906905432982282,0.029291618185131988,4.6058212893994651e-18,0.049933241785233687,0.0089261686156796981,0.11501292787452345,5.1663750519611236e-06,0,0,0,0,0,0,0
46,0,lumen,0.0092105263157894728,0.00050000000000000001,0.009078947368421051,0.0093421052631578946,0,0.001,1000140.3586484086,1.329495336542017,12.964568382259294,3062.7101839807551,0.17013085030010761,1173,1173,4.0609285154240488e-05,0.23508593081723833,0.59999999999999998,2,500000,0.00035,0.0001,0.064563737137543667,0.17645395708579412,8.9377979546914825e-18,0.18366740080595381,0.068244513749480443,0.51853982475279714,2.3051687147452139e-05,0.05217484168384335,0.081672595250232946,3.6213104809805293e-18,0.054106400448558564,0.4388693775888759,0.37316930429821754,7.4807302715792473e-06,0.27091898519950192,0.0014325925005440692,8.8494356312554897e-10,0.0018861799759729864,2.0159531893639255e-05,0.39820395524038327,6.8709114543068629e-05,9.4077371744359169e-07,3.0256089277587873e-10,2.9589505352332876e-12,2.5300871099464682e-10,6.1284375154407394e-11,6.3542559475362742e-08,0.32746841261619614,nan,nan,nan,nan,nan,nan,nan,nan,nan,nan,nan,nan,nan,nan,0,0,0,0,0,0,0,1.8004577099659639e-11,2.7536143680579127e-14,3.8406961080342318e-12,8.6521113074658884e-11,-1.9981846038907847e-16,-2.1452950266925841e-10,-3.4133582848546147e-14,1.4055163283233085e-14,-5.4454152754372507e-18,-2.5428976364777771e-20,9.8513230148367685e-20,-1.2827683002455366e-19,1.8875846675263087e-14,1.0613715446802317e-10,nan,nan,nan,nan,nan,nan,nan,nan,nan,nan,nan,nan,nan,nan,-1.6008197359362875e-07,1.4192013492175803e-07,-5.5992799004581876e-23,1.8372494815007127e-08,4.985978968724547e-07,-1.7853714684434863e-07,0,0.014538555628113991,0.040047218195026206,2.0125448977540643e-18,0.041572716397808941,0.015415296594600643,0.11725447377103974,5.2157016406475574e-06,-8.081146583478124e-05,0.00010122375074204792,-5.9045913090771569e-21,4.4164517450380042e-05,3.9694763342750503e-05,-0.00011044910215585266,4.1897211101485786e-10
46,1,lumen,0.0092105263157894728,0.0015,0.009078947368421051,0.0093421052631578946,0.001,0.002,1000140.1171594578,1.3745804261846053,13.404218687573966,2967.281060282518,0.16988255119305976,1173,1173,4.0584200634662275e-05,0.23501794962853695,0.59999999999999998,2,500000,0.00035,0.0001,0.064018826275728941,0.16846505815569221,8.764206531878124e-18,0.17643267694904888,0.065805069542105285,0.50347403281326919,2.228698811863399e-05,0.053488895313948577,0.080619153185782388,3.6713963677841919e-18,0.05373769423206938,0.43753251135584931,0.37461426807348602,7.4778388643187149e-06,0.27127989130522046,0.0014466590517712733,9.0982635139582368e-10,0.00189889985727947,2.0094807468060281e-05,0.39687896346721957,6.9278008155062491e-05,9.2488436373885377e-07,2.9905614695936137e-10,3.0004944067252332e-12,2.5938860984611202e-10,6.2824541851704204e-11,6.3242220920410586e-08,0.32840522384220505,nan,nan,nan,nan,nan,nan,nan,nan,nan,nan,nan,nan,nan,nan,0,0,0,0,0,0,0,-1.4136692156034897e-11,2.7685136512744466e-14,1.104455463559894e-12,5.6834306577512162e-11,-1.5769720598801662e-15,-1.8196510357532114e-10,2.9815099709490339e-14,9.5664578689258484e-14,4.7683002961981272e-17,3.8869423455902482e-19,-8.0829421801206381e-19,1.6983160906675659e-18,4.2678412280299808e-14,1.3796858084865724e-10,nan,nan,nan,nan,nan,nan,nan,nan,nan,nan,nan,nan,nan,nan,-1.6550605123986234e-07,1.4555090349643862e-07,-4.9867002811401514e-23,2.0135871526080541e-08,5.1665774684905852e-07,-1.856976555303369e-07,0,0.014895370580986913,0.039473943882809399,2.048758735629822e-18,0.041237576061494086,0.01534979632375357,0.11758674212953303,5.2076575938228467e-06,-0.00019812694737190011,0.0002623771184162834,-1.4219788450465732e-20,0.00012735177873376695,8.8812045491073327e-05,-0.00027314411798564882,4.336305040951262e-10
46,2,lumen,0.0092105263157894728,0.0025000000000000001,0.009078947368421051,0.0093421052631578946,0.002,0.0030000000000000001,1000139.4080637709,1.3422366217761583,13.088827413837395,3051.0892966725905,0.16932745299046081,1173,1173,4.0516778568690153e-05,0.23496127036010805,0.59999999999999998,2,500000,0.00035,0.0001,0.069510959877371936,0.16668718067117003,9.2705525561035286e-18,0.17711318946449761,0.066928788965185934,0.52051473403096127,2.2814878065915217e-05,0.056711148613419998,0.077891458047271586,3.7921327094739733e-18,0.052675679284125816,0.43453341655876165,0.37818082265282965,7.4748435913018413e-06,0.27233600838531441,0.0014813185401037214,9.7172611857095057e-10,0.00193106993327926,1.9879837764735565e-05,0.3933405545384861,7.0694245222342525e-05,8.855758083176804e-07,2.9006244972351709e-10,3.1047528372735045e-12,2.7531307819786975e-10,6.6667875815463285e-11,6.2351383785748605e-08,0.33081952498576295,nan,nan,nan,nan,nan,nan,nan,nan,nan,nan,nan,nan,nan,nan,0,0,0,0,0,0,0,-4.771130391228123e-11,1.2460418471395158e-13,-1.3386841012196181e-12,-1.5342548034141392e-10,-8.8601001535515422e-16,-6.6952798340180752e-11,-6.8027410927726136e-14,-2.7209137720696219e-15,3.9326317817544186e-17,2.7153036280661942e-19,4.9775236638739277e-19,-5.8535610530725464e-19,-4.759000771742124e-14,2.6942281722621787e-10,nan,nan,nan,nan,nan,nan,nan,nan,nan,nan,nan,nan,nan,nan,-1.7918063615566387e-07,1.549037043635515e-07,-2.4017457520909584e-23,2.4345274367282842e-08,5.6191512315395542e-07,-2.0337383455082403e-07,0,0.015737851610358452,0.038015092081780971,2.0979170064731827e-18,0.04028903166118223,0.015190480427483423,0.11828633208848804,5.1876624067068572e-06,-0.00036786441761002021,0.00050230420165801165,-3.7729536367328532e-20,0.00023644674154122447,0.00016824448380989694,-0.00051864433945422359,-6.6498969341364986e-10
46,3,support,0.0092105263157894728,0.0035000000000000001,0.009078947368421051,0.0093421052631578946,0.0030000000000000001,0.0040000000000000001,1001142.7786444942,1.3303724498311225,12.960131876808305,3104.7819473234999,0.16957127788675208,1173,1173,4.039142250124532e-05,0.23484504231668024,0.40000000000000002,2,300000,0.00033700000000000001,0.0001,0.077627286244285124,0.15701839130039283,1.0155352824911202e-17,0.1721518557757907,0.066702919301872929,0.53533599168263846,2.3055622037905412e-05,0.062710208001289194,0.072651876413330277,4.1132168218753339e-18,0.050696692805824513,0.42880884460336077,0.38512489872933375,7.4794468614043045e-06,nan,nan,nan,nan,nan,nan,nan,nan,nan,nan,nan,nan,nan,nan,0.27454344857471252,0.0015505161540099398,1.09097937708596e-09,0.0019966564882368128,1.9428227926966883e-05,0.38626422428629176,7.3544488984951366e-05,8.1272019376096916e-07,2.7301723161227197e-10,3.3120630590573188e-12,3.0621022577723363e-10,7.4157546348266739e-11,6.0562625280403892e-08,0.33555130674940065,0,0,0,0,0,0,0,nan,nan,nan,nan,nan,nan,nan,nan,nan,nan,nan,nan,nan,nan,7.7982938249347858e-11,6.1344178913584345e-14,5.5173276290700922e-12,5.5953251848053631e-10,1.619396890889524e-14,1.7205541145461078e-09,-7.8840349815783379e-14,1.1529839583079848e-14,2.7494856454960748e-18,-1.4031683804352364e-19,5.0429221140660186e-20,-1.2300939558260426e-19,3.0858996001729169e-14,-2.3636277659157898e-09,-2.0627718722021626e-07,1.8050722772056105e-07,-1.7749387561083668e-21,2.4043829420765061e-08,6.4281988962355818e-07,-2.3087504985586094e-07,0,0.017399517136647731,0.035611210281553937,2.2639767713009819e-18,0.03889671913559014,0.01506525489963597,0.12065989097817104,5.2028876893711913e-06,-1.5543384285339292e-05,-5.5312216118248324e-06,-1.6018352999382683e-20,-8.2256458307778128e-05,7.4398433361817028e-05,-0.00011317440120389675,-5.6491720957897277e-09
46,4,support,0.0092105263157894728,0.0045000000000000005,0.009078947368421051,0.0093421052631578946,0.0040000000000000001,0.0050000000000000001,1000836.15208084,1.6051310711556253,15.641547371863405,2711.9906012848146,0.13603740315885163,1173,1173,4.1448610549193641e-05,0.2038596647765597,0.40000000000000002,2,300000,0.00033700000000000001,0.0001,0.075987396976788815,0.1347389599740289,2.0924871864792994e-17,0.22959820462533334,0.040593520244233725,0.5230129931439087,2.3583842038547423e-05,0.074085923423114902,0.07524190736413354,1.0228682246494512e-17,0.081603108321978202,0.31495311006491966,0.45410671708912115,9.2337367323274875e-06,nan,nan,nan,nan,nan,nan,nan,nan,nan,nan,nan,nan,nan,nan,0.24644277369177237,0.0026074485217943847,1.3497574809177735e-09,0.0024654993948867612,3.3819246219764367e-05,0.39683409990508306,0.00010597813675535322,5.4914423404911511e-07,2.5373181093634778e-10,4.0190798051208601e-12,3.6879129761548797e-10,9.8128333387709662e-11,9.0350693506320705e-08,0.35150973953411446,0,0,0,0,0,0,0,nan,nan,nan,nan,nan,nan,nan,nan,nan,nan,nan,nan,nan,nan,3.9706389036079367e-10,3.1633280289121084e-15,2.8160159897864456e-10,1.0044540368401423e-09,-1.0401954905064903e-13,-9.2795047156295912e-09,-1.21265589092747e-13,2.129199594413933e-14,2.0105612586509333e-16,-1.6062234428961834e-18,9.4150760247872741e-18,-1.1121464971718354e-17,1.2538724382946059e-13,7.5964606822155278e-09,-3.1107838620574729e-07,1.5181135004649349e-07,4.0840531941794815e-21,1.682648964782173e-07,1.1004565981659331e-06,-4.8006601710559593e-07,0,0.016509627114805334,0.029605511857723452,4.6036046170607576e-18,0.050498629839450367,0.008875033303462232,0.11430509725515509,5.165053597040434e-06,0,0,0,0,0,0,0
47,0,lumen,0.0094736842105263147,0.00050000000000000001,0.0093421052631578946,0.0097368421052631566,0,0.001,1000137.1894077447,1.3070800169700929,12.746025873917898,3109.5816680282533,0.17042954334249066,1173,1173,4.0614229852424808e-05,0.23548089185553917,0.59999999999999998,2,500000,0.00035,0.0001,0.064313936342367387,0.18106528145627857,8.9086022616063254e-18,0.18672014527556408,0.069762886883471598,0.52486174745894576,2.3399094154781469e-05,0.051096870702070897,0.08239424356693871,3.5486366312543818e-18,0.054078479467019207,0.44107121094044471,0.37135172985520309,7.4654683234814928e-06,0.27092855481786032,0.0014150068105540181,8.6452352333106439e-10,0.0018723656003075192,2.0088007119071654e-05,0.39903281263844181,6.8035595271829179e-05,9.5614761476444445e-07,3.0524409147332488e-10,2.9263788320944482e-12,2.4788091565664727e-10,6.000348219709414e-11,6.3475478405392196e-08,0.32666211542678791,nan,nan,nan,nan,nan,nan,nan,nan,nan,nan,nan,nan,nan,nan,0,0,0,0,0,0,0,1.6580908306846257e-11,1.0801781765117773e-13,4.845685558628722e-13,4.0168674002684329e-11,6.596286017401809e-16,3.4719322685936027e-11,-8.7444777824911264e-14,5.9052155526595485e-15,6.272063131977006e-18,3.0445805131044289e-19,-1.1327942513350785e-18,1.4726723800390209e-18,-6.7140278776264291e-15,-9.1974011888880055e-11,nan,nan,nan,nan,nan,nan,nan,nan,nan,nan,nan,nan,nan,nan,-1.5543716215277864e-07,1.384511041369052e-07,-1.7144695403715791e-23,1.6950854255939717e-08,4.8325265224191671e-07,-1.7242770911085614e-07,0,0.014112705546365061,0.040728191331437728,1.9589394630258752e-18,0.041683603914957568,0.01557561235641086,0.11673184338060212,5.2153650291197198e-06,-8.400726381123208e-05,0.00010717948695799565,-1.4317858541314145e-20,4.6039090394508702e-05,4.0496783191595575e-05,-0.00011438555647575749,4.2637284083236629e-10
47,1,lumen,0.0094736842105263147,0.0015,0.0093421052631578946,0.0097368421052631566,0.001,0.002,1000136.9536398965,1.3943155117559309,13.596708348377193,2920.1602947119322,0.17027927218304029,1173,1173,4.0587754422017183e-05,0.23542048000805249,0.59999999999999998,2,500000,0.00035,0.0001,0.061899612737558452,0.16744189805949158,8.6365380921145947e-18,0.17379611382771054,0.065196595074776598,0.49400174016646131,2.1926492315159461e-05,0.05246094753288514,0.081280208968711617,3.6698696661707651e-18,0.053694814056141814,0.43971184947370162,0.37284471743736802,7.4625311917936676e-06,0.27131803407795169,0.0014293392061032445,8.9025124494645543e-10,0.0018855030616551456,2.0017046779631772e-05,0.39764049512992256,6.8618733134195766e-05,9.3934925273233525e-07,3.0154976719598461e-10,2.9686497065531669e-12,2.5446904016406659e-10,6.1587782663871963e-11,6.3153877285450515e-08,0.32763698873049713,nan,nan,nan,nan,nan,nan,nan,nan,nan,nan,nan,nan,nan,nan,0,0,0,0,0,0,0,-4.7300828892120432e-10,4.3204514214142066e-13,1.1716773206770373e-10,8.4899394329441446e-10,-7.9338662375971758e-15,-3.2158634498836297e-09,-3.0673501573360119e-13,6.1203863158110217e-14,1.1360397942470917e-16,2.9072426109406502e-18,-1.2744341712307292e-17,1.6513577775383151e-17,-3.2147595822412615e-14,2.7225634245514423e-09,nan,nan,nan,nan,nan,nan,nan,nan,nan,nan,nan,nan,nan,nan,-1.6112304426774138e-07,1.4590355340571293e-07,-1.5052182429715756e-21,1.8318165329949861e-08,5.015724924839482e-07,-1.8017305986051113e-07,0,0.014465906278687662,0.040154523263474885,2.0071498657110947e-18,0.041343198669280962,0.015514097727634653,0.11706228481251087,5.2076007825508124e-06,-0.00019465197510787574,0.00025924194294138687,-5.3180518763509255e-21,0.00012464613357335026,8.7085213304738453e-05,-0.00027215360859683934,3.2112183674492559e-10
47,2,lumen,0.0094736842105263147,0.0025000000000000001,0.0093421052631578946,0.0097368421052631566,0.002,0.0030000000000000001,1000136.2607067151,1.3621190068051363,13.282752394824303,3001.0699594024491,0.16965462432344028,1173,1173,4.0521533520460802e-05,0.23536868732623706,0.59999999999999998,2,500000,0.00035,0.0001,0.067176513977823468,0.16574221601460673,8.9492529441625443e-18,0.17447816284723661,0.066293262701779862,0.5104071863272337,2.2438095691251151e-05,0.055618587665329615,0.078597387243538194,3.7149419018677253e-18,0.052660824726843983,0.43678422317102339,0.37633151687613642,7.4603171283670362e-06,0.27235339523270286,0.0014627927019576269,9.5060631452441676e-10,0.0019167889865895412,1.9809154871742617e-05,0.39418859202580547,6.9990570688567948e-05,9.0036581485890302e-07,2.927090431216422e-10,3.0689725507109967e-12,2.6997486742946871e-10,6.5318773061202508e-11,6.2290078915462465e-08,0.32998766708981259,nan,nan,nan,nan,nan,nan,nan,nan,nan,nan,nan,nan,nan,nan,0,0,0,0,0,0,0,-4.4662514990245798e-11,2.3509754438700387e-13,-1.959549984566591e-12,-1.4781803931629549e-10,-2.5435382966509934e-15,-4.0928764934514139e-11,-1.0962329687094293e-13,4.3067329216772698e-14,1.0863458115599235e-16,8.0762301910611385e-19,-1.3052565752156802e-18,2.3107588455183289e-18,-6.1526939862425296e-14,2.3526450216497388e-10,nan,nan,nan,nan,nan,nan,nan,nan,nan,nan,nan,nan,nan,nan,-1.7423848706118322e-07,1.5180025375594042e-07,1.1081106635962978e-23,2.2481142591640007e-08,5.4522491751973767e-07,-1.9657378946824622e-07,0,0.015295292645029233,0.038701846804988192,2.039775050592952e-18,0.040416027885330462,0.015356069316213354,0.11774360228637351,5.1881759796495988e-06,-0.00036002939231221157,0.00049393590838662247,-3.0757524316408689e-20,0.00022712529213103324,0.00016637079766618137,-0.0005120878185749828,-8.6971182807398446e-10
47,3,support,0.0094736842105263147,0.0035000000000000001,0.0093421052631578946,0.0097368421052631566,0.0030000000000000001,0.0040000000000000001,1001117.0391929016,1.3137079223251926,12.798119556367284,3137.9613277030658,0.16991612594055366,1173,1173,4.0399710812171937e-05,0.23524232867097311,0.40000000000000002,2,300000,0.00033700000000000001,0.0001,0.077068042008377191,0.16076195298167115,9.9413819662402242e-18,0.17456338141501604,0.067915067240354066,0.53933373959209907,2.3306528957306172e-05,0.061480148076939939,0.073454148317548137,3.9762171060521304e-18,0.050764230623579681,0.4311434276888762,0.38315057896654692,7.4663265091249191e-06,nan,nan,nan,nan,nan,nan,nan,nan,nan,nan,nan,nan,nan,nan,0.27449608506530404,0.0015298128851764367,1.0664827470267347e-09,0.001980668405517028,1.9380089042123661e-05,0.38731220131419303,7.2758800190607457e-05,8.2801373814867929e-07,2.7597735582896858e-10,3.2675839326060691e-12,2.9994604850968649e-10,7.2564401917370461e-11,6.0575763039714609e-08,0.33458820313284682,0,0,0,0,0,0,0,nan,nan,nan,nan,nan,nan,nan,nan,nan,nan,nan,nan,nan,nan,2.2757728180932243e-10,2.6136023495899945e-13,7.6046852883815682e-12,5.5946078843458556e-10,1.744752346072298e-15,4.432018901184831e-10,-1.9944381834077076e-13,2.5741995340888835e-14,2.5977198716800386e-17,1.4639234231781925e-18,-6.4675579639720228e-18,8.2835838332845365e-18,-1.5620831069235756e-14,-1.2379187399134124e-09,-2.0037412124668252e-07,1.7802900353913742e-07,-6.0260939565565674e-22,2.189429920232136e-08,6.2288019007927797e-07,-2.2282029887854549e-07,0,0.01690397102509781,0.036373106265528067,2.1750802779628655e-18,0.039126328718904889,0.015235729159052504,0.12006502260055113,5.2052312669970402e-06,-1.549176766048075e-05,-6.0017179198787365e-06,-1.688610637527368e-20,-8.5611427559420341e-05,7.6641366863749083e-05,-0.00011666513058923465,-5.8475361437169568e-09
47,4,support,0.0094736842105263147,0.0045000000000000005,0.0093421052631578946,0.0097368421052631566,0.0040000000000000001,0.0050000000000000001,1000814.9484060637,1.6247507334544107,15.833070859286298,2677.0797557926899,0.13637975573618558,1173,1173,4.1491802724187271e-05,0.20343857344467309,0.40000000000000002,2,300000,0.00033700000000000001,0.0001,0.073754694029767004,0.13490577429691475,2.1028836024951927e-17,0.23021700362330996,0.040045197648272308,0.51612750759723325,2.3408325720899088e-05,0.07278958404153095,0.076257503883253683,1.040537067539772e-17,0.082824925160318058,0.31450320036667684,0.45361550930967642,9.2772385440863389e-06,nan,nan,nan,nan,nan,nan,nan,nan,nan,nan,nan,nan,nan,nan,0.24573675936435704,0.0026027718049758874,1.3232723840715219e-09,0.0024575071276216921,3.4213731228583393e-05,0.39830528602179105,0.00010571133404940992,5.5515445432724107e-07,2.5641446716628302e-10,3.9559673235236258e-12,3.6162740137049995e-10,9.6291025066350123e-11,9.1337873271807946e-08,0.35075710208209643,0,0,0,0,0,0,0,nan,nan,nan,nan,nan,nan,nan,nan,nan,nan,nan,nan,nan,nan,7.7536128965950977e-11,-9.6785469562584635e-15,-3.9799944639893403e-13,1.9231668658676282e-10,1.595837177681414e-15,3.2691195388755145e-10,2.1257596104566662e-14,-2.7096380694757727e-15,1.1241350299997802e-17,9.4411351350642325e-20,-4.2646516571574857e-19,6.2979034788313383e-19,-1.4709831603889261e-14,-5.9636240440772902e-10,-3.0411457781383266e-07,1.3786995434195148e-07,-2.9307607919819649e-23,1.659181252808871e-07,1.0782242825385646e-06,-4.7022541893593228e-07,0,0.015926425405497349,0.030061800023511866,4.6161001604751926e-18,0.051333284634526195,0.0087945478615831674,0.11326141882186458,5.1630018354534755e-06,0,0,0,0,0,0,0
48,0,lumen,0.0099999999999999985,0.00050000000000000001,0.0097368421052631566,0.010526315789473682,0,0.001,1000130.8308543272,1.3319101653982932,12.988240307969747,3039.9689427508738,0.17112498910622242,1173,1173,4.0629513724117608e-05,0.2362281266225662,0.59999999999999998,2,500000,0.00035,0.0001,0.060238651342062056,0.18123529434322883,8.3967870213639665e-18,0.18328274597843378,0.069147536745143789,0.50987692436272392,2.2872726807951142e-05,0.048768564449211883,0.084038827390770662,3.4083220091354675e-18,0.054091671000760608,0.44548850394349987,0.36760499700869126,7.4362070658375773e-06,0.27083561920566268,0.0013794818925395177,8.2074547831951818e-10,0.001843624329424434,1.9974508212334035e-05,0.40092543300946337,6.6658583637029667e-05,9.897381991079084e-07,3.1122795894026224e-10,2.8584893728430061e-12,2.3689368069188597e-10,5.7289191823209727e-11,6.3431725460198509e-08,0.32492815387212126,nan,nan,nan,nan,nan,nan,nan,nan,nan,nan,nan,nan,nan,nan,0,0,0,0,0,0,0,1.527641193211261e-11,1.577202431300873e-14,4.2602134167022439e-13,3.625286785370735e-11,3.5410042953376575e-16,3.2745716728455054e-11,-1.5236352333323186e-14,2.3013275313177317e-15,-3.6126599367297935e-18,5.4032510361820672e-20,-2.4023855644226453e-19,2.9944860997790481e-19,2.731608138694715e-15,-8.4706991562642784e-11,nan,nan,nan,nan,nan,nan,nan,nan,nan,nan,nan,nan,nan,nan,-1.4566601484310854e-07,1.3015513000702583e-07,-6.2800837833141353e-24,1.5477707766226663e-08,4.52466843575694e-07,-1.6117955076166979e-07,0,0.013318149397446894,0.042000219929804072,1.8666663762509492e-18,0.041878188411435875,0.015876980283717885,0.11575728763791929,5.2146310787867821e-06,-8.1009363150131029e-05,0.00010602250045837152,-5.4678893103138073e-21,4.7052757774315637e-05,3.7180780207357237e-05,-0.00010853031966962613,4.6483523157271898e-10
48,1,lumen,0.0099999999999999985,0.0015,0.0097368421052631566,0.010526315789473682,0.001,0.002,1000130.6057100669,1.3376667028119091,13.044378630465987,3031.9663969529533,0.1709259751264158,1173,1173,4.0602821276539806e-05,0.23619397630975991,0.59999999999999998,2,500000,0.00035,0.0001,0.061593487290023251,0.17809061826449876,8.4738169409280798e-18,0.18117344391181744,0.068658251402298059,0.50964458645853716,2.2764519069759977e-05,0.050080955518410381,0.082937574265473157,3.454455797947462e-18,0.053700265858602554,0.44424812866929475,0.36902564267179672,7.4330164226886728e-06,0.27123324829274509,0.0013926569838793282,8.4524681078683179e-10,0.0018560516618050995,1.9900947261019613e-05,0.39957073945466959,6.720147305031746e-05,9.7308583422951958e-07,3.0760047603159473e-10,2.897470037985369e-12,2.431527783829224e-10,5.8782179905941675e-11,6.3110280236378928e-08,0.3258591635327957,nan,nan,nan,nan,nan,nan,nan,nan,nan,nan,nan,nan,nan,nan,0,0,0,0,0,0,0,-2.9388746465765319e-12,-5.1838889487188001e-15,-1.4812147905078386e-13,-8.3604331008480462e-12,-1.599198204416119e-16,-8.1013360082871078e-12,2.7915620340343021e-15,6.6782517016417131e-15,-9.8874006006508453e-18,1.5289658141218448e-20,-1.6703309808071572e-20,2.9851028989523704e-20,8.8286328057868741e-15,1.9535622974958882e-11,nan,nan,nan,nan,nan,nan,nan,nan,nan,nan,nan,nan,nan,nan,-1.5087772129492721e-07,1.3378531960039908e-07,-1.7657375782908067e-23,1.7100635713757913e-08,4.6973570720643121e-07,-1.6797014434910551e-07,0,0.013668474561681106,0.041418983140706453,1.8901548440239233e-18,0.041538474446138778,0.015818302566239902,0.11608480191990066,5.2076402909019522e-06,-0.00019064427821574942,0.00025693553575875628,-1.2913575909248984e-20,0.00012023258048761574,8.4714459960270706e-05,-0.00026044322472176584,1.9488367600829446e-10
48,2,lumen,0.0099999999999999985,0.0025000000000000001,0.0097368421052631566,0.010526315789473682,0.002,0.0030000000000000001,1000129.9452812717,1.338635719010645,13.053836700148711,3041.6168027541257,0.17035519882368014,1173,1173,4.0537474542712771e-05,0.23615580618003704,0.59999999999999998,2,500000,0.00035,0.0001,0.065345690600203177,0.17223958388417787,8.7349786016441258e-18,0.17767280681516293,0.068170897982488904,0.51398168382273857,2.2743928087956305e-05,0.053170353060742685,0.080270881875245406,3.5635034766284066e-18,0.052700852239819261,0.44141456843546995,0.37243591271104615,7.4316776765984257e-06,0.27225732978835482,0.0014244368008885589,9.0366225686458429e-10,0.0018863007089870993,1.97004009550923e-05,0.39620504013520524,6.8515419278796175e-05,9.3372118183501484e-07,2.9883405920440919e-10,2.9915353643500825e-12,2.5811262661906166e-10,6.2358026187459305e-11,6.2275205725448074e-08,0.32813767922398523,nan,nan,nan,nan,nan,nan,nan,nan,nan,nan,nan,nan,nan,nan,0,0,0,0,0,0,0,-4.6443905306211738e-11,-3.030329062120919e-14,-1.3660596150973428e-12,-1.1140416967252789e-10,-8.5033976388038113e-16,-9.6074664066372883e-11,2.5179121482628106e-14,-1.306897298714027e-15,-8.6972457940816127e-19,-6.8094357824197666e-20,2.1684291603893855e-19,-2.8379508930239107e-19,1.7983137066615201e-15,2.5529434107175874e-10,nan,nan,nan,nan,nan,nan,nan,nan,nan,nan,nan,nan,nan,nan,-1.6347856687283502e-07,1.4270237652658224e-07,-1.0055005445421473e-23,2.0873631420193818e-08,5.1133663578339927e-07,-1.8424215725287851e-07,0,0.014464141761297261,0.039993640967084285,1.9413168112058111e-18,0.0406599536267125,0.015664078955231222,0.11673200530264911,5.1894435661689446e-06,-0.00034240567537736861,0.0004718440477584372,-2.5209603316075396e-20,0.00020534357048167414,0.00016078325015320252,-0.00048940772704911468,-1.2075219362889565e-09
48,3,support,0.0099999999999999985,0.0035000000000000001,0.0097368421052631566,0.010526315789473682,0.0030000000000000001,0.0040000000000000001,1001065.3795074305,1.334916532200479,13.005404567546597,3074.798289406936,0.17062924891287876,1173,1173,4.0423512440679329e-05,0.23601262375826185,0.40000000000000002,2,300000,0.00033700000000000001,0.0001,0.072444271308233832,0.1623301097852326,9.2924347120264527e-18,0.17255524720187543,0.067585909442496164,0.52484555662121646,2.285416067453569e-05,0.058727610606787328,0.075371965414180814,3.7768570800492957e-18,0.050992996889577195,0.43600302349465792,0.37889696360466857,7.4399901282615838e-06,nan,nan,nan,nan,nan,nan,nan,nan,nan,nan,nan,nan,nan,nan,0.27424478379654371,0.0014862874173048914,1.0120891113416983e-09,0.0019459007597287987,1.9319415222758475e-05,0.38980928625713046,7.1084113769470135e-05,8.6317053044823722e-07,2.8290899270379711e-10,3.1719222621473038e-12,2.8605511428042281e-10,6.9073598180913457e-11,6.0723608829305688e-08,0.33242241269286138,0,0,0,0,0,0,0,nan,nan,nan,nan,nan,nan,nan,nan,nan,nan,nan,nan,nan,nan,2.0944999494782694e-10,4.3501358128358889e-14,7.234578561252001e-12,5.1733127633794138e-10,-7.2370495013407421e-16,3.7767400491717229e-10,1.7902513908606987e-14,9.4594687985449788e-14,1.3158450893472424e-16,1.5118227318024049e-18,-6.3814479969161581e-18,8.932944007840362e-18,4.0266674669205594e-14,-1.1118853894797562e-09,-1.8751150765959623e-07,1.6778451206178602e-07,-1.2560941222858249e-23,1.9341952724968406e-08,5.8175002416727128e-07,-2.0736356343142859e-07,0,0.015973480375397982,0.037814665998892542,2.0559457866204535e-18,0.039550717687099085,0.015549202146706199,0.11896240266815582,5.2100277505056221e-06,-1.5264760098252929e-05,-7.2457437350270888e-06,-1.7426326787920319e-20,-9.2839018751433589e-05,8.112863269480227e-05,-0.00012331830300816695,-6.2221663087898597e-09
48,4,support,0.0099999999999999985,0.0045000000000000005,0.0097368421052631566,0.010526315789473682,0.0040000000000000001,0.0050000000000000001,1000772.7686618218,1.6536512488830692,16.115383347244723,2625.0800495136805,0.13412030219390689,1173,1173,4.1588547219598833e-05,0.20253522014526604,0.40000000000000002,2,300000,0.00033700000000000001,0.0001,0.069508500593988498,0.13685884340706295,2.0610016984540301e-17,0.23362666801617046,0.03924987601758239,0.50541850599240179,2.3197665515292826e-05,0.069822111385919858,0.078740904175842757,1.0379971388808416e-17,0.085550303692882482,0.31375337219998378,0.45212395086645901,9.3576789121427589e-06,nan,nan,nan,nan,nan,nan,nan,nan,nan,nan,nan,nan,nan,nan,0.24413610400017255,0.0025866197768298969,1.2625374765045928e-09,0.0024363271050843027,3.5107425099998776e-05,0.40180427381044864,0.00010492776978059432,5.7067197755088682e-07,2.6302915549996567e-10,3.8111542278275642e-12,3.4520530142990059e-10,9.2048352844701293e-11,9.3609477785316073e-08,0.34889597386449439,0,0,0,0,0,0,0,nan,nan,nan,nan,nan,nan,nan,nan,nan,nan,nan,nan,nan,nan,-2.9449105339407902e-12,1.5423512106891014e-13,-1.3678732203601528e-11,1.9605406559903032e-10,1.865098787218189e-14,7.628030561802196e-10,-1.9953661357269678e-13,-8.7553662236894425e-15,4.9235495808976868e-17,-9.5888776057783874e-19,5.1521180199339906e-18,-6.7928099561706365e-18,3.4386830428625208e-14,-9.4223244534204828e-10,-2.8860018520815434e-07,1.2253957548669092e-07,1.3922605039467835e-22,1.6531144114367651e-07,1.0311546044527997e-06,-4.5412137561484656e-07,0,0.014819079293096556,0.030874697017819853,4.5775713540630909e-18,0.052991205792423578,0.0086168265884793271,0.11123810848942361,5.1586354032161347e-06,0,0,0,0,0,0,0
49,0,lumen,0.011052631578947368,0.00050000000000000001,0.010526315789473682,0.01131578947368421,0,0.001,1000118.0419097875,1.328978210865748,12.959814813535289,3027.9861486600894,0.17220835908775209,1173,1173,4.0649659073805795e-05,0.23748061643762536,0.59999999999999998,2,500000,0.00035,0.0001,0.055827399976190434,0.18716081206742088,7.8868279854166032e-18,0.18341465409387725,0.070417306740972449,0.50266093705732018,2.2773642435150241e-05,0.045098346020855974,0.086596553543186558,3.1943193373712967e-18,0.054012132771598567,0.45267621777327038,0.3616093621016368,7.3877894515448291e-06,0.27076224458040205,0.0013244449648676239,7.5272018897511121e-10,0.0017986008767016956,1.9761117682752804e-05,0.40377631032494643,6.4512913883817006e-05,1.0447922659004048e-06,3.2060920024851235e-10,2.758438032100084e-12,2.1993140089774381e-10,5.3131160382189095e-11,6.3257596324713985e-08,0.32225301582250465,nan,nan,nan,nan,nan,nan,nan,nan,nan,nan,nan,nan,nan,nan,0,0,0,0,0,0,0,1.6132385010737012e-11,2.24095444706759e-14,2.5628481805671476e-13,3.0082031827005513e-11,2.2714035513571318e-16,3.4132842385847795e-11,-1.6515657894327753e-14,1.9201220474718284e-15,2.2259748748337808e-18,6.8348211799371947e-20,-1.9094730317993003e-19,2.5909855228946059e-19,-2.3823395722643133e-15,-8.0609019589813513e-11,nan,nan,nan,nan,nan,nan,nan,nan,nan,nan,nan,nan,nan,nan,-1.3078056201659347e-07,1.1775415642567566e-07,-8.135588865203104e-24,1.2992016783416081e-08,4.0532487906308479e-07,-1.4380240642708486e-07,0,0.012614036949757264,0.043135414104195739,1.7874023940325851e-18,0.042031659795355406,0.016143527198949004,0.11490243434791739,5.2142225400609661e-06,-7.8589153802943095e-05,0.00010585577245429833,-5.2666808703109459e-21,4.5742706134290672e-05,3.5474711763203612e-05,-0.00010610564864801246,2.5874142038008447e-10
49,1,lumen,0.011052631578947368,0.0015,0.010526315789473682,0.01131578947368421,0.001,0.002,1000117.8377343719,1.3283741130971241,12.953926469706543,3034.2988845517825,0.17206813298138821,1173,1173,4.0623293737055032e-05,0.23745925523349148,0.59999999999999998,2,500000,0.00035,0.0001,0.057422190586451892,0.18487793392900223,7.9995343540870428e-18,0.18221310745463651,0.070267168754163334,0.50480373111600885,2.2778549525228569e-05,0.046365569693098116,0.085501433844611202,3.2384955251807918e-18,0.053633920238680695,0.45150582206145484,0.3629858681382343,7.3860239208105077e-06,0.27115861373518962,0.0013366118134241784,7.7600735131138172e-10,0.0018104320111658884,1.9690370885746776e-05,0.40246576105596349,6.5021334334132143e-05,1.0278469891471159e-06,3.1701804780678805e-10,2.7934968423806313e-12,2.2584971971880343e-10,5.4527871417171019e-11,6.2949783978332184e-08,0.32314277750606668,nan,nan,nan,nan,nan,nan,nan,nan,nan,nan,nan,nan,nan,nan,0,0,0,0,0,0,0,-6.2121827906815813e-13,3.4530596282081841e-14,-2.6332806113569396e-13,9.4903597862781256e-12,-5.8579443379391805e-16,-6.1404710526360984e-11,-1.6363687894788357e-14,-2.160164408460119e-15,1.8494805119330943e-17,1.0173096273119896e-19,-1.2470476687151705e-19,2.1854697272428314e-19,-1.7299888078103396e-14,5.2800874650582284e-11,nan,nan,nan,nan,nan,nan,nan,nan,nan,nan,nan,nan,nan,nan,-1.3561398797814692e-07,1.2113263891944115e-07,-7.2095853142559505e-23,1.4543037098895942e-08,4.2138612088571392e-07,-1.5016678123203064e-07,0,0.012956492235365859,0.042555414123729644,1.8095656496934352e-18,0.041701517058802852,0.016086503152663433,0.11522336191193913,5.208047347269674e-06,-0.00017878352915087526,0.00024501955420331922,-1.1355318121688095e-20,0.00010798977962786113,8.1514403012923671e-05,-0.00024908778330252717,-2.5733330554840096e-10
49,2,lumen,0.011052631578947368,0.0025000000000000001,0.010526315789473682,0.01131578947368421,0.002,0.0030000000000000001,1000117.2417064196,1.3299760969991776,12.969556290311932,3041.8946720704553,0.17143850985945042,1173,1173,4.0562775799672349e-05,0.23741253600154011,0.59999999999999998,2,500000,0.00035,0.0001,0.060920442067109823,0.17918257869737586,8.2250761483312112e-18,0.17896433157333774,0.069763333777914147,0.5086947313680884,2.2756511602120751e-05,0.049249585652313646,0.082967459502280044,3.3338204918396052e-18,0.052741211395361247,0.44880926807166538,0.36622508759719841,7.3877811813477257e-06,0.27210228667561914,0.0013654435958438975,8.296252103066337e-10,0.0018384418937904543,1.9518779955001316e-05,0.39936696469116972,6.6225242389984532e-05,9.8905118015438205e-07,3.0869310084819705e-10,2.875203668571304e-12,2.394998157285614e-10,5.7760136075270596e-11,6.221501881962499e-08,0.32524006641657854,nan,nan,nan,nan,nan,nan,nan,nan,nan,nan,nan,nan,nan,nan,0,0,0,0,0,0,0,-4.1811171704785611e-11,2.5981589124818482e-13,-1.1693493517531399e-12,-1.0874254897190814e-10,-1.4675760606763788e-15,-7.6413931822741366e-11,-1.4371903594921161e-13,2.7207186156785745e-14,7.7625562898403996e-17,6.3941468801424207e-19,-3.9419056861727839e-19,8.3406095225422744e-19,-6.6939501907349477e-14,2.2806198582426732e-10,nan,nan,nan,nan,nan,nan,nan,nan,nan,nan,nan,nan,nan,nan,-1.4690544982830928e-07,1.2894860129675223e-07,-2.4279653362875881e-23,1.8034472901007349e-08,4.587753617973922e-07,-1.6483236997544282e-07,0,0.013719443271038953,0.041158915250387472,1.8564271867042086e-18,0.040877012527045606,0.015933419071344927,0.115838344334871,5.1911152860433223e-06,-0.00031499490181263496,0.00043719412423654712,-2.234329397278862e-20,0.00017350132799691284,0.00015532750306583381,-0.00046063493813462171,-1.9353347565533244e-09
49,3,support,0.011052631578947368,0.0035000000000000001,0.010526315789473682,0.01131578947368421,0.0030000000000000001,0.0040000000000000001,1000961.413760562,1.3248491496028483,12.908663872116113,3076.7677216750235,0.17178288697886859,1173,1173,4.0461625114379257e-05,0.23721737139510138,0.40000000000000002,2,300000,0.00033700000000000001,0.0001,0.067532970952927152,0.17021174235540529,8.7298431958374947e-18,0.1749142083951794,0.069285055137339749,0.51952311036907284,2.2904844983629754e-05,0.054338990358207169,0.078443633315000233,3.5218017210871342e-18,0.051305613002582233,0.44363962704809057,0.37226473525121523,7.4010249045457176e-06,nan,nan,nan,nan,nan,nan,nan,nan,nan,nan,nan,nan,nan,nan,0.27383894030336031,0.0014207028131458241,9.2694160035078527e-10,0.0018924111907807908,1.9217637318680705e-05,0.39368076726405066,6.853630265583065e-05,9.2088857774034016e-07,2.9397222976270543e-10,3.0286513727879975e-12,2.6441458308916778e-10,6.3696514640928814e-11,6.0926893936565464e-08,0.32907844112116824,0,0,0,0,0,0,0,nan,nan,nan,nan,nan,nan,nan,nan,nan,nan,nan,nan,nan,nan,2.3554704769319238e-11,2.3345806339270013e-13,3.0742632872808783e-11,5.8998295102968205e-10,8.0923223851059323e-15,3.0039596309559824e-10,-2.1903687302969542e-13,4.6160991695742837e-15,-2.1246047541351716e-17,9.85353430125867e-19,-5.1527079031083175e-18,6.2209199505701359e-18,4.1359391724042012e-15,-9.447074235504385e-10,-1.6795541348327281e-07,1.5107045242546135e-07,-1.2623097419090944e-23,1.6553805667870243e-08,5.2031617035763755e-07,-1.8506848148414079e-07,0,0.015135392073687904,0.039123162228621701,1.9622239102556155e-18,0.039936916813924125,0.015822457039022311,0.11798434870632706,5.2150064990530116e-06,-1.4643866672016893e-05,-9.2413143044456259e-06,-1.8639455815263207e-20,-0.00010661958088972276,8.9044676000273658e-05,-0.00013400441374131406,-6.9702253866643385e-09
49,4,support,0.011052631578947368,0.0045000000000000005,0.010526315789473682,0.01131578947368421,0.0040000000000000001,0.0050000000000000001,1000689.3733181983,1.6455999112181161,16.03825685761413,2631.4357613755151,0.13240804758802577,1173,1173,4.1764210352634673e-05,0.200549887086307,0.40000000000000002,2,300000,0.00033700000000000001,0.0001,0.064963588445454343,0.14447584570285416,2.1059057619759723e-17,0.24917112984104414,0.039043109451539042,0.50648318111956236,2.3764256003847676e-05,0.064944381841334553,0.082725481010474888,1.0555365187980576e-17,0.090805757501706177,0.31060685411891126,0.45090798517108188,9.5403564911090801e-06,nan,nan,nan,nan,nan,nan,nan,nan,nan,nan,nan,nan,nan,nan,0.24114516936181052,0.0025869929232237294,1.1657630728835749e-09,0.0024120335747750297,3.6886778215297168e-05,0.40733647923115462,0.00010441096715137407,5.9077265904983185e-07,2.7293116473152858e-10,3.5832676733042169e-12,3.1902678079545044e-10,8.5436133785816956e-11,9.7854223333897687e-08,0.34637733669004672,0,0,0,0,0,0,0,nan,nan,nan,nan,nan,nan,nan,nan,nan,nan,nan,nan,nan,nan,-4.0824347616097022e-11,-3.5119189906387442e-14,-3.1285507291668666e-12,4.8051432395403731e-10,4.2192811744445891e-15,4.0207691126212253e-11,4.3508392911789133e-14,6.2857705152019605e-15,1.4088238272079586e-18,5.5464941613518165e-20,-2.3681157301385148e-19,3.1178388916381355e-19,-1.9806449393133838e-15,-4.7678577802384296e-10,-2.6532745789342727e-07,1.0367311020775816e-07,-3.321417203877659e-22,1.6161726003447742e-07,9.5762941512700372e-07,-4.2742836514619853e-07,0,0.013800637375013242,0.031556240662492706,4.563913027890778e-18,0.054600951445095504,0.0084203309486182154,0.10932240442092288,5.1537440172835301e-06,0,0,0,0,0,0,0
50,0,lumen,0.011578947368421053,0.00050000000000000001,0.01131578947368421,0.011842105263157895,0,0.001,1000111.6146669887,1.3493175438504745,13.15824272364018,2973.6982678543268,0.17275775854341949,1173,1173,4.0659518364504659e-05,0.2380592010779122,0.59999999999999998,2,500000,0.00035,0.0001,0.052877913680869908,0.18693415435798047,7.5352319309554111e-18,0.18052620288270801,0.06986828726438804,0.49124499575752206,2.2361458012428963e-05,0.043369720309953251,0.087815957742974904,3.0986440004511278e-18,0.053975495819213883,0.45602375124495825,0.35880770973916548,7.3651437342184926e-06,0.27071574609739019,0.0012995224044416462,7.2108076970111366e-10,0.0017777925994011245,1.9662221455471324e-05,0.40510861333186254,6.3532353281793496e-05,1.0715219072749382e-06,3.2506590999832607e-10,2.7142040989007475e-12,2.1207854323449464e-10,5.1224995556449077e-11,6.3172965324184217e-08,0.32101399498512723,nan,nan,nan,nan,nan,nan,nan,nan,nan,nan,nan,nan,nan,nan,0,0,0,0,0,0,0,1.4121778387671717e-11,2.5225674613270256e-14,3.0951557525281268e-13,3.0225837679231763e-11,2.1868357819032624e-16,3.0954805125410489e-11,-1.7800199240913456e-14,2.1033522146218786e-15,3.1226558745377615e-18,7.7586681868247006e-20,-1.6852509926121411e-19,2.4203218127831213e-19,-3.3707963166106474e-15,-7.561828953348898e-11,nan,nan,nan,nan,nan,nan,nan,nan,nan,nan,nan,nan,nan,nan,-1.2399803205574711e-07,1.1216063738883619e-07,1.4628287923561243e-25,1.1806131488742185e-08,3.8379225096585312e-07,-1.3583408198236668e-07,0,0.012171696767035329,0.043851663888701674,1.740543014533885e-18,0.042122042809908763,0.016309913258745909,0.11437111206960493,5.2140735864184617e-06,-7.7100700587497917e-05,0.00010518432570612963,-4.781278634704274e-21,4.4030154683513933e-05,3.5368097621036537e-05,-0.00010687044159960561,1.4150599437172074e-10
50,1,lumen,0.011578947368421053,0.0015,0.01131578947368421,0.011842105263157895,0.001,0.002,1000111.420877846,1.331858216580776,12.987985787981467,3017.527224349185,0.1725608750983024,1173,1173,4.0633836522325587e-05,0.23803535841401829,0.59999999999999998,2,500000,0.00035,0.0001,0.05510243943129893,0.18704812248514197,7.7325456996627208e-18,0.18166557471807343,0.070604142442559012,0.49957890149395923,2.2651628059865238e-05,0.044609468317448116,0.086732536826334902,3.1386397166115572e-18,0.053613349601304802,0.45486388820266643,0.36017339287143685,7.3641808089154423e-06,0.27110229454756568,0.0013113295980716321,7.4369839559999299e-10,0.0017893839732936517,1.9596006211582694e-05,0.40383028298902302,6.4028014727841631e-05,1.0544572747243362e-06,3.2151380970194503e-10,2.7472652235784085e-12,2.1780914529179327e-10,5.2571572970318946e-11,6.2880289147133627e-08,0.32188196619520271,nan,nan,nan,nan,nan,nan,nan,nan,nan,nan,nan,nan,nan,nan,0,0,0,0,0,0,0,-2.2753909880751052e-12,4.5473576638872037e-14,-8.5855965519113807e-14,-7.8176564361084593e-12,-1.3113425276212176e-16,-5.4928299322160035e-12,-2.7009839582606734e-14,9.3610015572398453e-16,1.4147469211925693e-17,1.1058776649556323e-19,-8.3898111947292088e-20,1.5994133618482623e-19,-1.3785371750724937e-14,1.5665940638994856e-11,nan,nan,nan,nan,nan,nan,nan,nan,nan,nan,nan,nan,nan,nan,-1.2864433725570668e-07,1.1535031146925334e-07,-8.5163939567638637e-24,1.3299617381596105e-08,3.9923404843156263e-07,-1.419362264387658e-07,0,0.012509688233205937,0.043271964383565509,1.761037263063032e-18,0.041799154777170298,0.016253133753746731,0.11468834210354803,5.2084255605939475e-06,-0.00017579550463345671,0.00024306068352585229,-1.1148115552523601e-20,0.00010236992347480559,8.2055414008132531e-05,-0.00024994970219814882,-4.6820063093591155e-10
50,2,lumen,0.011578947368421053,0.0025000000000000001,0.01131578947368421,0.011842105263157895,0.002,0.0030000000000000001,1000110.8570930159,1.3349966170174858,13.018598111497797,3021.5261368321385,0.17196241365248635,1173,1173,4.0575204959474533e-05,0.23797483935732328,0.59999999999999998,2,500000,0.00035,0.0001,0.058458898465020115,0.18121612853885791,7.943764266476451e-18,0.1783887659428057,0.070020114218447976,0.50285949577015843,2.2608148965090207e-05,0.047438316097796689,0.084226345903924235,3.2319730757464217e-18,0.052770379954450976,0.45216454698965619,0.36339304368482478,7.3673693472186292e-06,0.27201646024265563,0.001339415457588331,7.9589011167845628e-10,0.0018168654362791501,1.9437182940689138e-05,0.40081155944726188,6.5205012721813074e-05,1.0153256608767621e-06,3.1327612800001056e-10,2.8245478211277859e-12,2.3105398148551928e-10,5.56951426196046e-11,6.2185685409308535e-08,0.32392997831046633,nan,nan,nan,nan,nan,nan,nan,nan,nan,nan,nan,nan,nan,nan,0,0,0,0,0,0,0,-4.0587637899643093e-11,1.6464884480259101e-13,-1.0553972795507993e-12,-9.7435568098076378e-11,-1.1338586319853405e-15,-8.2851539431189059e-11,-9.0457869456413235e-14,1.3960404013357852e-14,5.2391191396830317e-17,3.9425234866927845e-19,-1.3181945071766221e-19,3.6603054883140596e-19,-4.6315213551862952e-14,2.2188914581266898e-10,nan,nan,nan,nan,nan,nan,nan,nan,nan,nan,nan,nan,nan,nan,-1.3952096985635903e-07,1.2325746445718266e-07,1.7504217987925135e-23,1.6347445751655138e-08,4.3493389646764857e-07,-1.5577204826033864e-07,0,0.013245541831153656,0.041907352668758731,1.8055995617182436e-18,0.041012788591240433,0.016101645635582543,0.11527703457730129,5.1924607463429166e-06,-0.00029938012240614281,0.00041439907204323843,-2.1336071882202784e-20,0.00015297122434957021,0.00015361092428882485,-0.0004477092609231394,-2.4414712057032401e-09
50,3,support,0.011578947368421053,0.0035000000000000001,0.01131578947368421,0.011842105263157895,0.0030000000000000001,0.0040000000000000001,1000909.1420809735,1.3382012978063536,13.039441428508322,3036.2161813079829,0.17228177059644012,1173,1173,4.0482504255669585e-05,0.23772920472792292,0.40000000000000002,2,300000,0.00033700000000000001,0.0001,0.064300934402801921,0.17174845691700802,8.3704037913854387e-18,0.17385042845311238,0.069122375125094629,0.51005661346169118,2.2623062137053065e-05,0.052262561113488211,0.079953728825634104,3.4110066244994818e-18,0.051510201984490342,0.4470819255173869,0.36918419852661843,7.384032382217966e-06,nan,nan,nan,nan,nan,nan,nan,nan,nan,nan,nan,nan,nan,nan,0.27359009643316884,0.0013914787393839274,8.8725240122955285e-10,0.0018677650303289815,1.9183770628964971e-05,0.39554322982226925,6.7384649037806441e-05,9.4921376922194373e-07,2.9934347994820507e-10,2.9649507399854671e-12,2.5436340075612863e-10,6.1230503932961249e-11,6.1053163248736247e-08,0.32751984978309467,0,0,0,0,0,0,0,nan,nan,nan,nan,nan,nan,nan,nan,nan,nan,nan,nan,nan,nan,1.8607408902008104e-10,4.7125067156135044e-14,5.1935175430477861e-12,4.3732552631524447e-10,4.154662724964453e-15,3.7629682399578646e-10,-6.2157235740033731e-14,1.5006659109806364e-14,-2.0928354299741218e-17,-6.4631194937508223e-20,1.4900567890709989e-19,-2.213247163070701e-19,3.159402546891828e-14,-1.0049259759111557e-09,-1.5903583416160272e-07,1.4427726441335054e-07,-1.6203533856255856e-23,1.4377028724118215e-08,4.9137593460812923e-07,-1.7384500061723429e-07,0,0.014605903226647629,0.039956333199167152,1.9069351071302084e-18,0.040174548578482759,0.01599224155429552,0.1173721034432626,5.2183200420260778e-06,-1.407317223746344e-05,-1.0640034966387932e-05,-1.9204905409323105e-20,-0.00011420008471354969,9.3072728081819951e-05,-0.00013808907014757214,-7.3406041248441949e-09
50,4,support,0.011578947368421053,0.0045000000000000005,0.01131578947368421,0.011842105263157895,0.0040000000000000001,0.0050000000000000001,1000648.1732348804,1.6617310190105352,16.196139810600236,2602.9370598618948,0.13009584148665601,1173,1173,4.1858010988144217e-05,0.19943774189731578,0.40000000000000002,2,300000,0.00033700000000000001,0.0001,0.061846389013049133,0.14679317067920028,2.1019200467867055e-17,0.25475019189402626,0.038426263321624389,0.50077183218160148,2.3756601048906275e-05,0.06243674893948227,0.084879782776209611,1.0639099615119968e-17,0.093752862475695628,0.3087088954146669,0.45021207922418299,9.6311697625216076e-06,nan,nan,nan,nan,nan,nan,nan,nan,nan,nan,nan,nan,nan,nan,0.23952070428713307,0.0025893548143997897,1.1165948370263813e-09,0.002399380730726632,3.7880693360969181e-05,0.41024065620544165,0.00010418434294071251,6.0113728232093664e-07,2.7814079092374985e-10,3.4676962832225595e-12,3.0571383453488435e-10,8.2082231528516187e-11,1.0018064022478847e-07,0.34510713582207569,0,0,0,0,0,0,0,nan,nan,nan,nan,nan,nan,nan,nan,nan,nan,nan,nan,nan,nan,4.5271633560939448e-11,1.7417039075682664e-13,1.9949069611705199e-12,1.9405907481931745e-10,4.7942335865136521e-15,1.3936611305102875e-10,-1.9013756072882823e-13,1.2227632101291519e-15,-2.0368935050001325e-17,-3.097825062846959e-19,1.6686741380402135e-18,-2.878004387075709e-18,2.3989170969249153e-14,-3.8070607827231535e-10,-2.5366393373912194e-07,9.4685691454099441e-08,-5.4369261583333342e-24,1.5883685131450929e-07,9.1980012668219091e-07,-4.1269286082945555e-07,0,0.013151501004315594,0.031970639474181356,4.5591675590870701e-18,0.055651248929505237,0.008283520599906358,0.10808445898936808,5.150309817846944e-06,0,0,0,0,0,0,0
51,0,lumen,0.012105263157894737,0.00050000000000000001,0.011842105263157895,0.012368421052631579,0,0.001,1000105.1670516734,1.3852376070014074,13.508614229559008,2888.6778467246127,0.17322169793680423,1173,1173,4.0668529038463703e-05,0.23860232659696223,0.59999999999999998,2,500000,0.00035,0.0001,0.049580287924388566,0.18446024542733305,7.1360864136816131e-18,0.17568027014205451,0.068523831159456344,0.4750268285651959,2.1720837380809487e-05,0.041747864050428726,0.088961167303378025,3.0126457425846036e-18,0.053925265220607789,0.45915773842486657,0.35620062035959438,7.3446411244140242e-06,0.27067232291700388,0.0012766953857849294,6.9162943378076802e-10,0.0017585542539016717,1.9568653190414043e-05,0.40634273412203203,6.2630261016751726e-05,1.0970038554467844e-06,3.2925015068458566e-10,2.6742997056532914e-12,2.047910701826131e-10,4.9466062649866771e-11,6.308772970396155e-08,0.31986633303768164,nan,nan,nan,nan,nan,nan,nan,nan,nan,nan,nan,nan,nan,nan,0,0,0,0,0,0,0,1.3184316324675923e-11,3.1826407562810375e-14,2.8202417316943722e-13,2.7679398260941132e-11,2.3158558404290375e-16,3.0388484263677018e-11,-2.2127734708447524e-14,1.7459991785706563e-15,5.2833811916897109e-18,8.6435202517375802e-20,-1.4433950137289998e-19,2.1764290308885389e-19,-5.4992345243682897e-15,-7.154055138198687e-11,nan,nan,nan,nan,nan,nan,nan,nan,nan,nan,nan,nan,nan,nan,-1.1776272953794784e-07,1.0656605936576469e-07,-7.6268785409786242e-24,1.1166003218363419e-08,3.6444677010971649e-07,-1.2895613282770668e-07,0,0.011755390851103527,0.044525130024133809,1.6988126861804489e-18,0.042204982615752312,0.016466783545443887,0.11387364545619741,5.2140206276662811e-06,-7.6825131007197289e-05,0.00010664880559196281,-4.6200276010793935e-21,4.4058353943208127e-05,3.4657729195344911e-05,-0.00010806839781083786,5.0310817567274705e-11
51,1,lumen,0.012105263157894737,0.0015,0.011842105263157895,0.012368421052631579,0.001,0.002,1000104.9836215782,1.3470808389644886,13.136517977270294,2975.2499634106207,0.1730815255330693,1173,1173,4.0642656831709717e-05,0.23858667021707014,0.59999999999999998,2,500000,0.00035,0.0001,0.052488535053505751,0.18735827442570241,7.4321118154499797e-18,0.17945121476003428,0.070291496658087468,0.49033188967191171,2.2335048896698396e-05,0.042979279706473875,0.087869880049395971,3.0511929018295401e-18,0.053565500437142012,0.45802852653680598,0.35754946897052364,7.344299658440289e-06,0.27106431767381112,0.0012881335459670146,7.1393941934058932e-10,0.0017699473338324604,1.9501704171747532e-05,0.40506964715426241,6.3113626716795651e-05,1.0796984494388833e-06,3.256821605949401e-10,2.7060683749959585e-12,2.1043099802945067e-10,5.0784816565517709e-11,6.2794699057165308e-08,0.32072419516454853,nan,nan,nan,nan,nan,nan,nan,nan,nan,nan,nan,nan,nan,nan,0,0,0,0,0,0,0,-2.2293408672426323e-12,6.2281578216447094e-14,-7.2534701555098524e-14,-7.0295573709931899e-12,-1.9461428996114805e-16,-4.5289403737686085e-12,-3.5830706274069081e-14,8.2399365108898337e-16,2.1792026088414599e-17,1.6751042006825003e-19,-1.6382790245404345e-19,2.8945849768850901e-19,-2.0505539057466517e-14,1.3853862378232881e-11,nan,nan,nan,nan,nan,nan,nan,nan,nan,nan,nan,nan,nan,nan,-1.2229573189987547e-07,1.0980870684962341e-07,-2.2069177381878383e-23,1.2491646316378098e-08,3.7938020736039135e-07,-1.3478042609760266e-07,0,0.012084252499036226,0.043955046831568985,1.7197358674448755e-18,0.041891906823268765,0.016410952509023528,0.11417794712879882,5.208917312669751e-06,-0.00016791347904074227,0.00023328720214793112,-1.0529720062803477e-20,9.601183894613225e-05,7.9247692298241502e-05,-0.0002372938465216004,-6.7559141890673519e-10
51,2,lumen,0.012105263157894737,0.0025000000000000001,0.011842105263157895,0.012368421052631579,0.002,0.0030000000000000001,1000104.451568406,1.2687193037133317,12.372355337426159,3170.202259237657,0.1724596950266383,1173,1173,4.0586847012050762e-05,0.23852480520211927,0.59999999999999998,2,500000,0.00035,0.0001,0.059230613940790232,0.19347117224314966,8.1185493067995766e-18,0.18771870382403341,0.074209673959230268,0.52513247924260553,2.372936189592949e-05,0.045678626349770261,0.085458553750111702,3.1391204715338203e-18,0.052773807793678573,0.45543078159629846,0.3606508816215977,7.3488885433496913e-06,0.27193228888921506,0.0013146327983850105,7.6337575154931921e-10,0.0017961164340457387,1.9356552917409959e-05,0.40220475150722185,6.4229067776979299e-05,1.0414201705275556e-06,3.177588709011918e-10,2.7772374780160323e-12,2.2294052167886888e-10,5.3722436956967493e-11,6.2150698271748553e-08,0.32266751981899633,nan,nan,nan,nan,nan,nan,nan,nan,nan,nan,nan,nan,nan,nan,0,0,0,0,0,0,0,-3.762519232784954e-11,1.4329965445352326e-13,-9.502518566360005e-13,-9.0011876915749844e-11,-1.1720767585654546e-15,-7.7303533799893964e-11,-7.4894945442444373e-14,1.136742609764152e-14,5.30874597690025e-17,4.0590573699358512e-19,-3.3698368803130012e-19,6.5181361810205191e-19,-4.4812547549718103e-14,2.05856859208106e-10,nan,nan,nan,nan,nan,nan,nan,nan,nan,nan,nan,nan,nan,nan,-1.3249135375186655e-07,1.1700273128134597e-07,-7.8940136657924236e-24,1.5566910769656846e-08,4.1306270624763552e-07,-1.4796921399273799e-07,0,0.012798527756381683,0.042613820740797219,1.7609646069364275e-18,0.041143920078342999,0.016258516352555666,0.11474310193880113,5.1938611372164367e-06,-0.00028971528707648385,0.00040141389672333538,-2.0282695874686848e-20,0.00014178064792451912,0.00015135221749082328,-0.00042401026920827443,-2.666662019419554e-09
51,3,support,0.012105263157894737,0.0035000000000000001,0.011842105263157895,0.012368421052631579,0.0030000000000000001,0.0040000000000000001,1000856.6891383773,1.3092913764306655,12.758411590539955,3093.724177538787,0.17281898701325954,1173,1173,4.0498171343866454e-05,0.23826622393146307,0.40000000000000002,2,300000,0.00033700000000000001,0.0001,0.063309486775891391,0.17847653215230441,8.2986018187500385e-18,0.17798970873698758,0.071174846923102358,0.51723920236532739,2.3068172692289481e-05,0.050347721116541094,0.081295146606616839,3.3088623548226901e-18,0.051600035514254211,0.45043551187431358,0.36631421784842821,7.3670398460546538e-06,nan,nan,nan,nan,nan,nan,nan,nan,nan,nan,nan,nan,nan,nan,0.273432957740189,0.0013645250002913792,8.5104572172394835e-10,0.0018452250440700252,1.9126827118302248e-05,0.39715127242547721,6.6324989888605964e-05,9.757458167710109e-07,3.0417492855333301e-10,2.9082212858790922e-12,2.4523582845979689e-10,5.899542396479881e-11,6.1098101425173156e-08,0.326119529666687,0,0,0,0,0,0,0,nan,nan,nan,nan,nan,nan,nan,nan,nan,nan,nan,nan,nan,nan,1.7317780490425235e-10,9.4877962982279549e-14,4.6622144071806502e-12,3.9989038263352344e-10,2.9491383293778206e-15,3.563192189220965e-10,-7.8585755737506423e-14,4.3947050859527437e-15,4.9174958906039904e-18,2.4873589853168622e-19,-8.6575085544424481e-19,1.1174618253712516e-18,-5.5830819814292302e-15,-9.3406771220463299e-10,-1.51013929708399e-07,1.3717694291592863e-07,-2.2260557258972969e-23,1.3476003529859176e-08,4.6641726846041731e-07,-1.6488517062818175e-07,0,0.014100890769531353,0.040752646020641298,1.8577299916118403e-18,0.040404760801149291,0.016150728583355825,0.11679825076388203,5.2217614054052657e-06,-1.3729641900115605e-05,-1.146418591160143e-05,-1.9833410359610942e-20,-0.00012067201078801512,9.6946619314165072e-05,-0.00014193937167368055,-7.7220280461464909e-09
51,4,support,0.012105263157894737,0.0045000000000000005,0.011842105263157895,0.012368421052631579,0.0040000000000000001,0.0050000000000000001,1000607.3084717733,1.6492336427499394,16.074990018148771,2620.215260944914,0.12973088100790151,1173,1173,4.1937540739078238e-05,0.19846361468780779,0.40000000000000002,2,300000,0.00033700000000000001,0.0001,0.060141112458191717,0.15090592905973649,2.1410350670542617e-17,0.26343383559888195,0.038488157089632762,0.50431655157807653,2.4169824756981055e-05,0.060261034871644616,0.086605187551400592,1.0756021417402257e-17,0.09622341515814202,0.30689322471864511,0.45000741230112629,9.7253990415237919e-06,nan,nan,nan,nan,nan,nan,nan,nan,nan,nan,nan,nan,nan,nan,0.2381612905137781,0.002596416281090396,1.0747121686068871e-09,0.0023916737037692954,3.8754598493803882e-05,0.41253786973186884,0.00010415865344329564,6.0833616379063618e-07,2.8217250586261813e-10,3.368383814785977e-12,2.9439785820024438e-10,7.9235460391264733e-11,1.0218772809567701e-07,0.34416912425977852,0,0,0,0,0,0,0,nan,nan,nan,nan,nan,nan,nan,nan,nan,nan,nan,nan,nan,nan,4.7046627825542594e-11,2.7360265581624927e-13,2.0926999671216101e-12,1.8624742707691885e-10,7.2553725180557471e-15,1.4984372033108317e-10,-2.8739806338510896e-13,-8.4114572945770405e-15,-3.289810826662464e-18,-5.9193018138665665e-19,3.3370728249364469e-18,-5.0745918094921652e-18,1.4009140464796024e-14,-3.8522927953302596e-10,-2.4396065081803975e-07,8.3273205331302336e-08,-5.1575272359440301e-24,1.6053549614035378e-07,8.9238779978073612e-07,-4.0468031753393419e-07,0,0.012527105079099694,0.032334225543871616,4.5664521754605686e-18,0.056710321452244465,0.0081439403886564479,0.10686748178746014,5.1466971737967328e-06,0,0,0,0,0,0,0
52,0,lumen,0.012631578947368421,0.00050000000000000001,0.012368421052631579,0.012894736842105263,0,0.001,1000098.7003991198,1.4025558387619284,13.677587277723051,2845.9165245245631,0.1737028683975213,1173,1173,4.0677374753210733e-05,0.23908707564453985,0.59999999999999998,2,500000,0.00035,0.0001,0.047229680676824939,0.18433136011673376,6.8754523004374705e-18,0.17342465637252841,0.068094254989187836,0.4660362140088542,2.1396479071611316e-05,0.040266039989793868,0.090011005570082972,2.9389211486047637e-18,0.053898767834860743,0.4619866645466989,0.35383019659648746,7.3254620760435151e-06,0.27062609832568346,0.0012563597552417976,6.6491935213958229e-10,0.0017411921840993474,1.9484150116830803e-05,0.40746175277009045,6.1822028890998567e-05,1.1206200026915762e-06,3.3307660921066197e-10,2.6391733743883891e-12,1.9819760335908618e-10,4.7883917632777168e-11,6.3008128239386379e-08,0.31883210591103917,nan,nan,nan,nan,nan,nan,nan,nan,nan,nan,nan,nan,nan,nan,0,0,0,0,0,0,0,1.132426857666289e-11,3.5700997573479114e-14,2.654775928289027e-13,2.7917340425647066e-11,1.6913553890773869e-16,2.1268271865881871e-11,-2.3431500830241029e-14,2.0584662446809787e-15,7.4930189392328397e-18,9.9724085240238936e-20,-1.2883456947726461e-19,2.0216195296863402e-19,-7.2628396541517217e-15,-6.0782545780790525e-11,nan,nan,nan,nan,nan,nan,nan,nan,nan,nan,nan,nan,nan,nan,-1.1217565228918355e-07,1.0240555453622235e-07,-5.7486570247697709e-23,9.7485690121646522e-09,3.4626908573809345e-07,-1.2195187620855918e-07,0,0.011357663841687756,0.045174723642020909,1.6594679300295013e-18,0.042275215452192955,0.016615539976397361,0.1134039479220644,5.2141412385618061e-06,-7.206680206155786e-05,0.00010012998734645319,-5.1138640609411472e-21,4.0535052397714217e-05,3.3203875365685605e-05,-0.00010290289227130278,-1.1458042734258349e-10
52,1,lumen,0.012631578947368421,0.0015,0.012368421052631579,0.012894736842105263,0.001,0.002,1000098.5272427315,1.3363496305656746,13.031953071042665,2991.4177756277472,0.17350389217833845,1173,1173,4.0653389190494595e-05,0.23906678781548427,0.59999999999999998,2,500000,0.00035,0.0001,0.050988805936794848,0.19126696419051753,7.3206006231912568e-18,0.18090232259741063,0.071301246869691193,0.49088832559494844,2.2458890401253041e-05,0.041418919536047628,0.08898900754629141,2.9814902110530077e-18,0.053568828615330417,0.46090997178206511,0.35510594628232472,7.3262379408465639e-06,0.27098537405207251,0.0012669889119049538,6.8566423832379206e-10,0.0017518322677610345,1.942581846615215e-05,0.40628488445504252,6.2272369004931052e-05,1.1040984462926029e-06,3.2973191809512912e-10,2.667980198318962e-12,2.0342765015946609e-10,4.9102646887091242e-11,6.2746432710071442e-08,0.31962805401027455,nan,nan,nan,nan,nan,nan,nan,nan,nan,nan,nan,nan,nan,nan,0,0,0,0,0,0,0,-2.2603660693066897e-12,4.8558473100515307e-14,-2.5114266985941541e-15,-1.4100913532664958e-11,-5.3939058081153846e-17,1.7768447303778689e-11,-2.7119720732080277e-14,1.2856469361333112e-15,1.6838456902995959e-17,1.2803331903821055e-19,-6.4811255354754824e-20,1.5303371244810929e-19,-1.5854201274150342e-14,-1.4115099176911018e-12,nan,nan,nan,nan,nan,nan,nan,nan,nan,nan,nan,nan,nan,nan,-1.1635233289385497e-07,1.0511690246017835e-07,-2.0903774544798009e-22,1.1217679147937125e-08,3.6027584128517365e-07,-1.275559178837149e-07,0,0.01168155972778393,0.04460666325986587,1.6807356600526921e-18,0.041974050823290976,0.016558148020255306,0.11370110906887874,5.209559290719322e-06,-0.00016218646132635327,0.00022582004157218374,-9.1519085749754493e-21,8.8342017351578604e-05,7.9216040341681271e-05,-0.00023377380942815211,-9.7210880044318838e-10
52,2,lumen,0.012631578947368421,0.0025000000000000001,0.012368421052631579,0.012894736842105263,0.002,0.0030000000000000001,1000098.027193754,1.2780657866837428,12.46358086286409,3138.6645628079291,0.17286874206249703,1173,1173,4.0600760582923056e-05,0.23898309737573925,0.59999999999999998,2,500000,0.00035,0.0001,0.056663667100457081,0.19475294649218444,7.8501908198096876e-18,0.18658649893190074,0.074134688452274833,0.5176667012337699,2.3504191123038786e-05,0.044021205316521754,0.086659018096622076,3.0577376108385326e-18,0.052842280382568323,0.45832524021238302,0.35814492316620578,7.3328256990790049e-06,0.27179907061049557,0.0012925233023205467,7.3298916221919753e-10,0.0017771187578954515,1.9298296402439485e-05,0.40355697189815487,6.334900166411754e-05,1.0662780151045495e-06,3.2206260413492433e-10,2.7342199394219126e-12,2.1536392342738087e-10,5.1896684302650027e-11,6.2159848267637702e-08,0.32149053837015684,nan,nan,nan,nan,nan,nan,nan,nan,nan,nan,nan,nan,nan,nan,0,0,0,0,0,0,0,-3.4757471479236224e-11,7.7702912703655691e-14,-8.2968724725867569e-13,-8.0770648879269244e-11,-7.9976173253393235e-16,-7.3701110102006306e-11,-4.0682264180549769e-14,3.905296225292787e-15,2.9838267247033236e-17,1.9569817625403713e-19,-8.0184536286023555e-20,2.0315813045774075e-19,-2.6823434246848139e-14,1.9004567351830176e-10,nan,nan,nan,nan,nan,nan,nan,nan,nan,nan,nan,nan,nan,nan,-1.2602603834035303e-07,1.1206902000848729e-07,-2.872719798170935e-23,1.4031572796622587e-08,3.9212959482282095e-07,-1.3997767561724217e-07,0,0.012370870386759717,0.043295787645362176,1.7201132963542317e-18,0.041266628662412867,0.016404642083674453,0.11424208703726499,5.1954646715890817e-06,-0.00027333951395713287,0.00037770887512536902,-1.9450844394900187e-20,0.00012186052385447318,0.00015076527389095332,-0.00041373982051885424,-3.1858637144635085e-09
52,3,support,0.012631578947368421,0.0035000000000000001,0.012368421052631579,0.012894736842105263,0.0030000000000000001,0.0040000000000000001,1000804.067355045,1.311040485712857,12.776127542181147,3080.4997156689146,0.1732287020454025,1173,1173,4.0521059636665073e-05,0.23866238529139194,0.40000000000000002,2,300000,0.00033700000000000001,0.0001,0.060797228886255841,0.18142184356005278,8.0649373477153098e-18,0.17855830262630323,0.071539795203836923,0.51271409160038228,2.2996859452350527e-05,0.048416951347128617,0.082751467770827203,3.2201596404184927e-18,0.051836752665796293,0.45337378366356129,0.36361369008937172,7.3544633149648164e-06,nan,nan,nan,nan,nan,nan,nan,nan,nan,nan,nan,nan,nan,nan,0.27313376900220121,0.0013398893644181898,8.1483929907033474e-10,0.0018236315530350212,1.9117028079646915e-05,0.39890324535827881,6.5337879209279181e-05,1.0027253250381154e-06,3.0926886038825226e-10,2.8530453364007379e-12,2.3609825268748789e-10,5.6788418481343852e-11,6.1263835265721987e-08,0.32471394440576012,0,0,0,0,0,0,0,nan,nan,nan,nan,nan,nan,nan,nan,nan,nan,nan,nan,nan,nan,1.5613774319614865e-10,6.3394069247217056e-15,3.8005333836120852e-12,3.5896227862267148e-10,3.1062934342795945e-15,3.2813324128168342e-10,-2.0731839207565644e-14,1.8462878795255655e-14,-1.7852698931006296e-17,-8.4660287795925812e-20,3.5597130879972516e-19,-4.2986941460201349e-19,3.2168115065072109e-14,-8.4707327276981112e-10,-1.4316401969645398e-07,1.3099197387900219e-07,-5.9786662251380358e-23,1.1840058216117364e-08,4.412426435618233e-07,-1.5535924202669804e-07,0,0.013622696213963554,0.041511713958821687,1.8200051431050191e-18,0.040619916613711095,0.016298416828183747,0.1162591491042753,5.2252032342101667e-06,-1.2968375300451541e-05,-1.3019013058355148e-05,-2.0523532449874817e-20,-0.00012948664978559995,0.00010112942032754111,-0.00014714390807857235,-8.1122938725974662e-09
52,4,support,0.012631578947368421,0.0045000000000000005,0.012368421052631579,0.012894736842105263,0.0040000000000000001,0.0050000000000000001,1000566.7880169592,1.6875538837936865,16.449161432478462,2558.5840100828286,0.12736268210827478,1173,1173,4.203660624306122e-05,0.19718517414634151,0.40000000000000002,2,300000,0.00033700000000000001,0.0001,0.056334348688415616,0.15115275538862441,2.1221065996446292e-17,0.26637100757917254,0.037305004388171539,0.49231058921141918,2.3865371616791026e-05,0.057760568208519589,0.088766014792981504,1.0909079953272843e-17,0.099560992174367827,0.30438295606168209,0.44951964234566882,9.8264167802424309e-06,nan,nan,nan,nan,nan,nan,nan,nan,nan,nan,nan,nan,nan,nan,0.23642245535388415,0.002606640652928747,1.0267846921916782e-09,0.0023813503043746227,3.9876867518027265e-05,0.4153755349181551,0.0001041381388440946,6.1707241299228138e-07,2.870896022014342e-10,3.2554249011753258e-12,2.8140460386377444e-10,7.5987568556019142e-11,1.0471277349304286e-07,0.34306928030456607,0,0,0,0,0,0,0,nan,nan,nan,nan,nan,nan,nan,nan,nan,nan,nan,nan,nan,nan,3.6233521400827837e-11,1.8514147674468769e-13,1.2506747566711525e-12,1.5891741453662569e-10,4.0927547809155307e-15,1.3460906890007396e-10,-1.9366083773713778e-13,8.7228401585148774e-15,-2.3097218453735229e-17,-1.6061120384697787e-19,1.0636713428867851e-18,-2.0097009039599138e-18,2.6749662074641221e-14,-3.3104173619559404e-10,-2.3295732137426639e-07,7.826535153299119e-08,3.8387787881266235e-23,1.5455607054420455e-07,8.5340626292118582e-07,-3.876710722439114e-07,0,0.011930935735550933,0.032674869047434232,4.5770067506800618e-18,0.057723720054282883,0.0079996237994742498,0.10569637146945957,5.1429019496284261e-06,0,0,0,0,0,0,0
53,0,lumen,0.013157894736842105,0.00050000000000000001,0.012894736842105263,0.013684210526315788,0,0.001,1000092.2147971342,1.321669064841424,12.88887095831535,3012.4401907578995,0.1741736978938902,1173,1173,4.0683396574902498e-05,0.23961725052854096,0.59999999999999998,2,500000,0.00035,0.0001,0.048295659241995026,0.19782231741779377,7.1004111999121881e-18,0.18370083354210626,0.072722684356966355,0.4911947217124214,2.2643724850187061e-05,0.038800506128332857,0.091028429913346767,2.8600626197463981e-18,0.053800275817654931,0.46493715000954244,0.35142633269814144,7.305432981468325e-06,0.2706216072072114,0.0012359499504464649,6.3867014060711421e-10,0.0017238328361252173,1.9384170320234515e-05,0.40852237109676154,6.1011410553104956e-05,1.1446467678012385e-06,3.3683370487602121e-10,2.6059836548379397e-12,1.9175297349573765e-10,4.6340645576692283e-11,6.2884420633311338e-08,0.31781463458119014,nan,nan,nan,nan,nan,nan,nan,nan,nan,nan,nan,nan,nan,nan,0,0,0,0,0,0,0,1.0158431323241012e-11,4.5846329795853999e-14,1.9932964337614679e-13,2.0581887250269548e-11,2.1938830960244182e-16,2.3686501328043508e-11,-3.2834820391650318e-14,1.9712963900131442e-15,8.4746125620560147e-18,1.1085840642105865e-19,-9.0517521401671123e-20,1.8810302325662084e-19,-8.8154955242288851e-15,-5.4632715132179087e-11,nan,nan,nan,nan,nan,nan,nan,nan,nan,nan,nan,nan,nan,nan,-1.0672114884521799e-07,9.7258505471486956e-08,-7.8513269525273344e-24,9.4387641766820468e-09,3.2959655678344024e-07,-1.161802980487181e-07,0,0.010797446429845611,0.046089571455715607,1.6062705470106891e-18,0.042376569843521568,0.016824098581241894,0.11273862804165201,5.2145482135875013e-06,-7.3226693632214471e-05,0.00010181486921497494,-4.186717330994465e-21,3.965653283412492e-05,3.4032102334094922e-05,-0.00010178491122444803,-2.577509127806128e-10
53,1,lumen,0.013157894736842105,0.0015,0.012894736842105263,0.013684210526315788,0.001,0.002,1000092.0523973645,1.3142124725244708,12.816156609369537,3034.2122568934888,0.17400220268248592,1173,1173,4.065916631011604e-05,0.23959464501390848,0.59999999999999998,2,500000,0.00035,0.0001,0.050035902115374897,0.19665810932384695,7.2274937861695967e-18,0.1836288732562365,0.072962035316654406,0.4958100534721801,2.277762419053857e-05,0.039971823075592425,0.089982189489358738,2.8948275597473199e-18,0.053475798078892876,0.46383574958164386,0.3527271326005742,7.307173937804915e-06,0.2709858757201416,0.0012466204966383801,6.5961757238601517e-10,0.0017345979952037994,1.9326742568130165e-05,0.40733087962455761,6.1465219191926106e-05,1.1275031982160787e-06,3.3341041892396086e-10,2.63429542328831e-12,1.9701999634128103e-10,4.7563257799179568e-11,6.2623966762126445e-08,0.31862004283427919,nan,nan,nan,nan,nan,nan,nan,nan,nan,nan,nan,nan,nan,nan,0,0,0,0,0,0,0,-2.0862367818466829e-12,7.2885033862857431e-14,-4.351396346284424e-14,-3.3637678922601703e-12,-4.2283884726934673e-17,-7.2900064890940586e-12,-4.5753035432061816e-14,2.8666305440516737e-15,1.8874778598718149e-17,1.8095033110756372e-19,-1.2630280226678707e-19,2.3901049050065592e-19,-1.8444880599287406e-14,1.2772061070894738e-11,nan,nan,nan,nan,nan,nan,nan,nan,nan,nan,nan,nan,nan,nan,-1.109009703449855e-07,1.0023009489046331e-07,-5.1578289758782414e-24,1.0678224511338494e-08,3.4338234707054216e-07,-1.2157588036298961e-07,0,0.011106204117590173,0.045537448815102181,1.6233970287515613e-18,0.042093420401371186,0.016766710076203232,0.1130218442063283,5.2107065361921502e-06,-0.00015721989380653844,0.00021937624014293315,-1.0398492033172573e-20,8.2653872273350321e-05,7.8478363877865898e-05,-0.0002269346278650436,-1.2187590042655743e-09
53,2,lumen,0.013157894736842105,0.0025000000000000001,0.012894736842105263,0.013684210526315788,0.002,0.0030000000000000001,1000091.5844158882,1.2604459890519359,12.291833390856231,3174.3548727849015,0.17335458141279789,1173,1173,4.0608853395066278e-05,0.23950010636587457,0.59999999999999998,2,500000,0.00035,0.0001,0.055458579958492862,0.19988043840409692,7.7607609214214251e-18,0.18902693050846012,0.075655845394257418,0.52132590697483028,2.3776008808895911e-05,0.042491281240620384,0.087714996321116054,2.9812482102750189e-18,0.052795735785747255,0.46128424932072914,0.35570642191904683,7.3154127403874502e-06,0.27176236547103538,0.0012712245658826385,7.0514456602365108e-10,0.0017591057101664454,1.921147945393797e-05,0.40470889600240423,6.2505702385155489e-05,1.0900137351375604e-06,3.2594094986609342e-10,2.6962172745056687e-12,2.0846816801314305e-10,5.0233437135961503e-11,6.2079360580549426e-08,0.32041553768309311,nan,nan,nan,nan,nan,nan,nan,nan,nan,nan,nan,nan,nan,nan,0,0,0,0,0,0,0,-2.8909402026888343e-11,1.3307693324961636e-13,-6.4922806091625502e-13,-6.3056540330856819e-11,-6.0758689746087668e-16,-6.8113750533935202e-11,-8.135234654387299e-14,9.0476671293915345e-15,3.4722517146156284e-17,3.481338855868846e-19,-2.6311348664998839e-19,5.1052879779608223e-19,-3.1866247595814293e-14,1.6070073038011298e-10,nan,nan,nan,nan,nan,nan,nan,nan,nan,nan,nan,nan,nan,nan,-1.2012668529522152e-07,1.0684680640249411e-07,-9.95221919814196e-23,1.3348665213233952e-08,3.7374519028243736e-07,-1.3341295340696391e-07,0,0.011763762358955081,0.044263640193107294,1.6643751329274893e-18,0.04144350178064285,0.016609645968580538,0.11353586217411052,5.1978941094947506e-06,-0.00026688755886787141,0.00037069632134463303,-2.1842811885873799e-20,0.00011313962422229305,0.00014980870606282106,-0.00040758000723369639,-3.3757743056751538e-09
53,3,support,0.013157894736842105,0.0035000000000000001,0.012894736842105263,0.013684210526315788,0.0030000000000000001,0.0040000000000000001,1000751.2845059047,1.3199948199543166,12.864066245506134,3051.303198807193,0.17373192498959758,1173,1173,4.0532331707855598e-05,0.23916655657567543,0.40000000000000002,2,300000,0.00033700000000000001,0.0001,0.058334078659740975,0.18264839145575129,7.8681109644424473e-18,0.17743130120666531,0.071522911359613764,0.50566433728086979,2.2789405021434524e-05,0.046775132596738364,0.083884362989001107,3.1631945957116314e-18,0.051864118992680931,0.45638664176663424,0.36108240537169389,7.3382832513492834e-06,nan,nan,nan,nan,nan,nan,nan,nan,nan,nan,nan,nan,nan,nan,0.27304499568771834,0.0013170162533668859,7.8433006549382982e-10,0.0018043150645195335,1.9046986884742204e-05,0.40020535391350842,6.4433833686579784e-05,1.0266047077840081e-06,3.1338442531020407e-10,2.8079832649528298e-12,2.284642231838955e-10,5.4933685186413351e-11,6.1240086788249091e-08,0.32354374903160044,0,0,0,0,0,0,0,nan,nan,nan,nan,nan,nan,nan,nan,nan,nan,nan,nan,nan,nan,9.5395408856328635e-11,1.4933563087586551e-13,5.7653682491534549e-12,3.9910513966181604e-10,2.8261355929093401e-15,1.2936596477212958e-10,-1.1884930428355485e-13,7.6030761547718484e-15,1.1544025353804364e-17,3.9671859412795383e-19,-1.1415448399389121e-18,1.5223882612989307e-18,-1.2421434346597758e-14,-6.2966029625559673e-10,-1.3655557033970603e-07,1.2583533171017791e-07,-6.6168312486716954e-22,1.0585109320765908e-08,4.2018690540879255e-07,-1.4753403265732601e-07,0,0.012934649231393827,0.042610636678251879,1.7600587762457599e-18,0.040929233173217387,0.016505755665122048,0.11549381198661594,5.2305614074995494e-06,-1.2698694591004809e-05,-1.3682717851985251e-05,-2.1052871219837932e-20,-0.00013565744497780796,0.00010498199418897167,-0.00015333744308583462,-8.4713284474499112e-09
53,4,support,0.013157894736842105,0.0045000000000000005,0.012894736842105263,0.013684210526315788,0.0040000000000000001,0.0050000000000000001,1000526.6040389803,1.723826238932527,16.803395254503329,2502.7871123936802,0.12709458254619374,1173,1173,4.210278372979574e-05,0.1963573806657368,0.40000000000000002,2,300000,0.00033700000000000001,0.0001,0.053369383017155811,0.15033064384786873,2.0996978498141301e-17,0.26622090024734274,0.036325318657433416,0.48189697452280539,2.3565154748664856e-05,0.05589894890770096,0.09018440654907918,1.1026330672372521e-17,0.10164773141552418,0.30277216624337194,0.44948683512939325,9.9117549305469735e-06,nan,nan,nan,nan,nan,nan,nan,nan,nan,nan,nan,nan,nan,nan,0.23530337455600059,0.0026148960401854654,9.9159544080688752e-10,0.0023761537442319697,4.0640607778863137e-05,0.41720064486191738,0.00010418905863190745,6.223388697249678e-07,2.9028471373648954e-10,3.1708085982051537e-12,2.7191317928791293e-10,7.3585763208500895e-11,1.0643364598737262e-07,0.34235937072818823,0,0,0,0,0,0,0,nan,nan,nan,nan,nan,nan,nan,nan,nan,nan,nan,nan,nan,nan,3.6534320984957238e-11,5.0690714512257463e-13,1.5813851316050307e-12,1.5314101387598461e-10,9.7595542758455167e-15,1.1895238852081824e-10,-5.1001388753750786e-13,-6.3241512721079474e-15,-4.2527334320966686e-18,-7.1282757807025989e-19,4.3898739288997313e-18,-6.6991332510638664e-18,1.468492841772057e-14,-3.102241663087501e-10,-2.2491507959982587e-07,6.5681255378979841e-08,-8.0068897010698794e-24,1.5911327240015675e-07,8.33835775218561e-07,-3.8417993930561778e-07,0,0.011067429994045133,0.033101782301383054,4.6122930812472668e-18,0.059286988067872186,0.0077820248215627538,0.1039502305652214,5.1369571586944382e-06,0,0,0,0,0,0,0
54,0,lumen,0.014210526315789474,0.00050000000000000001,0.013684210526315788,0.014736842105263159,0,0.001,1000079.1930102283,1.3238206491394475,12.91002122993679,2993.8934046314175,0.17494955641942658,1173,1173,4.0703181192412534e-05,0.24042917286079474,0.59999999999999998,2,500000,0.00035,0.0001,0.044811202602136287,0.20187210886022625,6.7756519196501138e-18,0.18334985671488144,0.073377008060173624,0.48450963930731422,2.2512396916452184e-05,0.036060186806244357,0.093044384545434899,2.7337274245060607e-18,0.053785601642731898,0.4698902439712721,0.34721230805253639,7.2749817804295679e-06,0.27045260350197231,0.0012011324210623585,5.9005476859711646e-10,0.0016930931000617409,1.9255103033412583e-05,0.41063320026056405,5.9607270676110818e-05,1.1897229330263022e-06,3.440738666451306e-10,2.5464665626476483e-12,1.7981086670094912e-10,4.3516955335378326e-11,6.2797006252139962e-08,0.31593985466268804,nan,nan,nan,nan,nan,nan,nan,nan,nan,nan,nan,nan,nan,nan,0,0,0,0,0,0,0,8.3551582827842235e-12,4.3801049265063834e-14,1.5119464037112385e-13,1.5785986460492223e-11,1.3330265710709277e-16,2.1313206624920533e-11,-2.7208078104192695e-14,2.3655122999288736e-15,1.0889691523171016e-17,1.1251140247503657e-19,-5.2036665715397999e-20,1.23629684106791e-19,-1.0728042919340804e-14,-4.5613957163219176e-11,nan,nan,nan,nan,nan,nan,nan,nan,nan,nan,nan,nan,nan,nan,-9.6836876980685438e-08,8.853529015473427e-08,-1.4214026988279903e-23,8.2801306030926602e-09,2.9878615297185274e-07,-1.0513264597777905e-07,0,0.010119816312731997,0.047198784845121848,1.5598126317584441e-18,0.042497808896397656,0.017071141231885679,0.1119469042238465,5.2157405120362101e-06,-6.6513612892852631e-05,9.3241285844783225e-05,-3.7853898873835977e-21,3.3511530415721414e-05,3.3245080705932373e-05,-9.7351708241458776e-05,-5.6634187004625696e-10
54,1,lumen,0.014210526315789474,0.0015,0.013684210526315788,0.014736842105263159,0.001,0.002,1000079.0520774666,1.3065161691005405,12.74126813798722,3037.9048707399616,0.1747394495203145,1173,1173,4.0682073595434415e-05,0.2403895393597047,0.59999999999999998,2,500000,0.00035,0.0001,0.046740127277521207,0.20244514971000493,6.944017523604813e-18,0.18483515265717462,0.074179963785698827,0.49267357882335988,2.2822510998640892e-05,0.037120768836660739,0.092088823123532268,2.7650349779089601e-18,0.053512559733937676,0.46882282195425112,0.34844774755982294,7.2787917951400769e-06,0.27076664480946233,0.0012109286568519997,6.0880610804574075e-10,0.0017030255299164141,1.9212715007800402e-05,0.40957233279588473,6.0025124401341918e-05,1.1733622406722074e-06,3.4093562419723493e-10,2.5702830484342553e-12,1.8449427720851774e-10,4.4597897774792092e-11,6.2587722803776287e-08,0.31666659323711188,nan,nan,nan,nan,nan,nan,nan,nan,nan,nan,nan,nan,nan,nan,0,0,0,0,0,0,0,-1.2421057033259359e-12,6.2723238377412256e-14,-4.305746150462159e-14,-7.038260263764025e-12,-1.5075831208410939e-16,2.8674640786818806e-12,-3.4586564769140387e-14,2.7549577202856668e-15,2.2089290502135663e-17,1.8566854024099778e-19,-1.0273386752513122e-19,2.2938589510678052e-19,-2.0200313955654543e-14,5.4454217821682638e-12,nan,nan,nan,nan,nan,nan,nan,nan,nan,nan,nan,nan,nan,nan,-1.0052615575292106e-07,9.0917345929586446e-08,-9.9057400958703306e-26,9.6060029713416439e-09,3.1118525287143761e-07,-1.1012516859532084e-07,0,0.01041383828298954,0.046658434297590708,1.5625036536297334e-18,0.042244522105994761,0.017009769452516726,0.11222134871840016,5.2128151299198198e-06,-0.00014472435946842209,0.00020292162151779961,-9.1715373581045461e-21,6.7627304554905432e-05,7.8698327350351711e-05,-0.0002223352992348397,-1.7855441675609655e-09
54,2,lumen,0.014210526315789474,0.0025000000000000001,0.013684210526315788,0.014736842105263159,0.002,0.0030000000000000001,1000078.6489808093,1.2904758285018101,12.584846305550654,3085.5328932778343,0.17404866297344898,1173,1173,4.0638654902788222e-05,0.24024521458748851,0.59999999999999998,2,500000,0.00035,0.0001,0.050266550349040658,0.20031782867401435,7.2233747280453978e-18,0.1851993461976402,0.074695696210998169,0.50289810330219642,2.3144346859240793e-05,0.03943132895673504,0.090002466480688992,2.8409607087896144e-18,0.052959742502346543,0.46628663516940194,0.35131253607610752,7.2908147200475437e-06,0.27142857062000292,0.0012338654239219525,6.5004194884754732e-10,0.0017258985219693486,1.9132980914351565e-05,0.40722746933728632,6.0996429104975419e-05,1.1371306788805278e-06,3.3402586841674021e-10,2.6229237116640237e-12,1.9478873477830087e-10,4.6986131967055568e-11,6.215946056574455e-08,0.3183028661681952,nan,nan,nan,nan,nan,nan,nan,nan,nan,nan,nan,nan,nan,nan,0,0,0,0,0,0,0,-2.3563869208289194e-11,9.2083993769477751e-14,-5.4650125751686372e-13,-5.8325629089338993e-11,-6.7160903574614572e-16,-4.4818630577647678e-11,-4.8386448582942604e-14,5.5155532918682582e-15,3.5247786089210559e-17,2.9464992844933156e-19,-3.0761042693135968e-19,5.5395614830898271e-19,-3.0337314240363082e-14,1.2723624920115488e-10,nan,nan,nan,nan,nan,nan,nan,nan,nan,nan,nan,nan,nan,nan,-1.0876117690532608e-07,9.6802354743186214e-08,7.3831348118581119e-24,1.200421272446059e-08,3.3830121137778946e-07,-1.2070761767901672e-07,0,0.011026829171748291,0.045441021670376607,1.5993868871206282e-18,0.041673251121192419,0.016848404262562226,0.11269762155141655,5.2016770041354335e-06,-0.00024003540326070384,0.00033233265738038273,-1.7257814047533815e-20,8.3298273795309654e-05,0.00014756931612174313,-0.00039100244388187732,-4.1839546893034984e-09
54,3,support,0.014210526315789474,0.0035000000000000001,0.013684210526315788,0.014736842105263159,0.0030000000000000001,0.0040000000000000001,1000645.2693172232,1.3240319457531586,12.904777303815111,3025.767318815133,0.17446998437620598,1173,1173,4.0576073832863826e-05,0.23982469178833035,0.40000000000000002,2,300000,0.00033700000000000001,0.0001,0.053791607206995593,0.1879407308287411,7.3993947364358741e-18,0.1782850988465467,0.072097023618235251,0.49746369461570383,2.2657980486150671e-05,0.04326925835695157,0.086588121301719501,2.9841721750336479e-18,0.052278613401880281,0.46150596927640097,0.35635071860942252,7.3190536252306095e-06,nan,nan,nan,nan,nan,nan,nan,nan,nan,nan,nan,nan,nan,nan,0.27245724602888455,0.0012755108481747597,7.1991731824933839e-10,0.0017668624966456917,1.9039343610773358e-05,0.40334867532094559,6.2748892208512179e-05,1.0773712865591327e-06,3.227548868407475e-10,2.7156950557404685e-12,2.1229743290633616e-10,5.1081710915801665e-11,6.1554451964681156e-08,0.32106877683502466,0,0,0,0,0,0,0,nan,nan,nan,nan,nan,nan,nan,nan,nan,nan,nan,nan,nan,nan,1.0712741349809254e-10,5.7096683328402898e-14,2.5275690758909024e-12,2.5015543798654793e-10,2.0863302405138562e-15,2.3002276125505539e-10,-4.9203340894107988e-14,4.2546261652676165e-15,-7.5226363995592423e-19,1.0392917905318729e-19,-1.871101157158731e-19,2.605345830692924e-19,1.9299220268690561e-16,-5.8984747653867485e-10,-1.2302460911930643e-07,1.1351642592583033e-07,-3.2077833170756834e-23,9.2756263267492622e-09,3.7828833771014203e-07,-1.3254786923599937e-07,0,0.012108042735436387,0.043936509092929031,1.6811265524249721e-18,0.041318252172372005,0.016743492545692525,0.11458285175036091,5.2379621811214522e-06,-1.1042829322771799e-05,-1.6475615103869102e-05,-2.2761378091614895e-20,-0.00015372496716321634,0.0001133084032765149,-0.00016172613138822387,-9.2907601253225611e-09
54,4,support,0.014210526315789474,0.0045000000000000005,0.013684210526315788,0.014736842105263159,0.0040000000000000001,0.0050000000000000001,1000447.2904134033,1.734978034906407,16.91344072716787,2484.1469433320071,0.12325036203677446,1173,1173,4.2295409092108314e-05,0.19366681113728229,0.40000000000000002,2,300000,0.00033700000000000001,0.0001,0.048549487122454958,0.15594198739206977,2.1673676294941652e-17,0.2824353749369623,0.035385571960149083,0.47848484553590676,2.393152749160393e-05,0.051183623560433947,0.094163354538826557,1.1456229744181479e-17,0.10854493338298409,0.29687091961553325,0.44922703712570816,1.013177651413846e-05,nan,nan,nan,nan,nan,nan,nan,nan,nan,nan,nan,nan,nan,nan,0.23185484322581942,0.0026523616013951596,9.0345593976252163e-10,0.0023630264418194923,4.3039054240192232e-05,0.42228947870241129,0.00010464268634139228,6.3432841416935138e-07,2.9862640596986037e-10,2.9602059899972583e-12,2.4801066427584362e-10,6.7630258572140716e-11,1.1160496331294352e-07,0.34069186083391889,0,0,0,0,0,0,0,nan,nan,nan,nan,nan,nan,nan,nan,nan,nan,nan,nan,nan,nan,2.6420695657463719e-11,1.4525639638844793e-13,1.1039294377230045e-12,1.1228211587793058e-10,2.0050150775774433e-15,8.2175270060824701e-11,-1.5445404950985503e-13,2.0356112628849843e-14,-2.606077053184542e-17,-3.3450020748908036e-21,2.5896186715558474e-19,-8.0912071361567207e-19,3.7839688121296236e-14,-2.2203283708396717e-10,-2.0534227525292881e-07,5.3431229385392243e-08,4.5623242735652429e-24,1.5182770653012774e-07,7.6783807877178756e-07,-3.5728117031563755e-07,0,0.010016795920388961,0.033559707174955204,4.6734459045010026e-18,0.061253189304787244,0.0074845156352246114,0.10176699244818715,5.1282640512902941e-06,0,0,0,0,0,0,0
55,0,lumen,0.015263157894736843,0.00050000000000000001,0.014736842105263159,0.015789473684210527,0,0.001,1000066.1103233623,1.2868566656677629,12.549709220280839,3068.2583038115945,0.17568007956836681,1173,1173,4.0712570939191621e-05,0.24120003905160298,0.59999999999999998,2,500000,0.00035,0.0001,0.043312878815586868,0.21107082711836542,6.8444657612936241e-18,0.1880905467438595,0.076177742254379205,0.49337144472990047,2.306965732431215e-05,0.033881695108700191,0.094568993403057966,2.684419497231174e-18,0.053636339583246102,0.47421057259422617,0.34369515231474385,7.2469960258232691e-06,0.27043404408677341,0.0011726833275467795,5.5183561889856337e-10,0.0016681656157171364,1.9106861136138041e-05,0.41216835744012459,5.8461988566786388e-05,1.2270921008311864e-06,3.4968321966249015e-10,2.5028912323990178e-12,1.7050795976060051e-10,4.1325095614798843e-11,6.2598850014237408e-08,0.31447788987332953,nan,nan,nan,nan,nan,nan,nan,nan,nan,nan,nan,nan,nan,nan,0,0,0,0,0,0,0,6.3004709640464273e-12,4.905892048568077e-14,-9.8383956823681958e-15,2.2270353778919491e-11,1.5726352511902242e-16,-9.9269711374694314e-12,-3.3406425609098879e-14,2.2501531887764159e-15,9.3094663604650257e-18,1.1154994072226292e-19,4.5965651157747479e-21,5.1528612029402783e-20,-9.6255784591559283e-15,-1.8642393289095758e-11,nan,nan,nan,nan,nan,nan,nan,nan,nan,nan,nan,nan,nan,nan,-8.9153620632265868e-08,8.1625822101472068e-08,-1.0699335204412936e-21,7.5377425725581029e-09,2.7499550919740656e-07,-9.6713647312896001e-08,0,0.0095042966965716118,0.04820892662959278,1.5119930838595843e-18,0.042611949363730278,0.017287657501240502,0.11124069932776878,5.2175854976503757e-06,-6.5201082488926769e-05,9.1697652821719588e-05,2.6798084818356074e-21,2.8715337930134232e-05,3.5754063079507204e-05,-0.00010002539936778407,-8.7636841475481975e-10
55,1,lumen,0.015263157894736843,0.0015,0.014736842105263159,0.015789473684210527,0.001,0.002,1000065.992051269,1.3023111923351085,12.700426665241205,3036.2567733725855,0.17545727505050357,1173,1173,4.069324877082316e-05,0.2411333427806947,0.59999999999999998,2,500000,0.00035,0.0001,0.044109156063160959,0.2064915261532872,6.7076031152307664e-18,0.18504848758781028,0.075092575340928489,0.4893298234555889,2.2814364659909252e-05,0.034918974122411968,0.093628364330723329,2.6623358167551658e-18,0.053402593699533769,0.4730693185622829,0.34497349641482833,7.2528702197058344e-06,0.27072204709570602,0.0011825639256617915,5.700217296338235e-10,0.0016781737124815397,1.9076145286247569e-05,0.4111456825360712,5.8883585153133486e-05,1.2102200608626323e-06,3.4657375935155375e-10,2.524537404351755e-12,1.7501818847387833e-10,4.2361626006633056e-11,6.2423105701495891e-08,0.31519229921997344,nan,nan,nan,nan,nan,nan,nan,nan,nan,nan,nan,nan,nan,nan,0,0,0,0,0,0,0,-9.5911751670787246e-13,5.9955535389857338e-14,-7.0457723921516004e-14,-6.6197822699750684e-14,1.3660947373317356e-17,-1.3055024943031679e-11,-3.8634751485269961e-14,2.5671739040111774e-15,1.4178916292369486e-17,1.4837097934567883e-19,-2.7216827092408839e-20,1.0826472021808755e-19,-1.4033011261369546e-14,1.4140521982604214e-11,nan,nan,nan,nan,nan,nan,nan,nan,nan,nan,nan,nan,nan,nan,-9.2698263238610162e-08,8.4074462503025416e-08,-1.0998810010147928e-23,8.6369376182153176e-09,2.8673244933941078e-07,-1.0133520983446331e-07,0,0.0097809480474018665,0.047687981930968765,1.4940458054013698e-18,0.04238534839902227,0.017224379613866685,0.11150605990919661,5.2154686133024821e-06,-0.00013935100269350036,0.00019525587392659944,-8.9069560487617828e-21,5.6557537721948275e-05,8.1736626127803188e-05,-0.00022495166987209904,-2.3287914511384001e-09
55,2,lumen,0.015263157894736843,0.0025000000000000001,0.014736842105263159,0.015789473684210527,0.002,0.0030000000000000001,1000065.6546454383,1.3147358222952525,12.821598729271523,3017.1005646869689,0.174740347129894,1173,1173,4.0654309803277095e-05,0.2409397170425131,0.59999999999999998,2,500000,0.00035,0.0001,0.046466902907006967,0.20017577075128756,6.8275875637623032e-18,0.18172223422313438,0.073971867541558822,0.48871536127462523,2.2647442127118169e-05,0.037136444758814668,0.091630610778138402,2.7358143643829235e-18,0.052943024549426752,0.47045516015510519,0.347827491262515,7.2684959999576634e-06,0.27131133817688813,0.0012049143541082172,6.0922471249854183e-10,0.0017004447546489214,1.9021864082555009e-05,0.40894842054405273,5.9830485251592348e-05,1.173989695507603e-06,3.3991709208329626e-10,2.5718407634727334e-12,1.8474356481023084e-10,4.4608126460961226e-11,6.2073495543701514e-08,0.31675479257671163,nan,nan,nan,nan,nan,nan,nan,nan,nan,nan,nan,nan,nan,nan,0,0,0,0,0,0,0,-1.8198462798113592e-11,5.8835068260918922e-14,-3.8402631306194828e-13,-3.8932876480434172e-11,-8.9392469121429841e-17,-4.6139860595401094e-11,-4.1606460162685098e-14,4.0338826029495678e-15,8.0091934450424009e-18,1.1577035999476338e-19,3.9812538924301072e-20,1.1046305609352379e-20,-8.613865465403024e-15,1.0364256664318559e-10,nan,nan,nan,nan,nan,nan,nan,nan,nan,nan,nan,nan,nan,nan,-1.0044169577311246e-07,8.9956065207896785e-08,6.5091723535982608e-24,1.0532159036002314e-08,3.1186752728895595e-07,-1.1093531043782079e-07,0,0.010348205516469968,0.046535772693764695,1.5447530039428199e-18,0.041884613050822597,0.017059909926917218,0.11194098567889964,5.2058968564197328e-06,-0.00022701686968205949,0.00031274269550264156,-1.6053932537878655e-20,6.3490954285031032e-05,0.00014897504003193491,-0.00038387435983394956,-4.8920907004259741e-09
55,3,support,0.015263157894736843,0.0035000000000000001,0.014736842105263159,0.015789473684210527,0.0030000000000000001,0.0040000000000000001,1000538.7343240476,1.3081841866018549,12.751673546400568,3050.0001266699664,0.17514669211401229,1173,1173,4.0599951267681964e-05,0.24045271870726476,0.40000000000000002,2,300000,0.00033700000000000001,0.0001,0.051275014590454915,0.19424030124343367,7.1982116121945333e-18,0.1809351547886098,0.073619839817354205,0.4983062736461028,2.2874730465957244e-05,0.040755609745334855,0.088428736558756535,2.8685931807179953e-18,0.052426231610166282,0.46566277970694586,0.35271934097465729,7.3014041392688398e-06,nan,nan,nan,nan,nan,nan,nan,nan,nan,nan,nan,nan,nan,nan,0.27219680090216358,0.0012445238249054532,6.7438095678091781e-10,0.0017392776533798728,1.8969781720750042e-05,0.40539370206028752,6.1496303256964823e-05,1.1154562187191138e-06,3.2926557902798068e-10,2.6539213566896746e-12,2.0096495064883e-10,4.838717253809296e-11,6.1601572765732112e-08,0.31934405116084341,0,0,0,0,0,0,0,nan,nan,nan,nan,nan,nan,nan,nan,nan,nan,nan,nan,nan,nan,8.3490948634234885e-11,2.7835416059525579e-14,1.8002006972749948e-12,1.8166672813885062e-10,1.6529204220627758e-15,1.8171370332921433e-10,-2.8999706367519837e-14,4.4630098228193305e-15,-5.9843045227590361e-18,-1.1913509161973328e-20,1.9749291261403285e-19,-2.5039970124800274e-19,7.2282635042885112e-15,-4.4868353488563595e-10,-1.135843879576659e-07,1.0638738701107542e-07,3.8094637614913395e-23,7.0134737723281948e-09,3.4771950571665933e-07,-1.2077773148266857e-07,0,0.011339763090838334,0.045182855806405187,1.6214812840331415e-18,0.041672779017700654,0.016955267954821964,0.11375288316221911,5.2455176765006873e-06,-9.9992756248665755e-06,-1.7850584877265726e-05,-2.4089608661712608e-20,-0.00016604876852094978,0.00011975457479639157,-0.00016835362071832428,-9.950440277440473e-09
55,4,support,0.015263157894736843,0.0045000000000000005,0.014736842105263159,0.015789473684210527,0.0040000000000000001,0.0050000000000000001,1000369.3478847932,1.7382242755834214,16.946406973440109,2477.7579804783068,0.12183880048407024,1173,1173,4.242267235837701e-05,0.19184873005206382,0.40000000000000002,2,300000,0.00033700000000000001,0.0001,0.045354357606448396,0.15972978109870975,2.2294606336523149e-17,0.29382165943197197,0.034819719743082338,0.47795987449028687,2.4292355164476636e-05,0.047908333978545999,0.096638553240886729,1.1807408972165696e-17,0.11314098067090174,0.29269302652152812,0.44960880100398315,1.0304584154207026e-05,nan,nan,nan,nan,nan,nan,nan,nan,nan,nan,nan,nan,nan,nan,0.22960736155231759,0.0026854794412722364,8.4336856227559946e-10,0.002358674167242445,4.4718487359458767e-05,0.4253957292412448,0.00010519699314482524,6.3956137741973655e-07,3.0348168369297587e-10,2.8131157512810443e-12,2.3175773737891026e-10,6.3546013831496268e-11,1.1513642463399997e-07,0.33980208397465317,0,0,0,0,0,0,0,nan,nan,nan,nan,nan,nan,nan,nan,nan,nan,nan,nan,nan,nan,2.3419077422134887e-11,7.7288151038306861e-13,9.5903908394444391e-13,9.8528829180895596e-11,1.2397851842371743e-14,8.2786460412626051e-11,-7.5669850980929875e-13,-2.2822455730819868e-15,-1.578186162496047e-18,-8.2879766017768935e-19,5.6057504853029714e-18,-8.4931934038335197e-18,9.0344208086784036e-15,-2.0572875401352736e-10,-1.9218976510856217e-07,3.6937166603134841e-08,-1.3480006769537929e-23,1.5516883389633845e-07,7.317239562876221e-07,-3.4745620863807503e-07,0,0.0090337709324875004,0.033870456194152659,4.7628000915181655e-18,0.063254292817241042,0.0071890817649953517,0.099633369018112442,5.1189536996126254e-06,0,0,0,0,0,0,0
56,0,lumen,0.016315789473684211,0.00050000000000000001,0.015789473684210527,0.016842105263157894,0,0.001,1000052.9734120461,1.2902586342217717,12.583051257310968,3048.2947624998169,0.17626788935251511,1173,1173,4.0734587152030121e-05,0.24180041577450834,0.59999999999999998,2,500000,0.00035,0.0001,0.040143075406323947,0.21458308434570375,6.4467233802341034e-18,0.1877709353998033,0.076611253324333231,0.48712524975569521,2.2942847940586224e-05,0.031485531101656396,0.096398070306100439,2.5351412818048236e-18,0.053687457219408562,0.4781762537038296,0.34024546136032863,7.226308676472787e-06,0.27019706615797767,0.0011455061490414035,5.102276223814611e-10,0.0016431083658511741,1.9024812253381657e-05,0.41403780245969773,5.7345020681917341e-05,1.2676480159302712e-06,3.56129473059539e-10,2.4563525575017543e-12,1.6034294893175796e-10,3.8966230597449141e-11,6.2589639972840416e-08,0.31289881572871808,nan,nan,nan,nan,nan,nan,nan,nan,nan,nan,nan,nan,nan,nan,0,0,0,0,0,0,0,2.917412043257365e-12,6.3053350667383832e-14,1.4919083413363923e-13,1.908506454981566e-11,1.4690939437178585e-17,-7.5667215548858024e-12,-3.5985779054038956e-14,3.0637384990095384e-15,2.0030307883339853e-17,1.9757919627609265e-19,-1.1742407821619015e-19,2.584654004605138e-19,-1.8645170068983475e-14,-1.4596574047115057e-11,nan,nan,nan,nan,nan,nan,nan,nan,nan,nan,nan,nan,nan,nan,-8.1006170777296604e-08,7.3981533454947623e-08,-1.53446813231433e-23,7.0320703231508735e-09,2.5004870905787069e-07,-8.8057182323630911e-08,0,0.008946375016647138,0.049120254825187878,1.4512656555970254e-18,0.042723736671698979,0.017479573873326597,0.11060928878765966,5.2197733023816268e-06,-5.9882116540221111e-05,8.5121758167741804e-05,4.2550709260723103e-21,2.4269653797728739e-05,3.486500427741686e-05,-9.6581697362973441e-05,-1.0392074864621636e-09
56,1,lumen,0.016315789473684211,0.0015,0.015789473684210527,0.016842105263157894,0.001,0.002,1000052.8778176212,1.3051235765098326,12.728020564701698,3017.6889434025265,0.17603982242671934,1173,1173,4.0717604835370885e-05,0.24172313057861272,0.59999999999999998,2,500000,0.00035,0.0001,0.040883479548423647,0.21022311795431425,6.2854185849767846e-18,0.18495200126875047,0.075563588088264078,0.48330738452325722,2.2703329158185574e-05,0.032435689612223241,0.095527460496187891,2.5001855430759036e-18,0.053490714981739886,0.47707088448912371,0.34146801716814923,7.233252576034485e-06,0.27044915723058327,0.0011546952789661365,5.2672445834656039e-10,0.0016524616664256241,1.9004172067365452e-05,0.41311226724600725,5.7738187225654131e-05,1.2514253370324633e-06,3.5324235729710771e-10,2.4746427483309806e-12,1.6440612665598734e-10,3.9895054650127572e-11,6.2449572191832398e-08,0.31355336125707284,nan,nan,nan,nan,nan,nan,nan,nan,nan,nan,nan,nan,nan,nan,0,0,0,0,0,0,0,2.3684586145266836e-13,6.6014058534284866e-14,-1.0674149418955669e-13,-1.6079366103733742e-11,-1.0337867714649285e-16,3.6601146592707412e-11,-3.4207694584339879e-14,2.4967007627996196e-15,2.6554029342952695e-17,2.2431454609085881e-19,-1.7017333417990844e-19,3.4250193268226354e-19,-2.3637396774360534e-14,-2.0662527341392672e-11,nan,nan,nan,nan,nan,nan,nan,nan,nan,nan,nan,nan,nan,nan,-8.4183932745358209e-08,7.600066292967611e-08,1.2415817903337725e-21,8.1467965578253012e-09,2.6069883103663205e-07,-9.2314762223377755e-08,0,0.0092038276518620048,0.048622821476555445,1.4453022388515099e-18,0.042529246700509768,0.017414241725562739,0.11086031905189668,5.2185433607650468e-06,-0.00012520454512945572,0.00017516433043990895,-1.6061403997882676e-20,4.4057029916606676e-05,7.9244204340403135e-05,-0.00021195487907672936,-2.7103614367484398e-09
56,2,lumen,0.016315789473684211,0.0025000000000000001,0.015789473684210527,0.016842105263157894,0.002,0.0030000000000000001,1000052.6060019289,1.3043188585102978,12.720176131309936,3028.3939080514765,0.17530528236006282,1173,1173,4.0685115083684147e-05,0.24149794382797807,0.59999999999999998,2,500000,0.00035,0.0001,0.043415687161399152,0.20641213051792351,6.6215729590760821e-18,0.18383091423209144,0.075211063876811868,0.48739690342560449,2.2774270206422296e-05,0.034423436237290328,0.093737902742839066,2.6322762143186101e-18,0.053133713727008876,0.47455256921440941,0.3441451266960171,7.2513824352374442e-06,0.27093227408748127,0.0011751173752966551,5.614856466979971e-10,0.0016728124662785471,1.8977871588010578e-05,0.41119510503649737,5.8604062011661739e-05,1.2173895605544307e-06,3.4724401831026388e-10,2.5137282861168541e-12,1.7296589189581066e-10,4.1862709708288726e-11,6.2198577750039139e-08,0.31494582838663515,nan,nan,nan,nan,nan,nan,nan,nan,nan,nan,nan,nan,nan,nan,0,0,0,0,0,0,0,-1.3023023090914042e-11,8.2099332120817259e-14,-2.9677158463400766e-13,-3.2888153719322609e-11,-6.2542202319826323e-16,-1.7709817553418494e-11,-3.730108820179699e-14,3.4993709319142141e-15,4.1836981737740329e-17,3.3889698263752941e-19,-4.8748963992502392e-19,8.1230477090028449e-19,-3.40264938675996e-14,6.3903993105562572e-11,nan,nan,nan,nan,nan,nan,nan,nan,nan,nan,nan,nan,nan,nan,-9.0966372695306524e-08,8.0860962814455206e-08,4.494218676855671e-24,1.0123447513198361e-08,2.8303000973450843e-07,-1.0105723546871559e-07,0,0.0097275280818362245,0.047531191227677967,1.4993313839339798e-18,0.042106294124569899,0.017244518958422359,0.11125405487083916,5.2106023359602883e-06,-0.00020013649675066394,0.00027219261346960502,-1.5030038427927251e-20,3.9500807741116396e-05,0.00014439305347312421,-0.00035622229244075733,-5.531033941569817e-09
56,3,support,0.016315789473684211,0.0035000000000000001,0.015789473684210527,0.016842105263157894,0.0030000000000000001,0.0040000000000000001,1000431.7206064948,1.2981161938338648,12.654888163861438,3059.0230169711281,0.17575081815558929,1173,1173,4.0643213537255881e-05,0.24094648934132609,0.40000000000000002,2,300000,0.00033700000000000001,0.0001,0.047676401009605622,0.20130894581914785,6.9690899565970776e-18,0.18366273362164881,0.074863644144769648,0.49637454083734939,2.3008861907593397e-05,0.037607649618647994,0.090951167287617193,2.756205200469591e-18,0.052812637275353666,0.46993603382499011,0.34868522351844178,7.2884749491445803e-06,nan,nan,nan,nan,nan,nan,nan,nan,nan,nan,nan,nan,nan,nan,0.2715958534461595,0.0012109352445142923,6.1805586813253362e-10,0.0017076803084866085,1.8982264165462378e-05,0.40820121440433887,6.0107269121588965e-05,1.163209475203976e-06,3.3787405026706725e-10,2.5799705207332035e-12,1.8692751432243063e-10,4.5102018268421123e-11,6.1921017968855857e-08,0.31720400074217975,0,0,0,0,0,0,0,nan,nan,nan,nan,nan,nan,nan,nan,nan,nan,nan,nan,nan,nan,6.079647527559921e-11,5.6067664619342193e-14,1.2343117700072514e-12,1.3800701237449282e-10,1.3674499900473425e-15,1.3653236462414509e-10,-4.7099069370547158e-14,3.4466787063314186e-15,1.0982594349115954e-18,9.6838048851867155e-20,-8.6765792034648582e-20,1.4387276471226693e-19,-1.7219302920927619e-15,-3.365822899262171e-10,-1.0223148931478437e-07,9.4747364620673125e-08,-2.9240721013571862e-23,7.3463549059150038e-09,3.1400675125359268e-07,-1.0971462210962457e-07,0,0.010650762080825778,0.046292370125940271,1.5748321232154851e-18,0.042035663943514955,0.017130856609136921,0.11302014825284869,5.2535915725722753e-06,-7.9196293970143227e-06,-2.0455079983828232e-05,-2.6211202988291993e-20,-0.00018714922101228335,0.00012854564255190519,-0.00017631213706046172,-1.0860486954200301e-08
56,4,support,0.016315789473684211,0.0045000000000000005,0.015789473684210527,0.016842105263157894,0.0040000000000000001,0.0050000000000000001,1000292.8082084189,1.7868865048681843,17.422160877132157,2410.0528278992915,0.11792096714689136,1173,1173,4.2621313286227246e-05,0.18878052132781925,0.40000000000000002,2,300000,0.00033700000000000001,0.0001,0.039838997716110734,0.1613463831705603,2.2883474401908611e-17,0.30606035557944516,0.033000114699417077,0.46533427592441329,2.4211715944139757e-05,0.04326381770203714,0.10035710976583041,1.2459515359015794e-17,0.1211623248203178,0.28518517225052481,0.45002101675264689,1.0558708643059537e-05,nan,nan,nan,nan,nan,nan,nan,nan,nan,nan,nan,nan,nan,nan,0.22594281320881002,0.0027502953085503734,7.5922420402845653e-10,0.002353449961566416,4.755749310241775e-05,0.43003398503694201,0.00010634113728405017,6.445040413881974e-07,3.101056617871331e-10,2.6053240424283703e-12,2.0890236352097802e-10,5.7839156629768151e-11,1.2085853935704501e-07,0.33876479115248664,0,0,0,0,0,0,0,nan,nan,nan,nan,nan,nan,nan,nan,nan,nan,nan,nan,nan,nan,1.0784223069404023e-11,1.0670996997390685e-13,1.3023527570466555e-13,6.7900007905403726e-11,1.2743712335394619e-15,4.9236944165906293e-11,-1.1753462249790431e-13,2.617762777379351e-14,-2.3031943253454409e-17,6.8351026152159188e-20,-9.1786494009509894e-20,-1.7864022568303052e-19,4.3885847380745268e-14,-1.2811182726498792e-10,-1.7416307348128851e-07,3.0144239382412508e-08,2.2907014799672437e-23,1.4396939567373833e-07,6.6645287830763289e-07,-3.182002470958345e-07,0,0.0081440146115728598,0.034118386853515842,4.856157317257774e-18,0.065080008814943288,0.0068944357466312195,0.09765856067550073,5.108791841998045e-06,0,0,0,0,0,0,0
57,0,lumen,0.017368421052631578,0.00050000000000000001,0.016842105263157894,0.017894736842105262,0,0.001,1000039.789647793,1.2902480190891787,12.583113618859553,3040.0328600723565,0.17681376010282907,1173,1173,4.0740562469315291e-05,0.24235675446320099,0.59999999999999998,2,500000,0.00035,0.0001,0.038167673250405772,0.21696603741673709,6.275644629209032e-18,0.18731734462796282,0.077105028621898775,0.48357706699992892,2.2881236416793348e-05,0.029936306742963433,0.097469057488344724,2.4678776611326638e-18,0.053558031998834951,0.48126058320177084,0.33776881362947342,7.2069386125781604e-06,0.27019752350574372,0.0011262643522586394,4.8356305855394975e-10,0.001625905112108212,1.8912836008920966e-05,0.41507631275165036,5.6562924580244998e-05,1.2952733599393889e-06,3.6008194603513086e-10,2.4290158826360864e-12,1.539100605910221e-10,3.7471485126745685e-11,6.2421102788062368e-08,0.31189715978576843,nan,nan,nan,nan,nan,nan,nan,nan,nan,nan,nan,nan,nan,nan,0,0,0,0,0,0,0,2.9964128616996989e-12,2.9306660473973455e-14,4.6338472787236437e-14,4.5537233722602369e-12,5.0740661672321608e-17,9.0192343610989711e-12,-1.7626113948190874e-14,7.101524229780054e-16,9.9326838795020249e-18,7.322807496583617e-20,3.5052541014061745e-20,-5.4078225015361298e-21,-9.0048845688027573e-15,-1.6619011816725904e-11,nan,nan,nan,nan,nan,nan,nan,nan,nan,nan,nan,nan,nan,nan,-7.5799468286699007e-08,6.9407784630826086e-08,-4.1438915755175573e-23,6.3826263419225623e-09,2.3377940931712526e-07,-8.2186604022371768e-08,0,0.0084273790643834973,0.049973755610892831,1.4128345716735728e-18,0.042835521832623576,0.017646401331724206,0.11004178983160655,5.222944101658371e-06,-5.7489459414430372e-05,8.0678250147948229e-05,-3.5161803244740623e-21,1.7125305147587926e-05,3.8582533163782998e-05,-0.00010056541777686932,-1.5061297972867163e-09
57,1,lumen,0.017368421052631578,0.0015,0.016842105263157894,0.017894736842105262,0.001,0.002,1000039.7172696872,1.2971121407802071,12.650056720605493,3028.1095275220118,0.17655384590826334,1173,1173,4.0726608209875614e-05,0.24223479856578922,0.59999999999999998,2,500000,0.00035,0.0001,0.039120223437175305,0.21399333761993636,6.3153119679287098e-18,0.18584432897592834,0.076503000755057504,0.48282576440771041,2.2791850555807974e-05,0.030846664925701425,0.096645050293605012,2.4966889993942395e-18,0.053419557425716573,0.48004330300000114,0.33903820737869783,7.2169762778106299e-06,0.27040302707529645,0.0011356619984477666,4.9927876391096837e-10,0.0016353260964688957,1.890937970228051e-05,0.41421889991192662,5.6962715912495154e-05,1.2788715583839239e-06,3.5730932747274681e-10,2.4451347214197054e-12,1.5774688166998714e-10,3.8347269611863446e-11,6.2330826140464289e-08,0.31252987056475212,nan,nan,nan,nan,nan,nan,nan,nan,nan,nan,nan,nan,nan,nan,0,0,0,0,0,0,0,-3.9205213687565045e-13,2.9460744623884392e-14,-7.9354919353596957e-15,-2.1990469000053688e-12,9.5572421504597216e-17,-9.7268677487494237e-13,-2.2216817571775589e-14,1.6254358969902682e-15,3.1827333303432402e-18,3.994398470910171e-20,6.9223850332418951e-20,-7.7892118309432211e-20,-4.0272382052477629e-15,3.5667579041872242e-12,nan,nan,nan,nan,nan,nan,nan,nan,nan,nan,nan,nan,nan,nan,-7.8817423584693486e-08,7.1582309524309551e-08,3.8616122820201054e-24,7.2360969888755794e-09,2.4368860240819856e-07,-8.6051331171788092e-08,0,0.0086669611641538059,0.049503067192591406,1.4274808700700015e-18,0.042668909650597851,0.017578071445006924,0.11027970463509075,5.222523739131403e-06,-0.00012040288987549177,0.00016503653536756473,-8.5771356715598561e-21,2.8472818125871995e-05,8.6791031742204137e-05,-0.00021794050773181914,-3.5890848472357325e-09
57,2,lumen,0.017368421052631578,0.0025000000000000001,0.016842105263157894,0.017894736842105262,0.002,0.0030000000000000001,1000039.5124682813,1.2965786589650043,12.644856540889336,3038.3088744482029,0.17574564640498855,1173,1173,4.070046619625967e-05,0.24191636854564907,0.59999999999999998,2,500000,0.00035,0.0001,0.041557541525108273,0.21034753829933805,6.4959935073827721e-18,0.18511889521449082,0.076096605892587516,0.48694782263740299,2.2876895298424243e-05,0.032755042746184973,0.094959458961954846,2.5670637537159728e-18,0.053189162966555972,0.47729695672637068,0.34179213767129529,7.2409276382858635e-06,0.27078498379793264,0.0011564118234647486,5.3244119604765012e-10,0.0016556806964511488,1.8918987052033746e-05,0.41245441467894006,5.7837333356582344e-05,1.2446361862365294e-06,3.5157332406161688e-10,2.4799348860031027e-12,1.6584552670316881e-10,4.0206860339400664e-11,6.2184005471000308e-08,0.3138704447700531,nan,nan,nan,nan,nan,nan,nan,nan,nan,nan,nan,nan,nan,nan,0,0,0,0,0,0,0,-8.0695631729674379e-12,6.9020724666796924e-15,-1.8439517627232126e-13,-1.7528327700234665e-11,3.1913490947110823e-16,-2.3906677202104043e-11,-1.4186562350216895e-14,1.2450327227520042e-14,-1.7496701953758187e-17,-4.9319324088785885e-20,2.6265277289819049e-19,-3.4223609105055578e-19,2.0001001811691227e-14,4.9663412172103112e-11,nan,nan,nan,nan,nan,nan,nan,nan,nan,nan,nan,nan,nan,nan,-8.5263086358616791e-08,7.6808799043259768e-08,-3.2114554677395864e-24,8.4783456041281566e-09,2.6427219033953175e-07,-9.3724088656710336e-08,0,0.0091531464860514968,0.048471251430855906,1.4568346332712866e-18,0.042305261175695323,0.0174025277187894,0.11064208477493939,5.215909102878361e-06,-0.00019547158492916583,0.00026191788155074535,-1.5488608340645983e-20,1.6932099062205382e-05,0.00015473385050117819,-0.00036441858345509612,-6.5929762255356956e-09
57,3,support,0.017368421052631578,0.0035000000000000001,0.016842105263157894,0.017894736842105262,0.0030000000000000001,0.0040000000000000001,1000324.3188003012,1.2957743059871716,12.6334141709302,3056.2879935945034,0.17613110720247832,1173,1173,4.0666597358855178e-05,0.24124296841260812,0.40000000000000002,2,300000,0.00033700000000000001,0.0001,0.045538935763568343,0.20459517580133907,6.8246976222448734e-18,0.18480771021845702,0.07537919903564673,0.49400518537046706,2.3037153319124455e-05,0.035860639307146072,0.092279028678064715,2.6945193966242272e-18,0.053051701814879164,0.47236936571939858,0.34643197942671433,7.2850537972395137e-06,nan,nan,nan,nan,nan,nan,nan,nan,nan,nan,nan,nan,nan,nan,0.27132099221521228,0.0011926838095212017,5.8719891222559313e-10,0.0016904663670198607,1.8967264463985077e-05,0.40963353049759887,5.9351200624188569e-05,1.1896613686288678e-06,3.4242321953772393e-10,2.5404150840999058e-12,1.7925839181952308e-10,4.3315373680567699e-11,6.20282619329311e-08,0.31608275580118328,0,0,0,0,0,0,0,nan,nan,nan,nan,nan,nan,nan,nan,nan,nan,nan,nan,nan,nan,3.7428760399210238e-11,2.8372019568853436e-14,7.7539553095392968e-13,7.7282083313715857e-11,7.280959689326405e-16,9.1083509007675034e-11,-2.2541802049938393e-14,-1.2012960071139389e-16,3.1885271101487148e-18,1.0646126291874307e-20,5.5218105748853513e-20,-6.3142528328854196e-20,-3.7474320290649851e-15,-2.065725092041472e-10,-9.6115219684264619e-08,9.243032045302968e-08,-5.7442710694121594e-23,3.5930435049007971e-09,2.9191767804415125e-07,-9.9784772833455548e-08,0,0.0099958392752827092,0.047372840401016046,1.5305078828498843e-18,0.04233736629447088,0.017296057708193875,0.11234286343274995,5.261292124965353e-06,-6.985493798326283e-06,-2.1399640209429164e-05,-2.7297829211992999e-20,-0.00019658154126453279,0.00013323630432111828,-0.00018187117855384709,-1.1346520821875602e-08
57,4,support,0.017368421052631578,0.0045000000000000005,0.016842105263157894,0.017894736842105262,0.0040000000000000001,0.0050000000000000001,1000217.5941190046,1.8265476843899779,17.810196950509418,2356.7051953904902,0.11688598847829722,1173,1173,4.2712262135221624e-05,0.18741974465897704,0.40000000000000002,2,300000,0.00033700000000000001,0.0001,0.03678793645975776,0.16058385775904235,2.2951875242853039e-17,0.30809399985545494,0.031910476831599741,0.45562677744609964,2.398593167216898e-05,0.040840266393511931,0.10210746639632755,1.2775092770133565e-17,0.12468392412224483,0.28191065335092219,0.45044699651628956,1.0693220703949719e-05,nan,nan,nan,nan,nan,nan,nan,nan,nan,nan,nan,nan,nan,nan,0.22430074333239527,0.0027807499550408978,7.155785735259479e-10,0.0023520117184816615,4.8918643640406741e-05,0.43214687701506932,0.00010689559666447759,6.4658881789847089e-07,3.1319769160055469e-10,2.4946479115461029e-12,1.9711352270666382e-10,5.482366427359771e-11,1.2359807411883438e-07,0.33826303226858995,0,0,0,0,0,0,0,nan,nan,nan,nan,nan,nan,nan,nan,nan,nan,nan,nan,nan,nan,1.7437449779132238e-11,8.274760587149881e-13,1.3416857471147788e-12,3.9667283461033708e-11,9.7192219550290559e-15,1.4188652423113846e-11,-7.9537996483069262e-13,9.1708324961858878e-15,-8.1281264040934644e-18,-6.1708785866638836e-19,4.741331390644937e-18,-7.4089905592637676e-18,8.3633931928081474e-15,-7.269447601401524e-11,-1.6461855113173579e-07,1.0106255998731939e-08,3.8256081205659677e-23,1.5449673755619432e-07,6.4834008167702351e-07,-3.1915365528156769e-07,0,0.0073034930316935153,0.03418788215760292,4.9925408931822964e-18,0.067043204439812903,0.0066075822212969667,0.095672968112381115,5.0981752154070105e-06,0,0,0,0,0,0,0
58,0,lumen,0.018421052631578949,0.00050000000000000001,0.017894736842105262,0.018947368421052629,0,0.001,1000026.562089087,1.2897719940222443,12.578637573578424,3030.2341594893414,0.17730221601387638,1173,1173,4.0766487466288461e-05,0.24281739790976117,0.59999999999999998,2,500000,0.00035,0.0001,0.035269957781295089,0.22105352706760398,6.0711901716885232e-18,0.18780020999304245,0.077678426075315402,0.47938997095222435,2.284766716365233e-05,0.027653681740717022,0.099269982197236664,2.3866273145178229e-18,0.053676992836565296,0.48466704805922439,0.33472510136088363,7.1938053730495916e-06,0.26988723812305732,0.0011031100352207324,4.4460535254829205e-10,0.0016037272674397905,1.8866032786142035e-05,0.41688573032199333,5.5595419574957127e-05,1.3343511462522906e-06,3.6630914008231904e-10,2.3881562636419193e-12,1.4441953985444221e-10,3.530159593885459e-11,6.2486186280979405e-08,0.31044433496955021,nan,nan,nan,nan,nan,nan,nan,nan,nan,nan,nan,nan,nan,nan,0,0,0,0,0,0,0,1.0776355616264481e-12,4.1588674320640026e-14,-1.5832323182659227e-15,3.8060353232580763e-12,4.2067044292437572e-17,-2.0924813531192354e-12,-2.4970857289602384e-14,1.876320279703414e-15,1.1584602491957999e-17,1.1946029961626307e-19,6.3150056964898135e-20,-1.223901927329715e-20,-1.1195937295134939e-14,-2.7970959786686898e-12,nan,nan,nan,nan,nan,nan,nan,nan,nan,nan,nan,nan,nan,nan,-6.8401286194147426e-08,6.2068700124040532e-08,1.8285971998625451e-23,6.3346894327794078e-09,2.1153803560214346e-07,-7.4739786859456814e-08,0,0.007958215267519277,0.050735263752417714,1.3799840134575902e-18,0.042949700369486733,0.017798015191416765,0.10952407126573671,5.2259162655642572e-06,-5.1487666943769197e-05,7.2904962681065498e-05,-3.5296455188874571e-21,1.5461028754527998e-05,3.4598853772609132e-05,-9.0675738122674183e-05,-1.4117780904073654e-09
58,1,lumen,0.018421052631578949,0.0015,0.017894736842105262,0.018947368421052629,0.001,0.002,1000026.5129181463,1.2903516975784484,12.584291812492909,3032.616443547588,0.17705573500257579,1173,1173,4.075389537266442e-05,0.24271014254489742,0.59999999999999998,2,500000,0.00035,0.0001,0.036291480185465484,0.21929846707880316,6.1418075532345242e-18,0.18727961767901094,0.077469616088209001,0.48080720020896162,2.2867192119395032e-05,0.028467404909381159,0.098526094386006,2.4154727953645952e-18,0.053552258842618099,0.48358147592054435,0.33586556275199969,7.2031894508837361e-06,0.27007073905529216,0.0011113520050374625,4.5851291931430137e-10,0.0016120918072545041,1.8864511814009388e-05,0.41612572728624525,5.5948044600699294e-05,1.3192765381439711e-06,3.6381134979608832e-10,2.401521492960832e-12,1.4779820133402232e-10,3.6067836555448475e-11,6.2411264324881042e-08,0.3110038945933723,nan,nan,nan,nan,nan,nan,nan,nan,nan,nan,nan,nan,nan,nan,0,0,0,0,0,0,0,2.4788162636771737e-13,5.4979313843165863e-14,-3.4274646059928184e-15,-1.0052336810437118e-12,-5.4210108624275222e-20,1.3315223489768213e-12,-3.2494546079001729e-14,2.3149884786910491e-15,1.8293580407232771e-17,1.6986582494043045e-19,1.5462823232577596e-20,8.0601706733388775e-20,-1.6319144268329815e-14,-5.7898139919324588e-13,nan,nan,nan,nan,nan,nan,nan,nan,nan,nan,nan,nan,nan,nan,-7.1035238506482468e-08,6.3700120844778496e-08,-1.4853940131904088e-23,7.3338035683500332e-09,2.2043943365135377e-07,-7.8368044109655699e-08,0,0.0081807515830031406,0.050286931385299279,1.3953383639973469e-18,0.042814243253923752,0.017727341111972349,0.10974675637290618,5.226191572035591e-06,-0.00010667610793274947,0.00014705022525207819,-6.2307943745238255e-21,2.5212409993091555e-05,7.7596606142848391e-05,-0.00019503071342567282,-3.3192195439453339e-09
58,2,lumen,0.018421052631578949,0.0025000000000000001,0.017894736842105262,0.018947368421052629,0.002,0.0030000000000000001,1000026.3749642104,1.2918751681259135,12.599151358674851,3037.0068022408927,0.17628670306516028,1173,1173,4.0730772681761657e-05,0.24242667628767178,0.59999999999999998,2,500000,0.00035,0.0001,0.038397343207839968,0.21570296229959096,6.2640397955370329e-18,0.18634757258240164,0.076987602885092127,0.48375539040141818,2.2910262739073505e-05,0.030154830072091347,0.097025143538989,2.4664537002541954e-18,0.053348662143818906,0.48114010986648231,0.33832402910032255,7.2252782957846242e-06,0.27040220277575655,0.0011294010396389179,4.8751956459086842e-10,0.0016300044380786146,1.8878742710410911e-05,0.41458686216062818,5.6712976198176313e-05,1.2880653312004107e-06,3.5870869840312875e-10,2.4299119666233181e-12,1.5484286916710788e-10,3.7674461554072303e-11,6.2300716339431247e-08,0.31217458645976881,nan,nan,nan,nan,nan,nan,nan,nan,nan,nan,nan,nan,nan,nan,0,0,0,0,0,0,0,-2.5162791310822998e-11,8.0765503237220295e-14,3.2443986830228315e-12,1.4724118594553507e-10,-1.0844190129200015e-15,-4.2855019793258675e-10,-4.1725621142860806e-14,3.5783008500711588e-15,3.3611782535137681e-17,3.278538548880694e-19,-4.5490305356395347e-19,7.5372883531469706e-19,-2.8620307670814684e-14,3.0321442569523568e-10,nan,nan,nan,nan,nan,nan,nan,nan,nan,nan,nan,nan,nan,nan,-7.6593914522492257e-08,6.7869197817316262e-08,1.6548309079292127e-22,9.150048611415395e-09,2.3893468129032591e-07,-8.5887965683983936e-08,0,0.0086277562551032652,0.049308028447107327,1.4236621883444668e-18,0.042525346167599058,0.017546635737919328,0.11007249503318321,5.2210164620260533e-06,-0.00016714398611204304,0.00022264953138071241,-1.4397530789657007e-20,1.0358670023536305e-05,0.00013832642290336795,-0.00032264137456979361,-6.2555471516176843e-09
58,3,support,0.018421052631578949,0.0035000000000000001,0.017894736842105262,0.018947368421052629,0.0030000000000000001,0.0040000000000000001,1000216.5151695145,1.294765500164522,12.624939187162068,3043.9980496912412,0.17680351755447524,1173,1173,4.0704011381761997e-05,0.24180249959077382,0.40000000000000002,2,300000,0.00033700000000000001,0.0001,0.041685456903486351,0.21021422281616151,6.5505918442897339e-18,0.18567462924268308,0.076131564275172675,0.48859761590086526,2.2995539818770145e-05,0.032804111350469387,0.094749795763319392,2.5845622749571131e-18,0.053264807261872299,0.47676407202260679,0.3424099465856672,7.2670160647793981e-06,nan,nan,nan,nan,nan,nan,nan,nan,nan,nan,nan,nan,nan,nan,0.27080425706083222,0.0011604252111803777,5.3362190507244672e-10,0.0016598651469893709,1.894616061295574e-05,0.41225682603265601,5.8010785958979325e-05,1.2391531159524756e-06,3.5088414123664486e-10,2.476701594739815e-12,1.6604490307884778e-10,4.0254272716909205e-11,6.2243855151692803e-08,0.31404036711152156,0,0,0,0,0,0,0,nan,nan,nan,nan,nan,nan,nan,nan,nan,nan,nan,nan,nan,nan,1.317489601024882e-11,2.0901687334833081e-14,4.5669568295099958e-13,2.0411155341943035e-11,4.7162794503119443e-16,3.6616921300636207e-11,-2.1100995093215651e-14,4.4881633132209942e-15,-5.328723613954688e-18,7.7359691875935091e-21,1.0530580469410587e-19,-1.2447402225470596e-19,5.7678958612905453e-15,-7.0670303043172004e-11,-8.5592913040208329e-08,7.8652869217599175e-08,-5.9519469323396415e-23,6.9029594824853482e-09,2.6367375029201501e-07,-9.2515828553629831e-08,0,0.0094169001276634239,0.04829793750198047,1.498073752585862e-18,0.042711773964459313,0.017415787257146358,0.11175666658323358,5.2706543574522433e-06,-4.5815275364632568e-06,-2.3406539996009394e-05,-3.0448200058071432e-20,-0.00022371135737823681,0.00014376976374061158,-0.00019214958136907093,-1.2474462519309102e-08
58,4,support,0.018421052631578949,0.0045000000000000005,0.017894736842105262,0.018947368421052629,0.0040000000000000001,0.0050000000000000001,1000143.7749912232,1.8627298624528492,18.164340652135284,2313.7263152143737,0.11273623879877885,1173,1173,4.2928707513106369e-05,0.18370683389265591,0.40000000000000002,2,300000,0.00033700000000000001,0.0001,0.031855151767886822,0.16267527967881373,2.4336689464800927e-17,0.32635997121738392,0.030180288447827219,0.44808367247559627,2.4214339472513755e-05,0.03606730837358136,0.10549408053435749,1.381523588298881e-17,0.13470230390178436,0.27192710334624842,0.45179819414413241,1.1009699895999642e-05,nan,nan,nan,nan,nan,nan,nan,nan,nan,nan,nan,nan,nan,nan,0.22013057630140981,0.00288948055896946,6.3145959768073651e-10,0.0023572392410879574,5.2515338755149719e-05,0.43643445912566492,0.00010908672161647246,6.4193726736527727e-07,3.1754607749247685e-10,2.2773796114297429e-12,1.7420391181751283e-10,4.9086236706559895e-11,1.3030637326376358e-07,0.3380258692942788,0,0,0,0,0,0,0,nan,nan,nan,nan,nan,nan,nan,nan,nan,nan,nan,nan,nan,nan,3.5333264239837858e-12,9.9983699525617027e-15,1.6100432209318382e-13,1.4315082331450754e-11,-1.3639263329867646e-16,2.2671192180523381e-12,-3.477704575095605e-14,2.5819841056873294e-14,-2.1669233091035056e-17,6.5475836815804362e-20,-2.8668311932528607e-19,2.4737115391855029e-19,5.257232757332029e-14,-2.0329877291668462e-11,-1.4722646728485e-07,1.5428561650487893e-08,1.4643907963200673e-23,1.3179539925271491e-07,5.7347254437539741e-07,-2.7903602239920389e-07,0,0.0065533267674707336,0.03430247176028265,5.0982217935572801e-18,0.06866552076041281,0.0063282406569407394,0.093905840041727875,5.0865032051587433e-06,0,0,0,0,0,0,0
59,0,lumen,0.019473684210526313,0.00050000000000000001,0.018947368421052629,0.019999999999999997,0,0.001,1000013.298944721,1.2874598791949967,12.556254960561692,3030.7613399990969,0.17764440024558692,1173,1173,4.0768568631486021e-05,0.24316602984068444,0.59999999999999998,2,500000,0.00035,0.0001,0.034187325345959793,0.22278499204858856,5.9858176327679798e-18,0.18777579426357052,0.078116278054865276,0.47814241168031218,2.2849986731167017e-05,0.026757138531667647,0.099869516656507951,2.3488796907450649e-18,0.053574513126755194,0.48653169832689414,0.33325995162452676,7.1817336481097546e-06,0.26991398267340377,0.0010920900974800865,4.2940576280659637e-10,0.0015937922879149678,1.8790147685863936e-05,0.4174431367833944,5.5145434003949547e-05,1.3510234370942911e-06,3.685530680049037e-10,2.3742355187629092e-12,1.4078868270416437e-10,3.4466132781651197e-11,6.2353949491727009e-08,0.30988164822314257,nan,nan,nan,nan,nan,nan,nan,nan,nan,nan,nan,nan,nan,nan,0,0,0,0,0,0,0,4.3996794515046284e-13,4.3979890741448913e-14,-6.2342001500162176e-15,4.6674234069702381e-13,2.802662615875029e-17,-8.3597083248843074e-13,-2.5832960779144637e-14,1.5417354892743873e-15,1.3538466636619052e-17,1.2320240169955474e-19,4.5162264912502422e-20,1.4487638682688664e-20,-1.2981581693585817e-14,-7.1331918006493959e-14,nan,nan,nan,nan,nan,nan,nan,nan,nan,nan,nan,nan,nan,nan,-6.5493588530338848e-08,5.9838637322950916e-08,-4.0597433799529952e-24,5.655804801947486e-09,2.0213639216615231e-07,-7.1149869940168031e-08,0,0.0075115553173421912,0.051473626070144607,1.3518300355372969e-18,0.04307130173960947,0.01792037088226164,0.10906812806285338,5.2306271129127454e-06,-5.0514962810833994e-05,6.8292016262019091e-05,-3.9023255745322951e-21,4.4659279647471814e-06,4.3757894866858282e-05,-0.0001038660395404666,-2.2376528326730048e-09
59,1,lumen,0.019473684210526313,0.0015,0.018947368421052629,0.019999999999999997,0.001,0.002,1000013.2741451865,1.2891257293557534,12.572501867434031,3030.8826402363075,0.17732764572688173,1173,1173,4.0760691195208249e-05,0.24296778761176271,0.59999999999999998,2,500000,0.00035,0.0001,0.035160682393423084,0.22094606025913419,6.0591280599832189e-18,0.18740721605795679,0.077795805387349745,0.47939270230924913,2.286765026848151e-05,0.027554556195946305,0.099173322213857801,2.3807237592712341e-18,0.0535385392501369,0.48516265303124467,0.33456373272369033,7.1965851240128187e-06,0.27002249412902629,0.0011014482715920842,4.4300429667195776e-10,0.0016029274675898734,1.8819008530093363e-05,0.41675407521634367,5.553967427851178e-05,1.335036107998163e-06,3.6613099620700654e-10,2.385696454961684e-12,1.4404347231380951e-10,3.5206695266582455e-11,6.2361912454349172e-08,0.31044329784384805,nan,nan,nan,nan,nan,nan,nan,nan,nan,nan,nan,nan,nan,nan,0,0,0,0,0,0,0,5.4981490629441195e-13,4.7207110956844996e-14,1.1721579248358807e-15,-1.0021246525962938e-12,-7.8062556418956319e-18,3.384494941249816e-12,-2.6479730952664669e-14,1.1082714607146826e-15,1.6570217946776651e-17,1.3806431699120378e-19,1.3238702586484429e-20,6.5350221684969942e-20,-1.5681311266666982e-14,-2.9392600367464568e-12,nan,nan,nan,nan,nan,nan,nan,nan,nan,nan,nan,nan,nan,nan,-6.8089026701145111e-08,6.1534385309425232e-08,-5.1485185587163668e-24,6.5512703164778898e-09,2.1081809697953702e-07,-7.4639297686918127e-08,0,0.0077179778100522241,0.051049953933823375,1.3664542285894016e-18,0.042971697650162621,0.017842332246905287,0.10928268446315759,5.2319551119736376e-06,-0.00010516326512417025,0.0001368696487994838,-8.8941818407636197e-21,-1.8352238781528685e-06,9.9326451699940436e-05,-0.00022552368148282117,-5.2253491893883482e-09
59,2,lumen,0.019473684210526313,0.0025000000000000001,0.018947368421052629,0.019999999999999997,0.002,0.0030000000000000001,1000013.205643885,1.2918563513470565,12.599133763669915,3033.1871221074293,0.17638994691432919,1173,1173,4.0748592291202449e-05,0.24246830460367855,0.59999999999999998,2,500000,0.00035,0.0001,0.037203138125113978,0.21737448832148193,6.2309740821651008e-18,0.18706280198404748,0.077132331123535111,0.48243723992646609,2.2929476036475318e-05,0.029216936587084644,0.097776874515232232,2.4534307125182347e-18,0.053553347369945069,0.48204392724657691,0.33740168295360878,7.2313275523007853e-06,0.27017786491546181,0.001122232491537381,4.7151890937730686e-10,0.0016226781057088599,1.890408470119116e-05,0.41537543770686175,5.6405535732560886e-05,1.3017212791402504e-06,3.611832347700296e-10,2.4102674887654681e-12,1.5086155553504695e-10,3.6769505085990017e-11,6.2442294704987976e-08,0.31162511197367804,nan,nan,nan,nan,nan,nan,nan,nan,nan,nan,nan,nan,nan,nan,0,0,0,0,0,0,0,3.7815990649532309e-13,4.3481276095451745e-14,2.7477082779643888e-15,1.9585563133019778e-13,-1.2576745200831851e-17,2.6366235583719089e-13,-2.534370821777694e-14,1.046688777317506e-15,1.4290191523502263e-17,1.32249261518763e-19,-4.8689569839581671e-20,1.3575348939922173e-19,-1.3477120132932299e-14,-8.4574023825028041e-13,nan,nan,nan,nan,nan,nan,nan,nan,nan,nan,nan,nan,nan,nan,-7.3602529296161456e-08,6.6043704949336757e-08,-1.9104281111705555e-23,7.5585704466226824e-09,2.2836598399800234e-07,-8.1161296461296217e-08,0,0.0081326778049110975,0.050125441085695471,1.396864474606472e-18,0.042747134194866421,0.017650455197542478,0.10958765133685813,5.2284074347457171e-06,-0.00017016579226129534,0.00021490541839123891,-1.5640000319742155e-20,-3.8201792742855683e-05,0.00017584634945562517,-0.00037571031354546554,-9.3343069298485341e-09
59,3,support,0.019473684210526313,0.0035000000000000001,0.018947368421052629,0.019999999999999997,0.0030000000000000001,0.0040000000000000001,1000108.4562679585,1.2990636546211345,12.668218049023842,3031.4287964052583,0.17665375428411831,1173,1173,4.0738696858024927e-05,0.24148569774569101,0.40000000000000002,2,300000,0.00033700000000000001,0.0001,0.040416656644179809,0.21133177996646249,6.5211077432020639e-18,0.18711754320563753,0.075826878800701117,0.48656072653704574,2.3000871246829835e-05,0.031914668028485825,0.095580045316082662,2.5817493222095602e-18,0.053862751667310235,0.47648384653977449,0.34215139483001705,7.2936183297212323e-06,nan,nan,nan,nan,nan,nan,nan,nan,nan,nan,nan,nan,nan,nan,0.27031700131036424,0.0011585485551032064,5.1834375850975584e-10,0.0016560249662567696,1.9079496147919008e-05,0.41320568746612696,5.7896813438849545e-05,1.2482652335562325e-06,3.5328373639037412e-10,2.4531578105609977e-12,1.6207567029393317e-10,3.9369796400241996e-11,6.2659345019590707e-08,0.31358444939245728,0,0,0,0,0,0,0,nan,nan,nan,nan,nan,nan,nan,nan,nan,nan,nan,nan,nan,nan,7.0596894160351363e-13,2.325693912997908e-14,-4.0755626554246339e-14,2.0944766289855156e-13,2.2036409155767878e-16,-3.5870258586340187e-12,-2.0415712799270529e-14,2.3650786190598794e-15,-1.2252017770388567e-18,2.6005993003170328e-20,4.7275155615601349e-20,-4.3750603648998254e-20,1.091595875519202e-15,2.7058354557982052e-12,-8.2843832797246941e-08,8.1785419381308344e-08,-1.6105800445599479e-23,1.0620374902026514e-09,2.4959331659801798e-07,-8.3906122272381367e-08,0,0.0088481601404999353,0.049244556757790679,1.4583818234536268e-18,0.042962997067931878,0.017559623139313658,0.11117173502575381,5.2773342410848467e-06,-3.7446898024227071e-06,-2.437921632376805e-05,-3.0450807559684752e-20,-0.00022521283781538971,0.00014441244929852681,-0.0001923580031180985,-1.255371837844149e-08
59,4,support,0.019473684210526313,0.0045000000000000005,0.018947368421052629,0.019999999999999997,0.0040000000000000001,0.0050000000000000001,1000071.1756306585,1.8697324518728791,18.233949724002848,2302.1270563474213,0.11242942528588518,1173,1173,4.2964582928398881e-05,0.18340717455873479,0.40000000000000002,2,300000,0.00033700000000000001,0.0001,0.030421856178371051,0.16399110954486995,2.418950836843904e-17,0.3273899414314948,0.030056020179387195,0.445749536324964,2.4210899243160207e-05,0.034576487942857517,0.10675493204657631,1.3784307751686468e-17,0.13564524829480593,0.27184521867785771,0.45116706271701223,1.1050320890430084e-05,nan,nan,nan,nan,nan,nan,nan,nan,nan,nan,nan,nan,nan,nan,0.21960258977371566,0.0028799210574867121,6.0397569840860934e-10,0.0023485685106425631,5.2961918315870195e-05,0.43772836027999817,0.00010870551164501085,6.4883411051480143e-07,3.2054731117759785e-10,2.2066853299741536e-12,1.668769915482703e-10,4.7071541546907765e-11,1.3139266617706001e-07,0.33727811158073973,0,0,0,0,0,0,0,nan,nan,nan,nan,nan,nan,nan,nan,nan,nan,nan,nan,nan,nan,3.8458043665476913e-11,1.4716461793200965e-12,3.878401557255699e-12,-4.3850595412223672e-11,1.2149569544872563e-14,-5.0401000864161438e-11,-1.3914653999052689e-12,2.4072974516564649e-14,-6.3552327821479744e-18,-6.4386988925580121e-19,6.1638569994107419e-18,-9.6754478083722584e-18,-7.2614046940020964e-16,5.1799480754408405e-11,-1.404232560834294e-07,-1.580124375788472e-08,5.0069276357180418e-23,1.5627098696553295e-07,5.7751065463129692e-07,-2.9664658163230939e-07,0,0.0058384288317141044,0.034139449179134029,5.3178023650121432e-18,0.070626584287448751,0.0060525422651968377,0.092038000246845844,5.0747570374754904e-06,0,0,0,0,0,0,0
60,0,lumen,0.020526315789473684,0.00050000000000000001,0.019999999999999997,0.021052631578947371,0,0.001,1000000,1.2852295800839897,12.534670140141207,3024.5647941332036,0.17810817344845375,1173,1173,4.0801353209983171e-05,0.24355671649889091,0.59999999999999998,2,500000,0.00035,0.0001,0.031085446226444619,0.22761926402216037,5.8082091309021972e-18,0.18876271810134215,0.07878412972027396,0.47461505440195179,2.2867767916000777e-05,0.024287590513468835,0.10186120642840027,2.2752667529475366e-18,0.053763512148805606,0.4898477571040325,0.33023275883839243,7.1749669003347691e-06,0.26950444679594759,0.0010695834113038448,3.8786061074637532e-10,0.0015715618970784382,1.8769627392875004e-05,0.41941549397395628,5.4192324807370066e-05,1.3931917939559705e-06,3.7532774033762162e-10,2.332357697691365e-12,1.3067836339243788e-10,3.2180484032431109e-11,6.249742108910273e-08,0.30836449535191762,nan,nan,nan,nan,nan,nan,nan,nan,nan,nan,nan,nan,nan,nan,0,0,0,0,0,0,0,5.2571669869405914e-13,3.774922425794091e-14,4.0307236233512849e-15,-1.3204936363364956e-12,2.9165038439860069e-17,3.8580499472223861e-12,-2.1550014852176577e-14,8.3591987498632392e-16,1.2722765740004612e-17,1.0679826308576314e-19,5.498542242748176e-20,-3.8498472048381089e-21,-1.2198499801161039e-14,-3.0721814832222839e-12,nan,nan,nan,nan,nan,nan,nan,nan,nan,nan,nan,nan,nan,nan,-5.7801220326118147e-08,5.1461503003391584e-08,-2.9555582617714393e-24,6.3358665833153023e-09,1.7973927267378453e-07,-6.4135765587280957e-08,0,0.0071157661686413473,0.052104301365378282,1.3295565305061634e-18,0.043209653597433367,0.018034466702056287,0.10864408130542549,5.2346583061301477e-06,-4.3826391047151329e-05,6.0815354641130881e-05,-3.1246917023390234e-21,3.991656987495916e-06,3.6393214108147677e-05,-8.7435210131073707e-05,-1.9148170371865497e-09
60,1,lumen,0.020526315789473684,0.0015,0.019999999999999997,0.021052631578947371,0.001,0.002,1000000,1.2852774239441938,12.535136754834165,3027.9176536295422,0.17782821732414503,1173,1173,4.0793893387384552e-05,0.24340099465295562,0.59999999999999998,2,500000,0.00035,0.0001,0.031968101579418352,0.22622654018319291,5.8729173899661793e-18,0.18864304365041532,0.078599084622821613,0.47616868826607667,2.290731831213324e-05,0.024978154029198972,0.10124172148408817,2.3007007510803732e-18,0.053731426526531095,0.48871541396421236,0.33132609635222143,7.1876437479125679e-06,0.26961252513247713,0.0010772876210557781,3.9951044481457368e-10,0.0015792236217663693,1.87898401697481e-05,0.4188108943329435,5.4519551068765331e-05,1.3791094396283287e-06,3.7319472863802025e-10,2.3414915487715379e-12,1.3345659153435857e-10,3.2807141441123095e-11,6.2492403986427923e-08,0.30884531735736465,nan,nan,nan,nan,nan,nan,nan,nan,nan,nan,nan,nan,nan,nan,0,0,0,0,0,0,0,4.1730210835646314e-13,3.8855515872595023e-14,-1.2450704531067207e-15,6.3468911189653528e-14,-4.3368086899420177e-18,5.3844905964495204e-13,-2.1677392345434672e-14,4.4604077376053652e-16,1.4207011068284543e-17,1.147384958014561e-19,2.1544487740614736e-20,4.3054931829144086e-20,-1.3446210601599838e-14,-1.0221269138955244e-12,nan,nan,nan,nan,nan,nan,nan,nan,nan,nan,nan,nan,nan,nan,-5.9986415299872337e-08,5.3385401432848312e-08,2.2566832187586401e-24,6.6004896022425893e-09,1.8655955143220826e-07,-6.658697287997839e-08,0,0.0073065843200136914,0.051706019738677875,1.3423057358491843e-18,0.043115988648609056,0.01796449619774346,0.1088324454526369,5.235664444358305e-06,-8.9681122943756816e-05,0.00012371318714503508,-6.4385930993478234e-21,8.1188465858310731e-06,7.2193965914457933e-05,-0.00017275831715874281,-3.6003082470269609e-09
60,2,lumen,0.020526315789473684,0.0025000000000000001,0.019999999999999997,0.021052631578947371,0.002,0.0030000000000000001,1000000,1.2891229492734488,12.572641642882742,3025.8892638467319,0.17705409696848212,1173,1173,4.077809029215666e-05,0.24309799278022207,0.59999999999999998,2,500000,0.00035,0.0001,0.033677593480875796,0.22274320859646707,5.9889479038863331e-18,0.18785162866423016,0.078003477044654837,0.4778486052362792,2.2914818109102338e-05,0.026392589554929589,0.099981097467663663,2.3531750676122449e-18,0.053666095781027642,0.48646317647880721,0.3334898292082753,7.2115092965602904e-06,0.26984491523422022,0.001092802033924747,4.2347403055699716e-10,0.0015945852667677103,1.8823127552074628e-05,0.41756604592637703,5.5177129663394575e-05,1.3511493209535427e-06,3.6886551943122951e-10,2.3616714814607855e-12,1.3920116563384655e-10,3.4106865176809913e-11,6.2458644524247348e-08,0.30982623670551923,nan,nan,nan,nan,nan,nan,nan,nan,nan,nan,nan,nan,nan,nan,0,0,0,0,0,0,0,2.83214846990275e-13,3.4949135300663949e-14,1.1328808416355763e-15,9.1169402643029022e-13,1.9678269430611905e-17,-1.8961572763320778e-12,-2.0815201239681167e-14,7.5395419074641978e-16,1.1025311145020323e-17,1.0504111497602457e-19,-1.8559322156881571e-20,8.3743102824143626e-20,-1.0560573666397279e-14,6.9591545860712682e-13,nan,nan,nan,nan,nan,nan,nan,nan,nan,nan,nan,nan,nan,nan,-6.4501522795655519e-08,5.8304645500495411e-08,-1.0843788929426316e-23,6.198782100175693e-09,1.9970322398532581e-07,-7.0701218268798272e-08,0,0.0076867254739623088,0.050839912199867741,1.3669444178420282e-18,0.042876100995714483,0.017803864590184192,0.10906631581775203,5.2301811942255561e-06,-0.00013790762992447071,0.00019729405207746293,-8.6523144150467664e-21,1.6981432255889267e-05,9.4431035409417468e-05,-0.00023314239257988465,-3.8044320822828105e-09
60,3,support,0.020526315789473684,0.0035000000000000001,0.019999999999999997,0.021052631578947371,0.0030000000000000001,0.0040000000000000001,1000000,1.2901942488734679,12.583089882882499,3033.6611261312073,0.17791081792730795,1173,1173,4.0748059819830327e-05,0.24277563019283624,0.40000000000000002,2,300000,0.00033700000000000001,0.0001,0.036426607550328463,0.218081039198149,6.1636309968822002e-18,0.18721695267962926,0.077464775221715076,0.48164406908055102,2.2976007820540631e-05,0.02857067112973068,0.097969772152186024,2.4238240777139002e-18,0.053529226821039659,0.48350507409331839,0.33641801902846746,7.2367752579643049e-06,nan,nan,nan,nan,nan,nan,nan,nan,nan,nan,nan,nan,nan,nan,0.27033812576435329,0.0011145628407876627,4.6066206204589359e-10,0.0016164485693442193,1.8812066430441272e-05,0.41551402847344482,5.6104506378814982e-05,1.3108476210384348e-06,3.6210567871360081e-10,2.3971873542689211e-12,1.482248419001434e-10,3.6151846193770657e-11,6.223103470865172e-08,0.3113405436910654,0,0,0,0,0,0,0,nan,nan,nan,nan,nan,nan,nan,nan,nan,nan,nan,nan,nan,nan,4.1187727039714106e-13,2.150255065121098e-14,6.2829680173604635e-15,-7.4209219183852048e-13,1.9705374484924043e-16,4.4621164402292024e-13,-1.8010957350502198e-14,1.9695616665371674e-15,-1.7583900438801383e-19,2.7613796238251865e-20,6.5347850003057388e-20,-6.6227857083714437e-20,-3.8239984414210439e-17,-1.2787002922719369e-13,-7.1530081069241802e-08,7.1862800377076042e-08,-6.569057306533664e-24,-3.3317393069754066e-10,2.1425685518827731e-07,-7.1196160411624021e-08,0,0.0083613457974934663,0.050058215772443203,1.4147968641295211e-18,0.04297368834977431,0.017781226864427645,0.11055634558695006,5.2739016711349538e-06,-0,-0,-0,-0,0,-0,-0
60,4,support,0.020526315789473684,0.0045000000000000005,0.019999999999999997,0.021052631578947371,0.0040000000000000001,0.0050000000000000001,999999.99999999977,1.936773990793724,18.88909459196989,2231.7418935088249,0.10754940166116023,1173,1173,4.3229800302666248e-05,0.1780357857358745,0.40000000000000002,2,300000,0.00033700000000000001,0.0001,0.025018945693744472,0.16259454495887996,2.6906586401651906e-17,0.34936662487329329,0.027280006308686343,0.43425781422541848,2.4362862361704928e-05,0.029457410197624951,0.10964883041294483,1.5883525710601086e-17,0.149951583187732,0.25560248989797207,0.45532816709442231,1.1519209303664264e-05,nan,nan,nan,nan,nan,nan,nan,nan,nan,nan,nan,nan,nan,nan,0.21380331513271952,0.0031038208791619119,5.1662147772918118e-10,0.0023797444148230163,5.8623468406002263e-05,0.44188395688652676,0.00011359880196028696,6.2335899741024395e-07,3.2051934411129873e-10,1.9666002032196178e-12,1.4293235782565522e-10,4.1163288075547512e-11,1.4101972948573342e-07,0.33865617501447254,0,0,0,0,0,0,0,nan,nan,nan,nan,nan,nan,nan,nan,nan,nan,nan,nan,nan,nan,-4.9488321609939728e-12,3.1267215919669396e-13,-5.7414390893666107e-13,7.8125485055309086e-12,2.0036056147532122e-15,-4.4688332895281846e-12,-2.9822483463629898e-13,2.467427304142511e-14,-1.2581406156788435e-17,-2.0961095995391839e-20,7.3549105377155134e-19,-1.5643652410805989e-18,2.6206882931182964e-14,2.111782254564214e-12,-1.2376261567664804e-07,-3.0654579374900237e-08,2.469376267874457e-23,1.5442218525455888e-07,5.2571438310250462e-07,-2.781932055828662e-07,0,0.0052114184634300415,0.033868262237108447,5.6046119160210748e-18,0.072772678020007434,0.0056823948658684849,0.090455418011837527,5.0747570376452426e-06,0,0,0,0,0,0,0
