z, Pressure_0, Pressure_1, Pressure_2, Pressure_3, Pressure_4, Velocity_0, GasTemperature_0, SolidTemperature_0, CH4_0, CO_0, O2_0, CO2_0, H2_0, H2O_0, AR_0, H(s)_0, O(s)_0, CH4(s)_0, H2O(s)_0, CO2(s)_0, CO(s)_0, OH(s)_0, C(s)_0, HCO(s)_0, CH(s)_0, CH3(s)_0, CH2(s)_0, COOH(s)_0, Ni(s)_0, Velocity_1, GasTemperature_1, SolidTemperature_1, CH4_1, CO_1, O2_1, CO2_1, H2_1, H2O_1, AR_1, H(s)_1, O(s)_1, CH4(s)_1, H2O(s)_1, CO2(s)_1, CO(s)_1, OH(s)_1, C(s)_1, HCO(s)_1, CH(s)_1, CH3(s)_1, CH2(s)_1, COOH(s)_1, Ni(s)_1, Velocity_2, GasTemperature_2, SolidTemperature_2, CH4_2, CO_2, O2_2, CO2_2, H2_2, H2O_2, AR_2, H(s)_2, O(s)_2, CH4(s)_2, H2O(s)_2, CO2(s)_2, CO(s)_2, OH(s)_2, C(s)_2, HCO(s)_2, CH(s)_2, CH3(s)_2, CH2(s)_2, COOH(s)_2, Ni(s)_2, Velocity_3_3, GasTemperature_3_3, SolidTemperature_3_3, CH4_3_3, CO_3_3, O2_3_3, CO2_3_3, H2_3_3, H2O_3_3, AR_3_3, H(s)_3_3, O(s)_3_3, CH4(s)_3_3, H2O(s)_3_3, CO2(s)_3_3, CO(s)_3_3, OH(s)_3_3, C(s)_3_3, HCO(s)_3_3, CH(s)_3_3, CH3(s)_3_3, CH2(s)_3_3, COOH(s)_3_3, Ni(s)_3_3, Velocity_4_4, GasTemperature_4_4, SolidTemperature_4_4, CH4_4_4, CO_4_4, O2_4_4, CO2_4_4, H2_4_4, H2O_4_4, AR_4_4, H(s)_4_4, O(s)_4_4, CH4(s)_4_4, H2O(s)_4_4, CO2(s)_4_4, CO(s)_4_4, OH(s)_4_4, C(s)_4_4, HCO(s)_4_4, CH(s)_4_4, CH3(s)_4_4, CH2(s)_4_4, COOH(s)_4_4, Ni(s)_4_4, 
0.000526316, 1.00024e+06, 1.00024e+06, 1.00024e+06, 1.00193e+06, 1.00156e+06, 0.141871, 1173, 1173, 0.179906, 0.0330998, 9.95839e-17, 0.0817688, 0.024571, 0.682773, 2.28384e-05, 0.256087, 0.00753591, 4.25303e-09, 0.00428372, 2.37996e-05, 0.260715, 0.000237475, 8.3666e-08, 6.43197e-11, 1.47522e-11, 1.22731e-09, 3.80201e-10, 4.9369e-08, 0.471117, 0.14179, 1173, 1173, 0.171625, 0.0314094, 9.64426e-17, 0.0781411, 0.0232256, 0.651074, 2.17846e-05, 0.255534, 0.00761311, 4.26769e-09, 0.00429672, 2.39647e-05, 0.260508, 0.00023905, 8.27873e-08, 6.39711e-11, 1.48595e-11, 1.23296e-09, 3.82763e-10, 4.95341e-08, 0.471785, 0.141267, 1173, 1173, 0.176525, 0.0319424, 1.05784e-16, 0.0818122, 0.0230577, 0.669496, 2.24008e-05, 0.253021, 0.00792197, 4.31496e-09, 0.00434323, 2.48133e-05, 0.260474, 0.000245167, 7.9921e-08, 6.30306e-11, 1.52581e-11, 1.2525e-09, 3.9218e-10, 5.05513e-08, 0.47397, 0.138884, 1173, 1173, 0.185508, 0.0249764, 1.51791e-16, 0.0647059, 0.0194823, 0.684101, 2.23072e-05, 0.246437, 0.0100573, 4.84914e-09, 0.00474593, 2.5073e-05, 0.240853, 0.000288759, 5.5438e-08, 4.88966e-11, 1.86883e-11, 1.45335e-09, 4.75305e-10, 4.74153e-08, 0.497593, 0.137664, 1173, 1173, 0.191262, 0.025619, 1.70704e-16, 0.0686763, 0.0191929, 0.705852, 2.30344e-05, 0.242771, 0.0105862, 4.90044e-09, 0.00479977, 2.63997e-05, 0.241433, 0.000297929, 5.32403e-08, 4.81877e-11, 1.93182e-11, 1.48102e-09, 4.89889e-10, 4.89392e-08, 0.500086, 
0.00157895, 1.00023e+06, 1.00023e+06, 1.00023e+06, 1.00185e+06, 1.00147e+06, 0.15052, 1173, 1173, 0.142669, 0.0649978, 3.54259e-17, 0.126855, 0.0380376, 0.616367, 2.25532e-05, 0.269144, 0.00379346, 2.78829e-09, 0.00319691, 2.25638e-05, 0.317057, 0.000145557, 2.32013e-07, 1.27138e-10, 8.00562e-12, 7.65886e-10, 2.10215e-10, 5.69293e-08, 0.40664, 0.150266, 1173, 1173, 0.143016, 0.0652567, 3.61466e-17, 0.128681, 0.0377773, 0.618488, 2.26478e-05, 0.268309, 0.00383573, 2.79471e-09, 0.0032075, 2.28853e-05, 0.317522, 0.000146607, 2.30522e-07, 1.27133e-10, 8.05065e-12, 7.67936e-10, 2.11303e-10, 5.75164e-08, 0.406957, 0.149058, 1173, 1173, 0.146523, 0.0642741, 3.89813e-17, 0.130579, 0.0370302, 0.628922, 2.29506e-05, 0.266758, 0.00400874, 2.86599e-09, 0.00326476, 2.34049e-05, 0.315807, 0.000151209, 2.19101e-07, 1.23694e-10, 8.34497e-12, 7.88842e-10, 2.18877e-10, 5.80521e-08, 0.409987, 0.147724, 1173, 1173, 0.159043, 0.0519956, 4.83936e-17, 0.110819, 0.0342437, 0.648957, 2.29094e-05, 0.268209, 0.00465984, 3.26428e-09, 0.00353489, 2.21618e-05, 0.296289, 0.000169637, 1.66795e-07, 1.01337e-10, 9.79663e-12, 9.05789e-10, 2.56949e-10, 5.30633e-08, 0.427116, 0.144456, 1173, 1173, 0.161024, 0.0500156, 6.0322e-17, 0.117068, 0.0306794, 0.654924, 2.31597e-05, 0.260543, 0.00533801, 3.42294e-09, 0.00369475, 2.48664e-05, 0.295849, 0.000185621, 1.47571e-07, 9.64358e-11, 1.07242e-11, 9.57981e-10, 2.7962e-10, 5.6879e-08, 0.434365, 
0.00263158, 1.00022e+06, 1.00022e+06, 1.00021e+06, 1.00176e+06, 1.00138e+06, 0.155846, 1173, 1173, 0.121468, 0.0902983, 2.24859e-17, 0.148143, 0.0462394, 0.586139, 2.26394e-05, 0.271431, 0.0027637, 2.13281e-09, 0.00273131, 2.20401e-05, 0.344244, 0.000114838, 3.69917e-07, 1.71844e-10, 5.85071e-12, 5.81783e-10, 1.51875e-10, 6.02014e-08, 0.378693, 0.155319, 1173, 1173, 0.122472, 0.0904345, 2.30798e-17, 0.150123, 0.0459819, 0.59009, 2.27832e-05, 0.270723, 0.00280252, 2.1477e-09, 0.0027462, 2.23179e-05, 0.344272, 0.000115956, 3.65482e-07, 1.71153e-10, 5.90597e-12, 5.8586e-10, 1.53358e-10, 6.07014e-08, 0.379317, 0.154389, 1173, 1173, 0.125478, 0.0871546, 2.45717e-17, 0.14881, 0.0447988, 0.594667, 2.27959e-05, 0.270152, 0.00292453, 2.22923e-09, 0.00280377, 2.25385e-05, 0.341298, 0.000119688, 3.45007e-07, 1.65289e-10, 6.1581e-12, 6.08282e-10, 1.60326e-10, 6.06361e-08, 0.382679, 0.153383, 1173, 1173, 0.137439, 0.0724857, 2.85859e-17, 0.130365, 0.0424713, 0.610644, 2.26539e-05, 0.273454, 0.00327946, 2.54886e-09, 0.00300543, 2.11911e-05, 0.32392, 0.000131222, 2.76626e-07, 1.40302e-10, 7.09551e-12, 6.97366e-10, 1.86368e-10, 5.57464e-08, 0.396189, 0.145496, 1173, 1173, 0.139792, 0.0687489, 3.91329e-17, 0.142916, 0.0360867, 0.617941, 2.3046e-05, 0.262585, 0.00399627, 2.74966e-09, 0.00322572, 2.53835e-05, 0.324642, 0.000150069, 2.33708e-07, 1.32456e-10, 8.05212e-12, 7.56828e-10, 2.10623e-10, 6.26766e-08, 0.405375, 
0.00368421, 1.0002e+06, 1.0002e+06, 1.0002e+06, 1.00166e+06, 1.0013e+06, 0.159538, 1173, 1173, 0.10696, 0.111715, 1.71278e-17, 0.161765, 0.0523405, 0.570205, 2.28872e-05, 0.271708, 0.00227159, 1.7384e-09, 0.00245946, 2.1695e-05, 0.361269, 9.87964e-05, 4.92779e-07, 2.05978e-10, 4.76343e-12, 4.74992e-10, 1.20588e-10, 6.20184e-08, 0.362171, 0.159153, 1173, 1173, 0.107452, 0.110557, 1.74372e-17, 0.161905, 0.0516925, 0.569867, 2.28341e-05, 0.271278, 0.00230382, 1.75878e-09, 0.00247543, 2.18803e-05, 0.360844, 9.98172e-05, 4.85341e-07, 2.04508e-10, 4.82067e-12, 4.80396e-10, 1.22249e-10, 6.23106e-08, 0.362977, 0.158079, 1173, 1173, 0.111431, 0.106615, 1.85505e-17, 0.159974, 0.0508372, 0.576815, 2.29009e-05, 0.271388, 0.00239237, 1.83962e-09, 0.00252718, 2.1903e-05, 0.357338, 0.000102775, 4.58684e-07, 1.97227e-10, 5.03112e-12, 5.02092e-10, 1.2842e-10, 6.18476e-08, 0.366229, 0.157703, 1173, 1173, 0.123303, 0.0914524, 2.09113e-17, 0.14407, 0.0490971, 0.593223, 2.28386e-05, 0.275127, 0.00262404, 2.10312e-09, 0.00268528, 2.06692e-05, 0.342215, 0.000110952, 3.81799e-07, 1.72036e-10, 5.70559e-12, 5.73867e-10, 1.48117e-10, 5.74476e-08, 0.377217, 0.146711, 1173, 1173, 0.123691, 0.0833937, 3.06408e-17, 0.159842, 0.038797, 0.58946, 2.28913e-05, 0.261444, 0.00339654, 2.34202e-09, 0.00296202, 2.63041e-05, 0.343733, 0.000132576, 3.07425e-07, 1.60762e-10, 6.69227e-12, 6.4087e-10, 1.74125e-10, 6.74995e-08, 0.388306, 
0.00473684, 1.00019e+06, 1.00019e+06, 1.00019e+06, 1.00157e+06, 1.00121e+06, 0.162407, 1173, 1173, 0.0952397, 0.128533, 1.41357e-17, 0.169496, 0.0566905, 0.555287, 2.29379e-05, 0.271625, 0.00198059, 1.47288e-09, 0.002279, 2.13565e-05, 0.3728, 8.88029e-05, 5.99926e-07, 2.32468e-10, 4.11724e-12, 4.04557e-10, 1.00923e-10, 6.29344e-08, 0.351204, 0.161954, 1173, 1173, 0.0962569, 0.127061, 1.43729e-17, 0.16927, 0.0561727, 0.55619, 2.29084e-05, 0.271458, 0.00200731, 1.49659e-09, 0.00229494, 2.14554e-05, 0.37201, 8.97119e-05, 5.89834e-07, 2.30295e-10, 4.17361e-12, 4.10769e-10, 1.02662e-10, 6.3023e-08, 0.352118, 0.161192, 1173, 1173, 0.0984743, 0.119514, 1.48261e-17, 0.162751, 0.0542476, 0.551016, 2.24537e-05, 0.272064, 0.00207814, 1.57798e-09, 0.00234325, 2.13367e-05, 0.368044, 9.22366e-05, 5.57412e-07, 2.21714e-10, 4.36115e-12, 4.32338e-10, 1.08452e-10, 6.2243e-08, 0.355356, 0.160894, 1173, 1173, 0.111186, 0.107285, 1.67059e-17, 0.15259, 0.0539027, 0.576287, 2.28498e-05, 0.275596, 0.00224221, 1.79487e-09, 0.00246889, 2.03085e-05, 0.355301, 9.83434e-05, 4.78973e-07, 1.98134e-10, 4.86411e-12, 4.90597e-10, 1.23806e-10, 5.85454e-08, 0.364272, 0.144887, 1173, 1173, 0.113172, 0.0977719, 2.68944e-17, 0.177737, 0.0410123, 0.579795, 2.33112e-05, 0.259093, 0.00306533, 2.05259e-09, 0.00279073, 2.74895e-05, 0.35828, 0.00012225, 3.70955e-07, 1.84467e-10, 5.83115e-12, 5.60394e-10, 1.50292e-10, 7.20703e-08, 0.376621, 
0.00578947, 1.00018e+06, 1.00018e+06, 1.00018e+06, 1.00147e+06, 1.00112e+06, 0.164707, 1173, 1173, 0.0845953, 0.141314, 1.20208e-17, 0.172925, 0.0595077, 0.537002, 2.27068e-05, 0.271374, 0.00178243, 1.27354e-09, 0.00214545, 2.10588e-05, 0.381529, 8.1738e-05, 6.96868e-07, 2.54465e-10, 3.68041e-12, 3.52441e-10, 8.68912e-11, 6.34683e-08, 0.343066, 0.164452, 1173, 1173, 0.0861149, 0.139891, 1.22553e-17, 0.1727, 0.0592509, 0.539771, 2.2739e-05, 0.271429, 0.00180444, 1.29891e-09, 0.00216066, 2.10854e-05, 0.380472, 8.25322e-05, 6.84673e-07, 2.51731e-10, 3.734e-12, 3.59046e-10, 8.86321e-11, 6.33835e-08, 0.34403, 0.163648, 1173, 1173, 0.0897351, 0.13345, 1.27161e-17, 0.167904, 0.0581687, 0.541751, 2.25705e-05, 0.272301, 0.00186095, 1.37549e-09, 0.00220379, 2.08974e-05, 0.376477, 8.46468e-05, 6.49268e-07, 2.42692e-10, 3.89443e-12, 3.79159e-10, 9.38232e-11, 6.24723e-08, 0.347051, 0.163642, 1173, 1173, 0.0996866, 0.119485, 1.38901e-17, 0.15656, 0.0569794, 0.554875, 2.25463e-05, 0.275609, 0.00198864, 1.56363e-09, 0.00230977, 2.0019e-05, 0.365291, 8.95817e-05, 5.68971e-07, 2.20211e-10, 4.29628e-12, 4.29153e-10, 1.06617e-10, 5.92697e-08, 0.354691, 0.144374, 1173, 1173, 0.101899, 0.108355, 2.4181e-17, 0.190083, 0.0415261, 0.560466, 2.324e-05, 0.256356, 0.0028592, 1.82898e-09, 0.00266973, 2.87854e-05, 0.37001, 0.000115481, 4.26087e-07, 2.0489e-10, 5.21574e-12, 4.98993e-10, 1.32864e-10, 7.64249e-08, 0.36796, 
0.00684211, 1.00017e+06, 1.00017e+06, 1.00017e+06, 1.00137e+06, 1.00103e+06, 0.166628, 1173, 1173, 0.0770444, 0.152407, 1.07167e-17, 0.175969, 0.0621452, 0.526883, 2.26789e-05, 0.271221, 0.00164602, 1.12867e-09, 0.0020484, 2.07648e-05, 0.387781, 7.67513e-05, 7.78397e-07, 2.71547e-10, 3.39004e-12, 3.15023e-10, 7.70653e-11, 6.3633e-08, 0.337206, 0.166298, 1173, 1173, 0.0787531, 0.150963, 1.09232e-17, 0.175648, 0.0620302, 0.53035, 2.27353e-05, 0.271409, 0.00166466, 1.15415e-09, 0.00206269, 2.07498e-05, 0.386597, 7.74532e-05, 7.64869e-07, 2.68499e-10, 3.43952e-12, 3.21623e-10, 7.8743e-11, 6.345e-08, 0.338168, 0.165676, 1173, 1173, 0.0810617, 0.141644, 1.09834e-17, 0.167725, 0.05997, 0.523152, 2.21782e-05, 0.272434, 0.00171296, 1.22762e-09, 0.00210257, 2.05268e-05, 0.382597, 7.93248e-05, 7.26849e-07, 2.59102e-10, 3.58239e-12, 3.40786e-10, 8.35588e-11, 6.24728e-08, 0.341053, 0.165753, 1173, 1173, 0.0940307, 0.135029, 1.25371e-17, 0.165745, 0.0617241, 0.559631, 2.32066e-05, 0.275349, 0.00181379, 1.38724e-09, 0.00219109, 1.98121e-05, 0.373079, 8.33264e-05, 6.49506e-07, 2.38709e-10, 3.90101e-12, 3.82852e-10, 9.40994e-11, 5.98191e-08, 0.347464, 0.141367, 1173, 1173, 0.0926515, 0.117074, 2.27265e-17, 0.201899, 0.0413903, 0.545294, 2.3242e-05, 0.253318, 0.00274355, 1.65728e-09, 0.00258853, 3.02559e-05, 0.379497, 0.000111388, 4.69968e-07, 2.21767e-10, 4.77315e-12, 4.5218e-10, 1.20112e-10, 8.07459e-08, 0.361711, 
0.00736842, 1.00016e+06, 1.00016e+06, 1.00016e+06, 1.00132e+06, 1.00099e+06, 0.16747, 1173, 1173, 0.0750313, 0.160559, 1.04006e-17, 0.180601, 0.0645706, 0.532389, 2.31016e-05, 0.271151, 0.00158869, 1.06538e-09, 0.00200616, 2.06199e-05, 0.390493, 7.46213e-05, 8.17279e-07, 2.79309e-10, 3.27088e-12, 2.98801e-10, 7.28753e-11, 6.36518e-08, 0.334665, 0.167272, 1173, 1173, 0.0745357, 0.154169, 1.02327e-17, 0.174718, 0.0625402, 0.519868, 2.24626e-05, 0.271402, 0.00160641, 1.09151e-09, 0.00202037, 2.05867e-05, 0.389225, 7.53014e-05, 8.0278e-07, 2.76039e-10, 3.31975e-12, 3.05553e-10, 7.45665e-11, 6.34214e-08, 0.33565, 0.166598, 1173, 1173, 0.0801328, 0.15115, 1.08471e-17, 0.174126, 0.0631501, 0.534929, 2.28634e-05, 0.272451, 0.00165038, 1.16163e-09, 0.00205792, 2.03599e-05, 0.385344, 7.70311e-05, 7.64588e-07, 2.66756e-10, 3.45148e-12, 3.23787e-10, 7.90978e-11, 6.24546e-08, 0.338398, 0.1667, 1173, 1173, 0.0894946, 0.139499, 1.17554e-17, 0.166445, 0.0626209, 0.550394, 2.30343e-05, 0.275206, 0.00174281, 1.31163e-09, 0.00214074, 1.97116e-05, 0.376409, 8.07358e-05, 6.87603e-07, 2.47039e-10, 3.74149e-12, 3.63156e-10, 8.8879e-11, 6.00132e-08, 0.3444, 0.141239, 1173, 1173, 0.0874764, 0.119552, 2.19352e-17, 0.205038, 0.0407474, 0.532319, 2.29818e-05, 0.251848, 0.00270088, 1.58245e-09, 0.00255559, 3.0985e-05, 0.383655, 0.000109813, 4.89445e-07, 2.29357e-10, 4.58537e-12, 4.31845e-10, 1.14661e-10, 8.28091e-08, 0.359099, 
0.00763158, 1.00016e+06, 1.00016e+06, 1.00016e+06, 1.0013e+06, 1.00096e+06, 0.167906, 1173, 1173, 0.0734414, 0.163307, 1.01382e-17, 0.181419, 0.0652416, 0.530843, 2.3125e-05, 0.271109, 0.00156217, 1.03546e-09, 0.00198626, 2.05512e-05, 0.391782, 7.3628e-05, 8.3641e-07, 2.83058e-10, 3.2163e-12, 2.9116e-10, 7.09179e-11, 6.36577e-08, 0.333466, 0.167617, 1173, 1173, 0.073369, 0.15752, 1.00665e-17, 0.17628, 0.0635075, 0.520881, 2.25923e-05, 0.27139, 0.0015794, 1.06173e-09, 0.0020004, 2.05091e-05, 0.390476, 7.42958e-05, 8.21469e-07, 2.79688e-10, 3.2645e-12, 2.97941e-10, 7.26048e-11, 6.34045e-08, 0.334459, 0.167016, 1173, 1173, 0.0783785, 0.153441, 1.05635e-17, 0.174481, 0.0636972, 0.532129, 2.28343e-05, 0.272445, 0.00162164, 1.13056e-09, 0.00203699, 2.02826e-05, 0.386648, 7.59683e-05, 7.83103e-07, 2.70445e-10, 3.3917e-12, 3.15809e-10, 7.70232e-11, 6.24463e-08, 0.337151, 0.167173, 1173, 1173, 0.0878619, 0.142536, 1.14724e-17, 0.167795, 0.063434, 0.549373, 2.30942e-05, 0.275128, 0.00171008, 1.27583e-09, 0.00211706, 1.96628e-05, 0.377987, 7.95307e-05, 7.06434e-07, 2.51072e-10, 3.66809e-12, 3.53862e-10, 8.6438e-11, 6.00993e-08, 0.342957, 0.139699, 1173, 1173, 0.088443, 0.125866, 2.24741e-17, 0.215356, 0.0420961, 0.547901, 2.38119e-05, 0.251068, 0.00268118, 1.54467e-09, 0.00253953, 3.13781e-05, 0.385766, 0.000109067, 4.99334e-07, 2.33247e-10, 4.49162e-12, 4.21591e-10, 1.11932e-10, 8.3902e-08, 0.357804, 
0.00789474, 1.00016e+06, 1.00016e+06, 1.00016e+06, 1.00127e+06, 1.00094e+06, 0.168278, 1173, 1173, 0.0709366, 0.163592, 9.78234e-18, 0.179601, 0.0649625, 0.521988, 2.28231e-05, 0.271077, 0.00153755, 1.00758e-09, 0.00196764, 2.04819e-05, 0.392974, 7.27023e-05, 8.54738e-07, 2.86585e-10, 3.16642e-12, 2.84057e-10, 6.91055e-11, 6.36482e-08, 0.33235, 0.168112, 1173, 1173, 0.0726744, 0.161765, 9.95324e-18, 0.178846, 0.0648377, 0.525023, 2.28561e-05, 0.271376, 0.00155403, 1.03349e-09, 0.00198143, 2.04342e-05, 0.391666, 7.33465e-05, 8.39695e-07, 2.832e-10, 3.21317e-12, 2.90738e-10, 7.07575e-11, 6.33837e-08, 0.333328, 0.167442, 1173, 1173, 0.0759409, 0.154027, 1.01987e-17, 0.173008, 0.0635637, 0.524106, 2.25745e-05, 0.272443, 0.00159503, 1.10149e-09, 0.00201743, 2.0207e-05, 0.387861, 7.49795e-05, 8.00869e-07, 2.73929e-10, 3.33679e-12, 3.08361e-10, 7.50953e-11, 6.24279e-08, 0.335987, 0.167604, 1173, 1173, 0.0878128, 0.148111, 1.14076e-17, 0.172104, 0.0653639, 0.558186, 2.35661e-05, 0.275041, 0.00167946, 1.24166e-09, 0.00209459, 1.96183e-05, 0.379504, 7.83959e-05, 7.24915e-07, 2.54989e-10, 3.59939e-12, 3.45012e-10, 8.41279e-11, 6.01855e-08, 0.341582, 0.14009, 1173, 1173, 0.085318, 0.126104, 2.19823e-17, 0.215404, 0.0414293, 0.537688, 2.35154e-05, 0.250311, 0.00266482, 1.50989e-09, 0.00252531, 3.17646e-05, 0.387723, 0.000108429, 5.08363e-07, 2.36852e-10, 4.4061e-12, 4.12159e-10, 1.09439e-10, 8.49566e-08, 0.356635, 
0.00802632, 1.00015e+06, 1.00015e+06, 1.00015e+06, 1.00126e+06, 1.00093e+06, 0.1685, 1173, 1173, 0.070169, 0.164758, 9.67386e-18, 0.179839, 0.065234, 0.520977, 2.282e-05, 0.27106, 0.0015257, 9.94031e-10, 0.00195861, 2.04478e-05, 0.393553, 7.22553e-05, 8.63799e-07, 2.88313e-10, 3.14253e-12, 2.8061e-10, 6.82291e-11, 6.3642e-08, 0.331808, 0.168222, 1173, 1173, 0.0704606, 0.159615, 9.64207e-18, 0.17544, 0.0637982, 0.513412, 2.23909e-05, 0.27137, 0.00154191, 1.01995e-09, 0.00197231, 2.03969e-05, 0.392235, 7.28917e-05, 8.48615e-07, 2.84898e-10, 3.18893e-12, 2.87291e-10, 6.98763e-11, 6.33696e-08, 0.332786, 0.167639, 1173, 1173, 0.0765487, 0.158018, 1.02637e-17, 0.176422, 0.0650197, 0.532694, 2.29868e-05, 0.272438, 0.00158218, 1.08724e-09, 0.00200789, 2.01706e-05, 0.388457, 7.45003e-05, 8.09714e-07, 2.75652e-10, 3.31027e-12, 3.04718e-10, 7.41563e-11, 6.24202e-08, 0.335419, 0.167826, 1173, 1173, 0.0876589, 0.150694, 1.13651e-17, 0.174005, 0.066235, 0.561796, 2.37682e-05, 0.274998, 0.00166486, 1.22517e-09, 0.00208379, 1.95964e-05, 0.380235, 7.7853e-05, 7.34e-07, 2.56896e-10, 3.56669e-12, 3.40748e-10, 8.30194e-11, 6.02251e-08, 0.34092, 0.13882, 1173, 1173, 0.085081, 0.128155, 2.20812e-17, 0.218758, 0.0417288, 0.540893, 2.37302e-05, 0.249928, 0.0026572, 1.4927e-09, 0.00251843, 3.19624e-05, 0.388692, 0.000108127, 5.12814e-07, 2.38643e-10, 4.36402e-12, 4.07499e-10, 1.08212e-10, 8.54912e-08, 0.356064, 
0.00809211, 1.00015e+06, 1.00015e+06, 1.00015e+06, 1.00125e+06, 1.00093e+06, 0.16857, 1173, 1173, 0.0697274, 0.165187, 9.61086e-18, 0.179793, 0.0653097, 0.520013, 2.2798e-05, 0.271052, 0.00151989, 9.87364e-10, 0.00195417, 2.04309e-05, 0.393838, 7.20358e-05, 8.68298e-07, 2.89167e-10, 3.13087e-12, 2.78916e-10, 6.77991e-11, 6.36385e-08, 0.331542, 0.16841, 1173, 1173, 0.0699195, 0.159781, 9.56488e-18, 0.175113, 0.0637761, 0.511665, 2.23346e-05, 0.271367, 0.00153596, 1.01326e-09, 0.00196781, 2.03786e-05, 0.392517, 7.26679e-05, 8.53059e-07, 2.85741e-10, 3.17704e-12, 2.85589e-10, 6.94419e-11, 6.33628e-08, 0.332519, 0.167747, 1173, 1173, 0.0768194, 0.159966, 1.02942e-17, 0.178067, 0.0657259, 0.536785, 2.31847e-05, 0.272436, 0.00157588, 1.08024e-09, 0.0020032, 2.01527e-05, 0.388751, 7.42651e-05, 8.14108e-07, 2.76504e-10, 3.29734e-12, 3.02929e-10, 7.3696e-11, 6.24161e-08, 0.335139, 0.167926, 1173, 1173, 0.0882878, 0.153219, 1.14405e-17, 0.176371, 0.0672097, 0.568156, 2.40622e-05, 0.274975, 0.0016577, 1.21703e-09, 0.00207847, 1.95856e-05, 0.380596, 7.75862e-05, 7.38529e-07, 2.57843e-10, 3.55065e-12, 3.38645e-10, 8.24739e-11, 6.02448e-08, 0.340594, 0.139646, 1173, 1173, 0.0839911, 0.1277, 2.18761e-17, 0.217914, 0.0413977, 0.53629, 2.35649e-05, 0.249737, 0.00265358, 1.48426e-09, 0.00251509, 3.20611e-05, 0.389168, 0.000107981, 5.14994e-07, 2.39524e-10, 4.34341e-12, 4.05211e-10, 1.0761e-10, 8.57569e-08, 0.355786, 
0.008125, 1.00015e+06, 1.00015e+06, 1.00015e+06, 1.00125e+06, 1.00092e+06, 0.168645, 1173, 1173, 0.0694222, 0.165195, 9.56776e-18, 0.179548, 0.0652662, 0.518891, 2.27589e-05, 0.271048, 0.00151702, 9.84059e-10, 0.00195197, 2.04225e-05, 0.39398, 7.19271e-05, 8.70539e-07, 2.89592e-10, 3.12511e-12, 2.78076e-10, 6.75862e-11, 6.36367e-08, 0.33141, 0.16837, 1173, 1173, 0.0695181, 0.159557, 9.50626e-18, 0.174616, 0.063643, 0.50982, 2.2264e-05, 0.271365, 0.00153301, 1.00994e-09, 0.00196558, 2.03695e-05, 0.392656, 7.25569e-05, 8.55274e-07, 2.86161e-10, 3.17116e-12, 2.84745e-10, 6.92267e-11, 6.33593e-08, 0.332386, 0.167788, 1173, 1173, 0.076511, 0.160016, 1.02473e-17, 0.17786, 0.0656993, 0.535731, 2.31497e-05, 0.272434, 0.00157277, 1.07677e-09, 0.00200088, 2.01438e-05, 0.388897, 7.41488e-05, 8.16293e-07, 2.76927e-10, 3.29095e-12, 3.02043e-10, 7.34683e-11, 6.24139e-08, 0.335, 0.167985, 1173, 1173, 0.087999, 0.153437, 1.13938e-17, 0.17635, 0.0672387, 0.567455, 2.40451e-05, 0.274964, 0.00165416, 1.21301e-09, 0.00207583, 1.95803e-05, 0.380776, 7.7454e-05, 7.40787e-07, 2.58314e-10, 3.54275e-12, 3.37605e-10, 8.22043e-11, 6.02544e-08, 0.340432, 0.138597, 1173, 1173, 0.0851144, 0.130015, 2.22117e-17, 0.221833, 0.0420551, 0.544652, 2.39511e-05, 0.249641, 0.0026518, 1.48004e-09, 0.00251343, 3.2111e-05, 0.389406, 0.000107909, 5.16084e-07, 2.39965e-10, 4.33312e-12, 4.04067e-10, 1.0731e-10, 8.58907e-08, 0.355647, 
0.00814145, 1.00015e+06, 1.00015e+06, 1.00015e+06, 1.00125e+06, 1.00092e+06, 0.168642, 1173, 1173, 0.0694503, 0.165628, 9.575e-18, 0.179891, 0.065414, 0.519678, 2.27985e-05, 0.271046, 0.00151558, 9.82413e-10, 0.00195087, 2.04183e-05, 0.39405, 7.18729e-05, 8.71657e-07, 2.89803e-10, 3.12224e-12, 2.77658e-10, 6.74802e-11, 6.36358e-08, 0.331344, 0.168483, 1173, 1173, 0.0692784, 0.159352, 9.47261e-18, 0.174267, 0.0635397, 0.508608, 2.2216e-05, 0.271364, 0.00153155, 1.00829e-09, 0.00196447, 2.03649e-05, 0.392726, 7.25017e-05, 8.5638e-07, 2.8637e-10, 3.16824e-12, 2.84325e-10, 6.91196e-11, 6.33576e-08, 0.33232, 0.167821, 1173, 1173, 0.0766138, 0.160578, 1.02613e-17, 0.178354, 0.0659066, 0.537003, 2.32099e-05, 0.272433, 0.00157123, 1.07504e-09, 0.00199973, 2.01394e-05, 0.388969, 7.40909e-05, 8.17383e-07, 2.77137e-10, 3.28777e-12, 3.01601e-10, 7.33549e-11, 6.24129e-08, 0.334932, 0.168005, 1173, 1173, 0.0876894, 0.153257, 1.13494e-17, 0.176008, 0.0671262, 0.566036, 2.39912e-05, 0.274958, 0.00165239, 1.211e-09, 0.00207451, 1.95776e-05, 0.380865, 7.73882e-05, 7.41916e-07, 2.58549e-10, 3.53883e-12, 3.37087e-10, 8.20702e-11, 6.02593e-08, 0.340352, 0.139534, 1173, 1173, 0.0831055, 0.127242, 2.17061e-17, 0.217086, 0.0411128, 0.532376, 2.34203e-05, 0.249593, 0.00265092, 1.47794e-09, 0.00251261, 3.21358e-05, 0.389524, 0.000107874, 5.16624e-07, 2.40184e-10, 4.32802e-12, 4.035e-10, 1.07161e-10, 8.59572e-08, 0.355578, 
0.00815789, 1.00015e+06, 1.00015e+06, 1.00015e+06, 1.00125e+06, 1.00092e+06, 0.168693, 1173, 1173, 0.0693898, 0.16585, 9.56558e-18, 0.180005, 0.0654784, 0.519803, 2.2809e-05, 0.271044, 0.00151416, 9.80771e-10, 0.00194978, 2.04141e-05, 0.39412, 7.1819e-05, 8.72775e-07, 2.90015e-10, 3.11939e-12, 2.77241e-10, 6.73746e-11, 6.36349e-08, 0.331279, 0.168418, 1173, 1173, 0.0690557, 0.159185, 9.44259e-18, 0.173959, 0.0634514, 0.507517, 2.21732e-05, 0.271363, 0.00153009, 1.00664e-09, 0.00196336, 2.03604e-05, 0.392796, 7.24467e-05, 8.57483e-07, 2.86578e-10, 3.16533e-12, 2.83906e-10, 6.90129e-11, 6.33558e-08, 0.332254, 0.167838, 1173, 1173, 0.0764082, 0.160493, 1.02327e-17, 0.178129, 0.0658483, 0.536113, 2.31766e-05, 0.272433, 0.00156969, 1.07332e-09, 0.00199858, 2.0135e-05, 0.389041, 7.40333e-05, 8.18471e-07, 2.77347e-10, 3.28461e-12, 3.01161e-10, 7.32419e-11, 6.24118e-08, 0.334863, 0.168036, 1173, 1173, 0.0864275, 0.151405, 1.11837e-17, 0.173748, 0.0662824, 0.55846, 2.36762e-05, 0.274953, 0.00165065, 1.209e-09, 0.00207321, 1.95749e-05, 0.380954, 7.73228e-05, 7.43038e-07, 2.58782e-10, 3.53492e-12, 3.36571e-10, 8.19366e-11, 6.0264e-08, 0.340272, 0.138522, 1173, 1173, 0.0850622, 0.130542, 2.22406e-17, 0.222702, 0.0421326, 0.545507, 2.40074e-05, 0.249545, 0.00265005, 1.47584e-09, 0.00251179, 3.21608e-05, 0.389643, 0.000107839, 5.17165e-07, 2.40404e-10, 4.3229e-12, 4.02932e-10, 1.07011e-10, 8.60241e-08, 0.355509, 
0.00815995, 1.00015e+06, 1.00015e+06, 1.00015e+06, 1.00124e+06, 1.00092e+06, 0.16867, 1173, 1173, 0.0696959, 0.166628, 9.60772e-18, 0.180833, 0.0657825, 0.522169, 2.29135e-05, 0.271044, 0.00151398, 9.80567e-10, 0.00194964, 2.04136e-05, 0.394129, 7.18122e-05, 8.72915e-07, 2.90041e-10, 3.11904e-12, 2.77189e-10, 6.73614e-11, 6.36348e-08, 0.331271, 0.168511, 1173, 1173, 0.0691228, 0.159383, 9.45176e-18, 0.174159, 0.0635275, 0.508078, 2.21983e-05, 0.271363, 0.00152991, 1.00644e-09, 0.00196322, 2.03598e-05, 0.392804, 7.24399e-05, 8.57621e-07, 2.86604e-10, 3.16497e-12, 2.83853e-10, 6.89995e-11, 6.33556e-08, 0.332246, 0.167848, 1173, 1173, 0.0759732, 0.159622, 1.01743e-17, 0.177146, 0.0654882, 0.533129, 2.30483e-05, 0.272433, 0.0015695, 1.07311e-09, 0.00199843, 2.01344e-05, 0.38905, 7.40262e-05, 8.18606e-07, 2.77373e-10, 3.28421e-12, 3.01106e-10, 7.32278e-11, 6.24116e-08, 0.334854, 0.168035, 1173, 1173, 0.0880014, 0.154208, 1.13869e-17, 0.176947, 0.067505, 0.568703, 2.41113e-05, 0.274952, 0.00165043, 1.20875e-09, 0.00207304, 1.95746e-05, 0.380965, 7.73147e-05, 7.43179e-07, 2.58811e-10, 3.53443e-12, 3.36507e-10, 8.192e-11, 6.02646e-08, 0.340262, 0.139492, 1173, 1173, 0.0814888, 0.125094, 2.13088e-17, 0.213407, 0.0403688, 0.522662, 2.30031e-05, 0.249539, 0.00264994, 1.47558e-09, 0.00251169, 3.21639e-05, 0.389658, 0.000107834, 5.17233e-07, 2.40431e-10, 4.32227e-12, 4.02861e-10, 1.06993e-10, 8.60325e-08, 0.355501, 
0.00816201, 1.00015e+06, 1.00015e+06, 1.00015e+06, 1.00124e+06, 1.00092e+06, 0.1687, 1173, 1173, 0.0698689, 0.167088, 9.63151e-18, 0.181316, 0.0659611, 0.523537, 2.29741e-05, 0.271043, 0.0015138, 9.80362e-10, 0.0019495, 2.04131e-05, 0.394138, 7.18055e-05, 8.73055e-07, 2.90067e-10, 3.11868e-12, 2.77137e-10, 6.73482e-11, 6.36347e-08, 0.331262, 0.168423, 1173, 1173, 0.0682502, 0.157413, 9.33242e-18, 0.171992, 0.0627398, 0.501731, 2.19216e-05, 0.271363, 0.00152972, 1.00623e-09, 0.00196308, 2.03593e-05, 0.392813, 7.2433e-05, 8.57759e-07, 2.8663e-10, 3.1646e-12, 2.83801e-10, 6.89862e-11, 6.33554e-08, 0.332238, 0.167844, 1173, 1173, 0.0766707, 0.161131, 1.02675e-17, 0.178805, 0.0661043, 0.538093, 2.32635e-05, 0.272432, 0.00156931, 1.07289e-09, 0.00199829, 2.01339e-05, 0.389059, 7.4019e-05, 8.18742e-07, 2.77399e-10, 3.28382e-12, 3.01051e-10, 7.32137e-11, 6.24115e-08, 0.334846, 0.168042, 1173, 1173, 0.086504, 0.151628, 1.11927e-17, 0.17397, 0.0663717, 0.559097, 2.37048e-05, 0.274951, 0.00165021, 1.2085e-09, 0.00207288, 1.95743e-05, 0.380976, 7.73065e-05, 7.43319e-07, 2.58841e-10, 3.53394e-12, 3.36442e-10, 8.19033e-11, 6.02652e-08, 0.340252, 0.138512, 1173, 1173, 0.0865371, 0.132883, 2.26315e-17, 0.226692, 0.0428763, 0.555118, 2.44327e-05, 0.249533, 0.00264984, 1.47532e-09, 0.00251159, 3.2167e-05, 0.389672, 0.00010783, 5.173e-07, 2.40458e-10, 4.32163e-12, 4.0279e-10, 1.06974e-10, 8.60408e-08, 0.355492, 
0.00816406, 1.00015e+06, 1.00015e+06, 1.00015e+06, 1.00124e+06, 1.00092e+06, 0.168677, 1173, 1173, 0.0706319, 0.168959, 9.73664e-18, 0.183331, 0.0666968, 0.529328, 2.32289e-05, 0.271043, 0.00151362, 9.80157e-10, 0.00194937, 2.04126e-05, 0.394147, 7.17987e-05, 8.73196e-07, 2.90094e-10, 3.11833e-12, 2.77085e-10, 6.73351e-11, 6.36345e-08, 0.331254, 0.168502, 1173, 1173, 0.0603768, 0.139291, 8.2558e-18, 0.152178, 0.0555148, 0.443912, 1.93959e-05, 0.271363, 0.00152955, 1.00602e-09, 0.00196295, 2.03587e-05, 0.392821, 7.24264e-05, 8.57893e-07, 2.86655e-10, 3.16424e-12, 2.83749e-10, 6.89729e-11, 6.33551e-08, 0.33223, 0.16785, 1173, 1173, 0.0738275, 0.155198, 9.88662e-18, 0.172204, 0.0636673, 0.518205, 2.24043e-05, 0.272432, 0.00156912, 1.07268e-09, 0.00199815, 2.01333e-05, 0.389068, 7.40119e-05, 8.18877e-07, 2.77425e-10, 3.28342e-12, 3.00997e-10, 7.31996e-11, 6.24113e-08, 0.334837, 0.16804, 1173, 1173, 0.086723, 0.152056, 1.12207e-17, 0.174445, 0.066555, 0.560584, 2.37686e-05, 0.274951, 0.00164999, 1.20825e-09, 0.00207272, 1.9574e-05, 0.380987, 7.72984e-05, 7.4346e-07, 2.5887e-10, 3.53345e-12, 3.36378e-10, 8.18866e-11, 6.02658e-08, 0.340242, 0.139482, 1173, 1173, 0.0791927, 0.12164, 2.07132e-17, 0.207511, 0.0392434, 0.508074, 2.23632e-05, 0.249527, 0.00264973, 1.47506e-09, 0.00251148, 3.21702e-05, 0.389687, 0.000107825, 5.17367e-07, 2.40485e-10, 4.321e-12, 4.02719e-10, 1.06956e-10, 8.60492e-08, 0.355484, 
0.00816612, 1.00015e+06, 1.00015e+06, 1.00015e+06, 1.00124e+06, 1.00092e+06, 0.168709, 1173, 1173, 0.0717857, 0.171767, 9.89564e-18, 0.186361, 0.067802, 0.538048, 2.36123e-05, 0.271043, 0.00151344, 9.79953e-10, 0.00194923, 2.04121e-05, 0.394156, 7.17919e-05, 8.73337e-07, 2.90121e-10, 3.11797e-12, 2.77033e-10, 6.73219e-11, 6.36344e-08, 0.331246, 0.168441, 1173, 1173, 0.0747422, 0.172479, 1.022e-17, 0.18842, 0.0687391, 0.549605, 2.40146e-05, 0.271363, 0.00152937, 1.00582e-09, 0.00196281, 2.03581e-05, 0.39283, 7.24196e-05, 8.58029e-07, 2.86681e-10, 3.16387e-12, 2.83696e-10, 6.89596e-11, 6.33549e-08, 0.332221, 0.167849, 1173, 1173, 0.0757363, 0.159253, 1.01421e-17, 0.176688, 0.0653282, 0.531673, 2.29872e-05, 0.272432, 0.00156893, 1.07246e-09, 0.00199801, 2.01328e-05, 0.389077, 7.40048e-05, 8.19011e-07, 2.77451e-10, 3.28302e-12, 3.00942e-10, 7.31855e-11, 6.24112e-08, 0.334829, 0.168049, 1173, 1173, 0.0869475, 0.152494, 1.12494e-17, 0.174931, 0.0667427, 0.562107, 2.38339e-05, 0.27495, 0.00164977, 1.20801e-09, 0.00207255, 1.95736e-05, 0.380998, 7.72902e-05, 7.436e-07, 2.58899e-10, 3.53297e-12, 3.36314e-10, 8.187e-11, 6.02664e-08, 0.340232, 0.138503, 1173, 1173, 0.0862971, 0.132591, 2.2574e-17, 0.226191, 0.0427705, 0.553729, 2.43739e-05, 0.249521, 0.00264962, 1.4748e-09, 0.00251138, 3.21733e-05, 0.389702, 0.000107821, 5.17434e-07, 2.40513e-10, 4.32036e-12, 4.02648e-10, 1.06937e-10, 8.60575e-08, 0.355475, 
0.00816817, 1.00015e+06, 1.00015e+06, 1.00015e+06, 1.00124e+06, 1.00092e+06, 0.168692, 1173, 1173, 0.074782, 0.178986, 1.03086e-17, 0.194176, 0.0706484, 0.560583, 2.4602e-05, 0.271042, 0.00151326, 9.79748e-10, 0.00194909, 2.04115e-05, 0.394165, 7.1785e-05, 8.73481e-07, 2.90148e-10, 3.11762e-12, 2.76982e-10, 6.73088e-11, 6.36343e-08, 0.331237, 0.168522, 1173, 1173, 0.0682177, 0.157466, 9.32786e-18, 0.172003, 0.0627529, 0.501694, 2.19218e-05, 0.271363, 0.00152918, 1.00561e-09, 0.00196267, 2.03576e-05, 0.392839, 7.24126e-05, 8.58169e-07, 2.86708e-10, 3.16351e-12, 2.83644e-10, 6.89463e-11, 6.33547e-08, 0.332213, 0.167864, 1173, 1173, 0.0780972, 0.164262, 1.04581e-17, 0.182228, 0.0673797, 0.548316, 2.37075e-05, 0.272432, 0.00156873, 1.07225e-09, 0.00199786, 2.01322e-05, 0.389086, 7.39976e-05, 8.19147e-07, 2.77478e-10, 3.28263e-12, 3.00887e-10, 7.31714e-11, 6.24111e-08, 0.33482, 0.168048, 1173, 1173, 0.0884527, 0.15518, 1.14437e-17, 0.177995, 0.0679138, 0.571911, 2.42504e-05, 0.274949, 0.00164955, 1.20776e-09, 0.00207239, 1.95733e-05, 0.381009, 7.7282e-05, 7.43741e-07, 2.58928e-10, 3.53248e-12, 3.36249e-10, 8.18533e-11, 6.0267e-08, 0.340222, 0.139474, 1173, 1173, 0.0863772, 0.132753, 2.25976e-17, 0.226465, 0.0428168, 0.554319, 2.44011e-05, 0.249515, 0.00264951, 1.47454e-09, 0.00251128, 3.21764e-05, 0.389717, 0.000107817, 5.17502e-07, 2.4054e-10, 4.31972e-12, 4.02577e-10, 1.06918e-10, 8.60659e-08, 0.355467, 
0.00817023, 1.00015e+06, 1.00015e+06, 1.00015e+06, 1.00124e+06, 1.00092e+06, 0.168703, 1173, 1173, 0.0653473, 0.156448, 9.00804e-18, 0.16971, 0.0617495, 0.489926, 2.15017e-05, 0.271042, 0.00151308, 9.79544e-10, 0.00194895, 2.0411e-05, 0.394173, 7.17782e-05, 8.73621e-07, 2.90174e-10, 3.11727e-12, 2.7693e-10, 6.72956e-11, 6.36342e-08, 0.331229, 0.168436, 1173, 1173, 0.0689831, 0.159276, 9.43246e-18, 0.173964, 0.0634715, 0.507392, 2.21713e-05, 0.271363, 0.001529, 1.00541e-09, 0.00196254, 2.0357e-05, 0.392847, 7.24058e-05, 8.58306e-07, 2.86733e-10, 3.16315e-12, 2.83592e-10, 6.8933e-11, 6.33545e-08, 0.332205, 0.167855, 1173, 1173, 0.0755821, 0.159015, 1.01211e-17, 0.176391, 0.0652245, 0.530726, 2.29476e-05, 0.272432, 0.00156854, 1.07203e-09, 0.00199772, 2.01316e-05, 0.389095, 7.39904e-05, 8.19283e-07, 2.77504e-10, 3.28224e-12, 3.00832e-10, 7.31574e-11, 6.24109e-08, 0.334812, 0.168052, 1173, 1173, 0.0830277, 0.145705, 1.07415e-17, 0.167111, 0.0637632, 0.536903, 2.27667e-05, 0.274949, 0.00164934, 1.20751e-09, 0.00207223, 1.9573e-05, 0.38102, 7.7274e-05, 7.4388e-07, 2.58957e-10, 3.53199e-12, 3.36185e-10, 8.18367e-11, 6.02676e-08, 0.340212, 0.138493, 1173, 1173, 0.0828605, 0.127385, 2.16802e-17, 0.217306, 0.0410798, 0.531823, 2.3412e-05, 0.249509, 0.0026494, 1.47428e-09, 0.00251118, 3.21795e-05, 0.389732, 0.000107812, 5.1757e-07, 2.40568e-10, 4.31908e-12, 4.02507e-10, 1.069e-10, 8.60742e-08, 0.355458, 
0.00817229, 1.00015e+06, 1.00015e+06, 1.00015e+06, 1.00124e+06, 1.00092e+06, 0.168676, 1173, 1173, 0.0623834, 0.149393, 8.59942e-18, 0.162043, 0.0589624, 0.46777, 2.05299e-05, 0.271042, 0.00151291, 9.7934e-10, 0.00194882, 2.04105e-05, 0.394182, 7.17717e-05, 8.73756e-07, 2.902e-10, 3.11691e-12, 2.76878e-10, 6.72825e-11, 6.36341e-08, 0.331221, 0.168531, 1173, 1173, 0.069928, 0.161501, 9.5616e-18, 0.176379, 0.0643556, 0.51441, 2.24787e-05, 0.271363, 0.00152882, 1.0052e-09, 0.0019624, 2.03564e-05, 0.392856, 7.23989e-05, 8.58445e-07, 2.8676e-10, 3.16279e-12, 2.8354e-10, 6.89197e-11, 6.33542e-08, 0.332197, 0.167861, 1173, 1173, 0.0733331, 0.154324, 9.81977e-18, 0.171173, 0.063298, 0.515001, 2.22682e-05, 0.272432, 0.00156835, 1.07182e-09, 0.00199758, 2.01311e-05, 0.389104, 7.39833e-05, 8.19416e-07, 2.7753e-10, 3.28184e-12, 3.00777e-10, 7.31433e-11, 6.24108e-08, 0.334803, 0.168054, 1173, 1173, 0.0874368, 0.153487, 1.13116e-17, 0.176019, 0.0671647, 0.565488, 2.39796e-05, 0.274948, 0.00164912, 1.20726e-09, 0.00207207, 1.95726e-05, 0.381031, 7.72659e-05, 7.44019e-07, 2.58986e-10, 3.5315e-12, 3.36121e-10, 8.182e-11, 6.02682e-08, 0.340202, 0.139464, 1173, 1173, 0.0841545, 0.129412, 2.20214e-17, 0.220762, 0.0417278, 0.540203, 2.3782e-05, 0.249503, 0.0026493, 1.47402e-09, 0.00251108, 3.21826e-05, 0.389746, 0.000107808, 5.17637e-07, 2.40595e-10, 4.31845e-12, 4.02436e-10, 1.06881e-10, 8.60826e-08, 0.35545, 
0.00817434, 1.00015e+06, 1.00015e+06, 1.00015e+06, 1.00124e+06, 1.00092e+06, 0.168723, 1173, 1173, 0.0734583, 0.175963, 1.0126e-17, 0.190846, 0.0694461, 0.550891, 2.41785e-05, 0.271042, 0.00151273, 9.79135e-10, 0.00194868, 2.041e-05, 0.394191, 7.1765e-05, 8.73895e-07, 2.90226e-10, 3.11656e-12, 2.76826e-10, 6.72693e-11, 6.3634e-08, 0.331213, 0.168447, 1173, 1173, 0.0715572, 0.165309, 9.78429e-18, 0.180521, 0.0658699, 0.526465, 2.30061e-05, 0.271362, 0.00152863, 1.005e-09, 0.00196226, 2.03559e-05, 0.392865, 7.2392e-05, 8.58584e-07, 2.86786e-10, 3.16243e-12, 2.83488e-10, 6.89065e-11, 6.3354e-08, 0.332188, 0.167863, 1173, 1173, 0.0768258, 0.161718, 1.02873e-17, 0.179357, 0.0663276, 0.539599, 2.33325e-05, 0.272432, 0.00156816, 1.0716e-09, 0.00199744, 2.01305e-05, 0.389113, 7.39762e-05, 8.19551e-07, 2.77556e-10, 3.28145e-12, 3.00722e-10, 7.31292e-11, 6.24106e-08, 0.334795, 0.168059, 1173, 1173, 0.0832962, 0.146261, 1.07756e-17, 0.167717, 0.0639988, 0.538778, 2.28476e-05, 0.274947, 0.0016489, 1.20701e-09, 0.00207191, 1.95723e-05, 0.381042, 7.72578e-05, 7.44158e-07, 2.59015e-10, 3.53102e-12, 3.36056e-10, 8.18034e-11, 6.02688e-08, 0.340192, 0.138483, 1173, 1173, 0.0817251, 0.125713, 2.13882e-17, 0.21445, 0.0405294, 0.52468, 2.30997e-05, 0.249497, 0.00264919, 1.47375e-09, 0.00251097, 3.21858e-05, 0.389761, 0.000107804, 5.17704e-07, 2.40622e-10, 4.31781e-12, 4.02365e-10, 1.06863e-10, 8.60909e-08, 0.355441, 
0.0081764, 1.00015e+06, 1.00015e+06, 1.00015e+06, 1.00124e+06, 1.00092e+06, 0.168769, 1173, 1173, 0.102171, 0.244812, 1.4084e-17, 0.265494, 0.0966126, 0.766313, 3.36349e-05, 0.271041, 0.00151253, 9.78932e-10, 0.00194852, 2.04095e-05, 0.394201, 7.17574e-05, 8.74055e-07, 2.90256e-10, 3.11622e-12, 2.76774e-10, 6.72563e-11, 6.3634e-08, 0.331204, 0.168547, 1173, 1173, 0.0749434, 0.173178, 1.02472e-17, 0.189098, 0.0690027, 0.551451, 2.40987e-05, 0.271362, 0.00152845, 1.00479e-09, 0.00196212, 2.03553e-05, 0.392874, 7.2385e-05, 8.58726e-07, 2.86813e-10, 3.16207e-12, 2.83436e-10, 6.88932e-11, 6.33538e-08, 0.33218, 0.167857, 1173, 1173, 0.0678483, 0.142859, 9.085e-18, 0.158427, 0.0585901, 0.476607, 2.06092e-05, 0.272432, 0.00156798, 1.07139e-09, 0.0019973, 2.013e-05, 0.389121, 7.39693e-05, 8.19683e-07, 2.77581e-10, 3.28105e-12, 3.00668e-10, 7.31152e-11, 6.24105e-08, 0.334786, 0.16806, 1173, 1173, 0.0864866, 0.151907, 1.1188e-17, 0.174175, 0.0664655, 0.559487, 2.37265e-05, 0.274947, 0.00164869, 1.20676e-09, 0.00207175, 1.9572e-05, 0.381053, 7.72498e-05, 7.44296e-07, 2.59044e-10, 3.53053e-12, 3.35992e-10, 8.17868e-11, 6.02694e-08, 0.340182, 0.139453, 1173, 1173, 0.0734705, 0.113047, 1.92302e-17, 0.192843, 0.0364412, 0.471749, 2.07703e-05, 0.249491, 0.00264908, 1.4735e-09, 0.00251088, 3.21889e-05, 0.389775, 0.000107799, 5.1777e-07, 2.40649e-10, 4.31718e-12, 4.02295e-10, 1.06844e-10, 8.60992e-08, 0.355433, 
0.00817845, 1.00015e+06, 1.00015e+06, 1.00015e+06, 1.00124e+06, 1.00092e+06, 0.168711, 1173, 1173, 0.0669135, 0.160377, 9.22385e-18, 0.17391, 0.0632878, 0.501936, 2.20318e-05, 0.27104, 0.00151234, 9.78729e-10, 0.00194837, 2.04089e-05, 0.394211, 7.17499e-05, 8.74211e-07, 2.90286e-10, 3.11588e-12, 2.76723e-10, 6.72432e-11, 6.36339e-08, 0.331195, 0.168453, 1173, 1173, 0.0715206, 0.165314, 9.77913e-18, 0.180495, 0.0658662, 0.526334, 2.30018e-05, 0.271362, 0.00152826, 1.00459e-09, 0.00196197, 2.03547e-05, 0.392883, 7.23779e-05, 8.58867e-07, 2.86839e-10, 3.16171e-12, 2.83384e-10, 6.88799e-11, 6.33536e-08, 0.332172, 0.167896, 1173, 1173, 0.0906469, 0.190914, 1.21375e-17, 0.211699, 0.0782953, 0.636838, 2.75386e-05, 0.272432, 0.00156778, 1.07117e-09, 0.00199715, 2.01294e-05, 0.38913, 7.3962e-05, 8.19821e-07, 2.77608e-10, 3.28066e-12, 3.00613e-10, 7.31011e-11, 6.24103e-08, 0.334778, 0.168072, 1173, 1173, 0.0902441, 0.158554, 1.16737e-17, 0.181778, 0.0693691, 0.583868, 2.47613e-05, 0.274946, 0.00164847, 1.20651e-09, 0.00207158, 1.95717e-05, 0.381064, 7.72416e-05, 7.44437e-07, 2.59073e-10, 3.53004e-12, 3.35928e-10, 8.17701e-11, 6.027e-08, 0.340172, 0.138472, 1173, 1173, 0.0709203, 0.109155, 1.85649e-17, 0.1862, 0.0351817, 0.455437, 2.00531e-05, 0.249486, 0.00264898, 1.47324e-09, 0.00251078, 3.21919e-05, 0.38979, 0.000107795, 5.17834e-07, 2.40675e-10, 4.31655e-12, 4.02225e-10, 1.06826e-10, 8.61074e-08, 0.355424, 
0.00818051, 1.00015e+06, 1.00015e+06, 1.00015e+06, 1.00124e+06, 1.00092e+06, 0.168642, 1173, 1173, 0.0298112, 0.0714698, 4.10938e-18, 0.0774943, 0.0282024, 0.223654, 9.81717e-06, 0.27104, 0.00151218, 9.78527e-10, 0.00194825, 2.04084e-05, 0.394218, 7.17439e-05, 8.74334e-07, 2.90309e-10, 3.11552e-12, 2.76672e-10, 6.72302e-11, 6.36337e-08, 0.331188, 0.168502, 1173, 1173, 0.0463054, 0.10706, 6.33134e-18, 0.116881, 0.0426542, 0.340817, 1.48947e-05, 0.271362, 0.00152809, 1.00438e-09, 0.00196184, 2.03542e-05, 0.392891, 7.23715e-05, 8.58997e-07, 2.86864e-10, 3.16135e-12, 2.83332e-10, 6.88667e-11, 6.33533e-08, 0.332164, 0.167885, 1173, 1173, 0.0790328, 0.166499, 1.05822e-17, 0.184609, 0.0682791, 0.555312, 2.4014e-05, 0.272432, 0.00156758, 1.07096e-09, 0.001997, 2.01289e-05, 0.38914, 7.39545e-05, 8.19963e-07, 2.77635e-10, 3.28027e-12, 3.00558e-10, 7.30871e-11, 6.24102e-08, 0.334769, 0.168069, 1173, 1173, 0.0893203, 0.156976, 1.15539e-17, 0.179952, 0.0686748, 0.577964, 2.45118e-05, 0.274945, 0.00164825, 1.20626e-09, 0.00207142, 1.95713e-05, 0.381076, 7.72334e-05, 7.4458e-07, 2.59103e-10, 3.52956e-12, 3.35864e-10, 8.17535e-11, 6.02706e-08, 0.340162, 0.139444, 1173, 1173, 0.0748804, 0.115283, 1.96039e-17, 0.196652, 0.0371518, 0.480934, 2.11767e-05, 0.24948, 0.00264888, 1.47298e-09, 0.00251068, 3.2195e-05, 0.389804, 0.000107791, 5.17899e-07, 2.40702e-10, 4.31592e-12, 4.02155e-10, 1.06808e-10, 8.61156e-08, 0.355416, 
0.00818257, 1.00015e+06, 1.00015e+06, 1.00015e+06, 1.00124e+06, 1.00092e+06, 0.168768, 1173, 1173, 0.0984133, 0.236002, 1.3566e-17, 0.255874, 0.0931238, 0.738437, 3.2414e-05, 0.27104, 0.00151201, 9.78321e-10, 0.00194812, 2.04079e-05, 0.394227, 7.17373e-05, 8.74471e-07, 2.90335e-10, 3.11516e-12, 2.76619e-10, 6.7217e-11, 6.36336e-08, 0.33118, 0.168439, 1173, 1173, 0.0568562, 0.131488, 7.77385e-18, 0.143537, 0.0523851, 0.418533, 1.82914e-05, 0.271362, 0.00152792, 1.00418e-09, 0.00196172, 2.03536e-05, 0.392898, 7.23653e-05, 8.59121e-07, 2.86887e-10, 3.16098e-12, 2.8328e-10, 6.88535e-11, 6.33531e-08, 0.332156, 0.167872, 1173, 1173, 0.0759049, 0.159952, 1.01632e-17, 0.177334, 0.0655915, 0.533403, 2.30673e-05, 0.272432, 0.00156739, 1.07075e-09, 0.00199686, 2.01283e-05, 0.389149, 7.39473e-05, 8.20099e-07, 2.77661e-10, 3.27988e-12, 3.00504e-10, 7.30731e-11, 6.24101e-08, 0.33476, 0.168076, 1173, 1173, 0.0878922, 0.154512, 1.13688e-17, 0.17711, 0.0675923, 0.568795, 2.41237e-05, 0.274944, 0.00164803, 1.20601e-09, 0.00207125, 1.9571e-05, 0.381087, 7.72252e-05, 7.44721e-07, 2.59132e-10, 3.52908e-12, 3.358e-10, 8.17369e-11, 6.02712e-08, 0.340152, 0.138463, 1173, 1173, 0.0706653, 0.108824, 1.85026e-17, 0.185633, 0.0350658, 0.453924, 1.99883e-05, 0.249474, 0.00264878, 1.47272e-09, 0.00251059, 3.21981e-05, 0.389818, 0.000107787, 5.17963e-07, 2.40728e-10, 4.3153e-12, 4.02085e-10, 1.06789e-10, 8.61239e-08, 0.355408, 
0.00818462, 1.00015e+06, 1.00015e+06, 1.00015e+06, 1.00124e+06, 1.00092e+06, 0.168614, 1173, 1173, 0.0107474, 0.0257798, 1.48148e-18, 0.0279481, 0.010172, 0.0806535, 3.54039e-06, 0.27104, 0.00151184, 9.7812e-10, 0.001948, 2.04074e-05, 0.394235, 7.17312e-05, 8.74598e-07, 2.90359e-10, 3.1148e-12, 2.76568e-10, 6.72041e-11, 6.36334e-08, 0.331172, 0.168622, 1173, 1173, 0.108943, 0.252017, 1.48955e-17, 0.275086, 0.100399, 0.802059, 3.50542e-05, 0.271362, 0.00152773, 1.00397e-09, 0.00196157, 2.0353e-05, 0.392908, 7.23578e-05, 8.59273e-07, 2.86916e-10, 3.16063e-12, 2.83228e-10, 6.88402e-11, 6.33529e-08, 0.332147, 0.167889, 1173, 1173, 0.0776313, 0.163634, 1.03942e-17, 0.1814, 0.0670984, 0.545605, 2.35956e-05, 0.272431, 0.0015672, 1.07053e-09, 0.00199671, 2.01278e-05, 0.389158, 7.39401e-05, 8.20235e-07, 2.77687e-10, 3.27949e-12, 3.00449e-10, 7.3059e-11, 6.24099e-08, 0.334752, 0.168076, 1173, 1173, 0.0895774, 0.157521, 1.15864e-17, 0.180542, 0.0689042, 0.579775, 2.45902e-05, 0.274944, 0.00164781, 1.20577e-09, 0.00207109, 1.95707e-05, 0.381098, 7.7217e-05, 7.44863e-07, 2.59162e-10, 3.52859e-12, 3.35735e-10, 8.17203e-11, 6.02718e-08, 0.340142, 0.139436, 1173, 1173, 0.0816963, 0.125848, 2.13934e-17, 0.21467, 0.0405459, 0.524855, 2.31128e-05, 0.249468, 0.00264868, 1.47246e-09, 0.00251049, 3.22012e-05, 0.389833, 0.000107783, 5.18028e-07, 2.40755e-10, 4.31467e-12, 4.02015e-10, 1.06771e-10, 8.61321e-08, 0.355399, 
0.00818668, 1.00015e+06, 1.00015e+06, 1.00015e+06, 1.00124e+06, 1.00092e+06, 0.168734, 1173, 1173, 0.06422, 0.154086, 8.85245e-18, 0.167032, 0.0607963, 0.482012, 2.11587e-05, 0.27104, 0.00151169, 9.77915e-10, 0.00194789, 2.04069e-05, 0.394242, 7.17256e-05, 8.74715e-07, 2.90381e-10, 3.11443e-12, 2.76516e-10, 6.71909e-11, 6.36332e-08, 0.331165, 0.168475, 1173, 1173, 0.0699052, 0.161756, 9.55784e-18, 0.176547, 0.0644371, 0.514716, 2.24968e-05, 0.271361, 0.00152752, 1.00377e-09, 0.00196141, 2.03525e-05, 0.392918, 7.23499e-05, 8.59432e-07, 2.86946e-10, 3.16029e-12, 2.83176e-10, 6.88271e-11, 6.33528e-08, 0.332138, 0.167891, 1173, 1173, 0.0825478, 0.174044, 1.10523e-17, 0.192923, 0.0713639, 0.580232, 2.50939e-05, 0.272431, 0.00156701, 1.07032e-09, 0.00199657, 2.01272e-05, 0.389167, 7.39328e-05, 8.20374e-07, 2.77714e-10, 3.2791e-12, 3.00394e-10, 7.3045e-11, 6.24098e-08, 0.334743, 0.168076, 1173, 1173, 0.0817315, 0.143765, 1.05713e-17, 0.164761, 0.0628835, 0.529061, 2.244e-05, 0.274943, 0.0016476, 1.20552e-09, 0.00207093, 1.95703e-05, 0.381109, 7.72089e-05, 7.45002e-07, 2.59191e-10, 3.52811e-12, 3.35671e-10, 8.17038e-11, 6.02724e-08, 0.340132, 0.138455, 1173, 1173, 0.0778574, 0.119969, 2.03906e-17, 0.204639, 0.0386465, 0.50026, 2.20307e-05, 0.249462, 0.00264858, 1.4722e-09, 0.00251039, 3.22043e-05, 0.389847, 0.000107779, 5.18094e-07, 2.40782e-10, 4.31403e-12, 4.01945e-10, 1.06752e-10, 8.61404e-08, 0.355391, 
0.00818873, 1.00015e+06, 1.00015e+06, 1.00015e+06, 1.00124e+06, 1.00092e+06, 0.1687, 1173, 1173, 0.0677028, 0.162487, 9.33254e-18, 0.176123, 0.0641082, 0.508224, 2.23099e-05, 0.27104, 0.00151152, 9.77711e-10, 0.00194775, 2.04064e-05, 0.39425, 7.1719e-05, 8.74852e-07, 2.90407e-10, 3.11408e-12, 2.76464e-10, 6.71778e-11, 6.36331e-08, 0.331157, 0.168544, 1173, 1173, 0.0706468, 0.163516, 9.65912e-18, 0.178452, 0.0651355, 0.520245, 2.27392e-05, 0.271361, 0.00152734, 1.00357e-09, 0.00196127, 2.03519e-05, 0.392927, 7.2343e-05, 8.59571e-07, 2.86972e-10, 3.15993e-12, 2.83124e-10, 6.88139e-11, 6.33526e-08, 0.33213, 0.167883, 1173, 1173, 0.0716979, 0.151209, 9.59943e-18, 0.167595, 0.0619979, 0.504032, 2.1799e-05, 0.272431, 0.00156681, 1.0701e-09, 0.00199642, 2.01267e-05, 0.389176, 7.39257e-05, 8.20509e-07, 2.7774e-10, 3.27871e-12, 3.0034e-10, 7.3031e-11, 6.24097e-08, 0.334735, 0.168083, 1173, 1173, 0.0894377, 0.157366, 1.15677e-17, 0.180331, 0.0688284, 0.579019, 2.45597e-05, 0.274942, 0.00164738, 1.20527e-09, 0.00207077, 1.957e-05, 0.38112, 7.72009e-05, 7.45141e-07, 2.5922e-10, 3.52762e-12, 3.35607e-10, 8.16872e-11, 6.0273e-08, 0.340122, 0.13944, 1173, 1173, 0.135113, 0.208256, 3.53901e-17, 0.355237, 0.0670773, 0.868265, 3.82393e-05, 0.249456, 0.00264846, 1.47194e-09, 0.00251028, 3.22075e-05, 0.389863, 0.000107774, 5.18167e-07, 2.40811e-10, 4.31339e-12, 4.01873e-10, 1.06733e-10, 8.6149e-08, 0.355382, 
0.00819079, 1.00015e+06, 1.00015e+06, 1.00015e+06, 1.00124e+06, 1.00092e+06, 0.168749, 1173, 1173, 0.0693253, 0.166426, 9.55619e-18, 0.180378, 0.0656597, 0.520476, 2.28483e-05, 0.27104, 0.00151134, 9.77508e-10, 0.00194762, 2.04058e-05, 0.394259, 7.17123e-05, 8.7499e-07, 2.90433e-10, 3.11372e-12, 2.76413e-10, 6.71647e-11, 6.3633e-08, 0.331149, 0.168489, 1173, 1173, 0.0740059, 0.171338, 1.01183e-17, 0.186971, 0.0682481, 0.545054, 2.38242e-05, 0.271361, 0.00152715, 1.00336e-09, 0.00196112, 2.03514e-05, 0.392936, 7.2336e-05, 8.59713e-07, 2.86999e-10, 3.15957e-12, 2.83072e-10, 6.88006e-11, 6.33524e-08, 0.332121, 0.167886, 1173, 1173, 0.0760672, 0.160467, 1.01842e-17, 0.17784, 0.0657909, 0.534818, 2.3131e-05, 0.272431, 0.00156663, 1.06989e-09, 0.00199628, 2.01261e-05, 0.389185, 7.39186e-05, 8.20643e-07, 2.77766e-10, 3.27831e-12, 3.00285e-10, 7.30169e-11, 6.24095e-08, 0.334726, 0.168088, 1173, 1173, 0.0872252, 0.153518, 1.12812e-17, 0.175904, 0.0671411, 0.564767, 2.3956e-05, 0.274942, 0.00164716, 1.20502e-09, 0.0020706, 1.95697e-05, 0.381131, 7.71927e-05, 7.45282e-07, 2.59249e-10, 3.52714e-12, 3.35543e-10, 8.16706e-11, 6.02736e-08, 0.340112, 0.138447, 1173, 1173, 0.0794529, 0.122501, 2.08135e-17, 0.208957, 0.0394507, 0.510648, 2.24907e-05, 0.249449, 0.00264833, 1.47167e-09, 0.00251016, 3.22107e-05, 0.389879, 0.000107769, 5.1824e-07, 2.4084e-10, 4.31275e-12, 4.01801e-10, 1.06715e-10, 8.61575e-08, 0.355373, 
0.00819285, 1.00015e+06, 1.00015e+06, 1.00015e+06, 1.00124e+06, 1.00092e+06, 0.16872, 1173, 1173, 0.0752444, 0.180686, 1.03721e-17, 0.195816, 0.0712824, 0.564993, 2.48033e-05, 0.27104, 0.00151116, 9.77304e-10, 0.00194748, 2.04053e-05, 0.394268, 7.17055e-05, 8.75132e-07, 2.9046e-10, 3.11337e-12, 2.76361e-10, 6.71516e-11, 6.36329e-08, 0.331141, 0.168545, 1173, 1173, 0.0679921, 0.157458, 9.29596e-18, 0.171809, 0.0627164, 0.500828, 2.18918e-05, 0.271361, 0.00152697, 1.00316e-09, 0.00196098, 2.03508e-05, 0.392945, 7.23291e-05, 8.59853e-07, 2.87025e-10, 3.15922e-12, 2.8302e-10, 6.87874e-11, 6.33522e-08, 0.332113, 0.167901, 1173, 1173, 0.0778659, 0.164305, 1.04249e-17, 0.182078, 0.0673617, 0.547534, 2.36817e-05, 0.272431, 0.00156643, 1.06968e-09, 0.00199614, 2.01256e-05, 0.389194, 7.39115e-05, 8.20778e-07, 2.77792e-10, 3.27792e-12, 3.0023e-10, 7.30029e-11, 6.24094e-08, 0.334718, 0.168087, 1173, 1173, 0.0865065, 0.152298, 1.11879e-17, 0.174489, 0.0666033, 0.560185, 2.37624e-05, 0.274941, 0.00164695, 1.20477e-09, 0.00207044, 1.95694e-05, 0.381142, 7.71846e-05, 7.45423e-07, 2.59278e-10, 3.52665e-12, 3.35479e-10, 8.1654e-11, 6.02742e-08, 0.340102, 0.139415, 1173, 1173, 0.0793706, 0.122409, 2.07944e-17, 0.208799, 0.0394158, 0.510189, 2.24715e-05, 0.249444, 0.00264823, 1.47141e-09, 0.00251007, 3.22138e-05, 0.389893, 0.000107765, 5.18306e-07, 2.40867e-10, 4.31212e-12, 4.01731e-10, 1.06696e-10, 8.61658e-08, 0.355364, 
0.0081949, 1.00015e+06, 1.00015e+06, 1.00015e+06, 1.00124e+06, 1.00092e+06, 0.168757, 1173, 1173, 0.0705178, 0.169383, 9.72055e-18, 0.18355, 0.06682, 0.529574, 2.32491e-05, 0.271039, 0.00151098, 9.77101e-10, 0.00194734, 2.04048e-05, 0.394277, 7.16987e-05, 8.75274e-07, 2.90486e-10, 3.11302e-12, 2.76309e-10, 6.71386e-11, 6.36328e-08, 0.331132, 0.168484, 1173, 1173, 0.067557, 0.156492, 9.23635e-18, 0.17074, 0.0623292, 0.49769, 2.17552e-05, 0.271361, 0.00152679, 1.00295e-09, 0.00196085, 2.03502e-05, 0.392953, 7.23222e-05, 8.5999e-07, 2.87051e-10, 3.15886e-12, 2.82969e-10, 6.87742e-11, 6.3352e-08, 0.332105, 0.167892, 1173, 1173, 0.0760108, 0.160434, 1.01763e-17, 0.177772, 0.0657717, 0.534559, 2.31212e-05, 0.272431, 0.00156624, 1.06946e-09, 0.001996, 2.0125e-05, 0.389203, 7.39043e-05, 8.20914e-07, 2.77818e-10, 3.27753e-12, 3.00176e-10, 7.29889e-11, 6.24092e-08, 0.334709, 0.168095, 1173, 1173, 0.0878891, 0.154777, 1.13664e-17, 0.177313, 0.0676833, 0.56921, 2.4146e-05, 0.27494, 0.00164673, 1.20452e-09, 0.00207028, 1.9569e-05, 0.381153, 7.71765e-05, 7.45563e-07, 2.59307e-10, 3.52617e-12, 3.35415e-10, 8.16375e-11, 6.02748e-08, 0.340092, 0.138438, 1173, 1173, 0.082345, 0.127033, 2.15763e-17, 0.216685, 0.0408991, 0.529381, 2.3318e-05, 0.249438, 0.00264813, 1.47115e-09, 0.00250997, 3.22169e-05, 0.389908, 0.00010776, 5.18372e-07, 2.40894e-10, 4.31149e-12, 4.01661e-10, 1.06678e-10, 8.61741e-08, 0.355356, 
0.00819696, 1.00015e+06, 1.00015e+06, 1.00015e+06, 1.00124e+06, 1.00092e+06, 0.168717, 1173, 1173, 0.070423, 0.169202, 9.70745e-18, 0.183338, 0.0667456, 0.528935, 2.32217e-05, 0.271039, 0.0015108, 9.76898e-10, 0.0019472, 2.04043e-05, 0.394286, 7.16919e-05, 8.75415e-07, 2.90513e-10, 3.11267e-12, 2.76258e-10, 6.71255e-11, 6.36326e-08, 0.331124, 0.168549, 1173, 1173, 0.0665622, 0.154229, 9.10024e-18, 0.168256, 0.0614254, 0.490426, 2.14383e-05, 0.27136, 0.00152661, 1.00275e-09, 0.00196071, 2.03497e-05, 0.392962, 7.23155e-05, 8.60127e-07, 2.87077e-10, 3.1585e-12, 2.82917e-10, 6.8761e-11, 6.33517e-08, 0.332097, 0.167907, 1173, 1173, 0.0779704, 0.164615, 1.04385e-17, 0.182387, 0.0674825, 0.54841, 2.37209e-05, 0.272431, 0.00156605, 1.06925e-09, 0.00199585, 2.01245e-05, 0.389212, 7.38972e-05, 8.2105e-07, 2.77844e-10, 3.27714e-12, 3.00121e-10, 7.29749e-11, 6.24091e-08, 0.334701, 0.168096, 1173, 1173, 0.0893475, 0.157391, 1.15547e-17, 0.180291, 0.0688222, 0.578729, 2.45506e-05, 0.274939, 0.00164651, 1.20428e-09, 0.00207011, 1.95687e-05, 0.381164, 7.71683e-05, 7.45705e-07, 2.59337e-10, 3.52569e-12, 3.35351e-10, 8.16209e-11, 6.02754e-08, 0.340082, 0.139406, 1173, 1173, 0.0814144, 0.125634, 2.1335e-17, 0.214296, 0.0404431, 0.52347, 2.30587e-05, 0.249432, 0.00264802, 1.4709e-09, 0.00250987, 3.222e-05, 0.389922, 0.000107756, 5.18438e-07, 2.40921e-10, 4.31085e-12, 4.0159e-10, 1.06659e-10, 8.61825e-08, 0.355348, 
0.00819901, 1.00015e+06, 1.00015e+06, 1.00015e+06, 1.00124e+06, 1.00092e+06, 0.168759, 1173, 1173, 0.0686399, 0.164963, 9.4616e-18, 0.178729, 0.0650706, 0.515613, 2.26375e-05, 0.271039, 0.00151063, 9.76694e-10, 0.00194707, 2.04038e-05, 0.394295, 7.16852e-05, 8.75554e-07, 2.90539e-10, 3.11232e-12, 2.76206e-10, 6.71124e-11, 6.36325e-08, 0.331116, 0.168489, 1173, 1173, 0.0673308, 0.156052, 9.20521e-18, 0.17023, 0.0621488, 0.496156, 2.16893e-05, 0.27136, 0.00152643, 1.00255e-09, 0.00196057, 2.03491e-05, 0.392971, 7.23087e-05, 8.60264e-07, 2.87103e-10, 3.15814e-12, 2.82865e-10, 6.87478e-11, 6.33515e-08, 0.332089, 0.167893, 1173, 1173, 0.0736077, 0.155445, 9.85425e-18, 0.172212, 0.0637209, 0.517791, 2.23972e-05, 0.272431, 0.00156586, 1.06903e-09, 0.00199571, 2.01239e-05, 0.389221, 7.38901e-05, 8.21184e-07, 2.7787e-10, 3.27675e-12, 3.00067e-10, 7.29609e-11, 6.24089e-08, 0.334692, 0.168102, 1173, 1173, 0.0883247, 0.155635, 1.14221e-17, 0.178262, 0.06805, 0.572176, 2.42735e-05, 0.274939, 0.00164629, 1.20403e-09, 0.00206995, 1.95684e-05, 0.381176, 7.71601e-05, 7.45847e-07, 2.59366e-10, 3.52521e-12, 3.35287e-10, 8.16044e-11, 6.0276e-08, 0.340072, 0.138429, 1173, 1173, 0.0846394, 0.130648, 2.21828e-17, 0.222848, 0.0420515, 0.54428, 2.39765e-05, 0.249426, 0.00264792, 1.47064e-09, 0.00250977, 3.22231e-05, 0.389937, 0.000107752, 5.18505e-07, 2.40948e-10, 4.31022e-12, 4.0152e-10, 1.06641e-10, 8.61908e-08, 0.355339, 
0.00820107, 1.00015e+06, 1.00015e+06, 1.00015e+06, 1.00124e+06, 1.00092e+06, 0.168721, 1173, 1173, 0.0696547, 0.167448, 9.60145e-18, 0.181405, 0.0660479, 0.523309, 2.2976e-05, 0.271038, 0.00151045, 9.76491e-10, 0.00194693, 2.04032e-05, 0.394303, 7.16786e-05, 8.75693e-07, 2.90565e-10, 3.11197e-12, 2.76155e-10, 6.70994e-11, 6.36324e-08, 0.331108, 0.16856, 1173, 1173, 0.0695414, 0.161219, 9.50733e-18, 0.175851, 0.0642039, 0.512514, 2.24051e-05, 0.27136, 0.00152625, 1.00234e-09, 0.00196044, 2.03486e-05, 0.392979, 7.23018e-05, 8.60402e-07, 2.87129e-10, 3.15778e-12, 2.82813e-10, 6.87346e-11, 6.33513e-08, 0.33208, 0.167907, 1173, 1173, 0.0741734, 0.156682, 9.92982e-18, 0.173567, 0.0642251, 0.521839, 2.25728e-05, 0.272431, 0.00156568, 1.06882e-09, 0.00199557, 2.01234e-05, 0.389229, 7.38831e-05, 8.21317e-07, 2.77896e-10, 3.27635e-12, 3.00012e-10, 7.29469e-11, 6.24088e-08, 0.334684, 0.168101, 1173, 1173, 0.087887, 0.154909, 1.13651e-17, 0.177414, 0.0677283, 0.569413, 2.4157e-05, 0.274938, 0.00164607, 1.20378e-09, 0.00206979, 1.95681e-05, 0.381187, 7.71519e-05, 7.45988e-07, 2.59395e-10, 3.52472e-12, 3.35223e-10, 8.15878e-11, 6.02766e-08, 0.340062, 0.139397, 1173, 1173, 0.0822494, 0.126996, 2.1559e-17, 0.216616, 0.0408703, 0.528983, 2.33038e-05, 0.24942, 0.00264781, 1.47038e-09, 0.00250966, 3.22263e-05, 0.389952, 0.000107747, 5.18572e-07, 2.40975e-10, 4.30959e-12, 4.0145e-10, 1.06622e-10, 8.61991e-08, 0.355331, 
0.00820313, 1.00015e+06, 1.00015e+06, 1.00015e+06, 1.00124e+06, 1.00092e+06, 0.168765, 1173, 1173, 0.068787, 0.165407, 9.48177e-18, 0.179179, 0.0652401, 0.516861, 2.26936e-05, 0.271038, 0.00151027, 9.76288e-10, 0.0019468, 2.04027e-05, 0.394312, 7.16719e-05, 8.75833e-07, 2.90592e-10, 3.11162e-12, 2.76103e-10, 6.70863e-11, 6.36323e-08, 0.3311, 0.168497, 1173, 1173, 0.0683404, 0.158478, 9.34302e-18, 0.172845, 0.0631093, 0.50373, 2.20217e-05, 0.27136, 0.00152607, 1.00214e-09, 0.0019603, 2.0348e-05, 0.392988, 7.2295e-05, 8.60541e-07, 2.87155e-10, 3.15742e-12, 2.82761e-10, 6.87214e-11, 6.33511e-08, 0.332072, 0.167902, 1173, 1173, 0.0749391, 0.158342, 1.00321e-17, 0.175389, 0.0649026, 0.527294, 2.28094e-05, 0.272431, 0.00156549, 1.06861e-09, 0.00199543, 2.01228e-05, 0.389238, 7.38761e-05, 8.21451e-07, 2.77922e-10, 3.27596e-12, 2.99958e-10, 7.29329e-11, 6.24086e-08, 0.334675, 0.168107, 1173, 1173, 0.0866737, 0.152815, 1.12079e-17, 0.174999, 0.0668087, 0.561623, 2.38274e-05, 0.274937, 0.00164585, 1.20353e-09, 0.00206962, 1.95677e-05, 0.381198, 7.71438e-05, 7.46129e-07, 2.59425e-10, 3.52424e-12, 3.35159e-10, 8.15713e-11, 6.02772e-08, 0.340052, 0.138419, 1173, 1173, 0.0829406, 0.1281, 2.17428e-17, 0.218498, 0.0412201, 0.533501, 2.3504e-05, 0.249414, 0.00264771, 1.47012e-09, 0.00250956, 3.22294e-05, 0.389966, 0.000107743, 5.18638e-07, 2.41002e-10, 4.30896e-12, 4.01379e-10, 1.06604e-10, 8.62075e-08, 0.355322, 
0.00820518, 1.00015e+06, 1.00015e+06, 1.00015e+06, 1.00124e+06, 1.00092e+06, 0.168726, 1173, 1173, 0.0688713, 0.165656, 9.4933e-18, 0.179432, 0.0653351, 0.517566, 2.27251e-05, 0.271038, 0.0015101, 9.76085e-10, 0.00194666, 2.04022e-05, 0.394321, 7.16652e-05, 8.75971e-07, 2.90618e-10, 3.11127e-12, 2.76052e-10, 6.70733e-11, 6.36322e-08, 0.331092, 0.168565, 1173, 1173, 0.0686207, 0.159171, 9.38123e-18, 0.173586, 0.0633826, 0.505863, 2.21156e-05, 0.27136, 0.00152588, 1.00193e-09, 0.00196016, 2.03474e-05, 0.392997, 7.22881e-05, 8.60679e-07, 2.87181e-10, 3.15706e-12, 2.82709e-10, 6.87082e-11, 6.33509e-08, 0.332064, 0.167916, 1173, 1173, 0.0756914, 0.159974, 1.01327e-17, 0.177181, 0.0655689, 0.532656, 2.3042e-05, 0.272431, 0.0015653, 1.06839e-09, 0.00199529, 2.01223e-05, 0.389247, 7.3869e-05, 8.21585e-07, 2.77948e-10, 3.27557e-12, 2.99903e-10, 7.2919e-11, 6.24085e-08, 0.334667, 0.168105, 1173, 1173, 0.0852979, 0.150433, 1.10297e-17, 0.172255, 0.0657633, 0.552779, 2.34529e-05, 0.274936, 0.00164564, 1.20329e-09, 0.00206946, 1.95674e-05, 0.381209, 7.71357e-05, 7.46269e-07, 2.59454e-10, 3.52376e-12, 3.35095e-10, 8.15548e-11, 6.02778e-08, 0.340042, 0.139388, 1173, 1173, 0.083281, 0.128663, 2.18347e-17, 0.219457, 0.0413956, 0.535764, 2.36048e-05, 0.249408, 0.0026476, 1.46986e-09, 0.00250946, 3.22325e-05, 0.389981, 0.000107739, 5.18705e-07, 2.41029e-10, 4.30832e-12, 4.01309e-10, 1.06586e-10, 8.62158e-08, 0.355314, 
0.00820724, 1.00015e+06, 1.00015e+06, 1.00015e+06, 1.00124e+06, 1.00092e+06, 0.168771, 1173, 1173, 0.0684639, 0.164721, 9.43705e-18, 0.178404, 0.0649636, 0.514576, 2.25945e-05, 0.271038, 0.00150992, 9.75882e-10, 0.00194653, 2.04017e-05, 0.394329, 7.16586e-05, 8.7611e-07, 2.90644e-10, 3.11092e-12, 2.76e-10, 6.70602e-11, 6.3632e-08, 0.331084, 0.168504, 1173, 1173, 0.0686073, 0.159183, 9.37931e-18, 0.173583, 0.0633846, 0.505831, 2.21148e-05, 0.27136, 0.0015257, 1.00173e-09, 0.00196002, 2.03469e-05, 0.393005, 7.22813e-05, 8.60817e-07, 2.87207e-10, 3.15671e-12, 2.82657e-10, 6.8695e-11, 6.33507e-08, 0.332056, 0.167911, 1173, 1173, 0.0764027, 0.161521, 1.02277e-17, 0.178878, 0.0662, 0.537731, 2.32621e-05, 0.272431, 0.00156511, 1.06818e-09, 0.00199515, 2.01217e-05, 0.389256, 7.38619e-05, 8.2172e-07, 2.77973e-10, 3.27518e-12, 2.99849e-10, 7.2905e-11, 6.24083e-08, 0.334658, 0.168111, 1173, 1173, 0.0840736, 0.148317, 1.08709e-17, 0.169815, 0.0648342, 0.544914, 2.31199e-05, 0.274936, 0.00164542, 1.20304e-09, 0.0020693, 1.95671e-05, 0.38122, 7.71277e-05, 7.46407e-07, 2.59483e-10, 3.52328e-12, 3.35032e-10, 8.15382e-11, 6.02784e-08, 0.340032, 0.13841, 1173, 1173, 0.0831157, 0.128445, 2.1794e-17, 0.219082, 0.0413197, 0.534774, 2.35623e-05, 0.249402, 0.0026475, 1.4696e-09, 0.00250936, 3.22356e-05, 0.389996, 0.000107735, 5.18771e-07, 2.41056e-10, 4.30769e-12, 4.01239e-10, 1.06567e-10, 8.62241e-08, 0.355305, 
0.00820929, 1.00015e+06, 1.00015e+06, 1.00015e+06, 1.00124e+06, 1.00092e+06, 0.168731, 1173, 1173, 0.0683971, 0.164605, 9.42791e-18, 0.178263, 0.0649152, 0.514145, 2.25761e-05, 0.271037, 0.00150975, 9.75679e-10, 0.00194639, 2.04012e-05, 0.394338, 7.16519e-05, 8.76249e-07, 2.9067e-10, 3.11057e-12, 2.75949e-10, 6.70472e-11, 6.36319e-08, 0.331075, 0.168571, 1173, 1173, 0.0687852, 0.159639, 9.40355e-18, 0.174065, 0.0635634, 0.507211, 2.21757e-05, 0.27136, 0.00152552, 1.00153e-09, 0.00195988, 2.03463e-05, 0.393014, 7.22745e-05, 8.60956e-07, 2.87233e-10, 3.15635e-12, 2.82606e-10, 6.86819e-11, 6.33505e-08, 0.332048, 0.167923, 1173, 1173, 0.076544, 0.161863, 1.02464e-17, 0.179241, 0.0663372, 0.538795, 2.33088e-05, 0.27243, 0.00156492, 1.06797e-09, 0.00199501, 2.01212e-05, 0.389265, 7.38548e-05, 8.21854e-07, 2.77999e-10, 3.27479e-12, 2.99794e-10, 7.2891e-11, 6.24082e-08, 0.33465, 0.168111, 1173, 1173, 0.084468, 0.149056, 1.09216e-17, 0.170645, 0.0651534, 0.547541, 2.32321e-05, 0.274935, 0.00164521, 1.20279e-09, 0.00206914, 1.95668e-05, 0.381231, 7.71197e-05, 7.46546e-07, 2.59511e-10, 3.52279e-12, 3.34968e-10, 8.15217e-11, 6.0279e-08, 0.340023, 0.139379, 1173, 1173, 0.0830449, 0.128373, 2.17781e-17, 0.218958, 0.0412909, 0.534392, 2.35466e-05, 0.249396, 0.00264739, 1.46934e-09, 0.00250926, 3.22387e-05, 0.39001, 0.00010773, 5.18838e-07, 2.41083e-10, 4.30706e-12, 4.01168e-10, 1.06549e-10, 8.62324e-08, 0.355297, 
0.00821135, 1.00015e+06, 1.00015e+06, 1.00015e+06, 1.00124e+06, 1.00092e+06, 0.168777, 1173, 1173, 0.0685106, 0.164924, 9.44363e-18, 0.178593, 0.0650379, 0.51507, 2.26174e-05, 0.271037, 0.00150957, 9.75477e-10, 0.00194626, 2.04006e-05, 0.394347, 7.16453e-05, 8.76387e-07, 2.90696e-10, 3.11021e-12, 2.75897e-10, 6.70342e-11, 6.36318e-08, 0.331067, 0.168511, 1173, 1173, 0.0689281, 0.160013, 9.423e-18, 0.174458, 0.0637099, 0.508332, 2.22254e-05, 0.271359, 0.00152534, 1.00132e-09, 0.00195974, 2.03458e-05, 0.393023, 7.22676e-05, 8.61094e-07, 2.87259e-10, 3.15599e-12, 2.82554e-10, 6.86687e-11, 6.33503e-08, 0.332039, 0.167917, 1173, 1173, 0.0765995, 0.162024, 1.02537e-17, 0.179403, 0.0664003, 0.539255, 2.33293e-05, 0.27243, 0.00156473, 1.06775e-09, 0.00199487, 2.01206e-05, 0.389274, 7.38477e-05, 8.21989e-07, 2.78025e-10, 3.2744e-12, 2.9974e-10, 7.2877e-11, 6.24081e-08, 0.334642, 0.168118, 1173, 1173, 0.0848784, 0.149824, 1.09744e-17, 0.171508, 0.0654849, 0.550272, 2.33487e-05, 0.274934, 0.001645, 1.20254e-09, 0.00206898, 1.95664e-05, 0.381242, 7.71117e-05, 7.46684e-07, 2.5954e-10, 3.52231e-12, 3.34904e-10, 8.15052e-11, 6.02796e-08, 0.340013, 0.1384, 1173, 1173, 0.0830912, 0.128481, 2.17929e-17, 0.219141, 0.0413201, 0.534762, 2.35641e-05, 0.24939, 0.00264729, 1.46908e-09, 0.00250916, 3.22419e-05, 0.390025, 0.000107726, 5.18904e-07, 2.41111e-10, 4.30643e-12, 4.01098e-10, 1.0653e-10, 8.62408e-08, 0.355288, 
0.0082134, 1.00015e+06, 1.00015e+06, 1.00015e+06, 1.00124e+06, 1.00092e+06, 0.168737, 1173, 1173, 0.0685644, 0.165099, 9.45111e-18, 0.178766, 0.065104, 0.515546, 2.26389e-05, 0.271037, 0.0015094, 9.75274e-10, 0.00194612, 2.04001e-05, 0.394355, 7.16386e-05, 8.76526e-07, 2.90722e-10, 3.10986e-12, 2.75846e-10, 6.70211e-11, 6.36317e-08, 0.331059, 0.168577, 1173, 1173, 0.069008, 0.160242, 9.43385e-18, 0.174692, 0.0637983, 0.508989, 2.22548e-05, 0.271359, 0.00152516, 1.00112e-09, 0.00195961, 2.03452e-05, 0.393031, 7.22607e-05, 8.61233e-07, 2.87286e-10, 3.15564e-12, 2.82502e-10, 6.86555e-11, 6.33501e-08, 0.332031, 0.167929, 1173, 1173, 0.0764652, 0.161783, 1.02356e-17, 0.17912, 0.0662987, 0.538379, 2.32921e-05, 0.27243, 0.00156454, 1.06754e-09, 0.00199473, 2.01201e-05, 0.389282, 7.38406e-05, 8.22124e-07, 2.78051e-10, 3.27401e-12, 2.99685e-10, 7.28631e-11, 6.24079e-08, 0.334633, 0.168118, 1173, 1173, 0.0851123, 0.15028, 1.10044e-17, 0.172014, 0.0656805, 0.551859, 2.34168e-05, 0.274934, 0.00164478, 1.2023e-09, 0.00206882, 1.95661e-05, 0.381253, 7.71037e-05, 7.46823e-07, 2.59569e-10, 3.52183e-12, 3.3484e-10, 8.14887e-11, 6.02802e-08, 0.340003, 0.139369, 1173, 1173, 0.0834129, 0.129016, 2.18799e-17, 0.220052, 0.0414865, 0.536906, 2.36597e-05, 0.249384, 0.00264718, 1.46882e-09, 0.00250906, 3.2245e-05, 0.390039, 0.000107722, 5.18971e-07, 2.41138e-10, 4.3058e-12, 4.01028e-10, 1.06512e-10, 8.62491e-08, 0.35528, 
0.00821546, 1.00015e+06, 1.00015e+06, 1.00015e+06, 1.00124e+06, 1.00092e+06, 0.168783, 1173, 1173, 0.0685746, 0.165168, 9.45257e-18, 0.178826, 0.0651287, 0.515694, 2.2646e-05, 0.271037, 0.00150922, 9.75071e-10, 0.00194599, 2.03996e-05, 0.394364, 7.1632e-05, 8.76664e-07, 2.90748e-10, 3.10951e-12, 2.75794e-10, 6.70081e-11, 6.36315e-08, 0.331051, 0.168517, 1173, 1173, 0.0692459, 0.160838, 9.46629e-18, 0.175326, 0.0640327, 0.510811, 2.23351e-05, 0.271359, 0.00152498, 1.00091e-09, 0.00195947, 2.03447e-05, 0.39304, 7.22539e-05, 8.61372e-07, 2.87312e-10, 3.15528e-12, 2.82451e-10, 6.86424e-11, 6.33499e-08, 0.332023, 0.167925, 1173, 1173, 0.0771706, 0.163319, 1.03298e-17, 0.180804, 0.0669253, 0.543415, 2.35106e-05, 0.27243, 0.00156435, 1.06733e-09, 0.00199458, 2.01195e-05, 0.389291, 7.38335e-05, 8.22259e-07, 2.78077e-10, 3.27362e-12, 2.99631e-10, 7.28491e-11, 6.24078e-08, 0.334625, 0.168125, 1173, 1173, 0.0851138, 0.150327, 1.10043e-17, 0.172051, 0.0656968, 0.55194, 2.34209e-05, 0.274933, 0.00164457, 1.20205e-09, 0.00206866, 1.95658e-05, 0.381263, 7.70957e-05, 7.46962e-07, 2.59598e-10, 3.52135e-12, 3.34776e-10, 8.14722e-11, 6.02808e-08, 0.339993, 0.138391, 1173, 1173, 0.0830282, 0.128458, 2.17816e-17, 0.219098, 0.0413014, 0.534503, 2.35549e-05, 0.249378, 0.00264708, 1.46856e-09, 0.00250896, 3.22481e-05, 0.390054, 0.000107717, 5.19037e-07, 2.41165e-10, 4.30517e-12, 4.00958e-10, 1.06493e-10, 8.62574e-08, 0.355272, 
0.00821752, 1.00015e+06, 1.00015e+06, 1.00015e+06, 1.00124e+06, 1.00092e+06, 0.168743, 1173, 1173, 0.0684498, 0.164913, 9.43541e-18, 0.178534, 0.0650251, 0.514827, 2.26085e-05, 0.271036, 0.00150904, 9.74869e-10, 0.00194585, 2.03991e-05, 0.394373, 7.16254e-05, 8.76802e-07, 2.90774e-10, 3.10916e-12, 2.75743e-10, 6.69951e-11, 6.36314e-08, 0.331043, 0.168583, 1173, 1173, 0.0687764, 0.159791, 9.40203e-18, 0.174169, 0.063613, 0.507415, 2.21872e-05, 0.271359, 0.00152479, 1.00071e-09, 0.00195933, 2.03441e-05, 0.393049, 7.2247e-05, 8.61511e-07, 2.87338e-10, 3.15492e-12, 2.82399e-10, 6.86292e-11, 6.33497e-08, 0.332015, 0.167936, 1173, 1173, 0.0766685, 0.1623, 1.02625e-17, 0.17966, 0.0665048, 0.539949, 2.33613e-05, 0.27243, 0.00156416, 1.06711e-09, 0.00199444, 2.0119e-05, 0.3893, 7.38264e-05, 8.22394e-07, 2.78103e-10, 3.27323e-12, 2.99576e-10, 7.28352e-11, 6.24076e-08, 0.334616, 0.168125, 1173, 1173, 0.0858791, 0.151722, 1.1103e-17, 0.173632, 0.0663026, 0.556974, 2.36353e-05, 0.274932, 0.00164435, 1.2018e-09, 0.0020685, 1.95655e-05, 0.381274, 7.70877e-05, 7.47101e-07, 2.59627e-10, 3.52086e-12, 3.34712e-10, 8.14557e-11, 6.02814e-08, 0.339983, 0.13936, 1173, 1173, 0.082579, 0.1278, 2.16664e-17, 0.217974, 0.0410842, 0.531684, 2.34318e-05, 0.249372, 0.00264697, 1.4683e-09, 0.00250886, 3.22512e-05, 0.390069, 0.000107713, 5.19103e-07, 2.41192e-10, 4.30454e-12, 4.00888e-10, 1.06475e-10, 8.62658e-08, 0.355263, 
0.00821957, 1.00015e+06, 1.00015e+06, 1.00015e+06, 1.00124e+06, 1.00092e+06, 0.16879, 1173, 1173, 0.0689652, 0.1662, 9.50648e-18, 0.179912, 0.0655298, 0.518776, 2.27826e-05, 0.271036, 0.00150887, 9.74666e-10, 0.00194572, 2.03986e-05, 0.394381, 7.16187e-05, 8.76941e-07, 2.90801e-10, 3.10881e-12, 2.75691e-10, 6.69821e-11, 6.36313e-08, 0.331035, 0.168522, 1173, 1173, 0.0687764, 0.159834, 9.40194e-18, 0.1742, 0.0636274, 0.507482, 2.21908e-05, 0.271359, 0.00152461, 1.00051e-09, 0.00195919, 2.03436e-05, 0.393058, 7.22402e-05, 8.6165e-07, 2.87364e-10, 3.15457e-12, 2.82347e-10, 6.86161e-11, 6.33495e-08, 0.332006, 0.167929, 1173, 1173, 0.0762615, 0.161482, 1.02078e-17, 0.178738, 0.0661666, 0.537151, 2.32409e-05, 0.27243, 0.00156397, 1.0669e-09, 0.0019943, 2.01184e-05, 0.389309, 7.38194e-05, 8.22529e-07, 2.78129e-10, 3.27284e-12, 2.99522e-10, 7.28212e-11, 6.24075e-08, 0.334608, 0.168132, 1173, 1173, 0.0858631, 0.151738, 1.11006e-17, 0.173634, 0.0663055, 0.556942, 2.36346e-05, 0.274931, 0.00164414, 1.20156e-09, 0.00206834, 1.95652e-05, 0.381285, 7.70797e-05, 7.4724e-07, 2.59656e-10, 3.52038e-12, 3.34649e-10, 8.14393e-11, 6.0282e-08, 0.339973, 0.138381, 1173, 1173, 0.0829423, 0.128399, 2.17644e-17, 0.218994, 0.0412712, 0.534096, 2.35392e-05, 0.249366, 0.00264687, 1.46804e-09, 0.00250877, 3.22543e-05, 0.390083, 0.000107709, 5.19169e-07, 2.41219e-10, 4.30391e-12, 4.00817e-10, 1.06457e-10, 8.62741e-08, 0.355255, 
0.00822163, 1.00015e+06, 1.00015e+06, 1.00015e+06, 1.00124e+06, 1.00092e+06, 0.16875, 1173, 1173, 0.0687571, 0.165744, 9.47783e-18, 0.179403, 0.0653472, 0.517282, 2.27176e-05, 0.271036, 0.00150869, 9.74464e-10, 0.00194558, 2.03981e-05, 0.39439, 7.16121e-05, 8.7708e-07, 2.90827e-10, 3.10846e-12, 2.7564e-10, 6.69691e-11, 6.36312e-08, 0.331027, 0.168588, 1173, 1173, 0.0680654, 0.158224, 9.30466e-18, 0.17243, 0.0629839, 0.502302, 2.1965e-05, 0.271359, 0.00152443, 1.0003e-09, 0.00195905, 2.0343e-05, 0.393066, 7.22333e-05, 8.61788e-07, 2.8739e-10, 3.15421e-12, 2.82296e-10, 6.86029e-11, 6.33493e-08, 0.331998, 0.167941, 1173, 1173, 0.075923, 0.160808, 1.01623e-17, 0.177976, 0.0658877, 0.534837, 2.31414e-05, 0.27243, 0.00156379, 1.06669e-09, 0.00199416, 2.01179e-05, 0.389318, 7.38123e-05, 8.22663e-07, 2.78155e-10, 3.27245e-12, 2.99468e-10, 7.28073e-11, 6.24073e-08, 0.334599, 0.168132, 1173, 1173, 0.0862687, 0.1525, 1.11528e-17, 0.174488, 0.0666341, 0.559644, 2.37501e-05, 0.274931, 0.00164392, 1.20131e-09, 0.00206818, 1.95648e-05, 0.381296, 7.70717e-05, 7.4738e-07, 2.59685e-10, 3.5199e-12, 3.34585e-10, 8.14228e-11, 6.02826e-08, 0.339963, 0.13935, 1173, 1173, 0.0825058, 0.12776, 2.16525e-17, 0.217903, 0.0410603, 0.531358, 2.34197e-05, 0.24936, 0.00264677, 1.46778e-09, 0.00250867, 3.22575e-05, 0.390098, 0.000107705, 5.19236e-07, 2.41246e-10, 4.30328e-12, 4.00747e-10, 1.06438e-10, 8.62824e-08, 0.355246, 
0.00822368, 1.00015e+06, 1.00015e+06, 1.00015e+06, 1.00124e+06, 1.00092e+06, 0.168795, 1173, 1173, 0.0686598, 0.165555, 9.46443e-18, 0.179182, 0.0652696, 0.516621, 2.26892e-05, 0.271036, 0.00150852, 9.74261e-10, 0.00194545, 2.03975e-05, 0.394399, 7.16054e-05, 8.77218e-07, 2.90853e-10, 3.10811e-12, 2.75589e-10, 6.69561e-11, 6.3631e-08, 0.331019, 0.168527, 1173, 1173, 0.0680968, 0.15834, 9.30887e-18, 0.172541, 0.0630272, 0.502601, 2.19786e-05, 0.271358, 0.00152425, 1.0001e-09, 0.00195891, 2.03425e-05, 0.393075, 7.22265e-05, 8.61927e-07, 2.87416e-10, 3.15386e-12, 2.82244e-10, 6.85898e-11, 6.33491e-08, 0.33199, 0.167935, 1173, 1173, 0.0759163, 0.160837, 1.01613e-17, 0.177992, 0.0658967, 0.534858, 2.31429e-05, 0.27243, 0.0015636, 1.06648e-09, 0.00199402, 2.01173e-05, 0.389327, 7.38053e-05, 8.22797e-07, 2.78181e-10, 3.27206e-12, 2.99413e-10, 7.27933e-11, 6.24071e-08, 0.334591, 0.16814, 1173, 1173, 0.0869975, 0.153832, 1.12467e-17, 0.175997, 0.0672123, 0.564444, 2.39545e-05, 0.27493, 0.00164371, 1.20106e-09, 0.00206802, 1.95645e-05, 0.381307, 7.70636e-05, 7.4752e-07, 2.59714e-10, 3.51942e-12, 3.34521e-10, 8.14063e-11, 6.02832e-08, 0.339953, 0.138372, 1173, 1173, 0.0825861, 0.127922, 2.16762e-17, 0.218176, 0.0411065, 0.531948, 2.34468e-05, 0.249354, 0.00264666, 1.46752e-09, 0.00250857, 3.22606e-05, 0.390112, 0.0001077, 5.19302e-07, 2.41273e-10, 4.30265e-12, 4.00677e-10, 1.0642e-10, 8.62907e-08, 0.355238, 
0.00822574, 1.00015e+06, 1.00015e+06, 1.00015e+06, 1.00124e+06, 1.00092e+06, 0.168755, 1173, 1173, 0.0685188, 0.16526, 9.44501e-18, 0.178848, 0.0651506, 0.515631, 2.26463e-05, 0.271035, 0.00150834, 9.74059e-10, 0.00194531, 2.0397e-05, 0.394407, 7.15988e-05, 8.77357e-07, 2.90879e-10, 3.10776e-12, 2.75537e-10, 6.69431e-11, 6.36309e-08, 0.331011, 0.168594, 1173, 1173, 0.0679741, 0.158097, 9.29201e-18, 0.172261, 0.0629279, 0.501762, 2.19426e-05, 0.271358, 0.00152407, 9.99898e-10, 0.00195878, 2.03419e-05, 0.393084, 7.22197e-05, 8.62065e-07, 2.87442e-10, 3.1535e-12, 2.82192e-10, 6.85767e-11, 6.33489e-08, 0.331982, 0.167946, 1173, 1173, 0.0756862, 0.160392, 1.01303e-17, 0.177484, 0.0657116, 0.533306, 2.30764e-05, 0.27243, 0.00156341, 1.06626e-09, 0.00199388, 2.01168e-05, 0.389336, 7.37982e-05, 8.22931e-07, 2.78207e-10, 3.27167e-12, 2.99359e-10, 7.27794e-11, 6.2407e-08, 0.334582, 0.168138, 1173, 1173, 0.0863201, 0.152679, 1.11589e-17, 0.174661, 0.0667043, 0.56012, 2.37718e-05, 0.274929, 0.00164349, 1.20081e-09, 0.00206786, 1.95642e-05, 0.381318, 7.70556e-05, 7.47659e-07, 2.59743e-10, 3.51894e-12, 3.34457e-10, 8.13898e-11, 6.02838e-08, 0.339944, 0.139341, 1173, 1173, 0.0828324, 0.12834, 2.17435e-17, 0.218888, 0.0412354, 0.533607, 2.35211e-05, 0.249348, 0.00264656, 1.46727e-09, 0.00250847, 3.22637e-05, 0.390127, 0.000107696, 5.19368e-07, 2.413e-10, 4.30202e-12, 4.00607e-10, 1.06402e-10, 8.6299e-08, 0.355229, 
0.0082278, 1.00015e+06, 1.00015e+06, 1.00015e+06, 1.00124e+06, 1.00092e+06, 0.168801, 1173, 1173, 0.0684962, 0.165251, 9.44192e-18, 0.178822, 0.0651441, 0.515533, 2.26426e-05, 0.271035, 0.00150817, 9.73857e-10, 0.00194518, 2.03965e-05, 0.394416, 7.15922e-05, 8.77495e-07, 2.90905e-10, 3.10741e-12, 2.75486e-10, 6.69301e-11, 6.36308e-08, 0.331003, 0.168533, 1173, 1173, 0.0679257, 0.158028, 9.28532e-18, 0.17217, 0.0628974, 0.501472, 2.19305e-05, 0.271358, 0.00152389, 9.99695e-10, 0.00195864, 2.03414e-05, 0.393092, 7.22129e-05, 8.62203e-07, 2.87468e-10, 3.15315e-12, 2.82141e-10, 6.85635e-11, 6.33487e-08, 0.331974, 0.167939, 1173, 1173, 0.075165, 0.15933, 1.00604e-17, 0.176293, 0.0652738, 0.529702, 2.2921e-05, 0.27243, 0.00156322, 1.06605e-09, 0.00199374, 2.01162e-05, 0.389344, 7.37912e-05, 8.23065e-07, 2.78232e-10, 3.27128e-12, 2.99305e-10, 7.27655e-11, 6.24068e-08, 0.334574, 0.168146, 1173, 1173, 0.0869801, 0.153891, 1.12439e-17, 0.176031, 0.0672297, 0.564475, 2.39574e-05, 0.274929, 0.00164328, 1.20057e-09, 0.0020677, 1.95639e-05, 0.381329, 7.70475e-05, 7.47799e-07, 2.59772e-10, 3.51846e-12, 3.34394e-10, 8.13734e-11, 6.02844e-08, 0.339934, 0.138363, 1173, 1173, 0.082825, 0.128366, 2.17442e-17, 0.21893, 0.041238, 0.533633, 2.35233e-05, 0.249342, 0.00264646, 1.46701e-09, 0.00250837, 3.22668e-05, 0.390141, 0.000107692, 5.19434e-07, 2.41327e-10, 4.30139e-12, 4.00537e-10, 1.06383e-10, 8.63074e-08, 0.355221, 
0.00822985, 1.00015e+06, 1.00015e+06, 1.00015e+06, 1.00124e+06, 1.00092e+06, 0.16876, 1173, 1173, 0.0681662, 0.1645, 9.39643e-18, 0.177994, 0.0648451, 0.51312, 2.25372e-05, 0.271035, 0.00150799, 9.73655e-10, 0.00194504, 2.0396e-05, 0.394424, 7.15856e-05, 8.77633e-07, 2.90931e-10, 3.10706e-12, 2.75435e-10, 6.69172e-11, 6.36307e-08, 0.330995, 0.1686, 1173, 1173, 0.0678286, 0.157844, 9.27196e-18, 0.171955, 0.0628217, 0.500821, 2.19027e-05, 0.271358, 0.00152371, 9.99492e-10, 0.0019585, 2.03408e-05, 0.393101, 7.22061e-05, 8.62341e-07, 2.87495e-10, 3.15279e-12, 2.82089e-10, 6.85504e-11, 6.33485e-08, 0.331965, 0.167953, 1173, 1173, 0.0761076, 0.161371, 1.01864e-17, 0.178535, 0.0661072, 0.536414, 2.32121e-05, 0.27243, 0.00156303, 1.06584e-09, 0.0019936, 2.01157e-05, 0.389353, 7.37842e-05, 8.23199e-07, 2.78258e-10, 3.27089e-12, 2.9925e-10, 7.27516e-11, 6.24067e-08, 0.334566, 0.168143, 1173, 1173, 0.0850089, 0.150447, 1.09888e-17, 0.172075, 0.0657212, 0.551753, 2.34182e-05, 0.274928, 0.00164306, 1.20032e-09, 0.00206754, 1.95635e-05, 0.38134, 7.70395e-05, 7.47938e-07, 2.59801e-10, 3.51798e-12, 3.3433e-10, 8.1357e-11, 6.0285e-08, 0.339924, 0.139332, 1173, 1173, 0.0847396, 0.131371, 2.22495e-17, 0.224054, 0.0421977, 0.546043, 2.40715e-05, 0.249336, 0.00264635, 1.46675e-09, 0.00250827, 3.22699e-05, 0.390156, 0.000107688, 5.195e-07, 2.41354e-10, 4.30076e-12, 4.00467e-10, 1.06365e-10, 8.63157e-08, 0.355213, 
0.00823191, 1.00015e+06, 1.00015e+06, 1.00015e+06, 1.00124e+06, 1.00092e+06, 0.168807, 1173, 1173, 0.0684048, 0.165121, 9.42935e-18, 0.17865, 0.0650871, 0.514988, 2.26199e-05, 0.271035, 0.00150782, 9.73453e-10, 0.00194491, 2.03955e-05, 0.394433, 7.1579e-05, 8.77772e-07, 2.90957e-10, 3.10672e-12, 2.75384e-10, 6.69042e-11, 6.36305e-08, 0.330987, 0.168539, 1173, 1173, 0.067741, 0.157683, 9.2599e-18, 0.171764, 0.0627548, 0.500241, 2.18779e-05, 0.271358, 0.00152353, 9.99289e-10, 0.00195836, 2.03402e-05, 0.39311, 7.21993e-05, 8.6248e-07, 2.87521e-10, 3.15244e-12, 2.82038e-10, 6.85373e-11, 6.33483e-08, 0.331957, 0.167946, 1173, 1173, 0.075628, 0.160397, 1.01221e-17, 0.177441, 0.0657053, 0.533103, 2.30694e-05, 0.27243, 0.00156285, 1.06562e-09, 0.00199346, 2.01151e-05, 0.389362, 7.37772e-05, 8.23332e-07, 2.78284e-10, 3.2705e-12, 2.99196e-10, 7.27376e-11, 6.24065e-08, 0.334557, 0.168151, 1173, 1173, 0.0848453, 0.150201, 1.09674e-17, 0.171777, 0.0656098, 0.550762, 2.33768e-05, 0.274927, 0.00164285, 1.20008e-09, 0.00206738, 1.95632e-05, 0.381351, 7.70315e-05, 7.48077e-07, 2.59829e-10, 3.5175e-12, 3.34267e-10, 8.13405e-11, 6.02856e-08, 0.339914, 0.138353, 1173, 1173, 0.0836402, 0.129704, 2.19636e-17, 0.221209, 0.0416565, 0.539032, 2.37636e-05, 0.24933, 0.00264625, 1.46649e-09, 0.00250817, 3.22731e-05, 0.390171, 0.000107684, 5.19566e-07, 2.41381e-10, 4.30013e-12, 4.00397e-10, 1.06346e-10, 8.6324e-08, 0.355204, 
0.00823396, 1.00015e+06, 1.00015e+06, 1.00015e+06, 1.00124e+06, 1.00092e+06, 0.168767, 1173, 1173, 0.0682551, 0.164804, 9.40871e-18, 0.178292, 0.0649596, 0.513931, 2.25741e-05, 0.271034, 0.00150765, 9.73251e-10, 0.00194478, 2.03949e-05, 0.394442, 7.15723e-05, 8.7791e-07, 2.90983e-10, 3.10637e-12, 2.75332e-10, 6.68912e-11, 6.36304e-08, 0.330979, 0.168606, 1173, 1173, 0.0677575, 0.157764, 9.26207e-18, 0.171837, 0.0627843, 0.500429, 2.18868e-05, 0.271357, 0.00152335, 9.99086e-10, 0.00195822, 2.03397e-05, 0.393118, 7.21924e-05, 8.62618e-07, 2.87547e-10, 3.15208e-12, 2.81986e-10, 6.85242e-11, 6.33481e-08, 0.331949, 0.167958, 1173, 1173, 0.0756617, 0.160512, 1.01264e-17, 0.177552, 0.0657493, 0.533409, 2.30833e-05, 0.27243, 0.00156266, 1.06541e-09, 0.00199332, 2.01146e-05, 0.389371, 7.37702e-05, 8.23466e-07, 2.78309e-10, 3.27011e-12, 2.99142e-10, 7.27237e-11, 6.24064e-08, 0.334549, 0.168151, 1173, 1173, 0.0856608, 0.151689, 1.10725e-17, 0.173462, 0.0662555, 0.556126, 2.36053e-05, 0.274926, 0.00164264, 1.19983e-09, 0.00206722, 1.95629e-05, 0.381362, 7.70236e-05, 7.48215e-07, 2.59858e-10, 3.51702e-12, 3.34203e-10, 8.13241e-11, 6.02862e-08, 0.339904, 0.139322, 1173, 1173, 0.0840974, 0.13045, 2.20863e-17, 0.222481, 0.0418906, 0.542053, 2.38979e-05, 0.249324, 0.00264615, 1.46623e-09, 0.00250807, 3.22762e-05, 0.390185, 0.000107679, 5.19632e-07, 2.41407e-10, 4.2995e-12, 4.00327e-10, 1.06328e-10, 8.63323e-08, 0.355196, 
0.00823602, 1.00015e+06, 1.00015e+06, 1.00015e+06, 1.00124e+06, 1.00092e+06, 0.168813, 1173, 1173, 0.0686934, 0.165908, 9.46915e-18, 0.179471, 0.0653918, 0.517304, 2.27228e-05, 0.271034, 0.00150747, 9.73049e-10, 0.00194464, 2.03944e-05, 0.39445, 7.15657e-05, 8.78048e-07, 2.91009e-10, 3.10602e-12, 2.75281e-10, 6.68783e-11, 6.36303e-08, 0.330971, 0.168545, 1173, 1173, 0.0678197, 0.157951, 9.27049e-18, 0.172026, 0.0628562, 0.500955, 2.19104e-05, 0.271357, 0.00152317, 9.98883e-10, 0.00195809, 2.03391e-05, 0.393127, 7.21856e-05, 8.62756e-07, 2.87573e-10, 3.15173e-12, 2.81935e-10, 6.85111e-11, 6.3348e-08, 0.331941, 0.167952, 1173, 1173, 0.0756871, 0.160608, 1.01297e-17, 0.177643, 0.0657861, 0.533657, 2.30946e-05, 0.27243, 0.00156247, 1.0652e-09, 0.00199318, 2.0114e-05, 0.389379, 7.37632e-05, 8.23599e-07, 2.78335e-10, 3.26972e-12, 2.99087e-10, 7.27098e-11, 6.24062e-08, 0.334541, 0.168158, 1173, 1173, 0.0859915, 0.152319, 1.1115e-17, 0.174166, 0.0665266, 0.558345, 2.37002e-05, 0.274926, 0.00164242, 1.19958e-09, 0.00206706, 1.95626e-05, 0.381373, 7.70156e-05, 7.48354e-07, 2.59887e-10, 3.51654e-12, 3.34139e-10, 8.13076e-11, 6.02868e-08, 0.339894, 0.138344, 1173, 1173, 0.0832474, 0.129169, 2.18658e-17, 0.220294, 0.0414735, 0.536648, 2.36607e-05, 0.249318, 0.00264604, 1.46597e-09, 0.00250797, 3.22793e-05, 0.3902, 0.000107675, 5.19698e-07, 2.41434e-10, 4.29888e-12, 4.00257e-10, 1.0631e-10, 8.63407e-08, 0.355187, 
0.00823808, 1.00015e+06, 1.00015e+06, 1.00015e+06, 1.00124e+06, 1.00092e+06, 0.168773, 1173, 1173, 0.0687157, 0.166007, 9.47222e-18, 0.179563, 0.065428, 0.517543, 2.2734e-05, 0.271034, 0.0015073, 9.72847e-10, 0.00194451, 2.03939e-05, 0.394459, 7.15591e-05, 8.78186e-07, 2.91035e-10, 3.10567e-12, 2.7523e-10, 6.68653e-11, 6.36301e-08, 0.330963, 0.168613, 1173, 1173, 0.0684465, 0.159454, 9.35607e-18, 0.173647, 0.0634514, 0.505651, 2.21165e-05, 0.271357, 0.00152299, 9.9868e-10, 0.00195795, 2.03386e-05, 0.393136, 7.21788e-05, 8.62895e-07, 2.87599e-10, 3.15137e-12, 2.81883e-10, 6.8498e-11, 6.33478e-08, 0.331933, 0.167965, 1173, 1173, 0.0757427, 0.160769, 1.01369e-17, 0.177805, 0.0658492, 0.534118, 2.31152e-05, 0.27243, 0.00156229, 1.06499e-09, 0.00199304, 2.01135e-05, 0.389388, 7.37562e-05, 8.23733e-07, 2.78361e-10, 3.26933e-12, 2.99033e-10, 7.26959e-11, 6.2406e-08, 0.334532, 0.168157, 1173, 1173, 0.0855468, 0.151575, 1.10572e-17, 0.173299, 0.0661977, 0.555529, 2.35814e-05, 0.274925, 0.00164221, 1.19934e-09, 0.0020669, 1.95623e-05, 0.381384, 7.70076e-05, 7.48493e-07, 2.59916e-10, 3.51606e-12, 3.34076e-10, 8.12912e-11, 6.02873e-08, 0.339885, 0.139313, 1173, 1173, 0.0832327, 0.129183, 2.18646e-17, 0.220317, 0.0414725, 0.536626, 2.36609e-05, 0.249312, 0.00264594, 1.46571e-09, 0.00250787, 3.22824e-05, 0.390214, 0.000107671, 5.19764e-07, 2.41461e-10, 4.29825e-12, 4.00187e-10, 1.06291e-10, 8.6349e-08, 0.355179, 
0.00824013, 1.00015e+06, 1.00015e+06, 1.00015e+06, 1.00124e+06, 1.00091e+06, 0.168819, 1173, 1173, 0.0689277, 0.166565, 9.50144e-18, 0.18015, 0.0656449, 0.519211, 2.28079e-05, 0.271034, 0.00150712, 9.72646e-10, 0.00194437, 2.03934e-05, 0.394468, 7.15525e-05, 8.78325e-07, 2.91061e-10, 3.10532e-12, 2.75179e-10, 6.68523e-11, 6.363e-08, 0.330954, 0.16855, 1173, 1173, 0.0674341, 0.157138, 9.21761e-18, 0.17111, 0.0625271, 0.498239, 2.17929e-05, 0.271357, 0.00152281, 9.98478e-10, 0.00195781, 2.0338e-05, 0.393145, 7.2172e-05, 8.63033e-07, 2.87625e-10, 3.15102e-12, 2.81832e-10, 6.84849e-11, 6.33476e-08, 0.331924, 0.167959, 1173, 1173, 0.0758125, 0.16096, 1.01461e-17, 0.178, 0.0659247, 0.53468, 2.31401e-05, 0.272429, 0.0015621, 1.06477e-09, 0.0019929, 2.01129e-05, 0.389397, 7.37492e-05, 8.23866e-07, 2.78386e-10, 3.26894e-12, 2.98979e-10, 7.2682e-11, 6.24059e-08, 0.334524, 0.168164, 1173, 1173, 0.085283, 0.151151, 1.10228e-17, 0.172799, 0.0660087, 0.553887, 2.35124e-05, 0.274924, 0.001642, 1.19909e-09, 0.00206674, 1.95619e-05, 0.381395, 7.69996e-05, 7.48632e-07, 2.59945e-10, 3.51558e-12, 3.34012e-10, 8.12748e-11, 6.02879e-08, 0.339875, 0.138334, 1173, 1173, 0.0828227, 0.128584, 2.17595e-17, 0.219293, 0.0412745, 0.534056, 2.35487e-05, 0.249306, 0.00264584, 1.46546e-09, 0.00250778, 3.22855e-05, 0.390229, 0.000107667, 5.1983e-07, 2.41488e-10, 4.29762e-12, 4.00117e-10, 1.06273e-10, 8.63573e-08, 0.355171, 
0.00824219, 1.00015e+06, 1.00015e+06, 1.00015e+06, 1.00124e+06, 1.00091e+06, 0.16878, 1173, 1173, 0.0689609, 0.166691, 9.50603e-18, 0.180271, 0.0656917, 0.519533, 2.28226e-05, 0.271033, 0.00150695, 9.72444e-10, 0.00194424, 2.03929e-05, 0.394476, 7.15459e-05, 8.78464e-07, 2.91087e-10, 3.10497e-12, 2.75128e-10, 6.68394e-11, 6.36299e-08, 0.330946, 0.168619, 1173, 1173, 0.0682208, 0.159014, 9.32505e-18, 0.173137, 0.0632708, 0.504118, 2.20506e-05, 0.271357, 0.00152263, 9.98275e-10, 0.00195767, 2.03375e-05, 0.393153, 7.21652e-05, 8.63171e-07, 2.87651e-10, 3.15067e-12, 2.8178e-10, 6.84718e-11, 6.33474e-08, 0.331916, 0.167971, 1173, 1173, 0.0755782, 0.160506, 1.01146e-17, 0.177481, 0.0657357, 0.533096, 2.30722e-05, 0.272429, 0.00156191, 1.06456e-09, 0.00199276, 2.01124e-05, 0.389406, 7.37422e-05, 8.23999e-07, 2.78412e-10, 3.26855e-12, 2.98925e-10, 7.26681e-11, 6.24057e-08, 0.334515, 0.168163, 1173, 1173, 0.085396, 0.151395, 1.10371e-17, 0.173061, 0.0661113, 0.554692, 2.35473e-05, 0.274924, 0.00164179, 1.19884e-09, 0.00206658, 1.95616e-05, 0.381406, 7.69917e-05, 7.4877e-07, 2.59973e-10, 3.5151e-12, 3.33949e-10, 8.12584e-11, 6.02885e-08, 0.339865, 0.139303, 1173, 1173, 0.0827662, 0.128533, 2.17473e-17, 0.219205, 0.0412526, 0.533765, 2.3537e-05, 0.2493, 0.00264574, 1.4652e-09, 0.00250768, 3.22887e-05, 0.390243, 0.000107663, 5.19896e-07, 2.41515e-10, 4.29699e-12, 4.00047e-10, 1.06255e-10, 8.63656e-08, 0.355162, 
0.00824424, 1.00015e+06, 1.00015e+06, 1.00015e+06, 1.00124e+06, 1.00091e+06, 0.168825, 1173, 1173, 0.0689027, 0.166596, 9.49802e-18, 0.180152, 0.0656513, 0.519167, 2.28072e-05, 0.271033, 0.00150677, 9.72242e-10, 0.0019441, 2.03924e-05, 0.394485, 7.15392e-05, 8.78602e-07, 2.91113e-10, 3.10463e-12, 2.75076e-10, 6.68265e-11, 6.36298e-08, 0.330938, 0.168558, 1173, 1173, 0.0684343, 0.159555, 9.35416e-18, 0.17371, 0.0634832, 0.505763, 2.21232e-05, 0.271357, 0.00152245, 9.98073e-10, 0.00195753, 2.0337e-05, 0.393162, 7.21583e-05, 8.6331e-07, 2.87677e-10, 3.15031e-12, 2.81729e-10, 6.84588e-11, 6.33472e-08, 0.331908, 0.167965, 1173, 1173, 0.0758008, 0.161021, 1.01443e-17, 0.178035, 0.065944, 0.534735, 2.31437e-05, 0.272429, 0.00156172, 1.06435e-09, 0.00199262, 2.01118e-05, 0.389414, 7.37352e-05, 8.24133e-07, 2.78438e-10, 3.26816e-12, 2.98871e-10, 7.26542e-11, 6.24055e-08, 0.334507, 0.168171, 1173, 1173, 0.0857717, 0.152105, 1.10854e-17, 0.173857, 0.0664174, 0.557204, 2.36547e-05, 0.274923, 0.00164157, 1.1986e-09, 0.00206642, 1.95613e-05, 0.381417, 7.69837e-05, 7.48909e-07, 2.60002e-10, 3.51462e-12, 3.33885e-10, 8.1242e-11, 6.02891e-08, 0.339855, 0.138325, 1173, 1173, 0.0827128, 0.128487, 2.1736e-17, 0.219125, 0.0412322, 0.533494, 2.35262e-05, 0.249294, 0.00264564, 1.46494e-09, 0.00250758, 3.22918e-05, 0.390258, 0.000107658, 5.19961e-07, 2.41542e-10, 4.29636e-12, 3.99977e-10, 1.06236e-10, 8.63739e-08, 0.355154, 
0.0082463, 1.00015e+06, 1.00015e+06, 1.00015e+06, 1.00124e+06, 1.00091e+06, 0.168786, 1173, 1173, 0.0692867, 0.16757, 9.55096e-18, 0.18119, 0.0660324, 0.522132, 2.29381e-05, 0.271033, 0.0015066, 9.72041e-10, 0.00194397, 2.03918e-05, 0.394494, 7.15326e-05, 8.78741e-07, 2.9114e-10, 3.10428e-12, 2.75025e-10, 6.68135e-11, 6.36296e-08, 0.33093, 0.168625, 1173, 1173, 0.0686514, 0.160104, 9.38375e-18, 0.174293, 0.063699, 0.507434, 2.2197e-05, 0.271356, 0.00152227, 9.9787e-10, 0.0019574, 2.03364e-05, 0.393171, 7.21515e-05, 8.6345e-07, 2.87703e-10, 3.14996e-12, 2.81677e-10, 6.84457e-11, 6.3347e-08, 0.3319, 0.167978, 1173, 1173, 0.0760487, 0.161591, 1.01773e-17, 0.178649, 0.0661746, 0.536554, 2.32231e-05, 0.272429, 0.00156154, 1.06414e-09, 0.00199248, 2.01113e-05, 0.389423, 7.37282e-05, 8.24266e-07, 2.78463e-10, 3.26777e-12, 2.98816e-10, 7.26404e-11, 6.24054e-08, 0.334499, 0.16817, 1173, 1173, 0.085749, 0.152109, 1.10822e-17, 0.173845, 0.066415, 0.557128, 2.36522e-05, 0.274922, 0.00164136, 1.19835e-09, 0.00206626, 1.9561e-05, 0.381427, 7.69758e-05, 7.49047e-07, 2.60031e-10, 3.51414e-12, 3.33822e-10, 8.12256e-11, 6.02897e-08, 0.339845, 0.139294, 1173, 1173, 0.0828256, 0.1287, 2.17683e-17, 0.219485, 0.0412947, 0.534295, 2.35626e-05, 0.249288, 0.00264554, 1.46468e-09, 0.00250748, 3.22949e-05, 0.390272, 0.000107654, 5.20027e-07, 2.41569e-10, 4.29574e-12, 3.99907e-10, 1.06218e-10, 8.63822e-08, 0.355146, 
0.00824836, 1.00015e+06, 1.00015e+06, 1.00015e+06, 1.00124e+06, 1.00091e+06, 0.16883, 1173, 1173, 0.0684985, 0.165709, 9.4423e-18, 0.179162, 0.0652961, 0.516263, 2.26809e-05, 0.271032, 0.00150642, 9.7184e-10, 0.00194383, 2.03913e-05, 0.394502, 7.1526e-05, 8.7888e-07, 2.91166e-10, 3.10393e-12, 2.74974e-10, 6.68006e-11, 6.36295e-08, 0.330922, 0.168563, 1173, 1173, 0.0679366, 0.15848, 9.28595e-18, 0.172509, 0.06305, 0.502217, 2.19694e-05, 0.271356, 0.00152209, 9.97668e-10, 0.00195726, 2.03359e-05, 0.39318, 7.21447e-05, 8.63589e-07, 2.8773e-10, 3.14961e-12, 2.81626e-10, 6.84326e-11, 6.33468e-08, 0.331892, 0.167971, 1173, 1173, 0.0755588, 0.160593, 1.01116e-17, 0.177529, 0.065763, 0.533166, 2.3077e-05, 0.272429, 0.00156135, 1.06393e-09, 0.00199234, 2.01107e-05, 0.389432, 7.37212e-05, 8.24399e-07, 2.78489e-10, 3.26738e-12, 2.98762e-10, 7.26265e-11, 6.24052e-08, 0.33449, 0.168178, 1173, 1173, 0.0867218, 0.153879, 1.12077e-17, 0.175851, 0.0671838, 0.56352, 2.39243e-05, 0.274922, 0.00164115, 1.19811e-09, 0.0020661, 1.95606e-05, 0.381438, 7.69678e-05, 7.49186e-07, 2.6006e-10, 3.51366e-12, 3.33758e-10, 8.12092e-11, 6.02903e-08, 0.339836, 0.138316, 1173, 1173, 0.0839174, 0.130434, 2.20579e-17, 0.22244, 0.0418454, 0.541412, 2.38776e-05, 0.249283, 0.00264543, 1.46442e-09, 0.00250738, 3.2298e-05, 0.390287, 0.00010765, 5.20092e-07, 2.41596e-10, 4.29511e-12, 3.99837e-10, 1.062e-10, 8.63905e-08, 0.355137, 
0.00825041, 1.00015e+06, 1.00015e+06, 1.00015e+06, 1.00124e+06, 1.00091e+06, 0.168786, 1173, 1173, 0.0658955, 0.159455, 9.08349e-18, 0.172386, 0.0628293, 0.496714, 2.18226e-05, 0.271032, 0.00150625, 9.71638e-10, 0.0019437, 2.03908e-05, 0.394511, 7.15194e-05, 8.79017e-07, 2.91191e-10, 3.10358e-12, 2.74923e-10, 6.67877e-11, 6.36294e-08, 0.330914, 0.168632, 1173, 1173, 0.0690694, 0.161166, 9.44071e-18, 0.175418, 0.0641158, 0.510658, 2.23394e-05, 0.271356, 0.0015219, 9.97466e-10, 0.00195712, 2.03353e-05, 0.393188, 7.21378e-05, 8.63728e-07, 2.87756e-10, 3.14925e-12, 2.81575e-10, 6.84196e-11, 6.33467e-08, 0.331883, 0.167983, 1173, 1173, 0.0757464, 0.161034, 1.01365e-17, 0.178001, 0.065941, 0.534559, 2.31379e-05, 0.272429, 0.00156117, 1.06371e-09, 0.0019922, 2.01102e-05, 0.389441, 7.37142e-05, 8.24532e-07, 2.78514e-10, 3.26699e-12, 2.98708e-10, 7.26126e-11, 6.2405e-08, 0.334482, 0.168176, 1173, 1173, 0.0857161, 0.152139, 1.10774e-17, 0.173846, 0.0664199, 0.557056, 2.36506e-05, 0.274921, 0.00164093, 1.19786e-09, 0.00206594, 1.95603e-05, 0.381449, 7.69598e-05, 7.49325e-07, 2.60088e-10, 3.51319e-12, 3.33695e-10, 8.11928e-11, 6.02909e-08, 0.339826, 0.139285, 1173, 1173, 0.0844971, 0.131372, 2.22131e-17, 0.224039, 0.0421409, 0.545226, 2.4047e-05, 0.249277, 0.00264533, 1.46417e-09, 0.00250729, 3.23011e-05, 0.390301, 0.000107646, 5.20158e-07, 2.41622e-10, 4.29448e-12, 3.99768e-10, 1.06181e-10, 8.63988e-08, 0.355129, 
0.00825247, 1.00015e+06, 1.00015e+06, 1.00015e+06, 1.00124e+06, 1.00091e+06, 0.168833, 1173, 1173, 0.0663612, 0.160626, 9.14769e-18, 0.173636, 0.0632878, 0.500294, 2.19804e-05, 0.271032, 0.00150608, 9.71437e-10, 0.00194357, 2.03903e-05, 0.394519, 7.15129e-05, 8.79153e-07, 2.91217e-10, 3.10324e-12, 2.74872e-10, 6.67748e-11, 6.36292e-08, 0.330906, 0.168572, 1173, 1173, 0.0691228, 0.161334, 9.44793e-18, 0.175585, 0.0641799, 0.51112, 2.23603e-05, 0.271356, 0.00152172, 9.97263e-10, 0.00195698, 2.03348e-05, 0.393197, 7.2131e-05, 8.63868e-07, 2.87782e-10, 3.1489e-12, 2.81523e-10, 6.84065e-11, 6.33465e-08, 0.331875, 0.167978, 1173, 1173, 0.0760851, 0.161798, 1.01817e-17, 0.178829, 0.0662507, 0.537019, 2.3245e-05, 0.272429, 0.00156098, 1.0635e-09, 0.00199206, 2.01096e-05, 0.389449, 7.37073e-05, 8.24665e-07, 2.7854e-10, 3.26661e-12, 2.98654e-10, 7.25987e-11, 6.24048e-08, 0.334474, 0.168184, 1173, 1173, 0.0859717, 0.152637, 1.11101e-17, 0.174398, 0.0666332, 0.558789, 2.37249e-05, 0.27492, 0.00164072, 1.19761e-09, 0.00206578, 1.956e-05, 0.38146, 7.69519e-05, 7.49463e-07, 2.60117e-10, 3.51271e-12, 3.33632e-10, 8.11764e-11, 6.02914e-08, 0.339816, 0.138307, 1173, 1173, 0.0839534, 0.130565, 2.20728e-17, 0.22266, 0.0418761, 0.541793, 2.38967e-05, 0.249271, 0.00264523, 1.46391e-09, 0.00250719, 3.23043e-05, 0.390316, 0.000107642, 5.20224e-07, 2.41649e-10, 4.29386e-12, 3.99698e-10, 1.06163e-10, 8.64072e-08, 0.355121, 
0.00825452, 1.00015e+06, 1.00015e+06, 1.00015e+06, 1.00124e+06, 1.00091e+06, 0.1688, 1173, 1173, 0.0700965, 0.169714, 9.66259e-18, 0.183444, 0.0668655, 0.528527, 2.32215e-05, 0.271032, 0.0015059, 9.71236e-10, 0.00194344, 2.03898e-05, 0.394528, 7.15064e-05, 8.79291e-07, 2.91243e-10, 3.10289e-12, 2.74821e-10, 6.67618e-11, 6.36291e-08, 0.330898, 0.168639, 1173, 1173, 0.0693568, 0.161924, 9.47983e-18, 0.176212, 0.0644117, 0.512918, 2.24396e-05, 0.271355, 0.00152154, 9.97061e-10, 0.00195684, 2.03342e-05, 0.393206, 7.21241e-05, 8.64008e-07, 2.87809e-10, 3.14855e-12, 2.81472e-10, 6.83935e-11, 6.33463e-08, 0.331867, 0.16799, 1173, 1173, 0.0759358, 0.161523, 1.01616e-17, 0.178509, 0.0661355, 0.536035, 2.3203e-05, 0.272429, 0.00156079, 1.06329e-09, 0.00199192, 2.01091e-05, 0.389458, 7.37003e-05, 8.24798e-07, 2.78565e-10, 3.26622e-12, 2.986e-10, 7.25849e-11, 6.24047e-08, 0.334465, 0.168184, 1173, 1173, 0.0873933, 0.155206, 1.12936e-17, 0.177317, 0.0677505, 0.568101, 2.41211e-05, 0.274919, 0.00164051, 1.19737e-09, 0.00206562, 1.95597e-05, 0.381471, 7.69439e-05, 7.49602e-07, 2.60146e-10, 3.51223e-12, 3.33568e-10, 8.11601e-11, 6.0292e-08, 0.339806, 0.139275, 1173, 1173, 0.080842, 0.125762, 2.12574e-17, 0.214468, 0.0403302, 0.521784, 2.30153e-05, 0.249265, 0.00264513, 1.46365e-09, 0.00250709, 3.23074e-05, 0.39033, 0.000107638, 5.20289e-07, 2.41676e-10, 4.29323e-12, 3.99628e-10, 1.06145e-10, 8.64155e-08, 0.355112, 
0.00825658, 1.00015e+06, 1.00015e+06, 1.00015e+06, 1.00124e+06, 1.00091e+06, 0.168843, 1173, 1173, 0.0688623, 0.166771, 9.49245e-18, 0.180248, 0.0657032, 0.519293, 2.28164e-05, 0.271031, 0.00150573, 9.71035e-10, 0.0019433, 2.03893e-05, 0.394536, 7.14997e-05, 8.7943e-07, 2.91269e-10, 3.10254e-12, 2.7477e-10, 6.67489e-11, 6.3629e-08, 0.33089, 0.168575, 1173, 1173, 0.0678281, 0.158398, 9.27081e-18, 0.172359, 0.0630063, 0.501679, 2.19485e-05, 0.271355, 0.00152136, 9.96859e-10, 0.0019567, 2.03337e-05, 0.393215, 7.21172e-05, 8.64148e-07, 2.87835e-10, 3.1482e-12, 2.81421e-10, 6.83804e-11, 6.33461e-08, 0.331859, 0.167984, 1173, 1173, 0.076148, 0.162017, 1.01898e-17, 0.17904, 0.0663351, 0.537602, 2.32714e-05, 0.272429, 0.00156061, 1.06308e-09, 0.00199178, 2.01085e-05, 0.389467, 7.36933e-05, 8.24931e-07, 2.78591e-10, 3.26583e-12, 2.98546e-10, 7.2571e-11, 6.24045e-08, 0.334457, 0.16819, 1173, 1173, 0.0859064, 0.152609, 1.11012e-17, 0.174334, 0.066613, 0.558507, 2.37144e-05, 0.274919, 0.00164029, 1.19712e-09, 0.00206546, 1.95593e-05, 0.381482, 7.69359e-05, 7.49741e-07, 2.60175e-10, 3.51175e-12, 3.33505e-10, 8.11437e-11, 6.02926e-08, 0.339796, 0.138297, 1173, 1173, 0.0835552, 0.13002, 2.19735e-17, 0.221727, 0.0416901, 0.539371, 2.37921e-05, 0.249259, 0.00264503, 1.46339e-09, 0.00250699, 3.23105e-05, 0.390345, 0.000107634, 5.20354e-07, 2.41703e-10, 4.2926e-12, 3.99558e-10, 1.06127e-10, 8.64238e-08, 0.355104, 
0.00825863, 1.00015e+06, 1.00015e+06, 1.00015e+06, 1.00124e+06, 1.00091e+06, 0.168805, 1173, 1173, 0.0699806, 0.169526, 9.64661e-18, 0.183209, 0.0667855, 0.527798, 2.31908e-05, 0.271031, 0.00150555, 9.70834e-10, 0.00194317, 2.03887e-05, 0.394545, 7.14931e-05, 8.79569e-07, 2.91295e-10, 3.1022e-12, 2.74719e-10, 6.6736e-11, 6.36289e-08, 0.330882, 0.168643, 1173, 1173, 0.0681503, 0.159193, 9.31478e-18, 0.173209, 0.0633198, 0.504128, 2.20564e-05, 0.271355, 0.00152118, 9.96657e-10, 0.00195656, 2.03331e-05, 0.393224, 7.21104e-05, 8.64287e-07, 2.87861e-10, 3.14785e-12, 2.81369e-10, 6.83674e-11, 6.3346e-08, 0.33185, 0.167996, 1173, 1173, 0.0762797, 0.162341, 1.02073e-17, 0.179381, 0.0664648, 0.538602, 2.33153e-05, 0.272429, 0.00156042, 1.06287e-09, 0.00199165, 2.01079e-05, 0.389475, 7.36864e-05, 8.25064e-07, 2.78616e-10, 3.26544e-12, 2.98492e-10, 7.25571e-11, 6.24043e-08, 0.334449, 0.16819, 1173, 1173, 0.0861997, 0.153174, 1.11388e-17, 0.174963, 0.0668558, 0.560485, 2.37992e-05, 0.274918, 0.00164008, 1.19688e-09, 0.0020653, 1.9559e-05, 0.381493, 7.6928e-05, 7.4988e-07, 2.60203e-10, 3.51128e-12, 3.33442e-10, 8.11274e-11, 6.02932e-08, 0.339787, 0.139266, 1173, 1173, 0.0827264, 0.128767, 2.17582e-17, 0.219589, 0.0412828, 0.534094, 2.35604e-05, 0.249253, 0.00264493, 1.46314e-09, 0.0025069, 3.23136e-05, 0.390359, 0.000107629, 5.20419e-07, 2.41729e-10, 4.29198e-12, 3.99489e-10, 1.06108e-10, 8.64321e-08, 0.355096, 
0.00826069, 1.00015e+06, 1.00015e+06, 1.00015e+06, 1.00124e+06, 1.00091e+06, 0.16885, 1173, 1173, 0.0696334, 0.168731, 9.59876e-18, 0.182334, 0.0664695, 0.525252, 2.30795e-05, 0.271031, 0.00150538, 9.70633e-10, 0.00194303, 2.03882e-05, 0.394554, 7.14865e-05, 8.79708e-07, 2.91321e-10, 3.10185e-12, 2.74668e-10, 6.67232e-11, 6.36287e-08, 0.330874, 0.16858, 1173, 1173, 0.0673653, 0.157402, 9.20742e-18, 0.171245, 0.0626046, 0.498387, 2.18058e-05, 0.271355, 0.001521, 9.96455e-10, 0.00195642, 2.03326e-05, 0.393232, 7.21036e-05, 8.64426e-07, 2.87888e-10, 3.1475e-12, 2.81318e-10, 6.83544e-11, 6.33458e-08, 0.331842, 0.167989, 1173, 1173, 0.0754793, 0.16068, 1.01e-17, 0.17753, 0.0657821, 0.53302, 2.30743e-05, 0.272429, 0.00156023, 1.06265e-09, 0.00199151, 2.01074e-05, 0.389484, 7.36794e-05, 8.25196e-07, 2.78642e-10, 3.26505e-12, 2.98438e-10, 7.25433e-11, 6.24041e-08, 0.334441, 0.168195, 1173, 1173, 0.0844871, 0.150175, 1.09172e-17, 0.171521, 0.0655425, 0.549421, 2.33301e-05, 0.274917, 0.00163987, 1.19663e-09, 0.00206514, 1.95587e-05, 0.381504, 7.69201e-05, 7.50018e-07, 2.60232e-10, 3.5108e-12, 3.33378e-10, 8.1111e-11, 6.02938e-08, 0.339777, 0.138288, 1173, 1173, 0.0844305, 0.131457, 2.22092e-17, 0.224175, 0.0421396, 0.54517, 2.40502e-05, 0.249247, 0.00264483, 1.46288e-09, 0.0025068, 3.23167e-05, 0.390373, 0.000107625, 5.20484e-07, 2.41756e-10, 4.29135e-12, 3.99419e-10, 1.0609e-10, 8.64404e-08, 0.355087, 
0.00826275, 1.00015e+06, 1.00015e+06, 1.00015e+06, 1.00124e+06, 1.00091e+06, 0.16881, 1173, 1173, 0.0694239, 0.168269, 9.56988e-18, 0.18182, 0.0662847, 0.523744, 2.30139e-05, 0.271031, 0.0015052, 9.70432e-10, 0.0019429, 2.03877e-05, 0.394562, 7.14798e-05, 8.79847e-07, 2.91348e-10, 3.10151e-12, 2.74617e-10, 6.67103e-11, 6.36286e-08, 0.330866, 0.168643, 1173, 1173, 0.0650277, 0.151981, 8.88785e-18, 0.165333, 0.0604458, 0.481156, 2.10525e-05, 0.271355, 0.00152082, 9.96254e-10, 0.00195629, 2.03321e-05, 0.393241, 7.20968e-05, 8.64564e-07, 2.87914e-10, 3.14715e-12, 2.81267e-10, 6.83413e-11, 6.33456e-08, 0.331834, 0.167997, 1173, 1173, 0.0732802, 0.15604, 9.80562e-18, 0.172388, 0.0638798, 0.517557, 2.24055e-05, 0.272429, 0.00156005, 1.06244e-09, 0.00199137, 2.01068e-05, 0.389492, 7.36725e-05, 8.25328e-07, 2.78667e-10, 3.26466e-12, 2.98384e-10, 7.25295e-11, 6.2404e-08, 0.334432, 0.168198, 1173, 1173, 0.0875319, 0.155632, 1.13104e-17, 0.177737, 0.0679201, 0.569294, 2.41747e-05, 0.274917, 0.00163966, 1.19639e-09, 0.00206499, 1.95584e-05, 0.381514, 7.69122e-05, 7.50156e-07, 2.60261e-10, 3.51032e-12, 3.33315e-10, 8.10947e-11, 6.02944e-08, 0.339767, 0.139257, 1173, 1173, 0.0853523, 0.132931, 2.24544e-17, 0.226686, 0.0426062, 0.551198, 2.43172e-05, 0.249241, 0.00264473, 1.46262e-09, 0.0025067, 3.23199e-05, 0.390388, 0.000107621, 5.2055e-07, 2.41783e-10, 4.29073e-12, 3.99349e-10, 1.06072e-10, 8.64487e-08, 0.355079, 
0.0082648, 1.00015e+06, 1.00015e+06, 1.00015e+06, 1.00123e+06, 1.00091e+06, 0.168855, 1173, 1173, 0.0686931, 0.166543, 9.46913e-18, 0.179939, 0.0656019, 0.518302, 2.27754e-05, 0.27103, 0.00150503, 9.70231e-10, 0.00194276, 2.03872e-05, 0.394571, 7.14732e-05, 8.79986e-07, 2.91374e-10, 3.10116e-12, 2.74566e-10, 6.66974e-11, 6.36285e-08, 0.330858, 0.168575, 1173, 1173, 0.0609089, 0.142393, 8.32486e-18, 0.154889, 0.05663, 0.450741, 1.97223e-05, 0.271354, 0.00152064, 9.96052e-10, 0.00195615, 2.03315e-05, 0.393249, 7.20902e-05, 8.64699e-07, 2.87939e-10, 3.14679e-12, 2.81216e-10, 6.83283e-11, 6.33454e-08, 0.331826, 0.167996, 1173, 1173, 0.0759363, 0.161739, 1.01609e-17, 0.178667, 0.06621, 0.536387, 2.32212e-05, 0.272429, 0.00155987, 1.06223e-09, 0.00199123, 2.01063e-05, 0.389501, 7.36657e-05, 8.25459e-07, 2.78692e-10, 3.26428e-12, 2.9833e-10, 7.25156e-11, 6.24038e-08, 0.334424, 0.168204, 1173, 1173, 0.0865163, 0.15387, 1.11789e-17, 0.175709, 0.0671474, 0.56276, 2.3898e-05, 0.274916, 0.00163945, 1.19614e-09, 0.00206483, 1.9558e-05, 0.381525, 7.69042e-05, 7.50295e-07, 2.60289e-10, 3.50985e-12, 3.33252e-10, 8.10783e-11, 6.02949e-08, 0.339757, 0.138278, 1173, 1173, 0.0810735, 0.126303, 2.13314e-17, 0.215381, 0.0404764, 0.523638, 2.31024e-05, 0.249235, 0.00264463, 1.46236e-09, 0.00250661, 3.2323e-05, 0.390402, 0.000107617, 5.20615e-07, 2.41809e-10, 4.2901e-12, 3.9928e-10, 1.06054e-10, 8.6457e-08, 0.355071, 
0.00826686, 1.00015e+06, 1.00015e+06, 1.00015e+06, 1.00123e+06, 1.00091e+06, 0.168818, 1173, 1173, 0.0701253, 0.170062, 9.66656e-18, 0.183725, 0.066985, 0.529181, 2.32541e-05, 0.27103, 0.00150486, 9.70031e-10, 0.00194263, 2.03867e-05, 0.39458, 7.14666e-05, 8.80125e-07, 2.914e-10, 3.10082e-12, 2.74515e-10, 6.66845e-11, 6.36284e-08, 0.33085, 0.168641, 1173, 1173, 0.0599275, 0.140136, 8.19066e-18, 0.15242, 0.0557301, 0.443538, 1.94075e-05, 0.271354, 0.00152047, 9.9585e-10, 0.00195602, 2.0331e-05, 0.393258, 7.20836e-05, 8.64832e-07, 2.87964e-10, 3.14644e-12, 2.81164e-10, 6.83153e-11, 6.33452e-08, 0.331818, 0.168023, 1173, 1173, 0.0838935, 0.178735, 1.12255e-17, 0.197425, 0.0731644, 0.592669, 2.56585e-05, 0.272429, 0.00155968, 1.06202e-09, 0.00199109, 2.01057e-05, 0.38951, 7.36586e-05, 8.25595e-07, 2.78718e-10, 3.26389e-12, 2.98276e-10, 7.25018e-11, 6.24036e-08, 0.334416, 0.168198, 1173, 1173, 0.0810318, 0.144157, 1.047e-17, 0.164602, 0.0629051, 0.527153, 2.23866e-05, 0.274915, 0.00163924, 1.1959e-09, 0.00206467, 1.95577e-05, 0.381536, 7.68964e-05, 7.50431e-07, 2.60318e-10, 3.50937e-12, 3.33189e-10, 8.1062e-11, 6.02955e-08, 0.339748, 0.139248, 1173, 1173, 0.0861638, 0.134272, 2.26735e-17, 0.228968, 0.0430243, 0.556592, 2.45575e-05, 0.249229, 0.00264453, 1.46211e-09, 0.00250651, 3.23261e-05, 0.390417, 0.000107613, 5.2068e-07, 2.41836e-10, 4.28948e-12, 3.9921e-10, 1.06035e-10, 8.64653e-08, 0.355063, 
0.00826891, 1.00015e+06, 1.00015e+06, 1.00015e+06, 1.00123e+06, 1.00091e+06, 0.168869, 1173, 1173, 0.0731274, 0.177391, 1.00804e-17, 0.191626, 0.0698687, 0.551911, 2.42537e-05, 0.27103, 0.00150468, 9.6983e-10, 0.00194249, 2.03862e-05, 0.394589, 7.14599e-05, 8.80266e-07, 2.91426e-10, 3.10047e-12, 2.74464e-10, 6.66716e-11, 6.36283e-08, 0.330842, 0.168588, 1173, 1173, 0.0647217, 0.151387, 8.84587e-18, 0.164643, 0.0602021, 0.479086, 2.09635e-05, 0.271354, 0.0015203, 9.95648e-10, 0.00195589, 2.03304e-05, 0.393266, 7.2077e-05, 8.64967e-07, 2.8799e-10, 3.14608e-12, 2.81113e-10, 6.83023e-11, 6.33451e-08, 0.33181, 0.168, 1173, 1173, 0.0749836, 0.159795, 1.00331e-17, 0.176488, 0.0654086, 0.529793, 2.2937e-05, 0.272429, 0.00155949, 1.06181e-09, 0.00199095, 2.01052e-05, 0.389519, 7.36515e-05, 8.2573e-07, 2.78744e-10, 3.26351e-12, 2.98222e-10, 7.24879e-11, 6.24034e-08, 0.334407, 0.168208, 1173, 1173, 0.0844971, 0.150365, 1.09174e-17, 0.171674, 0.0656102, 0.549768, 2.33476e-05, 0.274915, 0.00163903, 1.19565e-09, 0.00206451, 1.95574e-05, 0.381547, 7.68886e-05, 7.50567e-07, 2.60346e-10, 3.50889e-12, 3.33125e-10, 8.10457e-11, 6.02961e-08, 0.339738, 0.138269, 1173, 1173, 0.0825335, 0.128651, 2.17209e-17, 0.219382, 0.0412178, 0.533214, 2.35272e-05, 0.249223, 0.00264443, 1.46185e-09, 0.00250641, 3.23292e-05, 0.390431, 0.000107609, 5.20745e-07, 2.41863e-10, 4.28885e-12, 3.99141e-10, 1.06017e-10, 8.64736e-08, 0.355054, 
0.00827097, 1.00015e+06, 1.00015e+06, 1.00015e+06, 1.00123e+06, 1.00091e+06, 0.168825, 1173, 1173, 0.0710555, 0.172412, 9.79479e-18, 0.186232, 0.0679047, 0.536346, 2.35704e-05, 0.271029, 0.0015045, 9.69629e-10, 0.00194235, 2.03857e-05, 0.394597, 7.14531e-05, 8.80407e-07, 2.91453e-10, 3.10013e-12, 2.74414e-10, 6.66588e-11, 6.36281e-08, 0.330834, 0.168658, 1173, 1173, 0.0662586, 0.155023, 9.05588e-18, 0.168583, 0.0616456, 0.490527, 2.14648e-05, 0.271354, 0.00152012, 9.95447e-10, 0.00195575, 2.03299e-05, 0.393275, 7.20703e-05, 8.65104e-07, 2.88015e-10, 3.14573e-12, 2.81062e-10, 6.82893e-11, 6.33449e-08, 0.331802, 0.168024, 1173, 1173, 0.0808405, 0.172322, 1.08166e-17, 0.190307, 0.0705334, 0.571248, 2.47324e-05, 0.272429, 0.0015593, 1.0616e-09, 0.00199081, 2.01046e-05, 0.389527, 7.36445e-05, 8.25864e-07, 2.7877e-10, 3.26312e-12, 2.98168e-10, 7.24741e-11, 6.24032e-08, 0.334399, 0.168208, 1173, 1173, 0.0855523, 0.152287, 1.10535e-17, 0.173852, 0.0664447, 0.556706, 2.36429e-05, 0.274914, 0.00163882, 1.19541e-09, 0.00206436, 1.95571e-05, 0.381557, 7.68808e-05, 7.50704e-07, 2.60374e-10, 3.50841e-12, 3.33062e-10, 8.10293e-11, 6.02966e-08, 0.339728, 0.139238, 1173, 1173, 0.0833448, 0.129953, 2.19371e-17, 0.2216, 0.0416293, 0.53853, 2.37628e-05, 0.249217, 0.00264433, 1.46159e-09, 0.00250632, 3.23323e-05, 0.390445, 0.000107605, 5.20809e-07, 2.41889e-10, 4.28823e-12, 3.99071e-10, 1.05999e-10, 8.64819e-08, 0.355046, 
0.00827303, 1.00015e+06, 1.00015e+06, 1.00015e+06, 1.00123e+06, 1.00091e+06, 0.168864, 1173, 1173, 0.0672414, 0.163202, 9.26903e-18, 0.176268, 0.0642744, 0.507626, 2.23089e-05, 0.271029, 0.00150433, 9.69429e-10, 0.00194222, 2.03851e-05, 0.394606, 7.14465e-05, 8.80546e-07, 2.91479e-10, 3.09979e-12, 2.74363e-10, 6.66459e-11, 6.3628e-08, 0.330825, 0.168599, 1173, 1173, 0.0674977, 0.157965, 9.22521e-18, 0.171767, 0.0628126, 0.499767, 2.18697e-05, 0.271354, 0.00151994, 9.95245e-10, 0.00195562, 2.03294e-05, 0.393283, 7.20635e-05, 8.65242e-07, 2.88041e-10, 3.14538e-12, 2.81011e-10, 6.82763e-11, 6.33447e-08, 0.331794, 0.167996, 1173, 1173, 0.0700842, 0.149433, 9.37725e-18, 0.165015, 0.0611622, 0.495304, 2.1445e-05, 0.272429, 0.00155912, 1.06139e-09, 0.00199067, 2.01041e-05, 0.389536, 7.36376e-05, 8.25995e-07, 2.78795e-10, 3.26273e-12, 2.98114e-10, 7.24603e-11, 6.24031e-08, 0.334391, 0.168216, 1173, 1173, 0.0852869, 0.151858, 1.1019e-17, 0.173346, 0.0662537, 0.55505, 2.35733e-05, 0.274913, 0.00163861, 1.19516e-09, 0.0020642, 1.95567e-05, 0.381568, 7.68729e-05, 7.50841e-07, 2.60403e-10, 3.50793e-12, 3.32999e-10, 8.1013e-11, 6.02972e-08, 0.339719, 0.138259, 1173, 1173, 0.0795276, 0.124036, 2.09349e-17, 0.211509, 0.0397287, 0.513936, 2.26786e-05, 0.249211, 0.00264424, 1.46134e-09, 0.00250622, 3.23354e-05, 0.39046, 0.000107601, 5.20873e-07, 2.41916e-10, 4.28761e-12, 3.99002e-10, 1.05981e-10, 8.64901e-08, 0.355038, 
0.00827508, 1.00015e+06, 1.00015e+06, 1.00015e+06, 1.00123e+06, 1.00091e+06, 0.168823, 1173, 1173, 0.0666145, 0.161725, 9.18262e-18, 0.174657, 0.0636898, 0.502963, 2.21045e-05, 0.271029, 0.00150416, 9.69229e-10, 0.00194209, 2.03846e-05, 0.394615, 7.144e-05, 8.80683e-07, 2.91505e-10, 3.09944e-12, 2.74312e-10, 6.66331e-11, 6.36279e-08, 0.330818, 0.168657, 1173, 1173, 0.0627019, 0.146781, 8.56972e-18, 0.159591, 0.0583628, 0.46432, 2.03191e-05, 0.271354, 0.00151976, 9.95044e-10, 0.00195548, 2.03288e-05, 0.393292, 7.20568e-05, 8.65379e-07, 2.88067e-10, 3.14503e-12, 2.8096e-10, 6.82633e-11, 6.33445e-08, 0.331786, 0.16803, 1173, 1173, 0.0809075, 0.172557, 1.08252e-17, 0.190532, 0.0706235, 0.57187, 2.47606e-05, 0.272429, 0.00155893, 1.06117e-09, 0.00199054, 2.01035e-05, 0.389545, 7.36307e-05, 8.26127e-07, 2.7882e-10, 3.26234e-12, 2.9806e-10, 7.24465e-11, 6.24029e-08, 0.334382, 0.168214, 1173, 1173, 0.0853305, 0.15198, 1.10243e-17, 0.173469, 0.0663028, 0.555406, 2.35891e-05, 0.274913, 0.0016384, 1.19492e-09, 0.00206404, 1.95564e-05, 0.381579, 7.68651e-05, 7.50978e-07, 2.60431e-10, 3.50746e-12, 3.32936e-10, 8.09967e-11, 6.02977e-08, 0.339709, 0.13923, 1173, 1173, 0.0939838, 0.146625, 2.47433e-17, 0.250026, 0.0469575, 0.60744, 2.6806e-05, 0.249205, 0.00264414, 1.46108e-09, 0.00250613, 3.23386e-05, 0.390474, 0.000107597, 5.20939e-07, 2.41943e-10, 4.28698e-12, 3.98932e-10, 1.05963e-10, 8.64985e-08, 0.35503, 
0.00827714, 1.00015e+06, 1.00015e+06, 1.00015e+06, 1.00123e+06, 1.00091e+06, 0.168864, 1173, 1173, 0.0641082, 0.155682, 8.83713e-18, 0.168117, 0.0613075, 0.484107, 2.12764e-05, 0.271029, 0.00150398, 9.69028e-10, 0.00194195, 2.03841e-05, 0.394623, 7.14335e-05, 8.80819e-07, 2.9153e-10, 3.0991e-12, 2.74261e-10, 6.66202e-11, 6.36278e-08, 0.33081, 0.168588, 1173, 1173, 0.0577202, 0.135155, 7.88883e-18, 0.146938, 0.0537379, 0.427487, 1.87077e-05, 0.271354, 0.00151959, 9.94843e-10, 0.00195535, 2.03283e-05, 0.3933, 7.20503e-05, 8.65512e-07, 2.88092e-10, 3.14467e-12, 2.80909e-10, 6.82503e-11, 6.33443e-08, 0.331778, 0.168007, 1173, 1173, 0.073085, 0.155914, 9.77843e-18, 0.17214, 0.0638095, 0.516646, 2.23701e-05, 0.272429, 0.00155875, 1.06096e-09, 0.0019904, 2.01029e-05, 0.389553, 7.36238e-05, 8.2626e-07, 2.78846e-10, 3.26196e-12, 2.98006e-10, 7.24327e-11, 6.24027e-08, 0.334374, 0.168219, 1173, 1173, 0.0817774, 0.145693, 1.0565e-17, 0.166277, 0.0635565, 0.532348, 2.26105e-05, 0.274912, 0.00163819, 1.19467e-09, 0.00206389, 1.95561e-05, 0.381589, 7.68573e-05, 7.51114e-07, 2.60459e-10, 3.50698e-12, 3.32872e-10, 8.09804e-11, 6.02983e-08, 0.339699, 0.138256, 1173, 1173, 0.107974, 0.168501, 2.84299e-17, 0.287326, 0.0539556, 0.697955, 3.08019e-05, 0.249199, 0.00264403, 1.46082e-09, 0.00250602, 3.23417e-05, 0.390489, 0.000107592, 5.21008e-07, 2.4197e-10, 4.28635e-12, 3.98861e-10, 1.05944e-10, 8.6507e-08, 0.355021, 
0.00827919, 1.00015e+06, 1.00015e+06, 1.00015e+06, 1.00123e+06, 1.00091e+06, 0.168828, 1173, 1173, 0.0656822, 0.159548, 9.05411e-18, 0.172277, 0.0628272, 0.496063, 2.18023e-05, 0.271028, 0.00150381, 9.68828e-10, 0.00194182, 2.03836e-05, 0.394631, 7.14271e-05, 8.80954e-07, 2.91556e-10, 3.09875e-12, 2.7421e-10, 6.66074e-11, 6.36276e-08, 0.330802, 0.16866, 1173, 1173, 0.0608247, 0.142462, 8.31313e-18, 0.154869, 0.0566411, 0.450541, 1.97171e-05, 0.271353, 0.00151942, 9.94641e-10, 0.00195522, 2.03278e-05, 0.393309, 7.20438e-05, 8.65644e-07, 2.88117e-10, 3.14432e-12, 2.80857e-10, 6.82373e-11, 6.33441e-08, 0.33177, 0.168019, 1173, 1173, 0.0709194, 0.151334, 9.48851e-18, 0.167069, 0.0619327, 0.501403, 2.17106e-05, 0.272429, 0.00155857, 1.06075e-09, 0.00199026, 2.01024e-05, 0.389562, 7.3617e-05, 8.26389e-07, 2.7887e-10, 3.26157e-12, 2.97952e-10, 7.24189e-11, 6.24025e-08, 0.334366, 0.168224, 1173, 1173, 0.0882122, 0.157202, 1.13961e-17, 0.179396, 0.0685732, 0.574311, 2.43935e-05, 0.274911, 0.00163798, 1.19443e-09, 0.00206373, 1.95557e-05, 0.3816, 7.68495e-05, 7.5125e-07, 2.60487e-10, 3.5065e-12, 3.32809e-10, 8.09641e-11, 6.02988e-08, 0.33969, 0.139221, 1173, 1173, 0.092657, 0.14464, 2.43999e-17, 0.246638, 0.0463088, 0.599028, 2.64375e-05, 0.249193, 0.00264392, 1.46056e-09, 0.00250592, 3.23449e-05, 0.390504, 0.000107588, 5.21077e-07, 2.41998e-10, 4.28572e-12, 3.98791e-10, 1.05926e-10, 8.65154e-08, 0.355012, 
0.00828125, 1.00015e+06, 1.00015e+06, 1.00015e+06, 1.00123e+06, 1.00091e+06, 0.168876, 1173, 1173, 0.0677504, 0.164616, 9.33921e-18, 0.177734, 0.0648203, 0.511753, 2.24925e-05, 0.271028, 0.00150364, 9.68628e-10, 0.00194169, 2.03831e-05, 0.39464, 7.14206e-05, 8.81091e-07, 2.91581e-10, 3.0984e-12, 2.74159e-10, 6.65945e-11, 6.36275e-08, 0.330794, 0.168604, 1173, 1173, 0.0638077, 0.149489, 8.72082e-18, 0.162493, 0.0594323, 0.4727, 2.06874e-05, 0.271353, 0.00151924, 9.9444e-10, 0.00195509, 2.03272e-05, 0.393317, 7.20373e-05, 8.65779e-07, 2.88143e-10, 3.14397e-12, 2.80806e-10, 6.82243e-11, 6.33439e-08, 0.331762, 0.168002, 1173, 1173, 0.066386, 0.141697, 8.8818e-18, 0.156416, 0.0579867, 0.469414, 2.03259e-05, 0.272429, 0.00155839, 1.06054e-09, 0.00199013, 2.01018e-05, 0.38957, 7.36104e-05, 8.26515e-07, 2.78894e-10, 3.26118e-12, 2.97898e-10, 7.24051e-11, 6.24022e-08, 0.334358, 0.168235, 1173, 1173, 0.0923109, 0.164554, 1.19253e-17, 0.187768, 0.0717759, 0.601072, 2.5531e-05, 0.274911, 0.00163777, 1.19418e-09, 0.00206357, 1.95554e-05, 0.381611, 7.68415e-05, 7.51391e-07, 2.60516e-10, 3.50603e-12, 3.32746e-10, 8.09478e-11, 6.02994e-08, 0.33968, 0.13824, 1173, 1173, 0.0774611, 0.120954, 2.04007e-17, 0.206246, 0.0387199, 0.500855, 2.21057e-05, 0.249187, 0.00264382, 1.4603e-09, 0.00250582, 3.2348e-05, 0.390519, 0.000107584, 5.21142e-07, 2.42025e-10, 4.2851e-12, 3.98722e-10, 1.05907e-10, 8.65237e-08, 0.355004, 
0.00828331, 1.00015e+06, 1.00015e+06, 1.00015e+06, 1.00123e+06, 1.00091e+06, 0.168835, 1173, 1173, 0.0668118, 0.16238, 9.20983e-18, 0.175304, 0.0639369, 0.504733, 2.21846e-05, 0.271028, 0.00150347, 9.68428e-10, 0.00194156, 2.03826e-05, 0.394648, 7.14141e-05, 8.81228e-07, 2.91607e-10, 3.09806e-12, 2.74109e-10, 6.65817e-11, 6.36274e-08, 0.330786, 0.168636, 1173, 1173, 0.0415152, 0.0972873, 5.67403e-18, 0.105742, 0.0386771, 0.307595, 1.3462e-05, 0.271353, 0.00151908, 9.9424e-10, 0.00195496, 2.03267e-05, 0.393325, 7.2031e-05, 8.65905e-07, 2.88166e-10, 3.14361e-12, 2.80755e-10, 6.82114e-11, 6.33437e-08, 0.331755, 0.168049, 1173, 1173, 0.0846746, 0.180782, 1.13284e-17, 0.199542, 0.0739779, 0.598811, 2.59295e-05, 0.272429, 0.00155821, 1.06033e-09, 0.00199, 2.01013e-05, 0.389578, 7.36036e-05, 8.26646e-07, 2.7892e-10, 3.26079e-12, 2.97844e-10, 7.23912e-11, 6.2402e-08, 0.33435, 0.168228, 1173, 1173, 0.0861915, 0.15369, 1.11345e-17, 0.175355, 0.067033, 0.561297, 2.38423e-05, 0.27491, 0.00163755, 1.19394e-09, 0.00206341, 1.95551e-05, 0.381622, 7.68335e-05, 7.5153e-07, 2.60545e-10, 3.50556e-12, 3.32683e-10, 8.09315e-11, 6.02999e-08, 0.33967, 0.139216, 1173, 1173, 0.114772, 0.179267, 3.02308e-17, 0.305678, 0.0573792, 0.742207, 3.27597e-05, 0.249181, 0.00264371, 1.46004e-09, 0.00250572, 3.23512e-05, 0.390534, 0.000107579, 5.2121e-07, 2.42053e-10, 4.28446e-12, 3.98651e-10, 1.05889e-10, 8.65322e-08, 0.354995, 
0.00828536, 1.00015e+06, 1.00015e+06, 1.00015e+06, 1.00123e+06, 1.00091e+06, 0.16888, 1173, 1173, 0.0664912, 0.161645, 9.16566e-18, 0.174495, 0.0636447, 0.502381, 2.20818e-05, 0.271028, 0.0015033, 9.68228e-10, 0.00194143, 2.03821e-05, 0.394657, 7.14076e-05, 8.81364e-07, 2.91633e-10, 3.09771e-12, 2.74058e-10, 6.65689e-11, 6.36272e-08, 0.330778, 0.168555, 1173, 1173, 0.0201454, 0.0472208, 2.75333e-18, 0.0513201, 0.0187724, 0.149283, 6.53345e-06, 0.271354, 0.00151893, 9.94041e-10, 0.00195485, 2.03261e-05, 0.393332, 7.20255e-05, 8.66018e-07, 2.88188e-10, 3.14324e-12, 2.80705e-10, 6.81985e-11, 6.33434e-08, 0.331748, 0.168092, 1173, 1173, 0.10581, 0.225968, 1.41558e-17, 0.249394, 0.0924638, 0.748366, 3.24068e-05, 0.272429, 0.001558, 1.06012e-09, 0.00198984, 2.01007e-05, 0.389588, 7.35958e-05, 8.26796e-07, 2.78948e-10, 3.26042e-12, 2.97791e-10, 7.23775e-11, 6.24019e-08, 0.334341, 0.168228, 1173, 1173, 0.0774412, 0.138127, 1.00039e-17, 0.157583, 0.0602415, 0.50438, 2.14252e-05, 0.274909, 0.00163735, 1.19369e-09, 0.00206326, 1.95547e-05, 0.381632, 7.68258e-05, 7.51664e-07, 2.60573e-10, 3.50508e-12, 3.3262e-10, 8.09153e-11, 6.03005e-08, 0.339661, 0.138262, 1173, 1173, 0.149563, 0.23368, 3.93995e-17, 0.398464, 0.0747839, 0.967312, 4.26983e-05, 0.249174, 0.00264356, 1.45978e-09, 0.00250558, 3.23545e-05, 0.39055, 0.000107573, 5.21292e-07, 2.42084e-10, 4.28382e-12, 3.98579e-10, 1.0587e-10, 8.65411e-08, 0.354986, 
0.00828742, 1.00015e+06, 1.00015e+06, 1.00015e+06, 1.00123e+06, 1.00091e+06, 0.168842, 1173, 1173, 0.0669634, 0.162837, 9.23075e-18, 0.175767, 0.0641113, 0.506019, 2.22423e-05, 0.271027, 0.00150313, 9.68028e-10, 0.0019413, 2.03816e-05, 0.394665, 7.14011e-05, 8.81501e-07, 2.91658e-10, 3.09737e-12, 2.74007e-10, 6.6556e-11, 6.36271e-08, 0.33077, 0.168646, 1173, 1173, 0.0433788, 0.101706, 5.92868e-18, 0.110526, 0.0404314, 0.321496, 1.40706e-05, 0.271354, 0.00151877, 9.9384e-10, 0.00195474, 2.03256e-05, 0.393338, 7.20199e-05, 8.66132e-07, 2.88209e-10, 3.14287e-12, 2.80653e-10, 6.81856e-11, 6.33431e-08, 0.331741, 0.168064, 1173, 1173, 0.0885504, 0.18916, 1.18465e-17, 0.208752, 0.0773985, 0.626367, 2.7125e-05, 0.272428, 0.00155779, 1.05991e-09, 0.00198968, 2.01001e-05, 0.389598, 7.35878e-05, 8.26947e-07, 2.78977e-10, 3.26005e-12, 2.97738e-10, 7.23638e-11, 6.24018e-08, 0.334331, 0.168233, 1173, 1173, 0.0839401, 0.149761, 1.08431e-17, 0.17084, 0.0653119, 0.546779, 2.32268e-05, 0.274909, 0.00163714, 1.19345e-09, 0.00206311, 1.95544e-05, 0.381642, 7.68182e-05, 7.51796e-07, 2.606e-10, 3.5046e-12, 3.32557e-10, 8.0899e-11, 6.0301e-08, 0.339651, 0.139205, 1173, 1173, 0.111901, 0.17489, 2.94818e-17, 0.29822, 0.0559609, 0.723821, 3.19525e-05, 0.249168, 0.00264342, 1.45951e-09, 0.00250544, 3.23578e-05, 0.390567, 0.000107567, 5.21374e-07, 2.42116e-10, 4.28319e-12, 3.98507e-10, 1.05851e-10, 8.65499e-08, 0.354976, 
0.00828947, 1.00015e+06, 1.00015e+06, 1.00015e+06, 1.00123e+06, 1.00091e+06, 0.168891, 1173, 1173, 0.0689, 0.167591, 9.49771e-18, 0.180884, 0.0659805, 0.520725, 2.28893e-05, 0.271027, 0.00150296, 9.67828e-10, 0.00194116, 2.0381e-05, 0.394674, 7.13945e-05, 8.81639e-07, 2.91684e-10, 3.09702e-12, 2.73957e-10, 6.65432e-11, 6.3627e-08, 0.330762, 0.168619, 1173, 1173, 0.0660243, 0.154841, 9.02368e-18, 0.168255, 0.0615521, 0.489398, 2.14194e-05, 0.271354, 0.00151861, 9.93639e-10, 0.00195462, 2.03251e-05, 0.393346, 7.20136e-05, 8.66259e-07, 2.88233e-10, 3.14251e-12, 2.80602e-10, 6.81726e-11, 6.33429e-08, 0.331733, 0.168023, 1173, 1173, 0.0727039, 0.155351, 9.72629e-18, 0.171425, 0.0635619, 0.514341, 2.22743e-05, 0.272428, 0.0015576, 1.0597e-09, 0.00198953, 2.00996e-05, 0.389607, 7.35808e-05, 8.27083e-07, 2.79003e-10, 3.25967e-12, 2.97684e-10, 7.23501e-11, 6.24016e-08, 0.334323, 0.168243, 1173, 1173, 0.0871124, 0.155465, 1.12526e-17, 0.177331, 0.0677957, 0.567517, 2.41084e-05, 0.274908, 0.00163694, 1.19321e-09, 0.00206295, 1.95541e-05, 0.381653, 7.68104e-05, 7.51933e-07, 2.60628e-10, 3.50412e-12, 3.32494e-10, 8.08827e-11, 6.03015e-08, 0.339642, 0.138221, 1173, 1173, 0.077572, 0.121273, 2.04398e-17, 0.206792, 0.0387992, 0.501835, 2.21542e-05, 0.249161, 0.00264331, 1.45926e-09, 0.00250534, 3.2361e-05, 0.390582, 0.000107563, 5.21443e-07, 2.42143e-10, 4.28256e-12, 3.98437e-10, 1.05833e-10, 8.65583e-08, 0.354967, 
0.00829153, 1.00015e+06, 1.00015e+06, 1.00015e+06, 1.00123e+06, 1.00091e+06, 0.168852, 1173, 1173, 0.0693695, 0.16878, 9.56245e-18, 0.182151, 0.0664453, 0.524346, 2.30491e-05, 0.271027, 0.00150278, 9.67628e-10, 0.00194103, 2.03805e-05, 0.394683, 7.13879e-05, 8.81777e-07, 2.9171e-10, 3.09668e-12, 2.73906e-10, 6.65304e-11, 6.36268e-08, 0.330754, 0.168698, 1173, 1173, 0.0713124, 0.167288, 9.74643e-18, 0.181764, 0.066497, 0.528666, 2.31386e-05, 0.271354, 0.00151843, 9.93438e-10, 0.00195448, 2.03245e-05, 0.393355, 7.20069e-05, 8.66397e-07, 2.88259e-10, 3.14216e-12, 2.80551e-10, 6.81596e-11, 6.33427e-08, 0.331725, 0.16805, 1173, 1173, 0.0774473, 0.16553, 1.03606e-17, 0.182641, 0.067724, 0.54797, 2.37313e-05, 0.272428, 0.00155742, 1.05949e-09, 0.0019894, 2.0099e-05, 0.389616, 7.35739e-05, 8.27214e-07, 2.79028e-10, 3.25929e-12, 2.9763e-10, 7.23363e-11, 6.24014e-08, 0.334315, 0.168252, 1173, 1173, 0.0968854, 0.172957, 1.25147e-17, 0.197264, 0.0754188, 0.631265, 2.68174e-05, 0.274908, 0.00163672, 1.19296e-09, 0.00206279, 1.95537e-05, 0.381664, 7.68024e-05, 7.52074e-07, 2.60657e-10, 3.50365e-12, 3.32431e-10, 8.08664e-11, 6.03021e-08, 0.339632, 0.139187, 1173, 1173, 0.0746204, 0.116692, 1.96644e-17, 0.19898, 0.0373285, 0.482807, 2.13152e-05, 0.249156, 0.00264321, 1.459e-09, 0.00250524, 3.23641e-05, 0.390597, 0.000107559, 5.21508e-07, 2.4217e-10, 4.28194e-12, 3.98367e-10, 1.05815e-10, 8.65667e-08, 0.354959, 
0.00829359, 1.00015e+06, 1.00015e+06, 1.00015e+06, 1.00123e+06, 1.00091e+06, 0.168898, 1173, 1173, 0.0696218, 0.16944, 9.59724e-18, 0.182847, 0.0667022, 0.526325, 2.31367e-05, 0.271027, 0.00150261, 9.67428e-10, 0.00194089, 2.038e-05, 0.394691, 7.13813e-05, 8.81916e-07, 2.91737e-10, 3.09634e-12, 2.73855e-10, 6.65176e-11, 6.36267e-08, 0.330746, 0.168645, 1173, 1173, 0.0764536, 0.179397, 1.04491e-17, 0.194903, 0.0713071, 0.566853, 2.48108e-05, 0.271354, 0.00151825, 9.93237e-10, 0.00195434, 2.0324e-05, 0.393364, 7.19999e-05, 8.6654e-07, 2.88286e-10, 3.14182e-12, 2.805e-10, 6.81467e-11, 6.33425e-08, 0.331717, 0.168047, 1173, 1173, 0.0821758, 0.175683, 1.09929e-17, 0.193826, 0.0718749, 0.5815, 2.51841e-05, 0.272428, 0.00155723, 1.05928e-09, 0.00198926, 2.00985e-05, 0.389624, 7.35668e-05, 8.27349e-07, 2.79054e-10, 3.2589e-12, 2.97576e-10, 7.23225e-11, 6.24012e-08, 0.334306, 0.168272, 1173, 1173, 0.107229, 0.191479, 1.38504e-17, 0.218368, 0.0834897, 0.698743, 2.96853e-05, 0.274907, 0.00163649, 1.19272e-09, 0.00206262, 1.95534e-05, 0.381676, 7.67938e-05, 7.52224e-07, 2.60688e-10, 3.50319e-12, 3.32368e-10, 8.08502e-11, 6.03027e-08, 0.339621, 0.138211, 1173, 1173, 0.071733, 0.112209, 1.89057e-17, 0.191333, 0.0358895, 0.464188, 2.04942e-05, 0.24915, 0.00264311, 1.45874e-09, 0.00250514, 3.23672e-05, 0.390611, 0.000107555, 5.21572e-07, 2.42196e-10, 4.28132e-12, 3.98298e-10, 1.05796e-10, 8.65749e-08, 0.354951, 
0.00829564, 1.00015e+06, 1.00015e+06, 1.00015e+06, 1.00123e+06, 1.00091e+06, 0.168858, 1173, 1173, 0.069189, 0.168432, 9.53759e-18, 0.181744, 0.0663027, 0.523125, 2.29967e-05, 0.271026, 0.00150243, 9.67229e-10, 0.00194076, 2.03795e-05, 0.3947, 7.13747e-05, 8.82056e-07, 2.91763e-10, 3.096e-12, 2.73805e-10, 6.65048e-11, 6.36266e-08, 0.330738, 0.168702, 1173, 1173, 0.0707782, 0.166125, 9.67342e-18, 0.180468, 0.0660286, 0.524841, 2.29727e-05, 0.271353, 0.00151806, 9.93037e-10, 0.0019542, 2.03234e-05, 0.393373, 7.19929e-05, 8.66683e-07, 2.88313e-10, 3.14148e-12, 2.80449e-10, 6.81338e-11, 6.33423e-08, 0.331708, 0.168061, 1173, 1173, 0.0800242, 0.171129, 1.07048e-17, 0.188784, 0.0700086, 0.566347, 2.45285e-05, 0.272428, 0.00155704, 1.05907e-09, 0.00198911, 2.00979e-05, 0.389633, 7.35598e-05, 8.27485e-07, 2.7908e-10, 3.25852e-12, 2.97523e-10, 7.23088e-11, 6.24011e-08, 0.334298, 0.168251, 1173, 1173, 0.090624, 0.161875, 1.17053e-17, 0.184589, 0.0705768, 0.59061, 2.50924e-05, 0.274906, 0.00163627, 1.19248e-09, 0.00206244, 1.95531e-05, 0.381687, 7.67853e-05, 7.52372e-07, 2.60719e-10, 3.50272e-12, 3.32306e-10, 8.0834e-11, 6.03033e-08, 0.339611, 0.139177, 1173, 1173, 0.0705402, 0.110374, 1.85936e-17, 0.188203, 0.035298, 0.456532, 2.01571e-05, 0.249144, 0.00264302, 1.45849e-09, 0.00250505, 3.23703e-05, 0.390625, 0.000107551, 5.21636e-07, 2.42223e-10, 4.2807e-12, 3.98229e-10, 1.05778e-10, 8.65832e-08, 0.354943, 
0.0082977, 1.00015e+06, 1.00015e+06, 1.00015e+06, 1.00123e+06, 1.00091e+06, 0.168901, 1173, 1173, 0.0682354, 0.166156, 9.40615e-18, 0.179273, 0.0654039, 0.515986, 2.26835e-05, 0.271026, 0.00150226, 9.67029e-10, 0.00194063, 2.0379e-05, 0.394708, 7.13682e-05, 8.82194e-07, 2.91789e-10, 3.09566e-12, 2.73754e-10, 6.6492e-11, 6.36265e-08, 0.33073, 0.168632, 1173, 1173, 0.0661345, 0.155267, 9.03874e-18, 0.168658, 0.0617104, 0.490471, 2.1469e-05, 0.271353, 0.00151788, 9.92836e-10, 0.00195406, 2.03229e-05, 0.393382, 7.19861e-05, 8.66821e-07, 2.88339e-10, 3.14113e-12, 2.80399e-10, 6.81208e-11, 6.33421e-08, 0.3317, 0.168045, 1173, 1173, 0.077818, 0.166455, 1.04094e-17, 0.183612, 0.0680938, 0.550804, 2.3856e-05, 0.272428, 0.00155686, 1.05886e-09, 0.00198897, 2.00974e-05, 0.389642, 7.35528e-05, 8.27619e-07, 2.79106e-10, 3.25814e-12, 2.97469e-10, 7.2295e-11, 6.24009e-08, 0.33429, 0.168245, 1173, 1173, 0.0738865, 0.132015, 9.54317e-18, 0.150526, 0.057555, 0.481592, 2.04613e-05, 0.274905, 0.00163606, 1.19223e-09, 0.00206229, 1.95527e-05, 0.381698, 7.67776e-05, 7.52506e-07, 2.60747e-10, 3.50225e-12, 3.32243e-10, 8.08178e-11, 6.03038e-08, 0.339602, 0.138201, 1173, 1173, 0.0697929, 0.109236, 1.83988e-17, 0.186261, 0.0349293, 0.451758, 1.99472e-05, 0.249138, 0.00264292, 1.45824e-09, 0.00250496, 3.23735e-05, 0.390639, 0.000107547, 5.217e-07, 2.42249e-10, 4.28008e-12, 3.98161e-10, 1.0576e-10, 8.65914e-08, 0.354934, 
0.00829975, 1.00015e+06, 1.00015e+06, 1.00015e+06, 1.00123e+06, 1.00091e+06, 0.168868, 1173, 1173, 0.0716883, 0.174612, 9.88214e-18, 0.18838, 0.0687292, 0.54217, 2.38353e-05, 0.271026, 0.00150209, 9.6683e-10, 0.00194049, 2.03785e-05, 0.394717, 7.13615e-05, 8.82334e-07, 2.91815e-10, 3.09531e-12, 2.73703e-10, 6.64792e-11, 6.36264e-08, 0.330722, 0.168687, 1173, 1173, 0.0587885, 0.138057, 8.03474e-18, 0.149951, 0.0548682, 0.43605, 1.90873e-05, 0.271353, 0.00151771, 9.92636e-10, 0.00195393, 2.03223e-05, 0.39339, 7.19796e-05, 8.66954e-07, 2.88364e-10, 3.14077e-12, 2.80348e-10, 6.81079e-11, 6.33419e-08, 0.331692, 0.168111, 1173, 1173, 0.101119, 0.216357, 1.35259e-17, 0.238634, 0.0885031, 0.715821, 3.10042e-05, 0.272428, 0.00155666, 1.05865e-09, 0.00198882, 2.00968e-05, 0.389652, 7.35453e-05, 8.27764e-07, 2.79133e-10, 3.25776e-12, 2.97416e-10, 7.22813e-11, 6.24007e-08, 0.334281, 0.168248, 1173, 1173, 0.0788937, 0.141002, 1.01896e-17, 0.160757, 0.0614695, 0.514297, 2.18513e-05, 0.274905, 0.00163586, 1.19199e-09, 0.00206214, 1.95524e-05, 0.381708, 7.67702e-05, 7.52637e-07, 2.60774e-10, 3.50177e-12, 3.3218e-10, 8.08016e-11, 6.03043e-08, 0.339592, 0.139168, 1173, 1173, 0.0681693, 0.106725, 1.7973e-17, 0.181977, 0.0341219, 0.441309, 1.94867e-05, 0.249132, 0.00264283, 1.45798e-09, 0.00250487, 3.23766e-05, 0.390653, 0.000107543, 5.21763e-07, 2.42275e-10, 4.27947e-12, 3.98092e-10, 1.05742e-10, 8.65997e-08, 0.354926, 
0.00830181, 1.00015e+06, 1.00015e+06, 1.00015e+06, 1.00123e+06, 1.00091e+06, 0.168918, 1173, 1173, 0.0737914, 0.179784, 1.01721e-17, 0.193942, 0.0707616, 0.558151, 2.45386e-05, 0.271025, 0.00150191, 9.6663e-10, 0.00194035, 2.0378e-05, 0.394726, 7.13548e-05, 8.82476e-07, 2.91842e-10, 3.09498e-12, 2.73653e-10, 6.64665e-11, 6.36263e-08, 0.330714, 0.168616, 1173, 1173, 0.0525595, 0.123461, 7.18338e-18, 0.134086, 0.0490655, 0.389901, 1.70676e-05, 0.271353, 0.00151754, 9.92436e-10, 0.0019538, 2.03218e-05, 0.393398, 7.19733e-05, 8.67082e-07, 2.88388e-10, 3.14042e-12, 2.80297e-10, 6.8095e-11, 6.33417e-08, 0.331685, 0.168189, 1173, 1173, 0.125185, 0.267924, 1.67446e-17, 0.295484, 0.10959, 0.886268, 3.83893e-05, 0.272427, 0.00155642, 1.05844e-09, 0.00198863, 2.00962e-05, 0.389664, 7.35362e-05, 8.27939e-07, 2.79167e-10, 3.25743e-12, 2.97364e-10, 7.22679e-11, 6.24007e-08, 0.33427, 0.16826, 1173, 1173, 0.084297, 0.150702, 1.08872e-17, 0.1718, 0.0656944, 0.549592, 2.33515e-05, 0.274904, 0.00163566, 1.19174e-09, 0.00206199, 1.95521e-05, 0.381718, 7.67625e-05, 7.52771e-07, 2.60801e-10, 3.50129e-12, 3.32117e-10, 8.07853e-11, 6.03048e-08, 0.339583, 0.138191, 1173, 1173, 0.0663007, 0.103828, 1.74824e-17, 0.177037, 0.0331915, 0.429271, 1.8956e-05, 0.249126, 0.00264274, 1.45773e-09, 0.00250477, 3.23796e-05, 0.390667, 0.000107539, 5.21825e-07, 2.42301e-10, 4.27885e-12, 3.98024e-10, 1.05725e-10, 8.66079e-08, 0.354918, 
0.00830387, 1.00015e+06, 1.00015e+06, 1.00015e+06, 1.00123e+06, 1.00091e+06, 0.168873, 1173, 1173, 0.0710455, 0.173141, 9.79358e-18, 0.186761, 0.068144, 0.537454, 2.36294e-05, 0.271025, 0.00150173, 9.66431e-10, 0.00194021, 2.03775e-05, 0.394735, 7.1348e-05, 8.82618e-07, 2.91868e-10, 3.09464e-12, 2.73602e-10, 6.64537e-11, 6.36262e-08, 0.330705, 0.168698, 1173, 1173, 0.062075, 0.145852, 8.48385e-18, 0.158389, 0.0579615, 0.460553, 2.01607e-05, 0.271353, 0.00151737, 9.92235e-10, 0.00195368, 2.03212e-05, 0.393406, 7.1967e-05, 8.67211e-07, 2.88412e-10, 3.14006e-12, 2.80246e-10, 6.80821e-11, 6.33414e-08, 0.331677, 0.168097, 1173, 1173, 0.0954967, 0.204442, 1.27732e-17, 0.225452, 0.0836184, 0.676153, 2.92898e-05, 0.272426, 0.00155619, 1.05824e-09, 0.00198845, 2.00957e-05, 0.389675, 7.35273e-05, 8.2811e-07, 2.792e-10, 3.25708e-12, 2.97312e-10, 7.22544e-11, 6.24007e-08, 0.33426, 0.168271, 1173, 1173, 0.0962987, 0.172208, 1.24369e-17, 0.196298, 0.0750648, 0.62792, 2.66805e-05, 0.274903, 0.00163544, 1.1915e-09, 0.00206183, 1.95517e-05, 0.381729, 7.67545e-05, 7.52911e-07, 2.6083e-10, 3.50082e-12, 3.32054e-10, 8.07691e-11, 6.03054e-08, 0.339573, 0.139161, 1173, 1173, 0.0843776, 0.132175, 2.22517e-17, 0.225369, 0.0422476, 0.546387, 2.41289e-05, 0.24912, 0.00264264, 1.45747e-09, 0.00250468, 3.23828e-05, 0.390682, 0.000107535, 5.2189e-07, 2.42327e-10, 4.27823e-12, 3.97954e-10, 1.05706e-10, 8.66162e-08, 0.35491, 
0.00830592, 1.00015e+06, 1.00015e+06, 1.00015e+06, 1.00123e+06, 1.00091e+06, 0.16891, 1173, 1173, 0.0666782, 0.162542, 9.19158e-18, 0.175313, 0.0639696, 0.504485, 2.21805e-05, 0.271025, 0.00150156, 9.66232e-10, 0.00194008, 2.0377e-05, 0.394744, 7.13414e-05, 8.82757e-07, 2.91894e-10, 3.0943e-12, 2.73552e-10, 6.64409e-11, 6.3626e-08, 0.330697, 0.168653, 1173, 1173, 0.0713345, 0.167653, 9.74935e-18, 0.182049, 0.0666225, 0.529323, 2.31718e-05, 0.271353, 0.0015172, 9.92035e-10, 0.00195354, 2.03207e-05, 0.393414, 7.19604e-05, 8.67347e-07, 2.88438e-10, 3.13971e-12, 2.80195e-10, 6.80691e-11, 6.33412e-08, 0.331669, 0.168046, 1173, 1173, 0.0693653, 0.148539, 9.27771e-18, 0.163789, 0.0607509, 0.491194, 2.12784e-05, 0.272426, 0.001556, 1.05803e-09, 0.0019883, 2.00951e-05, 0.389684, 7.352e-05, 8.2825e-07, 2.79226e-10, 3.25671e-12, 2.97258e-10, 7.22408e-11, 6.24006e-08, 0.334251, 0.16829, 1173, 1173, 0.10464, 0.187179, 1.35138e-17, 0.213345, 0.0815855, 0.682392, 2.89962e-05, 0.274902, 0.00163522, 1.19126e-09, 0.00206166, 1.95514e-05, 0.381741, 7.6746e-05, 7.53061e-07, 2.60861e-10, 3.50036e-12, 3.31992e-10, 8.07529e-11, 6.0306e-08, 0.339563, 0.13819, 1173, 1173, 0.10339, 0.162006, 2.72691e-17, 0.276231, 0.0517751, 0.669595, 2.95714e-05, 0.249114, 0.00264253, 1.45721e-09, 0.00250457, 3.2386e-05, 0.390697, 0.000107531, 5.21958e-07, 2.42355e-10, 4.2776e-12, 3.97884e-10, 1.05688e-10, 8.66247e-08, 0.354902, 
0.00830798, 1.00015e+06, 1.00015e+06, 1.00015e+06, 1.00123e+06, 1.00091e+06, 0.168859, 1173, 1173, 0.0601204, 0.146595, 8.28761e-18, 0.1581, 0.0576914, 0.454932, 2.00024e-05, 0.271024, 0.00150139, 9.66033e-10, 0.00193995, 2.03765e-05, 0.394752, 7.13351e-05, 8.82891e-07, 2.9192e-10, 3.09395e-12, 2.73501e-10, 6.64282e-11, 6.36259e-08, 0.33069, 0.168702, 1173, 1173, 0.0612333, 0.143951, 8.3688e-18, 0.156298, 0.0572013, 0.45443, 1.98937e-05, 0.271353, 0.00151702, 9.91835e-10, 0.00195341, 2.03201e-05, 0.393423, 7.19537e-05, 8.67483e-07, 2.88463e-10, 3.13936e-12, 2.80144e-10, 6.80562e-11, 6.3341e-08, 0.331661, 0.168065, 1173, 1173, 0.0751053, 0.160873, 1.00451e-17, 0.177374, 0.0657926, 0.531909, 2.30427e-05, 0.272426, 0.00155582, 1.05782e-09, 0.00198816, 2.00946e-05, 0.389693, 7.35132e-05, 8.28381e-07, 2.79251e-10, 3.25633e-12, 2.97205e-10, 7.22271e-11, 6.24004e-08, 0.334243, 0.168275, 1173, 1173, 0.0943828, 0.168881, 1.21887e-17, 0.19247, 0.0736047, 0.615574, 2.61581e-05, 0.274901, 0.00163499, 1.19102e-09, 0.00206148, 1.95511e-05, 0.381753, 7.67374e-05, 7.5321e-07, 2.60892e-10, 3.4999e-12, 3.31929e-10, 8.07368e-11, 6.03066e-08, 0.339552, 0.139152, 1173, 1173, 0.0865611, 0.135675, 2.28333e-17, 0.231335, 0.043354, 0.560678, 2.47625e-05, 0.249108, 0.00264242, 1.45696e-09, 0.00250447, 3.23891e-05, 0.390712, 0.000107526, 5.22027e-07, 2.42383e-10, 4.27698e-12, 3.97814e-10, 1.0567e-10, 8.66331e-08, 0.354893, 
0.00831003, 1.00015e+06, 1.00015e+06, 1.00015e+06, 1.00123e+06, 1.00091e+06, 0.168893, 1173, 1173, 0.0521689, 0.127241, 7.19152e-18, 0.137215, 0.0500726, 0.394819, 1.73597e-05, 0.271024, 0.00150123, 9.65834e-10, 0.00193983, 2.03759e-05, 0.39476, 7.1329e-05, 8.83019e-07, 2.91944e-10, 3.0936e-12, 2.73451e-10, 6.64154e-11, 6.36257e-08, 0.330682, 0.168626, 1173, 1173, 0.0514355, 0.120949, 7.02972e-18, 0.131312, 0.0480595, 0.38177, 1.67132e-05, 0.271353, 0.00151686, 9.91635e-10, 0.00195328, 2.03196e-05, 0.39343, 7.19475e-05, 8.67611e-07, 2.88487e-10, 3.13901e-12, 2.80093e-10, 6.80433e-11, 6.33408e-08, 0.331654, 0.168074, 1173, 1173, 0.081634, 0.174904, 1.0918e-17, 0.192826, 0.0715277, 0.57822, 2.50497e-05, 0.272425, 0.00155563, 1.05761e-09, 0.00198802, 2.0094e-05, 0.389702, 7.35061e-05, 8.28517e-07, 2.79277e-10, 3.25595e-12, 2.97151e-10, 7.22134e-11, 6.24003e-08, 0.334235, 0.168275, 1173, 1173, 0.0858321, 0.153625, 1.10842e-17, 0.175067, 0.0669517, 0.559876, 2.37921e-05, 0.274901, 0.00163478, 1.19077e-09, 0.00206132, 1.95508e-05, 0.381764, 7.67294e-05, 7.53352e-07, 2.60921e-10, 3.49943e-12, 3.31867e-10, 8.07206e-11, 6.03072e-08, 0.339542, 0.138172, 1173, 1173, 0.0677749, 0.10626, 1.788e-17, 0.181179, 0.0339501, 0.439055, 1.93919e-05, 0.249102, 0.00264233, 1.4567e-09, 0.00250437, 3.23923e-05, 0.390726, 0.000107522, 5.22092e-07, 2.42409e-10, 4.27636e-12, 3.97745e-10, 1.05652e-10, 8.66414e-08, 0.354885, 
0.00831209, 1.00015e+06, 1.00015e+06, 1.00015e+06, 1.00123e+06, 1.00091e+06, 0.168869, 1173, 1173, 0.0619384, 0.151109, 8.53827e-18, 0.16294, 0.059463, 0.468822, 2.06139e-05, 0.271024, 0.00150107, 9.65635e-10, 0.00193971, 2.03754e-05, 0.394768, 7.13229e-05, 8.83148e-07, 2.91968e-10, 3.09325e-12, 2.734e-10, 6.64026e-11, 6.36256e-08, 0.330675, 0.168708, 1173, 1173, 0.0607777, 0.142955, 8.30649e-18, 0.15519, 0.0568013, 0.451173, 1.9752e-05, 0.271353, 0.00151669, 9.91435e-10, 0.00195316, 2.03191e-05, 0.393438, 7.19412e-05, 8.67738e-07, 2.88511e-10, 3.13865e-12, 2.80042e-10, 6.80304e-11, 6.33405e-08, 0.331646, 0.168096, 1173, 1173, 0.0874532, 0.187423, 1.1696e-17, 0.206609, 0.0766435, 0.619514, 2.68395e-05, 0.272425, 0.00155543, 1.0574e-09, 0.00198787, 2.00935e-05, 0.389711, 7.34988e-05, 8.28659e-07, 2.79305e-10, 3.25557e-12, 2.97098e-10, 7.21997e-11, 6.24002e-08, 0.334226, 0.168274, 1173, 1173, 0.086222, 0.154368, 1.11342e-17, 0.175896, 0.0672711, 0.562491, 2.39039e-05, 0.2749, 0.00163457, 1.19053e-09, 0.00206116, 1.95504e-05, 0.381774, 7.67215e-05, 7.5349e-07, 2.6095e-10, 3.49896e-12, 3.31804e-10, 8.07044e-11, 6.03078e-08, 0.339533, 0.139141, 1173, 1173, 0.0756895, 0.118702, 1.99704e-17, 0.202392, 0.0379204, 0.490394, 2.16604e-05, 0.249096, 0.00264223, 1.45645e-09, 0.00250428, 3.23954e-05, 0.39074, 0.000107518, 5.22155e-07, 2.42436e-10, 4.27574e-12, 3.97677e-10, 1.05634e-10, 8.66497e-08, 0.354877, 
0.00831414, 1.00015e+06, 1.00015e+06, 1.00015e+06, 1.00123e+06, 1.00091e+06, 0.16893, 1173, 1173, 0.0709621, 0.17317, 9.78225e-18, 0.186713, 0.0681416, 0.537199, 2.3621e-05, 0.271024, 0.0015009, 9.65436e-10, 0.00193958, 2.03749e-05, 0.394776, 7.13164e-05, 8.83284e-07, 2.91993e-10, 3.09291e-12, 2.7335e-10, 6.63899e-11, 6.36254e-08, 0.330667, 0.168663, 1173, 1173, 0.0704328, 0.165708, 9.62603e-18, 0.179875, 0.0658395, 0.522916, 2.28934e-05, 0.271353, 0.00151651, 9.91234e-10, 0.00195303, 2.03185e-05, 0.393447, 7.19346e-05, 8.67873e-07, 2.88536e-10, 3.1383e-12, 2.79991e-10, 6.80175e-11, 6.33403e-08, 0.331638, 0.168106, 1173, 1173, 0.0929337, 0.199223, 1.24287e-17, 0.219596, 0.0814646, 0.658415, 2.8526e-05, 0.272425, 0.00155523, 1.05719e-09, 0.00198772, 2.0093e-05, 0.389721, 7.34911e-05, 8.28806e-07, 2.79333e-10, 3.2552e-12, 2.97045e-10, 7.21861e-11, 6.24001e-08, 0.334217, 0.168283, 1173, 1173, 0.0869383, 0.155695, 1.12264e-17, 0.177392, 0.0678454, 0.567236, 2.41064e-05, 0.274899, 0.00163435, 1.19029e-09, 0.002061, 1.95501e-05, 0.381785, 7.67136e-05, 7.53629e-07, 2.60978e-10, 3.49849e-12, 3.31741e-10, 8.06882e-11, 6.03084e-08, 0.339523, 0.138166, 1173, 1173, 0.0837807, 0.131429, 2.21079e-17, 0.22409, 0.0419804, 0.542891, 2.39803e-05, 0.24909, 0.00264213, 1.45619e-09, 0.00250418, 3.23985e-05, 0.390755, 0.000107514, 5.2222e-07, 2.42462e-10, 4.27512e-12, 3.97607e-10, 1.05616e-10, 8.6658e-08, 0.354868, 
0.0083162, 1.00015e+06, 1.00015e+06, 1.00015e+06, 1.00123e+06, 1.00091e+06, 0.168872, 1173, 1173, 0.0608616, 0.148562, 8.38994e-18, 0.160167, 0.058456, 0.4608, 2.02622e-05, 0.271024, 0.00150073, 9.65237e-10, 0.00193944, 2.03744e-05, 0.394784, 7.131e-05, 8.8342e-07, 2.92019e-10, 3.09257e-12, 2.73299e-10, 6.63771e-11, 6.36253e-08, 0.330659, 0.168719, 1173, 1173, 0.0639028, 0.150385, 8.73357e-18, 0.163228, 0.0597488, 0.474498, 2.07742e-05, 0.271352, 0.00151634, 9.91035e-10, 0.00195289, 2.0318e-05, 0.393455, 7.1928e-05, 8.68009e-07, 2.88562e-10, 3.13795e-12, 2.79941e-10, 6.80046e-11, 6.33401e-08, 0.33163, 0.168086, 1173, 1173, 0.0804747, 0.172561, 1.07622e-17, 0.190191, 0.0705588, 0.570215, 2.47056e-05, 0.272424, 0.00155503, 1.05698e-09, 0.00198757, 2.00924e-05, 0.389731, 7.34837e-05, 8.2895e-07, 2.7936e-10, 3.25483e-12, 2.96992e-10, 7.21724e-11, 6.24e-08, 0.334208, 0.168282, 1173, 1173, 0.0875446, 0.156826, 1.13043e-17, 0.178664, 0.0683341, 0.571263, 2.42783e-05, 0.274899, 0.00163414, 1.19004e-09, 0.00206084, 1.95498e-05, 0.381796, 7.67056e-05, 7.53769e-07, 2.61007e-10, 3.49802e-12, 3.31679e-10, 8.06721e-11, 6.0309e-08, 0.339513, 0.139134, 1173, 1173, 0.0886344, 0.139083, 2.33916e-17, 0.23714, 0.0444192, 0.574421, 2.53743e-05, 0.249084, 0.00264203, 1.45594e-09, 0.00250408, 3.24017e-05, 0.390769, 0.00010751, 5.22287e-07, 2.4249e-10, 4.2745e-12, 3.97538e-10, 1.05597e-10, 8.66664e-08, 0.35486, 
0.00831826, 1.00015e+06, 1.00015e+06, 1.00015e+06, 1.00123e+06, 1.00091e+06, 0.168902, 1173, 1173, 0.0502987, 0.122811, 6.93383e-18, 0.132393, 0.0483215, 0.38088, 1.67483e-05, 0.271024, 0.00150057, 9.65038e-10, 0.00193932, 2.03739e-05, 0.394792, 7.1304e-05, 8.83547e-07, 2.92043e-10, 3.09222e-12, 2.73249e-10, 6.63644e-11, 6.36251e-08, 0.330652, 0.168647, 1173, 1173, 0.0575578, 0.135489, 7.86637e-18, 0.147047, 0.0538283, 0.427442, 1.87145e-05, 0.271352, 0.00151617, 9.90835e-10, 0.00195276, 2.03174e-05, 0.393463, 7.19216e-05, 8.6814e-07, 2.88586e-10, 3.1376e-12, 2.7989e-10, 6.79917e-11, 6.33399e-08, 0.331622, 0.168061, 1173, 1173, 0.0672561, 0.144255, 8.99426e-18, 0.158978, 0.0589821, 0.476614, 2.06507e-05, 0.272424, 0.00155485, 1.05677e-09, 0.00198743, 2.00919e-05, 0.389739, 7.34768e-05, 8.29083e-07, 2.79386e-10, 3.25445e-12, 2.96939e-10, 7.21588e-11, 6.23998e-08, 0.3342, 0.168291, 1173, 1173, 0.0883009, 0.158227, 1.14017e-17, 0.180243, 0.0689402, 0.576272, 2.4492e-05, 0.274898, 0.00163393, 1.1898e-09, 0.00206068, 1.95495e-05, 0.381807, 7.66976e-05, 7.53909e-07, 2.61036e-10, 3.49755e-12, 3.31616e-10, 8.06559e-11, 6.03095e-08, 0.339503, 0.138159, 1173, 1173, 0.09399, 0.14753, 2.48081e-17, 0.25154, 0.0471103, 0.609212, 2.69125e-05, 0.249078, 0.00264193, 1.45568e-09, 0.00250398, 3.24049e-05, 0.390784, 0.000107506, 5.22355e-07, 2.42517e-10, 4.27387e-12, 3.97468e-10, 1.05579e-10, 8.66749e-08, 0.354852, 
0.00832031, 1.00015e+06, 1.00015e+06, 1.00015e+06, 1.00123e+06, 1.00091e+06, 0.168874, 1173, 1173, 0.0580444, 0.141761, 8.00164e-18, 0.152808, 0.0557755, 0.439597, 1.93305e-05, 0.271024, 0.00150041, 9.6484e-10, 0.0019392, 2.03734e-05, 0.3948, 7.1298e-05, 8.83673e-07, 2.92066e-10, 3.09187e-12, 2.73198e-10, 6.63517e-11, 6.36249e-08, 0.330644, 0.168724, 1173, 1173, 0.0628396, 0.147961, 8.58821e-18, 0.160569, 0.0587811, 0.466731, 2.04351e-05, 0.271352, 0.001516, 9.90635e-10, 0.00195264, 2.03169e-05, 0.393471, 7.19152e-05, 8.6827e-07, 2.88611e-10, 3.13725e-12, 2.79839e-10, 6.79789e-11, 6.33396e-08, 0.331615, 0.168077, 1173, 1173, 0.0717876, 0.154015, 9.60005e-18, 0.169719, 0.0629701, 0.508793, 2.20455e-05, 0.272424, 0.00155467, 1.05656e-09, 0.00198729, 2.00913e-05, 0.389748, 7.34701e-05, 8.29213e-07, 2.79411e-10, 3.25407e-12, 2.96885e-10, 7.21451e-11, 6.23997e-08, 0.334192, 0.168288, 1173, 1173, 0.0872047, 0.156307, 1.12598e-17, 0.17804, 0.0680998, 0.569189, 2.41918e-05, 0.274897, 0.00163372, 1.18956e-09, 0.00206052, 1.95491e-05, 0.381818, 7.66897e-05, 7.54049e-07, 2.61065e-10, 3.49708e-12, 3.31553e-10, 8.06398e-11, 6.03101e-08, 0.339494, 0.139124, 1173, 1173, 0.0874582, 0.137318, 2.30869e-17, 0.234127, 0.0438431, 0.566953, 2.50469e-05, 0.249072, 0.00264182, 1.45542e-09, 0.00250388, 3.2408e-05, 0.390799, 0.000107501, 5.22423e-07, 2.42545e-10, 4.27325e-12, 3.97398e-10, 1.05561e-10, 8.66833e-08, 0.354843, 
0.00832237, 1.00015e+06, 1.00015e+06, 1.00015e+06, 1.00123e+06, 1.00091e+06, 0.168932, 1173, 1173, 0.0660307, 0.161309, 9.10263e-18, 0.173865, 0.0634641, 0.500151, 2.19938e-05, 0.271024, 0.00150024, 9.64641e-10, 0.00193908, 2.03729e-05, 0.394808, 7.12917e-05, 8.83805e-07, 2.92091e-10, 3.09152e-12, 2.73148e-10, 6.63389e-11, 6.36248e-08, 0.330637, 0.168671, 1173, 1173, 0.0679984, 0.16015, 9.29322e-18, 0.173782, 0.063621, 0.505114, 2.21162e-05, 0.271352, 0.00151583, 9.90435e-10, 0.0019525, 2.03163e-05, 0.393479, 7.19087e-05, 8.68404e-07, 2.88636e-10, 3.1369e-12, 2.79788e-10, 6.7966e-11, 6.33394e-08, 0.331607, 0.168085, 1173, 1173, 0.0776005, 0.16653, 1.03772e-17, 0.183494, 0.0680841, 0.550062, 2.38343e-05, 0.272424, 0.00155449, 1.05635e-09, 0.00198715, 2.00908e-05, 0.389756, 7.34631e-05, 8.29346e-07, 2.79436e-10, 3.25369e-12, 2.96832e-10, 7.21315e-11, 6.23995e-08, 0.334183, 0.168295, 1173, 1173, 0.0862525, 0.154645, 1.11365e-17, 0.17613, 0.0673715, 0.563046, 2.39314e-05, 0.274896, 0.0016335, 1.18932e-09, 0.00206036, 1.95488e-05, 0.381829, 7.66817e-05, 7.54189e-07, 2.61094e-10, 3.49662e-12, 3.31491e-10, 8.06236e-11, 6.03107e-08, 0.339484, 0.138146, 1173, 1173, 0.0808237, 0.126937, 2.13382e-17, 0.216427, 0.0405233, 0.524016, 2.31512e-05, 0.249066, 0.00264172, 1.45516e-09, 0.00250378, 3.24112e-05, 0.390813, 0.000107497, 5.22489e-07, 2.42572e-10, 4.27263e-12, 3.97329e-10, 1.05543e-10, 8.66917e-08, 0.354835, 
0.00832442, 1.00015e+06, 1.00015e+06, 1.00015e+06, 1.00123e+06, 1.00091e+06, 0.168895, 1173, 1173, 0.0667758, 0.163173, 9.20539e-18, 0.175859, 0.0641949, 0.505865, 2.22457e-05, 0.271023, 0.00150007, 9.64442e-10, 0.00193895, 2.03724e-05, 0.394816, 7.12853e-05, 8.8394e-07, 2.92116e-10, 3.09118e-12, 2.73097e-10, 6.63262e-11, 6.36246e-08, 0.330629, 0.168737, 1173, 1173, 0.067193, 0.158296, 9.18312e-18, 0.171754, 0.0628816, 0.499198, 2.18578e-05, 0.271352, 0.00151565, 9.90236e-10, 0.00195237, 2.03158e-05, 0.393488, 7.1902e-05, 8.6854e-07, 2.88661e-10, 3.13655e-12, 2.79738e-10, 6.79531e-11, 6.33392e-08, 0.331599, 0.168092, 1173, 1173, 0.0766922, 0.164624, 1.02555e-17, 0.181378, 0.0673021, 0.543693, 2.3559e-05, 0.272424, 0.0015543, 1.05614e-09, 0.00198701, 2.00903e-05, 0.389765, 7.34561e-05, 8.29481e-07, 2.79462e-10, 3.25331e-12, 2.96778e-10, 7.21178e-11, 6.23994e-08, 0.334175, 0.168293, 1173, 1173, 0.0858964, 0.154051, 1.10894e-17, 0.175437, 0.0671086, 0.560792, 2.38364e-05, 0.274896, 0.00163329, 1.18907e-09, 0.0020602, 1.95485e-05, 0.38184, 7.66738e-05, 7.54328e-07, 2.61123e-10, 3.49615e-12, 3.31428e-10, 8.06075e-11, 6.03113e-08, 0.339474, 0.139113, 1173, 1173, 0.0811517, 0.127489, 2.14274e-17, 0.217367, 0.0406938, 0.526214, 2.32494e-05, 0.24906, 0.00264162, 1.45491e-09, 0.00250368, 3.24143e-05, 0.390828, 0.000107493, 5.22554e-07, 2.42598e-10, 4.27201e-12, 3.97259e-10, 1.05525e-10, 8.67e-08, 0.354826, 
0.00832648, 1.00015e+06, 1.00015e+06, 1.00015e+06, 1.00123e+06, 1.00091e+06, 0.168941, 1173, 1173, 0.0674632, 0.164897, 9.30019e-18, 0.177702, 0.0648706, 0.511143, 2.24783e-05, 0.271023, 0.0014999, 9.64244e-10, 0.00193882, 2.03719e-05, 0.394825, 7.12789e-05, 8.84076e-07, 2.92142e-10, 3.09084e-12, 2.73047e-10, 6.63135e-11, 6.36245e-08, 0.330621, 0.168675, 1173, 1173, 0.0669593, 0.157787, 9.15116e-18, 0.171187, 0.062677, 0.497528, 2.17852e-05, 0.271352, 0.00151548, 9.90036e-10, 0.00195223, 2.03152e-05, 0.393496, 7.18954e-05, 8.68676e-07, 2.88687e-10, 3.1362e-12, 2.79687e-10, 6.79402e-11, 6.33389e-08, 0.331591, 0.168087, 1173, 1173, 0.0756805, 0.162496, 1.012e-17, 0.179017, 0.066429, 0.536589, 2.32518e-05, 0.272424, 0.00155411, 1.05594e-09, 0.00198687, 2.00897e-05, 0.389774, 7.34491e-05, 8.29616e-07, 2.79488e-10, 3.25293e-12, 2.96725e-10, 7.21042e-11, 6.23992e-08, 0.334167, 0.168301, 1173, 1173, 0.0856114, 0.153584, 1.10525e-17, 0.174889, 0.0669012, 0.559002, 2.37611e-05, 0.274895, 0.00163308, 1.18883e-09, 0.00206005, 1.95482e-05, 0.381851, 7.66659e-05, 7.54467e-07, 2.61151e-10, 3.49568e-12, 3.31366e-10, 8.05913e-11, 6.03119e-08, 0.339464, 0.138137, 1173, 1173, 0.0815002, 0.128073, 2.15221e-17, 0.218362, 0.0408748, 0.528546, 2.33536e-05, 0.249054, 0.00264152, 1.45465e-09, 0.00250358, 3.24175e-05, 0.390842, 0.000107489, 5.2262e-07, 2.42625e-10, 4.27139e-12, 3.9719e-10, 1.05506e-10, 8.67084e-08, 0.354818, 
0.00832854, 1.00015e+06, 1.00015e+06, 1.00015e+06, 1.00123e+06, 1.00091e+06, 0.168903, 1173, 1173, 0.0682055, 0.166757, 9.40257e-18, 0.179691, 0.0655993, 0.516839, 2.27294e-05, 0.271023, 0.00149973, 9.64045e-10, 0.00193869, 2.03713e-05, 0.394833, 7.12724e-05, 8.84212e-07, 2.92167e-10, 3.0905e-12, 2.72997e-10, 6.63007e-11, 6.36243e-08, 0.330613, 0.168743, 1173, 1173, 0.0669381, 0.157779, 9.14823e-18, 0.171164, 0.0626713, 0.497437, 2.17818e-05, 0.271352, 0.0015153, 9.89837e-10, 0.0019521, 2.03147e-05, 0.393505, 7.18888e-05, 8.68811e-07, 2.88712e-10, 3.13586e-12, 2.79636e-10, 6.79274e-11, 6.33387e-08, 0.331583, 0.168097, 1173, 1173, 0.0758631, 0.162931, 1.01443e-17, 0.179481, 0.0666041, 0.537953, 2.33116e-05, 0.272424, 0.00155393, 1.05573e-09, 0.00198673, 2.00892e-05, 0.389783, 7.34422e-05, 8.2975e-07, 2.79514e-10, 3.25255e-12, 2.96672e-10, 7.20905e-11, 6.23991e-08, 0.334158, 0.168299, 1173, 1173, 0.0854007, 0.15325, 1.10251e-17, 0.174493, 0.0667516, 0.557697, 2.37064e-05, 0.274894, 0.00163287, 1.18859e-09, 0.00205989, 1.95479e-05, 0.381861, 7.66581e-05, 7.54605e-07, 2.6118e-10, 3.49521e-12, 3.31303e-10, 8.05752e-11, 6.03124e-08, 0.339455, 0.139104, 1173, 1173, 0.0812834, 0.127769, 2.14675e-17, 0.217842, 0.0407722, 0.527212, 2.32958e-05, 0.249048, 0.00264142, 1.4544e-09, 0.00250349, 3.24206e-05, 0.390857, 0.000107485, 5.22686e-07, 2.42652e-10, 4.27077e-12, 3.97121e-10, 1.05488e-10, 8.67168e-08, 0.35481, 
0.00833059, 1.00015e+06, 1.00015e+06, 1.00015e+06, 1.00123e+06, 1.00091e+06, 0.168949, 1173, 1173, 0.0689201, 0.168549, 9.50111e-18, 0.181607, 0.0663016, 0.522325, 2.29713e-05, 0.271023, 0.00149956, 9.63847e-10, 0.00193855, 2.03708e-05, 0.394842, 7.12659e-05, 8.84349e-07, 2.92193e-10, 3.09016e-12, 2.72946e-10, 6.6288e-11, 6.36242e-08, 0.330605, 0.168681, 1173, 1173, 0.0669213, 0.157781, 9.14589e-18, 0.171151, 0.0626696, 0.497378, 2.17798e-05, 0.271352, 0.00151513, 9.89637e-10, 0.00195197, 2.03141e-05, 0.393513, 7.18822e-05, 8.68946e-07, 2.88738e-10, 3.13551e-12, 2.79586e-10, 6.79145e-11, 6.33385e-08, 0.331575, 0.168094, 1173, 1173, 0.076097, 0.163477, 1.01754e-17, 0.180066, 0.0668243, 0.53968, 2.33871e-05, 0.272424, 0.00155374, 1.05552e-09, 0.00198659, 2.00887e-05, 0.389792, 7.34352e-05, 8.29885e-07, 2.7954e-10, 3.25218e-12, 2.96619e-10, 7.20769e-11, 6.2399e-08, 0.33415, 0.168307, 1173, 1173, 0.0852793, 0.153076, 1.10093e-17, 0.174278, 0.066672, 0.556976, 2.36764e-05, 0.274893, 0.00163266, 1.18835e-09, 0.00205973, 1.95475e-05, 0.381872, 7.66502e-05, 7.54744e-07, 2.61209e-10, 3.49474e-12, 3.31241e-10, 8.05591e-11, 6.0313e-08, 0.339445, 0.138127, 1173, 1173, 0.0812596, 0.127768, 2.14638e-17, 0.217839, 0.0407664, 0.527129, 2.32932e-05, 0.249042, 0.00264132, 1.45414e-09, 0.00250339, 3.24238e-05, 0.390871, 0.000107481, 5.22751e-07, 2.42679e-10, 4.27015e-12, 3.97052e-10, 1.0547e-10, 8.67251e-08, 0.354801, 
0.00833265, 1.00015e+06, 1.00015e+06, 1.00015e+06, 1.00123e+06, 1.00091e+06, 0.16891, 1173, 1173, 0.0685238, 0.167625, 9.44651e-18, 0.180596, 0.0659354, 0.519393, 2.2843e-05, 0.271022, 0.00149939, 9.63648e-10, 0.00193842, 2.03703e-05, 0.39485, 7.12594e-05, 8.84487e-07, 2.92219e-10, 3.08982e-12, 2.72896e-10, 6.62753e-11, 6.3624e-08, 0.330597, 0.168748, 1173, 1173, 0.0665405, 0.156925, 9.09381e-18, 0.170208, 0.062327, 0.494614, 2.16594e-05, 0.271352, 0.00151495, 9.89438e-10, 0.00195183, 2.03136e-05, 0.393521, 7.18756e-05, 8.69082e-07, 2.88763e-10, 3.13516e-12, 2.79535e-10, 6.79017e-11, 6.33383e-08, 0.331567, 0.168103, 1173, 1173, 0.0760847, 0.163494, 1.01735e-17, 0.180069, 0.0668284, 0.539662, 2.33869e-05, 0.272424, 0.00155356, 1.05531e-09, 0.00198645, 2.00881e-05, 0.3898, 7.34283e-05, 8.30019e-07, 2.79565e-10, 3.2518e-12, 2.96565e-10, 7.20633e-11, 6.23988e-08, 0.334142, 0.168305, 1173, 1173, 0.085301, 0.153159, 1.10119e-17, 0.174357, 0.066704, 0.557188, 2.36862e-05, 0.274893, 0.00163245, 1.1881e-09, 0.00205957, 1.95472e-05, 0.381883, 7.66423e-05, 7.54882e-07, 2.61237e-10, 3.49427e-12, 3.31178e-10, 8.0543e-11, 6.03136e-08, 0.339435, 0.139094, 1173, 1173, 0.0816947, 0.12849, 2.15814e-17, 0.219067, 0.0409909, 0.530025, 2.34223e-05, 0.249036, 0.00264122, 1.45389e-09, 0.00250329, 3.24269e-05, 0.390886, 0.000107477, 5.22817e-07, 2.42706e-10, 4.26953e-12, 3.96983e-10, 1.05452e-10, 8.67335e-08, 0.354793, 
0.0083347, 1.00015e+06, 1.00015e+06, 1.00015e+06, 1.00123e+06, 1.00091e+06, 0.168954, 1173, 1173, 0.0681636, 0.166789, 9.39688e-18, 0.17968, 0.0656037, 0.516734, 2.27266e-05, 0.271022, 0.00149922, 9.6345e-10, 0.00193829, 2.03698e-05, 0.394858, 7.12529e-05, 8.84623e-07, 2.92244e-10, 3.08948e-12, 2.72846e-10, 6.62626e-11, 6.36239e-08, 0.330589, 0.168686, 1173, 1173, 0.0663514, 0.156521, 9.06793e-18, 0.169755, 0.0621638, 0.493274, 2.16013e-05, 0.271352, 0.00151478, 9.89239e-10, 0.0019517, 2.0313e-05, 0.39353, 7.1869e-05, 8.69217e-07, 2.88788e-10, 3.13481e-12, 2.79485e-10, 6.78888e-11, 6.3338e-08, 0.331559, 0.1681, 1173, 1173, 0.0762838, 0.163965, 1.02e-17, 0.180572, 0.0670181, 0.541143, 2.34518e-05, 0.272424, 0.00155337, 1.0551e-09, 0.00198631, 2.00876e-05, 0.389809, 7.34213e-05, 8.30154e-07, 2.79591e-10, 3.25142e-12, 2.96512e-10, 7.20497e-11, 6.23987e-08, 0.334133, 0.168314, 1173, 1173, 0.0859391, 0.154349, 1.10941e-17, 0.175695, 0.0672183, 0.561428, 2.38672e-05, 0.274892, 0.00163224, 1.18786e-09, 0.00205941, 1.95469e-05, 0.381894, 7.66345e-05, 7.55021e-07, 2.61266e-10, 3.4938e-12, 3.31116e-10, 8.05268e-11, 6.03141e-08, 0.339426, 0.138118, 1173, 1173, 0.0805762, 0.126767, 2.12886e-17, 0.216129, 0.0404358, 0.522839, 2.31059e-05, 0.24903, 0.00264112, 1.45363e-09, 0.00250319, 3.24301e-05, 0.3909, 0.000107472, 5.22882e-07, 2.42733e-10, 4.26891e-12, 3.96913e-10, 1.05434e-10, 8.67418e-08, 0.354785, 
0.00833676, 1.00015e+06, 1.00015e+06, 1.00015e+06, 1.00123e+06, 1.00091e+06, 0.168915, 1173, 1173, 0.0682251, 0.166985, 9.4054e-18, 0.179875, 0.065678, 0.517273, 2.27509e-05, 0.271022, 0.00149905, 9.63252e-10, 0.00193816, 2.03693e-05, 0.394867, 7.12465e-05, 8.8476e-07, 2.9227e-10, 3.08914e-12, 2.72796e-10, 6.62499e-11, 6.36237e-08, 0.330581, 0.168755, 1173, 1173, 0.0666491, 0.157265, 9.10857e-18, 0.170547, 0.0624567, 0.495553, 2.17017e-05, 0.271351, 0.0015146, 9.89039e-10, 0.00195157, 2.03125e-05, 0.393538, 7.18624e-05, 8.69352e-07, 2.88814e-10, 3.13447e-12, 2.79434e-10, 6.7876e-11, 6.33378e-08, 0.331551, 0.168109, 1173, 1173, 0.0761456, 0.163712, 1.01813e-17, 0.180276, 0.0669115, 0.540231, 2.34129e-05, 0.272423, 0.00155319, 1.05489e-09, 0.00198617, 2.0087e-05, 0.389818, 7.34143e-05, 8.30288e-07, 2.79617e-10, 3.25104e-12, 2.96459e-10, 7.2036e-11, 6.23985e-08, 0.334125, 0.168313, 1173, 1173, 0.0872636, 0.156773, 1.12649e-17, 0.178438, 0.0682698, 0.570153, 2.42389e-05, 0.274891, 0.00163203, 1.18762e-09, 0.00205926, 1.95466e-05, 0.381905, 7.66266e-05, 7.5516e-07, 2.61295e-10, 3.49334e-12, 3.31053e-10, 8.05107e-11, 6.03147e-08, 0.339416, 0.139084, 1173, 1173, 0.0782283, 0.123108, 2.06708e-17, 0.20989, 0.0392634, 0.507674, 2.24368e-05, 0.249024, 0.00264103, 1.45338e-09, 0.00250309, 3.24332e-05, 0.390915, 0.000107468, 5.22947e-07, 2.42759e-10, 4.26829e-12, 3.96844e-10, 1.05416e-10, 8.67502e-08, 0.354777, 
0.00833882, 1.00015e+06, 1.00015e+06, 1.00015e+06, 1.00123e+06, 1.00091e+06, 0.16896, 1173, 1173, 0.0683588, 0.167358, 9.42385e-18, 0.180261, 0.0658217, 0.518357, 2.27992e-05, 0.271022, 0.00149888, 9.63054e-10, 0.00193803, 2.03688e-05, 0.394875, 7.124e-05, 8.84897e-07, 2.92296e-10, 3.0888e-12, 2.72745e-10, 6.62372e-11, 6.36236e-08, 0.330573, 0.168693, 1173, 1173, 0.0669665, 0.158056, 9.1519e-18, 0.171389, 0.0627682, 0.497979, 2.18085e-05, 0.271351, 0.00151443, 9.8884e-10, 0.00195143, 2.03119e-05, 0.393547, 7.18558e-05, 8.69487e-07, 2.88839e-10, 3.13412e-12, 2.79383e-10, 6.78632e-11, 6.33376e-08, 0.331543, 0.168106, 1173, 1173, 0.0762331, 0.163943, 1.01929e-17, 0.180515, 0.0670032, 0.540921, 2.34435e-05, 0.272423, 0.001553, 1.05468e-09, 0.00198604, 2.00865e-05, 0.389827, 7.34074e-05, 8.30423e-07, 2.79643e-10, 3.25066e-12, 2.96406e-10, 7.20224e-11, 6.23984e-08, 0.334117, 0.168321, 1173, 1173, 0.0862275, 0.154956, 1.11309e-17, 0.176353, 0.0674745, 0.563454, 2.39549e-05, 0.27489, 0.00163182, 1.18738e-09, 0.0020591, 1.95463e-05, 0.381916, 7.66186e-05, 7.55299e-07, 2.61323e-10, 3.49287e-12, 3.30991e-10, 8.04946e-11, 6.03153e-08, 0.339406, 0.138108, 1173, 1173, 0.0806245, 0.126915, 2.13066e-17, 0.216379, 0.0404722, 0.523295, 2.31283e-05, 0.249018, 0.00264093, 1.45312e-09, 0.002503, 3.24364e-05, 0.390929, 0.000107464, 5.23013e-07, 2.42786e-10, 4.26767e-12, 3.96775e-10, 1.05398e-10, 8.67585e-08, 0.354768, 
0.00834087, 1.00015e+06, 1.00015e+06, 1.00015e+06, 1.00123e+06, 1.00091e+06, 0.168925, 1173, 1173, 0.070501, 0.172649, 9.7192e-18, 0.185944, 0.0678998, 0.534674, 2.35176e-05, 0.271021, 0.00149871, 9.62856e-10, 0.00193789, 2.03682e-05, 0.394884, 7.12335e-05, 8.85035e-07, 2.92321e-10, 3.08846e-12, 2.72695e-10, 6.62245e-11, 6.36234e-08, 0.330566, 0.168761, 1173, 1173, 0.0668463, 0.157814, 9.13543e-18, 0.171112, 0.0626695, 0.497151, 2.17728e-05, 0.271351, 0.00151425, 9.88641e-10, 0.0019513, 2.03114e-05, 0.393555, 7.18492e-05, 8.69622e-07, 2.88864e-10, 3.13377e-12, 2.79333e-10, 6.78503e-11, 6.33374e-08, 0.331535, 0.168118, 1173, 1173, 0.0774057, 0.166509, 1.03495e-17, 0.183324, 0.0680489, 0.549311, 2.38078e-05, 0.272423, 0.00155281, 1.05447e-09, 0.00198589, 2.0086e-05, 0.389836, 7.34004e-05, 8.30558e-07, 2.79669e-10, 3.25029e-12, 2.96353e-10, 7.20088e-11, 6.23983e-08, 0.334108, 0.168316, 1173, 1173, 0.0830731, 0.149331, 1.07235e-17, 0.169935, 0.0650209, 0.542911, 2.30822e-05, 0.27489, 0.00163161, 1.18713e-09, 0.00205894, 1.95459e-05, 0.381926, 7.66108e-05, 7.55437e-07, 2.61352e-10, 3.4924e-12, 3.30929e-10, 8.04786e-11, 6.03159e-08, 0.339396, 0.139076, 1173, 1173, 0.0833517, 0.131246, 2.20301e-17, 0.223761, 0.0418475, 0.54107, 2.3915e-05, 0.249012, 0.00264083, 1.45287e-09, 0.0025029, 3.24396e-05, 0.390944, 0.00010746, 5.23078e-07, 2.42813e-10, 4.26705e-12, 3.96706e-10, 1.0538e-10, 8.67669e-08, 0.35476, 
0.00834293, 1.00015e+06, 1.00015e+06, 1.00015e+06, 1.00123e+06, 1.00091e+06, 0.168966, 1173, 1173, 0.0687707, 0.168457, 9.48069e-18, 0.181414, 0.0662484, 0.521624, 2.29441e-05, 0.271021, 0.00149853, 9.62658e-10, 0.00193776, 2.03677e-05, 0.394892, 7.12269e-05, 8.85173e-07, 2.92347e-10, 3.08812e-12, 2.72645e-10, 6.62119e-11, 6.36233e-08, 0.330558, 0.168699, 1173, 1173, 0.0668536, 0.157873, 9.13638e-18, 0.171161, 0.0626905, 0.497271, 2.17787e-05, 0.271351, 0.00151408, 9.88442e-10, 0.00195117, 2.03108e-05, 0.393563, 7.18426e-05, 8.69757e-07, 2.8889e-10, 3.13343e-12, 2.79282e-10, 6.78375e-11, 6.33371e-08, 0.331527, 0.168114, 1173, 1173, 0.0769178, 0.165504, 1.02841e-17, 0.182201, 0.067635, 0.545918, 2.36614e-05, 0.272423, 0.00155263, 1.05427e-09, 0.00198575, 2.00854e-05, 0.389844, 7.33934e-05, 8.30693e-07, 2.79694e-10, 3.24991e-12, 2.96299e-10, 7.19952e-11, 6.23981e-08, 0.3341, 0.168327, 1173, 1173, 0.0856686, 0.154041, 1.10583e-17, 0.175278, 0.0670676, 0.559945, 2.38072e-05, 0.274889, 0.0016314, 1.18689e-09, 0.00205878, 1.95456e-05, 0.381937, 7.6603e-05, 7.55575e-07, 2.6138e-10, 3.49193e-12, 3.30866e-10, 8.04625e-11, 6.03165e-08, 0.339387, 0.138098, 1173, 1173, 0.0794264, 0.125101, 2.09952e-17, 0.213284, 0.0398828, 0.51566, 2.2793e-05, 0.249006, 0.00264073, 1.45261e-09, 0.0025028, 3.24427e-05, 0.390958, 0.000107456, 5.23144e-07, 2.4284e-10, 4.26644e-12, 3.96637e-10, 1.05362e-10, 8.67753e-08, 0.354752, 
0.00834498, 1.00015e+06, 1.00015e+06, 1.00015e+06, 1.00123e+06, 1.00091e+06, 0.168926, 1173, 1173, 0.067668, 0.165801, 9.32869e-18, 0.178538, 0.065201, 0.51333, 2.258e-05, 0.271021, 0.00149836, 9.6246e-10, 0.00193763, 2.03672e-05, 0.394901, 7.12205e-05, 8.85309e-07, 2.92373e-10, 3.08778e-12, 2.72595e-10, 6.61992e-11, 6.36231e-08, 0.33055, 0.168768, 1173, 1173, 0.0674467, 0.159316, 9.21741e-18, 0.172711, 0.0632609, 0.50175, 2.19754e-05, 0.271351, 0.0015139, 9.88243e-10, 0.00195103, 2.03103e-05, 0.393572, 7.1836e-05, 8.69893e-07, 2.88915e-10, 3.13308e-12, 2.79232e-10, 6.78247e-11, 6.33369e-08, 0.331519, 0.168119, 1173, 1173, 0.0750455, 0.161518, 1.00336e-17, 0.177797, 0.0660033, 0.532697, 2.3089e-05, 0.272423, 0.00155244, 1.05406e-09, 0.00198561, 2.00849e-05, 0.389853, 7.33864e-05, 8.30827e-07, 2.7972e-10, 3.24953e-12, 2.96246e-10, 7.19816e-11, 6.2398e-08, 0.334091, 0.168324, 1173, 1173, 0.08485, 0.152612, 1.09524e-17, 0.173637, 0.0664418, 0.554665, 2.35834e-05, 0.274888, 0.0016312, 1.18665e-09, 0.00205863, 1.95453e-05, 0.381948, 7.65952e-05, 7.55713e-07, 2.61409e-10, 3.49147e-12, 3.30804e-10, 8.04464e-11, 6.0317e-08, 0.339377, 0.139066, 1173, 1173, 0.0825501, 0.130058, 2.18236e-17, 0.221734, 0.0414575, 0.536013, 2.36938e-05, 0.249, 0.00264063, 1.45236e-09, 0.00250271, 3.24459e-05, 0.390973, 0.000107452, 5.23209e-07, 2.42867e-10, 4.26582e-12, 3.96568e-10, 1.05344e-10, 8.67836e-08, 0.354744, 
0.00834704, 1.00015e+06, 1.00015e+06, 1.00015e+06, 1.00123e+06, 1.00091e+06, 0.16897, 1173, 1173, 0.0674876, 0.165404, 9.30385e-18, 0.178095, 0.065042, 0.512033, 2.25235e-05, 0.271021, 0.00149819, 9.62262e-10, 0.0019375, 2.03667e-05, 0.394909, 7.1214e-05, 8.85445e-07, 2.92398e-10, 3.08744e-12, 2.72545e-10, 6.61865e-11, 6.3623e-08, 0.330542, 0.168708, 1173, 1173, 0.0686096, 0.162106, 9.37629e-18, 0.17572, 0.064366, 0.510469, 2.23579e-05, 0.271351, 0.00151373, 9.88044e-10, 0.0019509, 2.03097e-05, 0.39358, 7.18294e-05, 8.70029e-07, 2.88941e-10, 3.13273e-12, 2.79181e-10, 6.78119e-11, 6.33367e-08, 0.331511, 0.168121, 1173, 1173, 0.0773874, 0.166602, 1.03465e-17, 0.183377, 0.0680781, 0.54939, 2.38132e-05, 0.272423, 0.00155226, 1.05385e-09, 0.00198547, 2.00844e-05, 0.389862, 7.33795e-05, 8.30962e-07, 2.79746e-10, 3.24916e-12, 2.96193e-10, 7.19681e-11, 6.23979e-08, 0.334083, 0.168333, 1173, 1173, 0.0854517, 0.153739, 1.10298e-17, 0.174902, 0.0669282, 0.55867, 2.37544e-05, 0.274888, 0.00163099, 1.18641e-09, 0.00205847, 1.9545e-05, 0.381959, 7.65873e-05, 7.55852e-07, 2.61438e-10, 3.491e-12, 3.30742e-10, 8.04303e-11, 6.03176e-08, 0.339367, 0.138089, 1173, 1173, 0.0776188, 0.122324, 2.05225e-17, 0.208547, 0.0389868, 0.504062, 2.22825e-05, 0.248994, 0.00264054, 1.4521e-09, 0.00250261, 3.2449e-05, 0.390987, 0.000107448, 5.23274e-07, 2.42893e-10, 4.2652e-12, 3.96499e-10, 1.05326e-10, 8.6792e-08, 0.354735, 
0.0083491, 1.00015e+06, 1.00015e+06, 1.00015e+06, 1.00123e+06, 1.00091e+06, 0.168938, 1173, 1173, 0.0710101, 0.174084, 9.78948e-18, 0.187426, 0.0684524, 0.538832, 2.3703e-05, 0.27102, 0.00149802, 9.62064e-10, 0.00193737, 2.03662e-05, 0.394918, 7.12075e-05, 8.85583e-07, 2.92424e-10, 3.0871e-12, 2.72495e-10, 6.61739e-11, 6.36228e-08, 0.330534, 0.168763, 1173, 1173, 0.0615516, 0.145468, 8.41168e-18, 0.157672, 0.0577575, 0.458017, 2.00611e-05, 0.271351, 0.00151356, 9.87846e-10, 0.00195077, 2.03092e-05, 0.393588, 7.18229e-05, 8.70163e-07, 2.88966e-10, 3.13239e-12, 2.79131e-10, 6.77991e-11, 6.33365e-08, 0.331503, 0.16812, 1173, 1173, 0.0720573, 0.155168, 9.63374e-18, 0.170777, 0.0634032, 0.511616, 2.21765e-05, 0.272423, 0.00155207, 1.05364e-09, 0.00198534, 2.00838e-05, 0.389871, 7.33726e-05, 8.31095e-07, 2.79771e-10, 3.24878e-12, 2.9614e-10, 7.19545e-11, 6.23977e-08, 0.334075, 0.16833, 1173, 1173, 0.0850847, 0.153122, 1.09822e-17, 0.174185, 0.0666558, 0.556341, 2.36562e-05, 0.274887, 0.00163078, 1.18617e-09, 0.00205831, 1.95447e-05, 0.381969, 7.65795e-05, 7.5599e-07, 2.61466e-10, 3.49053e-12, 3.30679e-10, 8.04143e-11, 6.03182e-08, 0.339358, 0.139057, 1173, 1173, 0.0879904, 0.138709, 2.32677e-17, 0.23648, 0.044203, 0.571494, 2.52647e-05, 0.248988, 0.00264044, 1.45185e-09, 0.00250251, 3.24522e-05, 0.391002, 0.000107444, 5.2334e-07, 2.4292e-10, 4.26458e-12, 3.9643e-10, 1.05308e-10, 8.68004e-08, 0.354727, 
0.00835115, 1.00015e+06, 1.00015e+06, 1.00015e+06, 1.00123e+06, 1.00091e+06, 0.168977, 1173, 1173, 0.0679413, 0.166606, 9.36644e-18, 0.179359, 0.0655091, 0.515617, 2.26824e-05, 0.27102, 0.00149785, 9.61867e-10, 0.00193723, 2.03657e-05, 0.394926, 7.1201e-05, 8.85721e-07, 2.9245e-10, 3.08677e-12, 2.72444e-10, 6.61612e-11, 6.36227e-08, 0.330526, 0.168711, 1173, 1173, 0.0665463, 0.157314, 9.09422e-18, 0.170496, 0.0624583, 0.49525, 2.16924e-05, 0.271351, 0.00151338, 9.87647e-10, 0.00195064, 2.03086e-05, 0.393597, 7.18164e-05, 8.70296e-07, 2.88991e-10, 3.13204e-12, 2.79081e-10, 6.77863e-11, 6.33362e-08, 0.331496, 0.168125, 1173, 1173, 0.0766203, 0.165038, 1.02436e-17, 0.181624, 0.0674332, 0.544084, 2.35845e-05, 0.272423, 0.00155189, 1.05343e-09, 0.0019852, 2.00833e-05, 0.389879, 7.33657e-05, 8.31228e-07, 2.79797e-10, 3.2484e-12, 2.96087e-10, 7.19409e-11, 6.23976e-08, 0.334067, 0.168339, 1173, 1173, 0.0854994, 0.153913, 1.10355e-17, 0.175068, 0.0669959, 0.559124, 2.37752e-05, 0.274886, 0.00163057, 1.18593e-09, 0.00205815, 1.95443e-05, 0.38198, 7.65717e-05, 7.56128e-07, 2.61495e-10, 3.49007e-12, 3.30617e-10, 8.03982e-11, 6.03187e-08, 0.339348, 0.13808, 1173, 1173, 0.0807864, 0.127389, 2.13654e-17, 0.21718, 0.0405901, 0.524776, 2.32005e-05, 0.248982, 0.00264034, 1.45159e-09, 0.00250241, 3.24553e-05, 0.391016, 0.00010744, 5.23406e-07, 2.42947e-10, 4.26396e-12, 3.96361e-10, 1.05289e-10, 8.68088e-08, 0.354719, 
0.00835321, 1.00015e+06, 1.00015e+06, 1.00015e+06, 1.00123e+06, 1.00091e+06, 0.168938, 1173, 1173, 0.0677334, 0.166141, 9.3378e-18, 0.178843, 0.0653234, 0.514109, 2.26166e-05, 0.27102, 0.00149768, 9.61669e-10, 0.0019371, 2.03652e-05, 0.394935, 7.11946e-05, 8.85857e-07, 2.92475e-10, 3.08643e-12, 2.72394e-10, 6.61486e-11, 6.36226e-08, 0.330518, 0.168778, 1173, 1173, 0.0666833, 0.15768, 9.1129e-18, 0.170878, 0.0626009, 0.496336, 2.17405e-05, 0.27135, 0.00151321, 9.87448e-10, 0.00195051, 2.03081e-05, 0.393605, 7.18098e-05, 8.70431e-07, 2.89016e-10, 3.13169e-12, 2.7903e-10, 6.77735e-11, 6.3336e-08, 0.331488, 0.168133, 1173, 1173, 0.0760833, 0.163925, 1.01717e-17, 0.180382, 0.0669754, 0.540339, 2.34228e-05, 0.272422, 0.00155171, 1.05323e-09, 0.00198506, 2.00828e-05, 0.389888, 7.33587e-05, 8.31363e-07, 2.79823e-10, 3.24803e-12, 2.96034e-10, 7.19273e-11, 6.23974e-08, 0.334058, 0.168337, 1173, 1173, 0.0856123, 0.15416, 1.10498e-17, 0.175333, 0.0670997, 0.559933, 2.38104e-05, 0.274885, 0.00163036, 1.18568e-09, 0.002058, 1.9544e-05, 0.381991, 7.65638e-05, 7.56267e-07, 2.61523e-10, 3.4896e-12, 3.30555e-10, 8.03821e-11, 6.03193e-08, 0.339338, 0.139046, 1173, 1173, 0.0796696, 0.125664, 2.10726e-17, 0.214238, 0.040035, 0.517592, 2.2884e-05, 0.248976, 0.00264024, 1.45134e-09, 0.00250231, 3.24585e-05, 0.391031, 0.000107436, 5.23472e-07, 2.42974e-10, 4.26334e-12, 3.96292e-10, 1.05271e-10, 8.68171e-08, 0.354711, 
0.00835526, 1.00015e+06, 1.00015e+06, 1.00015e+06, 1.00123e+06, 1.00091e+06, 0.168981, 1173, 1173, 0.067384, 0.165328, 9.28966e-18, 0.177953, 0.0650013, 0.511528, 2.25037e-05, 0.27102, 0.00149751, 9.61471e-10, 0.00193697, 2.03646e-05, 0.394943, 7.11882e-05, 8.85993e-07, 2.92501e-10, 3.08609e-12, 2.72344e-10, 6.61359e-11, 6.36224e-08, 0.33051, 0.168717, 1173, 1173, 0.0669985, 0.158467, 9.15593e-18, 0.171716, 0.0629109, 0.498748, 2.18468e-05, 0.27135, 0.00151304, 9.8725e-10, 0.00195037, 2.03075e-05, 0.393613, 7.18032e-05, 8.70566e-07, 2.89041e-10, 3.13135e-12, 2.7898e-10, 6.77607e-11, 6.33358e-08, 0.33148, 0.168131, 1173, 1173, 0.0761824, 0.164182, 1.01848e-17, 0.180649, 0.0670774, 0.541112, 2.3457e-05, 0.272422, 0.00155152, 1.05302e-09, 0.00198492, 2.00822e-05, 0.389897, 7.33518e-05, 8.31497e-07, 2.79848e-10, 3.24765e-12, 2.95981e-10, 7.19138e-11, 6.23973e-08, 0.33405, 0.168346, 1173, 1173, 0.0857853, 0.154516, 1.10718e-17, 0.175721, 0.0672505, 0.561136, 2.38623e-05, 0.274885, 0.00163015, 1.18544e-09, 0.00205784, 1.95437e-05, 0.382002, 7.6556e-05, 7.56405e-07, 2.61552e-10, 3.48914e-12, 3.30493e-10, 8.03661e-11, 6.03199e-08, 0.339329, 0.13807, 1173, 1173, 0.0789912, 0.12463, 2.08958e-17, 0.212473, 0.0397001, 0.513255, 2.26933e-05, 0.24897, 0.00264014, 1.45108e-09, 0.00250222, 3.24616e-05, 0.391045, 0.000107431, 5.23537e-07, 2.43001e-10, 4.26273e-12, 3.96223e-10, 1.05253e-10, 8.68255e-08, 0.354702, 
0.00835732, 1.00015e+06, 1.00015e+06, 1.00015e+06, 1.00123e+06, 1.00091e+06, 0.168944, 1173, 1173, 0.0678118, 0.166423, 9.34866e-18, 0.179116, 0.0654288, 0.514847, 2.26503e-05, 0.271019, 0.00149734, 9.61274e-10, 0.00193684, 2.03641e-05, 0.394951, 7.11817e-05, 8.86129e-07, 2.92526e-10, 3.08575e-12, 2.72294e-10, 6.61233e-11, 6.36222e-08, 0.330502, 0.168784, 1173, 1173, 0.0668992, 0.158274, 9.14232e-18, 0.171492, 0.0628318, 0.498075, 2.18179e-05, 0.27135, 0.00151286, 9.87051e-10, 0.00195024, 2.0307e-05, 0.393622, 7.17967e-05, 8.70701e-07, 2.89066e-10, 3.131e-12, 2.78929e-10, 6.77479e-11, 6.33356e-08, 0.331472, 0.168139, 1173, 1173, 0.0762072, 0.164279, 1.01879e-17, 0.18074, 0.0671141, 0.541357, 2.34683e-05, 0.272422, 0.00155134, 1.05281e-09, 0.00198478, 2.00817e-05, 0.389906, 7.33449e-05, 8.31631e-07, 2.79874e-10, 3.24728e-12, 2.95928e-10, 7.19002e-11, 6.23971e-08, 0.334042, 0.168343, 1173, 1173, 0.085449, 0.153955, 1.10282e-17, 0.175067, 0.067002, 0.559007, 2.37725e-05, 0.274884, 0.00162994, 1.1852e-09, 0.00205768, 1.95434e-05, 0.382012, 7.65481e-05, 7.56544e-07, 2.6158e-10, 3.48867e-12, 3.3043e-10, 8.03501e-11, 6.03205e-08, 0.339319, 0.139037, 1173, 1173, 0.0790694, 0.124789, 2.09191e-17, 0.212743, 0.0397454, 0.513833, 2.272e-05, 0.248964, 0.00264004, 1.45083e-09, 0.00250212, 3.24648e-05, 0.391059, 0.000107427, 5.23601e-07, 2.43027e-10, 4.26211e-12, 3.96154e-10, 1.05235e-10, 8.68338e-08, 0.354694, 
0.00835938, 1.00015e+06, 1.00015e+06, 1.00015e+06, 1.00123e+06, 1.00091e+06, 0.168989, 1173, 1173, 0.0680435, 0.167036, 9.38062e-18, 0.179761, 0.0656673, 0.516677, 2.27314e-05, 0.271019, 0.00149717, 9.61077e-10, 0.00193671, 2.03636e-05, 0.39496, 7.11753e-05, 8.86265e-07, 2.92552e-10, 3.08541e-12, 2.72244e-10, 6.61106e-11, 6.36221e-08, 0.330495, 0.168723, 1173, 1173, 0.066796, 0.158072, 9.12817e-18, 0.171258, 0.0627489, 0.497372, 2.17877e-05, 0.27135, 0.00151269, 9.86853e-10, 0.00195011, 2.03064e-05, 0.39363, 7.17901e-05, 8.70836e-07, 2.89092e-10, 3.13066e-12, 2.78879e-10, 6.77351e-11, 6.33353e-08, 0.331464, 0.168136, 1173, 1173, 0.0761349, 0.164167, 1.01781e-17, 0.1806, 0.0670653, 0.540912, 2.34497e-05, 0.272422, 0.00155115, 1.0526e-09, 0.00198464, 2.00812e-05, 0.389915, 7.33379e-05, 8.31766e-07, 2.799e-10, 3.2469e-12, 2.95875e-10, 7.18866e-11, 6.2397e-08, 0.334033, 0.168352, 1173, 1173, 0.0851729, 0.153501, 1.09923e-17, 0.174535, 0.0668007, 0.557272, 2.36995e-05, 0.274883, 0.00162973, 1.18496e-09, 0.00205752, 1.95431e-05, 0.382023, 7.65403e-05, 7.56682e-07, 2.61609e-10, 3.48821e-12, 3.30368e-10, 8.0334e-11, 6.0321e-08, 0.339309, 0.138061, 1173, 1173, 0.0789294, 0.124604, 2.08846e-17, 0.212426, 0.0396809, 0.512994, 2.26839e-05, 0.248958, 0.00263995, 1.45057e-09, 0.00250202, 3.24679e-05, 0.391074, 0.000107423, 5.23666e-07, 2.43054e-10, 4.26149e-12, 3.96085e-10, 1.05217e-10, 8.68422e-08, 0.354686, 
0.00836143, 1.00015e+06, 1.00015e+06, 1.00015e+06, 1.00123e+06, 1.00091e+06, 0.168949, 1173, 1173, 0.0674603, 0.165649, 9.30026e-18, 0.178253, 0.0651193, 0.512319, 2.25403e-05, 0.271019, 0.001497, 9.60879e-10, 0.00193658, 2.03631e-05, 0.394968, 7.11689e-05, 8.86401e-07, 2.92577e-10, 3.08507e-12, 2.72194e-10, 6.6098e-11, 6.36219e-08, 0.330487, 0.16879, 1173, 1173, 0.0667233, 0.157942, 9.11819e-18, 0.171103, 0.0626946, 0.496897, 2.17675e-05, 0.27135, 0.00151251, 9.86655e-10, 0.00194997, 2.03059e-05, 0.393639, 7.17835e-05, 8.70971e-07, 2.89117e-10, 3.13031e-12, 2.78829e-10, 6.77224e-11, 6.33351e-08, 0.331456, 0.168145, 1173, 1173, 0.0761952, 0.16434, 1.0186e-17, 0.180775, 0.0671333, 0.54141, 2.34719e-05, 0.272422, 0.00155097, 1.05239e-09, 0.0019845, 2.00806e-05, 0.389923, 7.3331e-05, 8.319e-07, 2.79926e-10, 3.24652e-12, 2.95822e-10, 7.18731e-11, 6.23969e-08, 0.334025, 0.168349, 1173, 1173, 0.0847331, 0.152752, 1.09353e-17, 0.173667, 0.0664708, 0.554465, 2.35809e-05, 0.274883, 0.00162952, 1.18472e-09, 0.00205737, 1.95428e-05, 0.382034, 7.65325e-05, 7.5682e-07, 2.61637e-10, 3.48774e-12, 3.30306e-10, 8.0318e-11, 6.03216e-08, 0.3393, 0.139027, 1173, 1173, 0.0793825, 0.125355, 2.10071e-17, 0.213705, 0.0399147, 0.516009, 2.28183e-05, 0.248952, 0.00263985, 1.45032e-09, 0.00250193, 3.24711e-05, 0.391088, 0.000107419, 5.23731e-07, 2.4308e-10, 4.26088e-12, 3.96016e-10, 1.05199e-10, 8.68505e-08, 0.354678, 
0.00836349, 1.00015e+06, 1.00015e+06, 1.00015e+06, 1.00123e+06, 1.0009e+06, 0.168991, 1173, 1173, 0.0661575, 0.162494, 9.12067e-18, 0.174843, 0.0638761, 0.502494, 2.21086e-05, 0.271019, 0.00149683, 9.60682e-10, 0.00193645, 2.03626e-05, 0.394976, 7.11625e-05, 8.86537e-07, 2.92602e-10, 3.08473e-12, 2.72144e-10, 6.60854e-11, 6.36218e-08, 0.330479, 0.168729, 1173, 1173, 0.0670079, 0.158658, 9.15704e-18, 0.171863, 0.0629761, 0.499083, 2.18638e-05, 0.27135, 0.00151234, 9.86456e-10, 0.00194984, 2.03054e-05, 0.393647, 7.17769e-05, 8.71106e-07, 2.89142e-10, 3.12997e-12, 2.78778e-10, 6.77096e-11, 6.33349e-08, 0.331448, 0.168142, 1173, 1173, 0.0761099, 0.1642, 1.01744e-17, 0.180604, 0.067073, 0.540872, 2.34492e-05, 0.272422, 0.00155078, 1.05219e-09, 0.00198436, 2.00801e-05, 0.389932, 7.33241e-05, 8.32034e-07, 2.79951e-10, 3.24615e-12, 2.95769e-10, 7.18595e-11, 6.23967e-08, 0.334017, 0.168357, 1173, 1173, 0.0841295, 0.151708, 1.08571e-17, 0.172463, 0.0660122, 0.550585, 2.34166e-05, 0.274882, 0.00162932, 1.18448e-09, 0.00205721, 1.95424e-05, 0.382044, 7.65247e-05, 7.56958e-07, 2.61666e-10, 3.48728e-12, 3.30244e-10, 8.0302e-11, 6.03222e-08, 0.33929, 0.138051, 1173, 1173, 0.0795804, 0.125703, 2.10621e-17, 0.214298, 0.0400202, 0.517366, 2.28795e-05, 0.248946, 0.00263975, 1.45007e-09, 0.00250183, 3.24743e-05, 0.391103, 0.000107415, 5.23796e-07, 2.43107e-10, 4.26026e-12, 3.95947e-10, 1.05181e-10, 8.68589e-08, 0.354669, 
0.00836554, 1.00015e+06, 1.00015e+06, 1.00015e+06, 1.00123e+06, 1.0009e+06, 0.168954, 1173, 1173, 0.0666762, 0.163812, 9.1922e-18, 0.176246, 0.0643916, 0.506504, 2.22855e-05, 0.271019, 0.00149667, 9.60485e-10, 0.00193632, 2.03621e-05, 0.394985, 7.11561e-05, 8.86672e-07, 2.92628e-10, 3.0844e-12, 2.72094e-10, 6.60727e-11, 6.36216e-08, 0.330471, 0.168797, 1173, 1173, 0.0670337, 0.158761, 9.16052e-18, 0.17196, 0.0630145, 0.499341, 2.18757e-05, 0.27135, 0.00151217, 9.86258e-10, 0.00194971, 2.03048e-05, 0.393655, 7.17704e-05, 8.71242e-07, 2.89168e-10, 3.12962e-12, 2.78728e-10, 6.76968e-11, 6.33347e-08, 0.33144, 0.168151, 1173, 1173, 0.0761566, 0.164344, 1.01805e-17, 0.180747, 0.067129, 0.541273, 2.34673e-05, 0.272422, 0.0015506, 1.05198e-09, 0.00198422, 2.00796e-05, 0.389941, 7.33171e-05, 8.32169e-07, 2.79977e-10, 3.24577e-12, 2.95716e-10, 7.1846e-11, 6.23966e-08, 0.334008, 0.168355, 1173, 1173, 0.0841473, 0.151783, 1.08592e-17, 0.172533, 0.0660412, 0.550772, 2.34252e-05, 0.274881, 0.00162911, 1.18424e-09, 0.00205705, 1.95421e-05, 0.382055, 7.6517e-05, 7.57095e-07, 2.61694e-10, 3.48681e-12, 3.30182e-10, 8.0286e-11, 6.03227e-08, 0.339281, 0.139018, 1173, 1173, 0.0799376, 0.126303, 2.11593e-17, 0.21532, 0.0402059, 0.519759, 2.29864e-05, 0.24894, 0.00263966, 1.44981e-09, 0.00250174, 3.24774e-05, 0.391117, 0.000107411, 5.23861e-07, 2.43134e-10, 4.25965e-12, 3.95879e-10, 1.05163e-10, 8.68672e-08, 0.354661, 
0.0083676, 1.00015e+06, 1.00015e+06, 1.00015e+06, 1.00122e+06, 1.0009e+06, 0.168998, 1173, 1173, 0.0669158, 0.164445, 9.22526e-18, 0.176912, 0.0646377, 0.508395, 2.23693e-05, 0.271018, 0.0014965, 9.60288e-10, 0.00193619, 2.03616e-05, 0.394993, 7.11497e-05, 8.86807e-07, 2.92653e-10, 3.08406e-12, 2.72044e-10, 6.60601e-11, 6.36215e-08, 0.330463, 0.168736, 1173, 1173, 0.0672457, 0.159305, 9.18945e-18, 0.172534, 0.0632279, 0.500987, 2.19484e-05, 0.27135, 0.00151199, 9.8606e-10, 0.00194957, 2.03043e-05, 0.393664, 7.17638e-05, 8.71377e-07, 2.89193e-10, 3.12928e-12, 2.78678e-10, 6.76841e-11, 6.33344e-08, 0.331432, 0.168148, 1173, 1173, 0.0760889, 0.164241, 1.01713e-17, 0.180618, 0.0670842, 0.540861, 2.34501e-05, 0.272421, 0.00155041, 1.05177e-09, 0.00198408, 2.0079e-05, 0.38995, 7.33102e-05, 8.32303e-07, 2.80003e-10, 3.2454e-12, 2.95663e-10, 7.18325e-11, 6.23964e-08, 0.334, 0.168364, 1173, 1173, 0.0843365, 0.152168, 1.08833e-17, 0.172955, 0.0662047, 0.552081, 2.34816e-05, 0.27488, 0.0016289, 1.184e-09, 0.0020569, 1.95418e-05, 0.382066, 7.65092e-05, 7.57232e-07, 2.61722e-10, 3.48634e-12, 3.3012e-10, 8.02699e-11, 6.03233e-08, 0.339271, 0.138042, 1173, 1173, 0.0796184, 0.125835, 2.10775e-17, 0.21452, 0.0400514, 0.517755, 2.28988e-05, 0.248934, 0.00263956, 1.44956e-09, 0.00250164, 3.24806e-05, 0.391131, 0.000107407, 5.23926e-07, 2.4316e-10, 4.25903e-12, 3.9581e-10, 1.05145e-10, 8.68756e-08, 0.354653, 
0.00836965, 1.00015e+06, 1.00015e+06, 1.00015e+06, 1.00122e+06, 1.0009e+06, 0.16896, 1173, 1173, 0.0668648, 0.164364, 9.21826e-18, 0.17681, 0.0646031, 0.508077, 2.23559e-05, 0.271018, 0.00149633, 9.60091e-10, 0.00193606, 2.03611e-05, 0.395001, 7.11434e-05, 8.86942e-07, 2.92678e-10, 3.08372e-12, 2.71994e-10, 6.60475e-11, 6.36213e-08, 0.330456, 0.168803, 1173, 1173, 0.0673488, 0.159592, 9.20349e-18, 0.17283, 0.063339, 0.501822, 2.19856e-05, 0.271349, 0.00151182, 9.85862e-10, 0.00194944, 2.03037e-05, 0.393672, 7.17572e-05, 8.71513e-07, 2.89218e-10, 3.12894e-12, 2.78628e-10, 6.76713e-11, 6.33342e-08, 0.331424, 0.168158, 1173, 1173, 0.0763568, 0.164863, 1.0207e-17, 0.181286, 0.0673353, 0.542834, 2.35363e-05, 0.272421, 0.00155023, 1.05156e-09, 0.00198394, 2.00785e-05, 0.389958, 7.33033e-05, 8.32437e-07, 2.80028e-10, 3.24503e-12, 2.9561e-10, 7.18189e-11, 6.23963e-08, 0.333992, 0.168362, 1173, 1173, 0.0843357, 0.15221, 1.0883e-17, 0.172986, 0.066219, 0.552146, 2.34851e-05, 0.27488, 0.0016287, 1.18376e-09, 0.00205674, 1.95415e-05, 0.382076, 7.65014e-05, 7.57369e-07, 2.61751e-10, 3.48588e-12, 3.30058e-10, 8.02539e-11, 6.03239e-08, 0.339261, 0.139008, 1173, 1173, 0.0796645, 0.125944, 2.10923e-17, 0.214705, 0.0400806, 0.518126, 2.29163e-05, 0.248928, 0.00263946, 1.4493e-09, 0.00250154, 3.24837e-05, 0.391146, 0.000107403, 5.23991e-07, 2.43187e-10, 4.25842e-12, 3.95741e-10, 1.05127e-10, 8.68839e-08, 0.354645, 
0.00837171, 1.00015e+06, 1.00015e+06, 1.00015e+06, 1.00122e+06, 1.0009e+06, 0.169006, 1173, 1173, 0.0677638, 0.166618, 9.34223e-18, 0.17922, 0.0654866, 0.51498, 2.26602e-05, 0.271018, 0.00149616, 9.59894e-10, 0.00193593, 2.03605e-05, 0.39501, 7.1137e-05, 8.87077e-07, 2.92704e-10, 3.08338e-12, 2.71944e-10, 6.60349e-11, 6.36211e-08, 0.330448, 0.168741, 1173, 1173, 0.0671728, 0.159217, 9.1794e-18, 0.172409, 0.0631877, 0.500577, 2.19316e-05, 0.271349, 0.00151164, 9.85664e-10, 0.00194931, 2.03032e-05, 0.39368, 7.17506e-05, 8.71648e-07, 2.89244e-10, 3.12859e-12, 2.78577e-10, 6.76586e-11, 6.3334e-08, 0.331416, 0.168154, 1173, 1173, 0.0761158, 0.164386, 1.01746e-17, 0.180745, 0.0671375, 0.541189, 2.34656e-05, 0.272421, 0.00155005, 1.05136e-09, 0.00198381, 2.0078e-05, 0.389967, 7.32963e-05, 8.32572e-07, 2.80054e-10, 3.24465e-12, 2.95558e-10, 7.18054e-11, 6.23962e-08, 0.333984, 0.16837, 1173, 1173, 0.0843245, 0.152233, 1.08813e-17, 0.172997, 0.0662253, 0.552143, 2.34857e-05, 0.274879, 0.00162849, 1.18352e-09, 0.00205659, 1.95412e-05, 0.382087, 7.64937e-05, 7.57507e-07, 2.61779e-10, 3.48541e-12, 3.29996e-10, 8.02379e-11, 6.03244e-08, 0.339252, 0.138032, 1173, 1173, 0.079743, 0.126104, 2.11157e-17, 0.214976, 0.0401261, 0.518707, 2.29431e-05, 0.248922, 0.00263937, 1.44905e-09, 0.00250145, 3.24869e-05, 0.39116, 0.000107399, 5.24056e-07, 2.43214e-10, 4.2578e-12, 3.95672e-10, 1.05109e-10, 8.68923e-08, 0.354637, 
0.00837377, 1.00015e+06, 1.00015e+06, 1.00015e+06, 1.00122e+06, 1.0009e+06, 0.168967, 1173, 1173, 0.0677628, 0.166661, 9.34212e-18, 0.17925, 0.0655005, 0.515044, 2.26636e-05, 0.271018, 0.00149599, 9.59697e-10, 0.0019358, 2.036e-05, 0.395018, 7.11306e-05, 8.87213e-07, 2.92729e-10, 3.08304e-12, 2.71894e-10, 6.60223e-11, 6.3621e-08, 0.33044, 0.168807, 1173, 1173, 0.0664165, 0.157466, 9.076e-18, 0.170498, 0.0624902, 0.495006, 2.16882e-05, 0.271349, 0.00151147, 9.85466e-10, 0.00194917, 2.03026e-05, 0.393689, 7.17441e-05, 8.71783e-07, 2.89269e-10, 3.12825e-12, 2.78527e-10, 6.76458e-11, 6.33338e-08, 0.331408, 0.168163, 1173, 1173, 0.0761535, 0.164511, 1.01795e-17, 0.180866, 0.0671856, 0.541526, 2.34809e-05, 0.272421, 0.00154986, 1.05115e-09, 0.00198367, 2.00774e-05, 0.389976, 7.32894e-05, 8.32706e-07, 2.8008e-10, 3.24428e-12, 2.95505e-10, 7.17919e-11, 6.2396e-08, 0.333975, 0.168368, 1173, 1173, 0.0846972, 0.15295, 1.09291e-17, 0.173795, 0.066533, 0.554654, 2.35932e-05, 0.274878, 0.00162828, 1.18327e-09, 0.00205643, 1.95408e-05, 0.382098, 7.64859e-05, 7.57644e-07, 2.61807e-10, 3.48495e-12, 3.29933e-10, 8.0222e-11, 6.0325e-08, 0.339242, 0.138999, 1173, 1173, 0.0800968, 0.1267, 2.12121e-17, 0.215991, 0.0403102, 0.52108, 2.30492e-05, 0.248916, 0.00263927, 1.4488e-09, 0.00250135, 3.249e-05, 0.391175, 0.000107395, 5.24121e-07, 2.4324e-10, 4.25719e-12, 3.95604e-10, 1.05091e-10, 8.69006e-08, 0.354628, 
0.00837582, 1.00015e+06, 1.00015e+06, 1.00015e+06, 1.00122e+06, 1.0009e+06, 0.169012, 1173, 1173, 0.0681519, 0.167663, 9.39579e-18, 0.180313, 0.0658916, 0.518072, 2.27975e-05, 0.271017, 0.00149582, 9.595e-10, 0.00193567, 2.03595e-05, 0.395026, 7.11241e-05, 8.87349e-07, 2.92754e-10, 3.08271e-12, 2.71845e-10, 6.60097e-11, 6.36208e-08, 0.330432, 0.168747, 1173, 1173, 0.0667951, 0.158405, 9.12769e-18, 0.171501, 0.0628605, 0.497894, 2.18153e-05, 0.271349, 0.0015113, 9.85268e-10, 0.00194904, 2.03021e-05, 0.393697, 7.17375e-05, 8.71918e-07, 2.89294e-10, 3.12791e-12, 2.78477e-10, 6.76331e-11, 6.33335e-08, 0.331401, 0.168161, 1173, 1173, 0.0762543, 0.164773, 1.01928e-17, 0.181138, 0.0672894, 0.542312, 2.35156e-05, 0.272421, 0.00154968, 1.05094e-09, 0.00198353, 2.00769e-05, 0.389985, 7.32825e-05, 8.3284e-07, 2.80105e-10, 3.2439e-12, 2.95452e-10, 7.17784e-11, 6.23959e-08, 0.333967, 0.168376, 1173, 1173, 0.0840286, 0.151786, 1.08426e-17, 0.172457, 0.0660228, 0.550346, 2.34107e-05, 0.274878, 0.00162807, 1.18303e-09, 0.00205628, 1.95405e-05, 0.382108, 7.64782e-05, 7.57781e-07, 2.61836e-10, 3.48449e-12, 3.29871e-10, 8.0206e-11, 6.03255e-08, 0.339233, 0.138023, 1173, 1173, 0.0803532, 0.127142, 2.12827e-17, 0.216743, 0.0404453, 0.522819, 2.31273e-05, 0.24891, 0.00263917, 1.44854e-09, 0.00250125, 3.24932e-05, 0.391189, 0.000107391, 5.24186e-07, 2.43267e-10, 4.25657e-12, 3.95535e-10, 1.05074e-10, 8.6909e-08, 0.35462, 
0.00837788, 1.00015e+06, 1.00015e+06, 1.00015e+06, 1.00122e+06, 1.0009e+06, 0.168974, 1173, 1173, 0.0680898, 0.167555, 9.38727e-18, 0.180182, 0.0658465, 0.517671, 2.27804e-05, 0.271017, 0.00149566, 9.59303e-10, 0.00193554, 2.0359e-05, 0.395035, 7.11177e-05, 8.87485e-07, 2.9278e-10, 3.08237e-12, 2.71795e-10, 6.59971e-11, 6.36207e-08, 0.330424, 0.168814, 1173, 1173, 0.0665375, 0.157836, 9.09245e-18, 0.17087, 0.0626321, 0.49604, 2.17346e-05, 0.271349, 0.00151112, 9.85071e-10, 0.00194891, 2.03015e-05, 0.393705, 7.17309e-05, 8.72053e-07, 2.8932e-10, 3.12756e-12, 2.78427e-10, 6.76204e-11, 6.33333e-08, 0.331393, 0.168169, 1173, 1173, 0.0761155, 0.164516, 1.01741e-17, 0.18084, 0.0671818, 0.541393, 2.34765e-05, 0.272421, 0.00154949, 1.05073e-09, 0.00198339, 2.00764e-05, 0.389993, 7.32756e-05, 8.32975e-07, 2.80131e-10, 3.24353e-12, 2.95399e-10, 7.17649e-11, 6.23957e-08, 0.333959, 0.168375, 1173, 1173, 0.0853682, 0.15425, 1.10152e-17, 0.17524, 0.0670906, 0.559192, 2.37877e-05, 0.274877, 0.00162787, 1.18279e-09, 0.00205612, 1.95402e-05, 0.382119, 7.64704e-05, 7.57918e-07, 2.61864e-10, 3.48402e-12, 3.29809e-10, 8.019e-11, 6.03261e-08, 0.339223, 0.138989, 1173, 1173, 0.0800569, 0.126709, 2.12068e-17, 0.216004, 0.0403022, 0.520962, 2.30462e-05, 0.248904, 0.00263908, 1.44829e-09, 0.00250116, 3.24963e-05, 0.391203, 0.000107387, 5.24251e-07, 2.43294e-10, 4.25596e-12, 3.95466e-10, 1.05056e-10, 8.69173e-08, 0.354612, 
0.00837993, 1.00015e+06, 1.00015e+06, 1.00015e+06, 1.00122e+06, 1.0009e+06, 0.169017, 1173, 1173, 0.0674383, 0.165997, 9.29748e-18, 0.178491, 0.0652312, 0.512789, 2.25661e-05, 0.271017, 0.00149549, 9.59107e-10, 0.00193541, 2.03585e-05, 0.395043, 7.11113e-05, 8.87621e-07, 2.92805e-10, 3.08203e-12, 2.71745e-10, 6.59845e-11, 6.36205e-08, 0.330417, 0.168752, 1173, 1173, 0.0665658, 0.157945, 9.09627e-18, 0.170973, 0.0626726, 0.496316, 2.17473e-05, 0.271349, 0.00151095, 9.84873e-10, 0.00194878, 2.0301e-05, 0.393714, 7.17244e-05, 8.72188e-07, 2.89345e-10, 3.12722e-12, 2.78377e-10, 6.76076e-11, 6.33331e-08, 0.331385, 0.168166, 1173, 1173, 0.0760132, 0.164339, 1.01602e-17, 0.180628, 0.0671064, 0.540735, 2.34486e-05, 0.272421, 0.00154931, 1.05053e-09, 0.00198325, 2.00758e-05, 0.390002, 7.32686e-05, 8.33109e-07, 2.80157e-10, 3.24316e-12, 2.95346e-10, 7.17514e-11, 6.23956e-08, 0.33395, 0.168384, 1173, 1173, 0.0858187, 0.155108, 1.10731e-17, 0.176199, 0.0674599, 0.562214, 2.3917e-05, 0.274876, 0.00162766, 1.18255e-09, 0.00205596, 1.95399e-05, 0.38213, 7.64627e-05, 7.58056e-07, 2.61892e-10, 3.48356e-12, 3.29747e-10, 8.0174e-11, 6.03267e-08, 0.339214, 0.138013, 1173, 1173, 0.0800645, 0.126757, 2.12115e-17, 0.216085, 0.0403121, 0.521083, 2.30527e-05, 0.248898, 0.00263898, 1.44804e-09, 0.00250106, 3.24995e-05, 0.391218, 0.000107383, 5.24315e-07, 2.4332e-10, 4.25534e-12, 3.95397e-10, 1.05038e-10, 8.69257e-08, 0.354604, 
0.00838199, 1.00015e+06, 1.00015e+06, 1.00015e+06, 1.00122e+06, 1.0009e+06, 0.168979, 1173, 1173, 0.0676327, 0.16652, 9.32432e-18, 0.179038, 0.0654341, 0.514338, 2.26349e-05, 0.271017, 0.00149532, 9.5891e-10, 0.00193528, 2.0358e-05, 0.395051, 7.11049e-05, 8.87756e-07, 2.9283e-10, 3.0817e-12, 2.71695e-10, 6.5972e-11, 6.36203e-08, 0.330409, 0.16882, 1173, 1173, 0.0668594, 0.158684, 9.13635e-18, 0.171758, 0.0629632, 0.498572, 2.18467e-05, 0.271349, 0.00151078, 9.84675e-10, 0.00194864, 2.03004e-05, 0.393722, 7.17179e-05, 8.72323e-07, 2.8937e-10, 3.12688e-12, 2.78326e-10, 6.75949e-11, 6.33329e-08, 0.331377, 0.168175, 1173, 1173, 0.0760755, 0.164517, 1.01684e-17, 0.180808, 0.0671762, 0.541246, 2.34714e-05, 0.272421, 0.00154913, 1.05032e-09, 0.00198311, 2.00753e-05, 0.390011, 7.32617e-05, 8.33243e-07, 2.80182e-10, 3.24278e-12, 2.95294e-10, 7.17379e-11, 6.23955e-08, 0.333942, 0.168382, 1173, 1173, 0.0854155, 0.154424, 1.10208e-17, 0.175405, 0.0671581, 0.559644, 2.38084e-05, 0.274876, 0.00162745, 1.18231e-09, 0.00205581, 1.95396e-05, 0.38214, 7.64549e-05, 7.58194e-07, 2.61921e-10, 3.4831e-12, 3.29686e-10, 8.01581e-11, 6.03272e-08, 0.339204, 0.13898, 1173, 1173, 0.0805046, 0.12749, 2.13308e-17, 0.217334, 0.0405398, 0.524019, 2.31837e-05, 0.248892, 0.00263889, 1.44778e-09, 0.00250097, 3.25027e-05, 0.391232, 0.000107379, 5.2438e-07, 2.43347e-10, 4.25473e-12, 3.95329e-10, 1.0502e-10, 8.69341e-08, 0.354596, 
0.00838405, 1.00015e+06, 1.00015e+06, 1.00015e+06, 1.00122e+06, 1.0009e+06, 0.169023, 1173, 1173, 0.0676193, 0.166531, 9.3225e-18, 0.179035, 0.065436, 0.514307, 2.26341e-05, 0.271017, 0.00149515, 9.58713e-10, 0.00193515, 2.03575e-05, 0.39506, 7.10986e-05, 8.87892e-07, 2.92856e-10, 3.08136e-12, 2.71645e-10, 6.59594e-11, 6.36202e-08, 0.330401, 0.168758, 1173, 1173, 0.0666581, 0.158248, 9.10881e-18, 0.171271, 0.0627877, 0.497137, 2.17844e-05, 0.271348, 0.0015106, 9.84478e-10, 0.00194851, 2.02999e-05, 0.39373, 7.17113e-05, 8.72458e-07, 2.89395e-10, 3.12653e-12, 2.78276e-10, 6.75822e-11, 6.33326e-08, 0.331369, 0.168172, 1173, 1173, 0.0759699, 0.164332, 1.01541e-17, 0.180589, 0.0670978, 0.540564, 2.34425e-05, 0.27242, 0.00154894, 1.05011e-09, 0.00198297, 2.00748e-05, 0.39002, 7.32548e-05, 8.33377e-07, 2.80208e-10, 3.24241e-12, 2.95241e-10, 7.17244e-11, 6.23953e-08, 0.333934, 0.16839, 1173, 1173, 0.0850892, 0.153877, 1.09784e-17, 0.174768, 0.0669167, 0.557576, 2.37212e-05, 0.274875, 0.00162725, 1.18207e-09, 0.00205565, 1.95392e-05, 0.382151, 7.64471e-05, 7.58332e-07, 2.61949e-10, 3.48263e-12, 3.29624e-10, 8.01421e-11, 6.03278e-08, 0.339194, 0.138004, 1173, 1173, 0.0813422, 0.128854, 2.15554e-17, 0.219657, 0.0409677, 0.529543, 2.34292e-05, 0.248886, 0.00263879, 1.44753e-09, 0.00250087, 3.25058e-05, 0.391246, 0.000107375, 5.24445e-07, 2.43374e-10, 4.25411e-12, 3.9526e-10, 1.05002e-10, 8.69424e-08, 0.354588, 
0.0083861, 1.00015e+06, 1.00015e+06, 1.00015e+06, 1.00122e+06, 1.0009e+06, 0.168985, 1173, 1173, 0.0675602, 0.166431, 9.31439e-18, 0.178912, 0.0653937, 0.513929, 2.2618e-05, 0.271016, 0.00149498, 9.58517e-10, 0.00193502, 2.03569e-05, 0.395068, 7.10922e-05, 8.88027e-07, 2.92881e-10, 3.08102e-12, 2.71595e-10, 6.59468e-11, 6.362e-08, 0.330393, 0.168825, 1173, 1173, 0.0665763, 0.158096, 9.09759e-18, 0.171091, 0.0627246, 0.496592, 2.17611e-05, 0.271348, 0.00151043, 9.8428e-10, 0.00194838, 2.02994e-05, 0.393739, 7.17048e-05, 8.72593e-07, 2.89421e-10, 3.12619e-12, 2.78226e-10, 6.75695e-11, 6.33324e-08, 0.331361, 0.168181, 1173, 1173, 0.0760372, 0.164521, 1.0163e-17, 0.180781, 0.067172, 0.541111, 2.34669e-05, 0.27242, 0.00154876, 1.04991e-09, 0.00198283, 2.00742e-05, 0.390028, 7.32479e-05, 8.33512e-07, 2.80234e-10, 3.24204e-12, 2.95188e-10, 7.17109e-11, 6.23952e-08, 0.333926, 0.168388, 1173, 1173, 0.0853412, 0.154377, 1.10107e-17, 0.17532, 0.06713, 0.559299, 2.37952e-05, 0.274874, 0.00162704, 1.18183e-09, 0.0020555, 1.95389e-05, 0.382162, 7.64393e-05, 7.5847e-07, 2.61977e-10, 3.48217e-12, 3.29562e-10, 8.01261e-11, 6.03283e-08, 0.339185, 0.13897, 1173, 1173, 0.0807382, 0.127934, 2.1398e-17, 0.218087, 0.0406696, 0.525683, 2.32595e-05, 0.24888, 0.00263869, 1.44727e-09, 0.00250077, 3.2509e-05, 0.391261, 0.000107371, 5.2451e-07, 2.434e-10, 4.2535e-12, 3.95191e-10, 1.04984e-10, 8.69508e-08, 0.354579, 
0.00838816, 1.00015e+06, 1.00015e+06, 1.00015e+06, 1.00122e+06, 1.0009e+06, 0.169029, 1173, 1173, 0.0675643, 0.166485, 9.31497e-18, 0.178955, 0.0654124, 0.51403, 2.26231e-05, 0.271016, 0.00149481, 9.58321e-10, 0.00193489, 2.03564e-05, 0.395076, 7.10858e-05, 8.88163e-07, 2.92906e-10, 3.08069e-12, 2.71546e-10, 6.59342e-11, 6.36199e-08, 0.330385, 0.168763, 1173, 1173, 0.0661012, 0.157009, 9.03262e-18, 0.169901, 0.0622909, 0.493114, 2.16093e-05, 0.271348, 0.00151026, 9.84083e-10, 0.00194825, 2.02988e-05, 0.393747, 7.16982e-05, 8.72728e-07, 2.89446e-10, 3.12585e-12, 2.78176e-10, 6.75568e-11, 6.33322e-08, 0.331353, 0.168179, 1173, 1173, 0.0762576, 0.165041, 1.01923e-17, 0.181336, 0.0673816, 0.542749, 2.35385e-05, 0.27242, 0.00154858, 1.0497e-09, 0.00198269, 2.00737e-05, 0.390037, 7.3241e-05, 8.33646e-07, 2.80259e-10, 3.24166e-12, 2.95135e-10, 7.16974e-11, 6.23951e-08, 0.333917, 0.168397, 1173, 1173, 0.0855269, 0.154758, 1.10344e-17, 0.175735, 0.0672914, 0.560588, 2.38508e-05, 0.274873, 0.00162683, 1.18159e-09, 0.00205534, 1.95386e-05, 0.382172, 7.64316e-05, 7.58607e-07, 2.62006e-10, 3.48171e-12, 3.295e-10, 8.01102e-11, 6.03289e-08, 0.339175, 0.137994, 1173, 1173, 0.0808905, 0.128211, 2.14411e-17, 0.21856, 0.0407524, 0.526747, 2.33077e-05, 0.248874, 0.0026386, 1.44702e-09, 0.00250068, 3.25122e-05, 0.391275, 0.000107367, 5.24575e-07, 2.43427e-10, 4.25288e-12, 3.95123e-10, 1.04966e-10, 8.69592e-08, 0.354571, 
0.00839021, 1.00015e+06, 1.00015e+06, 1.00015e+06, 1.00122e+06, 1.0009e+06, 0.16899, 1173, 1173, 0.0675195, 0.16642, 9.30884e-18, 0.17887, 0.0653839, 0.51376, 2.26118e-05, 0.271016, 0.00149465, 9.58124e-10, 0.00193476, 2.03559e-05, 0.395085, 7.10794e-05, 8.88298e-07, 2.92932e-10, 3.08035e-12, 2.71496e-10, 6.59217e-11, 6.36197e-08, 0.330378, 0.16883, 1173, 1173, 0.0659054, 0.156585, 9.00582e-18, 0.169427, 0.0621202, 0.491718, 2.15487e-05, 0.271348, 0.00151009, 9.83886e-10, 0.00194812, 2.02983e-05, 0.393755, 7.16917e-05, 8.72862e-07, 2.89471e-10, 3.12551e-12, 2.78126e-10, 6.75441e-11, 6.3332e-08, 0.331345, 0.168187, 1173, 1173, 0.0760124, 0.164554, 1.01594e-17, 0.180785, 0.0671798, 0.541072, 2.34665e-05, 0.27242, 0.00154839, 1.04949e-09, 0.00198255, 2.00732e-05, 0.390046, 7.32341e-05, 8.3378e-07, 2.80285e-10, 3.24129e-12, 2.95083e-10, 7.1684e-11, 6.23949e-08, 0.333909, 0.168395, 1173, 1173, 0.0859978, 0.155654, 1.10949e-17, 0.176737, 0.0676771, 0.563745, 2.39859e-05, 0.274873, 0.00162662, 1.18135e-09, 0.00205518, 1.95383e-05, 0.382183, 7.64238e-05, 7.58745e-07, 2.62034e-10, 3.48125e-12, 3.29438e-10, 8.00943e-11, 6.03295e-08, 0.339166, 0.138961, 1173, 1173, 0.0810376, 0.128481, 2.14828e-17, 0.219019, 0.0408327, 0.527777, 2.33544e-05, 0.248868, 0.0026385, 1.44677e-09, 0.00250058, 3.25153e-05, 0.39129, 0.000107363, 5.2464e-07, 2.43454e-10, 4.25227e-12, 3.95054e-10, 1.04948e-10, 8.69675e-08, 0.354563, 
0.00839227, 1.00015e+06, 1.00015e+06, 1.00015e+06, 1.00122e+06, 1.0009e+06, 0.169035, 1173, 1173, 0.0676505, 0.166787, 9.32693e-18, 0.17925, 0.0655256, 0.514828, 2.26594e-05, 0.271016, 0.00149448, 9.57928e-10, 0.00193463, 2.03554e-05, 0.395093, 7.10731e-05, 8.88433e-07, 2.92957e-10, 3.08002e-12, 2.71446e-10, 6.59091e-11, 6.36195e-08, 0.33037, 0.16877, 1173, 1173, 0.066188, 0.157298, 9.04441e-18, 0.170184, 0.0624006, 0.493893, 2.16446e-05, 0.271348, 0.00150991, 9.83688e-10, 0.00194798, 2.02977e-05, 0.393764, 7.16852e-05, 8.72996e-07, 2.89496e-10, 3.12516e-12, 2.78076e-10, 6.75314e-11, 6.33317e-08, 0.331338, 0.168184, 1173, 1173, 0.0758431, 0.164231, 1.01366e-17, 0.180414, 0.0670449, 0.539936, 2.34179e-05, 0.27242, 0.00154821, 1.04929e-09, 0.00198242, 2.00726e-05, 0.390055, 7.32272e-05, 8.33914e-07, 2.80311e-10, 3.24092e-12, 2.9503e-10, 7.16705e-11, 6.23948e-08, 0.333901, 0.168404, 1173, 1173, 0.086311, 0.156266, 1.11351e-17, 0.177415, 0.067939, 0.56587, 2.40771e-05, 0.274872, 0.00162642, 1.18111e-09, 0.00205503, 1.9538e-05, 0.382194, 7.6416e-05, 7.58883e-07, 2.62063e-10, 3.48078e-12, 3.29376e-10, 8.00783e-11, 6.033e-08, 0.339156, 0.137985, 1173, 1173, 0.0800116, 0.126891, 2.12134e-17, 0.216306, 0.0403217, 0.521166, 2.3063e-05, 0.248862, 0.0026384, 1.44651e-09, 0.00250048, 3.25185e-05, 0.391304, 0.000107359, 5.24705e-07, 2.4348e-10, 4.25166e-12, 3.94985e-10, 1.0493e-10, 8.69759e-08, 0.354555, 
0.00839433, 1.00015e+06, 1.00015e+06, 1.00015e+06, 1.00122e+06, 1.0009e+06, 0.168996, 1173, 1173, 0.0676404, 0.166807, 9.32557e-18, 0.179256, 0.0655307, 0.514823, 2.26597e-05, 0.271015, 0.00149431, 9.57732e-10, 0.0019345, 2.03549e-05, 0.395101, 7.10667e-05, 8.88569e-07, 2.92982e-10, 3.07968e-12, 2.71396e-10, 6.58966e-11, 6.36194e-08, 0.330362, 0.168836, 1173, 1173, 0.0657677, 0.156341, 8.98694e-18, 0.169134, 0.0620181, 0.490822, 2.15105e-05, 0.271348, 0.00150974, 9.83491e-10, 0.00194785, 2.02972e-05, 0.393772, 7.16787e-05, 8.73131e-07, 2.89521e-10, 3.12482e-12, 2.78026e-10, 6.75187e-11, 6.33315e-08, 0.33133, 0.168192, 1173, 1173, 0.0758014, 0.164184, 1.01308e-17, 0.180346, 0.0670228, 0.539707, 2.34086e-05, 0.27242, 0.00154802, 1.04908e-09, 0.00198228, 2.00721e-05, 0.390063, 7.32203e-05, 8.34048e-07, 2.80336e-10, 3.24055e-12, 2.94977e-10, 7.1657e-11, 6.23946e-08, 0.333892, 0.168402, 1173, 1173, 0.086261, 0.15622, 1.11283e-17, 0.177347, 0.067915, 0.565614, 2.40669e-05, 0.274871, 0.00162621, 1.18087e-09, 0.00205487, 1.95376e-05, 0.382205, 7.64082e-05, 7.59022e-07, 2.62091e-10, 3.48032e-12, 3.29314e-10, 8.00624e-11, 6.03306e-08, 0.339146, 0.138951, 1173, 1173, 0.0800329, 0.126961, 2.12217e-17, 0.216424, 0.0403385, 0.521376, 2.30734e-05, 0.248856, 0.00263831, 1.44626e-09, 0.00250039, 3.25216e-05, 0.391318, 0.000107355, 5.2477e-07, 2.43507e-10, 4.25104e-12, 3.94917e-10, 1.04912e-10, 8.69843e-08, 0.354547, 
0.00839638, 1.00015e+06, 1.00015e+06, 1.00015e+06, 1.00122e+06, 1.0009e+06, 0.16904, 1173, 1173, 0.067663, 0.166908, 9.32871e-18, 0.179348, 0.0655674, 0.515065, 2.2671e-05, 0.271015, 0.00149414, 9.57536e-10, 0.00193437, 2.03544e-05, 0.39511, 7.10603e-05, 8.88704e-07, 2.93007e-10, 3.07935e-12, 2.71347e-10, 6.5884e-11, 6.36192e-08, 0.330354, 0.168774, 1173, 1173, 0.0655062, 0.15576, 8.95117e-18, 0.168491, 0.0617854, 0.488935, 2.14284e-05, 0.271348, 0.00150957, 9.83294e-10, 0.00194772, 2.02966e-05, 0.39378, 7.16722e-05, 8.73265e-07, 2.89546e-10, 3.12448e-12, 2.77976e-10, 6.7506e-11, 6.33313e-08, 0.331322, 0.16819, 1173, 1173, 0.0757564, 0.16413, 1.01247e-17, 0.180271, 0.0669978, 0.539455, 2.33983e-05, 0.27242, 0.00154784, 1.04887e-09, 0.00198214, 2.00716e-05, 0.390072, 7.32134e-05, 8.34182e-07, 2.80362e-10, 3.24017e-12, 2.94925e-10, 7.16436e-11, 6.23945e-08, 0.333884, 0.16841, 1173, 1173, 0.0861602, 0.156082, 1.11151e-17, 0.177174, 0.067851, 0.565025, 2.40426e-05, 0.27487, 0.001626, 1.18063e-09, 0.00205471, 1.95373e-05, 0.382215, 7.64004e-05, 7.5916e-07, 2.6212e-10, 3.47986e-12, 3.29253e-10, 8.00465e-11, 6.03311e-08, 0.339137, 0.137975, 1173, 1173, 0.0802236, 0.1273, 2.1275e-17, 0.217001, 0.0404407, 0.522689, 2.31326e-05, 0.24885, 0.00263821, 1.44601e-09, 0.00250029, 3.25248e-05, 0.391333, 0.000107351, 5.24835e-07, 2.43534e-10, 4.25043e-12, 3.94848e-10, 1.04894e-10, 8.69926e-08, 0.354538, 
0.00839844, 1.00015e+06, 1.00015e+06, 1.00015e+06, 1.00122e+06, 1.0009e+06, 0.169002, 1173, 1173, 0.0677091, 0.167066, 9.33511e-18, 0.179504, 0.065627, 0.515487, 2.26902e-05, 0.271015, 0.00149397, 9.5734e-10, 0.00193424, 2.03538e-05, 0.395118, 7.10539e-05, 8.88839e-07, 2.93033e-10, 3.07901e-12, 2.71297e-10, 6.58715e-11, 6.3619e-08, 0.330347, 0.168842, 1173, 1173, 0.0659769, 0.156921, 9.01545e-18, 0.169732, 0.0622432, 0.492514, 2.15858e-05, 0.271348, 0.0015094, 9.83097e-10, 0.00194759, 2.02961e-05, 0.393789, 7.16657e-05, 8.73399e-07, 2.89571e-10, 3.12414e-12, 2.77926e-10, 6.74933e-11, 6.33311e-08, 0.331314, 0.168198, 1173, 1173, 0.0757399, 0.164137, 1.01223e-17, 0.180263, 0.066998, 0.539407, 2.33969e-05, 0.272419, 0.00154766, 1.04867e-09, 0.001982, 2.0071e-05, 0.390081, 7.32065e-05, 8.34316e-07, 2.80388e-10, 3.2398e-12, 2.94872e-10, 7.16301e-11, 6.23944e-08, 0.333876, 0.168408, 1173, 1173, 0.0861345, 0.15608, 1.11115e-17, 0.177155, 0.0678461, 0.564928, 2.40393e-05, 0.27487, 0.00162579, 1.18039e-09, 0.00205456, 1.9537e-05, 0.382226, 7.63926e-05, 7.59298e-07, 2.62148e-10, 3.4794e-12, 3.29191e-10, 8.00306e-11, 6.03317e-08, 0.339127, 0.138942, 1173, 1173, 0.0800538, 0.127067, 2.12326e-17, 0.216602, 0.0403611, 0.521654, 2.3088e-05, 0.248844, 0.00263812, 1.44575e-09, 0.00250019, 3.2528e-05, 0.391347, 0.000107347, 5.249e-07, 2.4356e-10, 4.24982e-12, 3.9478e-10, 1.04876e-10, 8.7001e-08, 0.35453, 
0.00840049, 1.00015e+06, 1.00015e+06, 1.00015e+06, 1.00122e+06, 1.0009e+06, 0.169046, 1173, 1173, 0.0677591, 0.167235, 9.34204e-18, 0.179669, 0.0656903, 0.515939, 2.27106e-05, 0.271015, 0.00149381, 9.57144e-10, 0.00193411, 2.03533e-05, 0.395126, 7.10476e-05, 8.88974e-07, 2.93058e-10, 3.07867e-12, 2.71247e-10, 6.5859e-11, 6.36189e-08, 0.330339, 0.168781, 1173, 1173, 0.0661486, 0.157371, 9.03888e-18, 0.170204, 0.0624191, 0.493861, 2.16455e-05, 0.271347, 0.00150923, 9.829e-10, 0.00194746, 2.02955e-05, 0.393797, 7.16592e-05, 8.73533e-07, 2.89596e-10, 3.12379e-12, 2.77876e-10, 6.74807e-11, 6.33308e-08, 0.331306, 0.168196, 1173, 1173, 0.0758051, 0.164322, 1.01309e-17, 0.18045, 0.0670705, 0.539939, 2.34207e-05, 0.272419, 0.00154748, 1.04846e-09, 0.00198186, 2.00705e-05, 0.39009, 7.31996e-05, 8.3445e-07, 2.80413e-10, 3.23943e-12, 2.94819e-10, 7.16167e-11, 6.23942e-08, 0.333868, 0.168416, 1173, 1173, 0.0860479, 0.155968, 1.11001e-17, 0.177011, 0.0677932, 0.564432, 2.40189e-05, 0.274869, 0.00162559, 1.18015e-09, 0.0020544, 1.95367e-05, 0.382237, 7.63848e-05, 7.59437e-07, 2.62177e-10, 3.47894e-12, 3.29129e-10, 8.00147e-11, 6.03323e-08, 0.339118, 0.137966, 1173, 1173, 0.0800248, 0.127057, 2.12276e-17, 0.216585, 0.0403526, 0.521537, 2.30839e-05, 0.248838, 0.00263802, 1.4455e-09, 0.0025001, 3.25311e-05, 0.391362, 0.000107343, 5.24964e-07, 2.43587e-10, 4.2492e-12, 3.94711e-10, 1.04858e-10, 8.70094e-08, 0.354522, 
0.00840255, 1.00015e+06, 1.00015e+06, 1.00015e+06, 1.00122e+06, 1.0009e+06, 0.169008, 1173, 1173, 0.0677702, 0.167307, 9.3436e-18, 0.179732, 0.065716, 0.516095, 2.27181e-05, 0.271015, 0.00149364, 9.56948e-10, 0.00193399, 2.03528e-05, 0.395134, 7.10412e-05, 8.8911e-07, 2.93083e-10, 3.07834e-12, 2.71198e-10, 6.58464e-11, 6.36187e-08, 0.330331, 0.168848, 1173, 1173, 0.0660556, 0.157191, 9.02613e-18, 0.169995, 0.0623452, 0.493232, 2.16185e-05, 0.271347, 0.00150905, 9.82703e-10, 0.00194733, 2.0295e-05, 0.393805, 7.16527e-05, 8.73667e-07, 2.89622e-10, 3.12345e-12, 2.77826e-10, 6.7468e-11, 6.33306e-08, 0.331298, 0.168204, 1173, 1173, 0.0757246, 0.164191, 1.012e-17, 0.18029, 0.067014, 0.539434, 2.33994e-05, 0.272419, 0.00154729, 1.04825e-09, 0.00198172, 2.007e-05, 0.390098, 7.31928e-05, 8.34584e-07, 2.80439e-10, 3.23906e-12, 2.94767e-10, 7.16032e-11, 6.23941e-08, 0.333859, 0.168414, 1173, 1173, 0.0860442, 0.156005, 1.10993e-17, 0.177038, 0.0678056, 0.564479, 2.40217e-05, 0.274868, 0.00162538, 1.17991e-09, 0.00205424, 1.95364e-05, 0.382247, 7.6377e-05, 7.59575e-07, 2.62205e-10, 3.47848e-12, 3.29067e-10, 7.99988e-11, 6.03328e-08, 0.339108, 0.138932, 1173, 1173, 0.079583, 0.126391, 2.11131e-17, 0.215449, 0.0401358, 0.518728, 2.29606e-05, 0.248832, 0.00263793, 1.44525e-09, 0.0025, 3.25343e-05, 0.391376, 0.000107339, 5.25029e-07, 2.43613e-10, 4.24859e-12, 3.94643e-10, 1.0484e-10, 8.70177e-08, 0.354514, 
0.00840461, 1.00015e+06, 1.00015e+06, 1.00015e+06, 1.00122e+06, 1.0009e+06, 0.169053, 1173, 1173, 0.0678709, 0.1676, 9.35751e-18, 0.180032, 0.0658285, 0.516933, 2.27555e-05, 0.271014, 0.00149347, 9.56752e-10, 0.00193386, 2.03523e-05, 0.395143, 7.10349e-05, 8.89245e-07, 2.93108e-10, 3.07801e-12, 2.71148e-10, 6.58339e-11, 6.36185e-08, 0.330323, 0.168787, 1173, 1173, 0.065708, 0.156405, 8.97861e-18, 0.16913, 0.062031, 0.490702, 2.15081e-05, 0.271347, 0.00150888, 9.82506e-10, 0.00194719, 2.02945e-05, 0.393813, 7.16462e-05, 8.73802e-07, 2.89647e-10, 3.12311e-12, 2.77776e-10, 6.74553e-11, 6.33304e-08, 0.331291, 0.168201, 1173, 1173, 0.0756678, 0.164111, 1.01122e-17, 0.180186, 0.0669785, 0.539098, 2.33855e-05, 0.272419, 0.00154711, 1.04805e-09, 0.00198159, 2.00695e-05, 0.390107, 7.31859e-05, 8.34718e-07, 2.80464e-10, 3.23869e-12, 2.94714e-10, 7.15898e-11, 6.2394e-08, 0.333851, 0.168422, 1173, 1173, 0.0859954, 0.155961, 1.10928e-17, 0.176972, 0.0677824, 0.56423, 2.40118e-05, 0.274868, 0.00162517, 1.17968e-09, 0.00205409, 1.9536e-05, 0.382258, 7.63693e-05, 7.59713e-07, 2.62234e-10, 3.47802e-12, 3.29006e-10, 7.99829e-11, 6.03334e-08, 0.339098, 0.137956, 1173, 1173, 0.0789072, 0.125354, 2.09364e-17, 0.213679, 0.0398009, 0.514393, 2.27699e-05, 0.248826, 0.00263783, 1.445e-09, 0.00249991, 3.25375e-05, 0.39139, 0.000107335, 5.25094e-07, 2.4364e-10, 4.24798e-12, 3.94574e-10, 1.04822e-10, 8.70261e-08, 0.354506, 
0.00840666, 1.00015e+06, 1.00015e+06, 1.00015e+06, 1.00122e+06, 1.0009e+06, 0.169014, 1173, 1173, 0.0678681, 0.167638, 9.35716e-18, 0.180057, 0.0658407, 0.516983, 2.27583e-05, 0.271014, 0.0014933, 9.56556e-10, 0.00193373, 2.03518e-05, 0.395151, 7.10285e-05, 8.8938e-07, 2.93134e-10, 3.07767e-12, 2.71098e-10, 6.58214e-11, 6.36184e-08, 0.330316, 0.168854, 1173, 1173, 0.0658093, 0.156687, 8.99241e-18, 0.169421, 0.0621405, 0.491524, 2.15447e-05, 0.271347, 0.00150871, 9.8231e-10, 0.00194706, 2.02939e-05, 0.393822, 7.16397e-05, 8.73936e-07, 2.89672e-10, 3.12277e-12, 2.77726e-10, 6.74427e-11, 6.33302e-08, 0.331283, 0.16821, 1173, 1173, 0.0755962, 0.163999, 1.01025e-17, 0.180048, 0.0669299, 0.538657, 2.3367e-05, 0.272419, 0.00154693, 1.04784e-09, 0.00198145, 2.00689e-05, 0.390116, 7.3179e-05, 8.34852e-07, 2.8049e-10, 3.23832e-12, 2.94662e-10, 7.15764e-11, 6.23938e-08, 0.333843, 0.16842, 1173, 1173, 0.0857908, 0.155635, 1.10661e-17, 0.176585, 0.0676364, 0.562959, 2.39585e-05, 0.274867, 0.00162496, 1.17944e-09, 0.00205393, 1.95357e-05, 0.382269, 7.63615e-05, 7.59851e-07, 2.62262e-10, 3.47756e-12, 3.28944e-10, 7.9967e-11, 6.0334e-08, 0.339089, 0.138922, 1173, 1173, 0.078797, 0.125214, 2.09098e-17, 0.213441, 0.0397513, 0.513745, 2.27423e-05, 0.24882, 0.00263774, 1.44474e-09, 0.00249981, 3.25406e-05, 0.391405, 0.000107331, 5.25158e-07, 2.43666e-10, 4.24737e-12, 3.94506e-10, 1.04805e-10, 8.70344e-08, 0.354498, 
0.00840872, 1.00015e+06, 1.00015e+06, 1.00015e+06, 1.00122e+06, 1.0009e+06, 0.169058, 1173, 1173, 0.0679008, 0.167764, 9.36169e-18, 0.180177, 0.0658873, 0.517303, 2.2773e-05, 0.271014, 0.00149314, 9.56361e-10, 0.0019336, 2.03513e-05, 0.395159, 7.10221e-05, 8.89516e-07, 2.93159e-10, 3.07734e-12, 2.71049e-10, 6.58089e-11, 6.36182e-08, 0.330308, 0.168793, 1173, 1173, 0.0658446, 0.156813, 8.9972e-18, 0.169542, 0.0621876, 0.491852, 2.15597e-05, 0.271347, 0.00150854, 9.82113e-10, 0.00194693, 2.02934e-05, 0.39383, 7.16332e-05, 8.7407e-07, 2.89697e-10, 3.12243e-12, 2.77676e-10, 6.743e-11, 6.33299e-08, 0.331275, 0.168207, 1173, 1173, 0.0755185, 0.163874, 1.0092e-17, 0.179894, 0.0668758, 0.538171, 2.33466e-05, 0.272419, 0.00154674, 1.04764e-09, 0.00198131, 2.00684e-05, 0.390124, 7.31722e-05, 8.34985e-07, 2.80515e-10, 3.23794e-12, 2.94609e-10, 7.15629e-11, 6.23937e-08, 0.333835, 0.168428, 1173, 1173, 0.085692, 0.1555, 1.10531e-17, 0.176415, 0.0675738, 0.562382, 2.39347e-05, 0.274866, 0.00162476, 1.1792e-09, 0.00205377, 1.95354e-05, 0.382279, 7.63537e-05, 7.59989e-07, 2.6229e-10, 3.4771e-12, 3.28882e-10, 7.99511e-11, 6.03345e-08, 0.339079, 0.137946, 1173, 1173, 0.07887, 0.125366, 2.09318e-17, 0.213698, 0.039794, 0.514292, 2.27675e-05, 0.248814, 0.00263764, 1.44449e-09, 0.00249972, 3.25438e-05, 0.391419, 0.000107327, 5.25222e-07, 2.43693e-10, 4.24675e-12, 3.94437e-10, 1.04787e-10, 8.70428e-08, 0.35449, 
0.00841077, 1.00015e+06, 1.00015e+06, 1.00015e+06, 1.00122e+06, 1.0009e+06, 0.169022, 1173, 1173, 0.0687282, 0.169854, 9.4758e-18, 0.182406, 0.0667053, 0.523678, 2.30543e-05, 0.271014, 0.00149297, 9.56165e-10, 0.00193347, 2.03508e-05, 0.395168, 7.10158e-05, 8.89651e-07, 2.93184e-10, 3.077e-12, 2.70999e-10, 6.57964e-11, 6.3618e-08, 0.3303, 0.16886, 1173, 1173, 0.0657808, 0.156702, 8.98845e-18, 0.169408, 0.0621413, 0.491441, 2.15422e-05, 0.271347, 0.00150837, 9.81916e-10, 0.0019468, 2.02928e-05, 0.393838, 7.16267e-05, 8.74204e-07, 2.89722e-10, 3.12209e-12, 2.77626e-10, 6.74174e-11, 6.33297e-08, 0.331267, 0.168215, 1173, 1173, 0.0750635, 0.162929, 1.0031e-17, 0.178841, 0.0664875, 0.534997, 2.32095e-05, 0.272419, 0.00154656, 1.04743e-09, 0.00198117, 2.00679e-05, 0.390133, 7.31653e-05, 8.35119e-07, 2.80541e-10, 3.23757e-12, 2.94557e-10, 7.15495e-11, 6.23935e-08, 0.333826, 0.168426, 1173, 1173, 0.0857275, 0.155609, 1.10574e-17, 0.176523, 0.0676171, 0.562686, 2.39484e-05, 0.274865, 0.00162455, 1.17896e-09, 0.00205362, 1.95351e-05, 0.38229, 7.6346e-05, 7.60127e-07, 2.62319e-10, 3.47664e-12, 3.28821e-10, 7.99352e-11, 6.03351e-08, 0.33907, 0.138913, 1173, 1173, 0.0784046, 0.124662, 2.08109e-17, 0.212496, 0.0395651, 0.511327, 2.26374e-05, 0.248808, 0.00263755, 1.44424e-09, 0.00249962, 3.2547e-05, 0.391433, 0.000107323, 5.25287e-07, 2.43719e-10, 4.24614e-12, 3.94369e-10, 1.04769e-10, 8.70511e-08, 0.354481, 
0.00841283, 1.00015e+06, 1.00015e+06, 1.00015e+06, 1.00122e+06, 1.0009e+06, 0.169064, 1173, 1173, 0.0675219, 0.166917, 9.30952e-18, 0.179237, 0.0655494, 0.514558, 2.26533e-05, 0.271013, 0.0014928, 9.5597e-10, 0.00193334, 2.03502e-05, 0.395176, 7.10094e-05, 8.89787e-07, 2.93209e-10, 3.07667e-12, 2.7095e-10, 6.57839e-11, 6.36178e-08, 0.330292, 0.168799, 1173, 1173, 0.0659132, 0.157059, 9.00651e-18, 0.169779, 0.0622802, 0.492496, 2.1589e-05, 0.271347, 0.0015082, 9.8172e-10, 0.00194667, 2.02923e-05, 0.393846, 7.16202e-05, 8.74338e-07, 2.89747e-10, 3.12175e-12, 2.77577e-10, 6.74047e-11, 6.33295e-08, 0.331259, 0.168213, 1173, 1173, 0.0753686, 0.163635, 1.00717e-17, 0.1796, 0.0667725, 0.53724, 2.33074e-05, 0.272418, 0.00154638, 1.04722e-09, 0.00198103, 2.00673e-05, 0.390142, 7.31585e-05, 8.35252e-07, 2.80566e-10, 3.2372e-12, 2.94504e-10, 7.15361e-11, 6.23934e-08, 0.333818, 0.168435, 1173, 1173, 0.0854743, 0.155194, 1.10245e-17, 0.176035, 0.0674326, 0.561096, 2.38815e-05, 0.274865, 0.00162434, 1.17872e-09, 0.00205346, 1.95348e-05, 0.382301, 7.63382e-05, 7.60265e-07, 2.62347e-10, 3.47618e-12, 3.28759e-10, 7.99194e-11, 6.03356e-08, 0.33906, 0.137937, 1173, 1173, 0.0802383, 0.127614, 2.13003e-17, 0.217527, 0.0404965, 0.523357, 2.31711e-05, 0.248802, 0.00263746, 1.44399e-09, 0.00249953, 3.25501e-05, 0.391447, 0.000107319, 5.25351e-07, 2.43746e-10, 4.24553e-12, 3.94301e-10, 1.04751e-10, 8.70595e-08, 0.354473, 
0.00841488, 1.00015e+06, 1.00015e+06, 1.00015e+06, 1.00122e+06, 1.0009e+06, 0.169026, 1173, 1173, 0.0679344, 0.167982, 9.36643e-18, 0.180365, 0.0659648, 0.517773, 2.27955e-05, 0.271013, 0.00149263, 9.55774e-10, 0.00193321, 2.03497e-05, 0.395184, 7.1003e-05, 8.89922e-07, 2.93235e-10, 3.07633e-12, 2.709e-10, 6.57714e-11, 6.36177e-08, 0.330285, 0.168866, 1173, 1173, 0.0659963, 0.157298, 9.01784e-18, 0.170023, 0.0623727, 0.493182, 2.16197e-05, 0.271346, 0.00150802, 9.81523e-10, 0.00194654, 2.02918e-05, 0.393855, 7.16137e-05, 8.74472e-07, 2.89772e-10, 3.12141e-12, 2.77527e-10, 6.73921e-11, 6.33293e-08, 0.331251, 0.168221, 1173, 1173, 0.0753839, 0.163711, 1.00736e-17, 0.179668, 0.0668008, 0.537417, 2.33158e-05, 0.272418, 0.0015462, 1.04702e-09, 0.0019809, 2.00668e-05, 0.39015, 7.31516e-05, 8.35386e-07, 2.80592e-10, 3.23683e-12, 2.94452e-10, 7.15227e-11, 6.23933e-08, 0.33381, 0.168433, 1173, 1173, 0.0860204, 0.15623, 1.10947e-17, 0.177194, 0.0678787, 0.564752, 2.40378e-05, 0.274864, 0.00162414, 1.17848e-09, 0.0020533, 1.95344e-05, 0.382311, 7.63305e-05, 7.60404e-07, 2.62376e-10, 3.47572e-12, 3.28698e-10, 7.99035e-11, 6.03362e-08, 0.33905, 0.138904, 1173, 1173, 0.0792617, 0.126096, 2.10437e-17, 0.21494, 0.0400096, 0.517058, 2.28933e-05, 0.248796, 0.00263736, 1.44373e-09, 0.00249943, 3.25533e-05, 0.391462, 0.000107315, 5.25416e-07, 2.43772e-10, 4.24492e-12, 3.94232e-10, 1.04733e-10, 8.70678e-08, 0.354465, 
0.00841694, 1.00015e+06, 1.00015e+06, 1.00015e+06, 1.00122e+06, 1.0009e+06, 0.169069, 1173, 1173, 0.0674021, 0.16671, 9.29306e-18, 0.178985, 0.0654627, 0.513786, 2.26205e-05, 0.271013, 0.00149247, 9.55579e-10, 0.00193308, 2.03492e-05, 0.395192, 7.09967e-05, 8.90056e-07, 2.9326e-10, 3.076e-12, 2.70851e-10, 6.57589e-11, 6.36175e-08, 0.330277, 0.168804, 1173, 1173, 0.0656792, 0.156584, 8.97448e-18, 0.169236, 0.0620867, 0.490878, 2.15192e-05, 0.271346, 0.00150785, 9.81327e-10, 0.00194641, 2.02912e-05, 0.393863, 7.16073e-05, 8.74606e-07, 2.89797e-10, 3.12107e-12, 2.77477e-10, 6.73795e-11, 6.3329e-08, 0.331244, 0.168219, 1173, 1173, 0.0753507, 0.163682, 1.0069e-17, 0.17962, 0.066786, 0.537248, 2.33091e-05, 0.272418, 0.00154602, 1.04681e-09, 0.00198076, 2.00663e-05, 0.390159, 7.31448e-05, 8.35519e-07, 2.80617e-10, 3.23646e-12, 2.94399e-10, 7.15093e-11, 6.23931e-08, 0.333802, 0.168441, 1173, 1173, 0.0855373, 0.155397, 1.10321e-17, 0.176233, 0.0675127, 0.561651, 2.39066e-05, 0.274863, 0.00162393, 1.17824e-09, 0.00205315, 1.95341e-05, 0.382322, 7.63227e-05, 7.60542e-07, 2.62404e-10, 3.47526e-12, 3.28636e-10, 7.98876e-11, 6.03368e-08, 0.339041, 0.137927, 1173, 1173, 0.0788523, 0.125481, 2.09377e-17, 0.213889, 0.0398089, 0.514458, 2.27793e-05, 0.24879, 0.00263727, 1.44348e-09, 0.00249934, 3.25564e-05, 0.391476, 0.000107311, 5.2548e-07, 2.43799e-10, 4.24431e-12, 3.94164e-10, 1.04715e-10, 8.70762e-08, 0.354457, 
0.008419, 1.00015e+06, 1.00015e+06, 1.00015e+06, 1.00122e+06, 1.0009e+06, 0.169031, 1173, 1173, 0.0675821, 0.1672, 9.3179e-18, 0.179495, 0.0656523, 0.515229, 2.26846e-05, 0.271013, 0.0014923, 9.55384e-10, 0.00193295, 2.03487e-05, 0.395201, 7.09904e-05, 8.90191e-07, 2.93285e-10, 3.07567e-12, 2.70801e-10, 6.57464e-11, 6.36173e-08, 0.330269, 0.168872, 1173, 1173, 0.0662077, 0.157885, 9.04667e-18, 0.170629, 0.0626003, 0.494894, 2.16959e-05, 0.271346, 0.00150768, 9.8113e-10, 0.00194628, 2.02907e-05, 0.393871, 7.16008e-05, 8.7474e-07, 2.89822e-10, 3.12073e-12, 2.77427e-10, 6.73668e-11, 6.33288e-08, 0.331236, 0.168227, 1173, 1173, 0.0754328, 0.163903, 1.00798e-17, 0.179847, 0.0668736, 0.537903, 2.33382e-05, 0.272418, 0.00154583, 1.04661e-09, 0.00198062, 2.00658e-05, 0.390168, 7.31379e-05, 8.35653e-07, 2.80643e-10, 3.23609e-12, 2.94347e-10, 7.14959e-11, 6.2393e-08, 0.333794, 0.168439, 1173, 1173, 0.0853954, 0.155183, 1.10136e-17, 0.175975, 0.067416, 0.560791, 2.38708e-05, 0.274862, 0.00162372, 1.178e-09, 0.00205299, 1.95338e-05, 0.382333, 7.63149e-05, 7.6068e-07, 2.62432e-10, 3.4748e-12, 3.28575e-10, 7.98718e-11, 6.03373e-08, 0.339031, 0.138894, 1173, 1173, 0.0794693, 0.126499, 2.11042e-17, 0.215623, 0.0401264, 0.518554, 2.29617e-05, 0.248784, 0.00263717, 1.44323e-09, 0.00249924, 3.25596e-05, 0.39149, 0.000107307, 5.25544e-07, 2.43825e-10, 4.2437e-12, 3.94096e-10, 1.04697e-10, 8.70846e-08, 0.354449, 
0.00842105, 1.00015e+06, 1.00015e+06, 1.00015e+06, 1.00122e+06, 1.0009e+06, 0.169076, 1173, 1173, 0.0681205, 0.168577, 9.39216e-18, 0.180959, 0.0661903, 0.519405, 2.28691e-05, 0.271013, 0.00149213, 9.55188e-10, 0.00193282, 2.03482e-05, 0.395209, 7.0984e-05, 8.90326e-07, 2.9331e-10, 3.07533e-12, 2.70752e-10, 6.57339e-11, 6.36171e-08, 0.330261, 0.168811, 1173, 1173, 0.0660348, 0.157514, 9.02302e-18, 0.170213, 0.0624507, 0.493666, 2.16426e-05, 0.271346, 0.00150751, 9.80934e-10, 0.00194614, 2.02901e-05, 0.39388, 7.15943e-05, 8.74874e-07, 2.89847e-10, 3.12039e-12, 2.77377e-10, 6.73542e-11, 6.33286e-08, 0.331228, 0.168224, 1173, 1173, 0.0752212, 0.163487, 1.00514e-17, 0.179374, 0.0667007, 0.536462, 2.32763e-05, 0.272418, 0.00154565, 1.0464e-09, 0.00198048, 2.00652e-05, 0.390177, 7.31311e-05, 8.35786e-07, 2.80668e-10, 3.23572e-12, 2.94294e-10, 7.14825e-11, 6.23928e-08, 0.333785, 0.168447, 1173, 1173, 0.0853407, 0.155128, 1.10063e-17, 0.175896, 0.067388, 0.560503, 2.38592e-05, 0.274862, 0.00162352, 1.17776e-09, 0.00205284, 1.95335e-05, 0.382343, 7.63072e-05, 7.60817e-07, 2.62461e-10, 3.47435e-12, 3.28513e-10, 7.98559e-11, 6.03379e-08, 0.339022, 0.137918, 1173, 1173, 0.0809529, 0.128897, 2.15009e-17, 0.21971, 0.0408816, 0.528307, 2.33947e-05, 0.248778, 0.00263708, 1.44298e-09, 0.00249915, 3.25628e-05, 0.391505, 0.000107303, 5.25609e-07, 2.43852e-10, 4.24309e-12, 3.94027e-10, 1.0468e-10, 8.70929e-08, 0.354441, 
0.00842311, 1.00015e+06, 1.00015e+06, 1.00015e+06, 1.00122e+06, 1.0009e+06, 0.16904, 1173, 1173, 0.0689178, 0.170596, 9.50211e-18, 0.18311, 0.0669802, 0.525557, 2.31405e-05, 0.271012, 0.00149196, 9.54993e-10, 0.00193269, 2.03477e-05, 0.395217, 7.09777e-05, 8.90462e-07, 2.93335e-10, 3.075e-12, 2.70702e-10, 6.57214e-11, 6.3617e-08, 0.330254, 0.168877, 1173, 1173, 0.0653427, 0.155905, 8.92843e-18, 0.168459, 0.06181, 0.488557, 2.14192e-05, 0.271346, 0.00150734, 9.80738e-10, 0.00194601, 2.02896e-05, 0.393888, 7.15878e-05, 8.75008e-07, 2.89872e-10, 3.12005e-12, 2.77328e-10, 6.73416e-11, 6.33283e-08, 0.33122, 0.168233, 1173, 1173, 0.0752335, 0.163556, 1.00529e-17, 0.179435, 0.0667262, 0.536618, 2.32837e-05, 0.272418, 0.00154547, 1.0462e-09, 0.00198035, 2.00647e-05, 0.390185, 7.31242e-05, 8.3592e-07, 2.80694e-10, 3.23535e-12, 2.94242e-10, 7.14691e-11, 6.23927e-08, 0.333777, 0.168445, 1173, 1173, 0.085279, 0.15506, 1.0998e-17, 0.175803, 0.0673544, 0.560168, 2.38458e-05, 0.274861, 0.00162331, 1.17752e-09, 0.00205268, 1.95332e-05, 0.382354, 7.62995e-05, 7.60955e-07, 2.62489e-10, 3.47389e-12, 3.28452e-10, 7.98401e-11, 6.03384e-08, 0.339012, 0.138885, 1173, 1173, 0.0796855, 0.126915, 2.1167e-17, 0.216331, 0.0402476, 0.520107, 2.30327e-05, 0.248772, 0.00263699, 1.44272e-09, 0.00249905, 3.25659e-05, 0.391519, 0.000107299, 5.25674e-07, 2.43879e-10, 4.24248e-12, 3.93959e-10, 1.04662e-10, 8.71013e-08, 0.354433, 
0.00842516, 1.00015e+06, 1.00015e+06, 1.00015e+06, 1.00122e+06, 1.0009e+06, 0.169085, 1173, 1173, 0.0696773, 0.172522, 9.60686e-18, 0.185162, 0.0677337, 0.531422, 2.33994e-05, 0.271012, 0.0014918, 9.54798e-10, 0.00193256, 2.03471e-05, 0.395225, 7.09713e-05, 8.90598e-07, 2.93361e-10, 3.07467e-12, 2.70653e-10, 6.5709e-11, 6.36168e-08, 0.330246, 0.168815, 1173, 1173, 0.0649426, 0.154991, 8.87373e-18, 0.167457, 0.0614452, 0.48563, 2.12914e-05, 0.271346, 0.00150717, 9.80542e-10, 0.00194588, 2.0289e-05, 0.393896, 7.15814e-05, 8.75142e-07, 2.89897e-10, 3.11971e-12, 2.77278e-10, 6.7329e-11, 6.33281e-08, 0.331212, 0.16823, 1173, 1173, 0.0752713, 0.163682, 1.00578e-17, 0.179556, 0.0667744, 0.536955, 2.3299e-05, 0.272418, 0.00154529, 1.04599e-09, 0.00198021, 2.00642e-05, 0.390194, 7.31174e-05, 8.36053e-07, 2.80719e-10, 3.23498e-12, 2.9419e-10, 7.14557e-11, 6.23926e-08, 0.333769, 0.168453, 1173, 1173, 0.0851663, 0.154899, 1.09833e-17, 0.175604, 0.0672806, 0.559499, 2.3818e-05, 0.27486, 0.00162311, 1.17729e-09, 0.00205253, 1.95329e-05, 0.382365, 7.62917e-05, 7.61093e-07, 2.62517e-10, 3.47343e-12, 3.2839e-10, 7.98243e-11, 6.0339e-08, 0.339003, 0.137908, 1173, 1173, 0.0777567, 0.123878, 2.06572e-17, 0.211154, 0.0392793, 0.507587, 2.24793e-05, 0.248766, 0.00263689, 1.44247e-09, 0.00249896, 3.25691e-05, 0.391533, 0.000107295, 5.25738e-07, 2.43905e-10, 4.24187e-12, 3.93891e-10, 1.04644e-10, 8.71096e-08, 0.354425, 
0.00842722, 1.00015e+06, 1.00015e+06, 1.00015e+06, 1.00122e+06, 1.0009e+06, 0.169047, 1173, 1173, 0.0698571, 0.173014, 9.63167e-18, 0.185674, 0.0679238, 0.532865, 2.34636e-05, 0.271012, 0.00149163, 9.54603e-10, 0.00193243, 2.03466e-05, 0.395234, 7.09649e-05, 8.90735e-07, 2.93386e-10, 3.07434e-12, 2.70603e-10, 6.56965e-11, 6.36166e-08, 0.330238, 0.168882, 1173, 1173, 0.0647198, 0.1545, 8.84327e-18, 0.166912, 0.061248, 0.484029, 2.12218e-05, 0.271346, 0.001507, 9.80346e-10, 0.00194575, 2.02885e-05, 0.393904, 7.1575e-05, 8.75275e-07, 2.89922e-10, 3.11937e-12, 2.77228e-10, 6.73164e-11, 6.33279e-08, 0.331205, 0.168239, 1173, 1173, 0.0754599, 0.164135, 1.00829e-17, 0.180038, 0.0669565, 0.538369, 2.3361e-05, 0.272417, 0.00154511, 1.04578e-09, 0.00198007, 2.00636e-05, 0.390203, 7.31106e-05, 8.36186e-07, 2.80745e-10, 3.23461e-12, 2.94137e-10, 7.14423e-11, 6.23924e-08, 0.333761, 0.168451, 1173, 1173, 0.0853049, 0.155195, 1.10009e-17, 0.175924, 0.0674052, 0.56048, 2.38605e-05, 0.27486, 0.0016229, 1.17705e-09, 0.00205237, 1.95325e-05, 0.382375, 7.6284e-05, 7.61231e-07, 2.62546e-10, 3.47297e-12, 3.28329e-10, 7.98085e-11, 6.03395e-08, 0.338993, 0.138875, 1173, 1173, 0.0789173, 0.125763, 2.09682e-17, 0.214365, 0.0398715, 0.515234, 2.28191e-05, 0.24876, 0.0026368, 1.44222e-09, 0.00249886, 3.25723e-05, 0.391548, 0.000107291, 5.25802e-07, 2.43931e-10, 4.24126e-12, 3.93822e-10, 1.04626e-10, 8.7118e-08, 0.354416, 
0.00842928, 1.00015e+06, 1.00015e+06, 1.00015e+06, 1.00122e+06, 1.0009e+06, 0.169092, 1173, 1173, 0.0704881, 0.174624, 9.71869e-18, 0.187385, 0.0685528, 0.537752, 2.36794e-05, 0.271012, 0.00149146, 9.54408e-10, 0.0019323, 2.03461e-05, 0.395242, 7.09584e-05, 8.90872e-07, 2.93412e-10, 3.07401e-12, 2.70554e-10, 6.5684e-11, 6.36165e-08, 0.33023, 0.16882, 1173, 1173, 0.0642354, 0.153383, 8.77705e-18, 0.165692, 0.0608031, 0.48047, 2.10662e-05, 0.271346, 0.00150683, 9.8015e-10, 0.00194562, 2.0288e-05, 0.393912, 7.15685e-05, 8.75407e-07, 2.89947e-10, 3.11903e-12, 2.77178e-10, 6.73038e-11, 6.33277e-08, 0.331197, 0.168238, 1173, 1173, 0.0758726, 0.165076, 1.01379e-17, 0.181054, 0.0673375, 0.541382, 2.34924e-05, 0.272417, 0.00154493, 1.04558e-09, 0.00197993, 2.00631e-05, 0.390211, 7.31037e-05, 8.3632e-07, 2.8077e-10, 3.23424e-12, 2.94085e-10, 7.1429e-11, 6.23923e-08, 0.333753, 0.168459, 1173, 1173, 0.0851401, 0.15494, 1.09794e-17, 0.175618, 0.0672902, 0.559469, 2.38182e-05, 0.274859, 0.00162269, 1.17681e-09, 0.00205221, 1.95322e-05, 0.382386, 7.62763e-05, 7.61368e-07, 2.62574e-10, 3.47251e-12, 3.28267e-10, 7.97926e-11, 6.03401e-08, 0.338984, 0.137899, 1173, 1173, 0.0789693, 0.125882, 2.09847e-17, 0.214566, 0.0399037, 0.515644, 2.28383e-05, 0.248754, 0.00263671, 1.44197e-09, 0.00249877, 3.25754e-05, 0.391562, 0.000107288, 5.25866e-07, 2.43958e-10, 4.24065e-12, 3.93754e-10, 1.04608e-10, 8.71263e-08, 0.354408, 
0.00843133, 1.00015e+06, 1.00015e+06, 1.00015e+06, 1.00122e+06, 1.0009e+06, 0.169056, 1173, 1173, 0.0715475, 0.177296, 9.86478e-18, 0.190237, 0.0695989, 0.545908, 2.40392e-05, 0.271011, 0.00149129, 9.54213e-10, 0.00193217, 2.03456e-05, 0.395251, 7.0952e-05, 8.9101e-07, 2.93437e-10, 3.07368e-12, 2.70505e-10, 6.56716e-11, 6.36163e-08, 0.330222, 0.168886, 1173, 1173, 0.0639081, 0.152642, 8.73232e-18, 0.164877, 0.0605068, 0.478086, 2.09622e-05, 0.271345, 0.00150666, 9.79954e-10, 0.00194549, 2.02874e-05, 0.39392, 7.15622e-05, 8.7554e-07, 2.89971e-10, 3.11868e-12, 2.77129e-10, 6.72912e-11, 6.33274e-08, 0.331189, 0.168246, 1173, 1173, 0.0757601, 0.164875, 1.01227e-17, 0.180817, 0.0672524, 0.540648, 2.34612e-05, 0.272417, 0.00154474, 1.04537e-09, 0.0019798, 2.00626e-05, 0.39022, 7.30969e-05, 8.36454e-07, 2.80796e-10, 3.23387e-12, 2.94033e-10, 7.14156e-11, 6.23921e-08, 0.333744, 0.168457, 1173, 1173, 0.0843773, 0.153595, 1.08808e-17, 0.174078, 0.0667024, 0.554526, 2.36085e-05, 0.274858, 0.00162249, 1.17657e-09, 0.00205206, 1.95319e-05, 0.382397, 7.62686e-05, 7.61506e-07, 2.62602e-10, 3.47206e-12, 3.28206e-10, 7.97768e-11, 6.03407e-08, 0.338974, 0.138866, 1173, 1173, 0.0808226, 0.128873, 2.14799e-17, 0.219663, 0.0408463, 0.527818, 2.33786e-05, 0.248748, 0.00263661, 1.44172e-09, 0.00249867, 3.25786e-05, 0.391576, 0.000107284, 5.2593e-07, 2.43984e-10, 4.24004e-12, 3.93686e-10, 1.0459e-10, 8.71347e-08, 0.3544, 
0.00843339, 1.00015e+06, 1.00015e+06, 1.00015e+06, 1.00122e+06, 1.0009e+06, 0.169094, 1173, 1173, 0.0685848, 0.17, 9.45631e-18, 0.182393, 0.0667319, 0.523374, 2.30476e-05, 0.271011, 0.00149112, 9.54019e-10, 0.00193204, 2.03451e-05, 0.395259, 7.09455e-05, 8.91147e-07, 2.93463e-10, 3.07335e-12, 2.70455e-10, 6.56591e-11, 6.36161e-08, 0.330214, 0.168824, 1173, 1173, 0.0634642, 0.151622, 8.67165e-18, 0.163761, 0.0600999, 0.474829, 2.08199e-05, 0.271345, 0.00150649, 9.79758e-10, 0.00194537, 2.02869e-05, 0.393929, 7.15558e-05, 8.75672e-07, 2.89996e-10, 3.11834e-12, 2.77079e-10, 6.72786e-11, 6.33272e-08, 0.331181, 0.168243, 1173, 1173, 0.0758484, 0.16511, 1.01343e-17, 0.18106, 0.0673457, 0.541347, 2.34922e-05, 0.272417, 0.00154456, 1.04517e-09, 0.00197966, 2.00621e-05, 0.390229, 7.309e-05, 8.36588e-07, 2.80821e-10, 3.2335e-12, 2.9398e-10, 7.14022e-11, 6.2392e-08, 0.333736, 0.168466, 1173, 1173, 0.0852431, 0.155216, 1.09922e-17, 0.175898, 0.067402, 0.560288, 2.38546e-05, 0.274857, 0.00162228, 1.17633e-09, 0.00205191, 1.95316e-05, 0.382407, 7.62609e-05, 7.61643e-07, 2.6263e-10, 3.4716e-12, 3.28144e-10, 7.9761e-11, 6.03412e-08, 0.338965, 0.137889, 1173, 1173, 0.0782335, 0.12478, 2.07944e-17, 0.212686, 0.0395437, 0.510979, 2.26339e-05, 0.248742, 0.00263652, 1.44146e-09, 0.00249858, 3.25818e-05, 0.39159, 0.00010728, 5.25995e-07, 2.44011e-10, 4.23943e-12, 3.93618e-10, 1.04573e-10, 8.71431e-08, 0.354392, 
0.00843544, 1.00015e+06, 1.00015e+06, 1.00015e+06, 1.00122e+06, 1.0009e+06, 0.16906, 1173, 1173, 0.0702194, 0.174098, 9.6817e-18, 0.186774, 0.0683378, 0.535921, 2.36007e-05, 0.271011, 0.00149095, 9.53824e-10, 0.00193191, 2.03446e-05, 0.395267, 7.09391e-05, 8.91283e-07, 2.93488e-10, 3.07302e-12, 2.70406e-10, 6.56467e-11, 6.3616e-08, 0.330207, 0.168894, 1173, 1173, 0.0647737, 0.154791, 8.85056e-18, 0.16717, 0.0613536, 0.484691, 2.12529e-05, 0.271345, 0.00150632, 9.79562e-10, 0.00194524, 2.02863e-05, 0.393937, 7.15494e-05, 8.75804e-07, 2.90021e-10, 3.118e-12, 2.77029e-10, 6.7266e-11, 6.33269e-08, 0.331174, 0.168246, 1173, 1173, 0.0727105, 0.158321, 9.71494e-18, 0.173599, 0.0645737, 0.519017, 2.25237e-05, 0.272417, 0.00154438, 1.04496e-09, 0.00197952, 2.00615e-05, 0.390237, 7.30832e-05, 8.3672e-07, 2.80847e-10, 3.23313e-12, 2.93928e-10, 7.13889e-11, 6.23918e-08, 0.333728, 0.168464, 1173, 1173, 0.0851145, 0.155026, 1.09753e-17, 0.175667, 0.0673155, 0.559514, 2.38224e-05, 0.274857, 0.00162208, 1.17609e-09, 0.00205175, 1.95313e-05, 0.382418, 7.62532e-05, 7.61781e-07, 2.62659e-10, 3.47114e-12, 3.28083e-10, 7.97452e-11, 6.03418e-08, 0.338955, 0.138857, 1173, 1173, 0.0846335, 0.135026, 2.24984e-17, 0.23015, 0.0427851, 0.552856, 2.449e-05, 0.248736, 0.00263642, 1.44121e-09, 0.00249848, 3.2585e-05, 0.391605, 0.000107276, 5.26059e-07, 2.44037e-10, 4.23882e-12, 3.93549e-10, 1.04555e-10, 8.71515e-08, 0.354384, 
0.0084375, 1.00015e+06, 1.00015e+06, 1.00015e+06, 1.00122e+06, 1.0009e+06, 0.169104, 1173, 1173, 0.0707159, 0.175376, 9.75017e-18, 0.188129, 0.0688365, 0.539784, 2.37715e-05, 0.271011, 0.00149078, 9.53629e-10, 0.00193178, 2.03441e-05, 0.395276, 7.09327e-05, 8.91421e-07, 2.93514e-10, 3.07269e-12, 2.70357e-10, 6.56343e-11, 6.36158e-08, 0.330199, 0.16883, 1173, 1173, 0.0632699, 0.151237, 8.64507e-18, 0.163317, 0.0599425, 0.473501, 2.07628e-05, 0.271345, 0.00150615, 9.79367e-10, 0.00194511, 2.02858e-05, 0.393945, 7.1543e-05, 8.75936e-07, 2.90045e-10, 3.11766e-12, 2.7698e-10, 6.72534e-11, 6.33267e-08, 0.331166, 0.168246, 1173, 1173, 0.0741219, 0.161437, 9.90338e-18, 0.177, 0.0658416, 0.529159, 2.29645e-05, 0.272417, 0.0015442, 1.04476e-09, 0.00197939, 2.0061e-05, 0.390246, 7.30765e-05, 8.36852e-07, 2.80872e-10, 3.23276e-12, 2.93876e-10, 7.13755e-11, 6.23917e-08, 0.33372, 0.168472, 1173, 1173, 0.0854018, 0.155593, 1.10121e-17, 0.176294, 0.0675579, 0.561473, 2.39065e-05, 0.274856, 0.00162187, 1.17586e-09, 0.00205159, 1.9531e-05, 0.382428, 7.62455e-05, 7.61918e-07, 2.62687e-10, 3.47069e-12, 3.28022e-10, 7.97294e-11, 6.03423e-08, 0.338945, 0.13788, 1173, 1173, 0.0778274, 0.124203, 2.06917e-17, 0.211701, 0.0393503, 0.508466, 2.25247e-05, 0.24873, 0.00263633, 1.44096e-09, 0.00249839, 3.25881e-05, 0.391619, 0.000107272, 5.26124e-07, 2.44064e-10, 4.23821e-12, 3.93481e-10, 1.04537e-10, 8.71598e-08, 0.354376, 
0.00843956, 1.00015e+06, 1.00015e+06, 1.00015e+06, 1.00122e+06, 1.0009e+06, 0.16907, 1173, 1173, 0.0728315, 0.180671, 1.00419e-17, 0.193793, 0.0709119, 0.556007, 2.44867e-05, 0.27101, 0.00149061, 9.53435e-10, 0.00193164, 2.03435e-05, 0.395284, 7.09262e-05, 8.9156e-07, 2.9354e-10, 3.07236e-12, 2.70308e-10, 6.56218e-11, 6.36156e-08, 0.330191, 0.168895, 1173, 1173, 0.0621642, 0.148632, 8.49397e-18, 0.160492, 0.0589081, 0.465289, 2.04032e-05, 0.271345, 0.00150599, 9.79171e-10, 0.00194498, 2.02853e-05, 0.393953, 7.15367e-05, 8.76067e-07, 2.9007e-10, 3.11732e-12, 2.7693e-10, 6.72409e-11, 6.33265e-08, 0.331158, 0.168257, 1173, 1173, 0.0756179, 0.164738, 1.01031e-17, 0.180604, 0.0671852, 0.539908, 2.34316e-05, 0.272417, 0.00154402, 1.04455e-09, 0.00197925, 2.00605e-05, 0.390254, 7.30697e-05, 8.36985e-07, 2.80897e-10, 3.2324e-12, 2.93824e-10, 7.13622e-11, 6.23916e-08, 0.333712, 0.168469, 1173, 1173, 0.0845358, 0.154059, 1.09002e-17, 0.17454, 0.0668879, 0.55585, 2.36678e-05, 0.274855, 0.00162167, 1.17562e-09, 0.00205144, 1.95306e-05, 0.382439, 7.62378e-05, 7.62056e-07, 2.62715e-10, 3.47023e-12, 3.2796e-10, 7.97136e-11, 6.03429e-08, 0.338936, 0.138846, 1173, 1173, 0.0797375, 0.127287, 2.12022e-17, 0.216957, 0.040322, 0.521016, 2.30818e-05, 0.248724, 0.00263624, 1.44071e-09, 0.00249829, 3.25913e-05, 0.391633, 0.000107268, 5.26188e-07, 2.4409e-10, 4.2376e-12, 3.93413e-10, 1.04519e-10, 8.71682e-08, 0.354368, 
0.00844161, 1.00015e+06, 1.00015e+06, 1.00015e+06, 1.00122e+06, 1.0009e+06, 0.169109, 1173, 1173, 0.0704671, 0.174853, 9.7159e-18, 0.187536, 0.0686253, 0.53803, 2.36956e-05, 0.27101, 0.00149044, 9.5324e-10, 0.00193151, 2.0343e-05, 0.395293, 7.09197e-05, 8.91698e-07, 2.93565e-10, 3.07203e-12, 2.70258e-10, 6.56094e-11, 6.36155e-08, 0.330183, 0.168837, 1173, 1173, 0.0641235, 0.153357, 8.76166e-18, 0.165579, 0.0607782, 0.480018, 2.10495e-05, 0.271345, 0.00150582, 9.78975e-10, 0.00194485, 2.02847e-05, 0.393961, 7.15304e-05, 8.76199e-07, 2.90094e-10, 3.11698e-12, 2.7688e-10, 6.72283e-11, 6.33262e-08, 0.331151, 0.168254, 1173, 1173, 0.0751013, 0.163656, 1.0034e-17, 0.179402, 0.0667409, 0.536288, 2.32751e-05, 0.272417, 0.00154384, 1.04435e-09, 0.00197911, 2.006e-05, 0.390263, 7.30629e-05, 8.37118e-07, 2.80923e-10, 3.23203e-12, 2.93771e-10, 7.13488e-11, 6.23914e-08, 0.333703, 0.168478, 1173, 1173, 0.0850262, 0.154997, 1.09632e-17, 0.175586, 0.0672911, 0.559146, 2.38089e-05, 0.274855, 0.00162146, 1.17538e-09, 0.00205128, 1.95303e-05, 0.38245, 7.62301e-05, 7.62193e-07, 2.62744e-10, 3.46977e-12, 3.27899e-10, 7.96979e-11, 6.03434e-08, 0.338926, 0.13787, 1173, 1173, 0.0787816, 0.125797, 2.09507e-17, 0.214416, 0.0398446, 0.514841, 2.28093e-05, 0.248718, 0.00263615, 1.44046e-09, 0.0024982, 3.25945e-05, 0.391648, 0.000107264, 5.26252e-07, 2.44117e-10, 4.23699e-12, 3.93345e-10, 1.04501e-10, 8.71765e-08, 0.35436, 
0.00844367, 1.00015e+06, 1.00015e+06, 1.00015e+06, 1.00122e+06, 1.0009e+06, 0.169069, 1173, 1173, 0.0690685, 0.171429, 9.52309e-18, 0.183848, 0.0672784, 0.527423, 2.32291e-05, 0.27101, 0.00149027, 9.53046e-10, 0.00193138, 2.03425e-05, 0.395301, 7.09133e-05, 8.91835e-07, 2.93591e-10, 3.0717e-12, 2.70209e-10, 6.5597e-11, 6.36153e-08, 0.330175, 0.168902, 1173, 1173, 0.0626632, 0.149904, 8.56211e-18, 0.161837, 0.0594073, 0.469149, 2.05734e-05, 0.271345, 0.00150565, 9.7878e-10, 0.00194472, 2.02842e-05, 0.393969, 7.1524e-05, 8.7633e-07, 2.90119e-10, 3.11664e-12, 2.76831e-10, 6.72157e-11, 6.3326e-08, 0.331143, 0.168262, 1173, 1173, 0.0749296, 0.163324, 1.00109e-17, 0.179023, 0.066603, 0.53513, 2.32255e-05, 0.272416, 0.00154366, 1.04414e-09, 0.00197898, 2.00594e-05, 0.390272, 7.30561e-05, 8.37251e-07, 2.80948e-10, 3.23166e-12, 2.93719e-10, 7.13355e-11, 6.23913e-08, 0.333695, 0.168478, 1173, 1173, 0.086905, 0.158467, 1.12052e-17, 0.179501, 0.0687935, 0.571573, 2.43389e-05, 0.274854, 0.00162126, 1.17514e-09, 0.00205113, 1.953e-05, 0.38246, 7.62223e-05, 7.62331e-07, 2.62772e-10, 3.46932e-12, 3.27838e-10, 7.96821e-11, 6.0344e-08, 0.338917, 0.138836, 1173, 1173, 0.0779504, 0.124505, 2.07323e-17, 0.212213, 0.0394301, 0.509478, 2.25728e-05, 0.248712, 0.00263605, 1.44021e-09, 0.0024981, 3.25976e-05, 0.391662, 0.00010726, 5.26316e-07, 2.44143e-10, 4.23638e-12, 3.93277e-10, 1.04484e-10, 8.71849e-08, 0.354352, 
0.00844572, 1.00015e+06, 1.00015e+06, 1.00015e+06, 1.00122e+06, 1.0009e+06, 0.169114, 1173, 1173, 0.0695479, 0.172665, 9.58921e-18, 0.185158, 0.0677607, 0.531157, 2.33942e-05, 0.271009, 0.0014901, 9.52852e-10, 0.00193125, 2.0342e-05, 0.39531, 7.09069e-05, 8.91972e-07, 2.93616e-10, 3.07137e-12, 2.7016e-10, 6.55846e-11, 6.36152e-08, 0.330167, 0.168847, 1173, 1173, 0.0666327, 0.159441, 9.10448e-18, 0.172119, 0.0631846, 0.498935, 2.18801e-05, 0.271345, 0.00150548, 9.78584e-10, 0.0019446, 2.02836e-05, 0.393977, 7.15176e-05, 8.76462e-07, 2.90144e-10, 3.1163e-12, 2.76781e-10, 6.72031e-11, 6.33257e-08, 0.331135, 0.168261, 1173, 1173, 0.0755219, 0.164659, 1.00899e-17, 0.18047, 0.0671443, 0.539429, 2.34128e-05, 0.272416, 0.00154348, 1.04394e-09, 0.00197884, 2.00589e-05, 0.39028, 7.30493e-05, 8.37384e-07, 2.80973e-10, 3.23129e-12, 2.93667e-10, 7.13222e-11, 6.23911e-08, 0.333687, 0.168484, 1173, 1173, 0.084564, 0.154242, 1.09031e-17, 0.174699, 0.0669555, 0.556247, 2.3687e-05, 0.274853, 0.00162105, 1.17491e-09, 0.00205097, 1.95297e-05, 0.382471, 7.62146e-05, 7.62469e-07, 2.628e-10, 3.46886e-12, 3.27777e-10, 7.96663e-11, 6.03446e-08, 0.338907, 0.137861, 1173, 1173, 0.0792941, 0.126687, 2.10924e-17, 0.215932, 0.0401158, 0.518332, 2.29662e-05, 0.248706, 0.00263596, 1.43995e-09, 0.00249801, 3.26008e-05, 0.391676, 0.000107256, 5.2638e-07, 2.4417e-10, 4.23577e-12, 3.93209e-10, 1.04466e-10, 8.71932e-08, 0.354344, 
0.00844778, 1.00015e+06, 1.00015e+06, 1.00015e+06, 1.00122e+06, 1.0009e+06, 0.169075, 1173, 1173, 0.0692068, 0.171864, 9.5422e-18, 0.184284, 0.0674436, 0.528624, 2.32833e-05, 0.271009, 0.00148994, 9.52657e-10, 0.00193112, 2.03415e-05, 0.395318, 7.09005e-05, 8.92109e-07, 2.93642e-10, 3.07104e-12, 2.70111e-10, 6.55722e-11, 6.3615e-08, 0.33016, 0.168912, 1173, 1173, 0.0650249, 0.155635, 8.88479e-18, 0.167996, 0.0616737, 0.486961, 2.13556e-05, 0.271345, 0.00150531, 9.78389e-10, 0.00194447, 2.02831e-05, 0.393985, 7.15112e-05, 8.76596e-07, 2.90168e-10, 3.11596e-12, 2.76731e-10, 6.71906e-11, 6.33255e-08, 0.331128, 0.168269, 1173, 1173, 0.0756555, 0.164993, 1.01076e-17, 0.18082, 0.0672778, 0.540451, 2.34578e-05, 0.272416, 0.0015433, 1.04373e-09, 0.0019787, 2.00584e-05, 0.390289, 7.30425e-05, 8.37518e-07, 2.80999e-10, 3.23092e-12, 2.93615e-10, 7.13088e-11, 6.2391e-08, 0.333679, 0.168482, 1173, 1173, 0.0848859, 0.154873, 1.09444e-17, 0.175398, 0.0672254, 0.558435, 2.37809e-05, 0.274852, 0.00162085, 1.17467e-09, 0.00205082, 1.95294e-05, 0.382482, 7.62069e-05, 7.62606e-07, 2.62828e-10, 3.46841e-12, 3.27715e-10, 7.96506e-11, 6.03451e-08, 0.338898, 0.138827, 1173, 1173, 0.0791761, 0.126535, 2.10637e-17, 0.215671, 0.040062, 0.517631, 2.29362e-05, 0.2487, 0.00263587, 1.4397e-09, 0.00249791, 3.2604e-05, 0.39169, 0.000107252, 5.26444e-07, 2.44196e-10, 4.23517e-12, 3.93141e-10, 1.04448e-10, 8.72016e-08, 0.354336, 
0.00844984, 1.00015e+06, 1.00015e+06, 1.00015e+06, 1.00122e+06, 1.0009e+06, 0.169118, 1173, 1173, 0.0687162, 0.170691, 9.47457e-18, 0.183011, 0.0669806, 0.524948, 2.3122e-05, 0.271009, 0.00148977, 9.52463e-10, 0.00193099, 2.0341e-05, 0.395326, 7.08941e-05, 8.92245e-07, 2.93667e-10, 3.07071e-12, 2.70062e-10, 6.55598e-11, 6.36148e-08, 0.330152, 0.168851, 1173, 1173, 0.065068, 0.155779, 8.89065e-18, 0.168137, 0.0617283, 0.487348, 2.13731e-05, 0.271345, 0.00150514, 9.78194e-10, 0.00194434, 2.02826e-05, 0.393993, 7.15048e-05, 8.76728e-07, 2.90193e-10, 3.11563e-12, 2.76682e-10, 6.7178e-11, 6.33253e-08, 0.33112, 0.168267, 1173, 1173, 0.075823, 0.165402, 1.01298e-17, 0.181252, 0.0674415, 0.541716, 2.35134e-05, 0.272416, 0.00154312, 1.04353e-09, 0.00197856, 2.00578e-05, 0.390298, 7.30356e-05, 8.37651e-07, 2.81024e-10, 3.23056e-12, 2.93563e-10, 7.12955e-11, 6.23909e-08, 0.333671, 0.168491, 1173, 1173, 0.0849902, 0.155108, 1.09576e-17, 0.175647, 0.0673232, 0.559192, 2.38139e-05, 0.274852, 0.00162064, 1.17443e-09, 0.00205066, 1.95291e-05, 0.382492, 7.61993e-05, 7.62744e-07, 2.62857e-10, 3.46795e-12, 3.27654e-10, 7.96348e-11, 6.03457e-08, 0.338888, 0.137851, 1173, 1173, 0.0789535, 0.126215, 2.10071e-17, 0.215124, 0.0399553, 0.516246, 2.2876e-05, 0.248694, 0.00263578, 1.43945e-09, 0.00249782, 3.26071e-05, 0.391705, 0.000107248, 5.26508e-07, 2.44222e-10, 4.23456e-12, 3.93073e-10, 1.0443e-10, 8.721e-08, 0.354327, 
0.00845189, 1.00015e+06, 1.00015e+06, 1.00015e+06, 1.00122e+06, 1.0009e+06, 0.169079, 1173, 1173, 0.0680414, 0.169061, 9.38156e-18, 0.181247, 0.0663378, 0.519864, 2.28987e-05, 0.271009, 0.0014896, 9.52269e-10, 0.00193086, 2.03405e-05, 0.395335, 7.08878e-05, 8.92381e-07, 2.93693e-10, 3.07038e-12, 2.70012e-10, 6.55474e-11, 6.36147e-08, 0.330144, 0.168918, 1173, 1173, 0.0653966, 0.156607, 8.93553e-18, 0.169015, 0.0620538, 0.489874, 2.14845e-05, 0.271345, 0.00150497, 9.77999e-10, 0.00194421, 2.0282e-05, 0.394001, 7.14984e-05, 8.76861e-07, 2.90218e-10, 3.11529e-12, 2.76632e-10, 6.71655e-11, 6.3325e-08, 0.331112, 0.168276, 1173, 1173, 0.0759684, 0.165763, 1.01491e-17, 0.181632, 0.0675857, 0.542824, 2.35621e-05, 0.272416, 0.00154294, 1.04332e-09, 0.00197843, 2.00573e-05, 0.390306, 7.30288e-05, 8.37785e-07, 2.8105e-10, 3.23019e-12, 2.93511e-10, 7.12822e-11, 6.23907e-08, 0.333663, 0.168489, 1173, 1173, 0.0848279, 0.154856, 1.09364e-17, 0.175346, 0.0672098, 0.558195, 2.37722e-05, 0.274851, 0.00162044, 1.17419e-09, 0.00205051, 1.95287e-05, 0.382503, 7.61916e-05, 7.62881e-07, 2.62885e-10, 3.46749e-12, 3.27593e-10, 7.96191e-11, 6.03462e-08, 0.338879, 0.138818, 1173, 1173, 0.0793186, 0.126835, 2.1107e-17, 0.21618, 0.0401461, 0.518705, 2.2986e-05, 0.248688, 0.00263568, 1.4392e-09, 0.00249773, 3.26103e-05, 0.391719, 0.000107244, 5.26572e-07, 2.44249e-10, 4.23395e-12, 3.93005e-10, 1.04413e-10, 8.72183e-08, 0.354319, 
0.00845395, 1.00015e+06, 1.00015e+06, 1.00015e+06, 1.00122e+06, 1.0009e+06, 0.169122, 1173, 1173, 0.0678531, 0.168638, 9.35562e-18, 0.180778, 0.0661692, 0.518497, 2.2839e-05, 0.271008, 0.00148943, 9.52075e-10, 0.00193073, 2.03399e-05, 0.395343, 7.08814e-05, 8.92516e-07, 2.93718e-10, 3.07005e-12, 2.69963e-10, 6.5535e-11, 6.36145e-08, 0.330136, 0.168857, 1173, 1173, 0.065589, 0.157109, 8.9618e-18, 0.169543, 0.0622502, 0.491381, 2.15511e-05, 0.271344, 0.0015048, 9.77803e-10, 0.00194408, 2.02815e-05, 0.39401, 7.1492e-05, 8.76994e-07, 2.90243e-10, 3.11495e-12, 2.76583e-10, 6.71529e-11, 6.33248e-08, 0.331104, 0.168274, 1173, 1173, 0.0761224, 0.166142, 1.01695e-17, 0.182032, 0.0677376, 0.543993, 2.36135e-05, 0.272416, 0.00154275, 1.04312e-09, 0.00197829, 2.00568e-05, 0.390315, 7.3022e-05, 8.37919e-07, 2.81075e-10, 3.22982e-12, 2.93458e-10, 7.12689e-11, 6.23906e-08, 0.333654, 0.168497, 1173, 1173, 0.084812, 0.15487, 1.09341e-17, 0.175346, 0.0672123, 0.558161, 2.37715e-05, 0.27485, 0.00162023, 1.17396e-09, 0.00205035, 1.95284e-05, 0.382513, 7.61839e-05, 7.63019e-07, 2.62913e-10, 3.46704e-12, 3.27532e-10, 7.96033e-11, 6.03468e-08, 0.338869, 0.137842, 1173, 1173, 0.0794819, 0.127132, 2.11531e-17, 0.216685, 0.0402347, 0.519843, 2.30376e-05, 0.248682, 0.00263559, 1.43895e-09, 0.00249763, 3.26135e-05, 0.391733, 0.00010724, 5.26636e-07, 2.44275e-10, 4.23334e-12, 3.92937e-10, 1.04395e-10, 8.72267e-08, 0.354311, 
0.008456, 1.00015e+06, 1.00015e+06, 1.00015e+06, 1.00122e+06, 1.0009e+06, 0.169084, 1173, 1173, 0.0676093, 0.168077, 9.32202e-18, 0.180162, 0.0659462, 0.516704, 2.27607e-05, 0.271008, 0.00148927, 9.51881e-10, 0.0019306, 2.03394e-05, 0.395351, 7.08751e-05, 8.92651e-07, 2.93743e-10, 3.06972e-12, 2.69914e-10, 6.55226e-11, 6.36143e-08, 0.330129, 0.168926, 1173, 1173, 0.0666718, 0.159744, 9.10974e-18, 0.172372, 0.063292, 0.49956, 2.19104e-05, 0.271344, 0.00150463, 9.77608e-10, 0.00194395, 2.02809e-05, 0.394018, 7.14856e-05, 8.77128e-07, 2.90268e-10, 3.11461e-12, 2.76533e-10, 6.71404e-11, 6.33245e-08, 0.331097, 0.168282, 1173, 1173, 0.0760571, 0.166043, 1.01607e-17, 0.181907, 0.0676943, 0.543595, 2.35969e-05, 0.272416, 0.00154257, 1.04292e-09, 0.00197815, 2.00563e-05, 0.390324, 7.30151e-05, 8.38052e-07, 2.81101e-10, 3.22946e-12, 2.93406e-10, 7.12556e-11, 6.23904e-08, 0.333646, 0.168495, 1173, 1173, 0.0849227, 0.155117, 1.09481e-17, 0.175609, 0.0673151, 0.558961, 2.38063e-05, 0.274849, 0.00162003, 1.17372e-09, 0.0020502, 1.95281e-05, 0.382524, 7.61762e-05, 7.63156e-07, 2.62941e-10, 3.46658e-12, 3.27471e-10, 7.95876e-11, 6.03473e-08, 0.33886, 0.138808, 1173, 1173, 0.0781447, 0.125028, 2.07999e-17, 0.213099, 0.0395637, 0.511167, 2.26541e-05, 0.248676, 0.0026355, 1.4387e-09, 0.00249754, 3.26166e-05, 0.391747, 0.000107237, 5.267e-07, 2.44302e-10, 4.23274e-12, 3.92869e-10, 1.04377e-10, 8.7235e-08, 0.354303, 
0.00845806, 1.00015e+06, 1.00015e+06, 1.00015e+06, 1.00122e+06, 1.0009e+06, 0.169127, 1173, 1173, 0.0673359, 0.167441, 9.28435e-18, 0.179466, 0.0656943, 0.514685, 2.26723e-05, 0.271008, 0.0014891, 9.51687e-10, 0.00193047, 2.03389e-05, 0.395359, 7.08688e-05, 8.92786e-07, 2.93768e-10, 3.06939e-12, 2.69865e-10, 6.55102e-11, 6.36142e-08, 0.330121, 0.168867, 1173, 1173, 0.0674414, 0.16163, 9.21486e-18, 0.174393, 0.0640367, 0.505392, 2.21668e-05, 0.271344, 0.00150446, 9.77413e-10, 0.00194382, 2.02804e-05, 0.394026, 7.14791e-05, 8.77262e-07, 2.90293e-10, 3.11428e-12, 2.76484e-10, 6.71279e-11, 6.33243e-08, 0.331089, 0.16828, 1173, 1173, 0.0761186, 0.166222, 1.01687e-17, 0.182086, 0.067764, 0.544104, 2.36197e-05, 0.272415, 0.00154239, 1.04271e-09, 0.00197801, 2.00557e-05, 0.390332, 7.30083e-05, 8.38186e-07, 2.81126e-10, 3.22909e-12, 2.93354e-10, 7.12423e-11, 6.23903e-08, 0.333638, 0.168503, 1173, 1173, 0.0850739, 0.155437, 1.09674e-17, 0.175956, 0.0674502, 0.560027, 2.38524e-05, 0.274849, 0.00161983, 1.17348e-09, 0.00205005, 1.95278e-05, 0.382535, 7.61685e-05, 7.63293e-07, 2.6297e-10, 3.46613e-12, 3.2741e-10, 7.95719e-11, 6.03479e-08, 0.33885, 0.137832, 1173, 1173, 0.0770028, 0.123236, 2.04985e-17, 0.210044, 0.0389914, 0.503767, 2.23272e-05, 0.24867, 0.00263541, 1.43845e-09, 0.00249744, 3.26198e-05, 0.391762, 0.000107233, 5.26764e-07, 2.44328e-10, 4.23213e-12, 3.92801e-10, 1.04359e-10, 8.72434e-08, 0.354295, 
0.00846012, 1.00015e+06, 1.00015e+06, 1.00015e+06, 1.00122e+06, 1.0009e+06, 0.16909, 1173, 1173, 0.0675592, 0.168042, 9.31517e-18, 0.180094, 0.0659271, 0.516463, 2.27512e-05, 0.271008, 0.00148894, 9.51493e-10, 0.00193034, 2.03384e-05, 0.395368, 7.08625e-05, 8.92921e-07, 2.93793e-10, 3.06906e-12, 2.69816e-10, 6.54978e-11, 6.3614e-08, 0.330113, 0.168932, 1173, 1173, 0.0666329, 0.159735, 9.10437e-18, 0.172333, 0.0632831, 0.4994, 2.19045e-05, 0.271344, 0.00150429, 9.77218e-10, 0.00194368, 2.02798e-05, 0.394034, 7.14726e-05, 8.77396e-07, 2.90318e-10, 3.11394e-12, 2.76435e-10, 6.71154e-11, 6.33241e-08, 0.331081, 0.168288, 1173, 1173, 0.076065, 0.166148, 1.01614e-17, 0.18199, 0.0677311, 0.543789, 2.36067e-05, 0.272415, 0.00154221, 1.04251e-09, 0.00197788, 2.00552e-05, 0.390341, 7.30015e-05, 8.3832e-07, 2.81152e-10, 3.22872e-12, 2.93302e-10, 7.1229e-11, 6.23902e-08, 0.33363, 0.168501, 1173, 1173, 0.0848635, 0.155097, 1.094e-17, 0.175554, 0.0672985, 0.558713, 2.37972e-05, 0.274848, 0.00161962, 1.17324e-09, 0.00204989, 1.95275e-05, 0.382545, 7.61609e-05, 7.63431e-07, 2.62998e-10, 3.46568e-12, 3.27349e-10, 7.95561e-11, 6.03484e-08, 0.338841, 0.138798, 1173, 1173, 0.0779787, 0.124833, 2.0761e-17, 0.212765, 0.0394914, 0.510221, 2.26144e-05, 0.248664, 0.00263532, 1.4382e-09, 0.00249735, 3.2623e-05, 0.391776, 0.000107229, 5.26827e-07, 2.44354e-10, 4.23152e-12, 3.92733e-10, 1.04342e-10, 8.72517e-08, 0.354287, 
0.00846217, 1.00015e+06, 1.00015e+06, 1.00015e+06, 1.00122e+06, 1.0009e+06, 0.169133, 1173, 1173, 0.0675781, 0.168134, 9.31781e-18, 0.180177, 0.0659604, 0.516678, 2.27613e-05, 0.271008, 0.00148877, 9.51299e-10, 0.00193022, 2.03379e-05, 0.395376, 7.08562e-05, 8.93056e-07, 2.93818e-10, 3.06873e-12, 2.69767e-10, 6.54854e-11, 6.36138e-08, 0.330106, 0.16887, 1173, 1173, 0.0660323, 0.158336, 9.02229e-18, 0.170809, 0.0627266, 0.494964, 2.17105e-05, 0.271344, 0.00150412, 9.77023e-10, 0.00194355, 2.02793e-05, 0.394042, 7.14662e-05, 8.7753e-07, 2.90342e-10, 3.1136e-12, 2.76385e-10, 6.71028e-11, 6.33238e-08, 0.331073, 0.168285, 1173, 1173, 0.075883, 0.165794, 1.0137e-17, 0.181586, 0.0675838, 0.542557, 2.35538e-05, 0.272415, 0.00154203, 1.0423e-09, 0.00197774, 2.00547e-05, 0.39035, 7.29947e-05, 8.38454e-07, 2.81177e-10, 3.22836e-12, 2.9325e-10, 7.12157e-11, 6.239e-08, 0.333622, 0.168509, 1173, 1173, 0.0845184, 0.15451, 1.08953e-17, 0.174874, 0.0670399, 0.556511, 2.37041e-05, 0.274847, 0.00161942, 1.17301e-09, 0.00204974, 1.95272e-05, 0.382556, 7.61532e-05, 7.63568e-07, 2.63026e-10, 3.46522e-12, 3.27287e-10, 7.95404e-11, 6.0349e-08, 0.338831, 0.137823, 1173, 1173, 0.0792498, 0.126904, 2.11021e-17, 0.216293, 0.0401411, 0.518609, 2.29872e-05, 0.248658, 0.00263523, 1.43795e-09, 0.00249726, 3.26261e-05, 0.39179, 0.000107225, 5.26891e-07, 2.4438e-10, 4.23092e-12, 3.92665e-10, 1.04324e-10, 8.72601e-08, 0.354279, 
0.00846423, 1.00015e+06, 1.00015e+06, 1.00015e+06, 1.00122e+06, 1.0009e+06, 0.169098, 1173, 1173, 0.0689245, 0.171529, 9.50348e-18, 0.183801, 0.0672897, 0.527044, 2.32186e-05, 0.271007, 0.0014886, 9.51106e-10, 0.00193009, 2.03374e-05, 0.395384, 7.08498e-05, 8.93192e-07, 2.93843e-10, 3.0684e-12, 2.69718e-10, 6.54731e-11, 6.36136e-08, 0.330098, 0.168936, 1173, 1173, 0.0651829, 0.156341, 8.90622e-18, 0.168642, 0.0619335, 0.488662, 2.14347e-05, 0.271344, 0.00150395, 9.76829e-10, 0.00194343, 2.02788e-05, 0.394051, 7.14598e-05, 8.77663e-07, 2.90367e-10, 3.11327e-12, 2.76336e-10, 6.70903e-11, 6.33236e-08, 0.331066, 0.168293, 1173, 1173, 0.075457, 0.164907, 1.00799e-17, 0.180598, 0.0672192, 0.539579, 2.34252e-05, 0.272415, 0.00154185, 1.0421e-09, 0.0019776, 2.00542e-05, 0.390358, 7.29879e-05, 8.38587e-07, 2.81203e-10, 3.22799e-12, 2.93198e-10, 7.12024e-11, 6.23899e-08, 0.333613, 0.168507, 1173, 1173, 0.0846005, 0.154704, 1.09056e-17, 0.175078, 0.0671201, 0.557122, 2.37309e-05, 0.274847, 0.00161921, 1.17277e-09, 0.00204958, 1.95268e-05, 0.382566, 7.61455e-05, 7.63705e-07, 2.63054e-10, 3.46477e-12, 3.27226e-10, 7.95247e-11, 6.03495e-08, 0.338822, 0.138789, 1173, 1173, 0.0794912, 0.127327, 2.11691e-17, 0.217013, 0.0402694, 0.52026, 2.30615e-05, 0.248652, 0.00263513, 1.4377e-09, 0.00249716, 3.26293e-05, 0.391804, 0.000107221, 5.26955e-07, 2.44407e-10, 4.23031e-12, 3.92597e-10, 1.04306e-10, 8.72684e-08, 0.354271, 
0.00846628, 1.00015e+06, 1.00015e+06, 1.00015e+06, 1.00122e+06, 1.0009e+06, 0.169139, 1173, 1173, 0.0676694, 0.168451, 9.33046e-18, 0.180487, 0.0660793, 0.517518, 2.27995e-05, 0.271007, 0.00148844, 9.50912e-10, 0.00192996, 2.03369e-05, 0.395392, 7.08435e-05, 8.93327e-07, 2.93869e-10, 3.06808e-12, 2.69669e-10, 6.54607e-11, 6.36135e-08, 0.33009, 0.168876, 1173, 1173, 0.066292, 0.159042, 9.05773e-18, 0.171542, 0.0630012, 0.497042, 2.18028e-05, 0.271344, 0.00150378, 9.76634e-10, 0.0019433, 2.02782e-05, 0.394059, 7.14534e-05, 8.77796e-07, 2.90392e-10, 3.11293e-12, 2.76286e-10, 6.70778e-11, 6.33234e-08, 0.331058, 0.168291, 1173, 1173, 0.0756159, 0.165297, 1.0101e-17, 0.18101, 0.0673755, 0.540784, 2.34782e-05, 0.272415, 0.00154167, 1.04189e-09, 0.00197746, 2.00536e-05, 0.390367, 7.2981e-05, 8.38721e-07, 2.81228e-10, 3.22763e-12, 2.93146e-10, 7.11892e-11, 6.23897e-08, 0.333605, 0.168516, 1173, 1173, 0.084931, 0.155352, 1.0948e-17, 0.175795, 0.0673975, 0.55937, 2.38274e-05, 0.274846, 0.00161901, 1.17253e-09, 0.00204943, 1.95265e-05, 0.382577, 7.61379e-05, 7.63842e-07, 2.63082e-10, 3.46431e-12, 3.27165e-10, 7.9509e-11, 6.03501e-08, 0.338812, 0.137813, 1173, 1173, 0.0794463, 0.127291, 2.11598e-17, 0.216951, 0.0402527, 0.520038, 2.30528e-05, 0.248646, 0.00263504, 1.43745e-09, 0.00249707, 3.26325e-05, 0.391818, 0.000107217, 5.27019e-07, 2.44433e-10, 4.2297e-12, 3.92529e-10, 1.04288e-10, 8.72768e-08, 0.354263, 
0.00846834, 1.00015e+06, 1.00015e+06, 1.00015e+06, 1.00122e+06, 1.0009e+06, 0.169102, 1173, 1173, 0.0679968, 0.169311, 9.37563e-18, 0.181393, 0.0664139, 0.520093, 2.29135e-05, 0.271007, 0.00148827, 9.50719e-10, 0.00192983, 2.03364e-05, 0.395401, 7.08372e-05, 8.93463e-07, 2.93894e-10, 3.06775e-12, 2.6962e-10, 6.54483e-11, 6.36133e-08, 0.330082, 0.168944, 1173, 1173, 0.06688, 0.160495, 9.13804e-18, 0.173094, 0.0635742, 0.501518, 2.19997e-05, 0.271344, 0.00150361, 9.76439e-10, 0.00194317, 2.02777e-05, 0.394067, 7.1447e-05, 8.77929e-07, 2.90417e-10, 3.11259e-12, 2.76237e-10, 6.70653e-11, 6.33231e-08, 0.33105, 0.168299, 1173, 1173, 0.0757485, 0.165631, 1.01186e-17, 0.181359, 0.0675084, 0.541801, 2.3523e-05, 0.272415, 0.00154149, 1.04169e-09, 0.00197733, 2.00531e-05, 0.390376, 7.29742e-05, 8.38854e-07, 2.81254e-10, 3.22726e-12, 2.93094e-10, 7.11759e-11, 6.23896e-08, 0.333597, 0.168514, 1173, 1173, 0.0846187, 0.154825, 1.09075e-17, 0.175183, 0.0671647, 0.557384, 2.37435e-05, 0.274845, 0.0016188, 1.1723e-09, 0.00204927, 1.95262e-05, 0.382587, 7.61302e-05, 7.6398e-07, 2.63111e-10, 3.46386e-12, 3.27104e-10, 7.94933e-11, 6.03506e-08, 0.338803, 0.138779, 1173, 1173, 0.0795656, 0.127519, 2.11943e-17, 0.217337, 0.0403191, 0.52089, 2.30916e-05, 0.24864, 0.00263495, 1.43719e-09, 0.00249698, 3.26357e-05, 0.391833, 0.000107213, 5.27083e-07, 2.44459e-10, 4.2291e-12, 3.92461e-10, 1.04271e-10, 8.72851e-08, 0.354255, 
0.00847039, 1.00015e+06, 1.00015e+06, 1.00015e+06, 1.00121e+06, 1.0009e+06, 0.169145, 1173, 1173, 0.0679531, 0.169247, 9.36963e-18, 0.181309, 0.0663861, 0.519829, 2.29025e-05, 0.271007, 0.0014881, 9.50525e-10, 0.0019297, 2.03359e-05, 0.395409, 7.08309e-05, 8.93598e-07, 2.93919e-10, 3.06742e-12, 2.69571e-10, 6.5436e-11, 6.36131e-08, 0.330075, 0.168882, 1173, 1173, 0.0659452, 0.158293, 9.0103e-18, 0.170705, 0.0626995, 0.494573, 2.16957e-05, 0.271343, 0.00150344, 9.76245e-10, 0.00194303, 2.02771e-05, 0.394075, 7.14406e-05, 8.78063e-07, 2.90442e-10, 3.11226e-12, 2.76188e-10, 6.70528e-11, 6.33229e-08, 0.331042, 0.168296, 1173, 1173, 0.075418, 0.164951, 1.00743e-17, 0.1806, 0.0672287, 0.539505, 2.3424e-05, 0.272414, 0.00154131, 1.04149e-09, 0.00197719, 2.00526e-05, 0.390384, 7.29674e-05, 8.38988e-07, 2.81279e-10, 3.22689e-12, 2.93042e-10, 7.11626e-11, 6.23895e-08, 0.333589, 0.168522, 1173, 1173, 0.0850666, 0.155689, 1.0965e-17, 0.176144, 0.0675354, 0.560404, 2.38729e-05, 0.274844, 0.0016186, 1.17206e-09, 0.00204912, 1.95259e-05, 0.382598, 7.61225e-05, 7.64117e-07, 2.63139e-10, 3.46341e-12, 3.27043e-10, 7.94776e-11, 6.03512e-08, 0.338794, 0.137804, 1173, 1173, 0.0791107, 0.126825, 2.10758e-17, 0.216155, 0.0400945, 0.517982, 2.29638e-05, 0.248634, 0.00263486, 1.43694e-09, 0.00249688, 3.26388e-05, 0.391847, 0.00010721, 5.27146e-07, 2.44486e-10, 4.22849e-12, 3.92393e-10, 1.04253e-10, 8.72935e-08, 0.354247, 
0.00847245, 1.00015e+06, 1.00015e+06, 1.00015e+06, 1.00121e+06, 1.0009e+06, 0.169108, 1173, 1173, 0.0678138, 0.168945, 9.35047e-18, 0.180971, 0.066265, 0.518835, 2.28593e-05, 0.271006, 0.00148794, 9.50332e-10, 0.00192957, 2.03353e-05, 0.395417, 7.08246e-05, 8.93733e-07, 2.93944e-10, 3.06709e-12, 2.69522e-10, 6.54236e-11, 6.3613e-08, 0.330067, 0.168948, 1173, 1173, 0.0658394, 0.158081, 8.99582e-18, 0.170461, 0.0626128, 0.493845, 2.16643e-05, 0.271343, 0.00150328, 9.7605e-10, 0.00194291, 2.02766e-05, 0.394083, 7.14342e-05, 8.78196e-07, 2.90467e-10, 3.11192e-12, 2.76138e-10, 6.70403e-11, 6.33226e-08, 0.331035, 0.168304, 1173, 1173, 0.0753257, 0.164792, 1.00618e-17, 0.18041, 0.067161, 0.538913, 2.33989e-05, 0.272414, 0.00154113, 1.04128e-09, 0.00197705, 2.00521e-05, 0.390393, 7.29606e-05, 8.39121e-07, 2.81305e-10, 3.22653e-12, 2.9299e-10, 7.11494e-11, 6.23893e-08, 0.333581, 0.16852, 1173, 1173, 0.0845839, 0.154849, 1.09025e-17, 0.175178, 0.0671673, 0.557296, 2.37413e-05, 0.274844, 0.0016184, 1.17182e-09, 0.00204896, 1.95256e-05, 0.382608, 7.61149e-05, 7.64254e-07, 2.63167e-10, 3.46295e-12, 3.26982e-10, 7.94619e-11, 6.03517e-08, 0.338784, 0.13877, 1173, 1173, 0.0797047, 0.127814, 2.12368e-17, 0.217839, 0.0404016, 0.521943, 2.31405e-05, 0.248628, 0.00263477, 1.43669e-09, 0.00249679, 3.2642e-05, 0.391861, 0.000107206, 5.2721e-07, 2.44512e-10, 4.22789e-12, 3.92326e-10, 1.04235e-10, 8.73018e-08, 0.354239, 
0.00847451, 1.00015e+06, 1.00015e+06, 1.00015e+06, 1.00121e+06, 1.0009e+06, 0.169151, 1173, 1173, 0.0679611, 0.169357, 9.37081e-18, 0.181397, 0.0664239, 0.520033, 2.29127e-05, 0.271006, 0.00148777, 9.50138e-10, 0.00192944, 2.03348e-05, 0.395425, 7.08182e-05, 8.93868e-07, 2.93969e-10, 3.06676e-12, 2.69473e-10, 6.54113e-11, 6.36128e-08, 0.330059, 0.168889, 1173, 1173, 0.0668789, 0.160619, 9.13782e-18, 0.173183, 0.0636154, 0.501708, 2.20098e-05, 0.271343, 0.00150311, 9.75856e-10, 0.00194278, 2.02761e-05, 0.394091, 7.14277e-05, 8.78329e-07, 2.90492e-10, 3.11159e-12, 2.76089e-10, 6.70278e-11, 6.33224e-08, 0.331027, 0.168301, 1173, 1173, 0.0751112, 0.164366, 1.00331e-17, 0.179928, 0.0669845, 0.537446, 2.33359e-05, 0.272414, 0.00154095, 1.04108e-09, 0.00197692, 2.00516e-05, 0.390401, 7.29539e-05, 8.39254e-07, 2.8133e-10, 3.22616e-12, 2.92938e-10, 7.11361e-11, 6.23892e-08, 0.333573, 0.168528, 1173, 1173, 0.0847141, 0.155131, 1.09191e-17, 0.175481, 0.0672857, 0.558224, 2.37815e-05, 0.274843, 0.00161819, 1.17159e-09, 0.00204881, 1.95253e-05, 0.382619, 7.61072e-05, 7.64392e-07, 2.63195e-10, 3.4625e-12, 3.26921e-10, 7.94462e-11, 6.03523e-08, 0.338775, 0.137794, 1173, 1173, 0.0807606, 0.129544, 2.15209e-17, 0.220787, 0.0409429, 0.52893, 2.34514e-05, 0.248622, 0.00263468, 1.43644e-09, 0.00249669, 3.26452e-05, 0.391875, 0.000107202, 5.27274e-07, 2.44538e-10, 4.22728e-12, 3.92258e-10, 1.04218e-10, 8.73102e-08, 0.354231, 
0.00847656, 1.00015e+06, 1.00015e+06, 1.00015e+06, 1.00121e+06, 1.0009e+06, 0.169112, 1173, 1173, 0.0670212, 0.16706, 9.24125e-18, 0.178921, 0.06552, 0.512912, 2.25995e-05, 0.271006, 0.00148761, 9.49945e-10, 0.00192931, 2.03343e-05, 0.395433, 7.08119e-05, 8.94003e-07, 2.93994e-10, 3.06643e-12, 2.69424e-10, 6.5399e-11, 6.36126e-08, 0.330052, 0.168954, 1173, 1173, 0.0658937, 0.158294, 9.0032e-18, 0.170662, 0.0626922, 0.494383, 2.1689e-05, 0.271343, 0.00150294, 9.75661e-10, 0.00194265, 2.02755e-05, 0.3941, 7.14213e-05, 8.78463e-07, 2.90516e-10, 3.11125e-12, 2.7604e-10, 6.70153e-11, 6.33222e-08, 0.331019, 0.16831, 1173, 1173, 0.0752963, 0.164815, 1.00576e-17, 0.180403, 0.0671643, 0.538839, 2.3397e-05, 0.272414, 0.00154077, 1.04087e-09, 0.00197678, 2.0051e-05, 0.39041, 7.29471e-05, 8.39387e-07, 2.81355e-10, 3.2258e-12, 2.92887e-10, 7.11229e-11, 6.2389e-08, 0.333564, 0.168527, 1173, 1173, 0.0851021, 0.155886, 1.09688e-17, 0.176319, 0.0676091, 0.560852, 2.38942e-05, 0.274842, 0.00161799, 1.17135e-09, 0.00204866, 1.9525e-05, 0.38263, 7.60996e-05, 7.64529e-07, 2.63223e-10, 3.46205e-12, 3.26861e-10, 7.94306e-11, 6.03528e-08, 0.338765, 0.13876, 1173, 1173, 0.0786076, 0.126126, 2.09498e-17, 0.21496, 0.0398573, 0.514899, 2.28304e-05, 0.248616, 0.00263459, 1.43619e-09, 0.0024966, 3.26484e-05, 0.39189, 0.000107198, 5.27338e-07, 2.44565e-10, 4.22667e-12, 3.9219e-10, 1.042e-10, 8.73186e-08, 0.354223, 
0.00847862, 1.00015e+06, 1.00015e+06, 1.00015e+06, 1.00121e+06, 1.0009e+06, 0.169157, 1173, 1173, 0.0677562, 0.168937, 9.34263e-18, 0.180916, 0.0662535, 0.518608, 2.28511e-05, 0.271006, 0.00148744, 9.49752e-10, 0.00192919, 2.03338e-05, 0.395442, 7.08057e-05, 8.94138e-07, 2.94019e-10, 3.06611e-12, 2.69375e-10, 6.53866e-11, 6.36124e-08, 0.330044, 0.168893, 1173, 1173, 0.0659285, 0.158419, 9.00793e-18, 0.170782, 0.0627392, 0.49471, 2.17039e-05, 0.271343, 0.00150277, 9.75467e-10, 0.00194252, 2.0275e-05, 0.394108, 7.14149e-05, 8.78596e-07, 2.90541e-10, 3.11092e-12, 2.7599e-10, 6.70029e-11, 6.33219e-08, 0.331011, 0.168307, 1173, 1173, 0.0751295, 0.164493, 1.00352e-17, 0.180034, 0.0670302, 0.537714, 2.33488e-05, 0.272414, 0.00154059, 1.04067e-09, 0.00197664, 2.00505e-05, 0.390419, 7.29403e-05, 8.39521e-07, 2.81381e-10, 3.22543e-12, 2.92835e-10, 7.11096e-11, 6.23889e-08, 0.333556, 0.168535, 1173, 1173, 0.0848649, 0.155496, 1.0938e-17, 0.175861, 0.0674358, 0.559359, 2.38314e-05, 0.274841, 0.00161779, 1.17111e-09, 0.0020485, 1.95246e-05, 0.38264, 7.60919e-05, 7.64666e-07, 2.63251e-10, 3.4616e-12, 3.268e-10, 7.94149e-11, 6.03534e-08, 0.338756, 0.137784, 1173, 1173, 0.0782752, 0.125628, 2.08639e-17, 0.214111, 0.0396947, 0.512792, 2.27381e-05, 0.24861, 0.0026345, 1.43594e-09, 0.00249651, 3.26515e-05, 0.391904, 0.000107194, 5.27401e-07, 2.44591e-10, 4.22607e-12, 3.92122e-10, 1.04182e-10, 8.73269e-08, 0.354215, 
0.00848067, 1.00015e+06, 1.00015e+06, 1.00015e+06, 1.00121e+06, 1.0009e+06, 0.16912, 1173, 1173, 0.0681953, 0.170077, 9.4032e-18, 0.182122, 0.0666978, 0.52204, 2.30029e-05, 0.271005, 0.00148728, 9.49559e-10, 0.00192906, 2.03333e-05, 0.39545, 7.07994e-05, 8.94273e-07, 2.94045e-10, 3.06578e-12, 2.69326e-10, 6.53743e-11, 6.36123e-08, 0.330036, 0.16896, 1173, 1173, 0.0654753, 0.157371, 8.946e-18, 0.169638, 0.0623218, 0.491375, 2.15581e-05, 0.271343, 0.0015026, 9.75273e-10, 0.00194239, 2.02744e-05, 0.394116, 7.14085e-05, 8.78729e-07, 2.90566e-10, 3.11058e-12, 2.75941e-10, 6.69904e-11, 6.33217e-08, 0.331004, 0.168315, 1173, 1173, 0.0747981, 0.16381, 9.99083e-18, 0.179271, 0.0667491, 0.535409, 2.32494e-05, 0.272414, 0.00154041, 1.04047e-09, 0.00197651, 2.005e-05, 0.390427, 7.29335e-05, 8.39653e-07, 2.81406e-10, 3.22507e-12, 2.92783e-10, 7.10964e-11, 6.23888e-08, 0.333548, 0.168533, 1173, 1173, 0.0849677, 0.155728, 1.0951e-17, 0.176108, 0.0675326, 0.560107, 2.3864e-05, 0.274841, 0.00161758, 1.17088e-09, 0.00204835, 1.95243e-05, 0.382651, 7.60843e-05, 7.64804e-07, 2.6328e-10, 3.46114e-12, 3.26739e-10, 7.93992e-11, 6.03539e-08, 0.338746, 0.138751, 1173, 1173, 0.0790212, 0.126861, 2.10654e-17, 0.216212, 0.040079, 0.51775, 2.2959e-05, 0.248604, 0.00263441, 1.43569e-09, 0.00249641, 3.26547e-05, 0.391918, 0.00010719, 5.27465e-07, 2.44617e-10, 4.22547e-12, 3.92054e-10, 1.04165e-10, 8.73353e-08, 0.354207, 
0.00848273, 1.00015e+06, 1.00015e+06, 1.00015e+06, 1.00121e+06, 1.0009e+06, 0.169163, 1173, 1173, 0.0682513, 0.170262, 9.41096e-18, 0.182305, 0.0667676, 0.52254, 2.30256e-05, 0.271005, 0.00148711, 9.49366e-10, 0.00192893, 2.03328e-05, 0.395458, 7.0793e-05, 8.94408e-07, 2.9407e-10, 3.06545e-12, 2.69277e-10, 6.5362e-11, 6.36121e-08, 0.330029, 0.168898, 1173, 1173, 0.0650987, 0.156507, 8.89451e-18, 0.168692, 0.061977, 0.488613, 2.14375e-05, 0.271343, 0.00150243, 9.75079e-10, 0.00194226, 2.02739e-05, 0.394124, 7.14022e-05, 8.78861e-07, 2.90591e-10, 3.11024e-12, 2.75892e-10, 6.69779e-11, 6.33214e-08, 0.330996, 0.168313, 1173, 1173, 0.075107, 0.164529, 1.0032e-17, 0.180043, 0.0670395, 0.537689, 2.3349e-05, 0.272414, 0.00154023, 1.04026e-09, 0.00197637, 2.00495e-05, 0.390436, 7.29268e-05, 8.39786e-07, 2.81431e-10, 3.2247e-12, 2.92731e-10, 7.10831e-11, 6.23886e-08, 0.33354, 0.168542, 1173, 1173, 0.0858235, 0.157342, 1.10611e-17, 0.177916, 0.0682282, 0.56582, 2.41082e-05, 0.27484, 0.00161738, 1.17064e-09, 0.00204819, 1.9524e-05, 0.382661, 7.60766e-05, 7.64942e-07, 2.63308e-10, 3.46069e-12, 3.26678e-10, 7.93836e-11, 6.03545e-08, 0.338737, 0.137775, 1173, 1173, 0.0783216, 0.125774, 2.08816e-17, 0.214357, 0.03973, 0.513237, 2.27599e-05, 0.248598, 0.00263432, 1.43544e-09, 0.00249632, 3.26579e-05, 0.391932, 0.000107186, 5.27529e-07, 2.44644e-10, 4.22486e-12, 3.91987e-10, 1.04147e-10, 8.73436e-08, 0.354199, 
0.00848479, 1.00015e+06, 1.00015e+06, 1.00015e+06, 1.00121e+06, 1.0009e+06, 0.169126, 1173, 1173, 0.06831, 0.170454, 9.41909e-18, 0.182495, 0.0668401, 0.523061, 2.30491e-05, 0.271005, 0.00148694, 9.49173e-10, 0.0019288, 2.03323e-05, 0.395466, 7.07867e-05, 8.94544e-07, 2.94095e-10, 3.06512e-12, 2.69228e-10, 6.53497e-11, 6.36119e-08, 0.330021, 0.168965, 1173, 1173, 0.0650639, 0.156464, 8.88974e-18, 0.168632, 0.0619576, 0.488417, 2.14295e-05, 0.271343, 0.00150226, 9.74884e-10, 0.00194213, 2.02734e-05, 0.394132, 7.13958e-05, 8.78994e-07, 2.90615e-10, 3.10991e-12, 2.75843e-10, 6.69654e-11, 6.33212e-08, 0.330988, 0.168321, 1173, 1173, 0.0746823, 0.163642, 9.97511e-18, 0.179056, 0.066675, 0.534716, 2.32206e-05, 0.272413, 0.00154005, 1.04006e-09, 0.00197624, 2.00489e-05, 0.390445, 7.292e-05, 8.39919e-07, 2.81457e-10, 3.22434e-12, 2.92679e-10, 7.10699e-11, 6.23885e-08, 0.333532, 0.168539, 1173, 1173, 0.0849885, 0.155855, 1.09532e-17, 0.176219, 0.0675795, 0.560386, 2.38774e-05, 0.274839, 0.00161717, 1.1704e-09, 0.00204804, 1.95237e-05, 0.382672, 7.60689e-05, 7.65079e-07, 2.63336e-10, 3.46024e-12, 3.26617e-10, 7.93679e-11, 6.0355e-08, 0.338727, 0.138741, 1173, 1173, 0.0793498, 0.127461, 2.11584e-17, 0.217232, 0.0402576, 0.520046, 2.3063e-05, 0.248592, 0.00263422, 1.43519e-09, 0.00249623, 3.26611e-05, 0.391946, 0.000107183, 5.27592e-07, 2.4467e-10, 4.22426e-12, 3.91919e-10, 1.04129e-10, 8.7352e-08, 0.354191, 
0.00848684, 1.00015e+06, 1.00015e+06, 1.00015e+06, 1.00121e+06, 1.00089e+06, 0.169168, 1173, 1173, 0.0675262, 0.168543, 9.31105e-18, 0.180434, 0.066088, 0.51713, 2.27884e-05, 0.271005, 0.00148678, 9.4898e-10, 0.00192867, 2.03318e-05, 0.395475, 7.07804e-05, 8.94679e-07, 2.9412e-10, 3.0648e-12, 2.69179e-10, 6.53373e-11, 6.36117e-08, 0.330013, 0.168905, 1173, 1173, 0.0660967, 0.15899, 9.03084e-18, 0.171339, 0.0629551, 0.496236, 2.17731e-05, 0.271342, 0.00150209, 9.7469e-10, 0.001942, 2.02728e-05, 0.39414, 7.13895e-05, 8.79126e-07, 2.9064e-10, 3.10957e-12, 2.75793e-10, 6.6953e-11, 6.3321e-08, 0.330981, 0.168318, 1173, 1173, 0.0742724, 0.162786, 9.92022e-18, 0.178105, 0.0663235, 0.531849, 2.30967e-05, 0.272413, 0.00153987, 1.03986e-09, 0.0019761, 2.00484e-05, 0.390453, 7.29133e-05, 8.40052e-07, 2.81482e-10, 3.22397e-12, 2.92627e-10, 7.10567e-11, 6.23884e-08, 0.333524, 0.168547, 1173, 1173, 0.0847527, 0.155467, 1.09226e-17, 0.175764, 0.0674071, 0.558902, 2.38149e-05, 0.274839, 0.00161697, 1.17017e-09, 0.00204788, 1.95234e-05, 0.382683, 7.60613e-05, 7.65217e-07, 2.63364e-10, 3.45979e-12, 3.26556e-10, 7.93523e-11, 6.03556e-08, 0.338718, 0.137765, 1173, 1173, 0.0780207, 0.125362, 2.08067e-17, 0.213653, 0.0395891, 0.511405, 2.26809e-05, 0.248586, 0.00263413, 1.43494e-09, 0.00249613, 3.26642e-05, 0.39196, 0.000107179, 5.27655e-07, 2.44696e-10, 4.22365e-12, 3.91851e-10, 1.04112e-10, 8.73603e-08, 0.354183, 
0.0084889, 1.00015e+06, 1.00015e+06, 1.00015e+06, 1.00121e+06, 1.00089e+06, 0.169131, 1173, 1173, 0.0679775, 0.169714, 9.37331e-18, 0.181673, 0.0665446, 0.520657, 2.29444e-05, 0.271004, 0.00148661, 9.48787e-10, 0.00192854, 2.03313e-05, 0.395483, 7.07741e-05, 8.94814e-07, 2.94145e-10, 3.06447e-12, 2.69131e-10, 6.5325e-11, 6.36116e-08, 0.330005, 0.168973, 1173, 1173, 0.0662911, 0.159499, 9.05737e-18, 0.171873, 0.0631542, 0.497761, 2.18406e-05, 0.271342, 0.00150193, 9.74496e-10, 0.00194187, 2.02723e-05, 0.394148, 7.13831e-05, 8.7926e-07, 2.90665e-10, 3.10924e-12, 2.75744e-10, 6.69405e-11, 6.33207e-08, 0.330973, 0.168327, 1173, 1173, 0.0747885, 0.16396, 9.98903e-18, 0.179373, 0.066799, 0.535612, 2.32608e-05, 0.272413, 0.00153969, 1.03965e-09, 0.00197596, 2.00479e-05, 0.390462, 7.29065e-05, 8.40184e-07, 2.81507e-10, 3.22361e-12, 2.92575e-10, 7.10435e-11, 6.23882e-08, 0.333516, 0.168545, 1173, 1173, 0.0843455, 0.154764, 1.08699e-17, 0.174953, 0.0670983, 0.556287, 2.37043e-05, 0.274838, 0.00161677, 1.16993e-09, 0.00204773, 1.95231e-05, 0.382693, 7.60536e-05, 7.65354e-07, 2.63393e-10, 3.45934e-12, 3.26496e-10, 7.93367e-11, 6.03562e-08, 0.338708, 0.138732, 1173, 1173, 0.0803011, 0.129062, 2.14176e-17, 0.219959, 0.0407523, 0.526425, 2.33481e-05, 0.24858, 0.00263404, 1.43469e-09, 0.00249604, 3.26674e-05, 0.391975, 0.000107175, 5.27719e-07, 2.44722e-10, 4.22305e-12, 3.91784e-10, 1.04094e-10, 8.73687e-08, 0.354175, 
0.00849095, 1.00015e+06, 1.00015e+06, 1.00015e+06, 1.00121e+06, 1.00089e+06, 0.169174, 1173, 1173, 0.06762, 0.168867, 9.32405e-18, 0.18075, 0.0662095, 0.517989, 2.28274e-05, 0.271004, 0.00148645, 9.48594e-10, 0.00192842, 2.03307e-05, 0.395491, 7.07678e-05, 8.94949e-07, 2.9417e-10, 3.06414e-12, 2.69082e-10, 6.53127e-11, 6.36114e-08, 0.329998, 0.168913, 1173, 1173, 0.0667476, 0.160639, 9.11973e-18, 0.173087, 0.0636032, 0.501255, 2.19945e-05, 0.271342, 0.00150176, 9.74302e-10, 0.00194174, 2.02717e-05, 0.394157, 7.13767e-05, 8.79393e-07, 2.9069e-10, 3.1089e-12, 2.75695e-10, 6.69281e-11, 6.33205e-08, 0.330965, 0.168325, 1173, 1173, 0.0750957, 0.164677, 1.00299e-17, 0.180142, 0.0670881, 0.537881, 2.33599e-05, 0.272413, 0.00153951, 1.03945e-09, 0.00197583, 2.00474e-05, 0.39047, 7.28998e-05, 8.40317e-07, 2.81532e-10, 3.22325e-12, 2.92524e-10, 7.10302e-11, 6.23881e-08, 0.333508, 0.168553, 1173, 1173, 0.0840945, 0.154347, 1.08373e-17, 0.174466, 0.0669136, 0.554702, 2.36374e-05, 0.274837, 0.00161656, 1.1697e-09, 0.00204758, 1.95228e-05, 0.382704, 7.6046e-05, 7.65491e-07, 2.63421e-10, 3.45889e-12, 3.26435e-10, 7.9321e-11, 6.03567e-08, 0.338699, 0.137756, 1173, 1173, 0.0802692, 0.129047, 2.14118e-17, 0.219933, 0.0407422, 0.526287, 2.33431e-05, 0.248574, 0.00263395, 1.43444e-09, 0.00249595, 3.26706e-05, 0.391989, 0.000107171, 5.27783e-07, 2.44749e-10, 4.22244e-12, 3.91716e-10, 1.04076e-10, 8.7377e-08, 0.354167, 
0.00849301, 1.00015e+06, 1.00015e+06, 1.00015e+06, 1.00121e+06, 1.00089e+06, 0.169135, 1173, 1173, 0.067171, 0.16779, 9.26217e-18, 0.179583, 0.0657846, 0.51462, 2.26796e-05, 0.271004, 0.00148628, 9.48401e-10, 0.00192829, 2.03302e-05, 0.395499, 7.07616e-05, 8.95084e-07, 2.94195e-10, 3.06382e-12, 2.69033e-10, 6.53004e-11, 6.36112e-08, 0.32999, 0.168978, 1173, 1173, 0.0662068, 0.159379, 9.04583e-18, 0.171715, 0.0631018, 0.49726, 2.18197e-05, 0.271342, 0.00150159, 9.74109e-10, 0.00194161, 2.02712e-05, 0.394165, 7.13703e-05, 8.79526e-07, 2.90714e-10, 3.10857e-12, 2.75646e-10, 6.69156e-11, 6.33202e-08, 0.330957, 0.168334, 1173, 1173, 0.075521, 0.165653, 1.00866e-17, 0.181193, 0.0674828, 0.540995, 2.34958e-05, 0.272413, 0.00153933, 1.03925e-09, 0.00197569, 2.00469e-05, 0.390479, 7.2893e-05, 8.4045e-07, 2.81558e-10, 3.22288e-12, 2.92472e-10, 7.1017e-11, 6.23879e-08, 0.333499, 0.168551, 1173, 1173, 0.0844365, 0.155018, 1.08811e-17, 0.175209, 0.0672008, 0.557028, 2.37373e-05, 0.274836, 0.00161636, 1.16946e-09, 0.00204742, 1.95224e-05, 0.382714, 7.60384e-05, 7.65628e-07, 2.63449e-10, 3.45844e-12, 3.26374e-10, 7.93054e-11, 6.03573e-08, 0.338689, 0.138722, 1173, 1173, 0.0798608, 0.128427, 2.13056e-17, 0.218875, 0.0405409, 0.523681, 2.32286e-05, 0.248568, 0.00263386, 1.43419e-09, 0.00249585, 3.26738e-05, 0.392003, 0.000107167, 5.27846e-07, 2.44775e-10, 4.22184e-12, 3.91648e-10, 1.04059e-10, 8.73854e-08, 0.354159, 
0.00849507, 1.00015e+06, 1.00015e+06, 1.00015e+06, 1.00121e+06, 1.00089e+06, 0.169181, 1173, 1173, 0.0685034, 0.171164, 9.44593e-18, 0.183178, 0.0671046, 0.5249, 2.31332e-05, 0.271004, 0.00148612, 9.48209e-10, 0.00192816, 2.03297e-05, 0.395507, 7.07553e-05, 8.95219e-07, 2.9422e-10, 3.06349e-12, 2.68984e-10, 6.52881e-11, 6.3611e-08, 0.329982, 0.168918, 1173, 1173, 0.0664628, 0.160037, 9.08078e-18, 0.172409, 0.0633598, 0.499248, 2.19075e-05, 0.271342, 0.00150142, 9.73915e-10, 0.00194148, 2.02707e-05, 0.394173, 7.13639e-05, 8.7966e-07, 2.90739e-10, 3.10824e-12, 2.75597e-10, 6.69032e-11, 6.332e-08, 0.33095, 0.168329, 1173, 1173, 0.0738532, 0.162037, 9.86373e-18, 0.177223, 0.0660069, 0.529115, 2.29805e-05, 0.272413, 0.00153915, 1.03904e-09, 0.00197556, 2.00463e-05, 0.390487, 7.28863e-05, 8.40583e-07, 2.81583e-10, 3.22252e-12, 2.9242e-10, 7.10038e-11, 6.23878e-08, 0.333491, 0.16856, 1173, 1173, 0.0847664, 0.155668, 1.09234e-17, 0.175928, 0.0674785, 0.559275, 2.38338e-05, 0.274836, 0.00161616, 1.16922e-09, 0.00204727, 1.95221e-05, 0.382725, 7.60308e-05, 7.65765e-07, 2.63477e-10, 3.45799e-12, 3.26313e-10, 7.92898e-11, 6.03578e-08, 0.33868, 0.137746, 1173, 1173, 0.0785005, 0.126275, 2.09454e-17, 0.215207, 0.0398563, 0.514832, 2.28372e-05, 0.248562, 0.00263377, 1.43394e-09, 0.00249576, 3.26769e-05, 0.392017, 0.000107163, 5.2791e-07, 2.44801e-10, 4.22124e-12, 3.91581e-10, 1.04041e-10, 8.73937e-08, 0.354151, 
0.00849712, 1.00015e+06, 1.00015e+06, 1.00015e+06, 1.00121e+06, 1.00089e+06, 0.169146, 1173, 1173, 0.06973, 0.174275, 9.61511e-18, 0.186492, 0.0683215, 0.534371, 2.35512e-05, 0.271003, 0.00148595, 9.48016e-10, 0.00192803, 2.03292e-05, 0.395516, 7.07489e-05, 8.95355e-07, 2.94246e-10, 3.06317e-12, 2.68935e-10, 6.52759e-11, 6.36109e-08, 0.329975, 0.168979, 1173, 1173, 0.0631165, 0.152019, 8.62357e-18, 0.163758, 0.0601831, 0.474175, 2.08078e-05, 0.271342, 0.00150125, 9.73721e-10, 0.00194135, 2.02701e-05, 0.394181, 7.13575e-05, 8.79792e-07, 2.90764e-10, 3.1079e-12, 2.75548e-10, 6.68908e-11, 6.33197e-08, 0.330942, 0.16834, 1173, 1173, 0.0754441, 0.165571, 1.00761e-17, 0.181072, 0.0674436, 0.540582, 2.34792e-05, 0.272413, 0.00153897, 1.03884e-09, 0.00197542, 2.00458e-05, 0.390496, 7.28795e-05, 8.40716e-07, 2.81608e-10, 3.22216e-12, 2.92368e-10, 7.09906e-11, 6.23877e-08, 0.333483, 0.168557, 1173, 1173, 0.0844763, 0.155179, 1.08858e-17, 0.175359, 0.0672627, 0.557432, 2.3756e-05, 0.274835, 0.00161596, 1.16899e-09, 0.00204711, 1.95218e-05, 0.382735, 7.60231e-05, 7.65903e-07, 2.63505e-10, 3.45754e-12, 3.26253e-10, 7.92742e-11, 6.03584e-08, 0.338671, 0.138712, 1173, 1173, 0.0794842, 0.127894, 2.12106e-17, 0.217964, 0.0403617, 0.521354, 2.31276e-05, 0.248556, 0.00263368, 1.43369e-09, 0.00249567, 3.26801e-05, 0.392031, 0.00010716, 5.27973e-07, 2.44827e-10, 4.22063e-12, 3.91513e-10, 1.04023e-10, 8.74021e-08, 0.354143, 
0.00849918, 1.00015e+06, 1.00015e+06, 1.00015e+06, 1.00121e+06, 1.00089e+06, 0.169181, 1173, 1173, 0.0654703, 0.163672, 9.02777e-18, 0.175132, 0.0641623, 0.501796, 2.21161e-05, 0.271003, 0.00148578, 9.47824e-10, 0.0019279, 2.03287e-05, 0.395524, 7.07427e-05, 8.9549e-07, 2.94271e-10, 3.06284e-12, 2.68887e-10, 6.52636e-11, 6.36107e-08, 0.329967, 0.168921, 1173, 1173, 0.064668, 0.155797, 8.83552e-18, 0.167813, 0.0616761, 0.485895, 2.13227e-05, 0.271342, 0.00150108, 9.73528e-10, 0.00194123, 2.02696e-05, 0.394189, 7.13512e-05, 8.79923e-07, 2.90788e-10, 3.10757e-12, 2.75499e-10, 6.68783e-11, 6.33195e-08, 0.330934, 0.168336, 1173, 1173, 0.0744837, 0.163506, 9.9477e-18, 0.178798, 0.0665996, 0.533768, 2.31839e-05, 0.272412, 0.00153879, 1.03864e-09, 0.00197528, 2.00453e-05, 0.390505, 7.28728e-05, 8.40848e-07, 2.81633e-10, 3.22179e-12, 2.92317e-10, 7.09774e-11, 6.23875e-08, 0.333475, 0.168566, 1173, 1173, 0.0843716, 0.155031, 1.08721e-17, 0.175175, 0.0671943, 0.556811, 2.37303e-05, 0.274834, 0.00161575, 1.16875e-09, 0.00204696, 1.95215e-05, 0.382746, 7.60155e-05, 7.6604e-07, 2.63533e-10, 3.45709e-12, 3.26192e-10, 7.92586e-11, 6.03589e-08, 0.338661, 0.137737, 1173, 1173, 0.079922, 0.128635, 2.13302e-17, 0.219226, 0.04059, 0.524298, 2.32593e-05, 0.24855, 0.00263359, 1.43344e-09, 0.00249558, 3.26833e-05, 0.392045, 0.000107156, 5.28037e-07, 2.44854e-10, 4.22003e-12, 3.91446e-10, 1.04006e-10, 8.74105e-08, 0.354135, 
0.00850123, 1.00015e+06, 1.00015e+06, 1.00015e+06, 1.00121e+06, 1.00089e+06, 0.169148, 1173, 1173, 0.0676713, 0.16922, 9.33131e-18, 0.181052, 0.0663342, 0.518737, 2.28634e-05, 0.271003, 0.00148562, 9.47631e-10, 0.00192777, 2.03282e-05, 0.395532, 7.07364e-05, 8.95624e-07, 2.94295e-10, 3.06251e-12, 2.68838e-10, 6.52513e-11, 6.36105e-08, 0.329959, 0.168988, 1173, 1173, 0.0649113, 0.156424, 8.86874e-18, 0.168474, 0.0619218, 0.487788, 2.14063e-05, 0.271342, 0.00150092, 9.73334e-10, 0.0019411, 2.0269e-05, 0.394197, 7.13449e-05, 8.80055e-07, 2.90813e-10, 3.10723e-12, 2.7545e-10, 6.68659e-11, 6.33193e-08, 0.330927, 0.168345, 1173, 1173, 0.0748027, 0.164249, 9.99019e-18, 0.179595, 0.0668995, 0.536122, 2.32867e-05, 0.272412, 0.00153861, 1.03843e-09, 0.00197515, 2.00448e-05, 0.390513, 7.2866e-05, 8.40981e-07, 2.81659e-10, 3.22143e-12, 2.92265e-10, 7.09642e-11, 6.23874e-08, 0.333467, 0.168564, 1173, 1173, 0.0844045, 0.155135, 1.08761e-17, 0.175278, 0.0672356, 0.557099, 2.37433e-05, 0.274833, 0.00161555, 1.16852e-09, 0.00204681, 1.95212e-05, 0.382756, 7.60079e-05, 7.66177e-07, 2.63561e-10, 3.45664e-12, 3.26131e-10, 7.9243e-11, 6.03595e-08, 0.338652, 0.138703, 1173, 1173, 0.0791084, 0.127361, 2.11157e-17, 0.217055, 0.0401828, 0.519032, 2.30268e-05, 0.248544, 0.0026335, 1.43319e-09, 0.00249548, 3.26865e-05, 0.39206, 0.000107152, 5.281e-07, 2.4488e-10, 4.21943e-12, 3.91378e-10, 1.03988e-10, 8.74188e-08, 0.354127, 
0.00850329, 1.00015e+06, 1.00015e+06, 1.00015e+06, 1.00121e+06, 1.00089e+06, 0.169191, 1173, 1173, 0.0676322, 0.169167, 9.32595e-18, 0.18098, 0.0663107, 0.518508, 2.28539e-05, 0.271003, 0.00148546, 9.47439e-10, 0.00192765, 2.03277e-05, 0.39554, 7.07301e-05, 8.95758e-07, 2.94321e-10, 3.06219e-12, 2.68789e-10, 6.5239e-11, 6.36103e-08, 0.329952, 0.168929, 1173, 1173, 0.0662206, 0.15962, 9.04762e-18, 0.171902, 0.0631848, 0.497694, 2.18415e-05, 0.271342, 0.00150075, 9.7314e-10, 0.00194097, 2.02685e-05, 0.394205, 7.13386e-05, 8.80187e-07, 2.90837e-10, 3.1069e-12, 2.754e-10, 6.68535e-11, 6.3319e-08, 0.330919, 0.168342, 1173, 1173, 0.0748498, 0.164395, 9.99637e-18, 0.17974, 0.0669562, 0.536527, 2.3305e-05, 0.272412, 0.00153844, 1.03823e-09, 0.00197501, 2.00442e-05, 0.390522, 7.28593e-05, 8.41114e-07, 2.81684e-10, 3.22107e-12, 2.92213e-10, 7.09511e-11, 6.23872e-08, 0.333459, 0.168572, 1173, 1173, 0.084493, 0.155342, 1.08872e-17, 0.175495, 0.0673212, 0.557753, 2.37719e-05, 0.274833, 0.00161535, 1.16828e-09, 0.00204665, 1.95209e-05, 0.382767, 7.60003e-05, 7.66314e-07, 2.63589e-10, 3.45619e-12, 3.26071e-10, 7.92274e-11, 6.036e-08, 0.338642, 0.137727, 1173, 1173, 0.0800144, 0.128856, 2.13603e-17, 0.219602, 0.040649, 0.525047, 2.32948e-05, 0.248538, 0.00263341, 1.43294e-09, 0.00249539, 3.26896e-05, 0.392074, 0.000107148, 5.28164e-07, 2.44906e-10, 4.21882e-12, 3.9131e-10, 1.0397e-10, 8.74272e-08, 0.354119, 
0.00850535, 1.00015e+06, 1.00015e+06, 1.00015e+06, 1.00121e+06, 1.00089e+06, 0.169153, 1173, 1173, 0.0670613, 0.167783, 9.24728e-18, 0.179486, 0.0657658, 0.514202, 2.26646e-05, 0.271003, 0.00148529, 9.47247e-10, 0.00192752, 2.03272e-05, 0.395548, 7.07239e-05, 8.95893e-07, 2.94345e-10, 3.06186e-12, 2.68741e-10, 6.52268e-11, 6.36102e-08, 0.329944, 0.168996, 1173, 1173, 0.066327, 0.159919, 9.06214e-18, 0.172209, 0.0633004, 0.498559, 2.18801e-05, 0.271341, 0.00150058, 9.72947e-10, 0.00194084, 2.0268e-05, 0.394213, 7.13322e-05, 8.8032e-07, 2.90862e-10, 3.10657e-12, 2.75351e-10, 6.68411e-11, 6.33188e-08, 0.330911, 0.16835, 1173, 1173, 0.0747463, 0.164211, 9.98242e-18, 0.179522, 0.0668782, 0.535853, 2.32764e-05, 0.272412, 0.00153826, 1.03803e-09, 0.00197488, 2.00437e-05, 0.39053, 7.28526e-05, 8.41246e-07, 2.81709e-10, 3.2207e-12, 2.92162e-10, 7.09379e-11, 6.23871e-08, 0.333451, 0.16857, 1173, 1173, 0.0846157, 0.155611, 1.09028e-17, 0.175784, 0.067434, 0.558634, 2.38102e-05, 0.274832, 0.00161515, 1.16805e-09, 0.0020465, 1.95206e-05, 0.382777, 7.59926e-05, 7.66451e-07, 2.63618e-10, 3.45574e-12, 3.2601e-10, 7.92118e-11, 6.03606e-08, 0.338633, 0.138693, 1173, 1173, 0.080493, 0.129664, 2.14908e-17, 0.220977, 0.0408982, 0.52826, 2.34385e-05, 0.248532, 0.00263332, 1.4327e-09, 0.0024953, 3.26928e-05, 0.392088, 0.000107144, 5.28227e-07, 2.44932e-10, 4.21822e-12, 3.91243e-10, 1.03953e-10, 8.74355e-08, 0.354111, 
0.0085074, 1.00015e+06, 1.00015e+06, 1.00015e+06, 1.00121e+06, 1.00089e+06, 0.169198, 1173, 1173, 0.068301, 0.17093, 9.41825e-18, 0.182837, 0.0669965, 0.523778, 2.30874e-05, 0.271002, 0.00148513, 9.47054e-10, 0.00192739, 2.03267e-05, 0.395557, 7.07176e-05, 8.96028e-07, 2.94371e-10, 3.06154e-12, 2.68692e-10, 6.52145e-11, 6.361e-08, 0.329936, 0.168935, 1173, 1173, 0.0661038, 0.159422, 9.03163e-18, 0.171659, 0.0631013, 0.496947, 2.18099e-05, 0.271341, 0.00150041, 9.72754e-10, 0.00194071, 2.02674e-05, 0.394221, 7.13258e-05, 8.80453e-07, 2.90887e-10, 3.10623e-12, 2.75302e-10, 6.68287e-11, 6.33185e-08, 0.330904, 0.168348, 1173, 1173, 0.0747799, 0.164328, 9.98681e-18, 0.179634, 0.0669229, 0.536162, 2.32904e-05, 0.272412, 0.00153808, 1.03783e-09, 0.00197474, 2.00432e-05, 0.390539, 7.28458e-05, 8.41379e-07, 2.81734e-10, 3.22034e-12, 2.9211e-10, 7.09247e-11, 6.2387e-08, 0.333443, 0.168578, 1173, 1173, 0.0842249, 0.154936, 1.08522e-17, 0.175005, 0.0671376, 0.556124, 2.3704e-05, 0.274831, 0.00161494, 1.16781e-09, 0.00204635, 1.95202e-05, 0.382788, 7.5985e-05, 7.66588e-07, 2.63646e-10, 3.45529e-12, 3.25949e-10, 7.91962e-11, 6.03611e-08, 0.338623, 0.137718, 1173, 1173, 0.0796452, 0.128334, 2.12672e-17, 0.218711, 0.0404735, 0.522768, 2.31959e-05, 0.248526, 0.00263323, 1.43245e-09, 0.0024952, 3.2696e-05, 0.392102, 0.00010714, 5.28291e-07, 2.44959e-10, 4.21762e-12, 3.91175e-10, 1.03935e-10, 8.74439e-08, 0.354103, 
0.00850946, 1.00015e+06, 1.00015e+06, 1.00015e+06, 1.00121e+06, 1.00089e+06, 0.169158, 1173, 1173, 0.0666204, 0.166769, 9.18655e-18, 0.17837, 0.0653627, 0.51096, 2.2523e-05, 0.271002, 0.00148496, 9.46862e-10, 0.00192726, 2.03261e-05, 0.395565, 7.07114e-05, 8.96162e-07, 2.94395e-10, 3.06121e-12, 2.68643e-10, 6.52022e-11, 6.36098e-08, 0.329929, 0.169002, 1173, 1173, 0.0666342, 0.160743, 9.10407e-18, 0.173067, 0.0636216, 0.501, 2.19884e-05, 0.271341, 0.00150025, 9.7256e-10, 0.00194058, 2.02669e-05, 0.394229, 7.13195e-05, 8.80586e-07, 2.90911e-10, 3.1059e-12, 2.75253e-10, 6.68163e-11, 6.33183e-08, 0.330896, 0.168356, 1173, 1173, 0.0746754, 0.164141, 9.97275e-18, 0.179414, 0.066844, 0.53548, 2.32615e-05, 0.272412, 0.0015379, 1.03762e-09, 0.00197461, 2.00427e-05, 0.390547, 7.28391e-05, 8.41512e-07, 2.8176e-10, 3.21998e-12, 2.92059e-10, 7.09115e-11, 6.23868e-08, 0.333435, 0.168576, 1173, 1173, 0.084222, 0.154975, 1.08516e-17, 0.175033, 0.0671504, 0.556176, 2.37069e-05, 0.27483, 0.00161474, 1.16758e-09, 0.00204619, 1.95199e-05, 0.382798, 7.59774e-05, 7.66725e-07, 2.63674e-10, 3.45484e-12, 3.25889e-10, 7.91806e-11, 6.03617e-08, 0.338614, 0.138684, 1173, 1173, 0.0806305, 0.129959, 2.15331e-17, 0.221478, 0.0409803, 0.529308, 2.34872e-05, 0.24852, 0.00263314, 1.4322e-09, 0.00249511, 3.26992e-05, 0.392116, 0.000107137, 5.28354e-07, 2.44985e-10, 4.21701e-12, 3.91108e-10, 1.03918e-10, 8.74523e-08, 0.354095, 
0.00851151, 1.00015e+06, 1.00015e+06, 1.00015e+06, 1.00121e+06, 1.00089e+06, 0.169203, 1173, 1173, 0.0679478, 0.170137, 9.36963e-18, 0.181957, 0.06668, 0.521213, 2.29755e-05, 0.271002, 0.0014848, 9.4667e-10, 0.00192714, 2.03256e-05, 0.395573, 7.07051e-05, 8.96297e-07, 2.9442e-10, 3.06088e-12, 2.68595e-10, 6.519e-11, 6.36096e-08, 0.329921, 0.168941, 1173, 1173, 0.0660799, 0.159448, 9.02832e-18, 0.171658, 0.0631064, 0.496899, 2.18089e-05, 0.271341, 0.00150008, 9.72367e-10, 0.00194045, 2.02663e-05, 0.394237, 7.13131e-05, 8.80719e-07, 2.90936e-10, 3.10557e-12, 2.75204e-10, 6.68039e-11, 6.3318e-08, 0.330888, 0.168354, 1173, 1173, 0.07473, 0.164304, 9.97994e-18, 0.179577, 0.0669075, 0.53594, 2.32821e-05, 0.272411, 0.00153772, 1.03742e-09, 0.00197447, 2.00422e-05, 0.390556, 7.28324e-05, 8.41644e-07, 2.81785e-10, 3.21962e-12, 2.92007e-10, 7.08984e-11, 6.23867e-08, 0.333427, 0.168584, 1173, 1173, 0.0840208, 0.154648, 1.08255e-17, 0.174648, 0.0670049, 0.554917, 2.3654e-05, 0.27483, 0.00161454, 1.16734e-09, 0.00204604, 1.95196e-05, 0.382809, 7.59698e-05, 7.66862e-07, 2.63702e-10, 3.45439e-12, 3.25828e-10, 7.91651e-11, 6.03622e-08, 0.338605, 0.137708, 1173, 1173, 0.0784971, 0.126556, 2.0966e-17, 0.215678, 0.0399019, 0.515373, 2.28699e-05, 0.248514, 0.00263306, 1.43195e-09, 0.00249502, 3.27024e-05, 0.39213, 0.000107133, 5.28418e-07, 2.45011e-10, 4.21641e-12, 3.9104e-10, 1.039e-10, 8.74606e-08, 0.354087, 
0.00851357, 1.00015e+06, 1.00015e+06, 1.00015e+06, 1.00121e+06, 1.00089e+06, 0.169165, 1173, 1173, 0.067458, 0.168955, 9.30212e-18, 0.180679, 0.0662142, 0.517526, 2.28135e-05, 0.271002, 0.00148463, 9.46478e-10, 0.00192701, 2.03251e-05, 0.395581, 7.06988e-05, 8.96431e-07, 2.94445e-10, 3.06056e-12, 2.68546e-10, 6.51777e-11, 6.36094e-08, 0.329914, 0.169008, 1173, 1173, 0.0665797, 0.160695, 9.09659e-18, 0.172987, 0.0635977, 0.500723, 2.19773e-05, 0.271341, 0.00149991, 9.72174e-10, 0.00194032, 2.02658e-05, 0.394246, 7.13067e-05, 8.80852e-07, 2.90961e-10, 3.10523e-12, 2.75155e-10, 6.67915e-11, 6.33178e-08, 0.330881, 0.168364, 1173, 1173, 0.0757712, 0.166636, 1.01189e-17, 0.182111, 0.0678545, 0.543475, 2.36101e-05, 0.272411, 0.00153754, 1.03722e-09, 0.00197433, 2.00417e-05, 0.390565, 7.28256e-05, 8.41777e-07, 2.8181e-10, 3.21925e-12, 2.91955e-10, 7.08852e-11, 6.23865e-08, 0.333418, 0.168582, 1173, 1173, 0.0836348, 0.153981, 1.07755e-17, 0.173879, 0.066712, 0.552437, 2.3549e-05, 0.274829, 0.00161434, 1.16711e-09, 0.00204589, 1.95193e-05, 0.382819, 7.59622e-05, 7.66999e-07, 2.6373e-10, 3.45394e-12, 3.25768e-10, 7.91495e-11, 6.03628e-08, 0.338595, 0.138674, 1173, 1173, 0.0807179, 0.130173, 2.1562e-17, 0.221842, 0.0410369, 0.530026, 2.35213e-05, 0.248508, 0.00263297, 1.4317e-09, 0.00249492, 3.27055e-05, 0.392145, 0.000107129, 5.28481e-07, 2.45037e-10, 4.21581e-12, 3.90973e-10, 1.03882e-10, 8.7469e-08, 0.354079, 
0.00851562, 1.00015e+06, 1.00015e+06, 1.00015e+06, 1.00121e+06, 1.00089e+06, 0.169209, 1173, 1173, 0.0679272, 0.170175, 9.36686e-18, 0.181968, 0.0666897, 0.521196, 2.29759e-05, 0.271001, 0.00148447, 9.46286e-10, 0.00192688, 2.03246e-05, 0.395589, 7.06926e-05, 8.96566e-07, 2.9447e-10, 3.06023e-12, 2.68497e-10, 6.51655e-11, 6.36093e-08, 0.329906, 0.168948, 1173, 1173, 0.0669325, 0.161589, 9.14478e-18, 0.173934, 0.0639489, 0.503443, 2.20973e-05, 0.271341, 0.00149974, 9.71981e-10, 0.00194019, 2.02653e-05, 0.394254, 7.13003e-05, 8.80985e-07, 2.90986e-10, 3.1049e-12, 2.75107e-10, 6.67791e-11, 6.33175e-08, 0.330873, 0.168355, 1173, 1173, 0.072222, 0.158873, 9.64486e-18, 0.173611, 0.0646903, 0.518085, 2.25076e-05, 0.272411, 0.00153736, 1.03702e-09, 0.0019742, 2.00411e-05, 0.390573, 7.28189e-05, 8.41909e-07, 2.81835e-10, 3.21889e-12, 2.91904e-10, 7.08721e-11, 6.23864e-08, 0.33341, 0.16859, 1173, 1173, 0.0840558, 0.1548, 1.08295e-17, 0.174788, 0.0670629, 0.555289, 2.36713e-05, 0.274828, 0.00161414, 1.16687e-09, 0.00204573, 1.9519e-05, 0.38283, 7.59546e-05, 7.67136e-07, 2.63758e-10, 3.45349e-12, 3.25707e-10, 7.9134e-11, 6.03633e-08, 0.338586, 0.137698, 1173, 1173, 0.0790958, 0.127593, 2.11314e-17, 0.217445, 0.0402181, 0.519446, 2.30529e-05, 0.248502, 0.00263288, 1.43145e-09, 0.00249483, 3.27087e-05, 0.392159, 0.000107125, 5.28544e-07, 2.45063e-10, 4.21521e-12, 3.90905e-10, 1.03865e-10, 8.74773e-08, 0.354071, 
0.00851768, 1.00015e+06, 1.00015e+06, 1.00015e+06, 1.00121e+06, 1.00089e+06, 0.169171, 1173, 1173, 0.0675729, 0.169333, 9.31805e-18, 0.181052, 0.0663568, 0.518549, 2.28598e-05, 0.271001, 0.0014843, 9.46094e-10, 0.00192675, 2.03241e-05, 0.395598, 7.06863e-05, 8.96701e-07, 2.94495e-10, 3.05991e-12, 2.68449e-10, 6.51533e-11, 6.36091e-08, 0.329898, 0.169016, 1173, 1173, 0.0678551, 0.163859, 9.27081e-18, 0.176363, 0.0648446, 0.510449, 2.24054e-05, 0.271341, 0.00149957, 9.71788e-10, 0.00194006, 2.02647e-05, 0.394262, 7.12939e-05, 8.81119e-07, 2.91011e-10, 3.10457e-12, 2.75058e-10, 6.67667e-11, 6.33173e-08, 0.330865, 0.168366, 1173, 1173, 0.0734812, 0.161684, 9.81294e-18, 0.176668, 0.0658325, 0.527184, 2.29036e-05, 0.272411, 0.00153719, 1.03681e-09, 0.00197407, 2.00406e-05, 0.390582, 7.28123e-05, 8.4204e-07, 2.8186e-10, 3.21853e-12, 2.91852e-10, 7.08589e-11, 6.23863e-08, 0.333402, 0.168588, 1173, 1173, 0.0843031, 0.1553, 1.08612e-17, 0.175336, 0.0672752, 0.556993, 2.37447e-05, 0.274828, 0.00161393, 1.16664e-09, 0.00204558, 1.95187e-05, 0.38284, 7.59471e-05, 7.67273e-07, 2.63786e-10, 3.45305e-12, 3.25647e-10, 7.91184e-11, 6.03638e-08, 0.338576, 0.138664, 1173, 1173, 0.0790068, 0.127486, 2.11103e-17, 0.21726, 0.0401788, 0.518932, 2.30312e-05, 0.248496, 0.00263279, 1.4312e-09, 0.00249474, 3.27119e-05, 0.392173, 0.000107121, 5.28608e-07, 2.4509e-10, 4.21461e-12, 3.90838e-10, 1.03847e-10, 8.74857e-08, 0.354063, 
0.00851974, 1.00015e+06, 1.00015e+06, 1.00015e+06, 1.00121e+06, 1.00089e+06, 0.169214, 1173, 1173, 0.0674172, 0.168987, 9.29661e-18, 0.180668, 0.0662187, 0.517425, 2.28109e-05, 0.271001, 0.00148414, 9.45903e-10, 0.00192663, 2.03236e-05, 0.395606, 7.06801e-05, 8.96835e-07, 2.9452e-10, 3.05959e-12, 2.684e-10, 6.5141e-11, 6.36089e-08, 0.329891, 0.168952, 1173, 1173, 0.0659552, 0.159313, 9.01121e-18, 0.171455, 0.0630429, 0.496222, 2.17815e-05, 0.271341, 0.0014994, 9.71595e-10, 0.00193993, 2.02642e-05, 0.39427, 7.12875e-05, 8.81253e-07, 2.91035e-10, 3.10424e-12, 2.75009e-10, 6.67543e-11, 6.33171e-08, 0.330858, 0.168364, 1173, 1173, 0.0741964, 0.163301, 9.9083e-18, 0.178419, 0.0664878, 0.532383, 2.31301e-05, 0.272411, 0.00153701, 1.03661e-09, 0.00197393, 2.00401e-05, 0.39059, 7.28056e-05, 8.42172e-07, 2.81885e-10, 3.21817e-12, 2.91801e-10, 7.08458e-11, 6.23861e-08, 0.333394, 0.168597, 1173, 1173, 0.084355, 0.155439, 1.08676e-17, 0.175478, 0.0673317, 0.557406, 2.37631e-05, 0.274827, 0.00161373, 1.1664e-09, 0.00204543, 1.95184e-05, 0.382851, 7.59395e-05, 7.6741e-07, 2.63814e-10, 3.4526e-12, 3.25586e-10, 7.91029e-11, 6.03644e-08, 0.338567, 0.137689, 1173, 1173, 0.0802095, 0.129463, 2.14344e-17, 0.220629, 0.0407965, 0.526904, 2.33861e-05, 0.24849, 0.0026327, 1.43095e-09, 0.00249465, 3.27151e-05, 0.392187, 0.000107118, 5.28671e-07, 2.45116e-10, 4.214e-12, 3.90771e-10, 1.0383e-10, 8.74941e-08, 0.354055, 
0.00852179, 1.00015e+06, 1.00015e+06, 1.00015e+06, 1.00121e+06, 1.00089e+06, 0.169177, 1173, 1173, 0.0676833, 0.169699, 9.33334e-18, 0.181414, 0.0664949, 0.519538, 2.29046e-05, 0.271001, 0.00148397, 9.45711e-10, 0.0019265, 2.03231e-05, 0.395614, 7.06738e-05, 8.9697e-07, 2.94545e-10, 3.05926e-12, 2.68352e-10, 6.51288e-11, 6.36087e-08, 0.329883, 0.16902, 1173, 1173, 0.066405, 0.160441, 9.07265e-18, 0.172655, 0.0634869, 0.499673, 2.19335e-05, 0.27134, 0.00149924, 9.71402e-10, 0.00193981, 2.02637e-05, 0.394278, 7.12812e-05, 8.81385e-07, 2.9106e-10, 3.10391e-12, 2.7496e-10, 6.67419e-11, 6.33168e-08, 0.33085, 0.168373, 1173, 1173, 0.0742747, 0.163516, 9.9186e-18, 0.178638, 0.0665725, 0.533013, 2.3158e-05, 0.272411, 0.00153683, 1.03641e-09, 0.0019738, 2.00396e-05, 0.390599, 7.27989e-05, 8.42304e-07, 2.81911e-10, 3.21781e-12, 2.91749e-10, 7.08326e-11, 6.2386e-08, 0.333386, 0.168594, 1173, 1173, 0.0835564, 0.154011, 1.07645e-17, 0.17385, 0.0667092, 0.552199, 2.35418e-05, 0.274826, 0.00161353, 1.16617e-09, 0.00204527, 1.95181e-05, 0.382861, 7.59319e-05, 7.67547e-07, 2.63842e-10, 3.45215e-12, 3.25526e-10, 7.90873e-11, 6.03649e-08, 0.338558, 0.138655, 1173, 1173, 0.0797373, 0.128737, 2.1311e-17, 0.219392, 0.0405623, 0.523874, 2.32527e-05, 0.248484, 0.00263261, 1.4307e-09, 0.00249455, 3.27183e-05, 0.392201, 0.000107114, 5.28734e-07, 2.45142e-10, 4.2134e-12, 3.90703e-10, 1.03812e-10, 8.75024e-08, 0.354047, 
0.00852385, 1.00015e+06, 1.00015e+06, 1.00015e+06, 1.00121e+06, 1.00089e+06, 0.169221, 1173, 1173, 0.0681299, 0.170864, 9.39498e-18, 0.182644, 0.0669487, 0.523038, 2.30595e-05, 0.271, 0.00148381, 9.45519e-10, 0.00192637, 2.03226e-05, 0.395622, 7.06675e-05, 8.97105e-07, 2.9457e-10, 3.05894e-12, 2.68303e-10, 6.51166e-11, 6.36085e-08, 0.329875, 0.168959, 1173, 1173, 0.0665734, 0.16089, 9.09564e-18, 0.173123, 0.063662, 0.501006, 2.19926e-05, 0.27134, 0.00149907, 9.71209e-10, 0.00193968, 2.02631e-05, 0.394286, 7.12748e-05, 8.81519e-07, 2.91085e-10, 3.10358e-12, 2.74911e-10, 6.67296e-11, 6.33166e-08, 0.330842, 0.16837, 1173, 1173, 0.0743482, 0.16372, 9.92827e-18, 0.178846, 0.0666529, 0.533607, 2.31845e-05, 0.272411, 0.00153666, 1.03621e-09, 0.00197366, 2.00391e-05, 0.390607, 7.27922e-05, 8.42437e-07, 2.81936e-10, 3.21744e-12, 2.91698e-10, 7.08195e-11, 6.23858e-08, 0.333378, 0.168602, 1173, 1173, 0.0831556, 0.153316, 1.07127e-17, 0.173049, 0.066404, 0.54962, 2.34326e-05, 0.274825, 0.00161333, 1.16593e-09, 0.00204512, 1.95177e-05, 0.382872, 7.59243e-05, 7.67683e-07, 2.6387e-10, 3.4517e-12, 3.25466e-10, 7.90718e-11, 6.03655e-08, 0.338548, 0.137679, 1173, 1173, 0.07917, 0.127857, 2.11621e-17, 0.217892, 0.0402797, 0.520218, 2.30916e-05, 0.248478, 0.00263252, 1.43045e-09, 0.00249446, 3.27215e-05, 0.392215, 0.00010711, 5.28798e-07, 2.45168e-10, 4.2128e-12, 3.90636e-10, 1.03794e-10, 8.75108e-08, 0.354039, 
0.0085259, 1.00015e+06, 1.00015e+06, 1.00015e+06, 1.00121e+06, 1.00089e+06, 0.169183, 1173, 1173, 0.0677344, 0.169918, 9.34048e-18, 0.181617, 0.066575, 0.520072, 2.29294e-05, 0.271, 0.00148365, 9.45328e-10, 0.00192624, 2.03221e-05, 0.39563, 7.06613e-05, 8.9724e-07, 2.94595e-10, 3.05861e-12, 2.68255e-10, 6.51044e-11, 6.36084e-08, 0.329868, 0.169025, 1173, 1173, 0.0661201, 0.159836, 9.03368e-18, 0.171974, 0.0632424, 0.49766, 2.18463e-05, 0.27134, 0.0014989, 9.71017e-10, 0.00193955, 2.02626e-05, 0.394294, 7.12685e-05, 8.81652e-07, 2.9111e-10, 3.10325e-12, 2.74862e-10, 6.67172e-11, 6.33163e-08, 0.330835, 0.16838, 1173, 1173, 0.0746472, 0.164421, 9.96805e-18, 0.179596, 0.0669356, 0.535822, 2.32814e-05, 0.27241, 0.00153648, 1.036e-09, 0.00197353, 2.00385e-05, 0.390616, 7.27855e-05, 8.42569e-07, 2.81961e-10, 3.21708e-12, 2.91646e-10, 7.08064e-11, 6.23857e-08, 0.33337, 0.1686, 1173, 1173, 0.0833297, 0.15368, 1.07349e-17, 0.173444, 0.066558, 0.550841, 2.34853e-05, 0.274825, 0.00161313, 1.1657e-09, 0.00204497, 1.95174e-05, 0.382882, 7.59168e-05, 7.67819e-07, 2.63898e-10, 3.45125e-12, 3.25405e-10, 7.90563e-11, 6.0366e-08, 0.338539, 0.138645, 1173, 1173, 0.0796068, 0.128599, 2.12816e-17, 0.219155, 0.0405079, 0.52316, 2.32232e-05, 0.248472, 0.00263243, 1.4302e-09, 0.00249437, 3.27246e-05, 0.392229, 0.000107106, 5.28861e-07, 2.45194e-10, 4.2122e-12, 3.90568e-10, 1.03777e-10, 8.75191e-08, 0.354031, 
0.00852796, 1.00015e+06, 1.00015e+06, 1.00015e+06, 1.00121e+06, 1.00089e+06, 0.169225, 1173, 1173, 0.0672786, 0.168819, 9.27766e-18, 0.180428, 0.0661418, 0.516643, 2.27788e-05, 0.271, 0.00148348, 9.45136e-10, 0.00192611, 2.03216e-05, 0.395638, 7.0655e-05, 8.97374e-07, 2.9462e-10, 3.05829e-12, 2.68206e-10, 6.50921e-11, 6.36082e-08, 0.32986, 0.168964, 1173, 1173, 0.0661238, 0.159887, 9.03418e-18, 0.172014, 0.06326, 0.497754, 2.1851e-05, 0.27134, 0.00149873, 9.70824e-10, 0.00193942, 2.0262e-05, 0.394303, 7.12621e-05, 8.81784e-07, 2.91134e-10, 3.10291e-12, 2.74813e-10, 6.67048e-11, 6.33161e-08, 0.330827, 0.168377, 1173, 1173, 0.074897, 0.165015, 1.00013e-17, 0.180229, 0.0671742, 0.537683, 2.33629e-05, 0.27241, 0.0015363, 1.0358e-09, 0.00197339, 2.0038e-05, 0.390624, 7.27788e-05, 8.42701e-07, 2.81986e-10, 3.21672e-12, 2.91595e-10, 7.07932e-11, 6.23855e-08, 0.333362, 0.168608, 1173, 1173, 0.0835414, 0.154114, 1.07619e-17, 0.173918, 0.0667419, 0.55231, 2.35487e-05, 0.274824, 0.00161293, 1.16546e-09, 0.00204482, 1.95171e-05, 0.382893, 7.59092e-05, 7.67956e-07, 2.63926e-10, 3.45081e-12, 3.25345e-10, 7.90408e-11, 6.03666e-08, 0.338529, 0.13767, 1173, 1173, 0.0791615, 0.127916, 2.11653e-17, 0.217989, 0.0402873, 0.520304, 2.30976e-05, 0.248466, 0.00263234, 1.42996e-09, 0.00249428, 3.27278e-05, 0.392244, 0.000107102, 5.28924e-07, 2.4522e-10, 4.2116e-12, 3.90501e-10, 1.03759e-10, 8.75275e-08, 0.354024, 
0.00853002, 1.00015e+06, 1.00015e+06, 1.00015e+06, 1.00121e+06, 1.00089e+06, 0.169188, 1173, 1173, 0.0676672, 0.169839, 9.33129e-18, 0.181503, 0.0665387, 0.519698, 2.29141e-05, 0.271, 0.00148332, 9.44945e-10, 0.00192599, 2.0321e-05, 0.395646, 7.06488e-05, 8.97509e-07, 2.94645e-10, 3.05797e-12, 2.68158e-10, 6.50799e-11, 6.3608e-08, 0.329852, 0.169032, 1173, 1173, 0.0664619, 0.160746, 9.08036e-18, 0.172924, 0.0635975, 0.500365, 2.19662e-05, 0.27134, 0.00149856, 9.70631e-10, 0.00193929, 2.02615e-05, 0.394311, 7.12558e-05, 8.81917e-07, 2.91159e-10, 3.10258e-12, 2.74764e-10, 6.66925e-11, 6.33159e-08, 0.330819, 0.168385, 1173, 1173, 0.074156, 0.163425, 9.90218e-18, 0.178477, 0.0665241, 0.53243, 2.31353e-05, 0.27241, 0.00153612, 1.0356e-09, 0.00197326, 2.00375e-05, 0.390633, 7.27721e-05, 8.42834e-07, 2.82011e-10, 3.21636e-12, 2.91543e-10, 7.07801e-11, 6.23854e-08, 0.333354, 0.168606, 1173, 1173, 0.0836379, 0.154335, 1.07741e-17, 0.174153, 0.066834, 0.553018, 2.35796e-05, 0.274823, 0.00161273, 1.16523e-09, 0.00204467, 1.95168e-05, 0.382903, 7.59017e-05, 7.68092e-07, 2.63954e-10, 3.45036e-12, 3.25284e-10, 7.90252e-11, 6.03671e-08, 0.33852, 0.138636, 1173, 1173, 0.0804172, 0.129982, 2.15038e-17, 0.221509, 0.0409324, 0.52863, 2.34683e-05, 0.24846, 0.00263226, 1.42971e-09, 0.00249418, 3.2731e-05, 0.392258, 0.000107099, 5.28987e-07, 2.45247e-10, 4.211e-12, 3.90434e-10, 1.03742e-10, 8.75359e-08, 0.354016, 
0.00853207, 1.00015e+06, 1.00015e+06, 1.00015e+06, 1.00121e+06, 1.00089e+06, 0.169232, 1173, 1173, 0.067988, 0.170689, 9.37556e-18, 0.182396, 0.0668691, 0.522233, 2.30264e-05, 0.271, 0.00148315, 9.44753e-10, 0.00192586, 2.03205e-05, 0.395655, 7.06425e-05, 8.97643e-07, 2.9467e-10, 3.05764e-12, 2.68109e-10, 6.50677e-11, 6.36078e-08, 0.329845, 0.168971, 1173, 1173, 0.0665811, 0.161076, 9.09663e-18, 0.173265, 0.0637255, 0.501328, 2.20091e-05, 0.27134, 0.0014984, 9.70439e-10, 0.00193916, 2.0261e-05, 0.394319, 7.12494e-05, 8.8205e-07, 2.91184e-10, 3.10225e-12, 2.74716e-10, 6.66801e-11, 6.33156e-08, 0.330812, 0.16838, 1173, 1173, 0.0732299, 0.161426, 9.77839e-18, 0.176278, 0.0657077, 0.525848, 2.28499e-05, 0.27241, 0.00153594, 1.0354e-09, 0.00197312, 2.0037e-05, 0.390641, 7.27655e-05, 8.42965e-07, 2.82036e-10, 3.216e-12, 2.91492e-10, 7.0767e-11, 6.23853e-08, 0.333346, 0.168615, 1173, 1173, 0.0836154, 0.154337, 1.0771e-17, 0.174139, 0.0668309, 0.552939, 2.35769e-05, 0.274822, 0.00161253, 1.16499e-09, 0.00204451, 1.95165e-05, 0.382914, 7.58941e-05, 7.68228e-07, 2.63982e-10, 3.44991e-12, 3.25224e-10, 7.90097e-11, 6.03677e-08, 0.338511, 0.13766, 1173, 1173, 0.0809964, 0.130955, 2.16615e-17, 0.223167, 0.0412334, 0.532511, 2.36417e-05, 0.248454, 0.00263217, 1.42946e-09, 0.00249409, 3.27342e-05, 0.392272, 0.000107095, 5.29051e-07, 2.45273e-10, 4.2104e-12, 3.90366e-10, 1.03724e-10, 8.75442e-08, 0.354008, 
0.00853413, 1.00015e+06, 1.00015e+06, 1.00015e+06, 1.00121e+06, 1.00089e+06, 0.169194, 1173, 1173, 0.0678909, 0.170491, 9.36221e-18, 0.182169, 0.0667886, 0.521558, 2.29973e-05, 0.270999, 0.00148299, 9.44562e-10, 0.00192573, 2.032e-05, 0.395663, 7.06363e-05, 8.97778e-07, 2.94695e-10, 3.05732e-12, 2.68061e-10, 6.50555e-11, 6.36076e-08, 0.329837, 0.169037, 1173, 1173, 0.0661067, 0.15997, 9.03179e-18, 0.17206, 0.0632854, 0.497822, 2.18557e-05, 0.27134, 0.00149823, 9.70246e-10, 0.00193903, 2.02604e-05, 0.394327, 7.12431e-05, 8.82183e-07, 2.91208e-10, 3.10192e-12, 2.74667e-10, 6.66678e-11, 6.33154e-08, 0.330804, 0.168392, 1173, 1173, 0.0746189, 0.16453, 9.96373e-18, 0.179653, 0.0669686, 0.53589, 2.32869e-05, 0.27241, 0.00153577, 1.0352e-09, 0.00197299, 2.00365e-05, 0.39065, 7.27588e-05, 8.43097e-07, 2.82061e-10, 3.21564e-12, 2.9144e-10, 7.07539e-11, 6.23851e-08, 0.333338, 0.168613, 1173, 1173, 0.0837467, 0.154623, 1.07877e-17, 0.174446, 0.0669508, 0.553877, 2.36177e-05, 0.274822, 0.00161232, 1.16476e-09, 0.00204436, 1.95162e-05, 0.382924, 7.58866e-05, 7.68365e-07, 2.6401e-10, 3.44947e-12, 3.25164e-10, 7.89942e-11, 6.03682e-08, 0.338501, 0.138626, 1173, 1173, 0.0818391, 0.132355, 2.18897e-17, 0.225552, 0.0416685, 0.538124, 2.38921e-05, 0.248448, 0.00263208, 1.42921e-09, 0.002494, 3.27374e-05, 0.392286, 0.000107091, 5.29114e-07, 2.45299e-10, 4.2098e-12, 3.90299e-10, 1.03707e-10, 8.75526e-08, 0.354, 
0.00853618, 1.00015e+06, 1.00015e+06, 1.00015e+06, 1.00121e+06, 1.00089e+06, 0.169237, 1173, 1173, 0.0678688, 0.170481, 9.3592e-18, 0.182143, 0.0667818, 0.521459, 2.29935e-05, 0.270999, 0.00148282, 9.44371e-10, 0.0019256, 2.03195e-05, 0.395671, 7.063e-05, 8.97913e-07, 2.9472e-10, 3.057e-12, 2.68013e-10, 6.50433e-11, 6.36075e-08, 0.32983, 0.168974, 1173, 1173, 0.0652801, 0.158011, 8.91885e-18, 0.169939, 0.0625079, 0.491662, 2.15859e-05, 0.271339, 0.00149806, 9.70054e-10, 0.0019389, 2.02599e-05, 0.394335, 7.12367e-05, 8.82316e-07, 2.91233e-10, 3.10159e-12, 2.74618e-10, 6.66555e-11, 6.33151e-08, 0.330796, 0.168387, 1173, 1173, 0.0739806, 0.163166, 9.87837e-18, 0.178147, 0.0664102, 0.531373, 2.30912e-05, 0.27241, 0.00153559, 1.03499e-09, 0.00197285, 2.00359e-05, 0.390658, 7.27521e-05, 8.43229e-07, 2.82086e-10, 3.21528e-12, 2.91389e-10, 7.07408e-11, 6.2385e-08, 0.33333, 0.168621, 1173, 1173, 0.0837936, 0.154754, 1.07935e-17, 0.174577, 0.0670033, 0.554258, 2.36346e-05, 0.274821, 0.00161212, 1.16453e-09, 0.00204421, 1.95159e-05, 0.382934, 7.5879e-05, 7.68501e-07, 2.64038e-10, 3.44902e-12, 3.25103e-10, 7.89787e-11, 6.03687e-08, 0.338492, 0.137651, 1173, 1173, 0.0813377, 0.131581, 2.17584e-17, 0.224233, 0.0414194, 0.5349, 2.37501e-05, 0.248442, 0.00263199, 1.42896e-09, 0.0024939, 3.27406e-05, 0.3923, 0.000107087, 5.29178e-07, 2.45325e-10, 4.2092e-12, 3.90231e-10, 1.03689e-10, 8.7561e-08, 0.353992, 
0.00853824, 1.00015e+06, 1.00015e+06, 1.00015e+06, 1.00121e+06, 1.00089e+06, 0.1692, 1173, 1173, 0.0678053, 0.170366, 9.35049e-18, 0.182005, 0.0667343, 0.521043, 2.29758e-05, 0.270999, 0.00148266, 9.4418e-10, 0.00192548, 2.0319e-05, 0.395679, 7.06238e-05, 8.98048e-07, 2.94745e-10, 3.05667e-12, 2.67964e-10, 6.50312e-11, 6.36073e-08, 0.329822, 0.169043, 1173, 1173, 0.0661456, 0.160148, 9.0371e-18, 0.172222, 0.0633507, 0.498247, 2.18755e-05, 0.271339, 0.0014979, 9.69862e-10, 0.00193878, 2.02594e-05, 0.394343, 7.12304e-05, 8.82448e-07, 2.91258e-10, 3.10126e-12, 2.74569e-10, 6.66431e-11, 6.33149e-08, 0.330789, 0.168397, 1173, 1173, 0.0741646, 0.163614, 9.90282e-18, 0.178621, 0.0665899, 0.532763, 2.31522e-05, 0.27241, 0.00153541, 1.03479e-09, 0.00197272, 2.00354e-05, 0.390667, 7.27454e-05, 8.43361e-07, 2.82111e-10, 3.21492e-12, 2.91338e-10, 7.07277e-11, 6.23848e-08, 0.333322, 0.168619, 1173, 1173, 0.0838624, 0.154924, 1.08022e-17, 0.174754, 0.0670733, 0.554783, 2.36578e-05, 0.27482, 0.00161192, 1.16429e-09, 0.00204406, 1.95156e-05, 0.382945, 7.58715e-05, 7.68638e-07, 2.64065e-10, 3.44857e-12, 3.25043e-10, 7.89632e-11, 6.03693e-08, 0.338483, 0.138616, 1173, 1173, 0.0790048, 0.127843, 2.1137e-17, 0.217862, 0.0402374, 0.51963, 2.30732e-05, 0.248436, 0.0026319, 1.42871e-09, 0.00249381, 3.27438e-05, 0.392314, 0.000107083, 5.29241e-07, 2.45352e-10, 4.2086e-12, 3.90164e-10, 1.03672e-10, 8.75693e-08, 0.353984, 
0.0085403, 1.00015e+06, 1.00015e+06, 1.00015e+06, 1.00121e+06, 1.00089e+06, 0.169243, 1173, 1173, 0.067581, 0.169848, 9.31959e-18, 0.181436, 0.0665284, 0.519389, 2.29035e-05, 0.270999, 0.0014825, 9.43989e-10, 0.00192535, 2.03185e-05, 0.395687, 7.06175e-05, 8.98182e-07, 2.9477e-10, 3.05635e-12, 2.67916e-10, 6.5019e-11, 6.36071e-08, 0.329814, 0.168981, 1173, 1173, 0.0654948, 0.158613, 8.94817e-18, 0.170558, 0.0627411, 0.493409, 2.16637e-05, 0.271339, 0.00149773, 9.69669e-10, 0.00193865, 2.02588e-05, 0.394351, 7.12241e-05, 8.82581e-07, 2.91282e-10, 3.10093e-12, 2.74521e-10, 6.66308e-11, 6.33146e-08, 0.330781, 0.168393, 1173, 1173, 0.0740158, 0.163328, 9.88282e-18, 0.178294, 0.0664707, 0.531761, 2.31093e-05, 0.272409, 0.00153524, 1.03459e-09, 0.00197258, 2.00349e-05, 0.390675, 7.27388e-05, 8.43493e-07, 2.82137e-10, 3.21456e-12, 2.91286e-10, 7.07146e-11, 6.23847e-08, 0.333314, 0.168627, 1173, 1173, 0.0835308, 0.154355, 1.07592e-17, 0.174096, 0.0668231, 0.55266, 2.35679e-05, 0.27482, 0.00161172, 1.16406e-09, 0.0020439, 1.95153e-05, 0.382955, 7.58639e-05, 7.68774e-07, 2.64093e-10, 3.44813e-12, 3.24983e-10, 7.89478e-11, 6.03698e-08, 0.338473, 0.137641, 1173, 1173, 0.0806249, 0.130502, 2.15733e-17, 0.222392, 0.0410686, 0.530359, 2.35507e-05, 0.24843, 0.00263181, 1.42846e-09, 0.00249372, 3.27469e-05, 0.392328, 0.00010708, 5.29304e-07, 2.45378e-10, 4.208e-12, 3.90097e-10, 1.03654e-10, 8.75777e-08, 0.353976, 
0.00854235, 1.00015e+06, 1.00015e+06, 1.00015e+06, 1.00121e+06, 1.00089e+06, 0.169206, 1173, 1173, 0.0679051, 0.170707, 9.36432e-18, 0.182339, 0.0668624, 0.521951, 2.3017e-05, 0.270998, 0.00148233, 9.43798e-10, 0.00192522, 2.0318e-05, 0.395695, 7.06113e-05, 8.98317e-07, 2.94795e-10, 3.05603e-12, 2.67868e-10, 6.50068e-11, 6.36069e-08, 0.329807, 0.169047, 1173, 1173, 0.0654913, 0.158646, 8.94768e-18, 0.170579, 0.0627516, 0.493448, 2.16659e-05, 0.271339, 0.00149756, 9.69477e-10, 0.00193852, 2.02583e-05, 0.394359, 7.12178e-05, 8.82713e-07, 2.91307e-10, 3.1006e-12, 2.74472e-10, 6.66185e-11, 6.33144e-08, 0.330773, 0.168402, 1173, 1173, 0.0739268, 0.163174, 9.87083e-18, 0.17811, 0.0664053, 0.531189, 2.30851e-05, 0.272409, 0.00153506, 1.03439e-09, 0.00197245, 2.00344e-05, 0.390684, 7.27321e-05, 8.43625e-07, 2.82162e-10, 3.2142e-12, 2.91235e-10, 7.07015e-11, 6.23845e-08, 0.333306, 0.168626, 1173, 1173, 0.0844545, 0.156106, 1.0878e-17, 0.176055, 0.0675771, 0.558842, 2.38323e-05, 0.274819, 0.00161152, 1.16382e-09, 0.00204375, 1.95149e-05, 0.382966, 7.58564e-05, 7.68911e-07, 2.64121e-10, 3.44768e-12, 3.24923e-10, 7.89323e-11, 6.03704e-08, 0.338464, 0.138607, 1173, 1173, 0.0776154, 0.125666, 2.07707e-17, 0.21415, 0.0395414, 0.510631, 2.26758e-05, 0.248424, 0.00263172, 1.42822e-09, 0.00249363, 3.27501e-05, 0.392343, 0.000107076, 5.29367e-07, 2.45404e-10, 4.2074e-12, 3.9003e-10, 1.03636e-10, 8.75861e-08, 0.353968, 
0.00854441, 1.00015e+06, 1.00015e+06, 1.00015e+06, 1.00121e+06, 1.00089e+06, 0.169251, 1173, 1173, 0.068964, 0.173415, 9.51039e-18, 0.185216, 0.0679203, 0.530163, 2.33798e-05, 0.270998, 0.00148217, 9.43607e-10, 0.00192509, 2.03175e-05, 0.395704, 7.0605e-05, 8.98452e-07, 2.9482e-10, 3.05571e-12, 2.67819e-10, 6.49946e-11, 6.36067e-08, 0.329799, 0.168985, 1173, 1173, 0.0644841, 0.156247, 8.81008e-18, 0.167985, 0.0618002, 0.485924, 2.13361e-05, 0.271339, 0.0014974, 9.69285e-10, 0.00193839, 2.02577e-05, 0.394367, 7.12115e-05, 8.82844e-07, 2.91331e-10, 3.10027e-12, 2.74423e-10, 6.66061e-11, 6.33141e-08, 0.330766, 0.168399, 1173, 1173, 0.0741183, 0.163639, 9.89628e-18, 0.178603, 0.0665918, 0.532632, 2.31484e-05, 0.272409, 0.00153488, 1.03419e-09, 0.00197232, 2.00339e-05, 0.390692, 7.27254e-05, 8.43757e-07, 2.82187e-10, 3.21384e-12, 2.91184e-10, 7.06884e-11, 6.23844e-08, 0.333298, 0.168634, 1173, 1173, 0.0846085, 0.156435, 1.08976e-17, 0.17641, 0.0677154, 0.559931, 2.38795e-05, 0.274818, 0.00161132, 1.16359e-09, 0.0020436, 1.95146e-05, 0.382976, 7.58488e-05, 7.69048e-07, 2.64149e-10, 3.44724e-12, 3.24862e-10, 7.89168e-11, 6.03709e-08, 0.338455, 0.137631, 1173, 1173, 0.0805056, 0.130382, 2.15469e-17, 0.222187, 0.0410199, 0.529718, 2.35245e-05, 0.248418, 0.00263164, 1.42797e-09, 0.00249354, 3.27533e-05, 0.392357, 0.000107072, 5.2943e-07, 2.4543e-10, 4.2068e-12, 3.89962e-10, 1.03619e-10, 8.75944e-08, 0.35396, 
0.00854646, 1.00015e+06, 1.00015e+06, 1.00015e+06, 1.00121e+06, 1.00089e+06, 0.169213, 1173, 1173, 0.0687237, 0.172857, 9.47728e-18, 0.184605, 0.0676987, 0.528387, 2.33021e-05, 0.270998, 0.001482, 9.43416e-10, 0.00192497, 2.0317e-05, 0.395712, 7.05987e-05, 8.98588e-07, 2.94845e-10, 3.05539e-12, 2.67771e-10, 6.49825e-11, 6.36066e-08, 0.329791, 0.169043, 1173, 1173, 0.0592316, 0.143557, 8.09246e-18, 0.154329, 0.0567788, 0.446403, 1.96013e-05, 0.271339, 0.00149723, 9.69093e-10, 0.00193827, 2.02572e-05, 0.394375, 7.12053e-05, 8.82973e-07, 2.91355e-10, 3.09994e-12, 2.74375e-10, 6.65938e-11, 6.33139e-08, 0.330758, 0.168408, 1173, 1173, 0.0738025, 0.162985, 9.85401e-18, 0.177873, 0.0663226, 0.530431, 2.30534e-05, 0.272409, 0.00153471, 1.03399e-09, 0.00197218, 2.00334e-05, 0.390701, 7.27188e-05, 8.43889e-07, 2.82212e-10, 3.21348e-12, 2.91132e-10, 7.06754e-11, 6.23843e-08, 0.33329, 0.168633, 1173, 1173, 0.0850212, 0.157242, 1.09505e-17, 0.177304, 0.0680609, 0.562733, 2.39998e-05, 0.274817, 0.00161112, 1.16336e-09, 0.00204344, 1.95143e-05, 0.382987, 7.58412e-05, 7.69185e-07, 2.64178e-10, 3.44679e-12, 3.24802e-10, 7.89013e-11, 6.03715e-08, 0.338445, 0.138597, 1173, 1173, 0.0796022, 0.128955, 2.13079e-17, 0.219755, 0.0405656, 0.523846, 2.32648e-05, 0.248412, 0.00263155, 1.42772e-09, 0.00249344, 3.27565e-05, 0.392371, 0.000107068, 5.29493e-07, 2.45456e-10, 4.2062e-12, 3.89895e-10, 1.03601e-10, 8.76028e-08, 0.353952, 
0.00854852, 1.00015e+06, 1.00015e+06, 1.00015e+06, 1.00121e+06, 1.00089e+06, 0.169261, 1173, 1173, 0.0710385, 0.178727, 9.79655e-18, 0.190857, 0.0699947, 0.546258, 2.40909e-05, 0.270998, 0.00148184, 9.43225e-10, 0.00192484, 2.03165e-05, 0.39572, 7.05924e-05, 8.98725e-07, 2.94871e-10, 3.05507e-12, 2.67723e-10, 6.49703e-11, 6.36064e-08, 0.329784, 0.168988, 1173, 1173, 0.0625547, 0.15165, 8.54647e-18, 0.163016, 0.0599775, 0.471512, 2.07042e-05, 0.271339, 0.00149707, 9.68901e-10, 0.00193814, 2.02567e-05, 0.394383, 7.11992e-05, 8.83102e-07, 2.91379e-10, 3.0996e-12, 2.74326e-10, 6.65815e-11, 6.33136e-08, 0.330751, 0.168404, 1173, 1173, 0.0735381, 0.162443, 9.81858e-18, 0.177266, 0.0660993, 0.528597, 2.29743e-05, 0.272409, 0.00153453, 1.03379e-09, 0.00197205, 2.00328e-05, 0.390709, 7.27121e-05, 8.4402e-07, 2.82237e-10, 3.21312e-12, 2.91081e-10, 7.06623e-11, 6.23841e-08, 0.333282, 0.168639, 1173, 1173, 0.0832767, 0.154059, 1.07256e-17, 0.1737, 0.0666793, 0.551257, 2.35111e-05, 0.274817, 0.00161092, 1.16312e-09, 0.00204329, 1.9514e-05, 0.382997, 7.58336e-05, 7.69322e-07, 2.64205e-10, 3.44635e-12, 3.24742e-10, 7.88859e-11, 6.0372e-08, 0.338436, 0.137622, 1173, 1173, 0.080021, 0.129671, 2.14228e-17, 0.220972, 0.0407851, 0.526674, 2.33915e-05, 0.248406, 0.00263146, 1.42747e-09, 0.00249335, 3.27597e-05, 0.392385, 0.000107065, 5.29557e-07, 2.45482e-10, 4.2056e-12, 3.89828e-10, 1.03584e-10, 8.76112e-08, 0.353944, 
0.00855058, 1.00015e+06, 1.00015e+06, 1.00015e+06, 1.00121e+06, 1.00089e+06, 0.169219, 1173, 1173, 0.0687278, 0.172959, 9.47794e-18, 0.184683, 0.0677331, 0.528561, 2.33111e-05, 0.270997, 0.00148167, 9.43034e-10, 0.00192471, 2.0316e-05, 0.395729, 7.05861e-05, 8.98861e-07, 2.94896e-10, 3.05475e-12, 2.67674e-10, 6.49582e-11, 6.36062e-08, 0.329776, 0.169052, 1173, 1173, 0.0612283, 0.148473, 8.36525e-18, 0.159587, 0.0587187, 0.461576, 2.02684e-05, 0.271339, 0.00149691, 9.68709e-10, 0.00193802, 2.02561e-05, 0.39439, 7.11931e-05, 8.8323e-07, 2.91403e-10, 3.09927e-12, 2.74277e-10, 6.65692e-11, 6.33133e-08, 0.330743, 0.168413, 1173, 1173, 0.0736814, 0.162802, 9.83761e-18, 0.177643, 0.0662426, 0.529695, 2.30226e-05, 0.272409, 0.00153435, 1.03358e-09, 0.00197191, 2.00323e-05, 0.390718, 7.27055e-05, 8.44151e-07, 2.82262e-10, 3.21276e-12, 2.9103e-10, 7.06492e-11, 6.2384e-08, 0.333274, 0.168635, 1173, 1173, 0.0810119, 0.149911, 1.04337e-17, 0.169008, 0.0648803, 0.536332, 2.28752e-05, 0.274816, 0.00161072, 1.16289e-09, 0.00204314, 1.95137e-05, 0.383008, 7.58262e-05, 7.69458e-07, 2.64233e-10, 3.4459e-12, 3.24682e-10, 7.88704e-11, 6.03725e-08, 0.338427, 0.138588, 1173, 1173, 0.080129, 0.129882, 2.14544e-17, 0.221332, 0.0408462, 0.527457, 2.34274e-05, 0.2484, 0.00263137, 1.42722e-09, 0.00249326, 3.27629e-05, 0.392399, 0.000107061, 5.2962e-07, 2.45508e-10, 4.205e-12, 3.89761e-10, 1.03566e-10, 8.76195e-08, 0.353936, 
0.00855263, 1.00015e+06, 1.00015e+06, 1.00015e+06, 1.00121e+06, 1.00089e+06, 0.169259, 1173, 1173, 0.0668264, 0.168219, 9.21576e-18, 0.179606, 0.0658739, 0.514008, 2.26698e-05, 0.270997, 0.00148151, 9.42844e-10, 0.00192458, 2.03154e-05, 0.395737, 7.05798e-05, 8.98996e-07, 2.94921e-10, 3.05443e-12, 2.67626e-10, 6.4946e-11, 6.3606e-08, 0.329768, 0.168993, 1173, 1173, 0.0620545, 0.150515, 8.47812e-18, 0.161768, 0.0595241, 0.467867, 2.05451e-05, 0.271339, 0.00149675, 9.68517e-10, 0.0019379, 2.02556e-05, 0.394398, 7.11869e-05, 8.83359e-07, 2.91427e-10, 3.09894e-12, 2.74228e-10, 6.65569e-11, 6.33131e-08, 0.330736, 0.168411, 1173, 1173, 0.0738793, 0.163281, 9.86392e-18, 0.17815, 0.0664349, 0.531185, 2.3088e-05, 0.272409, 0.00153418, 1.03338e-09, 0.00197178, 2.00318e-05, 0.390726, 7.26989e-05, 8.44283e-07, 2.82287e-10, 3.2124e-12, 2.90979e-10, 7.06361e-11, 6.23838e-08, 0.333266, 0.168646, 1173, 1173, 0.0841544, 0.155771, 1.08382e-17, 0.175597, 0.0674122, 0.557208, 2.37663e-05, 0.274815, 0.00161052, 1.16265e-09, 0.00204299, 1.95134e-05, 0.383018, 7.58187e-05, 7.69593e-07, 2.64261e-10, 3.44546e-12, 3.24622e-10, 7.8855e-11, 6.03731e-08, 0.338417, 0.137612, 1173, 1173, 0.0795576, 0.128992, 2.13042e-17, 0.219816, 0.0405609, 0.523768, 2.32647e-05, 0.248394, 0.00263128, 1.42697e-09, 0.00249317, 3.27661e-05, 0.392413, 0.000107057, 5.29683e-07, 2.45535e-10, 4.2044e-12, 3.89694e-10, 1.03549e-10, 8.76279e-08, 0.353928, 
0.00855469, 1.00015e+06, 1.00015e+06, 1.00015e+06, 1.00121e+06, 1.00089e+06, 0.169219, 1173, 1173, 0.0656818, 0.165381, 9.05795e-18, 0.176562, 0.06476, 0.505273, 2.22851e-05, 0.270997, 0.00148134, 9.42653e-10, 0.00192445, 2.03149e-05, 0.395745, 7.05737e-05, 8.9913e-07, 2.94946e-10, 3.0541e-12, 2.67578e-10, 6.49339e-11, 6.36058e-08, 0.329761, 0.169064, 1173, 1173, 0.0651828, 0.158144, 8.90552e-18, 0.169953, 0.0625387, 0.491519, 2.15842e-05, 0.271339, 0.00149658, 9.68325e-10, 0.00193777, 2.02551e-05, 0.394406, 7.11807e-05, 8.83489e-07, 2.91451e-10, 3.09861e-12, 2.7418e-10, 6.65446e-11, 6.33128e-08, 0.330728, 0.168417, 1173, 1173, 0.0725437, 0.160371, 9.6855e-18, 0.17496, 0.0652482, 0.521648, 2.26741e-05, 0.272408, 0.001534, 1.03318e-09, 0.00197165, 2.00313e-05, 0.390734, 7.26922e-05, 8.44414e-07, 2.82311e-10, 3.21204e-12, 2.90927e-10, 7.06231e-11, 6.23837e-08, 0.333258, 0.168644, 1173, 1173, 0.0843388, 0.156156, 1.08618e-17, 0.176016, 0.067575, 0.5585, 2.38222e-05, 0.274814, 0.00161032, 1.16242e-09, 0.00204284, 1.95131e-05, 0.383028, 7.58111e-05, 7.6973e-07, 2.64289e-10, 3.44501e-12, 3.24562e-10, 7.88395e-11, 6.03736e-08, 0.338408, 0.138578, 1173, 1173, 0.0790444, 0.128196, 2.11696e-17, 0.218458, 0.0403052, 0.52046, 2.31188e-05, 0.248388, 0.0026312, 1.42673e-09, 0.00249307, 3.27693e-05, 0.392427, 0.000107053, 5.29746e-07, 2.45561e-10, 4.2038e-12, 3.89626e-10, 1.03531e-10, 8.76363e-08, 0.35392, 
0.00855674, 1.00015e+06, 1.00015e+06, 1.00015e+06, 1.00121e+06, 1.00089e+06, 0.169262, 1173, 1173, 0.0656708, 0.165397, 9.05648e-18, 0.176564, 0.0647637, 0.505258, 2.2285e-05, 0.270997, 0.00148118, 9.42463e-10, 0.00192433, 2.03144e-05, 0.395753, 7.05675e-05, 8.99263e-07, 2.9497e-10, 3.05378e-12, 2.6753e-10, 6.49217e-11, 6.36057e-08, 0.329753, 0.169011, 1173, 1173, 0.0692526, 0.168061, 9.46154e-18, 0.180596, 0.066458, 0.522276, 2.29355e-05, 0.271339, 0.00149641, 9.68133e-10, 0.00193764, 2.02545e-05, 0.394414, 7.11744e-05, 8.83622e-07, 2.91475e-10, 3.09828e-12, 2.74131e-10, 6.65323e-11, 6.33126e-08, 0.330721, 0.168414, 1173, 1173, 0.0722913, 0.159855, 9.65169e-18, 0.174382, 0.0650353, 0.5199, 2.25987e-05, 0.272408, 0.00153383, 1.03298e-09, 0.00197151, 2.00308e-05, 0.390743, 7.26857e-05, 8.44544e-07, 2.82336e-10, 3.21168e-12, 2.90876e-10, 7.061e-11, 6.23835e-08, 0.33325, 0.168652, 1173, 1173, 0.083594, 0.15482, 1.07656e-17, 0.174495, 0.0669931, 0.553637, 2.36155e-05, 0.274814, 0.00161012, 1.16219e-09, 0.00204269, 1.95128e-05, 0.383039, 7.58036e-05, 7.69866e-07, 2.64317e-10, 3.44457e-12, 3.24502e-10, 7.88241e-11, 6.03741e-08, 0.338399, 0.137602, 1173, 1173, 0.0766911, 0.124415, 2.05419e-17, 0.212013, 0.039111, 0.505034, 2.24347e-05, 0.248382, 0.00263111, 1.42648e-09, 0.00249298, 3.27724e-05, 0.392441, 0.00010705, 5.29808e-07, 2.45587e-10, 4.2032e-12, 3.89559e-10, 1.03514e-10, 8.76446e-08, 0.353913, 
0.0085588, 1.00015e+06, 1.00015e+06, 1.00015e+06, 1.00121e+06, 1.00089e+06, 0.169226, 1173, 1173, 0.0665477, 0.16765, 9.17746e-18, 0.178954, 0.0656432, 0.512075, 2.25863e-05, 0.270996, 0.00148102, 9.42272e-10, 0.0019242, 2.03139e-05, 0.395761, 7.05613e-05, 8.99396e-07, 2.94995e-10, 3.05346e-12, 2.67482e-10, 6.49096e-11, 6.36055e-08, 0.329746, 0.169074, 1173, 1173, 0.0674641, 0.163764, 9.2172e-18, 0.175963, 0.0647559, 0.508855, 2.23467e-05, 0.271338, 0.00149625, 9.67942e-10, 0.00193751, 2.0254e-05, 0.394422, 7.1168e-05, 8.83756e-07, 2.915e-10, 3.09795e-12, 2.74083e-10, 6.652e-11, 6.33123e-08, 0.330713, 0.168425, 1173, 1173, 0.0735977, 0.162786, 9.826e-18, 0.177564, 0.066225, 0.529362, 2.30106e-05, 0.272408, 0.00153365, 1.03278e-09, 0.00197138, 2.00303e-05, 0.390751, 7.26791e-05, 8.44675e-07, 2.82361e-10, 3.21132e-12, 2.90825e-10, 7.0597e-11, 6.23834e-08, 0.333242, 0.16865, 1173, 1173, 0.0836706, 0.155006, 1.07753e-17, 0.174688, 0.0670695, 0.554215, 2.36408e-05, 0.274813, 0.00160992, 1.16195e-09, 0.00204253, 1.95124e-05, 0.383049, 7.57961e-05, 7.70003e-07, 2.64345e-10, 3.44412e-12, 3.24442e-10, 7.88087e-11, 6.03747e-08, 0.338389, 0.138568, 1173, 1173, 0.077625, 0.125965, 2.07948e-17, 0.214655, 0.0395931, 0.511254, 2.2712e-05, 0.248376, 0.00263103, 1.42623e-09, 0.00249289, 3.27756e-05, 0.392455, 0.000107046, 5.29871e-07, 2.45613e-10, 4.20261e-12, 3.89492e-10, 1.03496e-10, 8.76529e-08, 0.353905, 
0.00856086, 1.00015e+06, 1.00015e+06, 1.00015e+06, 1.00121e+06, 1.00089e+06, 0.169271, 1173, 1173, 0.0672576, 0.169483, 9.27541e-18, 0.180896, 0.0663582, 0.517608, 2.28309e-05, 0.270996, 0.00148086, 9.42082e-10, 0.00192408, 2.03134e-05, 0.395769, 7.05551e-05, 8.9953e-07, 2.9502e-10, 3.05314e-12, 2.67433e-10, 6.48975e-11, 6.36053e-08, 0.329738, 0.169013, 1173, 1173, 0.0671522, 0.163049, 9.17457e-18, 0.17518, 0.0644707, 0.506568, 2.22469e-05, 0.271338, 0.00149608, 9.6775e-10, 0.00193738, 2.02534e-05, 0.39443, 7.11616e-05, 8.83889e-07, 2.91525e-10, 3.09762e-12, 2.74034e-10, 6.65077e-11, 6.33121e-08, 0.330705, 0.168422, 1173, 1173, 0.0738508, 0.163388, 9.85969e-18, 0.178205, 0.0664672, 0.53125, 2.30933e-05, 0.272408, 0.00153348, 1.03258e-09, 0.00197125, 2.00297e-05, 0.39076, 7.26724e-05, 8.44806e-07, 2.82386e-10, 3.21096e-12, 2.90774e-10, 7.05839e-11, 6.23832e-08, 0.333234, 0.168658, 1173, 1173, 0.0837953, 0.155281, 1.07911e-17, 0.174982, 0.0671844, 0.555111, 2.36798e-05, 0.274812, 0.00160972, 1.16172e-09, 0.00204238, 1.95121e-05, 0.38306, 7.57886e-05, 7.70139e-07, 2.64373e-10, 3.44368e-12, 3.24382e-10, 7.87933e-11, 6.03752e-08, 0.33838, 0.137593, 1173, 1173, 0.07955, 0.129125, 2.13132e-17, 0.220039, 0.040581, 0.524004, 2.32796e-05, 0.24837, 0.00263094, 1.42598e-09, 0.0024928, 3.27788e-05, 0.392469, 0.000107042, 5.29934e-07, 2.45639e-10, 4.20201e-12, 3.89425e-10, 1.03479e-10, 8.76613e-08, 0.353897, 
0.00856291, 1.00015e+06, 1.00015e+06, 1.00015e+06, 1.00121e+06, 1.00089e+06, 0.169227, 1173, 1173, 0.0636192, 0.160357, 8.77367e-18, 0.171141, 0.0627824, 0.489674, 2.15993e-05, 0.270996, 0.0014807, 9.41891e-10, 0.00192395, 2.03129e-05, 0.395777, 7.0549e-05, 8.99663e-07, 2.95044e-10, 3.05282e-12, 2.67385e-10, 6.48853e-11, 6.36051e-08, 0.329731, 0.169079, 1173, 1173, 0.0668185, 0.162281, 9.12897e-18, 0.17434, 0.0641644, 0.504117, 2.21398e-05, 0.271338, 0.00149591, 9.67559e-10, 0.00193726, 2.02529e-05, 0.394439, 7.11553e-05, 8.84022e-07, 2.9155e-10, 3.09729e-12, 2.73986e-10, 6.64955e-11, 6.33118e-08, 0.330698, 0.168431, 1173, 1173, 0.074007, 0.163776, 9.88043e-18, 0.178613, 0.0666223, 0.532441, 2.31457e-05, 0.272408, 0.0015333, 1.03238e-09, 0.00197111, 2.00292e-05, 0.390768, 7.26658e-05, 8.44938e-07, 2.82411e-10, 3.2106e-12, 2.90723e-10, 7.05709e-11, 6.23831e-08, 0.333226, 0.168656, 1173, 1173, 0.083593, 0.154949, 1.07648e-17, 0.174592, 0.0670371, 0.553841, 2.36263e-05, 0.274811, 0.00160952, 1.16149e-09, 0.00204223, 1.95118e-05, 0.38307, 7.5781e-05, 7.70275e-07, 2.644e-10, 3.44324e-12, 3.24322e-10, 7.87778e-11, 6.03758e-08, 0.338371, 0.138559, 1173, 1173, 0.0797657, 0.129512, 2.13738e-17, 0.220697, 0.040697, 0.525497, 2.3347e-05, 0.248364, 0.00263085, 1.42574e-09, 0.00249271, 3.2782e-05, 0.392483, 0.000107038, 5.29996e-07, 2.45665e-10, 4.20141e-12, 3.89358e-10, 1.03462e-10, 8.76697e-08, 0.353889, 
0.00856497, 1.00015e+06, 1.00015e+06, 1.00015e+06, 1.00121e+06, 1.00089e+06, 0.169276, 1173, 1173, 0.0667375, 0.168261, 9.20376e-18, 0.179562, 0.0658745, 0.513746, 2.26617e-05, 0.270996, 0.00148053, 9.41701e-10, 0.00192383, 2.03124e-05, 0.395785, 7.05429e-05, 8.99795e-07, 2.95069e-10, 3.05249e-12, 2.67337e-10, 6.48732e-11, 6.36049e-08, 0.329723, 0.169018, 1173, 1173, 0.06639, 0.161282, 9.07043e-18, 0.173253, 0.0637671, 0.500951, 2.20014e-05, 0.271338, 0.00149574, 9.67367e-10, 0.00193713, 2.02524e-05, 0.394447, 7.1149e-05, 8.84155e-07, 2.91574e-10, 3.09697e-12, 2.73937e-10, 6.64832e-11, 6.33116e-08, 0.33069, 0.168429, 1173, 1173, 0.0741765, 0.164194, 9.90295e-18, 0.179053, 0.0667894, 0.533728, 2.32023e-05, 0.272408, 0.00153312, 1.03218e-09, 0.00197098, 2.00287e-05, 0.390777, 7.26592e-05, 8.45069e-07, 2.82436e-10, 3.21024e-12, 2.90671e-10, 7.05579e-11, 6.23829e-08, 0.333218, 0.168664, 1173, 1173, 0.0832722, 0.154398, 1.07233e-17, 0.173956, 0.0667948, 0.551785, 2.35394e-05, 0.274811, 0.00160932, 1.16126e-09, 0.00204208, 1.95115e-05, 0.38308, 7.57735e-05, 7.70412e-07, 2.64428e-10, 3.44279e-12, 3.24262e-10, 7.87624e-11, 6.03763e-08, 0.338361, 0.137583, 1173, 1173, 0.0787533, 0.127904, 2.11053e-17, 0.217957, 0.0401864, 0.518899, 2.30549e-05, 0.248358, 0.00263076, 1.42549e-09, 0.00249262, 3.27852e-05, 0.392497, 0.000107035, 5.30059e-07, 2.45691e-10, 4.20081e-12, 3.89291e-10, 1.03444e-10, 8.7678e-08, 0.353881, 
0.00856702, 1.00015e+06, 1.00015e+06, 1.00015e+06, 1.00121e+06, 1.00089e+06, 0.169238, 1173, 1173, 0.0666598, 0.168109, 9.1931e-18, 0.179385, 0.0658125, 0.513218, 2.2639e-05, 0.270996, 0.00148037, 9.41511e-10, 0.0019237, 2.03119e-05, 0.395793, 7.05367e-05, 8.99929e-07, 2.95094e-10, 3.05217e-12, 2.67289e-10, 6.48611e-11, 6.36047e-08, 0.329716, 0.169085, 1173, 1173, 0.066926, 0.162626, 9.14365e-18, 0.174682, 0.064296, 0.505062, 2.21825e-05, 0.271338, 0.00149558, 9.67176e-10, 0.001937, 2.02518e-05, 0.394455, 7.11427e-05, 8.84287e-07, 2.91599e-10, 3.09664e-12, 2.73889e-10, 6.64709e-11, 6.33113e-08, 0.330683, 0.168437, 1173, 1173, 0.0740947, 0.164055, 9.89193e-18, 0.178887, 0.0667303, 0.533208, 2.31803e-05, 0.272408, 0.00153295, 1.03198e-09, 0.00197085, 2.00282e-05, 0.390785, 7.26525e-05, 8.45201e-07, 2.82461e-10, 3.20989e-12, 2.9062e-10, 7.05448e-11, 6.23828e-08, 0.33321, 0.168665, 1173, 1173, 0.0868524, 0.161082, 1.11841e-17, 0.181469, 0.0696821, 0.575581, 2.45553e-05, 0.27481, 0.00160912, 1.16102e-09, 0.00204193, 1.95112e-05, 0.383091, 7.5766e-05, 7.70549e-07, 2.64456e-10, 3.44235e-12, 3.24202e-10, 7.8747e-11, 6.03768e-08, 0.338352, 0.138549, 1173, 1173, 0.0750719, 0.121959, 2.01213e-17, 0.207826, 0.0383135, 0.49471, 2.19813e-05, 0.248352, 0.00263068, 1.42524e-09, 0.00249253, 3.27884e-05, 0.392511, 0.000107031, 5.30121e-07, 2.45717e-10, 4.20022e-12, 3.89224e-10, 1.03427e-10, 8.76863e-08, 0.353873, 
0.00856908, 1.00015e+06, 1.00015e+06, 1.00015e+06, 1.00121e+06, 1.00089e+06, 0.169283, 1173, 1173, 0.0672795, 0.169717, 9.2786e-18, 0.181086, 0.0664391, 0.518059, 2.28531e-05, 0.270995, 0.00148021, 9.41321e-10, 0.00192357, 2.03114e-05, 0.395801, 7.05305e-05, 9.00063e-07, 2.95119e-10, 3.05185e-12, 2.67241e-10, 6.4849e-11, 6.36045e-08, 0.329708, 0.169022, 1173, 1173, 0.0657674, 0.159853, 8.98535e-18, 0.171688, 0.0631968, 0.496384, 2.18019e-05, 0.271338, 0.00149541, 9.66984e-10, 0.00193687, 2.02513e-05, 0.394463, 7.11364e-05, 8.84419e-07, 2.91623e-10, 3.09631e-12, 2.7384e-10, 6.64587e-11, 6.33111e-08, 0.330675, 0.168435, 1173, 1173, 0.0743825, 0.164735, 9.93023e-18, 0.179612, 0.067004, 0.535346, 2.32738e-05, 0.272408, 0.00153277, 1.03177e-09, 0.00197071, 2.00277e-05, 0.390793, 7.26459e-05, 8.45333e-07, 2.82486e-10, 3.20953e-12, 2.90569e-10, 7.05318e-11, 6.23826e-08, 0.333202, 0.168671, 1173, 1173, 0.0837599, 0.15539, 1.07857e-17, 0.175041, 0.0672159, 0.555156, 2.36847e-05, 0.274809, 0.00160892, 1.16079e-09, 0.00204177, 1.95109e-05, 0.383101, 7.57584e-05, 7.70687e-07, 2.64484e-10, 3.44191e-12, 3.24142e-10, 7.87316e-11, 6.03774e-08, 0.338342, 0.137573, 1173, 1173, 0.0782395, 0.127141, 2.0973e-17, 0.216655, 0.039936, 0.515654, 2.2913e-05, 0.248346, 0.00263059, 1.42499e-09, 0.00249244, 3.27915e-05, 0.392525, 0.000107027, 5.30184e-07, 2.45742e-10, 4.19962e-12, 3.89158e-10, 1.03409e-10, 8.76947e-08, 0.353865, 
0.00857113, 1.00015e+06, 1.00015e+06, 1.00015e+06, 1.00121e+06, 1.00089e+06, 0.169244, 1173, 1173, 0.0670278, 0.169127, 9.24395e-18, 0.180441, 0.0662054, 0.516192, 2.27713e-05, 0.270995, 0.00148005, 9.41131e-10, 0.00192345, 2.03109e-05, 0.395809, 7.05243e-05, 9.00197e-07, 2.95143e-10, 3.05153e-12, 2.67193e-10, 6.48369e-11, 6.36044e-08, 0.3297, 0.16909, 1173, 1173, 0.0665511, 0.161799, 9.09241e-18, 0.173765, 0.063964, 0.502365, 2.20652e-05, 0.271338, 0.00149525, 9.66793e-10, 0.00193674, 2.02508e-05, 0.394471, 7.11301e-05, 8.84552e-07, 2.91648e-10, 3.09598e-12, 2.73792e-10, 6.64464e-11, 6.33108e-08, 0.330667, 0.168444, 1173, 1173, 0.0743689, 0.164748, 9.92831e-18, 0.179611, 0.0670063, 0.535316, 2.32732e-05, 0.272407, 0.0015326, 1.03157e-09, 0.00197058, 2.00272e-05, 0.390802, 7.26393e-05, 8.45464e-07, 2.82511e-10, 3.20917e-12, 2.90518e-10, 7.05188e-11, 6.23825e-08, 0.333194, 0.16867, 1173, 1173, 0.0851747, 0.158059, 1.09676e-17, 0.178032, 0.0683665, 0.564604, 2.40885e-05, 0.274809, 0.00160872, 1.16056e-09, 0.00204162, 1.95106e-05, 0.383112, 7.57508e-05, 7.70824e-07, 2.64512e-10, 3.44147e-12, 3.24082e-10, 7.87162e-11, 6.03779e-08, 0.338333, 0.13854, 1173, 1173, 0.0794638, 0.129167, 2.1304e-17, 0.220106, 0.0405669, 0.523795, 2.32758e-05, 0.24834, 0.00263051, 1.42475e-09, 0.00249235, 3.27947e-05, 0.392539, 0.000107024, 5.30246e-07, 2.45768e-10, 4.19902e-12, 3.89091e-10, 1.03392e-10, 8.7703e-08, 0.353857, 
0.00857319, 1.00015e+06, 1.00015e+06, 1.00015e+06, 1.0012e+06, 1.00089e+06, 0.169288, 1173, 1173, 0.0673356, 0.169948, 9.28645e-18, 0.181302, 0.0665242, 0.518633, 2.28796e-05, 0.270995, 0.00147988, 9.40941e-10, 0.00192332, 2.03104e-05, 0.395817, 7.05181e-05, 9.00331e-07, 2.95168e-10, 3.05121e-12, 2.67145e-10, 6.48248e-11, 6.36042e-08, 0.329693, 0.169029, 1173, 1173, 0.0661695, 0.160913, 9.04026e-18, 0.172799, 0.0636112, 0.499551, 2.19421e-05, 0.271338, 0.00149508, 9.66602e-10, 0.00193662, 2.02502e-05, 0.394479, 7.11238e-05, 8.84684e-07, 2.91672e-10, 3.09565e-12, 2.73743e-10, 6.64342e-11, 6.33106e-08, 0.33066, 0.16844, 1173, 1173, 0.0741609, 0.164329, 9.90043e-18, 0.179139, 0.0668334, 0.533886, 2.32117e-05, 0.272407, 0.00153242, 1.03137e-09, 0.00197045, 2.00266e-05, 0.39081, 7.26326e-05, 8.45596e-07, 2.82536e-10, 3.20881e-12, 2.90467e-10, 7.05058e-11, 6.23823e-08, 0.333186, 0.168676, 1173, 1173, 0.0830756, 0.154207, 1.06971e-17, 0.173678, 0.0666964, 0.550759, 2.34986e-05, 0.274808, 0.00160852, 1.16032e-09, 0.00204147, 1.95103e-05, 0.383122, 7.57433e-05, 7.70961e-07, 2.6454e-10, 3.44102e-12, 3.24022e-10, 7.87009e-11, 6.03785e-08, 0.338324, 0.137564, 1173, 1173, 0.0786183, 0.127828, 2.10801e-17, 0.217825, 0.0401412, 0.518293, 2.30324e-05, 0.248334, 0.00263042, 1.4245e-09, 0.00249225, 3.27979e-05, 0.392553, 0.00010702, 5.30309e-07, 2.45794e-10, 4.19843e-12, 3.89024e-10, 1.03374e-10, 8.77114e-08, 0.35385, 
0.00857525, 1.00015e+06, 1.00015e+06, 1.00015e+06, 1.0012e+06, 1.00089e+06, 0.16925, 1173, 1173, 0.067178, 0.169595, 9.26475e-18, 0.180911, 0.0663833, 0.517489, 2.28297e-05, 0.270995, 0.00147972, 9.40751e-10, 0.00192319, 2.03099e-05, 0.395825, 7.05119e-05, 9.00465e-07, 2.95193e-10, 3.05089e-12, 2.67097e-10, 6.48127e-11, 6.3604e-08, 0.329685, 0.169096, 1173, 1173, 0.0669032, 0.16274, 9.14049e-18, 0.174745, 0.0643306, 0.505156, 2.21889e-05, 0.271337, 0.00149491, 9.66411e-10, 0.00193649, 2.02497e-05, 0.394487, 7.11175e-05, 8.84816e-07, 2.91697e-10, 3.09533e-12, 2.73695e-10, 6.64219e-11, 6.33103e-08, 0.330652, 0.168449, 1173, 1173, 0.0742155, 0.164493, 9.90762e-18, 0.179303, 0.0668972, 0.534347, 2.32323e-05, 0.272407, 0.00153225, 1.03117e-09, 0.00197031, 2.00261e-05, 0.390819, 7.2626e-05, 8.45728e-07, 2.82561e-10, 3.20846e-12, 2.90416e-10, 7.04927e-11, 6.23822e-08, 0.333178, 0.168675, 1173, 1173, 0.083511, 0.155059, 1.0753e-17, 0.174621, 0.0670609, 0.553715, 2.36255e-05, 0.274807, 0.00160832, 1.16009e-09, 0.00204132, 1.951e-05, 0.383133, 7.57358e-05, 7.71097e-07, 2.64568e-10, 3.44058e-12, 3.23962e-10, 7.86855e-11, 6.0379e-08, 0.338314, 0.13853, 1173, 1173, 0.0798665, 0.129894, 2.14175e-17, 0.221345, 0.0407845, 0.526594, 2.34024e-05, 0.248328, 0.00263034, 1.42425e-09, 0.00249216, 3.28011e-05, 0.392567, 0.000107016, 5.30372e-07, 2.4582e-10, 4.19783e-12, 3.88957e-10, 1.03357e-10, 8.77197e-08, 0.353842, 
0.0085773, 1.00015e+06, 1.00015e+06, 1.00015e+06, 1.0012e+06, 1.00089e+06, 0.169294, 1173, 1173, 0.0672705, 0.169873, 9.27756e-18, 0.181193, 0.0664896, 0.518272, 2.28649e-05, 0.270994, 0.00147956, 9.40561e-10, 0.00192307, 2.03094e-05, 0.395833, 7.05057e-05, 9.00599e-07, 2.95218e-10, 3.05057e-12, 2.67048e-10, 6.48006e-11, 6.36038e-08, 0.329678, 0.169035, 1173, 1173, 0.0661446, 0.160936, 9.03684e-18, 0.172794, 0.0636152, 0.499494, 2.19408e-05, 0.271337, 0.00149475, 9.6622e-10, 0.00193636, 2.02491e-05, 0.394495, 7.11112e-05, 8.84949e-07, 2.91721e-10, 3.095e-12, 2.73646e-10, 6.64097e-11, 6.33101e-08, 0.330644, 0.168446, 1173, 1173, 0.0742195, 0.164545, 9.90804e-18, 0.179343, 0.0669153, 0.534444, 2.32371e-05, 0.272407, 0.00153207, 1.03097e-09, 0.00197018, 2.00256e-05, 0.390827, 7.26194e-05, 8.45859e-07, 2.82586e-10, 3.2081e-12, 2.90365e-10, 7.04797e-11, 6.2382e-08, 0.33317, 0.168683, 1173, 1173, 0.0836947, 0.155444, 1.07764e-17, 0.175039, 0.0672235, 0.555004, 2.36812e-05, 0.274806, 0.00160812, 1.15986e-09, 0.00204116, 1.95096e-05, 0.383143, 7.57283e-05, 7.71233e-07, 2.64596e-10, 3.44014e-12, 3.23902e-10, 7.86701e-11, 6.03795e-08, 0.338305, 0.137554, 1173, 1173, 0.0784733, 0.127664, 2.10467e-17, 0.217544, 0.040079, 0.517479, 2.29984e-05, 0.248322, 0.00263025, 1.42401e-09, 0.00249207, 3.28043e-05, 0.392581, 0.000107012, 5.30434e-07, 2.45846e-10, 4.19724e-12, 3.8889e-10, 1.03339e-10, 8.77281e-08, 0.353834, 
0.00857936, 1.00015e+06, 1.00015e+06, 1.00015e+06, 1.0012e+06, 1.00089e+06, 0.169256, 1173, 1173, 0.0673865, 0.170211, 9.2936e-18, 0.181538, 0.066619, 0.519236, 2.2908e-05, 0.270994, 0.0014794, 9.40371e-10, 0.00192294, 2.03088e-05, 0.395842, 7.04995e-05, 9.00733e-07, 2.95243e-10, 3.05025e-12, 2.67e-10, 6.47885e-11, 6.36036e-08, 0.32967, 0.1691, 1173, 1173, 0.0659742, 0.160563, 9.01356e-18, 0.172379, 0.0634653, 0.498273, 2.18877e-05, 0.271337, 0.00149458, 9.66029e-10, 0.00193623, 2.02486e-05, 0.394503, 7.11049e-05, 8.85081e-07, 2.91746e-10, 3.09467e-12, 2.73598e-10, 6.63974e-11, 6.33098e-08, 0.330637, 0.168455, 1173, 1173, 0.0743195, 0.164809, 9.92128e-18, 0.179616, 0.06702, 0.535231, 2.3272e-05, 0.272407, 0.00153189, 1.03077e-09, 0.00197004, 2.00251e-05, 0.390836, 7.26127e-05, 8.45991e-07, 2.82611e-10, 3.20774e-12, 2.90314e-10, 7.04667e-11, 6.23819e-08, 0.333162, 0.168681, 1173, 1173, 0.0836499, 0.155404, 1.07704e-17, 0.174979, 0.0672025, 0.554777, 2.36722e-05, 0.274806, 0.00160792, 1.15963e-09, 0.00204101, 1.95093e-05, 0.383154, 7.57208e-05, 7.7137e-07, 2.64624e-10, 3.4397e-12, 3.23842e-10, 7.86547e-11, 6.03801e-08, 0.338296, 0.13852, 1173, 1173, 0.0790698, 0.128671, 2.12094e-17, 0.219258, 0.0403896, 0.521483, 2.31775e-05, 0.248316, 0.00263016, 1.42376e-09, 0.00249198, 3.28075e-05, 0.392595, 0.000107009, 5.30497e-07, 2.45872e-10, 4.19664e-12, 3.88823e-10, 1.03322e-10, 8.77364e-08, 0.353826, 
0.00858141, 1.00015e+06, 1.00015e+06, 1.00015e+06, 1.0012e+06, 1.00089e+06, 0.1693, 1173, 1173, 0.0672334, 0.169869, 9.27253e-18, 0.181158, 0.0664825, 0.518127, 2.28597e-05, 0.270994, 0.00147923, 9.40181e-10, 0.00192281, 2.03083e-05, 0.39585, 7.04933e-05, 9.00867e-07, 2.95267e-10, 3.04993e-12, 2.66952e-10, 6.47764e-11, 6.36034e-08, 0.329663, 0.16904, 1173, 1173, 0.0660283, 0.160737, 9.02095e-18, 0.172551, 0.0635313, 0.498748, 2.19091e-05, 0.271337, 0.00149442, 9.65838e-10, 0.00193611, 2.02481e-05, 0.394511, 7.10986e-05, 8.85213e-07, 2.9177e-10, 3.09434e-12, 2.7355e-10, 6.63852e-11, 6.33095e-08, 0.330629, 0.168452, 1173, 1173, 0.0742889, 0.164784, 9.9171e-18, 0.179573, 0.067007, 0.535079, 2.3266e-05, 0.272407, 0.00153172, 1.03057e-09, 0.00196991, 2.00246e-05, 0.390844, 7.26061e-05, 8.46123e-07, 2.82636e-10, 3.20739e-12, 2.90263e-10, 7.04537e-11, 6.23818e-08, 0.333154, 0.168689, 1173, 1173, 0.0832184, 0.154646, 1.07147e-17, 0.174109, 0.0668707, 0.551985, 2.35538e-05, 0.274805, 0.00160772, 1.15939e-09, 0.00204086, 1.9509e-05, 0.383164, 7.57133e-05, 7.71506e-07, 2.64652e-10, 3.43926e-12, 3.23782e-10, 7.86394e-11, 6.03806e-08, 0.338287, 0.137545, 1173, 1173, 0.0792514, 0.129003, 2.12609e-17, 0.219823, 0.0404883, 0.522753, 2.3235e-05, 0.24831, 0.00263008, 1.42351e-09, 0.00249189, 3.28107e-05, 0.392609, 0.000107005, 5.30559e-07, 2.45898e-10, 4.19604e-12, 3.88756e-10, 1.03305e-10, 8.77448e-08, 0.353818, 
0.00858347, 1.00015e+06, 1.00015e+06, 1.00015e+06, 1.0012e+06, 1.00089e+06, 0.169261, 1173, 1173, 0.0670029, 0.169331, 9.24079e-18, 0.18057, 0.0662694, 0.516421, 2.2785e-05, 0.270994, 0.00147907, 9.39992e-10, 0.00192269, 2.03078e-05, 0.395858, 7.04872e-05, 9.01001e-07, 2.95292e-10, 3.04962e-12, 2.66904e-10, 6.47643e-11, 6.36032e-08, 0.329655, 0.169105, 1173, 1173, 0.0653432, 0.15911, 8.92733e-18, 0.17079, 0.0628859, 0.493637, 2.16852e-05, 0.271337, 0.00149425, 9.65647e-10, 0.00193598, 2.02475e-05, 0.394519, 7.10924e-05, 8.85344e-07, 2.91795e-10, 3.09402e-12, 2.73501e-10, 6.6373e-11, 6.33093e-08, 0.330622, 0.168461, 1173, 1173, 0.0742435, 0.164726, 9.91093e-18, 0.179495, 0.0669806, 0.53482, 2.32554e-05, 0.272406, 0.00153154, 1.03037e-09, 0.00196978, 2.00241e-05, 0.390853, 7.25995e-05, 8.46254e-07, 2.82661e-10, 3.20703e-12, 2.90212e-10, 7.04408e-11, 6.23816e-08, 0.333146, 0.168687, 1173, 1173, 0.0836146, 0.155426, 1.07655e-17, 0.174972, 0.067204, 0.554683, 2.36697e-05, 0.274804, 0.00160752, 1.15916e-09, 0.00204071, 1.95087e-05, 0.383174, 7.57058e-05, 7.71643e-07, 2.6468e-10, 3.43881e-12, 3.23723e-10, 7.8624e-11, 6.03811e-08, 0.338277, 0.138511, 1173, 1173, 0.0796037, 0.129612, 2.13582e-17, 0.220862, 0.0406743, 0.525148, 2.33426e-05, 0.248304, 0.00262999, 1.42327e-09, 0.0024918, 3.28138e-05, 0.392623, 0.000107001, 5.30622e-07, 2.45924e-10, 4.19545e-12, 3.88689e-10, 1.03287e-10, 8.77531e-08, 0.35381, 
0.00858553, 1.00015e+06, 1.00015e+06, 1.00015e+06, 1.0012e+06, 1.00089e+06, 0.169306, 1173, 1173, 0.0675092, 0.170656, 9.31066e-18, 0.181967, 0.066785, 0.520394, 2.29609e-05, 0.270993, 0.00147891, 9.39802e-10, 0.00192256, 2.03073e-05, 0.395866, 7.0481e-05, 9.01135e-07, 2.95317e-10, 3.0493e-12, 2.66856e-10, 6.47523e-11, 6.36031e-08, 0.329648, 0.169045, 1173, 1173, 0.0657492, 0.16014, 8.9828e-18, 0.171882, 0.0632905, 0.49677, 2.18234e-05, 0.271337, 0.00149409, 9.65456e-10, 0.00193585, 2.0247e-05, 0.394527, 7.10861e-05, 8.85476e-07, 2.91819e-10, 3.09369e-12, 2.73453e-10, 6.63607e-11, 6.3309e-08, 0.330614, 0.168458, 1173, 1173, 0.074394, 0.165103, 9.93091e-18, 0.179889, 0.067131, 0.535971, 2.33061e-05, 0.272406, 0.00153137, 1.03017e-09, 0.00196964, 2.00235e-05, 0.390861, 7.25929e-05, 8.46386e-07, 2.82686e-10, 3.20667e-12, 2.90161e-10, 7.04278e-11, 6.23815e-08, 0.333138, 0.168695, 1173, 1173, 0.0837586, 0.155737, 1.07838e-17, 0.175307, 0.0673347, 0.555708, 2.37142e-05, 0.274803, 0.00160732, 1.15893e-09, 0.00204056, 1.95084e-05, 0.383185, 7.56983e-05, 7.71779e-07, 2.64708e-10, 3.43837e-12, 3.23663e-10, 7.86087e-11, 6.03817e-08, 0.338268, 0.137535, 1173, 1173, 0.0795582, 0.129575, 2.13488e-17, 0.220797, 0.040657, 0.52492, 2.33335e-05, 0.248298, 0.00262991, 1.42302e-09, 0.00249171, 3.2817e-05, 0.392637, 0.000106998, 5.30684e-07, 2.4595e-10, 4.19485e-12, 3.88623e-10, 1.0327e-10, 8.77615e-08, 0.353803, 
0.00858758, 1.00015e+06, 1.00015e+06, 1.00015e+06, 1.0012e+06, 1.00089e+06, 0.169269, 1173, 1173, 0.0682505, 0.172575, 9.41294e-18, 0.183999, 0.0675334, 0.52618, 2.32168e-05, 0.270993, 0.00147875, 9.39613e-10, 0.00192243, 2.03068e-05, 0.395874, 7.04748e-05, 9.0127e-07, 2.95342e-10, 3.04898e-12, 2.66809e-10, 6.47402e-11, 6.36029e-08, 0.32964, 0.169112, 1173, 1173, 0.0659143, 0.160584, 9.00536e-18, 0.172343, 0.0634634, 0.498084, 2.18816e-05, 0.271337, 0.00149392, 9.65265e-10, 0.00193572, 2.02465e-05, 0.394535, 7.10799e-05, 8.85607e-07, 2.91843e-10, 3.09336e-12, 2.73404e-10, 6.63485e-11, 6.33088e-08, 0.330607, 0.168465, 1173, 1173, 0.0733778, 0.16289, 9.79515e-18, 0.177463, 0.0662284, 0.528717, 2.29913e-05, 0.272406, 0.00153119, 1.02997e-09, 0.00196951, 2.0023e-05, 0.39087, 7.25863e-05, 8.46517e-07, 2.82711e-10, 3.20632e-12, 2.9011e-10, 7.04148e-11, 6.23813e-08, 0.33313, 0.168693, 1173, 1173, 0.0835603, 0.155412, 1.0758e-17, 0.174925, 0.0671903, 0.554462, 2.36617e-05, 0.274803, 0.00160712, 1.1587e-09, 0.00204041, 1.95081e-05, 0.383195, 7.56907e-05, 7.71916e-07, 2.64736e-10, 3.43793e-12, 3.23603e-10, 7.85933e-11, 6.03822e-08, 0.338259, 0.138501, 1173, 1173, 0.0804342, 0.131038, 2.15867e-17, 0.22329, 0.0411107, 0.530772, 2.35948e-05, 0.248292, 0.00262982, 1.42277e-09, 0.00249162, 3.28202e-05, 0.392651, 0.000106994, 5.30747e-07, 2.45976e-10, 4.19426e-12, 3.88556e-10, 1.03252e-10, 8.77699e-08, 0.353795, 
0.00858964, 1.00015e+06, 1.00015e+06, 1.00015e+06, 1.0012e+06, 1.00089e+06, 0.169311, 1173, 1173, 0.0673504, 0.170344, 9.28886e-18, 0.181605, 0.0666576, 0.519311, 2.29143e-05, 0.270993, 0.00147858, 9.39423e-10, 0.00192231, 2.03063e-05, 0.395882, 7.04685e-05, 9.01404e-07, 2.95367e-10, 3.04866e-12, 2.66761e-10, 6.47281e-11, 6.36027e-08, 0.329632, 0.169049, 1173, 1173, 0.0645989, 0.157419, 8.82563e-18, 0.168934, 0.0622105, 0.488208, 2.14483e-05, 0.271337, 0.00149376, 9.65075e-10, 0.0019356, 2.02459e-05, 0.394543, 7.10736e-05, 8.85738e-07, 2.91868e-10, 3.09304e-12, 2.73356e-10, 6.63363e-11, 6.33085e-08, 0.330599, 0.168464, 1173, 1173, 0.0743984, 0.165198, 9.93129e-18, 0.179962, 0.0671641, 0.536139, 2.33147e-05, 0.272406, 0.00153102, 1.02977e-09, 0.00196938, 2.00225e-05, 0.390878, 7.25797e-05, 8.46648e-07, 2.82735e-10, 3.20596e-12, 2.90059e-10, 7.04018e-11, 6.23812e-08, 0.333122, 0.168701, 1173, 1173, 0.0831496, 0.154692, 1.0705e-17, 0.174098, 0.0668749, 0.551807, 2.35491e-05, 0.274802, 0.00160692, 1.15846e-09, 0.00204025, 1.95078e-05, 0.383206, 7.56833e-05, 7.72052e-07, 2.64763e-10, 3.43749e-12, 3.23543e-10, 7.8578e-11, 6.03827e-08, 0.338249, 0.137525, 1173, 1173, 0.0794487, 0.129469, 2.1325e-17, 0.220616, 0.040613, 0.524341, 2.331e-05, 0.248286, 0.00262974, 1.42252e-09, 0.00249153, 3.28234e-05, 0.392666, 0.00010699, 5.3081e-07, 2.46002e-10, 4.19366e-12, 3.88489e-10, 1.03235e-10, 8.77782e-08, 0.353787, 
0.00859169, 1.00015e+06, 1.00015e+06, 1.00015e+06, 1.0012e+06, 1.00089e+06, 0.169274, 1173, 1173, 0.0675732, 0.170953, 9.31963e-18, 0.182239, 0.066893, 0.5211, 2.29938e-05, 0.270993, 0.00147842, 9.39234e-10, 0.00192218, 2.03058e-05, 0.39589, 7.04624e-05, 9.01538e-07, 2.95392e-10, 3.04834e-12, 2.66713e-10, 6.47161e-11, 6.36025e-08, 0.329625, 0.169114, 1173, 1173, 0.0638072, 0.15553, 8.71747e-18, 0.166892, 0.0614616, 0.482289, 2.11888e-05, 0.271337, 0.00149359, 9.64884e-10, 0.00193547, 2.02454e-05, 0.39455, 7.10675e-05, 8.85869e-07, 2.91892e-10, 3.09271e-12, 2.73308e-10, 6.63241e-11, 6.33083e-08, 0.330592, 0.168472, 1173, 1173, 0.0740715, 0.164515, 9.88754e-18, 0.179203, 0.0668835, 0.533851, 2.32158e-05, 0.272406, 0.00153084, 1.02957e-09, 0.00196924, 2.0022e-05, 0.390886, 7.2573e-05, 8.4678e-07, 2.8276e-10, 3.2056e-12, 2.90008e-10, 7.03888e-11, 6.2381e-08, 0.333114, 0.168699, 1173, 1173, 0.0832926, 0.155001, 1.07231e-17, 0.174431, 0.0670048, 0.552825, 2.35933e-05, 0.274801, 0.00160673, 1.15823e-09, 0.0020401, 1.95075e-05, 0.383216, 7.56758e-05, 7.72188e-07, 2.64791e-10, 3.43705e-12, 3.23484e-10, 7.85627e-11, 6.03833e-08, 0.33824, 0.138491, 1173, 1173, 0.0788052, 0.128457, 2.1155e-17, 0.21889, 0.04029, 0.520165, 2.31255e-05, 0.24828, 0.00262965, 1.42228e-09, 0.00249144, 3.28266e-05, 0.39268, 0.000106987, 5.30872e-07, 2.46028e-10, 4.19307e-12, 3.88422e-10, 1.03218e-10, 8.77866e-08, 0.353779, 
0.00859375, 1.00015e+06, 1.00015e+06, 1.00015e+06, 1.0012e+06, 1.00089e+06, 0.169317, 1173, 1173, 0.0671995, 0.170052, 9.26813e-18, 0.181263, 0.0665379, 0.518288, 2.28704e-05, 0.270992, 0.00147826, 9.39044e-10, 0.00192205, 2.03053e-05, 0.395898, 7.04562e-05, 9.01673e-07, 2.95416e-10, 3.04802e-12, 2.66665e-10, 6.4704e-11, 6.36023e-08, 0.329617, 0.169055, 1173, 1173, 0.0647405, 0.157846, 8.84497e-18, 0.169363, 0.0623743, 0.489408, 2.15021e-05, 0.271337, 0.00149343, 9.64693e-10, 0.00193535, 2.02449e-05, 0.394558, 7.10613e-05, 8.85999e-07, 2.91916e-10, 3.09238e-12, 2.7326e-10, 6.63119e-11, 6.3308e-08, 0.330584, 0.16847, 1173, 1173, 0.0742701, 0.164999, 9.91395e-18, 0.179714, 0.0670774, 0.53535, 2.32816e-05, 0.272406, 0.00153067, 1.02937e-09, 0.00196911, 2.00215e-05, 0.390895, 7.25664e-05, 8.46911e-07, 2.82785e-10, 3.20525e-12, 2.89957e-10, 7.03759e-11, 6.23809e-08, 0.333106, 0.168707, 1173, 1173, 0.0833937, 0.155233, 1.0736e-17, 0.174676, 0.067101, 0.553566, 2.36257e-05, 0.2748, 0.00160653, 1.158e-09, 0.00203995, 1.95072e-05, 0.383226, 7.56683e-05, 7.72325e-07, 2.64819e-10, 3.43661e-12, 3.23424e-10, 7.85473e-11, 6.03838e-08, 0.338231, 0.137516, 1173, 1173, 0.0816873, 0.133192, 2.19316e-17, 0.226958, 0.0417696, 0.539263, 2.39756e-05, 0.248274, 0.00262956, 1.42203e-09, 0.00249134, 3.28298e-05, 0.392694, 0.000106983, 5.30935e-07, 2.46054e-10, 4.19247e-12, 3.88355e-10, 1.032e-10, 8.77949e-08, 0.353771, 
0.00859581, 1.00015e+06, 1.00015e+06, 1.00015e+06, 1.0012e+06, 1.00089e+06, 0.169276, 1173, 1173, 0.065516, 0.165836, 9.036e-18, 0.176754, 0.0648854, 0.505373, 2.2301e-05, 0.270992, 0.0014781, 9.38855e-10, 0.00192193, 2.03048e-05, 0.395906, 7.045e-05, 9.01806e-07, 2.95441e-10, 3.0477e-12, 2.66617e-10, 6.4692e-11, 6.36021e-08, 0.32961, 0.169123, 1173, 1173, 0.0655869, 0.159951, 8.96062e-18, 0.171607, 0.0632037, 0.495873, 2.17866e-05, 0.271336, 0.00149327, 9.64503e-10, 0.00193522, 2.02443e-05, 0.394566, 7.1055e-05, 8.8613e-07, 2.9194e-10, 3.09205e-12, 2.73211e-10, 6.62997e-11, 6.33077e-08, 0.330577, 0.168479, 1173, 1173, 0.0746695, 0.165929, 9.96716e-18, 0.180712, 0.0674528, 0.538297, 2.34104e-05, 0.272406, 0.00153049, 1.02917e-09, 0.00196898, 2.0021e-05, 0.390903, 7.25598e-05, 8.47043e-07, 2.8281e-10, 3.20489e-12, 2.89906e-10, 7.03629e-11, 6.23807e-08, 0.333098, 0.168705, 1173, 1173, 0.0827178, 0.154018, 1.06487e-17, 0.173294, 0.066572, 0.549149, 2.34379e-05, 0.2748, 0.00160633, 1.15777e-09, 0.0020398, 1.95069e-05, 0.383237, 7.56608e-05, 7.72461e-07, 2.64847e-10, 3.43617e-12, 3.23364e-10, 7.8532e-11, 6.03844e-08, 0.338221, 0.138482, 1173, 1173, 0.0773271, 0.126118, 2.07636e-17, 0.214904, 0.039546, 0.510549, 2.27001e-05, 0.248268, 0.00262948, 1.42178e-09, 0.00249125, 3.2833e-05, 0.392708, 0.000106979, 5.30997e-07, 2.4608e-10, 4.19188e-12, 3.88289e-10, 1.03183e-10, 8.78033e-08, 0.353763, 
0.00859786, 1.00015e+06, 1.00015e+06, 1.00015e+06, 1.0012e+06, 1.00089e+06, 0.169322, 1173, 1173, 0.0667337, 0.168962, 9.20399e-18, 0.180072, 0.0661061, 0.514836, 2.27192e-05, 0.270992, 0.00147794, 9.38666e-10, 0.0019218, 2.03043e-05, 0.395914, 7.04439e-05, 9.01939e-07, 2.95466e-10, 3.04739e-12, 2.66569e-10, 6.46799e-11, 6.36019e-08, 0.329602, 0.169064, 1173, 1173, 0.0663232, 0.161788, 9.0612e-18, 0.173564, 0.0639272, 0.501505, 2.20346e-05, 0.271336, 0.0014931, 9.64312e-10, 0.00193509, 2.02438e-05, 0.394574, 7.10488e-05, 8.86261e-07, 2.91964e-10, 3.09173e-12, 2.73163e-10, 6.62875e-11, 6.33075e-08, 0.330569, 0.168475, 1173, 1173, 0.0738753, 0.164207, 9.86104e-18, 0.178821, 0.0667498, 0.532639, 2.31649e-05, 0.272405, 0.00153032, 1.02897e-09, 0.00196884, 2.00205e-05, 0.390912, 7.25532e-05, 8.47175e-07, 2.82835e-10, 3.20454e-12, 2.89855e-10, 7.03499e-11, 6.23806e-08, 0.33309, 0.168713, 1173, 1173, 0.0828999, 0.1544, 1.0672e-17, 0.173708, 0.0667334, 0.550427, 2.34932e-05, 0.274799, 0.00160613, 1.15754e-09, 0.00203965, 1.95065e-05, 0.383247, 7.56533e-05, 7.72597e-07, 2.64875e-10, 3.43573e-12, 3.23305e-10, 7.85167e-11, 6.03849e-08, 0.338212, 0.137506, 1173, 1173, 0.0789082, 0.128733, 2.1191e-17, 0.219359, 0.0403605, 0.52106, 2.31685e-05, 0.248262, 0.0026294, 1.42154e-09, 0.00249116, 3.28362e-05, 0.392721, 0.000106976, 5.31059e-07, 2.46106e-10, 4.19128e-12, 3.88222e-10, 1.03165e-10, 8.78116e-08, 0.353756, 
0.00859992, 1.00015e+06, 1.00015e+06, 1.00015e+06, 1.0012e+06, 1.00089e+06, 0.169284, 1173, 1173, 0.0670614, 0.169837, 9.24924e-18, 0.180989, 0.0664456, 0.517435, 2.28345e-05, 0.270992, 0.00147777, 9.38477e-10, 0.00192168, 2.03038e-05, 0.395922, 7.04377e-05, 9.02073e-07, 2.9549e-10, 3.04707e-12, 2.66521e-10, 6.46679e-11, 6.36017e-08, 0.329595, 0.16913, 1173, 1173, 0.0661891, 0.161503, 9.04288e-18, 0.173243, 0.063812, 0.500558, 2.19936e-05, 0.271336, 0.00149294, 9.64122e-10, 0.00193497, 2.02432e-05, 0.394582, 7.10425e-05, 8.86393e-07, 2.91989e-10, 3.0914e-12, 2.73115e-10, 6.62753e-11, 6.33072e-08, 0.330561, 0.168482, 1173, 1173, 0.0729909, 0.162283, 9.74289e-18, 0.176711, 0.065965, 0.526329, 2.28912e-05, 0.272405, 0.00153014, 1.02877e-09, 0.00196871, 2.00199e-05, 0.39092, 7.25466e-05, 8.47305e-07, 2.8286e-10, 3.20418e-12, 2.89805e-10, 7.0337e-11, 6.23804e-08, 0.333082, 0.168711, 1173, 1173, 0.0827665, 0.154195, 1.06546e-17, 0.173462, 0.0666408, 0.549611, 2.3459e-05, 0.274798, 0.00160593, 1.1573e-09, 0.0020395, 1.95062e-05, 0.383257, 7.56459e-05, 7.72733e-07, 2.64902e-10, 3.43529e-12, 3.23245e-10, 7.85014e-11, 6.03854e-08, 0.338203, 0.138472, 1173, 1173, 0.0781371, 0.127511, 2.09866e-17, 0.217275, 0.0399719, 0.516038, 2.29463e-05, 0.248256, 0.00262931, 1.42129e-09, 0.00249107, 3.28394e-05, 0.392735, 0.000106972, 5.31121e-07, 2.46132e-10, 4.19069e-12, 3.88155e-10, 1.03148e-10, 8.782e-08, 0.353748, 
0.00860197, 1.00015e+06, 1.00015e+06, 1.00015e+06, 1.0012e+06, 1.00089e+06, 0.169328, 1173, 1173, 0.0669937, 0.16971, 9.23994e-18, 0.180839, 0.0663932, 0.516982, 2.28151e-05, 0.270992, 0.00147761, 9.38288e-10, 0.00192155, 2.03033e-05, 0.39593, 7.04316e-05, 9.02206e-07, 2.95515e-10, 3.04675e-12, 2.66473e-10, 6.46559e-11, 6.36016e-08, 0.329587, 0.169072, 1173, 1173, 0.0674529, 0.164629, 9.21555e-18, 0.176582, 0.0650447, 0.510182, 2.24171e-05, 0.271336, 0.00149277, 9.63932e-10, 0.00193484, 2.02427e-05, 0.39459, 7.10363e-05, 8.86525e-07, 2.92013e-10, 3.09108e-12, 2.73067e-10, 6.62631e-11, 6.3307e-08, 0.330554, 0.168481, 1173, 1173, 0.0739636, 0.164488, 9.87262e-18, 0.179097, 0.0668586, 0.533411, 2.31998e-05, 0.272405, 0.00152997, 1.02857e-09, 0.00196858, 2.00194e-05, 0.390928, 7.25401e-05, 8.47436e-07, 2.82885e-10, 3.20383e-12, 2.89754e-10, 7.0324e-11, 6.23803e-08, 0.333074, 0.168719, 1173, 1173, 0.0827064, 0.154126, 1.06466e-17, 0.173369, 0.0666073, 0.549281, 2.34457e-05, 0.274797, 0.00160573, 1.15707e-09, 0.00203935, 1.95059e-05, 0.383268, 7.56384e-05, 7.72869e-07, 2.6493e-10, 3.43485e-12, 3.23185e-10, 7.84861e-11, 6.0386e-08, 0.338194, 0.137496, 1173, 1173, 0.0794006, 0.129609, 2.13288e-17, 0.22085, 0.0406243, 0.524455, 2.33217e-05, 0.24825, 0.00262923, 1.42105e-09, 0.00249098, 3.28426e-05, 0.392749, 0.000106968, 5.31184e-07, 2.46158e-10, 4.19009e-12, 3.88089e-10, 1.03131e-10, 8.78283e-08, 0.35374, 
0.00860403, 1.00015e+06, 1.00015e+06, 1.00015e+06, 1.0012e+06, 1.00089e+06, 0.169292, 1173, 1173, 0.0681271, 0.172627, 9.39631e-18, 0.183932, 0.0675315, 0.5258, 2.32048e-05, 0.270991, 0.00147745, 9.38099e-10, 0.00192143, 2.03028e-05, 0.395939, 7.04254e-05, 9.02341e-07, 2.9554e-10, 3.04643e-12, 2.66426e-10, 6.46438e-11, 6.36014e-08, 0.32958, 0.169133, 1173, 1173, 0.0646425, 0.157811, 8.83158e-18, 0.169255, 0.0623483, 0.48899, 2.14864e-05, 0.271336, 0.00149261, 9.63741e-10, 0.00193471, 2.02422e-05, 0.394598, 7.103e-05, 8.86657e-07, 2.92038e-10, 3.09075e-12, 2.73018e-10, 6.62509e-11, 6.33067e-08, 0.330546, 0.16849, 1173, 1173, 0.0740785, 0.164786, 9.88786e-18, 0.179406, 0.066977, 0.534308, 2.32394e-05, 0.272405, 0.00152979, 1.02837e-09, 0.00196845, 2.00189e-05, 0.390937, 7.25335e-05, 8.47568e-07, 2.8291e-10, 3.20347e-12, 2.89703e-10, 7.03111e-11, 6.23801e-08, 0.333066, 0.168717, 1173, 1173, 0.0829527, 0.154629, 1.06781e-17, 0.173918, 0.0668205, 0.550987, 2.35192e-05, 0.274797, 0.00160554, 1.15684e-09, 0.0020392, 1.95056e-05, 0.383278, 7.5631e-05, 7.73005e-07, 2.64958e-10, 3.43441e-12, 3.23126e-10, 7.84708e-11, 6.03865e-08, 0.338184, 0.138463, 1173, 1173, 0.0790731, 0.12911, 2.12436e-17, 0.22, 0.0404627, 0.522363, 2.32297e-05, 0.248244, 0.00262914, 1.4208e-09, 0.00249089, 3.28457e-05, 0.392763, 0.000106965, 5.31246e-07, 2.46184e-10, 4.1895e-12, 3.88022e-10, 1.03113e-10, 8.78367e-08, 0.353732, 
0.00860609, 1.00015e+06, 1.00015e+06, 1.00015e+06, 1.0012e+06, 1.00089e+06, 0.169333, 1173, 1173, 0.0668972, 0.169555, 9.22673e-18, 0.180644, 0.0663271, 0.516378, 2.27896e-05, 0.270991, 0.00147729, 9.3791e-10, 0.0019213, 2.03023e-05, 0.395947, 7.04192e-05, 9.02475e-07, 2.95565e-10, 3.04612e-12, 2.66378e-10, 6.46318e-11, 6.36012e-08, 0.329572, 0.169076, 1173, 1173, 0.066394, 0.162129, 9.07087e-18, 0.173871, 0.0640516, 0.502305, 2.20721e-05, 0.271336, 0.00149244, 9.63551e-10, 0.00193459, 2.02416e-05, 0.394606, 7.10238e-05, 8.86788e-07, 2.92062e-10, 3.09042e-12, 2.7297e-10, 6.62387e-11, 6.33064e-08, 0.330539, 0.168487, 1173, 1173, 0.0740855, 0.164844, 9.88868e-18, 0.179454, 0.0669979, 0.534426, 2.32451e-05, 0.272405, 0.00152962, 1.02817e-09, 0.00196831, 2.00184e-05, 0.390945, 7.25269e-05, 8.47699e-07, 2.82935e-10, 3.20312e-12, 2.89652e-10, 7.02982e-11, 6.238e-08, 0.333058, 0.168725, 1173, 1173, 0.0829915, 0.154744, 1.06829e-17, 0.174033, 0.0668665, 0.551314, 2.35339e-05, 0.274796, 0.00160534, 1.15661e-09, 0.00203905, 1.95053e-05, 0.383289, 7.56235e-05, 7.73141e-07, 2.64986e-10, 3.43397e-12, 3.23066e-10, 7.84555e-11, 6.0387e-08, 0.338175, 0.137487, 1173, 1173, 0.0796854, 0.130147, 2.14109e-17, 0.221765, 0.040782, 0.52648, 2.3414e-05, 0.248238, 0.00262906, 1.42055e-09, 0.0024908, 3.28489e-05, 0.392777, 0.000106961, 5.31308e-07, 2.46209e-10, 4.18891e-12, 3.87955e-10, 1.03096e-10, 8.7845e-08, 0.353724, 
0.00860814, 1.00015e+06, 1.00015e+06, 1.00015e+06, 1.0012e+06, 1.00088e+06, 0.169296, 1173, 1173, 0.0671525, 0.170247, 9.26199e-18, 0.181366, 0.066595, 0.518419, 2.28803e-05, 0.270991, 0.00147713, 9.37721e-10, 0.00192117, 2.03018e-05, 0.395955, 7.0413e-05, 9.02609e-07, 2.95589e-10, 3.0458e-12, 2.6633e-10, 6.46198e-11, 6.3601e-08, 0.329565, 0.16914, 1173, 1173, 0.0653715, 0.159673, 8.93117e-18, 0.171223, 0.0630791, 0.494635, 2.17356e-05, 0.271336, 0.00149228, 9.63361e-10, 0.00193446, 2.02411e-05, 0.394614, 7.10176e-05, 8.86919e-07, 2.92086e-10, 3.0901e-12, 2.72922e-10, 6.62266e-11, 6.33062e-08, 0.330531, 0.168496, 1173, 1173, 0.0741085, 0.164938, 9.89165e-18, 0.17954, 0.0670332, 0.534659, 2.32559e-05, 0.272405, 0.00152944, 1.02797e-09, 0.00196818, 2.00179e-05, 0.390954, 7.25203e-05, 8.4783e-07, 2.82959e-10, 3.20276e-12, 2.89601e-10, 7.02852e-11, 6.23798e-08, 0.333051, 0.168724, 1173, 1173, 0.0830095, 0.154821, 1.0685e-17, 0.174103, 0.0668959, 0.551503, 2.35427e-05, 0.274795, 0.00160514, 1.15638e-09, 0.0020389, 1.9505e-05, 0.383299, 7.5616e-05, 7.73277e-07, 2.65013e-10, 3.43353e-12, 3.23007e-10, 7.84402e-11, 6.03876e-08, 0.338166, 0.138453, 1173, 1173, 0.0796421, 0.130112, 2.1402e-17, 0.221706, 0.0407658, 0.526266, 2.34055e-05, 0.248232, 0.00262897, 1.42031e-09, 0.00249071, 3.28521e-05, 0.392791, 0.000106957, 5.3137e-07, 2.46235e-10, 4.18831e-12, 3.87889e-10, 1.03079e-10, 8.78534e-08, 0.353716, 
0.0086102, 1.00015e+06, 1.00015e+06, 1.00015e+06, 1.0012e+06, 1.00088e+06, 0.169338, 1173, 1173, 0.0665194, 0.168686, 9.17472e-18, 0.179688, 0.0659819, 0.513601, 2.26682e-05, 0.270991, 0.00147696, 9.37532e-10, 0.00192105, 2.03012e-05, 0.395963, 7.04069e-05, 9.02743e-07, 2.95614e-10, 3.04548e-12, 2.66282e-10, 6.46078e-11, 6.36008e-08, 0.329557, 0.169081, 1173, 1173, 0.0660449, 0.161359, 9.02316e-18, 0.173017, 0.0637428, 0.499796, 2.19629e-05, 0.271336, 0.00149211, 9.63171e-10, 0.00193433, 2.02406e-05, 0.394622, 7.10114e-05, 8.8705e-07, 2.92111e-10, 3.08977e-12, 2.72874e-10, 6.62144e-11, 6.33059e-08, 0.330524, 0.168493, 1173, 1173, 0.0742429, 0.16528, 9.90948e-18, 0.179897, 0.0671693, 0.535696, 2.33017e-05, 0.272405, 0.00152927, 1.02777e-09, 0.00196805, 2.00174e-05, 0.390962, 7.25137e-05, 8.47961e-07, 2.82984e-10, 3.20241e-12, 2.89551e-10, 7.02723e-11, 6.23797e-08, 0.333043, 0.168732, 1173, 1173, 0.0830225, 0.154889, 1.06865e-17, 0.174164, 0.0669213, 0.551659, 2.35501e-05, 0.274795, 0.00160494, 1.15615e-09, 0.00203875, 1.95047e-05, 0.383309, 7.56086e-05, 7.73413e-07, 2.65041e-10, 3.4331e-12, 3.22947e-10, 7.84249e-11, 6.03881e-08, 0.338157, 0.137477, 1173, 1173, 0.0797925, 0.130395, 2.14453e-17, 0.222187, 0.0408488, 0.527332, 2.34541e-05, 0.248226, 0.00262889, 1.42006e-09, 0.00249062, 3.28553e-05, 0.392805, 0.000106954, 5.31433e-07, 2.46261e-10, 4.18772e-12, 3.87822e-10, 1.03061e-10, 8.78617e-08, 0.353709, 
0.00861225, 1.00015e+06, 1.00015e+06, 1.00015e+06, 1.0012e+06, 1.00088e+06, 0.169302, 1173, 1173, 0.0673532, 0.170845, 9.28978e-18, 0.181974, 0.0668238, 0.52011, 2.29561e-05, 0.27099, 0.0014768, 9.37344e-10, 0.00192092, 2.03007e-05, 0.395971, 7.04007e-05, 9.02876e-07, 2.95639e-10, 3.04517e-12, 2.66235e-10, 6.45958e-11, 6.36006e-08, 0.329549, 0.169147, 1173, 1173, 0.0664003, 0.162269, 9.07171e-18, 0.173978, 0.0640999, 0.502552, 2.20846e-05, 0.271336, 0.00149195, 9.62981e-10, 0.00193421, 2.024e-05, 0.39463, 7.10051e-05, 8.87182e-07, 2.92135e-10, 3.08945e-12, 2.72826e-10, 6.62022e-11, 6.33056e-08, 0.330516, 0.168503, 1173, 1173, 0.0750127, 0.167037, 1.00121e-17, 0.181794, 0.0678805, 0.541319, 2.35469e-05, 0.272404, 0.00152909, 1.02757e-09, 0.00196791, 2.00169e-05, 0.390971, 7.25071e-05, 8.48093e-07, 2.83009e-10, 3.20205e-12, 2.895e-10, 7.02594e-11, 6.23795e-08, 0.333035, 0.16873, 1173, 1173, 0.0829929, 0.154877, 1.06825e-17, 0.174135, 0.0669122, 0.551531, 2.35454e-05, 0.274794, 0.00160474, 1.15592e-09, 0.00203859, 1.95044e-05, 0.38332, 7.56011e-05, 7.73549e-07, 2.65069e-10, 3.43266e-12, 3.22888e-10, 7.84097e-11, 6.03886e-08, 0.338147, 0.138443, 1173, 1173, 0.0788977, 0.128969, 2.12076e-17, 0.219756, 0.0403967, 0.52149, 2.31953e-05, 0.24822, 0.0026288, 1.41982e-09, 0.00249053, 3.28585e-05, 0.392819, 0.00010695, 5.31495e-07, 2.46287e-10, 4.18713e-12, 3.87755e-10, 1.03044e-10, 8.78701e-08, 0.353701, 
0.00861431, 1.00015e+06, 1.00015e+06, 1.00015e+06, 1.0012e+06, 1.00088e+06, 0.169344, 1173, 1173, 0.0667416, 0.169338, 9.20547e-18, 0.180354, 0.0662317, 0.515456, 2.27513e-05, 0.27099, 0.00147664, 9.37155e-10, 0.0019208, 2.03002e-05, 0.395979, 7.03946e-05, 9.0301e-07, 2.95664e-10, 3.04485e-12, 2.66187e-10, 6.45838e-11, 6.36004e-08, 0.329542, 0.169087, 1173, 1173, 0.0661279, 0.161646, 9.0345e-18, 0.173295, 0.0638509, 0.500556, 2.19974e-05, 0.271335, 0.00149178, 9.62791e-10, 0.00193408, 2.02395e-05, 0.394638, 7.09989e-05, 8.87314e-07, 2.92159e-10, 3.08912e-12, 2.72778e-10, 6.61901e-11, 6.33054e-08, 0.330509, 0.168498, 1173, 1173, 0.0739614, 0.164739, 9.87171e-18, 0.179277, 0.0669437, 0.5338, 2.32205e-05, 0.272404, 0.00152892, 1.02737e-09, 0.00196778, 2.00163e-05, 0.390979, 7.25005e-05, 8.48225e-07, 2.83034e-10, 3.2017e-12, 2.89449e-10, 7.02464e-11, 6.23794e-08, 0.333027, 0.168738, 1173, 1173, 0.0830959, 0.155113, 1.06955e-17, 0.174384, 0.0670102, 0.552286, 2.35783e-05, 0.274793, 0.00160455, 1.15568e-09, 0.00203844, 1.95041e-05, 0.38333, 7.55936e-05, 7.73685e-07, 2.65097e-10, 3.43222e-12, 3.22828e-10, 7.83944e-11, 6.03892e-08, 0.338138, 0.137467, 1173, 1173, 0.0793186, 0.129693, 2.13235e-17, 0.22099, 0.0406181, 0.524344, 2.33233e-05, 0.248214, 0.00262872, 1.41957e-09, 0.00249044, 3.28617e-05, 0.392833, 0.000106946, 5.31557e-07, 2.46313e-10, 4.18653e-12, 3.87689e-10, 1.03027e-10, 8.78784e-08, 0.353693, 
0.00861637, 1.00015e+06, 1.00015e+06, 1.00015e+06, 1.0012e+06, 1.00088e+06, 0.169306, 1173, 1173, 0.0666099, 0.169049, 9.18736e-18, 0.18003, 0.0661158, 0.51451, 2.27101e-05, 0.27099, 0.00147648, 9.36966e-10, 0.00192067, 2.02997e-05, 0.395987, 7.03884e-05, 9.03144e-07, 2.95688e-10, 3.04453e-12, 2.66139e-10, 6.45718e-11, 6.36002e-08, 0.329534, 0.169153, 1173, 1173, 0.0662828, 0.162066, 9.05565e-18, 0.173731, 0.0640145, 0.501795, 2.20524e-05, 0.271335, 0.00149162, 9.62601e-10, 0.00193396, 2.0239e-05, 0.394646, 7.09926e-05, 8.87445e-07, 2.92184e-10, 3.0888e-12, 2.7273e-10, 6.61779e-11, 6.33051e-08, 0.330501, 0.168507, 1173, 1173, 0.074006, 0.164881, 9.87756e-18, 0.179416, 0.0669986, 0.534189, 2.3238e-05, 0.272404, 0.00152874, 1.02717e-09, 0.00196765, 2.00158e-05, 0.390987, 7.24939e-05, 8.48356e-07, 2.83059e-10, 3.20134e-12, 2.89398e-10, 7.02335e-11, 6.23792e-08, 0.333019, 0.168736, 1173, 1173, 0.0831328, 0.155225, 1.07001e-17, 0.174495, 0.0670548, 0.552601, 2.35925e-05, 0.274792, 0.00160435, 1.15545e-09, 0.00203829, 1.95038e-05, 0.38334, 7.55862e-05, 7.73822e-07, 2.65125e-10, 3.43178e-12, 3.22769e-10, 7.83791e-11, 6.03897e-08, 0.338129, 0.138434, 1173, 1173, 0.0799832, 0.130816, 2.1505e-17, 0.222903, 0.0409645, 0.52881, 2.35231e-05, 0.248208, 0.00262864, 1.41932e-09, 0.00249035, 3.28649e-05, 0.392847, 0.000106943, 5.31619e-07, 2.46339e-10, 4.18594e-12, 3.87622e-10, 1.03009e-10, 8.78868e-08, 0.353685, 
0.00861842, 1.00015e+06, 1.00015e+06, 1.00015e+06, 1.0012e+06, 1.00088e+06, 0.169349, 1173, 1173, 0.0662541, 0.16819, 9.13834e-18, 0.179101, 0.0657772, 0.511831, 2.25924e-05, 0.27099, 0.00147632, 9.36778e-10, 0.00192055, 2.02992e-05, 0.395995, 7.03823e-05, 9.03277e-07, 2.95713e-10, 3.04422e-12, 2.66092e-10, 6.45598e-11, 6.36e-08, 0.329527, 0.169093, 1173, 1173, 0.0662455, 0.162017, 9.05056e-18, 0.173664, 0.0639925, 0.501578, 2.20435e-05, 0.271335, 0.00149146, 9.62412e-10, 0.00193383, 2.02384e-05, 0.394654, 7.09864e-05, 8.87577e-07, 2.92208e-10, 3.08847e-12, 2.72682e-10, 6.61658e-11, 6.33049e-08, 0.330494, 0.168504, 1173, 1173, 0.0740203, 0.164955, 9.87936e-18, 0.179482, 0.067026, 0.53436, 2.32461e-05, 0.272404, 0.00152857, 1.02698e-09, 0.00196751, 2.00153e-05, 0.390996, 7.24873e-05, 8.48487e-07, 2.83084e-10, 3.20099e-12, 2.89348e-10, 7.02206e-11, 6.23791e-08, 0.333011, 0.168744, 1173, 1173, 0.0831251, 0.155254, 1.06989e-17, 0.174512, 0.0670635, 0.552619, 2.3594e-05, 0.274792, 0.00160415, 1.15522e-09, 0.00203814, 1.95034e-05, 0.383351, 7.55787e-05, 7.73958e-07, 2.65152e-10, 3.43134e-12, 3.22709e-10, 7.83639e-11, 6.03902e-08, 0.33812, 0.137458, 1173, 1173, 0.0798861, 0.130694, 2.14817e-17, 0.222695, 0.0409208, 0.52824, 2.34989e-05, 0.248202, 0.00262855, 1.41908e-09, 0.00249026, 3.28681e-05, 0.392861, 0.000106939, 5.31681e-07, 2.46365e-10, 4.18535e-12, 3.87556e-10, 1.02992e-10, 8.78951e-08, 0.353678, 
0.00862048, 1.00015e+06, 1.00015e+06, 1.00015e+06, 1.0012e+06, 1.00088e+06, 0.169311, 1173, 1173, 0.066145, 0.167957, 9.12333e-18, 0.178838, 0.0656834, 0.511057, 2.25589e-05, 0.270989, 0.00147616, 9.36589e-10, 0.00192042, 2.02987e-05, 0.396003, 7.03762e-05, 9.0341e-07, 2.95737e-10, 3.0439e-12, 2.66044e-10, 6.45478e-11, 6.35999e-08, 0.329519, 0.169159, 1173, 1173, 0.0661623, 0.161855, 9.03919e-18, 0.173476, 0.0639261, 0.501015, 2.20193e-05, 0.271335, 0.00149129, 9.62222e-10, 0.0019337, 2.02379e-05, 0.394662, 7.09802e-05, 8.87708e-07, 2.92232e-10, 3.08815e-12, 2.72633e-10, 6.61536e-11, 6.33046e-08, 0.330486, 0.168513, 1173, 1173, 0.0737749, 0.164451, 9.84652e-18, 0.178918, 0.0668183, 0.532656, 2.31726e-05, 0.272404, 0.0015284, 1.02678e-09, 0.00196738, 2.00148e-05, 0.391004, 7.24808e-05, 8.48618e-07, 2.83109e-10, 3.20064e-12, 2.89297e-10, 7.02077e-11, 6.23789e-08, 0.333003, 0.168742, 1173, 1173, 0.0830608, 0.155178, 1.06904e-17, 0.17441, 0.0670265, 0.552261, 2.35795e-05, 0.274791, 0.00160395, 1.15499e-09, 0.00203799, 1.95031e-05, 0.383361, 7.55713e-05, 7.74094e-07, 2.6518e-10, 3.43091e-12, 3.2265e-10, 7.83486e-11, 6.03908e-08, 0.33811, 0.138424, 1173, 1173, 0.0799927, 0.130905, 2.15132e-17, 0.223054, 0.0409814, 0.529018, 2.35346e-05, 0.248196, 0.00262847, 1.41883e-09, 0.00249017, 3.28713e-05, 0.392875, 0.000106935, 5.31743e-07, 2.46391e-10, 4.18475e-12, 3.87489e-10, 1.02975e-10, 8.79035e-08, 0.35367, 
0.00862253, 1.00015e+06, 1.00015e+06, 1.00015e+06, 1.0012e+06, 1.00088e+06, 0.169355, 1173, 1173, 0.0663478, 0.168516, 9.15136e-18, 0.179419, 0.0658995, 0.512694, 2.26317e-05, 0.270989, 0.001476, 9.36401e-10, 0.0019203, 2.02982e-05, 0.396011, 7.03701e-05, 9.03543e-07, 2.95762e-10, 3.04358e-12, 2.65996e-10, 6.45358e-11, 6.35997e-08, 0.329512, 0.169098, 1173, 1173, 0.0660198, 0.161548, 9.01972e-18, 0.173133, 0.0638025, 0.500002, 2.19753e-05, 0.271335, 0.00149113, 9.62032e-10, 0.00193358, 2.02373e-05, 0.39467, 7.0974e-05, 8.8784e-07, 2.92256e-10, 3.08783e-12, 2.72585e-10, 6.61415e-11, 6.33043e-08, 0.330479, 0.16851, 1173, 1173, 0.0739436, 0.164869, 9.86892e-18, 0.179358, 0.0669856, 0.533942, 2.32291e-05, 0.272404, 0.00152822, 1.02658e-09, 0.00196725, 2.00143e-05, 0.391013, 7.24742e-05, 8.48749e-07, 2.83134e-10, 3.20028e-12, 2.89246e-10, 7.01948e-11, 6.23788e-08, 0.332995, 0.16875, 1173, 1173, 0.0830309, 0.155165, 1.06864e-17, 0.174381, 0.0670172, 0.552132, 2.35747e-05, 0.27479, 0.00160375, 1.15476e-09, 0.00203784, 1.95028e-05, 0.383371, 7.55638e-05, 7.74231e-07, 2.65208e-10, 3.43047e-12, 3.2259e-10, 7.83334e-11, 6.03913e-08, 0.338101, 0.137448, 1173, 1173, 0.0799605, 0.130889, 2.15073e-17, 0.223026, 0.0409709, 0.528877, 2.35295e-05, 0.24819, 0.00262838, 1.41859e-09, 0.00249008, 3.28745e-05, 0.392889, 0.000106932, 5.31806e-07, 2.46416e-10, 4.18416e-12, 3.87423e-10, 1.02957e-10, 8.79118e-08, 0.353662, 
0.00862459, 1.00015e+06, 1.00015e+06, 1.00015e+06, 1.0012e+06, 1.00088e+06, 0.169318, 1173, 1173, 0.0670629, 0.170377, 9.25005e-18, 0.181385, 0.0666245, 0.51829, 2.28793e-05, 0.270989, 0.00147584, 9.36213e-10, 0.00192017, 2.02977e-05, 0.396019, 7.03639e-05, 9.03676e-07, 2.95787e-10, 3.04327e-12, 2.65949e-10, 6.45238e-11, 6.35995e-08, 0.329504, 0.169164, 1173, 1173, 0.0659665, 0.161459, 9.01243e-18, 0.173023, 0.0637649, 0.499663, 2.1961e-05, 0.271335, 0.00149096, 9.61843e-10, 0.00193345, 2.02368e-05, 0.394678, 7.09677e-05, 8.87971e-07, 2.92281e-10, 3.0875e-12, 2.72537e-10, 6.61294e-11, 6.33041e-08, 0.330471, 0.168519, 1173, 1173, 0.0739433, 0.164911, 9.86878e-18, 0.179388, 0.0669998, 0.534007, 2.32326e-05, 0.272404, 0.00152805, 1.02638e-09, 0.00196712, 2.00138e-05, 0.391021, 7.24676e-05, 8.48881e-07, 2.83158e-10, 3.19993e-12, 2.89196e-10, 7.01819e-11, 6.23786e-08, 0.332987, 0.168748, 1173, 1173, 0.0828563, 0.154882, 1.06637e-17, 0.174047, 0.0668912, 0.551041, 2.35288e-05, 0.274789, 0.00160356, 1.15453e-09, 0.00203769, 1.95025e-05, 0.383382, 7.55563e-05, 7.74367e-07, 2.65236e-10, 3.43003e-12, 3.22531e-10, 7.83181e-11, 6.03918e-08, 0.338092, 0.138414, 1173, 1173, 0.0792723, 0.129799, 2.1325e-17, 0.221168, 0.0406243, 0.524397, 2.33312e-05, 0.248184, 0.0026283, 1.41834e-09, 0.00248999, 3.28777e-05, 0.392903, 0.000106928, 5.31868e-07, 2.46442e-10, 4.18357e-12, 3.87356e-10, 1.0294e-10, 8.79202e-08, 0.353654, 
0.00862664, 1.00015e+06, 1.00015e+06, 1.00015e+06, 1.0012e+06, 1.00088e+06, 0.169362, 1173, 1173, 0.0669308, 0.170086, 9.23188e-18, 0.181061, 0.0665081, 0.51734, 2.28379e-05, 0.270989, 0.00147567, 9.36024e-10, 0.00192004, 2.02972e-05, 0.396027, 7.03578e-05, 9.0381e-07, 2.95811e-10, 3.04295e-12, 2.65901e-10, 6.45118e-11, 6.35993e-08, 0.329497, 0.169105, 1173, 1173, 0.0665279, 0.162875, 9.08912e-18, 0.174526, 0.0643216, 0.503982, 2.21514e-05, 0.271335, 0.0014908, 9.61653e-10, 0.00193332, 2.02363e-05, 0.394685, 7.09615e-05, 8.88102e-07, 2.92305e-10, 3.08718e-12, 2.72489e-10, 6.61172e-11, 6.33038e-08, 0.330464, 0.168516, 1173, 1173, 0.0739441, 0.164956, 9.8688e-18, 0.179421, 0.0670151, 0.534081, 2.32364e-05, 0.272403, 0.00152787, 1.02618e-09, 0.00196698, 2.00133e-05, 0.391029, 7.24611e-05, 8.49012e-07, 2.83183e-10, 3.19958e-12, 2.89145e-10, 7.0169e-11, 6.23785e-08, 0.332979, 0.168756, 1173, 1173, 0.0829399, 0.155082, 1.06742e-17, 0.174256, 0.0669735, 0.551666, 2.35562e-05, 0.274789, 0.00160336, 1.1543e-09, 0.00203754, 1.95022e-05, 0.383392, 7.55489e-05, 7.74503e-07, 2.65264e-10, 3.4296e-12, 3.22472e-10, 7.83029e-11, 6.03924e-08, 0.338083, 0.137439, 1173, 1173, 0.0803441, 0.131591, 2.16162e-17, 0.22422, 0.0411796, 0.53156, 2.36511e-05, 0.248178, 0.00262822, 1.4181e-09, 0.0024899, 3.28809e-05, 0.392917, 0.000106924, 5.3193e-07, 2.46468e-10, 4.18298e-12, 3.8729e-10, 1.02923e-10, 8.79285e-08, 0.353646, 
0.0086287, 1.00015e+06, 1.00015e+06, 1.00015e+06, 1.0012e+06, 1.00088e+06, 0.169322, 1173, 1173, 0.0662275, 0.168343, 9.13492e-18, 0.17919, 0.0658238, 0.511973, 2.26016e-05, 0.270988, 0.00147551, 9.35836e-10, 0.00191992, 2.02967e-05, 0.396035, 7.03516e-05, 9.03944e-07, 2.95836e-10, 3.04263e-12, 2.65853e-10, 6.44999e-11, 6.35991e-08, 0.329489, 0.169169, 1173, 1173, 0.065523, 0.160456, 8.95183e-18, 0.17192, 0.0633639, 0.496435, 2.18202e-05, 0.271335, 0.00149064, 9.61464e-10, 0.0019332, 2.02357e-05, 0.394693, 7.09553e-05, 8.88233e-07, 2.92329e-10, 3.08685e-12, 2.72441e-10, 6.61051e-11, 6.33035e-08, 0.330456, 0.168525, 1173, 1173, 0.0740263, 0.165182, 9.87966e-18, 0.179652, 0.0671041, 0.534742, 2.32658e-05, 0.272403, 0.0015277, 1.02598e-09, 0.00196685, 2.00128e-05, 0.391038, 7.24545e-05, 8.49143e-07, 2.83208e-10, 3.19922e-12, 2.89094e-10, 7.01561e-11, 6.23783e-08, 0.332971, 0.168754, 1173, 1173, 0.0826228, 0.154532, 1.06332e-17, 0.173623, 0.0667322, 0.549625, 2.34698e-05, 0.274788, 0.00160316, 1.15407e-09, 0.00203739, 1.95019e-05, 0.383402, 7.55415e-05, 7.74639e-07, 2.65291e-10, 3.42916e-12, 3.22412e-10, 7.82877e-11, 6.03929e-08, 0.338073, 0.138405, 1173, 1173, 0.0795621, 0.130347, 2.14086e-17, 0.2221, 0.0407848, 0.526458, 2.34252e-05, 0.248172, 0.00262813, 1.41785e-09, 0.00248981, 3.28841e-05, 0.392931, 0.000106921, 5.31992e-07, 2.46494e-10, 4.18239e-12, 3.87223e-10, 1.02905e-10, 8.79369e-08, 0.353639, 
0.00863076, 1.00015e+06, 1.00015e+06, 1.00015e+06, 1.0012e+06, 1.00088e+06, 0.169367, 1173, 1173, 0.0665872, 0.169302, 9.1846e-18, 0.180196, 0.0661961, 0.514824, 2.2728e-05, 0.270988, 0.00147535, 9.35648e-10, 0.00191979, 2.02962e-05, 0.396043, 7.03455e-05, 9.04077e-07, 2.95861e-10, 3.04232e-12, 2.65806e-10, 6.44879e-11, 6.35989e-08, 0.329482, 0.169111, 1173, 1173, 0.06648, 0.162842, 9.08257e-18, 0.174461, 0.0643035, 0.503753, 2.21424e-05, 0.271335, 0.00149047, 9.61274e-10, 0.00193307, 2.02352e-05, 0.394701, 7.09491e-05, 8.88365e-07, 2.92354e-10, 3.08653e-12, 2.72393e-10, 6.6093e-11, 6.33033e-08, 0.330449, 0.168521, 1173, 1173, 0.0739235, 0.164995, 9.86584e-18, 0.179433, 0.0670254, 0.534067, 2.32371e-05, 0.272403, 0.00152753, 1.02578e-09, 0.00196672, 2.00122e-05, 0.391046, 7.24479e-05, 8.49274e-07, 2.83233e-10, 3.19887e-12, 2.89044e-10, 7.01432e-11, 6.23782e-08, 0.332963, 0.168762, 1173, 1173, 0.082456, 0.154263, 1.06115e-17, 0.173305, 0.0666123, 0.548585, 2.34261e-05, 0.274787, 0.00160296, 1.15384e-09, 0.00203724, 1.95016e-05, 0.383413, 7.5534e-05, 7.74775e-07, 2.65319e-10, 3.42872e-12, 3.22353e-10, 7.82725e-11, 6.03934e-08, 0.338064, 0.137429, 1173, 1173, 0.079902, 0.13094, 2.15029e-17, 0.22311, 0.040965, 0.52878, 2.35296e-05, 0.248166, 0.00262805, 1.4176e-09, 0.00248972, 3.28873e-05, 0.392945, 0.000106917, 5.32054e-07, 2.4652e-10, 4.18179e-12, 3.87157e-10, 1.02888e-10, 8.79452e-08, 0.353631, 
0.00863281, 1.00015e+06, 1.00015e+06, 1.00015e+06, 1.0012e+06, 1.00088e+06, 0.169328, 1173, 1173, 0.0663474, 0.168737, 9.15158e-18, 0.17958, 0.0659723, 0.51304, 2.26498e-05, 0.270988, 0.00147519, 9.3546e-10, 0.00191967, 2.02957e-05, 0.396051, 7.03394e-05, 9.0421e-07, 2.95885e-10, 3.042e-12, 2.65758e-10, 6.44759e-11, 6.35987e-08, 0.329474, 0.169176, 1173, 1173, 0.0662575, 0.162339, 9.05217e-18, 0.173908, 0.0641023, 0.502133, 2.20718e-05, 0.271334, 0.00149031, 9.61085e-10, 0.00193294, 2.02347e-05, 0.394709, 7.09429e-05, 8.88496e-07, 2.92378e-10, 3.08621e-12, 2.72346e-10, 6.60809e-11, 6.3303e-08, 0.330441, 0.16853, 1173, 1173, 0.073975, 0.165153, 9.87262e-18, 0.179589, 0.0670866, 0.534506, 2.32568e-05, 0.272403, 0.00152735, 1.02558e-09, 0.00196659, 2.00117e-05, 0.391054, 7.24414e-05, 8.49405e-07, 2.83258e-10, 3.19852e-12, 2.88993e-10, 7.01304e-11, 6.2378e-08, 0.332955, 0.16876, 1173, 1173, 0.0824873, 0.154365, 1.06154e-17, 0.173404, 0.0666523, 0.548863, 2.34387e-05, 0.274786, 0.00160277, 1.15361e-09, 0.00203709, 1.95013e-05, 0.383423, 7.55266e-05, 7.74911e-07, 2.65347e-10, 3.42829e-12, 3.22294e-10, 7.82572e-11, 6.03939e-08, 0.338055, 0.138395, 1173, 1173, 0.0805632, 0.132061, 2.16837e-17, 0.225019, 0.0413101, 0.533228, 2.37287e-05, 0.24816, 0.00262796, 1.41736e-09, 0.00248963, 3.28904e-05, 0.392959, 0.000106914, 5.32116e-07, 2.46546e-10, 4.1812e-12, 3.8709e-10, 1.02871e-10, 8.79536e-08, 0.353623, 
0.00863487, 1.00015e+06, 1.00015e+06, 1.00015e+06, 1.0012e+06, 1.00088e+06, 0.169372, 1173, 1173, 0.0662163, 0.168447, 9.13355e-18, 0.179257, 0.0658566, 0.512096, 2.26087e-05, 0.270988, 0.00147503, 9.35272e-10, 0.00191954, 2.02952e-05, 0.396059, 7.03333e-05, 9.04343e-07, 2.9591e-10, 3.04169e-12, 2.65711e-10, 6.4464e-11, 6.35985e-08, 0.329467, 0.169116, 1173, 1173, 0.066333, 0.162566, 9.06248e-18, 0.174136, 0.0641894, 0.502771, 2.21004e-05, 0.271334, 0.00149014, 9.60896e-10, 0.00193282, 2.02341e-05, 0.394717, 7.09366e-05, 8.88628e-07, 2.92402e-10, 3.08588e-12, 2.72298e-10, 6.60688e-11, 6.33027e-08, 0.330433, 0.168527, 1173, 1173, 0.0740515, 0.165366, 9.88273e-18, 0.179806, 0.0671706, 0.535127, 2.32845e-05, 0.272403, 0.00152718, 1.02538e-09, 0.00196645, 2.00112e-05, 0.391063, 7.24348e-05, 8.49536e-07, 2.83283e-10, 3.19816e-12, 2.88943e-10, 7.01175e-11, 6.23779e-08, 0.332947, 0.168768, 1173, 1173, 0.0824592, 0.154356, 1.06116e-17, 0.173378, 0.0666444, 0.548745, 2.34344e-05, 0.274786, 0.00160257, 1.15338e-09, 0.00203694, 1.9501e-05, 0.383433, 7.55192e-05, 7.75047e-07, 2.65375e-10, 3.42785e-12, 3.22234e-10, 7.8242e-11, 6.03945e-08, 0.338046, 0.137419, 1173, 1173, 0.0804024, 0.131834, 2.16433e-17, 0.224632, 0.0412337, 0.532237, 2.36857e-05, 0.248154, 0.00262788, 1.41711e-09, 0.00248954, 3.28936e-05, 0.392973, 0.00010691, 5.32178e-07, 2.46571e-10, 4.18061e-12, 3.87024e-10, 1.02854e-10, 8.79619e-08, 0.353615, 
0.00863692, 1.00015e+06, 1.00015e+06, 1.00015e+06, 1.0012e+06, 1.00088e+06, 0.169334, 1173, 1173, 0.0661074, 0.168214, 9.11858e-18, 0.178994, 0.0657629, 0.511323, 2.25752e-05, 0.270988, 0.00147487, 9.35084e-10, 0.00191942, 2.02947e-05, 0.396067, 7.03272e-05, 9.04476e-07, 2.95934e-10, 3.04137e-12, 2.65663e-10, 6.4452e-11, 6.35983e-08, 0.32946, 0.169183, 1173, 1173, 0.0671864, 0.164699, 9.17905e-18, 0.176407, 0.0650294, 0.509306, 2.23882e-05, 0.271334, 0.00148998, 9.60706e-10, 0.00193269, 2.02336e-05, 0.394725, 7.09304e-05, 8.88759e-07, 2.92426e-10, 3.08556e-12, 2.7225e-10, 6.60567e-11, 6.33025e-08, 0.330426, 0.168536, 1173, 1173, 0.0738005, 0.164848, 9.84914e-18, 0.179227, 0.0669574, 0.533381, 2.32091e-05, 0.272403, 0.001527, 1.02518e-09, 0.00196632, 2.00107e-05, 0.391071, 7.24282e-05, 8.49667e-07, 2.83307e-10, 3.19781e-12, 2.88892e-10, 7.01046e-11, 6.23777e-08, 0.33294, 0.168766, 1173, 1173, 0.08234, 0.154176, 1.0596e-17, 0.173161, 0.0665629, 0.548021, 2.34042e-05, 0.274785, 0.00160237, 1.15315e-09, 0.00203679, 1.95007e-05, 0.383444, 7.55117e-05, 7.75183e-07, 2.65402e-10, 3.42741e-12, 3.22175e-10, 7.82268e-11, 6.0395e-08, 0.338036, 0.138386, 1173, 1173, 0.0807476, 0.132437, 2.1739e-17, 0.225659, 0.0414168, 0.534595, 2.37917e-05, 0.248148, 0.0026278, 1.41687e-09, 0.00248945, 3.28968e-05, 0.392987, 0.000106906, 5.3224e-07, 2.46597e-10, 4.18002e-12, 3.86957e-10, 1.02836e-10, 8.79703e-08, 0.353607, 
0.00863898, 1.00015e+06, 1.00015e+06, 1.00015e+06, 1.0012e+06, 1.00088e+06, 0.169378, 1173, 1173, 0.0663242, 0.16881, 9.14854e-18, 0.179614, 0.0659932, 0.513069, 2.26529e-05, 0.270987, 0.00147471, 9.34896e-10, 0.00191929, 2.02942e-05, 0.396075, 7.03211e-05, 9.04609e-07, 2.95959e-10, 3.04106e-12, 2.65616e-10, 6.44401e-11, 6.35981e-08, 0.329452, 0.169122, 1173, 1173, 0.0660716, 0.162008, 9.02673e-18, 0.173511, 0.0639644, 0.500921, 2.20202e-05, 0.271334, 0.00148982, 9.60517e-10, 0.00193257, 2.02331e-05, 0.394733, 7.09242e-05, 8.88891e-07, 2.92451e-10, 3.08524e-12, 2.72202e-10, 6.60446e-11, 6.33022e-08, 0.330418, 0.168532, 1173, 1173, 0.073374, 0.163938, 9.79212e-18, 0.178223, 0.0665849, 0.530366, 2.30785e-05, 0.272402, 0.00152683, 1.02499e-09, 0.00196619, 2.00102e-05, 0.39108, 7.24217e-05, 8.49798e-07, 2.83332e-10, 3.19746e-12, 2.88841e-10, 7.00917e-11, 6.23776e-08, 0.332932, 0.168774, 1173, 1173, 0.082381, 0.154296, 1.06011e-17, 0.17328, 0.0666107, 0.548363, 2.34195e-05, 0.274784, 0.00160218, 1.15292e-09, 0.00203664, 1.95004e-05, 0.383454, 7.55043e-05, 7.75319e-07, 2.6543e-10, 3.42698e-12, 3.22116e-10, 7.82116e-11, 6.03955e-08, 0.338027, 0.13741, 1173, 1173, 0.0808665, 0.132669, 2.17739e-17, 0.226055, 0.0414839, 0.535456, 2.38312e-05, 0.248142, 0.00262771, 1.41662e-09, 0.00248936, 3.29e-05, 0.393001, 0.000106903, 5.32303e-07, 2.46623e-10, 4.17943e-12, 3.86891e-10, 1.02819e-10, 8.79786e-08, 0.3536, 
0.00864104, 1.00015e+06, 1.00015e+06, 1.00015e+06, 1.0012e+06, 1.00088e+06, 0.16934, 1173, 1173, 0.066436, 0.169139, 9.16401e-18, 0.179949, 0.0661191, 0.514004, 2.26947e-05, 0.270987, 0.00147455, 9.34709e-10, 0.00191917, 2.02937e-05, 0.396083, 7.0315e-05, 9.04742e-07, 2.95983e-10, 3.04074e-12, 2.65568e-10, 6.44281e-11, 6.35979e-08, 0.329445, 0.169188, 1173, 1173, 0.066561, 0.163251, 9.09359e-18, 0.174826, 0.0644523, 0.504698, 2.21868e-05, 0.271334, 0.00148965, 9.60328e-10, 0.00193244, 2.02325e-05, 0.394741, 7.0918e-05, 8.89022e-07, 2.92475e-10, 3.08492e-12, 2.72154e-10, 6.60325e-11, 6.3302e-08, 0.330411, 0.168541, 1173, 1173, 0.0736256, 0.164542, 9.8256e-18, 0.178864, 0.0668276, 0.532251, 2.31612e-05, 0.272402, 0.00152666, 1.02479e-09, 0.00196606, 2.00097e-05, 0.391088, 7.24152e-05, 8.49929e-07, 2.83357e-10, 3.19711e-12, 2.88791e-10, 7.00789e-11, 6.23774e-08, 0.332924, 0.168772, 1173, 1173, 0.0823378, 0.154258, 1.05953e-17, 0.173222, 0.0665905, 0.548144, 2.34109e-05, 0.274783, 0.00160198, 1.15269e-09, 0.00203649, 1.95001e-05, 0.383464, 7.54969e-05, 7.75455e-07, 2.65458e-10, 3.42654e-12, 3.22057e-10, 7.81964e-11, 6.03961e-08, 0.338018, 0.138376, 1173, 1173, 0.0804981, 0.132102, 2.16776e-17, 0.225087, 0.0413009, 0.533089, 2.3727e-05, 0.248136, 0.00262763, 1.41638e-09, 0.00248927, 3.29032e-05, 0.393015, 0.000106899, 5.32365e-07, 2.46649e-10, 4.17884e-12, 3.86825e-10, 1.02802e-10, 8.7987e-08, 0.353592, 
0.00864309, 1.00015e+06, 1.00015e+06, 1.00015e+06, 1.0012e+06, 1.00088e+06, 0.169383, 1173, 1173, 0.0663352, 0.168927, 9.15016e-18, 0.179708, 0.0660334, 0.513294, 2.26639e-05, 0.270987, 0.00147439, 9.34521e-10, 0.00191905, 2.02932e-05, 0.396091, 7.03089e-05, 9.04875e-07, 2.96008e-10, 3.04043e-12, 2.65521e-10, 6.44162e-11, 6.35977e-08, 0.329437, 0.169128, 1173, 1173, 0.0665753, 0.163328, 9.09552e-18, 0.174894, 0.0644802, 0.504872, 2.2195e-05, 0.271334, 0.00148949, 9.60139e-10, 0.00193231, 2.0232e-05, 0.394749, 7.09118e-05, 8.89154e-07, 2.92499e-10, 3.08459e-12, 2.72106e-10, 6.60204e-11, 6.33017e-08, 0.330403, 0.168539, 1173, 1173, 0.0738352, 0.165053, 9.85348e-18, 0.179405, 0.0670324, 0.533834, 2.32307e-05, 0.272402, 0.00152648, 1.02459e-09, 0.00196593, 2.00092e-05, 0.391096, 7.24086e-05, 8.5006e-07, 2.83382e-10, 3.19675e-12, 2.8874e-10, 7.0066e-11, 6.23773e-08, 0.332916, 0.16878, 1173, 1173, 0.0823412, 0.154307, 1.05956e-17, 0.173262, 0.0666081, 0.548236, 2.34156e-05, 0.274783, 0.00160178, 1.15246e-09, 0.00203634, 1.94998e-05, 0.383475, 7.54895e-05, 7.75591e-07, 2.65485e-10, 3.42611e-12, 3.21997e-10, 7.81813e-11, 6.03966e-08, 0.338009, 0.1374, 1173, 1173, 0.0803401, 0.13188, 2.16379e-17, 0.224708, 0.041226, 0.532116, 2.36848e-05, 0.24813, 0.00262755, 1.41613e-09, 0.00248918, 3.29064e-05, 0.393028, 0.000106895, 5.32427e-07, 2.46675e-10, 4.17824e-12, 3.86758e-10, 1.02784e-10, 8.79954e-08, 0.353584, 
0.00864515, 1.00015e+06, 1.00015e+06, 1.00015e+06, 1.0012e+06, 1.00088e+06, 0.169345, 1173, 1173, 0.0662183, 0.168673, 9.13409e-18, 0.179424, 0.0659316, 0.512459, 2.26276e-05, 0.270987, 0.00147423, 9.34333e-10, 0.00191892, 2.02927e-05, 0.396099, 7.03028e-05, 9.05008e-07, 2.96032e-10, 3.04011e-12, 2.65473e-10, 6.44043e-11, 6.35975e-08, 0.32943, 0.169194, 1173, 1173, 0.0664505, 0.163064, 9.07846e-18, 0.174597, 0.0643735, 0.503993, 2.21569e-05, 0.271334, 0.00148932, 9.5995e-10, 0.00193219, 2.02314e-05, 0.394757, 7.09055e-05, 8.89285e-07, 2.92524e-10, 3.08427e-12, 2.72058e-10, 6.60083e-11, 6.33014e-08, 0.330396, 0.168547, 1173, 1173, 0.0738038, 0.165026, 9.84918e-18, 0.179359, 0.0670184, 0.533675, 2.32244e-05, 0.272402, 0.00152631, 1.02439e-09, 0.00196579, 2.00087e-05, 0.391105, 7.24021e-05, 8.50191e-07, 2.83406e-10, 3.1964e-12, 2.8869e-10, 7.00532e-11, 6.23771e-08, 0.332908, 0.168778, 1173, 1173, 0.0821674, 0.154025, 1.0573e-17, 0.172929, 0.0664822, 0.547148, 2.33698e-05, 0.274782, 0.00160159, 1.15223e-09, 0.00203619, 1.94995e-05, 0.383485, 7.54821e-05, 7.75727e-07, 2.65513e-10, 3.42567e-12, 3.21938e-10, 7.81661e-11, 6.03971e-08, 0.338, 0.138366, 1173, 1173, 0.0801489, 0.131603, 2.15892e-17, 0.224236, 0.0411339, 0.530922, 2.36328e-05, 0.248124, 0.00262746, 1.41589e-09, 0.00248909, 3.29096e-05, 0.393042, 0.000106892, 5.32489e-07, 2.46701e-10, 4.17765e-12, 3.86692e-10, 1.02767e-10, 8.80037e-08, 0.353576, 
0.0086472, 1.00015e+06, 1.00015e+06, 1.00015e+06, 1.0012e+06, 1.00088e+06, 0.169389, 1173, 1173, 0.0663245, 0.168988, 9.1488e-18, 0.179744, 0.066052, 0.51335, 2.26676e-05, 0.270986, 0.00147407, 9.34146e-10, 0.0019188, 2.02922e-05, 0.396107, 7.02967e-05, 9.05141e-07, 2.96057e-10, 3.0398e-12, 2.65426e-10, 6.43923e-11, 6.35974e-08, 0.329422, 0.169134, 1173, 1173, 0.0664263, 0.163046, 9.07513e-18, 0.174564, 0.0643641, 0.503876, 2.21523e-05, 0.271334, 0.00148916, 9.59761e-10, 0.00193206, 2.02309e-05, 0.394765, 7.08993e-05, 8.89417e-07, 2.92548e-10, 3.08395e-12, 2.7201e-10, 6.59962e-11, 6.33012e-08, 0.330388, 0.168544, 1173, 1173, 0.0737816, 0.165019, 9.84612e-18, 0.179336, 0.0670127, 0.533582, 2.3221e-05, 0.272402, 0.00152614, 1.02419e-09, 0.00196566, 2.00081e-05, 0.391113, 7.23955e-05, 8.50322e-07, 2.83431e-10, 3.19605e-12, 2.88639e-10, 7.00403e-11, 6.2377e-08, 0.3329, 0.168786, 1173, 1173, 0.0820511, 0.15385, 1.05578e-17, 0.172717, 0.0664028, 0.546442, 2.33404e-05, 0.274781, 0.00160139, 1.152e-09, 0.00203604, 1.94991e-05, 0.383495, 7.54747e-05, 7.75863e-07, 2.65541e-10, 3.42524e-12, 3.21879e-10, 7.81509e-11, 6.03977e-08, 0.33799, 0.13739, 1173, 1173, 0.0798737, 0.131187, 2.15179e-17, 0.223528, 0.0409987, 0.529172, 2.3556e-05, 0.248118, 0.00262738, 1.41564e-09, 0.002489, 3.29128e-05, 0.393056, 0.000106888, 5.32551e-07, 2.46726e-10, 4.17706e-12, 3.86625e-10, 1.0275e-10, 8.80121e-08, 0.353569, 
0.00864926, 1.00015e+06, 1.00015e+06, 1.00015e+06, 1.0012e+06, 1.00088e+06, 0.16935, 1173, 1173, 0.0658363, 0.167788, 9.0815e-18, 0.178453, 0.0655804, 0.509641, 2.25044e-05, 0.270986, 0.00147391, 9.33958e-10, 0.00191867, 2.02917e-05, 0.396115, 7.02906e-05, 9.05274e-07, 2.96081e-10, 3.03948e-12, 2.65378e-10, 6.43804e-11, 6.35972e-08, 0.329415, 0.169199, 1173, 1173, 0.0663358, 0.162866, 9.06273e-18, 0.174356, 0.0642905, 0.503255, 2.21256e-05, 0.271333, 0.001489, 9.59572e-10, 0.00193193, 2.02304e-05, 0.394773, 7.08931e-05, 8.89548e-07, 2.92572e-10, 3.08363e-12, 2.71963e-10, 6.59841e-11, 6.33009e-08, 0.330381, 0.168553, 1173, 1173, 0.0737166, 0.164916, 9.83735e-18, 0.179209, 0.0669682, 0.533179, 2.32041e-05, 0.272402, 0.00152596, 1.02399e-09, 0.00196553, 2.00076e-05, 0.391121, 7.2389e-05, 8.50453e-07, 2.83456e-10, 3.1957e-12, 2.88589e-10, 7.00275e-11, 6.23768e-08, 0.332892, 0.168784, 1173, 1173, 0.0820506, 0.153892, 1.05576e-17, 0.172749, 0.0664171, 0.546508, 2.33439e-05, 0.27478, 0.00160119, 1.15177e-09, 0.00203589, 1.94988e-05, 0.383506, 7.54672e-05, 7.75998e-07, 2.65568e-10, 3.4248e-12, 3.2182e-10, 7.81357e-11, 6.03982e-08, 0.337981, 0.138357, 1173, 1173, 0.0804086, 0.132103, 2.16649e-17, 0.225087, 0.0412793, 0.532789, 2.37181e-05, 0.248112, 0.0026273, 1.4154e-09, 0.00248891, 3.2916e-05, 0.39307, 0.000106885, 5.32613e-07, 2.46752e-10, 4.17647e-12, 3.86559e-10, 1.02733e-10, 8.80204e-08, 0.353561, 
0.00865132, 1.00015e+06, 1.00015e+06, 1.00015e+06, 1.0012e+06, 1.00088e+06, 0.169394, 1173, 1173, 0.0661561, 0.168647, 9.12567e-18, 0.179352, 0.0659136, 0.512186, 2.26173e-05, 0.270986, 0.00147375, 9.3377e-10, 0.00191855, 2.02912e-05, 0.396123, 7.02845e-05, 9.05406e-07, 2.96106e-10, 3.03917e-12, 2.65331e-10, 6.43685e-11, 6.3597e-08, 0.329407, 0.16914, 1173, 1173, 0.0665217, 0.163364, 9.0881e-18, 0.174876, 0.0644848, 0.504732, 2.21911e-05, 0.271333, 0.00148883, 9.59384e-10, 0.00193181, 2.02298e-05, 0.394781, 7.08869e-05, 8.8968e-07, 2.92596e-10, 3.08331e-12, 2.71915e-10, 6.5972e-11, 6.33006e-08, 0.330373, 0.16855, 1173, 1173, 0.0737875, 0.165117, 9.84671e-18, 0.179413, 0.0670471, 0.533759, 2.323e-05, 0.272402, 0.00152579, 1.02379e-09, 0.0019654, 2.00071e-05, 0.39113, 7.23824e-05, 8.50583e-07, 2.83481e-10, 3.19535e-12, 2.88538e-10, 7.00146e-11, 6.23767e-08, 0.332884, 0.168792, 1173, 1173, 0.0820265, 0.153889, 1.05543e-17, 0.172731, 0.0664123, 0.546416, 2.33407e-05, 0.27478, 0.001601, 1.15154e-09, 0.00203574, 1.94985e-05, 0.383516, 7.54598e-05, 7.76134e-07, 2.65596e-10, 3.42437e-12, 3.21761e-10, 7.81206e-11, 6.03987e-08, 0.337972, 0.137381, 1173, 1173, 0.0803371, 0.132022, 2.16485e-17, 0.224949, 0.0412486, 0.532388, 2.37014e-05, 0.248106, 0.00262721, 1.41515e-09, 0.00248882, 3.29192e-05, 0.393084, 0.000106881, 5.32675e-07, 2.46778e-10, 4.17588e-12, 3.86493e-10, 1.02715e-10, 8.80288e-08, 0.353553, 
0.00865337, 1.00015e+06, 1.00015e+06, 1.00015e+06, 1.0012e+06, 1.00088e+06, 0.169356, 1173, 1173, 0.0661347, 0.168637, 9.12277e-18, 0.179326, 0.0659069, 0.51209, 2.26137e-05, 0.270986, 0.00147359, 9.33583e-10, 0.00191842, 2.02907e-05, 0.396131, 7.02784e-05, 9.05539e-07, 2.9613e-10, 3.03886e-12, 2.65283e-10, 6.43566e-11, 6.35968e-08, 0.3294, 0.169204, 1173, 1173, 0.0657666, 0.161551, 8.98488e-18, 0.172921, 0.0637666, 0.499068, 2.19426e-05, 0.271333, 0.00148867, 9.59195e-10, 0.00193168, 2.02293e-05, 0.394788, 7.08807e-05, 8.89811e-07, 2.92621e-10, 3.08298e-12, 2.71867e-10, 6.596e-11, 6.33004e-08, 0.330366, 0.168559, 1173, 1173, 0.0739677, 0.165563, 9.87065e-18, 0.179882, 0.0672253, 0.53513, 2.32902e-05, 0.272401, 0.00152562, 1.0236e-09, 0.00196526, 2.00066e-05, 0.391138, 7.23759e-05, 8.50714e-07, 2.83505e-10, 3.195e-12, 2.88488e-10, 7.00018e-11, 6.23765e-08, 0.332876, 0.16879, 1173, 1173, 0.0820326, 0.153944, 1.05549e-17, 0.172777, 0.066432, 0.546526, 2.33461e-05, 0.274779, 0.0016008, 1.15131e-09, 0.00203559, 1.94982e-05, 0.383526, 7.54524e-05, 7.7627e-07, 2.65624e-10, 3.42393e-12, 3.21702e-10, 7.81054e-11, 6.03993e-08, 0.337963, 0.138347, 1173, 1173, 0.0796539, 0.130936, 2.14672e-17, 0.223098, 0.0409038, 0.527933, 2.35042e-05, 0.2481, 0.00262713, 1.41491e-09, 0.00248873, 3.29224e-05, 0.393098, 0.000106877, 5.32737e-07, 2.46804e-10, 4.17529e-12, 3.86427e-10, 1.02698e-10, 8.80371e-08, 0.353545, 
0.00865543, 1.00015e+06, 1.00015e+06, 1.00015e+06, 1.0012e+06, 1.00088e+06, 0.1694, 1173, 1173, 0.0659266, 0.16815, 9.09411e-18, 0.178794, 0.0657141, 0.510549, 2.25462e-05, 0.270986, 0.00147343, 9.33396e-10, 0.0019183, 2.02901e-05, 0.396139, 7.02723e-05, 9.05672e-07, 2.96155e-10, 3.03854e-12, 2.65236e-10, 6.43447e-11, 6.35966e-08, 0.329392, 0.169144, 1173, 1173, 0.0655201, 0.160987, 8.95116e-18, 0.172303, 0.0635416, 0.497263, 2.18638e-05, 0.271333, 0.00148851, 9.59006e-10, 0.00193156, 2.02288e-05, 0.394796, 7.08746e-05, 8.89942e-07, 2.92645e-10, 3.08266e-12, 2.71819e-10, 6.59479e-11, 6.33001e-08, 0.330358, 0.168556, 1173, 1173, 0.0735699, 0.164715, 9.81747e-18, 0.178945, 0.0668783, 0.53232, 2.31686e-05, 0.272401, 0.00152545, 1.0234e-09, 0.00196513, 2.00061e-05, 0.391146, 7.23694e-05, 8.50845e-07, 2.8353e-10, 3.19464e-12, 2.88438e-10, 6.9989e-11, 6.23764e-08, 0.332868, 0.168798, 1173, 1173, 0.0818661, 0.153674, 1.05333e-17, 0.172459, 0.0663118, 0.545485, 2.33024e-05, 0.274778, 0.0016006, 1.15108e-09, 0.00203544, 1.94979e-05, 0.383536, 7.54451e-05, 7.76405e-07, 2.65651e-10, 3.4235e-12, 3.21643e-10, 7.80903e-11, 6.03998e-08, 0.337954, 0.137371, 1173, 1173, 0.0805403, 0.13243, 2.17089e-17, 0.225644, 0.0413651, 0.533881, 2.37701e-05, 0.248094, 0.00262705, 1.41466e-09, 0.00248864, 3.29256e-05, 0.393112, 0.000106874, 5.32798e-07, 2.4683e-10, 4.1747e-12, 3.8636e-10, 1.02681e-10, 8.80455e-08, 0.353538, 
0.00865748, 1.00015e+06, 1.00015e+06, 1.00015e+06, 1.0012e+06, 1.00088e+06, 0.169362, 1173, 1173, 0.0660381, 0.168478, 9.10954e-18, 0.179129, 0.0658398, 0.511481, 2.25879e-05, 0.270985, 0.00147327, 9.33208e-10, 0.00191817, 2.02896e-05, 0.396147, 7.02663e-05, 9.05804e-07, 2.96179e-10, 3.03823e-12, 2.65189e-10, 6.43328e-11, 6.35964e-08, 0.329385, 0.16921, 1173, 1173, 0.0658228, 0.161773, 8.99244e-18, 0.173129, 0.0638491, 0.499626, 2.19683e-05, 0.271333, 0.00148835, 9.58818e-10, 0.00193143, 2.02282e-05, 0.394804, 7.08684e-05, 8.90072e-07, 2.92669e-10, 3.08234e-12, 2.71771e-10, 6.59358e-11, 6.32998e-08, 0.330351, 0.168565, 1173, 1173, 0.0737512, 0.165164, 9.84156e-18, 0.179417, 0.0670576, 0.533699, 2.32292e-05, 0.272401, 0.00152527, 1.0232e-09, 0.001965, 2.00056e-05, 0.391155, 7.23628e-05, 8.50976e-07, 2.83555e-10, 3.19429e-12, 2.88387e-10, 6.99761e-11, 6.23762e-08, 0.332861, 0.168796, 1173, 1173, 0.0816234, 0.153262, 1.05019e-17, 0.17198, 0.0661299, 0.543937, 2.3237e-05, 0.274777, 0.00160041, 1.15085e-09, 0.00203529, 1.94976e-05, 0.383547, 7.54377e-05, 7.76541e-07, 2.65679e-10, 3.42307e-12, 3.21583e-10, 7.80751e-11, 6.04003e-08, 0.337944, 0.138337, 1173, 1173, 0.0806141, 0.132589, 2.17317e-17, 0.225913, 0.041409, 0.534443, 2.37963e-05, 0.248088, 0.00262697, 1.41442e-09, 0.00248855, 3.29288e-05, 0.393126, 0.00010687, 5.3286e-07, 2.46855e-10, 4.17411e-12, 3.86294e-10, 1.02664e-10, 8.80538e-08, 0.35353, 
0.00865954, 1.00015e+06, 1.00015e+06, 1.00015e+06, 1.0012e+06, 1.00088e+06, 0.169406, 1173, 1173, 0.0661921, 0.168915, 9.13082e-18, 0.179579, 0.0660079, 0.512744, 2.26443e-05, 0.270985, 0.00147311, 9.33021e-10, 0.00191805, 2.02891e-05, 0.396155, 7.02602e-05, 9.05937e-07, 2.96204e-10, 3.03791e-12, 2.65141e-10, 6.43209e-11, 6.35962e-08, 0.329378, 0.169151, 1173, 1173, 0.0661599, 0.162643, 9.03841e-18, 0.174046, 0.0641901, 0.502251, 2.20843e-05, 0.271333, 0.00148818, 9.58629e-10, 0.00193131, 2.02277e-05, 0.394812, 7.08622e-05, 8.90203e-07, 2.92693e-10, 3.08202e-12, 2.71724e-10, 6.59238e-11, 6.32996e-08, 0.330343, 0.168562, 1173, 1173, 0.0737824, 0.165276, 9.84562e-18, 0.179524, 0.0671005, 0.533993, 2.32426e-05, 0.272401, 0.0015251, 1.023e-09, 0.00196487, 2.00051e-05, 0.391163, 7.23563e-05, 8.51107e-07, 2.8358e-10, 3.19394e-12, 2.88337e-10, 6.99633e-11, 6.23761e-08, 0.332853, 0.168804, 1173, 1173, 0.0813908, 0.152867, 1.04717e-17, 0.171523, 0.065956, 0.542455, 2.31743e-05, 0.274777, 0.00160021, 1.15062e-09, 0.00203514, 1.94973e-05, 0.383557, 7.54303e-05, 7.76676e-07, 2.65707e-10, 3.42263e-12, 3.21524e-10, 7.806e-11, 6.04008e-08, 0.337935, 0.137361, 1173, 1173, 0.0807005, 0.132768, 2.17578e-17, 0.226218, 0.0414595, 0.53509, 2.38262e-05, 0.248082, 0.00262688, 1.41417e-09, 0.00248846, 3.2932e-05, 0.39314, 0.000106867, 5.32922e-07, 2.46881e-10, 4.17352e-12, 3.86228e-10, 1.02646e-10, 8.80622e-08, 0.353522, 
0.0086616, 1.00015e+06, 1.00015e+06, 1.00015e+06, 1.0012e+06, 1.00088e+06, 0.169368, 1173, 1173, 0.0661685, 0.168899, 9.12759e-18, 0.179547, 0.065999, 0.51263, 2.26398e-05, 0.270985, 0.00147295, 9.32834e-10, 0.00191793, 2.02886e-05, 0.396163, 7.02541e-05, 9.0607e-07, 2.96228e-10, 3.0376e-12, 2.65094e-10, 6.4309e-11, 6.3596e-08, 0.32937, 0.169217, 1173, 1173, 0.0663351, 0.163116, 9.06224e-18, 0.174537, 0.0643742, 0.503648, 2.21462e-05, 0.271333, 0.00148802, 9.58441e-10, 0.00193118, 2.02272e-05, 0.39482, 7.0856e-05, 8.90334e-07, 2.92717e-10, 3.0817e-12, 2.71676e-10, 6.59117e-11, 6.32993e-08, 0.330336, 0.16857, 1173, 1173, 0.0736645, 0.165054, 9.82976e-18, 0.179268, 0.0670077, 0.533207, 2.3209e-05, 0.272401, 0.00152493, 1.0228e-09, 0.00196474, 2.00046e-05, 0.391171, 7.23498e-05, 8.51238e-07, 2.83604e-10, 3.19359e-12, 2.88286e-10, 6.99505e-11, 6.23759e-08, 0.332845, 0.168802, 1173, 1173, 0.0817733, 0.153629, 1.05207e-17, 0.172362, 0.0662806, 0.545073, 2.32869e-05, 0.274776, 0.00160002, 1.15039e-09, 0.00203499, 1.9497e-05, 0.383567, 7.54229e-05, 7.76812e-07, 2.65734e-10, 3.4222e-12, 3.21465e-10, 7.80448e-11, 6.04014e-08, 0.337926, 0.138328, 1173, 1173, 0.0802667, 0.132091, 2.16437e-17, 0.225065, 0.0412427, 0.532286, 2.37025e-05, 0.248076, 0.0026268, 1.41393e-09, 0.00248837, 3.29352e-05, 0.393154, 0.000106863, 5.32984e-07, 2.46907e-10, 4.17293e-12, 3.86161e-10, 1.02629e-10, 8.80706e-08, 0.353514, 
0.00866365, 1.00015e+06, 1.00015e+06, 1.00015e+06, 1.0012e+06, 1.00088e+06, 0.169411, 1173, 1173, 0.0661583, 0.168917, 9.12622e-18, 0.179552, 0.0660035, 0.512621, 2.264e-05, 0.270985, 0.0014728, 9.32647e-10, 0.0019178, 2.02881e-05, 0.396171, 7.0248e-05, 9.06202e-07, 2.96253e-10, 3.03729e-12, 2.65047e-10, 6.42971e-11, 6.35958e-08, 0.329363, 0.169157, 1173, 1173, 0.06644, 0.163416, 9.07644e-18, 0.174843, 0.06449, 0.50451, 2.21847e-05, 0.271333, 0.00148786, 9.58252e-10, 0.00193105, 2.02266e-05, 0.394828, 7.08498e-05, 8.90465e-07, 2.92741e-10, 3.08138e-12, 2.71628e-10, 6.58997e-11, 6.3299e-08, 0.330329, 0.168567, 1173, 1173, 0.0735229, 0.16478, 9.81075e-18, 0.178954, 0.0668933, 0.532249, 2.31679e-05, 0.272401, 0.00152475, 1.02261e-09, 0.00196461, 2.00041e-05, 0.39118, 7.23433e-05, 8.51369e-07, 2.83629e-10, 3.19324e-12, 2.88236e-10, 6.99377e-11, 6.23758e-08, 0.332837, 0.168811, 1173, 1173, 0.0822801, 0.154624, 1.05858e-17, 0.173463, 0.0667062, 0.54852, 2.34349e-05, 0.274775, 0.00159982, 1.15016e-09, 0.00203484, 1.94967e-05, 0.383578, 7.54155e-05, 7.76948e-07, 2.65762e-10, 3.42176e-12, 3.21406e-10, 7.80297e-11, 6.04019e-08, 0.337917, 0.137352, 1173, 1173, 0.0798902, 0.131509, 2.1545e-17, 0.224071, 0.0410553, 0.529862, 2.35956e-05, 0.24807, 0.00262672, 1.41368e-09, 0.00248828, 3.29384e-05, 0.393168, 0.000106859, 5.33046e-07, 2.46933e-10, 4.17234e-12, 3.86095e-10, 1.02612e-10, 8.80789e-08, 0.353507, 
0.00866571, 1.00015e+06, 1.00015e+06, 1.00015e+06, 1.0012e+06, 1.00088e+06, 0.169375, 1173, 1173, 0.0668485, 0.170724, 9.22146e-18, 0.181457, 0.0667068, 0.518039, 2.28799e-05, 0.270984, 0.00147264, 9.3246e-10, 0.00191768, 2.02876e-05, 0.396179, 7.02419e-05, 9.06335e-07, 2.96277e-10, 3.03697e-12, 2.64999e-10, 6.42852e-11, 6.35956e-08, 0.329355, 0.169223, 1173, 1173, 0.0667712, 0.164272, 9.1215e-18, 0.175745, 0.0648256, 0.507091, 2.22988e-05, 0.271333, 0.00148769, 9.58064e-10, 0.00193093, 2.02261e-05, 0.394836, 7.08436e-05, 8.90597e-07, 2.92766e-10, 3.08106e-12, 2.71581e-10, 6.58877e-11, 6.32988e-08, 0.330321, 0.168576, 1173, 1173, 0.0736038, 0.165004, 9.82143e-18, 0.179182, 0.0669815, 0.532903, 2.3197e-05, 0.2724, 0.00152458, 1.02241e-09, 0.00196447, 2.00036e-05, 0.391188, 7.23367e-05, 8.51499e-07, 2.83654e-10, 3.19289e-12, 2.88186e-10, 6.99249e-11, 6.23756e-08, 0.332829, 0.168809, 1173, 1173, 0.08294, 0.155908, 1.06704e-17, 0.174887, 0.067256, 0.552989, 2.36266e-05, 0.274774, 0.00159962, 1.14993e-09, 0.00203469, 1.94964e-05, 0.383588, 7.54081e-05, 7.77084e-07, 2.65789e-10, 3.42133e-12, 3.21347e-10, 7.80146e-11, 6.04024e-08, 0.337908, 0.138318, 1173, 1173, 0.0799972, 0.131721, 2.15767e-17, 0.224433, 0.0411163, 0.530645, 2.36316e-05, 0.248064, 0.00262664, 1.41344e-09, 0.0024882, 3.29416e-05, 0.393182, 0.000106856, 5.33108e-07, 2.46959e-10, 4.17175e-12, 3.86029e-10, 1.02595e-10, 8.80873e-08, 0.353499, 
0.00866776, 1.00015e+06, 1.00015e+06, 1.00015e+06, 1.0012e+06, 1.00088e+06, 0.169417, 1173, 1173, 0.066067, 0.168773, 9.11366e-18, 0.179368, 0.0659416, 0.512053, 2.2616e-05, 0.270984, 0.00147248, 9.32273e-10, 0.00191755, 2.02871e-05, 0.396186, 7.02359e-05, 9.06468e-07, 2.96302e-10, 3.03666e-12, 2.64952e-10, 6.42733e-11, 6.35954e-08, 0.329348, 0.169159, 1173, 1173, 0.0644025, 0.158485, 8.79772e-18, 0.16954, 0.0625396, 0.489167, 2.15111e-05, 0.271332, 0.00148753, 9.57876e-10, 0.0019308, 2.02256e-05, 0.394844, 7.08375e-05, 8.90727e-07, 2.9279e-10, 3.08074e-12, 2.71533e-10, 6.58756e-11, 6.32985e-08, 0.330314, 0.168573, 1173, 1173, 0.0738863, 0.165679, 9.85899e-18, 0.179901, 0.067253, 0.535015, 2.32896e-05, 0.2724, 0.00152441, 1.02221e-09, 0.00196434, 2.0003e-05, 0.391196, 7.23302e-05, 8.5163e-07, 2.83679e-10, 3.19254e-12, 2.88135e-10, 6.9912e-11, 6.23755e-08, 0.332821, 0.168817, 1173, 1173, 0.0826148, 0.15534, 1.06284e-17, 0.174235, 0.0670071, 0.55089, 2.35376e-05, 0.274774, 0.00159943, 1.1497e-09, 0.00203454, 1.94961e-05, 0.383598, 7.54007e-05, 7.7722e-07, 2.65817e-10, 3.4209e-12, 3.21288e-10, 7.79994e-11, 6.0403e-08, 0.337898, 0.137342, 1173, 1173, 0.0800858, 0.131904, 2.16034e-17, 0.224744, 0.0411678, 0.531305, 2.36621e-05, 0.248058, 0.00262655, 1.41319e-09, 0.00248811, 3.29448e-05, 0.393195, 0.000106852, 5.3317e-07, 2.46984e-10, 4.17116e-12, 3.85963e-10, 1.02577e-10, 8.80956e-08, 0.353491, 
0.00866982, 1.00015e+06, 1.00015e+06, 1.00015e+06, 1.0012e+06, 1.00088e+06, 0.169379, 1173, 1173, 0.0659208, 0.168443, 9.09351e-18, 0.179003, 0.0658103, 0.510989, 2.25696e-05, 0.270984, 0.00147232, 9.32086e-10, 0.00191743, 2.02866e-05, 0.396194, 7.02298e-05, 9.06601e-07, 2.96326e-10, 3.03635e-12, 2.64905e-10, 6.42614e-11, 6.35952e-08, 0.32934, 0.169228, 1173, 1173, 0.0661087, 0.162726, 9.03053e-18, 0.174062, 0.0642104, 0.502192, 2.20845e-05, 0.271332, 0.00148737, 9.57688e-10, 0.00193068, 2.0225e-05, 0.394851, 7.08313e-05, 8.90858e-07, 2.92814e-10, 3.08041e-12, 2.71485e-10, 6.58636e-11, 6.32982e-08, 0.330306, 0.168581, 1173, 1173, 0.0732633, 0.164325, 9.77573e-18, 0.178415, 0.0667005, 0.530572, 2.30968e-05, 0.2724, 0.00152424, 1.02201e-09, 0.00196421, 2.00025e-05, 0.391205, 7.23237e-05, 8.51761e-07, 2.83703e-10, 3.19219e-12, 2.88085e-10, 6.98992e-11, 6.23753e-08, 0.332813, 0.168815, 1173, 1173, 0.0819561, 0.154144, 1.05435e-17, 0.172878, 0.0664876, 0.546566, 2.33536e-05, 0.274773, 0.00159923, 1.14947e-09, 0.00203439, 1.94958e-05, 0.383609, 7.53933e-05, 7.77356e-07, 2.65845e-10, 3.42047e-12, 3.21229e-10, 7.79843e-11, 6.04035e-08, 0.337889, 0.138308, 1173, 1173, 0.0784666, 0.129273, 2.11694e-17, 0.220261, 0.0403414, 0.520635, 2.3188e-05, 0.248052, 0.00262647, 1.41295e-09, 0.00248802, 3.2948e-05, 0.393209, 0.000106849, 5.33231e-07, 2.4701e-10, 4.17058e-12, 3.85897e-10, 1.0256e-10, 8.8104e-08, 0.353483, 
0.00867188, 1.00015e+06, 1.00015e+06, 1.00015e+06, 1.0012e+06, 1.00088e+06, 0.169423, 1173, 1173, 0.0664358, 0.169803, 9.16453e-18, 0.180434, 0.066339, 0.515051, 2.27496e-05, 0.270984, 0.00147216, 9.31899e-10, 0.0019173, 2.02861e-05, 0.396202, 7.02237e-05, 9.06733e-07, 2.9635e-10, 3.03604e-12, 2.64858e-10, 6.42495e-11, 6.3595e-08, 0.329333, 0.169168, 1173, 1173, 0.0662413, 0.163094, 9.04831e-18, 0.174442, 0.0643533, 0.503266, 2.21323e-05, 0.271332, 0.00148721, 9.57499e-10, 0.00193055, 2.02245e-05, 0.394859, 7.08252e-05, 8.90988e-07, 2.92838e-10, 3.08009e-12, 2.71438e-10, 6.58516e-11, 6.32979e-08, 0.330299, 0.168579, 1173, 1173, 0.0734373, 0.164757, 9.79879e-18, 0.178869, 0.0668733, 0.531899, 2.31552e-05, 0.2724, 0.00152406, 1.02181e-09, 0.00196408, 2.0002e-05, 0.391213, 7.23172e-05, 8.51891e-07, 2.83728e-10, 3.19184e-12, 2.88035e-10, 6.98864e-11, 6.23752e-08, 0.332805, 0.168821, 1173, 1173, 0.0808484, 0.152103, 1.04008e-17, 0.170574, 0.0656035, 0.539247, 2.30416e-05, 0.274772, 0.00159904, 1.14924e-09, 0.00203424, 1.94955e-05, 0.383619, 7.53859e-05, 7.77492e-07, 2.65873e-10, 3.42003e-12, 3.2117e-10, 7.79692e-11, 6.0404e-08, 0.33788, 0.137333, 1173, 1173, 0.0824169, 0.135819, 2.2238e-17, 0.231414, 0.0423785, 0.54692, 2.43599e-05, 0.248046, 0.00262639, 1.41271e-09, 0.00248793, 3.29512e-05, 0.393223, 0.000106845, 5.33293e-07, 2.47036e-10, 4.16999e-12, 3.85831e-10, 1.02543e-10, 8.81123e-08, 0.353476, 
0.00867393, 1.00015e+06, 1.00015e+06, 1.00015e+06, 1.0012e+06, 1.00088e+06, 0.169384, 1173, 1173, 0.0656928, 0.167948, 9.06201e-18, 0.178448, 0.0656116, 0.50936, 2.24988e-05, 0.270983, 0.001472, 9.31712e-10, 0.00191718, 2.02856e-05, 0.39621, 7.02177e-05, 9.06866e-07, 2.96375e-10, 3.03572e-12, 2.6481e-10, 6.42377e-11, 6.35948e-08, 0.329326, 0.169233, 1173, 1173, 0.065714, 0.161837, 8.97588e-18, 0.173083, 0.063855, 0.499326, 2.19595e-05, 0.271332, 0.00148704, 9.57311e-10, 0.00193043, 2.0224e-05, 0.394867, 7.0819e-05, 8.91119e-07, 2.92862e-10, 3.07977e-12, 2.7139e-10, 6.58395e-11, 6.32977e-08, 0.330291, 0.168588, 1173, 1173, 0.0735355, 0.16502, 9.81173e-18, 0.179139, 0.0669771, 0.532677, 2.31897e-05, 0.2724, 0.00152389, 1.02162e-09, 0.00196395, 2.00015e-05, 0.391221, 7.23107e-05, 8.52022e-07, 2.83753e-10, 3.19149e-12, 2.87984e-10, 6.98736e-11, 6.2375e-08, 0.332798, 0.168821, 1173, 1173, 0.0823027, 0.154882, 1.05877e-17, 0.173675, 0.0667983, 0.549016, 2.34598e-05, 0.274771, 0.00159884, 1.14901e-09, 0.00203409, 1.94952e-05, 0.383629, 7.53785e-05, 7.77628e-07, 2.659e-10, 3.4196e-12, 3.21112e-10, 7.79541e-11, 6.04045e-08, 0.337871, 0.138298, 1173, 1173, 0.0767548, 0.126524, 2.07129e-17, 0.215576, 0.0394729, 0.509416, 2.26905e-05, 0.24804, 0.00262631, 1.41246e-09, 0.00248784, 3.29544e-05, 0.393237, 0.000106841, 5.33355e-07, 2.47061e-10, 4.1694e-12, 3.85765e-10, 1.02526e-10, 8.81207e-08, 0.353468, 
0.00867599, 1.00015e+06, 1.00015e+06, 1.00015e+06, 1.00119e+06, 1.00088e+06, 0.169424, 1173, 1173, 0.0637445, 0.16301, 8.79319e-18, 0.173187, 0.0636798, 0.49432, 2.1835e-05, 0.270983, 0.00147184, 9.31526e-10, 0.00191706, 2.02851e-05, 0.396218, 7.02117e-05, 9.06997e-07, 2.96399e-10, 3.03541e-12, 2.64763e-10, 6.42258e-11, 6.35946e-08, 0.329318, 0.169175, 1173, 1173, 0.0672923, 0.165767, 9.19094e-18, 0.177271, 0.0654029, 0.511386, 2.24905e-05, 0.271332, 0.00148688, 9.57123e-10, 0.0019303, 2.02234e-05, 0.394875, 7.08128e-05, 8.9125e-07, 2.92886e-10, 3.07945e-12, 2.71342e-10, 6.58275e-11, 6.32974e-08, 0.330284, 0.168584, 1173, 1173, 0.0734686, 0.164913, 9.80263e-18, 0.179007, 0.0669307, 0.53226, 2.31722e-05, 0.2724, 0.00152372, 1.02142e-09, 0.00196382, 2.0001e-05, 0.39123, 7.23042e-05, 8.52153e-07, 2.83777e-10, 3.19114e-12, 2.87934e-10, 6.98608e-11, 6.23749e-08, 0.33279, 0.16883, 1173, 1173, 0.0829846, 0.156209, 1.06752e-17, 0.175148, 0.0673666, 0.553634, 2.36578e-05, 0.274771, 0.00159864, 1.14878e-09, 0.00203394, 1.94949e-05, 0.383639, 7.53711e-05, 7.77764e-07, 2.65928e-10, 3.41917e-12, 3.21053e-10, 7.7939e-11, 6.04051e-08, 0.337862, 0.137323, 1173, 1173, 0.0847809, 0.139793, 2.28817e-17, 0.238184, 0.0436069, 0.562762, 2.50678e-05, 0.248034, 0.00262623, 1.41222e-09, 0.00248775, 3.29576e-05, 0.393251, 0.000106838, 5.33417e-07, 2.47087e-10, 4.16881e-12, 3.85698e-10, 1.02509e-10, 8.8129e-08, 0.35346, 
0.00867804, 1.00015e+06, 1.00015e+06, 1.00015e+06, 1.00119e+06, 1.00088e+06, 0.169391, 1173, 1173, 0.0664548, 0.169985, 9.16698e-18, 0.180583, 0.066402, 0.515408, 2.27671e-05, 0.270983, 0.00147168, 9.31339e-10, 0.00191694, 2.02846e-05, 0.396226, 7.02056e-05, 9.07129e-07, 2.96423e-10, 3.0351e-12, 2.64716e-10, 6.42139e-11, 6.35944e-08, 0.329311, 0.169243, 1173, 1173, 0.0683852, 0.168502, 9.33954e-18, 0.180182, 0.0664796, 0.519759, 2.28593e-05, 0.271332, 0.00148672, 9.56935e-10, 0.00193018, 2.02229e-05, 0.394883, 7.08066e-05, 8.91383e-07, 2.92911e-10, 3.07913e-12, 2.71295e-10, 6.58155e-11, 6.32971e-08, 0.330276, 0.168593, 1173, 1173, 0.0731657, 0.164275, 9.762e-18, 0.1783, 0.0666691, 0.530133, 2.30802e-05, 0.2724, 0.00152355, 1.02122e-09, 0.00196368, 2.00005e-05, 0.391238, 7.22977e-05, 8.52283e-07, 2.83802e-10, 3.19079e-12, 2.87884e-10, 6.98481e-11, 6.23747e-08, 0.332782, 0.168822, 1173, 1173, 0.0769916, 0.144968, 9.90403e-18, 0.16253, 0.0625153, 0.513717, 2.19527e-05, 0.27477, 0.00159845, 1.14855e-09, 0.00203379, 1.94946e-05, 0.38365, 7.53638e-05, 7.77898e-07, 2.65955e-10, 3.41874e-12, 3.20994e-10, 7.79239e-11, 6.04056e-08, 0.337853, 0.13829, 1173, 1173, 0.0868771, 0.14329, 2.34504e-17, 0.244142, 0.0446917, 0.576755, 2.56924e-05, 0.248028, 0.00262614, 1.41197e-09, 0.00248766, 3.29609e-05, 0.393265, 0.000106834, 5.3348e-07, 2.47113e-10, 4.16822e-12, 3.85632e-10, 1.02491e-10, 8.81375e-08, 0.353452, 
0.0086801, 1.00015e+06, 1.00015e+06, 1.00015e+06, 1.00119e+06, 1.00088e+06, 0.169435, 1173, 1173, 0.0666752, 0.170593, 9.19728e-18, 0.181214, 0.0666371, 0.517188, 2.28463e-05, 0.270983, 0.00147152, 9.31152e-10, 0.00191681, 2.02841e-05, 0.396234, 7.01996e-05, 9.07262e-07, 2.96448e-10, 3.03478e-12, 2.64669e-10, 6.42021e-11, 6.35942e-08, 0.329303, 0.169179, 1173, 1173, 0.0658275, 0.162242, 8.98944e-18, 0.173473, 0.0640072, 0.500385, 2.20078e-05, 0.271332, 0.00148655, 9.56747e-10, 0.00193005, 2.02224e-05, 0.394891, 7.08004e-05, 8.91514e-07, 2.92935e-10, 3.07882e-12, 2.71247e-10, 6.58035e-11, 6.32969e-08, 0.330269, 0.168591, 1173, 1173, 0.0737433, 0.165615, 9.83884e-18, 0.179739, 0.06721, 0.534386, 2.32659e-05, 0.272399, 0.00152338, 1.02102e-09, 0.00196355, 2e-05, 0.391246, 7.22912e-05, 8.52414e-07, 2.83827e-10, 3.19044e-12, 2.87833e-10, 6.98353e-11, 6.23746e-08, 0.332774, 0.168836, 1173, 1173, 0.0827119, 0.155782, 1.06397e-17, 0.174638, 0.0671749, 0.551955, 2.35875e-05, 0.274769, 0.00159826, 1.14832e-09, 0.00203365, 1.94943e-05, 0.38366, 7.53565e-05, 7.78033e-07, 2.65983e-10, 3.4183e-12, 3.20935e-10, 7.79088e-11, 6.04061e-08, 0.337843, 0.137312, 1173, 1173, 0.0775513, 0.127944, 2.09356e-17, 0.217995, 0.0399001, 0.514914, 2.29387e-05, 0.248022, 0.00262606, 1.41173e-09, 0.00248757, 3.29641e-05, 0.393279, 0.00010683, 5.33542e-07, 2.47139e-10, 4.16763e-12, 3.85566e-10, 1.02474e-10, 8.81458e-08, 0.353445, 
0.00868215, 1.00015e+06, 1.00015e+06, 1.00015e+06, 1.00119e+06, 1.00088e+06, 0.169395, 1173, 1173, 0.065698, 0.168137, 9.06233e-18, 0.178591, 0.065675, 0.509678, 2.25151e-05, 0.270983, 0.00147136, 9.30966e-10, 0.00191669, 2.02836e-05, 0.396242, 7.01935e-05, 9.07394e-07, 2.96472e-10, 3.03447e-12, 2.64622e-10, 6.41902e-11, 6.3594e-08, 0.329296, 0.169247, 1173, 1173, 0.067137, 0.165512, 9.16725e-18, 0.176955, 0.0652946, 0.510406, 2.24491e-05, 0.271332, 0.00148639, 9.5656e-10, 0.00192992, 2.02218e-05, 0.394899, 7.07942e-05, 8.91646e-07, 2.92959e-10, 3.0785e-12, 2.712e-10, 6.57915e-11, 6.32966e-08, 0.330261, 0.1686, 1173, 1173, 0.0741254, 0.166515, 9.88954e-18, 0.180701, 0.0675728, 0.537222, 2.33901e-05, 0.272399, 0.0015232, 1.02083e-09, 0.00196342, 1.99995e-05, 0.391255, 7.22847e-05, 8.52545e-07, 2.83851e-10, 3.19009e-12, 2.87783e-10, 6.98225e-11, 6.23744e-08, 0.332766, 0.168832, 1173, 1173, 0.0816065, 0.153743, 1.04972e-17, 0.172337, 0.0662918, 0.544647, 2.32759e-05, 0.274768, 0.00159806, 1.1481e-09, 0.0020335, 1.94939e-05, 0.38367, 7.53491e-05, 7.78169e-07, 2.6601e-10, 3.41787e-12, 3.20876e-10, 7.78937e-11, 6.04067e-08, 0.337834, 0.138279, 1173, 1173, 0.0800731, 0.132142, 2.1619e-17, 0.225147, 0.0412036, 0.531731, 2.3689e-05, 0.248016, 0.00262598, 1.41148e-09, 0.00248748, 3.29673e-05, 0.393293, 0.000106827, 5.33603e-07, 2.47165e-10, 4.16704e-12, 3.85499e-10, 1.02457e-10, 8.81542e-08, 0.353437, 
0.00868421, 1.00015e+06, 1.00015e+06, 1.00015e+06, 1.00119e+06, 1.00088e+06, 0.169439, 1173, 1173, 0.0660632, 0.169116, 9.11249e-18, 0.179616, 0.0660547, 0.512581, 2.26439e-05, 0.270982, 0.00147121, 9.30779e-10, 0.00191656, 2.02831e-05, 0.39625, 7.01875e-05, 9.07527e-07, 2.96497e-10, 3.03416e-12, 2.64575e-10, 6.41784e-11, 6.35938e-08, 0.329289, 0.169185, 1173, 1173, 0.0661757, 0.163184, 9.03475e-18, 0.174451, 0.0643738, 0.503164, 2.21312e-05, 0.271332, 0.00148623, 9.56372e-10, 0.0019298, 2.02213e-05, 0.394907, 7.0788e-05, 8.91777e-07, 2.92983e-10, 3.07818e-12, 2.71152e-10, 6.57795e-11, 6.32963e-08, 0.330254, 0.168597, 1173, 1173, 0.0740945, 0.166489, 9.8851e-18, 0.180657, 0.0675592, 0.537067, 2.33839e-05, 0.272399, 0.00152303, 1.02063e-09, 0.00196329, 1.9999e-05, 0.391263, 7.22782e-05, 8.52676e-07, 2.83876e-10, 3.18974e-12, 2.87733e-10, 6.98097e-11, 6.23743e-08, 0.332758, 0.16884, 1173, 1173, 0.0811587, 0.152942, 1.04394e-17, 0.171424, 0.0659426, 0.541726, 2.31518e-05, 0.274768, 0.00159787, 1.14787e-09, 0.00203335, 1.94936e-05, 0.38368, 7.53418e-05, 7.78304e-07, 2.66038e-10, 3.41744e-12, 3.20817e-10, 7.78787e-11, 6.04072e-08, 0.337825, 0.137303, 1173, 1173, 0.0803445, 0.132627, 2.16948e-17, 0.225972, 0.0413493, 0.533606, 2.37737e-05, 0.24801, 0.00262589, 1.41124e-09, 0.00248739, 3.29705e-05, 0.393307, 0.000106823, 5.33665e-07, 2.47191e-10, 4.16645e-12, 3.85433e-10, 1.0244e-10, 8.81625e-08, 0.353429, 
0.00870066, 1.00015e+06, 1.00015e+06, 1.00015e+06, 1.00119e+06, 1.00088e+06, 0.169421, 1173, 1173, 0.0660477, 0.169429, 9.11368e-18, 0.179831, 0.066156, 0.513017, 2.26677e-05, 0.270981, 0.00146994, 9.2929e-10, 0.00191557, 2.02791e-05, 0.396313, 7.01391e-05, 9.08585e-07, 2.96691e-10, 3.03167e-12, 2.64198e-10, 6.40838e-11, 6.35922e-08, 0.329229, 0.169271, 1173, 1173, 0.0661257, 0.163395, 9.0269e-18, 0.174562, 0.0644374, 0.503313, 2.21422e-05, 0.271331, 0.00148493, 9.54872e-10, 0.0019288, 2.0217e-05, 0.394969, 7.07388e-05, 8.92823e-07, 2.93176e-10, 3.07563e-12, 2.70772e-10, 6.56836e-11, 6.32942e-08, 0.330194, 0.168625, 1173, 1173, 0.0737465, 0.166049, 9.8371e-18, 0.180057, 0.0673581, 0.535084, 2.33027e-05, 0.272398, 0.00152165, 1.01905e-09, 0.00196224, 1.99949e-05, 0.39133, 7.22261e-05, 8.53724e-07, 2.84074e-10, 3.18696e-12, 2.87332e-10, 6.97077e-11, 6.23731e-08, 0.332695, 0.168859, 1173, 1173, 0.0809308, 0.152853, 1.04003e-17, 0.171202, 0.0658737, 0.540751, 2.31157e-05, 0.274762, 0.00159631, 1.14604e-09, 0.00203216, 1.94912e-05, 0.383762, 7.52831e-05, 7.79386e-07, 2.66258e-10, 3.414e-12, 3.20347e-10, 7.77583e-11, 6.04114e-08, 0.337752, 0.138236, 1173, 1173, 0.0800454, 0.132429, 2.16326e-17, 0.225632, 0.0412436, 0.532203, 2.37202e-05, 0.247962, 0.00262524, 1.40929e-09, 0.00248668, 3.29961e-05, 0.393418, 0.000106795, 5.34158e-07, 2.47396e-10, 4.16175e-12, 3.84905e-10, 1.02302e-10, 8.82294e-08, 0.353368, 
0.00871711, 1.00015e+06, 1.00015e+06, 1.00015e+06, 1.00119e+06, 1.00088e+06, 0.169485, 1173, 1173, 0.0661595, 0.17007, 9.12792e-18, 0.180394, 0.0663852, 0.514443, 2.27354e-05, 0.270979, 0.00146867, 9.27803e-10, 0.00191459, 2.02751e-05, 0.396376, 7.00909e-05, 9.09643e-07, 2.96886e-10, 3.02919e-12, 2.63822e-10, 6.39894e-11, 6.35905e-08, 0.32917, 0.169231, 1173, 1173, 0.0661164, 0.163707, 9.08098e-18, 0.17478, 0.0645407, 0.503771, 2.21668e-05, 0.27133, 0.00148364, 9.53376e-10, 0.0019278, 2.02128e-05, 0.395032, 7.06897e-05, 8.93868e-07, 2.93368e-10, 3.07309e-12, 2.70394e-10, 6.55881e-11, 6.3292e-08, 0.330135, 0.168642, 1173, 1173, 0.0733298, 0.165451, 9.78212e-18, 0.179287, 0.0670932, 0.5326, 2.31995e-05, 0.272396, 0.00152028, 1.01748e-09, 0.00196119, 1.99909e-05, 0.391397, 7.21742e-05, 8.54771e-07, 2.84272e-10, 3.18418e-12, 2.86931e-10, 6.96058e-11, 6.2372e-08, 0.332633, 0.168889, 1173, 1173, 0.080751, 0.152852, 1.03836e-17, 0.171081, 0.0658435, 0.540094, 2.30933e-05, 0.274756, 0.00159476, 1.14422e-09, 0.00203097, 1.94888e-05, 0.383844, 7.52246e-05, 7.80467e-07, 2.66478e-10, 3.41056e-12, 3.19878e-10, 7.76381e-11, 6.04155e-08, 0.337679, 0.137226, 1173, 1173, 0.0798066, 0.132329, 2.15857e-17, 0.225458, 0.0411687, 0.531198, 2.36844e-05, 0.247914, 0.0026246, 1.40734e-09, 0.00248597, 3.30218e-05, 0.393529, 0.000106766, 5.34651e-07, 2.47602e-10, 4.15706e-12, 3.84378e-10, 1.02165e-10, 8.82964e-08, 0.353306, 
0.00875, 1.00015e+06, 1.00015e+06, 1.00014e+06, 1.00119e+06, 1.00087e+06, 0.169488, 1173, 1173, 0.0658148, 0.169888, 9.08166e-18, 0.179968, 0.0662725, 0.512873, 2.26751e-05, 0.270975, 0.00146616, 9.24845e-10, 0.00191262, 2.0267e-05, 0.396502, 6.99949e-05, 9.11754e-07, 2.97274e-10, 3.02426e-12, 2.63074e-10, 6.38016e-11, 6.35871e-08, 0.329053, 0.16934, 1173, 1173, 0.0660605, 0.164239, 9.01202e-18, 0.175118, 0.0647107, 0.504403, 2.22036e-05, 0.271328, 0.00148107, 9.50395e-10, 0.00192581, 2.02042e-05, 0.395157, 7.0592e-05, 8.95954e-07, 2.93752e-10, 3.06803e-12, 2.69639e-10, 6.53978e-11, 6.32875e-08, 0.330017, 0.168693, 1173, 1173, 0.0730264, 0.165446, 9.74151e-18, 0.179039, 0.0670464, 0.531472, 2.31603e-05, 0.272393, 0.00151755, 1.01433e-09, 0.00195909, 1.99829e-05, 0.39153, 7.20708e-05, 8.56863e-07, 2.84667e-10, 3.17864e-12, 2.86132e-10, 6.94028e-11, 6.23699e-08, 0.332507, 0.168931, 1173, 1173, 0.080517, 0.153088, 1.03329e-17, 0.171101, 0.0658847, 0.539618, 2.30842e-05, 0.274744, 0.00159168, 1.14058e-09, 0.00202861, 1.94839e-05, 0.384006, 7.51081e-05, 7.82626e-07, 2.66916e-10, 3.40372e-12, 3.18944e-10, 7.73988e-11, 6.04239e-08, 0.337534, 0.13812, 1173, 1173, 0.0796544, 0.132668, 2.15522e-17, 0.226027, 0.0411865, 0.531354, 2.37093e-05, 0.247818, 0.00262332, 1.40345e-09, 0.00248456, 3.30734e-05, 0.39375, 0.00010671, 5.35633e-07, 2.48013e-10, 4.1477e-12, 3.83325e-10, 1.01891e-10, 8.84307e-08, 0.353183, 
0.00881579, 1.00015e+06, 1.00014e+06, 1.00014e+06, 1.00118e+06, 1.00087e+06, 0.169618, 1173, 1173, 0.0657666, 0.171176, 9.0772e-18, 0.180866, 0.0666914, 0.514724, 2.27751e-05, 0.270968, 0.00146117, 9.18966e-10, 0.00190872, 2.0251e-05, 0.396751, 6.98044e-05, 9.15962e-07, 2.98045e-10, 3.0145e-12, 2.6159e-10, 6.3429e-11, 6.35803e-08, 0.32882, 0.169367, 1173, 1173, 0.0659892, 0.165402, 9.01711e-18, 0.1759, 0.0650904, 0.505976, 2.22906e-05, 0.271325, 0.00147597, 9.44478e-10, 0.00192187, 2.01872e-05, 0.395404, 7.03982e-05, 9.00109e-07, 2.94514e-10, 3.05804e-12, 2.68143e-10, 6.50205e-11, 6.32783e-08, 0.329782, 0.168776, 1173, 1173, 0.0719817, 0.164427, 9.59888e-18, 0.177458, 0.0665437, 0.525998, 2.29416e-05, 0.272386, 0.00151213, 1.00808e-09, 0.00195493, 1.99673e-05, 0.391796, 7.18656e-05, 8.61043e-07, 2.85456e-10, 3.16768e-12, 2.84542e-10, 6.89994e-11, 6.23664e-08, 0.332258, 0.169031, 1173, 1173, 0.0797129, 0.152943, 1.01416e-17, 0.170459, 0.0656943, 0.536441, 2.29709e-05, 0.274714, 0.0015855, 1.13321e-09, 0.00202384, 1.9476e-05, 0.384343, 7.48741e-05, 7.87032e-07, 2.67818e-10, 3.38993e-12, 3.17048e-10, 7.69147e-11, 6.04456e-08, 0.337238, 0.13699, 1173, 1173, 0.0790531, 0.132885, 2.15307e-17, 0.226406, 0.0410729, 0.529733, 2.36731e-05, 0.247619, 0.00262067, 1.39546e-09, 0.00248161, 3.31798e-05, 0.394207, 0.000106593, 5.3767e-07, 2.48861e-10, 4.12849e-12, 3.81161e-10, 1.01329e-10, 8.87071e-08, 0.352931, 
0.00894737, 1.00014e+06, 1.00014e+06, 1.00014e+06, 1.00117e+06, 1.00086e+06, 0.169754, 1173, 1173, 0.065428, 0.173105, 9.03584e-18, 0.181972, 0.0672794, 0.516506, 2.28902e-05, 0.270956, 0.00145139, 9.07425e-10, 0.00190106, 2.02188e-05, 0.397239, 6.94308e-05, 9.24288e-07, 2.99562e-10, 2.99546e-12, 2.58677e-10, 6.26991e-11, 6.35648e-08, 0.328362, 0.169613, 1173, 1173, 0.0659978, 0.168108, 9.01933e-18, 0.177849, 0.066001, 0.510288, 2.25163e-05, 0.27132, 0.00146596, 9.32841e-10, 0.00191411, 2.01528e-05, 0.395887, 7.00175e-05, 9.08341e-07, 2.96014e-10, 3.0385e-12, 2.65202e-10, 6.42799e-11, 6.32577e-08, 0.329321, 0.168958, 1173, 1173, 0.0697773, 0.161922, 9.29861e-18, 0.173845, 0.0653735, 0.513922, 2.24512e-05, 0.272384, 0.00150172, 9.96098e-10, 0.00194697, 1.99336e-05, 0.39229, 7.14718e-05, 8.69069e-07, 2.86947e-10, 3.14673e-12, 2.81501e-10, 6.82273e-11, 6.23492e-08, 0.331785, 0.169216, 1173, 1173, 0.0782785, 0.152729, 1.00441e-17, 0.169299, 0.0653931, 0.530869, 2.27748e-05, 0.274684, 0.00157372, 1.11951e-09, 0.00201486, 1.94517e-05, 0.384938, 7.44297e-05, 7.95287e-07, 2.69456e-10, 3.36435e-12, 3.13532e-10, 7.60143e-11, 6.04611e-08, 0.336694, 0.137656, 1173, 1173, 0.0767126, 0.131118, 2.10881e-17, 0.223388, 0.0402101, 0.5184, 2.32354e-05, 0.247262, 0.00261634, 1.38095e-09, 0.0024766, 3.33738e-05, 0.395019, 0.000106397, 5.41235e-07, 2.50369e-10, 4.09361e-12, 3.77237e-10, 1.00311e-10, 8.92094e-08, 0.352486, 
0.00921053, 1.00014e+06, 1.00014e+06, 1.00014e+06, 1.00114e+06, 1.00084e+06, 0.170133, 1173, 1173, 0.0645645, 0.176481, 8.93391e-18, 0.183697, 0.0682513, 0.518594, 2.30542e-05, 0.270916, 0.00143259, 8.84855e-10, 0.00188617, 2.01604e-05, 0.398209, 6.87088e-05, 9.40806e-07, 3.02572e-10, 2.95879e-12, 2.52985e-10, 6.1279e-11, 6.35453e-08, 0.327466, 0.169887, 1173, 1173, 0.0640248, 0.1685, 8.76059e-18, 0.17647, 0.0658156, 0.503554, 2.22907e-05, 0.271278, 0.00144664, 9.09756e-10, 0.00189888, 2.00955e-05, 0.396884, 6.92773e-05, 9.24921e-07, 2.99067e-10, 3.00037e-12, 2.5937e-10, 6.28203e-11, 6.32444e-08, 0.328403, 0.169308, 1173, 1173, 0.0695292, 0.16674, 9.27521e-18, 0.177166, 0.066948, 0.520655, 2.28215e-05, 0.272335, 0.00148128, 9.71701e-10, 0.00193103, 1.988e-05, 0.393344, 7.06927e-05, 8.85615e-07, 2.90071e-10, 3.10473e-12, 2.75307e-10, 6.66664e-11, 6.23521e-08, 0.330817, 0.169583, 1173, 1173, 0.0775731, 0.156891, 9.95695e-18, 0.172014, 0.0666525, 0.534937, 2.30381e-05, 0.274546, 0.00155055, 1.09105e-09, 0.00199669, 1.94275e-05, 0.386258, 7.35459e-05, 8.12674e-07, 2.73004e-10, 3.31218e-12, 3.06229e-10, 7.4162e-11, 6.05604e-08, 0.335555, 0.136038, 1173, 1173, 0.0759827, 0.134727, 2.12705e-17, 0.229577, 0.0405907, 0.522976, 2.3582e-05, 0.246444, 0.00260745, 1.34977e-09, 0.00246551, 3.38188e-05, 0.396832, 0.000105978, 5.49139e-07, 2.53729e-10, 4.01912e-12, 3.68796e-10, 9.81295e-11, 9.03495e-08, 0.35151, 
0.00947368, 1.00014e+06, 1.00014e+06, 1.00014e+06, 1.00112e+06, 1.00081e+06, 0.170433, 1173, 1173, 0.0643119, 0.181082, 8.90883e-18, 0.186739, 0.0697662, 0.52489, 2.34004e-05, 0.270926, 0.00141501, 8.64445e-10, 0.00187236, 2.00888e-05, 0.399037, 6.80354e-05, 9.56175e-07, 3.05254e-10, 2.92623e-12, 2.4786e-10, 5.99988e-11, 6.34779e-08, 0.32666, 0.170287, 1173, 1173, 0.0618957, 0.167449, 8.47073e-18, 0.173804, 0.0651964, 0.494, 2.19266e-05, 0.271316, 0.00142933, 8.90189e-10, 0.00188548, 2.00177e-05, 0.397645, 6.86181e-05, 9.39383e-07, 3.0156e-10, 2.96854e-12, 2.54453e-10, 6.1584e-11, 6.31559e-08, 0.327635, 0.169634, 1173, 1173, 0.0671778, 0.165754, 8.97068e-18, 0.174488, 0.0662961, 0.510422, 2.24392e-05, 0.272352, 0.00146276, 9.50581e-10, 0.00191676, 1.98094e-05, 0.394192, 6.99892e-05, 9.00403e-07, 2.92717e-10, 3.06895e-12, 2.69968e-10, 6.53172e-11, 6.22909e-08, 0.329986, 0.169927, 1173, 1173, 0.0771151, 0.160849, 9.86939e-18, 0.174658, 0.0679544, 0.539648, 2.33198e-05, 0.274498, 0.00152983, 1.06652e-09, 0.00198069, 1.93796e-05, 0.387308, 7.27596e-05, 8.27985e-07, 2.75969e-10, 3.26765e-12, 2.99957e-10, 7.25669e-11, 6.05742e-08, 0.33459, 0.136381, 1173, 1173, 0.0737576, 0.134911, 2.10287e-17, 0.230226, 0.040047, 0.51615, 2.34092e-05, 0.245737, 0.00260277, 1.32327e-09, 0.00245751, 3.42136e-05, 0.398305, 0.000105711, 5.55154e-07, 2.56414e-10, 3.95596e-12, 3.61626e-10, 9.62907e-11, 9.13376e-08, 0.350757, 
0.01, 1.00013e+06, 1.00013e+06, 1.00013e+06, 1.00107e+06, 1.00077e+06, 0.171128, 1173, 1173, 0.0602392, 0.181261, 8.39794e-18, 0.18331, 0.069154, 0.509926, 2.28751e-05, 0.270833, 0.00137948, 8.20667e-10, 0.00184361, 1.99753e-05, 0.40093, 6.66582e-05, 9.89773e-07, 3.11239e-10, 2.85835e-12, 2.36873e-10, 5.72845e-11, 6.34342e-08, 0.324926, 0.17093, 1173, 1173, 0.0615911, 0.178102, 8.47333e-18, 0.181185, 0.0686596, 0.509653, 2.27651e-05, 0.271231, 0.00139264, 8.45191e-10, 0.00185603, 1.99016e-05, 0.399575, 6.72008e-05, 9.73121e-07, 3.07611e-10, 2.89738e-12, 2.43138e-10, 5.87788e-11, 6.31122e-08, 0.325857, 0.170335, 1173, 1173, 0.0653445, 0.172243, 8.73496e-18, 0.177674, 0.0681707, 0.513975, 2.27439e-05, 0.272257, 0.00142441, 9.03647e-10, 0.00188628, 1.97005e-05, 0.396207, 6.85144e-05, 9.33749e-07, 2.9884e-10, 2.99153e-12, 2.58109e-10, 6.23571e-11, 6.22757e-08, 0.328136, 0.170641, 1173, 1173, 0.0724732, 0.162381, 9.29602e-18, 0.17261, 0.0676102, 0.525035, 2.28621e-05, 0.274247, 0.0014863, 1.01214e-09, 0.00194592, 1.93188e-05, 0.389805, 7.10848e-05, 8.63139e-07, 2.829e-10, 3.172e-12, 2.86068e-10, 6.90766e-11, 6.07217e-08, 0.332425, 0.134121, 1173, 1173, 0.0695305, 0.136896, 2.0635e-17, 0.233688, 0.0392616, 0.505568, 2.32042e-05, 0.244138, 0.00258662, 1.26257e-09, 0.00243634, 3.51066e-05, 0.401802, 0.000104928, 5.70663e-07, 2.63025e-10, 3.81123e-12, 3.45214e-10, 9.20506e-11, 9.36075e-08, 0.348897, 
0.0110526, 1.00012e+06, 1.00012e+06, 1.00012e+06, 1.00096e+06, 1.00069e+06, 0.172211, 1173, 1173, 0.0558215, 0.187158, 7.88135e-18, 0.183413, 0.0704137, 0.502638, 2.27727e-05, 0.27076, 0.00132445, 7.52672e-10, 0.00179859, 1.97617e-05, 0.40378, 6.45128e-05, 1.04481e-06, 3.20617e-10, 2.75835e-12, 2.19919e-10, 5.31283e-11, 6.32593e-08, 0.322252, 0.172076, 1173, 1173, 0.0574247, 0.184897, 7.99468e-18, 0.182233, 0.0702727, 0.504843, 2.27805e-05, 0.271157, 0.0013366, 7.75976e-10, 0.00181042, 1.96907e-05, 0.402468, 6.50209e-05, 1.02787e-06, 3.17024e-10, 2.79345e-12, 2.25841e-10, 5.4526e-11, 6.29509e-08, 0.323141, 0.171417, 1173, 1173, 0.0609165, 0.179179, 8.22535e-18, 0.178959, 0.0697606, 0.508669, 2.27557e-05, 0.272101, 0.00136542, 8.29603e-10, 0.00183842, 1.9519e-05, 0.399369, 6.62244e-05, 9.89079e-07, 3.08699e-10, 2.87518e-12, 2.39494e-10, 5.77588e-11, 6.22156e-08, 0.325239, 0.171794, 1173, 1173, 0.0675349, 0.170212, 8.6934e-18, 0.174914, 0.0692865, 0.519532, 2.29052e-05, 0.27384, 0.0014207, 9.26954e-10, 0.00189242, 1.92173e-05, 0.393679, 6.85363e-05, 9.2088e-07, 2.93969e-10, 3.02867e-12, 2.64418e-10, 6.36972e-11, 6.09261e-08, 0.329079, 0.132409, 1173, 1173, 0.0649938, 0.144545, 2.10421e-17, 0.24929, 0.0390617, 0.506724, 2.37755e-05, 0.241145, 0.00258699, 1.16575e-09, 0.00241203, 3.68868e-05, 0.407337, 0.000104411, 5.90775e-07, 2.72932e-10, 3.58323e-12, 3.19023e-10, 8.54351e-11, 9.78544e-08, 0.346377, 
0.0115789, 1.00011e+06, 1.00011e+06, 1.00011e+06, 1.00091e+06, 1.00065e+06, 0.172761, 1173, 1173, 0.0528815, 0.186967, 7.53804e-18, 0.180558, 0.0698779, 0.491313, 2.23647e-05, 0.270714, 0.00129951, 7.21025e-10, 0.00177778, 1.96628e-05, 0.405113, 6.35319e-05, 1.07155e-06, 3.25075e-10, 2.71411e-12, 2.12064e-10, 5.12217e-11, 6.31748e-08, 0.321012, 0.172565, 1173, 1173, 0.0551018, 0.187067, 7.73581e-18, 0.181683, 0.0706083, 0.499605, 2.26531e-05, 0.2711, 0.00131131, 7.4364e-10, 0.00178936, 1.95965e-05, 0.403835, 6.4027e-05, 1.0545e-06, 3.21525e-10, 2.74718e-12, 2.17794e-10, 5.25682e-11, 6.2882e-08, 0.321879, 0.171942, 1173, 1173, 0.0584608, 0.181224, 7.91467e-18, 0.178396, 0.0700224, 0.502875, 2.2609e-05, 0.272016, 0.00133941, 7.95889e-10, 0.00181686, 1.94373e-05, 0.400812, 6.52048e-05, 1.01533e-06, 3.13278e-10, 2.82455e-12, 2.31054e-10, 5.56951e-11, 6.21859e-08, 0.32393, 0.172294, 1173, 1173, 0.0642988, 0.171724, 8.36017e-18, 0.173828, 0.0691152, 0.51001, 2.26208e-05, 0.273592, 0.00139151, 8.87319e-10, 0.0018678, 1.91833e-05, 0.395539, 6.73859e-05, 9.4917e-07, 2.99333e-10, 2.96506e-12, 2.54381e-10, 6.12345e-11, 6.10516e-08, 0.327523, 0.130096, 1173, 1173, 0.0618404, 0.146774, 2.10162e-17, 0.254717, 0.0384221, 0.500716, 2.37537e-05, 0.239522, 0.00258935, 1.11662e-09, 0.00239939, 3.78801e-05, 0.410239, 0.000104185, 6.01131e-07, 2.78138e-10, 3.46774e-12, 3.05719e-10, 8.20836e-11, 1.00179e-07, 0.345108, 
0.0121053, 1.00011e+06, 1.0001e+06, 1.0001e+06, 1.00086e+06, 1.00061e+06, 0.173225, 1173, 1173, 0.0495821, 0.184481, 7.13629e-18, 0.175701, 0.0685295, 0.475068, 2.17228e-05, 0.270671, 0.0012767, 6.91591e-10, 0.00175855, 1.95692e-05, 0.406346, 6.26301e-05, 1.09702e-06, 3.29257e-10, 2.67424e-12, 2.04781e-10, 4.94638e-11, 6.30893e-08, 0.319865, 0.173089, 1173, 1173, 0.0524133, 0.187093, 7.37051e-18, 0.179199, 0.0701908, 0.489632, 2.23032e-05, 0.271063, 0.00128814, 7.13935e-10, 0.00176995, 1.9502e-05, 0.405071, 6.31138e-05, 1.0797e-06, 3.25684e-10, 2.70606e-12, 2.1043e-10, 5.07846e-11, 6.27955e-08, 0.320724, 0.172439, 1173, 1173, 0.0592856, 0.193658, 7.49114e-18, 0.187898, 0.0742803, 0.525627, 2.37519e-05, 0.271932, 0.00131461, 7.63357e-10, 0.0017961, 1.93566e-05, 0.402207, 6.42283e-05, 1.04145e-06, 3.17764e-10, 2.77722e-12, 2.22936e-10, 5.37214e-11, 6.21511e-08, 0.322666, 0.17283, 1173, 1173, 0.0634012, 0.17873, 8.3112e-18, 0.178241, 0.0712773, 0.517981, 2.31012e-05, 0.273434, 0.00136452, 8.51059e-10, 0.00184523, 1.91265e-05, 0.39715, 6.63249e-05, 9.75738e-07, 3.04172e-10, 2.90824e-12, 2.45239e-10, 5.89962e-11, 6.10972e-08, 0.32612, 0.129732, 1173, 1173, 0.0601412, 0.150907, 2.14106e-17, 0.263435, 0.0384885, 0.504321, 2.41699e-05, 0.238161, 0.00259642, 1.07471e-09, 0.00239168, 3.87545e-05, 0.412538, 0.000104159, 6.08335e-07, 2.82172e-10, 3.36837e-12, 2.94396e-10, 7.92351e-11, 1.02188e-07, 0.344169, 
0.0126316, 1.0001e+06, 1.0001e+06, 1.0001e+06, 1.0008e+06, 1.00057e+06, 0.173706, 1173, 1173, 0.0472259, 0.184332, 6.87482e-18, 0.173426, 0.0680925, 0.466025, 2.13961e-05, 0.270624, 0.00125636, 6.64879e-10, 0.00174118, 1.94846e-05, 0.407465, 6.18217e-05, 1.12065e-06, 3.33084e-10, 2.63911e-12, 1.98187e-10, 4.78816e-11, 6.30096e-08, 0.318831, 0.17351, 1173, 1173, 0.0510171, 0.191389, 7.30002e-18, 0.181017, 0.0713445, 0.491184, 2.24726e-05, 0.270984, 0.00126698, 6.85625e-10, 0.00175181, 1.94262e-05, 0.406288, 6.22717e-05, 1.10413e-06, 3.2974e-10, 2.66793e-12, 2.03418e-10, 4.91004e-11, 6.27476e-08, 0.319626, 0.172848, 1173, 1173, 0.0566685, 0.194777, 7.89425e-18, 0.186608, 0.0741427, 0.517718, 2.35068e-05, 0.271798, 0.00129251, 7.32972e-10, 0.0017771, 1.92984e-05, 0.403559, 6.33483e-05, 1.0663e-06, 3.22067e-10, 2.73421e-12, 2.1536e-10, 5.18957e-11, 6.21602e-08, 0.321489, 0.17324, 1173, 1173, 0.060814, 0.181464, 8.06079e-18, 0.178599, 0.0715578, 0.512843, 2.30025e-05, 0.273135, 0.00133989, 8.14863e-10, 0.00182364, 1.91167e-05, 0.398901, 6.53381e-05, 1.00271e-06, 3.09264e-10, 2.85308e-12, 2.36105e-10, 5.67898e-11, 6.12629e-08, 0.324715, 0.127363, 1173, 1173, 0.0563341, 0.151146, 2.12237e-17, 0.266358, 0.0373042, 0.492298, 2.38645e-05, 0.236424, 0.00260664, 1.02681e-09, 0.00238136, 3.98762e-05, 0.415374, 0.000104138, 6.17065e-07, 2.87086e-10, 3.25548e-12, 2.81411e-10, 7.59893e-11, 1.04711e-07, 0.34307, 
0.0131579, 1.00009e+06, 1.00009e+06, 1.00009e+06, 1.00075e+06, 1.00053e+06, 0.174177, 1173, 1173, 0.0482948, 0.197831, 7.10043e-18, 0.183709, 0.0727239, 0.491205, 2.26443e-05, 0.27062, 0.00123595, 6.38643e-10, 0.00172383, 1.93846e-05, 0.408525, 6.10113e-05, 1.14466e-06, 3.36839e-10, 2.60594e-12, 1.91746e-10, 4.63391e-11, 6.28856e-08, 0.317814, 0.174009, 1173, 1173, 0.0500348, 0.19666, 7.22718e-18, 0.183631, 0.0729614, 0.495807, 2.27775e-05, 0.270985, 0.00124662, 6.59605e-10, 0.00173459, 1.9327e-05, 0.407332, 6.14651e-05, 1.12751e-06, 3.33414e-10, 2.63428e-12, 1.97017e-10, 4.75626e-11, 6.26247e-08, 0.318619, 0.173333, 1173, 1173, 0.0554473, 0.199843, 7.74679e-18, 0.188991, 0.075641, 0.521221, 2.37714e-05, 0.271762, 0.00127122, 7.0514e-10, 0.0017591, 1.92115e-05, 0.40471, 6.25053e-05, 1.09003e-06, 3.25943e-10, 2.69622e-12, 2.08467e-10, 5.02332e-11, 6.20796e-08, 0.320415, 0.173743, 1173, 1173, 0.0583384, 0.182654, 7.78973e-18, 0.177436, 0.0715263, 0.505689, 2.27905e-05, 0.273046, 0.00131702, 7.84354e-10, 0.00180432, 1.90467e-05, 0.400203, 6.44341e-05, 1.02659e-06, 3.1338e-10, 2.80802e-12, 2.28471e-10, 5.49351e-11, 6.12392e-08, 0.323545, 0.127095, 1173, 1173, 0.0533841, 0.150373, 2.10023e-17, 0.266298, 0.0363356, 0.482035, 2.35718e-05, 0.235303, 0.0026149, 9.91586e-10, 0.00237616, 4.06407e-05, 0.417201, 0.000104189, 6.22337e-07, 2.90284e-10, 3.17078e-12, 2.71911e-10, 7.35851e-11, 1.06434e-07, 0.342359, 
0.0142105, 1.00008e+06, 1.00008e+06, 1.00008e+06, 1.00065e+06, 1.00045e+06, 0.174953, 1173, 1173, 0.0448078, 0.201871, 6.77441e-18, 0.183349, 0.0733748, 0.484494, 2.25118e-05, 0.270451, 0.00120113, 5.90024e-10, 0.00169308, 1.92554e-05, 0.410636, 5.96069e-05, 1.18975e-06, 3.4408e-10, 2.54643e-12, 1.79803e-10, 4.35152e-11, 6.27981e-08, 0.315939, 0.174746, 1173, 1173, 0.0467462, 0.202486, 6.94587e-18, 0.184871, 0.0741931, 0.492758, 2.28266e-05, 0.270766, 0.00121092, 6.08775e-10, 0.00170301, 1.9213e-05, 0.409575, 6.00245e-05, 1.17339e-06, 3.40942e-10, 2.57025e-12, 1.84486e-10, 4.45961e-11, 6.25886e-08, 0.316665, 0.174027, 1173, 1173, 0.0502635, 0.200311, 7.22464e-18, 0.185192, 0.0746924, 0.502873, 2.31433e-05, 0.271428, 0.00123386, 6.50031e-10, 0.00172589, 1.9133e-05, 0.407229, 6.0996e-05, 1.13715e-06, 3.34029e-10, 2.62291e-12, 1.94786e-10, 4.69855e-11, 6.21597e-08, 0.318302, 0.174482, 1173, 1173, 0.0537927, 0.187937, 7.39441e-18, 0.178281, 0.0720968, 0.497461, 2.26579e-05, 0.272458, 0.00127551, 7.19937e-10, 0.00176687, 1.90391e-05, 0.403347, 6.2749e-05, 1.07736e-06, 3.22751e-10, 2.71573e-12, 2.12303e-10, 5.10828e-11, 6.15538e-08, 0.321069, 0.123251, 1173, 1173, 0.0485436, 0.15592, 2.16706e-17, 0.282396, 0.0353811, 0.478423, 2.39282e-05, 0.231855, 0.00265236, 9.03465e-10, 0.00236303, 4.30387e-05, 0.422288, 0.000104643, 6.34324e-07, 2.98624e-10, 2.96023e-12, 2.48013e-10, 6.76309e-11, 1.11604e-07, 0.340692, 
0.0152632, 1.00007e+06, 1.00007e+06, 1.00007e+06, 1.00054e+06, 1.00037e+06, 0.175684, 1173, 1173, 0.0433123, 0.211077, 6.7047e-18, 0.188097, 0.0761786, 0.493378, 2.307e-05, 0.270433, 0.00117268, 5.5182e-10, 0.00166816, 1.91071e-05, 0.41217, 5.84619e-05, 1.22711e-06, 3.49687e-10, 2.50287e-12, 1.70504e-10, 4.13242e-11, 6.25997e-08, 0.314477, 0.175464, 1173, 1173, 0.0440855, 0.206383, 6.70318e-18, 0.184952, 0.0750523, 0.489069, 2.28022e-05, 0.270721, 0.00118257, 5.7002e-10, 0.00167817, 1.90763e-05, 0.411147, 5.88836e-05, 1.21022e-06, 3.46576e-10, 2.52454e-12, 1.75018e-10, 4.23615e-11, 6.24236e-08, 0.315192, 0.174719, 1173, 1173, 0.0464651, 0.200171, 6.82856e-18, 0.181717, 0.0739697, 0.488699, 2.26468e-05, 0.271311, 0.00120491, 6.09219e-10, 0.00170044, 1.90219e-05, 0.408949, 5.98302e-05, 1.174e-06, 3.39919e-10, 2.57184e-12, 1.84742e-10, 4.46078e-11, 6.20737e-08, 0.316754, 0.175158, 1173, 1173, 0.0512771, 0.194241, 7.20421e-18, 0.180936, 0.0736211, 0.498314, 2.28751e-05, 0.272197, 0.00124453, 6.74399e-10, 0.00173928, 1.89696e-05, 0.405392, 6.14964e-05, 1.11545e-06, 3.29263e-10, 2.65395e-12, 2.0097e-10, 4.83882e-11, 6.1601e-08, 0.319345, 0.12184, 1173, 1173, 0.0453519, 0.159718, 2.22914e-17, 0.2938, 0.0348176, 0.47793, 2.42906e-05, 0.229608, 0.00268548, 8.43377e-10, 0.00235868, 4.47181e-05, 0.425395, 0.000105197, 6.39557e-07, 3.0348e-10, 2.81313e-12, 2.3176e-10, 6.35466e-11, 1.15136e-07, 0.339802, 
0.0163158, 1.00005e+06, 1.00005e+06, 1.00005e+06, 1.00043e+06, 1.00029e+06, 0.176271, 1173, 1173, 0.0401431, 0.214592, 6.44523e-18, 0.187779, 0.0766131, 0.487137, 2.29435e-05, 0.270196, 0.0011455, 5.10213e-10, 0.0016431, 1.9025e-05, 0.414039, 5.73448e-05, 1.26766e-06, 3.56133e-10, 2.45634e-12, 1.60339e-10, 3.89654e-11, 6.25903e-08, 0.312898, 0.176047, 1173, 1173, 0.0408873, 0.21025, 6.44765e-18, 0.184975, 0.0755723, 0.483362, 2.2706e-05, 0.270449, 0.00115469, 5.26712e-10, 0.00165245, 1.90043e-05, 0.413114, 5.77379e-05, 1.25144e-06, 3.53246e-10, 2.47463e-12, 1.64403e-10, 3.98944e-11, 6.245e-08, 0.313553, 0.175284, 1173, 1173, 0.0434155, 0.206415, 6.62266e-18, 0.183832, 0.0752116, 0.487398, 2.27744e-05, 0.270932, 0.00117511, 5.6148e-10, 0.00167281, 1.89779e-05, 0.411196, 5.86038e-05, 1.2174e-06, 3.47246e-10, 2.51373e-12, 1.72964e-10, 4.18624e-11, 6.21987e-08, 0.314945, 0.175762, 1173, 1173, 0.0476803, 0.201319, 6.96648e-18, 0.183672, 0.0748683, 0.496405, 2.30103e-05, 0.271596, 0.00121094, 6.1807e-10, 0.00170768, 1.89821e-05, 0.4082, 6.01073e-05, 1.1632e-06, 3.37872e-10, 2.57999e-12, 1.86931e-10, 4.51029e-11, 6.19205e-08, 0.317204, 0.117922, 1173, 1173, 0.0398387, 0.161342, 2.2884e-17, 0.306052, 0.0329996, 0.465327, 2.42111e-05, 0.225943, 0.00275029, 7.59232e-10, 0.00235346, 4.75571e-05, 0.430033, 0.000106341, 6.445e-07, 3.10104e-10, 2.60534e-12, 2.08905e-10, 5.78397e-11, 1.20858e-07, 0.338765, 
0.0173684, 1.00004e+06, 1.00004e+06, 1.00004e+06, 1.00032e+06, 1.00022e+06, 0.176817, 1173, 1173, 0.0381664, 0.216965, 6.27047e-18, 0.187317, 0.0771039, 0.483569, 2.28809e-05, 0.270197, 0.00112626, 4.83552e-10, 0.0016259, 1.8913e-05, 0.415078, 5.65628e-05, 1.29529e-06, 3.60085e-10, 2.42901e-12, 1.53907e-10, 3.74709e-11, 6.24216e-08, 0.311897, 0.176561, 1173, 1173, 0.0391185, 0.213989, 6.31598e-18, 0.18584, 0.0765006, 0.48281, 2.27912e-05, 0.270403, 0.00113566, 4.99271e-10, 0.00163532, 1.89095e-05, 0.41422, 5.69625e-05, 1.27888e-06, 3.57312e-10, 2.44513e-12, 1.57745e-10, 3.83469e-11, 6.23312e-08, 0.312529, 0.175724, 1173, 1173, 0.0415567, 0.210346, 6.49597e-18, 0.185117, 0.0760958, 0.486941, 2.28767e-05, 0.270785, 0.00115641, 5.32436e-10, 0.00165567, 1.8919e-05, 0.412455, 5.78371e-05, 1.24465e-06, 3.51575e-10, 2.47993e-12, 1.65844e-10, 4.02066e-11, 6.21841e-08, 0.31387, 0.176143, 1173, 1173, 0.0455418, 0.204603, 6.81813e-18, 0.184814, 0.0753826, 0.494027, 2.30382e-05, 0.271321, 0.00119268, 5.87211e-10, 0.00169047, 1.89671e-05, 0.409633, 5.93512e-05, 1.18966e-06, 3.42421e-10, 2.54044e-12, 1.79262e-10, 4.33161e-11, 6.20279e-08, 0.316083, 0.116887, 1173, 1173, 0.0367891, 0.160587, 2.29555e-17, 0.308099, 0.0319114, 0.455639, 2.39864e-05, 0.224301, 0.00278075, 7.15585e-10, 0.00235202, 4.89182e-05, 0.432146, 0.000106896, 6.46585e-07, 3.13196e-10, 2.49466e-12, 1.97115e-10, 5.48241e-11, 1.23597e-07, 0.338263, 
0.0184211, 1.00003e+06, 1.00003e+06, 1.00003e+06, 1.00022e+06, 1.00014e+06, 0.177306, 1173, 1173, 0.0352688, 0.221052, 6.07387e-18, 0.187799, 0.0776771, 0.479381, 2.28473e-05, 0.269887, 0.00110311, 4.44597e-10, 0.00160372, 1.88662e-05, 0.416887, 5.55952e-05, 1.33436e-06, 3.66312e-10, 2.38815e-12, 1.44417e-10, 3.53012e-11, 6.24866e-08, 0.310444, 0.177063, 1173, 1173, 0.036291, 0.2193, 6.14009e-18, 0.18728, 0.0774694, 0.480805, 2.28672e-05, 0.27007, 0.00111135, 4.58507e-10, 0.00161209, 1.88646e-05, 0.416127, 5.59479e-05, 1.31929e-06, 3.63814e-10, 2.40152e-12, 1.47797e-10, 3.60676e-11, 6.24115e-08, 0.311003, 0.176265, 1173, 1173, 0.0383981, 0.21571, 6.28781e-18, 0.186353, 0.0769898, 0.483768, 2.29109e-05, 0.270402, 0.0011294, 4.87516e-10, 0.00163, 1.88788e-05, 0.414587, 5.67128e-05, 1.28807e-06, 3.5871e-10, 2.42991e-12, 1.54842e-10, 3.76743e-11, 6.23008e-08, 0.312174, 0.176815, 1173, 1173, 0.041687, 0.210216, 6.54437e-18, 0.185676, 0.0761329, 0.488606, 2.29959e-05, 0.270805, 0.00116043, 5.33633e-10, 0.00165987, 1.8946e-05, 0.412256, 5.80108e-05, 1.23915e-06, 3.50882e-10, 2.47672e-12, 1.66048e-10, 4.02549e-11, 6.22435e-08, 0.314041, 0.112737, 1173, 1173, 0.0318551, 0.162673, 2.43365e-17, 0.326354, 0.0301801, 0.44808, 2.4214e-05, 0.220131, 0.00288948, 6.31465e-10, 0.00235725, 5.25149e-05, 0.436434, 0.000109087, 6.41934e-07, 3.17545e-10, 2.27739e-12, 1.74205e-10, 4.90866e-11, 1.30306e-07, 0.338026, 
0.0194737, 1.00001e+06, 1.00001e+06, 1.00001e+06, 1.00011e+06, 1.00007e+06, 0.177648, 1173, 1173, 0.0341866, 0.222785, 5.9855e-18, 0.187775, 0.0781155, 0.478137, 2.28498e-05, 0.269914, 0.00109209, 4.294e-10, 0.00159379, 1.87902e-05, 0.417444, 5.51453e-05, 1.35103e-06, 3.68555e-10, 2.37423e-12, 1.40787e-10, 3.44659e-11, 6.23543e-08, 0.309881, 0.177335, 1173, 1173, 0.035161, 0.220952, 6.05884e-18, 0.187412, 0.0777973, 0.479401, 2.28681e-05, 0.270022, 0.00110144, 4.43e-10, 0.00160292, 1.88191e-05, 0.416755, 5.55395e-05, 1.33505e-06, 3.66133e-10, 2.3857e-12, 1.44042e-10, 3.52065e-11, 6.23621e-08, 0.310443, 0.176368, 1173, 1173, 0.0372045, 0.217385, 6.22895e-18, 0.187072, 0.0771359, 0.482458, 2.29305e-05, 0.270178, 0.00112223, 4.71514e-10, 0.00162267, 1.89041e-05, 0.415376, 5.64053e-05, 1.30173e-06, 3.61185e-10, 2.41027e-12, 1.5086e-10, 3.67693e-11, 6.24424e-08, 0.311625, 0.176665, 1173, 1173, 0.0404181, 0.211334, 6.52024e-18, 0.187119, 0.0758282, 0.486568, 2.30013e-05, 0.270317, 0.00115855, 5.18354e-10, 0.00165603, 1.90794e-05, 0.413205, 5.78968e-05, 1.24826e-06, 3.53282e-10, 2.45317e-12, 1.62078e-10, 3.93704e-11, 6.2659e-08, 0.313585, 0.11243, 1173, 1173, 0.0304222, 0.16399, 2.41913e-17, 0.327386, 0.0300561, 0.44575, 2.42107e-05, 0.219603, 0.00287992, 6.03984e-10, 0.00234857, 5.29614e-05, 0.437727, 0.000108706, 6.48831e-07, 3.20546e-10, 2.2067e-12, 1.66879e-10, 4.70721e-11, 1.31392e-07, 0.337278, 
0.0205263, 1e+06, 1e+06, 1e+06, 1e+06, 1e+06, 0.178112, 1173, 1173, 0.0310869, 0.227633, 5.8082e-18, 0.188774, 0.0787885, 0.47464, 2.2869e-05, 0.269504, 0.00106958, 3.87856e-10, 0.00157156, 1.87697e-05, 0.419416, 5.41922e-05, 1.3932e-06, 3.7533e-10, 2.33236e-12, 1.30677e-10, 3.21803e-11, 6.24976e-08, 0.308364, 0.177835, 1173, 1173, 0.0319686, 0.226233, 5.87366e-18, 0.188648, 0.0786009, 0.476178, 2.29079e-05, 0.269612, 0.00107728, 3.99507e-10, 0.00157922, 1.87899e-05, 0.418811, 5.45194e-05, 1.37912e-06, 3.73196e-10, 2.34149e-12, 1.33456e-10, 3.2807e-11, 6.24925e-08, 0.308845, 0.177032, 1173, 1173, 0.0336772, 0.222743, 5.98763e-18, 0.187851, 0.0780032, 0.477845, 2.29147e-05, 0.269845, 0.0010928, 4.23471e-10, 0.00159458, 1.88231e-05, 0.417566, 5.51769e-05, 1.35116e-06, 3.68867e-10, 2.36167e-12, 1.39201e-10, 3.41067e-11, 6.24587e-08, 0.309826, 0.177922, 1173, 1173, 0.0364277, 0.218083, 6.16398e-18, 0.187218, 0.0774657, 0.48165, 2.29763e-05, 0.270338, 0.00111456, 4.60671e-10, 0.00161645, 1.8812e-05, 0.415514, 5.61045e-05, 1.31084e-06, 3.62105e-10, 2.3972e-12, 1.48227e-10, 3.61523e-11, 6.22308e-08, 0.311341, 0.10755, 1173, 1173, 0.0250201, 0.162599, 2.69076e-17, 0.349375, 0.027281, 0.434273, 2.43635e-05, 0.213804, 0.00310382, 5.16628e-10, 0.00237975, 5.8623e-05, 0.441883, 0.000113599, 6.23357e-07, 3.20518e-10, 1.96661e-12, 1.42934e-10, 4.11637e-11, 1.41019e-07, 0.338656, 
