z, Pressure_0, Pressure_1, Pressure_2, Pressure_3, Pressure_4, Velocity_0, GasTemperature_0, SolidTemperature_0, CH4_0, CO_0, O2_0, CO2_0, H2_0, H2O_0, AR_0, H(s)_0, O(s)_0, CH4(s)_0, H2O(s)_0, CO2(s)_0, CO(s)_0, OH(s)_0, C(s)_0, HCO(s)_0, CH(s)_0, CH3(s)_0, CH2(s)_0, COOH(s)_0, Ni(s)_0, Velocity_1, GasTemperature_1, SolidTemperature_1, CH4_1, CO_1, O2_1, CO2_1, H2_1, H2O_1, AR_1, H(s)_1, O(s)_1, CH4(s)_1, H2O(s)_1, CO2(s)_1, CO(s)_1, OH(s)_1, C(s)_1, HCO(s)_1, CH(s)_1, CH3(s)_1, CH2(s)_1, COOH(s)_1, Ni(s)_1, Velocity_2, GasTemperature_2, SolidTemperature_2, CH4_2, CO_2, O2_2, CO2_2, H2_2, H2O_2, AR_2, H(s)_2, O(s)_2, CH4(s)_2, H2O(s)_2, CO2(s)_2, CO(s)_2, OH(s)_2, C(s)_2, HCO(s)_2, CH(s)_2, CH3(s)_2, CH2(s)_2, COOH(s)_2, Ni(s)_2, Velocity_3_3, GasTemperature_3_3, SolidTemperature_3_3, CH4_3_3, CO_3_3, O2_3_3, CO2_3_3, H2_3_3, H2O_3_3, AR_3_3, H(s)_3_3, O(s)_3_3, CH4(s)_3_3, H2O(s)_3_3, CO2(s)_3_3, CO(s)_3_3, OH(s)_3_3, C(s)_3_3, HCO(s)_3_3, CH(s)_3_3, CH3(s)_3_3, CH2(s)_3_3, COOH(s)_3_3, Ni(s)_3_3, Velocity_4_4, GasTemperature_4_4, SolidTemperature_4_4, CH4_4_4, CO_4_4, O2_4_4, CO2_4_4, H2_4_4, H2O_4_4, AR_4_4, H(s)_4_4, O(s)_4_4, CH4(s)_4_4, H2O(s)_4_4, CO2(s)_4_4, CO(s)_4_4, OH(s)_4_4, C(s)_4_4, HCO(s)_4_4, CH(s)_4_4, CH3(s)_4_4, CH2(s)_4_4, COOH(s)_4_4, Ni(s)_4_4, 
0.000526316, 1.00024e+06, 1.00024e+06, 1.00024e+06, 1.00193e+06, 1.00156e+06, 0.141895, 1173, 1173, 0.17987, 0.0330909, 9.95201e-17, 0.0817359, 0.0245707, 0.682686, 2.28337e-05, 0.256102, 0.00753509, 4.25273e-09, 0.00428374, 2.37937e-05, 0.2607, 0.000237462, 8.3664e-08, 6.43145e-11, 1.47504e-11, 1.22721e-09, 3.80157e-10, 4.93596e-08, 0.471118, 0.14178, 1173, 1173, 0.175166, 0.0321382, 9.87677e-17, 0.0799775, 0.0237318, 0.664803, 2.22451e-05, 0.255519, 0.00760537, 4.26374e-09, 0.00429464, 2.39863e-05, 0.260686, 0.000238871, 8.2975e-08, 6.409e-11, 1.48415e-11, 1.23169e-09, 3.82311e-10, 4.95918e-08, 0.471632, 0.141232, 1173, 1173, 0.177071, 0.032079, 1.05924e-16, 0.0821762, 0.0231403, 0.671693, 2.24755e-05, 0.253011, 0.0079184, 4.31317e-09, 0.00434225, 2.48249e-05, 0.26056, 0.000245084, 8.00057e-08, 6.30861e-11, 1.52499e-11, 1.25192e-09, 3.91974e-10, 5.05806e-08, 0.473898, 0.138884, 1173, 1173, 0.183937, 0.0247569, 1.50883e-16, 0.0641314, 0.0193134, 0.678244, 2.21173e-05, 0.246435, 0.0100588, 4.84984e-09, 0.00474617, 2.50714e-05, 0.240833, 0.000288788, 5.54221e-08, 4.88855e-11, 1.8692e-11, 1.45359e-09, 4.75396e-10, 4.74097e-08, 0.497613, 0.13767, 1173, 1173, 0.191964, 0.0257194, 1.71889e-16, 0.0689348, 0.0192693, 0.708474, 2.31195e-05, 0.242787, 0.0105828, 4.89981e-09, 0.00479936, 2.63957e-05, 0.241446, 0.000297869, 5.32605e-08, 4.81989e-11, 1.93132e-11, 1.48076e-09, 4.89769e-10, 4.89374e-08, 0.500061, 
0.00157895, 1.00023e+06, 1.00023e+06, 1.00023e+06, 1.00185e+06, 1.00147e+06, 0.150511, 1173, 1173, 0.143118, 0.0652149, 3.55662e-17, 0.127305, 0.0381533, 0.61836, 2.26264e-05, 0.269125, 0.00379419, 2.78819e-09, 0.00319706, 2.25716e-05, 0.317076, 0.000145574, 2.32004e-07, 1.27149e-10, 8.00585e-12, 7.65864e-10, 2.10219e-10, 5.6945e-08, 0.40664, 0.150214, 1173, 1173, 0.143508, 0.0653827, 3.63405e-17, 0.129003, 0.0378664, 0.620409, 2.27156e-05, 0.268299, 0.00383945, 2.79691e-09, 0.00320895, 2.28858e-05, 0.317435, 0.000146712, 2.30185e-07, 1.27009e-10, 8.05857e-12, 7.6857e-10, 2.11511e-10, 5.75031e-08, 0.407048, 0.149073, 1173, 1173, 0.146065, 0.0639965, 3.95313e-17, 0.130075, 0.0368874, 0.626864, 2.2871e-05, 0.266757, 0.00401184, 2.86753e-09, 0.00326602, 2.34031e-05, 0.315727, 0.000151297, 2.18828e-07, 1.23589e-10, 8.35076e-12, 7.89295e-10, 2.19029e-10, 5.80365e-08, 0.410064, 0.147721, 1173, 1173, 0.158397, 0.0517721, 4.77271e-17, 0.110358, 0.0340977, 0.646269, 2.28154e-05, 0.268205, 0.00466055, 3.26474e-09, 0.00353509, 2.21622e-05, 0.296277, 0.000169655, 1.66758e-07, 1.01322e-10, 9.7984e-12, 9.05921e-10, 2.56994e-10, 5.30618e-08, 0.42713, 0.14444, 1173, 1173, 0.160966, 0.0500198, 6.06216e-17, 0.11708, 0.0306709, 0.654733, 2.31545e-05, 0.26053, 0.00533766, 3.42247e-09, 0.0036945, 2.48736e-05, 0.295885, 0.000185609, 1.47618e-07, 9.6465e-11, 1.07227e-11, 9.57845e-10, 2.79581e-10, 5.68954e-08, 0.434343, 
0.00263158, 1.00022e+06, 1.00022e+06, 1.00021e+06, 1.00176e+06, 1.00138e+06, 0.155837, 1173, 1173, 0.121742, 0.090487, 2.25169e-17, 0.148488, 0.0463306, 0.587437, 2.26894e-05, 0.271418, 0.00276447, 2.13314e-09, 0.00273161, 2.20451e-05, 0.344242, 0.00011486, 3.69823e-07, 1.71827e-10, 5.85189e-12, 5.81875e-10, 1.51907e-10, 6.02101e-08, 0.378707, 0.155336, 1173, 1173, 0.122605, 0.0904149, 2.26806e-17, 0.15014, 0.0459961, 0.590511, 2.27964e-05, 0.270735, 0.0028041, 2.14919e-09, 0.0027471, 2.23134e-05, 0.344197, 0.000116008, 3.65114e-07, 1.71029e-10, 5.91015e-12, 5.86269e-10, 1.53476e-10, 6.06819e-08, 0.379378, 0.154399, 1173, 1173, 0.125442, 0.0871007, 2.44574e-17, 0.148734, 0.0447777, 0.594476, 2.27864e-05, 0.270155, 0.0029251, 2.22957e-09, 0.00280409, 2.25377e-05, 0.341275, 0.000119707, 3.44894e-07, 1.65252e-10, 6.15912e-12, 6.08376e-10, 1.60355e-10, 6.06316e-08, 0.382698, 0.153377, 1173, 1173, 0.137418, 0.0724989, 2.85881e-17, 0.130379, 0.0424719, 0.610583, 2.26531e-05, 0.27345, 0.00327894, 2.54848e-09, 0.00300514, 2.11928e-05, 0.323943, 0.000131205, 2.7671e-07, 1.40333e-10, 7.09434e-12, 6.97261e-10, 1.86336e-10, 5.57524e-08, 0.39617, 0.145495, 1173, 1173, 0.139293, 0.0684508, 3.89091e-17, 0.14234, 0.035939, 0.615633, 2.29582e-05, 0.262582, 0.00399817, 2.75073e-09, 0.00322645, 2.5383e-05, 0.324596, 0.000150121, 2.33536e-07, 1.32389e-10, 8.05602e-12, 7.57138e-10, 2.10725e-10, 6.26677e-08, 0.405421, 
0.00368421, 1.0002e+06, 1.0002e+06, 1.0002e+06, 1.00166e+06, 1.0013e+06, 0.159524, 1173, 1173, 0.106953, 0.111668, 1.7115e-17, 0.161724, 0.0523211, 0.570088, 2.28819e-05, 0.271706, 0.00227207, 1.73883e-09, 0.00245972, 2.16961e-05, 0.361254, 9.8812e-05, 4.92641e-07, 2.05944e-10, 4.76455e-12, 4.75106e-10, 1.2062e-10, 6.20183e-08, 0.362187, 0.159126, 1173, 1173, 0.107786, 0.110864, 1.75089e-17, 0.162363, 0.0518423, 0.571572, 2.29016e-05, 0.271281, 0.00230411, 1.75914e-09, 0.00247563, 2.18794e-05, 0.360827, 9.98275e-05, 4.85231e-07, 2.04475e-10, 4.82156e-12, 4.80492e-10, 1.22275e-10, 6.23063e-08, 0.36299, 0.158099, 1173, 1173, 0.111367, 0.106522, 1.84362e-17, 0.159848, 0.0508005, 0.576455, 2.28848e-05, 0.271392, 0.0023927, 1.83988e-09, 0.00252741, 2.19018e-05, 0.357319, 0.000102787, 4.58568e-07, 1.97192e-10, 5.03178e-12, 5.02164e-10, 1.2844e-10, 6.18426e-08, 0.366244, 0.15769, 1173, 1173, 0.123239, 0.0914323, 2.09014e-17, 0.144033, 0.0490773, 0.592954, 2.28296e-05, 0.27512, 0.00262382, 2.10285e-09, 0.0026851, 2.06716e-05, 0.342236, 0.000110943, 3.81883e-07, 1.72066e-10, 5.7049e-12, 5.73791e-10, 1.48097e-10, 5.74549e-08, 0.377204, 0.146708, 1173, 1173, 0.123714, 0.083383, 3.06644e-17, 0.159829, 0.038798, 0.589517, 2.28925e-05, 0.261448, 0.00339691, 2.34238e-09, 0.00296222, 2.63018e-05, 0.343713, 0.000132587, 3.07355e-07, 1.60733e-10, 6.69333e-12, 6.40971e-10, 1.74154e-10, 6.74923e-08, 0.38832, 
0.00473684, 1.00019e+06, 1.00019e+06, 1.00019e+06, 1.00157e+06, 1.00121e+06, 0.162408, 1173, 1173, 0.0952991, 0.128571, 1.40516e-17, 0.169563, 0.0567113, 0.555551, 2.29481e-05, 0.271626, 0.00198087, 1.47322e-09, 0.00227918, 2.13566e-05, 0.372787, 8.88127e-05, 5.99799e-07, 2.32436e-10, 4.11801e-12, 4.04645e-10, 1.00947e-10, 6.29326e-08, 0.351216, 0.161967, 1173, 1173, 0.0963625, 0.12713, 1.43931e-17, 0.169381, 0.0562152, 0.556679, 2.29271e-05, 0.271465, 0.00200767, 1.49709e-09, 0.00229521, 2.14533e-05, 0.371982, 8.97253e-05, 5.89632e-07, 2.30237e-10, 4.17473e-12, 4.10903e-10, 1.02697e-10, 6.30149e-08, 0.352139, 0.16121, 1173, 1173, 0.0985709, 0.119613, 1.48868e-17, 0.162892, 0.0542962, 0.551541, 2.2474e-05, 0.272066, 0.0020783, 1.5781e-09, 0.00234337, 2.13363e-05, 0.368034, 9.22427e-05, 5.57336e-07, 2.21694e-10, 4.36143e-12, 4.32372e-10, 1.08462e-10, 6.22409e-08, 0.355364, 0.160882, 1173, 1173, 0.111069, 0.107174, 1.66808e-17, 0.15244, 0.0538441, 0.575681, 2.28261e-05, 0.275592, 0.0022423, 1.79489e-09, 0.00246891, 2.03098e-05, 0.355305, 9.83458e-05, 4.78968e-07, 1.98136e-10, 4.8642e-12, 4.90601e-10, 1.23808e-10, 5.85484e-08, 0.364273, 0.144888, 1173, 1173, 0.113093, 0.0977128, 2.68992e-17, 0.177637, 0.0409832, 0.579408, 2.32963e-05, 0.259087, 0.00306544, 2.05252e-09, 0.00279073, 2.74924e-05, 0.358288, 0.000122253, 3.70963e-07, 1.84476e-10, 5.83106e-12, 5.60375e-10, 1.50289e-10, 7.20767e-08, 0.376619, 
0.00578947, 1.00018e+06, 1.00018e+06, 1.00018e+06, 1.00147e+06, 1.00112e+06, 0.164696, 1173, 1173, 0.0846145, 0.141309, 1.19922e-17, 0.172926, 0.0595107, 0.537051, 2.27083e-05, 0.271377, 0.00178254, 1.27377e-09, 0.00214554, 2.10578e-05, 0.381518, 8.17423e-05, 6.96781e-07, 2.54441e-10, 3.68088e-12, 3.52501e-10, 8.69062e-11, 6.34648e-08, 0.343073, 0.164431, 1173, 1173, 0.0863353, 0.140229, 1.22882e-17, 0.173116, 0.0593981, 0.541116, 2.27953e-05, 0.271432, 0.00180448, 1.29902e-09, 0.0021607, 2.10844e-05, 0.380464, 8.25338e-05, 6.8463e-07, 2.51717e-10, 3.73423e-12, 3.59076e-10, 8.86394e-11, 6.33805e-08, 0.344034, 0.163667, 1173, 1173, 0.0897641, 0.133479, 1.2725e-17, 0.167946, 0.0581842, 0.541914, 2.25766e-05, 0.272302, 0.00186103, 1.37557e-09, 0.00220386, 2.0897e-05, 0.376471, 8.46502e-05, 6.49214e-07, 2.42678e-10, 3.89458e-12, 3.79179e-10, 9.38285e-11, 6.24708e-08, 0.347056, 0.16363, 1173, 1173, 0.099661, 0.119468, 1.39175e-17, 0.15654, 0.0569671, 0.554756, 2.25419e-05, 0.275605, 0.00198862, 1.56354e-09, 0.00230973, 2.00203e-05, 0.365299, 8.95807e-05, 5.69004e-07, 2.20223e-10, 4.2961e-12, 4.29129e-10, 1.06612e-10, 5.92733e-08, 0.354688, 0.144372, 1173, 1173, 0.101731, 0.10814, 2.41395e-17, 0.189716, 0.0414498, 0.559471, 2.31976e-05, 0.256361, 0.00285948, 1.82933e-09, 0.0026699, 2.87831e-05, 0.369992, 0.00011549, 4.25999e-07, 2.04857e-10, 5.21667e-12, 4.99088e-10, 1.32891e-10, 7.64175e-08, 0.367973, 
0.00684211, 1.00017e+06, 1.00017e+06, 1.00017e+06, 1.00137e+06, 1.00103e+06, 0.166632, 1173, 1173, 0.0771049, 0.152494, 1.08118e-17, 0.176073, 0.0621851, 0.527234, 2.26936e-05, 0.271223, 0.00164609, 1.12884e-09, 0.00204846, 2.0764e-05, 0.387773, 7.6754e-05, 7.78328e-07, 2.71528e-10, 3.39037e-12, 3.15066e-10, 7.70759e-11, 6.363e-08, 0.337211, 0.166306, 1173, 1173, 0.0787586, 0.150941, 1.09454e-17, 0.175627, 0.0620258, 0.530329, 2.2734e-05, 0.271412, 0.00166475, 1.15432e-09, 0.00206276, 2.07489e-05, 0.386587, 7.74566e-05, 7.64789e-07, 2.68478e-10, 3.43984e-12, 3.21667e-10, 7.87538e-11, 6.3447e-08, 0.338174, 0.165695, 1173, 1173, 0.0810652, 0.141634, 1.11082e-17, 0.167719, 0.0599686, 0.523157, 2.21779e-05, 0.272435, 0.00171304, 1.2277e-09, 0.00210264, 2.05265e-05, 0.382592, 7.93278e-05, 7.26793e-07, 2.59088e-10, 3.58254e-12, 3.40807e-10, 8.35641e-11, 6.24716e-08, 0.341057, 0.165741, 1173, 1173, 0.0939927, 0.134978, 1.25512e-17, 0.165687, 0.0616986, 0.559412, 2.31976e-05, 0.275346, 0.00181383, 1.38723e-09, 0.0021911, 1.98129e-05, 0.373081, 8.33274e-05, 6.49506e-07, 2.38712e-10, 3.901e-12, 3.82849e-10, 9.40992e-11, 5.98211e-08, 0.347464, 0.141369, 1173, 1173, 0.0927273, 0.11716, 2.27513e-17, 0.202052, 0.0414218, 0.545722, 2.326e-05, 0.253318, 0.00274364, 1.65737e-09, 0.00258858, 3.02557e-05, 0.379493, 0.000111391, 4.69943e-07, 2.21759e-10, 4.77339e-12, 4.52203e-10, 1.20118e-10, 8.07448e-08, 0.361715, 
0.00736842, 1.00016e+06, 1.00016e+06, 1.00016e+06, 1.00132e+06, 1.00099e+06, 0.167459, 1173, 1173, 0.0751048, 0.160687, 1.04287e-17, 0.180747, 0.0646257, 0.532853, 2.31214e-05, 0.271154, 0.00158874, 1.06552e-09, 0.00200621, 2.06192e-05, 0.390486, 7.46234e-05, 8.1722e-07, 2.79293e-10, 3.27115e-12, 2.98837e-10, 7.28841e-11, 6.36493e-08, 0.334669, 0.167251, 1173, 1173, 0.0744863, 0.154034, 1.0207e-17, 0.17457, 0.0624899, 0.519467, 2.24448e-05, 0.271405, 0.00160649, 1.09167e-09, 0.00202044, 2.05859e-05, 0.389216, 7.53047e-05, 8.02698e-07, 2.76018e-10, 3.32004e-12, 3.05595e-10, 7.45766e-11, 6.34186e-08, 0.335656, 0.166616, 1173, 1173, 0.0800926, 0.151062, 1.08759e-17, 0.174029, 0.0631149, 0.534645, 2.28509e-05, 0.272452, 0.00165044, 1.16169e-09, 0.00205797, 2.03599e-05, 0.38534, 7.70334e-05, 7.64545e-07, 2.66746e-10, 3.45159e-12, 3.23802e-10, 7.91018e-11, 6.24541e-08, 0.338401, 0.166688, 1173, 1173, 0.08951, 0.139532, 1.17452e-17, 0.166487, 0.062633, 0.550506, 2.30392e-05, 0.275203, 0.00174282, 1.31159e-09, 0.00214074, 1.97124e-05, 0.376414, 8.07358e-05, 6.8762e-07, 2.47047e-10, 3.74141e-12, 3.63144e-10, 8.88763e-11, 6.00156e-08, 0.344398, 0.141237, 1173, 1173, 0.0874805, 0.119548, 2.18673e-17, 0.205035, 0.0407469, 0.532325, 2.29818e-05, 0.251849, 0.00270096, 1.58254e-09, 0.00255563, 3.09847e-05, 0.383652, 0.000109815, 4.89421e-07, 2.29349e-10, 4.58559e-12, 4.31868e-10, 1.14668e-10, 8.2808e-08, 0.359101, 
0.00763158, 1.00016e+06, 1.00016e+06, 1.00016e+06, 1.0013e+06, 1.00096e+06, 0.167909, 1173, 1173, 0.0734518, 0.163298, 1.01589e-17, 0.181412, 0.0652423, 0.530859, 2.31254e-05, 0.271111, 0.00156223, 1.03561e-09, 0.00198631, 2.05505e-05, 0.391775, 7.36301e-05, 8.36347e-07, 2.83041e-10, 3.21656e-12, 2.91197e-10, 7.09269e-11, 6.36551e-08, 0.33347, 0.167626, 1173, 1173, 0.0733695, 0.15749, 1.00513e-17, 0.176251, 0.0634999, 0.520833, 2.25898e-05, 0.271393, 0.00157947, 1.06187e-09, 0.00200046, 2.05084e-05, 0.390467, 7.42987e-05, 8.21394e-07, 2.79669e-10, 3.26476e-12, 2.97977e-10, 7.26135e-11, 6.34019e-08, 0.334464, 0.167035, 1173, 1173, 0.0782414, 0.153154, 1.05675e-17, 0.17416, 0.0635806, 0.531173, 2.27929e-05, 0.272447, 0.00162172, 1.13065e-09, 0.00203706, 2.02825e-05, 0.386643, 7.59713e-05, 7.83041e-07, 2.70431e-10, 3.39186e-12, 3.15832e-10, 7.7029e-11, 6.24452e-08, 0.337155, 0.167161, 1173, 1173, 0.0878257, 0.142482, 1.14896e-17, 0.167735, 0.0634079, 0.549155, 2.30852e-05, 0.275126, 0.00171011, 1.27581e-09, 0.00211707, 1.96635e-05, 0.37799, 7.95313e-05, 7.06438e-07, 2.51076e-10, 3.66807e-12, 3.53858e-10, 8.64372e-11, 6.01012e-08, 0.342956, 0.139702, 1173, 1173, 0.0884095, 0.125806, 2.24652e-17, 0.215256, 0.0420774, 0.547669, 2.38016e-05, 0.251069, 0.00268126, 1.54476e-09, 0.00253957, 3.13776e-05, 0.385762, 0.00010907, 4.99307e-07, 2.33238e-10, 4.49187e-12, 4.21617e-10, 1.1194e-10, 8.39002e-08, 0.357807, 
0.00789474, 1.00016e+06, 1.00016e+06, 1.00016e+06, 1.00127e+06, 1.00094e+06, 0.168267, 1173, 1173, 0.0709532, 0.1636, 9.7847e-18, 0.179612, 0.0649694, 0.522053, 2.28257e-05, 0.271079, 0.0015376, 1.00772e-09, 0.00196769, 2.04812e-05, 0.392967, 7.27044e-05, 8.54676e-07, 2.86569e-10, 3.16667e-12, 2.84092e-10, 6.91139e-11, 6.36457e-08, 0.332354, 0.168092, 1173, 1173, 0.0726585, 0.161699, 9.94977e-18, 0.178778, 0.0648157, 0.524858, 2.28485e-05, 0.271378, 0.00155409, 1.03362e-09, 0.00198149, 2.04336e-05, 0.391658, 7.33492e-05, 8.39622e-07, 2.83182e-10, 3.2134e-12, 2.90772e-10, 7.07656e-11, 6.33813e-08, 0.333333, 0.167462, 1173, 1173, 0.0759568, 0.154045, 1.01786e-17, 0.173032, 0.0635733, 0.524198, 2.25781e-05, 0.272444, 0.00159508, 1.10155e-09, 0.00201747, 2.02068e-05, 0.387857, 7.49817e-05, 8.00822e-07, 2.73918e-10, 3.3369e-12, 3.08378e-10, 7.50994e-11, 6.2427e-08, 0.33599, 0.167593, 1173, 1173, 0.0878332, 0.148153, 1.14088e-17, 0.172154, 0.0653798, 0.558328, 2.35722e-05, 0.275039, 0.00167947, 1.24163e-09, 0.00209459, 1.9619e-05, 0.379508, 7.83962e-05, 7.24925e-07, 2.54995e-10, 3.59935e-12, 3.45004e-10, 8.41263e-11, 6.01874e-08, 0.341581, 0.140088, 1173, 1173, 0.0853242, 0.126102, 2.19407e-17, 0.215405, 0.0414299, 0.537705, 2.3516e-05, 0.250312, 0.00266488, 1.50997e-09, 0.00252534, 3.17642e-05, 0.387719, 0.000108431, 5.0834e-07, 2.36845e-10, 4.40631e-12, 4.12182e-10, 1.09445e-10, 8.49552e-08, 0.356638, 
0.00802632, 1.00015e+06, 1.00015e+06, 1.00015e+06, 1.00126e+06, 1.00093e+06, 0.168504, 1173, 1173, 0.0701653, 0.164719, 9.68543e-18, 0.179799, 0.0652224, 0.520895, 2.2816e-05, 0.271063, 0.00152575, 9.94161e-10, 0.00195866, 2.04471e-05, 0.393547, 7.22574e-05, 8.63736e-07, 2.88297e-10, 3.14277e-12, 2.80644e-10, 6.82372e-11, 6.36397e-08, 0.331813, 0.168231, 1173, 1173, 0.0704453, 0.159553, 9.66261e-18, 0.175375, 0.063777, 0.513255, 2.23837e-05, 0.271373, 0.00154198, 1.02008e-09, 0.00197237, 2.03963e-05, 0.392228, 7.28943e-05, 8.48545e-07, 2.84881e-10, 3.18915e-12, 2.87323e-10, 6.98839e-11, 6.33675e-08, 0.332791, 0.167658, 1173, 1173, 0.0765148, 0.157934, 1.02953e-17, 0.176332, 0.0649873, 0.532439, 2.29755e-05, 0.27244, 0.00158222, 1.0873e-09, 0.00200794, 2.01704e-05, 0.388453, 7.45022e-05, 8.0967e-07, 2.75641e-10, 3.31038e-12, 3.04734e-10, 7.41602e-11, 6.24191e-08, 0.335422, 0.167813, 1173, 1173, 0.0876252, 0.150642, 1.13935e-17, 0.173948, 0.0662103, 0.56159, 2.37596e-05, 0.274996, 0.00166486, 1.22514e-09, 0.00208379, 1.95969e-05, 0.380238, 7.78531e-05, 7.3401e-07, 2.569e-10, 3.56664e-12, 3.40741e-10, 8.30179e-11, 6.02265e-08, 0.340919, 0.138823, 1173, 1173, 0.0850903, 0.128156, 2.20771e-17, 0.218764, 0.0417309, 0.540928, 2.37315e-05, 0.249929, 0.00265726, 1.49279e-09, 0.00251847, 3.19617e-05, 0.388687, 0.000108129, 5.12788e-07, 2.38634e-10, 4.36425e-12, 4.07524e-10, 1.08218e-10, 8.54891e-08, 0.356068, 
0.00809211, 1.00015e+06, 1.00015e+06, 1.00015e+06, 1.00125e+06, 1.00093e+06, 0.168559, 1173, 1173, 0.0697377, 0.165182, 9.58634e-18, 0.179791, 0.0653113, 0.520037, 2.27987e-05, 0.271054, 0.00151994, 9.87489e-10, 0.00195422, 2.04303e-05, 0.393832, 7.20379e-05, 8.68235e-07, 2.89151e-10, 3.13109e-12, 2.78948e-10, 6.78069e-11, 6.36364e-08, 0.331546, 0.16839, 1173, 1173, 0.0699536, 0.159833, 9.56489e-18, 0.175174, 0.0638003, 0.511873, 2.23433e-05, 0.271369, 0.00153602, 1.01337e-09, 0.00196787, 2.03781e-05, 0.39251, 7.26703e-05, 8.52995e-07, 2.85726e-10, 3.17723e-12, 2.85617e-10, 6.94488e-11, 6.33611e-08, 0.332523, 0.167767, 1173, 1173, 0.0768686, 0.160056, 1.01644e-17, 0.17817, 0.0657648, 0.53711, 2.31985e-05, 0.272437, 0.00157592, 1.0803e-09, 0.00200323, 2.01524e-05, 0.388747, 7.42664e-05, 8.14074e-07, 2.76495e-10, 3.29743e-12, 3.02943e-10, 7.36995e-11, 6.2415e-08, 0.335141, 0.167915, 1173, 1173, 0.0882343, 0.153141, 1.1351e-17, 0.176281, 0.0671719, 0.567832, 2.4049e-05, 0.274973, 0.00165767, 1.21697e-09, 0.00207844, 1.95864e-05, 0.380602, 7.7585e-05, 7.38568e-07, 2.57855e-10, 3.55054e-12, 3.38627e-10, 8.24698e-11, 6.02472e-08, 0.340591, 0.139645, 1173, 1173, 0.0843744, 0.128272, 2.21045e-17, 0.218893, 0.0415846, 0.538716, 2.36713e-05, 0.249738, 0.00265363, 1.48433e-09, 0.00251512, 3.20605e-05, 0.389164, 0.000107983, 5.14974e-07, 2.39517e-10, 4.3436e-12, 4.05232e-10, 1.07616e-10, 8.57551e-08, 0.355788, 
0.00815789, 1.00015e+06, 1.00015e+06, 1.00015e+06, 1.00125e+06, 1.00092e+06, 0.168696, 1173, 1173, 0.0694507, 0.165965, 9.59081e-18, 0.180133, 0.0655273, 0.520205, 2.28262e-05, 0.271046, 0.00151422, 9.80902e-10, 0.00194983, 2.04135e-05, 0.394113, 7.18214e-05, 8.72706e-07, 2.89997e-10, 3.11963e-12, 2.77275e-10, 6.73827e-11, 6.36327e-08, 0.331283, 0.168427, 1173, 1173, 0.0690489, 0.159141, 9.3889e-18, 0.173915, 0.0634372, 0.507421, 2.21686e-05, 0.271365, 0.00153016, 1.00677e-09, 0.00196343, 2.036e-05, 0.392789, 7.24498e-05, 8.57408e-07, 2.86561e-10, 3.16555e-12, 2.83938e-10, 6.90207e-11, 6.33541e-08, 0.332259, 0.167857, 1173, 1173, 0.0764626, 0.160595, 1.01089e-17, 0.178244, 0.0658915, 0.536466, 2.3192e-05, 0.272434, 0.0015697, 1.07338e-09, 0.00199859, 2.01346e-05, 0.389038, 7.40339e-05, 8.18451e-07, 2.77341e-10, 3.28473e-12, 3.01178e-10, 7.32459e-11, 6.24106e-08, 0.334865, 0.168022, 1173, 1173, 0.0862302, 0.151065, 1.14806e-17, 0.173361, 0.0661316, 0.557195, 2.36227e-05, 0.274951, 0.00165066, 1.20898e-09, 0.00207321, 1.95755e-05, 0.380956, 7.73231e-05, 7.43046e-07, 2.58786e-10, 3.53488e-12, 3.36565e-10, 8.19354e-11, 6.02656e-08, 0.340271, 0.138524, 1173, 1173, 0.0846138, 0.129842, 2.21404e-17, 0.221511, 0.0419082, 0.542608, 2.38796e-05, 0.249546, 0.0026501, 1.47593e-09, 0.00251182, 3.21602e-05, 0.389639, 0.00010784, 5.17144e-07, 2.40396e-10, 4.32311e-12, 4.02954e-10, 1.07017e-10, 8.60222e-08, 0.355512, 
0.00816612, 1.00015e+06, 1.00015e+06, 1.00015e+06, 1.00124e+06, 1.00092e+06, 0.168667, 1173, 1173, 0.0693193, 0.165834, 9.5648e-18, 0.179927, 0.0654639, 0.519509, 2.27982e-05, 0.271045, 0.00151351, 9.80083e-10, 0.00194929, 2.04115e-05, 0.394148, 7.17945e-05, 8.73263e-07, 2.90103e-10, 3.11821e-12, 2.77067e-10, 6.73301e-11, 6.36322e-08, 0.331251, 0.1685, 1173, 1173, 0.0691035, 0.159439, 9.43823e-18, 0.174179, 0.0635453, 0.508094, 2.22005e-05, 0.271365, 0.00152944, 1.00594e-09, 0.00196288, 2.03578e-05, 0.392823, 7.24224e-05, 8.57959e-07, 2.86665e-10, 3.1641e-12, 2.83729e-10, 6.89675e-11, 6.33533e-08, 0.332226, 0.167876, 1173, 1173, 0.0752945, 0.158312, 1.00673e-17, 0.175646, 0.0649433, 0.528541, 2.2852e-05, 0.272433, 0.00156893, 1.07253e-09, 0.00199801, 2.01324e-05, 0.389075, 7.40051e-05, 8.18996e-07, 2.77446e-10, 3.28316e-12, 3.00958e-10, 7.31896e-11, 6.24101e-08, 0.33483, 0.168033, 1173, 1173, 0.08736, 0.153224, 1.14015e-17, 0.175771, 0.06706, 0.564785, 2.39476e-05, 0.274948, 0.00164978, 1.20798e-09, 0.00207255, 1.95742e-05, 0.381001, 7.72905e-05, 7.43607e-07, 2.58903e-10, 3.53293e-12, 3.36307e-10, 8.18686e-11, 6.02679e-08, 0.340231, 0.139476, 1173, 1173, 0.0843521, 0.129592, 2.21477e-17, 0.221076, 0.0418043, 0.541226, 2.38234e-05, 0.249522, 0.00264967, 1.47488e-09, 0.00251141, 3.21726e-05, 0.389698, 0.000107823, 5.17414e-07, 2.40505e-10, 4.32057e-12, 4.02671e-10, 1.06943e-10, 8.60556e-08, 0.355478, 
0.00817434, 1.00015e+06, 1.00015e+06, 1.00015e+06, 1.00124e+06, 1.00092e+06, 0.16872, 1173, 1173, 0.0692311, 0.165805, 9.54706e-18, 0.179833, 0.0654412, 0.519136, 2.27843e-05, 0.271044, 0.0015128, 9.79266e-10, 0.00194875, 2.04094e-05, 0.394183, 7.17677e-05, 8.73821e-07, 2.90208e-10, 3.11679e-12, 2.7686e-10, 6.72775e-11, 6.36317e-08, 0.331218, 0.168451, 1173, 1173, 0.0687418, 0.158777, 9.40083e-18, 0.173393, 0.0632704, 0.505706, 2.20985e-05, 0.271364, 0.00152871, 1.00512e-09, 0.00196232, 2.03555e-05, 0.392858, 7.2395e-05, 8.58509e-07, 2.86769e-10, 3.16265e-12, 2.8352e-10, 6.89143e-11, 6.33524e-08, 0.332193, 0.167881, 1173, 1173, 0.0759562, 0.159876, 1.01914e-17, 0.177316, 0.0655731, 0.53346, 2.30673e-05, 0.272433, 0.00156817, 1.07167e-09, 0.00199744, 2.01302e-05, 0.389111, 7.39764e-05, 8.19539e-07, 2.77551e-10, 3.28158e-12, 3.00739e-10, 7.31333e-11, 6.24096e-08, 0.334796, 0.168049, 1173, 1173, 0.0874293, 0.153525, 1.12084e-17, 0.176048, 0.0671752, 0.565522, 2.39819e-05, 0.274946, 0.00164891, 1.20699e-09, 0.0020719, 1.95729e-05, 0.381045, 7.72579e-05, 7.44169e-07, 2.5902e-10, 3.53098e-12, 3.3605e-10, 8.1802e-11, 6.02703e-08, 0.340191, 0.138487, 1173, 1173, 0.0842857, 0.12964, 2.21495e-17, 0.221152, 0.041797, 0.541095, 2.38223e-05, 0.249498, 0.00264923, 1.47384e-09, 0.002511, 3.21851e-05, 0.389757, 0.000107805, 5.17684e-07, 2.40615e-10, 4.31802e-12, 4.02388e-10, 1.06869e-10, 8.6089e-08, 0.355444, 
0.00818257, 1.00015e+06, 1.00015e+06, 1.00015e+06, 1.00124e+06, 1.00092e+06, 0.168691, 1173, 1173, 0.0691101, 0.165698, 9.52832e-18, 0.179654, 0.0653873, 0.518517, 2.27596e-05, 0.271043, 0.00151209, 9.7845e-10, 0.0019482, 2.04073e-05, 0.394218, 7.17409e-05, 8.74377e-07, 2.90313e-10, 3.11537e-12, 2.76653e-10, 6.7225e-11, 6.36313e-08, 0.331185, 0.168523, 1173, 1173, 0.0684347, 0.158238, 9.35896e-18, 0.172744, 0.0630452, 0.503717, 2.2014e-05, 0.271364, 0.00152799, 1.0043e-09, 0.00196177, 2.03533e-05, 0.392892, 7.23677e-05, 8.59059e-07, 2.86872e-10, 3.1612e-12, 2.83312e-10, 6.88613e-11, 6.33516e-08, 0.33216, 0.167902, 1173, 1173, 0.0759611, 0.160058, 1.01936e-17, 0.177454, 0.0656363, 0.533768, 2.30833e-05, 0.272432, 0.0015674, 1.07081e-09, 0.00199686, 2.0128e-05, 0.389147, 7.39477e-05, 8.20083e-07, 2.77656e-10, 3.28001e-12, 3.0052e-10, 7.30771e-11, 6.2409e-08, 0.334762, 0.16806, 1173, 1173, 0.0875857, 0.153979, 1.11718e-17, 0.176502, 0.0673573, 0.566822, 2.40402e-05, 0.274943, 0.00164804, 1.20599e-09, 0.00207125, 1.95715e-05, 0.381089, 7.72253e-05, 7.44731e-07, 2.59137e-10, 3.52904e-12, 3.35793e-10, 8.17355e-11, 6.02727e-08, 0.340151, 0.139439, 1173, 1173, 0.0835613, 0.128675, 2.23349e-17, 0.219499, 0.0414631, 0.536737, 2.3635e-05, 0.249474, 0.0026488, 1.4728e-09, 0.0025106, 3.21976e-05, 0.389816, 0.000107788, 5.17953e-07, 2.40724e-10, 4.31548e-12, 4.02105e-10, 1.06795e-10, 8.61224e-08, 0.355409, 
0.00819079, 1.00015e+06, 1.00015e+06, 1.00015e+06, 1.00124e+06, 1.00092e+06, 0.168743, 1173, 1173, 0.0689889, 0.16559, 9.51059e-18, 0.179473, 0.065333, 0.517895, 2.27348e-05, 0.271042, 0.00151138, 9.77635e-10, 0.00194766, 2.04052e-05, 0.394253, 7.17142e-05, 8.74933e-07, 2.90418e-10, 3.11396e-12, 2.76446e-10, 6.71726e-11, 6.36308e-08, 0.331153, 0.168474, 1173, 1173, 0.06824, 0.157958, 9.33438e-18, 0.172377, 0.062923, 0.502553, 2.19655e-05, 0.271363, 0.00152726, 1.00348e-09, 0.00196123, 2.0351e-05, 0.392927, 7.23405e-05, 8.59607e-07, 2.86976e-10, 3.15976e-12, 2.83103e-10, 6.88083e-11, 6.33507e-08, 0.332128, 0.167906, 1173, 1173, 0.0760458, 0.160409, 1.01933e-17, 0.177778, 0.0657685, 0.534637, 2.31235e-05, 0.272432, 0.00156664, 1.06995e-09, 0.00199629, 2.01258e-05, 0.389183, 7.3919e-05, 8.20627e-07, 2.77761e-10, 3.27844e-12, 3.00302e-10, 7.3021e-11, 6.24085e-08, 0.334728, 0.168076, 1173, 1173, 0.0875463, 0.15409, 1.19195e-17, 0.176562, 0.0673891, 0.566855, 2.40447e-05, 0.27494, 0.00164717, 1.205e-09, 0.0020706, 1.95702e-05, 0.381134, 7.71926e-05, 7.45295e-07, 2.59254e-10, 3.5271e-12, 3.35537e-10, 8.16692e-11, 6.0275e-08, 0.340111, 0.138449, 1173, 1173, 0.0832324, 0.128318, 2.1944e-17, 0.218882, 0.0413251, 0.534916, 2.35594e-05, 0.249451, 0.00264837, 1.47175e-09, 0.00251019, 3.22101e-05, 0.389875, 0.00010777, 5.18221e-07, 2.40833e-10, 4.31295e-12, 4.01823e-10, 1.0672e-10, 8.61558e-08, 0.355375, 
0.00819901, 1.00015e+06, 1.00015e+06, 1.00015e+06, 1.00124e+06, 1.00092e+06, 0.168714, 1173, 1173, 0.0687554, 0.16521, 9.4788e-18, 0.179, 0.0651719, 0.516428, 2.26729e-05, 0.271041, 0.00151068, 9.76821e-10, 0.00194712, 2.04031e-05, 0.394288, 7.16875e-05, 8.75488e-07, 2.90522e-10, 3.11255e-12, 2.76239e-10, 6.71203e-11, 6.36303e-08, 0.33112, 0.168548, 1173, 1173, 0.0686947, 0.159183, 9.40223e-18, 0.173651, 0.0634, 0.506173, 2.21261e-05, 0.271363, 0.00152654, 1.00267e-09, 0.00196068, 2.03488e-05, 0.392961, 7.23133e-05, 8.60155e-07, 2.87079e-10, 3.15832e-12, 2.82896e-10, 6.87554e-11, 6.33499e-08, 0.332095, 0.167922, 1173, 1173, 0.0736335, 0.155487, 9.86306e-18, 0.172261, 0.0637394, 0.517944, 2.24039e-05, 0.272432, 0.00156588, 1.0691e-09, 0.00199572, 2.01236e-05, 0.389218, 7.38906e-05, 8.21166e-07, 2.77865e-10, 3.27688e-12, 3.00084e-10, 7.29651e-11, 6.24079e-08, 0.334694, 0.168087, 1173, 1173, 0.0882759, 0.155556, 1.23112e-17, 0.178173, 0.0680132, 0.571869, 2.42607e-05, 0.274937, 0.00164629, 1.204e-09, 0.00206994, 1.95689e-05, 0.381179, 7.71599e-05, 7.4586e-07, 2.59371e-10, 3.52517e-12, 3.3528e-10, 8.16029e-11, 6.02775e-08, 0.340071, 0.139401, 1173, 1173, 0.0833837, 0.1287, 2.18927e-17, 0.219527, 0.0414256, 0.536181, 2.36197e-05, 0.249427, 0.00264795, 1.47071e-09, 0.00250979, 3.22226e-05, 0.389934, 0.000107753, 5.1849e-07, 2.40942e-10, 4.31042e-12, 4.01541e-10, 1.06647e-10, 8.61891e-08, 0.355341, 
0.00820724, 1.00015e+06, 1.00015e+06, 1.00015e+06, 1.00124e+06, 1.00092e+06, 0.168766, 1173, 1173, 0.0684731, 0.164713, 9.44156e-18, 0.178398, 0.0649642, 0.514593, 2.25947e-05, 0.27104, 0.00150998, 9.76009e-10, 0.00194658, 2.04011e-05, 0.394322, 7.16609e-05, 8.76042e-07, 2.90627e-10, 3.11114e-12, 2.76033e-10, 6.70681e-11, 6.36298e-08, 0.331088, 0.168499, 1173, 1173, 0.0687139, 0.159399, 9.41924e-18, 0.173825, 0.0634753, 0.506585, 2.21466e-05, 0.271362, 0.00152582, 1.00185e-09, 0.00196013, 2.03466e-05, 0.392996, 7.22862e-05, 8.60705e-07, 2.87183e-10, 3.15689e-12, 2.82688e-10, 6.87026e-11, 6.3349e-08, 0.332062, 0.167932, 1173, 1173, 0.076421, 0.161547, 1.02375e-17, 0.178909, 0.0662118, 0.537828, 2.32666e-05, 0.272431, 0.00156512, 1.06825e-09, 0.00199516, 2.01215e-05, 0.389254, 7.38622e-05, 8.21706e-07, 2.77969e-10, 3.27531e-12, 2.99866e-10, 7.29091e-11, 6.24074e-08, 0.33466, 0.168098, 1173, 1173, 0.0842006, 0.148547, 1.02694e-17, 0.170081, 0.0649329, 0.545746, 2.31554e-05, 0.274934, 0.00164543, 1.20302e-09, 0.00206929, 1.95676e-05, 0.381222, 7.71276e-05, 7.4642e-07, 2.59487e-10, 3.52324e-12, 3.35025e-10, 8.15369e-11, 6.02798e-08, 0.340031, 0.138411, 1173, 1173, 0.0828635, 0.128045, 2.17582e-17, 0.218404, 0.0411923, 0.533127, 2.34897e-05, 0.249403, 0.00264752, 1.46967e-09, 0.00250938, 3.22351e-05, 0.389993, 0.000107735, 5.18757e-07, 2.41051e-10, 4.30789e-12, 4.01259e-10, 1.06573e-10, 8.62225e-08, 0.355307, 
0.00821546, 1.00015e+06, 1.00015e+06, 1.00015e+06, 1.00124e+06, 1.00092e+06, 0.168738, 1173, 1173, 0.0685797, 0.16515, 9.46061e-18, 0.17881, 0.0651254, 0.515681, 2.26449e-05, 0.271039, 0.00150928, 9.75197e-10, 0.00194604, 2.0399e-05, 0.394357, 7.16344e-05, 8.76595e-07, 2.90731e-10, 3.10974e-12, 2.75827e-10, 6.7016e-11, 6.36293e-08, 0.331056, 0.168574, 1173, 1173, 0.0692358, 0.160783, 9.52633e-18, 0.175272, 0.0640156, 0.510706, 2.23292e-05, 0.271362, 0.0015251, 1.00103e-09, 0.00195958, 2.03443e-05, 0.39303, 7.22589e-05, 8.61255e-07, 2.87287e-10, 3.15545e-12, 2.82481e-10, 6.86499e-11, 6.33482e-08, 0.33203, 0.167952, 1173, 1173, 0.0768065, 0.162536, 1.02817e-17, 0.17994, 0.0666055, 0.540818, 2.33986e-05, 0.272431, 0.00156436, 1.06739e-09, 0.00199458, 2.01193e-05, 0.38929, 7.38336e-05, 8.2225e-07, 2.78074e-10, 3.27376e-12, 2.99648e-10, 7.28533e-11, 6.24068e-08, 0.334626, 0.16811, 1173, 1173, 0.0854884, 0.150995, 1.15412e-17, 0.172818, 0.0659866, 0.554377, 2.35246e-05, 0.274931, 0.00164457, 1.20203e-09, 0.00206865, 1.95663e-05, 0.381266, 7.70955e-05, 7.46976e-07, 2.59603e-10, 3.52131e-12, 3.3477e-10, 8.14709e-11, 6.02821e-08, 0.339992, 0.139364, 1173, 1173, 0.0831452, 0.12863, 2.15246e-17, 0.219393, 0.0413575, 0.535231, 2.3587e-05, 0.249379, 0.0026471, 1.46864e-09, 0.00250898, 3.22476e-05, 0.390051, 0.000107718, 5.19025e-07, 2.41159e-10, 4.30536e-12, 4.00978e-10, 1.06499e-10, 8.62559e-08, 0.355273, 
0.00822368, 1.00015e+06, 1.00015e+06, 1.00015e+06, 1.00124e+06, 1.00092e+06, 0.168791, 1173, 1173, 0.0687197, 0.165669, 9.49047e-18, 0.179309, 0.0653184, 0.51702, 2.27062e-05, 0.271038, 0.00150858, 9.74387e-10, 0.0019455, 2.03969e-05, 0.394391, 7.16079e-05, 8.77148e-07, 2.90835e-10, 3.10833e-12, 2.75621e-10, 6.69639e-11, 6.36288e-08, 0.331024, 0.168523, 1173, 1173, 0.0683398, 0.158873, 9.48594e-18, 0.173129, 0.0632445, 0.504365, 2.20545e-05, 0.271361, 0.00152438, 1.00022e-09, 0.00195903, 2.03421e-05, 0.393065, 7.22318e-05, 8.61804e-07, 2.8739e-10, 3.15403e-12, 2.82274e-10, 6.85974e-11, 6.33473e-08, 0.331997, 0.167955, 1173, 1173, 0.0758147, 0.16061, 1.01477e-17, 0.177742, 0.0658043, 0.534107, 2.31109e-05, 0.27243, 0.0015636, 1.06654e-09, 0.00199401, 2.01171e-05, 0.389326, 7.38051e-05, 8.22793e-07, 2.78178e-10, 3.2722e-12, 2.99431e-10, 7.27976e-11, 6.24063e-08, 0.334592, 0.168126, 1173, 1173, 0.0864655, 0.152898, 1.14152e-17, 0.17493, 0.0668021, 0.561, 2.38086e-05, 0.274928, 0.00164371, 1.20104e-09, 0.00206801, 1.9565e-05, 0.38131, 7.70633e-05, 7.47534e-07, 2.59719e-10, 3.51938e-12, 3.34515e-10, 8.14049e-11, 6.02845e-08, 0.339952, 0.138374, 1173, 1173, 0.0823846, 0.1276, 2.0999e-17, 0.217631, 0.0410041, 0.530624, 2.33885e-05, 0.249355, 0.00264668, 1.4676e-09, 0.00250858, 3.22601e-05, 0.39011, 0.000107701, 5.19291e-07, 2.41268e-10, 4.30284e-12, 4.00697e-10, 1.06425e-10, 8.62892e-08, 0.355239, 
0.00823191, 1.00015e+06, 1.00015e+06, 1.00015e+06, 1.00124e+06, 1.00092e+06, 0.168761, 1173, 1173, 0.0684123, 0.165108, 9.47193e-18, 0.17864, 0.0650862, 0.514993, 2.26196e-05, 0.271037, 0.00150788, 9.73578e-10, 0.00194497, 2.03948e-05, 0.394426, 7.15814e-05, 8.777e-07, 2.90939e-10, 3.10694e-12, 2.75416e-10, 6.6912e-11, 6.36283e-08, 0.330991, 0.168596, 1173, 1173, 0.0677479, 0.157667, 9.24303e-18, 0.171754, 0.0627537, 0.500264, 2.18775e-05, 0.271361, 0.00152366, 9.99409e-10, 0.00195849, 2.03399e-05, 0.393099, 7.22048e-05, 8.62351e-07, 2.87493e-10, 3.1526e-12, 2.82068e-10, 6.85449e-11, 6.33464e-08, 0.331965, 0.167975, 1173, 1173, 0.0755943, 0.160315, 1.01171e-17, 0.177351, 0.0656718, 0.532827, 2.30581e-05, 0.27243, 0.00156284, 1.06569e-09, 0.00199344, 2.01149e-05, 0.389361, 7.37767e-05, 8.23334e-07, 2.78282e-10, 3.27065e-12, 2.99214e-10, 7.2742e-11, 6.24057e-08, 0.334558, 0.168137, 1173, 1173, 0.0862492, 0.152693, 1.1154e-17, 0.174629, 0.0666961, 0.559882, 2.37642e-05, 0.274926, 0.00164285, 1.20005e-09, 0.00206736, 1.95637e-05, 0.381354, 7.70311e-05, 7.48093e-07, 2.59835e-10, 3.51746e-12, 3.3426e-10, 8.13391e-11, 6.02869e-08, 0.339913, 0.139326, 1173, 1173, 0.0832808, 0.129138, 2.19643e-17, 0.220247, 0.0414755, 0.53669, 2.36605e-05, 0.249331, 0.00264626, 1.46656e-09, 0.00250817, 3.22726e-05, 0.390169, 0.000107684, 5.19558e-07, 2.41376e-10, 4.30032e-12, 4.00417e-10, 1.06352e-10, 8.63226e-08, 0.355206, 
0.00824013, 1.00015e+06, 1.00015e+06, 1.00015e+06, 1.00124e+06, 1.00091e+06, 0.168815, 1173, 1173, 0.0688914, 0.166446, 9.50219e-18, 0.180025, 0.0656023, 0.518887, 2.27931e-05, 0.271036, 0.00150718, 9.72771e-10, 0.00194443, 2.03928e-05, 0.39446, 7.1555e-05, 8.78253e-07, 2.91043e-10, 3.10554e-12, 2.75211e-10, 6.68601e-11, 6.36277e-08, 0.330959, 0.168547, 1173, 1173, 0.0678608, 0.158099, 9.27235e-18, 0.172164, 0.0629152, 0.501366, 2.19281e-05, 0.27136, 0.00152295, 9.98597e-10, 0.00195795, 2.03377e-05, 0.393133, 7.21778e-05, 8.62897e-07, 2.87596e-10, 3.15118e-12, 2.81862e-10, 6.84924e-11, 6.33456e-08, 0.331932, 0.16798, 1173, 1173, 0.0757996, 0.160922, 1.01436e-17, 0.177959, 0.0659091, 0.534548, 2.31352e-05, 0.272429, 0.00156208, 1.06484e-09, 0.00199288, 2.01127e-05, 0.389397, 7.37484e-05, 8.23874e-07, 2.78386e-10, 3.2691e-12, 2.98997e-10, 7.26864e-11, 6.24052e-08, 0.334524, 0.168151, 1173, 1173, 0.0853394, 0.151258, 1.09063e-17, 0.172922, 0.0660531, 0.554259, 2.35285e-05, 0.274923, 0.00164199, 1.19907e-09, 0.00206672, 1.95624e-05, 0.381398, 7.69991e-05, 7.4865e-07, 2.5995e-10, 3.51555e-12, 3.34006e-10, 8.12734e-11, 6.02892e-08, 0.339873, 0.138336, 1173, 1173, 0.0828606, 0.128635, 2.22557e-17, 0.219383, 0.0412913, 0.534274, 2.35585e-05, 0.249307, 0.00264585, 1.46553e-09, 0.00250777, 3.22851e-05, 0.390227, 0.000107667, 5.19824e-07, 2.41485e-10, 4.29781e-12, 4.00136e-10, 1.06278e-10, 8.6356e-08, 0.355172, 
0.00824836, 1.00015e+06, 1.00015e+06, 1.00015e+06, 1.00124e+06, 1.00091e+06, 0.168786, 1173, 1173, 0.0689128, 0.16668, 9.49128e-18, 0.180216, 0.065683, 0.519335, 2.28153e-05, 0.271035, 0.00150648, 9.71964e-10, 0.00194389, 2.03907e-05, 0.394495, 7.15285e-05, 8.78806e-07, 2.91147e-10, 3.10415e-12, 2.75007e-10, 6.68084e-11, 6.36272e-08, 0.330927, 0.16862, 1173, 1173, 0.0679951, 0.158583, 9.29233e-18, 0.172629, 0.0630968, 0.502627, 2.19856e-05, 0.27136, 0.00152224, 9.97787e-10, 0.0019574, 2.03354e-05, 0.393167, 7.21509e-05, 8.63444e-07, 2.87699e-10, 3.14975e-12, 2.81656e-10, 6.84401e-11, 6.33447e-08, 0.3319, 0.167999, 1173, 1173, 0.0757414, 0.160971, 1.0135e-17, 0.177948, 0.0659174, 0.534411, 2.31319e-05, 0.272429, 0.00156133, 1.064e-09, 0.00199231, 2.01105e-05, 0.389432, 7.37201e-05, 8.24415e-07, 2.7849e-10, 3.26756e-12, 2.98781e-10, 7.2631e-11, 6.24046e-08, 0.33449, 0.168163, 1173, 1173, 0.0859942, 0.152595, 1.09956e-17, 0.174385, 0.0666209, 0.558797, 2.37242e-05, 0.27492, 0.00164113, 1.19808e-09, 0.00206608, 1.95611e-05, 0.381442, 7.69671e-05, 7.49207e-07, 2.60066e-10, 3.51363e-12, 3.33752e-10, 8.12078e-11, 6.02915e-08, 0.339834, 0.139288, 1173, 1173, 0.0830917, 0.129143, 2.19637e-17, 0.220242, 0.0414317, 0.536057, 2.36417e-05, 0.249283, 0.00264543, 1.4645e-09, 0.00250737, 3.22976e-05, 0.390286, 0.00010765, 5.2009e-07, 2.41593e-10, 4.29529e-12, 3.99856e-10, 1.06205e-10, 8.63894e-08, 0.355138, 
0.00825658, 1.00015e+06, 1.00015e+06, 1.00015e+06, 1.00124e+06, 1.00091e+06, 0.168838, 1173, 1173, 0.0687656, 0.166506, 9.47541e-18, 0.179965, 0.0656029, 0.518512, 2.27816e-05, 0.271034, 0.00150579, 9.71159e-10, 0.00194336, 2.03886e-05, 0.394529, 7.15022e-05, 8.79359e-07, 2.91251e-10, 3.10276e-12, 2.74802e-10, 6.67567e-11, 6.36267e-08, 0.330895, 0.168571, 1173, 1173, 0.0678087, 0.158317, 9.26726e-18, 0.172279, 0.0629808, 0.501516, 2.19394e-05, 0.271359, 0.00152152, 9.96978e-10, 0.00195686, 2.03332e-05, 0.393201, 7.2124e-05, 8.6399e-07, 2.87802e-10, 3.14834e-12, 2.8145e-10, 6.83878e-11, 6.33439e-08, 0.331868, 0.168004, 1173, 1173, 0.0757104, 0.161077, 1.01302e-17, 0.178002, 0.0659494, 0.534466, 2.31368e-05, 0.272429, 0.00156057, 1.06315e-09, 0.00199175, 2.01084e-05, 0.389468, 7.36919e-05, 8.24955e-07, 2.78594e-10, 3.26601e-12, 2.98565e-10, 7.25756e-11, 6.24041e-08, 0.334456, 0.168178, 1173, 1173, 0.0867153, 0.154053, 1.11108e-17, 0.175985, 0.0672411, 0.56377, 2.39383e-05, 0.274917, 0.00164028, 1.1971e-09, 0.00206544, 1.95598e-05, 0.381485, 7.69351e-05, 7.49765e-07, 2.60181e-10, 3.51172e-12, 3.33499e-10, 8.11423e-11, 6.02939e-08, 0.339795, 0.138299, 1173, 1173, 0.0830559, 0.129236, 2.17896e-17, 0.220396, 0.041439, 0.536118, 2.3649e-05, 0.249259, 0.00264502, 1.46346e-09, 0.00250697, 3.23102e-05, 0.390344, 0.000107633, 5.20356e-07, 2.41702e-10, 4.29278e-12, 3.99576e-10, 1.06131e-10, 8.64228e-08, 0.355104, 
0.0082648, 1.00015e+06, 1.00015e+06, 1.00015e+06, 1.00123e+06, 1.00091e+06, 0.168809, 1173, 1173, 0.0686322, 0.166365, 9.45869e-18, 0.17975, 0.0655358, 0.517793, 2.27525e-05, 0.271033, 0.00150509, 9.70355e-10, 0.00194282, 2.03866e-05, 0.394563, 7.14758e-05, 8.79911e-07, 2.91355e-10, 3.10137e-12, 2.74598e-10, 6.67051e-11, 6.36262e-08, 0.330863, 0.168644, 1173, 1173, 0.0678093, 0.158489, 9.26797e-18, 0.172405, 0.0630383, 0.501788, 2.19537e-05, 0.271359, 0.00152081, 9.9617e-10, 0.00195632, 2.0331e-05, 0.393235, 7.20972e-05, 8.64536e-07, 2.87904e-10, 3.14692e-12, 2.81245e-10, 6.83357e-11, 6.3343e-08, 0.331835, 0.168024, 1173, 1173, 0.0757084, 0.161245, 1.01292e-17, 0.178123, 0.0660066, 0.534726, 2.31507e-05, 0.272428, 0.00155982, 1.0623e-09, 0.00199118, 2.01062e-05, 0.389503, 7.36637e-05, 8.25494e-07, 2.78698e-10, 3.26447e-12, 2.98349e-10, 7.25203e-11, 6.24035e-08, 0.334423, 0.168189, 1173, 1173, 0.0863052, 0.153502, 1.10148e-17, 0.17529, 0.0669843, 0.561389, 2.38403e-05, 0.274914, 0.00163942, 1.19612e-09, 0.0020648, 1.95585e-05, 0.381529, 7.69031e-05, 7.50324e-07, 2.60297e-10, 3.50982e-12, 3.33246e-10, 8.10769e-11, 6.02962e-08, 0.339755, 0.13925, 1173, 1173, 0.0828161, 0.129012, 2.14622e-17, 0.220007, 0.0413444, 0.534862, 2.35982e-05, 0.249235, 0.0026446, 1.46243e-09, 0.00250657, 3.23227e-05, 0.390403, 0.000107616, 5.20622e-07, 2.4181e-10, 4.29028e-12, 3.99297e-10, 1.06058e-10, 8.64563e-08, 0.355071, 
0.00827303, 1.00015e+06, 1.00015e+06, 1.00015e+06, 1.00123e+06, 1.00091e+06, 0.168862, 1173, 1173, 0.0686374, 0.166559, 9.46021e-18, 0.179897, 0.0656008, 0.518118, 2.27692e-05, 0.271032, 0.0015044, 9.69553e-10, 0.00194229, 2.03845e-05, 0.394598, 7.14495e-05, 8.80462e-07, 2.91459e-10, 3.09999e-12, 2.74395e-10, 6.66536e-11, 6.36256e-08, 0.330831, 0.168595, 1173, 1173, 0.0676405, 0.158264, 9.24529e-18, 0.1721, 0.0629383, 0.500807, 2.19131e-05, 0.271358, 0.0015201, 9.95363e-10, 0.00195578, 2.03288e-05, 0.393269, 7.20704e-05, 8.65081e-07, 2.88007e-10, 3.14551e-12, 2.8104e-10, 6.82836e-11, 6.33421e-08, 0.331803, 0.168028, 1173, 1173, 0.0756996, 0.161398, 1.01274e-17, 0.178228, 0.0660578, 0.534937, 2.31624e-05, 0.272428, 0.00155907, 1.06146e-09, 0.00199062, 2.0104e-05, 0.389539, 7.36355e-05, 8.26033e-07, 2.78801e-10, 3.26294e-12, 2.98134e-10, 7.24651e-11, 6.24029e-08, 0.334389, 0.168204, 1173, 1173, 0.0861859, 0.153468, 1.10031e-17, 0.175184, 0.0669529, 0.560899, 2.38225e-05, 0.274911, 0.00163857, 1.19514e-09, 0.00206415, 1.95572e-05, 0.381573, 7.68711e-05, 7.50882e-07, 2.60413e-10, 3.50792e-12, 3.32993e-10, 8.10117e-11, 6.02986e-08, 0.339716, 0.138261, 1173, 1173, 0.0815234, 0.127145, 2.1063e-17, 0.216816, 0.0407237, 0.5268, 2.3247e-05, 0.249211, 0.00264419, 1.4614e-09, 0.00250618, 3.23353e-05, 0.390461, 0.000107599, 5.20886e-07, 2.41918e-10, 4.28778e-12, 3.99018e-10, 1.05985e-10, 8.64896e-08, 0.355037, 
0.00828125, 1.00015e+06, 1.00015e+06, 1.00015e+06, 1.00123e+06, 1.00091e+06, 0.168831, 1173, 1173, 0.0677906, 0.164683, 9.34396e-18, 0.177809, 0.0648508, 0.512009, 2.25031e-05, 0.271031, 0.00150371, 9.68751e-10, 0.00194176, 2.03824e-05, 0.394632, 7.14234e-05, 8.81012e-07, 2.91562e-10, 3.09861e-12, 2.74191e-10, 6.66022e-11, 6.36251e-08, 0.330799, 0.168665, 1173, 1173, 0.0662451, 0.155164, 9.05578e-18, 0.16867, 0.0616954, 0.490737, 2.14748e-05, 0.271358, 0.0015194, 9.94558e-10, 0.00195524, 2.03266e-05, 0.393303, 7.20437e-05, 8.65624e-07, 2.88109e-10, 3.1441e-12, 2.80836e-10, 6.82316e-11, 6.33413e-08, 0.331771, 0.168049, 1173, 1173, 0.0759475, 0.1621, 1.01599e-17, 0.178938, 0.0663333, 0.536964, 2.32527e-05, 0.272427, 0.00155832, 1.06062e-09, 0.00199005, 2.01018e-05, 0.389574, 7.36074e-05, 8.26572e-07, 2.78905e-10, 3.2614e-12, 2.97919e-10, 7.241e-11, 6.24024e-08, 0.334355, 0.168213, 1173, 1173, 0.0852271, 0.151936, 1.07148e-17, 0.173371, 0.0662686, 0.554942, 2.35725e-05, 0.274908, 0.00163772, 1.19416e-09, 0.00206352, 1.95559e-05, 0.381616, 7.68393e-05, 7.51437e-07, 2.60528e-10, 3.50602e-12, 3.32741e-10, 8.09465e-11, 6.03009e-08, 0.339677, 0.139213, 1173, 1173, 0.0844214, 0.131817, 2.12739e-17, 0.224778, 0.0421971, 0.545826, 2.40913e-05, 0.249187, 0.00264378, 1.46037e-09, 0.00250578, 3.23479e-05, 0.39052, 0.000107582, 5.21152e-07, 2.42026e-10, 4.28527e-12, 3.98739e-10, 1.05912e-10, 8.65231e-08, 0.355004, 
0.00828947, 1.00015e+06, 1.00015e+06, 1.00015e+06, 1.00123e+06, 1.00091e+06, 0.168886, 1173, 1173, 0.0685146, 0.166623, 9.44393e-18, 0.179842, 0.0656035, 0.517764, 2.27585e-05, 0.27103, 0.00150302, 9.67951e-10, 0.00194123, 2.03804e-05, 0.394666, 7.13972e-05, 8.81561e-07, 2.91665e-10, 3.09723e-12, 2.73988e-10, 6.65509e-11, 6.36245e-08, 0.330767, 0.168617, 1173, 1173, 0.0667182, 0.156439, 9.12203e-18, 0.169997, 0.0621922, 0.494507, 2.16421e-05, 0.271357, 0.00151869, 9.93754e-10, 0.0019547, 2.03244e-05, 0.393337, 7.20172e-05, 8.66164e-07, 2.88211e-10, 3.14269e-12, 2.80632e-10, 6.81797e-11, 6.33404e-08, 0.331739, 0.168051, 1173, 1173, 0.0750748, 0.160408, 1.00425e-17, 0.177007, 0.0656295, 0.531066, 2.29998e-05, 0.272427, 0.00155758, 1.05978e-09, 0.00198949, 2.00997e-05, 0.389609, 7.35794e-05, 8.27109e-07, 2.79008e-10, 3.25987e-12, 2.97704e-10, 7.2355e-11, 6.24018e-08, 0.334322, 0.168229, 1173, 1173, 0.0857932, 0.153122, 1.12011e-17, 0.174658, 0.0667696, 0.558912, 2.37442e-05, 0.274906, 0.00163687, 1.19319e-09, 0.00206288, 1.95546e-05, 0.38166, 7.68076e-05, 7.51993e-07, 2.60643e-10, 3.50413e-12, 3.32489e-10, 8.08814e-11, 6.03032e-08, 0.339638, 0.138223, 1173, 1173, 0.0812834, 0.127063, 2.19452e-17, 0.216666, 0.0406531, 0.525823, 2.32129e-05, 0.249163, 0.00264337, 1.45934e-09, 0.00250538, 3.23604e-05, 0.390578, 0.000107565, 5.21417e-07, 2.42134e-10, 4.28278e-12, 3.9846e-10, 1.05839e-10, 8.65565e-08, 0.35497, 
0.0082977, 1.00015e+06, 1.00015e+06, 1.00015e+06, 1.00123e+06, 1.00091e+06, 0.168855, 1173, 1173, 0.0681691, 0.165963, 9.39648e-18, 0.179068, 0.0653324, 0.515437, 2.26586e-05, 0.271029, 0.00150233, 9.67152e-10, 0.0019407, 2.03783e-05, 0.3947, 7.13711e-05, 8.8211e-07, 2.91768e-10, 3.09586e-12, 2.73786e-10, 6.64996e-11, 6.3624e-08, 0.330735, 0.168692, 1173, 1173, 0.06757, 0.158606, 9.23051e-18, 0.172291, 0.063043, 0.501087, 2.19324e-05, 0.271357, 0.00151799, 9.9295e-10, 0.00195417, 2.03222e-05, 0.393371, 7.19906e-05, 8.66707e-07, 2.88313e-10, 3.14129e-12, 2.80428e-10, 6.81279e-11, 6.33395e-08, 0.331707, 0.168073, 1173, 1173, 0.0757855, 0.162099, 1.01369e-17, 0.178809, 0.0663098, 0.536367, 2.3232e-05, 0.272427, 0.00155683, 1.05894e-09, 0.00198893, 2.00975e-05, 0.389645, 7.35515e-05, 8.27646e-07, 2.79111e-10, 3.25834e-12, 2.9749e-10, 7.23001e-11, 6.24012e-08, 0.334289, 0.168239, 1173, 1173, 0.0855259, 0.152821, 1.10671e-17, 0.17425, 0.0666223, 0.557455, 2.36853e-05, 0.274903, 0.00163603, 1.19221e-09, 0.00206224, 1.95533e-05, 0.381703, 7.67759e-05, 7.52548e-07, 2.60758e-10, 3.50224e-12, 3.32237e-10, 8.08165e-11, 6.03055e-08, 0.339599, 0.139174, 1173, 1173, 0.0820202, 0.128363, 2.15881e-17, 0.218876, 0.0410465, 0.53088, 2.34407e-05, 0.249139, 0.00264297, 1.45832e-09, 0.00250499, 3.2373e-05, 0.390636, 0.000107548, 5.21681e-07, 2.42242e-10, 4.28028e-12, 3.98182e-10, 1.05766e-10, 8.659e-08, 0.354937, 
0.00830592, 1.00015e+06, 1.00015e+06, 1.00015e+06, 1.00123e+06, 1.00091e+06, 0.168909, 1173, 1173, 0.0683751, 0.166645, 9.42502e-18, 0.179742, 0.0655897, 0.517281, 2.27421e-05, 0.271028, 0.00150164, 9.66354e-10, 0.00194017, 2.03762e-05, 0.394734, 7.1345e-05, 8.82659e-07, 2.91871e-10, 3.09449e-12, 2.73583e-10, 6.64485e-11, 6.36234e-08, 0.330703, 0.168643, 1173, 1173, 0.0673658, 0.158295, 9.20459e-18, 0.171893, 0.0629091, 0.499839, 2.18801e-05, 0.271356, 0.00151728, 9.92148e-10, 0.00195363, 2.032e-05, 0.393404, 7.1964e-05, 8.67251e-07, 2.88415e-10, 3.13989e-12, 2.80224e-10, 6.80762e-11, 6.33386e-08, 0.331675, 0.168079, 1173, 1173, 0.0771248, 0.165139, 1.03154e-17, 0.182097, 0.0675418, 0.546125, 2.36573e-05, 0.272426, 0.00155608, 1.0581e-09, 0.00198837, 2.00953e-05, 0.38968, 7.35234e-05, 8.28185e-07, 2.79214e-10, 3.25682e-12, 2.97276e-10, 7.22452e-11, 6.24006e-08, 0.334255, 0.168255, 1173, 1173, 0.0856752, 0.153264, 1.10703e-17, 0.17469, 0.0667994, 0.558713, 2.37417e-05, 0.2749, 0.00163518, 1.19124e-09, 0.00206161, 1.9552e-05, 0.381746, 7.67443e-05, 7.53103e-07, 2.60872e-10, 3.50035e-12, 3.31986e-10, 8.07517e-11, 6.03079e-08, 0.33956, 0.138185, 1173, 1173, 0.0810238, 0.126949, 2.1364e-17, 0.216461, 0.0405724, 0.524717, 2.31731e-05, 0.249115, 0.00264257, 1.45729e-09, 0.00250459, 3.23856e-05, 0.390694, 0.000107532, 5.21944e-07, 2.4235e-10, 4.2778e-12, 3.97904e-10, 1.05694e-10, 8.66234e-08, 0.354903, 
0.00831414, 1.00015e+06, 1.00015e+06, 1.00015e+06, 1.00123e+06, 1.00091e+06, 0.168879, 1173, 1173, 0.0682807, 0.166596, 9.41213e-18, 0.179627, 0.065559, 0.516852, 2.27257e-05, 0.271027, 0.00150096, 9.65557e-10, 0.00193964, 2.03742e-05, 0.394768, 7.1319e-05, 8.83208e-07, 2.91974e-10, 3.09312e-12, 2.73381e-10, 6.63974e-11, 6.36228e-08, 0.330672, 0.168715, 1173, 1173, 0.0671943, 0.158061, 9.18187e-18, 0.171579, 0.0628055, 0.498833, 2.18384e-05, 0.271356, 0.00151658, 9.91348e-10, 0.00195309, 2.03178e-05, 0.393438, 7.19374e-05, 8.67793e-07, 2.88517e-10, 3.13849e-12, 2.80021e-10, 6.80245e-11, 6.33377e-08, 0.331643, 0.168098, 1173, 1173, 0.0767253, 0.164459, 1.02614e-17, 0.181282, 0.0672517, 0.543572, 2.35494e-05, 0.272426, 0.00155534, 1.05726e-09, 0.00198781, 2.00932e-05, 0.389715, 7.34953e-05, 8.28726e-07, 2.79318e-10, 3.2553e-12, 2.97062e-10, 7.21905e-11, 6.24e-08, 0.334221, 0.168265, 1173, 1173, 0.0856678, 0.153428, 1.10705e-17, 0.174811, 0.0668546, 0.55895, 2.37547e-05, 0.274897, 0.00163434, 1.19026e-09, 0.00206098, 1.95507e-05, 0.38179, 7.67127e-05, 7.53658e-07, 2.60987e-10, 3.49847e-12, 3.31735e-10, 8.06869e-11, 6.03102e-08, 0.339521, 0.139136, 1173, 1173, 0.0812284, 0.127416, 2.14295e-17, 0.217251, 0.0406994, 0.526329, 2.32488e-05, 0.249091, 0.00264217, 1.45627e-09, 0.0025042, 3.23982e-05, 0.390752, 0.000107515, 5.22207e-07, 2.42457e-10, 4.27531e-12, 3.97627e-10, 1.05621e-10, 8.66568e-08, 0.35487, 
0.00832237, 1.00015e+06, 1.00015e+06, 1.00015e+06, 1.00123e+06, 1.00091e+06, 0.168932, 1173, 1173, 0.0682186, 0.166625, 9.40357e-18, 0.179597, 0.0655592, 0.516667, 2.27199e-05, 0.271026, 0.00150027, 9.64762e-10, 0.00193911, 2.03721e-05, 0.394802, 7.1293e-05, 8.83756e-07, 2.92077e-10, 3.09175e-12, 2.7318e-10, 6.63464e-11, 6.36223e-08, 0.33064, 0.168666, 1173, 1173, 0.0671727, 0.158178, 9.17939e-18, 0.171646, 0.0628417, 0.498938, 2.18454e-05, 0.271355, 0.00151588, 9.90548e-10, 0.00195256, 2.03156e-05, 0.393472, 7.19109e-05, 8.68336e-07, 2.88618e-10, 3.13709e-12, 2.79818e-10, 6.7973e-11, 6.33368e-08, 0.331611, 0.168102, 1173, 1173, 0.0762128, 0.163534, 1.01923e-17, 0.180198, 0.0668619, 0.540217, 2.34067e-05, 0.272425, 0.00155459, 1.05642e-09, 0.00198725, 2.0091e-05, 0.389751, 7.34673e-05, 8.29266e-07, 2.79421e-10, 3.25378e-12, 2.96848e-10, 7.21358e-11, 6.23995e-08, 0.334188, 0.16828, 1173, 1173, 0.0856928, 0.153649, 1.10607e-17, 0.174998, 0.0669349, 0.559397, 2.37768e-05, 0.274894, 0.0016335, 1.18929e-09, 0.00206034, 1.95495e-05, 0.381833, 7.66812e-05, 7.54212e-07, 2.61102e-10, 3.49659e-12, 3.31485e-10, 8.06223e-11, 6.03125e-08, 0.339482, 0.138147, 1173, 1173, 0.0815892, 0.12813, 2.15403e-17, 0.218462, 0.0409049, 0.528957, 2.33693e-05, 0.249067, 0.00264177, 1.45524e-09, 0.00250381, 3.24108e-05, 0.39081, 0.000107499, 5.2247e-07, 2.42565e-10, 4.27283e-12, 3.9735e-10, 1.05548e-10, 8.66903e-08, 0.354837, 
0.00833059, 1.00015e+06, 1.00015e+06, 1.00015e+06, 1.00123e+06, 1.00091e+06, 0.168902, 1173, 1173, 0.0681589, 0.166659, 9.39538e-18, 0.179573, 0.0655617, 0.5165, 2.2715e-05, 0.271025, 0.00149959, 9.63967e-10, 0.00193858, 2.03701e-05, 0.394836, 7.12671e-05, 8.84303e-07, 2.9218e-10, 3.09039e-12, 2.72978e-10, 6.62955e-11, 6.36217e-08, 0.330608, 0.168739, 1173, 1173, 0.0670755, 0.158118, 9.16621e-18, 0.17152, 0.0628072, 0.498481, 2.18277e-05, 0.271355, 0.00151518, 9.8975e-10, 0.00195202, 2.03134e-05, 0.393506, 7.18845e-05, 8.68878e-07, 2.8872e-10, 3.1357e-12, 2.79615e-10, 6.79215e-11, 6.3336e-08, 0.331579, 0.168122, 1173, 1173, 0.0762009, 0.163683, 1.01905e-17, 0.180297, 0.0669108, 0.540408, 2.34176e-05, 0.272425, 0.00155385, 1.05558e-09, 0.00198668, 2.00889e-05, 0.389786, 7.34394e-05, 8.29804e-07, 2.79524e-10, 3.25227e-12, 2.96635e-10, 7.20812e-11, 6.23989e-08, 0.334155, 0.168291, 1173, 1173, 0.0858071, 0.154032, 1.10765e-17, 0.175368, 0.0670852, 0.560428, 2.38236e-05, 0.274891, 0.00163266, 1.18832e-09, 0.00205971, 1.95482e-05, 0.381876, 7.66496e-05, 7.54767e-07, 2.61216e-10, 3.49471e-12, 3.31234e-10, 8.05577e-11, 6.03148e-08, 0.339443, 0.139099, 1173, 1173, 0.0811611, 0.127604, 2.14476e-17, 0.21756, 0.0407148, 0.526468, 2.32639e-05, 0.249043, 0.00264137, 1.45422e-09, 0.00250342, 3.24234e-05, 0.390868, 0.000107482, 5.22733e-07, 2.42672e-10, 4.27035e-12, 3.97073e-10, 1.05476e-10, 8.67237e-08, 0.354804, 
0.00833882, 1.00015e+06, 1.00015e+06, 1.00015e+06, 1.00123e+06, 1.00091e+06, 0.168956, 1173, 1173, 0.0681344, 0.16678, 9.39206e-18, 0.179641, 0.0655978, 0.516598, 2.27218e-05, 0.271024, 0.0014989, 9.63174e-10, 0.00193806, 2.0368e-05, 0.39487, 7.12412e-05, 8.8485e-07, 2.92282e-10, 3.08903e-12, 2.72777e-10, 6.62447e-11, 6.36211e-08, 0.330577, 0.16869, 1173, 1173, 0.0670548, 0.158237, 9.16334e-18, 0.17159, 0.0628443, 0.498593, 2.1835e-05, 0.271354, 0.00151448, 9.88952e-10, 0.00195149, 2.03112e-05, 0.393539, 7.1858e-05, 8.69419e-07, 2.88821e-10, 3.13431e-12, 2.79413e-10, 6.78701e-11, 6.33351e-08, 0.331548, 0.168126, 1173, 1173, 0.0761595, 0.163767, 1.01853e-17, 0.180326, 0.0669338, 0.540389, 2.34195e-05, 0.272424, 0.0015531, 1.05475e-09, 0.00198613, 2.00867e-05, 0.389821, 7.34115e-05, 8.30342e-07, 2.79627e-10, 3.25075e-12, 2.96422e-10, 7.20268e-11, 6.23983e-08, 0.334121, 0.168306, 1173, 1173, 0.0855567, 0.153759, 1.10468e-17, 0.174992, 0.0669502, 0.559077, 2.37692e-05, 0.274888, 0.00163182, 1.18735e-09, 0.00205908, 1.95469e-05, 0.381919, 7.66182e-05, 7.55321e-07, 2.61331e-10, 3.49284e-12, 3.30985e-10, 8.04933e-11, 6.03171e-08, 0.339404, 0.138109, 1173, 1173, 0.0806536, 0.126951, 2.1332e-17, 0.216443, 0.0404846, 0.523462, 2.31355e-05, 0.249019, 0.00264097, 1.4532e-09, 0.00250302, 3.2436e-05, 0.390926, 0.000107466, 5.22995e-07, 2.4278e-10, 4.26787e-12, 3.96796e-10, 1.05404e-10, 8.67572e-08, 0.354771, 
0.00834704, 1.00015e+06, 1.00015e+06, 1.00015e+06, 1.00123e+06, 1.00091e+06, 0.168926, 1173, 1173, 0.0681361, 0.166964, 9.39237e-18, 0.179778, 0.0656592, 0.516896, 2.27373e-05, 0.271023, 0.00149822, 9.62382e-10, 0.00193753, 2.0366e-05, 0.394903, 7.12153e-05, 8.85397e-07, 2.92384e-10, 3.08767e-12, 2.72576e-10, 6.6194e-11, 6.36205e-08, 0.330545, 0.168763, 1173, 1173, 0.0670047, 0.158287, 9.15637e-18, 0.171585, 0.0628537, 0.498485, 2.18326e-05, 0.271354, 0.00151378, 9.88156e-10, 0.00195095, 2.0309e-05, 0.393573, 7.18317e-05, 8.69961e-07, 2.88923e-10, 3.13293e-12, 2.79211e-10, 6.78188e-11, 6.33342e-08, 0.331516, 0.168146, 1173, 1173, 0.0761881, 0.164003, 1.0191e-17, 0.180521, 0.0670184, 0.540867, 2.34428e-05, 0.272424, 0.00155236, 1.05392e-09, 0.00198557, 2.00846e-05, 0.389856, 7.33836e-05, 8.3088e-07, 2.7973e-10, 3.24925e-12, 2.9621e-10, 7.19724e-11, 6.23977e-08, 0.334088, 0.168316, 1173, 1173, 0.0853667, 0.153594, 1.10399e-17, 0.174739, 0.0668622, 0.55812, 2.37315e-05, 0.274885, 0.00163098, 1.18639e-09, 0.00205845, 1.95456e-05, 0.381963, 7.65868e-05, 7.55875e-07, 2.61445e-10, 3.49097e-12, 3.30735e-10, 8.0429e-11, 6.03194e-08, 0.339366, 0.13906, 1173, 1173, 0.0806251, 0.127052, 2.13671e-17, 0.21661, 0.0404947, 0.523564, 2.31445e-05, 0.248995, 0.00264058, 1.45218e-09, 0.00250263, 3.24486e-05, 0.390984, 0.000107449, 5.23256e-07, 2.42887e-10, 4.2654e-12, 3.9652e-10, 1.05331e-10, 8.67906e-08, 0.354738, 
0.00835526, 1.00015e+06, 1.00015e+06, 1.00015e+06, 1.00123e+06, 1.00091e+06, 0.168979, 1173, 1173, 0.0679843, 0.166772, 9.37153e-18, 0.17951, 0.0655726, 0.516029, 2.27015e-05, 0.271022, 0.00149754, 9.61592e-10, 0.001937, 2.03639e-05, 0.394937, 7.11895e-05, 8.85943e-07, 2.92487e-10, 3.08631e-12, 2.72376e-10, 6.61434e-11, 6.36199e-08, 0.330514, 0.168714, 1173, 1173, 0.0669384, 0.158298, 9.14716e-18, 0.171537, 0.0628478, 0.498257, 2.18249e-05, 0.271353, 0.00151308, 9.87361e-10, 0.00195042, 2.03068e-05, 0.393606, 7.18053e-05, 8.70502e-07, 2.89024e-10, 3.13154e-12, 2.79009e-10, 6.77676e-11, 6.33333e-08, 0.331484, 0.16815, 1173, 1173, 0.0761719, 0.164142, 1.0194e-17, 0.18061, 0.0670635, 0.541028, 2.34524e-05, 0.272423, 0.00155162, 1.05308e-09, 0.00198501, 2.00824e-05, 0.389891, 7.33558e-05, 8.31418e-07, 2.79833e-10, 3.24774e-12, 2.95998e-10, 7.19181e-11, 6.23972e-08, 0.334055, 0.168331, 1173, 1173, 0.0856588, 0.154296, 1.1107e-17, 0.175473, 0.0671519, 0.560314, 2.38278e-05, 0.274883, 0.00163014, 1.18542e-09, 0.00205782, 1.95443e-05, 0.382006, 7.65554e-05, 7.56428e-07, 2.61559e-10, 3.48911e-12, 3.30486e-10, 8.03648e-11, 6.03217e-08, 0.339327, 0.138071, 1173, 1173, 0.0792263, 0.124991, 2.10924e-17, 0.21309, 0.0398161, 0.514761, 2.27597e-05, 0.248971, 0.00264019, 1.45116e-09, 0.00250225, 3.24612e-05, 0.391042, 0.000107433, 5.23517e-07, 2.42994e-10, 4.26293e-12, 3.96244e-10, 1.05259e-10, 8.6824e-08, 0.354705, 
0.00836349, 1.00015e+06, 1.00015e+06, 1.00015e+06, 1.00123e+06, 1.0009e+06, 0.168946, 1173, 1173, 0.0663313, 0.162893, 9.14373e-18, 0.175274, 0.0640364, 0.50376, 2.21641e-05, 0.271021, 0.00149687, 9.60803e-10, 0.00193648, 2.03618e-05, 0.39497, 7.11639e-05, 8.86485e-07, 2.92588e-10, 3.08496e-12, 2.72176e-10, 6.60928e-11, 6.36193e-08, 0.330483, 0.168787, 1173, 1173, 0.0670375, 0.158701, 9.16056e-18, 0.171914, 0.0629973, 0.49926, 2.18712e-05, 0.271352, 0.00151239, 9.86568e-10, 0.00194989, 2.03046e-05, 0.39364, 7.1779e-05, 8.71043e-07, 2.89126e-10, 3.13016e-12, 2.78807e-10, 6.77165e-11, 6.33324e-08, 0.331452, 0.16817, 1173, 1173, 0.0761777, 0.164329, 1.01889e-17, 0.180751, 0.0671281, 0.541345, 2.34688e-05, 0.272423, 0.00155088, 1.05225e-09, 0.00198445, 2.00803e-05, 0.389926, 7.33281e-05, 8.31955e-07, 2.79936e-10, 3.24624e-12, 2.95786e-10, 7.18638e-11, 6.23966e-08, 0.334021, 0.16834, 1173, 1173, 0.0841662, 0.151781, 1.09998e-17, 0.172549, 0.0660416, 0.550831, 2.34274e-05, 0.27488, 0.00162931, 1.18446e-09, 0.00205719, 1.95431e-05, 0.382048, 7.65242e-05, 7.56979e-07, 2.61673e-10, 3.48725e-12, 3.30238e-10, 8.03007e-11, 6.03239e-08, 0.339289, 0.139022, 1173, 1173, 0.0796694, 0.125834, 2.11253e-17, 0.214522, 0.0400628, 0.517923, 2.29039e-05, 0.248947, 0.0026398, 1.45014e-09, 0.00250186, 3.24738e-05, 0.391099, 0.000107417, 5.23777e-07, 2.431e-10, 4.26046e-12, 3.95969e-10, 1.05187e-10, 8.68574e-08, 0.354672, 
0.00837171, 1.00015e+06, 1.00015e+06, 1.00015e+06, 1.00122e+06, 1.0009e+06, 0.169002, 1173, 1173, 0.0677688, 0.166602, 9.34205e-18, 0.179205, 0.0654837, 0.514963, 2.26593e-05, 0.27102, 0.00149619, 9.60014e-10, 0.00193597, 2.03598e-05, 0.395004, 7.11383e-05, 8.87026e-07, 2.92689e-10, 3.08361e-12, 2.71976e-10, 6.60423e-11, 6.36187e-08, 0.330451, 0.168738, 1173, 1173, 0.067066, 0.158937, 9.16433e-18, 0.17211, 0.0630805, 0.499737, 2.18945e-05, 0.271352, 0.00151169, 9.85775e-10, 0.00194936, 2.03024e-05, 0.393673, 7.17527e-05, 8.71584e-07, 2.89227e-10, 3.12879e-12, 2.78606e-10, 6.76655e-11, 6.33315e-08, 0.331421, 0.168174, 1173, 1173, 0.0761877, 0.164524, 1.01872e-17, 0.180902, 0.0671963, 0.541691, 2.34864e-05, 0.272422, 0.00155015, 1.05142e-09, 0.00198389, 2.00781e-05, 0.389962, 7.33003e-05, 8.32493e-07, 2.80039e-10, 3.24474e-12, 2.95574e-10, 7.18097e-11, 6.2396e-08, 0.333988, 0.168356, 1173, 1173, 0.0845048, 0.152566, 1.11053e-17, 0.173377, 0.0663674, 0.553329, 2.35365e-05, 0.274877, 0.00162848, 1.18349e-09, 0.00205657, 1.95418e-05, 0.382091, 7.64932e-05, 7.57528e-07, 2.61786e-10, 3.48539e-12, 3.2999e-10, 8.02367e-11, 6.03262e-08, 0.33925, 0.138033, 1173, 1173, 0.0797786, 0.12615, 2.11426e-17, 0.215057, 0.0401419, 0.518916, 2.29523e-05, 0.248923, 0.00263942, 1.44913e-09, 0.00250148, 3.24864e-05, 0.391157, 0.000107401, 5.24037e-07, 2.43207e-10, 4.258e-12, 3.95693e-10, 1.05115e-10, 8.68908e-08, 0.354639, 
0.00837993, 1.00015e+06, 1.00015e+06, 1.00015e+06, 1.00122e+06, 1.0009e+06, 0.168972, 1173, 1173, 0.0677984, 0.166854, 9.34626e-18, 0.179415, 0.0655718, 0.515472, 2.2684e-05, 0.271019, 0.00149552, 9.59226e-10, 0.00193544, 2.03577e-05, 0.395037, 7.11127e-05, 8.8757e-07, 2.92791e-10, 3.08226e-12, 2.71776e-10, 6.5992e-11, 6.3618e-08, 0.33042, 0.16881, 1173, 1173, 0.0665596, 0.157904, 9.0951e-18, 0.170932, 0.0626602, 0.496227, 2.1743e-05, 0.271351, 0.001511, 9.84984e-10, 0.00194883, 2.03003e-05, 0.393707, 7.17265e-05, 8.72125e-07, 2.89328e-10, 3.12741e-12, 2.78405e-10, 6.76145e-11, 6.33307e-08, 0.331389, 0.168194, 1173, 1173, 0.076041, 0.164381, 1.0166e-17, 0.18068, 0.0671263, 0.540923, 2.34558e-05, 0.272422, 0.00154941, 1.05059e-09, 0.00198334, 2.0076e-05, 0.389997, 7.32726e-05, 8.3303e-07, 2.80142e-10, 3.24324e-12, 2.95363e-10, 7.17556e-11, 6.23955e-08, 0.333955, 0.168367, 1173, 1173, 0.0853532, 0.154274, 1.10848e-17, 0.175253, 0.0670945, 0.55917, 2.37879e-05, 0.274874, 0.00162765, 1.18253e-09, 0.00205594, 1.95405e-05, 0.382134, 7.64621e-05, 7.58079e-07, 2.619e-10, 3.48353e-12, 3.29741e-10, 8.01728e-11, 6.03284e-08, 0.339212, 0.138984, 1173, 1173, 0.0801346, 0.126858, 2.12303e-17, 0.216259, 0.0403452, 0.521517, 2.30717e-05, 0.248899, 0.00263903, 1.44811e-09, 0.00250109, 3.24991e-05, 0.391214, 0.000107385, 5.24296e-07, 2.43313e-10, 4.25554e-12, 3.95418e-10, 1.05043e-10, 8.69242e-08, 0.354606, 
0.00838816, 1.00015e+06, 1.00015e+06, 1.00015e+06, 1.00122e+06, 1.0009e+06, 0.169025, 1173, 1173, 0.0675949, 0.166532, 9.31834e-18, 0.179008, 0.0654344, 0.514208, 2.26307e-05, 0.271019, 0.00149485, 9.5844e-10, 0.00193493, 2.03557e-05, 0.39507, 7.10872e-05, 8.88112e-07, 2.92892e-10, 3.08091e-12, 2.71577e-10, 6.59417e-11, 6.36174e-08, 0.330389, 0.16876, 1173, 1173, 0.0662253, 0.157277, 9.04908e-18, 0.170195, 0.0624012, 0.493997, 2.16476e-05, 0.271351, 0.00151031, 9.84194e-10, 0.0019483, 2.02981e-05, 0.39374, 7.17003e-05, 8.72663e-07, 2.89429e-10, 3.12604e-12, 2.78205e-10, 6.75637e-11, 6.33298e-08, 0.331358, 0.168198, 1173, 1173, 0.0758496, 0.164141, 1.01399e-17, 0.180352, 0.0670164, 0.539835, 2.34112e-05, 0.272421, 0.00154868, 1.04977e-09, 0.00198278, 2.00738e-05, 0.390032, 7.3245e-05, 8.33567e-07, 2.80244e-10, 3.24175e-12, 2.95152e-10, 7.17017e-11, 6.23949e-08, 0.333922, 0.168383, 1173, 1173, 0.0862063, 0.155995, 1.11644e-17, 0.177142, 0.0678265, 0.565046, 2.40409e-05, 0.274871, 0.00162682, 1.18157e-09, 0.00205532, 1.95392e-05, 0.382176, 7.6431e-05, 7.58631e-07, 2.62013e-10, 3.48168e-12, 3.29494e-10, 8.01089e-11, 6.03307e-08, 0.339173, 0.137995, 1173, 1173, 0.0805016, 0.127585, 2.13288e-17, 0.217493, 0.0405543, 0.524192, 2.31945e-05, 0.248875, 0.00263865, 1.4471e-09, 0.00250071, 3.25117e-05, 0.391272, 0.000107369, 5.24556e-07, 2.4342e-10, 4.25308e-12, 3.95144e-10, 1.04971e-10, 8.69577e-08, 0.354573, 
0.00839638, 1.00015e+06, 1.00015e+06, 1.00015e+06, 1.00122e+06, 1.0009e+06, 0.168995, 1173, 1173, 0.0676403, 0.166823, 9.32472e-18, 0.17926, 0.0655377, 0.514837, 2.26608e-05, 0.271018, 0.00149417, 9.57655e-10, 0.00193441, 2.03536e-05, 0.395103, 7.10617e-05, 8.88653e-07, 2.92993e-10, 3.07957e-12, 2.71378e-10, 6.58914e-11, 6.36167e-08, 0.330358, 0.168832, 1173, 1173, 0.0657382, 0.156286, 8.98232e-18, 0.169063, 0.0619975, 0.490624, 2.15021e-05, 0.27135, 0.00150962, 9.83405e-10, 0.00194777, 2.02959e-05, 0.393773, 7.16743e-05, 8.73201e-07, 2.8953e-10, 3.12467e-12, 2.78005e-10, 6.75129e-11, 6.33289e-08, 0.331326, 0.168217, 1173, 1173, 0.0757619, 0.164125, 1.01286e-17, 0.18027, 0.0669981, 0.539485, 2.33987e-05, 0.27242, 0.00154794, 1.04894e-09, 0.00198223, 2.00717e-05, 0.390066, 7.32174e-05, 8.34103e-07, 2.80347e-10, 3.24026e-12, 2.94941e-10, 7.16478e-11, 6.23943e-08, 0.333889, 0.168393, 1173, 1173, 0.0861183, 0.156014, 1.11558e-17, 0.177098, 0.0678185, 0.564755, 2.40316e-05, 0.274868, 0.00162599, 1.18061e-09, 0.00205469, 1.95379e-05, 0.382219, 7.63998e-05, 7.59184e-07, 2.62127e-10, 3.47984e-12, 3.29246e-10, 8.00452e-11, 6.03329e-08, 0.339135, 0.138946, 1173, 1173, 0.0801162, 0.127119, 2.12144e-17, 0.216695, 0.0403844, 0.521968, 2.31006e-05, 0.248851, 0.00263826, 1.44609e-09, 0.00250032, 3.25244e-05, 0.391329, 0.000107353, 5.24815e-07, 2.43527e-10, 4.25063e-12, 3.94869e-10, 1.049e-10, 8.69911e-08, 0.354541, 
0.00840461, 1.00015e+06, 1.00015e+06, 1.00015e+06, 1.00122e+06, 1.0009e+06, 0.169049, 1173, 1173, 0.0678402, 0.167496, 9.35241e-18, 0.179921, 0.065791, 0.516644, 2.27426e-05, 0.271017, 0.0014935, 9.56871e-10, 0.00193389, 2.03516e-05, 0.395137, 7.10362e-05, 8.89194e-07, 2.93094e-10, 3.07823e-12, 2.71179e-10, 6.58413e-11, 6.36161e-08, 0.330327, 0.168783, 1173, 1173, 0.0658606, 0.156742, 8.99893e-18, 0.169499, 0.0621685, 0.491799, 2.15559e-05, 0.27135, 0.00150893, 9.82617e-10, 0.00194724, 2.02938e-05, 0.393806, 7.16483e-05, 8.73737e-07, 2.8963e-10, 3.1233e-12, 2.77805e-10, 6.74622e-11, 6.3328e-08, 0.331295, 0.168221, 1173, 1173, 0.0756984, 0.16416, 1.01236e-17, 0.180246, 0.067001, 0.539307, 2.33936e-05, 0.27242, 0.00154721, 1.04811e-09, 0.00198167, 2.00696e-05, 0.390101, 7.31899e-05, 8.34639e-07, 2.80449e-10, 3.23877e-12, 2.94731e-10, 7.1594e-11, 6.23937e-08, 0.333856, 0.168408, 1173, 1173, 0.0859637, 0.155912, 1.11868e-17, 0.176917, 0.067758, 0.564027, 2.40036e-05, 0.274865, 0.00162516, 1.17965e-09, 0.00205406, 1.95367e-05, 0.382262, 7.63687e-05, 7.59737e-07, 2.62241e-10, 3.47799e-12, 3.29e-10, 7.99816e-11, 6.03352e-08, 0.339097, 0.137957, 1173, 1173, 0.0791076, 0.125662, 2.09136e-17, 0.214206, 0.0398998, 0.515678, 2.28266e-05, 0.248827, 0.00263788, 1.44507e-09, 0.00249994, 3.2537e-05, 0.391387, 0.000107337, 5.25074e-07, 2.43633e-10, 4.24818e-12, 3.94595e-10, 1.04828e-10, 8.70246e-08, 0.354508, 
0.00841283, 1.00015e+06, 1.00015e+06, 1.00015e+06, 1.00122e+06, 1.0009e+06, 0.169018, 1173, 1173, 0.0677892, 0.167549, 9.3455e-18, 0.179918, 0.0658011, 0.51654, 2.27404e-05, 0.271016, 0.00149283, 9.56089e-10, 0.00193337, 2.03495e-05, 0.39517, 7.10108e-05, 8.89735e-07, 2.93195e-10, 3.07689e-12, 2.70981e-10, 6.57912e-11, 6.36154e-08, 0.330296, 0.168856, 1173, 1173, 0.065889, 0.156975, 9.00264e-18, 0.169692, 0.0622507, 0.492272, 2.15789e-05, 0.271349, 0.00150824, 9.8183e-10, 0.00194672, 2.02916e-05, 0.393839, 7.16223e-05, 8.74274e-07, 2.8973e-10, 3.12194e-12, 2.77605e-10, 6.74116e-11, 6.33271e-08, 0.331264, 0.16824, 1173, 1173, 0.0753912, 0.163666, 1.0087e-17, 0.17964, 0.0667879, 0.537391, 2.33131e-05, 0.272419, 0.00154648, 1.04729e-09, 0.00198112, 2.00675e-05, 0.390136, 7.31624e-05, 8.35173e-07, 2.80551e-10, 3.23729e-12, 2.9452e-10, 7.15403e-11, 6.23932e-08, 0.333823, 0.168417, 1173, 1173, 0.0852655, 0.154822, 1.11074e-17, 0.175616, 0.0672684, 0.55973, 2.38237e-05, 0.274862, 0.00162434, 1.1787e-09, 0.00205344, 1.95354e-05, 0.382305, 7.63377e-05, 7.60289e-07, 2.62355e-10, 3.47616e-12, 3.28753e-10, 7.99181e-11, 6.03374e-08, 0.339058, 0.138908, 1173, 1173, 0.0796796, 0.126715, 2.1087e-17, 0.215997, 0.0402124, 0.519691, 2.30086e-05, 0.248803, 0.0026375, 1.44406e-09, 0.00249956, 3.25497e-05, 0.391444, 0.000107321, 5.25332e-07, 2.43739e-10, 4.24573e-12, 3.94321e-10, 1.04757e-10, 8.7058e-08, 0.354476, 
0.00842105, 1.00015e+06, 1.00015e+06, 1.00015e+06, 1.00122e+06, 1.0009e+06, 0.169073, 1173, 1173, 0.0679, 0.168003, 9.36091e-18, 0.180344, 0.0659684, 0.517669, 2.27924e-05, 0.271015, 0.00149216, 9.55307e-10, 0.00193286, 2.03474e-05, 0.395203, 7.09854e-05, 8.90275e-07, 2.93296e-10, 3.07555e-12, 2.70783e-10, 6.57413e-11, 6.36147e-08, 0.330265, 0.168807, 1173, 1173, 0.0659597, 0.157309, 9.01215e-18, 0.169995, 0.0623731, 0.493063, 2.16158e-05, 0.271349, 0.00150756, 9.81044e-10, 0.00194619, 2.02894e-05, 0.393873, 7.15964e-05, 8.7481e-07, 2.89831e-10, 3.12058e-12, 2.77406e-10, 6.7361e-11, 6.33262e-08, 0.331232, 0.168244, 1173, 1173, 0.0752822, 0.163602, 1.00645e-17, 0.179506, 0.0667502, 0.536888, 2.32938e-05, 0.272419, 0.00154575, 1.04647e-09, 0.00198057, 2.00654e-05, 0.390171, 7.3135e-05, 8.35707e-07, 2.80653e-10, 3.23581e-12, 2.94311e-10, 7.14867e-11, 6.23926e-08, 0.33379, 0.168433, 1173, 1173, 0.0853566, 0.155165, 1.10199e-17, 0.175939, 0.0674011, 0.560612, 2.38643e-05, 0.27486, 0.00162351, 1.17774e-09, 0.00205282, 1.95341e-05, 0.382347, 7.63067e-05, 7.6084e-07, 2.62468e-10, 3.47432e-12, 3.28507e-10, 7.98547e-11, 6.03397e-08, 0.33902, 0.137919, 1173, 1173, 0.0796679, 0.126841, 2.11524e-17, 0.216207, 0.0402306, 0.519899, 2.30222e-05, 0.248779, 0.00263713, 1.44305e-09, 0.00249918, 3.25623e-05, 0.391501, 0.000107305, 5.2559e-07, 2.43845e-10, 4.24329e-12, 3.94048e-10, 1.04685e-10, 8.70914e-08, 0.354443, 
0.00842928, 1.00015e+06, 1.00015e+06, 1.00015e+06, 1.00122e+06, 1.0009e+06, 0.169046, 1173, 1173, 0.07023, 0.173955, 9.6822e-18, 0.18667, 0.0682939, 0.535727, 2.359e-05, 0.271014, 0.00149149, 9.54526e-10, 0.00193234, 2.03454e-05, 0.395236, 7.09599e-05, 8.9082e-07, 2.93397e-10, 3.07422e-12, 2.70585e-10, 6.56913e-11, 6.3614e-08, 0.330234, 0.168877, 1173, 1173, 0.0643421, 0.153613, 8.79091e-18, 0.165944, 0.0608976, 0.481226, 2.10991e-05, 0.271348, 0.00150688, 9.8026e-10, 0.00194567, 2.02873e-05, 0.393905, 7.15706e-05, 8.75343e-07, 2.8993e-10, 3.11922e-12, 2.77207e-10, 6.73106e-11, 6.33253e-08, 0.331201, 0.168264, 1173, 1173, 0.0751472, 0.16348, 1.00432e-17, 0.179309, 0.0666892, 0.536197, 2.32664e-05, 0.272418, 0.00154503, 1.04564e-09, 0.00198002, 2.00632e-05, 0.390205, 7.31077e-05, 8.3624e-07, 2.80755e-10, 3.23433e-12, 2.94101e-10, 7.14331e-11, 6.2392e-08, 0.333757, 0.168443, 1173, 1173, 0.0852648, 0.155174, 1.09968e-17, 0.175886, 0.0673893, 0.560293, 2.38537e-05, 0.274857, 0.00162269, 1.17679e-09, 0.0020522, 1.95329e-05, 0.38239, 7.62758e-05, 7.61391e-07, 2.62581e-10, 3.47249e-12, 3.28261e-10, 7.97914e-11, 6.03419e-08, 0.338982, 0.13887, 1173, 1173, 0.0793317, 0.126449, 2.10797e-17, 0.215536, 0.0400848, 0.517989, 2.2942e-05, 0.248755, 0.00263675, 1.44205e-09, 0.0024988, 3.2575e-05, 0.391559, 0.000107289, 5.25847e-07, 2.43951e-10, 4.24084e-12, 3.93775e-10, 1.04614e-10, 8.71248e-08, 0.354411, 
0.0084375, 1.00015e+06, 1.00015e+06, 1.00015e+06, 1.00122e+06, 1.0009e+06, 0.169103, 1173, 1173, 0.0718171, 0.178077, 9.90104e-18, 0.191029, 0.0699004, 0.548131, 2.41389e-05, 0.271013, 0.00149081, 9.53746e-10, 0.00193181, 2.03433e-05, 0.39527, 7.0934e-05, 8.91372e-07, 2.935e-10, 3.0729e-12, 2.70387e-10, 6.56415e-11, 6.36134e-08, 0.330202, 0.168826, 1173, 1173, 0.063191, 0.151023, 8.63331e-18, 0.16309, 0.0598614, 0.47287, 2.07347e-05, 0.271348, 0.0015062, 9.79477e-10, 0.00194516, 2.02851e-05, 0.393938, 7.15452e-05, 8.75871e-07, 2.90029e-10, 3.11785e-12, 2.77008e-10, 6.72603e-11, 6.33243e-08, 0.33117, 0.168267, 1173, 1173, 0.0749311, 0.163182, 1.0013e-17, 0.178919, 0.0665559, 0.534927, 2.32139e-05, 0.272418, 0.0015443, 1.04482e-09, 0.00197947, 2.00611e-05, 0.39024, 7.30804e-05, 8.36773e-07, 2.80857e-10, 3.23285e-12, 2.93892e-10, 7.13797e-11, 6.23914e-08, 0.333724, 0.168458, 1173, 1173, 0.0851579, 0.155157, 1.09788e-17, 0.175801, 0.0673655, 0.559875, 2.38389e-05, 0.274854, 0.00162187, 1.17583e-09, 0.00205157, 1.95316e-05, 0.382433, 7.62449e-05, 7.61942e-07, 2.62695e-10, 3.47066e-12, 3.28016e-10, 7.97282e-11, 6.03441e-08, 0.338944, 0.137881, 1173, 1173, 0.0789222, 0.12594, 2.0994e-17, 0.214663, 0.0399016, 0.515597, 2.28405e-05, 0.248731, 0.00263638, 1.44104e-09, 0.00249842, 3.25876e-05, 0.391616, 0.000107273, 5.26104e-07, 2.44057e-10, 4.23841e-12, 3.93502e-10, 1.04543e-10, 8.71583e-08, 0.354378, 
0.00844572, 1.00015e+06, 1.00015e+06, 1.00015e+06, 1.00122e+06, 1.0009e+06, 0.169068, 1173, 1173, 0.0696665, 0.17293, 9.60453e-18, 0.185445, 0.0678684, 0.532006, 2.34314e-05, 0.271012, 0.00149013, 9.52969e-10, 0.00193128, 2.03413e-05, 0.395304, 7.09082e-05, 8.91923e-07, 2.93603e-10, 3.07159e-12, 2.70191e-10, 6.55919e-11, 6.36127e-08, 0.330171, 0.168902, 1173, 1173, 0.0646991, 0.154789, 8.83864e-18, 0.1671, 0.0613446, 0.484415, 2.12431e-05, 0.271347, 0.00150553, 9.78694e-10, 0.00194464, 2.0283e-05, 0.39397, 7.15197e-05, 8.76399e-07, 2.90127e-10, 3.11649e-12, 2.76809e-10, 6.72099e-11, 6.33234e-08, 0.33114, 0.168288, 1173, 1173, 0.0755246, 0.164647, 1.00915e-17, 0.180462, 0.0671421, 0.539438, 2.34122e-05, 0.272417, 0.00154358, 1.044e-09, 0.00197893, 2.0059e-05, 0.390274, 7.30532e-05, 8.37305e-07, 2.80958e-10, 3.23137e-12, 2.93683e-10, 7.13263e-11, 6.23908e-08, 0.333692, 0.168468, 1173, 1173, 0.0850994, 0.155226, 1.09813e-17, 0.175815, 0.0673799, 0.559773, 2.38376e-05, 0.274851, 0.00162105, 1.17488e-09, 0.00205095, 1.95303e-05, 0.382475, 7.62141e-05, 7.62492e-07, 2.62808e-10, 3.46884e-12, 3.27771e-10, 7.96651e-11, 6.03463e-08, 0.338906, 0.138832, 1173, 1173, 0.0791289, 0.126413, 2.10389e-17, 0.215466, 0.04003, 0.51723, 2.29172e-05, 0.248707, 0.00263601, 1.44003e-09, 0.00249804, 3.26003e-05, 0.391673, 0.000107258, 5.2636e-07, 2.44162e-10, 4.23597e-12, 3.9323e-10, 1.04472e-10, 8.71917e-08, 0.354346, 
0.00845395, 1.00015e+06, 1.00015e+06, 1.00015e+06, 1.00122e+06, 1.0009e+06, 0.169119, 1173, 1173, 0.0677947, 0.168464, 9.34636e-18, 0.180594, 0.0661045, 0.517994, 2.28168e-05, 0.271011, 0.00148946, 9.52193e-10, 0.00193076, 2.03392e-05, 0.395337, 7.08827e-05, 8.92467e-07, 2.93704e-10, 3.07027e-12, 2.69994e-10, 6.55423e-11, 6.36121e-08, 0.33014, 0.168854, 1173, 1173, 0.0655324, 0.156947, 8.95084e-18, 0.169372, 0.06219, 0.490915, 2.15303e-05, 0.271347, 0.00150485, 9.77912e-10, 0.00194413, 2.02808e-05, 0.394003, 7.14941e-05, 8.7693e-07, 2.90226e-10, 3.11514e-12, 2.76611e-10, 6.71597e-11, 6.33225e-08, 0.331109, 0.168293, 1173, 1173, 0.0761352, 0.166153, 1.01728e-17, 0.182049, 0.0677444, 0.544075, 2.36161e-05, 0.272417, 0.00154285, 1.04318e-09, 0.00197838, 2.00569e-05, 0.390309, 7.30259e-05, 8.3784e-07, 2.8106e-10, 3.2299e-12, 2.93474e-10, 7.1273e-11, 6.23903e-08, 0.333659, 0.168483, 1173, 1173, 0.0847367, 0.154741, 1.09305e-17, 0.175201, 0.0671531, 0.55767, 2.3751e-05, 0.274848, 0.00162023, 1.17393e-09, 0.00205033, 1.95291e-05, 0.382517, 7.61834e-05, 7.63042e-07, 2.62921e-10, 3.46702e-12, 3.27526e-10, 7.96021e-11, 6.03486e-08, 0.338868, 0.137843, 1173, 1173, 0.079419, 0.127021, 2.11386e-17, 0.216497, 0.0402007, 0.51941, 2.30182e-05, 0.248683, 0.00263564, 1.43903e-09, 0.00249766, 3.2613e-05, 0.39173, 0.000107242, 5.26616e-07, 2.44268e-10, 4.23354e-12, 3.92958e-10, 1.04401e-10, 8.72251e-08, 0.354314, 
0.00846217, 1.00015e+06, 1.00015e+06, 1.00015e+06, 1.00122e+06, 1.0009e+06, 0.169088, 1173, 1173, 0.0677768, 0.1686, 9.34357e-18, 0.180679, 0.0661467, 0.518142, 2.28256e-05, 0.27101, 0.0014888, 9.51417e-10, 0.00193025, 2.03372e-05, 0.39537, 7.08574e-05, 8.93008e-07, 2.93805e-10, 3.06895e-12, 2.69798e-10, 6.54927e-11, 6.36114e-08, 0.330109, 0.168927, 1173, 1173, 0.0657189, 0.157559, 8.97853e-18, 0.169974, 0.0624223, 0.492574, 2.16053e-05, 0.271347, 0.00150418, 9.77132e-10, 0.00194361, 2.02786e-05, 0.394035, 7.14685e-05, 8.77462e-07, 2.90325e-10, 3.11379e-12, 2.76413e-10, 6.71096e-11, 6.33215e-08, 0.331078, 0.168312, 1173, 1173, 0.0758272, 0.165655, 1.01311e-17, 0.181439, 0.0675297, 0.542149, 2.35352e-05, 0.272416, 0.00154213, 1.04237e-09, 0.00197783, 2.00548e-05, 0.390344, 7.29986e-05, 8.38375e-07, 2.81162e-10, 3.22844e-12, 2.93266e-10, 7.12198e-11, 6.23897e-08, 0.333626, 0.168493, 1173, 1173, 0.0846991, 0.154848, 1.09262e-17, 0.175258, 0.0671837, 0.557706, 2.37554e-05, 0.274845, 0.00161941, 1.17298e-09, 0.00204972, 1.95278e-05, 0.38256, 7.61527e-05, 7.63591e-07, 2.63034e-10, 3.4652e-12, 3.27282e-10, 7.95392e-11, 6.03508e-08, 0.33883, 0.138794, 1173, 1173, 0.0793794, 0.127102, 2.1145e-17, 0.216631, 0.0402047, 0.519436, 2.30237e-05, 0.248659, 0.00263527, 1.43802e-09, 0.00249729, 3.26257e-05, 0.391787, 0.000107227, 5.26872e-07, 2.44373e-10, 4.23111e-12, 3.92686e-10, 1.0433e-10, 8.72585e-08, 0.354282, 
0.00847039, 1.00015e+06, 1.00015e+06, 1.00015e+06, 1.00121e+06, 1.0009e+06, 0.169142, 1173, 1173, 0.0678049, 0.168849, 9.34651e-18, 0.180886, 0.0662337, 0.518641, 2.285e-05, 0.271009, 0.00148813, 9.50642e-10, 0.00192973, 2.03351e-05, 0.395403, 7.08321e-05, 8.93549e-07, 2.93905e-10, 3.06764e-12, 2.69601e-10, 6.54433e-11, 6.36107e-08, 0.330078, 0.168878, 1173, 1173, 0.0659571, 0.158296, 9.01133e-18, 0.170711, 0.0627042, 0.494622, 2.16974e-05, 0.271346, 0.0015035, 9.76353e-10, 0.00194309, 2.02765e-05, 0.394068, 7.14429e-05, 8.77994e-07, 2.90425e-10, 3.11244e-12, 2.76216e-10, 6.70595e-11, 6.33206e-08, 0.331047, 0.168316, 1173, 1173, 0.0755181, 0.165153, 1.00886e-17, 0.180826, 0.0673134, 0.540212, 2.34537e-05, 0.272416, 0.0015414, 1.04155e-09, 0.00197728, 2.00527e-05, 0.390378, 7.29713e-05, 8.38908e-07, 2.81264e-10, 3.22697e-12, 2.93058e-10, 7.11667e-11, 6.23891e-08, 0.333593, 0.168508, 1173, 1173, 0.0846271, 0.154892, 1.09129e-17, 0.175244, 0.0671869, 0.557514, 2.37502e-05, 0.274842, 0.00161859, 1.17204e-09, 0.0020491, 1.95265e-05, 0.382602, 7.6122e-05, 7.6414e-07, 2.63146e-10, 3.46338e-12, 3.27038e-10, 7.94764e-11, 6.0353e-08, 0.338792, 0.137804, 1173, 1173, 0.0792344, 0.127013, 2.11053e-17, 0.216477, 0.0401551, 0.51877, 2.29986e-05, 0.248635, 0.00263491, 1.43702e-09, 0.00249691, 3.26383e-05, 0.391843, 0.000107211, 5.27127e-07, 2.44479e-10, 4.22869e-12, 3.92414e-10, 1.04259e-10, 8.72919e-08, 0.354249, 
0.00847862, 1.00015e+06, 1.00015e+06, 1.00015e+06, 1.00121e+06, 1.0009e+06, 0.169112, 1173, 1173, 0.0678179, 0.169062, 9.34958e-18, 0.181052, 0.0663061, 0.519024, 2.28693e-05, 0.271008, 0.00148747, 9.49869e-10, 0.00192922, 2.03331e-05, 0.395436, 7.08069e-05, 8.9409e-07, 2.94006e-10, 3.06632e-12, 2.69406e-10, 6.53939e-11, 6.361e-08, 0.330047, 0.168951, 1173, 1173, 0.0659968, 0.158557, 9.01679e-18, 0.170934, 0.0627976, 0.495182, 2.17242e-05, 0.271346, 0.00150282, 9.75575e-10, 0.00194257, 2.02743e-05, 0.3941, 7.14173e-05, 8.78526e-07, 2.90524e-10, 3.1111e-12, 2.76018e-10, 6.70095e-11, 6.33196e-08, 0.331016, 0.168335, 1173, 1173, 0.0752605, 0.164762, 1.00546e-17, 0.180335, 0.0671426, 0.538642, 2.33882e-05, 0.272415, 0.00154068, 1.04073e-09, 0.00197673, 2.00506e-05, 0.390413, 7.29442e-05, 8.39441e-07, 2.81365e-10, 3.22551e-12, 2.9285e-10, 7.11137e-11, 6.23885e-08, 0.333561, 0.168518, 1173, 1173, 0.0845985, 0.155015, 1.08975e-17, 0.175319, 0.0672246, 0.557608, 2.37572e-05, 0.274839, 0.00161778, 1.17109e-09, 0.00204848, 1.95253e-05, 0.382644, 7.60914e-05, 7.64689e-07, 2.63259e-10, 3.46157e-12, 3.26794e-10, 7.94137e-11, 6.03552e-08, 0.338754, 0.138755, 1173, 1173, 0.0793694, 0.127374, 2.11432e-17, 0.217088, 0.0402474, 0.519939, 2.30548e-05, 0.248611, 0.00263454, 1.43602e-09, 0.00249654, 3.2651e-05, 0.3919, 0.000107196, 5.27382e-07, 2.44584e-10, 4.22627e-12, 3.92143e-10, 1.04188e-10, 8.73253e-08, 0.354217, 
0.00848684, 1.00015e+06, 1.00015e+06, 1.00015e+06, 1.00121e+06, 1.00089e+06, 0.169165, 1173, 1173, 0.0677567, 0.169089, 9.34147e-18, 0.181021, 0.0663059, 0.518839, 2.28635e-05, 0.271007, 0.00148681, 9.49097e-10, 0.0019287, 2.0331e-05, 0.395469, 7.07817e-05, 8.9463e-07, 2.94106e-10, 3.06501e-12, 2.6921e-10, 6.53446e-11, 6.36093e-08, 0.330017, 0.168902, 1173, 1173, 0.0659966, 0.158722, 9.0166e-18, 0.171055, 0.0628531, 0.495443, 2.17379e-05, 0.271345, 0.00150215, 9.74798e-10, 0.00194206, 2.02722e-05, 0.394133, 7.13918e-05, 8.79058e-07, 2.90623e-10, 3.10976e-12, 2.75821e-10, 6.69597e-11, 6.33187e-08, 0.330985, 0.168339, 1173, 1173, 0.0751351, 0.16466, 1.00399e-17, 0.18016, 0.0670895, 0.538017, 2.33636e-05, 0.272414, 0.00153996, 1.03992e-09, 0.00197618, 2.00485e-05, 0.390447, 7.29171e-05, 8.39974e-07, 2.81467e-10, 3.22406e-12, 2.92643e-10, 7.10607e-11, 6.2388e-08, 0.333528, 0.168533, 1173, 1173, 0.0846072, 0.155207, 1.08451e-17, 0.175472, 0.0672919, 0.557948, 2.37747e-05, 0.274836, 0.00161697, 1.17015e-09, 0.00204787, 1.9524e-05, 0.382686, 7.60609e-05, 7.65238e-07, 2.63371e-10, 3.45977e-12, 3.26551e-10, 7.93511e-11, 6.03574e-08, 0.338716, 0.137766, 1173, 1173, 0.079705, 0.128058, 2.12412e-17, 0.21825, 0.0404417, 0.522423, 2.31694e-05, 0.248587, 0.00263418, 1.43502e-09, 0.00249616, 3.26637e-05, 0.391957, 0.00010718, 5.27636e-07, 2.44689e-10, 4.22385e-12, 3.91872e-10, 1.04117e-10, 8.73588e-08, 0.354185, 
0.00849507, 1.00015e+06, 1.00015e+06, 1.00015e+06, 1.00121e+06, 1.00089e+06, 0.169134, 1173, 1173, 0.0675603, 0.168779, 9.3145e-18, 0.180628, 0.0661731, 0.517619, 2.28121e-05, 0.271006, 0.00148615, 9.48325e-10, 0.00192819, 2.0329e-05, 0.395502, 7.07566e-05, 8.9517e-07, 2.94206e-10, 3.06371e-12, 2.69015e-10, 6.52954e-11, 6.36086e-08, 0.329986, 0.168975, 1173, 1173, 0.0660929, 0.15912, 9.0295e-18, 0.171425, 0.0630006, 0.496429, 2.17834e-05, 0.271345, 0.00150147, 9.74022e-10, 0.00194154, 2.027e-05, 0.394166, 7.13662e-05, 8.7959e-07, 2.90722e-10, 3.10842e-12, 2.75625e-10, 6.69098e-11, 6.33177e-08, 0.330954, 0.168358, 1173, 1173, 0.074841, 0.164187, 1.00004e-17, 0.17958, 0.0668855, 0.536183, 2.32866e-05, 0.272414, 0.00153925, 1.03911e-09, 0.00197564, 2.00464e-05, 0.390482, 7.28901e-05, 8.40505e-07, 2.81568e-10, 3.2226e-12, 2.92436e-10, 7.10079e-11, 6.23874e-08, 0.333496, 0.168543, 1173, 1173, 0.0844994, 0.155185, 1.08219e-17, 0.175384, 0.0672665, 0.557519, 2.37593e-05, 0.274833, 0.00161616, 1.1692e-09, 0.00204725, 1.95228e-05, 0.382729, 7.60303e-05, 7.65786e-07, 2.63484e-10, 3.45796e-12, 3.26308e-10, 7.92886e-11, 6.03596e-08, 0.338678, 0.138717, 1173, 1173, 0.0797122, 0.128214, 2.12723e-17, 0.218513, 0.0404693, 0.522756, 2.31886e-05, 0.248563, 0.00263382, 1.43402e-09, 0.00249579, 3.26764e-05, 0.392014, 0.000107165, 5.27891e-07, 2.44794e-10, 4.22143e-12, 3.91601e-10, 1.04047e-10, 8.73922e-08, 0.354153, 
0.00850329, 1.00015e+06, 1.00015e+06, 1.00015e+06, 1.00121e+06, 1.00089e+06, 0.169188, 1173, 1173, 0.0676186, 0.169104, 9.32428e-18, 0.180916, 0.0662898, 0.518349, 2.28467e-05, 0.271005, 0.00148549, 9.47555e-10, 0.00192768, 2.03269e-05, 0.395534, 7.07315e-05, 8.95709e-07, 2.94307e-10, 3.0624e-12, 2.6882e-10, 6.52462e-11, 6.36079e-08, 0.329955, 0.168925, 1173, 1173, 0.0661174, 0.159346, 9.03236e-18, 0.17161, 0.0630798, 0.496876, 2.18053e-05, 0.271344, 0.0015008, 9.73247e-10, 0.00194102, 2.02678e-05, 0.394198, 7.13408e-05, 8.80121e-07, 2.90821e-10, 3.10708e-12, 2.75428e-10, 6.68601e-11, 6.33167e-08, 0.330923, 0.168362, 1173, 1173, 0.0747179, 0.164088, 9.9768e-18, 0.17941, 0.0668338, 0.535572, 2.32626e-05, 0.272413, 0.00153853, 1.03829e-09, 0.0019751, 2.00443e-05, 0.390516, 7.28631e-05, 8.41036e-07, 2.81669e-10, 3.22115e-12, 2.92229e-10, 7.09551e-11, 6.23868e-08, 0.333463, 0.168557, 1173, 1173, 0.0843443, 0.155076, 1.08356e-17, 0.175196, 0.0672032, 0.556777, 2.37307e-05, 0.27483, 0.00161534, 1.16826e-09, 0.00204664, 1.95215e-05, 0.382771, 7.59999e-05, 7.66335e-07, 2.63596e-10, 3.45616e-12, 3.26065e-10, 7.92262e-11, 6.03618e-08, 0.338641, 0.137728, 1173, 1173, 0.0795603, 0.128115, 2.12744e-17, 0.21834, 0.0404162, 0.522046, 2.31615e-05, 0.248539, 0.00263346, 1.43302e-09, 0.00249542, 3.26891e-05, 0.39207, 0.00010715, 5.28145e-07, 2.44899e-10, 4.21902e-12, 3.91331e-10, 1.03976e-10, 8.74256e-08, 0.354121, 
0.00851151, 1.00015e+06, 1.00015e+06, 1.00015e+06, 1.00121e+06, 1.00089e+06, 0.169157, 1173, 1173, 0.0675923, 0.169218, 9.32103e-18, 0.180977, 0.0663234, 0.51843, 2.28526e-05, 0.271004, 0.00148483, 9.46786e-10, 0.00192717, 2.03249e-05, 0.395567, 7.07064e-05, 8.96248e-07, 2.94407e-10, 3.0611e-12, 2.68625e-10, 6.51972e-11, 6.36072e-08, 0.329925, 0.168998, 1173, 1173, 0.0661054, 0.159483, 9.02969e-18, 0.1717, 0.0631241, 0.497049, 2.18151e-05, 0.271344, 0.00150013, 9.72474e-10, 0.00194051, 2.02657e-05, 0.39423, 7.13153e-05, 8.80652e-07, 2.90919e-10, 3.10575e-12, 2.75232e-10, 6.68105e-11, 6.33158e-08, 0.330893, 0.168381, 1173, 1173, 0.0745834, 0.163964, 9.95704e-18, 0.179211, 0.0667719, 0.534879, 2.32351e-05, 0.272413, 0.00153782, 1.03748e-09, 0.00197456, 2.00422e-05, 0.39055, 7.28362e-05, 8.41566e-07, 2.8177e-10, 3.21969e-12, 2.92022e-10, 7.09024e-11, 6.23863e-08, 0.333431, 0.168567, 1173, 1173, 0.084258, 0.155092, 1.08693e-17, 0.175151, 0.0671946, 0.556489, 2.37214e-05, 0.274828, 0.00161454, 1.16732e-09, 0.00204602, 1.95203e-05, 0.382813, 7.59694e-05, 7.66883e-07, 2.63709e-10, 3.45437e-12, 3.25823e-10, 7.91639e-11, 6.0364e-08, 0.338603, 0.138679, 1173, 1173, 0.0797078, 0.128498, 2.14444e-17, 0.218989, 0.0405152, 0.5233, 2.32216e-05, 0.248515, 0.0026331, 1.43202e-09, 0.00249505, 3.27019e-05, 0.392127, 0.000107134, 5.28398e-07, 2.45004e-10, 4.21661e-12, 3.91061e-10, 1.03906e-10, 8.7459e-08, 0.354089, 
0.00851974, 1.00015e+06, 1.00015e+06, 1.00015e+06, 1.00121e+06, 1.00089e+06, 0.169211, 1173, 1173, 0.0675772, 0.16936, 9.32031e-18, 0.181068, 0.0663682, 0.518598, 2.28624e-05, 0.271003, 0.00148417, 9.46019e-10, 0.00192666, 2.03229e-05, 0.3956, 7.06813e-05, 8.96786e-07, 2.94507e-10, 3.0598e-12, 2.68431e-10, 6.51482e-11, 6.36065e-08, 0.329894, 0.168949, 1173, 1173, 0.066131, 0.159711, 9.03082e-18, 0.171887, 0.0632044, 0.497505, 2.18374e-05, 0.271343, 0.00149946, 9.71701e-10, 0.00193999, 2.02635e-05, 0.394263, 7.12899e-05, 8.81183e-07, 2.91018e-10, 3.10442e-12, 2.75036e-10, 6.67609e-11, 6.33148e-08, 0.330862, 0.168384, 1173, 1173, 0.0743585, 0.163641, 9.92234e-18, 0.178796, 0.0666288, 0.533537, 2.31793e-05, 0.272412, 0.0015371, 1.03667e-09, 0.00197401, 2.00401e-05, 0.390584, 7.28094e-05, 8.42095e-07, 2.8187e-10, 3.21825e-12, 2.91816e-10, 7.08497e-11, 6.23857e-08, 0.333399, 0.168582, 1173, 1173, 0.0842749, 0.155299, 1.09468e-17, 0.175321, 0.0672682, 0.556882, 2.37411e-05, 0.274825, 0.00161373, 1.16638e-09, 0.00204541, 1.9519e-05, 0.382855, 7.59391e-05, 7.67431e-07, 2.63821e-10, 3.45257e-12, 3.25581e-10, 7.91017e-11, 6.03662e-08, 0.338565, 0.13769, 1173, 1173, 0.0796615, 0.128568, 2.17914e-17, 0.219106, 0.0405157, 0.523283, 2.32252e-05, 0.248491, 0.00263274, 1.43103e-09, 0.00249468, 3.27146e-05, 0.392184, 0.000107119, 5.28652e-07, 2.45109e-10, 4.2142e-12, 3.90791e-10, 1.03835e-10, 8.74925e-08, 0.354058, 
0.00852796, 1.00015e+06, 1.00015e+06, 1.00015e+06, 1.00121e+06, 1.00089e+06, 0.16918, 1173, 1173, 0.0675195, 0.169395, 9.31183e-18, 0.181045, 0.066371, 0.518438, 2.28577e-05, 0.271002, 0.00148351, 9.45252e-10, 0.00192615, 2.03208e-05, 0.395632, 7.06563e-05, 8.97325e-07, 2.94606e-10, 3.0585e-12, 2.68237e-10, 6.50993e-11, 6.36058e-08, 0.329864, 0.169022, 1173, 1173, 0.0660731, 0.159738, 9.01629e-18, 0.171858, 0.0632049, 0.497333, 2.18321e-05, 0.271343, 0.00149879, 9.7093e-10, 0.00193948, 2.02614e-05, 0.394295, 7.12645e-05, 8.81713e-07, 2.91117e-10, 3.10309e-12, 2.74841e-10, 6.67114e-11, 6.33138e-08, 0.330831, 0.168405, 1173, 1173, 0.074806, 0.164797, 9.97063e-18, 0.179997, 0.0670882, 0.53702, 2.33332e-05, 0.272411, 0.00153639, 1.03586e-09, 0.00197347, 2.00381e-05, 0.390618, 7.27825e-05, 8.42624e-07, 2.81971e-10, 3.2168e-12, 2.9161e-10, 7.07972e-11, 6.23851e-08, 0.333366, 0.168591, 1173, 1173, 0.0831904, 0.153474, 1.07163e-17, 0.173197, 0.066462, 0.549994, 2.34503e-05, 0.274822, 0.00161292, 1.16544e-09, 0.0020448, 1.95178e-05, 0.382897, 7.59088e-05, 7.67977e-07, 2.63933e-10, 3.45078e-12, 3.25339e-10, 7.90396e-11, 6.03683e-08, 0.338528, 0.13864, 1173, 1173, 0.0792284, 0.128014, 2.26916e-17, 0.218158, 0.0403193, 0.520723, 2.3116e-05, 0.248467, 0.00263239, 1.43003e-09, 0.00249431, 3.27273e-05, 0.39224, 0.000107104, 5.28904e-07, 2.45213e-10, 4.2118e-12, 3.90522e-10, 1.03765e-10, 8.75259e-08, 0.354026, 
0.00853618, 1.00015e+06, 1.00015e+06, 1.00015e+06, 1.00121e+06, 1.00089e+06, 0.169234, 1173, 1173, 0.0676306, 0.169854, 9.32664e-18, 0.181475, 0.0665398, 0.519574, 2.29102e-05, 0.271001, 0.00148285, 9.44486e-10, 0.00192564, 2.03188e-05, 0.395665, 7.06314e-05, 8.97863e-07, 2.94706e-10, 3.05721e-12, 2.68043e-10, 6.50505e-11, 6.36051e-08, 0.329833, 0.168971, 1173, 1173, 0.0656107, 0.158785, 8.93367e-18, 0.170775, 0.062818, 0.494114, 2.1693e-05, 0.271342, 0.00149812, 9.7016e-10, 0.00193897, 2.02592e-05, 0.394327, 7.12393e-05, 8.82242e-07, 2.91215e-10, 3.10176e-12, 2.74645e-10, 6.6662e-11, 6.33128e-08, 0.330801, 0.168407, 1173, 1173, 0.0740364, 0.163272, 9.88608e-18, 0.178269, 0.066456, 0.531765, 2.31073e-05, 0.272411, 0.00153568, 1.03506e-09, 0.00197293, 2.0036e-05, 0.390652, 7.27558e-05, 8.43153e-07, 2.82071e-10, 3.21536e-12, 2.91404e-10, 7.07447e-11, 6.23845e-08, 0.333334, 0.168607, 1173, 1173, 0.0837802, 0.154736, 1.07761e-17, 0.174559, 0.0669931, 0.554175, 2.36315e-05, 0.274819, 0.00161212, 1.1645e-09, 0.00204419, 1.95165e-05, 0.382938, 7.58786e-05, 7.68523e-07, 2.64045e-10, 3.449e-12, 3.25098e-10, 7.89776e-11, 6.03705e-08, 0.33849, 0.137651, 1173, 1173, 0.0816098, 0.132011, 2.22677e-17, 0.224966, 0.0415558, 0.536668, 2.38284e-05, 0.248443, 0.00263203, 1.42904e-09, 0.00249393, 3.27401e-05, 0.392297, 0.000107089, 5.29158e-07, 2.45318e-10, 4.20939e-12, 3.90252e-10, 1.03695e-10, 8.75594e-08, 0.353994, 
0.00854441, 1.00015e+06, 1.00015e+06, 1.00015e+06, 1.00121e+06, 1.00089e+06, 0.169205, 1173, 1173, 0.0684292, 0.172042, 9.43714e-18, 0.183751, 0.0673858, 0.525996, 2.31958e-05, 0.271, 0.0014822, 9.43721e-10, 0.00192513, 2.03168e-05, 0.395698, 7.06063e-05, 8.98403e-07, 2.94806e-10, 3.05592e-12, 2.67849e-10, 6.50017e-11, 6.36044e-08, 0.329803, 0.169043, 1173, 1173, 0.0646618, 0.156651, 8.82037e-18, 0.168423, 0.0619641, 0.487226, 2.13927e-05, 0.271342, 0.00149746, 9.69391e-10, 0.00193846, 2.02571e-05, 0.394359, 7.12141e-05, 8.82768e-07, 2.91313e-10, 3.10044e-12, 2.7445e-10, 6.66127e-11, 6.33118e-08, 0.330771, 0.168427, 1173, 1173, 0.0739629, 0.163279, 9.87589e-18, 0.178215, 0.066448, 0.531506, 2.30986e-05, 0.27241, 0.00153497, 1.03425e-09, 0.0019724, 2.00339e-05, 0.390686, 7.27291e-05, 8.4368e-07, 2.82171e-10, 3.21392e-12, 2.91199e-10, 7.06923e-11, 6.23839e-08, 0.333302, 0.168616, 1173, 1173, 0.083766, 0.154885, 1.07636e-17, 0.174663, 0.0670416, 0.554361, 2.36423e-05, 0.274816, 0.00161132, 1.16357e-09, 0.00204358, 1.95153e-05, 0.38298, 7.58484e-05, 7.69069e-07, 2.64156e-10, 3.44721e-12, 3.24857e-10, 7.89157e-11, 6.03727e-08, 0.338453, 0.138602, 1173, 1173, 0.0797715, 0.129183, 2.15704e-17, 0.220145, 0.0406438, 0.524866, 2.33088e-05, 0.248419, 0.00263168, 1.42804e-09, 0.00249356, 3.27528e-05, 0.392353, 0.000107074, 5.29411e-07, 2.45423e-10, 4.20699e-12, 3.89983e-10, 1.03625e-10, 8.75928e-08, 0.353962, 
0.00855263, 1.00015e+06, 1.00015e+06, 1.00015e+06, 1.00121e+06, 1.00089e+06, 0.169256, 1173, 1173, 0.0670118, 0.168657, 9.24247e-18, 0.180076, 0.066049, 0.515381, 2.27301e-05, 0.270999, 0.00148154, 9.42959e-10, 0.00192462, 2.03147e-05, 0.39573, 7.05814e-05, 8.98941e-07, 2.94906e-10, 3.05463e-12, 2.67656e-10, 6.49531e-11, 6.36036e-08, 0.329772, 0.168996, 1173, 1173, 0.0664312, 0.161105, 9.07112e-18, 0.173154, 0.0637159, 0.500824, 2.1992e-05, 0.271341, 0.00149679, 9.68622e-10, 0.00193795, 2.02549e-05, 0.394391, 7.1189e-05, 8.83296e-07, 2.9141e-10, 3.09912e-12, 2.74256e-10, 6.65634e-11, 6.33108e-08, 0.33074, 0.16843, 1173, 1173, 0.0736233, 0.162699, 9.83016e-18, 0.17752, 0.0662005, 0.529335, 2.30067e-05, 0.27241, 0.00153427, 1.03344e-09, 0.00197186, 2.00318e-05, 0.39072, 7.27025e-05, 8.44206e-07, 2.82271e-10, 3.21248e-12, 2.90994e-10, 7.064e-11, 6.23833e-08, 0.33327, 0.168632, 1173, 1173, 0.0839656, 0.155429, 1.09073e-17, 0.175213, 0.0672613, 0.555963, 2.37136e-05, 0.274813, 0.00161052, 1.16263e-09, 0.00204297, 1.9514e-05, 0.383022, 7.58182e-05, 7.69615e-07, 2.64268e-10, 3.44543e-12, 3.24616e-10, 7.88538e-11, 6.03748e-08, 0.338415, 0.137613, 1173, 1173, 0.0795514, 0.128972, 2.1627e-17, 0.219782, 0.0405556, 0.523704, 2.32617e-05, 0.248395, 0.00263133, 1.42705e-09, 0.0024932, 3.27655e-05, 0.39241, 0.000107059, 5.29663e-07, 2.45527e-10, 4.20459e-12, 3.89714e-10, 1.03554e-10, 8.76262e-08, 0.353931, 
0.00856086, 1.00015e+06, 1.00015e+06, 1.00015e+06, 1.00121e+06, 1.00089e+06, 0.169226, 1173, 1173, 0.0674281, 0.169884, 9.29751e-18, 0.181326, 0.0665188, 0.518866, 2.28862e-05, 0.270999, 0.00148089, 9.42196e-10, 0.00192411, 2.03127e-05, 0.395763, 7.05566e-05, 8.99478e-07, 2.95006e-10, 3.05335e-12, 2.67463e-10, 6.49045e-11, 6.36029e-08, 0.329742, 0.169069, 1173, 1173, 0.0666714, 0.161856, 9.10633e-18, 0.173902, 0.0640026, 0.5029, 2.20854e-05, 0.271341, 0.00149613, 9.67855e-10, 0.00193743, 2.02528e-05, 0.394424, 7.11637e-05, 8.83826e-07, 2.91509e-10, 3.0978e-12, 2.74061e-10, 6.65142e-11, 6.33098e-08, 0.33071, 0.16845, 1173, 1173, 0.0739621, 0.163617, 9.87499e-18, 0.178461, 0.0665632, 0.532041, 2.31268e-05, 0.272409, 0.00153356, 1.03264e-09, 0.00197133, 2.00298e-05, 0.390754, 7.2676e-05, 8.44732e-07, 2.82371e-10, 3.21104e-12, 2.90789e-10, 7.05878e-11, 6.23827e-08, 0.333238, 0.168641, 1173, 1173, 0.0838123, 0.15532, 1.08606e-17, 0.175027, 0.0671985, 0.555228, 2.36852e-05, 0.27481, 0.00160971, 1.1617e-09, 0.00204236, 1.95128e-05, 0.383064, 7.57881e-05, 7.70162e-07, 2.6438e-10, 3.44366e-12, 3.24376e-10, 7.87921e-11, 6.0377e-08, 0.338378, 0.138564, 1173, 1173, 0.0789963, 0.128216, 2.11761e-17, 0.218491, 0.0402964, 0.520335, 2.31164e-05, 0.248371, 0.00263098, 1.42606e-09, 0.00249283, 3.27783e-05, 0.392466, 0.000107044, 5.29914e-07, 2.45632e-10, 4.2022e-12, 3.89446e-10, 1.03485e-10, 8.76596e-08, 0.353899, 
0.00856908, 1.00015e+06, 1.00015e+06, 1.00015e+06, 1.00121e+06, 1.00089e+06, 0.169279, 1173, 1173, 0.0673488, 0.169863, 9.28711e-18, 0.181244, 0.0664999, 0.518538, 2.28741e-05, 0.270998, 0.00148024, 9.41435e-10, 0.0019236, 2.03107e-05, 0.395795, 7.05317e-05, 9.00015e-07, 2.95105e-10, 3.05207e-12, 2.67271e-10, 6.4856e-11, 6.36022e-08, 0.329711, 0.169019, 1173, 1173, 0.0662006, 0.16088, 9.04357e-18, 0.172795, 0.0636066, 0.499613, 2.19433e-05, 0.27134, 0.00149546, 9.67089e-10, 0.00193692, 2.02506e-05, 0.394456, 7.11385e-05, 8.84355e-07, 2.91607e-10, 3.09649e-12, 2.73867e-10, 6.64651e-11, 6.33088e-08, 0.330679, 0.168454, 1173, 1173, 0.0741818, 0.164274, 9.90385e-18, 0.179115, 0.066819, 0.533892, 2.32098e-05, 0.272409, 0.00153286, 1.03183e-09, 0.00197079, 2.00277e-05, 0.390788, 7.26494e-05, 8.45258e-07, 2.82471e-10, 3.2096e-12, 2.90584e-10, 7.05356e-11, 6.23821e-08, 0.333206, 0.168656, 1173, 1173, 0.0836984, 0.155283, 1.07819e-17, 0.174923, 0.0671671, 0.554754, 2.36679e-05, 0.274807, 0.00160892, 1.16077e-09, 0.00204176, 1.95115e-05, 0.383105, 7.5758e-05, 7.70708e-07, 2.64492e-10, 3.44188e-12, 3.24136e-10, 7.87305e-11, 6.03792e-08, 0.338341, 0.137574, 1173, 1173, 0.0789199, 0.128236, 2.11782e-17, 0.218523, 0.0402812, 0.520117, 2.31111e-05, 0.248347, 0.00263064, 1.42507e-09, 0.00249246, 3.2791e-05, 0.392522, 0.000107029, 5.30165e-07, 2.45736e-10, 4.19981e-12, 3.89178e-10, 1.03415e-10, 8.7693e-08, 0.353868, 
0.0085773, 1.00015e+06, 1.00015e+06, 1.00015e+06, 1.0012e+06, 1.00089e+06, 0.169249, 1173, 1173, 0.0672861, 0.169885, 9.27877e-18, 0.181206, 0.0664974, 0.518338, 2.28676e-05, 0.270997, 0.00147959, 9.40675e-10, 0.0019231, 2.03086e-05, 0.395828, 7.05069e-05, 9.00552e-07, 2.95204e-10, 3.05079e-12, 2.67078e-10, 6.48076e-11, 6.36014e-08, 0.329681, 0.169091, 1173, 1173, 0.0660518, 0.160685, 9.02349e-18, 0.172528, 0.0635195, 0.498753, 2.19078e-05, 0.27134, 0.0014948, 9.66323e-10, 0.00193641, 2.02485e-05, 0.394488, 7.11134e-05, 8.84883e-07, 2.91705e-10, 3.09517e-12, 2.73673e-10, 6.64161e-11, 6.33078e-08, 0.330649, 0.168474, 1173, 1173, 0.0743461, 0.164809, 9.92536e-18, 0.179637, 0.0670253, 0.535346, 2.32755e-05, 0.272408, 0.00153216, 1.03103e-09, 0.00197026, 2.00256e-05, 0.390822, 7.26229e-05, 8.45785e-07, 2.82571e-10, 3.20817e-12, 2.9038e-10, 7.04835e-11, 6.23815e-08, 0.333174, 0.168666, 1173, 1173, 0.0836059, 0.155286, 1.07583e-17, 0.174863, 0.0671526, 0.554421, 2.36566e-05, 0.274804, 0.00160812, 1.15984e-09, 0.00204115, 1.95103e-05, 0.383147, 7.57279e-05, 7.71253e-07, 2.64603e-10, 3.44011e-12, 3.23896e-10, 7.86689e-11, 6.03813e-08, 0.338304, 0.138525, 1173, 1173, 0.0789728, 0.128467, 2.11897e-17, 0.218913, 0.040332, 0.520751, 2.31436e-05, 0.248323, 0.00263029, 1.42408e-09, 0.0024921, 3.28037e-05, 0.392578, 0.000107014, 5.30415e-07, 2.45839e-10, 4.19743e-12, 3.8891e-10, 1.03345e-10, 8.77264e-08, 0.353836, 
0.00858553, 1.00015e+06, 1.00015e+06, 1.00015e+06, 1.0012e+06, 1.00089e+06, 0.169302, 1173, 1173, 0.0673376, 0.170194, 9.28585e-18, 0.181476, 0.0666076, 0.519016, 2.29e-05, 0.270996, 0.00147893, 9.39916e-10, 0.00192259, 2.03066e-05, 0.39586, 7.04821e-05, 9.01089e-07, 2.95304e-10, 3.04951e-12, 2.66886e-10, 6.47593e-11, 6.36007e-08, 0.329651, 0.169042, 1173, 1173, 0.0659132, 0.160514, 9.00482e-18, 0.172286, 0.063442, 0.49797, 2.18756e-05, 0.271339, 0.00149414, 9.65559e-10, 0.0019359, 2.02463e-05, 0.39452, 7.10883e-05, 8.8541e-07, 2.91802e-10, 3.09386e-12, 2.7348e-10, 6.63671e-11, 6.33068e-08, 0.330618, 0.168478, 1173, 1173, 0.0742922, 0.16486, 9.91774e-18, 0.179631, 0.0670351, 0.535229, 2.3273e-05, 0.272408, 0.00153145, 1.03023e-09, 0.00196972, 2.00236e-05, 0.390855, 7.25964e-05, 8.46312e-07, 2.82671e-10, 3.20675e-12, 2.90176e-10, 7.04315e-11, 6.23809e-08, 0.333142, 0.168681, 1173, 1173, 0.0835752, 0.155404, 1.07398e-17, 0.174932, 0.0671878, 0.554497, 2.36628e-05, 0.274801, 0.00160732, 1.15891e-09, 0.00204054, 1.9509e-05, 0.383189, 7.56979e-05, 7.71799e-07, 2.64715e-10, 3.43835e-12, 3.23657e-10, 7.86075e-11, 6.03834e-08, 0.338266, 0.137536, 1173, 1173, 0.0797099, 0.129812, 2.13943e-17, 0.221202, 0.0407325, 0.525899, 2.33769e-05, 0.248299, 0.00262995, 1.42309e-09, 0.00249174, 3.28165e-05, 0.392634, 0.000106999, 5.30666e-07, 2.45943e-10, 4.19504e-12, 3.88643e-10, 1.03275e-10, 8.77599e-08, 0.353805, 
0.00859375, 1.00015e+06, 1.00015e+06, 1.00015e+06, 1.0012e+06, 1.00089e+06, 0.169271, 1173, 1173, 0.0668873, 0.169234, 9.22408e-18, 0.180393, 0.0662212, 0.515826, 2.27616e-05, 0.270995, 0.00147829, 9.39158e-10, 0.00192208, 2.03046e-05, 0.395893, 7.04574e-05, 9.01625e-07, 2.95403e-10, 3.04823e-12, 2.66695e-10, 6.4711e-11, 6.36e-08, 0.329621, 0.169115, 1173, 1173, 0.066139, 0.16123, 9.0356e-18, 0.172998, 0.0637153, 0.49994, 2.19644e-05, 0.271339, 0.00149348, 9.64796e-10, 0.0019354, 2.02442e-05, 0.394552, 7.10633e-05, 8.85936e-07, 2.919e-10, 3.09256e-12, 2.73286e-10, 6.63183e-11, 6.33057e-08, 0.330588, 0.168497, 1173, 1173, 0.0742324, 0.164899, 9.90932e-18, 0.179611, 0.0670393, 0.535069, 2.32685e-05, 0.272407, 0.00153075, 1.02943e-09, 0.00196919, 2.00215e-05, 0.390889, 7.25699e-05, 8.46838e-07, 2.82771e-10, 3.20532e-12, 2.89972e-10, 7.03796e-11, 6.23803e-08, 0.33311, 0.16869, 1173, 1173, 0.0831977, 0.154876, 1.06893e-17, 0.174275, 0.0669439, 0.552271, 2.35708e-05, 0.274798, 0.00160652, 1.15798e-09, 0.00203994, 1.95078e-05, 0.38323, 7.56679e-05, 7.72345e-07, 2.64826e-10, 3.43659e-12, 3.23418e-10, 7.85461e-11, 6.03856e-08, 0.338229, 0.138487, 1173, 1173, 0.0793693, 0.129402, 2.13092e-17, 0.220502, 0.0405823, 0.523939, 2.32942e-05, 0.248275, 0.00262961, 1.42211e-09, 0.00249137, 3.28293e-05, 0.39269, 0.000106984, 5.30916e-07, 2.46047e-10, 4.19266e-12, 3.88376e-10, 1.03206e-10, 8.77933e-08, 0.353773, 
0.00860197, 1.00015e+06, 1.00015e+06, 1.00015e+06, 1.0012e+06, 1.00089e+06, 0.169324, 1173, 1173, 0.0668698, 0.169368, 9.22194e-18, 0.180477, 0.0662629, 0.515972, 2.27704e-05, 0.270994, 0.00147764, 9.38401e-10, 0.00192158, 2.03026e-05, 0.395925, 7.04327e-05, 9.0216e-07, 2.95502e-10, 3.04696e-12, 2.66503e-10, 6.46629e-11, 6.35992e-08, 0.32959, 0.169065, 1173, 1173, 0.0660757, 0.161243, 9.02692e-18, 0.172953, 0.0637102, 0.499725, 2.19572e-05, 0.271339, 0.00149282, 9.64034e-10, 0.00193489, 2.02421e-05, 0.394583, 7.10383e-05, 8.86463e-07, 2.91997e-10, 3.09125e-12, 2.73093e-10, 6.62695e-11, 6.33047e-08, 0.330558, 0.168501, 1173, 1173, 0.0741492, 0.164885, 9.89778e-18, 0.179534, 0.0670224, 0.53474, 2.32568e-05, 0.272406, 0.00153005, 1.02863e-09, 0.00196865, 2.00194e-05, 0.390923, 7.25434e-05, 8.47365e-07, 2.82871e-10, 3.2039e-12, 2.89768e-10, 7.03277e-11, 6.23798e-08, 0.333079, 0.168705, 1173, 1173, 0.0826928, 0.154108, 1.06206e-17, 0.17335, 0.0665968, 0.549197, 2.34424e-05, 0.274795, 0.00160573, 1.15705e-09, 0.00203933, 1.95066e-05, 0.383272, 7.5638e-05, 7.72889e-07, 2.64937e-10, 3.43483e-12, 3.2318e-10, 7.84849e-11, 6.03877e-08, 0.338192, 0.137497, 1173, 1173, 0.0795148, 0.129785, 2.13686e-17, 0.221152, 0.0406807, 0.525187, 2.33541e-05, 0.248251, 0.00262927, 1.42112e-09, 0.00249101, 3.2842e-05, 0.392746, 0.00010697, 5.31165e-07, 2.46151e-10, 4.19028e-12, 3.88109e-10, 1.03136e-10, 8.78267e-08, 0.353742, 
0.0086102, 1.00015e+06, 1.00015e+06, 1.00015e+06, 1.0012e+06, 1.00088e+06, 0.169293, 1173, 1173, 0.0666933, 0.169099, 9.19784e-18, 0.18013, 0.0661469, 0.51489, 2.2725e-05, 0.270993, 0.00147699, 9.37645e-10, 0.00192108, 2.03005e-05, 0.395957, 7.04081e-05, 9.02695e-07, 2.95601e-10, 3.04569e-12, 2.66312e-10, 6.46148e-11, 6.35985e-08, 0.32956, 0.169138, 1173, 1173, 0.0661385, 0.161563, 9.03545e-18, 0.173238, 0.0638268, 0.500464, 2.19919e-05, 0.271338, 0.00149216, 9.63273e-10, 0.00193438, 2.02399e-05, 0.394615, 7.10133e-05, 8.86989e-07, 2.92095e-10, 3.08995e-12, 2.729e-10, 6.62207e-11, 6.33037e-08, 0.330528, 0.16852, 1173, 1173, 0.0740714, 0.164882, 9.88699e-18, 0.17947, 0.0670102, 0.53445, 2.32467e-05, 0.272406, 0.00152935, 1.02783e-09, 0.00196812, 2.00174e-05, 0.390957, 7.25171e-05, 8.4789e-07, 2.8297e-10, 3.20248e-12, 2.89565e-10, 7.02759e-11, 6.23792e-08, 0.333047, 0.168715, 1173, 1173, 0.0830175, 0.154887, 1.06176e-17, 0.174163, 0.0669178, 0.551632, 2.35493e-05, 0.274792, 0.00160494, 1.15613e-09, 0.00203873, 1.95053e-05, 0.383313, 7.56082e-05, 7.73434e-07, 2.65048e-10, 3.43307e-12, 3.22941e-10, 7.84237e-11, 6.03899e-08, 0.338155, 0.138448, 1173, 1173, 0.0797547, 0.130323, 2.14407e-17, 0.222066, 0.0408274, 0.527061, 2.34418e-05, 0.248227, 0.00262893, 1.42014e-09, 0.00249065, 3.28548e-05, 0.392802, 0.000106955, 5.31415e-07, 2.46255e-10, 4.18791e-12, 3.87842e-10, 1.03067e-10, 8.78601e-08, 0.353711, 
0.00861842, 1.00015e+06, 1.00015e+06, 1.00015e+06, 1.0012e+06, 1.00088e+06, 0.169346, 1173, 1173, 0.0665376, 0.168882, 9.17659e-18, 0.179839, 0.0660511, 0.513967, 2.26866e-05, 0.270992, 0.00147635, 9.3689e-10, 0.00192058, 2.02985e-05, 0.395989, 7.03835e-05, 9.03229e-07, 2.95699e-10, 3.04442e-12, 2.66121e-10, 6.45667e-11, 6.35977e-08, 0.32953, 0.169089, 1173, 1173, 0.0662836, 0.162085, 9.05526e-18, 0.17374, 0.064023, 0.501827, 2.2054e-05, 0.271338, 0.0014915, 9.62513e-10, 0.00193388, 2.02378e-05, 0.394647, 7.09884e-05, 8.87515e-07, 2.92192e-10, 3.08865e-12, 2.72708e-10, 6.61721e-11, 6.33026e-08, 0.330498, 0.168524, 1173, 1173, 0.0739821, 0.164854, 9.87466e-18, 0.179377, 0.0669876, 0.534076, 2.32329e-05, 0.272405, 0.00152865, 1.02703e-09, 0.00196759, 2.00153e-05, 0.39099, 7.24907e-05, 8.48415e-07, 2.8307e-10, 3.20106e-12, 2.89362e-10, 7.02242e-11, 6.23786e-08, 0.333015, 0.16873, 1173, 1173, 0.0831404, 0.155291, 1.06961e-17, 0.174554, 0.0670764, 0.552727, 2.3599e-05, 0.274789, 0.00160415, 1.1552e-09, 0.00203813, 1.95041e-05, 0.383354, 7.55783e-05, 7.73979e-07, 2.6516e-10, 3.43132e-12, 3.22703e-10, 7.83626e-11, 6.0392e-08, 0.338118, 0.137459, 1173, 1173, 0.0799451, 0.130781, 2.14925e-17, 0.222843, 0.040949, 0.528608, 2.35151e-05, 0.248203, 0.00262859, 1.41915e-09, 0.00249029, 3.28675e-05, 0.392858, 0.00010694, 5.31664e-07, 2.46358e-10, 4.18553e-12, 3.87575e-10, 1.02997e-10, 8.78935e-08, 0.35368, 
0.00862664, 1.00015e+06, 1.00015e+06, 1.00015e+06, 1.0012e+06, 1.00088e+06, 0.169315, 1173, 1173, 0.066389, 0.168682, 9.15636e-18, 0.179567, 0.0659623, 0.513099, 2.26506e-05, 0.270991, 0.0014757, 9.36137e-10, 0.00192008, 2.02965e-05, 0.396021, 7.0359e-05, 9.03762e-07, 2.95798e-10, 3.04316e-12, 2.6593e-10, 6.45188e-11, 6.3597e-08, 0.3295, 0.169161, 1173, 1173, 0.0663609, 0.162441, 9.06579e-18, 0.174064, 0.0641538, 0.502676, 2.20936e-05, 0.271337, 0.00149084, 9.61754e-10, 0.00193337, 2.02356e-05, 0.394679, 7.09634e-05, 8.88042e-07, 2.92289e-10, 3.08735e-12, 2.72516e-10, 6.61235e-11, 6.33016e-08, 0.330468, 0.168544, 1173, 1173, 0.0739508, 0.164955, 9.87003e-18, 0.179426, 0.0670173, 0.53412, 2.32373e-05, 0.272405, 0.00152796, 1.02623e-09, 0.00196706, 2.00133e-05, 0.391024, 7.24644e-05, 8.4894e-07, 2.83169e-10, 3.19964e-12, 2.89159e-10, 7.01726e-11, 6.2378e-08, 0.332983, 0.168739, 1173, 1173, 0.0828899, 0.154996, 1.06681e-17, 0.174161, 0.0669338, 0.55134, 2.35427e-05, 0.274786, 0.00160335, 1.15428e-09, 0.00203752, 1.95028e-05, 0.383396, 7.55485e-05, 7.74524e-07, 2.65271e-10, 3.42957e-12, 3.22465e-10, 7.83016e-11, 6.03941e-08, 0.338081, 0.13841, 1173, 1173, 0.0802384, 0.131408, 2.15896e-17, 0.22391, 0.0411234, 0.530839, 2.36188e-05, 0.248179, 0.00262825, 1.41817e-09, 0.00248993, 3.28803e-05, 0.392914, 0.000106926, 5.31913e-07, 2.46462e-10, 4.18316e-12, 3.87309e-10, 1.02928e-10, 8.79269e-08, 0.353648, 
0.00863487, 1.00015e+06, 1.00015e+06, 1.00015e+06, 1.0012e+06, 1.00088e+06, 0.169368, 1173, 1173, 0.0662556, 0.16852, 9.13823e-18, 0.179336, 0.0658882, 0.512346, 2.26196e-05, 0.27099, 0.00147506, 9.35384e-10, 0.00191958, 2.02945e-05, 0.396053, 7.03346e-05, 9.04295e-07, 2.95896e-10, 3.04189e-12, 2.6574e-10, 6.44709e-11, 6.35962e-08, 0.32947, 0.169112, 1173, 1173, 0.0663318, 0.162537, 9.06179e-18, 0.174109, 0.0641819, 0.502721, 2.20978e-05, 0.271337, 0.00149019, 9.60996e-10, 0.00193286, 2.02335e-05, 0.394711, 7.09385e-05, 8.88568e-07, 2.92387e-10, 3.08606e-12, 2.72324e-10, 6.6075e-11, 6.33005e-08, 0.330437, 0.168547, 1173, 1173, 0.0739045, 0.165022, 9.86354e-18, 0.179437, 0.0670334, 0.534057, 2.32371e-05, 0.272404, 0.00152726, 1.02544e-09, 0.00196653, 2.00112e-05, 0.391057, 7.24381e-05, 8.49465e-07, 2.83268e-10, 3.19823e-12, 2.88956e-10, 7.0121e-11, 6.23774e-08, 0.332952, 0.168754, 1173, 1173, 0.0824106, 0.154273, 1.06081e-17, 0.173286, 0.0666058, 0.548428, 2.34212e-05, 0.274783, 0.00160256, 1.15335e-09, 0.00203692, 1.95016e-05, 0.383437, 7.55187e-05, 7.75069e-07, 2.65382e-10, 3.42782e-12, 3.22228e-10, 7.82407e-11, 6.03963e-08, 0.338044, 0.13742, 1173, 1173, 0.0802044, 0.1315, 2.15915e-17, 0.224064, 0.0411301, 0.530904, 2.36262e-05, 0.248155, 0.00262792, 1.41719e-09, 0.00248956, 3.28931e-05, 0.39297, 0.000106911, 5.32162e-07, 2.46565e-10, 4.18079e-12, 3.87043e-10, 1.02859e-10, 8.79603e-08, 0.353617, 
0.00864309, 1.00015e+06, 1.00015e+06, 1.00015e+06, 1.0012e+06, 1.00088e+06, 0.169338, 1173, 1173, 0.0663135, 0.168844, 9.14657e-18, 0.179622, 0.0660044, 0.513073, 2.2654e-05, 0.270989, 0.00147442, 9.34632e-10, 0.00191908, 2.02925e-05, 0.396085, 7.03101e-05, 9.04827e-07, 2.95994e-10, 3.04063e-12, 2.6555e-10, 6.44231e-11, 6.35954e-08, 0.329441, 0.169185, 1173, 1173, 0.0663824, 0.162829, 9.06865e-18, 0.174364, 0.0642871, 0.503369, 2.21286e-05, 0.271336, 0.00148953, 9.60239e-10, 0.00193236, 2.02313e-05, 0.394742, 7.09137e-05, 8.89093e-07, 2.92484e-10, 3.08477e-12, 2.72132e-10, 6.60266e-11, 6.32995e-08, 0.330407, 0.168567, 1173, 1173, 0.0738384, 0.165045, 9.85432e-18, 0.179401, 0.0670315, 0.533849, 2.32305e-05, 0.272403, 0.00152657, 1.02464e-09, 0.001966, 2.00092e-05, 0.391091, 7.24119e-05, 8.4999e-07, 2.83368e-10, 3.19682e-12, 2.88754e-10, 7.00695e-11, 6.23768e-08, 0.33292, 0.168763, 1173, 1173, 0.0822685, 0.154179, 1.05815e-17, 0.173119, 0.0665499, 0.547759, 2.33955e-05, 0.27478, 0.00160178, 1.15243e-09, 0.00203632, 1.95004e-05, 0.383479, 7.5489e-05, 7.75613e-07, 2.65493e-10, 3.42608e-12, 3.21991e-10, 7.81799e-11, 6.03984e-08, 0.338007, 0.138371, 1173, 1173, 0.0802332, 0.131694, 2.16251e-17, 0.224394, 0.0411691, 0.531387, 2.36522e-05, 0.248131, 0.00262758, 1.4162e-09, 0.0024892, 3.29059e-05, 0.393025, 0.000106897, 5.3241e-07, 2.46669e-10, 4.17842e-12, 3.86777e-10, 1.0279e-10, 8.79938e-08, 0.353586, 
0.00865132, 1.00015e+06, 1.00015e+06, 1.00015e+06, 1.0012e+06, 1.00088e+06, 0.169391, 1173, 1173, 0.0661475, 0.168598, 9.12421e-18, 0.179301, 0.0658976, 0.512067, 2.26119e-05, 0.270988, 0.00147378, 9.33882e-10, 0.00191858, 2.02905e-05, 0.396117, 7.02857e-05, 9.05359e-07, 2.96093e-10, 3.03937e-12, 2.6536e-10, 6.43754e-11, 6.35947e-08, 0.329411, 0.169136, 1173, 1173, 0.0665457, 0.163398, 9.09086e-18, 0.174915, 0.0645017, 0.504874, 2.2197e-05, 0.271336, 0.00148888, 9.59483e-10, 0.00193185, 2.02292e-05, 0.394774, 7.08888e-05, 8.89619e-07, 2.92581e-10, 3.08348e-12, 2.71941e-10, 6.59782e-11, 6.32985e-08, 0.330377, 0.16857, 1173, 1173, 0.0737411, 0.164998, 9.84096e-18, 0.179288, 0.0670012, 0.533416, 2.32142e-05, 0.272403, 0.00152587, 1.02385e-09, 0.00196547, 2.00071e-05, 0.391124, 7.23857e-05, 8.50514e-07, 2.83467e-10, 3.19541e-12, 2.88552e-10, 7.0018e-11, 6.23762e-08, 0.332888, 0.168778, 1173, 1173, 0.0818675, 0.153599, 1.05108e-17, 0.172407, 0.0662844, 0.545364, 2.32961e-05, 0.274777, 0.00160099, 1.15151e-09, 0.00203572, 1.94992e-05, 0.38352, 7.54594e-05, 7.76157e-07, 2.65604e-10, 3.42434e-12, 3.21754e-10, 7.81191e-11, 6.04006e-08, 0.33797, 0.137381, 1173, 1173, 0.0801801, 0.131755, 2.16263e-17, 0.224495, 0.0411661, 0.531327, 2.3654e-05, 0.248107, 0.00262725, 1.41522e-09, 0.00248884, 3.29187e-05, 0.393081, 0.000106882, 5.32659e-07, 2.46772e-10, 4.17606e-12, 3.86512e-10, 1.0272e-10, 8.80272e-08, 0.353555, 
0.00865954, 1.00015e+06, 1.00015e+06, 1.00015e+06, 1.0012e+06, 1.00088e+06, 0.16936, 1173, 1173, 0.0661964, 0.168899, 9.1319e-18, 0.179563, 0.0660049, 0.512724, 2.26432e-05, 0.270987, 0.00147314, 9.33132e-10, 0.00191808, 2.02884e-05, 0.396149, 7.02614e-05, 9.0589e-07, 2.9619e-10, 3.03812e-12, 2.6517e-10, 6.43277e-11, 6.35939e-08, 0.329381, 0.169207, 1173, 1173, 0.0662755, 0.162902, 9.0537e-18, 0.174326, 0.064296, 0.503088, 2.21208e-05, 0.271335, 0.00148823, 9.58728e-10, 0.00193135, 2.02271e-05, 0.394806, 7.0864e-05, 8.90145e-07, 2.92678e-10, 3.08219e-12, 2.71749e-10, 6.59299e-11, 6.32974e-08, 0.330347, 0.16859, 1173, 1173, 0.0737208, 0.165123, 9.83789e-18, 0.179363, 0.0670408, 0.533539, 2.32221e-05, 0.272402, 0.00152518, 1.02305e-09, 0.00196494, 2.00051e-05, 0.391158, 7.23596e-05, 8.51038e-07, 2.83566e-10, 3.194e-12, 2.8835e-10, 6.99666e-11, 6.23756e-08, 0.332857, 0.168787, 1173, 1173, 0.0814014, 0.152896, 1.0467e-17, 0.171556, 0.0659654, 0.542533, 2.3178e-05, 0.274774, 0.00160021, 1.15059e-09, 0.00203512, 1.9498e-05, 0.383561, 7.54298e-05, 7.767e-07, 2.65714e-10, 3.4226e-12, 3.21517e-10, 7.80584e-11, 6.04027e-08, 0.337933, 0.138333, 1173, 1173, 0.0803954, 0.132257, 2.17015e-17, 0.225348, 0.0413008, 0.533046, 2.3735e-05, 0.248083, 0.00262692, 1.41424e-09, 0.00248849, 3.29315e-05, 0.393137, 0.000106868, 5.32907e-07, 2.46875e-10, 4.17369e-12, 3.86246e-10, 1.02651e-10, 8.80607e-08, 0.353524, 
0.00866776, 1.00015e+06, 1.00015e+06, 1.00015e+06, 1.0012e+06, 1.00088e+06, 0.169413, 1173, 1173, 0.0660949, 0.168817, 9.11963e-18, 0.179416, 0.065962, 0.512216, 2.26231e-05, 0.270986, 0.0014725, 9.32383e-10, 0.00191758, 2.02864e-05, 0.396181, 7.02371e-05, 9.06421e-07, 2.96288e-10, 3.03686e-12, 2.64981e-10, 6.42801e-11, 6.35931e-08, 0.329351, 0.169158, 1173, 1173, 0.0662462, 0.162998, 9.04911e-18, 0.174371, 0.0643237, 0.503131, 2.21249e-05, 0.271335, 0.00148757, 9.57974e-10, 0.00193085, 2.02249e-05, 0.394837, 7.08393e-05, 8.9067e-07, 2.92775e-10, 3.08091e-12, 2.71559e-10, 6.58817e-11, 6.32963e-08, 0.330317, 0.168593, 1173, 1173, 0.0738424, 0.165566, 9.85376e-18, 0.179783, 0.0672096, 0.534691, 2.32747e-05, 0.272401, 0.00152449, 1.02226e-09, 0.00196441, 2.00031e-05, 0.391191, 7.23334e-05, 8.51562e-07, 2.83665e-10, 3.1926e-12, 2.88148e-10, 6.99152e-11, 6.2375e-08, 0.332825, 0.168803, 1173, 1173, 0.0823934, 0.154932, 1.04932e-17, 0.173779, 0.0668285, 0.549423, 2.34753e-05, 0.274771, 0.00159942, 1.14967e-09, 0.00203452, 1.94968e-05, 0.383602, 7.54002e-05, 7.77244e-07, 2.65825e-10, 3.42086e-12, 3.2128e-10, 7.79977e-11, 6.04049e-08, 0.337897, 0.137343, 1173, 1173, 0.0803848, 0.132388, 2.16805e-17, 0.225569, 0.0413197, 0.533268, 2.37494e-05, 0.248059, 0.00262658, 1.41326e-09, 0.00248813, 3.29443e-05, 0.393193, 0.000106853, 5.33155e-07, 2.46979e-10, 4.17133e-12, 3.85981e-10, 1.02582e-10, 8.80941e-08, 0.353493, 
0.00867599, 1.00015e+06, 1.00015e+06, 1.00015e+06, 1.00119e+06, 1.00088e+06, 0.169383, 1173, 1173, 0.0659841, 0.16871, 9.10826e-18, 0.179244, 0.0659098, 0.511635, 2.25997e-05, 0.270986, 0.00147187, 9.31635e-10, 0.00191709, 2.02844e-05, 0.396213, 7.02128e-05, 9.06951e-07, 2.96386e-10, 3.03561e-12, 2.64792e-10, 6.42326e-11, 6.35923e-08, 0.329321, 0.169231, 1173, 1173, 0.0663644, 0.163457, 9.06386e-18, 0.174804, 0.0644948, 0.504293, 2.21783e-05, 0.271334, 0.00148692, 9.57221e-10, 0.00193034, 2.02228e-05, 0.394869, 7.08146e-05, 8.91194e-07, 2.92872e-10, 3.07962e-12, 2.71368e-10, 6.58336e-11, 6.32953e-08, 0.330287, 0.168613, 1173, 1173, 0.0737094, 0.165439, 9.8357e-18, 0.179584, 0.0671466, 0.533998, 2.3247e-05, 0.272401, 0.0015238, 1.02147e-09, 0.00196389, 2.0001e-05, 0.391225, 7.23073e-05, 8.52086e-07, 2.83764e-10, 3.1912e-12, 2.87946e-10, 6.9864e-11, 6.23745e-08, 0.332794, 0.168811, 1173, 1173, 0.0812531, 0.152959, 1.03927e-17, 0.171505, 0.0659621, 0.542092, 2.31649e-05, 0.274768, 0.00159864, 1.14875e-09, 0.00203392, 1.94955e-05, 0.383644, 7.53707e-05, 7.77788e-07, 2.65936e-10, 3.41912e-12, 3.21044e-10, 7.79372e-11, 6.0407e-08, 0.33786, 0.138294, 1173, 1173, 0.0808953, 0.133378, 2.18497e-17, 0.227255, 0.0416065, 0.536949, 2.39179e-05, 0.248035, 0.00262625, 1.41228e-09, 0.00248777, 3.29572e-05, 0.393248, 0.000106839, 5.33403e-07, 2.47082e-10, 4.16897e-12, 3.85715e-10, 1.02513e-10, 8.81276e-08, 0.353462, 
0.00868421, 1.00015e+06, 1.00015e+06, 1.00015e+06, 1.00119e+06, 1.00088e+06, 0.169436, 1173, 1173, 0.0659578, 0.168819, 9.11363e-18, 0.179302, 0.0659419, 0.51171, 2.26053e-05, 0.270985, 0.00147123, 9.30888e-10, 0.00191659, 2.02824e-05, 0.396244, 7.01886e-05, 9.07481e-07, 2.96484e-10, 3.03436e-12, 2.64603e-10, 6.41851e-11, 6.35915e-08, 0.329292, 0.169181, 1173, 1173, 0.0662104, 0.163245, 9.03948e-18, 0.17452, 0.0644014, 0.503388, 2.21407e-05, 0.271334, 0.00148627, 9.56469e-10, 0.00192984, 2.02207e-05, 0.3949, 7.07899e-05, 8.91719e-07, 2.92968e-10, 3.07834e-12, 2.71177e-10, 6.57855e-11, 6.32942e-08, 0.330258, 0.168617, 1173, 1173, 0.0741182, 0.166528, 9.88999e-18, 0.180705, 0.0675775, 0.537232, 2.33904e-05, 0.2724, 0.00152311, 1.02068e-09, 0.00196336, 1.9999e-05, 0.391258, 7.22812e-05, 8.52611e-07, 2.83864e-10, 3.1898e-12, 2.87745e-10, 6.98127e-11, 6.23739e-08, 0.332762, 0.168826, 1173, 1173, 0.081185, 0.153002, 1.04239e-17, 0.171492, 0.0659653, 0.541913, 2.31601e-05, 0.274765, 0.00159786, 1.14783e-09, 0.00203333, 1.94944e-05, 0.383685, 7.53412e-05, 7.78331e-07, 2.66047e-10, 3.41739e-12, 3.20808e-10, 7.78766e-11, 6.04092e-08, 0.337823, 0.137304, 1173, 1173, 0.0802122, 0.1324, 2.17147e-17, 0.225587, 0.0412795, 0.532708, 2.37335e-05, 0.248011, 0.00262592, 1.4113e-09, 0.00248741, 3.297e-05, 0.393304, 0.000106824, 5.33651e-07, 2.47185e-10, 4.16661e-12, 3.8545e-10, 1.02444e-10, 8.81612e-08, 0.353431, 
0.00875, 1.00015e+06, 1.00015e+06, 1.00014e+06, 1.00119e+06, 1.00087e+06, 0.169484, 1173, 1173, 0.0658693, 0.170001, 9.06614e-18, 0.180089, 0.0663199, 0.513245, 2.26914e-05, 0.270978, 0.00146619, 9.24955e-10, 0.00191266, 2.02663e-05, 0.396496, 6.99962e-05, 9.11705e-07, 2.9726e-10, 3.02446e-12, 2.63103e-10, 6.38084e-11, 6.35849e-08, 0.329056, 0.169333, 1173, 1173, 0.0660708, 0.164239, 9.02198e-18, 0.175121, 0.0647143, 0.504441, 2.22049e-05, 0.27133, 0.00148111, 9.50494e-10, 0.00192586, 2.02036e-05, 0.39515, 7.05939e-05, 8.95894e-07, 2.93737e-10, 3.0682e-12, 2.69665e-10, 6.54039e-11, 6.32854e-08, 0.330021, 0.168715, 1173, 1173, 0.0730352, 0.165449, 9.76589e-18, 0.179048, 0.0670503, 0.531523, 2.31618e-05, 0.272395, 0.00151763, 1.01439e-09, 0.00195916, 1.99829e-05, 0.391524, 7.2074e-05, 8.56793e-07, 2.84653e-10, 3.17872e-12, 2.86147e-10, 6.94066e-11, 6.23693e-08, 0.332511, 0.168919, 1173, 1173, 0.0803919, 0.152857, 1.03312e-17, 0.170844, 0.0657825, 0.538784, 2.30488e-05, 0.274742, 0.00159168, 1.14056e-09, 0.0020286, 1.94846e-05, 0.38401, 7.5108e-05, 7.82644e-07, 2.66923e-10, 3.4037e-12, 3.18939e-10, 7.73979e-11, 6.04258e-08, 0.337533, 0.138119, 1173, 1173, 0.0796525, 0.132654, 2.16103e-17, 0.226006, 0.0411834, 0.531318, 2.37076e-05, 0.247819, 0.00262336, 1.40352e-09, 0.00248458, 3.30729e-05, 0.393747, 0.000106712, 5.35616e-07, 2.48006e-10, 4.14789e-12, 3.83345e-10, 1.01897e-10, 8.84291e-08, 0.353186, 
0.00881579, 1.00015e+06, 1.00014e+06, 1.00014e+06, 1.00118e+06, 1.00087e+06, 0.169614, 1173, 1173, 0.0657499, 0.171104, 9.11772e-18, 0.180792, 0.0666669, 0.51454, 2.27668e-05, 0.270971, 0.0014612, 9.19077e-10, 0.00190876, 2.02503e-05, 0.396745, 6.98057e-05, 9.15912e-07, 2.98031e-10, 3.0147e-12, 2.61618e-10, 6.34359e-11, 6.3578e-08, 0.328823, 0.169363, 1173, 1173, 0.0659983, 0.165399, 9.02037e-18, 0.1759, 0.0650929, 0.506005, 2.22916e-05, 0.271327, 0.00147602, 9.44576e-10, 0.00192191, 2.01866e-05, 0.395398, 7.04001e-05, 9.00049e-07, 2.94499e-10, 3.0582e-12, 2.68168e-10, 6.50265e-11, 6.32762e-08, 0.329786, 0.168797, 1173, 1173, 0.0719833, 0.164414, 9.60042e-18, 0.17745, 0.0665411, 0.525998, 2.29408e-05, 0.272388, 0.00151221, 1.00814e-09, 0.001955, 1.99673e-05, 0.39179, 7.18688e-05, 8.60974e-07, 2.85442e-10, 3.16775e-12, 2.84557e-10, 6.90031e-11, 6.23657e-08, 0.332262, 0.169017, 1173, 1173, 0.0796011, 0.152735, 1.02277e-17, 0.170229, 0.0656022, 0.535693, 2.29392e-05, 0.274712, 0.00158551, 1.13319e-09, 0.00202383, 1.94767e-05, 0.384347, 7.48741e-05, 7.87048e-07, 2.67824e-10, 3.38991e-12, 3.17043e-10, 7.69139e-11, 6.04476e-08, 0.337237, 0.136991, 1173, 1173, 0.0790515, 0.132872, 2.15319e-17, 0.226386, 0.0410701, 0.5297, 2.36715e-05, 0.24762, 0.00262071, 1.39553e-09, 0.00248164, 3.31793e-05, 0.394204, 0.000106594, 5.37654e-07, 2.48855e-10, 4.12867e-12, 3.8118e-10, 1.01334e-10, 8.87056e-08, 0.352933, 
0.00894737, 1.00014e+06, 1.00014e+06, 1.00014e+06, 1.00117e+06, 1.00086e+06, 0.16975, 1173, 1173, 0.0654377, 0.173103, 9.0371e-18, 0.181972, 0.0672821, 0.516532, 2.28911e-05, 0.270958, 0.00145142, 9.0753e-10, 0.0019011, 2.02182e-05, 0.397234, 6.9432e-05, 9.2424e-07, 2.99549e-10, 2.99565e-12, 2.58704e-10, 6.27055e-11, 6.35627e-08, 0.328365, 0.169606, 1173, 1173, 0.0660046, 0.168101, 9.01179e-18, 0.177844, 0.0660015, 0.510301, 2.25166e-05, 0.271322, 0.00146601, 9.32934e-10, 0.00191416, 2.01523e-05, 0.395881, 7.00193e-05, 9.08283e-07, 2.96e-10, 3.03866e-12, 2.65226e-10, 6.42857e-11, 6.32558e-08, 0.329325, 0.16898, 1173, 1173, 0.0697881, 0.161931, 9.35165e-18, 0.173861, 0.0653799, 0.51399, 2.24535e-05, 0.272385, 0.00150179, 9.96154e-10, 0.00194704, 1.99336e-05, 0.392285, 7.14747e-05, 8.69004e-07, 2.86934e-10, 3.1468e-12, 2.81515e-10, 6.82308e-11, 6.23486e-08, 0.331789, 0.169204, 1173, 1173, 0.0782774, 0.152729, 1.00427e-17, 0.169302, 0.0653914, 0.530861, 2.27746e-05, 0.274683, 0.00157373, 1.11951e-09, 0.00201487, 1.94523e-05, 0.38494, 7.44301e-05, 7.95292e-07, 2.6946e-10, 3.36436e-12, 3.13533e-10, 7.60146e-11, 6.04626e-08, 0.336694, 0.137656, 1173, 1173, 0.0767122, 0.131107, 2.1084e-17, 0.223369, 0.0402077, 0.518374, 2.3234e-05, 0.247263, 0.00261638, 1.38103e-09, 0.00247663, 3.33731e-05, 0.395016, 0.000106399, 5.41216e-07, 2.50362e-10, 4.09381e-12, 3.77258e-10, 1.00317e-10, 8.92075e-08, 0.352488, 
0.00921053, 1.00014e+06, 1.00014e+06, 1.00014e+06, 1.00114e+06, 1.00084e+06, 0.17013, 1173, 1173, 0.0645633, 0.17645, 8.93654e-18, 0.183666, 0.0682426, 0.518534, 2.30513e-05, 0.270918, 0.00143262, 8.84957e-10, 0.0018862, 2.01598e-05, 0.398204, 6.87101e-05, 9.40757e-07, 3.02559e-10, 2.95897e-12, 2.53012e-10, 6.12852e-11, 6.35432e-08, 0.327469, 0.169883, 1173, 1173, 0.0640196, 0.168463, 8.7621e-18, 0.176433, 0.0658042, 0.503476, 2.22869e-05, 0.27128, 0.00144669, 9.09845e-10, 0.00189892, 2.0095e-05, 0.396878, 6.92791e-05, 9.24863e-07, 2.99053e-10, 3.00052e-12, 2.59393e-10, 6.28258e-11, 6.32426e-08, 0.328406, 0.169328, 1173, 1173, 0.0695115, 0.166682, 9.27677e-18, 0.17711, 0.0669271, 0.52051, 2.28145e-05, 0.272336, 0.00148135, 9.71754e-10, 0.00193109, 1.98799e-05, 0.393339, 7.06953e-05, 8.85554e-07, 2.90059e-10, 3.1048e-12, 2.7532e-10, 6.66697e-11, 6.23515e-08, 0.330821, 0.169569, 1173, 1173, 0.0776281, 0.157012, 9.95529e-18, 0.172147, 0.0667009, 0.535328, 2.30552e-05, 0.274544, 0.00155055, 1.09102e-09, 0.00199668, 1.94283e-05, 0.386262, 7.35457e-05, 8.12695e-07, 2.73012e-10, 3.31214e-12, 3.06221e-10, 7.41602e-11, 6.05625e-08, 0.335553, 0.136038, 1173, 1173, 0.0759918, 0.134735, 2.12674e-17, 0.229592, 0.0405938, 0.523019, 2.35838e-05, 0.246444, 0.00260748, 1.34983e-09, 0.00246553, 3.38183e-05, 0.39683, 0.000105979, 5.49125e-07, 2.53724e-10, 4.01927e-12, 3.68812e-10, 9.81338e-11, 9.03483e-08, 0.351512, 
0.00947368, 1.00014e+06, 1.00014e+06, 1.00014e+06, 1.00112e+06, 1.00081e+06, 0.170429, 1173, 1173, 0.0643156, 0.181066, 8.91079e-18, 0.186724, 0.0697631, 0.524872, 2.33994e-05, 0.270928, 0.00141503, 8.64538e-10, 0.00187238, 2.00883e-05, 0.399032, 6.80366e-05, 9.56129e-07, 3.05242e-10, 2.9264e-12, 2.47884e-10, 6.00044e-11, 6.3476e-08, 0.326663, 0.170281, 1173, 1173, 0.0619015, 0.167442, 8.4695e-18, 0.173799, 0.0651969, 0.494012, 2.19268e-05, 0.271318, 0.00142937, 8.90271e-10, 0.00188552, 2.00172e-05, 0.39764, 6.86198e-05, 9.39327e-07, 3.01546e-10, 2.96868e-12, 2.54474e-10, 6.1589e-11, 6.31542e-08, 0.327638, 0.169656, 1173, 1173, 0.0671788, 0.16574, 8.95085e-18, 0.174479, 0.0662931, 0.510413, 2.24382e-05, 0.272353, 0.00146282, 9.50637e-10, 0.00191681, 1.98092e-05, 0.394187, 6.99916e-05, 9.00342e-07, 2.92705e-10, 3.06902e-12, 2.69983e-10, 6.53207e-11, 6.22901e-08, 0.329989, 0.169915, 1173, 1173, 0.0771139, 0.160847, 9.84654e-18, 0.174659, 0.0679521, 0.539637, 2.33195e-05, 0.274497, 0.00152985, 1.06653e-09, 0.0019807, 1.938e-05, 0.38731, 7.27602e-05, 8.27984e-07, 2.75971e-10, 3.26767e-12, 2.99959e-10, 7.25676e-11, 6.05754e-08, 0.33459, 0.136381, 1173, 1173, 0.0737594, 0.134902, 2.10274e-17, 0.230212, 0.0400457, 0.516136, 2.34084e-05, 0.245738, 0.0026028, 1.32335e-09, 0.00245753, 3.42128e-05, 0.398301, 0.000105712, 5.55135e-07, 2.56407e-10, 3.95616e-12, 3.61648e-10, 9.62965e-11, 9.13354e-08, 0.350759, 
0.01, 1.00013e+06, 1.00013e+06, 1.00013e+06, 1.00107e+06, 1.00077e+06, 0.171124, 1173, 1173, 0.0602403, 0.181238, 8.39556e-18, 0.183288, 0.0691482, 0.509889, 2.28732e-05, 0.270835, 0.0013795, 8.20756e-10, 0.00184364, 1.99748e-05, 0.400925, 6.66594e-05, 9.89723e-07, 3.11226e-10, 2.8585e-12, 2.36896e-10, 5.72898e-11, 6.34323e-08, 0.324929, 0.170926, 1173, 1173, 0.0615941, 0.178088, 8.46908e-18, 0.181173, 0.0686573, 0.509645, 2.27644e-05, 0.271233, 0.00139268, 8.45263e-10, 0.00185607, 1.99011e-05, 0.39957, 6.72024e-05, 9.73067e-07, 3.07598e-10, 2.89749e-12, 2.43157e-10, 5.87832e-11, 6.31106e-08, 0.32586, 0.170356, 1173, 1173, 0.065347, 0.172238, 8.73641e-18, 0.177673, 0.0681704, 0.513984, 2.27439e-05, 0.272257, 0.00142446, 9.03684e-10, 0.00188632, 1.97005e-05, 0.396204, 6.85162e-05, 9.33705e-07, 2.98831e-10, 2.99157e-12, 2.58118e-10, 6.23594e-11, 6.22753e-08, 0.328139, 0.170627, 1173, 1173, 0.0724808, 0.162408, 9.3897e-18, 0.172639, 0.0676187, 0.525104, 2.28654e-05, 0.274245, 0.0014863, 1.01211e-09, 0.00194591, 1.93194e-05, 0.389808, 7.10847e-05, 8.63158e-07, 2.82907e-10, 3.17195e-12, 2.8606e-10, 6.90748e-11, 6.07236e-08, 0.332423, 0.134122, 1173, 1173, 0.0695371, 0.136902, 2.06592e-17, 0.2337, 0.039264, 0.5056, 2.32057e-05, 0.244138, 0.00258664, 1.26262e-09, 0.00243635, 3.51063e-05, 0.4018, 0.000104929, 5.70654e-07, 2.63021e-10, 3.81134e-12, 3.45226e-10, 9.20538e-11, 9.36066e-08, 0.348898, 
0.0110526, 1.00012e+06, 1.00012e+06, 1.00012e+06, 1.00096e+06, 1.00069e+06, 0.172207, 1173, 1173, 0.0558271, 0.187155, 7.88896e-18, 0.183412, 0.0704153, 0.502653, 2.27732e-05, 0.270762, 0.00132447, 7.52735e-10, 0.00179862, 1.97613e-05, 0.403776, 6.45137e-05, 1.04477e-06, 3.20607e-10, 2.75845e-12, 2.19935e-10, 5.31321e-11, 6.3258e-08, 0.322254, 0.17207, 1173, 1173, 0.0574253, 0.184882, 7.99391e-18, 0.18222, 0.0702691, 0.504824, 2.27793e-05, 0.271159, 0.00133663, 7.76025e-10, 0.00181045, 1.96905e-05, 0.402465, 6.50221e-05, 1.02783e-06, 3.17015e-10, 2.79352e-12, 2.25854e-10, 5.4529e-11, 6.295e-08, 0.323144, 0.171439, 1173, 1173, 0.0609217, 0.179179, 8.22135e-18, 0.178963, 0.0697625, 0.508695, 2.27564e-05, 0.272102, 0.00136546, 8.2965e-10, 0.00183846, 1.95189e-05, 0.399366, 6.6226e-05, 9.89031e-07, 3.0869e-10, 2.87524e-12, 2.39506e-10, 5.77617e-11, 6.22151e-08, 0.325241, 0.171781, 1173, 1173, 0.067538, 0.170216, 8.72503e-18, 0.174921, 0.0692875, 0.519548, 2.29059e-05, 0.273839, 0.00142073, 9.26976e-10, 0.00189243, 1.92176e-05, 0.393679, 6.85373e-05, 9.20865e-07, 2.93968e-10, 3.02871e-12, 2.64423e-10, 6.36987e-11, 6.09267e-08, 0.32908, 0.132409, 1173, 1173, 0.0649951, 0.144536, 2.11209e-17, 0.249274, 0.0390605, 0.506707, 2.37745e-05, 0.241147, 0.002587, 1.16582e-09, 0.00241205, 3.68859e-05, 0.407334, 0.000104411, 5.90761e-07, 2.72926e-10, 3.5834e-12, 3.19042e-10, 8.544e-11, 9.7852e-08, 0.346379, 
0.0115789, 1.00011e+06, 1.00011e+06, 1.00011e+06, 1.00091e+06, 1.00065e+06, 0.172757, 1173, 1173, 0.0528843, 0.186954, 7.53683e-18, 0.180548, 0.0698756, 0.491302, 2.2364e-05, 0.270715, 0.00129954, 7.21089e-10, 0.00177781, 1.96624e-05, 0.405108, 6.3533e-05, 1.07151e-06, 3.25065e-10, 2.71421e-12, 2.1208e-10, 5.12255e-11, 6.31734e-08, 0.321014, 0.172561, 1173, 1173, 0.0551033, 0.187048, 7.73012e-18, 0.181667, 0.0706039, 0.499583, 2.26517e-05, 0.271102, 0.00131135, 7.4371e-10, 0.0017894, 1.95962e-05, 0.40383, 6.40287e-05, 1.05444e-06, 3.21512e-10, 2.74728e-12, 2.17812e-10, 5.25723e-11, 6.28807e-08, 0.321883, 0.171963, 1173, 1173, 0.0584687, 0.181241, 7.93979e-18, 0.178415, 0.07003, 0.502935, 2.26115e-05, 0.272016, 0.00133943, 7.95909e-10, 0.00181688, 1.94373e-05, 0.400811, 6.52056e-05, 1.01531e-06, 3.13274e-10, 2.82457e-12, 2.31059e-10, 5.56963e-11, 6.21858e-08, 0.323931, 0.17228, 1173, 1173, 0.0643108, 0.171768, 8.36418e-18, 0.173872, 0.0691307, 0.510124, 2.26259e-05, 0.27359, 0.0013915, 8.8728e-10, 0.00186778, 1.91838e-05, 0.395542, 6.73855e-05, 9.49193e-07, 2.9934e-10, 2.96499e-12, 2.5437e-10, 6.12322e-11, 6.1053e-08, 0.327521, 0.130097, 1173, 1173, 0.0618507, 0.146793, 2.10183e-17, 0.254748, 0.0384274, 0.500784, 2.37569e-05, 0.239522, 0.00258936, 1.11665e-09, 0.00239939, 3.78797e-05, 0.410238, 0.000104185, 6.01126e-07, 2.78135e-10, 3.46783e-12, 3.05729e-10, 8.2086e-11, 1.00178e-07, 0.345108, 
0.0121053, 1.00011e+06, 1.0001e+06, 1.0001e+06, 1.00086e+06, 1.00061e+06, 0.173221, 1173, 1173, 0.0495803, 0.184456, 7.14265e-18, 0.175678, 0.0685222, 0.475021, 2.17205e-05, 0.270672, 0.00127671, 6.91643e-10, 0.00175857, 1.95688e-05, 0.406342, 6.2631e-05, 1.09699e-06, 3.29248e-10, 2.67431e-12, 2.04794e-10, 4.94669e-11, 6.30881e-08, 0.319867, 0.173083, 1173, 1173, 0.0524911, 0.18736, 7.42633e-18, 0.179455, 0.0702924, 0.490345, 2.23355e-05, 0.271064, 0.00128815, 7.13962e-10, 0.00176997, 1.95018e-05, 0.405069, 6.31145e-05, 1.07968e-06, 3.25678e-10, 2.7061e-12, 2.10437e-10, 5.07862e-11, 6.27948e-08, 0.320725, 0.172461, 1173, 1173, 0.0592322, 0.19347, 8.1184e-18, 0.187719, 0.0742094, 0.525136, 2.37294e-05, 0.271932, 0.00131465, 7.63397e-10, 0.00179613, 1.93566e-05, 0.402204, 6.42297e-05, 1.0414e-06, 3.17756e-10, 2.77727e-12, 2.22946e-10, 5.37237e-11, 6.21508e-08, 0.322668, 0.172817, 1173, 1173, 0.0633112, 0.178474, 8.29973e-18, 0.177989, 0.0711745, 0.517242, 2.30682e-05, 0.273433, 0.00136454, 8.51072e-10, 0.00184524, 1.91268e-05, 0.39715, 6.63257e-05, 9.75726e-07, 3.04171e-10, 2.90826e-12, 2.45242e-10, 5.8997e-11, 6.1098e-08, 0.326121, 0.129732, 1173, 1173, 0.0601342, 0.150877, 2.14171e-17, 0.263382, 0.0384821, 0.504235, 2.41656e-05, 0.238163, 0.00259641, 1.07477e-09, 0.00239169, 3.87535e-05, 0.412535, 0.000104159, 6.08326e-07, 2.82167e-10, 3.36852e-12, 2.94413e-10, 7.92393e-11, 1.02185e-07, 0.34417, 
0.0126316, 1.0001e+06, 1.0001e+06, 1.0001e+06, 1.0008e+06, 1.00057e+06, 0.173702, 1173, 1173, 0.047229, 0.184326, 6.86858e-18, 0.173422, 0.0680922, 0.466027, 2.1396e-05, 0.270626, 0.00125637, 6.64928e-10, 0.0017412, 1.94843e-05, 0.407462, 6.18226e-05, 1.12061e-06, 3.33075e-10, 2.63918e-12, 1.982e-10, 4.78844e-11, 6.30085e-08, 0.318833, 0.173504, 1173, 1173, 0.0510179, 0.191374, 7.19504e-18, 0.181005, 0.0713411, 0.491166, 2.24715e-05, 0.270985, 0.001267, 6.85671e-10, 0.00175184, 1.9426e-05, 0.406285, 6.22728e-05, 1.10409e-06, 3.29731e-10, 2.66798e-12, 2.03429e-10, 4.9103e-11, 6.27468e-08, 0.319628, 0.17287, 1173, 1173, 0.0566636, 0.194747, 7.84457e-18, 0.186582, 0.0741326, 0.517657, 2.35037e-05, 0.271799, 0.00129254, 7.33007e-10, 0.00177713, 1.92984e-05, 0.403556, 6.33496e-05, 1.06626e-06, 3.2206e-10, 2.73424e-12, 2.15368e-10, 5.18978e-11, 6.21599e-08, 0.321491, 0.173227, 1173, 1173, 0.0607942, 0.181406, 8.09934e-18, 0.178544, 0.0715339, 0.512677, 2.29951e-05, 0.273134, 0.00133991, 8.14864e-10, 0.00182365, 1.9117e-05, 0.398902, 6.53386e-05, 1.00271e-06, 3.09265e-10, 2.85308e-12, 2.36104e-10, 5.67899e-11, 6.12637e-08, 0.324715, 0.127364, 1173, 1173, 0.0563378, 0.15115, 2.12252e-17, 0.266364, 0.0373056, 0.492316, 2.38653e-05, 0.236424, 0.00260663, 1.02684e-09, 0.00238136, 3.98757e-05, 0.415373, 0.000104138, 6.17063e-07, 2.87084e-10, 3.25556e-12, 2.8142e-10, 7.59915e-11, 1.0471e-07, 0.343071, 
0.0131579, 1.00009e+06, 1.00009e+06, 1.00009e+06, 1.00075e+06, 1.00053e+06, 0.174173, 1173, 1173, 0.0482973, 0.197824, 7.09804e-18, 0.183704, 0.0727233, 0.491204, 2.26441e-05, 0.270621, 0.00123597, 6.38684e-10, 0.00172385, 1.93843e-05, 0.408522, 6.1012e-05, 1.14463e-06, 3.36831e-10, 2.606e-12, 1.91756e-10, 4.63414e-11, 6.28847e-08, 0.317815, 0.174004, 1173, 1173, 0.0500381, 0.19666, 7.22756e-18, 0.183633, 0.072963, 0.495822, 2.2778e-05, 0.270986, 0.00124664, 6.59636e-10, 0.00173461, 1.93268e-05, 0.40733, 6.14659e-05, 1.12748e-06, 3.33407e-10, 2.63432e-12, 1.97025e-10, 4.75644e-11, 6.26241e-08, 0.318621, 0.173356, 1173, 1173, 0.0554599, 0.199878, 7.74794e-18, 0.189027, 0.0756554, 0.521328, 2.3776e-05, 0.271762, 0.00127124, 7.05164e-10, 0.00175912, 1.92115e-05, 0.404708, 6.25063e-05, 1.09e-06, 3.25938e-10, 2.69624e-12, 2.08473e-10, 5.02346e-11, 6.20794e-08, 0.320416, 0.17373, 1173, 1173, 0.0583366, 0.182649, 7.78889e-18, 0.177433, 0.0715236, 0.505674, 2.27898e-05, 0.273045, 0.00131703, 7.84355e-10, 0.00180433, 1.9047e-05, 0.400204, 6.44345e-05, 1.02659e-06, 3.13381e-10, 2.80802e-12, 2.2847e-10, 5.49352e-11, 6.124e-08, 0.323545, 0.127096, 1173, 1173, 0.053382, 0.150356, 2.09994e-17, 0.266263, 0.0363325, 0.481989, 2.35694e-05, 0.235305, 0.00261488, 9.91644e-10, 0.00237616, 4.06395e-05, 0.417198, 0.000104189, 6.22332e-07, 2.9028e-10, 3.17093e-12, 2.71926e-10, 7.35891e-11, 1.06431e-07, 0.34236, 
0.0142105, 1.00008e+06, 1.00008e+06, 1.00008e+06, 1.00065e+06, 1.00045e+06, 0.174949, 1173, 1173, 0.0448116, 0.201872, 6.77413e-18, 0.183351, 0.0733768, 0.484512, 2.25124e-05, 0.270452, 0.00120114, 5.9006e-10, 0.0016931, 1.92552e-05, 0.410633, 5.96076e-05, 1.18971e-06, 3.44073e-10, 2.54647e-12, 1.79812e-10, 4.35173e-11, 6.27973e-08, 0.31594, 0.17474, 1173, 1173, 0.0467406, 0.202446, 6.94481e-18, 0.184837, 0.0741802, 0.492678, 2.28227e-05, 0.270766, 0.00121094, 6.0881e-10, 0.00170303, 1.92128e-05, 0.409572, 6.00254e-05, 1.17336e-06, 3.40935e-10, 2.57028e-12, 1.84495e-10, 4.45981e-11, 6.2588e-08, 0.316667, 0.17405, 1173, 1173, 0.0502671, 0.200315, 7.22708e-18, 0.185198, 0.0746948, 0.502896, 2.31442e-05, 0.271429, 0.00123388, 6.50056e-10, 0.00172591, 1.9133e-05, 0.407227, 6.09969e-05, 1.13712e-06, 3.34024e-10, 2.62294e-12, 1.94792e-10, 4.6987e-11, 6.21595e-08, 0.318303, 0.174468, 1173, 1173, 0.0537945, 0.187945, 7.39365e-18, 0.17829, 0.0720989, 0.497481, 2.26587e-05, 0.272457, 0.00127552, 7.19935e-10, 0.00176687, 1.90394e-05, 0.403348, 6.27494e-05, 1.07736e-06, 3.22752e-10, 2.71572e-12, 2.12302e-10, 5.10828e-11, 6.15544e-08, 0.32107, 0.123252, 1173, 1173, 0.0485537, 0.155946, 2.16787e-17, 0.28244, 0.0353874, 0.478505, 2.39323e-05, 0.231856, 0.00265234, 9.03498e-10, 0.00236303, 4.3038e-05, 0.422287, 0.000104642, 6.34324e-07, 2.98623e-10, 2.96031e-12, 2.48022e-10, 6.76332e-11, 1.11603e-07, 0.340693, 
0.0152632, 1.00007e+06, 1.00007e+06, 1.00007e+06, 1.00054e+06, 1.00037e+06, 0.175679, 1173, 1173, 0.0433144, 0.211073, 6.70605e-18, 0.188094, 0.0761785, 0.493381, 2.307e-05, 0.270434, 0.0011727, 5.51847e-10, 0.00166818, 1.9107e-05, 0.412168, 5.84625e-05, 1.22708e-06, 3.49681e-10, 2.5029e-12, 1.70511e-10, 4.13257e-11, 6.25991e-08, 0.314478, 0.175459, 1173, 1173, 0.044091, 0.206398, 6.72164e-18, 0.184966, 0.0750588, 0.489115, 2.28042e-05, 0.270722, 0.00118258, 5.70043e-10, 0.00167819, 1.90762e-05, 0.411145, 5.88842e-05, 1.2102e-06, 3.4657e-10, 2.52456e-12, 1.75023e-10, 4.23628e-11, 6.24232e-08, 0.315193, 0.174741, 1173, 1173, 0.0464685, 0.200177, 6.82917e-18, 0.181724, 0.0739724, 0.488723, 2.26477e-05, 0.271311, 0.00120493, 6.0924e-10, 0.00170045, 1.90219e-05, 0.408948, 5.9831e-05, 1.17397e-06, 3.39915e-10, 2.57186e-12, 1.84747e-10, 4.4609e-11, 6.20735e-08, 0.316755, 0.175145, 1173, 1173, 0.0512766, 0.19424, 7.20555e-18, 0.180936, 0.07362, 0.498311, 2.28749e-05, 0.272197, 0.00124454, 6.74399e-10, 0.00173929, 1.89698e-05, 0.405393, 6.14968e-05, 1.11544e-06, 3.29263e-10, 2.65395e-12, 2.0097e-10, 4.83883e-11, 6.16015e-08, 0.319345, 0.12184, 1173, 1173, 0.0453526, 0.159712, 2.22978e-17, 0.293786, 0.034817, 0.477917, 2.42899e-05, 0.229609, 0.00268545, 8.43413e-10, 0.00235868, 4.47172e-05, 0.425393, 0.000105197, 6.39558e-07, 3.03478e-10, 2.81323e-12, 2.3177e-10, 6.35491e-11, 1.15134e-07, 0.339803, 
0.0163158, 1.00005e+06, 1.00005e+06, 1.00005e+06, 1.00043e+06, 1.00029e+06, 0.176267, 1173, 1173, 0.0401441, 0.214584, 6.44457e-18, 0.187773, 0.0766117, 0.487132, 2.29431e-05, 0.270197, 0.00114552, 5.10237e-10, 0.00164312, 1.90249e-05, 0.414037, 5.73454e-05, 1.26764e-06, 3.56128e-10, 2.45636e-12, 1.60345e-10, 3.89668e-11, 6.25898e-08, 0.312899, 0.176041, 1173, 1173, 0.0408885, 0.210244, 6.44681e-18, 0.184972, 0.0755714, 0.48336, 2.27057e-05, 0.270449, 0.0011547, 5.26734e-10, 0.00165247, 1.90042e-05, 0.413112, 5.77386e-05, 1.25141e-06, 3.53241e-10, 2.47465e-12, 1.64408e-10, 3.98956e-11, 6.24497e-08, 0.313554, 0.175306, 1173, 1173, 0.0434173, 0.206414, 6.62248e-18, 0.183833, 0.0752119, 0.487405, 2.27746e-05, 0.270932, 0.00117513, 5.61499e-10, 0.00167282, 1.89779e-05, 0.411194, 5.86045e-05, 1.21738e-06, 3.47242e-10, 2.51374e-12, 1.72969e-10, 4.18635e-11, 6.21986e-08, 0.314946, 0.175749, 1173, 1173, 0.0476803, 0.201319, 6.96721e-18, 0.183673, 0.0748679, 0.496406, 2.30102e-05, 0.271596, 0.00121095, 6.18071e-10, 0.00170769, 1.89823e-05, 0.4082, 6.01077e-05, 1.1632e-06, 3.37872e-10, 2.57999e-12, 1.86931e-10, 4.51029e-11, 6.1921e-08, 0.317205, 0.117922, 1173, 1173, 0.0398399, 0.161339, 2.28842e-17, 0.306042, 0.0329995, 0.46532, 2.42107e-05, 0.225944, 0.00275026, 7.59266e-10, 0.00235345, 4.75562e-05, 0.430032, 0.000106341, 6.44503e-07, 3.10103e-10, 2.60543e-12, 2.08914e-10, 5.7842e-11, 1.20856e-07, 0.338765, 
0.0173684, 1.00004e+06, 1.00004e+06, 1.00004e+06, 1.00032e+06, 1.00022e+06, 0.176813, 1173, 1173, 0.0381682, 0.216964, 6.26991e-18, 0.187317, 0.0771045, 0.483577, 2.28812e-05, 0.270197, 0.00112627, 4.83572e-10, 0.00162591, 1.89129e-05, 0.415076, 5.65633e-05, 1.29526e-06, 3.6008e-10, 2.42902e-12, 1.53912e-10, 3.7472e-11, 6.24212e-08, 0.311898, 0.176555, 1173, 1173, 0.0391213, 0.213994, 6.31501e-18, 0.185846, 0.0765034, 0.482831, 2.2792e-05, 0.270403, 0.00113567, 4.99289e-10, 0.00163533, 1.89094e-05, 0.414218, 5.69631e-05, 1.27886e-06, 3.57308e-10, 2.44514e-12, 1.57749e-10, 3.83478e-11, 6.23309e-08, 0.31253, 0.175747, 1173, 1173, 0.0415591, 0.21035, 6.49684e-18, 0.185122, 0.0760977, 0.486958, 2.28773e-05, 0.270785, 0.00115642, 5.32453e-10, 0.00165569, 1.8919e-05, 0.412454, 5.78377e-05, 1.24462e-06, 3.51571e-10, 2.47995e-12, 1.65848e-10, 4.02075e-11, 6.2184e-08, 0.313871, 0.17613, 1173, 1173, 0.0455414, 0.204601, 6.81751e-18, 0.184814, 0.0753816, 0.494024, 2.3038e-05, 0.271321, 0.00119269, 5.87212e-10, 0.00169047, 1.89673e-05, 0.409633, 5.93515e-05, 1.18965e-06, 3.42421e-10, 2.54043e-12, 1.79262e-10, 4.33161e-11, 6.20282e-08, 0.316083, 0.116887, 1173, 1173, 0.0367911, 0.160587, 2.29508e-17, 0.308096, 0.031912, 0.455642, 2.39865e-05, 0.224302, 0.00278072, 7.15616e-10, 0.00235201, 4.89174e-05, 0.432145, 0.000106895, 6.46589e-07, 3.13195e-10, 2.49474e-12, 1.97124e-10, 5.48262e-11, 1.23596e-07, 0.338263, 
0.0184211, 1.00003e+06, 1.00003e+06, 1.00003e+06, 1.00022e+06, 1.00014e+06, 0.177302, 1173, 1173, 0.0352707, 0.221053, 6.07386e-18, 0.187801, 0.0776785, 0.479393, 2.28477e-05, 0.269887, 0.00110312, 4.44614e-10, 0.00160373, 1.88661e-05, 0.416885, 5.55957e-05, 1.33434e-06, 3.66308e-10, 2.38816e-12, 1.44421e-10, 3.5302e-11, 6.24863e-08, 0.310445, 0.177057, 1173, 1173, 0.0362924, 0.219299, 6.14009e-18, 0.187281, 0.0774699, 0.480811, 2.28673e-05, 0.270071, 0.00111136, 4.58522e-10, 0.0016121, 1.88646e-05, 0.416125, 5.59483e-05, 1.31927e-06, 3.6381e-10, 2.40153e-12, 1.478e-10, 3.60684e-11, 6.24113e-08, 0.311004, 0.176288, 1173, 1173, 0.0383985, 0.215704, 6.28428e-18, 0.186349, 0.0769881, 0.483761, 2.29105e-05, 0.270402, 0.00112941, 4.87531e-10, 0.00163001, 1.88788e-05, 0.414586, 5.67133e-05, 1.28805e-06, 3.58707e-10, 2.42992e-12, 1.54846e-10, 3.76751e-11, 6.23007e-08, 0.312175, 0.176802, 1173, 1173, 0.0416869, 0.210216, 6.54004e-18, 0.185677, 0.0761324, 0.488605, 2.29958e-05, 0.270804, 0.00116043, 5.33634e-10, 0.00165987, 1.89462e-05, 0.412256, 5.80111e-05, 1.23914e-06, 3.50882e-10, 2.47671e-12, 1.66048e-10, 4.0255e-11, 6.22438e-08, 0.314041, 0.112737, 1173, 1173, 0.0318569, 0.162674, 2.43368e-17, 0.326352, 0.0301807, 0.448084, 2.42141e-05, 0.220132, 0.00288944, 6.31493e-10, 0.00235724, 5.2514e-05, 0.436433, 0.000109086, 6.41939e-07, 3.17545e-10, 2.27747e-12, 1.74213e-10, 4.90886e-11, 1.30304e-07, 0.338026, 
0.0194737, 1.00001e+06, 1.00001e+06, 1.00001e+06, 1.00011e+06, 1.00007e+06, 0.177644, 1173, 1173, 0.034188, 0.222785, 5.98625e-18, 0.187776, 0.0781163, 0.478145, 2.285e-05, 0.269914, 0.0010921, 4.29413e-10, 0.0015938, 1.87902e-05, 0.417443, 5.51457e-05, 1.35101e-06, 3.68552e-10, 2.37424e-12, 1.4079e-10, 3.44665e-11, 6.2354e-08, 0.309882, 0.177329, 1173, 1173, 0.035162, 0.22095, 6.05376e-18, 0.187411, 0.0777972, 0.479403, 2.28681e-05, 0.270023, 0.00110145, 4.43013e-10, 0.00160293, 1.8819e-05, 0.416754, 5.55399e-05, 1.33503e-06, 3.6613e-10, 2.3857e-12, 1.44046e-10, 3.52072e-11, 6.2362e-08, 0.310444, 0.176391, 1173, 1173, 0.0372048, 0.217379, 6.22982e-18, 0.187068, 0.0771342, 0.482451, 2.29301e-05, 0.270178, 0.00112224, 4.71529e-10, 0.00162268, 1.89041e-05, 0.415375, 5.64058e-05, 1.30171e-06, 3.61182e-10, 2.41028e-12, 1.50864e-10, 3.677e-11, 6.24423e-08, 0.311625, 0.176652, 1173, 1173, 0.0404182, 0.211334, 6.52335e-18, 0.18712, 0.0758281, 0.48657, 2.30013e-05, 0.270317, 0.00115856, 5.18355e-10, 0.00165603, 1.90795e-05, 0.413205, 5.78971e-05, 1.24825e-06, 3.53282e-10, 2.45317e-12, 1.62078e-10, 3.93704e-11, 6.26593e-08, 0.313585, 0.112431, 1173, 1173, 0.0304236, 0.163989, 2.41894e-17, 0.327381, 0.0300564, 0.445749, 2.42106e-05, 0.219604, 0.00287988, 6.0401e-10, 0.00234857, 5.29605e-05, 0.437727, 0.000108705, 6.48836e-07, 3.20546e-10, 2.20678e-12, 1.66886e-10, 4.70739e-11, 1.3139e-07, 0.337278, 
0.0205263, 1e+06, 1e+06, 1e+06, 1e+06, 1e+06, 0.178108, 1173, 1173, 0.031086, 0.227619, 5.80856e-18, 0.188763, 0.0787842, 0.474617, 2.28678e-05, 0.269504, 0.00106959, 3.87868e-10, 0.00157157, 1.87697e-05, 0.419415, 5.41925e-05, 1.39318e-06, 3.75327e-10, 2.33236e-12, 1.3068e-10, 3.21809e-11, 6.24975e-08, 0.308365, 0.17783, 1173, 1173, 0.0319687, 0.226226, 5.87322e-18, 0.188643, 0.0785989, 0.47617, 2.29073e-05, 0.269613, 0.00107729, 3.99518e-10, 0.00157923, 1.87899e-05, 0.418811, 5.45198e-05, 1.3791e-06, 3.73193e-10, 2.3415e-12, 1.33458e-10, 3.28076e-11, 6.24924e-08, 0.308846, 0.177055, 1173, 1173, 0.0336783, 0.222742, 5.98826e-18, 0.187851, 0.0780033, 0.47785, 2.29148e-05, 0.269845, 0.00109281, 4.23483e-10, 0.00159459, 1.88231e-05, 0.417566, 5.51774e-05, 1.35114e-06, 3.68864e-10, 2.36168e-12, 1.39203e-10, 3.41074e-11, 6.24586e-08, 0.309827, 0.177909, 1173, 1173, 0.0364277, 0.218082, 6.16197e-18, 0.187219, 0.0774656, 0.481651, 2.29763e-05, 0.270338, 0.00111457, 4.60672e-10, 0.00161645, 1.88121e-05, 0.415514, 5.61047e-05, 1.31084e-06, 3.62104e-10, 2.3972e-12, 1.48227e-10, 3.61524e-11, 6.2231e-08, 0.311341, 0.107551, 1173, 1173, 0.0250211, 0.162598, 2.69056e-17, 0.349368, 0.0272812, 0.434269, 2.43633e-05, 0.213805, 0.00310377, 5.16651e-10, 0.00237974, 5.8622e-05, 0.441883, 0.000113598, 6.23364e-07, 3.20519e-10, 1.96668e-12, 1.4294e-10, 4.11654e-11, 1.41017e-07, 0.338656, 
