axial_index,radial_index,region,z,r,z_left,z_right,r_inner,r_outer,pressure,density,mean_molecular_weight,cp_mass,velocity_axial,gas_temperature,solid_temperature,viscosity,thermal_conductivity,porosity,tortuosity,specific_surface_area,particle_diameter,pore_radius,Y_CH4,Y_CO,Y_O2,Y_CO2,Y_H2,Y_H2O,Y_AR,X_CH4,X_CO,X_O2,X_CO2,X_H2,X_H2O,X_AR,theta_H(s),theta_O(s),theta_CH4(s),theta_H2O(s),theta_CO2(s),theta_CO(s),theta_OH(s),theta_C(s),theta_HCO(s),theta_CH(s),theta_CH3(s),theta_CH2(s),theta_COOH(s),theta_Ni(s),theta_support_H(s),theta_support_O(s),theta_support_CH4(s),theta_support_H2O(s),theta_support_CO2(s),theta_support_CO(s),theta_support_OH(s),theta_support_C(s),theta_support_HCO(s),theta_support_CH(s),theta_support_CH3(s),theta_support_CH2(s),theta_support_COOH(s),theta_support_Ni(s),wdot_CH4,wdot_CO,wdot_O2,wdot_CO2,wdot_H2,wdot_H2O,wdot_AR,sdot_H(s),sdot_O(s),sdot_CH4(s),sdot_H2O(s),sdot_CO2(s),sdot_CO(s),sdot_OH(s),sdot_C(s),sdot_HCO(s),sdot_CH(s),sdot_CH3(s),sdot_CH2(s),sdot_COOH(s),sdot_Ni(s),sdot_support_H(s),sdot_support_O(s),sdot_support_CH4(s),sdot_support_H2O(s),sdot_support_CO2(s),sdot_support_CO(s),sdot_support_OH(s),sdot_support_C(s),sdot_support_HCO(s),sdot_support_CH(s),sdot_support_CH3(s),sdot_support_CH2(s),sdot_support_COOH(s),sdot_support_Ni(s),sdot_gas_CH4,sdot_gas_CO,sdot_gas_O2,sdot_gas_CO2,sdot_gas_H2,sdot_gas_H2O,sdot_gas_AR,axial_flux_CH4,axial_flux_CO,axial_flux_O2,axial_flux_CO2,axial_flux_H2,axial_flux_H2O,axial_flux_AR,radial_flux_CH4,radial_flux_CO,radial_flux_O2,radial_flux_CO2,radial_flux_H2,radial_flux_H2O,radial_flux_AR
0,0,lumen,0.0005263157894736842,0.00050000000000000001,0,0.0010526315789473684,0,0.001,1000238.4513345765,1.601398491587444,15.614499442687185,3030.7523758713755,0.14189652694701085,1173,1173,3.9664886738981422e-05,0.19196593927435096,0.59999999999999998,2,500000,0.00035,0.0001,0.17906524967750753,0.032933030500276329,1.0016870468218519e-16,0.081344525211834329,0.024457847792797853,0.67961405656811358,2.2730139733193062e-05,0.17428250584641794,0.018358899906910562,4.8880685775194628e-17,0.028861233920012743,0.18943306087796136,0.58905541534971884,8.8840989786269065e-06,0.2561045142454984,0.0075360774882686108,4.2531225349273981e-09,0.0042840278761809812,2.3791056772706575e-05,0.2606771630400806,0.00023748601354975569,8.3639606418601287e-08,6.4299462457958167e-11,1.4752344506733577e-11,1.2273440525800719e-09,3.8020528875736056e-10,4.9352466903583197e-08,0.4711368013489417,nan,nan,nan,nan,nan,nan,nan,nan,nan,nan,nan,nan,nan,nan,0,0,0,0,0,0,0,-9.9301588295836923e-08,3.10248422996805e-09,2.0195499313183881e-08,1.3795192769938853e-07,-1.444256866878213e-11,-2.5474722209646843e-07,-2.9654231803265692e-09,4.1059884279496389e-11,1.478501711895066e-13,5.4285658351783825e-15,-2.5011923693249323e-14,4.1710562781117566e-14,3.0225985984115655e-11,1.9570730877122808e-07,nan,nan,nan,nan,nan,nan,nan,nan,nan,nan,nan,nan,nan,nan,-1.7605628735012369e-06,9.8762290613729764e-07,-2.2197188131315879e-20,1.0074346768619952e-06,6.2797668737429868e-06,-2.8858657410424371e-06,0,0.037408498204935865,0.010802744012937925,1.6313582910777597e-17,0.023377924646610829,0.0065514436508390889,0.14949225136907277,5.1914392050731385e-06,-1.2280417570113091e-05,1.0821370212892896e-06,-1.323538738057636e-20,-2.0557560000864138e-05,2.7218820879811322e-05,-5.0061440528140985e-05,-1.9622877916731896e-09
0,1,lumen,0.0005263157894736842,0.0015,0,0.0010526315789473684,0.001,0.002,1000238.0075690631,1.6230970263291868,15.826078886817657,2991.8780741185719,0.1417842719192775,1173,1173,3.9671706703693131e-05,0.1916599864441535,0.59999999999999998,2,500000,0.00035,0.0001,0.17690234906554969,0.032469953657842464,9.9099109975367003e-17,0.08080277130705843,0.023972484168399942,0.67147542258138837,2.2466873288257004e-05,0.17451041149253527,0.018346020993942461,4.9014011253315101e-17,0.029057488990410892,0.18818969521928813,0.58988748311586314,8.9001879599522336e-06,0.25551867222691393,0.0076041975097758275,4.2629565104053887e-09,0.0042943811370911127,2.3989046652419094e-05,0.26071040284650354,0.00023884495964965319,8.3002022308303864e-08,6.4107193463143763e-11,1.4838074347262419e-11,1.2314540277865847e-09,3.8222541484824485e-10,4.9599842741476042e-08,0.47160937371519634,nan,nan,nan,nan,nan,nan,nan,nan,nan,nan,nan,nan,nan,nan,0,0,0,0,0,0,0,-4.8641252692220867e-10,2.0174860618177251e-10,2.9875565363844385e-11,1.0140864792000285e-09,1.405463744517943e-12,1.5219885281009433e-09,-2.0282837601681431e-10,-5.7792149971841456e-14,2.2588168527436879e-15,1.0419049298256528e-16,-8.0359324057590348e-16,7.4629609762789312e-16,6.1599559339909435e-12,-2.0859680969888667e-09,nan,nan,nan,nan,nan,nan,nan,nan,nan,nan,nan,nan,nan,nan,-1.7523878768251067e-06,7.3406993346403215e-07,6.0289277237706741e-21,1.0167585693454335e-06,6.2741806563237912e-06,-2.7701372005140001e-06,0,0.037369996496580571,0.010827423130810211,1.648189960320618e-17,0.023623210991016736,0.0065074322277272612,0.14947478667218772,5.1955184311640789e-06,-6.9380060074748849e-05,1.2554326504865208e-05,-3.6129356155797559e-19,-6.186321364646841e-05,0.00012007980120499504,-0.00023377630628266537,-6.8316979356446188e-09
0,2,lumen,0.0005263157894736842,0.0025000000000000001,0,0.0010526315789473684,0.002,0.0030000000000000001,1000236.7354909914,1.661154769084741,16.197183179289748,2930.869423830517,0.14129525150635464,1173,1173,3.9693316240215737e-05,0.1903656605707893,0.59999999999999998,2,500000,0.00035,0.0001,0.1741232646560302,0.031467089121215375,1.0403791910187824e-16,0.080559003122243289,0.022738228151298879,0.66028980801318893,2.209065930112109e-05,0.1757966972143408,0.018196294416828317,5.2663329998288948e-17,0.029649138365151432,0.18268613419596769,0.5936627794508843,8.956356827322632e-06,0.25305250260931006,0.0079239728857417261,4.3164945460944246e-09,0.004344131069206828,2.4792611078169605e-05,0.26036955252648719,0.00024522312216615342,7.9838371374298909e-08,6.2970249859911398e-11,1.5264109101291802e-11,1.252973199498983e-09,3.923342309091903e-10,5.0508183706561751e-08,0.47403968878938058,nan,nan,nan,nan,nan,nan,nan,nan,nan,nan,nan,nan,nan,nan,0,0,0,0,0,0,0,1.3983890992839995e-08,8.9727222054851567e-10,9.2710101514157559e-10,-1.7207632689463292e-08,3.7007265741434425e-12,-1.8566902357426435e-08,-8.8752456645821232e-10,-8.0382494280564765e-13,1.0305589213258323e-15,5.5524010270867847e-17,-2.0410198996217564e-15,-8.488089309128216e-17,1.7522607961599705e-11,2.0833376880090009e-08,nan,nan,nan,nan,nan,nan,nan,nan,nan,nan,nan,nan,nan,nan,-1.8134726797250367e-06,7.6571554044613244e-07,7.2277730806789682e-21,1.0653765221453932e-06,6.4964880933104929e-06,-2.8607462451146759e-06,0,0.037521737568789841,0.010639993302972821,1.7340669861084936e-17,0.023878974577378684,0.0063080804460575761,0.14973206279113216,5.1989309620653966e-06,-0.00063850371012544652,0.00030488669000267466,-2.4076376859546348e-18,0.00058997247445199475,0.00054823406081576864,-0.0014085304659614455,-1.3745033128918648e-08
0,3,support,0.0005263157894736842,0.0035000000000000001,0,0.0010526315789473684,0.0030000000000000001,0.0040000000000000001,1001933.8790676662,1.6647974453490169,16.2052052487578,2972.3071403820636,0.13876827601014377,1173,1173.0000000000002,3.9575740493945302e-05,0.18598929431535122,0.40000000000000002,2,300000,0.00033700000000000001,0.0001,0.18584781829054345,0.025105981539402009,1.5250950962192e-16,0.065080056176390774,0.019548928212631024,0.68550049598265284,2.2361248578517123e-05,0.18772686158649257,0.014525083320868758,7.7237574404982056e-17,0.023964090707334868,0.15714007642803457,0.61663481740350601,9.0705537630378862e-06,nan,nan,nan,nan,nan,nan,nan,nan,nan,nan,nan,nan,nan,nan,0.24644864221154855,0.010038649076864319,4.8442530763652015e-09,0.0047421599514542489,2.5097559892716486e-05,0.24110496252122435,0.00028837694312955711,5.5641853474576929e-08,4.9037160162216479e-11,1.8657504299041831e-11,1.4514988226613121e-09,4.7455605574321906e-10,4.7486569599868136e-08,0.49735200176912914,0,0,0,0,0,0,0,nan,nan,nan,nan,nan,nan,nan,nan,nan,nan,nan,nan,nan,nan,-7.0084607929332944e-08,3.5049813050019164e-08,9.3309120923250736e-09,1.9498634493467031e-07,-4.2659871945724404e-11,-1.6270625922596392e-07,-3.352540926774223e-08,1.7405554309044696e-10,5.5570759696619847e-13,3.1522596999394793e-14,-1.6671747346272086e-13,2.3203154931823541e-13,-7.598839866150676e-11,2.6893146146924212e-08,-2.3379131852303836e-06,1.1040999393779893e-06,-1.6799460294479023e-20,1.3871325331767677e-06,8.4259536829028869e-06,-3.9119327543968296e-06,0,0.039705732574486091,0.0086026068626073454,2.3805927415452602e-17,0.019812546721816402,0.0058217388029367283,0.15303364691019794,5.1751141269102551e-06,-1.4993060272971698e-06,8.1117900932819286e-08,-1.5593462073334747e-20,-1.7120729235871192e-06,3.1127793877136134e-06,-5.9688010492323617e-06,-1.8136016318631355e-10
0,4,support,0.0005263157894736842,0.0045000000000000005,0,0.0010526315789473684,0.0040000000000000001,0.0050000000000000001,1001555.0172135365,1.6241947522768074,15.815957499811677,3053.7166393651069,0.13769980234673729,1173,1173,3.9603775448777063e-05,0.18449346265794961,0.40000000000000002,2,300000,0.00033700000000000001,0.0001,0.19167564963110942,0.025647937803498007,1.7036030457346211e-16,0.068702906709980735,0.019231771166771602,0.7073181704801903,2.3078202559520885e-05,0.18896303237015649,0.014482209720026338,8.4205617125721903e-17,0.024690455421358858,0.15087741836297783,0.62097774760806224,9.1365174181083202e-06,nan,nan,nan,nan,nan,nan,nan,nan,nan,nan,nan,nan,nan,nan,0.24279736246210534,0.010587870709020231,4.9016339179137928e-09,0.0048005270049025408,2.6380182281374766e-05,0.24134835589832659,0.00029797681558806283,5.3196262911474141e-08,4.8149760140634973e-11,1.9323282983706961e-11,1.4814091302768088e-09,4.9001791677802126e-10,4.8903013062104964e-08,0.50014141788792277,0,0,0,0,0,0,0,nan,nan,nan,nan,nan,nan,nan,nan,nan,nan,nan,nan,nan,nan,-1.5081891488296917e-11,-2.9423970469525285e-13,1.9241010185805217e-11,-4.294621027666612e-10,1.5296172531722996e-12,-4.6260608908008441e-09,-3.0774608921273246e-11,4.5358403448145235e-12,2.6376832829248665e-14,-6.1609404329491835e-17,4.5049713817313328e-16,-4.8791451793793934e-16,3.2814455122767982e-11,5.0435262688772996e-09,-2.4257090297380435e-06,9.4744886562636577e-07,2.0266008324008114e-20,1.4828280777971185e-06,8.7599026911897027e-06,-3.9080871439001186e-06,0,0.039787122201481333,0.0083399364297082057,2.6632023908904126e-17,0.020606116192741372,0.0053482163671266418,0.15319588459651806,5.1871376637331907e-06,0,0,0,0,0,0,0
1,0,lumen,0.0015789473684210526,0.00050000000000000001,0.0010526315789473684,0.0021052631578947368,0,0.001,1000227.7737819386,1.5232067161556431,14.852245986064435,3013.4577317763183,0.15052123534099343,1173,1173,4.000121835034569e-05,0.20812687543809885,0.59999999999999998,2,500000,0.00035,0.0001,0.14298557186727429,0.065147708099874857,3.4486190938809209e-17,0.12717628792070426,0.038117872145663513,0.61779462378234462,2.260464666657974e-05,0.13237280345514257,0.034544440775710956,1.6007168915106595e-17,0.042919709872818172,0.2808214353039426,0.50933320684338135,8.4037490042581663e-06,0.26912854737008368,0.0037943064156226473,2.7882345623965557e-09,0.0031971571441325071,2.2569994475086847e-05,0.31706526991679856,0.00014557856866315828,2.3198002676642898e-07,1.2713753275360761e-10,8.0059962821446933e-12,7.6587912416991503e-10,2.1022327647236483e-10,5.6940797201705483e-08,0.40664627776991147,nan,nan,nan,nan,nan,nan,nan,nan,nan,nan,nan,nan,nan,nan,0,0,0,0,0,0,0,1.1013425636295427e-08,8.2437145031017884e-10,-1.3354538842170126e-09,-1.9474547938772815e-08,-1.9748446584630375e-12,2.6789082829001623e-08,-7.4510161678953877e-10,2.4507761813875872e-11,5.0619207382597855e-14,1.4744165915351176e-15,-7.5639714055531827e-15,1.0524490955165332e-14,-1.0099499384934596e-11,-1.7084265086994576e-08,nan,nan,nan,nan,nan,nan,nan,nan,nan,nan,nan,nan,nan,nan,-7.9661032570572943e-07,4.294017506567549e-07,1.4727338167947911e-20,3.4174245760641143e-07,2.7304933421234967e-06,-1.1202563725554171e-06,0,0.030705585666253692,0.017540101867214958,6.709832751153116e-18,0.03141809005407032,0.0093374823771420531,0.13887466665133386,5.1991587824835176e-06,-1.6551714086567338e-05,-5.6786858619628535e-06,-1.1020907554510819e-19,-5.9118349174626738e-05,5.5384513406694129e-05,-9.123008282193157e-05,-3.6667350504286638e-09
1,1,lumen,0.0015789473684210526,0.0015,0.0010526315789473684,0.0021052631578947368,0.001,0.002,1000227.3417740363,1.5157605595036587,14.779647549011896,3031.3089126152881,0.15020557475162336,1173,1173,4.0020328820614739e-05,0.20751188570438373,0.59999999999999998,2,500000,0.00035,0.0001,0.14400696160826448,0.065589601751322099,3.6924988196401532e-17,0.12941709272808438,0.03799222543986306,0.62252696830700116,2.2792411201124686e-05,0.13266671677206487,0.034608753900913745,1.7055388189706829e-17,0.043462451256308432,0.27852762976377954,0.51072601617165558,8.43213527771649e-06,0.26830267577522676,0.0038399542145446663,2.7972954628536105e-09,0.003209193826567776,2.2883971843737844e-05,0.31741400525907698,0.00014672703756044771,2.301240969572442e-07,1.2698333018291399e-10,8.0598243200488429e-12,7.6867881817581942e-10,2.1154487810507289e-10,5.7496794608767015e-08,0.40706426838170451,nan,nan,nan,nan,nan,nan,nan,nan,nan,nan,nan,nan,nan,nan,0,0,0,0,0,0,0,7.2764816957924856e-10,3.5666821503303612e-12,1.7950577934987631e-10,-1.6964965080306319e-09,2.5553138164463585e-13,-4.5646026016052041e-09,-7.776181444557968e-12,5.8246051211352512e-14,1.6552725726384054e-15,-4.5082876434158405e-17,2.0936531745238371e-16,-3.399592224409686e-16,4.0622467375369308e-12,5.3537773925238983e-09,nan,nan,nan,nan,nan,nan,nan,nan,nan,nan,nan,nan,nan,nan,-8.0470188536588272e-07,4.6205581422098518e-07,-7.5387117602846406e-21,3.4702679048005529e-07,2.7602320116087986e-06,-1.149852723814071e-06,0,0.030743536580627211,0.017481951193488342,7.2999336522884366e-18,0.031680919014754623,0.0092338823870423692,0.13896241218055827,5.2031358690217922e-06,-0.00012703973806817379,6.1229410302218273e-05,-5.0527041886126392e-20,-4.3562035622281303e-05,0.0001721046843679381,-0.00033519735309251581,-7.2607836720950738e-09
1,2,lumen,0.0015789473684210526,0.0025000000000000001,0.0010526315789473684,0.0021052631578947368,0.002,0.0030000000000000001,1000226.1227121036,1.5143285263263653,14.765702293902489,3046.3341910505992,0.14909825524809839,1173,1173,4.0034741766125536e-05,0.20593431714974675,0.59999999999999998,2,500000,0.00035,0.0001,0.14660507711650111,0.064330609151581966,3.8005419903791509e-17,0.13073794222045354,0.037048994596009223,0.62945836543386169,2.2966634466438155e-05,0.13493280081511388,0.033912410678959601,1.7537868487222377e-17,0.043864607997106092,0.27135636135569163,0.51592533058023216,8.4885728967285553e-06,0.26673136950687165,0.0040101826833525648,2.8655359473028179e-09,0.0032651810348792855,2.3416688073142968e-05,0.31582575195724477,0.00015124616371114136,2.1905939224289628e-07,1.2369951891757648e-10,8.3446008477148395e-12,7.8873523287875475e-10,2.188630377932921e-10,5.8074641249914534e-08,0.40999257082666307,nan,nan,nan,nan,nan,nan,nan,nan,nan,nan,nan,nan,nan,nan,0,0,0,0,0,0,0,5.4519637559331672e-10,5.4944622516600847e-10,7.4768051766164963e-13,-5.7432951704936357e-10,3.181481011797771e-12,-4.4247132043387372e-10,-5.3334628747370184e-10,4.8685686558636032e-13,-2.3780274471091389e-15,4.3577260041723159e-17,-6.8077190233421405e-16,-1.3618665994947677e-16,8.2643959212952223e-12,4.4282710715644676e-10,nan,nan,nan,nan,nan,nan,nan,nan,nan,nan,nan,nan,nan,nan,-8.4089653821541044e-07,4.7007729955805821e-07,1.8166430530339121e-20,3.7124903272492629e-07,2.8939534091193542e-06,-1.2115975535076373e-06,0,0.031201388543284969,0.01690607993778339,7.323228365598423e-18,0.031552005267534829,0.0089463520642284657,0.13954251930254255,5.1984420423095786e-06,-0.00070145109815521081,0.00056086066225746062,-5.269839626829519e-19,0.00070346475579874271,0.00045663009144480493,-0.0012524696345929806,-4.4498821368634775e-09
1,3,support,0.0015789473684210526,0.0035000000000000001,0.0010526315789473684,0.0021052631578947368,0.0030000000000000001,0.0040000000000000001,1001848.4597548934,1.5449820807129302,15.040199917305717,3034.2980235702448,0.14772209948447393,1173,1173,3.9838400870748624e-05,0.20350614731867739,0.40000000000000002,2,300000,0.00033700000000000001,0.0001,0.15735937836036559,0.051198219442930508,4.8108430327991995e-17,0.10927149760601225,0.033783384134943216,0.64153017185629257,2.2640118143480916e-05,0.14752331293416754,0.027491305099313225,2.2612676099780393e-17,0.037343842606235481,0.25203812067097231,0.53559489523742076,8.5234518905975796e-06,nan,nan,nan,nan,nan,nan,nan,nan,nan,nan,nan,nan,nan,nan,0.26820398240177462,0.0046725269918890516,3.2713272965725445e-09,0.0035394367812332369,2.2147600443945049e-05,0.29597665242860638,0.00016997672698331839,1.6601897693821254e-07,1.0099529221837445e-10,9.8240091385615354e-12,9.0787566943593656e-10,2.576556891976561e-10,5.2991465649765678e-08,0.42741505351043979,0,0,0,0,0,0,0,nan,nan,nan,nan,nan,nan,nan,nan,nan,nan,nan,nan,nan,nan,-1.6245728395510705e-07,2.1953636012412688e-08,1.7493113584425836e-08,3.423211342075425e-07,-3.4931069538626791e-11,-3.6625973574518945e-07,-2.0300166882116188e-08,3.6403909758637304e-10,7.5918534087300773e-13,2.8085805723597623e-14,-1.4981922778623089e-13,2.0193638554840808e-13,-2.0907085144187082e-10,1.6712842631886825e-07,-1.0584647178665807e-06,9.1813238703442046e-07,-1.9615276865767409e-21,4.8897807644773313e-07,3.7044211272652117e-06,-1.8733161628592399e-06,0,0.033805053692155106,0.013990628729889279,8.867092683452404e-18,0.027252114159639199,0.0085195713422132509,0.14322307985479585,5.1719738886847447e-06,-5.469907761725745e-06,8.3117286301675167e-07,-1.4117673551682548e-20,-7.2461981053080468e-06,1.1604911607850677e-05,-2.1214612403136835e-05,-7.3004137958143042e-10
1,4,support,0.0015789473684210526,0.0045000000000000005,0.0010526315789473684,0.0021052631578947368,0.0040000000000000001,0.0050000000000000001,1001470.7547823017,1.5500828168181946,15.095546063849138,3053.734508250559,0.14443710243776289,1173,1173,3.9949891194666315e-05,0.19824227489046725,0.40000000000000002,2,300000,0.00033700000000000001,0.0001,0.16140668955536319,0.050228675038957019,6.067845986725633e-17,0.1175263399671939,0.030780152746030232,0.65667492072443745,2.3226834020318602e-05,0.15187446968748877,0.02706994922444431,2.8625991812287928e-17,0.040312760541943,0.23047778453869641,0.55025625949321277,8.7765142145456237e-06,nan,nan,nan,nan,nan,nan,nan,nan,nan,nan,nan,nan,nan,nan,0.26053004842280109,0.0053333681953730795,3.4203796278136673e-09,0.0036930937413248159,2.4879445180381305e-05,0.29598165613730187,0.00018549857141502723,1.4782697514598333e-07,9.65652942562732e-11,1.0714014209062584e-11,9.572079556421299e-10,2.7935827603825345e-10,5.6920747060126269e-08,0.43425124597399578,0,0,0,0,0,0,0,nan,nan,nan,nan,nan,nan,nan,nan,nan,nan,nan,nan,nan,nan,-9.7436365735605976e-10,3.3937742152743342e-10,1.3016916677561854e-10,2.2457825077709028e-09,-2.6069379944690385e-12,-9.9919529317205047e-09,-3.1529803393672252e-10,2.1744185770521118e-11,7.1129437512477986e-14,5.2762079274295726e-16,-2.0760356208621994e-15,3.7240154433628747e-15,1.7707503650721736e-11,8.52936734917009e-09,-1.1571384733836954e-06,5.5948102278824408e-07,-5.3116749898676863e-21,6.0748231630782609e-07,4.079160603159826e-06,-1.7667538366739066e-06,0,0.033920358170392448,0.01320141659376137,1.1362537304478651e-17,0.029041866284598785,0.0073630221393402688,0.14313797302466885,5.1864545645967908e-06,0,0,0,0,0,0,0
2,0,lumen,0.002631578947368421,0.00050000000000000001,0.0021052631578947368,0.0031578947368421052,0,0.001,1000216.5145542662,1.4665914396154502,14.300371570445803,3027.2225275302649,0.15583775091435231,1173,1173,4.0188103023499524e-05,0.21653324091170256,0.59999999999999998,2,500000,0.00035,0.0001,0.12197877032426561,0.090689424349027131,2.2587163478488837e-17,0.14880376535787335,0.046430225997434224,0.58863317979175867,2.2736068231359036e-05,0.10872914912067981,0.046301051970757692,1.0094531860266063e-17,0.048352590054284807,0.32934994239240178,0.46725912793312113,8.1385287549297322e-06,0.27141752063531988,0.0027640503725833449,2.1327747900757758e-09,0.0027313978302502926,2.2045293922717274e-05,0.3442572549613786,0.0001148468548091971,3.6990986250488308e-07,1.7185388486211333e-10,5.8508363468290686e-12,5.8177449554413079e-10,1.5187720918042255e-10,6.0212697484425287e-08,0.37869245088502895,nan,nan,nan,nan,nan,nan,nan,nan,nan,nan,nan,nan,nan,nan,0,0,0,0,0,0,0,-1.3916020326710673e-09,4.392197151514005e-10,2.9858854953465657e-10,3.1793125096736062e-09,-1.0637758035558775e-12,-5.7700293755198057e-09,-3.8401716942186014e-10,1.9572252347478669e-11,3.0714505596349555e-14,1.0133190212121564e-15,-5.1100952835710645e-15,6.8623302890760013e-15,-9.5305327831668897e-12,3.6195163527344722e-09,nan,nan,nan,nan,nan,nan,nan,nan,nan,nan,nan,nan,nan,nan,-5.2436881757718379e-07,3.6636327602201924e-07,-6.2847264549023123e-22,1.6346797096071098e-07,1.7365962510784705e-06,-6.9074254571699356e-07,0,0.026358153614154549,0.022835853222030748,4.6193581879080912e-18,0.035314384832982722,0.011026671579940856,0.13261913396439401,5.2069360846278548e-06,-3.6889238930012845e-05,9.6372786808874582e-06,-1.5195385758786028e-19,-5.2223031421970817e-05,7.242062152322392e-05,-0.00012522682657115731,-3.6942340939617433e-09
2,1,lumen,0.002631578947368421,0.0015,0.0021052631578947368,0.0031578947368421052,0.001,0.002,1000216.1075074535,1.4663278734576359,14.297807420434767,3032.2681632773188,0.15534099435599832,1173,1173,4.0204462130438148e-05,0.21583006279378059,0.59999999999999998,2,500000,0.00035,0.0001,0.12271768126634129,0.090497367810816826,2.5721766241341313e-17,0.15027121699421889,0.046039195206339166,0.59104640968305,2.2817484539553271e-05,0.10936818387012673,0.046194713924145356,1.1493370217892939e-17,0.04882067125855407,0.32651763236708375,0.46909063237233639,8.1662077538242888e-06,0.27073678952715452,0.0028040148849526568,2.1491888405391302e-09,0.0027470629335391754,2.2312576520750067e-05,0.34419593626586142,0.00011600534568173999,3.6512182621729596e-07,1.7102909577409697e-10,5.9101175844654202e-12,5.8626892764528622e-10,1.5347529313844055e-10,6.0680316807617308e-08,0.37937744959824343,nan,nan,nan,nan,nan,nan,nan,nan,nan,nan,nan,nan,nan,nan,0,0,0,0,0,0,0,-1.0812317116650475e-09,2.6356227795468291e-10,1.1554430186685847e-10,3.255797961876577e-09,3.8407948696472793e-13,-1.6571874048802032e-09,-2.3836812551364312e-10,5.8581893676301622e-12,5.1083084182481875e-15,3.6424156861449785e-16,-1.8644646079016745e-15,2.339360243398988e-15,-4.9045640305159612e-12,-6.5946095871392755e-10,nan,nan,nan,nan,nan,nan,nan,nan,nan,nan,nan,nan,nan,nan,-5.3135447682789438e-07,3.6591969851396122e-07,-3.2970830426765641e-20,1.6697507773707787e-07,1.7613689398676691e-06,-7.014846228337035e-07,0,0.026480011627134706,0.02267626044357976,5.0435916358347845e-18,0.035483579650200839,0.010903164240979112,0.1327838783707869,5.2077276263857339e-06,-0.00017668195325641444,0.00013000928088162682,3.1728629789026806e-20,2.014658959247725e-05,0.00017793155015630269,-0.00037722433034262034,-5.1187749277175687e-09
2,2,lumen,0.002631578947368421,0.0025000000000000001,0.0021052631578947368,0.0031578947368421052,0.002,0.0030000000000000001,1000214.9637662207,1.4747544583159709,14.379989448862604,3029.1897203530179,0.15438882200944623,1173,1173,4.0193466152937336e-05,0.21449168806694949,0.59999999999999998,2,500000,0.00035,0.0001,0.12544247476527212,0.087176082560674384,2.4922268324395328e-17,0.14885742237687186,0.044794288406150282,0.59462522130044682,2.2794057006444638e-05,0.11243916122694175,0.04475512843326216,1.1200136119336442e-17,0.048639327482203676,0.31951458067943922,0.4746435974647803,8.2047133729523558e-06,0.27013611608431021,0.0029244801968725605,2.2286583925733995e-09,0.0028036397955221578,2.2545251437889662e-05,0.34133161509043253,0.00011968466269672824,3.4509053296695471e-07,1.6533145241668512e-10,6.156725056085185e-12,6.0812582133234182e-10,1.6028645621893043e-10,6.0653462607685579e-08,0.38266151000613619,nan,nan,nan,nan,nan,nan,nan,nan,nan,nan,nan,nan,nan,nan,0,0,0,0,0,0,0,-5.4461877543883742e-09,2.6458482365478162e-10,4.4467157780971826e-10,1.1420487049039792e-08,-3.989885678790106e-13,-1.5095216142390136e-08,-2.3241490209067236e-10,9.6938252780801037e-12,1.3813596942778803e-14,4.0254409187674869e-16,-1.9022786311099573e-15,2.504737333596492e-15,-6.8699435557243089e-12,8.6416357674358567e-09,nan,nan,nan,nan,nan,nan,nan,nan,nan,nan,nan,nan,nan,nan,-5.6213047922894221e-07,3.9427789993995432e-07,-4.5319467579992303e-21,1.8250068412112136e-07,1.8704160427152061e-06,-7.5562218493363531e-07,0,0.027145857578432665,0.021777923674807978,5.0603062132707491e-18,0.034989050459565005,0.010618413735875671,0.13352144090465734,5.1947215709490078e-06,-0.00066128712085521818,0.00065470140291924662,-1.7712452290213234e-19,0.00063847172295141091,0.00036337910450101038,-0.0010700684880108758,-4.668459431776682e-10
2,3,support,0.002631578947368421,0.0035000000000000001,0.0021052631578947368,0.0031578947368421052,0.0030000000000000001,0.0040000000000000001,1001758.2380595261,1.4797880621241657,14.406842024236708,3063.5585454112825,0.15336984432398265,1173,1173,3.9981988609456528e-05,0.21321600086820025,0.40000000000000002,2,300000,0.00033700000000000001,0.0001,0.13807212808433181,0.072855064827833174,2.8535559743231342e-17,0.13098068670873964,0.042682819582326212,0.6135047871147904,2.2761372845671466e-05,0.1239907334825871,0.037472738651914202,1.2847906159569427e-17,0.042878003627413772,0.3050221422974061,0.49062817369279804,8.2082478809096343e-06,nan,nan,nan,nan,nan,nan,nan,nan,nan,nan,nan,nan,nan,nan,0.27345862344108235,0.0032782361636194955,2.5482158449853805e-09,0.0030048956412048041,2.1189840517940906e-05,0.32394828546359611,0.00013118562853106533,2.7677165680112295e-07,1.4034820547779175e-10,7.0932693583486081e-12,6.9718494712673519e-10,1.8630826923649464e-10,5.5748407971088378e-08,0.39615724772228966,0,0,0,0,0,0,0,nan,nan,nan,nan,nan,nan,nan,nan,nan,nan,nan,nan,nan,nan,2.9997361799075768e-09,6.7615393846766457e-11,-5.4763180684618128e-10,-2.3149529018620409e-09,-4.5457593852299416e-13,1.5298550323913571e-08,-5.908095240224909e-11,7.8801423936472603e-12,2.3203223805383564e-14,2.3915425851069843e-16,-1.1082598173203803e-15,1.706539379703339e-15,3.9281416337039842e-12,-1.5455613845100364e-08,-6.8104005495478459e-07,4.2991830095928663e-07,2.431534845430018e-21,2.3635945770059723e-07,2.2796543415887216e-06,-9.1563631854363337e-07,0,0.029765480755682128,0.018518380595871464,5.6637600371825575e-18,0.03113106846624035,0.010275098550988,0.13707896590906113,5.1731675190317844e-06,-8.8027977619352062e-06,1.3044797650164154e-06,-1.3597321171317138e-20,-1.4644345994163036e-05,2.0628286609059863e-05,-3.6467250506296433e-05,-1.3426425202089242e-09
2,4,support,0.002631578947368421,0.0045000000000000005,0.0021052631578947368,0.0031578947368421052,0.0040000000000000001,0.0050000000000000001,1001383.522670496,1.5496623926834918,15.092766386276281,2975.4242272232723,0.14549897843457263,1173.0000000000002,1173,4.0200766078541106e-05,0.2041216368462534,0.40000000000000002,2,300000,0.00033700000000000001,0.0001,0.13906926994770763,0.068347064270557256,3.9147978929278495e-17,0.14211791500717014,0.035883961327366556,0.61465068853529115,2.2921626997360366e-05,0.13083213880388606,0.036827785584553067,1.846525721840323e-17,0.048738950907948081,0.26864496296037499,0.51494750214970941,8.6595935285237411e-06,nan,nan,nan,nan,nan,nan,nan,nan,nan,nan,nan,nan,nan,nan,0.26258377980800029,0.0039978447307386601,2.7506076926775987e-09,0.0032263321942478467,2.5382490502011602e-05,0.32460160316387698,0.00015011236737629235,2.3356150147283865e-07,1.3239783696323029e-10,8.0555198590234575e-12,7.5710104808302002e-10,2.1071207258466798e-10,6.2667702168042436e-08,0.40541464515720532,0,0,0,0,0,0,0,nan,nan,nan,nan,nan,nan,nan,nan,nan,nan,nan,nan,nan,nan,-2.0493610637811406e-10,-6.5238953940447781e-12,2.8791103560731006e-10,7.1395962913938525e-09,-2.6888625874466054e-13,-2.2762988342774765e-08,2.0722162518826603e-12,6.5221952188013188e-12,1.7917305603864352e-14,3.1043624650984216e-18,1.1090571797262121e-16,2.2446002421926959e-17,1.0661487219346718e-11,1.5527935908114876e-08,-8.0117056271318543e-07,4.6010774884530647e-07,-3.2939748475079949e-21,3.6352095832302109e-07,2.7662644239839773e-06,-1.171542624800459e-06,0,0.029854679035097812,0.017071219858784566,7.9700847933716016e-18,0.03408022238334605,0.0083777596160171698,0.13647957817412157,5.1851982917490674e-06,0,0,0,0,0,0,0
3,0,lumen,0.0036842105263157894,0.00050000000000000001,0.0031578947368421052,0.0042105263157894736,0,0.001,1000204.8791046283,1.4241263616641646,13.8864666045208,3045.4723529946641,0.15952227792229445,1173,1173,4.0317486290196723e-05,0.22186264744113629,0.59999999999999998,2,500000,0.00035,0.0001,0.10707208521614109,0.11181225929665858,1.7252874017426321e-17,0.16193064720191905,0.052383483756760128,0.57076361554936161,2.2909559856978052e-05,0.092679233038106879,0.055432959825029271,7.4873885516280768e-18,0.051095106105975785,0.36082415566304926,0.43996058209279809,7.9632750407558462e-06,0.27170136419761393,0.0022720123561141901,1.7386698098562078e-09,0.0024596585193054099,2.1697784810729044e-05,0.36126507271291153,9.8809541324171559e-05,4.9268611978398765e-07,2.0596110774283575e-10,4.7641805867101119e-12,4.7506208290744842e-10,1.206093300081644e-10,6.20230918163998e-08,0.36218082763364751,nan,nan,nan,nan,nan,nan,nan,nan,nan,nan,nan,nan,nan,nan,0,0,0,0,0,0,0,1.2566413044028273e-09,6.5163310753120388e-11,-2.0073776836337442e-10,-2.8865125289667101e-09,-4.4958654854543312e-13,6.8483057472481026e-09,-4.9719387159332562e-11,8.87139049287472e-12,1.6173686048708817e-14,2.0586005878209712e-16,-8.2635597645143644e-16,1.2048989410351769e-15,-1.7477362454684888e-12,-5.0398314969644705e-09,nan,nan,nan,nan,nan,nan,nan,nan,nan,nan,nan,nan,nan,nan,-3.8968617694853935e-07,2.8731451032215638e-07,-1.2176760092264794e-21,9.5717407786147719e-08,1.2647799313425523e-06,-4.8272218455824856e-07,0,0.023175386420342271,0.027111566821737629,3.6039579717453889e-18,0.037599527568880929,0.012216058111218165,0.12829217023095646,5.2126808384227646e-06,-5.192573368396146e-05,2.895814030471979e-05,-1.7796212637963162e-20,-3.2335730832208629e-05,7.2793203949729994e-05,-0.00013175325610450576,-2.7287789265771843e-09
3,1,lumen,0.0036842105263157894,0.0015,0.0031578947368421052,0.0042105263157894736,0.001,0.002,1000204.5018969426,1.4290305215764081,13.934291670137521,3040.1381126924771,0.15911511795780833,1173,1173,4.0325737030824153e-05,0.22124299366197403,0.59999999999999998,2,500000,0.00035,0.0001,0.10772335767733314,0.11079648900683321,1.7561609331114095e-17,0.16227519213346644,0.05180778989851352,0.57123637793900062,2.2888258229828696e-05,0.093564089357508443,0.055118550298050684,7.6476213081052726e-18,0.051380169011232414,0.35808772580907328,0.44184148225339687,7.9832707383193617e-06,0.27127618224471711,0.0023043163917710373,1.759205299696133e-09,0.0024757130320251525,2.1881382983743161e-05,0.36082840487986934,9.9833712080200161e-05,4.8519803996813326e-07,2.0447237172135826e-10,4.821779031638115e-12,4.8050903425997607e-10,1.2228121407263176e-10,6.231046104896463e-08,0.36299311827680975,nan,nan,nan,nan,nan,nan,nan,nan,nan,nan,nan,nan,nan,nan,0,0,0,0,0,0,0,1.2462097339044232e-09,5.0464964600706014e-11,-9.9012187606995116e-11,-4.0550324068167848e-09,-1.1616326390379017e-13,4.7746635490827916e-09,-4.1134483704771143e-11,3.6062882281112651e-12,4.8790891616226367e-15,8.9402207305523926e-17,-3.3167114649997002e-16,4.5194667169418804e-16,-2.3079434684683355e-12,-1.8773465286302476e-09,nan,nan,nan,nan,nan,nan,nan,nan,nan,nan,nan,nan,nan,nan,-3.9675068937324032e-07,2.9398036582861664e-07,-7.4044903358508771e-22,9.8093484896203672e-08,1.2880445033197629e-06,-4.9089145393033107e-07,0,0.023374859760904927,0.026843911522437872,3.6821345300436327e-18,0.03763292586779865,0.012096401517687233,0.12851341226711638,5.2096649733013864e-06,-0.00020103828746068729,0.00018308655752562097,-6.3559732930077023e-20,7.1296333423353302e-05,0.00016042899746840096,-0.00036677866095926595,-2.7447784273306422e-09
3,2,lumen,0.0036842105263157894,0.0025000000000000001,0.0031578947368421052,0.0042105263157894736,0.002,0.0030000000000000001,1000203.4366636648,1.4356956033011297,13.999296928905435,3040.6867815270703,0.15811242660307398,1173,1173.0000000000002,4.0292226973510231e-05,0.22027868153718783,0.59999999999999998,2,500000,0.00035,0.0001,0.11115890716605957,0.10629491861252528,1.879243328508814e-17,0.15954028462679523,0.050693743699661516,0.57534513536325982,2.2839565172143907e-05,0.096998475828105848,0.053125816768674707,8.2217905361145896e-18,0.050749887900488393,0.35202220758402319,0.44709560846803026,8.0034506776452996e-06,0.27138877937242128,0.0023932261196411442,1.8401842471985165e-09,0.002527688866975747,2.1903488954934613e-05,0.35730609714419886,0.0001028038068140863,4.5844193564502311e-07,1.9716157140074329e-10,5.0326349962156667e-12,5.0224443228418492e-10,1.284653331472859e-10,6.1844071632414876e-08,0.36625897824191966,nan,nan,nan,nan,nan,nan,nan,nan,nan,nan,nan,nan,nan,nan,0,0,0,0,0,0,0,-1.8752087274712962e-09,3.6224454028854494e-11,-1.272174058291334e-10,2.7803634076619316e-09,5.7734015051352783e-13,4.6885594362023122e-09,-3.7430802432880033e-11,7.2077543586401838e-14,2.4100425954412655e-16,-2.365307841638514e-17,1.1593427392400113e-16,-2.0026451316585008e-16,2.8628006839269322e-12,-5.468802716668969e-09,nan,nan,nan,nan,nan,nan,nan,nan,nan,nan,nan,nan,nan,nan,-4.2245527532604188e-07,3.0865333627838609e-07,-3.9393022049132957e-21,1.0923708469126528e-07,1.3779416129372501e-06,-5.3460210258648999e-07,0,0.024182156172443577,0.025686172465937507,3.8928052319424692e-18,0.036869039683259788,0.011835499152939046,0.1293388841491602,5.1909610409950613e-06,-0.00061209119929974797,0.00068451970396622285,-1.0162638223481373e-19,0.00056187681141960902,0.00029987239920531683,-0.00092438905146898171,1.1464073093825777e-09
3,3,support,0.0036842105263157894,0.0035000000000000001,0.0031578947368421052,0.0042105263157894736,0.0030000000000000001,0.0040000000000000001,1001664.7496334444,1.43708447915858,13.992396580343058,3078.9040084567901,0.15768156391137858,1173.0000000000002,1173,4.008278088738307e-05,0.21963242142482048,0.40000000000000002,2,300000,0.00033700000000000001,0.0001,0.12324700557781085,0.09139230440590837,2.0911737354833812e-17,0.14397942283273382,0.049066775911223194,0.59289901292149905,2.2826645986191298e-05,0.10749367196811584,0.045655029190964092,9.144487850890956e-18,0.045777390617476245,0.34055644219675524,0.46050947104588164,7.9949808069558129e-06,nan,nan,nan,nan,nan,nan,nan,nan,nan,nan,nan,nan,nan,nan,0.27512603683844711,0.0026242878423101989,2.1034148848921291e-09,0.0026853961304682122,2.0669332480019324e-05,0.34220685185287908,0.0001109594219410197,3.8174687676067332e-07,1.7202015171784528e-10,5.7063986732956671e-12,5.7394561165071621e-10,1.4813961830941127e-10,5.7446478288559466e-08,0.37722535638478261,0,0,0,0,0,0,0,nan,nan,nan,nan,nan,nan,nan,nan,nan,nan,nan,nan,nan,nan,1.0076435236378386e-09,3.7221513376129225e-12,5.5943133231495421e-11,3.6292706750515354e-09,1.0987120501598779e-13,1.6720382793166538e-09,-4.6622711830267764e-12,1.726056363809958e-13,4.9958991622002695e-16,-8.5209664064902939e-18,4.0009230686642453e-17,-6.0150818583252999e-17,1.2361670974017622e-12,-6.365474176052759e-09,-5.0675333526130351e-07,3.686821437587362e-07,-2.1172457736574079e-22,1.3634169096269498e-07,1.6559319917369697e-06,-6.4666858701212249e-07,0,0.026659670097842581,0.0224105047097359,4.286857850210262e-18,0.033560801029308591,0.011564788044334163,0.13264743008380031,5.1765792737446464e-06,-1.1554659865785619e-05,1.5287437296698281e-06,-1.3248532536906232e-20,-2.2923731442868348e-05,2.9600541170425791e-05,-5.1145796215851971e-05,-1.9755761808003533e-09
3,4,support,0.0036842105263157894,0.0045000000000000005,0.0031578947368421052,0.0042105263157894736,0.0040000000000000001,0.0050000000000000001,1001295.0958124276,1.5502638964439175,15.099958063039477,2922.8500351411362,0.146704454367243,1173.0000000000002,1173,4.0416997730444677e-05,0.20686153404586066,0.40000000000000002,2,300000,0.00033700000000000001,0.0001,0.12358653766091354,0.083310653221758194,3.0724175549166311e-17,0.1596867203870623,0.03876133389223535,0.58894006816641797,2.2871031730564419e-05,0.11632185600174802,0.044912080323205053,1.4498836249574164e-17,0.05479021975207235,0.29032466083344471,0.4936425384932846,8.6445962450555163e-06,nan,nan,nan,nan,nan,nan,nan,nan,nan,nan,nan,nan,nan,nan,0.26144599450200656,0.0033967326019248303,2.3421879818648905e-09,0.0029621221689769975,2.6303005729903411e-05,0.34372290412875162,0.00013258165590203415,3.073896165457386e-07,1.6074735828406041e-10,6.6927634063350441e-12,6.4091654710034259e-10,1.7413838511030981e-10,6.7496059174477855e-08,0.38831298372635165,0,0,0,0,0,0,0,nan,nan,nan,nan,nan,nan,nan,nan,nan,nan,nan,nan,nan,nan,2.1572555881925624e-09,1.3863536807873256e-10,-1.9820449745351475e-10,-2.0611582221400005e-09,1.0267299163646548e-12,-4.1344041216842889e-09,-1.3568143691993441e-10,-4.3432369246226843e-13,-5.5203458246531456e-16,1.6177277211875788e-16,-1.1022452303357812e-15,1.284311128572749e-15,1.2718347950304267e-12,4.2316932171991224e-09,-6.2678014621335432e-07,3.6210926668278631e-07,-1.4192312184812982e-21,2.6900162406322238e-07,2.148930940290561e-06,-8.9392450308700688e-07,0,0.026667460995034302,0.020239051052933513,6.4883000337130235e-18,0.037797245135209968,0.0089103576223717746,0.13133448926334693,5.1833498145542853e-06,0,0,0,0,0,0,0
4,0,lumen,0.0047368421052631574,0.00050000000000000001,0.0042105263157894736,0.005263157894736842,0,0.001,1000192.9692588811,1.3993315322894706,13.644857998291366,3045.3985493259806,0.16240038455878825,1173,1173,4.0407948586390136e-05,0.22569005236360556,0.59999999999999998,2,500000,0.00035,0.0001,0.095210333795998317,0.12846787086640973,1.4056242181705955e-17,0.16943379065443642,0.056659306341155687,0.55506224299362372,2.2928517174241737e-05,0.080978089173865134,0.06258214406694014,5.9939817663282381e-18,0.052532436855916104,0.38348620501327324,0.42041329369198405,7.8311980213745512e-06,0.2716192285933906,0.0019809303614557335,1.4731372511392695e-09,0.0022791733964036857,2.1359040879447349e-05,0.37279695044569655,8.8813924516116378e-05,5.9982297694785017e-07,2.3245077839027739e-10,4.1178795121303847e-12,4.0462350666885337e-10,1.0094273158059272e-10,6.2938929244951988e-08,0.35121287926075295,nan,nan,nan,nan,nan,nan,nan,nan,nan,nan,nan,nan,nan,nan,0,0,0,0,0,0,0,5.6052587332206997e-10,2.5389775872234809e-12,-5.0977403138410266e-11,2.5741027363434293e-10,5.6374284580773537e-14,-9.7777627661166377e-10,-2.9100810205800802e-12,2.8891168971090231e-14,-4.1619123043909175e-17,3.4148928654414876e-18,-4.472451793380964e-17,4.8111890732916035e-17,4.3767712245061942e-13,2.1066556803244185e-10,nan,nan,nan,nan,nan,nan,nan,nan,nan,nan,nan,nan,nan,nan,-3.1012170943235662e-07,2.483569436773081e-07,5.0289283895553782e-22,6.2792996506165777e-08,9.9303212436341326e-07,-3.7322318768850948e-07,0,0.0206958362022613,0.030646266532235789,2.9830652570552622e-18,0.039067946148585768,0.013127635310255709,0.12503700084918665,5.2159279743231002e-06,-6.6240340166837938e-05,5.3295912689714472e-05,-1.971622753352727e-20,-6.6344800667311945e-06,6.76306490339447e-05,-0.0001335754545939918,-1.5423887036928623e-09
4,1,lumen,0.0047368421052631574,0.0015,0.0042105263157894736,0.005263157894736842,0.001,0.002,1000192.6221048526,1.4022430899885727,13.6732532937604,3044.5917598139899,0.16197180142552178,1173,1172.9999999999998,4.0405511099388286e-05,0.22521052757419793,0.59999999999999998,2,500000,0.00035,0.0001,0.096320245685995676,0.12702961034150373,1.4435627831041823e-17,0.16926761753788275,0.056177892194954622,0.5563690640160216,2.2913376593432358e-05,0.082092571001798384,0.062010283399038413,6.1685729041906334e-18,0.052590129496849082,0.38101912177141861,0.42228005201795493,7.8423129406087975e-06,0.2714684384583208,0.0020079653922955632,1.4974061136570213e-09,0.0022954173763432241,2.1452623860827649e-05,0.37196384668439664,8.9735975049140828e-05,5.8948711883995482e-07,2.3019876285217541e-10,4.1754288045935866e-12,4.109860829620034e-10,1.0271947882291923e-10,6.3011192362526279e-08,0.35215248874586674,nan,nan,nan,nan,nan,nan,nan,nan,nan,nan,nan,nan,nan,nan,0,0,0,0,0,0,0,1.1123210302546674e-09,9.9754799419882426e-12,8.3613203334561991e-11,3.3401974175163325e-10,3.8868734619779133e-13,-6.4335555614468062e-09,-1.3988607223034982e-11,7.8294597367911667e-13,3.0989210417966205e-15,-4.152548409184255e-17,1.5501397869865817e-16,-2.0499934958602404e-16,4.7575745921399817e-12,4.9016825317872088e-09,nan,nan,nan,nan,nan,nan,nan,nan,nan,nan,nan,nan,nan,nan,-3.1727205940593195e-07,2.5904214545624527e-07,-5.2403370849019594e-22,6.457392415338501e-08,1.0155880664775019e-06,-3.8209674035893926e-07,0,0.020952667758648652,0.030289993015617821,3.054671665751877e-18,0.038973037432283884,0.013022848932914353,0.12529632022765713,5.2100359790136578e-06,-0.00021555960555991006,0.00022472378028141427,-2.9341609955192038e-20,0.00010754362631097289,0.00014192629383102617,-0.00035379811305700831,-1.0354792852201409e-09
4,2,lumen,0.0047368421052631574,0.0025000000000000001,0.0042105263157894736,0.005263157894736842,0.002,0.0030000000000000001,1000191.6343289904,1.4272938759476166,13.917536911604834,3005.6227861406828,0.16121598180833191,1172.9999999999991,1173,4.0354680933009245e-05,0.22456397662029631,0.59999999999999998,2,500000,0.00035,0.0001,0.098814988504642112,0.11994405991534229,1.4781179535443535e-17,0.16333833996310632,0.05443841023593423,0.5529705024682523,2.2532671252722931e-05,0.085723446358733649,0.059597496651178805,6.4290771854988873e-18,0.051654601911354292,0.37581774993437556,0.42719885535001795,7.8497943398455215e-06,0.27206000989333873,0.0020781834140260586,1.5778464146992892e-09,0.002343261925660475,2.1338479227308371e-05,0.36805061952335882,9.2237921245811425e-05,5.5742501019986318e-07,2.2172377582366982e-10,4.3608721029972988e-12,4.3230317277231149e-10,1.0844448692164091e-10,6.2247611549038466e-08,0.35535372682671457,nan,nan,nan,nan,nan,nan,nan,nan,nan,nan,nan,nan,nan,nan,0,0,0,0,0,0,0,-1.8182573838696682e-09,2.6494083063452445e-10,2.5440359581531291e-10,5.0622688895097854e-09,-1.3970458904305483e-12,-1.3159417263340634e-08,-2.0489925484764153e-10,3.0428866891474282e-11,4.411275775413149e-14,7.4807401883421466e-16,-2.8957489273336367e-15,4.0661773001491821e-15,-1.0474578148011366e-11,9.5823574349923281e-09,nan,nan,nan,nan,nan,nan,nan,nan,nan,nan,nan,nan,nan,nan,-3.4011087566947207e-07,2.7992574191948449e-07,9.2724826746393956e-22,7.3071544129187236e-08,1.093675492988555e-06,-4.1800802419444949e-07,0,0.021825728553863218,0.028973653977391396,3.3054635133375155e-18,0.038051979879039646,0.012795318588242613,0.12614326610791671,5.1883889611353714e-06,-0.000549604411515833,0.00066035221734110259,-7.8994967388835626e-20,0.00047478096352368716,0.00025240077362719823,-0.00080457476948026863,1.3450873187667358e-09
4,3,support,0.0047368421052631574,0.0035000000000000001,0.0042105263157894736,0.005263157894736842,0.0030000000000000001,0.0040000000000000001,1001568.7923492346,1.410850212705822,13.738278661031634,3077.7642510706701,0.16087418614066082,1173,1173,4.0161585876243608e-05,0.22423481335405052,0.40000000000000002,2,300000,0.00033700000000000001,0.0001,0.11094313287027369,0.10703209484159326,1.6614134723211174e-17,0.15223692864185648,0.053778206231796126,0.57498945839726179,2.2798310136423688e-05,0.095005153331651077,0.052496849147010881,7.1332462197448832e-18,0.047523764415947023,0.36647816622164842,0.43848822684525329,7.8400384894821223e-06,nan,nan,nan,nan,nan,nan,nan,nan,nan,nan,nan,nan,nan,nan,0.27559620125069795,0.0022423926143094308,1.7950761905963875e-09,0.0024689940977855071,2.0308448984256484e-05,0.35529372331498976,9.8349463613151412e-05,4.789150998470049e-07,1.9811790638487789e-10,4.8646193634238965e-12,4.9065106037898182e-10,1.2382073217109691e-10,5.8544262578417924e-08,0.36427949073772781,0,0,0,0,0,0,0,nan,nan,nan,nan,nan,nan,nan,nan,nan,nan,nan,nan,nan,nan,-3.6459294970343551e-09,1.4795656576254774e-10,8.8693538936758835e-10,1.0101176655458297e-08,-1.0706800029902652e-12,-2.2727822684954178e-08,-1.1999511531445028e-10,1.5245281274368916e-11,2.8634187681256804e-14,5.4645160443675858e-16,-2.5975126832025191e-15,3.5260223415342193e-15,-2.4859233910384302e-12,1.5345960196660223e-08,-4.03097876595232e-07,3.3733589741014036e-07,5.53259040771986e-22,8.759114764438284e-08,1.2961173203873688e-06,-4.999124235682828e-07,0,0.02414189690393807,0.025788411966438007,3.5609249565395721e-18,0.035246119197243235,0.012570310671946191,0.12921324194985592,5.1809738207345389e-06,-1.3417271408798444e-05,1.007893214715063e-06,-1.3460912513256112e-20,-3.2698411821865378e-05,3.8492415611025199e-05,-6.5505284402412865e-05,-2.6434695994270981e-09
4,4,support,0.0047368421052631574,0.0045000000000000005,0.0042105263157894736,0.005263157894736842,0.0040000000000000001,0.0050000000000000001,1001206.3859738922,1.5302586549696686,14.90642264388546,2924.1573844488826,0.14489074173244104,1173,1172.9999999999998,4.0625710051026444e-05,0.20783752424565682,0.40000000000000002,2,300000,0.00033700000000000001,0.0001,0.11312867894080719,0.097736500627202558,2.6795265015659432e-17,0.17768187844751004,0.040994620747592164,0.57957186457012932,2.3302264079066582e-05,0.10511399996485049,0.052013623208977428,1.2482703455789037e-17,0.06018317108541589,0.30311663838760144,0.47956387264985251,8.6947033021776434e-06,nan,nan,nan,nan,nan,nan,nan,nan,nan,nan,nan,nan,nan,nan,0.2590883223885429,0.0030654744976811449,2.0526121734932536e-09,0.0027907543779451894,2.7491641971100704e-05,0.3582837815756782,0.00012225381125216807,3.709494823753024e-07,1.8446966091290141e-10,5.8312893598816696e-12,5.6039957932677925e-10,1.5029550764585144e-10,7.2074579784167932e-08,0.37662147572911936,0,0,0,0,0,0,0,nan,nan,nan,nan,nan,nan,nan,nan,nan,nan,nan,nan,nan,nan,-3.6766151703846173e-09,6.3754175173824767e-10,2.5690917646540571e-10,3.053236910021444e-09,2.6946022453275265e-12,-1.287974940025402e-09,-5.9628743094330575e-10,7.0339092623356025e-12,1.4959551931101922e-15,8.5343822943951614e-16,-4.7985438253351383e-15,5.9262446619005968e-15,-5.4492116983577865e-12,1.6089069236583058e-09,-5.2084376663506793e-07,2.9836055073784173e-07,8.4715044977055134e-22,2.2350999889913576e-07,1.7874412110568949e-06,-7.4718155707031997e-07,0,0.024017509524404245,0.022867710811929211,5.7801911061772605e-18,0.040872888950183137,0.0091612203366844228,0.12704013398708891,5.1808764403373096e-06,0,0,0,0,0,0,0
5,0,lumen,0.0057894736842105266,0.00050000000000000001,0.005263157894736842,0.0063157894736842104,0,0.001,1000180.8440731304,1.3988023259185007,13.639863069923759,3003.469780712242,0.16469020201722395,1173,1173,4.0479414044976557e-05,0.22864997048329616,0.59999999999999998,2,500000,0.00035,0.0001,0.084323805133485558,0.14078160662554512,1.1742414939846206e-17,0.17230046549582992,0.059293140532697804,0.53514137998596389,2.2626826858255821e-05,0.0716926482301114,0.068555581475769622,5.005466963239242e-18,0.053401685024591417,0.40116583226773034,0.40517652767463702,7.7253271602874235e-06,0.27137820789805173,0.0017827767286713056,1.2740205168412857e-09,0.002145707391632376,2.1057851655895754e-05,0.38150536120902123,8.1750933226818151e-05,6.9664153616764946e-07,2.5440901792849478e-10,3.6814054780763598e-12,3.5256690167442956e-10,8.6923584434815706e-11,6.3463183284922593e-08,0.34308437591167795,nan,nan,nan,nan,nan,nan,nan,nan,nan,nan,nan,nan,nan,nan,0,0,0,0,0,0,0,-1.0974095377719911e-09,4.3536699423832108e-11,7.813830650498657e-11,3.4867524180830455e-09,4.2098702995874149e-14,-3.3225606218146436e-09,-3.5377576953898357e-11,3.1639356933010898e-12,2.3893260556783183e-15,8.2241828305974846e-17,-2.5098967903111218e-16,3.3594356169954071e-16,-2.0295334059072462e-12,8.4574119906403478e-10,nan,nan,nan,nan,nan,nan,nan,nan,nan,nan,nan,nan,nan,nan,-2.5563535371950913e-07,2.1465692295885574e-07,2.3085886869864429e-21,4.4221674060271892e-08,8.1146373501206348e-07,-3.0326864947083365e-07,0,0.018689510987662691,0.033616731769297387,2.6045085462585157e-18,0.040064744921135299,0.01386646067477555,0.12245761852835374,5.2171271398389343e-06,-7.1969588063797488e-05,6.8902686238244451e-05,-1.3352981111644709e-20,1.3058109438991592e-05,5.7747365877495281e-05,-0.00012485923510162033,-5.6961379642591008e-10
5,1,lumen,0.0057894736842105266,0.0015,0.005263157894736842,0.0063157894736842104,0.001,0.002,1000180.5243108929,1.3821811184956061,13.477792302817196,3044.9681122699108,0.16443067259993466,1173,1172.9999999999998,4.0468740932432791e-05,0.22831953377019343,0.59999999999999998,2,500000,0.00035,0.0001,0.086763482772931472,0.14095363632286467,1.2160625756442236e-17,0.17400632852460279,0.059698773808099015,0.54385019377432398,2.2910920334092596e-05,0.072890369649231956,0.067823771320471266,5.122144765848419e-18,0.053289580659191801,0.39911094946350284,0.40687759953023728,7.7293773649384529e-06,0.27142699617910776,0.0018044276947808832,1.2988674518625501e-09,0.002160643129802845,2.1085990375402353e-05,0.38047527545984317,8.2531569930206788e-05,6.8469344641707524e-07,2.5173851444584581e-10,3.7339200123530651e-12,3.5903486955455562e-10,8.8629409703259712e-11,6.33852154389675e-08,0.3440282898961074,nan,nan,nan,nan,nan,nan,nan,nan,nan,nan,nan,nan,nan,nan,0,0,0,0,0,0,0,-9.084374987098991e-09,8.6955617127628216e-11,1.4674678079160418e-09,3.2000539482850091e-08,-8.9195339482428526e-13,-7.3874225072281807e-08,-5.8859295680595992e-11,1.6075264708780013e-11,2.2356949419250319e-14,2.8888580626767957e-16,-9.0679321455343856e-16,1.340427771902342e-15,-5.0882515770018885e-12,4.9452378053410953e-08,nan,nan,nan,nan,nan,nan,nan,nan,nan,nan,nan,nan,nan,nan,-2.6349069675527664e-07,2.8990110112481204e-07,1.8423908002564438e-21,4.5986234719780118e-08,8.3663611165352147e-07,-3.4001604332090096e-07,0,0.018995919966350642,0.033172794985301235,2.6402863463697233e-18,0.039868232869316927,0.013772704714109114,0.12275362117193847,5.2095104130075964e-06,-0.00021817452014727984,0.00024967040088063529,-9.0656023821149876e-20,0.00012763548272879568,0.00012363831038458126,-0.00033165941202625691,8.9680649582221906e-11
5,2,lumen,0.0057894736842105266,0.0025000000000000001,0.005263157894736842,0.0063157894736842104,0.002,0.0030000000000000001,1000179.6094075185,1.4039462887434375,13.690039271677641,3011.7850828029077,0.16367145693968918,1173,1173,4.0407182587888813e-05,0.22792127270315049,0.59999999999999998,2,500000,0.00035,0.0001,0.089678936165992582,0.13333775692125044,1.3827235654600956e-17,0.16778270601638631,0.058122549143420438,0.54138459338877765,2.2553850683325793e-05,0.076526095989198462,0.065169551183481819,5.915850963504855e-18,0.052192774988585815,0.39469245056718222,0.41141139853308895,7.7287384626353859e-06,0.27230025059953322,0.0018612211029553568,1.3756754368053812e-09,0.0022039799394257759,2.0898134537330836e-05,0.37646664729154877,8.465666521041019e-05,6.4913879947976072e-07,2.4266496920927989e-10,3.8948210605299292e-12,3.792072740808754e-10,9.3836778292708507e-11,6.2472636624089941e-08,0.34706163256006928,nan,nan,nan,nan,nan,nan,nan,nan,nan,nan,nan,nan,nan,nan,0,0,0,0,0,0,0,-1.2874802501188508e-09,4.9368752672199442e-13,1.9976261390720854e-09,6.5776733458483163e-09,-4.8366172178404554e-13,-6.5385241807577703e-08,-9.4001760116628195e-13,2.0661071594915703e-12,4.2682591133526808e-15,1.0582106015055609e-17,-3.7032347869177934e-17,6.8630871214929743e-17,2.5526846317073182e-12,5.8093729076999649e-08,nan,nan,nan,nan,nan,nan,nan,nan,nan,nan,nan,nan,nan,nan,-2.838804193461622e-07,2.9417692409827723e-07,-1.1325770328832509e-20,5.3086971340488006e-08,8.9937783916138603e-07,-3.4154699440902547e-07,0,0.019904617161396024,0.031745626513147295,3.0322180332264358e-18,0.038869210816825227,0.013569535720058442,0.12360741282844043,5.1870022352731379e-06,-0.00050853300085364661,0.00064183465399837247,-2.8757973280076312e-20,0.0004113427090051342,0.00022429652546560012,-0.0007277439241950756,1.156658557823486e-09
5,3,support,0.0057894736842105266,0.0035000000000000001,0.005263157894736842,0.0063157894736842104,0.0030000000000000001,0.0040000000000000001,1001470.871456754,1.4078392561208366,13.710299627058046,3037.5284737457027,0.16362194601720109,1173,1173,4.0226641890056235e-05,0.22775657172060476,0.40000000000000002,2,300000,0.00033700000000000001,0.0001,0.099475579132775355,0.11920509074504435,1.4396359115303717e-17,0.15620666945409958,0.056848500842481733,0.55365232842054901,2.2496435781607583e-05,0.085011531227667705,0.058348358128711253,6.1684604353254035e-18,0.048663687926572316,0.38661209320411027,0.42135660904047029,7.7204724682530592e-06,nan,nan,nan,nan,nan,nan,nan,nan,nan,nan,nan,nan,nan,nan,0.27560824691517444,0.0019888757921962806,1.5638655807411841e-09,0.0023099189851235788,2.0019465298260922e-05,0.3652821092489027,8.9590038123014485e-05,5.6887643938490304e-07,2.2018892982267766e-10,4.2968430760565413e-12,4.2921641563137341e-10,1.0663477210231823e-10,5.9269419949108892e-08,0.35470060908557838,0,0,0,0,0,0,0,nan,nan,nan,nan,nan,nan,nan,nan,nan,nan,nan,nan,nan,nan,9.6191654887944537e-10,1.175750404063433e-12,-2.2267378844136854e-10,9.9622283384397168e-10,5.8221656662471588e-15,7.467733161990904e-09,-1.4066672349718393e-12,1.5922744893426266e-12,3.2039532249668636e-15,1.883597487763669e-17,-8.6278652240423879e-17,1.196310173903824e-16,1.9437908013348104e-12,-9.2065131077348067e-09,-3.3152611841631013e-07,2.6409568215646217e-07,-5.7367444218067482e-21,6.0181831739708498e-08,1.0549471062826221e-06,-3.9292697312509617e-07,0,0.022019616308905983,0.028770008865241906,3.3049069710954208e-18,0.036505689150970709,0.013388073926133707,0.12642031909348664,5.1860172051234182e-06,-1.4564952749194185e-05,-7.9133527240336457e-08,-1.437401045309301e-20,-4.3104094022028647e-05,4.7091862713710278e-05,-7.7510479941586658e-05,-3.324249810938949e-09
5,4,support,0.0057894736842105266,0.0045000000000000005,0.005263157894736842,0.0063157894736842104,0.0040000000000000001,0.0050000000000000001,1001117.9449675417,1.548404468615733,15.084515549311828,2862.2205590202661,0.14436905649131188,1173,1173,4.0825992103751307e-05,0.20786295752966935,0.40000000000000002,2,300000,0.00033700000000000001,0.0001,0.10197458538440059,0.10841523077534512,2.5040959897128892e-17,0.19018901145963582,0.041553661208834927,0.56084508092249452,2.3255375350937076e-05,0.095882142920003563,0.058385977665580999,1.1804823705792071e-17,0.065189145417326511,0.31092105587078683,0.46961289724842736,8.7808778745004585e-06,nan,nan,nan,nan,nan,nan,nan,nan,nan,nan,nan,nan,nan,nan,0.25636079253493271,0.0028592867877219293,1.8291525464883973e-09,0.002669809260646118,2.8783123718099756e-05,0.36999868287698245,0.00011548424946314055,4.2604270174986019e-07,2.0487150253130213e-10,5.2161668621238463e-12,4.9904010924953454e-10,1.3287641249951166e-10,7.641886687672502e-08,0.36796665603347728,0,0,0,0,0,0,0,nan,nan,nan,nan,nan,nan,nan,nan,nan,nan,nan,nan,nan,nan,-3.3503402260743345e-08,7.5711175832374699e-10,8.0561081161514021e-11,1.6925595647468294e-08,1.0782640405548882e-11,6.828269996748005e-08,-7.52452992406104e-10,-6.5551307871364317e-13,-5.7347337260196817e-16,2.7467611928950046e-16,-2.0337590511002167e-15,1.855926735823394e-15,2.1340748803824334e-11,-5.1821580693907758e-08,-4.4678569390520229e-07,1.7869726748331871e-07,-1.0639545637969363e-20,1.9969369797059459e-07,1.5569637926288182e-06,-6.6336186410609344e-07,0,0.021740778305720625,0.025052498797499531,5.3310520851987808e-18,0.043607839794862137,0.0092285921267832548,0.12329023567231827,5.1777659259290848e-06,0,0,0,0,0,0,0
6,0,lumen,0.0068421052631578941,0.00050000000000000001,0.0063157894736842104,0.007105263157894736,0,0.001,1000168.5434663058,1.3772517832836488,13.429886713184196,3016.6657672788588,0.16663628623665952,1173,1173,4.0528741119119046e-05,0.23096672591035217,0.59999999999999998,2,500000,0.00035,0.0001,0.077198559351454435,0.15270219187163955,1.0776730693198393e-17,0.17630758211290967,0.06226658790203158,0.52791457403614739,2.2723213230132867e-05,0.064624316306866519,0.073215749292789567,4.5231037048612229e-18,0.053802423469103987,0.41479822497063973,0.39355164715761037,7.6388029897424957e-06,0.27122136103728911,0.0016460367014893486,1.1287260176837546e-09,0.0020484158107081972,2.0764584566748983e-05,0.38777896281352969,7.6751823662386096e-05,7.7838192636285294e-07,2.7154243669300288e-10,3.3901589584418341e-12,3.1503745011726019e-10,7.7068807296158087e-11,6.3632117082346265e-08,0.33720686341837758,nan,nan,nan,nan,nan,nan,nan,nan,nan,nan,nan,nan,nan,nan,0,0,0,0,0,0,0,6.2625496396969761e-10,1.1338103763784972e-10,-6.7697393244207986e-11,-7.8009389717581301e-10,-3.5220567781713008e-13,1.815380730723487e-09,-8.5845175464315742e-11,1.3435162921418553e-11,1.5149343716681157e-14,4.230548772833322e-16,-1.6511253661525697e-15,2.2061374241231823e-15,-5.9559266568551662e-12,-1.6285234829351303e-09,nan,nan,nan,nan,nan,nan,nan,nan,nan,nan,nan,nan,nan,nan,-2.181374123199839e-07,1.830507718736385e-07,-4.001205333453446e-22,3.3331813914508287e-08,6.8768770022931136e-07,-2.5076462134565602e-07,0,0.017429822316376666,0.035529539568001881,2.4157690820959297e-18,0.040601126935262175,0.014332624895075035,0.1208599422060368,5.2171896979301667e-06,-7.7366798229388354e-05,8.3137290547040502e-05,-2.1652426258549089e-21,2.7019594355615421e-05,5.1490691313500643e-05,-0.00012104481388403058,-3.963180927093373e-11
6,1,lumen,0.0068421052631578941,0.0015,0.0063157894736842104,0.007105263157894736,0.001,0.002,1000168.2500149969,1.3740857664259698,13.399018113948291,3028.9837239591493,0.16630074473790055,1173,1173,4.05117910839178e-05,0.23073926253854415,0.59999999999999998,2,500000,0.00035,0.0001,0.078905445788232581,0.15122148310381534,1.0846265788974557e-17,0.175959150105199,0.06213965997126962,0.53131738769841041,2.2776394195862855e-05,0.065901358686386163,0.072339142853486152,4.5418248570275561e-18,0.053572674670510759,0.41300120513374461,0.39517797957405987,7.6390818122851849e-06,0.27141011889082861,0.0016647943898896638,1.1543344592148736e-09,0.0020627848602799608,2.0749680235687769e-05,0.38658837826676168,7.7458127707624128e-05,7.647751853602708e-07,2.6847795234910335e-10,3.4398797572508677e-12,3.2167034564788521e-10,7.8755046570536316e-11,6.3448749005958669e-08,0.33817488573368387,nan,nan,nan,nan,nan,nan,nan,nan,nan,nan,nan,nan,nan,nan,0,0,0,0,0,0,0,6.3897115710835901e-09,4.1884471926184539e-11,-3.3589660661151629e-12,-2.217314914588735e-09,5.4366927626503525e-13,-2.6093128164877619e-08,-4.5640559333674969e-11,3.4821863274803189e-13,1.2945177656238407e-15,-1.3530023597644375e-17,-1.1199327539646638e-16,9.5375024415687268e-17,5.4322107033715501e-12,2.1921521375718503e-08,nan,nan,nan,nan,nan,nan,nan,nan,nan,nan,nan,nan,nan,nan,-2.2441475846200765e-07,2.1549858730818272e-07,9.0610647439980727e-22,3.5006332884419899e-08,7.0508780462830156e-07,-2.5720900703740668e-07,0,0.017763517785116121,0.035031432508996034,2.4494872016301381e-18,0.04034718296300091,0.014246547712532458,0.12117987896678145,5.2089173482154954e-06,-0.00021804655211071197,0.00026544577775701656,-7.8485011774014787e-20,0.00013625585901783061,0.00011104664782430206,-0.00031835609020114283,5.4359122584146495e-10
6,2,lumen,0.0068421052631578941,0.0025000000000000001,0.0063157894736842104,0.007105263157894736,0.002,0.0030000000000000001,1000167.4047947904,1.4105767847556303,13.754861831874329,2964.0492122549704,0.16570815215566181,1173,1173.0000000000002,4.044423025987638e-05,0.23049946985762598,0.59999999999999998,2,500000,0.00035,0.0001,0.081062188980957461,0.14161762806921163,1.2146734790242961e-17,0.16770669989114609,0.059962303460238356,0.52312487736753965,2.2176035704642201e-05,0.069500667532403887,0.069544123778999434,5.2214719278771461e-18,0.052416153179629811,0.40911369008754889,0.39941773016967586,7.6352517420792332e-06,0.27243471794226842,0.0017131344267502361,1.227767419584414e-09,0.0021027049472208278,2.0526863389715787e-05,0.38258825356866505,7.933122151438247e-05,7.2674188726954767e-07,2.5907856822038314e-10,3.5826708152831382e-12,3.4082430616724342e-10,8.3568869624393565e-11,6.2471989292213203e-08,0.34106053990162294,nan,nan,nan,nan,nan,nan,nan,nan,nan,nan,nan,nan,nan,nan,0,0,0,0,0,0,0,2.2612619842396441e-08,1.0497239687053138e-10,-4.7240003612894263e-09,-6.0668158749973667e-08,-2.3984438567159483e-13,1.6733907175540096e-07,-7.2766879075341845e-11,1.9230460106267611e-11,2.8462173371010466e-14,4.6253325442364348e-16,-1.7498563081702098e-15,2.4329050831594412e-15,-4.770508598959345e-12,-1.2460598766718689e-07,nan,nan,nan,nan,nan,nan,nan,nan,nan,nan,nan,nan,nan,nan,-2.3756818277789055e-07,3.4197502885024988e-08,-1.0317026851716756e-20,4.0741358734526414e-08,7.5635831621456706e-07,-2.2237334668107067e-07,0,0.018661861489055267,0.033582304387824134,2.6764664985833219e-18,0.039334520245576488,0.014063575705930585,0.12199614244258145,5.1866801535187892e-06,-0.00045295647529232234,0.00059021974891953078,-9.4618960049724812e-20,0.00034660851473459223,0.00019724307547590013,-0.00063614011410000743,7.0224394277616054e-10
6,3,support,0.0068421052631578941,0.0035000000000000001,0.0063157894736842104,0.007105263157894736,0.0030000000000000001,0.0040000000000000001,1001371.3324161856,1.3493039185140183,13.141557047279564,3130.348555544484,0.16573440371678055,1173,1173,4.028314205271238e-05,0.23040968764226541,0.40000000000000002,2,300000,0.00033700000000000001,0.0001,0.093997387785543562,0.1349520717545564,1.4714293776209256e-17,0.16566250724085976,0.061692526646553017,0.55938516833227869,2.319588996326418e-05,0.076997571144984109,0.063315971067871055,6.0431505428615707e-18,0.049468592549276796,0.40215072337127533,0.40805951157594905,7.6302906436709802e-06,nan,nan,nan,nan,nan,nan,nan,nan,nan,nan,nan,nan,nan,nan,0.2753497506241509,0.0018139642853990095,1.3874392946331477e-09,0.0021912156280863293,1.9812060996690581e-05,0.37306927904761933,8.3332697321373083e-05,6.4941277600397783e-07,2.3868732147710338e-10,3.9014293836679355e-12,3.8290329357725967e-10,9.4112980520251627e-11,5.9817876577839326e-08,0.34747193431847334,0,0,0,0,0,0,0,nan,nan,nan,nan,nan,nan,nan,nan,nan,nan,nan,nan,nan,nan,3.0486419340200637e-10,4.7477277586120127e-10,9.7788356237523969e-11,2.332188724333347e-09,-1.5117178342460846e-12,-3.8338952703742893e-09,-3.6941189352797904e-10,5.040216952568316e-11,6.0836202701787358e-14,1.4959447638037717e-15,-5.9868353508093257e-15,8.0794988506598181e-15,-2.0827616816284874e-11,9.6556565492154253e-10,-2.8228568994554532e-07,2.406150730327461e-07,-2.1305716920949036e-20,4.53785965247495e-08,8.9201757445811491e-07,-3.2993130261171899e-07,0,0.02065456321277721,0.030741811079581044,2.9922650499798153e-18,0.037262379126929805,0.013897405175788661,0.12467209526819435,5.1901239927655622e-06,-1.532439523290922e-05,-1.3874747939064792e-06,-1.2359129238540253e-20,-5.4373259197987973e-05,5.5514750917459491e-05,-8.8275690864448458e-05,-4.0247541624229027e-09
6,4,support,0.0068421052631578941,0.0045000000000000005,0.0063157894736842104,0.007105263157894736,0.0040000000000000001,0.0050000000000000001,1001030.1548850553,1.5694078798063531,15.290471080632861,2804.7300494963329,0.1413698798281782,1173,1173,4.102227775883047e-05,0.20700432334428229,0.40000000000000002,2,300000,0.00033700000000000001,0.0001,0.092725549604027332,0.11718977803237904,2.2704937397061623e-17,0.20210351131068041,0.041425883808051366,0.54576590360926969,2.3262720440959055e-05,0.088376072720573948,0.063973113600495402,1.0849715252745492e-17,0.07021877104661127,0.31419706267691794,0.46322607637707464,8.903578326891897e-06,nan,nan,nan,nan,nan,nan,nan,nan,nan,nan,nan,nan,nan,nan,0.25331127131001024,0.0027435179831363826,1.6571269266713826e-09,0.0025884610476814363,3.0259023597948973e-05,0.3795092183476772,0.00011138566014922397,4.7001060447249534e-07,2.2178662098171507e-10,4.7727999948797197e-12,4.5213693702930581e-10,1.2010102049886733e-10,8.0753521739030614e-08,0.36170533340744893,0,0,0,0,0,0,0,nan,nan,nan,nan,nan,nan,nan,nan,nan,nan,nan,nan,nan,nan,1.2482775470953931e-09,1.1875299602791254e-09,1.4016241601015231e-11,-1.1958204701870379e-09,1.8528130201964088e-11,-7.7698029848135425e-09,-1.2234218876164086e-09,-8.0991290063447963e-13,5.3260438754029606e-15,-3.3307084409517847e-16,1.065253519885544e-15,-2.643375983735859e-15,7.0491332618415167e-11,7.6510087149115796e-09,-3.949730879027058e-07,2.1684592316217888e-07,4.775178719463463e-22,1.8579473848151468e-07,1.3706782178851684e-06,-5.7961192900801706e-07,0,0.020229316339799928,0.026439108445457975,4.9507349446002623e-18,0.045506254007797307,0.009193226177562264,0.12075038295291601,5.1749418235414734e-06,0,0,0,0,0,0,0
7,0,lumen,0.0073684210526315788,0.00050000000000000001,0.007105263157894736,0.0074999999999999997,0,0.001,1000162.3365997006,1.3521622483217082,13.185314935007709,3057.1697162751193,0.16744745157727764,1173,1173,4.0549975294347332e-05,0.23200769735229973,0.59999999999999998,2,500000,0.00035,0.0001,0.07478626037751572,0.16002615324800523,1.0247959150448504e-17,0.18000439316807912,0.064354657029494458,0.53062202886391885,2.3025199482400244e-05,0.061464837990963868,0.075330068847295817,4.2228442040051737e-18,0.053930210038993689,0.42090100221641474,0.38836628154446412,7.5993618677552869e-06,0.27114929357593609,0.0015887365774855311,1.0654459824238484e-09,0.0020061793853340523,2.0620591553440417e-05,0.39049416191581371,7.4622727973340603e-05,8.1726353951410524e-07,2.7930803864130311e-10,3.2710302360985082e-12,2.9881791196714908e-10,7.2879803265140694e-11,6.3653294036071866e-08,0.3346655025893473,nan,nan,nan,nan,nan,nan,nan,nan,nan,nan,nan,nan,nan,nan,0,0,0,0,0,0,0,3.4729129953123452e-10,1.2369454046466608e-09,1.6278752924312061e-11,6.0873097157205821e-10,3.2485726348535637e-12,-1.6882598550486266e-09,-1.0233545213390338e-09,8.7804953629103122e-11,4.3085684891405468e-14,3.1260205364339907e-15,-1.1643760736483538e-14,1.5284392974660169e-14,-4.2997772796758293e-11,4.5426257181679408e-10,nan,nan,nan,nan,nan,nan,nan,nan,nan,nan,nan,nan,nan,nan,-2.025991964142021e-07,1.7540112129399432e-07,8.404678666737345e-22,2.8821950616693609e-08,6.3701624311574001e-07,-2.3209962918269156e-07,0,0.016852021768622476,0.036418439665134396,2.2813122787426252e-18,0.040825300347969461,0.014547119292046789,0.12013223258025073,5.2170736306740704e-06,-8.0631994848918029e-05,9.0827212978784717e-05,-1.685419965725705e-20,3.3151823084259828e-05,4.9140640254520307e-05,-0.0001205037703123667,1.4689153818671014e-10
7,1,lumen,0.0073684210526315788,0.0015,0.007105263157894736,0.0074999999999999997,0.001,0.002,1000162.0558697382,1.3859797557895122,13.515082768878392,2987.9390457178342,0.16725122071772258,1173.0000000000002,1173,4.0530009990873959e-05,0.23182436417406271,0.59999999999999998,2,500000,0.00035,0.0001,0.074535502973712559,0.15414309735848944,1.0341275908322555e-17,0.17469840544276807,0.062530834489469889,0.51981980069441636,2.2460344852394848e-05,0.062790842854186041,0.074375463015039819,4.3678729869612907e-18,0.053649558252859324,0.41920109312114145,0.38997544442336424,7.5983334092032067e-06,0.27140130079095742,0.0016065230893952368,1.0916490021519969e-09,0.0020204476770290616,2.0587129757489646e-05,0.38921992406577438,7.5305625135885912e-05,8.0270525397342663e-07,2.7602478944577785e-10,3.3200242070652536e-12,3.055896285440432e-10,7.4575866926539939e-11,6.3421719933439357e-08,0.33565504374374927,nan,nan,nan,nan,nan,nan,nan,nan,nan,nan,nan,nan,nan,nan,0,0,0,0,0,0,0,-1.2008037660318668e-09,7.0906617958892821e-10,-1.6079257316499764e-11,2.1494920403878937e-09,1.24574650725226e-11,1.0001881707837751e-09,-7.4098413675028623e-10,-1.4421202947090261e-12,1.8390534920982311e-14,-1.8794402997604675e-16,1.632097648579433e-17,-5.1554909966109631e-16,6.2807091844179454e-11,-1.9747196935141301e-09,nan,nan,nan,nan,nan,nan,nan,nan,nan,nan,nan,nan,nan,nan,-2.087409088011305e-07,1.7735002921792642e-07,-8.099663213896278e-22,3.0332930443570583e-08,6.5758816583660895e-07,-2.4128419995328443e-07,0,0.017192868827735176,0.035902603365764195,2.3852959446576731e-18,0.040547849098625147,0.014466361421841366,0.12045669124679148,5.2086015028521263e-06,-0.00021200050747607725,0.00026433252004907611,-5.8791885297090952e-21,0.00013592317362914826,0.00010332579921408995,-0.00030152041411401868,6.735657103603968e-10
7,2,lumen,0.0073684210526315788,0.0025000000000000001,0.007105263157894736,0.0074999999999999997,0.002,0.0030000000000000001,1000161.243660104,1.3626623030942946,13.287718446869537,3052.3857094329019,0.16662107152052932,1172.9999999999998,1173,4.0461871530749334e-05,0.23165110285539489,0.59999999999999998,2,500000,0.00035,0.0001,0.080022641085431348,0.15092592105821359,1.0640217139640399e-17,0.1738780844966358,0.063056651424567164,0.53417229145009526,2.2830463199113976e-05,0.06627926972000911,0.071598041604998233,4.4185327072034861e-18,0.052499330384064347,0.41561459837898979,0.39400116630074944,7.5936111890223501e-06,0.27245001299033067,0.0016505095152678762,1.1617272178823222e-09,0.0020580128194309577,2.0360682012488146e-05,0.38534049854514296,7.7035820403200287e-05,7.6451714191585096e-07,2.6674380667891029e-10,3.451662318204563e-12,3.2381084099505476e-10,7.9104387315001786e-11,6.2455892597198586e-08,0.33840274081946592,nan,nan,nan,nan,nan,nan,nan,nan,nan,nan,nan,nan,nan,nan,0,0,0,0,0,0,0,-3.8847163217666655e-08,1.7704524077011538e-09,4.684544408444355e-09,9.509228925927004e-08,-2.1207577794585264e-12,-1.5735907216152256e-07,-1.3737035429176622e-09,1.8786853973537521e-10,1.5669338330376016e-13,5.2697943365382212e-15,-1.8914368090251431e-14,2.5573227463846418e-14,-8.1985824700384073e-11,9.5928722520866932e-08,nan,nan,nan,nan,nan,nan,nan,nan,nan,nan,nan,nan,nan,nan,-2.300642996224192e-07,3.4673439580634735e-07,1.7845360266658733e-21,3.5900501006191773e-08,7.3231587656430452e-07,-3.5649730728559703e-07,0,0.018087099005513727,0.034441975656211023,2.4389673161355038e-18,0.039538101475365538,0.014289154876003719,0.12125737382386877,5.1867241637093261e-06,-0.00043425418145384513,0.00057241334259960995,-3.9873812930905178e-20,0.00031895568542270085,0.00019065119636124214,-0.00060262760502914755,3.5594468307401851e-10
7,3,support,0.0073684210526315788,0.0035000000000000001,0.007105263157894736,0.0074999999999999997,0.0030000000000000001,0.0040000000000000001,1001321.0501782791,1.3497221491541762,13.146290527838534,3112.1263962426065,0.16668180729478971,1172.9999999999991,1173,4.0308625994052738e-05,0.23156014680794954,0.40000000000000002,2,300000,0.00033700000000000001,0.0001,0.089628965020989743,0.13970061856752436,1.1593165737227308e-17,0.16668876248491099,0.06271188557694278,0.55121383580203442,2.3068471415533217e-05,0.073445640707810803,0.065567472995624057,4.7630203424893302e-18,0.049792971877400366,0.40894279134080203,0.40224353196879437,7.5911095685040871e-06,nan,nan,nan,nan,nan,nan,nan,nan,nan,nan,nan,nan,nan,nan,0.27520547532200818,0.001742884390912055,1.3116808584439735e-09,0.0021407972299449574,1.9711936561699554e-05,0.37640709228847324,8.0738566153066131e-05,6.8756679020010646e-07,2.4703304512384335e-10,3.7415915960951179e-12,3.6316925577010503e-10,8.8882552524162027e-11,6.0013824868100226e-08,0.34440255067082381,0,0,0,0,0,0,0,nan,nan,nan,nan,nan,nan,nan,nan,nan,nan,nan,nan,nan,nan,7.6746099739700396e-09,1.385805621367613e-09,-6.1261828790242003e-10,-1.1370890744746487e-08,4.3424553232765395e-12,8.8024494060943981e-09,-1.1967615409408858e-09,6.6347726358079173e-11,2.9782277706596358e-14,3.204070803627688e-15,-1.4370758685208718e-14,1.8385036642106115e-14,-3.4119747751744917e-11,-4.7192019461132121e-09,-2.613188184608789e-07,2.1413762840705175e-07,1.7158486147600609e-21,3.8954751585298751e-08,8.2162009601427499e-07,-2.8960820946943855e-07,0,0.020017011694833286,0.031676088685872905,2.9747389937493873e-18,0.037600449937841049,0.014131934129408674,0.12386902596948526,5.1922172306403807e-06,-1.5637430898658402e-05,-2.0512307321909056e-06,-1.4622105180271565e-20,-6.0056623172572189e-05,5.9647384266019537e-05,-9.4321454555676065e-05,-4.3710204965347144e-09
7,4,support,0.0073684210526315788,0.0045000000000000005,0.007105263157894736,0.0074999999999999997,0.0040000000000000001,0.0050000000000000001,1000986.5878799409,1.600362489403542,15.592735148327783,2742.5828189268791,0.14123443495739327,1173.0000000000036,1173,4.111523031575759e-05,0.20647113857125815,0.40000000000000002,2,300000,0.00033700000000000001,0.0001,0.087474421322066967,0.11952224779147971,2.1399995596701302e-17,0.20498315765300484,0.040741757849342038,0.5322580200068977,2.2978670387167741e-05,0.085019353233698608,0.066536192579269848,1.042829125303907e-17,0.072627146428031183,0.31511678552683281,0.46069155351323376,8.968718933863059e-06,nan,nan,nan,nan,nan,nan,nan,nan,nan,nan,nan,nan,nan,nan,0.25185316143666514,0.002700994660483195,1.5826612832277724e-09,0.0025556858697721569,3.0982622507771319e-05,0.38364292072242845,0.00010981723640760134,4.8938733424350083e-07,2.2933439229006885e-10,4.5858863619002241e-12,4.3190249710733735e-10,1.1467653419148781e-10,8.2802798359547022e-08,0.35910586289844726,0,0,0,0,0,0,0,nan,nan,nan,nan,nan,nan,nan,nan,nan,nan,nan,nan,nan,nan,-1.3304531483460876e-07,5.6139147411465196e-09,-3.9883198917392418e-09,1.2602719611588461e-07,8.5746998477326253e-11,3.6974082441598201e-07,-5.6546906904282777e-09,-2.3194849903609982e-12,3.1483600053213241e-15,-5.381767717543022e-16,1.3355382251780159e-15,-7.4189270941860089e-15,2.3680093432233205e-10,-3.5901383513334456e-07,-3.6960501830548415e-07,-1.7674217683838478e-07,6.5768404813018925e-21,1.8027446564641426e-07,1.3705701847471774e-06,-6.8017909804485299e-07,0,0.019514067435611741,0.027079578877268754,4.2022504366318873e-18,0.046424667897910443,0.0091588336158266483,0.11953548537490788,5.1734044213084862e-06,0,0,0,0,0,0,0
8,0,lumen,0.0076315789473684215,0.00050000000000000001,0.0074999999999999997,0.0077631578947368425,0,0.001,1000159.2201200478,1.3534592665521574,13.19800364972631,3046.8858285195743,0.16791238746632534,1173,1173,4.0559986464293595e-05,0.23250147950754285,0.59999999999999998,2,500000,0.00035,0.0001,0.072889705943566141,0.16202237836171401,9.5292097571506863e-18,0.18000626430748523,0.064735148452160218,0.52675343265591268,2.2946259455339039e-05,0.059963760211348471,0.076343161048027089,3.9304501891956468e-18,0.053982670210724823,0.42379698687360373,0.38590584106014975,7.580596146160988e-06,0.27111233118918804,0.0015623092057098606,1.0357262253725906e-09,0.0019863732300004393,2.0550320376813029e-05,0.39176870372052242,7.3633324409959716e-05,8.3627444397071901e-07,2.8302487062144844e-10,3.2167782773994342e-12,2.9122749201463837e-10,7.0934533636833565e-11,6.3653892735067699e-08,0.33347519739732551,nan,nan,nan,nan,nan,nan,nan,nan,nan,nan,nan,nan,nan,nan,0,0,0,0,0,0,0,2.9842725190985387e-09,1.7556107916539532e-11,-5.6680403828513295e-10,-7.8371144214190241e-09,3.0449492753603646e-14,2.9509006415056466e-08,-1.6647383581148958e-11,9.4054907091856155e-13,1.0172317573252852e-14,9.4800765868875602e-17,-3.7505344513779568e-16,3.5055264627720728e-16,1.4603876926787293e-12,-2.4092710632256153e-08,nan,nan,nan,nan,nan,nan,nan,nan,nan,nan,nan,nan,nan,nan,-1.9481142329857981e-07,1.3913199170545454e-07,4.7981410908611437e-21,2.6734787608320192e-08,6.113863808832054e-07,-2.1427735946710769e-07,0,0.016482456771910872,0.036990491323018182,2.2539820919702061e-18,0.040961099429293907,0.014684684082564056,0.11966854073424657,5.2169332454075713e-06,-8.1453146660131096e-05,9.4055399418069928e-05,-3.9306739109132865e-20,3.6132167581012441e-05,4.7515660966233692e-05,-0.00011942312629872019,2.6675025473141728e-10
8,1,lumen,0.0076315789473684215,0.0015,0.0074999999999999997,0.0077631578947368425,0.001,0.002,1000158.9455025312,1.3746490744069852,13.404635758875687,3005.2966205304615,0.1676211531320855,1173,1173,4.0538663875225088e-05,0.23234213234698342,0.59999999999999998,2,500000,0.00035,0.0001,0.073366582681567427,0.15746186515088095,1.0187859793672774e-17,0.17622908636155946,0.063491075438473668,0.52077336822590115,2.2586990087743609e-05,0.061301023357218001,0.075355906756899682,4.2679089223288312e-18,0.053677354922769246,0.42216008938097122,0.38749804684935052,7.5787327913776886e-06,0.27139413982237215,0.0015795255323604199,1.061975707388991e-09,0.0020005078739189436,2.0508039376309187e-05,0.39046178097370754,7.4300849183310492e-05,8.2133975780057784e-07,2.7965541120824609e-10,3.2649494272969515e-12,2.980039585088315e-10,7.2620137340411329e-11,6.3400318562760379e-08,0.33446835045343765,nan,nan,nan,nan,nan,nan,nan,nan,nan,nan,nan,nan,nan,nan,0,0,0,0,0,0,0,-3.7088661210935202e-08,1.2708381872566762e-10,5.8243968728614835e-09,9.8443328328462478e-08,-7.5770260291735392e-13,-2.4405398735857613e-07,-6.7263760619218496e-11,5.0881287247742102e-11,8.1981822179880237e-14,9.3815049552676303e-16,-2.5248287957696986e-15,3.319955734609332e-15,3.3454858544768406e-12,1.767615506463104e-07,nan,nan,nan,nan,nan,nan,nan,nan,nan,nan,nan,nan,nan,nan,-2.0730601563937606e-07,4.1725538663106576e-07,-1.1255925808206052e-21,2.8226666757727681e-08,6.5125929664400228e-07,-3.2816313866312896e-07,0,0.016827042032636717,0.036464824765505444,2.3297945176522917e-18,0.040670189892087975,0.014607153789852742,0.11999496583886426,5.2084182255683137e-06,-0.00021020517797147971,0.0002644612050950364,-3.3749546608860796e-20,0.00013520587306689016,0.00010077911604551471,-0.00029588919665293566,6.555897830510937e-10
8,2,lumen,0.0076315789473684215,0.0025000000000000001,0.0074999999999999997,0.0077631578947368425,0.002,0.0030000000000000001,1000158.1496798899,1.3615127757152878,13.276550140131461,3047.4389671213826,0.16704893579721114,1173,1173,4.0470310776659592e-05,0.23219177474568131,0.59999999999999998,2,500000,0.00035,0.0001,0.07824701872793946,0.15312585346502475,1.0985379028579117e-17,0.17414336251793117,0.063574666329364843,0.53115417201967396,2.2791101000376498e-05,0.064754127498428835,0.072580616611168297,4.55803286084378e-18,0.052535233339553337,0.41867670891068431,0.39144573949260131,7.574147563962425e-06,0.27244980471441765,0.0016218525098336976,1.1308357146412229e-09,0.0020371705061640248,2.0281765759594008e-05,0.38663073182642504,7.5976489003774721e-05,7.8292578437325903e-07,2.7040329655782001e-10,3.3921952547387292e-12,3.1587992772288086e-10,7.7040894264285833e-11,6.2442219903506842e-08,0.33716333502268298,nan,nan,nan,nan,nan,nan,nan,nan,nan,nan,nan,nan,nan,nan,0,0,0,0,0,0,0,3.095495368746039e-09,1.9802494197117426e-10,1.0797579156998956e-10,-3.9710055294629522e-09,-2.439227205636163e-13,-1.7560025476889493e-08,-1.9717434386148982e-10,-1.3202857643973553e-11,-3.1298805052663733e-15,-2.5329125486643677e-18,-1.422661016732815e-15,1.4767332630805792e-15,-3.8110425941688276e-12,1.8343970259256369e-08,nan,nan,nan,nan,nan,nan,nan,nan,nan,nan,nan,nan,nan,nan,-2.177296336480436e-07,2.015735904303817e-07,-4.0913183549188213e-21,3.3625353808282403e-08,6.8505307303234897e-07,-2.4728600456214167e-07,0,0.017717577369579039,0.034997872547941115,2.5911090058039396e-18,0.039664649278735128,0.014433405199072862,0.12078531725309706,5.1867902612227571e-06,-0.00042458702072720205,0.0005633100536730181,-2.2533941503794187e-19,0.00030596236299531096,0.00018699606831857552,-0.0005898163002343986,2.2708118614429709e-10
8,3,support,0.0076315789473684215,0.0035000000000000001,0.0074999999999999997,0.0077631578947368425,0.0030000000000000001,0.0040000000000000001,1001295.7898860521,1.3454430868912097,13.104943069512979,3113.7610468219741,0.16715307418128333,1173.0000000000005,1173,4.0321047494345976e-05,0.23210210025120928,0.40000000000000002,2,300000,0.00033700000000000001,0.0001,0.087832637333144642,0.14246823499511921,1.5871161562051101e-17,0.16772530605767336,0.063405012397873647,0.54915642673780884,2.3084693385790927e-05,0.071747286161942328,0.066656126698501753,6.500114654594736e-18,0.04994502459048035,0.41216224097018789,0.3994817490233783,7.5725555093354924e-06,nan,nan,nan,nan,nan,nan,nan,nan,nan,nan,nan,nan,nan,nan,0.27512786764621938,0.0017102167767400769,1.2759575167611517e-09,0.0021171537823622103,1.9663287926768651e-05,0.37798241099288027,7.9535494150202314e-05,7.0636316696533934e-07,2.5105777389633714e-10,3.6683612989581784e-12,3.5389587158028647e-10,8.6446935393982304e-11,6.0099802780814756e-08,0.34296238358572351,0,0,0,0,0,0,0,nan,nan,nan,nan,nan,nan,nan,nan,nan,nan,nan,nan,nan,nan,-8.2024710507436675e-08,2.9653144531762597e-10,1.0219969503049673e-08,1.654644778439144e-07,-1.3242792279433147e-12,-2.7612160942403711e-07,-2.7125705974864239e-10,-6.7196249649639772e-12,1.5394020236231208e-15,1.5654734969544391e-16,-2.2466562459790095e-15,2.766470594289021e-15,-1.450513715211005e-11,1.8245914495921158e-07,-2.6280723783387444e-07,4.9288703612981877e-07,-4.1761489215884178e-20,3.5844388500139727e-08,8.3477759349470659e-07,-4.539122985813826e-07,0,0.019605977469069179,0.032283233652590858,3.1649644991389207e-18,0.037812968529740074,0.014281872473808589,0.12335486484346171,5.1936384145161229e-06,-1.5589334815887024e-05,-2.6138477531670368e-06,-1.1795844719260949e-21,-6.309167994135895e-05,6.1719097644554859e-05,-9.5813901185402641e-05,-4.5542284388770039e-09
8,4,support,0.0076315789473684215,0.0045000000000000005,0.0074999999999999997,0.0077631578947368425,0.0040000000000000001,0.0050000000000000001,1000964.894851095,1.5412959902170571,15.017560812756219,2843.5934925127058,0.13970140673229992,1172.9999999999982,1173,4.1165147344179483e-05,0.20614981997820492,0.40000000000000002,2,300000,0.00033700000000000001,0.0001,0.088961984668788463,0.12662668589602855,1.4821281566341312e-17,0.21667259846150036,0.042345395787730576,0.55115255203114177,2.3953809002862164e-05,0.083275697487191741,0.067890894536286647,6.9560440416748983e-18,0.073937011153479781,0.31543876804686261,0.45944862432603151,9.004450147625281e-06,nan,nan,nan,nan,nan,nan,nan,nan,nan,nan,nan,nan,nan,nan,0.25106192414665207,0.0026811787098968655,1.5445306771455029e-09,0.0025394639943830911,3.1381063714770422e-05,0.38577712191748881,0.00010906590327096637,4.9936877611374971e-07,2.3326347720375013e-10,4.4913141370327101e-12,4.2155307425958371e-10,1.1192340152537229e-10,8.3908965297107387e-08,0.35779927867077149,0,0,0,0,0,0,0,nan,nan,nan,nan,nan,nan,nan,nan,nan,nan,nan,nan,nan,nan,1.5644990704346654e-07,2.1558428566476531e-10,-1.1389104058820857e-08,-2.3971085513423058e-07,-4.8926433651036438e-13,4.0957053233181637e-07,-2.6301975175718723e-10,4.1418540689189265e-12,-1.5631757558043572e-14,-4.6173681962332056e-16,2.9873253502445899e-15,-3.9773903885250546e-15,5.3256625047281892e-11,-3.1492993687911105e-07,-3.5149796711545639e-07,-2.2423241646807313e-07,9.2001788747743032e-20,1.7749206323712021e-07,1.1880344038123214e-06,-3.0066947082074691e-07,0,0.01905069546435811,0.027489126809549128,3.6708610009998704e-18,0.047026853173974696,0.0091304840155297766,0.11874457614139396,5.1723435195425047e-06,0,0,0,0,0,0,0
9,0,lumen,0.0078947368421052634,0.00050000000000000001,0.0077631578947368425,0.0080263157894736835,0,0.001,1000156.0953206538,1.3563900842411167,13.226624291529308,3033.2647894203524,0.16826244500873189,1173,1173,4.0569350571459094e-05,0.23297622222152475,0.59999999999999998,2,500000,0.00035,0.0001,0.070990735093259358,0.16373256546471973,1.0949294622064011e-17,0.17974979247762399,0.065018238625526636,0.52240759926162905,2.2841853299151224e-05,0.058528191813128863,0.077316284458767398,4.5259768180293475e-18,0.054022653811308906,0.42657332063335307,0.38355198681506364,7.5624683782253432e-06,0.27107774270704105,0.0015374538856232271,1.0075061936065221e-09,0.0019675686449629375,2.0481173756460543e-05,0.39297673311524201,7.2698703392734941e-05,8.5479955488062609e-07,2.8659491275300814e-10,3.1662893664106141e-12,2.8403744578805267e-10,6.9100347539887292e-11,6.3646856799514632e-08,0.33234640167316482,nan,nan,nan,nan,nan,nan,nan,nan,nan,nan,nan,nan,nan,nan,0,0,0,0,0,0,0,2.1784841147352269e-08,1.5081319410780916e-09,-3.879818736685188e-09,-6.22335179795315e-08,-8.1062421315378219e-12,1.305816696606666e-07,-9.9267680052542651e-10,3.1130142691057627e-10,3.3427940397736441e-13,6.4955598143847542e-15,-2.1212922173070008e-14,3.0144183058499043e-14,-8.3507580211457948e-11,-8.6988666436945749e-08,nan,nan,nan,nan,nan,nan,nan,nan,nan,nan,nan,nan,nan,nan,-1.8473241420163128e-07,3.2900840885030647e-08,-1.0416591089526486e-20,2.4909685010012616e-08,5.805044111378832e-07,-1.5140092440857345e-07,0,0.016126860205615604,0.037543885101098462,2.4092198699458175e-18,0.041085281557736025,0.014817508839369095,0.11922347236772007,5.2167528911092589e-06,-8.0852257350772573e-05,9.4885362006098895e-05,4.6869992105993476e-20,3.8124740874684291e-05,4.5374615370779123e-05,-0.00011601192626866265,3.4252331053599203e-10
9,1,lumen,0.0078947368421052634,0.0015,0.0077631578947368425,0.0080263157894736835,0.001,0.002,1000155.8266152596,1.3552551649549616,13.215560855384624,3041.1433835033035,0.16809711745293332,1173,1173,4.054722732759575e-05,0.23283937039766739,0.59999999999999998,2,500000,0.00035,0.0001,0.07265925954251562,0.16176026908891525,9.9863212028053438e-18,0.17882880903726478,0.064835126592679995,0.52495600017649868,2.2853758549253019e-05,0.05985369732539432,0.07632105248582477,4.1244713912460709e-18,0.053700902281986151,0.42501615131553988,0.38510063651023146,7.5600810233271556e-06,0.27137704213188851,0.0015538645896104079,1.0333480155849398e-09,0.0019813130404076696,2.0433259641383859e-05,0.39167082244483153,7.3340460539439022e-05,8.3980078688419311e-07,2.8321812436152803e-10,3.2129134778642933e-12,2.9070156712593093e-10,7.0747820186488796e-11,6.3382152608573757e-08,0.33332227920879898,nan,nan,nan,nan,nan,nan,nan,nan,nan,nan,nan,nan,nan,nan,0,0,0,0,0,0,0,1.1138767184945439e-08,2.9867190486482296e-09,-2.3079970401047789e-09,-3.3339237561422528e-08,-2.603929420176565e-11,2.5099858748725556e-08,-1.7840366424455052e-09,8.251401584571938e-10,1.0441040421029449e-12,1.4713725135154945e-14,-4.707207462309615e-14,6.8663392794006578e-14,-1.2622020847547217e-10,-2.4680347212172502e-09,nan,nan,nan,nan,nan,nan,nan,nan,nan,nan,nan,nan,nan,nan,-1.922367879126155e-07,1.4223011418623699e-07,-3.3888734041670402e-22,2.6540850899580156e-08,6.0578566957181224e-07,-1.8797164474948502e-07,0,0.016475654211278029,0.037007347121824921,2.2232948464490465e-18,0.040783356770017376,0.014742207114922509,0.11955275868399604,5.2082534715376576e-06,-0.00020942759509074831,0.00026600507838107717,-1.2289928490642682e-19,0.0001345820000102771,9.9086962370487249e-05,-0.00029145298785492225,6.4065170359077117e-10
9,2,lumen,0.0078947368421052634,0.0025000000000000001,0.0077631578947368425,0.0080263157894736835,0.002,0.0030000000000000001,1000155.0471568161,1.3587057096144062,13.249218632858527,3046.4975892851339,0.16747379307283805,1172.9999999999995,1172.9999999999998,4.0478459839678116e-05,0.23270757670523712,0.59999999999999998,2,500000,0.00035,0.0001,0.076634991681720499,0.15545062182085842,1.2506644182693323e-17,0.17460172938595694,0.064151273366537961,0.52892807389196128,2.2782222153653183e-05,0.06328951939901574,0.073530855948531315,5.1785506325355352e-18,0.052565077286685517,0.42160428889361889,0.38900270286157901,7.5556105696146196e-06,0.27244416546373751,0.0015949433886760945,1.1013901541845306e-09,0.0020173705992860918,2.0206412838406059e-05,0.38786318590593705,7.4976560729543874e-05,8.0091708494681614e-07,2.7393694591840134e-10,3.3366016856649975e-12,3.0833681228879676e-10,7.5088902846433095e-11,6.2427029029509708e-08,0.33598428656265827,nan,nan,nan,nan,nan,nan,nan,nan,nan,nan,nan,nan,nan,nan,0,0,0,0,0,0,0,-8.8128766427164816e-09,2.2036909479289221e-10,1.0752079018230926e-09,2.0548189612916969e-08,1.9246030550507109e-13,-2.329907584355459e-08,-1.7797848261449757e-10,1.8622865619391527e-11,1.0438686966457351e-14,6.4594132034504871e-16,-2.5376236824050347e-15,3.3797415614404313e-15,-8.4833685954703513e-12,1.0435820513069423e-08,nan,nan,nan,nan,nan,nan,nan,nan,nan,nan,nan,nan,nan,nan,-2.113922269687471e-07,2.0197140315758588e-07,-2.0368526733173648e-20,3.163434785568456e-08,6.6710054455465517e-07,-2.6251503187912917e-07,0,0.01736036558407068,0.035537845443723473,2.4094942499365694e-18,0.039783557790492176,0.014572242886244447,0.12033041775519009,5.1868935057242876e-06,-0.00041407473832699731,0.00055247535858256292,7.0353749694179068e-20,0.00029313108361995132,0.00018288076243140342,-0.00056930833090332506,1.0185449217279857e-10
9,3,support,0.0078947368421052634,0.0035000000000000001,0.0077631578947368425,0.0080263157894736835,0.0030000000000000001,0.0040000000000000001,1001270.4531760573,1.3142107146042958,12.801056080198915,3179.5765426205617,0.1675893883833626,1172.9999999999998,1173,4.0333154924210825e-05,0.23262100867841118,0.40000000000000002,2,300000,0.00033700000000000001,0.0001,0.087857561398447165,0.14817497597790438,1.1432385458349127e-17,0.17218234304933222,0.065397389078691304,0.55846310357252404,2.3577600076014633e-05,0.070103445149351226,0.06771853542218069,4.5736173317950418e-18,0.050083297266344383,0.41525577633676364,0.39683139092721703,7.5548981429177845e-06,nan,nan,nan,nan,nan,nan,nan,nan,nan,nan,nan,nan,nan,nan,0.2750455978757802,0.001679444734229622,1.2416863764127672e-09,0.0020946075766243989,1.9616856282849395e-05,0.37949675267967414,7.8395945505020588e-05,7.2488381719324008e-07,2.5497634678073109e-10,3.5994144480594024e-12,3.4501935082594172e-10,8.4129187161099435e-11,6.0181407071200354e-08,0.34158479733724328,0,0,0,0,0,0,0,nan,nan,nan,nan,nan,nan,nan,nan,nan,nan,nan,nan,nan,nan,-1.3886126976221886e-08,2.233334902241067e-10,1.2486208205970537e-09,4.6467572375081865e-08,-9.1838537642774387e-14,-3.859564986672618e-08,-1.784349616571832e-10,1.9322433735501077e-11,1.0597067131946773e-14,4.7592110182016781e-16,-1.5365636529230113e-15,2.1203939587084326e-15,-9.497406409465397e-12,4.7109399157316739e-09,-2.4499602447117241e-07,2.4906319268103161e-07,-1.8733420154312535e-22,3.3270115937734373e-08,7.7156533700994956e-07,-3.2350107770362513e-07,0,0.019208492241293597,0.032874281362218649,2.493712562068689e-18,0.038014513575809546,0.014425659779140308,0.12286115132383893,5.1950840622858444e-06,-1.5661047145778907e-05,-2.9924587247477369e-06,-1.3517936867496153e-20,-6.581741465263567e-05,6.3762651966312619e-05,-9.6577054172695905e-05,-4.7337247358901578e-09
9,4,support,0.0078947368421052634,0.0045000000000000005,0.0077631578947368425,0.0080263157894736835,0.0040000000000000001,0.0050000000000000001,1000943.265270751,1.5702367837666131,15.299874981527639,2787.6009547002536,0.14009018677269705,1173.0000000000002,1173.0000000000002,4.1211460437819181e-05,0.20583158734551305,0.40000000000000002,2,300000,0.00033700000000000001,0.0001,0.085650173837064122,0.12656670124677677,2.0467595410726807e-17,0.21617152999091474,0.041589969209534762,0.53973079258785306,2.3604156171918835e-05,0.081682787000759857,0.06913440578008008,9.7866007549412144e-18,0.07515275019715395,0.31563558005529058,0.45838543715098395,9.0398157315347233e-06,nan,nan,nan,nan,nan,nan,nan,nan,nan,nan,nan,nan,nan,nan,0.25032301183921474,0.0026646257363223112,1.5100248493235902e-09,0.0025253087422733842,3.1758378859433439e-05,0.38770775049230838,0.00010842529002317347,5.0834584427186203e-07,2.3683404456581484e-10,4.4063286472909321e-12,4.1219671606664245e-10,1.0944648726462251e-10,8.4943119284546799e-08,0.3566385239591271,0,0,0,0,0,0,0,nan,nan,nan,nan,nan,nan,nan,nan,nan,nan,nan,nan,nan,nan,-1.1520129754292462e-07,3.4146378546926252e-09,6.0902330594150537e-08,7.2440069894654142e-07,-7.8633575779224474e-11,-2.6415005901033904e-06,-2.3066159931862118e-09,1.1980003934404862e-09,2.0537726093632147e-12,1.4650664717258563e-14,-4.2454656809803918e-14,8.9763890230227182e-14,3.7536200387107318e-10,1.9687939916130482e-06,-4.1424477295083639e-07,2.8176463834905796e-06,1.9016343051406872e-20,1.7569980441410636e-07,1.294499034923402e-06,-1.2536496337145486e-06,0,0.018599619947199986,0.02788113636886505,4.5236853650407166e-18,0.047621642352482951,0.0090975243474257506,0.11796980235904346,5.1712352959676364e-06,0,0,0,0,0,0,0
10,0,lumen,0.0081578947368421053,0.00050000000000000001,0.0080263157894736835,0.0082894736842105271,0,0.001,1000152.9624816985,1.3541477498667764,13.204799883073379,3031.5175063958022,0.16870145837505959,1173,1173,4.0578230861556763e-05,0.23343166234788326,0.59999999999999998,2,500000,0.00035,0.0001,0.069435385584909443,0.16599256030135626,9.4183735843819525e-18,0.18014960759959467,0.065532029369283346,0.52019679526734586,2.28266661588891e-05,0.057151428751029555,0.078254142836786861,3.8867347461025124e-18,0.054053478092363903,0.42923478856799308,0.38129861678164834,7.5449701783693078e-06,0.27104330835569246,0.0015140393932202459,9.8062528789563584e-10,0.0019496847617162443,2.0413927562592438e-05,0.39412689986252636,7.1814414847648516e-05,8.7287308603180135e-07,2.9003372609622507e-10,3.1191385431056155e-12,2.7720405176848608e-10,6.7365227790841715e-11,6.3635196043677926e-08,0.33127290115762875,nan,nan,nan,nan,nan,nan,nan,nan,nan,nan,nan,nan,nan,nan,0,0,0,0,0,0,0,2.2990982338797432e-09,3.7094156079938404e-11,-3.1053986784911667e-10,-4.3456186453089096e-09,-1.8716191790835168e-13,1.8455070733766621e-08,-4.222366975482723e-11,-7.2548115518517031e-12,-1.2977843827197174e-15,-4.8541555226445986e-17,-3.0103735696207648e-16,2.7708222741224884e-16,-3.7731207604669662e-13,-1.6085060006333431e-08,nan,nan,nan,nan,nan,nan,nan,nan,nan,nan,nan,nan,nan,nan,-1.8192607228670332e-07,1.4045964535913669e-07,1.3532763391832835e-21,2.3329716753609091e-08,5.6891286635829541e-07,-2.0122227112340241e-07,0,0.015784980255109181,0.038078612529386206,2.1506087356356887e-18,0.041199446543771924,0.014945466075458481,0.11879749584723924,5.2165635445464236e-06,-8.1306833608084874e-05,9.6720621775133681e-05,1.6893343182438988e-20,3.9747937143254875e-05,4.4169811203248478e-05,-0.00011629398507186587,3.5987956035921632e-10
10,1,lumen,0.0081578947368421053,0.0015,0.0080263157894736835,0.0082894736842105271,0.001,0.002,1000152.6996751403,1.3941956819951553,13.595325781807787,2949.5908802871704,0.16841958659310061,1173,1173,4.0555316079178619e-05,0.23331089691724649,0.59999999999999998,2,500000,0.00035,0.0001,0.069009380782968782,0.15914348945010254,8.8079509903701982e-18,0.17389469784895559,0.06342596812177094,0.50727189410669216,2.2163614865396443e-05,0.058480646621285694,0.077244112285891994,3.7423264949146628e-18,0.053719808879674182,0.42772653752084883,0.38282135222510028,7.5424671989382372e-06,0.27135794803720031,0.0015299059490981259,1.0063671917743305e-09,0.0019631953589178625,2.036152167863728e-05,0.39281350807937443,7.2439391317318558e-05,8.5767139892898737e-07,2.8662243299470149e-10,3.1648658303151739e-12,2.838350006212349e-10,6.8995593836595417e-11,6.3360413116595828e-08,0.33224171898166266,nan,nan,nan,nan,nan,nan,nan,nan,nan,nan,nan,nan,nan,nan,0,0,0,0,0,0,0,2.4933644971378316e-08,5.4218510535520587e-11,-3.2894297478338003e-09,-6.1811362670850266e-08,-4.4644604853261161e-13,1.052881691008048e-07,-4.974666189970441e-11,-2.9028088526644735e-12,2.141889397792349e-15,1.7067833023800579e-17,-5.3470104369684004e-16,7.6283579799966524e-16,-4.249554064167553e-12,-6.5117897213469493e-08,nan,nan,nan,nan,nan,nan,nan,nan,nan,nan,nan,nan,nan,nan,-1.8478682394656998e-07,5.7836820721579585e-08,5.7912140188832904e-21,2.4958860352013791e-08,5.7675047449023964e-07,-1.5122642982312584e-07,0,0.016137332050406274,0.037531656607668704,2.0476036753600811e-18,0.040887731099264343,0.014872254145019007,0.11912945128561768,5.2080819174865388e-06,-0.00020799396608758462,0.00026756731075458067,1.8544447349733582e-19,0.00013438522918014607,9.6906130730406762e-05,-0.00029154299732669377,6.6848970083326105e-10
10,2,lumen,0.0081578947368421053,0.0025000000000000001,0.0080263157894736835,0.0082894736842105271,0.002,0.0030000000000000001,1000151.9363981219,1.3466068053392175,13.131278791512822,3066.86273274424,0.16787055823638194,1173,1173,4.048630468718998e-05,0.23320037852166703,0.59999999999999998,2,500000,0.00035,0.0001,0.075606138941506584,0.15880289692877264,5.2518586311089652e-18,0.17625617379367303,0.065157544778398996,0.53047026967148014,2.2932695306259447e-05,0.061884017253055978,0.074447879774066014,2.1552478235734957e-18,0.052590809989094434,0.42440569734902667,0.3866640578221035,7.5378126534996318e-06,0.2724353184944025,0.0015696348558216083,1.0733327641623988e-09,0.0019985438231816957,2.0133820208523525e-05,0.3890382986883823,7.4031468905053102e-05,8.184819281476234e-07,2.7734369094900011e-10,3.2846270323420372e-12,3.0116469599679927e-10,7.3242276257637608e-11,6.2408780328881211e-08,0.3348631562300225,nan,nan,nan,nan,nan,nan,nan,nan,nan,nan,nan,nan,nan,nan,0,0,0,0,0,0,0,-1.1083161594310832e-07,-2.2176808200471813e-11,9.3016774898183473e-09,2.4749386384480614e-07,1.5949241710319639e-12,-3.2157935752025017e-07,1.8090404812830567e-11,-2.5146904957668026e-12,-3.8248594088978009e-15,-2.4905580103700353e-17,4.964858896936548e-16,-4.3680264690699219e-16,3.6407952463405127e-13,1.7562007786899248e-07,nan,nan,nan,nan,nan,nan,nan,nan,nan,nan,nan,nan,nan,nan,-2.1273839067269262e-07,4.9525930750915492e-07,4.4069185244483778e-20,2.9757322647075676e-08,6.9547443182216284e-07,-4.8068828695235766e-07,0,0.017014557155974767,0.036063507554989466,1.4787519836976618e-18,0.039895743045090588,0.014705851488097336,0.11988981036171734,5.1870451817052904e-06,-0.00040322373185594859,0.00054039410640285411,-2.6676825424368056e-19,0.00027995125554498368,0.00017898874672779246,-0.00054925015643823274,-3.2832813802712571e-11
10,3,support,0.0081578947368421053,0.0035000000000000001,0.0080263157894736835,0.0082894736842105271,0.0030000000000000001,0.0040000000000000001,1001245.0430157013,1.2936630123543535,12.601231188737444,3222.0624501161496,0.16802280431293148,1172.9999999999986,1173,4.0345290045551949e-05,0.2331120036317241,0.40000000000000002,2,300000,0.00033700000000000001,0.0001,0.087226608550655796,0.15284024748017552,1.1284349081769414e-17,0.17539110447503384,0.066907621111084573,0.56367843397737749,2.3898043370289463e-05,0.068513536131416572,0.068760274667673593,4.4439243575783945e-18,0.050220269852482534,0.41821349301052918,0.3942848882961093,7.5380417889234464e-06,nan,nan,nan,nan,nan,nan,nan,nan,nan,nan,nan,nan,nan,nan,0.27495256608482455,0.0016504634911746875,1.2088043211165902e-09,0.0020730676389598486,1.9574507341664705e-05,0.3809621271601053,7.7315987388955457e-05,7.4315134019708797e-07,2.5880448338282613e-10,3.5345284789776549e-12,3.3651969653506692e-10,8.1923323789419493e-11,6.0263920589716809e-08,0.34026407982514978,0,0,0,0,0,0,0,nan,nan,nan,nan,nan,nan,nan,nan,nan,nan,nan,nan,nan,nan,4.803333478599415e-08,-6.3091553536571639e-11,-3.9523266990900926e-09,-7.587512203986222e-08,-8.3370083839989784e-13,8.5849257975070814e-08,5.001021124557748e-11,-7.6240910286407004e-12,-9.6230578638985027e-15,-1.4239148696552037e-16,8.8985443460081276e-16,-9.4397965406029397e-16,1.1651059915254439e-12,-5.4034760110990747e-08,-2.3142720098710129e-07,1.1862854715216642e-07,-6.0262817850912595e-24,3.0909025011402348e-08,7.1300023184173167e-07,-1.904083050119354e-07,0,0.018824070046775908,0.033449437619852931,2.5620408699457029e-18,0.03820581383062277,0.014563564678292311,0.12238832114107272,5.1965557103478824e-06,-1.5618897712597399e-05,-3.5359464189731129e-06,-1.4600027138594022e-20,-6.8974244585655732e-05,6.58626097139576e-05,-9.8720247674953019e-05,-4.918224705372746e-09
10,4,support,0.0081578947368421053,0.0045000000000000005,0.0080263157894736835,0.0082894736842105271,0.0040000000000000001,0.0050000000000000001,1000921.7016117993,1.570214478086692,15.299987255053843,2784.1156071365567,0.13852411931002823,1173.0000000000009,1173,4.1260666947862011e-05,0.20546379226627337,0.40000000000000002,2,300000,0.00033700000000000001,0.0001,0.083933308180375948,0.12894217936817801,2.1043175573139912e-17,0.21995375557110769,0.041598157974475469,0.53850076845290451,2.3702241787324064e-05,0.080046035369585392,0.070432477721242073,1.0061888807891148e-17,0.076468214613810259,0.31570004307697969,0.45734415177164245,9.0774467399815451e-06,nan,nan,nan,nan,nan,nan,nan,nan,nan,nan,nan,nan,nan,nan,0.2495286167232145,0.0026493637881770636,1.4749139744908927e-09,0.0025112975844083551,3.2168676892611719e-05,0.38969559893054018,0.00010781403347138291,5.1745825824479656e-07,2.4050866342723112e-10,4.3205772179792987e-12,4.0267880669513725e-10,1.0694282005961207e-10,8.604789977170617e-08,0.35547453452736,0,0,0,0,0,0,0,nan,nan,nan,nan,nan,nan,nan,nan,nan,nan,nan,nan,nan,nan,2.892411608831841e-08,1.3419658056384095e-11,2.0125791762152808e-08,1.7222895873631537e-07,-1.0432917008605658e-11,-8.3904660878734213e-07,-3.1942440157192965e-11,5.4163594182671249e-12,2.431787838158788e-15,-1.6586864121022615e-16,9.6147238390567538e-16,-1.1370739405412361e-15,2.1402262529213999e-11,6.1776987697553719e-07,-3.639038311303508e-07,1.0093296193836032e-06,1.0758894778831922e-20,1.7347864095164801e-07,1.190343000195826e-06,-6.8947266962382514e-07,0,0.018160559448090804,0.028256901789313289,4.6765514287344229e-18,0.048208129335934755,0.0090601017276996047,0.11721105093014589,5.1700837549312831e-06,0,0,0,0,0,0,0
11,0,lumen,0.0084210526315789472,0.00050000000000000001,0.0082894736842105271,0.0085526315789473673,0,0.001,1000149.8218859861,1.353724325937415,13.200712370137076,3025.9699435041675,0.16902493649152722,1173,1173,4.058661221764284e-05,0.23386858908108291,0.59999999999999998,2,500000,0.00035,0.0001,0.06785454831097297,0.16795653384609999,9.3705761084916129e-18,0.18027908238461096,0.065941675284068316,0.51741765103622506,2.2782818444445164e-05,0.055832972340505181,0.079155512102376258,3.8658128617624906e-18,0.054075582560646575,0.43178427015375143,0.37914413469670633,7.5281460141720758e-06,0.27101016364125929,0.0014919919113357645,9.5505224586102109e-10,0.0019326971515409323,2.0348371836256019e-05,0.39521925262450863,7.0978389221302185e-05,8.904603303618426e-07,2.9333768542255764e-10,3.075140141278552e-12,2.7071746427506961e-10,6.572537901125324e-11,6.361868055358762e-08,0.33025361224257377,nan,nan,nan,nan,nan,nan,nan,nan,nan,nan,nan,nan,nan,nan,0,0,0,0,0,0,0,-3.2840787928138652e-09,2.5145113705513415e-10,4.5612964749789119e-11,5.224766638308796e-09,3.10776892501613e-12,5.6743431698161317e-09,-2.4102312720072009e-10,3.4675749684826007e-12,-7.461251754884637e-16,1.8310041500462912e-16,-6.1987699237111381e-16,7.0377997636051505e-16,6.8280402526493644e-12,-7.684474917667799e-09,nan,nan,nan,nan,nan,nan,nan,nan,nan,nan,nan,nan,nan,nan,-1.7627883512442988e-07,1.4859200336836409e-07,-1.4617812201147213e-22,2.1953472677233073e-08,5.5242917257336543e-07,-2.0342835749254107e-07,0,0.015456574417326695,0.038594293561961042,2.2803247878835535e-18,0.041304498124822168,0.01506863519104492,0.11839027801122105,5.2163555414544045e-06,-8.2832269101137162e-05,0.00010049403265938902,3.3748639340223813e-20,4.1961431242753835e-05,4.348647554119124e-05,-0.00011829168664592521,3.9613765579629435e-10
11,1,lumen,0.0084210526315789472,0.0015,0.0082894736842105271,0.0085526315789473673,0.001,0.002,1000149.5649811303,1.4288505944525129,13.933302520201687,2871.932567457422,0.16886785247018163,1172.9999999999998,1173,4.0562524776394278e-05,0.23376368258733649,0.59999999999999998,2,500000,0.00035,0.0001,0.065842056596144546,0.1570246211584809,8.2167095405847238e-18,0.16969315449826841,0.062260736858480353,0.49218166873410535,2.1577051797605159e-05,0.057183649760414068,0.078110373071088091,3.5779079864239758e-18,0.053725057538951071,0.43030638977176505,0.38066700446128127,7.5253965003778296e-06,0.27134873430660039,0.0015075880569985641,9.8105805098171276e-10,0.0019462173002794886,2.0289523253960687e-05,0.39387108063833054,7.1597496615249167e-05,8.7478717584444392e-07,2.8982618175603507e-10,3.1205896517980309e-12,2.7740906157874438e-10,6.7361943203379742e-11,6.3326217533301076e-08,0.33123355294564066,nan,nan,nan,nan,nan,nan,nan,nan,nan,nan,nan,nan,nan,nan,0,0,0,0,0,0,0,2.1468597671461812e-09,8.9413435197998479e-12,1.0262072712327431e-09,4.1045052448589017e-09,4.3773525386023304e-12,-7.2710334820527342e-08,-5.1677551863814643e-11,5.2449413952618262e-11,1.673804721042074e-13,-8.3390196422431154e-16,3.6924455911182051e-15,-4.0554044579429485e-15,8.9657734724385819e-11,6.5328847720215164e-08,nan,nan,nan,nan,nan,nan,nan,nan,nan,nan,nan,nan,nan,nan,-1.8309529033200267e-07,2.3119608616450904e-07,7.3101620632580506e-21,2.343668107108558e-08,5.6855027619207021e-07,-2.0960912006096066e-07,0,0.015810234413842876,0.038040792091399891,2.0125258468101659e-18,0.040984095140726699,0.014998147122173684,0.11872143976873073,5.2079223862185364e-06,-0.00020451938054386932,0.00026543051659802319,-6.3262643933753588e-20,0.00013307347022768491,9.3605794459851606e-05,-0.00028499386126836255,6.5168165555148989e-10
11,2,lumen,0.0084210526315789472,0.0025000000000000001,0.0082894736842105271,0.0085526315789473673,0.002,0.0030000000000000001,1000148.817663234,1.3155239015045788,12.828217491302441,3132.3805004257697,0.16826950692310988,1173.0000000000009,1172.9999999999991,4.0493854308571754e-05,0.23367600165410612,0.59999999999999998,2,500000,0.00035,0.0001,0.075691750680090875,0.16450584218539049,1.0272206512089269e-17,0.18048529432535224,0.067122068327706702,0.53983072553895173,2.3421702761875502e-05,0.06052423113019044,0.075341546667049814,4.1181979890197638e-18,0.052609798213714309,0.42711135464974437,0.38440554847078923,7.5208685117891858e-06,0.27242310583725915,0.0015455996294345671,1.046371990668451e-09,0.0019804773539601182,2.0063493439451724e-05,0.3901701830125921,7.3129705250390677e-05,8.3577711366862663e-07,2.8065915326761822e-10,3.2356274621521352e-12,2.9428771911428556e-10,7.148012273107899e-11,6.2388409644465776e-08,0.33378654110650668,nan,nan,nan,nan,nan,nan,nan,nan,nan,nan,nan,nan,nan,nan,0,0,0,0,0,0,0,-7.3191977305196544e-09,2.3895127166167697e-09,5.7270440104312733e-10,1.8860363724922121e-08,5.1954474793516892e-12,-2.2696240504615356e-08,-1.9348021140651759e-09,1.9517150222359003e-10,1.0174811532141671e-13,5.4830157926277845e-15,-1.6613069918261976e-14,2.2194519478733915e-14,-9.4125745596830957e-11,1.0021305618487803e-08,nan,nan,nan,nan,nan,nan,nan,nan,nan,nan,nan,nan,nan,nan,-1.9746930856288925e-07,1.913401314612706e-07,-1.4042020249734836e-21,2.8146359186132868e-08,6.236807813253531e-07,-2.4407392479330881e-07,0,0.016680150324301604,0.036573983730261848,2.1346483190873893e-18,0.040001937030410786,0.014834227816684887,0.11946365871278751,5.1872356434178963e-06,-0.00039360293102465559,0.00053011088169431714,-9.7229041418142475e-20,0.00026837423099074258,0.00017577588378170627,-0.00053324740668972924,-1.7406989544340823e-10
11,3,support,0.0084210526315789472,0.0035000000000000001,0.0082894736842105271,0.0085526315789473673,0.0030000000000000001,0.0040000000000000001,1001219.5621387064,1.2966336983551427,12.63048929556663,3206.9907224626663,0.16842572356078361,1173.0000000000009,1173,4.0356685631342836e-05,0.23358482829851743,0.40000000000000002,2,300000,0.00033700000000000001,0.0001,0.085087913481378938,0.15470562946050911,1.2541654352531977e-17,0.17539399035567871,0.067205598192193891,0.55890473926676087,2.3792199599563208e-05,0.066988841264642288,0.069761078074432631,4.9505353787221626e-18,0.050337701781320111,0.42105138321857982,0.39185347358036532,7.5220806598314837e-06,nan,nan,nan,nan,nan,nan,nan,nan,nan,nan,nan,nan,nan,nan,0.27486595163734429,0.0016232358849347698,1.1775224322160569e-09,0.0020526522942678196,1.95314289588091e-05,0.38234878443016601,7.6297149194858702e-05,7.6096039766027819e-07,2.624824921941313e-10,3.4738610307052534e-12,3.2845188105363908e-10,7.9839321300836601e-11,6.0334019852599825e-08,0.33901272402894955,0,0,0,0,0,0,0,nan,nan,nan,nan,nan,nan,nan,nan,nan,nan,nan,nan,nan,nan,-1.948019970958586e-07,3.8358961439096987e-09,2.1143900930647112e-08,3.8629051013439665e-07,4.6402566034400849e-12,-4.9862209492248545e-07,-3.1397872072253436e-09,2.9383466666754732e-10,2.0848217363641092e-13,1.0936932550177267e-14,-4.3722409758647839e-14,5.680151549557722e-14,-1.4163797342093942e-10,2.851365024645317e-07,-2.4865945234125997e-07,6.9704817895477333e-07,-1.4032291584326019e-20,2.8932397951419535e-08,8.1078591493422003e-07,-6.4300371205305851e-07,0,0.018451873307013204,0.034009298604641497,2.5814346685519377e-18,0.038388634218680204,0.014695966274290106,0.12193485298109207,5.1980524572257555e-06,-1.5715551039813847e-05,-3.9351680877658304e-06,-1.4788606164960115e-20,-7.2235256033500664e-05,6.8052966370957518e-05,-0.00010360560319510277,-5.0992160305094055e-09
11,4,support,0.0084210526315789472,0.0045000000000000005,0.0082894736842105271,0.0085526315789473673,0.0040000000000000001,0.0050000000000000001,1000900.2061087313,1.6211054066278285,15.796201778661612,2693.6863293539895,0.13889384024974688,1173.0000000000005,1173,4.1306052098678528e-05,0.20510677538465122,0.40000000000000002,2,300000,0.00033700000000000001,0.0001,0.079782897224823984,0.12698717430746378,2.1531372332026145e-17,0.21642792784824696,0.040287268267517246,0.52058851636516523,2.3052142218081525e-05,0.078555553390858388,0.071614245935836193,1.0629223761740633e-17,0.077682728960633649,0.31566756878212965,0.45647078812979364,9.1148007486162649e-06,nan,nan,nan,nan,nan,nan,nan,nan,nan,nan,nan,nan,nan,nan,0.24879326075361116,0.0026369486565863396,1.4432481767425856e-09,0.0024992175609947513,3.2554493267609498e-05,0.39148114322619326,0.00010730214738187749,5.2555210917161038e-07,2.4381735745371382e-10,4.2436573350017851e-12,3.9410222086716557e-10,1.046965939749118e-10,8.7074194790723869e-08,0.35444895834685197,0,0,0,0,0,0,0,nan,nan,nan,nan,nan,nan,nan,nan,nan,nan,nan,nan,nan,nan,-3.5720588343364691e-08,1.0842439513137926e-09,-1.7435157935687502e-09,1.9889252378397346e-08,2.6743604076076566e-11,1.8742036161825248e-07,-1.1640379295082764e-09,-2.8040720786992601e-12,2.7032825794197747e-14,-7.3582807083761282e-16,2.6945338411362533e-15,-4.5132182312749451e-15,1.0081621202027764e-10,-1.6989049639368016e-07,-3.3353218271622853e-07,-2.4394063158350576e-08,-4.2572059345619812e-21,1.7212461976312508e-07,1.1963941800863243e-06,-5.2734014310829025e-07,0,0.017732226810378868,0.028616773650371002,5.0419564359080762e-18,0.048789314174975465,0.0090189448427199191,0.11646521785557701,5.1688912733294736e-06,0,0,0,0,0,0,0
12,0,lumen,0.0086842105263157891,0.00050000000000000001,0.0085526315789473673,0.0088157894736842109,0,0.001,1000146.6738116833,1.3575088093917314,13.237658062899134,3011.3275066214269,0.16943796660971169,1173,1173,4.0594479939831249e-05,0.23428854954591916,0.59999999999999998,2,500000,0.00035,0.0001,0.066137423826659686,0.16931545263233641,1.1563042376578239e-17,0.17982880911995608,0.066129902728340711,0.51316539195871369,2.2669902077559283e-05,0.05457237435506819,0.080019281210705631,4.7836615147182722e-18,0.054091487763601453,0.43422869050126733,0.37708065436930677,7.511800050616683e-06,0.27098012993292236,0.0014712002868491328,9.307530244513388e-10,0.0019165451983635304,2.0283768146388387e-05,0.39625388418706259,7.0186985866578364e-05,9.0755347196878408e-07,2.9650500711825401e-10,3.0341290863971057e-12,2.645675568091044e-10,6.4176904582924764e-11,6.3595693218486584e-08,0.32928679693322122,nan,nan,nan,nan,nan,nan,nan,nan,nan,nan,nan,nan,nan,nan,0,0,0,0,0,0,0,-1.3036928795084961e-08,3.4285641768590443e-11,2.7852612160514782e-09,3.2107370905284372e-08,3.5837055979009991e-13,-1.3653240285246317e-07,-3.955398109825078e-11,-5.9398607994004538e-12,7.8951666813540031e-16,-4.5709843721239646e-17,-2.467189128548667e-16,1.7297575402732097e-16,1.0072102599169087e-12,1.146865413468493e-07,nan,nan,nan,nan,nan,nan,nan,nan,nan,nan,nan,nan,nan,nan,-1.733682087248084e-07,2.8653046585391806e-07,-2.1517020674553943e-20,2.0589458131564486e-08,5.3887807549557465e-07,-2.2328181376041201e-07,0,0.015139773823181952,0.039093813729585696,2.4951793998762913e-18,0.041400989049337603,0.015187769736527863,0.11799767406420761,5.2161194384678776e-06,-8.2218491395369929e-05,0.00010120755718502256,1.1951094397587092e-19,4.3170442238924607e-05,4.1939100687387863e-05,-0.00011530222968875361,4.4806278817367622e-10
12,1,lumen,0.0086842105263157891,0.0015,0.0085526315789473673,0.0088157894736842109,0.001,0.002,1000146.4226397485,1.3919719198441018,13.573726231536599,2941.8836503638436,0.16918106582260281,1173,1173,4.0569857332033007e-05,0.23419969194625556,0.59999999999999998,2,500000,0.00035,0.0001,0.066083200439799192,0.16295032315492602,8.8780606154829123e-18,0.17420709285241978,0.064281556483187841,0.5024445280908737,2.2099489133481812e-05,0.055911941112858764,0.078966193353994477,3.7661217657838727e-18,0.053730813832866507,0.43280766341262322,0.37857587959140271,7.5086962541852334e-06,0.27133127203387136,0.0014862372161130663,9.5640295618010938e-10,0.0019297988204012417,2.0221313278376692e-05,0.3949063490734816,7.0788232441401332e-05,8.9177105573894436e-07,2.9298168483739642e-10,3.0782435700433719e-12,2.7116014578153446e-10,6.5781474736070419e-11,6.3296232419391378e-08,0.33025437665402257,nan,nan,nan,nan,nan,nan,nan,nan,nan,nan,nan,nan,nan,nan,0,0,0,0,0,0,0,3.4728629887621777e-08,1.0915037501522304e-11,-4.4087238280155465e-09,-8.4269300799529131e-08,-1.3611833014903763e-13,1.6852007541008109e-07,-1.2574124090058944e-11,-1.1706419254103873e-12,4.6149056276699012e-15,2.4648917507841981e-17,-1.5766739517422203e-16,1.618702988197035e-16,1.1709684621394984e-12,-1.145688904859393e-07,nan,nan,nan,nan,nan,nan,nan,nan,nan,nan,nan,nan,nan,nan,-1.7187252284497218e-07,-1.4374373635828164e-08,1.3542449040111104e-21,2.2135675970010795e-08,5.3362134676271378e-07,-1.1414816819543816e-07,0,0.015494304312604365,0.038534693890939671,2.0600205343082239e-18,0.04107411723895836,0.015119626666209095,0.11832792283985773,5.2078107778089681e-06,-0.00020125872594755083,0.00026203617960526225,7.3278693814304293e-20,0.00013029574069647632,9.1300346444681384e-05,-0.00027572438186808422,5.4229880368818898e-10
12,2,lumen,0.0086842105263157891,0.0025000000000000001,0.0085526315789473673,0.0088157894736842109,0.002,0.0030000000000000001,1000145.6913257455,1.3146564212777649,12.819798405987772,3127.7109219389408,0.16862540064970882,1173.0000000000002,1173.0000000000002,4.0501913214149311e-05,0.23412383944272913,0.59999999999999998,2,500000,0.00035,0.0001,0.074080308274230192,0.16655652069592572,7.841272151580689e-18,0.18070190275942527,0.067573340419233172,0.53712235582314727,2.3387434170650846e-05,0.05919682216100848,0.076230668280060629,3.1415566044674795e-18,0.052638368628104192,0.42970069533420363,0.38222594066067056,7.5049359524669251e-06,0.27239152091891949,0.0015227927268680402,1.020214745909232e-09,0.0019630748030823966,2.0000712085292883e-05,0.39128813153441733,7.2268552640124926e-05,8.5292939295486026e-07,2.8393746087512903e-10,3.1890217999325928e-12,2.8762625878707002e-10,6.978371000114465e-11,6.2381173708850573e-08,0.3327412937767229,nan,nan,nan,nan,nan,nan,nan,nan,nan,nan,nan,nan,nan,nan,0,0,0,0,0,0,0,-3.1337405277197413e-08,2.0048363146885175e-11,3.5722801569100845e-09,8.1626493834375159e-08,-1.29235012448492e-12,-2.1466778643737527e-08,-9.7081150985487363e-12,7.8672244500227473e-12,1.1234801339293146e-14,2.3084266203794872e-16,-4.5281451738453357e-16,6.0358082440190784e-16,-1.8399119987152507e-13,-3.2411332839957984e-08,nan,nan,nan,nan,nan,nan,nan,nan,nan,nan,nan,nan,nan,nan,-1.941989436144223e-07,1.8529760908991832e-07,1.7816794840858165e-20,2.6789430536237382e-08,6.1434406024851729e-07,-2.9904358417320864e-07,0,0.016357107066157985,0.037068053529419408,1.8921831626168009e-18,0.040103147178626487,0.014957391105505187,0.11905897994545225,5.1874501811035814e-06,-0.00038533475328854079,0.00052210300443943883,-1.2088393868952885e-19,0.00025757355254474058,0.00017362734384658557,-0.00053303134352586357,-3.1521838641993365e-10
12,3,support,0.0086842105263157891,0.0035000000000000001,0.0085526315789473673,0.0088157894736842109,0.0030000000000000001,0.0040000000000000001,1001194.0133829904,1.3316282686752796,12.971701884310278,3115.4955358280245,0.16882169858610094,1173,1173,4.0368740303998032e-05,0.23402271707271166,0.40000000000000002,2,300000,0.00033700000000000001,0.0001,0.081017066215934588,0.1527865865334605,1.0296876839696401e-17,0.17122474791023487,0.06585633381097758,0.54095603248205915,2.3120304834888935e-05,0.065507026771459781,0.070756945820543551,4.1742614133383546e-18,0.050468685612209914,0.42374440941945662,0.38951542524987726,7.5071264528800201e-06,nan,nan,nan,nan,nan,nan,nan,nan,nan,nan,nan,nan,nan,nan,0.27475576102547389,0.0015975812860612669,1.1473428911910796e-09,0.0020330744146573906,1.9496685699490123e-05,0.3837150135766218,7.5330022367341566e-05,7.7860101891943524e-07,2.6611529345464669e-10,3.4164921801118879e-12,3.2068052758968695e-10,7.7845403366115616e-11,6.041795628481429e-08,0.33780290215474212,0,0,0,0,0,0,0,nan,nan,nan,nan,nan,nan,nan,nan,nan,nan,nan,nan,nan,nan,5.4449677311489975e-08,7.2844514350996165e-11,-7.963821132868854e-09,-1.8595601734566995e-07,3.5081358391170214e-12,2.9099173273977944e-07,-4.6373300926093819e-11,1.6107495979383879e-11,1.365492941262493e-14,6.3977219948487475e-16,-1.5613930614053022e-15,2.0508711788347948e-15,-3.8908049349005675e-12,-1.5156378246913166e-07,-2.1206380303954303e-07,-9.8069876552919766e-08,1.1297827328207962e-21,2.7090028400599953e-08,6.5998316738091756e-07,-6.1171615162169957e-08,0,0.01809091280007211,0.034555148274813749,2.3056744597894725e-18,0.03856367284038572,0.014823417952467121,0.12149549056654592,5.1995677187013612e-06,-1.5685266566736342e-05,-4.4943396048557646e-06,-2.0255513175830723e-20,-7.5860150239771886e-05,7.0263961895106306e-05,-0.00010908709747338415,-5.2820936834864597e-09
12,4,support,0.0086842105263157891,0.0045000000000000005,0.0085526315789473673,0.0088157894736842109,0.0040000000000000001,0.0050000000000000001,1000878.7808389764,1.5865368316033124,15.459693300353434,2749.3041880280048,0.13729953036106721,1173.0000000000009,1173,4.1354525910308674e-05,0.20470141026809521,0.40000000000000002,2,300000,0.00033700000000000001,0.0001,0.079916292175942871,0.13201268217721285,2.470597347581791e-17,0.22490329749859009,0.041144741682311574,0.53089874648976354,2.3654284189130295e-05,0.077010619381756004,0.072862391225160472,1.1936582680880424e-17,0.079005112626198026,0.31551839649345487,0.45559432663190863,9.1536415219863276e-06,nan,nan,nan,nan,nan,nan,nan,nan,nan,nan,nan,nan,nan,nan,0.24799831737718991,0.0026253718487469738,1.4106629975923753e-09,0.0024870116384566841,3.2975953975064256e-05,0.3933449715863247,0.00010680461404053286,5.3388943084084598e-07,2.472689864495302e-10,4.1650338517743326e-12,3.8527651122225934e-10,1.0239710861075867e-10,8.817926947463091e-08,0.35340392276279536,0,0,0,0,0,0,0,nan,nan,nan,nan,nan,nan,nan,nan,nan,nan,nan,nan,nan,nan,7.0932590342505156e-08,1.6044785294261059e-10,-3.3288816350268819e-09,-5.2393147942362524e-08,-2.2768927585362086e-12,3.6591348725545716e-08,-1.8234830495841276e-10,1.2467086824702323e-12,-8.9468586294838655e-15,-1.4512681399957827e-16,9.061005147935253e-16,-1.3169639519642069e-15,2.5732056647921445e-11,-5.1804701362599247e-08,-3.2330697347700971e-07,1.1959147327988973e-07,-3.7093123566862627e-20,1.7042834073900193e-07,1.1149482320865767e-06,-4.4467135645875899e-07,0,0.017314794468027604,0.028961275917674639,5.1132126028339246e-18,0.049363843271727742,0.0089740966330314129,0.11573274948309475,5.167655510855994e-06,0,0,0,0,0,0,0
13,0,lumen,0.0089473684210526309,0.00050000000000000001,0.0088157894736842109,0.009078947368421051,0,0.001,1000143.5184652838,1.3410807080822211,13.077501769135219,3042.1544905370934,0.16974357658263223,1173,1173,4.0601687110935836e-05,0.23469747506909816,0.59999999999999998,2,500000,0.00035,0.0001,0.065461734668287266,0.17316454496027137,8.9453919554036633e-18,0.18204040092856341,0.067304062776880225,0.51671724004588826,2.2899305660266184e-05,0.053361338336669395,0.080848255732575661,3.6559590950184189e-18,0.054094245840563805,0.43659176589019788,0.3750968981872202,7.4960127730688142e-06,0.27095606824933327,0.0014514708874444259,9.0755222186287567e-10,0.001901125377237501,2.0219033089371345e-05,0.3972348146552433,6.9433786586159228e-05,9.2421812973993398e-07,2.9954876532518227e-10,2.9956897867803719e-12,2.587090547857441e-10,6.2707074475991842e-11,6.3564745664415319e-08,0.32836587869619754,nan,nan,nan,nan,nan,nan,nan,nan,nan,nan,nan,nan,nan,nan,0,0,0,0,0,0,0,2.1325837786094816e-08,5.6320174574175632e-10,-6.1763471695894923e-09,-8.1147234019625469e-08,-5.4296942376269586e-12,2.4971482271351694e-07,-2.6088022246722451e-10,2.3549628935283506e-10,3.0388200909246629e-13,3.4395465394284911e-15,-1.0123624307156703e-14,1.5449076857893873e-14,-1.5838804576936429e-11,-1.8423394138060669e-07,nan,nan,nan,nan,nan,nan,nan,nan,nan,nan,nan,nan,nan,nan,-1.5905963616971025e-07,-1.0415450291123562e-07,8.1412364638088248e-22,1.9461123103351666e-08,5.0468990778207434e-07,-1.0359542040871972e-07,0,0.014834046324175528,0.039577358756368093,1.9946979141374225e-18,0.041490323697624759,0.015303095823709536,0.11761873240064293,5.2158704056034843e-06,-8.1885945730497068e-05,0.00010212493747521024,1.3339539379181933e-20,4.4412797454418514e-05,4.0546840158646024e-05,-0.00011207188412085788,4.7286152066598101e-10
13,1,lumen,0.0089473684210526309,0.0015,0.0088157894736842109,0.009078947368421051,0.001,0.002,1000143.2729151668,1.3615604178227738,13.277212204414358,3001.5572554270852,0.1696040647489255,1173.0000000000002,1173,4.0576452477697257e-05,0.23462398830244435,0.59999999999999998,2,500000,0.00035,0.0001,0.066088494513353011,0.16831409997194957,8.5376444220626416e-18,0.17807053145486046,0.066083613984960571,0.51094358140567842,2.2545026588063299e-05,0.054694942711716134,0.079783720896914948,3.5426000599275042e-18,0.053722652945511699,0.43522131255601482,0.37656987814635884,7.4927434834513201e-06,0.27132057818045541,0.0014660262724925876,9.3294918973852622e-10,0.0019141643056476989,2.0152828310079153e-05,0.39588319879299666,7.0019920405303292e-05,9.0828169246012939e-07,2.9600234373280807e-10,3.0386933874863271e-12,2.6522961985226584e-10,6.4286756658302753e-11,6.3257290996233687e-08,0.32932488659918846,nan,nan,nan,nan,nan,nan,nan,nan,nan,nan,nan,nan,nan,nan,0,0,0,0,0,0,0,7.3927999123313922e-09,2.1720988340867846e-09,-1.8837128252252698e-09,-2.5230336823767834e-08,-2.4637467955536396e-11,1.1882129167303107e-09,-1.0658506967466817e-09,8.4670319063298582e-10,1.1183214039209771e-12,1.2793449386717027e-14,-3.7917041503464308e-14,5.7115238966087304e-14,-6.5179747725454061e-11,1.6668752350472636e-08,nan,nan,nan,nan,nan,nan,nan,nan,nan,nan,nan,nan,nan,nan,-1.6894018295150054e-07,1.4781634305460756e-07,4.3563151822685371e-21,2.1061303611830976e-08,5.30571236154187e-07,-1.6682455833416654e-07,0,0.015189838600407179,0.039012028862487759,2.0354865219461968e-18,0.041158583037651263,0.01523643154060768,0.11795051655411752,5.2077291222560239e-06,-0.00020097397352488241,0.00026388047952042589,-8.0208919496905403e-20,0.00012915383798542111,9.0751062285968103e-05,-0.00027736573407367561,4.6980703335606319e-10
13,2,lumen,0.0089473684210526309,0.0025000000000000001,0.0088157894736842109,0.009078947368421051,0.002,0.0030000000000000001,1000142.5577592397,1.3622764172159527,13.284203748164487,3012.3051538188988,0.16898800819052767,1173,1173,4.0508487539047693e-05,0.23455557241818698,0.59999999999999998,2,500000,0.00035,0.0001,0.070006443483077427,0.16243509234896461,1.0176600333709948e-17,0.17440310418329347,0.0655821730311692,0.51559323735442564,2.2523383599874614e-05,0.057967952310263825,0.077037517408624079,4.2248900648991075e-18,0.052643922158722725,0.43214630396499493,0.38019681466510813,7.4894922863279324e-06,0.27238342199726301,0.0015018240549802303,9.9616558348160552e-10,0.001947056222666279,1.9934211747867856e-05,0.3922863805390201,7.1475872249940911e-05,8.6899247973044839e-07,2.8693503563189191e-10,3.1468193222255269e-12,2.8151722515758134e-10,6.8231723358341013e-11,6.2350203227976345e-08,0.33178897412253705,nan,nan,nan,nan,nan,nan,nan,nan,nan,nan,nan,nan,nan,nan,0,0,0,0,0,0,0,-1.7018601659338927e-07,1.7808927535951305e-09,4.4457668543972229e-08,5.7604693092538874e-07,-2.6003830273964301e-11,-1.955280510404717e-06,-9.6519303233742847e-10,6.1407275206599998e-10,8.3024410305672382e-13,1.0128167057685434e-14,-3.1986078534435224e-14,4.7024985956861838e-14,-4.5843487336302191e-11,1.5036031471014457e-06,nan,nan,nan,nan,nan,nan,nan,nan,nan,nan,nan,nan,nan,nan,-2.2937039470625337e-07,2.1142839416454784e-06,-7.595039715908906e-21,2.5366214060445805e-08,6.6583225434568849e-07,-7.8645562562318361e-07,0,0.01604393435185723,0.037548598227050693,2.3936136097316313e-18,0.040198454380541974,0.015076340484643,0.1186722692463292,5.1877016870611246e-06,-0.00037785275140071246,0.00051564364291736755,1.2482339718748684e-20,0.00024907441638154823,0.00017090222054826407,-0.00053795480330655625,-4.8343492147231558e-10
13,3,support,0.0089473684210526309,0.0035000000000000001,0.0088157894736842109,0.009078947368421051,0.0030000000000000001,0.0040000000000000001,1001168.3992622884,1.3495140925100453,13.146268198928599,3067.5070476884316,0.16919593641835795,1172.9999999999991,1173,4.0378708309462182e-05,0.23445324683844701,0.40000000000000002,2,300000,0.00033700000000000001,0.0001,0.07826403200121719,0.15269333085043446,1.0024334783795884e-17,0.16926108990373337,0.065376152763143958,0.53076087018244589,2.276989617051091e-05,0.064132640716669687,0.071665386631472691,4.1184634534542663e-18,0.050561287089400914,0.42631569347143722,0.38731749924591502,7.4928451043627942e-06,nan,nan,nan,nan,nan,nan,nan,nan,nan,nan,nan,nan,nan,nan,0.27468200613161375,0.0015738146461755753,1.1195627687494145e-09,0.0020149290951301277,1.9452832582437502e-05,0.38493795470153436,7.4433223327966929e-05,7.9524401792725229e-07,2.6945276931397364e-10,3.3644569219668662e-12,3.1354660466322307e-10,7.6018383030778709e-11,6.0463696178581571e-08,0.33669655187997866,0,0,0,0,0,0,0,nan,nan,nan,nan,nan,nan,nan,nan,nan,nan,nan,nan,nan,nan,1.3352407418120932e-08,1.2250468568238311e-09,-3.7550218178231811e-09,-4.524094922269747e-08,-1.5979628969868542e-11,1.0784762997538208e-07,-6.0866413688361594e-10,5.4158118159390589e-10,8.5475205965461678e-13,7.3530350706441516e-15,-2.2819223875989234e-14,3.4924491902194012e-14,3.6981914166089354e-11,-7.3383906840269198e-08,-2.0943992214139673e-07,7.9543639175394532e-08,1.8828176968586841e-22,2.5240217022370007e-08,6.5853003894389417e-07,-1.9328999617540532e-07,0,0.017740297432991985,0.035088670685658109,2.2953979463417524e-18,0.038731369030198345,0.014946040018902809,0.12106875329454825,5.2011032721907824e-06,-1.563646322451431e-05,-4.9997651757136239e-06,-1.607965003109396e-20,-7.9095368713846456e-05,7.2365704252165945e-05,-0.00011222541322273332,-5.4684676010715073e-09
13,4,support,0.0089473684210526309,0.0045000000000000005,0.0088157894736842109,0.009078947368421051,0.0040000000000000001,0.0050000000000000001,1000857.4276525868,1.6025086765231664,15.615660924843441,2719.1803582900093,0.1376549630609297,1173,1173,4.1399897295251238e-05,0.20430468827004372,0.40000000000000002,2,300000,0.00033700000000000001,0.0001,0.077648689420389175,0.13274098981044025,2.1041490021054635e-17,0.22615593081961313,0.040703621148437723,0.52476703606818997,2.3521705408487665e-05,0.075580353128920752,0.074003509022061167,1.0268665964193575e-17,0.08024663891070985,0.31528469556909233,0.45487560920210612,9.1941671097121277e-06,nan,nan,nan,nan,nan,nan,nan,nan,nan,nan,nan,nan,nan,nan,0.24725658572752068,0.0026163243400344829,1.3808184415878154e-09,0.0024765517591108736,3.3376454057533651e-05,0.39502893438374931,0.00010639600626714375,5.4127052076113693e-07,2.5038515693833401e-10,4.0932932338284656e-12,3.7719994481755809e-10,1.0030178361863506e-10,8.9215904261581025e-08,0.35248119873002798,0,0,0,0,0,0,0,nan,nan,nan,nan,nan,nan,nan,nan,nan,nan,nan,nan,nan,nan,-4.9772640321770986e-09,4.2343793967088579e-09,2.6632498563744555e-09,4.011015059507652e-08,-6.0812239792429335e-11,-2.8033807804436414e-07,-2.8459150743104231e-09,1.1757002732482036e-09,1.7800659309548128e-12,1.4879061456082211e-14,-4.3287829148654354e-14,8.497111673208505e-14,1.2766158524992402e-10,2.3990909103715803e-07,-3.2150847647984676e-07,4.2881508943715119e-07,3.4486811202760106e-21,1.6912382891398437e-07,1.129785906883729e-06,-5.2835876296342121e-07,0,0.016907367080586135,0.029291077654440074,4.6534002679493864e-18,0.049932817319212931,0.0089260752433531886,0.11501263751660279,5.1663771801837816e-06,0,0,0,0,0,0,0
14,0,lumen,0.0092105263157894728,0.00050000000000000001,0.009078947368421051,0.0093421052631578946,0,0.001,1000140.3561047508,1.3290234732576922,12.959967042317031,3063.8146236253656,0.17012957640305001,1173,1173,4.0609390280782339e-05,0.23508289059838638,0.59999999999999998,2,500000,0.00035,0.0001,0.064588595478609068,0.17651704452594263,8.2928002944337643e-18,0.18374034962492564,0.068267000512137868,0.51873387973588225,2.3060199491813357e-05,0.052176405205530157,0.081672798267169736,3.3587855023557266e-18,0.054108679485624415,0.43885817297378305,0.37317646323121179,7.4808366809300884e-06,0.27091666599426878,0.0014326624125558603,8.8497409284556833e-10,0.0018862239958247228,2.0160559752602532e-05,0.39820479060314345,6.8711592770123365e-05,9.4073770804934681e-07,3.0255896457209257e-10,2.9589941009296125e-12,2.5301569287695645e-10,6.1286469724695002e-11,6.3544991360604304e-08,0.32746977905419605,nan,nan,nan,nan,nan,nan,nan,nan,nan,nan,nan,nan,nan,nan,0,0,0,0,0,0,0,-1.0042690790784821e-08,7.3286422314387068e-11,-1.5764949494656663e-09,6.064783975655531e-09,-1.185230407742266e-12,8.8643936196116518e-08,-2.3856064358925208e-11,4.1092181090121582e-11,6.8088629283765212e-14,4.6218257476370567e-16,-1.6131424775377517e-15,2.8753750844724271e-15,-1.5730830812985968e-12,-8.3177368409712076e-08,nan,nan,nan,nan,nan,nan,nan,nan,nan,nan,nan,nan,nan,nan,-1.5851015240913452e-07,5.30196608283795e-08,5.4853837474306665e-21,1.8384646601541731e-08,5.036841920491586e-07,-1.8454165606751616e-07,0,0.014538644842924386,0.040046352674724138,1.898879112527029e-18,0.04157352519036675,0.015414498122312457,0.11725383016216115,5.215649021990519e-06,-8.0806835225036619e-05,0.00010117158472721258,-7.23432533185794e-20,4.4218924242674943e-05,3.9639654742596692e-05,-0.00011030819922181052,4.2114179585529973e-10
14,1,lumen,0.0092105263157894728,0.0015,0.009078947368421051,0.0093421052631578946,0.001,0.002,1000140.1161437149,1.3751524779457931,13.409797062969043,2966.0604802824391,0.16987913246479538,1173,1173,4.0584288216065153e-05,0.23501535340819624,0.59999999999999998,2,500000,0.00035,0.0001,0.06399398843524054,0.16839651968073657,9.4789150100215072e-18,0.1763652580423318,0.065776286639861653,0.50327172576754919,2.2277989206523372e-05,0.053490394450324968,0.080619891289858983,3.9724459860466141e-18,0.053739515083411085,0.43752314255765207,0.37461957868848417,7.4779302685980757e-06,0.27127754493261069,0.0014467124422492218,9.0985162196491843e-10,0.0018989297794497033,2.0095759268090928e-05,0.39688058996284437,6.9279832237003554e-05,9.248634238416363e-07,2.9905668667072742e-10,3.0005399818874544e-12,2.5939449048452757e-10,6.2826329145520326e-11,6.3244549947422008e-08,0.32840585764899977,nan,nan,nan,nan,nan,nan,nan,nan,nan,nan,nan,nan,nan,nan,0,0,0,0,0,0,0,-3.8770090002142799e-08,2.2232606936231361e-10,9.7748628125586357e-09,1.2870429994706559e-07,-6.0254586693384016e-12,-4.3242383848392067e-07,-8.5292207062467398e-11,1.1394857843752271e-10,1.7791371378358248e-13,1.3962200514863114e-15,-4.422166212050276e-15,7.317946963568243e-15,-2.6554810983410628e-12,3.324722821494411e-07,nan,nan,nan,nan,nan,nan,nan,nan,nan,nan,nan,nan,nan,nan,-1.7528662582706744e-07,5.7766583760887613e-07,-6.4275062985526514e-21,2.016431406577483e-08,5.361429316619315e-07,-3.1439477710115682e-07,0,0.014895946032291919,0.039473129661713575,2.1680940802653378e-18,0.041238284133060014,0.015349230248063367,0.11758747367256699,5.2076496040805866e-06,-0.00019841828351774746,0.00026287957520897934,-6.8478847030747704e-20,0.00012758865819162863,8.8919570345272496e-05,-0.00027395559747471791,4.3711134474461527e-10
14,2,lumen,0.0092105263157894728,0.0025000000000000001,0.009078947368421051,0.0093421052631578946,0.002,0.0030000000000000001,1000139.4170034428,1.3457090994250362,13.122689180434994,3043.246779844651,0.16933728754492455,1173,1173,4.0516759802055002e-05,0.23495889838389952,0.59999999999999998,2,500000,0.00035,0.0001,0.069338827510625964,0.16624919851370321,1.110407058652461e-17,0.1766567570086777,0.066754131248915355,0.5191857591633634,2.2756211569945496e-05,0.056717065483870822,0.077887774316021521,4.553886709937276e-18,0.052675855253436994,0.43452069240549557,0.37819113763025242,7.4749109225685461e-06,0.27233565474087218,0.0014814203535750414,9.7183686439255684e-10,0.0019311469590401081,1.9880306653737901e-05,0.39333638186134723,7.0698084479780315e-05,8.8549818918970566e-07,2.9004897246984029e-10,3.1049422041959705e-12,2.7534103773465002e-10,6.6674993408558613e-11,6.2351956084440265e-08,0.33082386823675658,nan,nan,nan,nan,nan,nan,nan,nan,nan,nan,nan,nan,nan,nan,0,0,0,0,0,0,0,-6.4114820134838392e-08,2.9256320096186754e-10,1.6770278605044813e-08,1.9775312222030168e-07,-6.4966495724738671e-12,-6.7060310394908423e-07,-1.7483072976406064e-10,8.1796091384520042e-11,1.2308702270184299e-13,1.4392769901913309e-15,-5.4890017263861575e-15,8.1992185979438256e-15,-1.2118779031713076e-11,5.2001348288513279e-07,nan,nan,nan,nan,nan,nan,nan,nan,nan,nan,nan,nan,nan,nan,-1.9597842097589246e-07,8.2538538925813754e-07,-1.6404934663637988e-20,2.4362549100717005e-08,5.9415511564908652e-07,-4.0134113049594689e-07,0,0.015740192859239902,0.03801575578618744,2.4134370669100124e-18,0.040291528651959452,0.015190948287226336,0.11829633438488689,5.1880041570721789e-06,-0.00036816811934422584,0.00050290310807995522,4.8922523665571259e-20,0.00023687050771901847,0.00016836039321695983,-0.00052065854115035165,-6.646125276045401e-10
14,3,support,0.0092105263157894728,0.0035000000000000001,0.009078947368421051,0.0093421052631578946,0.0030000000000000001,0.0040000000000000001,1001142.7217840168,1.334521858793305,13.000555045282596,3095.1715695993075,0.16956258339715541,1173,1173,4.0391302547366683e-05,0.23484292181542865,0.40000000000000002,2,300000,0.00033700000000000001,0.0001,0.07739772008801428,0.15651488524235119,1.0183653276040758e-17,0.17160913416216836,0.066493095559936016,0.53369270933180546,2.2984133254063388e-05,0.062719773133678505,0.072644783327357201,4.1375443770623261e-18,0.050694494193200386,0.42879322864989283,0.38514024118424317,7.479511627973999e-06,nan,nan,nan,nan,nan,nan,nan,nan,nan,nan,nan,nan,nan,nan,0.27454491169183382,0.0015506711169784063,1.0911720635919999e-09,0.0019967831917333729,1.9428261121990073e-05,0.38625455936113723,7.3550497284533836e-05,8.1259740493063252e-07,2.7299186252022847e-10,3.3124083698116529e-12,3.062597300772559e-10,7.4170002757527199e-11,6.0561627934386602e-08,0.33555922097297108,0,0,0,0,0,0,0,nan,nan,nan,nan,nan,nan,nan,nan,nan,nan,nan,nan,nan,nan,6.9706943589538043e-09,7.859945374864911e-10,-2.9944734511863488e-09,-3.4757041742671111e-08,-8.9774054076036114e-12,1.3810927255498463e-07,-4.6530755000912201e-10,2.2407171257343705e-10,3.2630982057055642e-13,3.3900236049967151e-15,-1.1547292520199866e-14,1.7676735781891459e-14,-3.093494993198336e-11,-1.0783363382800854e-07,-2.0332357371886933e-07,4.3930933668612226e-08,-2.3004359220392972e-21,2.4093345748746431e-08,6.3986678953964482e-07,-1.9571104459270572e-07,0,0.017400554457797601,0.035606824242640549,2.2645633885901735e-18,0.038893305571581833,0.015064009956008451,0.12065748623269767,5.2026522622103708e-06,-1.5534600038425425e-05,-5.5465570939731677e-06,-1.6681196313215399e-20,-8.2284902110027101e-05,7.4395186074672823e-05,-0.0001133193223915549,-5.6490732830814748e-09
14,4,support,0.0092105263157894728,0.0045000000000000005,0.009078947368421051,0.0093421052631578946,0.0040000000000000001,0.0050000000000000001,1000836.1483588958,1.6099641414282158,15.688644330253705,2703.8552432096171,0.13603655003947177,1173,1173,4.1448588303122777e-05,0.20385945180309029,0.40000000000000002,2,300000,0.00033700000000000001,0.0001,0.07576128037580597,0.13433350501732216,2.1427891095115403e-17,0.22890934188678758,0.040471456880970397,0.52144295533527107,2.3513159933848551e-05,0.074087875199192771,0.075241363150771831,1.0506111698814805e-17,0.081603245898208485,0.31495153399441644,0.45410674797510053,9.2337823099504791e-06,nan,nan,nan,nan,nan,nan,nan,nan,nan,nan,nan,nan,nan,nan,0.24644265133212795,0.0026074662999700285,1.3497949815220167e-09,0.0024655040811382687,3.3819258353321425e-05,0.39683350744109025,0.00010597859886948091,5.4913895082641617e-07,2.5373000649336203e-10,4.0191786806942268e-12,3.6880118425168616e-10,9.8131090308058084e-11,9.0350500318588374e-08,0.35151043142442268,0,0,0,0,0,0,0,nan,nan,nan,nan,nan,nan,nan,nan,nan,nan,nan,nan,nan,nan,-8.8578834426140901e-09,7.6098290966400061e-10,3.779746218189695e-09,6.4374005033935154e-08,-1.3357023061384699e-11,-2.4519079852179312e-07,-4.7930243349692182e-10,2.4280019986742951e-10,3.5660051367382362e-13,2.585452026887841e-15,-7.0514783536035603e-15,1.4054511603954285e-14,2.4575512813379596e-11,1.8535886528396877e-07,-3.1458642473988774e-07,3.8749087544198701e-07,-2.6572310312638888e-21,1.6825221685261408e-07,1.1053784637199415e-06,-5.4348298961226504e-07,0,0.016510085141094991,0.029605004856035046,4.6810697805793181e-18,0.050498133769710428,0.0088749420319375206,0.11430482386930639,5.1650562341393862e-06,0,0,0,0,0,0,0
15,0,lumen,0.0094736842105263147,0.00050000000000000001,0.0093421052631578946,0.0097368421052631566,0,0.001,1000137.186934613,1.3075469979389991,12.750579682901781,3108.486561902529,0.17042228206570684,1173,1173,4.061435449630836e-05,0.23547772533159961,0.59999999999999998,2,500000,0.00035,0.0001,0.064292250453116817,0.18100268317644613,8.8026407289019145e-18,0.18666262725275312,0.069736234289591595,0.52468329369954991,2.3391103079950425e-05,0.051097890818147737,0.082395185100332113,3.5076808561103968e-18,0.054081135736009055,0.44106022425344504,0.37135809850699247,7.4655850736389785e-06,0.27092584015715354,0.0014150697751487105,8.645428982633923e-10,0.0018724022716464436,2.008912993244863e-05,0.39903462833200526,6.8037775167479101e-05,9.5612065507442615e-07,3.0524451939038939e-10,2.926405049577754e-12,2.4788500930235392e-10,6.0004887060473607e-11,6.3478236878812303e-08,0.32666291147944004,nan,nan,nan,nan,nan,nan,nan,nan,nan,nan,nan,nan,nan,nan,0,0,0,0,0,0,0,3.6432898768539383e-10,3.6285304305818426e-12,-5.4189404459965141e-11,-3.9331174925015902e-10,3.5176614225640446e-14,9.443340864053601e-10,-2.9102875452714728e-12,3.0035132367323136e-13,1.328852071243793e-16,1.7236562330044343e-17,-8.3106234188361299e-17,1.1070262074333606e-16,-1.6208613953301806e-13,-8.6205395614386989e-10,nan,nan,nan,nan,nan,nan,nan,nan,nan,nan,nan,nan,nan,nan,-1.5538846945013091e-07,1.375360088595734e-07,8.48296179403112e-22,1.6962142215154523e-08,4.8310978133236926e-07,-1.7201178020842534e-07,0,0.014112940451540941,0.04072705643873796,1.9437079367620277e-18,0.041684377511625285,0.015574790256012378,0.11673133086485762,5.2153093723011028e-06,-8.421516649800533e-05,0.00010748921428517752,-1.4910437024715762e-20,4.6199610931610181e-05,4.0546331189594407e-05,-0.00011475303422045938,4.3004792847617761e-10
15,1,lumen,0.0094736842105263147,0.0015,0.0093421052631578946,0.0097368421052631566,0.001,0.002,1000136.952666886,1.3983915135373544,13.636455611805042,2911.6736035363915,0.17027757291073597,1173,1173,4.0587795714598476e-05,0.23541766311430418,0.59999999999999998,2,500000,0.00035,0.0001,0.061724205018787441,0.16694990507512161,8.5270385815788871e-18,0.17329420598185466,0.06500471076376603,0.49257335874924946,2.1862849188877401e-05,0.052465211114669882,0.081278292393857948,3.6339328432354998e-18,0.053696260938775275,0.43969933178984177,0.37285344114026425,7.4626225910316526e-06,0.27131669796928765,0.0014294266760400871,8.9033193519054685e-10,0.0018855647541350018,2.0017799260175969e-05,0.3976386262922425,6.8621955228789262e-05,9.3928712426468492e-07,3.0154116706819565e-10,2.9687810883901267e-12,2.5448901644933828e-10,6.1592957614478496e-11,6.3155352479601998e-08,0.32764004060040569,nan,nan,nan,nan,nan,nan,nan,nan,nan,nan,nan,nan,nan,nan,0,0,0,0,0,0,0,1.0962201723024683e-09,2.7606930287911515e-11,-1.1313594263855105e-10,-1.98430342878488e-09,1.5913225598351843e-13,1.4427259942273452e-09,-2.3257348929070109e-11,1.7637905025402745e-12,4.5696584581475918e-16,8.1057015683833073e-17,-3.3565930202553975e-16,4.3796785914847739e-16,-7.4468215332143272e-13,-4.4703499251025664e-10,nan,nan,nan,nan,nan,nan,nan,nan,nan,nan,nan,nan,nan,nan,-1.6091177083323027e-07,1.4125898956107719e-07,-7.3895828640193808e-22,1.8322012299340293e-08,5.0086262343151944e-07,-1.7736461566109085e-07,0,0.014466388802744945,0.04015377917051758,1.9957798477283284e-18,0.041343896239308536,0.015513582311902184,0.11706316270650019,5.2075907103254261e-06,-0.00019472072635968053,0.00025945405511850183,-1.0842753189059707e-20,0.00012483450318161193,8.7065075112397199e-05,-0.00027265179863340789,3.2676750711883038e-10
15,2,lumen,0.0094736842105263147,0.0025000000000000001,0.0093421052631578946,0.0097368421052631566,0.002,0.0030000000000000001,1000136.2694631206,1.362536965884801,13.286828021465347,3000.1759935788045,0.16966462613270392,1173,1173,4.0521523526179487e-05,0.23536649151826838,0.59999999999999998,2,500000,0.00035,0.0001,0.067162019560032385,0.16568445319739686,8.9727285749577874e-18,0.1744253664000015,0.066271171368074699,0.51026361204226522,2.2431370684058971e-05,0.055623649159661032,0.078594103372521831,3.7258297849475577e-18,0.052661043103408404,0.43677264719675934,0.37634109679807337,7.4603695760908904e-06,0.27235309110979117,0.0014628864364307603,9.5070435467893594e-10,0.0019168610425654509,1.9809596049168612e-05,0.39418472396995269,6.9994128552242264e-05,9.0029237692003603e-07,2.9269648941028005e-10,3.0691345708622423e-12,2.699995193187773e-10,6.5325040215560878e-11,6.2290642827827107e-08,0.32999166955184384,nan,nan,nan,nan,nan,nan,nan,nan,nan,nan,nan,nan,nan,nan,0,0,0,0,0,0,0,-2.7214899591452138e-10,5.0687270162698836e-11,3.1685033642287901e-11,6.550566417517989e-10,2.765561217532575e-13,-3.0336798806547549e-10,-4.3552988878056421e-11,2.7728043385660817e-12,5.383249107417978e-16,1.3329023660568555e-16,-5.5649392364244195e-16,7.1748510852975481e-16,-1.0576796357254772e-12,-1.2035158996469232e-10,nan,nan,nan,nan,nan,nan,nan,nan,nan,nan,nan,nan,nan,nan,-1.7429529990814485e-07,1.5206932024725006e-07,-2.1374206052541533e-22,2.2495670080519758e-08,5.4544847440107791e-07,-1.9741792173233463e-07,0,0.015297526135064706,0.038702601968927559,2.042646734382125e-18,0.040418630775324711,0.015356592369956436,0.1177535314031538,5.1885184793035742e-06,-0.00036004347537783155,0.00049400929851910126,-2.5313796528691284e-20,0.00022732684135351482,0.00016631199015205853,-0.00051206162746959296,-8.6819794533498313e-10
15,3,support,0.0094736842105263147,0.0035000000000000001,0.0093421052631578946,0.0097368421052631566,0.0030000000000000001,0.0040000000000000001,1001116.9837025029,1.313099452195408,12.792192560078277,3139.4408257187465,0.16990746492307857,1173,1173,4.0399645357718163e-05,0.23524095693180336,0.40000000000000002,2,300000,0.00033700000000000001,0.0001,0.077110486352824539,0.16082731570285549,9.8575570960665505e-18,0.17463905225821477,0.067945003375118995,0.53959774426822693,2.3317458834520804e-05,0.061485519530425706,0.073449981841893205,3.9408640710309821e-18,0.050762716376119808,0.43113371362583863,0.38316060225717641,7.4663685462550309e-06,nan,nan,nan,nan,nan,nan,nan,nan,nan,nan,nan,nan,nan,nan,0.27449680723624981,0.001529908646686056,1.0665907026360217e-09,0.0019807476745882027,1.9380199352686439e-05,0.38730664166363821,7.276253304531235e-05,8.279379785974123e-07,2.7596241201802883e-10,3.2677708392731428e-12,2.9997366662087255e-10,7.2571368968352209e-11,6.0575429665313959e-08,0.33459286181466547,0,0,0,0,0,0,0,nan,nan,nan,nan,nan,nan,nan,nan,nan,nan,nan,nan,nan,nan,3.2816039885858925e-10,5.9008165342086416e-11,6.7314064709410274e-11,3.3363779948461013e-09,2.6538677939252908e-13,8.8955372061494398e-10,-4.9461189325317247e-11,3.7029420328626994e-12,1.0599368248218644e-15,1.2471306691810568e-16,-4.3940493225989155e-16,5.8997314422886463e-16,-1.7548056719283454e-12,-4.6331680438398427e-09,-2.0045999296960937e-07,1.7755684916798131e-07,1.8469878527397325e-22,2.1944061164454634e-08,6.2298797949555951e-07,-2.256774724318511e-07,0,0.016904958102402948,0.036368662584383926,2.1600530159699213e-18,0.03912323558074101,0.015234498060966398,0.12006243295679975,5.2049960935329246e-06,-1.5494249149666448e-05,-6.0005601831963192e-06,-1.6957321797504655e-20,-8.5606974390513527e-05,7.6635491370455e-05,-0.00011668789267771173,-5.8470095944034547e-09
15,4,support,0.0094736842105263147,0.0045000000000000005,0.0093421052631578946,0.0097368421052631566,0.0040000000000000001,0.0050000000000000001,1000814.9447917874,1.6223290219381998,15.809471524025151,2681.0906932739304,0.1363796057792038,1173,1173,4.1491611763777169e-05,0.20343989524429656,0.40000000000000002,2,300000,0.00033700000000000001,0.0001,0.073871906101816154,0.13509857722766966,2.1043662623203556e-17,0.23054728193866547,0.040104910156096622,0.51690152316111726,2.3443001038621831e-05,0.0727965963935749,0.076252663677870633,1.039718685551375e-17,0.082820120628751617,0.31450269597539515,0.45361864619155762,9.2771328500071058e-06,nan,nan,nan,nan,nan,nan,nan,nan,nan,nan,nan,nan,nan,nan,0.2457394027185181,0.0026028241001892832,1.3234151798034999e-09,0.0024575525485833871,3.4212246231813277e-05,0.39829848812981372,0.00010571337280180331,5.5512092305443497e-07,2.5640094777125744e-10,3.9563176857849566e-12,3.6166582036947976e-10,9.6301173007796699e-11,9.1333836339793596e-08,0.35076115838737176,0,0,0,0,0,0,0,nan,nan,nan,nan,nan,nan,nan,nan,nan,nan,nan,nan,nan,nan,1.3911851895771088e-09,1.5304817424854611e-10,-8.18763022627813e-11,-2.8925495769770094e-09,6.0192270005116066e-13,1.9182436873741576e-09,-1.3698424083598093e-10,4.4542258336582874e-12,2.0631903537059812e-15,1.8427027395259238e-16,-7.5371877369652112e-16,9.8525709176034419e-16,-3.7732356700914825e-12,-3.5235242551816307e-10,-3.0407024427178686e-07,1.3630973366707266e-07,1.7306835847865505e-22,1.6592285782968209e-07,1.0777624427082966e-06,-4.6719086677082799e-07,0,0.015926802767799154,0.030061419306335449,4.6177464050066788e-18,0.051332829662102869,0.0087944842298000852,0.11326102874600086,5.1630041370564501e-06,0,0,0,0,0,0,0
16,0,lumen,0.0099999999999999985,0.00050000000000000001,0.0097368421052631566,0.010526315789473682,0,0.001,1000130.8285317161,1.3331541325208638,13.000370994073368,3037.1555127022175,0.17112333287915463,1173,1173,4.0629590900192817e-05,0.23622505775620639,0.59999999999999998,2,500000,0.00035,0.0001,0.060186275745238063,0.18106361270380403,8.3786159695649198e-18,0.18311873955894745,0.069081072041098202,0.50941299555885955,2.2851694934186793e-05,0.048771670724907713,0.084037634369034914,3.4041226333274478e-18,0.054093743330532761,0.44547597480286993,0.36761354046446976,7.43630818492654e-06,0.27083387048373619,0.0013795632447436686,8.2080399751744666e-10,0.0018436811967554984,1.9975402662118707e-05,0.40092456794761494,6.6661577184338441e-05,9.8968085203274441e-07,3.11221530122678e-10,2.8585714916106471e-12,2.3690772010149551e-10,5.72929093844741e-11,6.3433673461072898e-08,0.32493062560369262,nan,nan,nan,nan,nan,nan,nan,nan,nan,nan,nan,nan,nan,nan,0,0,0,0,0,0,0,1.6266700872167486e-10,6.9086250733571844e-12,-6.0070749880873182e-12,1.4434908371764607e-10,7.8860529217905651e-15,3.9754964099338042e-10,-5.3033012722851453e-12,6.9237519363662958e-13,5.6709706361970387e-16,3.0788821935190253e-17,-1.2729401145064087e-16,1.6686852609698895e-16,-4.2085372054620543e-13,-7.004439252248181e-10,nan,nan,nan,nan,nan,nan,nan,nan,nan,nan,nan,nan,nan,nan,-1.4567371927048239e-07,1.2980618990798831e-07,8.8150188989308427e-23,1.5475706760562177e-08,4.5243691398910713e-07,-1.6130028207550495e-07,0,0.013318273193118362,0.041999251676046581,1.8660673814007765e-18,0.041878813243584549,0.015876273878398035,0.11575666808844147,5.2145688091250219e-06,-8.0996014521098538e-05,0.00010603116890647397,-6.4772266188005256e-21,4.7125138189018273e-05,3.7128252240589406e-05,-0.00010852540863986925,4.6902662491427921e-10
16,1,lumen,0.0099999999999999985,0.0015,0.0097368421052631566,0.010526315789473682,0.001,0.002,1000130.604795945,1.3382559254237387,13.050124500334514,3030.6515507778372,0.17092401087182024,1173,1173,4.0602879514341567e-05,0.23619140198738769,0.59999999999999998,2,500000,0.00035,0.0001,0.061569865806486476,0.17800977943990023,8.4806715793483236e-18,0.1810988133430414,0.068626362904055535,0.50943054654763431,2.2754717392372015e-05,0.050083800675904594,0.08293644355472278,3.4587730469699401e-18,0.05370178965642327,0.44423739082493191,0.36903314219928307,7.4330887344275831e-06,0.2712318103428995,0.001392728394366982,8.453005647192518e-10,0.0018561019721396496,1.9901696074153671e-05,0.39956984153540515,6.7204106686396888e-05,9.7303588727631347e-07,3.0759465107040796e-10,2.8975488318671953e-12,2.4316578899265574e-10,5.8785611552082769e-11,6.311189282744917e-08,0.32586137434690443,nan,nan,nan,nan,nan,nan,nan,nan,nan,nan,nan,nan,nan,nan,0,0,0,0,0,0,0,1.3870873977040237e-10,2.0087030030326357e-11,-4.9242567920583125e-12,4.6604816733129363e-11,5.2628799755705113e-14,2.7195170117580436e-10,-1.6076937912941503e-11,1.7039284479908323e-12,9.885083337916815e-16,7.0625762280433681e-17,-2.7284906385852365e-16,3.5656840416181289e-16,-9.2071319473747033e-13,-4.5718825961723505e-10,nan,nan,nan,nan,nan,nan,nan,nan,nan,nan,nan,nan,nan,nan,-1.5088590526925877e-07,1.335109405808943e-07,-1.0136590940383579e-22,1.7107100151972257e-08,4.697201706344023e-07,-1.6804597241515395e-07,0,0.013669001200507368,0.041418089067712729,1.8915721056330649e-18,0.041539164248302007,0.01581778492489079,0.11608573315253948,5.2076287453939486e-06,-0.00019075868193838729,0.00025715439689868151,-1.1865435975711651e-20,0.00012038339777961562,8.472596545862525e-05,-0.00026064998581623334,1.9838776929888393e-10
16,2,lumen,0.0099999999999999985,0.0025000000000000001,0.0097368421052631566,0.010526315789473682,0.002,0.0030000000000000001,1000129.9536630943,1.3386836202288965,13.054303704143118,3041.5336980739912,0.17036541966296104,1173,1173,4.0537469025420548e-05,0.23615368880625656,0.59999999999999998,2,500000,0.00035,0.0001,0.065349100066653829,0.1722263564635752,8.7235558193970213e-18,0.17766749301576265,0.068166741369432904,0.513976311710578,2.2743262036046109e-05,0.053175029549494386,0.080267588830186462,3.5589707808754852e-18,0.052701161402928763,0.44140344462219938,0.37244534386928763,7.4317259034156272e-06,0.27225711346442122,0.0014245255735430874,9.0375240823001267e-10,0.0018863707521099553,1.9700820235722636e-05,0.39620122142628661,6.851882622514811e-05,9.3364675549560579e-07,2.9882156467322437e-10,2.9916747081806638e-12,2.5813512818012781e-10,6.2363708894327748e-11,6.2275747725402805e-08,0.32814155168861064,nan,nan,nan,nan,nan,nan,nan,nan,nan,nan,nan,nan,nan,nan,0,0,0,0,0,0,0,3.1618914199529686e-11,3.2888529014805085e-11,3.5326691091115811e-13,6.7288771059262453e-12,1.0971475464249814e-13,1.0265874088311033e-11,-2.6946610767906545e-11,2.4501397005022296e-12,1.1734718710985276e-15,9.924126353237574e-17,-3.7436301314523052e-16,4.8814562759989449e-16,-1.2579814508169962e-12,-5.6212062932954918e-11,nan,nan,nan,nan,nan,nan,nan,nan,nan,nan,nan,nan,nan,nan,-1.6350139519887008e-07,1.4260698755208523e-07,9.3515049035101426e-23,2.0882485184990699e-08,5.1138624655722165e-07,-1.8439259930058682e-07,0,0.014466261311629123,0.039994496644237383,1.9417836282411826e-18,0.040662648663310846,0.015664661195550499,0.11674194341755327,5.1897896142213023e-06,-0.00034250351510889919,0.00047202769388603888,-2.3902668361183227e-20,0.00020550960176346112,0.00016079001032798482,-0.00048978052532791896,-1.208942861161754e-09
16,3,support,0.0099999999999999985,0.0035000000000000001,0.0097368421052631566,0.010526315789473682,0.0030000000000000001,0.0040000000000000001,1001065.3268474583,1.3362954593683352,13.018839429923077,3071.6547029628064,0.17061984926159079,1173,1173,4.0423453905533855e-05,0.23601091021855691,0.40000000000000002,2,300000,0.00033700000000000001,0.0001,0.072377009321968874,0.1621524613369571,9.2445231646538692e-18,0.17237415506678647,0.067514425992518431,0.52431880275720466,2.2830754410476045e-05,0.058733694619507476,0.075367256598095483,3.7612651630362224e-18,0.050992102676342438,0.43599180119048736,0.37890770486736364,7.4400482036043982e-06,nan,nan,nan,nan,nan,nan,nan,nan,nan,nan,nan,nan,nan,nan,0.27424551812659576,0.0014863909464873984,1.0122096672972859e-09,0.0019459861220336605,1.9319551841787594e-05,0.38980318159396282,7.1088148448249306e-05,8.6308334986571648e-07,2.828920596913962e-10,3.1721241155805022e-12,2.8608576534401604e-10,6.9081281627054698e-11,6.0723257573914201e-08,0.33242759005058237,0,0,0,0,0,0,0,nan,nan,nan,nan,nan,nan,nan,nan,nan,nan,nan,nan,nan,nan,7.3223869499590362e-10,4.1583859389059333e-11,2.5047507600799343e-11,1.7947208477479959e-09,9.663683698743486e-14,1.3361594467572319e-09,-3.2896718965365725e-11,3.6172813876189647e-12,2.1319398179733537e-15,1.0649396968539986e-16,-3.3802500724797571e-16,4.5916863828084191e-16,-2.0820656691516894e-12,-3.89848786602458e-09,-1.8755793948152522e-07,1.668322232584174e-07,3.3537659555544163e-22,1.9362875048789822e-08,5.8161600417772075e-07,-2.0869357209019057e-07,0,0.015974289677508639,0.03781040314177931,2.0543355652064466e-18,0.039547966131366824,0.015548029657113516,0.11895944113174696,5.2097914754476783e-06,-1.5260803449451873e-05,-7.2538896077939445e-06,-1.751912413263988e-20,-9.2853137254641884e-05,8.1125082743015422e-05,-0.00012341668563585413,-6.2220338378743621e-09
16,4,support,0.0099999999999999985,0.0045000000000000005,0.0097368421052631566,0.010526315789473682,0.0040000000000000001,0.0050000000000000001,1000772.7652268168,1.6442925440022802,16.024179699596743,2640.0258878770073,0.13411949191475778,1173,1173,4.1588478013113706e-05,0.20253574518783632,0.40000000000000002,2,300000,0.00033700000000000001,0.0001,0.069906664579162683,0.13763518361814397,2.0766494515262204e-17,0.23495155726317002,0.039473289987081724,0.50829578875964765,2.3329774487214514e-05,0.06982465595062877,0.078739411470336779,1.0399588719396579e-17,0.085548546303827203,0.31375351790044165,0.45212451066516013,9.3577096053615232e-06,nan,nan,nan,nan,nan,nan,nan,nan,nan,nan,nan,nan,nan,nan,0.24413697311673757,0.0025866303155936488,1.2625876372403825e-09,0.0024363381931677293,3.5106902972417547e-05,0.40180222370089957,0.00010492822222589142,5.7066264460904285e-07,2.6302511074823858e-10,3.8112776159465455e-12,3.452187598819549e-10,9.2051882370632344e-11,9.3608108747346826e-08,0.34889713331095501,0,0,0,0,0,0,0,nan,nan,nan,nan,nan,nan,nan,nan,nan,nan,nan,nan,nan,nan,-1.4008853243444071e-09,8.7310649667004829e-11,1.9250787354274137e-10,3.3872403721961763e-09,-1.9773852694138228e-13,-7.5389333276543874e-09,-7.1924660892525371e-11,5.6628417233195449e-12,5.9175062259241301e-15,1.8103020489535806e-16,-7.1223059205110938e-16,1.0337190865582763e-15,-4.4994734282222881e-12,5.3437124581405622e-09,-2.8881888850407905e-07,1.3084589500778065e-07,-3.3016265983807698e-22,1.6531844695130368e-07,1.0319412659873239e-06,-4.5733709336248651e-07,0,0.01481941199007402,0.030874347489831644,4.5773541360007072e-18,0.052990815279212088,0.008616780610316151,0.11123757186732525,5.1586378152787243e-06,0,0,0,0,0,0,0
17,0,lumen,0.011052631578947368,0.00050000000000000001,0.010526315789473682,0.01131578947368421,0,0.001,1000118.0398436894,1.3288613478555893,12.958675225707509,3028.2677051492597,0.17220239392677655,1173,1173,4.0649745561566718e-05,0.23747806822821271,0.59999999999999998,2,500000,0.00035,0.0001,0.055834202894297795,0.18717702923640253,7.8954035733537006e-18,0.18343748148844177,0.070422016038498458,0.50271368257338744,2.277586828742232e-05,0.045099875446828107,0.086596441684659048,3.1975114283074299e-18,0.054014104997397124,0.4526666838206681,0.36161550618861754,7.3878618302927886e-06,0.27076048622400284,0.0013245007088354456,7.5274875085334064e-10,0.0017986386933659174,1.9761923810500404e-05,0.40377667119721267,6.4514949695223056e-05,1.0447553849153306e-06,3.2060670334326011e-10,2.758468604490913e-12,2.1993785302745701e-10,5.313296118160502e-11,6.325951067777952e-08,0.32225431693901646,nan,nan,nan,nan,nan,nan,nan,nan,nan,nan,nan,nan,nan,nan,0,0,0,0,0,0,0,4.2766023839621961e-11,8.5853541923483172e-12,1.2354249367777559e-11,3.4498575150761479e-10,1.3194740439148589e-14,1.9605944255249308e-11,-6.6183780832629208e-12,8.6640460431053334e-13,6.3754705814637331e-16,3.6390461365160579e-17,-1.3952803486323093e-16,1.8230714807987008e-16,-4.9236261662439486e-13,-4.2206693708645759e-10,nan,nan,nan,nan,nan,nan,nan,nan,nan,nan,nan,nan,nan,nan,-1.3079991137204469e-07,1.1777444497429457e-07,-6.8341085837902471e-23,1.2993118197635174e-08,4.0533858294833358e-07,-1.441262824086742e-07,0,0.012614208554970505,0.043134360558827856,1.7887486459674494e-18,0.042032195792270459,0.01614283410560137,0.11490183947563805,5.2141571289874087e-06,-7.8648734915326833e-05,0.00010595354818405472,-4.9308298136984027e-21,4.5811375155987106e-05,3.5478021278634807e-05,-0.00010616198231840738,2.6073297557976397e-10
17,1,lumen,0.011052631578947368,0.0015,0.010526315789473682,0.01131578947368421,0.001,0.002,1000117.8369376934,1.3285061158285525,12.955213733112675,3034.0155670246832,0.17206645409603946,1173,1173,4.0623347595203503e-05,0.23745694370364528,0.59999999999999998,2,500000,0.00035,0.0001,0.057419581919558496,0.18485711309989897,7.9996667355874815e-18,0.18219975649489692,0.070258683385835755,0.50476315977241715,2.277646742457885e-05,0.046368070574945616,0.085500300260456061,3.2388709404715165e-18,0.053635319764422595,0.45149616065009657,0.36299276266738639,7.3860826926332264e-06,0.27115740602221622,0.0013366741480963968,7.7605405296762033e-10,0.0018104777036807957,1.9691027970071231e-05,0.40246483956112244,6.5023670981162915e-05,1.0277982766300731e-06,3.1701243231413345e-10,2.793556625077642e-12,2.2586087476585922e-10,5.4530767922931642e-11,6.2951211417178752e-08,0.32314479574020266,nan,nan,nan,nan,nan,nan,nan,nan,nan,nan,nan,nan,nan,nan,0,0,0,0,0,0,0,6.8044397585911703e-11,1.4375556400514749e-11,2.8004583056049005e-12,1.5275138501800377e-10,3.0551299337600035e-14,1.1970966362281898e-10,-1.1260610024102956e-11,1.3650974881734834e-12,8.7978253612082048e-16,5.4576090657024997e-17,-2.0128973748990752e-16,2.6350732217717712e-16,-7.4189374711667934e-13,-3.4707547960063992e-10,nan,nan,nan,nan,nan,nan,nan,nan,nan,nan,nan,nan,nan,nan,-1.3562805814288509e-07,1.2095895979280513e-07,-7.4438687983320643e-23,1.4545933494957454e-08,4.2139472355984253e-07,-1.5032498090761237e-07,0,0.012957037702110579,0.042554440927433053,1.8117292928982392e-18,0.041702149116761587,0.016086001121610388,0.1152243172980819,5.2080339102561152e-06,-0.00017889799007465531,0.00024523022492718954,-1.2160927338021615e-20,0.00010812746841915105,8.1528897203343747e-05,-0.00024923831824703088,-2.5454183562135196e-10
17,2,lumen,0.011052631578947368,0.0025000000000000001,0.010526315789473682,0.01131578947368421,0.002,0.0030000000000000001,1000117.2493168961,1.3298635323285941,12.968458492326796,3042.1762942865139,0.17144909709066342,1173,1173,4.0562766781629411e-05,0.23741064782846422,0.59999999999999998,2,500000,0.00035,0.0001,0.060931003612579131,0.17919055446500509,8.2433874769854618e-18,0.17898033684412087,0.069767656349365076,0.50875014532427676,2.2758560348203349e-05,0.049253954450261581,0.082964129517902274,3.3409596953388485e-18,0.052741463548493489,0.44879908505637944,0.36623397960605653,7.3878209066530565e-06,0.272102262829024,0.0013655230905643687,8.2970814489244825e-10,0.0018385072325832815,1.9519132803973521e-05,0.39936318044552388,6.6228346918259721e-05,9.8897619104372628e-07,3.086806863644881e-10,2.8753203567824183e-12,2.3952034923380351e-10,5.7765236652027167e-11,6.2215438528452334e-08,0.32524372629241954,nan,nan,nan,nan,nan,nan,nan,nan,nan,nan,nan,nan,nan,nan,0,0,0,0,0,0,0,-1.6249619023733352e-11,2.063134972072812e-11,4.5668214702436579e-12,8.4148307433020417e-11,4.7974861930311086e-14,-9.2779391808184286e-11,-1.6291446163704805e-11,1.878936676386056e-12,1.1364515627914666e-15,6.9134446713109659e-17,-2.4212170153008779e-16,3.1919673307933741e-16,-1.0132406755038005e-12,1.5058981700332024e-11,nan,nan,nan,nan,nan,nan,nan,nan,nan,nan,nan,nan,nan,nan,-1.4693006217952886e-07,1.2897785212073742e-07,-1.6623701503451854e-22,1.8039507667129429e-08,4.5883426587345344e-07,-1.6505064687200033e-07,0,0.013721481799570738,0.041159872740866993,1.8649957000137816e-18,0.040879734210539628,0.015934058341596512,0.11584822200821698,5.1914636631290033e-06,-0.00031511312292776264,0.00043739269426011634,-2.2898639291985877e-20,0.00017365885474224241,0.00015532993828202491,-0.00046087310153218575,-1.935934660643372e-09
17,3,support,0.011052631578947368,0.0035000000000000001,0.010526315789473682,0.01131578947368421,0.0030000000000000001,0.0040000000000000001,1000961.3666499002,1.3258025214493969,12.917953655945006,3074.5843525626992,0.17177454277978099,1173,1173,4.0461551800183933e-05,0.23721598448183648,0.40000000000000002,2,300000,0.00033700000000000001,0.0001,0.067492104670530073,0.17007826349266325,8.7528259486495074e-18,0.17478513345894489,0.069233635633625223,0.51916356812654751,2.2888509097521577e-05,0.054345189819615843,0.078438526443478304,3.5336145997627105e-18,0.051304647998609669,0.44362941297011577,0.37227482169934989,7.4010688304245151e-06,nan,nan,nan,nan,nan,nan,nan,nan,nan,nan,nan,nan,nan,nan,0.27384006763563973,0.0014207962562344241,9.2706182725359822e-10,0.0018924919987091608,1.921764871926426e-05,0.39367431054588164,6.854001970672138e-05,9.2079687160878642e-07,2.9395428601395584e-10,3.0288399829854629e-12,2.6444501515524916e-10,6.3703987495305351e-11,6.0926228175517236e-08,0.32908359261982029,0,0,0,0,0,0,0,nan,nan,nan,nan,nan,nan,nan,nan,nan,nan,nan,nan,nan,nan,8.7025474950977351e-10,2.6620770298347839e-11,1.7832101449195594e-12,1.0984153012665618e-09,2.396710217442144e-14,1.9647993106629291e-09,-1.9977946500735602e-11,2.9511913746116392e-12,2.2450912867963997e-15,8.1224141406755349e-17,-2.426801750280442e-16,3.3358954140492109e-16,-1.7137184067105681e-12,-3.9431591604528874e-09,-1.6795386332223161e-07,1.4942355475167091e-07,-2.568061536656853e-22,1.6562462201135141e-08,5.1999642157463111e-07,-1.8561495934710237e-07,0,0.015136007701014118,0.039119171345611367,1.9697168778938153e-18,0.039934379083217411,0.015821332472976273,0.11798110137982486,5.2147701975607924e-06,-1.46322149460704e-05,-9.2595559862640647e-06,-1.8546522201495409e-20,-0.00010664092249346642,8.9041250779340846e-05,-0.00013402636211020695,-6.9706618918352292e-09
17,4,support,0.011052631578947368,0.0045000000000000005,0.010526315789473682,0.01131578947368421,0.0040000000000000001,0.0050000000000000001,1000689.3702942432,1.6384736739564663,15.968803557670464,2642.880201979317,0.13240772523403296,1173,1173,4.1764337804497701e-05,0.20054807476709208,0.40000000000000002,2,300000,0.00033700000000000001,0.0001,0.065243708538610223,0.14510963775061392,2.1104135957230429e-17,0.25026755653547866,0.039212446723087366,0.50868430185941349,2.386809146167496e-05,0.064941966279808874,0.082728571923037342,1.0532152051858941e-17,0.090810367133387387,0.31060310453204415,0.45090644958444176,9.5405472803003528e-06,nan,nan,nan,nan,nan,nan,nan,nan,nan,nan,nan,nan,nan,nan,0.24114255250582589,0.0025870029105227546,1.1657141051333391e-09,0.0024120137521061783,3.6888299688642754e-05,0.40734077172932703,0.00010441073978169148,5.9078674964099263e-07,2.7293839876857405e-10,3.5831606436129469e-12,3.1901330824031995e-10,8.5432911517693871e-11,9.7857666533998205e-08,0.34637566957165039,0,0,0,0,0,0,0,nan,nan,nan,nan,nan,nan,nan,nan,nan,nan,nan,nan,nan,nan,3.0161854680006058e-10,6.5054199891636062e-11,-3.3146552029329404e-11,-1.0643351290866033e-09,5.8931700665232345e-14,8.9944331128043176e-10,-5.564168480382335e-11,2.9981219330094122e-12,2.456063940462861e-15,1.0318821186989019e-16,-3.9362067415905628e-16,5.4795397844275133e-16,-2.8540253545409702e-12,-1.1319857601028176e-10,-2.6528601322368256e-07,1.0281552859092713e-07,2.199972492179663e-22,1.6160398208363573e-07,9.5744351782250936e-07,-4.2586242582354217e-07,0,0.013801021797670244,0.031555890092236361,4.5588485793275046e-18,0.05460040504252462,0.0084202722531766874,0.10932196250450302,5.1537461351036163e-06,0,0,0,0,0,0,0
18,0,lumen,0.011578947368421053,0.00050000000000000001,0.01131578947368421,0.011842105263157895,0,0.001,1000111.6127293665,1.3491455869134776,13.156565863562465,2974.0923934187513,0.17275614537100667,1173,1173,4.0659592485087005e-05,0.23805683717972617,0.59999999999999998,2,500000,0.00035,0.0001,0.052886739043083934,0.18695710456675102,7.5391724007705174e-18,0.18055501610579938,0.069875794759738694,0.49131593985627048,2.2364506804988209e-05,0.043371430875109036,0.087815546586697421,3.0998693120660557e-18,0.053977231052569505,0.45601463096491818,0.35881379531152469,7.3652091811243626e-06,0.27071424730429089,0.0012995762347287254,7.2111242556319021e-10,0.0017778306835140737,1.9662943818150722e-05,0.40510858441965147,6.3534349607752855e-05,1.0714820782368135e-06,3.2506258767731765e-10,2.7142369281341964e-12,2.1208579079236748e-10,5.1226940083595013e-11,6.3174654457838378e-08,0.32101542809543088,nan,nan,nan,nan,nan,nan,nan,nan,nan,nan,nan,nan,nan,nan,0,0,0,0,0,0,0,4.3091028755336515e-11,8.7274572189135793e-12,1.0311765691590451e-11,3.244268059341082e-10,1.7303378781891032e-14,1.5750843771616951e-11,-6.753098715790682e-12,8.7317002586684289e-13,5.9978758832666891e-16,3.6350921540575653e-17,-1.3564976185513637e-16,1.7717874803582202e-16,-4.8511870938797601e-13,-3.9596087532470656e-10,nan,nan,nan,nan,nan,nan,nan,nan,nan,nan,nan,nan,nan,nan,-1.2401571896063918e-07,1.1218238715748896e-07,-2.0036520911259484e-23,1.1806863185066164e-08,3.8380579138463933e-07,-1.361373304642477e-07,0,0.012171878519424757,0.043850589201865381,1.7413241222952953e-18,0.042122532928576775,0.016309234594056244,0.11437050573441479,5.2140062811841625e-06,-7.7141284294290826e-05,0.00010525315835731714,-5.7740261365800133e-21,4.4081910505579908e-05,3.5366499974068955e-05,-0.00010689676393345294,1.4330506090249141e-10
18,1,lumen,0.011578947368421053,0.0015,0.01131578947368421,0.011842105263157895,0.001,0.002,1000111.4201380042,1.3317833152484773,12.987255376416982,3017.7141125880134,0.17255905903395827,1173,1173,4.0633886143592772e-05,0.23803319709767934,0.59999999999999998,2,500000,0.00035,0.0001,0.05510847815539581,0.18705615395779365,7.7564609576159435e-18,0.18168018812044867,0.070606701662807164,0.49961611174829412,2.2653065636366284e-05,0.044611848108821427,0.086731383119608665,3.1481698629216222e-18,0.053614647003016339,0.45485479453440592,0.36017996300014327,7.3642340044611974e-06,0.27110121428959116,0.0013113876172488484,7.4374254032434993e-10,0.0017894273703574185,1.959661245323426e-05,0.40382932396740695,6.4030207548948644e-05,1.0544092830029004e-06,3.2150825135795663e-10,2.7473181748900442e-12,2.1781964014591549e-10,5.2574270892359939e-11,6.2881606087314334e-08,0.32188390130613326,nan,nan,nan,nan,nan,nan,nan,nan,nan,nan,nan,nan,nan,nan,0,0,0,0,0,0,0,9.4278136191922361e-11,1.2445458489372072e-11,-1.5992021540811213e-12,8.3642767420103148e-11,2.8475052177290294e-14,1.9135216458229798e-10,-9.728369278823621e-12,1.196913011411449e-12,7.5406996330684422e-16,4.7711360348353769e-17,-1.7254696898834088e-16,2.2595718893257016e-16,-6.4604712211837176e-13,-3.7097119833297441e-10,nan,nan,nan,nan,nan,nan,nan,nan,nan,nan,nan,nan,nan,nan,-1.2865307930879505e-07,1.1516102699227204e-07,-1.977423481367746e-22,1.3301719223863537e-08,3.9922470504438756e-07,-1.4204094300751535e-07,0,0.01251025235894119,0.043270937721765781,1.7655774151306112e-18,0.041799739711469636,0.016252643764181236,0.11468929332202851,5.2084108718915624e-06,-0.00017590438026963558,0.00024325689249739084,-1.333331338483752e-20,0.00010249753815985863,8.2062713510981013e-05,-0.00025003996707618619,-4.6552234732648959e-10
18,2,lumen,0.011578947368421053,0.0025000000000000001,0.01131578947368421,0.011842105263157895,0.002,0.0030000000000000001,1000110.8643085561,1.334646653723524,13.015185251287106,3022.3411583723464,0.17197315531177337,1173,1173,4.0575192308154376e-05,0.23797313519510338,0.59999999999999998,2,500000,0.00035,0.0001,0.058479379529212311,0.18125657367400921,8.0142573938686049e-18,0.17843624588246934,0.070037017841134044,0.50300285408672762,2.2614184684295882e-05,0.047442495664964481,0.084223059063934291,3.2597988822019281e-18,0.052770587736702818,0.45215513970737092,0.36340135042269761,7.3674043297354329e-06,0.27201655359110044,0.0013394883209791762,7.9596878165307396e-10,0.0018169264926973798,1.943748187609214e-05,0.40080784972289574,6.5207881829857075e-05,1.015252647584903e-06,3.1326401310597282e-10,2.8246543224728438e-12,2.31073410202247e-10,5.5699924786969806e-11,6.2185995389807071e-08,0.32393345767112147,nan,nan,nan,nan,nan,nan,nan,nan,nan,nan,nan,nan,nan,nan,0,0,0,0,0,0,0,-2.6487682779586017e-10,1.735538486893078e-11,3.151003538770894e-11,6.0037611898109633e-10,3.9847845075685617e-14,-7.8701153450114192e-10,-1.3554829395706128e-11,1.6677033018441811e-12,1.0387937719167259e-15,5.969504531306642e-17,-2.0250890971481693e-16,2.6803989343421398e-16,-9.0452848153564036e-13,4.1539732751212602e-10,nan,nan,nan,nan,nan,nan,nan,nan,nan,nan,nan,nan,nan,nan,-1.3957115181477409e-07,1.2397655307916366e-07,-5.5067977351761592e-22,1.6349296060582177e-08,4.3510915703759423e-07,-1.5649058199285193e-07,0,0.013247455423351012,0.041908511404134076,1.8150688161369958e-18,0.041015544385265668,0.016102341390299368,0.11528671360335926,5.1928109512029178e-06,-0.00029937246886939807,0.00041439321922483196,-1.9876477340688791e-20,0.00015303562326125222,0.00015357249017068945,-0.00044758853519427443,-2.442584722113346e-09
18,3,support,0.011578947368421053,0.0035000000000000001,0.01131578947368421,0.011842105263157895,0.0030000000000000001,0.0040000000000000001,1000909.0976814221,1.3380590761856623,13.038056198545956,3036.5597803471178,0.17227268256222097,1173,1173,4.048247203043092e-05,0.23772787683435589,0.40000000000000002,2,300000,0.00033700000000000001,0.0001,0.064312863326210515,0.17175935805043654,8.409527825704739e-18,0.17386760832053341,0.069128439744481976,0.51012176572069923,2.2625596551451054e-05,0.052266703630027916,0.079950309278392306,3.4265859239569463e-18,0.051509819545772252,0.44707365193767556,0.36919213153305414,7.3840750779335771e-06,nan,nan,nan,nan,nan,nan,nan,nan,nan,nan,nan,nan,nan,nan,0.27359054859066501,0.0013915495873753473,8.8733237865829643e-10,0.0018678254858961413,1.918392551573212e-05,0.39553906425432156,6.7387454937972938e-05,9.4914556671095769e-07,2.9933115835945635e-10,2.9650685104957264e-12,2.5438342611270321e-10,6.123544867482247e-11,6.1053091150557099e-08,0.32752342899741094,0,0,0,0,0,0,0,nan,nan,nan,nan,nan,nan,nan,nan,nan,nan,nan,nan,nan,nan,4.4662400091770409e-10,2.0559699890211192e-11,3.5014269327292123e-11,1.9352640330062156e-09,3.2544442401388762e-14,6.253135264363413e-10,-1.5573901239357558e-11,2.1859033680349249e-12,1.5569964312202555e-15,6.1113389342890011e-17,-1.7575285753387253e-16,2.4118895815047584e-16,-1.2842057004875476e-12,-3.0481377978678091e-09,-1.5908398957875658e-07,1.4403507619942246e-07,-3.3924845724461476e-22,1.4387649661082752e-08,4.9132123997042143e-07,-1.7537343716123033e-07,0,0.01460647403752726,0.039952379025114143,1.9131720540625331e-18,0.040172114283734933,0.015991124282570292,0.11736881279051113,5.2180832059076348e-06,-1.4070275444313114e-05,-1.0645881815917084e-05,-1.9173504926612244e-20,-0.00011419876631203365,9.3066484550943701e-05,-0.00013807520498307428,-7.3405531076452334e-09
18,4,support,0.011578947368421053,0.0045000000000000005,0.01131578947368421,0.011842105263157895,0.0040000000000000001,0.0050000000000000001,1000648.1703949425,1.6611941273276312,16.190907016422873,2603.7831281287408,0.13009530838807506,1173,1173,4.1857970742380952e-05,0.19943785397467989,0.40000000000000002,2,300000,0.00033700000000000001,0.0001,0.061868451111588944,0.14683939514104269,2.103351530651925e-17,0.25483058639711009,0.038438600805740061,0.50093365628133846,2.3764380157355588e-05,0.062438841812493984,0.084879078653209525,1.0642905511480731e-17,0.093752149089870826,0.30870823982496759,0.45021205940870868,9.6312107492032313e-06,nan,nan,nan,nan,nan,nan,nan,nan,nan,nan,nan,nan,nan,nan,0.23952089644726351,0.0025893650326406698,1.1166343537717672e-09,0.002399385101276583,3.78805281178583e-05,0.41023980542818111,0.00010418464332193345,6.0113216742674606e-07,2.7813870485459199e-10,3.4677977061140567e-12,3.057243245930386e-10,8.2085067384185367e-11,1.0018009733757747e-07,0.34510777972086359,0,0,0,0,0,0,0,nan,nan,nan,nan,nan,nan,nan,nan,nan,nan,nan,nan,nan,nan,2.2104038108995959e-10,4.4297057643060366e-11,-3.9997848210688398e-11,-1.0347947033241756e-09,-9.6030063241603347e-14,1.1759578146322558e-09,-3.6053036282561914e-11,2.9506358294184576e-12,3.1241949115860339e-15,9.0801648675075288e-17,-3.4110947343440281e-16,5.0308780280466287e-16,-2.6614628512279398e-12,-3.3064641352569123e-10,-2.5363166453792191e-07,9.3653308441687955e-08,-9.3556649566176118e-23,1.5884219949683008e-07,9.1976855771946919e-07,-4.1148160279114165e-07,0,0.013151862217202027,0.03197030494900608,4.5641860107473176e-18,0.055650737342502671,0.0082834715104017683,0.10808397615968317,5.1503119672212073e-06,0,0,0,0,0,0,0
19,0,lumen,0.012105263157894737,0.00050000000000000001,0.011842105263157895,0.012368421052631579,0,0.001,1000105.1652411394,1.3850461771014948,13.506747460432019,2889.0903643083275,0.17321582036048472,1173,1173,4.066861278397692e-05,0.23859995270750547,0.59999999999999998,2,500000,0.00035,0.0001,0.049588714545826064,0.18448571933464036,7.1413480644426578e-18,0.175710695921764,0.068531992976438555,0.47509990811246888,2.1724024495150961e-05,0.041749189319823257,0.088961157483367664,3.0144504291978239e-18,0.053927151171624638,0.45914896929209148,0.3562061880293963,7.3447036966268637e-06,0.270670680328645,0.0012767441692157558,6.9165379591495185e-10,0.0017585878604095548,1.9569398760626883e-05,0.40634317812244541,6.2632056015514444e-05,1.09696945972951e-06,3.2924811542321549e-10,2.6743206356511684e-12,2.0479644651616281e-10,4.9467550953300045e-11,6.308953073978691e-08,0.319867446727787,nan,nan,nan,nan,nan,nan,nan,nan,nan,nan,nan,nan,nan,nan,0,0,0,0,0,0,0,1.1165831901424619e-10,8.4427108732331929e-12,-3.435072526752532e-13,1.5708242131863391e-10,1.9857108578963389e-14,2.4338614262008063e-10,-6.5502922459778521e-12,8.4029332970969595e-13,5.4199764342974334e-16,3.4785759320668382e-17,-1.2710336353514389e-16,1.6599639903611511e-16,-4.5653462800440694e-13,-5.1408008417877552e-10,nan,nan,nan,nan,nan,nan,nan,nan,nan,nan,nan,nan,nan,nan,-1.1776817526124722e-07,1.0635912128797997e-07,-3.9717637011887488e-23,1.1165607148123893e-08,3.6441945279463983e-07,-1.2909182373066486e-07,0,0.011755613727962608,0.044523985007364424,1.6979250767010627e-18,0.042205388793002466,0.016466115594653,0.11387306983172001,5.2139513623613332e-06,-7.6888715715254003e-05,0.00010676117239346256,-5.0726580905777403e-21,4.4133938517196297e-05,3.4656684257823459e-05,-0.00010812310127581932,5.2171793659047552e-11
19,1,lumen,0.012105263157894737,0.0015,0.011842105263157895,0.012368421052631579,0.001,0.002,1000104.9829383122,1.3471743023689708,13.137429426493156,2975.0601293799027,0.17307989655201375,1173,1173,4.0642703507774694e-05,0.23858459997051867,0.59999999999999998,2,500000,0.00035,0.0001,0.052487771136904331,0.18734276302091718,7.4451908834534888e-18,0.17944299077226425,0.070285276528297497,0.49030653127642759,2.2333651193539417e-05,0.04298163616935767,0.087868701454892228,3.0567744795968633e-18,0.053566761965722569,0.45801977188098431,0.35755578417944639,7.3443495967719334e-06,0.27106332223823137,0.0012881884985565838,7.1398276407871339e-10,0.0017699890101646025,1.9502274547190189e-05,0.40506865587355184,6.3115715975387791e-05,1.0796506248819189e-06,3.2567659579778451e-10,2.7061181461930312e-12,2.1044127898694639e-10,5.0787431504090421e-11,6.2795935429046161e-08,0.320726082638782,nan,nan,nan,nan,nan,nan,nan,nan,nan,nan,nan,nan,nan,nan,0,0,0,0,0,0,0,8.2024676894385189e-11,1.1213643655766267e-11,-8.0918656606063463e-13,8.3618487547690995e-11,2.6120327688977651e-14,1.6973164345367164e-10,-8.7087747290761564e-12,1.1148694814555604e-12,6.997310092563462e-16,4.3545300913861976e-17,-1.5346361522135444e-16,2.015263916465734e-16,-6.0087512225837789e-13,-3.3761138341787325e-10,nan,nan,nan,nan,nan,nan,nan,nan,nan,nan,nan,nan,nan,nan,-1.2230488986983076e-07,1.0964385072087524e-07,-1.3040335182773542e-22,1.2491575813541606e-08,3.7937313028535424e-07,-1.3488170846898129e-07,0,0.012084803993150392,0.043954031155676324,1.7182181538892098e-18,0.041892434683423865,0.016410487785853869,0.11417884384790512,5.2089014384597734e-06,-0.00016798716112928657,0.0002334330416652511,-9.7713369731286276e-21,9.6130109631586906e-05,7.9233937037525011e-05,-0.00023731179800304497,-6.7297464664299423e-10
19,2,lumen,0.012105263157894737,0.0025000000000000001,0.011842105263157895,0.012368421052631579,0.002,0.0030000000000000001,1000104.4583816185,1.2680224187227156,12.365559338038913,3171.9655229277105,0.17247066402101646,1173,1173,4.0586839553174696e-05,0.23852325830593041,0.59999999999999998,2,500000,0.00035,0.0001,0.05926783661676318,0.19357105756778556,8.1210688807921136e-18,0.18782270377599669,0.074249090761455416,0.52543187367950361,2.3742507369839685e-05,0.045682225925436679,0.085455708621256662,3.1383698710461949e-18,0.052774041413642496,0.45542238968562193,0.36065828543329831,7.3489207438192456e-06,0.27193231553493047,0.0013146962437848655,7.6344301738813639e-10,0.0017961700362957962,1.9356842629291672e-05,0.4022016017929097,6.423157599636622e-05,1.0413546498342163e-06,3.1774832505598642e-10,2.7773238921738523e-12,2.2295703647873504e-10,5.37264858635959e-11,6.2151056442016589e-08,0.32267052310716565,nan,nan,nan,nan,nan,nan,nan,nan,nan,nan,nan,nan,nan,nan,0,0,0,0,0,0,0,1.7826799721288361e-11,1.5419380392452679e-11,4.5173793162436271e-14,8.6096940500434716e-13,2.5992283412407113e-14,1.9784803136080331e-13,-1.1758980685163549e-11,1.6417917372835156e-12,1.0979317583237745e-15,5.4954056814634781e-17,-1.7693446288597375e-16,2.3667286811171493e-16,-9.0404397770577617e-13,-2.3356122719994195e-11,nan,nan,nan,nan,nan,nan,nan,nan,nan,nan,nan,nan,nan,nan,-1.3250728149449831e-07,1.16936315575078e-07,1.2473653132339597e-23,1.5569957990476365e-08,4.1309022498492443e-07,-1.4807919573867068e-07,0,0.012800397030655778,0.042615051967765799,1.7610301647043214e-18,0.041146697969882358,0.016259231846592923,0.11475269103590081,5.1942125144406194e-06,-0.00028979336119670627,0.00040152966104167504,-2.1052410901751485e-20,0.00014187867955474734,0.00015135178077440616,-0.00042398531221103062,-2.6667883164310805e-09
19,3,support,0.012105263157894737,0.0035000000000000001,0.011842105263157895,0.012368421052631579,0.0030000000000000001,0.0040000000000000001,1000856.6474556113,1.3094608384515594,12.76006344744011,3093.3479449746405,0.17281058005759578,1173,1173,4.0498116592743609e-05,0.23826503329241522,0.40000000000000002,2,300000,0.00033700000000000001,0.0001,0.063307512415622408,0.17844405375570366,8.3118012774586801e-18,0.17796444974162839,0.071164286754344483,0.51718422311055534,2.3065290245396101e-05,0.050352669396181791,0.081290876392045436,3.3145543991151483e-18,0.051599392626325187,0.45042699115935386,0.36632270335307843,7.3670730153911321e-06,nan,nan,nan,nan,nan,nan,nan,nan,nan,nan,nan,nan,nan,nan,0.27343385670189213,0.0013645998239919543,8.5114017675909529e-10,0.0018452912537850232,1.9126870320486563e-05,0.39714606630300597,6.63279981848195e-05,9.7566595976841506e-07,3.0415993992363469e-10,2.9083575740442451e-12,2.4525951730728807e-10,5.9001184550031721e-11,6.109766088702396e-08,0.32612369282268033,0,0,0,0,0,0,0,nan,nan,nan,nan,nan,nan,nan,nan,nan,nan,nan,nan,nan,nan,-6.3877281297294002e-11,2.0812399817855953e-11,8.5917405052080087e-11,3.0008546114461728e-09,7.7350235591633343e-15,-1.4477781352245644e-09,-1.5193824163794594e-11,2.5834213240871762e-12,2.0978678592504187e-15,7.0881599401739513e-17,-2.0692403291832454e-16,2.8487286412642067e-16,-1.4658777780776339e-12,-1.5818626132590296e-09,-1.511162654524445e-07,1.3899643752646185e-07,-1.3553549926961329e-22,1.3480561117354783e-08,4.6661344954568307e-07,-1.6751334064313284e-07,0,0.014101369873032279,0.040748824201073792,1.8590194016480471e-18,0.040402404634648767,0.01614963632859006,0.11679488591268992,5.2215245242663185e-06,-1.3724732384508835e-05,-1.147316761146752e-05,-1.987750625177257e-20,-0.00012067427921672792,9.694060932701528e-05,-0.00014192794996157875,-7.7220655113256798e-09
19,4,support,0.012105263157894737,0.0045000000000000005,0.011842105263157895,0.012368421052631579,0.0040000000000000001,0.0050000000000000001,1000607.3058269866,1.6490935509930165,16.073624593949759,2620.4416988156963,0.12973037920860239,1173,1173,4.1937523855046061e-05,0.19846350274871441,0.40000000000000002,2,300000,0.00033700000000000001,0.0001,0.060147643528699626,0.15091851291538821,2.145654375778114e-17,0.26345642687650994,0.038491319364322589,0.50435881751073974,2.4172021177007323e-05,0.060262459782523807,0.086605052512642222,1.0778312064698735e-17,0.096223492978172578,0.30689236983529278,0.45000689943469585,9.7254566727464163e-06,nan,nan,nan,nan,nan,nan,nan,nan,nan,nan,nan,nan,nan,nan,0.23816113606801267,0.0025964225353365422,1.0747384055040344e-09,0.0023916727800006978,3.8754631112764041e-05,0.41253776073702503,0.00010415875876437171,6.0833465619567827e-07,2.8217187899167812e-10,3.3684534817109085e-12,2.9440475174183971e-10,7.9237364101094569e-11,1.0218767089332748e-07,0.34416938223350052,0,0,0,0,0,0,0,nan,nan,nan,nan,nan,nan,nan,nan,nan,nan,nan,nan,nan,nan,1.0452870997465408e-09,4.1427688100629329e-11,-1.0626027157842125e-10,-2.8648529509822189e-09,1.5116055109010151e-14,3.9935741950793829e-09,-3.5158981050310221e-11,1.9869290674573437e-12,1.6992138066253126e-15,6.6588687303131087e-17,-2.4669667581015823e-16,3.4836423147679103e-16,-2.0212269046759394e-12,-2.0739994865430369e-09,-2.4385869210486605e-07,7.9438953859423123e-08,-5.2365176953778604e-22,1.6053244168180714e-07,8.9192552001071679e-07,-4.0163481657140565e-07,0,0.012527452375244516,0.03233392857731264,4.5724997322610103e-18,0.056709786655055577,0.0081438954805564661,0.10686699390874518,5.1466993174020003e-06,0,0,0,0,0,0,0
20,0,lumen,0.012631578947368421,0.00050000000000000001,0.012368421052631579,0.012894736842105263,0,0.001,1000098.6987152203,1.4025677422740956,13.677703382638366,2845.9071054455603,0.17370137488187098,1173,1173,4.0677426795040339e-05,0.2390850356817209,0.59999999999999998,2,500000,0.00035,0.0001,0.047231697116597179,0.18432791188848033,6.859200595753077e-18,0.17342750075677094,0.068092441109353252,0.46604003148225936,2.1396442859014942e-05,0.040268100942431717,0.090010085824767383,2.9319992246617587e-18,0.053900109380885818,0.4619782798082861,0.3538360985317674,7.3255118615563754e-06,0.27062503540227612,0.001256409980720701,6.6495680664437341e-10,0.0017412301877338238,1.9484729928424593e-05,0.40746108366479544,6.1823939263677314e-05,1.1205752982823617e-06,3.3307189680390507e-10,2.6392112907903617e-12,1.9820634477457874e-10,4.7886138807621309e-11,6.3009431311931431e-08,0.31883374726381553,nan,nan,nan,nan,nan,nan,nan,nan,nan,nan,nan,nan,nan,nan,0,0,0,0,0,0,0,9.8091076609018855e-11,7.7685557267970112e-12,5.591364651434733e-14,1.3661689190947395e-10,2.2340473655041437e-14,2.2310734639971463e-10,-6.0717323285139042e-12,7.5499654271504735e-13,4.4644080890301877e-16,3.1736038082005328e-17,-1.1472732970329194e-16,1.4968432572789824e-16,-3.9867772054544981e-13,-4.5994716380620863e-10,nan,nan,nan,nan,nan,nan,nan,nan,nan,nan,nan,nan,nan,nan,-1.1218392320742204e-07,1.0221216689698664e-07,8.492737764818078e-23,9.7482139553315829e-09,3.4625457071002508e-07,-1.2206926358615533e-07,0,0.011357873000835227,0.045173602919279097,1.6576633303783179e-18,0.042275582386335435,0.016614891868174952,0.1134033426447547,5.2140709051196718e-06,-7.2087947882233631e-05,0.00010016927645542608,-4.0420494111888083e-21,4.0568650332263683e-05,3.3197838968412314e-05,-0.00010291302866727628,-1.1356498654754943e-10
20,1,lumen,0.012631578947368421,0.0015,0.012368421052631579,0.012894736842105263,0.001,0.002,1000098.5266135852,1.3362947567099821,13.031417954677421,2991.556862852653,0.1735022576390105,1173,1173,4.065342599362356e-05,0.2390649051443941,0.59999999999999998,2,500000,0.00035,0.0001,0.050993864741106204,0.19127195186095833,7.2819978074525712e-18,0.18091334137968262,0.071302905336226408,0.49091687109728083,2.245994420909454e-05,0.041421327966442892,0.088987673963123445,2.9656465083429916e-18,0.053569891728870951,0.46090176627934787,0.35511201378135809,7.3262808567571412e-06,0.27098457210538229,0.0012670406449612102,6.8570818344243192e-10,0.0017518726098012098,1.9426320500257634e-05,0.40628369246651774,6.2274357325432203e-05,1.1040499505185268e-06,3.2972600046509737e-10,2.6680291560042131e-12,2.0343810071027695e-10,4.9105262131142407e-11,6.274749574981958e-08,0.3196299534274093,nan,nan,nan,nan,nan,nan,nan,nan,nan,nan,nan,nan,nan,nan,0,0,0,0,0,0,0,1.1225759739662076e-10,9.6505435971928825e-12,-5.4987332427684036e-12,-1.450369637340139e-11,2.496109872615615e-14,2.8142770037119236e-10,-7.495767195936048e-12,9.6076271938194679e-13,5.7791580450131497e-16,3.7750357328273468e-17,-1.3128857806539758e-16,1.724523349703091e-16,-5.1199769765732729e-13,-3.7631195393938637e-10,nan,nan,nan,nan,nan,nan,nan,nan,nan,nan,nan,nan,nan,nan,-1.1635663843155217e-07,1.0486213708471581e-07,1.1332640250162675e-22,1.1218097935471971e-08,3.6025309113618675e-07,-1.2756643824607394e-07,0,0.011682107916220371,0.044605640658277594,1.6765778667564321e-18,0.041974529570563149,0.01655770215879741,0.11370199123353202,5.2095428380415084e-06,-0.00016225165505953621,0.00022594890555053233,-1.1172598318585507e-20,8.8436122873353885e-05,7.9209029861938816e-05,-0.00023382936212666816,-9.7077992679064462e-10
20,2,lumen,0.012631578947368421,0.0025000000000000001,0.012368421052631579,0.012894736842105263,0.002,0.0030000000000000001,1000098.0336042078,1.2780104881246461,12.463041516478681,3138.8203968811044,0.17287949765243019,1173,1173,4.0600753896755764e-05,0.23898161255844991,0.59999999999999998,2,500000,0.00035,0.0001,0.056670595512910836,0.1947553003306359,7.8530773401264257e-18,0.18659554528100292,0.074136599440458389,0.517699178184725,2.3505317136095386e-05,0.044024682705290669,0.086656315372188139,3.0587295744144513e-18,0.052842555559706357,0.45831722059374164,0.35815189290941557,7.3328596577009903e-06,0.27179908068656933,0.0012925824223533695,7.3305350684527499e-10,0.001777168961707697,1.9298577264538519e-05,0.40355402634615961,6.3351345208844119e-05,1.0662147410758745e-06,3.2205257336683206e-10,2.7343004341133166e-12,2.1537967987975876e-10,5.1900524316809718e-11,6.2160209445561974e-08,0.32149336196066497,nan,nan,nan,nan,nan,nan,nan,nan,nan,nan,nan,nan,nan,nan,0,0,0,0,0,0,0,6.4122330811295871e-11,1.2165501983970138e-11,-5.5150409162849511e-12,-1.0942508705140009e-10,2.6125911330165952e-14,1.4928869230233788e-10,-9.3412929566490476e-12,1.2573319121966797e-12,7.9759396982262274e-16,4.3381226224010882e-17,-1.3889631085141898e-16,1.8538119865359316e-16,-6.9386109890939696e-13,-1.0188536138317883e-10,nan,nan,nan,nan,nan,nan,nan,nan,nan,nan,nan,nan,nan,nan,-1.2603542803857337e-07,1.1185801129798278e-07,-4.4293354788840001e-23,1.4033052666816769e-08,3.9212973694524589e-07,-1.3996546971428714e-07,0,0.012372644094168491,0.043297159648418487,1.7192891203654554e-18,0.041269427629590565,0.016405398686420405,0.11425154469006346,5.1958165636275882e-06,-0.00027332674590916029,0.00037772250683231623,-1.9127579537812448e-20,0.00012191809738716785,0.00015073322805077822,-0.00041370439591319343,-3.1857965911139052e-09
20,3,support,0.012631578947368421,0.0035000000000000001,0.012368421052631579,0.012894736842105263,0.0030000000000000001,0.0040000000000000001,1000804.0283404143,1.3109730848986503,12.775471217322499,3080.6757449636675,0.1732198812148526,1173,1173,4.0521037860285315e-05,0.23866122585487767,0.40000000000000002,2,300000,0.00033700000000000001,0.0001,0.060804506545104942,0.18142479439353187,8.0610775715449313e-18,0.1785667259459883,0.07154235894070593,0.51275010302549118,2.2998146060783632e-05,0.048420259505733698,0.082748562616323421,3.2184531688191824e-18,0.051836534974539036,0.45336673981465453,0.36362054859180176,7.3544969474673366e-06,nan,nan,nan,nan,nan,nan,nan,nan,nan,nan,nan,nan,nan,nan,0.2731341225865711,0.0013399476266525749,8.1490234724985884e-10,0.0018236824445769413,1.9117186967654165e-05,0.39889983049361066,6.5340211343668729e-05,1.00266471047286e-06,3.092583895027946e-10,2.8531285501911566e-12,2.3611385478759846e-10,5.6792237038613519e-11,6.1263868197649126e-08,0.32471689410176913,0,0,0,0,0,0,0,nan,nan,nan,nan,nan,nan,nan,nan,nan,nan,nan,nan,nan,nan,7.6069668204814197e-10,1.5539415803364306e-11,-1.1036903205919864e-11,5.2703342845033065e-10,1.5764299587939234e-14,1.9630647144722874e-09,-1.1420148707969365e-11,1.8623219286140191e-12,1.4304376397149404e-15,5.1487482954985422e-17,-1.440540476507601e-16,1.9891097071724548e-16,-1.0911211462300878e-12,-3.2446654808729484e-09,-1.431633964502077e-07,1.2936255233686467e-07,-1.9796765934744855e-23,1.184802781420013e-08,4.4099841590983235e-07,-1.5555067606198847e-07,0,0.013623144849269193,0.04150792624896598,1.8157602857556634e-18,0.040617639815879757,0.016297329204142477,0.1162557475070659,5.2249663114929218e-06,-1.296710988024705e-05,-1.3023728723025132e-05,-2.0537771123625191e-20,-0.0001294869164779705,0.00010112443567834755,-0.00014715093223951811,-8.1121959063697272e-09
20,4,support,0.012631578947368421,0.0045000000000000005,0.012368421052631579,0.012894736842105263,0.0040000000000000001,0.0050000000000000001,1000566.7855537969,1.687508145903271,16.44871565020372,2558.6577238370569,0.12736225948693014,1173,1173,4.2036551368692445e-05,0.19718555596312937,0.40000000000000002,2,300000,0.00033700000000000001,0.0001,0.056338176218057083,0.15115533686636071,2.1228784312952973e-17,0.2663748173965006,0.037306032426097542,0.49232356566972274,2.3866062012841844e-05,0.057762927187052955,0.088765125138362114,1.0912751945848766e-17,0.099559717960643904,0.3043830949474991,0.44951930833170511,9.8264347369052346e-06,nan,nan,nan,nan,nan,nan,nan,nan,nan,nan,nan,nan,nan,nan,0.23642293173014764,0.0026066421816357647,1.0268284626008238e-09,0.0023813527894030904,3.9876490794824875e-05,0.41537444157191156,0.00010413822362981559,6.1706807648427003e-07,2.8708730242558313e-10,3.2555362577455261e-12,2.8141625619616186e-10,7.599066212017114e-11,1.047118088524937e-07,0.34306989355801354,0,0,0,0,0,0,0,nan,nan,nan,nan,nan,nan,nan,nan,nan,nan,nan,nan,nan,nan,2.2654296644443354e-11,2.9987578320715704e-11,-1.3401454025899231e-11,-5.5370510592149136e-10,-4.6397239349127428e-14,1.4556557521860913e-10,-2.4505896523535855e-11,1.8472146555426061e-12,1.901271695981888e-15,5.7212033035852728e-17,-2.0858546294460214e-16,3.0820977979858604e-16,-1.8981808112121209e-12,3.9350025964883056e-10,-2.3295301397087409e-07,7.8259119185020154e-08,-4.721890386048417e-23,1.5456182596869153e-07,8.5346463588042987e-07,-3.869762260078069e-07,0,0.011931257355584354,0.032674591059125339,4.5768948645291186e-18,0.057723229907197228,0.0079995873083428017,0.10569583961176619,5.1429041510118363e-06,0,0,0,0,0,0,0
21,0,lumen,0.013157894736842105,0.00050000000000000001,0.012894736842105263,0.013684210526315788,0,0.001,1000092.2132370388,1.3216820457901772,12.888997568184346,3012.4219087205602,0.17416793282434456,1173,1173,4.0683487950748278e-05,0.23961497794914954,0.59999999999999998,2,500000,0.00035,0.0001,0.048296147384803589,0.19782140995596537,7.1070724791545201e-18,0.18370560636259831,0.072720728174265878,0.49119655404260004,2.2643689158697062e-05,0.03880127944869452,0.091028906528284048,2.8627739202679069e-18,0.05380220213295827,0.46492921061245429,0.35143109578437981,7.305493229065549e-06,0.27061987860986042,0.0012359904657383105,6.3868424153634621e-10,0.0017238599054284814,1.938490720830029e-05,0.4085233461582779,6.1012889568620675e-05,1.1446201656935948e-06,3.3683331635820564e-10,2.605987986408023e-12,1.9175575002118384e-10,4.634148939155875e-11,6.2886274219069123e-08,0.31781531834125704,nan,nan,nan,nan,nan,nan,nan,nan,nan,nan,nan,nan,nan,nan,0,0,0,0,0,0,0,4.2008940053013619e-11,7.4880155354019615e-12,5.1239184731339502e-12,1.9280526490299092e-10,2.3417086412319543e-14,6.5447965840251254e-11,-5.8431113376789029e-12,7.376846529461023e-13,4.1583933400293522e-16,3.0596659432604649e-17,-1.0809210863980517e-16,1.4127925451135819e-16,-3.8169695454745302e-13,-3.0741073586959703e-10,nan,nan,nan,nan,nan,nan,nan,nan,nan,nan,nan,nan,nan,nan,-1.0672987360745012e-07,9.7219660433189858e-08,-5.8209335983001598e-23,9.4392614163402813e-09,3.295961670951586e-07,-1.1635736524295837e-07,0,0.010797757302691939,0.046088252650400653,1.6068714911959798e-18,0.042376795329056562,0.016823462664803637,0.11273811239829702,5.2144740397030646e-06,-7.3306503981492301e-05,0.00010196378140779037,-4.6290479389651719e-21,3.9751738784298182e-05,3.4030551562985766e-05,-0.00010186196410816527,-2.5531948055973711e-10
21,1,lumen,0.013157894736842105,0.0015,0.012894736842105263,0.013684210526315788,0.001,0.002,1000092.0518206883,1.3142109237842281,12.816141513495946,3034.230995682869,0.17400067612108777,1173,1173,4.0659210301115069e-05,0.23959276845013777,0.59999999999999998,2,500000,0.00035,0.0001,0.050038537769714356,0.1966560195312923,7.2434426070884714e-18,0.18363301659937559,0.072960877959134696,0.49581873962282658,2.2777787673608093e-05,0.039973881517488687,0.089981127304315067,2.9012121225492796e-18,0.053476941700282839,0.46382784567121904,0.35273289658891732,7.3072177769543167e-06,0.27098498578766084,0.0012466686382540976,6.5965499531112415e-10,0.0017346354230891726,1.9327260735836679e-05,0.40733001318655143,6.1467069108312781e-05,1.1274581639787554e-06,3.334053878511583e-10,2.6343324365857206e-12,1.9702875591628392e-10,4.7565460765434391e-11,6.2625112219621657e-08,0.31862171131102868,nan,nan,nan,nan,nan,nan,nan,nan,nan,nan,nan,nan,nan,nan,0,0,0,0,0,0,0,9.2216841280900815e-11,8.8559535631785471e-12,-4.3805659988899421e-12,-2.518331899929552e-12,2.5127144288872305e-14,2.0809513530742341e-10,-6.8686712213010704e-12,8.9050641860488611e-13,5.1508946105022428e-16,3.4477435692796766e-17,-1.1683704628173595e-16,1.5388714641621156e-16,-4.6947936019079826e-13,-2.9584745775890615e-10,nan,nan,nan,nan,nan,nan,nan,nan,nan,nan,nan,nan,nan,nan,-1.1090502841613892e-07,1.000219219116083e-07,-1.2871932557620723e-22,1.0678945061567779e-08,3.4336538475010503e-07,-1.2158648809990069e-07,0,0.011106752273680385,0.045536408193824533,1.6263415937869035e-18,0.042093840594906048,0.016766285597434216,0.11302271485818362,5.2106891957857237e-06,-0.00015731044159980986,0.0002195481616965163,-8.9261939614616864e-21,8.2768916072803231e-05,7.8477129750727877e-05,-0.00022702210127258072,-1.2167042748155785e-09
21,2,lumen,0.013157894736842105,0.0025000000000000001,0.012894736842105263,0.013684210526315788,0.002,0.0030000000000000001,1000091.590419756,1.2603684339328793,12.291077001756525,3174.570575821268,0.1733657513254464,1173,1173,4.0608842136587361e-05,0.23949868801319296,0.59999999999999998,2,500000,0.00035,0.0001,0.055466600270673572,0.19988619423939272,7.746006274362694e-18,0.18903922755103808,0.075659204881201175,0.52136833699637553,2.3777569513264222e-05,0.042494811129620287,0.087712124419294463,2.9753971990212212e-18,0.052795921338416749,0.46127634577704207,0.35571348189287799,7.315442748489336e-06,0.2717624878140405,0.001271283030036085,7.0520949982462224e-10,0.0017591564881161272,1.9211734042007817e-05,0.40470577387328965,6.2508041796719574e-05,1.0899475911462761e-06,3.2593042732072925e-10,2.6962946530035706e-12,2.0848402411126852e-10,5.0237270002398714e-11,6.2079651852217267e-08,0.32041842569887891,nan,nan,nan,nan,nan,nan,nan,nan,nan,nan,nan,nan,nan,nan,0,0,0,0,0,0,0,-1.8857848422393099e-10,1.1554274518901184e-11,2.2617041801615212e-11,4.4107643815970279e-10,2.185930473089237e-14,-6.5206825984771843e-10,-8.6894181966787969e-12,1.2997027499378477e-12,8.7096816036292923e-16,4.2903229134312106e-17,-1.3266511263890059e-16,1.7841057128380443e-16,-7.2079648494062393e-13,3.734866581470924e-10,nan,nan,nan,nan,nan,nan,nan,nan,nan,nan,nan,nan,nan,nan,-1.2016398508868376e-07,1.074423549018988e-07,2.3008778906787954e-23,1.3350479609082957e-08,3.7387444379310963e-07,-1.3393379022508256e-07,0,0.011765442447417311,0.044265160820992286,1.6637778254950953e-18,0.041446333547616607,0.016610437253262528,0.11354523564444725,5.1982474812236491e-06,-0.00026694370578978491,0.00037079989394428063,-2.080950922502582e-20,0.00011321601176158817,0.00014980901801450239,-0.00040768398829262736,-3.3759714219589854e-09
21,3,support,0.013157894736842105,0.0035000000000000001,0.012894736842105263,0.013684210526315788,0.0030000000000000001,0.0040000000000000001,1000751.2481729866,1.3204360322724151,12.868366566307866,3050.3054781570718,0.17372340785176341,1173,1173,4.0532287830481987e-05,0.23916539859255626,0.40000000000000002,2,300000,0.00033700000000000001,0.0001,0.05832009363984407,0.1825789965398375,7.8295328396574504e-18,0.17737056349573188,0.071497769317200158,0.50550622282118196,2.2781887031207276e-05,0.046779551401789785,0.083880523198260795,3.148737378075424e-18,0.05186369672420784,0.45637872234476734,0.36109016801624605,7.338314728154956e-06,nan,nan,nan,nan,nan,nan,nan,nan,nan,nan,nan,nan,nan,nan,0.27304571854450022,0.0013170823574833485,7.8441302886978956e-10,0.0018043742529362454,1.9047070119858222e-05,0.40020083319870781,6.443650748975293e-05,1.026529457662066e-06,3.1337089737894919e-10,2.8080945139238139e-12,2.2848485668671943e-10,5.4938661210151518e-11,6.1239822233715634e-08,0.32354741891546701,0,0,0,0,0,0,0,nan,nan,nan,nan,nan,nan,nan,nan,nan,nan,nan,nan,nan,nan,4.8921514030179163e-10,1.4330731447578688e-11,4.187440853148225e-12,7.9022426380863747e-10,9.1666041077131943e-15,1.1125761945843943e-09,-1.0363935285364704e-11,1.8255074101664048e-12,1.4585187588780845e-15,5.067442491658396e-17,-1.4263537039639662e-16,1.9694329986833576e-16,-1.0570850764243912e-12,-2.4009490785701431e-09,-1.3657211723723875e-07,1.2486668993227923e-07,-3.5897391168808454e-22,1.0587884575682599e-08,4.2005386943766432e-07,-1.4794713193433395e-07,0,0.0129349874844896,0.042607026716781168,1.7543931524239842e-18,0.040927040138400074,0.016504699787537616,0.11549025870292676,5.2303244218370296e-06,-1.2694143756369848e-05,-1.3691819819941942e-05,-2.107675606367069e-20,-0.00013566396780025875,0.00010497756388937116,-0.00015334729277582148,-8.4714183639533131e-09
21,4,support,0.013157894736842105,0.0045000000000000005,0.012894736842105263,0.013684210526315788,0.0040000000000000001,0.0050000000000000001,1000526.6017634555,1.7235459623399827,16.800663231755912,2503.1972959540217,0.12709398971757549,1173,1173,4.2102777307075908e-05,0.19635716365361497,0.40000000000000002,2,300000,0.00033700000000000001,0.0001,0.053379106772539167,0.15035530593198354,2.0989921595321161e-17,0.26626525699715503,0.036331108875753262,0.48197463239159566,2.3569156411657827e-05,0.05590004341440951,0.090184536239588997,1.1020832676540772e-17,0.10164813817914839,0.30277119298501426,0.44948617735556778,9.9118262710599198e-06,nan,nan,nan,nan,nan,nan,nan,nan,nan,nan,nan,nan,nan,nan,0.23530305742698626,0.0026149012976698798,9.9161511340687618e-10,0.0023761508824454367,4.0640748107724061e-05,0.41720087037913339,0.00010418910062370455,6.2233883791455621e-07,2.9028473941127625e-10,3.1708624480546124e-12,2.719183071709313e-10,7.3587209413329149e-11,1.0643384195776022e-07,0.34235945976176529,0,0,0,0,0,0,0,nan,nan,nan,nan,nan,nan,nan,nan,nan,nan,nan,nan,nan,nan,-4.5218165096195697e-11,2.5373010441517628e-11,-5.845844214167597e-12,-4.1859019319756811e-10,-1.8836928544763154e-14,-1.9531497708231982e-10,-2.0982051310429345e-11,1.4219879614085773e-12,1.3957345647252992e-15,4.5344840120369899e-17,-1.6424479186679556e-16,2.4027169824776238e-16,-1.5409650016655637e-12,6.6071445486131777e-10,-2.2491242492646973e-07,6.6003686238769177e-08,1.1962168972167866e-22,1.5911003581365728e-07,8.3390012706879846e-07,-3.8361112542073528e-07,0,0.011067736727494139,0.033101551236522975,4.6104005516231403e-18,0.059286461082485697,0.0077819931568246055,0.10394969273597957,5.1369593104230448e-06,0,0,0,0,0,0,0
22,0,lumen,0.014210526315789474,0.00050000000000000001,0.013684210526315788,0.014736842105263159,0,0.001,1000079.191700305,1.3239249957439687,12.911038844571994,2993.6759432364161,0.17494817287272832,1173,1173,4.0703193139342755e-05,0.24042752046409616,0.59999999999999998,2,500000,0.00035,0.0001,0.044811549981087134,0.20185144267827937,6.7727958935342163e-18,0.18333794321817592,0.073369961761369548,0.48448040030778017,2.2510702439158767e-05,0.036063308763404314,0.093042192690187875,2.7327905140251871e-18,0.053786346124061087,0.46988215591557742,0.34721872149916955,7.2750075997642142e-06,0.27045228734013771,0.0012011842159055975,5.9011024162394349e-10,0.0016931369646605368,1.9255479896641307e-05,0.41063106840652519,5.9609327986379204e-05,1.1896613148832666e-06,3.4406535844207613e-10,2.5465229123601867e-12,1.7982413268948126e-10,4.35201332818785e-11,6.2797694327632509e-08,0.31594220464581263,nan,nan,nan,nan,nan,nan,nan,nan,nan,nan,nan,nan,nan,nan,0,0,0,0,0,0,0,7.7742591593942703e-11,5.970695620503732e-12,-1.3112709962049827e-12,7.1743635836177197e-11,2.3311214070176334e-14,1.7115608106146873e-10,-4.7030723954531403e-12,5.7105622314201909e-13,2.7727371507116392e-16,2.4167088856153549e-17,-8.3797280207434917e-17,1.0944870184683113e-16,-2.8037865213226007e-13,-3.2091299073289315e-10,nan,nan,nan,nan,nan,nan,nan,nan,nan,nan,nan,nan,nan,nan,-9.6846975338165525e-08,8.840043308477874e-08,7.9979585288664308e-24,8.2763832071943973e-09,2.9878530280469384e-07,-1.0519685289533953e-07,0,0.010119945571964202,0.047197815700178634,1.5461090398575686e-18,0.042497967326105314,0.017070582370036079,0.11194619996871202,5.2156683118982351e-06,-6.647384616913995e-05,9.3182662734386104e-05,-4.3389595431684598e-21,3.3502294736348797e-05,3.3224213228695137e-05,-9.7297765259711855e-05,-5.672808329205937e-10
22,1,lumen,0.014210526315789474,0.0015,0.013684210526315788,0.014736842105263159,0.001,0.002,1000079.0516021228,1.3065051484824135,12.741160669942259,3037.9465276080286,0.17473796964453131,1173,1173,4.0682096736819348e-05,0.24038792244121635,0.59999999999999998,2,500000,0.00035,0.0001,0.046743660130536817,0.20244336344906785,6.9532218496812181e-18,0.18483954130723271,0.074179413993672838,0.49268580282286106,2.2822804349418996e-05,0.037123261486277113,0.092087233854626555,2.768676691060113e-18,0.053513378944167814,0.46881539290453811,0.34845345398643152,7.278823958813628e-06,0.27076613222266055,0.0012109749775513459,6.0885065992314744e-10,0.0017030636885272009,1.9213118382046865e-05,0.40957084915319469,6.0026944889133419e-05,1.1733112690449732e-06,3.4092909464500482e-10,2.5703273765387988e-12,1.8450485130581813e-10,4.4600464817159619e-11,6.2588540836562274e-08,0.31666850281353676,nan,nan,nan,nan,nan,nan,nan,nan,nan,nan,nan,nan,nan,nan,0,0,0,0,0,0,0,4.2614367828745964e-11,6.8771785366965879e-12,2.6899644328190739e-13,5.5268917673710558e-11,2.1520708392425147e-14,8.9377118336550487e-11,-5.2955039568524107e-12,7.1620769211133695e-13,4.0335638322535107e-16,2.7472650143566321e-17,-9.0078315379775373e-17,1.1909381046686783e-16,-3.7511176891445426e-13,-1.8947413093863928e-10,nan,nan,nan,nan,nan,nan,nan,nan,nan,nan,nan,nan,nan,nan,-1.0053594752274658e-07,9.084051827423778e-08,-6.8375596498936895e-23,9.6054200113354719e-09,3.1119449536709531e-07,-1.1019687923274901e-07,0,0.010414366571510878,0.046657405370018064,1.5623722927540015e-18,0.0422448322789001,0.017009387891930478,0.11222218840531217,5.2127963361718009e-06,-0.00014474757995779381,0.00020299012627487842,-9.3072409544387837e-21,6.7691643105774024e-05,7.8678662735296527e-05,-0.00022234775263957926,-1.7849810779879477e-09
22,2,lumen,0.014210526315789474,0.0025000000000000001,0.013684210526315788,0.014736842105263159,0.002,0.0030000000000000001,1000078.654159638,1.2904148343944721,12.584251419892741,3085.6954690136208,0.17405971453062144,1173,1173,4.0638651593478006e-05,0.24024393976041114,0.59999999999999998,2,500000,0.00035,0.0001,0.050272597491244429,0.2003221328886996,7.2358337168452344e-18,0.18520909790294365,0.074698132911943119,0.50293044719173097,2.314553125891321e-05,0.039434208462313096,0.090000145849359531,2.8457263180610478e-18,0.052960027568501274,0.46627980414705206,0.35131852312960488,7.2908431691902478e-06,0.27142857481568367,0.0012339135793181654,6.500941918696288e-10,0.0017259406078114986,1.9133234338714823e-05,0.40722503714308345,6.0998363040894474e-05,1.1370736859851832e-06,3.3401726263428756e-10,2.6229800181839391e-12,1.9480135778646034e-10,4.6989162622842986e-11,6.2159828888209939e-08,0.31830520179468946,nan,nan,nan,nan,nan,nan,nan,nan,nan,nan,nan,nan,nan,nan,0,0,0,0,0,0,0,1.7552165074617103e-11,8.2142166550830049e-12,-9.894616757488972e-13,-2.7217187798206436e-11,1.6092921266419591e-14,3.4098037110866231e-11,-6.1162867078821581e-12,9.5595081330002163e-13,6.3538884916434354e-16,3.1519921277063433e-17,-9.4106546048264498e-17,1.2716234371647977e-16,-5.3864610954279105e-13,-2.5975499642454751e-11,nan,nan,nan,nan,nan,nan,nan,nan,nan,nan,nan,nan,nan,nan,-1.0877184426251463e-07,9.6732748644523525e-08,-8.3948443290759562e-23,1.2005553010464008e-08,3.3831922460758612e-07,-1.2075178890125216e-07,0,0.011028389915471712,0.045442715948066557,1.5994289396782237e-18,0.04167611009706635,0.016849247854348257,0.11270683848601311,5.2020303980841094e-06,-0.00024003114762106937,0.00033235632042955736,-1.6150312233265716e-20,8.3344572130425047e-05,0.00014754447766659169,-0.00039098634954570853,-4.1836053271161745e-09
22,3,support,0.014210526315789474,0.0035000000000000001,0.013684210526315788,0.014736842105263159,0.0030000000000000001,0.0040000000000000001,1000645.2382522764,1.3240401199454752,12.904857374827746,3025.7638223206873,0.1744614323213993,1173,1173,4.0576056287654949e-05,0.23982368959071662,0.40000000000000002,2,300000,0.00033700000000000001,0.0001,0.053794795253789184,0.1879339315454002,7.3883790093178503e-18,0.17828364835311553,0.072095626020225734,0.49746890872539662,2.2657921121689754e-05,0.043272091270847725,0.086585525972296698,2.979748026327207e-18,0.052278512446565464,0.4614998864781415,0.35635666475228672,7.3190798619650404e-06,nan,nan,nan,nan,nan,nan,nan,nan,nan,nan,nan,nan,nan,nan,0.27245757004871624,0.0012755588858932606,7.1997004334480419e-10,0.0017669056970636842,1.9039489141827142e-05,0.40334575503355363,6.2750840874641856e-05,1.0773151939615689e-06,3.2274558570262187e-10,2.7157556740803529e-12,2.1231031587902617e-10,5.1084812801873757e-11,6.1554516309380189e-08,0.32107127982622696,0,0,0,0,0,0,0,nan,nan,nan,nan,nan,nan,nan,nan,nan,nan,nan,nan,nan,nan,4.3884870239131483e-10,9.8326998931352647e-12,-2.4027736758389021e-12,4.9462243747238442e-10,1.1751613137461758e-14,1.1050413396829217e-09,-7.0948920251963656e-12,1.249529993363474e-12,9.6228581284733986e-16,3.5520758525092891e-17,-9.6867353676696104e-17,1.3407938385757017e-16,-7.4544796918848495e-13,-2.0393642886738406e-09,-1.2303117107037576e-07,1.1264821991874285e-07,6.1242109377181825e-23,9.2797957448483072e-09,3.7816576710369976e-07,-1.3280874650023478e-07,0,0.012108325645814485,0.043932989680068181,1.6807211568431477e-18,0.041316158036028644,0.016742444528324459,0.11457923172749299,5.2377254153882564e-06,-1.1041651752376155e-05,-1.6480499361301216e-05,-2.2763874908072782e-20,-0.00015372520053197125,0.00011330371060486004,-0.00016173076756566325,-9.2906921767117901e-09
22,4,support,0.014210526315789474,0.0045000000000000005,0.013684210526315788,0.014736842105263159,0.0040000000000000001,0.0050000000000000001,1000447.2884763262,1.734955967782071,16.913225638460322,2484.1815741152686,0.12325008721699932,1173,1173,4.2295362824721426e-05,0.19366721458130953,0.40000000000000002,2,300000,0.00033700000000000001,0.0001,0.048551974203467289,0.15594309714761043,2.1667417570791301e-17,0.28243605696979579,0.0353860925089345,0.47848995346405043,2.3931877420930371e-05,0.051185594645387217,0.09416282716236607,1.1452775872789958e-17,0.10854381512797814,0.29687151144198398,0.44922611982647037,1.013179581407182e-05,nan,nan,nan,nan,nan,nan,nan,nan,nan,nan,nan,nan,nan,nan,0.23185524792295398,0.0026523528795854732,9.0349140771651893e-10,0.0023630233841247877,4.3038671472926717e-05,0.42228883121949568,0.00010464244652829564,6.343279011964011e-07,2.9862525426332245e-10,2.9602980673764485e-12,2.4802009340791761e-10,6.7632753336127565e-11,1.1160408230966945e-07,0.34069211602312555,0,0,0,0,0,0,0,nan,nan,nan,nan,nan,nan,nan,nan,nan,nan,nan,nan,nan,nan,-5.6258955804340675e-11,1.3199751609876797e-11,-2.8442556374551527e-12,-3.0516603448040351e-10,-5.4419793324433918e-14,-2.4259389028863376e-10,-1.0222439051890756e-11,9.8212345374382171e-13,1.235444827045802e-15,2.8620525760240207e-17,-9.9433807155197404e-17,1.5600101121495464e-16,-1.1921884690833923e-12,6.0414884154210437e-10,-2.0534635741288609e-07,5.376240230781093e-08,8.1289025180342334e-23,1.518296563824489e-07,7.679118460349188e-07,-3.5687444049914419e-07,0,0.010017063074043561,0.033559525459684422,4.6718232437913957e-18,0.06125268986469587,0.007484492964400194,0.10176639540394047,5.1282662862897619e-06,0,0,0,0,0,0,0
23,0,lumen,0.015263157894736843,0.00050000000000000001,0.014736842105263159,0.015789473684210527,0,0.001,1000066.1092334124,1.2867119901686028,12.548298326670849,3068.6042461362235,0.17567506974862027,1173,1173,4.0712672547737844e-05,0.24119843067449404,0.59999999999999998,2,500000,0.00035,0.0001,0.043316202949040164,0.21109905463013859,6.7128870785990292e-18,0.18811765352251336,0.076185648442053264,0.49342921239117676,2.307238587495659e-05,0.033880486005309206,0.094571007282297989,2.6325179603573523e-18,0.053638038512890569,0.47420647066555088,0.34369675049562692,7.2470383245812746e-06,0.27043224572511726,0.0011726961972449244,5.5181464186200628e-10,0.001668169492825845,1.9107477371069698e-05,0.41217086900012428,5.846237728403455e-05,1.2270990540942795e-06,3.4968834042085591e-10,2.5028524948994406e-12,1.7050214473348806e-10,4.1323883515472383e-11,6.2600599009654515e-08,0.31447715891454003,nan,nan,nan,nan,nan,nan,nan,nan,nan,nan,nan,nan,nan,nan,0,0,0,0,0,0,0,1.1809539120478605e-11,5.1603874176798374e-12,4.9051369179213135e-12,1.3679980164177704e-10,2.175278186744567e-14,3.0122564598916712e-11,-4.0408562520716557e-12,5.12947323505486e-13,2.3682485376047754e-16,2.1141974765682894e-17,-7.0500639719498165e-17,9.253861625327986e-17,-2.4458810715005832e-13,-1.8504681130981367e-10,nan,nan,nan,nan,nan,nan,nan,nan,nan,nan,nan,nan,nan,nan,-8.9155120721381292e-08,8.1575216304141662e-08,-5.9555796546784068e-23,7.5445864400104148e-09,2.7499185474566534e-07,-9.6831985541001586e-08,0,0.0095048328690109027,0.048207176839899613,1.4939422553452968e-18,0.042612027319230791,0.017286972546173302,0.11124044224261107,5.2175076233478907e-06,-6.5380798010442883e-05,9.199700288394999e-05,-3.0028058801094883e-21,2.8828996329485676e-05,3.581240302344013e-05,-0.00010025448694302478,-8.7367499119383156e-10
23,1,lumen,0.015263157894736843,0.0015,0.014736842105263159,0.015789473684210527,0.001,0.002,1000065.9916658031,1.3022516093266265,12.699845603464791,3036.4076611700002,0.17545612238066943,1173,1173,4.0693277109767321e-05,0.2411319770146165,0.59999999999999998,2,500000,0.00035,0.0001,0.044113270108872421,0.20649858514456498,6.6951300768282019e-18,0.18505961346690666,0.075095061530760926,0.48935879141675492,2.2815484869235309e-05,0.034920633263517936,0.093627281280610625,2.6572635249337934e-18,0.053403361095834677,0.47306333681713897,0.34497813464839955,7.252894498309775e-06,0.27072153196492327,0.0011826000036504912,5.7005133204004291e-10,0.0016782036917334675,1.9076506574843456e-05,0.41114473683750657,5.8885009301020487e-05,1.2101798442938205e-06,3.4656909070342623e-10,2.5245590900735764e-12,1.7502501775878981e-10,4.2363288670560233e-11,6.2423893325652179e-08,0.31519369224602489,nan,nan,nan,nan,nan,nan,nan,nan,nan,nan,nan,nan,nan,nan,0,0,0,0,0,0,0,1.4973883751547457e-11,5.6690086391339773e-12,2.2830443154401472e-12,7.8368070682425137e-11,2.0807032312386564e-14,1.8294545999636425e-11,-4.3739938361747329e-12,5.9091230172891862e-13,3.0599097732929552e-16,2.2514407623562479e-17,-7.1351011555445642e-17,9.4666231449828827e-17,-3.008575726724525e-13,-1.1552542266533711e-10,nan,nan,nan,nan,nan,nan,nan,nan,nan,nan,nan,nan,nan,nan,-9.2706989145759783e-08,8.4048658866020531e-08,9.0773317841876015e-23,8.6374415585123345e-09,2.867468342077073e-07,-1.0142093975762378e-07,0,0.009781411627472536,0.047687044152176651,1.50852860003525e-18,0.042385641157242269,0.017224038824099043,0.11150681352499393,5.2154506671102678e-06,-0.00013943332014400341,0.00019540293891207459,-8.744490684783074e-21,5.6635289243700554e-05,8.1751884277375374e-05,-0.00022505398579985439,-2.3280528446921414e-09
23,2,lumen,0.015263157894736843,0.0025000000000000001,0.014736842105263159,0.015789473684210527,0.002,0.0030000000000000001,1000065.6589885125,1.3147805034787623,12.822034414514937,3017.0144530970983,0.17475179912085165,1173,1173,4.0654297199583697e-05,0.24093859039610244,0.59999999999999998,2,500000,0.00035,0.0001,0.04646905282671486,0.20016328705490166,6.8113536882703566e-18,0.18171651124415147,0.073968332373896981,0.48870716663931296,2.2646733051889467e-05,0.03713942495506143,0.091628009822934009,2.729402193900736e-18,0.052943156192099362,0.47044866234245358,0.34783347817204313,7.2685154084520555e-06,0.27131154866881901,0.0012049609874945375,6.0927828455708552e-10,0.0017004870897098922,1.9022060384248144e-05,0.40894568650261404,5.9832387791735869e-05,1.1739289850092887e-06,3.3990770845415365e-10,2.5718943876285712e-12,1.8475647870568684e-10,4.461118321208759e-11,6.2073707629580002e-08,0.31675722511933779,nan,nan,nan,nan,nan,nan,nan,nan,nan,nan,nan,nan,nan,nan,0,0,0,0,0,0,0,4.2968880249844509e-11,6.6955886161640314e-12,-3.8053614021367128e-12,-8.6990294979531103e-11,1.669774344834063e-14,1.1861648642474965e-10,-5.0000110061076128e-12,7.7144627491643192e-13,4.7877210514827519e-16,2.5400024445571175e-17,-7.2683681438998606e-17,9.8673705028972305e-17,-4.3219913852483682e-13,-7.2841566219871344e-11,nan,nan,nan,nan,nan,nan,nan,nan,nan,nan,nan,nan,nan,nan,-1.00449430686083e-07,8.9801657665589119e-08,1.3633007585238555e-22,1.053260541729179e-08,3.1187405354071718e-07,-1.1089935975094889e-07,0,0.010349602912241303,0.046537729999747701,1.5426993497913988e-18,0.041887514658499166,0.017060817225976334,0.1119500522868157,5.2062519966414135e-06,-0.00022701716941752261,0.00031275738391297296,-1.7279193836499249e-20,6.3517150848870201e-05,0.00014896358819963706,-0.0003839100488562481,-4.8929877423564563e-09
23,3,support,0.015263157894736843,0.0035000000000000001,0.014736842105263159,0.015789473684210527,0.0030000000000000001,0.0040000000000000001,1000538.7085159994,1.308475803080813,12.754516440054658,3049.3362693382146,0.17513816369324339,1173,1173,4.0599931673407424e-05,0.24045171971009527,0.40000000000000002,2,300000,0.00033700000000000001,0.0001,0.051267328905747006,0.1941911593592836,7.2059457895561712e-18,0.18089458452907811,0.07360246205294256,0.4982035143321713,2.2869712036515043e-05,0.040758585636479439,0.088426074065021662,2.8723155834438664e-18,0.052426161746301533,0.46565665291803332,0.35272522420442326,7.3014297409023035e-06,nan,nan,nan,nan,nan,nan,nan,nan,nan,nan,nan,nan,nan,nan,0.27219714115524596,0.0012445707129434985,6.7443546706391113e-10,0.0017393202551516159,1.8969924637410689e-05,0.40539076613684777,6.1498214798022901e-05,1.1153980870296077e-06,3.2925606812368153e-10,2.6539819992734974e-12,2.0097823701136722e-10,4.8390340604965588e-11,6.1601631104957265e-08,0.31934655534495721,0,0,0,0,0,0,0,nan,nan,nan,nan,nan,nan,nan,nan,nan,nan,nan,nan,nan,nan,1.9012525152092038e-10,8.4003921123520408e-12,1.3582815050503612e-11,7.3801412632996217e-10,9.594159234432853e-15,2.700692909324981e-10,-5.9719911596336045e-12,1.1204995264968431e-12,8.7437437287257077e-16,3.2047788014758761e-17,-8.6434885384083767e-17,1.1987113709777275e-16,-6.6847651784244615e-13,-1.2146825213485772e-09,-1.1360776745305418e-07,1.0630775348907662e-07,-3.3128547481521315e-23,7.0158993232632081e-09,3.4770735936329178e-07,-1.2134874705083121e-07,0,0.011339984403009642,0.045179438178231633,1.6223621255721883e-18,0.04167074727025144,0.016954237869939166,0.11374916535670215,5.2452801558262388e-06,-9.99687372355159e-06,-1.7857118748045795e-05,-2.4066968968860213e-20,-0.00016605331894873013,0.00011975077148381945,-0.00016836521386249124,-9.9504951694435499e-09
23,4,support,0.015263157894736843,0.0045000000000000005,0.014736842105263159,0.015789473684210527,0.0040000000000000001,0.0050000000000000001,1000369.3462879878,1.737949830984429,16.943731367697076,2478.151636200962,0.1218381666725792,1173,1173,4.2422653382466575e-05,0.19184879006293221,0.40000000000000002,2,300000,0.00033700000000000001,0.0001,0.04536268217778492,0.15975510486783287,2.228936583010143e-17,0.29386764807783067,0.034825210388444321,0.4780342164131593,2.4296321833575465e-05,0.047909561861161097,0.096638614119915603,1.1802769766284296e-17,0.11314082316543674,0.29269296113359827,0.4496077350803297,1.0304639558728808e-05,nan,nan,nan,nan,nan,nan,nan,nan,nan,nan,nan,nan,nan,nan,0.22960732068286166,0.0026854734958077111,8.4339012204376346e-10,0.0023586684183625152,4.4718416527060301e-05,0.42539580451711506,0.00010519674846648372,6.3956311344890312e-07,3.0348182042452223e-10,2.8131742798548723e-12,2.3176341330615493e-10,6.3547555452334535e-11,1.1513622928388265e-07,0.33980206157652032,0,0,0,0,0,0,0,nan,nan,nan,nan,nan,nan,nan,nan,nan,nan,nan,nan,nan,nan,-3.0178239499046301e-11,1.0503968044622257e-11,-5.4483394468683207e-12,-3.4660621083658212e-10,-2.4319847351239599e-14,-7.6497034184538903e-11,-8.3843375710783513e-12,6.4138776754985027e-13,7.5362124951589142e-16,1.9911907408883424e-17,-6.865820163718471e-17,1.055568642076017e-16,-8.7583242709188333e-13,4.5686815388328988e-10,-1.9218821926004354e-07,3.7102479200079586e-08,9.0702068728336185e-23,1.5516794345591642e-07,7.3176924310358604e-07,-3.4701558293548374e-07,0,0.0090340157094038788,0.033870319286137159,4.7622197093938224e-18,0.063253776801389966,0.0071890641924295768,0.099632738950771446,5.1189559003563766e-06,0,0,0,0,0,0,0
24,0,lumen,0.016315789473684211,0.00050000000000000001,0.015789473684210527,0.016842105263157894,0,0.001,1000052.9725985681,1.293936951667944,12.618923499497395,3039.6498498678961,0.17626513120707943,1173,1173,4.0734601328440993e-05,0.24179862713810757,0.59999999999999998,2,500000,0.00035,0.0001,0.040033241676845965,0.21396766309901266,6.4155435547769288e-18,0.18724018249773763,0.076392069996465209,0.48575041007358694,2.2877719115293803e-05,0.031488899467494239,0.096395629132905128,2.530072295937985e-18,0.053688326000838067,0.47816750359803806,0.34025241546311863,7.2263376059795179e-06,0.27019675618544425,0.001145559690370991,5.1028629024835252e-10,0.0016431550966827546,1.9025219965221332e-05,0.41403550562871189,5.7347176289990735e-05,1.2675769678143654e-06,3.561200455477284e-10,2.4564019819474042e-12,1.6035679226994482e-10,3.8969487282234733e-11,6.2590407813855395e-08,0.31290131976697044,nan,nan,nan,nan,nan,nan,nan,nan,nan,nan,nan,nan,nan,nan,0,0,0,0,0,0,0,4.8868029401997087e-11,4.1970489233972656e-12,-1.3135583314253368e-12,2.9126920591445938e-11,2.0350312147227045e-14,9.6336666942364868e-11,-3.315704464623986e-12,4.0748892975173145e-13,1.5967656476973475e-16,1.6885272664794451e-17,-5.4986722367663782e-17,7.227715084460042e-17,-1.8106481130219561e-13,-1.7414633633774412e-10,nan,nan,nan,nan,nan,nan,nan,nan,nan,nan,nan,nan,nan,nan,-8.1016557799268307e-08,7.3895303320803407e-08,8.5993412220408739e-23,7.0259844017048667e-09,2.5005722587012613e-07,-8.8073295767543414e-08,0,0.0089466401419139342,0.049118935135275293,1.448661263921337e-18,0.042723617555807135,0.017479080605059691,0.11060888467512588,5.2196948502065955e-06,-5.9801010136886812e-05,8.5043304565586027e-05,-4.0939909819225373e-21,2.4296377377302499e-05,3.4788943156205994e-05,-9.6538466444867285e-05,-1.0389353724778216e-09
24,1,lumen,0.016315789473684211,0.0015,0.015789473684210527,0.016842105263157894,0.001,0.002,1000052.8775158193,1.305101457984372,12.727804860963818,3017.7533892241768,0.17603851903835183,1173,1173,4.0717626311426634e-05,0.24172176426225739,0.59999999999999998,2,500000,0.00035,0.0001,0.040886731800170294,0.2102237945408682,6.4452145055072668e-18,0.18495760551333967,0.075563882692903289,0.4833223575507819,2.2703799180112139e-05,0.032437720111894996,0.095526149019904374,2.5637049975982844e-18,0.053491429265034723,0.47706465945041376,0.34147280887301329,7.2332797388480009e-06,0.27044871895862121,0.0011547322109080787,5.2676001462877583e-10,0.0016524929577943974,1.9004518983328009e-05,0.41311109790127493,5.7739657221582885e-05,1.2513804128289271e-06,3.5323693510266817e-10,2.4746709857189074e-12,1.644144257729129e-10,3.9897033690740607e-11,6.24503047416441e-08,0.31355489887772564,nan,nan,nan,nan,nan,nan,nan,nan,nan,nan,nan,nan,nan,nan,0,0,0,0,0,0,0,3.7833895198203066e-11,4.6411136840147116e-12,-1.4358149710867464e-12,2.6701911066379687e-13,1.7154084142739778e-14,8.6130317938568068e-11,-3.5455034863534026e-12,5.0468483558940846e-13,2.6297120631135286e-16,1.8935028523296932e-17,-5.7942297581235606e-17,7.7282350220473919e-17,-2.5852703046908517e-13,-1.2415457560839071e-10,nan,nan,nan,nan,nan,nan,nan,nan,nan,nan,nan,nan,nan,nan,-8.4189944809034967e-08,7.5958046630297815e-08,1.6650985246583207e-23,8.1469400728160285e-09,2.6070441641601327e-07,-9.2338937218716666e-08,0,0.0092043091964329662,0.048621846824622832,1.4660666768508942e-18,0.042529479593658652,0.017413902035916071,0.11086102382020678,5.2185239906534462e-06,-0.00012522108842029329,0.00017522697430623663,-8.2904290559909842e-21,4.4115434193558766e-05,7.9222342699598633e-05,-0.00021194848864013516,-2.7092155591181063e-09
24,2,lumen,0.016315789473684211,0.0025000000000000001,0.015789473684210527,0.016842105263157894,0.002,0.0030000000000000001,1000052.6094895444,1.3040130250399817,12.717193491420247,3029.1176718082734,0.17531682772805959,1173,1173,4.0685112219228126e-05,0.24149691633725567,0.59999999999999998,2,500000,0.00035,0.0001,0.043428788010164567,0.20645609327690015,6.6221459370636919e-18,0.18387481928705735,0.07522781875936857,0.48751838284561116,2.27796731513692e-05,0.034425749561998037,0.093735883101929526,2.6318867182343087e-18,0.053133942036252581,0.474546987649,0.34415018624878879,7.2514020309705368e-06,0.27093232913832821,0.0011751556188151788,5.6152679662828665e-10,0.0016728472399636454,1.8978080311651318e-05,0.4111930596671286,5.8605624707921527e-05,1.217338535468339e-06,3.4723660841827844e-10,2.5137634355138068e-12,1.7297566853169163e-10,4.1865013673613811e-11,6.2198896329243195e-08,0.31494774396719544,nan,nan,nan,nan,nan,nan,nan,nan,nan,nan,nan,nan,nan,nan,0,0,0,0,0,0,0,1.0094273293870277e-11,5.3727061308475165e-12,-5.0456969564472239e-13,-1.7207136395097532e-11,1.0911844344763111e-14,2.0865513743889563e-11,-3.9034959709150463e-12,6.779759045838496e-13,4.5973324069599885e-16,2.220630402088704e-17,-6.2861980925120098e-17,8.5673462722171864e-17,-3.9108234543003162e-13,-1.5015683243966045e-11,nan,nan,nan,nan,nan,nan,nan,nan,nan,nan,nan,nan,nan,nan,-9.0974663954045132e-08,8.0829056947617772e-08,1.4805502870940456e-23,1.0124947755342993e-08,2.8304796426126266e-07,-1.0108332015867916e-07,0,0.0097288558742455959,0.047533269978484512,1.4990077457945453e-18,0.0421092469601878,0.01724544206492629,0.11126301816182282,5.2109585668810392e-06,-0.00020014949026061325,0.00027222069955555622,-1.500138831143385e-20,3.952680729786323e-05,0.00014438905169711992,-0.00035621474104481914,-5.5311404481589906e-09
24,3,support,0.016315789473684211,0.0035000000000000001,0.015789473684210527,0.016842105263157894,0.0030000000000000001,0.0040000000000000001,1000431.7000152228,1.2982244888171113,12.655944154884338,3058.7819500571477,0.17574237207557597,1173,1173,4.0643199702510595e-05,0.24094556729605782,0.40000000000000002,2,300000,0.00033700000000000001,0.0001,0.047675646599806581,0.20128690255670181,6.9669277497375815e-18,0.18364744334997493,0.074856518303054009,0.49634072234173876,2.3007006692319881e-05,0.037610192664411485,0.090948796782122948,2.7555799903679239e-18,0.052812647122737803,0.46993051352804016,0.34869056140727167,7.2884954159962613e-06,nan,nan,nan,nan,nan,nan,nan,nan,nan,nan,nan,nan,nan,nan,0.27159612442468001,0.001210976338909544,6.1810190190697831e-10,0.0017077181666795512,1.8982413098175285e-05,0.40819867975806623,6.0108955249599156e-05,1.1631556796690792e-06,3.3786557381344062e-10,2.5800152030127802e-12,1.8693860211545646e-10,4.5104641538894929e-11,6.1921139669799433e-08,0.31720618367591807,0,0,0,0,0,0,0,nan,nan,nan,nan,nan,nan,nan,nan,nan,nan,nan,nan,nan,nan,2.0833439796538302e-10,6.1452904292976482e-12,8.4080453041198304e-13,3.1828989744081042e-10,7.9287162772778697e-15,5.1084648078521255e-10,-4.3277738707361179e-12,8.3753446886158933e-13,6.5036885389761398e-16,2.4407521111799644e-17,-6.450970599036437e-17,8.9722815912891624e-17,-5.1124160147395776e-13,-1.0404639373387235e-09,-1.0224075646303107e-07,9.4380518234071786e-08,-1.391959564911984e-23,7.3482160430037668e-09,3.1396669163130664e-07,-1.0990689824907918e-07,0,0.01065092076798607,0.046289052817398757,1.5749103297955181e-18,0.042033680637640305,0.017129848265775228,0.1130163649949604,5.2533540012168445e-06,-7.9177782578684595e-06,-2.0460626497223383e-05,-2.6219364087731572e-20,-0.00018714853221293249,0.00012854083105130409,-0.00017630327704067233,-1.0860535455093815e-08
24,4,support,0.016315789473684211,0.0045000000000000005,0.015789473684210527,0.016842105263157894,0.0040000000000000001,0.0050000000000000001,1000292.8069397947,1.7868766891656733,17.422065196032378,2410.0679911824386,0.11792072932711983,1173,1173,4.262129196903735e-05,0.18878066482347244,0.40000000000000002,2,300000,0.00033700000000000001,0.0001,0.039840352205458035,0.16134750532960973,2.2888071723407478e-17,0.30606125212716645,0.033000328727545075,0.46533543237130204,2.4211959391875811e-05,0.043265051022650512,0.10035725658941957,1.2461950052399218e-17,0.12116201432749658,0.28518545564572939,0.45001966365788176,1.0558756822251536e-05,nan,nan,nan,nan,nan,nan,nan,nan,nan,nan,nan,nan,nan,nan,0.22594283242510738,0.0027502831731859565,7.5924553558302595e-10,0.0023534419159614147,4.7557352769589804e-05,0.43003412593864498,0.00010634072086850865,6.4450729900596929e-07,3.1010614128995239e-10,2.6053829570801753e-12,2.0890799021017788e-10,5.7840677606908736e-11,1.2085824274468981e-07,0.33876465176922255,0,0,0,0,0,0,0,nan,nan,nan,nan,nan,nan,nan,nan,nan,nan,nan,nan,nan,nan,-1.5154406020036917e-11,3.7402942360518528e-12,-8.1293192115996021e-12,-3.079088495220882e-10,-3.9167237161907842e-14,1.708618463727718e-10,-2.3862718371300479e-12,3.9404915962160114e-13,7.4702048502271206e-16,1.0416594489862291e-17,-3.1873992545533775e-17,5.9038819975634931e-17,-6.9966696502820267e-13,1.5932069496286209e-10,-1.7415949443450734e-07,3.002799930929001e-08,-3.4281091720500686e-23,1.439691066110794e-07,6.6648131874513794e-07,-3.1782904258426115e-07,0,0.0081442374054555445,0.03411828874122598,4.8569206802198405e-18,0.065079489636838378,0.0068944208246480209,0.097657913016910999,5.1087940151898642e-06,0,0,0,0,0,0,0
25,0,lumen,0.017368421052631578,0.00050000000000000001,0.016842105263157894,0.017894736842105262,0,0.001,1000039.7890387089,1.2902745074017588,12.583371953172282,3039.9810217631839,0.17681082325941044,1173,1173,4.0740590805958809e-05,0.24235551612755835,0.59999999999999998,2,500000,0.00035,0.0001,0.038168659670266239,0.21695947732443471,6.266429062862491e-18,0.18731605013791416,0.077102587732706868,0.48357312830525906,2.2880806049967442e-05,0.029937695043633125,0.097468111458022477,2.4643042601464945e-18,0.053558761427990688,0.48125522817100641,0.33777299694833074,7.2069510166491855e-06,0.27019705316437714,0.0011262951384045196,4.8358733231157212e-10,0.0016259314642641913,1.8913169382352389e-05,0.41507553200412112,5.6564156002152225e-05,1.2952352914997635e-06,3.6007782400991298e-10,2.4290260253858979e-12,1.5391549969110634e-10,3.7472783676486411e-11,6.2421855821704139e-08,0.31189835220881701,nan,nan,nan,nan,nan,nan,nan,nan,nan,nan,nan,nan,nan,nan,0,0,0,0,0,0,0,3.1553143613020161e-11,3.532916536464522e-12,-9.1477821529076849e-13,1.1928830141903184e-11,1.5974797439727295e-14,6.6137290305814944e-11,-2.7483933737104425e-12,3.6598220114203439e-13,1.573050741943958e-16,1.4836896293137702e-17,-4.7065392706446314e-17,6.2165069096904229e-17,-1.6905395538383692e-13,-1.0970224738048548e-10,nan,nan,nan,nan,nan,nan,nan,nan,nan,nan,nan,nan,nan,nan,-7.580359900893896e-08,6.9355008236460236e-08,2.9111712440559721e-23,6.3831551379584181e-09,2.3378264400741866e-07,-8.2199863193910261e-08,0,0.008427646581530392,0.049972450251481518,1.4102379828446004e-18,0.042835384748357901,0.017645920701619962,0.11004134501135976,5.2228679404817269e-06,-5.7511094272259736e-05,8.0703481367618159e-05,-4.0906251523963941e-21,1.7139681707875364e-05,3.8584606475554945e-05,-0.00010057152278756793,-1.5072215858456301e-09
25,1,lumen,0.017368421052631578,0.0015,0.016842105263157894,0.017894736842105262,0.001,0.002,1000039.7170533095,1.29702964142806,12.64925215028255,3028.3137586669732,0.1765526851962477,1173,1173,4.0726627043632583e-05,0.24223361358089374,0.59999999999999998,2,500000,0.00035,0.0001,0.039124913225795227,0.21400426318761498,6.3185815876176601e-18,0.18585827730313692,0.07650700077118576,0.48286259843602986,2.2793362579136969e-05,0.030848400720003021,0.096643837425761214,2.4978227306053007e-18,0.053420168916006164,0.48003786905584833,0.33904250688637078,7.216996010420979e-06,0.27040268059163186,0.0011356942274191836,4.9930904523020787e-10,0.0016353539949477385,1.8909679014394436e-05,0.41421781627794158,5.6964010049851575e-05,1.2788304223738354e-06,3.57304385367786e-10,2.4451549206545734e-12,1.5775387798683281e-10,3.8348925639392159e-11,6.2331459969579571e-08,0.31253123900194968,nan,nan,nan,nan,nan,nan,nan,nan,nan,nan,nan,nan,nan,nan,0,0,0,0,0,0,0,2.48687902420826e-11,3.6406895318596017e-12,-9.844953053293177e-13,-2.0485015170553911e-12,1.5323029303737634e-14,4.9014649327119852e-11,-2.8026418715586444e-12,3.8696845207353281e-13,1.8388176900991549e-16,1.4770200180741449e-17,-4.4720868102754326e-17,5.9649316455283713e-17,-1.9134319679576211e-13,-7.1899514216151932e-11,nan,nan,nan,nan,nan,nan,nan,nan,nan,nan,nan,nan,nan,nan,-7.8822663335600951e-08,7.1538202750520696e-08,-1.5605351202245114e-23,7.2362192102766701e-09,2.436965002433622e-07,-8.6058093595742235e-08,0,0.0086674058389730781,0.049502113915503534,1.4277659576450793e-18,0.042669095863782806,0.017577763749131153,0.11028039808032045,5.2225032574762992e-06,-0.00012042503239067871,0.00016509891045369439,-8.294972390068246e-21,2.8515442849711651e-05,8.6783787446699425e-05,-0.00021798254732871493,-3.5888431259194542e-09
25,2,lumen,0.017368421052631578,0.0025000000000000001,0.016842105263157894,0.017894736842105262,0.002,0.0030000000000000001,1000039.5150980543,1.2968376452011732,12.647382265539829,3037.7146038408578,0.17575712715730066,1173,1173,4.0700466245702304e-05,0.24191538895747211,0.59999999999999998,2,500000,0.00035,0.0001,0.041551892182316606,0.21030148628458581,6.4917080807077905e-18,0.18508286136388291,0.076080578180474367,0.48685724624279619,2.287238429411599e-05,0.032757131726376246,0.094957632561668628,2.5658826693232483e-18,0.0531894316723611,0.4772917436665417,0.34179681942718282,7.240945869637404e-06,0.27078499959453423,0.0011564466756416899,5.324780944809939e-10,0.0016557125175190581,1.8919193348325343e-05,0.41245259859123012,5.7838760677886753e-05,1.2445884846264826e-06,3.5156658316461329e-10,2.4799634713007637e-12,1.6585422764815284e-10,4.0208901479002503e-11,6.2184344106869882e-08,0.31387217680162938,nan,nan,nan,nan,nan,nan,nan,nan,nan,nan,nan,nan,nan,nan,0,0,0,0,0,0,0,1.069486971265806e-10,4.0726404653383335e-12,-1.0669899090617378e-11,-2.3439488558000105e-10,1.2256526089188258e-14,3.161182947353236e-10,-3.0414694284148932e-12,4.6938039392763198e-13,2.7220427127191277e-16,1.5763792510714103e-17,-4.3033050032659309e-17,5.874314504439085e-17,-2.6334571943322234e-13,-1.792519189630788e-10,nan,nan,nan,nan,nan,nan,nan,nan,nan,nan,nan,nan,nan,nan,-8.5260160104325827e-08,7.6475309251922141e-08,2.2108576821497524e-23,8.4791838221153371e-09,2.6424016243142834e-07,-9.351592955564314e-08,0,0.0091543960498655808,0.048473446269712589,1.4586317884417612e-18,0.042308233946723679,0.017403484957988574,0.11065097431836521,5.2162653076856528e-06,-0.00019547494988666597,0.00026194495927525137,-1.5786573588335136e-20,1.6959914771282738e-05,0.00015472183632159807,-0.00036444631246723084,-6.5928006339966889e-09
25,3,support,0.017368421052631578,0.0035000000000000001,0.016842105263157894,0.017894736842105262,0.0030000000000000001,0.0040000000000000001,1000324.3033712552,1.2957333996257185,12.633015540922164,3056.3966602516621,0.17612273674871373,1173,1173,4.0666587541237173e-05,0.24124214672313743,0.40000000000000002,2,300000,0.00033700000000000001,0.0001,0.045543092988063513,0.20459707777148334,6.8281333530893548e-18,0.18481369771415679,0.075380805396679948,0.49402748434815935,2.3037934788639548e-05,0.035862781368813164,0.092276974763099248,2.6957908233347953e-18,0.05305174658361321,0.47236452681720598,0.34643668539622419,7.2850710441961156e-06,nan,nan,nan,nan,nan,nan,nan,nan,nan,nan,nan,nan,nan,nan,0.27132120862848053,0.0011927192948517932,5.8723745644596906e-10,0.0016904993223022719,1.8967406252851668e-05,0.40963137062719462,5.9352662028883303e-05,1.1896135887203701e-06,3.4241586596376088e-10,2.5404488373450675e-12,1.7926760009671833e-10,4.3317542771429862e-11,6.2028407651585771e-08,0.31608462926211545,0,0,0,0,0,0,0,nan,nan,nan,nan,nan,nan,nan,nan,nan,nan,nan,nan,nan,nan,2.891537330032568e-11,5.1560799652384137e-12,1.1119258774558259e-11,4.3129336985270435e-10,8.8608048849636578e-15,-8.3016904765462196e-11,-3.6461932483473833e-12,6.8970697209014276e-13,5.2071898000174229e-16,2.0387497916756379e-17,-5.2572531876074845e-17,7.3275557562839763e-17,-4.279650057252791e-13,-3.9009206986340504e-10,-9.6133603413699198e-08,9.2610531687853381e-08,-7.9900405489113178e-23,3.594698287554017e-09,2.9195013093175071e-07,-1.0014887685816376e-07,0,0.0099959533241982118,0.04736960852428302,1.5297494069830906e-18,0.042335425265425532,0.01729506119131892,0.11233898173736076,5.2610547106498121e-06,-6.9845525104476788e-06,-2.1403664950540459e-05,-2.7298434046421342e-20,-0.00019657618605691516,0.00013323088789381489,-0.00018185201013835162,-1.1346527551007079e-08
25,4,support,0.017368421052631578,0.0045000000000000005,0.016842105263157894,0.017894736842105262,0.0040000000000000001,0.0050000000000000001,1000217.5931710434,1.8263990437144513,17.808747610369249,2356.8986750454665,0.1168853684284747,1173,1173,4.271222793366426e-05,0.18742010579853643,0.40000000000000002,2,300000,0.00033700000000000001,0.0001,0.036792278243264739,0.16059681034980866,2.2956496563387543e-17,0.30811678605503906,0.031913169778851273,0.45566249818911403,2.3987955733022731e-05,0.040841762590835967,0.1021073924509132,1.2776625205190255e-17,0.12468299841787657,0.28191150101112389,0.45044565227645111,1.0693252799452112e-05,nan,nan,nan,nan,nan,nan,nan,nan,nan,nan,nan,nan,nan,nan,0.22430101176881487,0.0027807324375664724,7.1560456929874345e-10,0.0023520039768234113,4.891829981004543e-05,0.43214673840911005,0.00010689508398156756,6.4659202893654926e-07,3.1319783940630565e-10,2.4947188665782285e-12,1.9712042915244473e-10,5.4825508172260406e-11,1.2359739165323737e-07,0.33826292855123785,0,0,0,0,0,0,0,nan,nan,nan,nan,nan,nan,nan,nan,nan,nan,nan,nan,nan,nan,-3.3311270313811783e-11,5.780005782435319e-12,-3.1785674174987239e-13,-1.0538453077345318e-10,-1.0040796319388257e-14,-1.6133776736468319e-10,-4.5929739795434663e-12,3.0753004309769238e-13,3.9609142770037129e-16,9.6551720541325866e-18,-3.0945029168063688e-17,4.8793026326920049e-17,-5.5899568009623256e-13,2.9942577526555575e-10,-1.6462256705387923e-07,1.0284832041573821e-08,3.3695487419486585e-25,1.5449965172750608e-07,6.4838784832182972e-07,-3.1901746250229124e-07,0,0.0073036879286089403,0.034187804847559934,4.9926580206877772e-18,0.067042732225914337,0.0066075708954211861,0.095672287255265415,5.0981773974098757e-06,0,0,0,0,0,0,0
26,0,lumen,0.018421052631578949,0.00050000000000000001,0.017894736842105262,0.018947368421052629,0,0.001,1000026.5616866179,1.2897911691721862,12.578824586315612,3030.1994057780707,0.17729939190857419,1173,1173,4.0766511908378868e-05,0.24281624398552393,0.59999999999999998,2,500000,0.00035,0.0001,0.035271211056924837,0.22104801853406023,6.0570685808123539e-18,0.18779974872597635,0.077676456426471488,0.47938860351909163,2.2847365112185728e-05,0.027655075536493996,0.099268984301770294,2.3811114190050079e-18,0.053677659037428833,0.48466196422379604,0.33472912308328928,7.1938172216693713e-06,0.26988684262075796,0.0011031390301505428,4.4462944396490387e-10,0.0016037525982811498,1.8866339000315705e-05,0.41688489666237322,5.5596589274103323e-05,1.3343127518665974e-06,3.6630492064961256e-10,2.3881648135458468e-12,1.4442492616371529e-10,3.5302862676449171e-11,6.248687275053654e-08,0.3104455083674878,nan,nan,nan,nan,nan,nan,nan,nan,nan,nan,nan,nan,nan,nan,0,0,0,0,0,0,0,1.164414234143963e-10,2.7621273476698829e-12,-1.1591764668372397e-11,-1.8795218262968632e-10,1.4147320467894353e-14,2.2369652636321236e-10,-2.1986309888134623e-12,2.679846362180216e-13,8.0393509612509817e-17,1.1068917683533418e-17,-3.4572593542338494e-17,4.5632207466695782e-17,-1.0412692280573714e-13,-1.4133544343904207e-10,nan,nan,nan,nan,nan,nan,nan,nan,nan,nan,nan,nan,nan,nan,-6.8394634414326028e-08,6.1847468757481039e-08,1.2482006229295731e-22,6.3348827972612439e-09,2.1149669746090005e-07,-7.4553362316986949e-08,0,0.0079584748749085225,0.050733971738585064,1.3781834012935368e-18,0.042949532519435563,0.017797551358345699,0.10952359715498425,5.2258408972727942e-06,-5.1503860347792606e-05,7.2932578762471216e-05,-4.1697320168949151e-21,1.5477885059080293e-05,3.4598642162143559e-05,-9.0687471691694067e-05,-1.4121577161704625e-09
26,1,lumen,0.018421052631578949,0.0015,0.017894736842105262,0.018947368421052629,0.001,0.002,1000026.5127801046,1.2903097368978149,12.583882588240852,3032.7261505314978,0.1770546515497628,1173,1173,4.0753910688613158e-05,0.24270906058996666,0.59999999999999998,2,500000,0.00035,0.0001,0.036294768259704846,0.2193027382162302,6.1412832882071482e-18,0.18728755840248629,0.077471320332995905,0.48082883438428231,2.2867981524704639e-05,0.02846905830253298,0.09852480931784223,2.4151880692519678e-18,0.053552787956445018,0.48357638840596068,0.3358697528133508,7.2032038682589295e-06,0.27007048888472979,0.0011113823771442795,4.5854153677631703e-10,0.0016121189052845754,1.8864781298717825e-05,0.41612457065393038,5.5949279300028454e-05,1.319234718930782e-06,3.6380626756429285e-10,2.4015364611866148e-12,1.4780474785566246e-10,3.6069366009616221e-11,6.2411827605955616e-08,0.31100524246314198,nan,nan,nan,nan,nan,nan,nan,nan,nan,nan,nan,nan,nan,nan,0,0,0,0,0,0,0,7.8302671845388177e-12,3.1182962161572058e-12,4.5085329488102563e-14,1.9958204677447711e-12,1.4173720790794375e-14,1.2072652122788186e-11,-2.3906256725935549e-12,3.3914169215998324e-13,1.5477749691221479e-16,1.273976165041409e-17,-3.7045704186507766e-17,4.972367858748112e-17,-1.6541006943306018e-13,-2.2859519924448787e-11,nan,nan,nan,nan,nan,nan,nan,nan,nan,nan,nan,nan,nan,nan,-7.1041078139946756e-08,6.3694704288685955e-08,-7.3290181997583773e-24,7.3340680010933473e-09,2.2045476723298041e-07,-7.8377334122858855e-08,0,0.0081811816133246541,0.050285976240252356,1.3953267995926143e-18,0.042814387415291373,0.017727055365501534,0.10974746115845034,5.2261703547234202e-06,-0.00010670897089962809,0.00014712592014008076,-7.261960789486121e-21,2.5255525255032836e-05,7.7594777949918992e-05,-0.00019509644335065617,-3.3188901830716164e-09
26,2,lumen,0.018421052631578949,0.0025000000000000001,0.017894736842105262,0.018947368421052629,0.002,0.0030000000000000001,1000026.3767276475,1.2923576533605192,12.603856825531484,3035.8855767024716,0.17629847265731011,1173,1173,4.0730766934603225e-05,0.24242578509059176,0.59999999999999998,2,500000,0.00035,0.0001,0.038385768034823783,0.2156180049060207,6.2823986393342874e-18,0.18627865802053895,0.076958058539830107,0.48358143556885819,2.2901748574954461e-05,0.030156998345009164,0.097023151118965728,2.4746063182412388e-18,0.053348849902133989,0.48113509494389339,0.33832868039938202,7.2252906155956366e-06,0.27040233101332162,0.00112943475693296,4.8755739058144859e-10,0.0016300361162990369,1.887891864751214e-05,0.41458489241483787,5.6714373818050658e-05,1.2880150821847837e-06,3.5870150284056937e-10,2.4299386451153293e-12,1.5485176402237402e-10,3.7676520239740639e-11,6.2300972361174823e-08,0.31217636104889757,nan,nan,nan,nan,nan,nan,nan,nan,nan,nan,nan,nan,nan,nan,0,0,0,0,0,0,0,-6.8105116441205042e-11,3.6492705707576538e-12,8.2886797597343196e-12,1.6239173681791414e-10,1.0537306704277993e-14,-2.5191394521610622e-10,-2.6407662761556882e-12,4.6456263315397539e-13,3.0179662801089286e-16,1.5442286176506063e-17,-4.1408552237789617e-17,5.6821828944644201e-17,-2.7171586926505869e-13,1.481264554510388e-10,nan,nan,nan,nan,nan,nan,nan,nan,nan,nan,nan,nan,nan,nan,-7.6606532404925598e-08,6.7699565398093853e-08,1.159947146070106e-23,9.1503886708215901e-09,2.389809112129937e-07,-8.5911306846320201e-08,0,0.0086288950400257025,0.049310409301811013,1.4283419946008652e-18,0.042528356114793261,0.017547633603334386,0.1100812603754092,5.2213742122477865e-06,-0.0001671292305923876,0.00022263970222929526,-1.2922478190376569e-20,1.0364132538254966e-05,0.00013831318566988522,-0.00032266032792106503,-6.2565537158939696e-09
26,3,support,0.018421052631578949,0.0035000000000000001,0.017894736842105262,0.018947368421052629,0.0030000000000000001,0.0040000000000000001,1000216.5048909622,1.2947033029828514,12.624332847509153,3044.1555440367742,0.17679508751799972,1173,1173,4.0704006707944084e-05,0.24180168403355023,0.40000000000000002,2,300000,0.00033700000000000001,0.0001,0.041689906663931409,0.21022032663037082,6.5409013626494684e-18,0.1856840567827974,0.076134490297832105,0.48862722179872065,2.299670508739791e-05,0.03280603740616219,0.094747996240410345,2.5806149110823509e-18,0.053264953470922402,0.47675949736869488,0.34241424847853064,7.2670352795824349e-06,nan,nan,nan,nan,nan,nan,nan,nan,nan,nan,nan,nan,nan,nan,0.27080437382324829,0.0011604569971905366,5.3365602368407659e-10,0.001659894671397864,1.8946319498113321e-05,0.4122550028703621,5.801209636007051e-05,1.2391086056927475e-06,3.5087762464438777e-10,2.4767277689435177e-12,1.6605296560158063e-10,4.0256158108750686e-11,6.2244078311812749e-08,0.31404201077592842,0,0,0,0,0,0,0,nan,nan,nan,nan,nan,nan,nan,nan,nan,nan,nan,nan,nan,nan,5.3118976248519846e-11,4.1504615959783123e-12,-1.0443257425872935e-12,3.2405789647692566e-11,4.0575724204183761e-15,1.5044230704946981e-10,-2.8485445396146667e-12,6.0277824398546898e-13,4.8247016491750497e-16,1.7977908055100446e-17,-4.6420702341264565e-17,6.4811002444282536e-17,-3.7977909045112527e-13,-2.3645196921566851e-10,-8.5598402031414333e-08,7.8544817372350195e-08,1.9238286525955665e-23,6.9039591294181147e-09,2.6367767599899672e-07,-9.2536134699283679e-08,0,0.0094169902007722808,0.048294752038177069,1.4913118029843709e-18,0.042709847807165309,0.017414797953272675,0.11175271068383229,5.2704162219341476e-06,-4.5795772647909262e-06,-2.3411625298779935e-05,-3.0456185411058166e-20,-0.00022371035749515862,0.00014376551109955069,-0.00019213223700140651,-1.2474631599847381e-08
26,4,support,0.018421052631578949,0.0045000000000000005,0.017894736842105262,0.018947368421052629,0.0040000000000000001,0.0050000000000000001,1000143.7743712876,1.8627640588400589,18.164674128186707,2313.6853751565491,0.11273594815861943,1173,1173,4.2928711178168045e-05,0.18370662664669946,0.40000000000000002,2,300000,0.00033700000000000001,0.0001,0.031855053816816914,0.16267330282344883,2.4334547370993037e-17,0.32635573794193118,0.03017968017025242,0.4480740149275016,2.4214078033129822e-05,0.036067859622161032,0.10549473527825,1.3814273487437059e-17,0.13470302959801583,0.27192661487377656,0.45179675084464793,1.1009783148592924e-05,nan,nan,nan,nan,nan,nan,nan,nan,nan,nan,nan,nan,nan,nan,0.22013018075324509,0.0028894739184300209,6.3146867692253916e-10,0.0023572295894934083,5.2515544299762144e-05,0.43643517489130895,0.00010908637293899219,6.4194157488176816e-07,3.1754747826088047e-10,2.2774079132766884e-12,1.7420623989200204e-10,4.9086913967111212e-11,1.3030676585962224e-07,0.33802556550732571,0,0,0,0,0,0,0,nan,nan,nan,nan,nan,nan,nan,nan,nan,nan,nan,nan,nan,nan,-4.7186436028738534e-11,9.4730944483833806e-13,2.0056748166362503e-11,2.6949778467103679e-10,-2.9291890094040873e-14,-1.0427732601014927e-09,-2.8582967494814977e-13,1.295682311441837e-13,4.3835683279883123e-16,3.3574862918234117e-18,-7.009314219296917e-18,1.9931299262477446e-17,-4.5505055738106678e-13,8.000981537758975e-10,-1.4724836654243095e-07,1.647904673829359e-08,3.5393888889493916e-23,1.3179239062289435e-07,5.7350133101513601e-07,-2.792902457637858e-07,0,0.0065535133764888596,0.034302434143537605,5.0990384368539849e-18,0.068665007777303583,0.0063282287705540641,0.093905187067843787,5.0865052443276191e-06,0,0,0,0,0,0,0
27,0,lumen,0.019473684210526313,0.00050000000000000001,0.018947368421052629,0.019999999999999997,0,0.001,1000013.2987450953,1.2873646754759493,12.5553264664299,3030.9949615363157,0.17764158985247566,1173,1173,4.0768591421252222e-05,0.24316496686987008,0.59999999999999998,2,500000,0.00035,0.0001,0.034191481978523591,0.22279939099615967,5.9864153399477545e-18,0.18779184586357917,0.078121302995050976,0.47818311127214996,2.285170598931759e-05,0.026758412928468377,0.099868585879276953,2.3489405261793854e-18,0.053575130826665457,0.48652701541952031,0.33326367320316502,7.1817429038987186e-06,0.26991362544654779,0.0010921166143428697,4.294277127824666e-10,0.001593815646819858,1.8790428803185957e-05,0.41744236160293946,5.5146507586252174e-05,1.3509874748449045e-06,3.6854914525654996e-10,2.3742418594020972e-12,1.4079356142669889e-10,3.4467274567129415e-11,6.2354582258638292e-08,0.309882729435279,nan,nan,nan,nan,nan,nan,nan,nan,nan,nan,nan,nan,nan,nan,0,0,0,0,0,0,0,8.9230964833678348e-12,2.4386975435188762e-12,-5.534641196010595e-13,-1.3071506117883542e-11,1.3440800122194174e-14,1.2000501503975358e-11,-1.9244591089352409e-12,2.4505527815299466e-13,8.1118521166799723e-17,1.0077620319318265e-17,-3.1022646161577741e-17,4.1042109281261717e-17,-9.9453801655466002e-14,-7.9718454946957157e-12,nan,nan,nan,nan,nan,nan,nan,nan,nan,nan,nan,nan,nan,nan,-6.5497517822993984e-08,5.9830151555306799e-08,-3.3645440357665022e-24,5.6557600542806613e-09,2.0214670742868535e-07,-7.1140942969893928e-08,0,0.0075118193747584156,0.051472324031833917,1.3519780032670362e-18,0.043071087693951279,0.017919923243634731,0.10906763966828896,5.2305519248324403e-06,-5.0535070705607578e-05,6.8328554428307247e-05,-3.9372823269860695e-21,4.4873733096944409e-06,4.3757058303860798e-05,-0.00010387975788661478,-2.2377410486577792e-09
27,1,lumen,0.019473684210526313,0.0015,0.018947368421052629,0.019999999999999997,0.001,0.002,1000013.2740796102,1.2891394127217846,12.572635318503922,3030.8609298160995,0.1773266755288008,1173,1173,4.0760702211358366e-05,0.24296682220296362,0.59999999999999998,2,500000,0.00035,0.0001,0.035162345394392565,0.22094079092590993,6.0599449204416636e-18,0.18740678264996713,0.077794230588838997,0.47939326459447201,2.2867439019808839e-05,0.027556151940844834,0.099172009685586787,2.3810699898410304e-18,0.053538983718606763,0.48515798168505719,0.33456767637487395,7.1965950303925742e-06,0.27002233102080608,0.001101476496365348,4.4303181686874058e-10,0.0016029531104221819,1.8819241715267414e-05,0.41675287611066691,5.554083011197694e-05,1.3349954770191757e-06,3.6612592939650637e-10,2.3857101128609004e-12,1.4404977029346542e-10,3.5208155701994674e-11,6.2362384920143606e-08,0.31044460484127367,nan,nan,nan,nan,nan,nan,nan,nan,nan,nan,nan,nan,nan,nan,0,0,0,0,0,0,0,1.009165370493661e-12,2.5667078802314093e-12,3.2767830378565135e-13,3.4383107580289952e-12,1.1580146563883176e-14,-7.1641412420497819e-12,-1.9602982267165216e-12,2.8160590179182599e-13,1.3364645720281121e-16,1.0675561447732934e-17,-3.1037300234815789e-17,4.1666441096594356e-17,-1.4101202207062789e-13,1.630390177021194e-12,nan,nan,nan,nan,nan,nan,nan,nan,nan,nan,nan,nan,nan,nan,-6.8094867556288408e-08,6.1550471219806724e-08,-9.7762306355927159e-24,6.551080426258388e-09,2.1083544139710586e-07,-7.4649254000469512e-08,0,0.0077183695867344432,0.051049053066170309,1.3669106398890867e-18,0.04297181015480369,0.017842074395110097,0.10928334432833879,5.2319341294671161e-06,-0.00010517933023094054,0.00013690957356069332,-9.7859834762001821e-21,-1.805095811499564e-06,9.9318747435689581e-05,-0.0002255365617890385,-5.2255657542739087e-09
27,2,lumen,0.019473684210526313,0.0025000000000000001,0.018947368421052629,0.019999999999999997,0.002,0.0030000000000000001,1000013.2065286855,1.2918542287840442,12.599113051725956,3033.2031051988579,0.17640173060859607,1173,1173,4.0748589328119613e-05,0.24246749843702492,0.59999999999999998,2,500000,0.00035,0.0001,0.037205561478305262,0.21737101502911754,6.2503793379713006e-18,0.18706381310857137,0.077131745523029566,0.48244392216392584,2.2929550149268359e-05,0.029218791698442204,0.097775151464486759,2.4610674384421668e-18,0.05355354880233195,0.48203947506032091,0.33740580163538048,7.2313390376934131e-06,0.27017795124389427,0.0011222620954870954,4.715511768479721e-10,0.0016227059269298138,1.8904250249809818e-05,0.4153737540835245,5.6406763225246941e-05,1.3016768635661411e-06,3.6117698552134175e-10,2.4102882230340696e-12,1.5086909692144654e-10,3.6771247421951851e-11,6.2442553213644148e-08,0.31162665049449356,nan,nan,nan,nan,nan,nan,nan,nan,nan,nan,nan,nan,nan,nan,0,0,0,0,0,0,0,2.4628829792277739e-11,2.6975734049623188e-12,-2.2616589613807548e-12,-5.5303176043688297e-11,7.5197552178163374e-15,9.1104580043216421e-11,-1.9608192935908529e-12,3.3564145386633104e-13,2.1977169608073521e-16,1.1549151060864992e-17,-3.1479188557868804e-17,4.3033613513908694e-17,-2.0086254637099575e-13,-5.9048016570340733e-11,nan,nan,nan,nan,nan,nan,nan,nan,nan,nan,nan,nan,nan,nan,-7.3606714783621546e-08,6.5958962292000933e-08,-1.6287478956061333e-22,7.5587670435791803e-09,2.2837467043845816e-07,-8.1112648042669377e-08,0,0.008133738528447015,0.050127957511536585,1.3990080501344844e-18,0.04275016139936421,0.017651481416498367,0.10959630181720054,5.2287656867220169e-06,-0.00017015820929715654,0.00021490040226159574,-1.2257043933408537e-20,-3.8192150947265419e-05,0.00017583601754525652,-0.00037569368990914801,-9.3348558669018643e-09
27,3,support,0.019473684210526313,0.0035000000000000001,0.018947368421052629,0.019999999999999997,0.0030000000000000001,0.0040000000000000001,1000108.4511385807,1.2990453269740616,12.668039386318819,3031.4817989311678,0.17664538473222738,1173,1173,4.0738692174333348e-05,0.24148496125009555,0.40000000000000002,2,300000,0.00033700000000000001,0.0001,0.040419435229028362,0.21133103953279689,6.4703828799669475e-18,0.18712061750961778,0.075827284853226318,0.4865732514602949,2.3001244110658129e-05,0.031916411983674731,0.095578362454593738,2.5616308884300357e-18,0.053862876970713645,0.47647967811422987,0.34215537684308778,7.2936337003291847e-06,nan,nan,nan,nan,nan,nan,nan,nan,nan,nan,nan,nan,nan,nan,0.27031712340212521,0.0011585777693450755,5.1837458663788223e-10,0.0016560522294159596,1.9079641146334894e-05,0.41320399335915547,5.7898019957031098e-05,1.2482238334279868e-06,3.5327767328751039e-10,2.4531800630422887e-12,1.6208293073488721e-10,3.9371490708751487e-11,6.2659547072651317e-08,0.31358596361992702,0,0,0,0,0,0,0,nan,nan,nan,nan,nan,nan,nan,nan,nan,nan,nan,nan,nan,nan,1.5260160337829916e-10,2.8382680640730551e-12,-1.6920968354313789e-11,-3.7823800877271518e-10,3.4876073383427464e-15,6.3317411708695148e-10,-1.9867496618694606e-12,3.7876949840476293e-13,3.0110622677910672e-16,1.1792604855423554e-17,-3.0049387029660891e-17,4.1947580916743406e-17,-2.567690657960108e-13,-3.915942293644209e-10,-8.2833255920632815e-08,8.1153807229839003e-08,3.748521751682401e-22,1.0630696683624112e-09,2.4953864058430142e-07,-8.3535227957121094e-08,0,0.0088482254321106454,0.049241414211705768,1.4513081434449348e-18,0.042961083759682529,0.017558643521938203,0.11116774662272304,5.277095492104955e-06,-3.7445491123784359e-06,-2.4382645573142935e-05,-3.0521736579371159e-20,-0.0002252064096223649,0.00014440708088765729,-0.00019234619213086857,-1.2553625326643649e-08
27,4,support,0.019473684210526313,0.0045000000000000005,0.018947368421052629,0.019999999999999997,0.0040000000000000001,0.0050000000000000001,1000071.175303344,1.8701347109766124,18.237872629350488,2301.6323328046087,0.11242893429010047,1173,1173,4.2964534782759103e-05,0.18340789487249426,0.40000000000000002,2,300000,0.00033700000000000001,0.0001,0.030416765341142009,0.16395571518746654,2.4194853884204847e-17,0.32731505616612316,0.03004978544950445,0.44565187356832164,2.4205691371604118e-05,0.034578139505615557,0.10675485363952446,1.3790320127066501e-17,0.13564339803282183,0.27184730137270424,0.4511652571285294,1.1050320804522754e-05,nan,nan,nan,nan,nan,nan,nan,nan,nan,nan,nan,nan,nan,nan,0.21960321132771118,0.0028798845817822947,6.0400394542581912e-10,0.0023485567618841984,5.2961208132224763e-05,0.43772812601412675,0.00010870455125029599,6.4884055589626259e-07,3.2054798253340249e-10,2.2067644314785835e-12,1.6688455379128478e-10,4.7073534702898997e-11,1.3139140844649143e-07,0.33727777418243848,0,0,0,0,0,0,0,nan,nan,nan,nan,nan,nan,nan,nan,nan,nan,nan,nan,nan,nan,3.3563773626494717e-11,1.9349134187904022e-12,-6.5226507422346553e-12,-1.4858543983930171e-10,-1.5367047911940546e-14,4.0806341053585549e-10,-1.2253412173870691e-12,1.3607452838126921e-13,3.3228518097003918e-16,4.4318525856608445e-18,-1.2712817187078649e-17,2.411743682289717e-17,-4.4657993471435566e-13,-2.8690365422915738e-10,-1.4041877845769393e-07,-1.6258926149870234e-08,-9.1573793178530126e-23,1.562764893892966e-07,5.7753655814674065e-07,-2.9655331662548079e-07,0,0.0058385855695079984,0.034139412170862853,5.318968602421251e-18,0.070626153773830413,0.0060525299929572755,0.092037299905850106,5.074759183366412e-06,0,0,0,0,0,0,0
28,0,lumen,0.020526315789473684,0.00050000000000000001,0.019999999999999997,0.021052631578947371,0,0.001,1000000,1.2852341714389821,12.534714919005014,3024.5627841216874,0.17810547472890367,1173,1173,4.0801370448856592e-05,0.24355579331969474,0.59999999999999998,2,500000,0.00035,0.0001,0.031086896859890474,0.22761627637487719,5.8096570561524629e-18,0.18876383059141946,0.07878317311519889,0.47461830558366236,2.2867705540132075e-05,0.02428881068723052,0.10186023331969089,2.2758420831319773e-18,0.0537640210748438,0.48984355923295547,0.33023620071231824,7.174972961134095e-06,0.26950419413401022,0.0010696073049540748,3.8788139477076552e-10,0.0015715835375422803,1.8769867379472954e-05,0.41941466771247932,5.4193303212774985e-05,1.3931566939254542e-06,3.7532380283484394e-10,2.3323618949249536e-12,1.3068296673337898e-10,3.2181543817992501e-11,6.2497952372256375e-08,0.30836552755737395,nan,nan,nan,nan,nan,nan,nan,nan,nan,nan,nan,nan,nan,nan,0,0,0,0,0,0,0,1.7036792923732943e-11,1.865413448903712e-12,-1.4881707770303869e-12,-2.8142860582874669e-11,1.119612215438881e-14,2.6961954804199939e-11,-1.4772070254229577e-12,1.8833242257376703e-13,5.2675687605712378e-17,7.6503498307293549e-18,-2.2802663870776192e-17,3.0322938185010455e-17,-6.9957987922201271e-14,-1.4885731621373266e-11,nan,nan,nan,nan,nan,nan,nan,nan,nan,nan,nan,nan,nan,nan,-5.7803872246901811e-08,5.1442382686950339e-08,-1.209402722985172e-23,6.3358861350740095e-09,1.797443636569751e-07,-6.4113244824248738e-08,0,0.007116015830057435,0.052103014114354446,1.3298725750953407e-18,0.043209407895708291,0.018034038892870242,0.10864356744870282,5.234583411592574e-06,-4.3836250497910309e-05,6.0837416895535279e-05,-3.2216967040883845e-21,4.006922536760662e-06,3.6390200526066281e-05,-8.7442463569843205e-05,-1.9149593209602889e-09
28,1,lumen,0.020526315789473684,0.0015,0.019999999999999997,0.021052631578947371,0.001,0.002,1000000,1.2852479408493498,12.534849210200656,3027.9963068212014,0.17782734011123116,1173,1173,4.0793903144837678e-05,0.24340014986737807,0.59999999999999998,2,500000,0.00035,0.0001,0.031970598638526387,0.22622904401516791,5.876536630215471e-18,0.18864872617611644,0.078600226131238057,0.47618471489038411,2.2907866272246721e-05,0.024979532075906918,0.10124051958936013,2.3020657709222957e-18,0.053731812500035295,0.48871130081485231,0.33132964736904558,7.1876507997510401e-06,0.26961240067315334,0.0010773122686656908,3.9953398215954479e-10,0.0015792464635857818,1.8790046993898547e-05,0.41880981305824294,5.4520569018135121e-05,1.3790718539001111e-06,3.7319012598819315e-10,2.3414992841648704e-12,1.3346190148124523e-10,3.2808358728528316e-11,6.2492828906044079e-08,0.30884647441432145,nan,nan,nan,nan,nan,nan,nan,nan,nan,nan,nan,nan,nan,nan,0,0,0,0,0,0,0,-7.6995202163637885e-12,1.9651707984587798e-12,1.2630432073663047e-12,1.7578151954304448e-11,1.010183690169919e-14,-2.1482725104035594e-11,-1.5049785258901161e-12,2.1622504134399811e-13,9.3371813984403752e-17,8.2369443966658377e-18,-2.3223905597718821e-17,3.1298457600875803e-17,-1.0348183473397804e-13,9.7580276328604502e-12,nan,nan,nan,nan,nan,nan,nan,nan,nan,nan,nan,nan,nan,nan,-5.9992336414165653e-08,5.3411697675809222e-08,-2.1686259367820575e-23,6.6007354702357262e-09,1.8657876006689111e-07,-6.6609537552331233e-08,0,0.0073069513800343216,0.051705150850020795,1.3430955086411975e-18,0.043116085677957362,0.017964256387384681,0.10883307500619012,5.2356437539434881e-06,-8.9696558781064594e-05,0.00012374800706082913,-6.0676063452503936e-21,8.1415899923735858e-06,7.219053164629727e-05,-0.00017277422472406214,-3.6005906584563171e-09
28,2,lumen,0.020526315789473684,0.0025000000000000001,0.019999999999999997,0.021052631578947371,0.002,0.0030000000000000001,1000000,1.2891762965038032,12.573161931199898,3025.7738852122261,0.17706601629301355,1173,1173,4.0778088890251146e-05,0.2430972592021933,0.59999999999999998,2,500000,0.00035,0.0001,0.033678273748835405,0.22273052203422472,5.9844796993014468e-18,0.18784456502147842,0.077999604692549379,0.47783420263891685,2.2913898496558634e-05,0.026394214885456974,0.099979540184112634,2.3515167302111246e-18,0.053666298573265846,0.48645915692906888,0.33349357790979112,7.2115183046886012e-06,0.26984498692379122,0.0010928281517605511,4.2350197143544226e-10,0.001594610202865412,1.882328421535608e-05,0.41756455966189082,5.5178220432159497e-05,1.3511078724711346e-06,3.6885987200293343e-10,2.3616851233871527e-12,1.3920760822243907e-10,3.4108337926741236e-11,6.2458906363570569e-08,0.30982759902023016,nan,nan,nan,nan,nan,nan,nan,nan,nan,nan,nan,nan,nan,nan,0,0,0,0,0,0,0,1.4774186539116584e-11,2.1410135142846939e-12,-1.2680814085835983e-12,-2.8431337333452443e-11,7.4117686814367811e-15,4.3436526511037021e-11,-1.5629023373633127e-12,2.6392560012467037e-13,1.6179597417304847e-16,9.2122132462758288e-18,-2.428377514096213e-17,3.3334224878792429e-17,-1.5585005159631925e-13,-2.9204944107443172e-11,nan,nan,nan,nan,nan,nan,nan,nan,nan,nan,nan,nan,nan,nan,-6.4505756341894788e-08,5.826430887756473e-08,2.2178877208928666e-23,6.1991634087396369e-09,1.99713874618479e-07,-7.0677922237027957e-08,0,0.0076877163484015314,0.050842542830442074,1.3660730583790014e-18,0.042879149455334865,0.017804916030902687,0.10907488426658565,5.2305398249130437e-06,-0.00013789957048714093,0.00019728737725458967,-8.4867075389371697e-21,1.6986818568434061e-05,9.4423227144983649e-05,-0.00023313502697705331,-3.8049224013484658e-09
28,3,support,0.020526315789473684,0.0035000000000000001,0.019999999999999997,0.021052631578947371,0.0030000000000000001,0.0040000000000000001,1000000,1.2902101104750896,12.583244578936267,3033.6329882085297,0.17790244561007368,1173,1173,4.0748058397507672e-05,0.24277494247359416,0.40000000000000002,2,300000,0.00033700000000000001,0.0001,0.03642807470130513,0.21807506507485849,6.1559001926720143e-18,0.18721520943303213,0.077463216086558137,0.48164330923167603,2.2975764558017407e-05,0.028572173128858888,0.097968292767025594,2.4208137298553922e-18,0.053529386470781419,0.48350128665086867,0.33642162419486049,7.2367876050460216e-06,nan,nan,nan,nan,nan,nan,nan,nan,nan,nan,nan,nan,nan,nan,0.27033820694351779,0.001114588214675333,4.60688222550741e-10,0.0016164727084706293,1.8812210573693057e-05,0.41551258372003236,5.6105563900113933e-05,1.3108090459939994e-06,3.6210031939153525e-10,2.3972011355538732e-12,1.4823089545291377e-10,3.6153240745702516e-11,6.2231267935103673e-08,0.31134185658894609,0,0,0,0,0,0,0,nan,nan,nan,nan,nan,nan,nan,nan,nan,nan,nan,nan,nan,nan,2.2480995311830439e-11,2.5049443919030559e-12,-2.1452698208751339e-12,-4.9998261602409874e-11,4.7945588471653977e-15,8.6308376895036232e-11,-1.7422310091044027e-12,3.4513190916296566e-13,2.615303599961875e-16,1.0933755277689764e-17,-2.7240898552297318e-17,3.8080822585893019e-17,-2.2633766391057305e-13,-5.7532423362142442e-11,-7.1533179917676604e-08,7.1781029564732535e-08,5.2502921076775564e-23,-3.3213652540598374e-10,2.1426377870559232e-07,-7.1153386460576229e-08,0,0.0083613918670160485,0.05005510421473329,1.4129732144017537e-18,0.042971794210111727,0.017780250817259043,0.11055232761088378,5.2736624839247825e-06,-0,-0,-0,-0,0,-0,-0
28,4,support,0.020526315789473684,0.0045000000000000005,0.019999999999999997,0.021052631578947371,0.0040000000000000001,0.0050000000000000001,999999.99999999988,1.9367121352545456,18.888491323268358,2231.8139889936301,0.10754895779265627,1173,1173,4.3229785157714929e-05,0.17803595331604483,0.40000000000000002,2,300000,0.00033700000000000001,0.0001,0.025020519217796897,0.16260041800638067,2.6906991257651851e-17,0.3493771006873676,0.027280944828295635,0.43427005515220979,2.4363751306454333e-05,0.029458322018888358,0.10964928899226453,1.5883257419382915e-17,0.14995129030157467,0.25560311988086554,0.4553264595447008,1.1519261705988255e-05,nan,nan,nan,nan,nan,nan,nan,nan,nan,nan,nan,nan,nan,nan,0.21380333179843297,0.0031037980043306019,5.1663687263349037e-10,0.0023797327431264652,5.8623281570165937e-05,0.44188436661141872,0.00011359810474936461,6.2336476082022785e-07,3.2052070955436022e-10,1.9666465127711391e-12,1.4293642612520288e-10,4.1164414123325952e-11,1.4101945378132823e-07,0.33865578404893187,0,0,0,0,0,0,0,nan,nan,nan,nan,nan,nan,nan,nan,nan,nan,nan,nan,nan,nan,5.2152943252143231e-13,2.9734152852524757e-14,2.5953786990505201e-13,3.9364381556487795e-13,-6.5754693356900873e-15,1.1601754279499943e-11,2.9590816577007543e-13,-4.1184503724034371e-15,2.3366374711894828e-16,3.5284609766087765e-19,2.2447675394715847e-18,2.4137747816323407e-18,-3.2103118077136532e-13,-1.2771090457429648e-11,-1.2376679131825136e-07,-3.066588816214022e-08,2.6290526816925902e-23,1.5442114963034086e-07,5.2572049877991356e-07,-2.781880771851597e-07,0,0.0052115582682963502,0.033868264104081662,5.6044941171344887e-18,0.072772235539602118,0.0056823854193126357,0.090454705471987085,5.0747591791601641e-06,0,0,0,0,0,0,0
