axial_index,radial_index,region,z,r,z_left,z_right,r_inner,r_outer,pressure,density,mean_molecular_weight,cp_mass,velocity_axial,gas_temperature,solid_temperature,viscosity,thermal_conductivity,porosity,tortuosity,specific_surface_area,particle_diameter,pore_radius,Y_CH4,Y_CO,Y_O2,Y_CO2,Y_H2,Y_H2O,Y_AR,X_CH4,X_CO,X_O2,X_CO2,X_H2,X_H2O,X_AR,theta_H(s),theta_O(s),theta_CH4(s),theta_H2O(s),theta_CO2(s),theta_CO(s),theta_OH(s),theta_C(s),theta_HCO(s),theta_CH(s),theta_CH3(s),theta_CH2(s),theta_COOH(s),theta_Ni(s),theta_support_H(s),theta_support_O(s),theta_support_CH4(s),theta_support_H2O(s),theta_support_CO2(s),theta_support_CO(s),theta_support_OH(s),theta_support_C(s),theta_support_HCO(s),theta_support_CH(s),theta_support_CH3(s),theta_support_CH2(s),theta_support_COOH(s),theta_support_Ni(s),wdot_CH4,wdot_CO,wdot_O2,wdot_CO2,wdot_H2,wdot_H2O,wdot_AR,sdot_H(s),sdot_O(s),sdot_CH4(s),sdot_H2O(s),sdot_CO2(s),sdot_CO(s),sdot_OH(s),sdot_C(s),sdot_HCO(s),sdot_CH(s),sdot_CH3(s),sdot_CH2(s),sdot_COOH(s),sdot_Ni(s),sdot_support_H(s),sdot_support_O(s),sdot_support_CH4(s),sdot_support_H2O(s),sdot_support_CO2(s),sdot_support_CO(s),sdot_support_OH(s),sdot_support_C(s),sdot_support_HCO(s),sdot_support_CH(s),sdot_support_CH3(s),sdot_support_CH2(s),sdot_support_COOH(s),sdot_support_Ni(s),sdot_gas_CH4,sdot_gas_CO,sdot_gas_O2,sdot_gas_CO2,sdot_gas_H2,sdot_gas_H2O,sdot_gas_AR,axial_flux_CH4,axial_flux_CO,axial_flux_O2,axial_flux_CO2,axial_flux_H2,axial_flux_H2O,axial_flux_AR,radial_flux_CH4,radial_flux_CO,radial_flux_O2,radial_flux_CO2,radial_flux_H2,radial_flux_H2O,radial_flux_AR
0,0,lumen,0.0005263157894736842,0.00050000000000000001,0,0.0010526315789473684,0,0.001,1000238.4483546615,1.5886367060796116,15.490065193594846,3055.0000319561268,0.14188909963637975,1173,1173,3.966548190930955e-05,0.19196956041376681,0.59999999999999998,2,500000,0.00035,0.0001,0.18046793790033519,0.033218101761665418,9.970704018870767e-17,0.082052451655292416,0.024659247535211475,0.68503416889301982,2.2911420580219907e-05,0.17424796630491918,0.018370244980209397,4.826765900317092e-17,0.028880406858478241,0.18947090870308472,0.58902158956386008,8.8835894484474848e-06,0.25610231731735739,0.0075333316103669045,4.251823842403064e-09,0.0042833193167811723,2.3797062731303065e-05,0.26073380135913499,0.00023742310925446689,8.3703092697090376e-08,6.4338516547832586e-11,1.4746264310221341e-11,1.2269258031262796e-09,3.8005330395751444e-10,4.936979577934341e-08,0.47108587121477141,nan,nan,nan,nan,nan,nan,nan,nan,nan,nan,nan,nan,nan,nan,0,0,0,0,0,0,0,-1.0293233593090487e-08,6.5732617850500451e-10,1.4388867689840763e-09,3.3968028297598328e-08,-3.2343695863940036e-12,-4.2511576276902351e-08,-6.2779797934086706e-10,1.4310935303549904e-11,4.777674416334268e-14,7.049727982041743e-16,-3.3101615815233723e-15,5.1393171133366503e-15,1.5468455149038449e-11,1.7341771403562932e-08,nan,nan,nan,nan,nan,nan,nan,nan,nan,nan,nan,nan,nan,nan,-1.7408918523836858e-06,7.7480579115107862e-07,3.4739835496820929e-21,1.0071321554078012e-06,6.2309712582364618e-06,-2.7805805982161758e-06,0,0.037420140131721728,0.010791263976871667,1.6218725596364746e-17,0.023365243743007032,0.006546912057641744,0.14950513532414061,5.1914819261688908e-06,-1.4183342188910789e-05,2.221129311506089e-06,-1.100580836044316e-19,-1.7801921803012334e-05,2.7844737530188048e-05,-5.1596936431372222e-05,-1.9827738128802859e-09
0,1,lumen,0.0005263157894736842,0.0015,0,0.0010526315789473684,0.001,0.002,1000238.0064693384,1.6227528775523878,15.822723266441384,2992.5032608918214,0.14172250205377701,1173,1173,3.967152678053571e-05,0.19166328761302476,0.59999999999999998,2,500000,0.00035,0.0001,0.17694088864232763,0.032472920761719648,9.9852779432516012e-17,0.080800233335857466,0.023978735297257772,0.67161682287871516,2.2470774931700484e-05,0.17451142027711597,0.018343807171216316,4.9376301529649066e-17,0.029050415413600962,0.18819885559908719,0.58988660169283869,8.8998461408456836e-06,0.25552718488576992,0.0076038844704833068,4.2630194543299591e-09,0.0042944132971021037,2.3985159746057387e-05,0.26069794194844931,0.00023884093808593026,8.2996949443350596e-08,6.4101594000383301e-11,1.4837944926292666e-11,1.231466228899527e-09,3.8222366916472399e-10,4.9593020995800394e-08,0.47161361075542829,nan,nan,nan,nan,nan,nan,nan,nan,nan,nan,nan,nan,nan,nan,0,0,0,0,0,0,0,1.7673282567638175e-10,-7.330084010428407e-13,2.3650596794772941e-11,1.0903000291602158e-09,-1.0716579533498471e-14,1.4861790785655402e-10,4.3931757082714362e-13,-1.9729877454022215e-14,7.148820758708708e-16,9.2008853599849102e-18,-1.270230195339454e-16,7.6224043903185493e-17,2.158857769059673e-13,-1.4391939350153154e-09,nan,nan,nan,nan,nan,nan,nan,nan,nan,nan,nan,nan,nan,nan,-1.7523822817520907e-06,7.3548216859842253e-07,-1.002972628635553e-20,1.0167276585333422e-06,6.2737147890623568e-06,-2.7701765210608187e-06,0,0.037369112664569125,0.010828526967817723,1.6525384802113902e-17,0.02362368069280852,0.0065080211584268629,0.14947449400297352,5.1955282410527057e-06,-6.9689617309831741e-05,1.2666056220606824e-05,-2.9436259690131752e-19,-6.1345812251343391e-05,0.00011995529893294102,-0.00023390396569123394,-6.8488807367142227e-09
0,2,lumen,0.0005263157894736842,0.0025000000000000001,0,0.0010526315789473684,0.002,0.0030000000000000001,1000236.7374821068,1.664625967970442,16.231029267310902,2924.7525791606035,0.14134737707785888,1173.0000000000002,1173,3.9692950467347709e-05,0.19037139940965259,0.59999999999999998,2,500000,0.00035,0.0001,0.17376656279624603,0.031395364597316441,1.0320231965548295e-16,0.080358242058439819,0.022692687830031675,0.65890633571347279,2.2044098120845817e-05,0.1758031643973002,0.018192755502925373,5.2349517806816636e-17,0.029637051028657563,0.18270123031904467,0.59365684259683371,8.9561552383209437e-06,0.25306654883909246,0.0079233502022264795,4.3167146039078476e-09,0.004344148992681705,2.4785828706196043e-05,0.26034942111824089,0.00024521399304025982,7.9831426020938223e-08,6.2961486922381786e-11,1.5264232744400743e-11,1.253022743496883e-09,3.9234015081297514e-10,5.0496468623216708e-08,0.47404639465802983,nan,nan,nan,nan,nan,nan,nan,nan,nan,nan,nan,nan,nan,nan,0,0,0,0,0,0,0,2.7092445016096139e-10,-4.1197060435251639e-13,4.1113094316648632e-11,1.3096613569371339e-09,4.9825161357874848e-14,-2.9583574863911374e-10,-1.2046876399567895e-12,3.4154271208106102e-13,8.5616436552115395e-16,-1.9684351896451161e-18,1.4218846782079258e-17,-1.2013255705490316e-17,1.8597395991754807e-12,-1.3264983047174782e-09,nan,nan,nan,nan,nan,nan,nan,nan,nan,nan,nan,nan,nan,nan,-1.8126273249215175e-06,7.4756734641523437e-07,2.0660264420826826e-20,1.0653124491918006e-06,6.50293524587231e-06,-2.8792082737982838e-06,0,0.037517924966535728,0.010643553266302149,1.7560051974228942e-17,0.023883010066419214,0.0063097094847053862,0.14972810846234766,5.1989127088291913e-06,-0.00063585207560968833,0.00030334356262469117,-2.3764948312815266e-18,0.00058592703797748929,0.00054689019459691179,-0.0014030389395794213,-1.374174701250333e-08
0,3,support,0.0005263157894736842,0.0035000000000000001,0,0.0010526315789473684,0.0030000000000000001,0.0040000000000000001,1001933.8459935262,1.6600119664502526,16.158623738208266,2980.7371525513377,0.13874464816814613,1173.0000000000002,1173,3.9576329454914327e-05,0.18600081927531659,0.40000000000000002,2,300000,0.00033700000000000001,0.0001,0.18634170335327768,0.025204419957841468,1.5169779034401192e-16,0.065340601999582498,0.019615000248132911,0.68739019896730791,2.2425141999583824e-05,0.18768468934877738,0.014540119194521505,7.6605647730686024e-17,0.023990870107007029,0.15721796063216342,0.61655729039382978,9.0703237008051652e-06,nan,nan,nan,nan,nan,nan,nan,nan,nan,nan,nan,nan,nan,nan,0.2464625513558362,0.010030513008898019,4.8422426647659267e-09,0.0047406597684586825,2.5103189799117978e-05,0.24119575860735853,0.00028821446038472325,5.5722442521126469e-08,4.909061915394863e-11,1.8644302335709318e-11,1.450726406148453e-09,4.7423660156982364e-10,4.7508880660326193e-08,0.4972570895437407,0,0,0,0,0,0,0,nan,nan,nan,nan,nan,nan,nan,nan,nan,nan,nan,nan,nan,nan,-8.41512469924775e-09,5.8919740345343521e-10,-5.7334791877137305e-10,-5.5058091820640064e-09,-1.0027953944655166e-12,-1.2088617722669833e-08,-5.5957002365287389e-10,3.2475959855365888e-12,1.1350913037202986e-14,3.3010329337428841e-16,-2.3353848682791713e-15,2.2835801127814651e-15,-3.4404129054815764e-12,2.6554455848959057e-08,-2.3259057846981845e-06,9.5225550934829872e-07,9.3406585001755225e-21,1.3863134249841423e-06,8.3702618221409564e-06,-3.7073086848193881e-06,0,0.03971871838496089,0.0085898271048057695,2.3698187306108151e-17,0.019797554115966658,0.0058159767513056094,0.15305323743015609,5.17511613148711e-06,-1.5446953683535847e-06,1.0160185480655074e-07,-1.7660544168594928e-20,-1.6807077565940827e-06,3.1520541424177318e-06,-6.0655446632204044e-06,-1.8136958166604955e-10
0,4,support,0.0005263157894736842,0.0045000000000000005,0,0.0010526315789473684,0.0040000000000000001,0.0050000000000000001,1001555.0200361545,1.6239758609682482,15.813825952462429,3054.1278813272875,0.13769453837337464,1173,1173.0000000000002,3.9604060341823493e-05,0.18449070487926678,0.40000000000000002,2,300000,0.00033700000000000001,0.0001,0.191696662439483,0.025658841976773206,1.7097562352182506e-16,0.068749768914488141,0.01923406671149375,0.70740139575685779,2.3080761677682019e-05,0.18895827809548874,0.014486414179308408,8.449836716319404e-17,0.024703966913261544,0.15087509093929244,0.62096711357357437,9.1362990743711681e-06,nan,nan,nan,nan,nan,nan,nan,nan,nan,nan,nan,nan,nan,nan,0.24278726887857516,0.010587493356743315,4.9013444134235789e-09,0.0048002820838548878,2.6386922236130078e-05,0.24137602213954609,0.00029796390408305733,5.3209853808346095e-08,4.8161739805521613e-11,1.9322177259822998e-11,1.481315490399521e-09,4.8998908659507403e-10,4.8915102608194992e-08,0.50012447365000567,0,0,0,0,0,0,0,nan,nan,nan,nan,nan,nan,nan,nan,nan,nan,nan,nan,nan,nan,-3.2618918644146652e-09,1.1378822642935748e-09,7.7006171125312496e-10,1.7818721360384358e-08,-2.187577159348808e-12,-1.0419881732838879e-08,-1.0919633833712199e-09,7.6607441093848316e-12,2.5114438270127585e-14,1.0510623908918157e-15,-5.2381475085201086e-15,7.7531187186388539e-15,3.7806903347658194e-12,-4.9622111086784939e-09,-2.4262375832410921e-06,9.5310111616897508e-07,5.8341833878543078e-21,1.4827770045595458e-06,8.7613944411632505e-06,-3.9261030951864839e-06,0,0.039788215934073369,0.008338440237040546,2.6548518679002472e-17,0.020605428800203954,0.0053478010110607314,0.15319750540672847,5.1871377684528268e-06,0,0,0,0,0,0,0
1,0,lumen,0.0015789473684210526,0.00050000000000000001,0.0010526315789473684,0.0021052631578947368,0,0.001,1000227.7716540636,1.521467321540142,14.835285800457864,3016.9766886563966,0.15050829965215182,1173,1173,4.0000970094169325e-05,0.20812212295180069,0.59999999999999998,2,500000,0.00035,0.0001,0.1431706722832842,0.06520448841076372,3.4932023699861376e-17,0.12730091680152908,0.038157052696417219,0.61853578721627167,2.2631274583318831e-05,0.13239280942256512,0.034535066799226084,1.6195592073748703e-17,0.042912710659433126,0.28078907840004008,0.50936193067802282,8.4040407126951894e-06,0.26912892517880266,0.0037951809161869601,2.7888200588749865e-09,0.0031975258723161565,2.2569067905124686e-05,0.31703964296256998,0.00014560373834825334,2.3189121334898154e-07,1.2710323875540171e-10,8.008010984374171e-12,7.6604624447719185e-10,2.1027674826443292e-10,5.693519590037701e-08,0.40667025953733199,nan,nan,nan,nan,nan,nan,nan,nan,nan,nan,nan,nan,nan,nan,0,0,0,0,0,0,0,-1.6168986203898384e-09,3.7744739029520559e-10,3.0859854745923524e-10,5.6401184808172143e-09,-1.8015210634034218e-12,-9.5449325034514115e-09,-3.3539877609763292e-10,1.6220212456161121e-11,4.0915291559890796e-14,6.8881281009073688e-16,-3.3182737843904814e-15,4.7891236238924805e-15,-3.9106536729272205e-12,5.160514403636342e-09,nan,nan,nan,nan,nan,nan,nan,nan,nan,nan,nan,nan,nan,nan,-7.985164236310599e-07,4.6586536742165841e-07,8.7859475945739604e-21,3.4187683907520298e-07,2.7374985118178152e-06,-1.1457448967355788e-06,0,0.030711930616706989,0.017532928842262572,6.7523793816362179e-18,0.031411183970785392,0.0093354762518669965,0.13888140690344258,5.1991650735872115e-06,-1.5056226411145491e-05,-6.8236348142932331e-06,-6.664353140777128e-20,-6.0391913548782092e-05,5.4647934484245343e-05,-8.9224879391687953e-05,-3.6496967302367892e-09
1,1,lumen,0.0015789473684210526,0.0015,0.0010526315789473684,0.0021052631578947368,0.001,0.002,1000227.3404466853,1.5148336064647201,14.770609175890771,3033.1520631377416,0.15027323393814046,1173,1172.9999999999998,4.0020531820630712e-05,0.20751001249816095,0.59999999999999998,2,500000,0.00035,0.0001,0.14408801376129612,0.065636561173710847,3.6458145691889969e-17,0.12951050029449135,0.038015203987791554,0.62290803953489493,2.2806791380729145e-05,0.13266020932484424,0.034612352472200264,1.68294587565658e-17,0.043467222250540082,0.27852565518126654,0.51072612847572862,8.4322954202959817e-06,0.26829783715543576,0.0038399265734852762,2.7971176965793162e-09,0.0032091479972862591,2.2886186168779608e-05,0.31742481613308565,0.00014672546173582029,2.3014296360075131e-07,1.2699424374415832e-10,8.0593623942225775e-12,7.6863021016235815e-10,2.1153202629228069e-10,5.7502155431270035e-08,0.40705836893540376,nan,nan,nan,nan,nan,nan,nan,nan,nan,nan,nan,nan,nan,nan,0,0,0,0,0,0,0,-4.8721025762560611e-10,7.6706563861132033e-12,2.5730760709906158e-10,2.388166040419937e-09,-1.1845461677512104e-13,-5.3131843245814853e-09,-7.6549787428790031e-12,1.0267212427472749e-12,1.6978174623169098e-15,2.1998073392730925e-17,-9.8164901083699154e-17,1.5712327178647795e-16,1.4891977350895945e-12,3.1525060606577895e-09,nan,nan,nan,nan,nan,nan,nan,nan,nan,nan,nan,nan,nan,nan,-8.0471917492455636e-07,4.6270873757525699e-07,-1.702127022019675e-22,3.4706391484488127e-07,2.7606965636167713e-06,-1.1539143078831415e-06,0,0.030744322681537335,0.017480792038443889,7.0335821239708814e-18,0.031681963069170468,0.00923313610057927,0.13896452110746779,5.2031734248094041e-06,-0.00012712293224334341,6.1239547214918832e-05,-2.2012999366507227e-19,-4.3995800532154585e-05,0.00017257244479647348,-0.00033592189637547605,-7.2718909847835144e-09
1,2,lumen,0.0015789473684210526,0.0025000000000000001,0.0010526315789473684,0.0021052631578947368,0.002,0.0030000000000000001,1000226.1244023964,1.5143018545011606,14.765442201056249,3046.400145138588,0.14905303695397729,1173,1173,4.0035103412013706e-05,0.20592730113140501,0.59999999999999998,2,500000,0.00035,0.0001,0.1466023710694018,0.064338301646621326,4.102620264540271e-17,0.1307664867518375,0.037046690216021194,0.62948685468289178,2.2967707960455856e-05,0.13492793346400631,0.033915868414041747,1.8931496465076401e-17,0.043873412301334826,0.27133470393109971,0.51593959306938286,8.4888201346896232e-06,0.26672000096907289,0.0040106027062226995,2.8654247711280665e-09,0.0032652624210780588,2.3421527079703171e-05,0.31583771893622686,0.00015125596876868294,2.1905757508188458e-07,1.2370685891860383e-10,8.3445927710847923e-12,7.8870882608769804e-10,2.188612989980573e-10,5.8084327484066923e-08,0.40999145632460143,nan,nan,nan,nan,nan,nan,nan,nan,nan,nan,nan,nan,nan,nan,0,0,0,0,0,0,0,-5.7034599438393867e-11,5.5238813176174337e-12,9.3446176475664512e-11,8.343816231406972e-10,-8.7009718006958447e-14,-1.0068901247712106e-09,-4.9338625115455216e-12,2.2362417907012544e-13,1.9296854809761152e-15,3.4264390634368696e-17,-2.0321099856921874e-16,2.68815518890641e-16,-8.9184366629495971e-14,1.3545758833821781e-10,nan,nan,nan,nan,nan,nan,nan,nan,nan,nan,nan,nan,nan,nan,-8.4098705678374575e-07,4.7055372515147909e-07,-2.7763110114805963e-20,3.7134672612295322e-07,2.8940587758624625e-06,-1.2130749084127146e-06,0,0.031202729344873347,0.016904590587134755,7.6094751527107024e-18,0.031553860163578223,0.008945226419182533,0.13954878356660683,5.1985120483074983e-06,-0.0007056196345527427,0.00056370209285069807,-3.844617816889576e-19,0.00070672415154118915,0.00045920254313919733,-0.0012627699587011484,-4.5271490635012371e-09
1,3,support,0.0015789473684210526,0.0035000000000000001,0.0010526315789473684,0.0021052631578947368,0.0030000000000000001,0.0040000000000000001,1001848.4394996188,1.5509798349552251,15.098587581220453,3022.8247476827187,0.14770611450874147,1173,1173,3.983779953843753e-05,0.20348406267422692,0.40000000000000002,2,300000,0.00033700000000000001,0.0001,0.15682117723304678,0.05094719348117438,4.7967557322394286e-17,0.10879054441592152,0.033635323658962324,0.63918399827173,2.2554827430740509e-05,0.14758949567058854,0.027462715558475372,2.2633988539576928e-17,0.037323810195015676,0.25190767861485069,0.53570777565475314,8.5243063164542946e-06,nan,nan,nan,nan,nan,nan,nan,nan,nan,nan,nan,nan,nan,nan,0.26819576141914953,0.0046770101348745409,3.2735472150914678e-09,0.0035409945204620185,2.2145709118381506e-05,0.29588092021568102,0.00017009566249091013,1.6576362630591402e-07,1.0088694043089829e-10,9.8329699405214216e-12,9.0853987564996255e-10,2.5788594310939103e-10,5.2973242474417673e-08,0.42751284905120956,0,0,0,0,0,0,0,nan,nan,nan,nan,nan,nan,nan,nan,nan,nan,nan,nan,nan,nan,-2.8711497300739733e-09,7.1386207621378942e-12,-4.8333958685598176e-10,-1.4519196802410665e-08,-7.0173901411951789e-14,-1.4591428900648934e-09,-7.4963201014212047e-12,6.2216648933494101e-13,1.2393000371210453e-15,2.8196009923186122e-17,-1.4654262496972168e-16,2.1866024921551041e-16,1.3449131145324659e-12,1.9331288207449733e-08,-1.0417157535295984e-06,5.5424063563624948e-07,-1.542853096185557e-21,4.8941570214289649e-07,3.6174519262022198e-06,-1.5170958932442247e-06,0,0.033808056166244417,0.013987410768829932,8.8595986040200589e-18,0.02724616417799804,0.0085188131352819246,0.14322537478350228,5.171904747330973e-06,-5.4040203413977127e-06,7.9446910564507502e-07,-1.243116553485411e-20,-7.2636398134176505e-06,1.1542832217163576e-05,-2.1139472747324145e-05,-7.2857364606363898e-10
1,4,support,0.0015789473684210526,0.0045000000000000005,0.0010526315789473684,0.0021052631578947368,0.0040000000000000001,0.0050000000000000001,1001470.7584633899,1.5503118259508184,15.097776223329515,3053.3189722459251,0.14443989635990609,1173,1173,3.9949543434131198e-05,0.19824233343952408,0.40000000000000002,2,300000,0.00033700000000000001,0.0001,0.1613962971616536,0.050202810260197885,5.919218801388e-17,0.11746956950762806,0.030773739577443896,0.65660749182030287,2.3224316944831145e-05,0.15188712696008469,0.027060006965038866,2.7928945834202378e-17,0.040299240461656047,0.23046380639646177,0.55028104235718001,8.7768595787920007e-06,nan,nan,nan,nan,nan,nan,nan,nan,nan,nan,nan,nan,nan,nan,0.26053811784060504,0.0053342585449785559,3.4208742426224354e-09,0.0036934863723892273,2.4874451550881131e-05,0.29594567025784074,0.00018552391535353607,1.4776631844255101e-07,9.653281833417771e-11,1.0715903880899266e-11,9.5735909545628822e-10,2.7940753745407262e-10,5.6907611307442156e-08,0.43427785917844963,0,0,0,0,0,0,0,nan,nan,nan,nan,nan,nan,nan,nan,nan,nan,nan,nan,nan,nan,-2.7611110824994048e-09,7.6257240143340053e-10,4.5705750827038886e-10,1.3263969065507409e-08,-8.3730808744797436e-13,-7.151524354914035e-09,-7.0898596432465373e-10,9.1244320042302429e-12,1.9636133939863815e-14,8.2653117216780183e-16,-4.4348719081945576e-15,5.9216140345211729e-15,-9.3276841301709209e-12,-3.8609595541449129e-09,-1.1577481579018445e-06,5.5690978018052562e-07,2.0789955116718397e-20,6.0753386320161949e-07,4.0811811619356764e-06,-1.778123227325068e-06,0,0.033920062824849453,0.013201934978814117,1.1162785302719701e-17,0.029041890463189737,0.0073631907053557976,0.14313743718778371,5.1864559865800986e-06,0,0,0,0,0,0,0
2,0,lumen,0.002631578947368421,0.00050000000000000001,0.0021052631578947368,0.0031578947368421052,0,0.001,1000216.5129665746,1.4672322728021951,14.306620199575406,3025.9853353794579,0.15583844040791991,1173,1173,4.0187857209261127e-05,0.21652814671461335,0.59999999999999998,2,500000,0.00035,0.0001,0.12194986802160705,0.090628404559999307,2.2473152292369678e-17,0.14872361064776138,0.046405163422439652,0.58841143753467695,2.2726609587095024e-05,0.1087508848203876,0.04629011650601135,1.0047967202142331e-17,0.048347660984049877,0.32931599622225838,0.46728720276962599,8.1386976667483785e-06,0.27141841159931968,0.0027646529353875342,2.1333181280119318e-09,0.0027317117012600842,2.2044887862277142e-05,0.34423466782704309,0.00011486597080427573,3.6978258210220788e-07,1.7181385796665567e-10,5.8523892599563431e-12,5.8192269752842892e-10,1.5192073561832637e-10,6.0208492546492267e-08,0.37871321204243757,nan,nan,nan,nan,nan,nan,nan,nan,nan,nan,nan,nan,nan,nan,0,0,0,0,0,0,0,-4.0143309135064081e-10,6.5209035711732713e-12,6.5148229534363181e-11,1.3371412449121148e-09,4.5297966766444375e-16,-1.0667394750732764e-09,-5.8898485526232708e-12,3.9330084328215165e-13,1.8563001885346149e-16,1.0413289567273018e-17,-4.7884142112584833e-17,6.2462563221266338e-17,1.5233870678926925e-13,6.4705656932047031e-11,nan,nan,nan,nan,nan,nan,nan,nan,nan,nan,nan,nan,nan,nan,-5.2432496085164093e-07,3.6179017187665252e-07,7.7720182902826836e-22,1.6353583391489984e-07,1.7365192475221614e-06,-6.891331782998833e-07,0,0.026361290982523777,0.022831959140432942,4.5971039387061644e-18,0.035310660795035399,0.011025866322884138,0.13262202483961699,5.2069291025389992e-06,-3.6122527464730501e-05,8.929155340904301e-06,-5.8239231004991248e-20,-5.2992412769174923e-05,7.2167362738974236e-05,-0.00012451406552034373,-3.6878874547734635e-09
2,1,lumen,0.002631578947368421,0.0015,0.0021052631578947368,0.0031578947368421052,0.001,0.002,1000216.1063477284,1.4667191854356563,14.30162302519787,3031.5043775605723,0.15526814063665353,1173,1173,4.0204508710886299e-05,0.21582478857248974,0.59999999999999998,2,500000,0.00035,0.0001,0.12269440327698153,0.090467112019237031,2.3680554622966672e-17,0.15023712078601298,0.046023514824321932,0.59090993073746245,2.2811737627122294e-05,0.10937661927127047,0.046191593440823825,1.0584110420816175e-17,0.048822619597643134,0.32649353140479065,0.46910746995575747,8.1663297144636998e-06,0.27073303781906738,0.0028043871973804976,2.1494041595825633e-09,0.0027472248757226948,2.2314031163086794e-05,0.34419039530614859,0.00011601646614866154,3.650655827296968e-07,1.7101517215915979e-10,5.9108101906759333e-12,5.8632781869904434e-10,1.5349430379868717e-10,6.0682033655116233e-08,0.37938619549051977,nan,nan,nan,nan,nan,nan,nan,nan,nan,nan,nan,nan,nan,nan,0,0,0,0,0,0,0,4.5275651226576015e-11,3.3181933203428224e-12,4.3795956342437689e-11,1.0725861288524315e-09,-2.0407503811825656e-14,-6.964377729026805e-10,-3.0435359680042362e-12,5.2682912286133865e-13,3.5688038871982343e-16,7.6991784428444408e-18,-3.1565011583724992e-17,4.7263901047885741e-17,4.7405281453678119e-13,-4.6647558098418382e-10,nan,nan,nan,nan,nan,nan,nan,nan,nan,nan,nan,nan,nan,nan,-5.3136721635781148e-07,3.6502733766208273e-07,-7.1773350285502133e-21,1.6699153965967494e-07,1.7609406490759483e-06,-6.9938774771571843e-07,0,0.026480630439995149,0.022675368862529119,4.7363147983059261e-18,0.035484043400428711,0.010902656218969794,0.13278516884481734,5.2077452266050217e-06,-0.0001767169876650285,0.00013019334528433557,-1.8710008884140892e-20,2.0457762370254095e-05,0.00017784581617585185,-0.00037760636954050622,-5.1013595241889226e-09
2,2,lumen,0.002631578947368421,0.0025000000000000001,0.0021052631578947368,0.0031578947368421052,0.002,0.0030000000000000001,1000214.9655398041,1.476149001504784,14.393587291261561,3026.3698044681159,0.15443083590530465,1173,1173,4.0193427142750111e-05,0.2144878550778849,0.59999999999999998,2,500000,0.00035,0.0001,0.12533380961005219,0.087083808081578534,2.3913666712888596e-17,0.14871423617431573,0.044749068514870413,0.59408577641483251,2.2772499815410551e-05,0.11244799159562696,0.044750031891384136,1.0757030104572095e-17,0.048638490759351526,0.31949386104733712,0.47466142000132061,8.2047049795581862e-06,0.27013511535080442,0.0029248638051053923,2.2288975231587105e-09,0.0028038256633975589,2.2545639146280432e-05,0.34132103986043516,0.00011969647924641294,3.4502586482269048e-07,1.6531200561417634e-10,6.1574738621835927e-12,6.0819203272231415e-10,1.6030717312725e-10,6.0652539837958342e-08,0.38267250435460182,nan,nan,nan,nan,nan,nan,nan,nan,nan,nan,nan,nan,nan,nan,0,0,0,0,0,0,0,-1.5241867744709728e-09,3.9062751020407771e-11,1.0188969083777309e-10,4.9273948195131131e-09,-6.923368128797236e-14,-4.9060165030955991e-09,-3.4308354942520017e-11,2.0787936259522577e-12,1.8660604454263581e-15,4.2825583493206995e-17,-1.743730151426481e-16,2.1908986609445635e-16,-2.5939521791892355e-13,1.3944120296672613e-09,nan,nan,nan,nan,nan,nan,nan,nan,nan,nan,nan,nan,nan,nan,-5.6188258465948715e-07,3.8416691419684845e-07,8.2904192600593417e-21,1.8251804515933672e-07,1.8686418533087057e-06,-7.4922848181113721e-07,0,0.027146772568928852,0.021777411847106392,4.8454759442049031e-18,0.034990455143451706,0.010617877227279198,0.13352571086588186,5.194785843143502e-06,-0.00066161817523112648,0.00065495542839052361,-2.2151740963955554e-19,0.00063937641323285439,0.00036310014252800707,-0.0010697608550058147,-4.5059862273125611e-10
2,3,support,0.002631578947368421,0.0035000000000000001,0.0021052631578947368,0.0031578947368421052,0.0030000000000000001,0.0040000000000000001,1001758.2197866429,1.4785882431568558,14.395161153036128,3066.0854287504812,0.15338144455281585,1173,1173,3.9981647092213426e-05,0.21321650770321776,0.40000000000000002,2,300000,0.00033700000000000001,0.0001,0.13820042525458623,0.072898754771539759,2.8491803454689049e-17,0.13105962141367683,0.042716066274181959,0.61401787566606203,2.277947785597142e-05,0.12400532275496433,0.037464809810495402,1.2817804308734305e-17,0.042869057940552673,0.30501223107173653,0.49064037030573754,8.2081165136101749e-06,nan,nan,nan,nan,nan,nan,nan,nan,nan,nan,nan,nan,nan,nan,0.27346444189593727,0.0032785470277539581,2.5486111649077413e-09,0.0030050830515445438,2.1187362214425807e-05,0.32392710056102597,0.00013119593858257119,2.767077564268306e-07,1.4032150922592244e-10,7.0943944126867592e-12,6.9729449972143521e-10,1.8633936848598481e-10,5.5740994728945034e-08,0.39617210813476567,0,0,0,0,0,0,0,nan,nan,nan,nan,nan,nan,nan,nan,nan,nan,nan,nan,nan,nan,-3.1700862408060705e-09,1.3083490626086963e-14,-2.615529380401478e-10,-1.1323656449587564e-08,-6.0440367988245924e-14,-4.8106465163396533e-09,3.951639043232174e-13,1.4805366134462705e-13,1.4858792357066329e-15,1.1029251471567008e-20,-7.0178871708642049e-19,5.0673032626210191e-20,-2.5585294178272928e-13,1.9565700642194951e-08,-6.8146987415064475e-07,4.5008611637697982e-07,3.407842336111841e-21,2.3645612395359007e-07,2.2832353218510404e-06,-9.0686383846794172e-07,0,0.0297674363291991,0.018515837757889099,5.6457603519750171e-18,0.031127305380778139,0.01027443643399375,0.1370801752792622,5.1731120928198753e-06,-8.7774829268621223e-06,1.274267598132527e-06,-1.3429070826084634e-20,-1.468790702617801e-05,2.0620697877558841e-05,-3.6407074286288606e-05,-1.3418038249357635e-09
2,4,support,0.002631578947368421,0.0045000000000000005,0.0021052631578947368,0.0031578947368421052,0.0040000000000000001,0.0050000000000000001,1001383.5258357754,1.5479685352578207,15.076269200575268,2978.6705362364596,0.14549779790149306,1173,1173,4.0200989764904694e-05,0.20412006506939445,0.40000000000000002,2,300000,0.00033700000000000001,0.0001,0.13921649173676162,0.068434827767586498,3.8979491989530499e-17,0.14229927432040965,0.035923523827832704,0.61530725810029074,2.2945622490924785e-05,0.13082748280141376,0.036834769229530079,1.8365688934803082e-17,0.048747805373923585,0.26864718048694741,0.51493410292466446,8.6591835205996616e-06,nan,nan,nan,nan,nan,nan,nan,nan,nan,nan,nan,nan,nan,nan,0.26257697485852149,0.0039975876661902587,2.7504272322688611e-09,0.0032261513512856104,2.5385671299221033e-05,0.3246210302629407,0.00015010333420315764,2.3360667474948852e-07,1.3241949539599896e-10,8.0549688619915789e-12,7.5704752340880738e-10,2.1069670083457583e-10,6.2675808013120464e-08,0.40540246671443148,0,0,0,0,0,0,0,nan,nan,nan,nan,nan,nan,nan,nan,nan,nan,nan,nan,nan,nan,9.7696906798057397e-10,1.2777699857035014e-10,1.1109396041192037e-10,4.7131532188239968e-09,-2.6270847476583814e-13,7.3829320912030538e-10,-1.1487537989041616e-10,3.041522545974007e-12,6.6354321030070331e-15,1.8399488970684426e-16,-9.243356390189532e-16,1.2766618667446347e-15,-3.0973533759398733e-12,-6.5520993087434644e-09,-8.0090956237552358e-07,4.3656416942594589e-07,-1.1338894894573388e-22,3.6349631714583755e-07,2.7654687204531347e-06,-1.1690144382514589e-06,0,0.029854844279539126,0.017071177542708579,7.9422958071364572e-18,0.034079860325198469,0.0083777345867792358,0.13647991856906422,5.1852004772939669e-06,0,0,0,0,0,0,0
3,0,lumen,0.0036842105263157894,0.00050000000000000001,0.0031578947368421052,0.0042105263157894736,0,0.001,1000204.8777298117,1.4234163727310654,13.879543616010023,3047.0317126125856,0.15951749080563532,1173,1173,4.0317243445559203e-05,0.22186222185667598,0.59999999999999998,2,500000,0.00035,0.0001,0.10713872631731089,0.11184981155514614,1.717616050099673e-17,0.16199373493605623,0.052407882050412524,0.57106786156946243,2.2921254766305189e-05,0.092690682845158481,0.055423932092900849,7.450380299680376e-18,0.051089529631788026,0.36081224441538168,0.43997564764667929,7.9633680916798628e-06,0.27170570906118191,0.0022722389402573965,1.7389410580934198e-09,0.0024598226480679131,2.1696413727168644e-05,0.36124856196375199,9.8817764736171889e-05,4.9258886460663229e-07,2.0593086538829823e-10,4.7648294506764303e-12,4.7513510657011814e-10,1.2062892751047361e-10,6.2018152686402124e-08,0.36219259605579501,nan,nan,nan,nan,nan,nan,nan,nan,nan,nan,nan,nan,nan,nan,0,0,0,0,0,0,0,1.0622679624960753e-10,1.2474832737533784e-12,2.8384438511546171e-11,7.1116270196656843e-10,-3.2864227832163362e-14,-6.2051056729916371e-10,-4.9998845359293299e-13,2.3202165015667742e-13,1.6593056722470763e-15,6.9478066780722592e-18,-2.5353785983138824e-17,4.1830961310447015e-17,-3.9724657013288643e-13,-2.2581428432273319e-10,nan,nan,nan,nan,nan,nan,nan,nan,nan,nan,nan,nan,nan,nan,-3.8999642368829635e-07,2.9484379776567593e-07,-2.374499755617363e-22,9.5744948412843208e-08,1.2655964859165092e-06,-4.8642423572387017e-07,0,0.023176961993713031,0.027109420299395032,3.5956008926418231e-18,0.037597466316396787,0.0122156455555417,0.12829326015694636,5.2126859654031401e-06,-5.1509004991422326e-05,2.8503781764063852e-05,9.0271982952357047e-22,-3.2820695868782235e-05,7.2742463739867093e-05,-0.00013137579591595419,-2.7345167102389988e-09
3,1,lumen,0.0036842105263157894,0.0015,0.0031578947368421052,0.0042105263157894736,0.001,0.002,1000204.5008157108,1.4281568206500073,13.925772340532854,3042.0196566549366,0.15918562306075637,1173,1173,4.0325693269524793e-05,0.22124142758976298,0.59999999999999998,2,500000,0.00035,0.0001,0.10779434046088869,0.11085599024956436,1.7100465676571269e-17,0.16237045373724832,0.051838018695447609,0.57160019979319832,2.2902648359320054e-05,0.093568499959871917,0.055114433516592766,7.4422523885563983e-18,0.051378899170032084,0.35807760264736571,0.44185258130020388,7.9834059335962289e-06,0.27127698906874265,0.0023044788025708062,1.7593182991557912e-09,0.0024758175470700043,2.1881290745688914e-05,0.36082111608871692,9.9839337466366189e-05,4.8514425278071888e-07,2.0445771189508978e-10,4.8220670769209898e-12,4.8053954963118409e-10,1.2228999903674704e-10,6.2309318700137907e-08,0.3629993278396848,nan,nan,nan,nan,nan,nan,nan,nan,nan,nan,nan,nan,nan,nan,0,0,0,0,0,0,0,3.5041439878984163e-10,8.1685909980776745e-13,2.2942261150846524e-13,6.2577512221510123e-10,3.8249568443116111e-15,1.7760605345359254e-10,-7.5305535163725394e-13,7.7476003043641661e-15,1.0867874272623412e-17,1.0342705392573861e-18,-5.181805015130636e-18,6.2255338606293802e-18,-1.6216291601280206e-14,-1.1540841341998439e-09,nan,nan,nan,nan,nan,nan,nan,nan,nan,nan,nan,nan,nan,nan,-3.9688839341585347e-07,2.9860895520150699e-07,4.6010029729984251e-21,9.8101607367188747e-08,1.2885913204252475e-06,-4.9561559012367695e-07,0,0.02337481628154817,0.026844105487302788,3.5864328086218711e-18,0.037634234630893069,0.012096010492009196,0.12851388716917617,5.2096918722031816e-06,-0.00020059085089165317,0.00018240710454056988,-4.3224701996077846e-20,7.0584664258931037e-05,0.00016041394773259996,-0.00036637883338466244,-2.7542526868518402e-09
3,2,lumen,0.0036842105263157894,0.0025000000000000001,0.0031578947368421052,0.0042105263157894736,0.002,0.0030000000000000001,1000203.4383874841,1.4369687472132711,14.011711179494537,3037.9955759129653,0.15807104132315863,1173.0000000000002,1173.0000000000005,4.0292447703611888e-05,0.22027507757770837,0.59999999999999998,2,500000,0.00035,0.0001,0.11105668542429518,0.10620732912478441,1.788729468497101e-17,0.15941473270237394,0.050647451971429273,0.57484118536077133,2.281991403413559e-05,0.09699521291012933,0.053129111775865677,7.8327272613388811e-18,0.050754918139062154,0.35201263343302985,0.44710012008622879,8.0036556842854051e-06,0.2713835851344169,0.0023933021519728973,1.8401121305527686e-09,0.0025277003965114282,2.190554387217647e-05,0.35731322742453364,0.00010280567430402771,4.5845072161038105e-07,1.9717003090163052e-10,5.0325123855995551e-12,5.0222481576612671e-10,1.2846151635612854e-10,6.184903246275379e-08,0.36625695070159248,nan,nan,nan,nan,nan,nan,nan,nan,nan,nan,nan,nan,nan,nan,0,0,0,0,0,0,0,-9.5255337790193418e-11,2.9822744743659896e-11,2.552832629785496e-11,5.724061547097378e-10,-1.1891984792733457e-13,-8.9056942332785272e-10,-2.5138887764544545e-11,2.9532547197660963e-12,3.0163185044305706e-15,7.2427924702846209e-17,-3.0939919983612677e-16,4.2869188766392246e-16,2.6714048342933948e-13,3.8010161643493949e-10,nan,nan,nan,nan,nan,nan,nan,nan,nan,nan,nan,nan,nan,nan,-4.2259416894660506e-07,3.1420818766281222e-07,6.3376329339049915e-21,1.0924791772722375e-07,1.377015780248958e-06,-5.3239084313316809e-07,0,0.024183601407326921,0.025684573984869105,3.571971619402133e-18,0.03686955842011605,0.01183515185690277,0.12934323060129377,5.1910140969070175e-06,-0.00061214857282017548,0.00068466251929188017,-1.3984533953257716e-19,0.00056231891278838808,0.00029969278527219802,-0.00092479300541343362,1.1489782893147718e-09
3,3,support,0.0036842105263157894,0.0035000000000000001,0.0031578947368421052,0.0042105263157894736,0.0030000000000000001,0.0040000000000000001,1001664.7334513004,1.4371493298138731,13.993028234897176,3078.7602824287242,0.15766411011834769,1173.0000000000002,1173,4.0082881050574972e-05,0.21963116222818374,0.40000000000000002,2,300000,0.00033700000000000001,0.0001,0.12323819442129882,0.091392275480164348,2.0814635296847638e-17,0.14397753623912213,0.049064191852271573,0.59287467150402906,2.2826146427796156e-05,0.10749083925419074,0.045657075731718698,9.1024370088091857e-18,0.045778857274306785,0.34055387991629371,0.46051135265674531,7.9951667448823252e-06,nan,nan,nan,nan,nan,nan,nan,nan,nan,nan,nan,nan,nan,nan,0.27512339171104666,0.0026243029117914026,2.1033471420499308e-09,0.0026853913915981464,2.0670375294527213e-05,0.34221169509932359,0.00011095964235746066,3.8175731052176397e-07,1.7202621120089261e-10,5.7062536946894087e-12,5.7392750609115158e-10,1.4813534754237938e-10,5.7449166795883308e-08,0.37722314665922857,0,0,0,0,0,0,0,nan,nan,nan,nan,nan,nan,nan,nan,nan,nan,nan,nan,nan,nan,-3.094906992850754e-09,7.380406724685115e-11,-1.5108621497268064e-10,-8.6774418201721863e-09,-2.1048191401612515e-13,-4.998551184293501e-09,-6.423428263596605e-11,4.3568489744780226e-12,4.9382740300935642e-15,1.4197506883245992e-16,-6.5635437623702985e-16,8.7756758058421562e-16,-5.8053719448283402e-13,1.6908845351149654e-08,-5.0652878055834627e-07,3.7526964130618623e-07,9.723788508513172e-22,1.3640520554419179e-07,1.6580290859019575e-06,-6.3441205200298612e-07,0,0.026661668406446216,0.022407358519981848,4.2762976742891432e-18,0.03355828750303759,0.011563982624932988,0.13264828665198014,5.1765270151842701e-06,-1.1550522705956389e-05,1.5355966298363342e-06,-1.3317362209344648e-20,-2.2906389928803473e-05,2.9589781317921715e-05,-5.116842513144663e-05,-1.9762680424433991e-09
3,4,support,0.0036842105263157894,0.0045000000000000005,0.0031578947368421052,0.0042105263157894736,0.0040000000000000001,0.0050000000000000001,1001295.0988487401,1.5511007283846157,15.108108969614896,2921.2414197679082,0.14670623032173194,1172.9999999999998,1173,4.0416903892118055e-05,0.20686577076533136,0.40000000000000002,2,300000,0.00033700000000000001,0.0001,0.12351306311887671,0.083263378153798848,3.0677587756649292e-17,0.1595832944907199,0.038742517067371363,0.58861981262562091,2.285980602235504e-05,0.11631545326752553,0.044910824360080169,1.4484665877629264e-17,0.05478428964293533,0.29034036191022394,0.493640425801953,8.645017281852286e-06,nan,nan,nan,nan,nan,nan,nan,nan,nan,nan,nan,nan,nan,nan,0.26145193657158244,0.0033965196917733688,2.3420489188270607e-09,0.0029620966956924581,2.6300617852629558e-05,0.34371888312331655,0.00013257693059742635,3.0739760434310637e-07,1.6074651097845455e-10,6.6922510835577042e-12,6.4087931766619059e-10,1.7412526527245936e-10,6.7491762406707863e-08,0.38831130815541609,0,0,0,0,0,0,0,nan,nan,nan,nan,nan,nan,nan,nan,nan,nan,nan,nan,nan,nan,1.252812015178065e-09,5.5902568554272886e-12,2.8038840882519451e-11,2.5293506803423505e-09,-2.6923992549332532e-15,3.2981613642436847e-09,-4.4514472929454807e-12,2.1380239158957925e-13,1.0576932818198921e-15,1.1471559045943616e-17,-5.2063822261703268e-17,7.8555037783685371e-17,-5.7245872223904018e-13,-7.1091416928563589e-09,-6.2695227313891433e-07,3.5458673286470344e-07,-1.0487367201065773e-21,2.6903970032138707e-07,2.1491888583524688e-06,-8.9849363504868052e-07,0,0.026667906282038297,0.020238196327377701,6.5124106979092201e-18,0.037797426753107155,0.0089101724819038337,0.13133493492545603,5.1833513367973806e-06,0,0,0,0,0,0,0
4,0,lumen,0.0047368421052631574,0.00050000000000000001,0.0042105263157894736,0.005263157894736842,0,0.001,1000192.968013556,1.3986164855305361,13.637885606473155,3046.9606120217586,0.16240245944445938,1173,1173,4.04079928666359e-05,0.22568889752851307,0.59999999999999998,2,500000,0.00035,0.0001,0.095259990056343169,0.12853715701581284,1.4088672346054069e-17,0.16952461197400984,0.056687786858306576,0.55534522969246725,2.2940391795348349e-05,0.080978922100740411,0.062583900162903744,6.0047409776413255e-18,0.052533737771439833,0.383482912925455,0.42041269578942148,7.8312500393651081e-06,0.27161718606669749,0.0019809381398927508,1.4731476353600956e-09,0.0022791627940273074,2.135972262654104e-05,0.37280012905648502,8.8813892134593147e-05,5.9983357195638943e-07,2.3245555083826545e-10,4.1179230498465104e-12,4.0462600344235342e-10,1.0094365435027285e-10,6.2940671008885646e-08,0.35121174533849275,nan,nan,nan,nan,nan,nan,nan,nan,nan,nan,nan,nan,nan,nan,0,0,0,0,0,0,0,1.3403612906783663e-10,4.5346876388363505e-15,-7.6459496615156469e-13,1.5619478596172006e-10,1.0833239687257912e-14,1.1905126676148292e-09,1.0193115075882513e-13,-5.1647922050257478e-14,2.2560909575654788e-16,7.0343290657493155e-20,6.8868534900296797e-19,-2.1587100466858288e-19,-1.5890091190095582e-13,-1.4798860195756365e-09,nan,nan,nan,nan,nan,nan,nan,nan,nan,nan,nan,nan,nan,nan,-3.1017405103736517e-07,2.4616366767205022e-07,2.4405441973662149e-22,6.2820834807688304e-08,9.9327830202500245e-07,-3.731518553040658e-07,0,0.020696706598652269,0.030644767800724625,3.0109227292447884e-18,0.039067716339392052,0.013127051212096733,0.12503751672470351,5.2159315700563026e-06,-6.5912606864602477e-05,5.2805995816914904e-05,-1.3346096406508271e-21,-7.1982038304316358e-06,6.7728268781657981e-05,-0.00013340999289673333,-1.5416550658707737e-09
4,1,lumen,0.0047368421052631574,0.0015,0.0042105263157894736,0.005263157894736842,0.001,0.002,1000192.6210738427,1.4014272515999959,13.665298078818745,3046.3597913803187,0.16189903049736487,1173,1173,4.0405784242036454e-05,0.22520684979382,0.59999999999999998,2,500000,0.00035,0.0001,0.096370909043232172,0.12711782835788707,1.408808382595617e-17,0.16938615850859931,0.056209569480404807,0.55669083510165041,2.2926852452422199e-05,0.082087963485787993,0.06201724439995164,6.0165593112405858e-18,0.052596340440501939,0.38101216360704593,0.42227844570694345,7.8423597689973951e-06,0.27146168537676935,0.0020079627849305453,1.4972985029079976e-09,0.0022953724928913674,2.1455002568900557e-05,0.37197619139785426,8.9735039368324377e-05,5.8953544249937945e-07,2.3021887101769656e-10,4.1752341594697435e-12,4.1095681320020101e-10,1.0271293197266268e-10,6.3017606428501953e-08,0.3521469431071757,nan,nan,nan,nan,nan,nan,nan,nan,nan,nan,nan,nan,nan,nan,0,0,0,0,0,0,0,1.521253827110136e-10,5.0602437059584162e-13,1.9966818565286851e-11,6.8233151716310159e-10,2.4424906541753444e-15,1.5708947716849136e-10,-4.2272942359924539e-13,-2.8205519517210398e-15,5.4004247358048537e-17,2.2978666669850188e-18,-1.317314345645835e-17,1.6226333814677856e-17,-5.5432113695869213e-14,-1.0115407958635707e-09,nan,nan,nan,nan,nan,nan,nan,nan,nan,nan,nan,nan,nan,nan,-3.1718237081864581e-07,2.5240298073825329e-07,3.1864688963169377e-21,6.4602389535250145e-08,1.0160138110143491e-06,-3.8244715816482255e-07,0,0.020955044323060293,0.030286278525657968,3.0203601545698014e-18,0.038972790050884269,0.013021694955411308,0.12530025225605865,5.2100354767777876e-06,-0.00021694644148713996,0.00022666795345122919,5.4224403281755706e-20,0.00010882856832528239,0.00014247390216480627,-0.0003558311462643107,-1.0156467783185683e-09
4,2,lumen,0.0047368421052631574,0.0025000000000000001,0.0042105263157894736,0.005263157894736842,0.002,0.0030000000000000001,1000191.6360177952,1.4279093976896857,13.923538838155745,3004.4032204270907,0.16125846081412087,1173,1173,4.0354406733761587e-05,0.22456078094374599,0.59999999999999998,2,500000,0.00035,0.0001,0.098794087575176659,0.11986424904482919,1.2720410319478401e-17,0.16325213358609739,0.054411009902374366,0.55276747389715242,2.2522681754596867e-05,0.085742274844675698,0.05958352470125141,5.5351311682147205e-18,0.051649603999132376,0.37579058015822731,0.4272261665987368,7.8496979762090417e-06,0.27206425038996468,0.0020785740879877578,1.5782746415104121e-09,0.0023435329925543748,2.1337486467278274e-05,0.36802731941915262,9.2251925734915857e-05,5.5724735767975758e-07,2.2167524643215959e-10,4.3618620849629791e-12,4.3241694272497071e-10,1.084751315630625e-10,6.2242465006040908e-08,0.35537211186310291,nan,nan,nan,nan,nan,nan,nan,nan,nan,nan,nan,nan,nan,nan,0,0,0,0,0,0,0,-9.602490241882746e-10,7.680861121519959e-12,1.6847843811648152e-10,2.2600070193869768e-09,-4.2052515983326266e-14,-4.519282992211833e-09,-6.1146226135429547e-12,4.1424112404153668e-13,1.1656144655026839e-15,2.5788400700270507e-17,-1.229160546611274e-16,1.6128830543623082e-16,-6.4481862939633822e-13,3.0497516453924785e-09,nan,nan,nan,nan,nan,nan,nan,nan,nan,nan,nan,nan,nan,nan,-3.4014859668415193e-07,2.7143524561346055e-07,2.3166898319723407e-20,7.3064426995318884e-08,1.0934887504920887e-06,-4.1530501732056635e-07,0,0.021825092168603136,0.028975867458748146,2.8648844874949703e-18,0.038053233568434659,0.012795984132340172,0.12614494041924112,5.1884755117349808e-06,-0.00054969848548869281,0.00066014568534370399,-1.7969393968883498e-19,0.00047490071908287451,0.00025227046922533038,-0.00080461262798816669,1.3316845687593587e-09
4,3,support,0.0047368421052631574,0.0035000000000000001,0.0042105263157894736,0.005263157894736842,0.0030000000000000001,0.0040000000000000001,1001568.7789702648,1.4119793452148828,13.749273872313434,3075.3756883399606,0.16088330960608438,1173,1173,4.0161270304556763e-05,0.2242326254885125,0.40000000000000002,2,300000,0.00033700000000000001,0.0001,0.1108775716954762,0.10692356915341328,1.6609500322746013e-17,0.15209726207973612,0.053731928378187015,0.57455495955343738,2.2780080528620863e-05,0.095025001529525061,0.052485592134792002,7.1369638358557816e-18,0.047518164729108248,0.36645585265834502,0.43850754890903015,7.8400391995334875e-06,nan,nan,nan,nan,nan,nan,nan,nan,nan,nan,nan,nan,nan,nan,0.27560034692464525,0.0022427300639809977,1.7955330764237061e-09,0.0024692152793107948,2.0307146939252822e-05,0.35527243592188823,9.836126850659157e-05,4.7878400605504769e-07,1.9807838727763951e-10,4.8657361191138846e-12,4.9077328755007427e-10,1.238537073350731e-10,5.8538728529191436e-08,0.36429606345888998,0,0,0,0,0,0,0,nan,nan,nan,nan,nan,nan,nan,nan,nan,nan,nan,nan,nan,nan,-2.9710553519151527e-09,3.7156573311069008e-12,-1.5205930596164388e-10,-6.9923225252656752e-09,-4.4695909300063175e-14,-5.0354901353234088e-09,-3.0110300852221029e-12,1.341533221316249e-13,3.4170224698458511e-16,3.7317851441874416e-18,-1.0159231898872895e-17,1.1706548249595134e-17,-3.1870174923010856e-13,1.5150451698380341e-08,-4.0219259722466816e-07,3.1977558251350402e-07,4.9543161777079474e-22,8.7604793055205517e-08,1.2961261620647591e-06,-4.8295733412473396e-07,0,0.024143102869687339,0.025786190577447545,3.5053877505325166e-18,0.035243979537660966,0.012569646763020083,0.12921294820609713,5.1809083183115918e-06,-1.3410092833321922e-05,9.8924519204137674e-07,-1.3760563568658777e-20,-3.2736991749366922e-05,3.8500804728536013e-05,-6.5553446976624564e-05,-2.6425167533223427e-09
4,4,support,0.0047368421052631574,0.0045000000000000005,0.0042105263157894736,0.005263157894736842,0.0040000000000000001,0.0050000000000000001,1001206.3897792959,1.5309611379969308,14.913265553828465,2922.8842081813737,0.14488636100235341,1173,1173,4.0625811393564667e-05,0.20782942759171574,0.40000000000000002,2,300000,0.00033700000000000001,0.0001,0.11309150975992616,0.097687374979792976,2.7046515605159796e-17,0.17762354629403079,0.040971161073781771,0.57932418271553365,2.3290760672634421e-05,0.10512770161024512,0.052011344674404547,1.2605533768532834e-17,0.060191031709323661,0.30308224461408101,0.4795789829914735,8.6944004721317053e-06,nan,nan,nan,nan,nan,nan,nan,nan,nan,nan,nan,nan,nan,nan,0.2590802616708347,0.0030659976961979795,2.0529324039143463e-09,0.0027909138735301708,2.7495133549209103e-05,0.358281485936571,0.00012226773725423413,3.7088902506576519e-07,1.8445583964751162e-10,5.8323577293056454e-12,5.6048627541596261e-10,1.5032413224714397e-10,7.2079633896559427e-08,0.37663113202936443,0,0,0,0,0,0,0,nan,nan,nan,nan,nan,nan,nan,nan,nan,nan,nan,nan,nan,nan,1.0535920598176724e-09,1.997621751644931e-12,7.0969945896986257e-11,3.5915335380179871e-09,3.4691867434322177e-14,1.6681202517389304e-09,-1.9731594853195464e-12,3.6839129836929718e-14,-5.546821828271964e-17,1.5114401058391365e-18,-9.156354815491154e-18,1.0316007905659165e-17,1.0006576454418016e-13,-6.384411805486699e-09,-5.2077924917251495e-07,2.9559109845922471e-07,-2.4805036633655352e-21,2.2344888899722305e-07,1.7850479896580618e-06,-7.4774882408146226e-07,0,0.024017337359369773,0.022868462044746254,5.7342562071052428e-18,0.040872198764164425,0.0091613929762773515,0.12704005913506114,5.1808788029479169e-06,0,0,0,0,0,0,0
5,0,lumen,0.0057894736842105266,0.00050000000000000001,0.005263157894736842,0.0063157894736842104,0,0.001,1000180.8430353226,1.39952036058972,13.646864712844152,3001.9535849553945,0.16468242195298183,1173,1173,4.0479433108590079e-05,0.22864729395793953,0.59999999999999998,2,500000,0.00035,0.0001,0.084285180550928998,0.14070245308352688,1.1979892584644836e-17,0.17221296129820696,0.059260757839081586,0.53488322974660396,2.2615781410011559e-05,0.071696593921097757,0.068552207854201824,5.109318500439181e-18,0.053401962885657399,0.40115255208857392,0.40518895773083774,7.7255196314814388e-06,0.27137758560613079,0.0017829158910374363,1.2741088183871591e-09,0.0021458038370828323,2.1058457639678954e-05,0.38150084879787721,8.1755961021623871e-05,6.9657277112400471e-07,2.5439591178641301e-10,3.6815835471235248e-12,3.5258955486707487e-10,8.6929942770576975e-11,6.3463961471994812e-08,0.34308926944076945,nan,nan,nan,nan,nan,nan,nan,nan,nan,nan,nan,nan,nan,nan,0,0,0,0,0,0,0,1.5494293428183603e-10,-1.2813668039137744e-15,6.4992793627061689e-12,4.2961770773461198e-10,2.1911725905932045e-15,2.9923863961809488e-10,2.8238487248803892e-14,-2.5071091036554805e-14,5.2000642206516468e-17,-9.0818679768125781e-21,-1.5479956211015101e-19,1.157764766076523e-19,-5.1726920998084106e-14,-8.9025084550109799e-10,nan,nan,nan,nan,nan,nan,nan,nan,nan,nan,nan,nan,nan,nan,-2.5558985521523941e-07,2.1103824210388922e-07,-7.9611539169949275e-23,4.424594976328517e-08,8.1091856035664378e-07,-3.0025892588936287e-07,0,0.018691232005283224,0.03361353988464532,2.6214615101973667e-18,0.040063997273773973,0.013865733490679252,0.12245930527826299,5.2171125528061833e-06,-7.2481753651590529e-05,6.9725614246237113e-05,-6.5837193537227405e-21,1.3571932103768818e-05,5.7868671876545714e-05,-0.00012573888411152913,-5.6096756922701627e-10
5,1,lumen,0.0057894736842105266,0.0015,0.005263157894736842,0.0063157894736842104,0.001,0.002,1000180.5235669808,1.386043063965898,13.515450546104745,3036.5359307504323,0.16449589569816506,1173,1173,4.0468524791691209e-05,0.22831799389491714,0.59999999999999998,2,500000,0.00035,0.0001,0.086536322716627548,0.14053619860674374,1.2232576217578624e-17,0.17350816266939034,0.059529836137279732,0.54236303446433187,2.2847470692412093e-05,0.072902660981009809,0.067811854416529802,5.1668472692087297e-18,0.053285486875494621,0.39909352992615243,0.4068987382924219,7.7295083916614056e-06,0.27143133990386104,0.0018046687605783175,1.29913594880278e-09,0.0021608373419453276,2.108509679281933e-05,0.3804574643241932,8.2540791990614101e-05,6.8453343013626918e-07,2.5169824635881792e-10,3.7344520886788476e-12,3.5910516863490363e-10,8.8647575427650142e-11,6.3381143217667595e-08,0.34404131386382175,nan,nan,nan,nan,nan,nan,nan,nan,nan,nan,nan,nan,nan,nan,0,0,0,0,0,0,0,2.3880325315748296e-10,5.1727389226933328e-15,6.4454174523395289e-12,7.2628781386915711e-10,1.1662762769426571e-15,2.2342646688929685e-10,5.2550091602964334e-14,-2.7880258865464747e-14,8.536466719099196e-17,3.3390722238745641e-20,-2.3247125294220917e-19,1.2192975686216063e-19,-8.1759633494826653e-14,-1.1949123359851189e-09,nan,nan,nan,nan,nan,nan,nan,nan,nan,nan,nan,nan,nan,nan,-2.6210116533132571e-07,2.1589554588530291e-07,8.2544890515436071e-22,4.5975855997137606e-08,8.3214063369141389e-07,-3.0879686874207835e-07,0,0.018995573326809501,0.033173307559113782,2.6639881311779881e-18,0.039869452698855876,0.013772612039665259,0.12275334262729952,5.2095163289687531e-06,-0.00021691582248945079,0.00024791989598536265,-8.4378065802676804e-22,0.00012667520143168332,0.00012309584856567282,-0.00032946585322533558,8.9402362029071356e-11
5,2,lumen,0.0057894736842105266,0.0025000000000000001,0.005263157894736842,0.0063157894736842104,0.002,0.0030000000000000001,1000179.6106468292,1.3972380854942683,13.624626805145679,3026.2215860851106,0.16364073438523061,1173,1173,4.0407413296989278e-05,0.22791984902478668,0.59999999999999998,2,500000,0.00035,0.0001,0.09009970349403694,0.13399079737776068,1.2151904510208559e-17,0.16860093093950873,0.05840183522016866,0.54397919672260631,2.26625227584539e-05,0.076517785661069218,0.06517581612266625,5.1742347622775855e-18,0.052196704379807453,0.39469405238611655,0.41140791257887516,7.7288714655082612e-06,0.27229615615705455,0.00186116606608764,1.3755029771556527e-09,0.0022039236959658648,2.0899519550458111e-05,0.37647677559850562,8.4654333387089467e-05,6.4919805216765418e-07,2.4268459074440879e-10,3.8944632287667739e-12,3.7916152973083977e-10,9.382555453645804e-11,6.2476905926527e-08,0.34705571085942255,nan,nan,nan,nan,nan,nan,nan,nan,nan,nan,nan,nan,nan,nan,0,0,0,0,0,0,0,-2.3531536756401702e-10,1.3775634164203316e-12,3.5374253063024334e-11,8.7939924549085635e-11,3.2751579226442118e-15,-2.2972033563578576e-10,-1.217643703723376e-12,1.828376859636105e-13,-2.0124476709212304e-17,4.1389560377720553e-18,-1.8882608431902634e-17,2.4618054723872206e-17,1.1148818064946639e-13,3.4126429435596382e-10,nan,nan,nan,nan,nan,nan,nan,nan,nan,nan,nan,nan,nan,nan,-2.8187673938896707e-07,2.2896063439636904e-07,6.2330417608699872e-21,5.3110153462258334e-08,8.987525514647654e-07,-3.3503955038094446e-07,0,0.019905361647874702,0.031745389754365534,2.6622026814254857e-18,0.038870121999496174,0.013569704640003377,0.12360921233405896,5.1870968759117171e-06,-0.00050849106947776742,0.00064181847120913112,-8.7558972783558255e-20,0.00041138154318436153,0.00022424057406126281,-0.00072597787150726278,1.1502951709844167e-09
5,3,support,0.0057894736842105266,0.0035000000000000001,0.005263157894736842,0.0063157894736842104,0.0030000000000000001,0.0040000000000000001,1001470.8604538764,1.4085698213532394,13.717414416878229,3035.9316856585956,0.163605551287413,1173,1173,4.0226801080833576e-05,0.22775596816173674,0.40000000000000002,2,300000,0.00033700000000000001,0.0001,0.099415679048851915,0.11915202744662004,1.3863784652155042e-17,0.15613239375596893,0.056819410188309709,0.55336256614015178,2.2485287432903371e-05,0.085004429910145243,0.058352650449715687,5.9433489424328613e-18,0.04866578993046506,0.386614779997836,0.42135462906087434,7.7206509636986122e-06,nan,nan,nan,nan,nan,nan,nan,nan,nan,nan,nan,nan,nan,nan,0.27560548580871369,0.0019888257683149764,1.5637138009387759e-09,0.0023098769664551167,2.0020433017038948e-05,0.36528975097638849,8.958809648900015e-05,5.689172234645859e-07,2.202029292734298e-10,4.296508887179686e-12,4.2917614487233465e-10,1.066246696192852e-10,5.927249611062361e-08,0.35469582143691114,0,0,0,0,0,0,0,nan,nan,nan,nan,nan,nan,nan,nan,nan,nan,nan,nan,nan,nan,-2.3575582178376781e-09,1.3140165289261523e-13,-1.1581662240663232e-10,-6.7494323919524213e-09,-3.2035355271298194e-14,-3.7564773068413451e-09,-1.6942219001956867e-13,2.9252099874310655e-14,-5.0347851590598498e-17,6.2490735855556552e-19,-5.4832021265895918e-18,6.046678955727998e-18,6.830694200147326e-14,1.2979257113226824e-08,-3.3159484136638384e-07,2.7523885764990652e-07,-1.6484933876535089e-22,6.0228212198602257e-08,1.0565389848976592e-06,-3.8518940681520064e-07,0,0.022021045295903246,0.02876702571898037,2.9921752569645443e-18,0.036504176883293452,0.013387350106118079,0.12642127591516195,5.1859450234999969e-06,-1.4572427929039416e-05,-5.3899389412672725e-08,-1.4063474655807826e-20,-4.3041273210459427e-05,4.7067050249021891e-05,-7.7515011652731167e-05,-3.3234762846067419e-09
5,4,support,0.0057894736842105266,0.0045000000000000005,0.005263157894736842,0.0063157894736842104,0.0040000000000000001,0.0050000000000000001,1001117.9477707082,1.5433979626019352,15.035742257492821,2871.4527106528685,0.14437713225943094,1173,1173,4.0825409131738582e-05,0.20787628883102433,0.40000000000000002,2,300000,0.00033700000000000001,0.0001,0.10230361859613811,0.1087525582936998,2.4384126151214561e-17,0.19074031090059154,0.041694058122643658,0.56265235488515586,2.3330664498328001e-05,0.095880498735921096,0.058378273343342862,1.1458011000182903e-17,0.065166719371386378,0.31096285297668402,0.46960287475018508,8.7808224804229753e-06,nan,nan,nan,nan,nan,nan,nan,nan,nan,nan,nan,nan,nan,nan,0.25637803878575494,0.0028588428026792689,1.8291215372553713e-09,0.0026697528597846095,2.8774856273878594e-05,0.36998188589956099,0.00011547406252611275,4.2605291346030583e-07,2.0485830313324472e-10,5.2158462522873988e-12,4.9903358091963015e-10,1.3286890093251691e-10,7.6402059017418452e-08,0.36796672560731875,0,0,0,0,0,0,0,nan,nan,nan,nan,nan,nan,nan,nan,nan,nan,nan,nan,nan,nan,7.1589943925543433e-10,8.3264838109075699e-14,7.5997111360396843e-11,3.9747187918625451e-09,9.8894416961092801e-15,6.1752259696793571e-10,1.3310211783210873e-13,-5.1865955107144313e-14,3.4990432902230752e-16,2.9557153689868635e-20,8.497600583363111e-19,2.128883981748698e-19,-2.6273479609516101e-13,-5.384049900969381e-09,-4.4674829212908163e-07,2.462355275234529e-07,-1.4932903062536331e-21,1.9981954927538296e-07,1.5394785646549725e-06,-6.5046657837797284e-07,0,0.021740765670001223,0.025051890434706646,5.2408601632469287e-18,0.043608937989571397,0.0092285683500783477,0.12328966857014327,5.1777691111991545e-06,0,0,0,0,0,0,0
6,0,lumen,0.0068421052631578941,0.00050000000000000001,0.0063157894736842104,0.007105263157894736,0,0.001,1000168.5426759081,1.377076138238462,13.428173970117104,3017.1156839782861,0.16663784330825607,1173,1173,4.0528599085544155e-05,0.23096330443982266,0.59999999999999998,2,500000,0.00035,0.0001,0.077226041999614803,0.15270186642779579,1.0637022820411753e-17,0.17632859573950616,0.062271148973963387,0.52800565640976849,2.272631190345987e-05,0.064639077915252627,0.073206255906962753,4.4638975234888029e-18,0.053801973675760381,0.41477570522889862,0.39356934840278929,7.6388703363905464e-06,0.27122274560765836,0.0016462531939074123,1.129020229488296e-09,0.0020485739999508115,2.0764625552578697e-05,0.38776632080894896,7.6759834592817302e-05,7.7822893154970134e-07,2.7150861732319994e-10,3.3907335904317467e-12,3.151133885909742e-10,7.708820628407533e-11,6.3630509158649537e-08,0.33721773827387719,nan,nan,nan,nan,nan,nan,nan,nan,nan,nan,nan,nan,nan,nan,0,0,0,0,0,0,0,1.5500547553329189e-10,1.2199893534517459e-13,2.9001227090277737e-11,6.2914624927145208e-10,-3.6358719854301391e-15,-9.3581584929142148e-10,-5.7643060126996836e-14,-9.6913145911092791e-14,3.3233592095259622e-16,-7.3590937774813016e-19,2.4526926730253774e-18,-3.2329035534792918e-18,-1.5340717052338964e-13,1.2285214492393675e-10,nan,nan,nan,nan,nan,nan,nan,nan,nan,nan,nan,nan,nan,nan,-2.1830532502715994e-07,1.8593412309808599e-07,9.4349440641138187e-22,3.3278270104533939e-08,6.8802984837246228e-07,-2.521837443869579e-07,0,0.017429678466221489,0.035530075783532365,2.4040592717586801e-18,0.040601026847466852,0.01433227798595006,0.12085966028186931,5.2171909952783302e-06,-7.6466544674774802e-05,8.1640035509541092e-05,-1.4092257976893364e-20,2.6016025355888595e-05,5.1327328603021311e-05,-0.00011980194340993645,-4.9683212756569021e-11
6,1,lumen,0.0068421052631578941,0.0015,0.0063157894736842104,0.007105263157894736,0.001,0.002,1000168.2492779089,1.3716446727651239,13.375214472695125,3034.3935108512883,0.16623456290771307,1173,1173,4.0512099089231633e-05,0.23073320482155701,0.59999999999999998,2,500000,0.00035,0.0001,0.079045904684355864,0.15150344225434187,1.0970639728310286e-17,0.17629872897327786,0.062247687721666008,0.53226674263023954,2.2817341349942726e-05,0.06590138554768285,0.072345270742713449,4.5857447111950695e-18,0.053580706475519595,0.41298421314813188,0.39518078486607111,7.6392198811559168e-06,0.27140253492121075,0.001664862331525997,1.1543263941857028e-09,0.0020627842416312894,2.0752285026008475e-05,0.38659839018614817,7.7459696816411312e-05,7.64797375871111e-07,2.6849316853278211e-10,3.4399121038350133e-12,3.2166701069400557e-10,7.875535506474748e-11,6.3455405015710577e-08,0.33817238625806956,nan,nan,nan,nan,nan,nan,nan,nan,nan,nan,nan,nan,nan,nan,0,0,0,0,0,0,0,2.4083573896742162e-10,6.2870196892641329e-14,8.8867803735656054e-12,5.7746385645207059e-10,2.4738240969601755e-15,2.8083971780057393e-10,-2.3877226974688643e-14,-5.8948722639340367e-14,1.3470066663346615e-16,-2.3362485970399094e-19,6.1365107185524685e-19,-9.6102094305533935e-19,-9.5012510514129436e-14,-1.1079138164512924e-09,nan,nan,nan,nan,nan,nan,nan,nan,nan,nan,nan,nan,nan,nan,-2.2442752064741334e-07,1.8916873772978349e-07,-7.1435752594368842e-23,3.496920772159021e-08,7.0810475621962965e-07,-2.5996531083372076e-07,0,0.017764678633975864,0.035029788560986132,2.4765538540145588e-18,0.040345851406898919,0.014246286385959279,0.12118075474451664,5.2088854257342753e-06,-0.00021901741980916552,0.00026710121697898226,-2.7416965835617605e-21,0.00013754660906444881,0.00011109225499763249,-0.00031831624994055341,5.7451944385387375e-10
6,2,lumen,0.0068421052631578941,0.0025000000000000001,0.0063157894736842104,0.007105263157894736,0.002,0.0030000000000000001,1000167.4058594203,1.4030710495999748,13.681671650615625,2979.9722874302543,0.16574375420609791,1173,1173,4.0443945433274941e-05,0.23049781736793915,0.59999999999999998,2,500000,0.00035,0.0001,0.081516028424565679,0.14234847083578631,1.0780434713101194e-17,0.16859159224417064,0.0602801817212106,0.5259487025095072,2.2294433158043891e-05,0.069517891614234106,0.069531061690198598,4.6094870928042125e-18,0.05241234311479967,0.40909407408186771,0.39943699432708274,7.6351718173955965e-06,0.27243931155699297,0.0017133685450977014,1.2281207924939149e-09,0.0021028917750543241,2.0525826865568034e-05,0.38256932854361964,7.9340166537639605e-05,7.2656586412607218e-07,2.5903442953889274e-10,3.5833706109507499e-12,3.4091646672078395e-10,8.3592183125550965e-11,6.2467336378834917e-08,0.34107444263738429,nan,nan,nan,nan,nan,nan,nan,nan,nan,nan,nan,nan,nan,nan,0,0,0,0,0,0,0,5.5203466400439746e-10,1.2121421207581562e-12,-5.8731192003751965e-12,-9.4247365183662456e-10,-2.8219939406104455e-14,-1.0048104149944226e-09,-9.112617241490352e-13,6.1050426866660068e-13,1.8914411391295342e-16,5.3566827160934153e-18,-1.6755662689425513e-17,2.6647165782797195e-17,4.0800884293120624e-13,1.399831389481507e-09,nan,nan,nan,nan,nan,nan,nan,nan,nan,nan,nan,nan,nan,nan,-2.4237344047398079e-07,2.0268859113325988e-07,3.6996187158094384e-21,4.0694542362948312e-08,7.6755678744822031e-07,-2.8213145242261817e-07,0,0.018661813583124274,0.033584543034781797,2.4956406614021244e-18,0.039335540292060614,0.014063440943573962,0.12199705626965424,5.1868057596927216e-06,-0.0004533294883610031,0.00059024890462694554,-5.4679003886765979e-20,0.00034645594300035599,0.00019776267537049871,-0.00063521346355641605,6.8989435809510414e-10
6,3,support,0.0068421052631578941,0.0035000000000000001,0.0063157894736842104,0.007105263157894736,0.0030000000000000001,0.0040000000000000001,1001371.3240115043,1.3491763027536254,13.140314242779358,3130.7564852789283,0.16574268704185319,1173,1173,4.0282855239537669e-05,0.23040401856499312,0.40000000000000002,2,300000,0.00033700000000000001,0.0001,0.094037314009539574,0.13493046996017871,1.2380864360126851e-17,0.16566431573080059,0.061692320088714496,0.55948498594951734,2.3198105828027684e-05,0.077022991749190778,0.063299849203950334,5.0843317797766791e-18,0.049464454259759039,0.40211134540269755,0.40809372908651964,7.630297882791865e-06,nan,nan,nan,nan,nan,nan,nan,nan,nan,nan,nan,nan,nan,nan,0.27535289173835664,0.0018144035611150503,1.3879811539526618e-09,0.0021915316795521706,1.9811811178766496e-05,0.37304439169837689,8.3348796472434788e-05,6.4916877198756426e-07,2.3862927048439628e-10,3.9025871593518364e-12,3.8304518380621696e-10,9.4150149722529503e-11,5.9814196833648614e-08,0.34749290962429769,0,0,0,0,0,0,0,nan,nan,nan,nan,nan,nan,nan,nan,nan,nan,nan,nan,nan,nan,-2.3730951804140134e-09,1.6473138410681045e-13,-7.9882578201491647e-11,-6.0116797760286251e-09,-3.2586346815355327e-14,-3.8593090297958307e-09,-1.9406893162749101e-13,6.2225832125895053e-14,-4.0187145397380092e-17,1.8353687059928934e-18,-1.1919345115065346e-17,1.4099816564682735e-17,9.7256314823284398e-14,1.2323869091648624e-08,-2.8225105621997038e-07,2.4078728266818672e-07,1.525607769312188e-21,4.5402838320606147e-08,8.9358222382651675e-07,-3.2172207042879819e-07,0,0.020655133935024429,0.030739739938202029,2.7145120000192427e-18,0.037261147351635902,0.013897246830352874,0.12467262023581541,5.1900449930703117e-06,-1.527860359264663e-05,-1.4569634973634981e-06,-1.4786462912800685e-20,-5.4488541160367708e-05,5.5526745019880495e-05,-8.8254235136003088e-05,-4.0263986735189233e-09
6,4,support,0.0068421052631578941,0.0045000000000000005,0.0063157894736842104,0.007105263157894736,0.0040000000000000001,0.0050000000000000001,1001030.1584846014,1.5693885573279585,15.290282770067327,2804.8109135849913,0.14135856401359626,1173,1173,4.1023357740150339e-05,0.20698447330158237,0.40000000000000002,2,300000,0.00033700000000000001,0.0001,0.092717307922929995,0.11722192110647038,2.2674013345907285e-17,0.20221753608606208,0.041419127913988163,0.54578268948887032,2.3264324799734871e-05,0.088367129328741717,0.063989872208798843,1.083480453750868e-17,0.070257522502719508,0.31414195332066858,0.4632346185563519,8.9040827194652325e-06,nan,nan,nan,nan,nan,nan,nan,nan,nan,nan,nan,nan,nan,nan,0.25328495375039151,0.0027440055491922098,1.6569323855951151e-09,0.0025884668508330054,3.0272346017831687e-05,0.37954087586960117,0.00011139568331657154,4.700349229685593e-07,2.2182166739074156e-10,4.7725850904325911e-12,4.5208133574550424e-10,1.2009321054241712e-10,8.0781954866975511e-08,0.36169947667806862,0,0,0,0,0,0,0,nan,nan,nan,nan,nan,nan,nan,nan,nan,nan,nan,nan,nan,nan,6.7217282049203062e-10,2.4683934924756668e-12,9.7220538270520154e-11,4.1776556323325071e-09,-2.0929872418529172e-14,4.1653909640081144e-10,-1.524629662781272e-12,1.7092891772124696e-13,1.0654358786758214e-15,8.71034058016621e-18,-3.5828503843856408e-17,5.4731494393793261e-17,-5.8638137097679763e-13,-5.3640966396511511e-09,-3.9503177202103446e-07,2.0896886832044714e-07,9.6985637845979337e-22,1.8554957932359679e-07,1.3700183678216904e-06,-5.8466195196338333e-07,0,0.020229428983627978,0.02643991516476021,4.9979129458472627e-18,0.045504714933089226,0.0091932438825233255,0.12075099934622265,5.1749435650712505e-06,0,0,0,0,0,0,0
7,0,lumen,0.0073684210526315788,0.00050000000000000001,0.007105263157894736,0.0076315789473684215,0,0.001,1000162.335688416,1.3520663839193867,13.184380146232163,3057.2277473059044,0.16745319153188748,1173,1173,4.054992386979058e-05,0.23202305078807522,0.59999999999999998,2,500000,0.00035,0.0001,0.074756070287537266,0.16006603352055396,1.0342405251221419e-17,0.18000878714120699,0.064370558117859689,0.53058326123512356,2.302521916868286e-05,0.061435669694529856,0.075343499979811629,4.2614601680883473e-18,0.053927702954665209,0.42097515300148458,0.38831037553990988,7.5988295987541067e-06,0.27115621591929451,0.0015881288970586056,1.0648737800138833e-09,0.002005765147312372,2.0616390015524309e-05,0.39050921680179956,7.4600753782515746e-05,8.1761969659326081e-07,2.7936497226825494e-10,3.2699401150434703e-12,2.9867267513583711e-10,7.2841400503334993e-11,6.3645901676884567e-08,0.33464457310611628,nan,nan,nan,nan,nan,nan,nan,nan,nan,nan,nan,nan,nan,nan,0,0,0,0,0,0,0,9.0652625221291288e-11,1.3480312565090549e-12,8.1392190444179756e-12,5.8691429273574093e-10,3.8007791358651843e-15,3.8907851549960237e-11,-1.0250781895366088e-12,2.9994409733724581e-13,-2.3168677863070649e-17,2.1166065147327885e-18,-3.4651345492276455e-19,8.9781704180244284e-19,8.0343341954874436e-14,-7.2532102565083279e-10,nan,nan,nan,nan,nan,nan,nan,nan,nan,nan,nan,nan,nan,nan,-2.0244865473698775e-07,1.738156802377766e-07,-6.9850017013177347e-23,2.8585543373676418e-08,6.3586234315404777e-07,-2.3161308032593197e-07,0,0.016662006716550055,0.036712517368892909,2.3024487346529205e-18,0.040895155938672378,0.01461753708973916,0.11989362906917471,5.216988275924285e-06,-8.2649943977733276e-05,9.4099843735412017e-05,-1.9117767741781458e-20,3.5083831374047706e-05,4.9500451575843922e-05,-0.00012274238423415519,1.9258573743879323e-10
7,1,lumen,0.0073684210526315788,0.0015,0.007105263157894736,0.0076315789473684215,0.001,0.002,1000162.0550449045,1.3858083118543678,13.513410981452957,2988.2585215452755,0.16732506820587179,1173,1173,4.0528990461962171e-05,0.23184527103561772,0.59999999999999998,2,500000,0.00035,0.0001,0.074549402188840097,0.15411883620587252,1.0480087149887437e-17,0.17465866174028852,0.062547801994176963,0.51984934810500927,2.2460604406015696e-05,0.062794783407057575,0.074354558144705013,4.4259555215286238e-18,0.053630718206891595,0.41926297337988894,0.38994936938014946,7.5974813073923191e-06,0.27142755732937712,0.0016062155788918982,1.0917425572347656e-09,0.0020203589515197257,2.057742201739885e-05,0.38918637973404968,7.5296765934158009e-05,8.0267015286216307e-07,2.7597390577889436e-10,3.3201004810681164e-12,3.0561823466224512e-10,7.4579016407185799e-11,6.3396449068203564e-08,0.33566274640037469,nan,nan,nan,nan,nan,nan,nan,nan,nan,nan,nan,nan,nan,nan,0,0,0,0,0,0,0,7.8453280715242917e-11,1.9026720702290904e-12,1.8856644524080725e-11,1.0656593694522448e-09,-5.6152998917369246e-15,-2.2909559622627529e-10,-1.3433652584458253e-12,6.4926102688600551e-13,1.4424244780634004e-16,6.262153837818396e-18,-1.4759870103682642e-17,2.2851437373598553e-17,2.4415447403523486e-13,-9.3532062670110709e-10,nan,nan,nan,nan,nan,nan,nan,nan,nan,nan,nan,nan,nan,nan,-2.0878492260067993e-07,1.7902362603461341e-07,-2.1376957141763183e-21,2.9970647643217829e-08,6.5623031697548129e-07,-2.398025215621935e-07,0,0.017001088954419704,0.036198559347557453,2.3638712135418857e-18,0.040611750263754874,0.014539740507036774,0.12021480663439067,5.2085367844969727e-06,-0.00020917314489309906,0.00025957590830302151,-1.1547668129911897e-20,0.00013325527786028888,0.00010271690677440602,-0.00029772337003736068,5.9311297413568668e-10
7,2,lumen,0.0073684210526315788,0.0025000000000000001,0.007105263157894736,0.0076315789473684215,0.002,0.0030000000000000001,1000161.2444749996,1.3602186775289518,13.263889928861571,3057.663126159784,0.16659894242775905,1173,1173,4.0462177464676838e-05,0.23166511642003951,0.59999999999999998,2,500000,0.00035,0.0001,0.080114973262948086,0.1512578746203446,1.0917267474798374e-17,0.17420243280015288,0.063182575399637786,0.53503268440357021,2.2870611245514849e-05,0.066236750421581447,0.071626840408346854,4.5254526567181123e-18,0.052502940171354325,0.41569778051725814,0.39392809515805088,7.5933234084178371e-06,0.2724486073849694,0.0016497008051077023,1.1608609175588738e-09,0.0020574154206936131,2.0358885065945345e-05,0.38537890048150308,7.7005767263785965e-05,7.6503831262044702e-07,2.6684959155996161e-10,3.4499932153386595e-12,3.2358795559001289e-10,7.9046431973329445e-11,6.2456606812896992e-08,0.33836718192666232,nan,nan,nan,nan,nan,nan,nan,nan,nan,nan,nan,nan,nan,nan,0,0,0,0,0,0,0,-4.9516431962288018e-11,-3.7383186743062905e-15,-3.8257629101993515e-12,-9.9196151719657458e-11,-4.0391951935947468e-15,-2.736752317822333e-10,1.3168638927670979e-13,-4.7298753455549125e-14,2.3622449537766844e-16,-1.2130978499305214e-20,-3.14769106446335e-20,-1.0098182143956148e-20,-1.7361979104720462e-13,4.263104034413203e-10,nan,nan,nan,nan,nan,nan,nan,nan,nan,nan,nan,nan,nan,nan,-2.251569419251323e-07,1.8966173048751145e-07,-7.0042776781268674e-22,3.5772937163956907e-08,7.1128001688514075e-07,-2.6083450632707894e-07,0,0.017898006417220922,0.034726947185054813,2.4250544160128989e-18,0.039604135046607099,0.014363407652359696,0.12101606808878917,5.1868118764806687e-06,-0.0004349449374393379,0.0005742300946451253,-3.4916115868219175e-20,0.00031934662979663225,0.00019087776381929194,-0.00060361532824609399,3.8549137359487419e-10
7,3,support,0.0073684210526315788,0.0035000000000000001,0.007105263157894736,0.0076315789473684215,0.0030000000000000001,0.0040000000000000001,1001321.0413565593,1.3502458464220817,13.151391453849248,3110.7591395152576,0.16667761566136419,1173,1173,4.0308594181542192e-05,0.23157608304051328,0.40000000000000002,2,300000,0.00033700000000000001,0.0001,0.089556301492812185,0.13966622615787341,1.1744551366128769e-17,0.16662442649174689,0.062699175551487116,0.55092596227371182,2.3058019575060599e-05,0.073414571968516917,0.065576765908034018,4.8270889576160823e-18,0.049793066385650488,0.40901855233691536,0.40218945278657603,7.5906143074378128e-06,nan,nan,nan,nan,nan,nan,nan,nan,nan,nan,nan,nan,nan,nan,0.27521529280023405,0.0017422281157368862,1.311051198535305e-09,0.0021403874363720766,1.9707327058060074e-05,0.37641798643709157,8.0715639923278567e-05,6.8784484545400579e-07,2.4707688250761079e-10,3.7401963778024064e-12,3.630063983525141e-10,8.8838158058553346e-11,6.0005301362997671e-08,0.34438293237967188,0,0,0,0,0,0,0,nan,nan,nan,nan,nan,nan,nan,nan,nan,nan,nan,nan,nan,nan,-2.0433428698817089e-09,2.4943678453590729e-15,-8.2199176361564653e-11,-5.4329571041259018e-09,-2.9182710935271583e-14,-3.5481796346534256e-09,-2.726891475256823e-14,2.5906035129585891e-14,-3.6410370087083999e-17,-1.0195740988623389e-20,1.6925082100175868e-19,-2.487074254240385e-19,5.0885860896057647e-14,1.110665615011387e-08,-2.6168271962008494e-07,2.2678124961261759e-07,1.479124667794355e-22,3.853180125567709e-08,8.24848188335503e-07,-2.9486373404052912e-07,0,0.019805168635962017,0.031987403164071344,2.569302192177177e-18,0.037709023422923593,0.014209725799069732,0.12360200922696916,5.1928494550812152e-06,-1.5698643286716888e-05,-1.9663082503259042e-06,-1.513475384236553e-20,-5.9810867810901364e-05,5.9714198431930743e-05,-9.3195319678578156e-05,-4.373132812637269e-09
7,4,support,0.0073684210526315788,0.0045000000000000005,0.007105263157894736,0.0076315789473684215,0.0040000000000000001,0.0050000000000000001,1000986.5902746819,1.5925592309788072,15.516705997354169,2755.9275478677873,0.14125576039700355,1173,1173,4.1113280266719837e-05,0.20651017397484678,0.40000000000000002,2,300000,0.00033700000000000001,0.0001,0.087919151581258043,0.12005408293083482,2.2031386701731975e-17,0.20580264879852456,0.040956457688749622,0.53482349290744302,2.3087225997169913e-05,0.085034945248594215,0.066506387312379137,1.0683622419050986e-17,0.07256195766510122,0.31523279397291842,0.46065494864961565,8.9671513915533792e-06,nan,nan,nan,nan,nan,nan,nan,nan,nan,nan,nan,nan,nan,nan,0.25190377810906295,0.0026998370674829754,1.5829783577189429e-09,0.0025555280464542827,3.0955517098161786e-05,0.38358740572385602,0.00010979031046070119,4.8939563765658159e-07,2.2927802424465403e-10,4.5861541002844986e-12,4.3199209437954635e-10,1.1468652756406791e-10,8.2745529471466536e-08,0.35911213072086123,0,0,0,0,0,0,0,nan,nan,nan,nan,nan,nan,nan,nan,nan,nan,nan,nan,nan,nan,9.0310959330568745e-10,1.1721432979209532e-12,4.5107205442033657e-11,3.0102875233470694e-09,4.9630004966827457e-14,2.1125520566819128e-09,-1.4361179918923297e-12,9.7038913363101109e-14,-1.4136937786181094e-16,-1.4386337298114019e-18,7.7726356096814501e-18,-1.1275567970204553e-17,3.8870795807010037e-13,-6.0713276911354483e-09,-3.7366102618834052e-07,1.9136749035419953e-07,-1.4370159362585975e-22,1.8013534131806379e-07,1.3005321446019069e-06,-5.5676162513673688e-07,0,0.019275675937240465,0.027294688706006175,4.8996170190534274e-18,0.046728456103605792,0.0091471300130003003,0.11913226416377161,5.1728976576115471e-06,0,0,0,0,0,0,0
8,0,lumen,0.0078947368421052634,0.00050000000000000001,0.0076315789473684215,0.0081578947368421053,0,0.001,1000156.094210755,1.3584351327686235,13.246566274875065,3028.4485892433768,0.16832249827313903,1173,1173,4.0570326920204862e-05,0.23298348820299172,0.59999999999999998,2,500000,0.00035,0.0001,0.070811490043732259,0.16359057493499263,9.7722178183980643e-18,0.17952732068226571,0.064932062455887632,0.52151090044785153,2.2806764836544306e-05,0.058468434575014348,0.077365704849028771,4.0455131878218939e-18,0.054037141302196862,0.42665023248325523,0.38347092455466208,7.5622358428729492e-06,0.27106294269421333,0.0015366290013769076,1.0063310239204603e-09,0.0019668676589198837,2.0483278757377336e-05,0.39304120949609445,7.2666251483453174e-05,8.5555763456143616e-07,2.8676259487757792e-10,3.1642391220209722e-12,2.837354688915457e-10,6.902559421465467e-11,6.3659135367153883e-08,0.33229828075339218,nan,nan,nan,nan,nan,nan,nan,nan,nan,nan,nan,nan,nan,nan,0,0,0,0,0,0,0,1.7270596643450544e-10,1.9120106502208302e-13,1.5640689456849772e-12,3.024174481546195e-10,1.174516213453547e-15,6.1315744235429515e-10,-3.6168886377733609e-14,-2.155827599770177e-14,2.090571666697172e-16,9.4564044044958212e-19,-2.6690352998900862e-18,4.1037284123491193e-18,-1.5843691267834114e-13,-1.0898214277224122e-09,nan,nan,nan,nan,nan,nan,nan,nan,nan,nan,nan,nan,nan,nan,-1.8834106665574502e-07,1.6286406478993598e-07,-5.2154667224738201e-23,2.4862458890559371e-08,5.8979473024911577e-07,-2.1350439827205747e-07,0,0.015949372182378029,0.037821633775781155,2.2010149469075095e-18,0.041144736033134281,0.014883563610202115,0.11900188818136496,5.2166540241865942e-06,-7.8380304213902175e-05,9.1088585322666657e-05,-5.3995026312889195e-21,3.6442457436650341e-05,4.4575047600250021e-05,-0.00011306425490826039,3.1754142657170346e-10
8,1,lumen,0.0078947368421052634,0.0015,0.0076315789473684215,0.0081578947368421053,0.001,0.002,1000155.8253085602,1.3561891813473463,13.224668788863676,3038.6513565072019,0.16799177809737417,1173,1173,4.0549184631951289e-05,0.23284398262653827,0.59999999999999998,2,500000,0.00035,0.0001,0.072487382302528769,0.16183833490441984,9.9003085071056439e-18,0.17880137098842336,0.064806428448754755,0.52442765831192284,2.2837842824648853e-05,0.059753264496832353,0.076410509691258413,4.0917651388849784e-18,0.05372966689351355,0.42512080933728874,0.38497818955839858,7.560022708588434e-06,0.27134268167039632,0.0015526002353624762,1.0313560195978753e-09,0.0019801882704599716,2.0440553689566216e-05,0.39179085125635948,7.3289804901778335e-05,8.4104988105602368e-07,2.8351429850864434e-10,3.2094192207179774e-12,2.9018735074731451e-10,7.0621546710177374e-11,6.3412609142051169e-08,0.33323904206745242,nan,nan,nan,nan,nan,nan,nan,nan,nan,nan,nan,nan,nan,nan,0,0,0,0,0,0,0,2.4875727546331589e-10,1.2790015478319772e-12,6.0844997395793802e-12,5.3283884629382847e-10,2.7029160160063626e-16,5.7967133241902669e-10,-8.6395264312505927e-13,7.3427808972015285e-14,2.9686997760905217e-16,4.3057483196657672e-18,-1.4023497378775686e-17,1.9364514124479134e-17,-2.438081775825638e-13,-1.3675970913073194e-09,nan,nan,nan,nan,nan,nan,nan,nan,nan,nan,nan,nan,nan,nan,-1.9408935114911124e-07,1.6678164888039859e-07,2.7413916319065174e-22,2.6722116284192117e-08,6.0884818936512985e-07,-2.2133831983905949e-07,0,0.016304780017984095,0.037271952394753963,2.2161659391294035e-18,0.040837472233443084,0.014807402041153939,0.11933792662586686,5.2081510100813926e-06,-0.00021458048386791754,0.0002738824462886951,-1.9546157704478948e-20,0.0001375736843474392,0.00010125335017869168,-0.00029868764570541032,7.0850431726777528e-10
8,2,lumen,0.0078947368421052634,0.0025000000000000001,0.0076315789473684215,0.0081578947368421053,0.002,0.0030000000000000001,1000155.0477564187,1.356869797803377,13.231316001272816,3050.5480666022518,0.16750773588002582,1173,1173,4.0478584424238402e-05,0.23271290090753544,0.59999999999999998,2,500000,0.00035,0.0001,0.076719417393960432,0.15567509831471096,1.0300740460712422e-17,0.17484945372594035,0.064242689834172473,0.52961032413814479,2.2811442486361102e-05,0.063273630553701721,0.073537537284225421,4.2594022152254073e-18,0.052568528594102236,0.42163458827762534,0.38897816021139708,7.555078948232897e-06,0.27244615640823927,0.0015946828240988259,1.101082389123069e-09,0.0020171857526244045,2.0204958434641674e-05,0.38787125772068987,7.4967002901579573e-05,8.0107481425662447e-07,2.7396381929220343e-10,3.335994641781978e-12,3.082576030210907e-10,7.5068435263167939e-11,6.2424746113304431e-08,0.3359746800717433,nan,nan,nan,nan,nan,nan,nan,nan,nan,nan,nan,nan,nan,nan,0,0,0,0,0,0,0,-8.6611941917599597e-11,5.9885390640733199e-13,-1.7752162734055234e-12,-1.195556836528227e-10,-5.604349449794821e-15,-5.0566471474465524e-10,-7.6714387418587426e-14,1.0214708853067966e-12,3.8749418545740793e-16,1.91991840361833e-18,8.1416518410844721e-19,2.3798445566884515e-18,5.5598525561271451e-13,7.115128484499711e-10,nan,nan,nan,nan,nan,nan,nan,nan,nan,nan,nan,nan,nan,nan,-2.10241320405119e-07,1.7937478002938434e-07,4.5942293115500599e-24,3.1372408052098557e-08,6.621448120636142e-07,-2.4149599903156016e-07,0,0.017181907034553218,0.035811759117901833,2.2966204379750785e-18,0.039840430854972714,0.014641706976647215,0.12010356409973852,5.1870589302778113e-06,-0.00041438630602668949,0.00055222815958491309,-2.7528087413828283e-20,0.00029269280800553146,0.00018292493232183453,-0.00056758731671023772,8.1129669057188907e-11
8,3,support,0.0078947368421052634,0.0035000000000000001,0.0076315789473684215,0.0081578947368421053,0.0030000000000000001,0.0040000000000000001,1001270.4422362276,1.3113994552783628,12.773673176932204,3186.338933295774,0.16762432052160753,1173,1173,4.0333245517394868e-05,0.23262574903661082,0.40000000000000002,2,300000,0.00033700000000000001,0.0001,0.088033578371377125,0.14850919602444448,1.1262703780756807e-17,0.17257311058669597,0.065542038889027029,0.55961475718651799,2.3626934083946446e-05,0.07009363328004857,0.067726095458236824,4.4960965430335068e-18,0.050089584261424555,0.41528401989990676,0.39679911258889,7.5545114933980465e-06,nan,nan,nan,nan,nan,nan,nan,nan,nan,nan,nan,nan,nan,nan,0.27504639475687948,0.0016791422231481935,1.2414742952660108e-09,0.0020943723942326597,1.961552755564563e-05,0.37950711564264117,7.8384485824721056e-05,7.2505016603539594e-07,2.5500551652100256e-10,3.5990117924307799e-12,3.449645914795063e-10,8.411439485006146e-11,6.0179330909315166e-08,0.34157418781105697,0,0,0,0,0,0,0,nan,nan,nan,nan,nan,nan,nan,nan,nan,nan,nan,nan,nan,nan,-1.6265343310837015e-09,1.5874102244082473e-13,-1.2942261060311848e-10,-5.547999633519917e-09,-2.4528339429008561e-14,-2.7358765351944911e-09,-1.0312728440003022e-13,-6.6067485683662941e-14,1.9954614606907747e-16,4.6683264589584469e-19,-8.0662888113420494e-18,8.7348435052170148e-18,-1.2086439723407935e-13,1.0039988618053567e-08,-2.4355863126150623e-07,2.135308214135101e-07,1.5615447501015826e-21,3.2893320258164259e-08,7.64770837213824e-07,-2.7103335076272828e-07,0,0.019010152011672637,0.033170887267556438,2.4386007752471665e-18,0.038109479746520319,0.014497056257816892,0.12261699765186174,5.1957389190131243e-06,-1.5487856040840755e-05,-3.2432150208145289e-06,-1.5821433846321861e-20,-6.6118811348864958e-05,6.3869133151368208e-05,-9.631235760199509e-05,-4.74284232355235e-09
8,4,support,0.0078947368421052634,0.0045000000000000005,0.0076315789473684215,0.0081578947368421053,0.0040000000000000001,0.0050000000000000001,1000943.2652591605,1.5587604143149656,15.18805298156488,2807.7504235137562,0.13911905117231055,1173,1173,4.1215462373471119e-05,0.20581220118670732,0.40000000000000002,2,300000,0.00033700000000000001,0.0001,0.08612603794708143,0.12773036129121093,2.2311427023266618e-17,0.21807277365473546,0.041904484545294531,0.54352820025753334,2.3779852968876832e-05,0.081536297913890166,0.069260103343282239,1.059025988260803e-17,0.075259625079073106,0.31569818027733137,0.45823675284407561,9.0405423475625591e-06,nan,nan,nan,nan,nan,nan,nan,nan,nan,nan,nan,nan,nan,nan,0.25026098598179802,0.0026623173694440058,1.5068069514522266e-09,0.0025236187498417157,3.1788298592389137e-05,0.38789737875454211,0.00010834204836277226,5.0935397436985837e-07,2.3720391367170364e-10,4.3983031728220667e-12,4.1132264238082449e-10,1.0921040420710332e-10,8.5031496224685695e-08,0.35651497214298994,0,0,0,0,0,0,0,nan,nan,nan,nan,nan,nan,nan,nan,nan,nan,nan,nan,nan,nan,9.3781620269371119e-10,6.0364138780305874e-14,9.2125596121712842e-11,3.5499821282171933e-09,2.0640715699127288e-14,5.7334351459201183e-11,1.4472998613577028e-13,-2.5207700510287978e-14,1.3601843122385916e-15,-3.9104147845435709e-18,2.5691875379004561e-17,-2.5641641786078769e-17,-2.5804904713617546e-13,-4.6372019007779769e-09,-3.5250609383644799e-07,1.7697284088180609e-07,-1.3687856392886417e-21,1.7538405432356025e-07,1.232157099836928e-06,-5.3134799765652829e-07,0,0.018375728505034956,0.028076109374034298,4.8048467802473368e-18,0.047916229645672201,0.0090801767646258996,0.11758589663152966,5.1706787792136671e-06,0,0,0,0,0,0,0
9,0,lumen,0.0084210526315789472,0.00050000000000000001,0.0081578947368421053,0.0086842105263157891,0,0.001,1000149.8206209253,1.3531502589773536,13.19511442816178,3027.2071103827971,0.16902988333151725,1173,1173,4.0586117957419481e-05,0.23388008400563759,0.59999999999999998,2,500000,0.00035,0.0001,0.067881122786471473,0.16801552125575289,9.3732539539210415e-18,0.18032014014086528,0.065975424639205416,0.51761044097236875,2.2791113888787865e-05,0.055831152694607693,0.079149733262295865,3.8652777825554092e-18,0.05406496132293135,0.43182206228218234,0.37912456274447315,7.5276935095825545e-06,0.27102128089263794,0.0014917803335138646,9.5501852453959874e-10,0.0019325921359840692,2.034400325450271e-05,0.39520936371085308,7.0971428318447491e-05,8.905167627796913e-07,2.9332830696042519e-10,3.075074244110332e-12,2.7071163182013857e-10,6.5722201693638213e-11,6.3607799957202547e-08,0.33025271178302024,nan,nan,nan,nan,nan,nan,nan,nan,nan,nan,nan,nan,nan,nan,0,0,0,0,0,0,0,1.2615173610231851e-10,3.914507551376159e-13,5.4529880364747462e-12,4.5340766053408478e-10,2.4033509557486177e-15,1.9542349964825345e-10,-2.7564176885236788e-13,1.9398371797763048e-13,-5.8992439480475291e-17,8.5472558477937571e-19,-1.8104310781431464e-19,6.295200795426792e-19,1.1016829449657064e-13,-7.8085793403437658e-10,nan,nan,nan,nan,nan,nan,nan,nan,nan,nan,nan,nan,nan,nan,-1.762242548422957e-07,1.5411175002810751e-07,-1.5771920108109647e-22,2.1911321850945859e-08,5.5050476871487675e-07,-1.9858356575808145e-07,0,0.01529511001658399,0.038849449112962002,2.108327689412794e-18,0.041352640334883679,0.015129235744224413,0.11818978344555089,5.2161995472209954e-06,-8.5221378194105782e-05,0.00010411604476993692,-3.3808458465010256e-22,4.3565804249882465e-05,4.409818984533178e-05,-0.00012084665403508349,4.3175115452517114e-10
9,1,lumen,0.0084210526315789472,0.0015,0.0081578947368421053,0.0086842105263157891,0.001,0.002,1000149.5638650752,1.4294497844465246,13.939145480768142,2870.812865295055,0.16890066375040613,1173,1173,4.0561049220641628e-05,0.23377908238279893,0.59999999999999998,2,500000,0.00035,0.0001,0.06585712984107242,0.15687162076913286,8.8795573451255763e-18,0.16954626061521449,0.062237109021676007,0.4919924490556693,2.1566002257102328e-05,0.057220726410306386,0.07806698835076159,3.8681618113172304e-18,0.053701060974703008,0.43032347071208793,0.38068022885519748,7.5246969436876965e-06,0.2713788298216776,0.0015077178989850756,9.8178374133181849e-10,0.0019464621522247464,2.028001010602002e-05,0.39381045195041753,7.1605084530615258e-05,8.7438523022432031e-07,2.8969727710146331e-10,3.1218207283949481e-12,2.7760001513412782e-10,6.740572551781329e-11,6.3297749246087613e-08,0.33126371377945107,nan,nan,nan,nan,nan,nan,nan,nan,nan,nan,nan,nan,nan,nan,0,0,0,0,0,0,0,3.7374399329043859e-10,-9.045330516091855e-15,-2.8514588528805424e-12,1.0339659211378084e-10,8.2160840630951526e-15,1.4053711536524127e-09,-1.7946759454457187e-13,2.3994239754798752e-13,-6.562251263711863e-17,-2.3574367961187125e-19,1.0723823819175811e-18,-1.332085532148984e-18,4.2301737823000261e-13,-1.8801428471330377e-09,nan,nan,nan,nan,nan,nan,nan,nan,nan,nan,nan,nan,nan,nan,-1.8221950232478329e-07,1.576623058219262e-07,1.0488446321199677e-21,2.3154005694966355e-08,5.6963407606136496e-07,-2.0547975881912706e-07,0,0.015646184875800672,0.038299012923613394,2.1207028167011231e-18,0.041028709006098091,0.015061234004317791,0.11851679495143851,5.2078586427973666e-06,-0.00020038511411002587,0.00025931013684936827,-1.855483219596346e-20,0.000131389412528677,9.1123434911422049e-05,-0.00027775589863290358,6.3250568143305475e-10
9,2,lumen,0.0084210526315789472,0.0025000000000000001,0.0081578947368421053,0.0086842105263157891,0.002,0.0030000000000000001,1000148.817735902,1.3151369788833254,12.824444447910473,3133.0950114454099,0.16826356382309826,1173,1173,4.0493523500169043e-05,0.23369831765905852,0.59999999999999998,2,500000,0.00035,0.0001,0.075675640237347755,0.1645994628422888,1.0046727804319593e-17,0.18050492000755811,0.067157871637197455,0.53987379084729314,2.3426830378368208e-05,0.060493551348496218,0.07536225160217197,4.0266173701410764e-18,0.052600043609521974,0.42721348911266915,0.38432314402464329,7.5203024975720791e-06,0.27243094648937227,0.0015447589865846473,1.0457468216008581e-09,0.0019798732431707548,2.0058088234575638e-05,0.39019410781950281,7.3098663852140072e-05,8.3630992581327121e-07,2.8074435128222037e-10,3.2345636636410823e-12,2.941319552776798e-10,7.1438288564984542e-11,6.2379057776111607e-08,0.33375625632500266,nan,nan,nan,nan,nan,nan,nan,nan,nan,nan,nan,nan,nan,nan,0,0,0,0,0,0,0,-2.2241731252473034e-10,7.6729033118976522e-12,-1.1839638899361626e-11,9.3820217393675631e-10,-5.4449717304394518e-14,-1.7843722491337616e-09,-3.4513000292946782e-12,1.8683539958208595e-12,2.6591689194997639e-15,1.4266749299259519e-17,4.9164376681065937e-18,-3.1089453688093922e-18,-1.6720386851321489e-12,1.0760609068695666e-09,nan,nan,nan,nan,nan,nan,nan,nan,nan,nan,nan,nan,nan,nan,-1.9672118065777733e-07,1.7036255250957311e-07,5.2116263030633144e-22,2.8154695486594258e-08,6.1846815212207584e-07,-2.2582654474190278e-07,0,0.016514487289853424,0.03682936430659832,2.193622566025729e-18,0.040052545428126377,0.014897622897603607,0.11925544744265426,5.1873920945085306e-06,-0.00039171175839148952,0.00052883222623600521,-3.4354446132591496e-20,0.00026787645757275796,0.00017487229193715334,-0.00053007926303132874,-1.0579625358015314e-10
9,3,support,0.0084210526315789472,0.0035000000000000001,0.0081578947368421053,0.0086842105263157891,0.0030000000000000001,0.0040000000000000001,1001219.5482427814,1.2879678193921762,12.546075273442725,3228.2397742763992,0.16842592021137689,1173,1173,4.0356710974110529e-05,0.23361133795316122,0.40000000000000002,2,300000,0.00033700000000000001,0.0001,0.085583242880888949,0.15581568286494041,1.1019636867727735e-17,0.17654967155274368,0.067679113791242168,0.56252676628786558,2.3948964692798499e-05,0.066928492634106093,0.069792048768526321,4.3206823435376198e-18,0.050330738458095207,0.42118415479405746,0.39175704430607189,7.5210391428503656e-06,nan,nan,nan,nan,nan,nan,nan,nan,nan,nan,nan,nan,nan,nan,0.27487273504149939,0.0016221140106125298,1.1763102638634566e-09,0.0020518776124998622,1.952655662074035e-05,0.38238879889677757,7.6256385130584172e-05,7.6162180760687343e-07,2.6260506223999605e-10,3.4714583654899426e-12,3.2814127057689911e-10,7.9757790478078814e-11,6.0328444633647764e-08,0.33896786769632253,0,0,0,0,0,0,0,nan,nan,nan,nan,nan,nan,nan,nan,nan,nan,nan,nan,nan,nan,-2.1343946217907571e-09,2.2014849879234204e-11,-5.4304335634164308e-11,-3.9621366639718257e-09,-8.3427839289718086e-14,-5.4455600213571681e-09,-1.5665560926013889e-11,3.9985512730739137e-12,2.3847615944243937e-15,5.1889683077931134e-17,-1.0707760069907729e-16,1.6109196544536963e-16,-6.189224738288344e-13,1.1586747588969707e-08,-2.2715609157650946e-07,2.0367868841519865e-07,1.0479892852450919e-22,2.8973968842697484e-08,7.116821431757403e-07,-2.5222387639578514e-07,0,0.01826732275572835,0.034288611246561844,2.3638758756014489e-18,0.038475204113255723,0.014761127432130093,0.12171189047427165,5.1987629644100622e-06,-1.5834243087474786e-05,-3.8221225190816915e-06,-1.5946169736859126e-20,-7.228371906980351e-05,6.8257022735048199e-05,-0.0001045103162768039,-5.1068507535365307e-09
9,4,support,0.0084210526315789472,0.0045000000000000005,0.0081578947368421053,0.0086842105263157891,0.0040000000000000001,0.0050000000000000001,1000900.2046796081,1.6168614313055918,15.754848111101024,2700.7224919994942,0.13890673078048962,1173,1173,4.1304886884221007e-05,0.20512793249319927,0.40000000000000002,2,300000,0.00033700000000000001,0.0001,0.080005031732727702,0.12727618653698641,2.1198617912455345e-17,0.21688462422623839,0.04040024250756051,0.52195019603508674,2.3111872747366841e-05,0.07856804357495123,0.071589324778664129,1.0437558765422821e-17,0.077642852878220536,0.31572404978088442,0.45646661449304443,9.1144942352405439e-06,nan,nan,nan,nan,nan,nan,nan,nan,nan,nan,nan,nan,nan,nan,0.24882341549147208,0.0026365378591322736,1.4435233247635748e-09,0.0024992744979542738,3.2538122007539684e-05,0.3914400618377939,0.00010729501179083793,5.2548497997322924e-07,2.437622020168443e-10,4.244092304960746e-12,3.9417974414470122e-10,1.0471089081813885e-10,8.7038165009992413e-08,0.35446026246625983,0,0,0,0,0,0,0,nan,nan,nan,nan,nan,nan,nan,nan,nan,nan,nan,nan,nan,nan,7.619907669619238e-10,1.6493634463334457e-12,3.8551287536018167e-11,3.101170260109409e-09,2.410734372543244e-14,1.9612944954098058e-09,-1.4381409919190431e-12,2.5516849917750495e-13,-3.2348379954748689e-17,1.1121698404672156e-18,-1.2000585366457535e-18,1.4278331614674631e-19,1.5417044140147308e-13,-5.8636512039908901e-09,-3.3536533963936244e-07,1.6140666647679325e-07,3.833276574129452e-22,1.7195839396618841e-07,1.1775585399415034e-06,-5.1038648690715505e-07,0,0.01751890285448976,0.028796838705711876,4.7136880137643974e-18,0.049077313550469612,0.0089978406102578842,0.1160940424175967,5.1682896100075788e-06,0,0,0,0,0,0,0
10,0,lumen,0.0089473684210526309,0.00050000000000000001,0.0086842105263157891,0.0092105263157894728,0,0.001,1000143.5170506415,1.3441809019443118,13.10773322003566,3034.9301154041086,0.169798249029283,1173,1173,4.0602979915006298e-05,0.23469582953311013,0.59999999999999998,2,500000,0.00035,0.0001,0.065242418283495821,0.17287662897079986,8.9724536725749212e-18,0.18168868603512789,0.06715575038546874,0.51544083759068615,2.2846327568737961e-05,0.053305504798980254,0.080900418869272864,3.6754962519295346e-18,0.054114540790458208,0.43663673623215832,0.37503530335001073,7.4959591196135944e-06,0.27093393598438537,0.0014508892831676997,9.0648058190549373e-10,0.0019005595095297847,2.0223986040115185e-05,0.39730186417816865,6.9409542703329906e-05,9.2493929698793027e-07,2.9971781004396123e-10,2.9939405546059129e-12,2.5843357780535669e-10,6.2641106497003246e-11,6.3583596966167111e-08,0.32832212746287004,nan,nan,nan,nan,nan,nan,nan,nan,nan,nan,nan,nan,nan,nan,0,0,0,0,0,0,0,1.1628370771299928e-10,8.6429238174662513e-13,4.3997564332669624e-12,4.7345277501701377e-10,1.7920777709012903e-15,1.315955038081601e-10,-5.4257663910881497e-13,3.6190191468610244e-13,-3.4907592552661641e-17,1.4981712499343851e-18,1.6704418230092393e-18,-1.9996850327492553e-18,1.1271691716623507e-13,-7.2652991971490913e-10,nan,nan,nan,nan,nan,nan,nan,nan,nan,nan,nan,nan,nan,nan,-1.6500577112478487e-07,1.4539603765406639e-07,3.5799555031780053e-22,1.9473261807495433e-08,5.1441952328423746e-07,-1.8494816023117977e-07,0,0.014681642125658152,0.039819266106816548,2.0248575521008118e-18,0.041532852530825129,0.015360885864421482,0.11742897189200829,5.2157268273511857e-06,-7.8985183406523493e-05,9.7735780302957135e-05,-8.0361409436022399e-21,4.3048468991969939e-05,3.9229323341291276e-05,-0.00010806711935111481,4.4908420680602379e-10
10,1,lumen,0.0089473684210526309,0.0015,0.0086842105263157891,0.0092105263157894728,0.001,0.002,1000143.2713510093,1.3624071317055981,13.285468928127433,2999.2995843691688,0.16953732553541892,1173,1173,4.0578706186969941e-05,0.23462307121301518,0.59999999999999998,2,500000,0.00035,0.0001,0.065922779845333832,0.16841653516581018,9.0168932065316325e-18,0.17806526915756379,0.066056163945860197,0.51046798361705914,2.2531348359408423e-05,0.054591724944896093,0.079881922346599521,3.7437856904687579e-18,0.053754472961700155,0.4353110682609212,0.37645331863160159,7.4928542812950084e-06,0.27127937031395605,0.0014648966506136233,9.3095077320475876e-10,0.0019130837692532406,2.0162068941147304e-05,0.39601062234998768,6.9973180430184237e-05,9.0963711576708733e-07,2.9632176369289387e-10,3.0354193968966745e-12,2.6471618191424481e-10,6.4163288758084949e-11,6.3292860449581125e-08,0.32924091717765341,nan,nan,nan,nan,nan,nan,nan,nan,nan,nan,nan,nan,nan,nan,0,0,0,0,0,0,0,2.4566889249203763e-10,7.1220667666129043e-13,7.0421803365849617e-12,5.4904520312897445e-10,2.6768951638667104e-15,5.2817752428657716e-10,-4.830298363159355e-13,2.9976889026617215e-14,1.5149476897464368e-16,1.4968884220512861e-18,-2.1268886670148553e-18,3.215797419637604e-18,-1.445298594192364e-13,-1.3300513469968459e-09,nan,nan,nan,nan,nan,nan,nan,nan,nan,nan,nan,nan,nan,nan,-1.7038763978557969e-07,1.4849208440637085e-07,-1.5664014646367019e-23,2.1360447361776779e-08,5.323797768047589e-07,-1.9229014758259666e-07,0,0.015040664580941885,0.039245611814994218,2.0584839348763814e-18,0.041200146789077401,0.015293680158577842,0.11776456625252421,5.2076685087534043e-06,-0.00020165890225117968,0.0002652391562812687,-1.3705582359186324e-20,0.00012974628457912931,9.0951957715224756e-05,-0.00027747125723710092,4.9547909811057933e-10
10,2,lumen,0.0089473684210526309,0.0025000000000000001,0.0086842105263157891,0.0092105263157894728,0.002,0.0030000000000000001,1000142.5576284773,1.3495994801994842,13.160584921796223,3040.2492773609947,0.16899881839977757,1173,1173,4.0510373866574442e-05,0.23455646056113152,0.59999999999999998,2,500000,0.00035,0.0001,0.070553025929521784,0.16413456697198076,9.3859080836584766e-18,0.17612772035312546,0.066210803499180307,0.52030111964343717,2.2734745549639477e-05,0.057876898911373327,0.077119132711067559,3.8603675355697555e-18,0.05266976801994331,0.43222862211871277,0.38009808881338397,7.4894255189351458e-06,0.2723495160859275,0.001500823205889183,9.9439192280058146e-10,0.0019461270306540064,1.9941889958318931e-05,0.39239495485185893,7.1434999812779897e-05,8.7010633083721597e-07,2.8720151596294538e-10,3.1437855070988871e-12,2.8105988225988969e-10,6.8120921829121361e-11,6.2380159767316467e-08,0.33171626781554386,nan,nan,nan,nan,nan,nan,nan,nan,nan,nan,nan,nan,nan,nan,0,0,0,0,0,0,0,1.8039413801872001e-11,1.0917431318000222e-11,8.3487409560475441e-13,-6.6796520261275113e-10,-1.8088178524444665e-14,4.1897226768679297e-10,-6.7585405847982318e-12,1.7377319201650199e-12,1.8288900210021165e-15,1.5916504456366278e-17,1.7472642733557835e-17,-2.1436905857992311e-17,-1.5185317389992012e-12,2.2575710728563283e-10,nan,nan,nan,nan,nan,nan,nan,nan,nan,nan,nan,nan,nan,nan,-1.8451335049522039e-07,1.5845014117443768e-07,2.1882509881821192e-22,2.5643199322909203e-08,5.7917674860241686e-07,-2.0948863421743624e-07,0,0.015889579088113882,0.037786402408343508,2.1218159012671957e-18,0.040247250786994183,0.015134863421951026,0.11848119100285974,5.187901778721364e-06,-0.00037819327696733413,0.00051537797698767405,-3.8134667030926094e-20,0.00024830269285260954,0.0001714262540833426,-0.00053621245517123316,-4.7642516783820955e-10
10,3,support,0.0089473684210526309,0.0035000000000000001,0.0086842105263157891,0.0092105263157894728,0.0030000000000000001,0.0040000000000000001,1001168.3842120734,1.3510108034046653,13.160848580072683,3063.8010314635803,0.16921217212373793,1173,1173,4.038068713196037e-05,0.23444937596164417,0.40000000000000002,2,300000,0.00033700000000000001,0.0001,0.078075497360167542,0.15269467794560146,1.0176216760639665e-17,0.16917550345850965,0.065313440619441235,0.53004899841077613,2.2744319791952428e-05,0.064049105439819828,0.071745502871296843,4.1855005908111864e-18,0.05059176951248627,0.42637911817263624,0.38722701127412767,7.4927296330071622e-06,nan,nan,nan,nan,nan,nan,nan,nan,nan,nan,nan,nan,nan,nan,0.27464191883118277,0.0015728660006987412,1.117857376621508e-09,0.0020140142445893455,1.946283224254247e-05,0.38505412235268266,7.4393891899797104e-05,7.9626248392229814e-07,2.6971479598018618e-10,3.361439366990593e-12,3.1310315166122621e-10,7.5910734571924343e-11,6.0499317139425689e-08,0.33662236330495621,0,0,0,0,0,0,0,nan,nan,nan,nan,nan,nan,nan,nan,nan,nan,nan,nan,nan,nan,-1.7551709973858458e-09,-8.312723489493753e-14,-5.3713216248483721e-11,-4.8260460365864312e-09,-2.2740273206145467e-14,-2.980814756267311e-09,5.020441613528638e-14,1.7409186071903893e-13,-9.1923082414952866e-17,-1.8891832607256549e-20,-3.0584321242130725e-18,2.1675502034403654e-18,1.9528701712200209e-13,9.6154315618955502e-09,-2.1274196343977481e-07,1.9022044406291627e-07,-1.3771114578856424e-21,2.555570088463236e-08,6.6482015920188431e-07,-2.3352529704423475e-07,0,0.017566963664421942,0.035352389881121514,2.2735934969033389e-18,0.038812491281525197,0.015006263823861514,0.12085888531005673,5.2018378674349295e-06,-1.5588760901572527e-05,-5.088209471650041e-06,-1.6242062504865356e-20,-7.9184501080605644e-05,7.2454920222565731e-05,-0.00011142348749835942,-5.4695329789498808e-09
10,4,support,0.0089473684210526309,0.0045000000000000005,0.0086842105263157891,0.0092105263157894728,0.0040000000000000001,0.0050000000000000001,1000857.4246725346,1.6024112275989806,15.614711379374658,2719.0106590288888,0.13667393684128221,1173,1173,4.1403044891857135e-05,0.20429278500583892,0.40000000000000002,2,300000,0.00033700000000000001,0.0001,0.07752956495140953,0.13296963149742308,2.1295421347414899e-17,0.2263946547977668,0.040715505330061234,0.52461998646822627,2.351956078648991e-05,0.075459813007837759,0.074126469762729991,1.0391957561161866e-17,0.080326460326303403,0.31535757162415512,0.45472049250917523,9.1927697985155926e-06,nan,nan,nan,nan,nan,nan,nan,nan,nan,nan,nan,nan,nan,nan,0.24720349570172537,0.0026139649188889618,1.3781615740047171e-09,0.0024748899500775081,3.3401707783757745e-05,0.39520249059666829,0.00010631233278257451,5.4230049766304244e-07,2.5074725442678365e-10,4.0867626421660521e-12,3.7647992420918018e-10,1.0010580232852098e-10,8.9293772081141348e-08,0.35236481108823431,0,0,0,0,0,0,0,nan,nan,nan,nan,nan,nan,nan,nan,nan,nan,nan,nan,nan,nan,8.3939149944874853e-10,6.4368784468640083e-12,4.8189605693221829e-11,2.9245891180859743e-09,8.1705692558942111e-14,1.8950113934643187e-09,-6.0055089410494996e-12,2.3656640882330215e-14,7.5798687779876025e-17,-4.0378458159294405e-18,2.9131302705757707e-17,-5.0161107734948227e-17,-1.0153857039156878e-13,-5.7076169628992117e-09,-3.181211488297031e-07,1.4657327923606189e-07,1.4407430439764834e-22,1.696046646477295e-07,1.1234072879451329e-06,-4.906026008777431e-07,0,0.016705897503870405,0.029451078767194157,4.6680574799918957e-18,0.050218815073876773,0.0089011039327312382,0.11465472330106613,5.1657307692149851e-06,0,0,0,0,0,0,0
11,0,lumen,0.0094736842105263147,0.00050000000000000001,0.0092105263157894728,0.0097368421052631566,0,0.001,1000137.1853899168,1.3071788419868058,12.746989619929506,3109.3766501356013,0.1704213702681654,1173,1173,4.0614270613990751e-05,0.23547721175082043,0.59999999999999998,2,500000,0.00035,0.0001,0.064315655740874014,0.1810509210086452,8.9165422021262966e-18,0.18670567902107199,0.069755067944125809,0.52483798549029859,2.3397726465136009e-05,0.051102100363266262,0.082393938264044189,3.5520679697533365e-18,0.054078378342236701,0.44105512253038154,0.37136299490366631,7.4655964050322556e-06,0.27092556461119349,0.0014151115010940952,8.6461822790916445e-10,0.0018724358750897598,2.0089411265981862e-05,0.39903327004693412,6.803938796617224e-05,9.5608712178028232e-07,3.0523958981434325e-10,2.9265455944838142e-12,2.4790447943454563e-10,6.0009639622513679e-11,6.3478776166462465e-08,0.32666446811985606,nan,nan,nan,nan,nan,nan,nan,nan,nan,nan,nan,nan,nan,nan,0,0,0,0,0,0,0,1.4827448039126837e-10,4.3162492895935387e-13,2.2236554419103497e-12,2.5610271526398081e-10,2.3214936917259621e-15,3.8548196969537263e-10,-2.3078713249570071e-13,2.9310690159711772e-13,-6.0078523126962836e-17,7.923270117074592e-19,1.3267502688968053e-18,-1.8601692028067156e-18,1.2970182870389707e-13,-7.9270895418286078e-10,nan,nan,nan,nan,nan,nan,nan,nan,nan,nan,nan,nan,nan,nan,-1.5546062987707027e-07,1.3796665970788879e-07,-7.9187375033476159e-23,1.7105839428792979e-08,4.8340701117033369e-07,-1.7282038811128331e-07,0,0.014114067177858515,0.040725899933892792,1.9604777764015569e-18,0.04168249888577958,0.015574473152258151,0.11673202384475877,5.2152871066443086e-06,-8.4308566495925412e-05,0.00010751160244481689,-6.3992195097482009e-21,4.6038581505843141e-05,4.0766529476828025e-05,-0.00011508579166344013,4.1773613628669841e-10
11,1,lumen,0.0094736842105263147,0.0015,0.0092105263157894728,0.0097368421052631566,0.001,0.002,1000136.9512399107,1.3978063339375615,13.630749235325903,2912.9184147575552,0.17027527899651551,1173,1173,4.0587766594304755e-05,0.23541524688820564,0.59999999999999998,2,500000,0.00035,0.0001,0.061756830268367383,0.16701657465338726,8.465629743598458e-18,0.17336208349251808,0.065030068950695519,0.49279251449188249,2.187228358655587e-05,0.052470975936963177,0.081276724285734028,3.6062527706140034e-18,0.053694814401602994,0.43968678701531927,0.37286323564166285,7.462718717704073e-06,0.27131514595126233,0.0014295171616257457,8.9043734316507718e-10,0.0018856303757548065,2.0018673022782186e-05,0.39763721946690739,6.8625320387311802e-05,9.3922561857354233e-07,3.0153362499938784e-10,2.9689693485916693e-12,2.5451570619578296e-10,6.1599717031271586e-11,6.3157226183339593e-08,0.32764283915714448,nan,nan,nan,nan,nan,nan,nan,nan,nan,nan,nan,nan,nan,nan,0,0,0,0,0,0,0,2.2517630118882703e-10,5.6190292484129919e-13,6.2943657406090184e-12,5.3329002363057348e-10,1.1173787589635609e-15,4.0802892531735524e-10,-3.8744293864820978e-13,3.4924602272667915e-13,-2.4733739926269142e-17,2.9703093391523564e-18,-8.5255942364482837e-18,1.2984153863606134e-17,2.2206149109371204e-13,-1.1735364626032118e-09,nan,nan,nan,nan,nan,nan,nan,nan,nan,nan,nan,nan,nan,nan,-1.6105473752813654e-07,1.4216984400849952e-07,-1.4648432936273068e-22,1.8469997877713561e-08,5.0150287031480723e-07,-1.8005177943036799e-07,0,0.014467845617497919,0.040152209032931818,1.9823014836757819e-18,0.041342672161889291,0.015512920196719676,0.11706458137704284,5.207590862415446e-06,-0.00019477444281298432,0.00025946031578386936,-1.701363346508627e-20,0.00012473666616068149,8.7187543412960467e-05,-0.00027281034150579084,3.195137256109202e-10
11,2,lumen,0.0094736842105263147,0.0025000000000000001,0.0092105263157894728,0.0097368421052631566,0.002,0.0030000000000000001,1000136.2693519435,1.3626432506092303,13.287864462239265,2999.9757854321151,0.16966339015876203,1173,1173,4.0521525364936559e-05,0.23536299492113727,0.59999999999999998,2,500000,0.00035,0.0001,0.06716487616498186,0.16566782695246862,9.0313211437342483e-18,0.17440949443219417,0.066263459235128289,0.5102407558278107,2.2430060350770558e-05,0.055630354117270055,0.078592346672549523,3.7504522555439835e-18,0.05266035862988639,0.43675588547395905,0.37635359459064488,7.4605156901348196e-06,0.2723508129671916,0.0014630069527725566,9.5082924980532912e-10,0.0019169454422519167,1.9810778277844262e-05,0.39418322030328856,6.9998551728028284e-05,9.0021761119340601e-07,2.9268750038716207e-10,3.0693622003413564e-12,2.7003105238786976e-10,6.5333186287029876e-11,6.2293182415648993e-08,0.32999524091174576,nan,nan,nan,nan,nan,nan,nan,nan,nan,nan,nan,nan,nan,nan,0,0,0,0,0,0,0,-2.4841746540351973e-10,1.1348495841589988e-11,-1.9923590241391296e-12,9.9740663433520794e-10,-5.9011172684475532e-14,-2.2687731498181873e-09,-5.3346251024358727e-12,2.8190993376503437e-12,3.3516493365503831e-15,2.0360862814123271e-17,2.231208379360979e-17,-2.6724966617202388e-17,-2.1926477418836645e-12,1.5151915553961008e-09,nan,nan,nan,nan,nan,nan,nan,nan,nan,nan,nan,nan,nan,nan,-1.7429060079812014e-07,1.5391885233029257e-07,-7.2948881353274586e-22,2.2641943069107939e-08,5.4564863632977634e-07,-1.9793288597025338e-07,0,0.015299189397365111,0.03870134523589859,2.0415002685200295e-18,0.040418182734287177,0.015355910016518037,0.11775639705102493,5.1885797287896676e-06,-0.00035996733761744425,0.00049396839356289171,-2.40570805988854e-20,0.00022759428098306376,0.00016629199634582306,-0.00051228684423559282,-8.6001795839640337e-10
11,3,support,0.0094736842105263147,0.0035000000000000001,0.0092105263157894728,0.0097368421052631566,0.0030000000000000001,0.0040000000000000001,1001116.9682605007,1.3132838911021469,12.793989558119387,3139.0286258881752,0.1699045491413245,1173,1173,4.0399630853282554e-05,0.23523773322473335,0.40000000000000002,2,300000,0.00033700000000000001,0.0001,0.077106532132490996,0.16080190099923428,9.8910607565031104e-18,0.17460455967128471,0.067932910797871615,0.53954290848394793,2.3314463746424909e-05,0.061491003363827644,0.073448691264189611,3.9548136770243525e-18,0.0507598198830796,0.43111753541697678,0.38317548361371045,7.4664582158926983e-06,nan,nan,nan,nan,nan,nan,nan,nan,nan,nan,nan,nan,nan,nan,0.27449433046049054,0.0015300403213701101,1.0666962238962891e-09,0.0019808439006702098,1.9381514051684137e-05,0.38730562586777351,7.2767430199578234e-05,8.2786833361469144e-07,2.7595507377209921e-10,3.2679697832421655e-12,3.0000048558869063e-10,7.2578516877041967e-11,6.0578433560143891e-08,0.33459612034018477,0,0,0,0,0,0,0,nan,nan,nan,nan,nan,nan,nan,nan,nan,nan,nan,nan,nan,nan,-1.7475821541219789e-09,1.6664974979164516e-13,-4.4212312135828264e-11,-4.0954816375878275e-09,-3.4810479151992091e-15,-4.4786567449453529e-09,-4.8030622569337712e-13,3.6010192223934201e-13,-5.5896212801990423e-17,-2.2615570182350296e-18,2.2119422727297015e-18,-3.274532335459515e-18,6.4127474651065942e-13,1.036524868696436e-08,-2.0037480920765544e-07,1.826871125487628e-07,-1.0933905224126584e-22,2.2209567871344542e-08,6.243403071204412e-07,-2.1853307186070481e-07,0,0.01690613172779783,0.036367101790786747,2.1684183011002727e-18,0.039121045349248568,0.015233681521259243,0.12006460274117151,5.2049668325655233e-06,-1.5493179424034738e-05,-5.9985330358342173e-06,-1.7033742652674119e-20,-8.562210901536042e-05,7.6634916941496593e-05,-0.0001166891105385619,-5.8472408105824773e-09
11,4,support,0.0094736842105263147,0.0045000000000000005,0.0092105263157894728,0.0097368421052631566,0.0040000000000000001,0.0050000000000000001,1000814.9419678279,1.6217673394463239,15.803998015941755,2682.0467567096357,0.13637822346813733,1173,1173,4.1491653013955863e-05,0.20343607243109302,0.40000000000000002,2,300000,0.00033700000000000001,0.0001,0.073902320559501133,0.13514139218020071,2.1138252538793603e-17,0.23063444781419151,0.040116595192918651,0.51709438376285022,2.3451579488483382e-05,0.072801354328731999,0.076250421059889273,1.0440305681091625e-17,0.082822748884621447,0.31448541212064729,0.45363078629157416,9.2773145358370896e-06,nan,nan,nan,nan,nan,nan,nan,nan,nan,nan,nan,nan,nan,nan,0.24573611142278831,0.0026030733900803487,1.3235202863593071e-09,0.0024576528919121399,3.421451216620024e-05,0.39829648079212449,0.0001057205927441182,5.5506709573682512e-07,2.5638997250838731e-10,3.9566222292199631e-12,3.6169377444812974e-10,9.6310185397917739e-11,9.1337385008409554e-08,0.35076609795183,0,0,0,0,0,0,0,nan,nan,nan,nan,nan,nan,nan,nan,nan,nan,nan,nan,nan,nan,6.0165637705367662e-10,7.5081214969584373e-12,3.0277233998549194e-11,2.8371596690579001e-09,5.6744756463111834e-14,1.7110996168145237e-09,-6.6712176595199552e-12,3.3529581021374266e-13,1.6202191488675337e-17,6.965157250247305e-19,1.0813410374647448e-17,-2.4303076689697716e-17,-7.9414566043621317e-14,-5.1813422168925155e-09,-3.042190964870628e-07,1.3646353419494162e-07,-8.2945398600356472e-22,1.6601387279505658e-07,1.0782833566175265e-06,-4.7304033062856021e-07,0,0.015928106909250905,0.030059369283014954,4.6271752493308307e-18,0.051332354079614027,0.0087939281008488131,0.11326265445059444,5.1629952277117949e-06,0,0,0,0,0,0,0
12,0,lumen,0.0099999999999999985,0.00050000000000000001,0.0097368421052631566,0.010526315789473682,0,0.001,1000130.827049709,1.3330827807006269,12.999675219720736,3037.3371651749626,0.17112144258029027,1173,1173,4.0629542493005298e-05,0.23622398969138902,0.59999999999999998,2,500000,0.00035,0.0001,0.06019496491327795,0.18106870610372133,8.3939605579874212e-18,0.1831255492859783,0.069083699000249979,0.50944786735570335,2.2853085399987679e-05,0.048776101336102877,0.084035500599908719,3.4101744190568883e-18,0.054092859759382869,0.44546907241081146,0.36761902953114145,7.4363626525251953e-06,0.27083375969456114,0.0013796153267804695,8.2088458259205523e-10,0.0018437222513065742,1.9975647089679523e-05,0.4009221989968188,6.6663577366083635e-05,9.8963290386316029e-07,3.1121350049394566e-10,2.8587082421659681e-12,2.3692819066767597e-10,5.729791724592714e-11,6.3433964348881753e-08,0.32493301001002023,nan,nan,nan,nan,nan,nan,nan,nan,nan,nan,nan,nan,nan,nan,0,0,0,0,0,0,0,1.2645147607002607e-10,1.988905649615753e-13,3.7261182187670847e-12,3.4876917354788027e-10,2.2705361896191434e-15,1.5756601557358196e-10,-4.3993834811875753e-14,3.6380859262663545e-13,-5.2974431897248088e-17,6.4669193223779951e-19,3.6290484009172121e-19,-8.1618337555610588e-20,2.2666226570236255e-13,-6.3726010593735599e-10,nan,nan,nan,nan,nan,nan,nan,nan,nan,nan,nan,nan,nan,nan,-1.4570062429556524e-07,1.3001252147093467e-07,-3.3158893086410701e-23,1.5526218090588612e-08,4.5255361558194096e-07,-1.6157190546595146e-07,0,0.013319393460238228,0.041997666294671887,1.8669856372444486e-18,0.041877965344743764,0.015875836827538618,0.11575721991478533,5.2145567593326074e-06,-8.106049046026241e-05,0.00010606839931800951,-3.5768563491503703e-21,4.7028091388327452e-05,3.7255197351851605e-05,-0.0001087329011230678,4.6255411433505985e-10
12,1,lumen,0.0099999999999999985,0.0015,0.0097368421052631566,0.010526315789473682,0.001,0.002,1000130.60345808,1.3382055665219386,13.049633438374974,3030.792556675558,0.17092173452262419,1173,1173,4.0602859090481996e-05,0.23618927854730476,0.59999999999999998,2,500000,0.00035,0.0001,0.061578928328780778,0.17801102840267738,8.4358260717190679e-18,0.18110534691270519,0.06862722137925803,0.50946116706040001,2.2755876346540306e-05,0.050089287678024903,0.082933904628457553,3.4403537091637147e-18,0.053701706263276548,0.44422623159401164,0.36904143664862249,7.4331876067919525e-06,0.27123111363710189,0.0013928085849907563,8.4540161564991431e-10,0.0018561622310096268,1.9902230519489256e-05,0.39956713838081509,6.7207132003486425e-05,9.7296954458238735e-07,3.0758444417755902e-10,2.8977171851047554e-12,2.43191217381843e-10,5.879194939719775e-11,6.3112800196760929e-08,0.32586463026334817,nan,nan,nan,nan,nan,nan,nan,nan,nan,nan,nan,nan,nan,nan,0,0,0,0,0,0,0,2.0368891267004487e-10,2.3930176784305786e-13,5.5174466999391766e-12,5.2777191463132444e-10,3.6105016545939783e-15,3.8267004495717849e-10,-1.1334728334375242e-13,2.2139343310023651e-13,-7.1123984960391622e-17,3.769592558532823e-19,9.8390967683953519e-19,-1.7442453458783611e-18,1.1613706288395829e-13,-1.1201155282518404e-09,nan,nan,nan,nan,nan,nan,nan,nan,nan,nan,nan,nan,nan,nan,-1.5091862408563028e-07,1.3337908244537289e-07,2.9001084569559181e-22,1.7151013120853483e-08,4.6978851149515055e-07,-1.6859191592777378e-07,0,0.013670301679089988,0.04141629608391862,1.8849689146110965e-18,0.041538714069335708,0.015817194875657987,0.11608672174458259,5.2076293527648933e-06,-0.00019077599939953057,0.00025715638861762769,-8.7787886423263057e-21,0.00012032462921794659,8.4803954636326824e-05,-0.000260785926431337,1.9471067820742048e-10
12,2,lumen,0.0099999999999999985,0.0025000000000000001,0.0097368421052631566,0.010526315789473682,0.002,0.0030000000000000001,1000129.9535929024,1.3386697345532685,13.054168297541009,3041.5960903245114,0.17036441915512171,1173,1173,4.0537473555193345e-05,0.23615085557819337,0.59999999999999998,2,500000,0.00035,0.0001,0.06535690760781375,0.17222256108508566,8.6146090187533382e-18,0.17767064048506379,0.068165312697580055,0.51399577779258299,2.2743877785058424e-05,0.053180830974209253,0.080264987398723495,3.5144870288243229e-18,0.052701548374739851,0.44138961508369007,0.37245558631861619,7.431850021147857e-06,0.27225594819618748,0.0014246255881212872,9.0386129715036426e-10,0.0018864441068053241,1.9701562692198761e-05,0.396198473102646,6.8522563443828912e-05,9.335722348129203e-07,2.9881060067546598e-10,2.9918584696696292e-12,2.5816244175243194e-10,6.2370649626467712e-11,6.2277124439580277e-08,0.3281452875045629,nan,nan,nan,nan,nan,nan,nan,nan,nan,nan,nan,nan,nan,nan,0,0,0,0,0,0,0,-4.4071297327771922e-11,3.0852367575017503e-12,1.6948437899797221e-13,-4.6742041820833159e-10,-2.5712179781145483e-14,3.6316921583727513e-10,-7.1916521443160821e-13,1.0010930886344971e-12,1.7595254733479593e-15,6.481101844505751e-18,7.5643056746153893e-18,-9.4524949938245308e-18,-1.0727397053212827e-12,1.4588255588640827e-10,nan,nan,nan,nan,nan,nan,nan,nan,nan,nan,nan,nan,nan,nan,-1.6352617984109058e-07,1.4223545785618796e-07,1.0440643163124362e-21,2.0927478805411892e-08,5.1152870708670584e-07,-1.8398633527816344e-07,0,0.014467717255004477,0.039993010673052623,1.9251855027240323e-18,0.040662812620749181,0.015664119115627467,0.11674437408932575,5.1898445424745831e-06,-0.00034246241940681443,0.00047203540329239123,-3.110070528659199e-20,0.0002056488541155716,0.00016079390591281796,-0.0004899290053275064,-1.2047061356715175e-09
12,3,support,0.0099999999999999985,0.0035000000000000001,0.0097368421052631566,0.010526315789473682,0.0030000000000000001,0.0040000000000000001,1001065.312336249,1.3362903561207855,13.018789900324039,3071.6949283981025,0.17061669545744601,1173,1173,4.042345104975709e-05,0.23600813395748982,0.40000000000000002,2,300000,0.00033700000000000001,0.0001,0.072383686095306723,0.1621471742625186,9.2849604413221141e-18,0.1723721191029513,0.067512502434091431,0.52433799240549817,2.2831132940861463e-05,0.05873888932779435,0.075364512483218821,3.7777032695291136e-18,0.050991306398122091,0.43597772065205942,0.37892013099555272,7.4401432526518824e-06,nan,nan,nan,nan,nan,nan,nan,nan,nan,nan,nan,nan,nan,nan,0.27424442343513866,0.0014865057393188815,1.0123114964579895e-09,0.0019460735940306365,1.9320335488332581e-05,0.38980002823799303,7.1092490571691847e-05,8.6300628495934207e-07,2.8288063049468402e-10,3.1722981411172469e-12,2.861114033613729e-10,6.9087946495959111e-11,6.0724752111068211e-08,0.33243163078285809,0,0,0,0,0,0,0,nan,nan,nan,nan,nan,nan,nan,nan,nan,nan,nan,nan,nan,nan,-1.5686137325793389e-09,1.3089844905731768e-12,-5.0603369734832086e-11,-3.7183269084753659e-09,2.7782138568854808e-15,-2.9613406080618299e-09,-1.4359602564006489e-12,1.1655975663826812e-13,-1.5877974149496541e-16,-2.9735223380648854e-19,2.6538042681747824e-19,-1.0989323980386956e-18,3.0491975061759346e-13,8.2985876779817653e-09,-1.8750728449003912e-07,1.7105440003328809e-07,-1.1386021801160553e-23,1.9464404333560759e-08,5.8292300453288703e-07,-2.0330402944468418e-07,0,0.015975398981529859,0.037808335356378682,2.0522524894691957e-18,0.039546925403385863,0.015547303035601394,0.11896095545606347,5.2097648450090191e-06,-1.5264540991635263e-05,-7.2470737590551298e-06,-1.7455773443287151e-20,-9.284953727641622e-05,8.1122068353119877e-05,-0.00012340555491305682,-6.2217647865907568e-09
12,4,support,0.0099999999999999985,0.0045000000000000005,0.0097368421052631566,0.010526315789473682,0.0040000000000000001,0.0050000000000000001,1000772.762985253,1.6450374728868091,16.031439316138513,2638.8597017282586,0.13411747726228354,1173,1173,4.1588371453029755e-05,0.20253409620921697,0.40000000000000002,2,300000,0.00033700000000000001,0.0001,0.069883067022730963,0.13756264040471533,2.0742121129685929e-17,0.23484132913761752,0.039453863135790551,0.50807857308582405,2.3319288742615512e-05,0.069832708857480025,0.078733563792073469,1.0392088761127394e-17,0.085547149832784802,0.31374117690905784,0.45213604286736803,9.3577412358636432e-06,nan,nan,nan,nan,nan,nan,nan,nan,nan,nan,nan,nan,nan,nan,0.24413696372448981,0.0025868488692814022,1.262758074338609e-09,0.0024364481794772706,3.5107259191980576e-05,0.40179504600339827,0.00010493502322137483,5.7059448699175445e-07,2.6300555932776011e-10,3.811719502082974e-12,3.4526435898269796e-10,9.2065002825212732e-11,9.3607219833896471e-08,0.34890398477233059,0,0,0,0,0,0,0,nan,nan,nan,nan,nan,nan,nan,nan,nan,nan,nan,nan,nan,nan,7.504127741814093e-10,6.6560184214061564e-12,4.1475385449101752e-11,2.5405829796696927e-09,7.8846217749228842e-14,1.7407894587623263e-09,-6.1813647756550254e-12,5.1273872300749979e-14,6.499751823072829e-17,-5.2464734138086635e-18,3.6842322251995541e-17,-6.2899163158943451e-17,-1.0420294364486464e-13,-5.0737610229315687e-09,-2.8871862953108035e-07,1.2158868789580168e-07,-1.1830972564968948e-22,1.6534765082552062e-07,1.031007447700738e-06,-4.5656578601116493e-07,0,0.0148205204896789,0.030872445251641935,4.5795308019563785e-18,0.052990646957198718,0.0086163513098986046,0.11123886156616258,5.1586290866906163e-06,0,0,0,0,0,0,0
13,0,lumen,0.011052631578947368,0.00050000000000000001,0.010526315789473682,0.01131578947368421,0,0.001,1000118.0385156765,1.3289268268380721,12.959313775197009,3028.1393106304413,0.17220046794977195,1173,1173,4.0649719820336783e-05,0.23747666166483683,0.59999999999999998,2,500000,0.00035,0.0001,0.055836837278908133,0.18716286420689657,7.8854089360288886e-18,0.1834283249615212,0.070417320189464921,0.50269704625286959,2.2774980622525855e-05,0.045104225800161317,0.086594155098956155,3.1936211215619966e-18,0.054014070268244112,0.45265880334513453,0.36162135754957875,7.3879379251900939e-06,0.27076027035060246,0.0013245556672911308,7.528273148543151e-10,0.0017986820187624666,1.9762221028226664e-05,0.40377423809523466,6.4517065025125413e-05,1.0447009887880351e-06,3.205979815045155e-10,2.7585911705624859e-12,2.1995755019961158e-10,5.3137759122385187e-11,6.3259913648139501e-08,0.32225686527187819,nan,nan,nan,nan,nan,nan,nan,nan,nan,nan,nan,nan,nan,nan,0,0,0,0,0,0,0,1.2505002732044568e-10,5.3831925062630138e-14,2.7680687618688903e-12,2.8487302601986758e-10,4.9987141162444182e-15,2.5819864887637045e-10,-1.0017159889309065e-13,6.0215504457672431e-14,-7.8306076478436764e-17,-1.8518763165002623e-19,5.4764999473751692e-19,-6.9387386524460098e-19,1.0684196532317945e-13,-6.71015465544771e-10,nan,nan,nan,nan,nan,nan,nan,nan,nan,nan,nan,nan,nan,nan,-1.3080691829399707e-07,1.1753421574889344e-07,1.5461829167875572e-23,1.3011563837606146e-08,4.0536149149839051e-07,-1.4410059240299589e-07,0,0.012615270758428743,0.043132719780485267,1.7861137882806906e-18,0.042031740659956074,0.016142357622130683,0.11490230720418447,5.2141489985428141e-06,-7.8678452663911001e-05,0.00010597551154920411,-5.0105300952850548e-21,4.5765532374231911e-05,3.5537258302526539e-05,-0.00010626573383252614,2.5824924942493668e-10
13,1,lumen,0.011052631578947368,0.0015,0.010526315789473682,0.01131578947368421,0.001,0.002,1000117.8357701981,1.3285058509100398,12.955211164826064,3034.0407215886858,0.1720642948442867,1173,1173,4.0623334944370105e-05,0.23745505213684073,0.59999999999999998,2,500000,0.00035,0.0001,0.057425581687112669,0.18485171109197529,7.9917116422635179e-18,0.18220095747646362,0.070257164565865685,0.50477325299987941,2.2776758814403853e-05,0.046372906377829155,0.085497784768866839,3.23564947477726e-18,0.053635662672205237,0.45148631090908992,0.36299994909628697,7.3861757219252878e-06,0.27115695163730835,0.0013367421082487064,7.7614215281805663e-10,0.0018105302595434322,1.9691449049437671e-05,0.40246218689348517,6.5026267598420891e-05,1.0277347828489797e-06,3.1700257373549912e-10,2.7936931460337637e-12,2.2588287390302702e-10,5.453617835018203e-11,6.2951872506425004e-08,0.32314777932174965,nan,nan,nan,nan,nan,nan,nan,nan,nan,nan,nan,nan,nan,nan,0,0,0,0,0,0,0,2.128725144054129e-10,8.3962516044551617e-13,5.2614433073946644e-12,4.6557048846461835e-10,1.0138374514911952e-14,4.500301437927734e-10,-7.3563961909046789e-13,6.0222009670707344e-14,-1.7397345361276533e-17,6.9694592356674343e-19,1.6744927332640647e-18,-1.9520259037707159e-18,1.2548640712782427e-14,-1.1339215123747454e-09,nan,nan,nan,nan,nan,nan,nan,nan,nan,nan,nan,nan,nan,nan,-1.3564949548350302e-07,1.2063441817700138e-07,-2.7800780453904543e-24,1.4559702891613532e-08,4.2138639680389112e-07,-1.5066957387288582e-07,0,0.01295820611395909,0.042552705702675782,1.8119302942207049e-18,0.041701943002176466,0.016085452938259765,0.11522512007102706,5.2080346139019783e-06,-0.00017890122064738594,0.00024523986546732738,-1.1259301877754444e-20,0.00010809910541453834,8.1571948126679024e-05,-0.00024933371396501809,-2.5587275842590296e-10
13,2,lumen,0.011052631578947368,0.0025000000000000001,0.010526315789473682,0.01131578947368421,0.002,0.0030000000000000001,1000117.2493076768,1.3298780425414203,12.968599991997371,3042.1695523778781,0.1714484310060298,1173,1173,4.0562768658760959e-05,0.23740837347654481,0.59999999999999998,2,500000,0.00035,0.0001,0.060936412759150287,0.17918290863708183,8.2166759501913052e-18,0.17898031144092241,0.06976513548553212,0.50875636881490438,2.275862665735008e-05,0.049258864428140925,0.082961494734627814,3.3301701250670651e-18,0.052742031528106373,0.4487877656246862,0.36624245576139774,7.387923040960735e-06,0.2721016139281951,0.0013656030932246608,8.2979934201581953e-10,0.0018385685832762097,1.9519655820406222e-05,0.39936035870417713,6.6231391859429911e-05,9.8890709445452558e-07,3.0867014757799912e-10,2.8754619165441775e-12,2.3954306035265472e-10,5.7770904844994027e-11,6.2216322650640639e-08,0.32524705208137294,nan,nan,nan,nan,nan,nan,nan,nan,nan,nan,nan,nan,nan,nan,0,0,0,0,0,0,0,-1.0057360146604958e-10,2.1536629926747842e-12,-4.4736923474130369e-12,6.1761118016681067e-11,-1.0595040469962846e-14,-5.0382083249290999e-10,-1.0013551711371386e-12,3.9557701732306771e-13,7.1133078844459301e-16,4.0151446776608838e-18,6.0678350821710191e-18,-7.0445068704895784e-18,-5.6685487551048569e-13,5.4613585862033419e-10,nan,nan,nan,nan,nan,nan,nan,nan,nan,nan,nan,nan,nan,nan,-1.4694136695782289e-07,1.2939643651010968e-07,6.4847742083900345e-23,1.8053406210466564e-08,4.5894217799713477e-07,-1.6506118721837382e-07,0,0.013722796851051447,0.041158419822742737,1.8574856214689625e-18,0.040880044980680708,0.015933595239873009,0.11585045357884403,5.1915153186536418e-06,-0.00031510218761550028,0.00043743814006583275,-2.1080435376994418e-20,0.00017373950943070222,0.00015533767653800888,-0.00046097479216680053,-1.9333708648727337e-09
13,3,support,0.011052631578947368,0.0035000000000000001,0.010526315789473682,0.01131578947368421,0.0030000000000000001,0.0040000000000000001,1000961.3539313647,1.3256782436280661,12.916742919418205,3074.8988782231791,0.1717718313121335,1173,1173,4.0461543707627916e-05,0.23721376580409503,0.40000000000000002,2,300000,0.00033700000000000001,0.0001,0.067504382029026019,0.17008729702948597,8.689027121262772e-18,0.17480107685813301,0.069238300929899937,0.51922647350809559,2.289091655593109e-05,0.054349981213184774,0.07843534057795766,3.5075295188825447e-18,0.051304518889635463,0.44361772484565076,0.37228503332002094,7.401153550508533e-06,nan,nan,nan,nan,nan,nan,nan,nan,nan,nan,nan,nan,nan,nan,0.2738397214358777,0.001420889568696782,9.2715459846433823e-10,0.001892566446056817,1.9218128587877452e-05,0.39367056640121051,6.854361828720637e-05,9.2072096016325336e-07,2.9394197636548942e-10,3.0289846267821192e-12,2.6446820843267441e-10,6.3709855920902301e-11,6.0926951259959568e-08,0.3290875112010484,0,0,0,0,0,0,0,nan,nan,nan,nan,nan,nan,nan,nan,nan,nan,nan,nan,nan,nan,-1.4663952050921614e-09,1.3513833275486502e-12,-4.1308430979554282e-11,-3.6585982398003453e-09,-4.2315326589936753e-15,-3.0983317671467309e-09,-1.3757285332734296e-12,1.0052440650720751e-13,-1.273888382986906e-16,-5.8736881022100661e-19,7.0750502108777178e-18,-9.4075452303189235e-18,2.020586795792235e-13,8.2643597241919964e-09,-1.6793263333311076e-07,1.544735763192584e-07,3.0708821168049021e-22,1.6598399013375278e-08,5.2125408177283727e-07,-1.8091381553952957e-07,0,0.015137040763688088,0.039117041589039239,1.9562367036935434e-18,0.039933769063378713,0.015820661745585902,0.11798228718476556,5.2147452410000435e-06,-1.463193450799516e-05,-9.2589419501088805e-06,-1.8666845734741977e-20,-0.00010664333967386038,8.903917960576006e-05,-0.0001340197178241303,-6.9705907406983079e-09
13,4,support,0.011052631578947368,0.0045000000000000005,0.010526315789473682,0.01131578947368421,0.0040000000000000001,0.0050000000000000001,1000689.3689971062,1.6382410577119269,15.966536466497919,2643.2771950658125,0.13240695210265535,1173,1173,4.1764319168562946e-05,0.20054602198205498,0.40000000000000002,2,300000,0.00033700000000000001,0.0001,0.065257674735940963,0.14512422698352009,2.1145979915414265e-17,0.25030653513800583,0.039216627318324385,0.50876610477495643,2.3871687936170441e-05,0.064946646100496247,0.082725143245437172,1.0551536328498482e-17,0.090811616284935198,0.31059211814041904,0.45091493559852586,9.5406301864761907e-06,nan,nan,nan,nan,nan,nan,nan,nan,nan,nan,nan,nan,nan,nan,0.24114146319781615,0.0025871771646206756,1.1658134460939572e-09,0.0024120908922170376,3.6889255482314461e-05,0.40733704175568786,0.00010441592572404898,5.9073805659065809e-07,2.7292585320239322e-10,3.5834221557276261e-12,3.1903966095076341e-10,8.5440798949590276e-11,9.7858470760335935e-08,0.34638023136512086,0,0,0,0,0,0,0,nan,nan,nan,nan,nan,nan,nan,nan,nan,nan,nan,nan,nan,nan,6.1934430077289893e-10,3.563338643231438e-12,2.93548353180119e-11,2.3574158912980776e-09,1.6400726263188226e-14,1.7324969573111887e-09,-2.9066111404488392e-12,6.2414743512428927e-13,7.2679696470548238e-17,2.3224492081697818e-18,4.5265690923405107e-19,-4.2743037950808197e-18,2.067073654311635e-13,-4.7401162860933771e-09,-2.6537945186592277e-07,1.0201288658251428e-07,-2.1050691078252966e-22,1.6160386615347444e-07,9.5734609069364485e-07,-4.2931163479753565e-07,0,0.013802012928862697,0.031554194712637998,4.5580328466059693e-18,0.054600237549712285,0.0084199229795345488,0.109323127638586,5.1537374558768853e-06,0,0,0,0,0,0,0
14,0,lumen,0.011578947368421053,0.00050000000000000001,0.01131578947368421,0.011842105263157895,0,0.001,1000111.6114826762,1.34918743206377,13.156973944505216,2974.0205434725463,0.17275388710716932,1173,1173,4.0659575665645996e-05,0.23805534384321028,0.59999999999999998,2,500000,0.00035,0.0001,0.052890201997822142,0.186946588227276,7.5248001463194663e-18,0.18055016088553139,0.069872399371780955,0.49130867388556598,2.2364060238281087e-05,0.043375616131955598,0.087813330607654991,3.0940558617018021e-18,0.05397745375825766,0.45600661605882176,0.3588196181527506,7.3652905594094961e-06,0.27071396488379079,0.0012996302276313853,7.2118759735624962e-10,0.0017778733022765574,1.9663263994946134e-05,0.40510628149910155,6.3536430836336967e-05,1.0714271390087101e-06,3.2505404531099102e-10,2.71434976730566e-12,2.1210453176023038e-10,5.1231492928308466e-11,6.317512919145536e-08,0.32101791447780847,nan,nan,nan,nan,nan,nan,nan,nan,nan,nan,nan,nan,nan,nan,0,0,0,0,0,0,0,1.1718297999138982e-10,9.1408220281462192e-14,2.7516503069612706e-12,2.799850385643166e-10,3.3751213629473753e-15,1.5704764463712884e-10,8.8420942106697954e-14,4.4235080008669936e-13,-4.5863363812656762e-17,4.0389565256216432e-19,3.4814907533711746e-19,2.5215464892806495e-19,2.6837634197195773e-13,-5.5786128506975884e-10,nan,nan,nan,nan,nan,nan,nan,nan,nan,nan,nan,nan,nan,nan,-1.2402393085447772e-07,1.1204605182557614e-07,1.0198168758421986e-22,1.1817365721959883e-08,3.8382214269383486e-07,-1.361185391623998e-07,0,0.012172892284651474,0.043848972950217321,1.7387809258326212e-18,0.042122231607480201,0.016308747402054416,0.11437092633258246,5.2139996454973547e-06,-7.7158225286070705e-05,0.00010526555700492507,-7.2188160354020581e-21,4.405077531509852e-05,3.5405587024553632e-05,-0.00010696574152199831,1.4188586480476245e-10
14,1,lumen,0.011578947368421053,0.0015,0.01131578947368421,0.011842105263157895,0.001,0.002,1000111.4190513282,1.3317496401827678,12.986926998759467,3017.8134169306013,0.17255696145887006,1173,1173,4.0633878932339882e-05,0.2380313783047239,0.59999999999999998,2,500000,0.00035,0.0001,0.055115387746012851,0.18705581321653914,7.7721126007227754e-18,0.18168639347872323,0.070607041247952848,0.4996380708146469,2.2653918443363783e-05,0.044616313480383404,0.086729032164826136,3.1544427455380108e-18,0.053615122560750454,0.45484548129244157,0.36018668617656574,7.3643250327863872e-06,0.27110076868649796,0.0013114502132935712,7.4382337386600503e-10,0.0017894761475477686,1.9597016252877396e-05,0.40382688900658725,6.4032608290320891e-05,1.0543485175025708e-06,3.2149900781317647e-10,2.7474390831825895e-12,2.1783973658219903e-10,5.2579190956031433e-11,6.2882258888698752e-08,0.32188666775226527,nan,nan,nan,nan,nan,nan,nan,nan,nan,nan,nan,nan,nan,nan,0,0,0,0,0,0,0,1.8562417240404281e-10,1.5119198561213415e-14,7.3239102033162145e-12,4.9348379831527981e-10,2.7408630920433552e-15,1.7080698118919491e-10,-6.9658851409588133e-15,-7.3086068447247854e-15,1.4778835390574528e-17,5.5482396416912741e-20,-2.1039390579074543e-19,2.7143169890035259e-19,-1.4284459492160829e-14,-8.5722831623751946e-10,nan,nan,nan,nan,nan,nan,nan,nan,nan,nan,nan,nan,nan,nan,-1.2867924512830614e-07,1.1519182852026688e-07,-3.2051236550006664e-22,1.3309304501950263e-08,3.9923227058979993e-07,-1.4247471341599649e-07,0,0.012511345467498656,0.043269264427423459,1.766432509487129e-18,0.041799623998717721,0.016252115210372918,0.11469002289798425,5.2084116181002273e-06,-0.0001759090512805248,0.00024327615136508979,-1.0500735565706451e-20,0.00010247822781310066,8.2098942094213986e-05,-0.00025013992864393814,-4.6629151182712974e-10
14,2,lumen,0.011578947368421053,0.0025000000000000001,0.01131578947368421,0.011842105263157895,0.002,0.0030000000000000001,1000110.8643224373,1.334832520695816,13.016997785584925,3021.9449640368971,0.17197255984528714,1173,1173,4.0575195732237408e-05,0.2379710141072291,0.59999999999999998,2,500000,0.00035,0.0001,0.058476846941456578,0.1812258720588219,7.9702679539493342e-18,0.17841354859588401,0.070025633687529093,0.502943731001818,2.2611331337323119e-05,0.047447047755714573,0.084220520359885101,3.2423576569497143e-18,0.052771223317752518,0.45214460250235483,0.36340923856366836,7.3675006244571224e-06,0.27201599938130527,0.0013395614949217476,7.9605281457058457e-10,0.0018169834073895501,1.9437957397248737e-05,0.40080515592156518,6.5210684128136202e-05,1.0151861282429774e-06,3.1325393122542931e-10,2.8247797365277706e-12,2.3109425256756186e-10,5.5705093564342543e-11,6.2186792852570305e-08,0.32393657238144113,nan,nan,nan,nan,nan,nan,nan,nan,nan,nan,nan,nan,nan,nan,0,0,0,0,0,0,0,-5.5488610145788715e-11,1.0541078549895763e-12,-7.9861255818637572e-13,-4.078514271699996e-10,-1.1234773961837918e-14,3.5664845144008084e-10,-9.4051466389595923e-14,3.0338795711792876e-13,8.5124461820001896e-16,2.9275183328685793e-18,1.7210232453826093e-18,-8.6899140011740665e-19,-5.5283568333026152e-13,1.0679021542559833e-10,nan,nan,nan,nan,nan,nan,nan,nan,nan,nan,nan,nan,nan,nan,-1.395573774355674e-07,1.2284562767028717e-07,-1.8489125774906051e-22,1.6356159775472492e-08,4.3505884785022264e-07,-1.5550657694873848e-07,0,0.013248666225253596,0.041907146722371093,1.8110816741588082e-18,0.041015901407706626,0.016101926711282393,0.11528884181841995,5.1928612779136562e-06,-0.00029933567574374955,0.00041440882099042853,-1.9465205152998815e-20,0.00015307791062491659,0.00015357289260242731,-0.00044771374888354223,-2.4409850061935611e-09
14,3,support,0.011578947368421053,0.0035000000000000001,0.01131578947368421,0.011842105263157895,0.0030000000000000001,0.0040000000000000001,1000909.0858203443,1.3381710270276395,13.039147202784253,3036.3285662939516,0.17226975755390783,1173,1173,4.0482480300356456e-05,0.23772575367321597,0.40000000000000002,2,300000,0.00033700000000000001,0.0001,0.064312357776885404,0.17173932657774704,8.3575583010312395e-18,0.17385408217608131,0.069121017581286137,0.51009146822327689,2.2623965489626924e-05,0.052270666334908393,0.079947674393226767,3.4056951354146443e-18,0.051510122231790641,0.44706305706777194,0.36920109581169325,7.3841606090101721e-06,nan,nan,nan,nan,nan,nan,nan,nan,nan,nan,nan,nan,nan,nan,0.27359007306860511,0.0013916304208682381,8.8740862942626053e-10,0.0018678897284289809,1.918440657537961e-05,0.39553607960198384,6.7390570866323116e-05,9.4907836839384812e-07,2.9932077302971787e-10,2.965181124133962e-12,2.5440231178373529e-10,6.1240231488373286e-11,6.1053901193678911e-08,0.32752674056507641,0,0,0,0,0,0,0,nan,nan,nan,nan,nan,nan,nan,nan,nan,nan,nan,nan,nan,nan,-1.3542609129134314e-09,1.1746437752814681e-12,-3.8014849635172664e-11,-3.2561556514891306e-09,-9.8372915716127274e-15,-2.7953546892587472e-09,-1.0634283499431353e-12,7.6939756649130331e-14,-4.1737939060301139e-17,6.3771459274854978e-19,2.6456139651889828e-18,-3.4216455608344128e-18,4.2730926093105739e-14,7.4435650419763115e-09,-1.59028869552158e-07,1.4745340132238383e-07,1.0856535058292188e-22,1.4408727987232804e-08,4.922870891765907e-07,-1.7021952386508943e-07,0,0.014607480137469988,0.039950237524486058,1.9083208770700566e-18,0.040171668492171304,0.015990478346930143,0.11736985768827062,5.2180588097136439e-06,-1.4072650323701213e-05,-1.0642425497431801e-05,-1.9148932951240777e-20,-0.0001141997083790493,9.3064965245570527e-05,-0.00013809824178957669,-7.3402920369332623e-09
14,4,support,0.011578947368421053,0.0045000000000000005,0.01131578947368421,0.011842105263157895,0.0040000000000000001,0.0050000000000000001,1000648.1694629778,1.6609654650232422,16.18867836355145,2604.1624461770657,0.13009403951044995,1173,1173,4.185789891090354e-05,0.19943666955335107,0.40000000000000002,2,300000,0.00033700000000000001,0.0001,0.061882548118801672,0.14685201182545235,2.0976967994695972e-17,0.2548640947276718,0.03844280476211364,0.50101160440727388,2.3767716218961513e-05,0.062444472219178218,0.084874687128979012,1.0612831674124818e-17,0.09375157026889927,0.30869950480489178,0.45022013434117303,9.6312368787217309e-06,nan,nan,nan,nan,nan,nan,nan,nan,nan,nan,nan,nan,nan,nan,0.23952084610344723,0.0025895208234339223,1.1167505948068097e-09,0.0023994615630142258,3.7880846937655638e-05,0.4102348078907197,0.00010418943739709248,6.0108168435363414e-07,2.7812425553531288e-10,3.4680939717483117e-12,3.0575527973024203e-10,8.2093963639194e-11,1.0017952333025509e-07,0.34511259028765046,0,0,0,0,0,0,0,nan,nan,nan,nan,nan,nan,nan,nan,nan,nan,nan,nan,nan,nan,6.4614298239569656e-10,7.3802248751168257e-12,3.4658120193621333e-11,2.3373600536080124e-09,1.2701450134711134e-13,1.665741519545072e-09,-7.1503729550596373e-12,-1.4602707064381715e-13,2.266365831175143e-16,-1.041573892661497e-17,6.5893504450416515e-17,-9.7398877035759469e-17,-1.0593353034882545e-13,-4.6840074740516021e-09,-2.5374018729380776e-07,9.3193529893120797e-08,6.340169295844044e-22,1.5884638260401324e-07,9.1964392368026893e-07,-4.1488966878722167e-07,0,0.013152766424658026,0.031968742770674047,4.5529528410072325e-18,0.055650600929074666,0.0082831749266684129,0.10808502602476765,5.150303408194661e-06,0,0,0,0,0,0,0
15,0,lumen,0.012105263157894737,0.00050000000000000001,0.011842105263157895,0.012368421052631579,0,0.001,1000105.1640764658,1.3850176703522623,13.50646948292931,2889.1691979733305,0.17321379269820991,1173,1173,4.066860241030723e-05,0.23859842570622536,0.59999999999999998,2,500000,0.00035,0.0001,0.049594470545117404,0.18448515107781741,7.1363867393220666e-18,0.17571552350134165,0.068532214917624873,0.47511730089292453,2.1724717516198902e-05,0.041753176023166784,0.088959052591436785,3.0122941969196477e-18,0.053927522912309275,0.45914100663812163,0.35621189704812811,7.344786837491872e-06,0.27067034544584528,0.0012767962614064501,6.9172498361777514e-10,0.0017586291171856911,1.9569733814130576e-05,0.40634103939169547,6.2634068316777024e-05,1.0969150749053997e-06,3.2923991748824291e-10,2.6744236915601954e-12,2.0481410735584763e-10,4.9471828154418309e-11,6.3090064629633615e-08,0.3198698246986712,nan,nan,nan,nan,nan,nan,nan,nan,nan,nan,nan,nan,nan,nan,0,0,0,0,0,0,0,1.1232052293224988e-10,-1.0161400152995727e-14,2.5506791684166009e-12,2.4430174252790693e-10,3.8517908480806273e-15,2.4385663735700114e-10,-2.2522100717936821e-14,7.7606540985208916e-14,-8.1219471788020554e-17,-4.7167820853186924e-20,-1.2562573942577593e-18,1.1845025328096415e-18,1.0576461345386444e-13,-6.0318383633311964e-10,nan,nan,nan,nan,nan,nan,nan,nan,nan,nan,nan,nan,nan,nan,-1.1778589571872708e-07,1.0636700314980985e-07,7.6962659255029298e-24,1.1172298194185359e-08,3.6446613080332035e-07,-1.2919994429871906e-07,0,0.011756579697192333,0.044522412871870802,1.7074329002053799e-18,0.042205185921661698,0.01646562436292202,0.11387345109340433,5.2139454478618039e-06,-7.6902510129520931e-05,0.00010677544592519965,-4.5868489526290924e-21,4.4113801939721974e-05,3.4686022470500381e-05,-0.00010817899343803531,5.1488246851162366e-11
15,1,lumen,0.012105263157894737,0.0015,0.011842105263157895,0.012368421052631579,0.001,0.002,1000104.9819302319,1.3471489681500448,13.137182384463465,2975.1377912989383,0.17307782346639311,1173,1173,4.0642699134392633e-05,0.23858284133901775,0.59999999999999998,2,500000,0.00035,0.0001,0.052493907610177956,0.18734145887710213,7.4302069485672293e-18,0.17944814463256817,0.070285226894772873,0.49032459928564914,2.2334338103700595e-05,0.042985852917040608,0.087866437466617375,3.0505651552483102e-18,0.053567293158027371,0.45801083563989481,0.35756223638104562,7.3444373743325805e-06,0.27106289925553173,0.0012882474319469085,7.1405865957114598e-10,0.001770035452758839,1.9502663996088856e-05,0.40506634236536865,6.3117987671463833e-05,1.0795911294620189e-06,3.2566769590189962e-10,2.7062275600958828e-12,2.1046007156339635e-10,5.0792010027736222e-11,6.2796577310199047e-08,0.32072871115132684,nan,nan,nan,nan,nan,nan,nan,nan,nan,nan,nan,nan,nan,nan,0,0,0,0,0,0,0,1.8820302795654629e-10,-4.5383983032483778e-15,4.3306928959205476e-12,4.2280450658610015e-10,5.2318175833288016e-15,3.9563738071270171e-10,-3.1405538405090296e-14,7.4616961914797386e-14,-8.375486127409925e-17,-5.3526779890123994e-20,-1.1612073883883921e-18,1.1028306805458078e-18,1.0628664894893822e-13,-1.0111255445267918e-09,nan,nan,nan,nan,nan,nan,nan,nan,nan,nan,nan,nan,nan,nan,-1.2232607027058001e-07,1.094297861770066e-07,-2.0549845536972835e-25,1.2496129956204615e-08,3.793672107427204e-07,-1.352406749921542e-07,0,0.0120858295280343,0.043952425257189523,1.7207408533910503e-18,0.04189236880185309,0.016409976431718019,0.11417951918625974,5.2089018840116034e-06,-0.00016799384835621749,0.00023346367034602418,-1.1585555989848931e-20,9.6124136443297351e-05,7.9263354067553342e-05,-0.00023739406850749144,-6.7288451590510817e-10
15,2,lumen,0.012105263157894737,0.0025000000000000001,0.011842105263157895,0.012368421052631579,0.002,0.0030000000000000001,1000104.4584130993,1.2680057845001025,12.365397123272611,3172.0318930753488,0.17247029327908966,1173,1173,4.0586839995068817e-05,0.23852129144989107,0.59999999999999998,2,500000,0.00035,0.0001,0.05927425319284034,0.19356768782075601,8.1443123242932634e-18,0.187827192859258,0.074248443515360085,0.52544989346483939,2.3743100572884452e-05,0.045686572331539006,0.085453099969200544,3.1473109627429713e-18,0.052774610426372763,0.45541244536324532,0.36066592290169441,7.3490079479729084e-06,0.27193191326760335,0.0013147651971207842,7.6352286036179224e-10,0.0017962250261537847,1.9357266745025402e-05,0.40219883174207749,6.4234243546424546e-05,1.0412879242203746e-06,3.1773815555509763e-10,2.7774374535820181e-12,2.2297676552435103e-10,5.3731340163425081e-11,6.2151740137484336e-08,0.32267356845634954,nan,nan,nan,nan,nan,nan,nan,nan,nan,nan,nan,nan,nan,nan,0,0,0,0,0,0,0,-6.2570149204195091e-11,1.181135069928804e-12,-1.6829232975870675e-12,-1.591620904796627e-10,-3.7047188233829687e-16,-1.2640287189343014e-10,-7.4027480510991387e-13,1.3158181141892378e-13,2.1521641425686328e-16,1.9968840731793543e-18,3.0537057175905211e-18,-3.2123597280976675e-18,-2.1298138077426811e-13,3.4945868408348242e-10,nan,nan,nan,nan,nan,nan,nan,nan,nan,nan,nan,nan,nan,nan,-1.325229704433363e-07,1.1707695801721485e-07,-1.6500823331334247e-22,1.5574179791207062e-08,4.1317999739665101e-07,-1.4793976699234435e-07,0,0.012801543851607191,0.042613751502191349,1.7661988282575931e-18,0.041147074299692839,0.016258844385721505,0.11475477278696464,5.1942624635142433e-06,-0.00028981350032525614,0.00040160643396977498,-2.0806220885763926e-20,0.00014192237066998933,0.00015137597196062877,-0.00042415518785409031,-2.666120348902704e-09
15,3,support,0.012105263157894737,0.0035000000000000001,0.011842105263157895,0.012368421052631579,0.0030000000000000001,0.0040000000000000001,1000856.6364462777,1.3098424576859145,12.763782282970771,3092.4725178592535,0.17280790951559383,1173,1173,4.0498108157811142e-05,0.23826301101386049,0.40000000000000002,2,300000,0.00033700000000000001,0.0001,0.063294931097165469,0.17838480409671695,8.326632966242703e-18,0.1779133920794298,0.071141851441255857,0.51704649596649066,2.3058829188203897e-05,0.050357334671810527,0.081287568799746093,3.3214366626454457e-18,0.051599622843660584,0.45041622172799611,0.36633188480095541,7.3671558312502177e-06,nan,nan,nan,nan,nan,nan,nan,nan,nan,nan,nan,nan,nan,nan,0.27343374688691885,0.0013646824282905949,8.5122888686387104e-10,0.0018453588357726907,1.9127249297675549e-05,0.39714225431832001,6.6331220204842193e-05,9.7558976885027769e-07,3.0414744025491339e-10,2.9084865236221133e-12,2.4528155387227293e-10,5.9006660965091637e-11,6.1098142030631313e-08,0.32612746091071843,0,0,0,0,0,0,0,nan,nan,nan,nan,nan,nan,nan,nan,nan,nan,nan,nan,nan,nan,-1.3749397682228163e-09,8.577642491835996e-13,-3.9217897670913699e-11,-3.0442668433725831e-09,-2.0536415450134182e-14,-2.9345505691245888e-09,-5.267727610694119e-13,7.5342076327755692e-14,2.2456057045256846e-16,1.8769766468990893e-18,2.7605907003159641e-19,4.9010080354960948e-19,-1.8611204004898923e-13,7.3927753084510611e-09,-1.5101131442280674e-07,1.4049573715535502e-07,-2.7276535851699854e-22,1.3489476797962107e-08,4.673289489970367e-07,-1.6149579129542957e-07,0,0.014102315274502251,0.040746765942355462,1.8500804182556967e-18,0.040402039519945095,0.016149025220657455,0.11679577168507774,5.2215003568648121e-06,-1.3723581517186717e-05,-1.1474022702742964e-05,-1.9802245934728838e-20,-0.00012067733050159396,9.693826526962804e-05,-0.00014193266553669238,-7.7219319531641663e-09
15,4,support,0.012105263157894737,0.0045000000000000005,0.011842105263157895,0.012368421052631579,0.0040000000000000001,0.0050000000000000001,1000607.3052139835,1.6482241671201208,16.06515076676018,2621.8415103681359,0.12972985272649742,1173,1173,4.1937504736414382e-05,0.19846191616765751,0.40000000000000002,2,300000,0.00033700000000000001,0.0001,0.060183220126745818,0.15099295224542592,2.1425405320651829e-17,0.2635983207615254,0.038510532915785357,0.50463238276902389,2.4184924504748741e-05,0.060266315836519806,0.086602090058585782,1.075699627211755e-17,0.096224562359942631,0.30688368918669262,0.45001361703990012,9.7255183592365777e-06,nan,nan,nan,nan,nan,nan,nan,nan,nan,nan,nan,nan,nan,nan,0.23816033088272973,0.0025965626375151402,1.0748187118745344e-09,0.0023917341904052397,3.8755397264449605e-05,0.41253465626180819,0.00010416290614505347,6.0829413689992727e-07,2.8216127479206275e-10,3.3686613319915424e-12,2.9442600027203417e-10,7.9243678424215111e-11,1.0218824499454272e-07,0.34417308550773285,0,0,0,0,0,0,0,nan,nan,nan,nan,nan,nan,nan,nan,nan,nan,nan,nan,nan,nan,5.6323802982587995e-10,3.0273308380833229e-12,2.5138655543268738e-11,2.0757217358175133e-09,9.2965999481942063e-15,1.6307892432287918e-09,-2.4069288179476017e-12,7.8387535178137124e-13,7.4253877734711033e-17,3.7271484026508213e-18,-5.1382465112542061e-18,7.0436780936769371e-18,3.788456515941326e-13,-4.2966802343296971e-09,-2.4401453158420794e-07,8.1831214526761897e-08,-5.386427742816316e-24,1.6052621702074311e-07,8.9221401545352963e-07,-4.0659155631228572e-07,0,0.012528295171189596,0.032332502153160851,4.5686344277217418e-18,0.056709609795977549,0.0081436384524799319,0.10686799784800494,5.1466908137678564e-06,0,0,0,0,0,0,0
16,0,lumen,0.012631578947368421,0.00050000000000000001,0.012368421052631579,0.012894736842105263,0,0.001,1000098.6976325046,1.4025513152684377,13.677543202893986,2845.9587466168941,0.17369906976377752,1173,1173,4.0677422217319155e-05,0.23908350427175593,0.59999999999999998,2,500000,0.00035,0.0001,0.047236639556977884,0.18432612133883589,6.9710267693209814e-18,0.17343106251163234,0.068092093148557326,0.46605270913280039,2.139693727636005e-05,0.040271843065517426,0.090008157373573969,2.9797649792461468e-18,0.053900585112741921,0.46197050883674329,0.3538415800160789,7.3255953443561289e-06,0.27062463942200471,0.0012564593051397012,6.6502321976868341e-10,0.0017412692578144932,1.9485077136493384e-05,0.40745917386015446,6.1825846337856228e-05,1.1205228857618168e-06,3.3306427324337232e-10,2.639304495015631e-12,1.982227491025769e-10,4.7890101258535729e-11,6.3010024714829938e-08,0.31883596245166218,nan,nan,nan,nan,nan,nan,nan,nan,nan,nan,nan,nan,nan,nan,0,0,0,0,0,0,0,1.2913427606159901e-10,7.9672321574260909e-14,3.1309405115249943e-12,1.873447382883006e-10,5.6878330170762048e-15,1.3020409446798387e-10,-1.5634107342277774e-13,1.0246534523639106e-13,-1.0994581623078404e-16,-5.1218264203330544e-19,1.5290323246129729e-18,-1.9129876058997645e-18,1.7781119741068831e-13,-4.5002326876905377e-10,nan,nan,nan,nan,nan,nan,nan,nan,nan,nan,nan,nan,nan,nan,-1.122007285670433e-07,1.0231397801208075e-07,-8.6584062301181067e-22,9.7531295823161057e-09,3.4628134899794549e-07,-1.2213807631944462e-07,0,0.011358791450617705,0.045172080048791148,1.6738525809551909e-18,0.042275448047056977,0.016614403908851536,0.11340368153184285,5.2140652115525423e-06,-7.2097844482713451e-05,0.00010018406108447458,-9.0247383914216854e-22,4.0557617322715059e-05,3.3217877933979364e-05,-0.00010295593413983602,-1.1377509579020228e-10
16,1,lumen,0.012631578947368421,0.0015,0.012368421052631579,0.012894736842105263,0.001,0.002,1000098.5256815995,1.3362466668888651,13.030948999510194,2991.6850263020815,0.17350027005548868,1173,1173,4.065342459368308e-05,0.23906322590718143,0.59999999999999998,2,500000,0.00035,0.0001,0.051000512228615,0.19127433735438365,7.3353756298410853e-18,0.18092174571513844,0.071304166014925036,0.49094291656951133,2.2461012812128864e-05,0.041425236788629187,0.088985581398789051,2.9872775087414571e-18,0.053570452437372386,0.46089332876641675,0.35511807424302472,7.3263657680149249e-06,0.2709841470930785,0.0012670950711229042,6.8577809083624347e-10,0.0017519157926323514,1.9426697951389568e-05,0.40628159294747146,6.2276462272063061e-05,1.103993330474603e-06,3.2971772945031573e-10,2.668126674128259e-12,2.0345534477657933e-10,4.9109445881624337e-11,6.2748140935239787e-08,0.31963237792326499,nan,nan,nan,nan,nan,nan,nan,nan,nan,nan,nan,nan,nan,nan,0,0,0,0,0,0,0,1.6365552017921528e-10,1.0046445405418915e-12,2.854931487521879e-12,4.2549695072322478e-10,2.4753419800016552e-15,3.2992788882857393e-10,-5.9319735581013644e-13,1.1363783178341968e-13,2.1705040855703197e-16,1.8419667541541881e-18,2.7814407699323405e-18,-2.8538800716385577e-18,-2.1485737474155963e-13,-9.2224827786600118e-10,nan,nan,nan,nan,nan,nan,nan,nan,nan,nan,nan,nan,nan,nan,-1.1637963208801019e-07,1.0482544937628901e-07,-3.168910703703823e-22,1.1221498402418416e-08,3.602704914396071e-07,-1.2802385795929183e-07,0,0.011683063566800147,0.04460411571372383,1.6826252308789825e-18,0.041974505603637684,0.016557210502447937,0.11370260537163028,5.2095432293899306e-06,-0.00016224443871560353,0.00022595548066376258,-9.7090851835538379e-21,8.8425721917180259e-05,7.9226289655294355e-05,-0.00023387238748670444,-9.7080501606832517e-10
16,2,lumen,0.012631578947368421,0.0025000000000000001,0.012368421052631579,0.012894736842105263,0.002,0.0030000000000000001,1000098.0336488594,1.2779534096318859,12.462484891675768,3138.9825418291457,0.17287913159288346,1173,1173,4.0600760037042922e-05,0.23897977624115996,0.59999999999999998,2,500000,0.00035,0.0001,0.056678039976353671,0.19475905312780378,7.8776620366832579e-18,0.18660611159225229,0.074138447252915199,0.51773212770533172,2.3506639884955205e-05,0.044028499463635407,0.08665411485620611,3.0681681390678431e-18,0.052843187675539242,0.45830817399888713,0.35815869106094067,7.3329447914973024e-06,0.27179861454548676,0.0012926430052084767,7.3312303582183157e-10,0.001777217183218639,1.9298991610760291e-05,0.40355175965819789,6.3353689244138436e-05,1.0661551014880362e-06,3.2204384383629463e-10,2.7343963170462259e-12,2.1539678122951054e-10,5.1904720567000186e-11,6.2160930975708906e-08,0.32149598328579765,nan,nan,nan,nan,nan,nan,nan,nan,nan,nan,nan,nan,nan,nan,0,0,0,0,0,0,0,-1.0511463849427584e-10,5.9451270983389802e-12,-2.1450392624012576e-12,2.5552919552873269e-10,-2.2102708118615366e-14,-8.0034494114554489e-10,-2.7075505815041228e-12,1.4498445846666819e-12,1.6510614917309574e-15,1.3175789342281617e-17,1.4477117022845172e-17,-1.3711245589728503e-17,-1.2623055110083849e-12,6.4867056158456808e-10,nan,nan,nan,nan,nan,nan,nan,nan,nan,nan,nan,nan,nan,nan,-1.2605382031629156e-07,1.1281968720355806e-07,-2.312676491741647e-22,1.4036456033678342e-08,3.9225939681142297e-07,-1.4034845391419637e-07,0,0.012373726721939598,0.043295929950526647,1.7251575030213725e-18,0.041269824616122372,0.016405038226838184,0.11425352320289274,5.1958657988677754e-06,-0.00027332220317838221,0.00037775876680075566,-1.2684374110103654e-20,0.00012194356190600386,0.0001507434705892661,-0.00041374686895146449,-3.1846873932810469e-09
16,3,support,0.012631578947368421,0.0035000000000000001,0.012368421052631579,0.012894736842105263,0.0030000000000000001,0.0040000000000000001,1000804.0181409728,1.3107941949126383,12.773728059334804,3081.1180851918243,0.17321722854670105,1173,1173,4.0521040760509077e-05,0.23865936806277799,0.40000000000000002,2,300000,0.00033700000000000001,0.0001,0.060817576872739212,0.1814436620416027,7.9510461117645629e-18,0.17859244171502286,0.071550623655977072,0.51283134091588156,2.300152774046301e-05,0.048424059602322524,0.082745876365915086,3.1740890311554435e-18,0.051836926172380719,0.45335724655618004,0.36362853672847567,7.3545747260555754e-06,nan,nan,nan,nan,nan,nan,nan,nan,nan,nan,nan,nan,nan,nan,0.27313387902544417,0.0013400179424395977,8.1497409840037993e-10,0.0018237399672279288,1.9117569392169028e-05,0.39889683357271644,6.5342956144909828e-05,1.0025987800562521e-06,3.0924807748608125e-10,2.8532271880243577e-12,2.3613153309923863e-10,5.6796629197669373e-11,6.1264453206079054e-08,0.3247200036834329,0,0,0,0,0,0,0,nan,nan,nan,nan,nan,nan,nan,nan,nan,nan,nan,nan,nan,nan,-1.2989278691355011e-09,9.5613472831332989e-14,-1.6238488969394201e-11,-2.1204418460110947e-09,-2.4013180766752074e-14,-4.5071449877431141e-09,1.9517410437047279e-13,7.5016165154706549e-13,1.414404496336318e-16,5.8934828250741442e-19,1.2330639219660201e-18,1.189818415478562e-18,4.6525347856644762e-13,7.9412706409447339e-09,-1.4317445431143161e-07,1.3584181518533356e-07,9.0618638158222655e-22,1.1854831058416889e-08,4.4207602498125276e-07,-1.5292506388986382e-07,0,0.01362405190229367,0.041505922204268034,1.7980823053741978e-18,0.040617327633115687,0.016296742750831598,0.11625654092813335,5.2249425149856808e-06,-1.2967516287246245e-05,-1.3021831513481257e-05,-2.0675901642441818e-20,-0.0001294819936330564,0.00010112061801319236,-0.00014713161316119445,-8.1119693677406827e-09
16,4,support,0.012631578947368421,0.0045000000000000005,0.012368421052631579,0.012894736842105263,0.0040000000000000001,0.0050000000000000001,1000566.7851990701,1.687414783665248,16.447805622557759,2558.8155150831067,0.1273614211918237,1173,1173,4.2036504305856618e-05,0.19718449630865781,0.40000000000000002,2,300000,0.00033700000000000001,0.0001,0.056345401772226758,0.15115791298588432,2.1244446752916439e-17,0.26638953558952161,0.037307219008920041,0.49235776296738964,2.386745229859968e-05,0.057767139317740274,0.088761726922646361,1.0920199098404522e-17,0.099559710542386423,0.30437593580203809,0.44952566095170643,9.8264634821786453e-06,nan,nan,nan,nan,nan,nan,nan,nan,nan,nan,nan,nan,nan,nan,0.23642269788077097,0.0026067684087158396,1.0269143907742539e-09,0.0023814120852918828,3.9876895108421604e-05,0.41537078965028701,0.00010414204153931338,6.1702788558376877e-07,2.8707602695440298e-10,3.2557542689344386e-12,2.8143906178452695e-10,7.5997261894191986e-11,1.0471163857013904e-07,0.34307358962408008,0,0,0,0,0,0,0,nan,nan,nan,nan,nan,nan,nan,nan,nan,nan,nan,nan,nan,nan,6.542329600521349e-10,9.34852492729434e-12,4.109841081123582e-11,1.8703910851452789e-09,9.2138102703032132e-14,1.4056707501545335e-09,-8.5772859694098607e-12,1.7565788233697699e-13,4.423066163980616e-17,-6.0778815978384333e-18,5.0629469469442815e-17,-8.2954154060063099e-17,-1.5425645422588537e-13,-3.9722780070310237e-09,-2.3303250030158595e-07,7.7024802258573999e-08,-2.0059361510012049e-22,1.5456081533906562e-07,8.5321280377664843e-07,-3.894231417889138e-07,0,0.011932036924887411,0.032673279548959822,4.5779584523582017e-18,0.057723045059002179,0.0079993681482135696,0.10569679373087537,5.1428957444590149e-06,0,0,0,0,0,0,0
17,0,lumen,0.013157894736842105,0.00050000000000000001,0.012894736842105263,0.013684210526315788,0,0.001,1000092.2122359694,1.3217034336730527,12.889206154979728,3012.3922142651327,0.17416588512443731,1173,1173,4.0683486321220087e-05,0.23961344482892766,0.59999999999999998,2,500000,0.00035,0.0001,0.048299874139066966,0.19781412235133311,7.1043296538743025e-18,0.18370446881412208,0.072718348827391061,0.49119616476660632,2.2643581049251543e-05,0.038804901517048442,0.09102702618181778,2.861715404141561e-18,0.053802739669982599,0.46492152246327967,0.351436504591295,7.3055765764904962e-06,0.27061947279692339,0.0012360382916308255,6.3874818541991366e-10,0.0017238981042358818,1.9385256679622274e-05,0.40852151250216789,6.1014745913653878e-05,1.1445677424611405e-06,3.3682585305609372e-10,2.6060744580741154e-12,1.9177147891558785e-10,4.6345273121882826e-11,6.2886888308041507e-08,0.31781746963151397,nan,nan,nan,nan,nan,nan,nan,nan,nan,nan,nan,nan,nan,nan,0,0,0,0,0,0,0,8.7015180857216791e-11,1.2049657685395589e-14,1.6752081452521019e-12,1.8642928489959823e-10,5.5065544138366285e-15,1.7530243836411108e-10,-6.4302365474308222e-14,1.0511405114377315e-13,-1.0497575213337291e-16,-3.0018605603428004e-19,-4.6523049398455751e-19,3.510679243001786e-19,1.5183057722475567e-13,-4.5063205955915843e-10,nan,nan,nan,nan,nan,nan,nan,nan,nan,nan,nan,nan,nan,nan,-1.0673954081892589e-07,9.7119943809342857e-08,-3.3565605239499807e-23,9.4423570701225597e-09,3.2961240256645929e-07,-1.1636665192549245e-07,0,0.010798595090520875,0.046086831607218597,1.606740006195857e-18,0.042376729363774047,0.016822986630270747,0.11273838315215493,5.2144682827177577e-06,-7.330798692482868e-05,0.00010196944116584073,-3.9313790846749922e-21,3.9742361070043276e-05,3.4044356590569391e-05,-0.00010189258023283448,-2.5527951793716381e-10
17,1,lumen,0.013157894736842105,0.0015,0.012894736842105263,0.013684210526315788,0.001,0.002,1000092.0509625865,1.3141575171566025,12.815620704823734,3034.3741276082669,0.1739986927285356,1173,1173,4.0659212970833167e-05,0.23959111913562936,0.59999999999999998,2,500000,0.00035,0.0001,0.050045145109300367,0.19665975143946976,7.2266301427677421e-18,0.18364257488605265,0.07296256079522552,0.49584709243693559,2.2778972346659977e-05,0.039977535238961415,0.089979178234671844,2.894360612655715e-18,0.053477551977932691,0.46381969484337937,0.35273873240418757,7.3073008670954422e-06,0.27098453647672099,0.0012467200560144021,6.5971998998545344e-10,0.0017346764848591152,1.9327639065157936e-05,0.40732809629115413,6.1469064131621458e-05,1.1274033324986879e-06,3.3339761290186484e-10,2.634419594680688e-12,1.9704471188801074e-10,4.7569319053645453e-11,6.262578810179047e-08,0.31862398271856429,nan,nan,nan,nan,nan,nan,nan,nan,nan,nan,nan,nan,nan,nan,0,0,0,0,0,0,0,1.4450767915589011e-10,2.9225893676761114e-15,3.0493883819233386e-12,3.1859105525760687e-10,4.8443779369911066e-15,2.9730928049337413e-10,-4.2024972032409481e-14,8.1260085466050569e-14,-8.7683096611577464e-17,-2.0038901411024878e-19,-1.1757121296764802e-19,3.9795349077196454e-20,1.1640764710871393e-13,-7.6362083334842058e-10,nan,nan,nan,nan,nan,nan,nan,nan,nan,nan,nan,nan,nan,nan,-1.109259754818355e-07,9.9943882891917468e-08,1.1959898702967421e-23,1.0681531453012049e-08,3.4337801964323678e-07,-1.219230494897694e-07,0,0.011107633079661949,0.045534967605786424,1.6232546216850484e-18,0.042093853721332411,0.016765812741504845,0.1130232779107604,5.2106892294406661e-06,-0.0001573213783273886,0.00021958627794936762,-1.1165992366057547e-20,8.2772020937808304e-05,7.8498627860575955e-05,-0.00022710061770784521,-1.216341325722608e-09
17,2,lumen,0.013157894736842105,0.0025000000000000001,0.012894736842105263,0.013684210526315788,0.002,0.0030000000000000001,1000091.5904767008,1.260521375185359,12.292568479786432,3174.207603464869,0.17336542227019502,1173,1173,4.0608844775892199e-05,0.23949691972585976,0.59999999999999998,2,500000,0.00035,0.0001,0.055464881836791345,0.19985661928643103,7.775688633210548e-18,0.18901838326241391,0.075648569158067003,0.52131502734340296,2.3774946810613828e-05,0.04249865101302875,0.087709788601108868,2.9871612288654798e-18,0.052796505719097019,0.46126746863759843,0.35572027050571842,7.3155234486295496e-06,0.27176212941563688,0.001271342315620658,7.0527908412087464e-10,0.0017592046718262601,1.921211822501308e-05,0.40470336144853847,6.2510355298953246e-05,1.0898858555158392e-06,3.2592131724853707e-10,2.6963869071436087e-12,2.0850109685555184e-10,5.0241426654185024e-11,6.2080296067902488e-08,0.32042108641606321,nan,nan,nan,nan,nan,nan,nan,nan,nan,nan,nan,nan,nan,nan,0,0,0,0,0,0,0,-3.8311637969599481e-11,2.119681672174567e-12,-8.3757340318430485e-13,-1.3362040480757157e-10,-1.2086577398651155e-14,-3.463235861284053e-11,-8.8830732553720933e-13,4.4039164676101805e-13,8.42468811444248e-16,6.3574379584193355e-18,-9.4754588653351497e-19,4.9262448894700843e-18,-6.007681694684282e-13,2.0634222096681526e-10,nan,nan,nan,nan,nan,nan,nan,nan,nan,nan,nan,nan,nan,nan,-1.20155387214535e-07,1.0683885748319355e-07,-2.0982190588074355e-22,1.3352171199089996e-08,3.7384092362036103e-07,-1.3337495369247776e-07,0,0.011766428013781057,0.044264057447303412,1.6685577480468085e-18,0.041446738042853981,0.016610117615020025,0.11354712298282241,5.1982962200271272e-06,-0.00026694810815854417,0.00037084640496224059,-1.773215798480436e-20,0.00011324145664258787,0.00014981919551469128,-0.00040776820966333078,-3.3752038059473323e-09
17,3,support,0.013157894736842105,0.0035000000000000001,0.012894736842105263,0.013684210526315788,0.0030000000000000001,0.0040000000000000001,1000751.2387682118,1.320378070191417,12.867801815263963,3050.4613293433545,0.17372083662183443,1173,1173,4.0532285484487888e-05,0.23916362467456254,0.40000000000000002,2,300000,0.00033700000000000001,0.0001,0.058327553171624302,0.18258089970303204,7.7953896110221983e-18,0.177379626537644,0.071499455252068786,0.50553928803431669,2.2783121871245235e-05,0.046783481554680081,0.083877716266733432,3.1348686976498927e-18,0.051864070539024726,0.45636945440622784,0.36109793884292152,7.3383904123201381e-06,nan,nan,nan,nan,nan,nan,nan,nan,nan,nan,nan,nan,nan,nan,0.27304558524669093,0.0013171501756128363,7.8448651105072019e-10,0.0018044305234542984,1.9047413341734828e-05,0.40019771232324591,6.4439171117832778e-05,1.0264621155053176e-06,3.1336025828549128e-10,2.8081935761677218e-12,2.2850295603658598e-10,5.4943113616432008e-11,6.1240304273064062e-08,0.32355054606000855,0,0,0,0,0,0,0,nan,nan,nan,nan,nan,nan,nan,nan,nan,nan,nan,nan,nan,nan,-1.0417142353529868e-09,3.9941357840223733e-12,-2.6365035298556462e-11,-2.4470309025725187e-09,-3.5480516094588133e-16,-2.2057848067611602e-09,-3.0373299509998044e-12,3.6727110068468516e-13,2.3837807768003826e-16,6.1821040705799075e-18,2.5752786684566281e-18,-1.1291401034309431e-18,-2.8973186136425162e-13,5.7198610291339162e-09,-1.3655789605961782e-07,1.2819927563967326e-07,-6.7988022561630687e-23,1.0590692852669594e-08,4.2086629611914894e-07,-1.4472822246203165e-07,0,0.012935828914903545,0.042605143582800632,1.7519133108571021e-18,0.040926771626182537,0.016504148382268501,0.11549090103333115,5.2303009368280498e-06,-1.2693562286057432e-05,-1.3691335275984711e-05,-2.1103128846529212e-20,-0.00013566078940896369,0.000104973760811332,-0.00015333178823124895,-8.4711923392743919e-09
17,4,support,0.013157894736842105,0.0045000000000000005,0.012894736842105263,0.013684210526315788,0.0040000000000000001,0.0050000000000000001,1000526.6016237359,1.7235100397069618,16.800313069921323,2503.2635932580324,0.12709371863894109,1173,1173,4.2102742256550045e-05,0.19635613223959403,0.40000000000000002,2,300000,0.00033700000000000001,0.0001,0.0533836593714948,0.15035359938759707,2.0982815190884531e-17,0.26627161178877767,0.036331081956425884,0.481990605816009,2.3569709709843985e-05,0.055903645842993954,0.090181633020391352,1.101687181371214e-17,0.10164844553804944,0.30276465825244275,0.44949170549375478,9.9118523677733009e-06,nan,nan,nan,nan,nan,nan,nan,nan,nan,nan,nan,nan,nan,nan,0.23530272010048392,0.0026150143696877792,9.9168829341321102e-10,0.0023762023362191749,4.0641197234324799e-05,0.41719783496744511,0.00010419248129507857,6.2230355672281296e-07,2.9027497723096381e-10,3.1710480895415351e-12,2.7193768951661689e-10,7.3592846975124647e-11,1.0643386867893073e-07,0.34236266417954464,0,0,0,0,0,0,0,nan,nan,nan,nan,nan,nan,nan,nan,nan,nan,nan,nan,nan,nan,4.266991415698127e-10,1.4930246519025791e-12,1.6685943368030865e-11,1.5765584688421194e-09,1.320514878000445e-14,1.4882649153856453e-09,-1.1606699701077717e-12,6.7180462581806211e-13,5.3172223706406588e-17,1.75042708631582e-18,-9.8440557161676073e-19,2.0646178125682215e-18,4.5087355127070866e-13,-3.509676980104068e-09,-2.2495627620324615e-07,6.434464905336057e-08,2.2815402281159921e-22,1.5910554030344285e-07,8.3371144100896633e-07,-3.8562181370327409e-07,0,0.011068435747738432,0.033100410792217573,4.6112722722699674e-18,0.05928623043522914,0.0077818220689676232,0.10395058359867741,5.1369510646717145e-06,0,0,0,0,0,0,0
18,0,lumen,0.014210526315789474,0.00050000000000000001,0.013684210526315788,0.014736842105263159,0,0.001,1000079.1908580944,1.3238967006146198,12.910762918729786,2993.7568261158644,0.17494594181565276,1173,1173,4.070319899322286e-05,0.24042605782164053,0.59999999999999998,2,500000,0.00035,0.0001,0.044816387348842496,0.20185242978224627,6.775181481899886e-18,0.18334397968398491,0.073370428213425473,0.48449751430477406,2.2511429219108547e-05,0.036066430962716847,0.093040659246273943,2.7336946635470268e-18,0.053786967535648156,0.46987510114544612,0.34722356602291593,7.2750869989906589e-06,0.27045181239895155,0.0012012259155928138,5.9016472336858075e-10,0.0016931703235899391,1.9255830873498154e-05,0.41062964934306845,5.961094983495712e-05,1.1896141051618369e-06,3.4405908342972179e-10,2.5465920044153612e-12,1.798374237742848e-10,4.3523312893444805e-11,6.2798367784037385e-08,0.31594402166544844,nan,nan,nan,nan,nan,nan,nan,nan,nan,nan,nan,nan,nan,nan,0,0,0,0,0,0,0,7.308379905810473e-11,1.5299650829753784e-14,1.2343099225589102e-12,1.5380241167972321e-10,5.4059946623385979e-15,1.3857192953867226e-10,-6.9432273600444875e-14,1.138464322814059e-13,-1.0955778621902573e-16,-3.9747854854427845e-19,2.2036231105141026e-19,-3.7285059482076886e-19,1.6395940374018165e-13,-3.6692113247375753e-10,nan,nan,nan,nan,nan,nan,nan,nan,nan,nan,nan,nan,nan,nan,-9.6860537982662587e-08,8.8441798329341736e-08,-6.6370433595137148e-24,8.2786503773754574e-09,2.9881997362646295e-07,-1.0529175781259781e-07,0,0.010120705625394825,0.047196482232997217,1.5453643510737222e-18,0.042497949760239864,0.017070123381593687,0.11194641341193255,5.2156617165802078e-06,-6.6480991648073878e-05,9.3201876776519664e-05,-3.8074373602238373e-21,3.3504097538074409e-05,3.3233770999218203e-05,-9.7328611624152977e-05,-5.6688172387883427e-10
18,1,lumen,0.014210526315789474,0.0015,0.013684210526315788,0.014736842105263159,0.001,0.002,1000079.0508863013,1.3064964493656144,12.741075844459459,3037.9846596107268,0.17473610600048078,1173,1173,4.0682101508605626e-05,0.24038641538086417,0.59999999999999998,2,500000,0.00035,0.0001,0.046748054606227281,0.20244088580081282,6.9444990850485633e-18,0.18484285617141233,0.074178740750779848,0.49269653408630659,2.282319691632273e-05,0.037126504351983676,0.092085493752506686,2.7651849973243033e-18,0.053513982362391237,0.46880801684135998,0.34845872379105952,7.2789006989712432e-06,0.27076571175150854,0.0012110199888835372,6.0890768899998782e-10,0.0017031001961042424,1.9213469351577481e-05,0.40956918651399843,6.0028703798151684e-05,1.1732603175695958e-06,3.4092212259978765e-10,2.5703987832531834e-12,1.8451875563746693e-10,4.4603797770372751e-11,6.258919194145524e-08,0.31667050234532318,nan,nan,nan,nan,nan,nan,nan,nan,nan,nan,nan,nan,nan,nan,0,0,0,0,0,0,0,1.1948629276841933e-10,1.592119717550876e-13,2.0652967525996799e-12,2.6102968626434435e-10,5.2645604889378639e-15,2.5876389919687881e-10,-1.8044761204148096e-13,4.4066313098500842e-14,-6.1155572100004923e-17,-9.2435392966250736e-20,1.0298035700791437e-18,-1.2801740744364627e-18,7.3423635626518695e-14,-6.4144697897527757e-10,nan,nan,nan,nan,nan,nan,nan,nan,nan,nan,nan,nan,nan,nan,-1.005493997612017e-07,9.0681304409923058e-08,3.8203151969285555e-24,9.6071434411377803e-09,3.1118947063646374e-07,-1.1041552100410357e-07,0,0.010415146049316031,0.046656089482567782,1.56201774315924e-18,0.042244877705774557,0.017008947697348911,0.11222266693592271,5.2127958014341897e-06,-0.00014474886861380121,0.00020301429732429626,-1.0213779865787601e-20,6.7697729183302212e-05,7.868762584577882e-05,-0.00022238963934046433,-1.7843748590728631e-09
18,2,lumen,0.014210526315789474,0.0025000000000000001,0.013684210526315788,0.014736842105263159,0.002,0.0030000000000000001,1000078.6542291803,1.2903974876478892,12.584082251851822,3085.7556455480203,0.1740596675957127,1173,1173,4.0638655763418508e-05,0.24024239465592068,0.59999999999999998,2,500000,0.00035,0.0001,0.050277452670539083,0.20032035712106747,7.2461365932026758e-18,0.18521350188227509,0.074697903630655441,0.50294562754708705,2.3146073333700445e-05,0.039437486743106084,0.089998138191069041,2.8497399492785738e-18,0.05296057492422146,0.46627210482592701,0.35132440439976542,7.2909159108555823e-06,0.27142824842660052,0.0012339633116306571,6.5015282139006743e-10,0.0017259816750629438,1.9133578605037134e-05,0.4072230253956679,6.1000317940554518e-05,1.1370185489586177e-06,3.3400941019665141e-10,2.6230521970715184e-12,1.9481563839442038e-10,4.6992607017940853e-11,6.2160434320789927e-08,0.31830744688691548,nan,nan,nan,nan,nan,nan,nan,nan,nan,nan,nan,nan,nan,nan,0,0,0,0,0,0,0,-3.9402236705471699e-11,5.6195783671903863e-13,-1.379638463474684e-12,-7.3767235951939335e-11,6.8142106540713954e-17,-1.0570795606033856e-10,-3.3535512699203379e-13,5.5570348669875536e-14,1.1609398233775769e-16,6.1587121977257778e-19,3.8699981517405132e-18,-5.004673082208762e-18,-1.2391370685403404e-13,2.2009868916067514e-10,nan,nan,nan,nan,nan,nan,nan,nan,nan,nan,nan,nan,nan,nan,-1.0878373271367564e-07,9.6883745748232997e-08,-1.6012778276873499e-22,1.2007142778868734e-08,3.3838245772077613e-07,-1.2071853511264052e-07,0,0.011029266134078959,0.045441761841939605,1.6030825776969153e-18,0.04167654093907093,0.016848969722326794,0.11270860244258682,5.2020789249842403e-06,-0.00024002726363582009,0.0003323776818213912,-1.6452981046971601e-20,8.3356635953219074e-05,0.00014754954575572842,-0.00039101464305469773,-4.183029814040805e-09
18,3,support,0.014210526315789474,0.0035000000000000001,0.013684210526315788,0.014736842105263159,0.0030000000000000001,0.0040000000000000001,1000645.230368506,1.3239421889752798,12.903902984870594,3026.0060970775526,0.17445900242056778,1173,1173,4.0576059260775024e-05,0.23982213080651338,0.40000000000000002,2,300000,0.00033700000000000001,0.0001,0.053802812603708103,0.1879428718843246,7.4051086820638496e-18,0.17829832139837976,0.072099717477858122,0.49751483623378151,2.2659810724826605e-05,0.043275339659129976,0.086583241181481183,2.9862742679472107e-18,0.052278948435319356,0.46149194423157741,0.35636320734357468,7.3191489173640228e-06,nan,nan,nan,nan,nan,nan,nan,nan,nan,nan,nan,nan,nan,nan,0.27245737130140957,0.0012756142981505466,7.2002975827026412e-10,0.0017669520498058533,1.9039813738957709e-05,0.40334332115449101,6.2753026910578692e-05,1.0772569523036729e-06,3.2273683422152216e-10,2.7158299947255423e-12,2.123248910206484e-10,5.1088368342470509e-11,6.1555036315466459e-08,0.32107380823459813,0,0,0,0,0,0,0,nan,nan,nan,nan,nan,nan,nan,nan,nan,nan,nan,nan,nan,nan,-8.675024470562465e-10,1.7112026054478108e-12,-2.0523953844831714e-11,-1.9287444082266634e-09,-3.5472926679380734e-15,-1.9066323136193025e-09,-1.3322889336052172e-12,1.4884859837749342e-13,7.4409520245564164e-17,1.7341344878377524e-18,6.9241652293176857e-18,-8.250467838406735e-18,-1.0256098072317953e-13,4.7229811727011118e-09,-1.2302604159063549e-07,1.1567129498679662e-07,-6.6785526091658174e-23,9.2818600468171108e-09,3.7885614924404454e-07,-1.3039980512052907e-07,0,0.012109104624598382,0.04393122261383102,1.6799657245202481e-18,0.041315923489389526,0.016741928977624495,0.11457974359180642,5.2377020817817649e-06,-1.1041840967510383e-05,-1.6478989199700139e-05,-2.2771006347840232e-20,-0.00015372073338226511,0.00011329978828820969,-0.00016172282805661809,-9.2903869333348444e-09
18,4,support,0.014210526315789474,0.0045000000000000005,0.013684210526315788,0.014736842105263159,0.0040000000000000001,0.0050000000000000001,1000447.2886371819,1.7349419863292825,16.913089337488938,2484.2131612595822,0.12324967151025013,1173,1173,4.2295311196022484e-05,0.19366672001547758,0.40000000000000002,2,300000,0.00033700000000000001,0.0001,0.048555624669890753,0.15593953572447597,2.1685069597555064e-17,0.2824368964843289,0.035385838711005542,0.47849865294855909,2.3932060647686181e-05,0.051189030597733845,0.094159917849147082,1.1462013856900871e-17,0.10854326302443978,0.29686698978234682,0.44923066695459862,1.013179173378022e-05,nan,nan,nan,nan,nan,nan,nan,nan,nan,nan,nan,nan,nan,nan,0.23185537173191156,0.0026524417378436822,9.035594182754515e-10,0.0023630665541172209,4.3038783494988767e-05,0.42228579571599151,0.00010464515518302656,6.3429740385613221e-07,2.9861618615304708e-10,2.9604682924878418e-12,2.48038146774635e-10,6.7637894684851054e-11,1.1160352248722048e-07,0.34069489289973698,0,0,0,0,0,0,0,nan,nan,nan,nan,nan,nan,nan,nan,nan,nan,nan,nan,nan,nan,3.1929566400904739e-10,1.7822597561195074e-11,9.0878023356355925e-12,1.5764658441385229e-09,2.1967085268859154e-13,1.3573675577624456e-09,-1.6742759353810928e-11,1.5356878095562632e-13,9.1305584539658942e-17,-1.3259406283906475e-17,1.029011584967679e-16,-1.6170613831309503e-16,-1.7712319132813551e-13,-3.2634928098477456e-09,-2.0537722516394963e-07,5.2182824061830502e-08,-1.1631958257495089e-22,1.5182774962306276e-07,7.6778194269683242e-07,-3.5877332177358667e-07,0,0.010017666142049835,0.033558570046078401,4.6670179433221462e-18,0.061252435223207093,0.0074843737784447044,0.10176719796654647,5.128258314530096e-06,0,0,0,0,0,0,0
19,0,lumen,0.015263157894736843,0.00050000000000000001,0.014736842105263159,0.015789473684210527,0,0.001,1000066.1085459365,1.2867588165724846,12.548754996686869,3068.5089306407303,0.17567309865064001,1173,1173,4.071267974227592e-05,0.24119703824307046,0.59999999999999998,2,500000,0.00035,0.0001,0.043318335465212014,0.21108810410844936,6.7026092422736033e-18,0.18811297220902301,0.076181802242575522,0.49341790117227169,2.3071785181110115e-05,0.03388338706085129,0.094569543062194297,2.6285830745615495e-18,0.053638655728364557,0.47419978747427111,0.34370137956093766,7.2471133810748834e-06,0.27043180421024782,0.0011727348671900762,5.5186487969366423e-10,0.0016682009917327026,1.910781151478404e-05,0.41216953582361238,5.8463893091413756e-05,1.22705289137507e-06,3.4968235510773182e-10,2.5029119265167869e-12,1.7051432084310831e-10,4.132677474169001e-11,6.2601252745368963e-08,0.31447886163254668,nan,nan,nan,nan,nan,nan,nan,nan,nan,nan,nan,nan,nan,nan,0,0,0,0,0,0,0,5.6613744566259893e-11,9.1047630755006868e-14,8.9419442034962612e-13,1.1668439935994647e-10,5.4413396531616254e-15,1.0555711925201716e-10,-1.4202216413347115e-13,7.9522759904859797e-14,-9.8015761660026762e-17,-2.6274757878238158e-19,1.7061021479030715e-19,-3.3069609432482849e-19,1.3150358992719474e-13,-2.7991484140794471e-10,nan,nan,nan,nan,nan,nan,nan,nan,nan,nan,nan,nan,nan,nan,-8.916114523126531e-08,8.1508470306523861e-08,1.9759994102015634e-23,7.5460072100502536e-09,2.7499846520784299e-07,-9.6822949102737255e-08,0,0.0095055022250013048,0.048205959303156923,1.4948318609284203e-18,0.042612046228539785,0.017286537739098305,0.11124058822011638,5.2175003770073442e-06,-6.5377912345252116e-05,9.2002120840433354e-05,-3.8539704172561498e-21,2.8827281080372573e-05,3.5816703473402357e-05,-0.00010027330604571406,-8.7336496691851449e-10
19,1,lumen,0.015263157894736843,0.0015,0.014736842105263159,0.015789473684210527,0.001,0.002,1000065.9910842378,1.3022638395308781,12.699964882505949,3036.3953915895245,0.17545432660593097,1173,1173,4.0693286229520864e-05,0.2411305490179535,0.59999999999999998,2,500000,0.00035,0.0001,0.044116468257655944,0.20649330006345609,6.7028263632310777e-18,0.18506005988118457,0.075093271764777064,0.48936108708704251,2.2815500269549528e-05,0.034923492963436949,0.09362576434411482,2.6603431285258373e-18,0.053403991493682933,0.4730565051215993,0.34498299310965169,7.2529675143950947e-06,0.27072109355951302,0.0011826403603062241,5.7010120726257019e-10,0.0016782367258813711,1.9076848400545185e-05,0.41114333434332734,5.8886593540751675e-05,1.2101325094573607e-06,3.4656291407451259e-10,2.5246171035987039e-12,1.7503708001344113e-10,4.2366164231939699e-11,6.2424561245081466e-08,0.31519545787536835,nan,nan,nan,nan,nan,nan,nan,nan,nan,nan,nan,nan,nan,nan,0,0,0,0,0,0,0,9.5492037753252228e-11,2.6725976502016132e-13,1.7240114889103648e-12,1.9505134355430269e-10,5.1802095599184916e-15,2.0615487745720418e-10,-2.6033804660225281e-13,4.0297409506506732e-14,-4.4951530104901729e-17,1.0838632869282991e-19,1.1613952617850182e-18,-1.3520257547903405e-18,4.9890512253918812e-14,-4.9852469385224883e-10,nan,nan,nan,nan,nan,nan,nan,nan,nan,nan,nan,nan,nan,nan,-9.2716517771911783e-08,8.3869783062962e-08,3.359598824207278e-23,8.6387605268868972e-09,2.8673552272817648e-07,-1.0154862734035319e-07,0,0.0097821044669686563,0.047685837547056263,1.5097249746875564e-18,0.042385711509505396,0.017223625198967921,0.11150721906687951,5.2154495783919799e-06,-0.000139430760849752,0.00019541950259115604,-9.5173127386512576e-21,5.6638397417074139e-05,8.1758836097796898e-05,-0.00022508771025061714,-2.3275010343384708e-09
19,2,lumen,0.015263157894736843,0.0025000000000000001,0.014736842105263159,0.015789473684210527,0.002,0.0030000000000000001,1000065.6590615412,1.314733180227311,12.821572906614481,3017.1394325483834,0.17475169115661868,1173,1173,4.0654307201886448e-05,0.24093712374475984,0.59999999999999998,2,500000,0.00035,0.0001,0.046474269791631342,0.20016676523819601,6.8351965918085318e-18,0.18172511077549505,0.07396988034509136,0.4887322905977331,2.2647764501260168e-05,0.037142257583685861,0.091626303962253311,2.7388577858902403e-18,0.0529437559765185,0.47044157427487027,0.34783883961784789,7.2685848241487502e-06,0.27131116999416521,0.0012050051083152117,6.0932849278310645e-10,0.001700523737155984,1.9022402693524294e-05,0.40894403837383725,5.983412788164944e-05,1.173878569073273e-06,3.3990090613195658e-10,2.5719512999701121e-12,1.847685937582391e-10,4.4614092032992033e-11,6.2074357213537617e-08,0.31675916912184043,nan,nan,nan,nan,nan,nan,nan,nan,nan,nan,nan,nan,nan,nan,0,0,0,0,0,0,0,-2.5416256906339068e-11,8.5013795928010161e-13,-5.3168027654574709e-13,-7.916870819357081e-11,1.0783474807540827e-15,-4.63988923237596e-11,-5.4800735061115954e-13,8.7369998388875381e-14,1.4132963643456992e-16,1.5597056648354281e-18,2.7312532664763048e-18,-2.7888092754419173e-18,-1.4689044592706672e-13,1.5127191155559898e-10,nan,nan,nan,nan,nan,nan,nan,nan,nan,nan,nan,nan,nan,nan,-1.0046311827750787e-07,8.9976115669188061e-08,-4.6881034247481623e-23,1.0533991477822192e-08,3.1193806580842587e-07,-1.1091854162925685e-07,0,0.010350417832736864,0.046536862105084217,1.5454114860151203e-18,0.041887952928018758,0.01706056642986354,0.11195173736013087,5.206300221322957e-06,-0.00022703681315058179,0.00031280723142333169,-1.493010990197661e-20,6.353912773470041e-05,0.00014897418272550439,-0.00038396754077023906,-4.8923789191757879e-09
19,3,support,0.015263157894736843,0.0035000000000000001,0.014736842105263159,0.015789473684210527,0.0030000000000000001,0.0040000000000000001,1000538.7020930727,1.3085386731441913,12.755129355016143,3049.2077071792032,0.17513579029026258,1173,1173,4.0599932308378762e-05,0.2404502669937941,0.40000000000000002,2,300000,0.00033700000000000001,0.0001,0.051268845863576995,0.19417692886658003,7.1805821186100778e-18,0.18088733163255963,0.073597742374811898,0.49818823668626377,2.2868818349209725e-05,0.040761750350452465,0.088423843107925615,2.8623430766668984e-18,0.052426578964689073,0.46564916876382872,0.35273135731782918,7.301495275107304e-06,nan,nan,nan,nan,nan,nan,nan,nan,nan,nan,nan,nan,nan,nan,0.27219699120151419,0.0012446216730639377,6.7449288365072216e-10,0.0017393635189659209,1.8970222690454093e-05,0.40538842911756812,6.1500238651117386e-05,1.1153409884218969e-06,3.2924757924510784e-10,2.6540502698834046e-12,2.0099220596043315e-10,4.8393712593181445e-11,6.1602103990332738e-08,0.31934894582871004,0,0,0,0,0,0,0,nan,nan,nan,nan,nan,nan,nan,nan,nan,nan,nan,nan,nan,nan,-6.5690382705658592e-10,1.9032721809752917e-12,-1.4779085034020887e-11,-1.6207791189489203e-09,-9.3029425309032465e-15,-1.3461108037699648e-09,-1.2200415812507056e-12,2.2533212275244185e-13,3.2422439554640881e-16,4.404174287106272e-18,-2.8826701510196027e-20,2.175303005430307e-18,-3.0414726473035127e-13,3.6379772804202315e-09,-1.1359162585544702e-07,1.0793597404745725e-07,1.7074703011809042e-22,7.0166293990166479e-09,3.4816520251557126e-07,-1.1900239965667581e-07,0,0.011340683076615576,0.045177815017366979,1.6044946851439527e-18,0.041670534791183649,0.016953760982209048,0.11374953761312735,5.2452570288424843e-06,-9.9961010692666903e-06,-1.7857024284525185e-05,-2.3995635381383836e-20,-0.00016605097009922396,0.00011974701686189456,-0.00016836033235020359,-9.9502076077068746e-09
19,4,support,0.015263157894736843,0.0045000000000000005,0.014736842105263159,0.015789473684210527,0.0040000000000000001,0.0050000000000000001,1000369.3466281333,1.7379019986298443,16.943265031693162,2478.2292901941723,0.12183826454689446,1173,1173,4.2422618700513952e-05,0.19184828251307134,0.40000000000000002,2,300000,0.00033700000000000001,0.0001,0.045366435822372486,0.15975578180983485,2.2221259132248599e-17,0.29387546266295866,0.03482570403739782,0.47805121910356185,2.429698396604803e-05,0.047912207547326294,0.096636363853958504,1.1766381736846678e-17,0.11314071781249194,0.29268905427625885,0.44961135187319823,1.0304636766146459e-05,nan,nan,nan,nan,nan,nan,nan,nan,nan,nan,nan,nan,nan,nan,0.2296072690242528,0.0026855482626614692,8.4344213128311493e-10,0.0023587025976891879,4.4718620500874269e-05,0.42539355305476828,0.00010519897504730743,6.3953867600348224e-07,3.0347468562986477e-10,2.8133047526310479e-12,2.3177718314226691e-10,6.3551511079955604e-11,1.1513598532888344e-07,0.339804253345458,0,0,0,0,0,0,0,nan,nan,nan,nan,nan,nan,nan,nan,nan,nan,nan,nan,nan,nan,3.086782961723677e-10,-4.9182611142440521e-13,1.8687270321788254e-11,1.449064352541276e-09,3.1911214122548603e-14,-4.9317186836053684e-11,1.0815789625748576e-13,6.8690539367644021e-13,7.3198137813127713e-18,-1.6649354561548843e-18,1.0020418946268827e-17,-6.2017313119881634e-18,9.9595411130410521e-13,-1.7284439718171193e-09,-1.9222689875801613e-07,3.7092129867577484e-08,9.2837396691966643e-22,1.5516368405971984e-07,7.3163338458470673e-07,-3.4882091720644937e-07,0,0.0090345454591067489,0.033869533012006632,4.7938244168809768e-18,0.06325348124755964,0.007188983209259316,0.099633503911975924,5.1189482041907003e-06,0,0,0,0,0,0,0
20,0,lumen,0.016315789473684211,0.00050000000000000001,0.015789473684210527,0.016842105263157894,0,0.001,1000052.9720587726,1.2939060975231,12.618622605949394,3039.7368143856024,0.17626305673154644,1173,1173,4.0734614115562182e-05,0.24179729747221052,0.59999999999999998,2,500000,0.00035,0.0001,0.040037372421424348,0.21397013889282093,6.437487591066256e-18,0.1872469740380181,0.076392907714395428,0.48576795475929879,2.2878490779348791e-05,0.031491397663766137,0.096394445970406362,2.5386657429260377e-18,0.053688993148941232,0.47816134534676397,0.34025659146108744,7.2264090347508247e-06,0.27019626359258259,0.001145593790393787,5.1032912900552147e-10,0.0016431828480161102,1.9025552708031708e-05,0.41403449023832728,5.7348514047124346e-05,1.2675353913984357e-06,3.5611502517577642e-10,2.4564489010300534e-12,1.6036708032770911e-10,3.8971919230946686e-11,6.2591099557111261e-08,0.3129027642692398,nan,nan,nan,nan,nan,nan,nan,nan,nan,nan,nan,nan,nan,nan,0,0,0,0,0,0,0,4.4913549107234302e-11,1.5292977531160446e-13,1.1544216824543299e-12,7.834566270034677e-11,5.3114522328978619e-15,5.1024710715288912e-11,-1.9890629120861004e-13,7.2220007751866433e-14,-9.5087190946623863e-17,-3.1090555421584008e-19,9.2126509185239231e-19,-1.196839498668518e-18,1.2354537006806239e-13,-1.755933177616454e-10,nan,nan,nan,nan,nan,nan,nan,nan,nan,nan,nan,nan,nan,nan,-8.1027491855446138e-08,7.3947991507949951e-08,-7.6945658422841246e-23,7.0271202518303192e-09,2.5008372417367752e-07,-8.813181401334802e-08,0,0.008947252297676539,0.049117783835870343,1.4521729272738486e-18,0.042723648058107327,0.017478665070890541,0.11060898372403417,5.2196864745567794e-06,-5.9807764297077936e-05,8.5063192165782265e-05,-3.1524119553569452e-21,2.4303371957895532e-05,3.4793096727901842e-05,-9.6559485105429779e-05,-1.0383975754476394e-09
20,1,lumen,0.016315789473684211,0.0015,0.015789473684210527,0.016842105263157894,0.001,0.002,1000052.8770617513,1.3050756145036266,12.727552832099828,3017.8280555914339,0.17603681565197726,1173,1173,4.071763580016715e-05,0.2417204407567401,0.59999999999999998,2,500000,0.00035,0.0001,0.04089083261536184,0.21022488330404715,6.4475002084296319e-18,0.18496336993000151,0.07556438047618802,0.4833382718775967,2.2704461813244426e-05,0.032440331138849879,0.095524752191156068,2.5645633957673228e-18,0.053492037146659066,0.47705835552359915,0.34147729065212007,7.2333476158313267e-06,0.27044831214828791,0.0011547685161091535,5.268051026052148e-10,0.0016525230777645465,1.9004838537333418e-05,0.41310983650766564,5.7741091066260789e-05,1.2513355534188814e-06,3.5323123839314533e-10,2.4747197831698675e-12,1.6442526169692179e-10,3.9899595861422592e-11,6.2450942289996363e-08,0.31355649894728216,nan,nan,nan,nan,nan,nan,nan,nan,nan,nan,nan,nan,nan,nan,0,0,0,0,0,0,0,6.8162126938216426e-11,3.212927613624018e-13,8.9821162736365789e-13,1.4384859643509231e-10,5.3364973030822771e-15,1.4480054872159642e-10,-3.0556158243171158e-13,4.5188679187457836e-14,-4.3578403463823649e-17,6.4489485327645964e-20,2.090642956741277e-18,-2.4750650780862782e-18,4.9407263706823317e-14,-3.5782510298042344e-10,nan,nan,nan,nan,nan,nan,nan,nan,nan,nan,nan,nan,nan,nan,-8.4201260542975109e-08,7.5907598040547697e-08,2.6717876802819455e-24,8.1478638460313909e-09,2.6071502313984585e-07,-9.2492100089991425e-08,0,0.0092049360400423084,0.04862072833156493,1.4666864682315584e-18,0.042529558015362658,0.017413513249166887,0.1108613686917653,5.2185223756324554e-06,-0.00012523136415456388,0.00017525805646174508,-8.0358489340327087e-21,4.4128285602848068e-05,7.9227597344330648e-05,-0.00021197983957177817,-2.7085697514233191e-09
20,2,lumen,0.016315789473684211,0.0025000000000000001,0.015789473684210527,0.016842105263157894,0.002,0.0030000000000000001,1000052.6095599106,1.3040006599928911,12.717072902238851,3029.1621276273431,0.17531694943212703,1173,1173,4.0685116042900943e-05,0.24149561211412562,0.59999999999999998,2,500000,0.00035,0.0001,0.043432713752119802,0.20645423689831521,6.619101500433428e-18,0.18387829219696419,0.075227501411694445,0.48753001523962936,2.2780089160929825e-05,0.034428535007653145,0.093734151432058724,2.6306518009978891e-18,0.053134441750732141,0.47454048596517578,0.34415513437868356,7.2514656965968863e-06,0.270932066844362,0.0011751955263555459,5.6157553359569186e-10,0.0016728811319268867,1.8978374165259621e-05,0.41119139379535014,5.8607213445549711e-05,1.2172890409192436e-06,3.4722985758971961e-10,2.5138163919009517e-12,1.7298741612806394e-10,4.1867797742259092e-11,6.2199433383815042e-08,0.314949596499768,nan,nan,nan,nan,nan,nan,nan,nan,nan,nan,nan,nan,nan,nan,0,0,0,0,0,0,0,-2.1669372097646979e-11,7.485675605797912e-13,-7.8770533662649265e-13,-3.795048693040985e-11,2.431377581907368e-15,-6.4363134179984405e-11,-5.0720772889012997e-13,7.925994929824931e-14,9.1244401039976903e-17,1.0459323011698078e-18,4.2017079946801167e-18,-4.9076845074880429e-18,-1.0274926110011164e-13,1.2455014787037755e-10,nan,nan,nan,nan,nan,nan,nan,nan,nan,nan,nan,nan,nan,nan,-9.0984240385706683e-08,8.0923863443604915e-08,4.1768130684030268e-23,1.0125548713790478e-08,2.8309183439101382e-07,-1.0107268810788383e-07,0,0.0097295768300589142,0.047532546542518456,1.4998966815694209e-18,0.042109695681729543,0.017245226752276632,0.11126457564314235,5.2110065796607238e-06,-0.00020014856023970089,0.00027224011462206313,-8.5438804265358665e-21,3.9538807012457355e-05,0.00014439057139570882,-0.00035623778181179838,-5.530542273516876e-09
20,3,support,0.016315789473684211,0.0035000000000000001,0.015789473684210527,0.016842105263157894,0.0030000000000000001,0.0040000000000000001,1000431.6949774524,1.2981903307801812,12.655611223655891,3058.8784127714216,0.1757401885977663,1173,1173,4.0643200922129652e-05,0.24094427930293832,0.40000000000000002,2,300000,0.00033700000000000001,0.0001,0.047680436758144318,0.2012878631861417,6.8293667421797149e-18,0.18365365997051081,0.07485743490296877,0.49636143616047684,2.3007800941170644e-05,0.037612982022388962,0.090946838290762097,2.7011003935493426e-18,0.052813045522240441,0.46992390542266954,0.34869594018664934,7.2885552896800945e-06,nan,nan,nan,nan,nan,nan,nan,nan,nan,nan,nan,nan,nan,nan,0.27159597411721115,0.0012110198918378137,6.1815174473742382e-10,0.0017077555719150323,1.8982686948775111e-05,0.40819669234175565,6.0110694418996249e-05,1.1631038813474674e-06,3.3785811088594302e-10,2.5800702109308021e-12,1.8695064789161137e-10,4.5107521390743297e-11,6.1921597702813939e-08,0.31720823847978513,0,0,0,0,0,0,0,nan,nan,nan,nan,nan,nan,nan,nan,nan,nan,nan,nan,nan,nan,-4.3081084881306628e-10,9.2420798631669047e-13,-2.2808340241479555e-12,-1.3888671468920243e-09,-4.0442367336968044e-15,-8.1045684074444735e-10,-6.7327123942385199e-13,9.222874200465192e-14,6.5668670245877278e-17,8.213309835159216e-19,6.0437922246371586e-18,-7.5385473608133675e-18,-8.395390677204941e-14,2.6321604339504452e-09,-1.0224801847476955e-07,9.5711503333983927e-08,1.0672981219390198e-21,7.3492485885323038e-09,3.1431600122644454e-07,-1.0821075147049442e-07,0,0.010651568069572487,0.04628752465162498,1.5555633326843721e-18,0.042033482751421623,0.017129398758138573,0.11301665012595537,5.2533309424847154e-06,-7.9177272380443823e-06,-2.0459631762429915e-05,-2.6957874811773422e-20,-0.00018714369300871462,0.00012853659312592642,-0.00017630093050389421,-1.0860143415376031e-08
20,4,support,0.016315789473684211,0.0045000000000000005,0.015789473684210527,0.016842105263157894,0.0040000000000000001,0.0050000000000000001,1000292.8073420159,1.7867836807376114,17.421158355943991,2410.2009189618693,0.11792068555171528,1173,1173,4.2621236292657028e-05,0.18878067935023712,0.40000000000000002,2,300000,0.00033700000000000001,0.0001,0.03984498075743801,0.16135200962299703,2.3291456414535743e-17,0.3060741088730255,0.033001797613871182,0.46536277401614146,2.4213129148467762e-05,0.043267825186365939,0.10035483436958337,1.2680922261959954e-17,0.12116079709449019,0.28518330469348435,0.45002267993874984,1.0558717326367464e-05,nan,nan,nan,nan,nan,nan,nan,nan,nan,nan,nan,nan,nan,nan,0.22594327483681409,0.0027503381322961824,7.5929855334427613e-10,0.0023534711830716999,4.7557155081971549e-05,0.43003165593246817,0.00010634244454190001,6.4448626069065082e-07,3.1009926302301252e-10,2.6055158199618255e-12,2.0892209653308839e-10,5.7844631614675421e-11,1.208572842954253e-07,0.338766593633408,0,0,0,0,0,0,0,nan,nan,nan,nan,nan,nan,nan,nan,nan,nan,nan,nan,nan,nan,7.3618904968933994e-10,8.571113410580059e-12,7.837078534365807e-11,-6.3463632631979547e-10,2.0084628404859473e-14,1.4380259277194801e-09,-7.6129042714683819e-12,3.9753595380831452e-13,2.3260297938680671e-17,-3.1245739771313013e-18,3.5114666879256635e-17,-6.2830801915818258e-17,-1.2951242255844971e-13,-1.6191954865968097e-09,-1.7426004449237059e-07,2.877398275202836e-08,-4.9674052925154505e-21,1.4396937696025298e-07,6.6615062604274966e-07,-3.1751686557779379e-07,0,0.0081446962739013789,0.034117625058619323,4.9067482012848988e-18,0.065079199529429296,0.0068943720658264825,0.097658611943107335,5.1087866823519785e-06,0,0,0,0,0,0,0
21,0,lumen,0.017368421052631578,0.00050000000000000001,0.016842105263157894,0.017894736842105262,0,0.001,1000039.7886420191,1.2902538756335307,12.583170747326642,3040.0433565712547,0.17680896680031313,1173,1173,4.0740600730405876e-05,0.2423542975579816,0.59999999999999998,2,500000,0.00035,0.0001,0.038172307665351173,0.21696027889663694,6.2739705929863872e-18,0.18732113384741089,0.077102902240376414,0.48358651685940979,2.2881379380756116e-05,0.029940077614697965,0.097466913057621993,2.4672305530112471e-18,0.053559358580853908,0.48124949603427103,0.33777694769619249,7.2070163625134752e-06,0.27019664660627918,0.0011263267386233129,4.836279700302482e-10,0.0016259577178387567,1.8913467449652499e-05,0.41507449100405647,5.6565406133740406e-05,1.2951945657321551e-06,3.6007285487405914e-10,2.4290683191442411e-12,1.5392523166344308e-10,3.7475066366861695e-11,6.2422467863021093e-08,0.31189974040505525,nan,nan,nan,nan,nan,nan,nan,nan,nan,nan,nan,nan,nan,nan,0,0,0,0,0,0,0,2.5250752080099425e-11,2.1685576239733663e-13,3.6398216866794036e-13,4.3309531951568567e-11,5.4764135934415314e-15,3.0813854723019118e-11,-2.4786162024488908e-13,6.1704330880929525e-14,-8.3069767284822045e-17,-1.7525429593927681e-19,1.1147871756346526e-18,-1.3571832873019197e-18,1.0290061393481934e-13,-9.9877189946299837e-11,nan,nan,nan,nan,nan,nan,nan,nan,nan,nan,nan,nan,nan,nan,-7.5812817752329148e-08,6.9397854185471175e-08,-2.4621373000133279e-23,6.3836157062823485e-09,2.338084398451068e-07,-8.2239394683103484e-08,0,0.0084281760557466737,0.049971414557710647,1.4126989042147464e-18,0.04283542700223579,0.017645533488665752,0.11004136944392617,5.2228590829435617e-06,-5.7503652672975427e-05,8.0700977631385212e-05,-3.9036169583556492e-21,1.7139159872108946e-05,3.8583355919209855e-05,-0.00010057413935846157,-1.5069912592639917e-09
21,1,lumen,0.017368421052631578,0.0015,0.016842105263157894,0.017894736842105262,0.001,0.002,1000039.7167202542,1.2970059662890432,12.649021263239101,3028.3823467738657,0.17655105390826259,1173,1173,4.0726638927697428e-05,0.24223239124648216,0.59999999999999998,2,500000,0.00035,0.0001,0.039128505958627637,0.21400555369118504,6.3222236205261337e-18,0.18586375664412191,0.076507487752639367,0.48287713550388545,2.2793980347042894e-05,0.030850670315368624,0.096642656161765692,2.499216857521956e-18,0.05342076870315153,0.48003216239094265,0.33904652536889457,7.2170598769361633e-06,0.27040227051313559,0.0011357262161349896,4.9934799075077288e-10,0.0016353806175567651,1.8909980458542189e-05,0.41421678247230997,5.6965275926143629e-05,1.2787901047776182e-06,3.5729947609741321e-10,2.4451944805446601e-12,1.5776317639306326e-10,3.8351115804814811e-11,6.2332083182486633e-08,0.3125326227470831,nan,nan,nan,nan,nan,nan,nan,nan,nan,nan,nan,nan,nan,nan,0,0,0,0,0,0,0,4.2160568496103179e-11,4.1150104919561109e-13,5.4166052577216042e-13,8.3361063106529499e-11,4.9494913376135763e-15,8.5997123051156921e-11,-3.580036433204927e-13,4.6334897724209512e-14,-2.2945153654127755e-17,3.743726346128477e-19,1.7829420181563281e-18,-1.9895163948503901e-18,2.0596211895107989e-14,-2.1218590782906029e-10,nan,nan,nan,nan,nan,nan,nan,nan,nan,nan,nan,nan,nan,nan,-7.8831890223517859e-08,7.1508300725220408e-08,-4.0097386998960193e-23,7.2369789311719064e-09,2.4371014577251326e-07,-8.6151721256921832e-08,0,0.0086679642097359597,0.049501087560215894,1.4287731501706688e-18,0.042669187150320607,0.01757739818660195,0.1102806729090446,5.222501202977478e-06,-0.0001204187773941233,0.0001651042159294815,-8.7403508012044615e-21,2.8518476722378851e-05,8.6784493262757193e-05,-0.00021798792533448162,-3.5884143622348394e-09
21,2,lumen,0.017368421052631578,0.0025000000000000001,0.016842105263157894,0.017894736842105262,0.002,0.0030000000000000001,1000039.5151574805,1.2966869308771329,12.64591242646582,3038.0808684917638,0.17575722380210679,1173,1173,4.0700478961629235e-05,0.24191416061892668,0.59999999999999998,2,500000,0.00035,0.0001,0.041559493475194505,0.21032310517143119,6.5052376896504054e-18,0.18510635719090746,0.076088500893519095,0.48691994858397125,2.2875235902272519e-05,0.032759316522819132,0.094956357345957851,2.5709314999894948e-18,0.05319000165007879,0.47728597170660159,0.34180111176753486,7.2410070076316675e-06,0.27078462798295083,0.0011564805857187774,5.325160954396068e-10,0.0016557410478354089,1.8919493990579707e-05,0.4124514392046193,5.7840106954992363e-05,1.2445469210867973e-06,3.5156137973294466e-10,2.4800006828388901e-12,1.6586327055073892e-10,4.021104637427412e-11,6.2184956433949666e-08,0.31387364375342114,nan,nan,nan,nan,nan,nan,nan,nan,nan,nan,nan,nan,nan,nan,0,0,0,0,0,0,0,-3.573320630552308e-12,9.0394243484683725e-13,-1.1278678705320789e-14,-6.0070239055373404e-11,2.2109592802410649e-15,2.01861875739201e-11,-5.9579956278751766e-13,9.7524419095940118e-14,1.3063785872969776e-16,1.8650239322841378e-18,2.3037679027219428e-18,-1.9348198490959711e-18,-1.3816547543136885e-13,4.319883329973954e-11,nan,nan,nan,nan,nan,nan,nan,nan,nan,nan,nan,nan,nan,nan,-8.5278506789174258e-08,7.6777924018500698e-08,-7.3215360685348868e-23,8.4804462635289009e-09,2.6431822870709443e-07,-9.3698968750555167e-08,0,0.0091550807550158306,0.048472769595600138,1.4719446220994802e-18,0.042308694127449017,0.017403284656896754,0.11065249100320543,5.2163129875517659e-06,-0.00019549341831974007,0.00026198597045162727,-1.3976203021135579e-20,1.6976028042851178e-05,0.00015473073870348402,-0.00036448249782553715,-6.5922497986189862e-09
21,3,support,0.017368421052631578,0.0035000000000000001,0.016842105263157894,0.017894736842105262,0.0030000000000000001,0.0040000000000000001,1000324.2996669338,1.2958271503452696,12.633929629359061,3056.1901166367111,0.17612053186009008,1173,1173,4.0666591997033229e-05,0.24124092941219122,0.40000000000000002,2,300000,0.00033700000000000001,0.0001,0.04554296662403004,0.20457845268622663,6.8026968579856375e-18,0.18480185008887778,0.075374376121583542,0.49399873216565809,2.3036450360104442e-05,0.03586527678365916,0.092275250800462325,2.6859426649682019e-18,0.053052184085033621,0.4723584145718891,0.34644158863022584,7.2851287299069515e-06,nan,nan,nan,nan,nan,nan,nan,nan,nan,nan,nan,nan,nan,nan,0.27132101784398138,0.0011927584880448777,5.8728170566481282e-10,0.0016905329974044342,1.8967675103364169e-05,0.40962966378720661,5.9354228323823249e-05,1.189566004453855e-06,3.4240922738896127e-10,2.540495035519507e-12,1.7927823128388055e-10,4.3320075372684458e-11,6.2028885546908301e-08,0.31608645223021425,0,0,0,0,0,0,0,nan,nan,nan,nan,nan,nan,nan,nan,nan,nan,nan,nan,nan,nan,-2.962942183176201e-10,1.4625481563786512e-12,-5.6801147411649712e-12,-6.1651542423919034e-10,-2.7644444892949149e-15,-7.0554155009658337e-10,-9.2184250062986801e-13,1.7744378015549511e-13,2.5076379947707383e-16,3.4337795944089882e-18,1.5114731413648504e-18,-1.5085863456505257e-19,-2.4449538666232754e-13,1.6235599252844501e-09,-9.6125941666594383e-08,9.3242112864100335e-08,1.1643587068489905e-22,3.5951200284471105e-09,2.9213883150080999e-07,-9.9110342377528582e-08,0,0.0099965362816819749,0.04736819462044789,1.5235980435229681e-18,0.042335243147246709,0.017294642299724126,0.11233916528507555,5.261031827947472e-06,-6.9834219139204733e-06,-2.1404027016344271e-05,-2.738787843624737e-20,-0.00019657509555153356,0.00013322750351141133,-0.00018185041137537891,-1.1346263322979162e-08
21,4,support,0.017368421052631578,0.0045000000000000005,0.016842105263157894,0.017894736842105262,0.0040000000000000001,0.0050000000000000001,1000217.5935693287,1.8264447066624216,17.809192850945927,2356.8458654553992,0.11688564514229327,1173,1173,4.2712207076537396e-05,0.18741973210304258,0.40000000000000002,2,300000,0.00033700000000000001,0.0001,0.036792894705885065,0.16059031145010996,2.2997667221228434e-17,0.30810931613866283,0.031912064568897155,0.45565362989476815,2.3987347083342853e-05,0.040843468014813596,0.10210581315988855,1.2799859074465119e-17,0.12468309278298785,0.28190878580323808,0.45044814699025626,1.0693248815765411e-05,nan,nan,nan,nan,nan,nan,nan,nan,nan,nan,nan,nan,nan,nan,0.22430092257666873,0.0027807869049479563,7.1563761215123634e-10,0.0023520273919249157,4.8918501671606324e-05,0.43214525341600651,0.00010689666297549478,6.4657508254470509e-07,3.1319287049335564e-10,2.4948016160487122e-12,1.9712915610723885e-10,5.4828037422737713e-11,1.2359730575319574e-07,0.3382644230901069,0,0,0,0,0,0,0,nan,nan,nan,nan,nan,nan,nan,nan,nan,nan,nan,nan,nan,nan,9.0312362543856806e-11,5.108714084543471e-12,1.5257835038348279e-12,6.4537606091545063e-10,2.0350908458421912e-14,2.7723865846270013e-10,-4.3571979372317997e-12,5.1533603773190606e-13,1.1823138684850236e-17,5.4058440535319649e-19,1.0597122962088627e-17,-2.2783472130266922e-17,5.6425271280391425e-14,-1.0157963642662196e-09,-1.6463364851081186e-07,9.8599684528188902e-09,-5.1362590353015765e-22,1.5449432344633704e-07,6.4834799883700667e-07,-3.1977213521550141e-07,0,0.0073041012390260736,0.034187268389909646,4.9972976795964155e-18,0.067042363024262239,0.0066075450494340908,0.095672973615326215,5.0981703078785846e-06,0,0,0,0,0,0,0
22,0,lumen,0.018421052631578949,0.00050000000000000001,0.017894736842105262,0.018947368421052629,0,0.001,1000026.5614253745,1.2896047492407783,12.57700650953317,3030.6492796296652,0.17729750318354515,1173,1173,4.0766527746405505e-05,0.24281508646800221,0.59999999999999998,2,500000,0.00035,0.0001,0.035278809469450743,0.22107800992889537,6.0731083206838383e-18,0.1878291304983607,0.077686852243374904,0.47946288368220791,2.285086838280306e-05,0.027657035239410488,0.099268103177092323,2.3870717820595253e-18,0.05367829755181526,0.48465676903277172,0.33473260111854974,7.1938803604255262e-06,0.26988637054065046,0.0011031662969824673,4.4466255396389533e-10,0.00160377505052398,1.8866637832515275e-05,0.41688419694039047,5.5597665516252143e-05,1.3342775703167279e-06,3.6630102869512295e-10,2.3881959702669807e-12,1.4443276281955072e-10,3.5304695646924547e-11,6.2487527711883283e-08,0.31044662910991644,nan,nan,nan,nan,nan,nan,nan,nan,nan,nan,nan,nan,nan,nan,0,0,0,0,0,0,0,1.1117128412603847e-11,3.8233122652502252e-13,6.5158461874120755e-14,1.4216357000520155e-11,6.2725974588062616e-15,2.4524199945114011e-12,-3.7794175261107851e-13,6.0138092422556966e-14,-6.8155413085035365e-17,1.1878833169083737e-19,1.7656649164217832e-18,-2.008901466209624e-18,7.8679828595693663e-14,-2.8000574172034318e-11,nan,nan,nan,nan,nan,nan,nan,nan,nan,nan,nan,nan,nan,nan,-6.8412711609448784e-08,6.2074315076987574e-08,1.3811374770251685e-23,6.3357339458831436e-09,2.1156829359270102e-07,-7.4762625923430193e-08,0,0.0079589640517775864,0.050732983967737677,1.3807646321477738e-18,0.042949585863351333,0.017797175290322882,0.10952358697302252,5.2258314032578162e-06,-5.1510420132270607e-05,7.2948364125865019e-05,-3.7117466454592887e-21,1.5481935918994638e-05,3.4603384062836175e-05,-9.070199012499348e-05,-1.4118544466488502e-09
22,1,lumen,0.018421052631578949,0.0015,0.017894736842105262,0.018947368421052629,0.001,0.002,1000026.5125630387,1.2903053637916135,12.583839941790163,3032.7488287144038,0.17705306787588673,1173,1173,4.075392407274496e-05,0.24270789671867193,0.59999999999999998,2,500000,0.00035,0.0001,0.036297529222156386,0.21930111823025011,6.1469431977947161e-18,0.18729030128997304,0.07747072404445858,0.48083583313212869,2.2868253226033375e-05,0.028471127470801418,0.098523747621030652,2.4174057544947964e-18,0.053553390762859338,0.48357102755459402,0.33587350332567478,7.2032650399181609e-06,0.27007007879634864,0.0011114115797662891,4.5857670924571386e-10,0.0016121433947732051,1.8865073666984737e-05,0.41612367398821531,5.5950439286092119e-05,1.3191964661227517e-06,3.6380179472029643e-10,2.4015690810088808e-12,1.4781307880109879e-10,3.6071314688949711e-11,6.2412448979559551e-08,0.3110064941103422,nan,nan,nan,nan,nan,nan,nan,nan,nan,nan,nan,nan,nan,nan,0,0,0,0,0,0,0,1.9856912080407175e-11,5.0168620035285784e-13,4.6040880469525262e-13,1.0636513419411459e-11,5.335684151452913e-15,3.4739056249677436e-11,-4.2996676533884366e-13,5.7219637014660485e-14,-2.3158145992716471e-17,4.5927641562365814e-19,2.7089672500906275e-18,-3.0188710708132074e-18,2.0531061736928633e-14,-6.5847660749351684e-11,nan,nan,nan,nan,nan,nan,nan,nan,nan,nan,nan,nan,nan,nan,-7.1048359959625246e-08,6.3678407546952087e-08,-4.7451529836269015e-23,7.33466992260967e-09,2.2046868523861729e-07,-7.8393246394359295e-08,0,0.0081816931250251902,0.050285013674283716,1.395113638663289e-18,0.042814480496156777,0.017726708224193102,0.10974768912932234,5.2261677407206026e-06,-0.00010672046819846538,0.00014715693021023123,-1.2588323885997972e-20,2.5266612918180929e-05,7.7600449606771697e-05,-0.00019513304931562128,-3.3183403154758354e-09
22,2,lumen,0.018421052631578949,0.0025000000000000001,0.017894736842105262,0.018947368421052629,0.002,0.0030000000000000001,1000026.3767736875,1.2924541928349815,12.604798336545098,3035.6720400913614,0.1762986581379935,1173,1173,4.0730774822118458e-05,0.24242463679696455,0.59999999999999998,2,500000,0.00035,0.0001,0.038385772318379079,0.2155988526540692,6.3981931693833684e-18,0.18626653686464148,0.076951421694849781,0.48355125528158643,2.2900220582148268e-05,0.030159254445284767,0.097021780053375348,2.5204054821656881e-18,0.053349363403518583,0.48112953976886064,0.33833283698071798,7.2253482428129733e-06,0.27040204562204762,0.0011294670024764504,4.8759616683717861e-10,0.0016300638344247866,1.8879190818848298e-05,0.41458364354494531,5.671566558927473e-05,1.2879722695404391e-06,3.5869605490250112e-10,2.4299749504857727e-12,1.5486098528914834e-10,3.767867964234448e-11,6.2301510873219613e-08,0.31217783382465569,nan,nan,nan,nan,nan,nan,nan,nan,nan,nan,nan,nan,nan,nan,0,0,0,0,0,0,0,3.4719919918715769e-11,9.5751776327219942e-13,2.695268233793433e-12,-1.9512065250365304e-10,3.1009808436344155e-15,2.3210537788628804e-10,-6.4115042527481601e-13,1.1366146739077987e-13,1.1200921873408667e-16,1.6617706130480553e-18,4.545528046130832e-18,-4.8669203877418791e-18,-1.2623317103848157e-13,-7.4706796401290627e-11,nan,nan,nan,nan,nan,nan,nan,nan,nan,nan,nan,nan,nan,nan,-7.6608599505756381e-08,6.7223122679482827e-08,-8.6351025701326814e-22,9.1506855494558692e-09,2.3895150151609368e-07,-8.5561548734958137e-08,0,0.0086295213356740695,0.049309827223952295,1.4392648824264715e-18,0.042528807959057273,0.017547461188391927,0.1100826828920977,5.2214213636925708e-06,-0.00016714257321690849,0.00022267679011586056,-5.9472061240060969e-21,1.0383543283371383e-05,0.00013831551174604408,-0.00032269811245847326,-6.2557706834669471e-09
22,3,support,0.018421052631578949,0.0035000000000000001,0.017894736842105262,0.018947368421052629,0.0030000000000000001,0.0040000000000000001,1000216.5024611055,1.2946785584274954,12.624091600115889,3044.2277558201245,0.17679309625667491,1173,1173,4.0704006003871996e-05,0.24180059344547883,0.40000000000000002,2,300000,0.00033700000000000001,0.0001,0.041693850099835665,0.21022047450322304,6.5120760003639672e-18,0.18568884742851607,0.076135041134400935,0.4886430851335577,2.2997311077106037e-05,0.032808513546208722,0.09474625227948999,2.5691931975595673e-18,0.053265309801575379,0.47675383594209747,0.34241882134272877,7.2670878997183082e-06,nan,nan,nan,nan,nan,nan,nan,nan,nan,nan,nan,nan,nan,nan,0.27080426722006867,0.001160492708898192,5.3369925999010737e-10,0.0016599260407560857,1.8946553748711166e-05,0.41225329955111167,5.8013537117553825e-05,1.2390614157332506e-06,3.5087102744047166e-10,2.4767705426282775e-12,1.6606333260639626e-10,4.0258594569930513e-11,6.2244478307805974e-08,0.31404375198903639,0,0,0,0,0,0,0,nan,nan,nan,nan,nan,nan,nan,nan,nan,nan,nan,nan,nan,nan,-4.5809839439387109e-11,1.1462683366831854e-12,1.5124697641091508e-12,-4.4836114048752578e-10,2.1051411482064797e-15,6.146677199343753e-11,-7.8724847694015882e-13,1.2960162457109625e-13,1.2236837294918327e-16,1.9090465458765211e-18,4.8341386513797315e-18,-5.1470454963862226e-18,-1.3882212415739702e-13,4.3083980817455127e-10,-8.5609648179090642e-08,7.8642333645184692e-08,2.4323467040575025e-22,6.9043422315946532e-09,2.6375220996133208e-07,-9.2064209478159853e-08,0,0.0094175173420728113,0.048293438029849263,1.4954525917209107e-18,0.042709673222249153,0.017414404236635147,0.11175280340434657,5.2703935335867919e-06,-4.5791829303858996e-06,-2.3410446565258521e-05,-3.0485406053510392e-20,-0.00022369839670654106,0.00014375957482882295,-0.0001921062869747963,-1.2474205541591855e-08
22,4,support,0.018421052631578949,0.0045000000000000005,0.017894736842105262,0.018947368421052629,0.0040000000000000001,0.0050000000000000001,1000143.7746809975,1.8630611078046493,18.167570784441494,2313.3212330306151,0.11273618147336853,1173,1173,4.2928659615958933e-05,0.18370687802730809,0.40000000000000002,2,300000,0.00033700000000000001,0.0001,0.031851938077479859,0.16264438801633233,2.4329625918531234e-17,0.32630007628317709,0.030174777630101113,0.44800457927628146,2.4210090896481368e-05,0.036070082880026347,0.10549280371220585,1.381368213744292e-17,0.13470153225120496,0.27192579786688681,0.45179877356401749,1.1009725658562901e-05,nan,nan,nan,nan,nan,nan,nan,nan,nan,nan,nan,nan,nan,nan,0.22013072225821295,0.0028895069825484987,6.3151010724983674e-10,0.0023572494836472768,5.2515183477081511e-05,0.43643324042070997,0.00010908745734675379,6.419275673833869e-07,3.1754244455503319e-10,2.2775138290814875e-12,1.7421728651368277e-10,4.9089999852539483e-11,1.3030567497147388e-07,0.33802690480616904,0,0,0,0,0,0,0,nan,nan,nan,nan,nan,nan,nan,nan,nan,nan,nan,nan,nan,nan,3.4383741287730223e-11,5.8499532075099534e-12,9.2870211110049308e-13,2.0161182470158121e-10,1.1810864786188091e-14,6.5143649155552374e-11,-4.9365572681536863e-12,6.5239176907927465e-13,3.658524899327478e-17,1.0432560536175333e-18,9.7197323829560537e-18,-2.2627004235334131e-17,7.589262505111505e-14,-3.0372150689904595e-10,-1.4723990141322571e-07,1.5379867879250497e-08,5.3321134003521642e-23,1.3179322096716141e-07,5.73495726262363e-07,-2.7923415424346842e-07,0,0.0065538730260103388,0.034301986030078065,5.0975988821908871e-18,0.068664664883817964,0.006328221893925727,0.093905834393074844,5.0864985504685206e-06,0,0,0,0,0,0,0
23,0,lumen,0.019473684210526313,0.00050000000000000001,0.018947368421052629,0.019999999999999997,0,0.001,1000013.2986173157,1.2873521474429876,12.555204285449234,3031.0358416643408,0.1776397761404491,1173,1173,4.0768605743997408e-05,0.24316387320963812,0.59999999999999998,2,500000,0.00035,0.0001,0.034194231318319071,0.22279959914472461,5.9929826486264379e-18,0.18779578992564966,0.078121269851513075,0.47819253483818813,2.2852117600380955e-05,0.026760304156666585,0.099867707318037055,2.3514945131776219e-18,0.05357573465572589,0.48652207441689133,0.33326699765030537,7.1818023736644004e-06,0.26991319842638345,0.0010921424165033864,4.2945956465747222e-10,0.0015938371171675245,1.879070742715684e-05,0.41744165681647716,5.5147530438989979e-05,1.3509531249951659e-06,3.6854531997985088e-10,2.3742708935959049e-12,1.4080108866868004e-10,3.4469026990218284e-11,6.2355190239022169e-08,0.30988381270163767,nan,nan,nan,nan,nan,nan,nan,nan,nan,nan,nan,nan,nan,nan,0,0,0,0,0,0,0,5.9442399357743361e-12,7.4956299296044298e-13,6.6516290762681732e-14,-9.8374530559063313e-12,6.3957628256006149e-15,2.6483090893869576e-12,-6.0121881794839339e-13,8.1456976580573937e-14,2.0563369850041356e-18,1.0089698760539564e-18,3.4076033879921523e-18,-3.5922454035553204e-18,-1.2194411715600028e-14,9.5459742337404334e-13,nan,nan,nan,nan,nan,nan,nan,nan,nan,nan,nan,nan,nan,nan,-6.5504271468813657e-08,5.9845499111865763e-08,-4.9789009013948594e-23,5.6559818682609611e-09,2.0216599240507893e-07,-7.115041045224757e-08,0,0.007512258720636226,0.051471402077733354,1.3481484474111147e-18,0.043071135123443662,0.017919567973097864,0.10906758728603891,5.2305415596737095e-06,-5.053603118006802e-05,6.8338786040885913e-05,-3.1840238532873445e-21,4.4926362657218624e-06,4.3756575101702994e-05,-0.00010388861056997355,-2.2373284454880595e-09
23,1,lumen,0.019473684210526313,0.0015,0.018947368421052629,0.019999999999999997,0.001,0.002,1000013.273973914,1.2891377423136068,12.572619028784162,3030.8763132692488,0.17732516611027016,1173,1173,4.076071456780635e-05,0.2429657505581958,0.59999999999999998,2,500000,0.00035,0.0001,0.035164827930825419,0.22093887734233694,6.0508091167778204e-18,0.18740898968718006,0.077793539489580066,0.47939883628559998,2.2867649144263123e-05,0.027558061758213331,0.099171022258924518,2.3774772748653512e-18,0.053539544863692765,0.48515304310672941,0.33457113136060601,7.1966518341607614e-06,0.2700219586138648,0.0011015031692849261,4.43064165526687e-10,0.0016029756112719471,1.8819510042048727e-05,0.4167520461554024,5.5541892377317605e-05,1.3349597721063582e-06,3.6612177901366543e-10,2.3857391484014438e-12,1.4405741561341401e-10,3.5209937520100605e-11,6.2362956701797171e-08,0.31044575673418512,nan,nan,nan,nan,nan,nan,nan,nan,nan,nan,nan,nan,nan,nan,0,0,0,0,0,0,0,4.7631036445422153e-12,7.3610999072232506e-13,-6.5979376356960038e-15,-5.3930913961076124e-12,5.5985489681720235e-15,1.5593481367259798e-12,-5.7383098279032556e-13,7.8625474186910793e-14,1.7944523785516713e-17,1.057005320512419e-18,3.2856301265996503e-18,-3.4468796133803122e-18,-2.9192255848770641e-14,-1.1398105583124249e-12,nan,nan,nan,nan,nan,nan,nan,nan,nan,nan,nan,nan,nan,nan,-6.8100810382814431e-08,6.1547879515178039e-08,6.0135999695743919e-23,6.5513231935366496e-09,2.1085175416768465e-07,-7.4646807124434389e-08,0,0.0077188344093563881,0.051048157301378128,1.3651623668324716e-18,0.042971896110570763,0.01784174937345932,0.1092835270625676,5.2319309484981069e-06,-0.00010518423681633274,0.00013692958329620909,-8.358155999214015e-21,-1.7933925866209862e-06,9.9316972310260675e-05,-0.00022554812906936127,-5.2249559179880107e-09
23,2,lumen,0.019473684210526313,0.0025000000000000001,0.018947368421052629,0.019999999999999997,0.002,0.0030000000000000001,1000013.2065546839,1.291831848618243,12.598894783553041,3033.2673596128748,0.17640201287167356,1173,1173,4.0748596558561525e-05,0.24246648025697887,0.59999999999999998,2,500000,0.00035,0.0001,0.037208745893846727,0.21737210903180301,6.2117197792194031e-18,0.18706868457852746,0.077132295739623852,0.48245750307244162,2.2930115175565156e-05,0.029220786295863381,0.09777394968121049,2.4458029852897238e-18,0.053554015640040427,0.48203456271697293,0.33740945427396113,7.231391951732122e-06,0.27017769165004796,0.0011222903195863578,4.7158531599028526e-10,0.0016227302021831435,1.8904493321873966e-05,0.41537267147007118,5.6407894406397398e-05,1.3016389005484306e-06,3.611721993355061e-10,2.4103195480426034e-12,1.508772027964424e-10,3.6773140721626462e-11,6.2443037945769659e-08,0.31162793886562518,nan,nan,nan,nan,nan,nan,nan,nan,nan,nan,nan,nan,nan,nan,0,0,0,0,0,0,0,-4.8570542431757864e-12,8.6617398840120642e-13,-5.8059273123122104e-13,4.3773578029829043e-11,3.4291688412457777e-15,-5.4282266615662822e-11,-5.8273860590853536e-13,9.7730851189581358e-14,1.0589690609867988e-16,1.6939242188260682e-18,3.1730029204544434e-18,-3.0491639531903279e-18,-1.1689675789789038e-13,1.5678708238257603e-11,nan,nan,nan,nan,nan,nan,nan,nan,nan,nan,nan,nan,nan,nan,-7.3615100211824047e-08,6.6111099983334753e-08,1.3047807401245238e-22,7.5588787396370601e-09,2.2840877168806006e-07,-8.1218405389993364e-08,0,0.0081342977770170362,0.050127481404812019,1.3942547209275181e-18,0.042750610770243912,0.017651337590146372,0.10959763260087307,5.2288124051457513e-06,-0.00017015291240800678,0.00021490401642126821,-1.7552694523084485e-20,-3.8179720295282304e-05,0.00017582846294475469,-0.00037566220627983221,-9.3341083922492077e-09
23,3,support,0.019473684210526313,0.0035000000000000001,0.018947368421052629,0.019999999999999997,0.0030000000000000001,0.0040000000000000001,1000108.4499323897,1.2987922742504483,12.665571680258457,3032.0837692423174,0.17664334424389327,1173,1173,4.073869657584286e-05,0.24148400232968492,0.40000000000000002,2,300000,0.00033700000000000001,0.0001,0.040429758654040214,0.2113693129857917,6.5428484699413925e-18,0.18715838050594608,0.075841299342266424,0.48667342161177463,2.3005877668549505e-05,0.031918344838764323,0.095577050504410205,2.5898154975033462e-18,0.05386325260422066,0.47647490731320136,0.34215915105748412,7.2936819193559727e-06,nan,nan,nan,nan,nan,nan,nan,nan,nan,nan,nan,nan,nan,nan,0.27031694577826493,0.0011586071846923791,5.1840822972626665e-10,0.0016560776953162379,1.907986363456311e-05,0.41320275088843694,5.7899200078951022e-05,1.2481858755714119e-06,3.5327259215255993e-10,2.4532117982273734e-12,1.6209094598055192e-10,3.9373379234695355e-11,6.2659964148326965e-08,0.31358732746813761,0,0,0,0,0,0,0,nan,nan,nan,nan,nan,nan,nan,nan,nan,nan,nan,nan,nan,nan,-1.0469217238770619e-12,1.0577623855686402e-12,-3.0317643754257424e-13,2.6188746729790566e-11,2.8180040766156988e-15,-2.8351608387378047e-11,-6.8889001214548517e-13,1.2161170508118158e-13,1.5312344510435662e-16,2.1506862348009382e-18,3.1065021228491549e-18,-2.789797765967441e-18,-1.6226869596099049e-13,3.1819545995950034e-12,-8.2856649508047248e-08,8.1821487696309703e-08,-1.6790592412630609e-22,1.0638543501238632e-09,2.4963574916936349e-07,-8.3947083562296854e-08,0,0.0088487220542989697,0.049240159006870295,1.4598019114145243e-18,0.042960921463558149,0.017558262735312368,0.11116778078781793,5.2770730829194638e-06,-3.7440512214893664e-06,-2.4381350334703809e-05,-3.0423712480803097e-20,-0.00022519649183447296,0.00014440209073709402,-0.00019232085196192945,-1.2553298213506606e-08
23,4,support,0.019473684210526313,0.0045000000000000005,0.018947368421052629,0.019999999999999997,0.0040000000000000001,0.0050000000000000001,1000071.1754882307,1.869987678266259,18.236438737913112,2301.8176107452982,0.11242929287541983,1173,1173,4.2964503968906989e-05,0.18340787884808063,0.40000000000000002,2,300000,0.00033700000000000001,0.0001,0.030420565462989289,0.16396627719583484,2.4183022483225049e-17,0.32733927904289267,0.030051999495290738,0.44568877905195403,2.4207523457939209e-05,0.034579740599543704,0.10675333699269982,1.3782492906210044e-17,0.13564277099634978,0.27184595622404034,0.45116714489904258,1.1050288323837371e-05,nan,nan,nan,nan,nan,nan,nan,nan,nan,nan,nan,nan,nan,nan,0.21960343143578889,0.0028799208888144537,6.040340110773797e-10,0.0023485747519511805,5.2961123637466384e-05,0.43772667824686645,0.00010870565280662261,6.4882767427621729e-07,3.2054375028153078e-10,2.2068403165682735e-12,1.6689253351285985e-10,4.7075798856857777e-11,1.3139087346723262e-07,0.33727894654083368,0,0,0,0,0,0,0,nan,nan,nan,nan,nan,nan,nan,nan,nan,nan,nan,nan,nan,nan,3.0286486546003731e-12,4.9523779303119067e-12,5.117988535220733e-13,-1.3430805684636499e-11,6.7179335011546826e-15,-4.5941229119550453e-11,-4.168754205039761e-12,6.0588253164572947e-13,1.9852822220846188e-17,7.2388169665899177e-19,9.0492870385441277e-18,-2.1350938437420444e-17,1.1083010706001026e-13,5.4324211179210974e-11,-1.4043377709197294e-07,-1.5794988539319377e-08,8.9091369900802285e-23,1.5627347159717316e-07,5.7757407743996847e-07,-2.9669360146478141e-07,0,0.005838905310815652,0.034139062324671655,5.3178714159516223e-18,0.070625778846310924,0.0060525382075490314,0.092037936341969939,5.0747527960437344e-06,0,0,0,0,0,0,0
24,0,lumen,0.020526315789473684,0.00050000000000000001,0.019999999999999997,0.021052631578947371,0,0.001,1000000,1.285201359012403,12.534394903849714,3024.6499802223743,0.17810373821697997,1173,1173,4.0801386150517518e-05,0.24355479140005604,0.59999999999999998,2,500000,0.00035,0.0001,0.031089748510196299,0.22762048215670636,5.7637407836223127e-18,0.18877069347836947,0.078784471183299454,0.47463468251922142,2.2868464302301242e-05,0.024290418580575561,0.10185951487171849,2.2577974593832823e-18,0.053764603111442003,0.48983912405875168,0.33023916434966727,7.1750278450471535e-06,0.26950377642172368,0.0010696297714640228,3.8790822650778773e-10,0.001571602319864593,1.8770129224490214e-05,0.41941412502818487,5.4194196175401481e-05,1.3931259070121241e-06,3.7532057391636799e-10,2.3323833877786102e-12,1.3068923874395712e-10,3.2182994509934735e-11,6.2498541346675284e-08,0.30836644558048076,nan,nan,nan,nan,nan,nan,nan,nan,nan,nan,nan,nan,nan,nan,0,0,0,0,0,0,0,-1.8931871362019996e-12,5.7113194299257511e-13,-5.3012929695743976e-13,2.0986458800394857e-11,5.6855561925139853e-15,-2.5616387700280741e-11,-4.6895074081104078e-13,6.5513566793740097e-14,-1.0682548333790027e-17,7.2126851031931458e-19,2.8839444744520289e-18,-3.0642468291031052e-18,4.1770739884889897e-15,6.8756943738272532e-12,nan,nan,nan,nan,nan,nan,nan,nan,nan,nan,nan,nan,nan,nan,-5.7809942600973649e-08,5.1499709663449522e-08,3.2672007093430516e-22,6.3363040351707425e-09,1.797689477556208e-07,-6.4167809732396108e-08,0,0.0071164175176209321,0.052102138621612171,1.3193154607263514e-18,0.043209454378260521,0.018033699779252212,0.1086434831739625,5.2345724156826885e-06,-4.3838874859093036e-05,6.0848028658783338e-05,-5.1670791094051939e-21,4.0119679913576998e-06,3.6390437514216929e-05,-8.7451420406095e-05,-1.9146603793953294e-09
24,1,lumen,0.020526315789473684,0.0015,0.019999999999999997,0.021052631578947371,0.001,0.002,1000000,1.2852718454094612,12.535082348139966,3027.9501465622257,0.17782591051633251,1173,1173,4.0793916621932782e-05,0.24339916680854987,0.59999999999999998,2,500000,0.00035,0.0001,0.031972118200835023,0.22622298171183924,5.8707869780634551e-18,0.18864711780302468,0.078598048264043471,0.47618029742140439,2.2907609002465132e-05,0.024981183973816094,0.10123968956799953,2.2998561853369955e-18,0.05373235375491775,0.48870684890519073,0.33133273609431502,7.1877037608233506e-06,0.26961203463911998,0.001077335568913406,3.9956168075179251e-10,0.0015792662348899751,1.8790299313894922e-05,0.41880914746047176,5.4521499864983548e-05,1.3790395456130357e-06,3.7318655969644815e-10,2.341521270368538e-12,1.3346838342876251e-10,3.2809858304351642e-11,6.2493383487564899e-08,0.30884746182312678,nan,nan,nan,nan,nan,nan,nan,nan,nan,nan,nan,nan,nan,nan,0,0,0,0,0,0,0,9.1409082153801644e-12,7.3521898893265298e-13,3.2416890160632456e-13,-2.6136637104771488e-11,4.7844757669612825e-15,2.8558426890673561e-11,-5.4294939356508603e-13,8.3905105086046206e-14,3.97196816966874e-17,1.213088747712609e-18,3.5784114152711333e-18,-3.7067577090800958e-18,-5.2243233047641019e-14,-1.2115641909373311e-11,nan,nan,nan,nan,nan,nan,nan,nan,nan,nan,nan,nan,nan,nan,-5.9996703868914203e-08,5.3366607188909398e-08,2.133329501544177e-23,6.6011775880534715e-09,1.8658610469179937e-07,-6.6571481549537737e-08,0,0.0073073758430062773,0.051704311278655622,1.341795581808411e-18,0.043116173374167586,0.017963948324734781,0.10883321462892116,5.2356402411046679e-06,-8.9701123095201825e-05,0.00012376482667054075,-6.4293824225962249e-21,8.1501945738455202e-06,7.2191030466164422e-05,-0.00017278876985055052,-3.6002054392686192e-09
24,2,lumen,0.020526315789473684,0.0025000000000000001,0.019999999999999997,0.021052631578947371,0.002,0.0030000000000000001,1000000,1.289149472060573,12.572900316035733,3025.8472812293544,0.17706635582259231,1173,1173,4.0778098685606543e-05,0.2430963053664619,0.59999999999999998,2,500000,0.00035,0.0001,0.033681180906311566,0.22273291238728787,5.9864852635415581e-18,0.18785012442517976,0.078000508449150852,0.47784886253997222,2.291453578629742e-05,0.026395944029260199,0.099978532829192834,2.3522558429253362e-18,0.053666770177752156,0.48645467129527609,0.33349687009970208,7.2115688167547174e-06,0.26984470323560811,0.0010928529052047253,4.2353122285054896e-10,0.0015946316198586546,1.8823520893907644e-05,0.41756369328159715,5.5179215865653933e-05,1.3510732804893605e-06,3.6885576777128791e-10,2.3617085539765908e-12,1.3921447580602801e-10,3.4109929338366382e-11,6.2459403805511269e-08,0.30982870172021448,nan,nan,nan,nan,nan,nan,nan,nan,nan,nan,nan,nan,nan,nan,0,0,0,0,0,0,0,5.9688716807068373e-12,8.1792769675816873e-13,7.1042846727665921e-14,-1.1589900556355401e-11,3.5260423053573575e-15,2.0174747506276902e-11,-5.5134547183649569e-13,9.661629135626626e-14,9.3465822337237368e-17,1.6152066081926379e-18,3.4290025633635962e-18,-3.3591183256343273e-18,-1.0495921065809126e-13,-1.4886508781183516e-11,nan,nan,nan,nan,nan,nan,nan,nan,nan,nan,nan,nan,nan,nan,-6.4512757669797638e-08,5.8292766613732283e-08,9.9276898358430968e-24,6.1997499325869595e-09,1.9973522200067428e-07,-7.0700915177912549e-08,0,0.0076882347302221678,0.050842128051946794,1.3665050534644e-18,0.042879608488180565,0.017804785993158961,0.10907617019118625,5.2305864912865146e-06,-0.00013790810169973076,0.00019730869053302227,-8.3289806859257225e-21,1.6995635394230204e-05,9.4427314612085931e-05,-0.00023315351738860223,-3.8046245885984388e-09
24,3,support,0.020526315789473684,0.0035000000000000001,0.019999999999999997,0.021052631578947371,0.0030000000000000001,0.0040000000000000001,1000000,1.290172567422933,12.582878426629993,3033.7323541377004,0.17790050291592341,1173,1173,4.0748063942571714e-05,0.24277399918707018,0.40000000000000002,2,300000,0.00033700000000000001,0.0001,0.036431523749246297,0.21807863455891463,6.1546845125649479e-18,0.18722205261485711,0.077464726238932233,0.48166250450998177,2.2976587574942347e-05,0.028574046888590006,0.097967045558739488,2.4202652345730112e-18,0.053529785426546184,0.48349664316302515,0.33642524212685099,7.2368362481681294e-06,nan,nan,nan,nan,nan,nan,nan,nan,nan,nan,nan,nan,nan,nan,0.27033801960416004,0.0011146154838248678,4.6072032670943107e-10,0.0016164967339426836,1.8812431311739805e-05,0.4155114392322089,5.6106667146555781e-05,1.3107710689388635e-06,3.6209545873341754e-10,2.3972278880638277e-12,1.4823847483986805e-10,3.6155003252147927e-11,6.2231699364831732e-08,0.3113431358350312,0,0,0,0,0,0,0,nan,nan,nan,nan,nan,nan,nan,nan,nan,nan,nan,nan,nan,nan,7.4236372265271956e-12,9.6445006834358395e-13,1.1497329795165377e-13,-1.7904003206608393e-11,2.7955068815366246e-15,3.3939872180061004e-11,-6.1862008922290462e-13,1.1798613301639005e-13,1.4146128533098503e-16,2.0687851032578239e-18,3.3006775500683614e-18,-2.9963745628110295e-18,-1.4975217171939269e-13,-2.3891472226228583e-11,-7.154174769524041e-08,7.1839475923596297e-08,6.4834557857838622e-23,-3.3175420901894576e-10,2.1428989714633584e-07,-7.1192055417501621e-08,0,0.0083618488937438531,0.050053920381887849,1.4126376441720572e-18,0.042971645224539487,0.017779885899463284,0.11055230926425383,5.2736403428504742e-06,-0,-0,-0,-0,0,-0,-0
24,4,support,0.020526315789473684,0.0045000000000000005,0.019999999999999997,0.021052631578947371,0.0040000000000000001,0.0050000000000000001,1000000,1.9367141335399873,18.888510812275804,2231.8141802694045,0.10754937488499747,1173,1173,4.322974684208167e-05,0.17803626273479578,0.40000000000000002,2,300000,0.00033700000000000001,0.0001,0.025021761143719862,0.16259827719917377,2.6911552660492389e-17,0.34937350932072325,0.02728091294144586,0.43427080850880212,2.436360101503653e-05,0.029459814617299459,0.10964795847675875,1.5885966416739801e-17,0.14994990361806046,0.25560308485280508,0.45532771923254312,1.1519202533128692e-05,nan,nan,nan,nan,nan,nan,nan,nan,nan,nan,nan,nan,nan,nan,0.21380382323434635,0.0031038143594941834,5.1666427250003382e-10,0.0023797449591691868,5.8622879151064084e-05,0.44188304488029589,0.00011359869559087648,6.2335686670097678e-07,3.205175570973651e-10,1.9667188693915447e-12,1.429437543515026e-10,4.1166475840429305e-11,1.4101847609501524e-07,0.33865658559334971,0,0,0,0,0,0,0,nan,nan,nan,nan,nan,nan,nan,nan,nan,nan,nan,nan,nan,nan,-2.1393008161600222e-12,4.3929513734044483e-12,-7.3549033700300695e-14,1.3990388240614703e-11,1.0289078616887437e-15,-1.0380900956549755e-10,-3.694145500694878e-12,6.4240951967720061e-13,1.7941774650750893e-17,8.3502721876313729e-19,5.3125283998378771e-18,-1.6226469679093468e-17,2.0220507926567731e-13,9.0487186471364019e-11,-1.2377346686378438e-07,-3.0543697071561127e-08,-3.2701871356968962e-23,1.5442020083998496e-07,5.257438973338413e-07,-2.7820799131106355e-07,0,0.0052118425405592731,0.033867984482019498,5.6054717404917142e-18,0.07277184479395625,0.0056824066778052443,0.090455306519354114,5.074752791461708e-06,0,0,0,0,0,0,0
