axial_index,radial_index,region,z,r,z_left,z_right,r_inner,r_outer,pressure,density,mean_molecular_weight,cp_mass,velocity_axial,gas_temperature,solid_temperature,viscosity,thermal_conductivity,porosity,tortuosity,specific_surface_area,particle_diameter,pore_radius,Y_CH4,Y_CO,Y_O2,Y_CO2,Y_H2,Y_H2O,Y_AR,X_CH4,X_CO,X_O2,X_CO2,X_H2,X_H2O,X_AR,theta_H(s),theta_O(s),theta_CH4(s),theta_H2O(s),theta_CO2(s),theta_CO(s),theta_OH(s),theta_C(s),theta_HCO(s),theta_CH(s),theta_CH3(s),theta_CH2(s),theta_COOH(s),theta_Ni(s),wdot_CH4,wdot_CO,wdot_O2,wdot_CO2,wdot_H2,wdot_H2O,wdot_AR,sdot_H(s),sdot_O(s),sdot_CH4(s),sdot_H2O(s),sdot_CO2(s),sdot_CO(s),sdot_OH(s),sdot_C(s),sdot_HCO(s),sdot_CH(s),sdot_CH3(s),sdot_CH2(s),sdot_COOH(s),sdot_Ni(s),sdot_gas_CH4,sdot_gas_CO,sdot_gas_O2,sdot_gas_CO2,sdot_gas_H2,sdot_gas_H2O,sdot_gas_AR,axial_flux_CH4,axial_flux_CO,axial_flux_O2,axial_flux_CO2,axial_flux_H2,axial_flux_H2O,axial_flux_AR,radial_flux_CH4,radial_flux_CO,radial_flux_O2,radial_flux_CO2,radial_flux_H2,radial_flux_H2O,radial_flux_AR
0,0,lumen,0.0005263157894736842,0.00015000000000000001,0,0.0010526315789473684,0,0.00030000000000000003,1000227.4505381526,1.595456245072159,15.556730428223233,3041.2399199019937,0.14200771114369135,1173,1173,3.9659040057766451e-05,0.19214311059277375,0.59999999999999998,2,500000,0.00035,0.0001,0.17967717345324033,0.03300360740902003,9.8672251463968054e-17,0.081133413545649874,0.024633048102764222,0.68168665365259951,2.2784471527640369e-05,0.17423108841969506,0.018330175780829551,4.7972298792762238e-17,0.028679830108642106,0.19008417111118986,0.58866586219212136,8.8723875220282564e-06,0.25647408726460369,0.0075033030504181603,4.250688756274693e-09,0.0042800035004439008,2.3650216405080734e-05,0.26047115634284151,0.00023685774122410134,8.3826568006955419e-08,6.429064343560128e-11,1.4717461712199186e-11,1.2260133479568891e-09,3.7940694869593441e-10,4.9144235425791318e-08,0.47101080297809628,0,0,0,0,0,0,0,-3.2626890918741629e-10,4.14505371842584e-12,-3.2525110725981706e-11,-2.5316595826601402e-10,4.8917033618200989e-14,1.4633941957525876e-09,-3.6728512558398515e-12,-1.1310359116292745e-13,-5.7583318162929907e-16,2.8861749152749898e-18,-2.4405604976991234e-17,2.098488930287465e-17,-4.482074969769246e-13,-8.5139334889902253e-10,-1.7357090716062229e-06,7.3163046621083083e-07,2.6740306018438853e-22,1.0026482492787401e-06,6.2100384207453008e-06,-2.7381368660206462e-06,0,0.037427007878856215,0.010801138093010993,1.6112344920629239e-17,0.023195788883301514,0.0065959510770178609,0.14946793285831353,5.1863662837476825e-06,-7.8194460111824007e-07,8.8373037722519417e-07,7.2101011252993383e-21,4.0166667713906862e-06,-9.901381230244284e-07,6.4401312514829267e-07,1.3410388926896155e-10
0,1,lumen,0.0005263157894736842,0.00045000000000000004,0,0.0010526315789473684,0.00030000000000000003,0.00060000000000000006,1000227.3007714602,1.6002113477222513,15.603098091246126,3032.1937128815557,0.14202085302924081,1173,1173,3.9658719067955548e-05,0.19214827155234609,0.59999999999999998,2,500000,0.00035,0.0001,0.1791477069077306,0.032899871234137575,9.8334393714529323e-17,0.080859888525951121,0.024561597157355588,0.67965712331723394,2.2715919411917359e-05,0.17423544497308058,0.018327023136580339,4.7950534123101993e-17,0.028668335393161458,0.19009772307732703,0.5886626013618077,8.8720580429784376e-06,0.25648643204970401,0.0075028209064683434,4.2508478141156541e-09,0.0042800329247882525,2.3644614573258874e-05,0.26045335861214042,0.00023685094523826614,8.3819685919264411e-08,6.4282671369669181e-11,1.4717491908207646e-11,1.2260493814380401e-09,3.7941005252831549e-10,4.9134361458514275e-08,0.4710167210577379,0,0,0,0,0,0,0,-1.4811933805097011e-10,7.7708970792132035e-12,1.4231630062658811e-11,2.3162828801086802e-10,-1.2747832303650064e-14,-2.1159918093963462e-10,-7.0968109997616243e-12,-4.0569490041691969e-14,-3.092983862166949e-16,7.7322640259100339e-18,-4.6391429556759656e-17,5.7073406308746409e-17,-4.0838526102019623e-13,1.1364622713133068e-10,-1.7357815048531233e-06,7.3329256893017725e-07,8.9555767265320542e-22,1.0026867654566618e-06,6.210066690992555e-06,-2.7386859604572322e-06,0,0.037422989530073232,0.010803551626955257,1.610367534729883e-17,0.023203229302347601,0.0065958390763115535,0.1494667380223467,5.1864499119678024e-06,-7.4985126042127874e-07,1.2109934778323453e-06,7.2913109159093481e-21,6.6326638215650336e-06,-1.9302020293226575e-06,1.4440953026424116e-06,2.5032667089451762e-10
0,2,lumen,0.0005263157894736842,0.00075000000000000002,0,0.0010526315789473684,0.00060000000000000006,0.00090000000000000008,1000226.9973256608,1.5988405432061557,15.589736588057603,3034.7679137817436,0.14202848040661109,1173,1173,3.9658212712767511e-05,0.19215748269123914,0.59999999999999998,2,500000,0.00035,0.0001,0.17930554721368924,0.032920307269494575,9.8373499115970738e-17,0.080875616074085124,0.02458606433392619,0.6802312076133179,2.2733812541608545e-05,0.17423962163179837,0.018322703274878199,4.792852485978815e-17,0.028649356972252595,0.1901241402296365,0.58865530644840136,8.8714430329401139e-06,0.25650715413509378,0.0075017715845925193,4.2509971953701752e-09,0.0042800276751705502,2.3635707044653629e-05,0.26042831414484308,0.0002368342364648805,8.3813600998643987e-08,6.427269297100547e-11,1.4716994406703671e-11,1.2260727111202608e-09,3.7940159901803326e-10,4.9119290784164227e-08,0.4710221236484588,0,0,0,0,0,0,0,-5.6776923991517306e-11,-1.4637003190754644e-12,4.6796824603013385e-11,7.5454127766958786e-10,-5.2766168170959027e-14,-1.6504116845416673e-09,1.1189296932601107e-12,1.6954867414556429e-13,7.8098823320563215e-16,9.0673739630230591e-19,6.0071758599009742e-18,7.4077380139459062e-18,4.9614743932314908e-13,9.0558202185263434e-10,-1.7357750180489739e-06,7.3456987358111459e-07,1.223012688864235e-21,1.0028081455821589e-06,6.2100203187948066e-06,-2.7392908370504898e-06,0,0.037421644264630863,0.010803738228827624,1.6111728908845073e-17,0.023214330314770854,0.0065933923156820465,0.1494679272044582,5.1869478861745224e-06,-5.0118744364601418e-07,1.0558610320402684e-06,1.5459114669263022e-21,7.5907113164568481e-06,-2.2994199624488882e-06,1.7308291725396802e-06,2.522603936637312e-10
0,3,lumen,0.0005263157894736842,0.0010500000000000002,0,0.0010526315789473684,0.00090000000000000008,0.0012000000000000001,1000226.5399050905,1.5947881445312755,15.550230173114917,3042.4436062427226,0.14203737283027285,1173,1173,3.9657660840390944e-05,0.19216806542642723,0.59999999999999998,2,500000,0.00035,0.0001,0.17976396614625373,0.032997159004988494,9.8613821806545366e-17,0.081019611283874846,0.024652606869488357,0.68194921619731619,2.2789977169308819e-05,0.17424241416233144,0.018318936722115056,4.7923858595609708e-17,0.028627635347327873,0.19015561070826287,0.58864653223666796,8.8708232946880117e-06,0.25652930605394664,0.0075004470365623837,4.2510797154777099e-09,0.004279978334914095,2.362663482918879e-05,0.2604057610991829,0.00023681196105801891,8.3811797449683242e-08,6.4264999679843696e-11,1.4716076166493019e-11,1.2260729405658905e-09,3.7938301986468623e-10,4.9104537841034343e-08,0.47102393002768161,0,0,0,0,0,0,0,-4.9781719112123354e-10,2.3572925847304525e-12,3.16363248538506e-11,6.6605342610812428e-10,-9.2980094110184375e-15,-3.0231175971850294e-10,-2.1944332500208082e-12,2.6507875755532595e-14,8.2309558730178914e-17,3.305547524225979e-18,-1.6233272283204134e-17,2.4736898463739387e-17,-3.5423275985071274e-14,1.0229433548461888e-10,-1.7356572625491784e-06,7.3282967198717852e-07,6.7283690819361627e-22,1.0030982840836448e-06,6.21022527790005e-06,-2.7393900554617545e-06,0,0.037425722136693464,0.010797094387929466,1.6131311556148469e-17,0.0232265073399942,0.0065855985303237014,0.14948108520676465,5.1877726826653845e-06,-1.1784693794205639e-06,1.2659815812116037e-06,3.0496677706841123e-21,7.660461688128271e-06,-8.4866986555273016e-07,-1.6243980941274644e-06,7.3146733101331404e-11
0,4,lumen,0.0005263157894736842,0.0013500000000000001,0,0.0010526315789473684,0.0012000000000000001,0.0015,1000225.9257878596,1.5949081969306045,15.551410310957332,3042.203065165927,0.14203930028339995,1173,1173,3.9657166745585462e-05,0.19217419651898759,0.59999999999999998,2,500000,0.00035,0.0001,0.17975709991834854,0.03298652082302949,9.8587398505657154e-17,0.080951425021979856,0.024652241796903625,0.68190702922527291,2.2787786101183317e-05,0.1742489819321818,0.018314420565864676,4.7914653592453783e-17,0.028605713053546023,0.19016722582766882,0.58865478797714077,8.8706435979432397e-06,0.2565431251557998,0.0075002712211463228,4.2513378404247711e-09,0.0042801369021012942,2.3620201190744858e-05,0.26038083077521446,0.00023681356924581701,8.3797107294053321e-08,6.4252577259697094e-11,1.4716605377430297e-11,1.2261461270251081e-09,3.7939881590223743e-10,4.9092716514659671e-08,0.47103506334961354,0,0,0,0,0,0,0,2.7168272636374789e-10,-3.1072660860691806e-11,-3.6061137311714386e-11,-6.5782146461381493e-10,1.155623990597987e-13,8.0935869730411683e-10,2.9391369334510492e-11,-4.6934466946604858e-13,-1.6540706269925896e-15,-3.7155459951478768e-17,1.7769518486128333e-16,-2.7544952125859154e-16,-1.7206464770135458e-13,-3.8495038131061581e-10,-1.7356942588857283e-06,7.3124091802545532e-07,8.788102844750692e-22,1.0036805709304583e-06,6.2107198126187813e-06,-2.7387518012345069e-06,0,0.037422761302075384,0.010794750161058927,1.6154965788724818e-17,0.02326248865446023,0.0065754109675293876,0.14949086199212358,5.1891381177360379e-06,-1.2354097081823913e-06,2.9550057711818041e-07,-8.8195354541170122e-21,2.3818991408703821e-06,3.0788280874307222e-06,-8.4837446190150661e-06,-4.1107199623749684e-10
0,5,lumen,0.0005263157894736842,0.00165,0,0.0010526315789473684,0.0015,0.0018,1000225.1388554224,1.594645959065778,15.548865551388761,3042.7454010914498,0.14203778069773412,1173,1173,3.9657219595754771e-05,0.19216531805749998,0.59999999999999998,2,500000,0.00035,0.0001,0.17979362332532217,0.032990020508701673,9.8658315998710779e-17,0.080945381045761572,0.02465081298298339,0.68206859337872705,2.2794110262809871e-05,0.17425586711229002,0.018313366420112824,4.794127417308521e-17,0.028598896745812879,0.19012508770081216,0.58869791036750918,8.8716534628275707e-06,0.25652438837157349,0.0075027685041729065,4.2516645955907274e-09,0.0042806103375551702,2.362663972155048e-05,0.26037857305650741,0.00023686608313564075,8.3770859187626024e-08,6.4244133661841093e-11,1.4719576365249512e-11,1.2262922460878135e-09,3.7946912673948691e-10,4.910071522507909e-08,0.47105302819932127,0,0,0,0,0,0,0,1.0457556164939572e-09,-5.3253007147255036e-11,-1.5900234184529441e-10,-3.0412149112600834e-09,2.7852362343566694e-13,3.9886945931485313e-09,5.0663075687991455e-11,-1.0062497710072726e-12,-3.7376412868453566e-15,-6.6475573559689334e-17,3.066992134539677e-16,-4.9337256953460668e-16,-8.3504746583287296e-13,-1.830075928319297e-09,-1.7359924878376787e-06,7.2734983813660392e-07,9.5236541154917315e-22,1.0048145242165553e-06,6.2127190649657882e-06,-2.737922659590275e-06,0,0.037418824920585687,0.010790226920219879,1.6200011909792006e-17,0.02332502991918001,0.0065573401424696906,0.14950771079053771,5.1913629419885316e-06,-1.2286982896622796e-06,-2.0475005227272801e-06,-2.7989471318990524e-20,-1.1306349395652755e-05,1.1778967277008461e-05,-2.2638910498016987e-05,-1.4020866225714455e-09
0,6,lumen,0.0005263157894736842,0.0019499999999999999,0,0.0010526315789473684,0.0018,0.0020999999999999999,1000224.1635643486,1.599957865055375,15.600675402333561,3032.8067048780285,0.14200807985216823,1173,1173,3.9658577850558207e-05,0.19212243875783394,0.59999999999999998,2,500000,0.00035,0.0001,0.17920356876263716,0.03289357505222313,9.8503964825019335e-17,0.080767832152991728,0.02454811350106845,0.67993591144877485,2.2727232255951905e-05,0.1742627131587399,0.01832067073231097,4.8025763518907721e-17,0.028631251161557496,0.18996386432034276,0.5888126255288455,8.875098203217792e-06,0.25643227327002432,0.0075110887602440127,4.2521054560139938e-09,0.0042817203982316483,2.3662207951386892e-05,0.26043023852876107,0.00023702809862938398,8.3722542563275025e-08,6.4246619496605627e-11,1.4727790578347715e-11,1.2265855776300018e-09,3.7965583424607824e-10,4.9153831639916379e-08,0.47108384992243196,0,0,0,0,0,0,0,-3.6157517165400016e-10,-1.4094904283804001e-13,7.9251329504095752e-11,1.5883453417272715e-09,-7.6673801856219637e-14,-2.7323633918592202e-09,-1.2179891907858147e-13,2.0314040163546543e-13,8.5351293986252935e-16,8.7303319846079681e-19,4.4826654473534931e-18,5.1995770939889143e-18,5.1758256377970835e-13,1.4259601235635181e-09,-1.7373247232083111e-06,7.3308761290580282e-07,1.6377157114810142e-21,1.0068895774552976e-06,6.2188065572538198e-06,-2.7457233695571404e-06,0,0.037404456198467322,0.010790805165617647,1.6270405912745155e-17,0.023442449944125626,0.0065302632553320668,0.14952235755038198,5.1948221276357026e-06,1.0496260351557986e-07,-8.0593882544798478e-06,-8.2393488854374803e-20,-4.1512423776035759e-05,2.8098555392072794e-05,-4.6974447763223093e-05,-3.1905168465112252e-09
0,7,lumen,0.0005263157894736842,0.0022499999999999998,0,0.0010526315789473684,0.0020999999999999999,0.0023999999999999998,1000222.9517853684,1.5978430264566379,15.580073165597161,3037.2034148251778,0.14195206752195011,1173,1173,3.966270151988524e-05,0.19201323206472143,0.59999999999999998,2,500000,0.00035,0.0001,0.17943993551653209,0.032988772598712253,9.9145151135071118e-17,0.081210280681525207,0.0245307948908399,0.68110987267981749,2.2777390377307105e-05,0.17426212829131749,0.018349428444526375,4.827453930553773e-17,0.028750076457471074,0.18957915635393982,0.58905032751385644,8.8829388886060933e-06,0.25619183718208099,0.0075299372000272513,4.2524087436874169e-09,0.0042837692123405676,2.3758761856247419e-05,0.26061352737079296,0.00023738206168877552,8.3656898245515683e-08,6.4287053661946933e-11,1.474459660064438e-11,1.2270477596404374e-09,3.8002819654040717e-10,4.9304431637982223e-08,0.4711196493113694,0,0,0,0,0,0,0,-1.0485534070560156e-09,5.4127902383752598e-12,1.4310952666655944e-10,2.6575603520597039e-09,-9.4800686398222034e-14,-3.1819348981837123e-09,-5.2218142520789839e-12,1.6655264407222647e-13,6.1641308292807214e-16,5.8281002528724052e-18,-2.6150748447144371e-17,4.1952353012170104e-17,2.4184931517780319e-13,1.4293133301424492e-09,-1.7395249463196538e-06,7.3182856649700589e-07,1.0037238098733493e-21,1.0107348909439736e-06,6.2294073390894988e-06,-2.7527744593802694e-06,0,0.037388057239089688,0.010789250187790391,1.6423349058539923e-17,0.023629094378196158,0.0064855080875669139,0.14954214707104868,5.200281466648177e-06,8.2180922199015897e-07,-1.9732871947347103e-05,-1.5773505777044028e-19,-9.4521881362906647e-05,5.7626819104342012e-05,-8.9411042964876111e-05,-6.258232569540147e-09
0,8,lumen,0.0005263157894736842,0.0025499999999999997,0,0.0010526315789473684,0.0023999999999999998,0.0026999999999999997,1000221.3710367468,1.6010817862988522,15.611677983763492,3031.8530513185979,0.14183664023085113,1173,1173,3.9671639765652449e-05,0.19178472422393225,0.59999999999999998,2,500000,0.00035,0.0001,0.17907196273797601,0.033048390699942025,9.9921133175314668e-17,0.081809199288139969,0.024379178537118552,0.68025359226065818,2.2770657823638014e-05,0.17425754648044486,0.018419879810392687,4.8751064282322639e-17,0.029020856538343857,0.18878962541179226,0.58950319343168156,8.8983273447084229e-06,0.25567728971414189,0.0075678130082033473,4.2526155268638393e-09,0.0042873845284283679,2.3969867972753045e-05,0.26104955170037736,0.00023807867963833754,8.3570653972220221e-08,6.4404156038128038e-11,1.4777588688583208e-11,1.2278602209003932e-09,3.8075227169751548e-10,4.9638873449381155e-08,0.47115577335132514,0,0,0,0,0,0,0,1.2342844425457198e-09,-3.1601368708939681e-11,-1.8045155893347101e-10,-3.3894193869343806e-09,2.237053858128446e-13,4.4852122792183279e-09,3.014980306939287e-11,-6.955565680713538e-13,-2.6480684691290557e-15,-4.1883421363389069e-17,1.8537192718031031e-16,-3.1201141656502969e-16,-7.0747537590908834e-13,-2.1469922826622399e-09,-1.743266957138917e-06,7.2035965562045057e-07,1.1422207130906514e-21,1.0186037229293631e-06,6.248312847359494e-06,-2.7586604726126396e-06,0,0.037362519892387196,0.010791391766262932,1.6669978731818977e-17,0.023915126432646889,0.0064159440764626988,0.14956663428535091,5.2080146270011915e-06,-9.0113782307611949e-07,-4.5983040588447469e-05,-3.0655297587609296e-19,-0.00017057746639405135,0.00010896479978730235,-0.00016518778350263226,-1.1136573453403568e-08
0,9,lumen,0.0005263157894736842,0.0028499999999999997,0,0.0010526315789473684,0.0026999999999999997,0.0029999999999999996,1000136.0285535146,1.6037351074797623,15.638884104674071,3028.0801770362409,0.14379951789918438,1173,1173,3.9688175267801876e-05,0.19135225145311804,0.59999999999999998,2,500000,0.00035,0.0001,0.17876559893653465,0.033285242827290812,1.0164417377982658e-16,0.083043992285796134,0.024144074308924221,0.68003324621426597,2.2801074128738051e-05,0.17426257456031363,0.01858422188403909,4.967815031120879e-17,0.029510222248790324,0.1872948313154289,0.59033922425035767,8.9257410703733849e-06,0.25464142391949784,0.0076386804271781255,4.2521906710282557e-09,0.0042929134589360131,2.4407764492107757e-05,0.26202761285719772,0.00023934483999367551,8.3519426806174968e-08,6.4709979233340745e-11,1.4837975269573387e-11,1.2291496479460584e-09,3.8206284583497418e-10,5.0343642804353712e-08,0.47113547692668961,0,0,0,0,0,0,0,-1.7585115090904138e-10,-7.0002507314653246e-12,1.7989335587181491e-11,3.7487615988154702e-10,1.7280122645291218e-14,-3.5822807182639763e-10,6.5577417727406859e-12,-9.1830406126480746e-14,-2.8072336304156577e-16,-8.7383890339669643e-18,4.1283405640148723e-17,-6.5403379774951415e-17,3.7872976978775787e-14,1.4169295858266196e-10,-1.7505797574972337e-06,7.1087463603125567e-07,1.1090864038719471e-21,1.0400453971942698e-06,6.2918150341706447e-06,-2.7909817461591047e-06,0,0.037293394397944955,0.01032165420115728,1.7570772351588394e-17,0.023523169871772772,0.0057890104707018445,0.14842836137577051,5.1502882551611234e-06,0,0,0,0,0,0,0
0,10,annular_channel,0.0005263157894736842,0.0040000000000000001,0,0.0010526315789473684,0.0030000000000000001,0.0050000000000000001,100000,0.020670849766933987,nan,nan,0.0099999999999998215,1173,nan,nan,nan,nan,nan,nan,nan,nan,nan,nan,nan,nan,nan,nan,nan,nan,nan,nan,nan,nan,nan,nan,nan,nan,nan,nan,nan,nan,nan,nan,nan,nan,nan,nan,nan,nan,nan,nan,nan,nan,nan,nan,nan,nan,nan,nan,nan,nan,nan,nan,nan,nan,nan,nan,nan,nan,nan,nan,nan,nan,nan,nan,nan,nan,nan,nan,nan,nan,nan,nan,nan,nan,nan,nan,nan,nan,nan,nan
1,0,lumen,0.0015789473684210526,0.00015000000000000001,0.0010526315789473684,0.0021052631578947368,0,0.00030000000000000003,1000216.7606491949,1.5076770499095209,14.700983610576642,3042.2580403246789,0.1508358091174514,1173,1173,3.9981817822630908e-05,0.20865025015181771,0.59999999999999998,2,500000,0.00035,0.0001,0.14434245041366334,0.065600322572254288,3.5232800699817629e-17,0.12686539002585639,0.038763124138195042,0.62282141833159055,2.2754897147588284e-05,0.13226802953573125,0.034430177328927218,1.6187162498991568e-17,0.042378741155661988,0.28266669278291329,0.50824798574570151,8.3734510645069474e-06,0.26986237467311586,0.0037594539040880569,2.7844763215058443e-09,0.0031885681520449232,2.2288430170560276e-05,0.31659803104071677,0.00014471366225404407,2.3309770428812837e-07,1.2706114008135607e-10,7.9728205738820507e-12,7.6461070097495925e-10,2.0943609737387684e-10,5.6414645643586422e-08,0.4064242767316984,0,0,0,0,0,0,0,-1.5094260657026459e-11,-4.8768723831890834e-13,8.4094768858489324e-11,9.8232821589930194e-10,-3.8706125977949757e-14,-3.4268361104490552e-09,5.6266741198347315e-13,-2.5175174445113413e-13,-8.6968908674243785e-16,-2.4195892926519173e-18,5.9777460144772563e-18,-1.6785550482715856e-17,-3.6978858137637281e-13,2.3760931822691594e-09,-7.9403797060423331e-07,4.5830430972504388e-07,-3.304144428940864e-22,3.39077063342495e-07,2.7209460601584912e-06,-1.1340131855774871e-06,0,0.030741435322254172,0.017514936807453991,6.7472456775444334e-18,0.031121860051369018,0.0094051416884108844,0.13886454846100207,5.1928701658726074e-06,-2.6103812164340333e-06,-1.1340831661409624e-06,-7.3688631391398451e-21,-1.0282829603245662e-05,1.1096260935734944e-05,-1.9873025877644419e-05,-9.2681570153732146e-10
1,1,lumen,0.0015789473684210526,0.00045000000000000004,0.0010526315789473684,0.0021052631578947368,0.00030000000000000003,0.00060000000000000006,1000216.6112783777,1.5094970839295558,14.718732507321151,3038.7605177429505,0.15080782622094255,1173,1173,3.998296749650723e-05,0.2086135969800022,0.59999999999999998,2,500000,0.00035,0.0001,0.14418352177975069,0.065528531392166453,3.5235894571887424e-17,0.1267968103903562,0.038697564667941706,0.62218227007979487,2.273328296982388e-05,0.13228191043069648,0.034434020891070873,1.6208128847421099e-17,0.042406969822472045,0.28252931698025596,0.50833940627823171,8.375597272742854e-06,0.26981321494159027,0.0037621873813808515,2.784937793215476e-09,0.0031893355496450046,2.2307106500731514e-05,0.31661883594856083,0.00014478367940425047,2.3298284541570128e-07,1.2705215172537567e-10,7.9757963227716937e-12,7.6475753413601971e-10,2.0950889520665339e-10,5.6448222746312433e-08,0.40644904206760402,0,0,0,0,0,0,0,-1.7730480191577499e-10,2.3320813399116094e-13,-5.9260088211047646e-11,-5.2132498020724501e-10,5.3266635893778336e-14,2.8230109082620289e-09,1.2142156417311637e-14,-3.9548019806906476e-13,-1.4311364882185395e-15,-2.0293996932599814e-18,1.3475868192800454e-19,-1.3740841129768673e-17,-6.5284062769817898e-13,-2.0643698150339397e-09,-7.9426228004851607e-07,4.5188052077982377e-07,-3.1113406170142688e-22,3.396190049452189e-07,2.7226726401208268e-06,-1.1334192613343674e-06,0,0.030739244180392349,0.01751384535146569,6.7575667633959858e-18,0.031149377820166808,0.0093965503266613629,0.13887254718959635,5.1938049506471473e-06,-6.2766596368721526e-06,-2.0673380820099052e-06,-2.8378287449104374e-20,-2.2171487242368429e-05,2.4377944140692189e-05,-4.3578349044931686e-05,-2.0355335625390309e-09
1,2,lumen,0.0015789473684210526,0.00075000000000000002,0.0010526315789473684,0.0021052631578947368,0.00060000000000000006,0.00090000000000000008,1000216.3086945511,1.5073647642747376,14.697945232453538,3043.4413464510531,0.15076929873722783,1173,1173,3.9985422715300539e-05,0.20853354968835017,0.59999999999999998,2,500000,0.00035,0.0001,0.14442387966497991,0.065634563504862534,3.5461546147984132e-17,0.12715844013895791,0.038710886063605135,0.62330810943486026,2.2778249257161933e-05,0.13231529474377204,0.034441028909334641,1.6288888778710998e-17,0.042467854052730694,0.28222742225328235,0.50854001972898877,8.38031189168815e-06,0.26970681367715266,0.0037682258088826671,2.7860303358607167e-09,0.003191040700906598,2.2347419490427507e-05,0.31666029421539132,0.00014493854698990069,2.3272239881204808e-07,1.2702786237734337e-10,7.9825546636989422e-12,7.6510171791530394e-10,2.0967485494667094e-10,5.6520070696466755e-08,0.40650604649289174,0,0,0,0,0,0,0,-3.3471819407251555e-10,2.8703878389164792e-12,1.1528350622603039e-10,1.6405834116008681e-09,-1.1398716172339451e-13,-4.2563482138780959e-09,-2.3397550423033696e-12,5.3954334489764166e-13,1.5121663674184284e-15,1.1210424369189311e-17,-4.3530509189368946e-17,7.698648605227767e-17,2.5704065232942164e-13,2.8339848235322074e-09,-7.9527304517809649e-07,4.5864303610532176e-07,-1.3922069785794804e-21,3.4077038959150241e-07,2.7264122084286191e-06,-1.1375688687698116e-06,0,0.03073674002832915,0.017510107059679092,6.7857733718820745e-18,0.031207055903431324,0.0093778046283133683,0.13888959479976531,5.1958674522990337e-06,-1.1109063298476425e-05,-3.2172097788516565e-06,-2.2367915582975485e-20,-3.8433748991921174e-05,4.1967642232489981e-05,-7.4668700400814519e-05,-3.4754358206226484e-09
1,3,lumen,0.0015789473684210526,0.0010500000000000002,0.0010526315789473684,0.0021052631578947368,0.00090000000000000008,0.0012000000000000001,1000215.8537176297,1.5079954896511238,14.704101969952639,3042.8318043639711,0.1506821905089023,1173,1173,3.9989625095774662e-05,0.20839586779197833,0.59999999999999998,2,500000,0.00035,0.0001,0.1444279063516094,0.065627865472902655,3.5585272479030022e-17,0.12742127420434057,0.03862338170123486,0.6234690358599525,2.2790590615641745e-05,0.13237441016647977,0.034451939521024447,1.6352568134264851e-17,0.04257346017955236,0.28170741218222234,0.50888438958605609,8.3883646650273313e-06,0.26952472452828502,0.0037786699064408812,2.7879619248265755e-09,0.0031939886546089699,2.2416396286132463e-05,0.31672827329554631,0.00014520628067115859,2.3226786614744751e-07,1.2698225336314985e-10,7.9943505579332846e-12,7.6570839743177071e-10,2.0996485100425161e-10,5.6642358967375928e-08,0.4066064281293113,0,0,0,0,0,0,0,-1.6475187214382863e-10,-3.4234814249779588e-12,-6.2885915336570772e-12,2.5840553432195034e-11,-6.8314494686139149e-15,6.3109673769431301e-10,3.2945966414539429e-12,8.6236356597324537e-15,6.356586535598721e-17,-1.8047142261346393e-18,1.2614805021586335e-17,-1.1990143451994971e-17,-8.9515581213036457e-15,-4.8576109907554514e-10,-7.9661292084337587e-07,4.5334479489844703e-07,-7.9338393305875894e-22,3.426433249319797e-07,2.7325815329520831e-06,-1.1392882216521016e-06,0,0.030731261668283001,0.0175055134644348,6.8259689678071437e-18,0.031304244737470656,0.0093473058229924418,0.13891629207922793,5.1991833738616627e-06,-1.6296591100926958e-05,-6.3676786827515812e-06,-4.8258264363990843e-20,-6.4040841015739801e-05,6.5794378173199354e-05,-0.0001151476821520982,-5.4521076779468324e-09
1,4,lumen,0.0015789473684210526,0.0013500000000000001,0.0010526315789473684,0.0021052631578947368,0.0012000000000000001,0.0015,1000215.2430426194,1.5091139858698106,14.715017142198988,3041.6089411015696,0.1505635547916514,1173,1173,3.9996475592156533e-05,0.20817781867201837,0.59999999999999998,2,500000,0.00035,0.0001,0.14441537273824498,0.065620315253890921,3.5857809635768356e-17,0.12785345838414908,0.0384829477958996,0.6236571692799282,2.2808003965097543e-05,0.13246117842300886,0.034473547441538979,1.6490039485969104e-17,0.042749570129114012,0.28089148635863659,0.50941581664221147,8.4010054900063289e-06,0.26923330307277943,0.0037950007896216829,2.7908160521879201e-09,0.00319850110540386,2.2527316622868758e-05,0.31684839793910913,0.00014562246580566217,2.3158487977468855e-07,1.2692443273498315e-10,8.0124233420102849e-12,7.6661097435048073e-10,2.1040731021296107e-10,5.6840261363560125e-08,0.40675635498273538,0,0,0,0,0,0,0,4.5424032054725732e-10,-2.4071051380078706e-11,-3.2231531774934786e-11,-7.0714768714670193e-10,5.2665120528483378e-14,3.93658886087625e-10,2.1723091849107113e-11,-6.5117800474717713e-13,-1.0748738769093583e-15,-3.6106522194566413e-17,1.8423014041589162e-16,-2.4943779323128862e-16,3.8123470824690818e-13,-1.0595349704967434e-10,-7.988191270732331e-07,4.530875837571724e-07,-1.0593777272124558e-21,3.4537033440853105e-07,2.7416849756184414e-06,-1.1435132825088345e-06,0,0.030720106538024997,0.01750316921384534,6.8873049241585715e-18,0.031458115581539423,0.0093022388710292427,0.13895023860745823,5.2041462467852479e-06,-2.3962430505941512e-05,-1.10332083637803e-05,-6.3640268180398267e-20,-0.00010149162276889481,9.9446432797084612e-05,-0.00017121798014320681,-8.2112774908597293e-09
1,5,lumen,0.0015789473684210526,0.00165,0.0010526315789473684,0.0021052631578947368,0.0015,0.0018,1000214.4618932421,1.5126131648213665,14.74914833568957,3036.131224616764,0.15036983521198943,1173,1173,4.0007081592992459e-05,0.20784577694643849,0.59999999999999998,2,500000,0.00035,0.0001,0.14422005944502875,0.065539627548897916,3.6168509670255224e-17,0.12839134810534072,0.038225112336093582,0.62317914821003173,2.2806841197472994e-05,0.13258885805252738,0.034511020656356375,1.6671501787843519e-17,0.043028994937963291,0.27965667261579441,0.51020603367518358,8.4200621749698412e-06,0.26878563663982208,0.003819726168698803,2.7950095770300387e-09,0.0032051872409837954,2.2698631010442617e-05,0.31704456296025074,0.00014624867623224728,2.3058551486684257e-07,1.268510269916383e-10,8.0395483867284767e-12,7.6794198749955327e-10,2.1106948744908982e-10,5.714664691550792e-08,0.40697564804193265,0,0,0,0,0,0,0,8.9272178794908581e-10,-3.90987152529246e-11,-1.074382681941259e-10,-2.0750086409312226e-09,1.4918199054553272e-13,2.9822944105570293e-09,3.5181908318802767e-11,-1.3962336061629221e-12,-2.8316829181287136e-15,-6.2994206521518524e-17,3.110441922068199e-16,-4.3547646624242001e-16,3.2929764173668588e-13,-1.6877317887442503e-09,-8.0208336379963829e-07,4.4997800649482222e-07,-5.4810233842216495e-22,3.4923142195757194e-07,2.7553376711481059e-06,-1.1493451734789772e-06,0,0.03070549801165481,0.017499596048563371,6.9738701328626595e-18,0.031684151274369604,0.0092366913364729363,0.13899829340057329,5.2111261272847365e-06,-3.5675340649373665e-05,-1.7500281442630914e-05,-9.9593070249468162e-20,-0.00015511440190922729,0.00014680081874815119,-0.0002492492234558769,-1.2005872570455761e-08
1,6,lumen,0.0015789473684210526,0.0019499999999999999,0.0010526315789473684,0.0021052631578947368,0.0018,0.0020999999999999999,1000213.4952516231,1.5188483766779097,14.80996078696837,3025.9762327171889,0.15010109695290369,1173,1173,4.0022903082854738e-05,0.20735318747631659,0.59999999999999998,2,500000,0.00035,0.0001,0.14383398213110055,0.065383068090436508,3.6634427801448842e-17,0.12913526261191438,0.037819562261562807,0.62201745986518331,2.2788463985250604e-05,0.13277913327900695,0.034570534614460822,1.6955885967638012e-17,0.043456751471228947,0.27783047325101884,0.51135465941787606,8.447966408430598e-06,0.2681164514780115,0.0038565052124091195,2.8012104709442754e-09,0.0032149170551931351,2.2956576762221616e-05,0.31734716276018099,0.00014717392710070584,2.2914072558263199e-07,1.2675329941219162e-10,8.0799429092430556e-12,7.6991232581790151e-10,2.1205400635903935e-10,5.7607245587012596e-08,0.40729454232435353,0,0,0,0,0,0,0,-9.8021449194144647e-10,-1.41939093681531e-11,8.3888962047163786e-11,1.8196376424618967e-09,-3.0281224576433896e-14,-1.772513281658207e-09,1.3151477662602322e-11,-2.9819896552041314e-15,4.1410571760481074e-16,-1.4553291258274568e-17,8.664032341818016e-17,-1.0130774838529055e-16,3.6513683867413642e-13,8.4991144567033677e-10,-8.0723357065090595e-07,4.5422842975817446e-07,-1.7948650701280949e-22,3.5469343292623737e-07,2.7766251222138827e-06,-1.1636620477206705e-06,0,0.030686582454973691,0.017495220807621739,7.0981093015522756e-18,0.032006760187054874,0.0091442226340781394,0.13905900441084154,5.2205770970115398e-06,-5.6366929935861072e-05,-2.4066758483672337e-05,-1.5882086057092669e-19,-0.00022523001560846015,0.0002136041579797546,-0.00035994554894719518,-1.7106599778121047e-08
1,7,lumen,0.0015789473684210526,0.0022499999999999998,0.0010526315789473684,0.0021052631578947368,0.0020999999999999999,0.0023999999999999998,1000212.2967664415,1.5229011548042135,14.849496339743652,3021.340516916307,0.14969945165107448,1173,1173,4.0045413254071961e-05,0.20663782190503496,0.59999999999999998,2,500000,0.00035,0.0001,0.14377637134833196,0.065363676423971229,3.7516177877486597e-17,0.13063702076250328,0.037357113447321233,0.62237371588064594,2.2834989446013439e-05,0.13308026554127531,0.034652541014278802,1.7410348961588504e-17,0.044079482870499398,0.27516583303540926,0.51301338972646726,8.4878120700040423e-06,0.26714048476601121,0.0039110576363720903,2.8108518087234408e-09,0.0032291243841940246,2.3336330959314457e-05,0.31777494940024792,0.0001485382760809028,2.2701485763030388e-07,1.2659133466803182e-10,8.1411878262143742e-12,7.7296249385706297e-10,2.1354895551477926e-10,5.8279035241153565e-08,0.40777221998015528,0,0,0,0,0,0,0,2.779049922169617e-10,-1.4796632348085962e-11,-1.6600115331024364e-11,-3.6287696908387166e-10,-5.8584864390254232e-15,1.2139054822099538e-10,1.3621701970995856e-11,-2.0291038814457263e-13,-1.8113262607568695e-16,-1.7845504139887703e-17,9.7542405900132067e-17,-1.2366555246760889e-16,2.3577733908803785e-13,-1.8670788276921717e-11,-8.1464226743543922e-07,4.5153268796171986e-07,-5.8283669993542246e-22,3.6300476229148423e-07,2.806834741742037e-06,-1.1773000109238652e-06,0,0.030667676689380616,0.017487756826042949,7.2872623178208681e-18,0.032448309206117139,0.0090161614980743248,0.13913666655844029,5.2331121994401308e-06,-9.1627698867290992e-05,-3.1792361755262969e-05,-2.3135729701024342e-19,-0.000306908370070214,0.00030652390533899312,-0.00051816754456109602,-2.3740243487443219e-08
1,8,lumen,0.0015789473684210526,0.0025499999999999997,0.0010526315789473684,0.0021052631578947368,0.0023999999999999998,0.0026999999999999997,1000210.7365806749,1.5335334671282366,14.953193158027926,3005.3812960032969,0.14911279882833475,1173,1173,4.0075932698746211e-05,0.20561933569333507,0.59999999999999998,2,500000,0.00035,0.0001,0.14330575189275618,0.065113894634367911,3.867695757170403e-17,0.13223778775200076,0.03658045090003674,0.62093477274318254,2.282483040654397e-05,0.13357093989333724,0.034761179712216407,1.8074380190466309e-17,0.044931200051034265,0.27132666077182832,0.51540147629003508,8.5432815486428298e-06,0.26573405838897973,0.0039918187295525532,2.8261422111176282e-09,0.0032498227586078635,2.3892434646885653e-05,0.31836442985079244,0.00015054414173120976,2.2390438181821821e-07,1.2631944606534728e-10,8.234894437543219e-12,7.7778004256344404e-10,2.158420345289729e-10,5.9250897772298505e-08,0.40848514658609147,0,0,0,0,0,0,0,6.1316053873853448e-10,-3.15709690916106e-11,-7.2024387557076163e-11,-1.3843884260107067e-09,1.0006795739259111e-13,1.9034325521999351e-09,2.852937745658886e-11,-9.3542448093009156e-13,-1.7618246313214286e-15,-4.7223017154971819e-17,2.3576012388490062e-16,-3.2777538896167763e-16,3.9519950938153787e-13,-1.0566963427251624e-09,-8.2604606594684216e-07,4.4595023088178642e-07,-6.33555498373078e-22,3.7826486896033406e-07,2.8562964875522567e-06,-1.2029969601590196e-06,0,0.030650927552495405,0.017479682381584892,7.5518596638204928e-18,0.033016580542717888,0.0088416975909747196,0.139231743662938,5.2487711273648684e-06,-0.00015247739582674604,-5.1405548726877223e-05,-3.4913733832935293e-19,-0.00036428207857794597,0.000435384530382059,-0.00075253306550244082,-3.2072735553454097e-08
1,9,lumen,0.0015789473684210526,0.0028499999999999997,0.0010526315789473684,0.0021052631578947368,0.0026999999999999997,0.0029999999999999996,1000125.5816481828,1.5415081032086109,15.032232116672761,2996.7654456582322,0.14182563819106495,1173,1173,4.0114376033555452e-05,0.20419627518738626,0.59999999999999998,2,500000,0.00035,0.0001,0.14342665757584122,0.065100152481770215,4.0615662121913777e-17,0.13451735913046051,0.035652603836610529,0.62183133854311479,2.2904841445622889e-05,0.13439025172340502,0.034937543839227425,1.9080694436807349e-17,0.045947332731280245,0.26584236926374372,0.51887388389683164,8.6185455120448001e-06,0.26367265684419927,0.004111716455392809,2.8502475939600709e-09,0.003279509655335289,2.4731446716709303e-05,0.31926473137906042,0.00015348431672828058,2.1954557194061029e-07,1.2596471819966891e-10,8.3790207610113698e-12,7.8537776541334919e-10,2.1937156937968808e-10,6.0708667473819975e-08,0.40949288565898734,0,0,0,0,0,0,0,-9.6758704301949835e-11,-1.3190164591024218e-11,2.8185848873352712e-11,2.9188115234353956e-10,-2.1044689428595387e-14,-8.1332678038194967e-10,1.2138370171788662e-11,-7.8539388534415444e-14,1.154343232217383e-16,-1.3112041123873918e-17,7.4735320839454659e-17,-8.9644414997726115e-17,3.4460579128713705e-13,5.9082524857744585e-10,-8.4360015768260299e-07,4.2792660720492037e-07,-5.6974840487602237e-22,4.1645844632561893e-07,2.9472158499521672e-06,-1.2603216497097947e-06,0,0.029663689576859102,0.016447329150288674,7.7722943281787072e-18,0.031958532785556104,0.007990640840661839,0.13397978818562953,5.0436752943126577e-06,0,0,0,0,0,0,0
1,10,annular_channel,0.0015789473684210526,0.0040000000000000001,0.0010526315789473684,0.0021052631578947368,0.0030000000000000001,0.0050000000000000001,99999.999995479855,0.020670849765999637,nan,nan,0.017851406710267546,1173,nan,nan,nan,nan,nan,nan,nan,nan,nan,nan,nan,nan,nan,nan,nan,nan,nan,nan,nan,nan,nan,nan,nan,nan,nan,nan,nan,nan,nan,nan,nan,nan,nan,nan,nan,nan,nan,nan,nan,nan,nan,nan,nan,nan,nan,nan,nan,nan,nan,nan,nan,nan,nan,nan,nan,nan,nan,nan,nan,nan,nan,nan,nan,nan,nan,nan,nan,nan,nan,nan,nan,nan,nan,nan,nan,nan,nan,nan
2,0,lumen,0.002631578947368421,0.00015000000000000001,0.0021052631578947368,0.0031578947368421052,0,0.00030000000000000003,1000205.4869953815,1.4590495061724864,14.226988891744746,3041.1622534019216,0.15605133292098802,1173,1173,4.0172581902482621e-05,0.21691887021172643,0.59999999999999998,2,500000,0.00035,0.0001,0.1225157237352683,0.090947574654337532,2.2426462976108991e-17,0.14818046677963434,0.046855029772918881,0.59082107268678996,2.2804457721808593e-05,0.10864737521945585,0.046194578162741383,9.9712806938629724e-18,0.047902971093353841,0.3306577321932968,0.4665892222105843,8.1211205679708012e-06,0.27187442251644522,0.0027483628764192456,2.130521222783664e-09,0.0027266502138341658,2.1869343281679382e-05,0.34393268282416622,0.00011442089746815955,3.7094296322487223e-07,1.7174542279651101e-10,5.8367527419480742e-12,5.8116842438005603e-10,1.515235485683591e-10,5.9850651743260945e-08,0.37858115749397481,0,0,0,0,0,0,0,-9.424524590188823e-12,-3.2765731286020087e-12,-1.4732535137811424e-12,-1.4358563683609116e-11,1.7367834601045296e-15,7.7239960846568756e-11,2.8996401059873853e-12,1.533083555937953e-14,2.0923363272870832e-16,-5.4101554869056532e-18,2.937498825305945e-17,-3.5390858246487451e-17,2.0714023315638655e-13,-5.1831262066936678e-11,-5.2241710121400664e-07,3.5617915011831869e-07,-1.9949333292444726e-22,1.6616195996328903e-07,1.733420658719953e-06,-6.8856599255706641e-07,0,0.026369436078530078,0.022795644364211994,4.5991015164983692e-18,0.035175369773726428,0.011044076214072817,0.13267650870885633,5.2094306185816342e-06,-5.5768758290801541e-06,-4.0949687607891433e-06,-9.718921873810336e-21,-2.9178637627382667e-05,2.8544438329741217e-05,-4.8558599142043275e-05,-2.3598619894217351e-09
2,1,lumen,0.002631578947368421,0.00045000000000000004,0.0021052631578947368,0.0031578947368421052,0.00030000000000000003,0.00060000000000000006,1000205.3398614587,1.4610967507348935,14.24695338463607,3037.324011255103,0.15600193233527668,1173,1173,4.0175778834902584e-05,0.21682693574723039,0.59999999999999998,2,500000,0.00035,0.0001,0.12237661319007484,0.090846718179675726,2.2455167152227465e-17,0.14821443318494454,0.046742142454277463,0.5902625912635312,2.2787336776973754e-05,0.10867630140800573,0.046208102786612297,9.9980536177884806e-18,0.047981188405011754,0.33032397055759405,0.46680231043164161,8.1264111344567758e-06,0.27177038564315076,0.0027527325100606907,2.1313486511909586e-09,0.0027282285940438277,2.1910505217996238e-05,0.3439843179202971,0.00011454495601514977,3.7055336222748437e-07,1.7172993852800007e-10,5.8409677640970873e-12,5.8139859312464499e-10,1.5163326423071545e-10,5.9933065468994978e-08,0.37862744634283535,0,0,0,0,0,0,0,3.2733215643043674e-10,-5.9262096592176486e-12,-5.4131355907846062e-11,-8.5922354214324886e-10,3.5778996952673392e-14,1.7810789170553606e-09,5.0611994351127773e-12,-3.4095989920324143e-13,-5.214379542749339e-16,-1.3196019071675019e-17,6.1914405570277261e-17,-8.4335019802952224e-17,1.4788771161057807e-13,-1.1940334004952232e-09,-5.2288094423875997e-07,3.5436882428463434e-07,-1.2924660024780797e-22,1.6678533024217538e-07,1.7354239462419319e-06,-6.8886084181318807e-07,0,0.02636244677396456,0.022799046212731856,4.6103181423620264e-18,0.035234540545103853,0.011027706966523757,0.13268634572439481,5.2113241236527345e-06,-1.1061175611931709e-05,-9.4865577377093683e-06,-1.2759979523908972e-20,-6.2036240941700795e-05,5.9244590633247433e-05,-9.9830625395802011e-05,-4.9246545947555254e-09
2,2,lumen,0.002631578947368421,0.00075000000000000002,0.0021052631578947368,0.0031578947368421052,0.00060000000000000006,0.00090000000000000008,1000205.0419926889,1.4617001530969613,14.252841322651404,3036.943063589682,0.15587772486085813,1173,1173,4.0182530249672006e-05,0.21663502877790086,0.59999999999999998,2,500000,0.00035,0.0001,0.12239066197118324,0.090870790138498331,2.2524843406300367e-17,0.14866699222655097,0.046624783599900743,0.59057242467207105,2.2808885295967918e-05,0.10873369597017642,0.046239448507960475,1.0033221416575094e-17,0.048147584587717986,0.32963077497636151,0.46724035850039014,8.1374573934915531e-06,0.27155106263407575,0.0027617807089643448,2.1329920186690722e-09,0.002731451955354259,2.1997394462431797e-05,0.34409896111799676,0.0001148008060499878,3.6977005006510621e-07,1.7170770022327245e-10,5.8495620494262528e-12,5.8185603467193346e-10,1.5185613325982817e-10,6.010764136611262e-08,0.37871951246113955,0,0,0,0,0,0,0,1.2054397243235363e-10,-1.6685546562400664e-12,-6.8235964947374645e-12,-1.5691008385034292e-10,-8.8302845938081909e-15,-2.5000529424445972e-11,1.5197730918124498e-12,1.1959183643384108e-13,3.8478689072774179e-16,-1.8436316651632785e-18,1.2795165550298929e-17,-1.2769657368159325e-17,1.8532544682501199e-13,6.8042404477801594e-11,-5.2397808828451298e-07,3.5594067365751769e-07,5.9680963305109042e-22,1.680689423364414e-07,1.739962461416722e-06,-6.9189685236725751e-07,0,0.02635601779004822,0.022795298686361418,4.6300188722797178e-18,0.035350248260007044,0.010991111060036824,0.13271624336042237,5.2150996655685262e-06,-1.7738606060298669e-05,-1.5406731572769582e-05,-4.3627883904677398e-20,-0.00010079766529415668,9.4822043421117824e-05,-0.00015879967682074869,-7.8507524270079358e-09
2,3,lumen,0.002631578947368421,0.0010500000000000002,0.0021052631578947368,0.0031578947368421052,0.00090000000000000008,0.0012000000000000001,1000204.5946781535,1.4647178441023625,14.28227280856361,3032.085511791619,0.15569961822012354,1173,1173,4.019337901084605e-05,0.21632717634735529,0.59999999999999998,2,500000,0.00035,0.0001,0.12224191733741016,0.090783453319883425,2.2748056221823496e-17,0.14919465947019975,0.04637190948133043,0.59023467043779276,2.2811185008402965e-05,0.10882580639872677,0.046290397958517492,1.0153570373917931e-17,0.048418251451615379,0.32851997116387832,0.46793741794422372,8.1550830382134554e-06,0.27119836876245679,0.0027763298126728835,2.1356267595667497e-09,0.0027365879694623094,2.2137580371464976e-05,0.34428435126486401,0.0001152109484943634,3.6852430045735385e-07,1.7167355954869731e-10,5.8633924446002206e-12,5.8258968870962556e-10,1.5221432908383509e-10,6.0388793344863366e-08,0.37886658170061355,0,0,0,0,0,0,0,-4.6628081781001751e-11,-1.0476722034873605e-12,1.572939554174271e-11,2.471080186876745e-10,-9.33671542857617e-15,-7.0615334662581936e-10,9.5174350007277467e-13,3.8246207416381406e-14,1.3669748052877158e-16,-1.3124855004592371e-18,8.0087184365756424e-18,-8.8209609427477866e-18,7.9604331907789997e-14,4.89931566964652e-10,-5.256877459360737e-07,3.5635002212930367e-07,-2.4119466474869308e-23,1.7002803910443347e-07,1.7470668231406306e-06,-6.9594709972697899e-07,0,0.026340219970800643,0.022797943201093102,4.6847888043337744e-18,0.035541536597490236,0.010935210648587946,0.13275397074186449,5.2210955004569286e-06,-2.5166078847354555e-05,-2.3896301206807505e-05,-5.0438186497170712e-20,-0.00015016038198114922,0.00013740071628876453,-0.00022733788790549835,-1.1352400993880033e-08
2,4,lumen,0.002631578947368421,0.0013500000000000001,0.0021052631578947368,0.0031578947368421052,0.0012000000000000001,0.0015,1000203.9951330378,1.466852707438179,14.303098156323728,3029.7003650761644,0.15542905670461662,1173,1173,4.0209299016620283e-05,0.21587864441023313,0.59999999999999998,2,500000,0.00035,0.0001,0.12221067402517836,0.090806222888311028,2.3026616456989445e-17,0.15022023177688892,0.04607710864628168,0.59063308568394279,2.2849258152530064e-05,0.10895663319407896,0.046369522284060084,1.0292891911755088e-17,0.048822166378934828,0.32690744430920615,0.46893605322840948,8.1806053105085781e-06,0.27068031716329904,0.0027975111317680625,2.1393654675912295e-09,0.0027439308913859962,2.2344519907961106e-05,0.34456525021777845,0.00011580463860836625,3.6676213834230731e-07,1.7163840115766666e-10,5.8833852167561162e-12,5.8363171259597447e-10,1.5273033197096664e-10,6.0803658428723221e-08,0.37907441081820648,0,0,0,0,0,0,0,-4.565725941993455e-11,-3.4339351289444663e-13,1.5510909276092268e-11,2.5077160170982208e-10,-8.7380189889296744e-15,-7.1007997095098863e-10,3.1649008151154886e-13,5.0178828106539619e-14,1.3349817603072313e-16,-2.2232548206363708e-19,2.2786654526727961e-18,-1.6890532316953176e-18,6.1220254858538384e-14,4.893789534456441e-10,-5.2811816310047166e-07,3.5607429707540383e-07,1.1403040591448853e-22,1.727383322579573e-07,1.7570689039847487e-06,-7.0109173144761172e-07,0,0.026322243840686144,0.022797170159009172,4.7447453503887191e-18,0.035816032701322449,0.010854053373658109,0.13281013186044832,5.2294983089365591e-06,-3.5848264824879297e-05,-3.3271518641295228e-05,-7.652497380478412e-20,-0.00021165862441434338,0.00019007779357937119,-0.00031139213528210173,-1.5584723601133209e-08
2,5,lumen,0.002631578947368421,0.00165,0.0021052631578947368,0.0031578947368421052,0.0015,0.0018,1000203.2299877977,1.4728797797704498,14.361878375067052,3020.1249297647555,0.15506422429461031,1173,1173,4.0231313847544621e-05,0.21525655287806558,0.59999999999999998,2,500000,0.00035,0.0001,0.12191898930216331,0.090649811024996724,2.3404214816935636e-17,0.1513542336780512,0.045574590384629445,0.58993258256441206,2.2853393364450459e-05,0.10914328342384658,0.046479884350725288,1.0504671750258509e-17,0.049392876357918815,0.32467099409600619,0.47030474606046557,8.2157110377422246e-06,0.26995878808229651,0.0028271583578292313,2.1446649509411312e-09,0.0027540392348729915,2.2634962565620933e-05,0.34495640265343386,0.0001166308689991053,3.6433699673398629e-07,1.7158816693239376e-10,5.9116394525731013e-12,5.8510979018519732e-10,1.5345843485397428e-10,6.1383124646576791e-08,0.37936391705914857,0,0,0,0,0,0,0,-1.0446137479575731e-10,1.4646688272943181e-13,1.3748870102738325e-11,1.9732159830070135e-10,-1.0639275918600255e-15,-2.8607633894162793e-10,-1.3555459066710047e-13,-3.3391258508208566e-15,1.4187314346936007e-18,3.8447593978360542e-19,-2.3981589299864408e-18,2.9201838774734364e-18,-7.9344324724015728e-15,1.794685227813434e-10,-5.315406996740657e-07,3.5548942206586887e-07,-1.2381814597363274e-22,1.7632361739029195e-07,1.7709567774609747e-06,-7.080478950927116e-07,0,0.02629708212530121,0.022800866401398973,4.8359639583019929e-18,0.036198479701406036,0.01074500277839434,0.13288010367644273,5.2408039089477512e-06,-5.0676747885535119e-05,-4.4661930426975494e-05,-9.9451301980422576e-20,-0.00028877433860414803,0.00025524646509457607,-0.00041450437334296527,-2.0740591461507846e-08
2,6,lumen,0.002631578947368421,0.0019499999999999999,0.0021052631578947368,0.0031578947368421052,0.0018,0.0020999999999999999,1000202.2857941898,1.4823337265899355,14.45407634886954,3004.6832010213511,0.15455224611239252,1173,1173,4.0260688141449684e-05,0.21441952689041066,0.59999999999999998,2,500000,0.00035,0.0001,0.12143473614115063,0.090359320243800223,2.3865796163229832e-17,0.15276676568407971,0.044863573284726441,0.58843746001606911,2.2837093292407845e-05,0.10940765116181628,0.046628365356509868,1.0780612534217192e-17,0.050173884768287207,0.32165749679590272,0.47212433936203885,8.2625554451744536e-06,0.26898218333817514,0.0028676598286045147,2.1520911936123117e-09,0.0027675648186608662,2.3032435753307992e-05,0.34548324763975985,0.00011775137670140029,3.6108985646295287e-07,1.7151342400373867e-10,5.9508853314328698e-12,5.8718351952862864e-10,1.5446826359005716e-10,6.21706983712471e-08,0.37975813423058208,0,0,0,0,0,0,0,5.7123934112530751e-11,-6.731064689742931e-13,-5.3485974334580706e-12,-8.4042184940627214e-11,1.057086276151642e-14,8.371943242824198e-11,5.1321204839109934e-13,-1.2259572697292942e-13,-2.3617014263208729e-16,-2.4320925024268714e-18,9.3839415669162375e-18,-1.5142193292997381e-17,-1.9079840935186837e-14,-5.1161298032119676e-11,-5.3625739363134806e-07,3.5500742398553164e-07,8.0038767602796615e-24,1.8117173021452444e-07,1.7899311022945286e-06,-7.1735038442710675e-07,0,0.026267534942882243,0.022804044277903703,4.9553414195944508e-18,0.036706213298827173,0.010601070646558542,0.13296188532260411,5.2551423381185956e-06,-7.2279842053973373e-05,-5.7874119773451013e-05,-1.3942170398022831e-19,-0.00038064632937072048,0.0003358591579950967,-0.00054194312562565747,-2.6925095938177046e-08
2,7,lumen,0.002631578947368421,0.0022499999999999998,0.0021052631578947368,0.0031578947368421052,0.0020999999999999999,0.0023999999999999998,1000201.1180526576,1.4905354097551233,14.534067045742848,2993.242846924391,0.15389144128458501,1173,1173,4.0298608615880857e-05,0.21331818653231316,0.59999999999999998,2,500000,0.00035,0.0001,0.12118374402737171,0.090233978344864213,2.4589060702390995e-17,0.15505643514919695,0.044064112892206068,0.58814705633761455,2.2879157196997029e-05,0.10978574210234743,0.046821374190230802,1.1168793575860722e-17,0.051207721700840883,0.31767399359449644,0.47450284482748745,8.3235845970274042e-06,0.26768589031076667,0.0029223321268306564,2.1625509467010044e-09,0.0027854015582555311,2.3568484652606539e-05,0.34617289101173315,0.00011925093904569851,3.5680150513892963e-07,1.713931795470524e-10,6.0052445025177546e-12,5.9011129972167838e-10,1.5586537731999336e-10,6.3222873678794071e-08,0.38029024245841081,0,0,0,0,0,0,0,-1.4742708539735944e-10,6.8812729952894757e-13,1.5634437210575134e-11,2.5180215304772728e-10,6.5525926698506431e-15,-2.838433068230381e-10,-6.7060434013420803e-13,-3.5352146557365849e-14,-8.4170407655729298e-17,3.7219153220536869e-19,-3.5757897050937377e-18,3.0014378290445203e-18,-2.6648814340781617e-14,1.6387197091285937e-10,-5.4280134846595995e-07,3.5449621496597139e-07,-1.1935911463566274e-22,1.8857339787241486e-07,1.8170046349463842e-06,-7.3161094682472338e-07,0,0.026240340722735518,0.022801180174576888,5.1164653566057006e-18,0.037352585187901438,0.010414306703869523,0.13305902315317622,5.2727556626471222e-06,-0.00010486580890931423,-7.5111120489275898e-05,-1.88903384543014e-19,-0.00047639004190547289,0.00043540952833585639,-0.00070311918847374181,-3.4151698134849356e-08
2,8,lumen,0.002631578947368421,0.0025499999999999997,0.0021052631578947368,0.0031578947368421052,0.0023999999999999998,0.0026999999999999997,1000199.6001595062,1.5006953451829861,14.633157803464428,2979.6709555692078,0.15303769795733851,1173,1173,4.034571777815652e-05,0.21189583947453944,0.59999999999999998,2,500000,0.00035,0.0001,0.1209667868850373,0.090104464220089289,2.5577817486459812e-17,0.15792020060275261,0.043049916079909899,0.58797106977112634,2.2936543187632154e-05,0.11033635114796497,0.047072932657236027,1.1697113555459038e-17,0.052509059869000368,0.31247828145993167,0.47759497351277741,8.4013530896269925e-06,0.2659804547199463,0.0029958259878858011,2.1774262115085345e-09,0.0028087517977055292,2.4290498256725917e-05,0.3470729581725055,0.00012124609961630245,3.5122207024646375e-07,1.7121594335738175e-10,6.0809233923372733e-12,5.9429496181740648e-10,1.5780788511232878e-10,6.4625623345575276e-08,0.38099605376956425,0,0,0,0,0,0,0,-6.932071850594868e-11,6.4398602281658578e-13,5.2742156405001995e-12,9.9069362036114376e-11,1.7713478253633674e-14,-4.2614397254003844e-11,-7.1965160602044444e-13,-8.545974258117317e-14,-1.8035796186775521e-16,-1.0360503088181734e-18,2.0519784669590171e-18,-6.2498514196747906e-18,-2.5876265592517461e-15,7.7376431913282169e-12,-5.5179147131351192e-07,3.4876024451735432e-07,-2.0871172745110507e-22,2.0306863747605566e-07,1.8584622752809699e-06,-7.5495392892754865e-07,0,0.026216064174005578,0.022801851925024291,5.3379289349863663e-18,0.038135386586656606,0.01017732534645634,0.1331659134070719,5.2935899658704055e-06,-0.0001535732860810826,-0.00011557576561298182,-2.5709216309098308e-19,-0.00053521644676433715,0.00055829105812695077,-0.00091875846566145502,-4.2420803226355096e-08
2,9,lumen,0.002631578947368421,0.0028499999999999997,0.0021052631578947368,0.0031578947368421052,0.0026999999999999997,0.0029999999999999996,1000114.9817929629,1.5185543238441241,14.80855207191652,2952.9422454954301,0.14543469748301893,1173,1173,4.0401240157170655e-05,0.21008825149219273,0.59999999999999998,2,500000,0.00035,0.0001,0.1204115750020243,0.089773253334719777,2.6837399584390252e-17,0.16042449274655238,0.041626072674962107,0.58592451660538825,2.2927010517064513e-05,0.11114636155824711,0.047462045579169984,1.2420245928504087e-17,0.053981105102322596,0.30576481386734011,0.48163717537404427,8.4985188759781613e-06,0.26368987840285341,0.0030944597704711009,2.1981686307421803e-09,0.0028386692341727058,2.5293924209425529e-05,0.34837245132842226,0.00012388018184350441,3.4436148871512e-07,1.7113007132267732e-10,6.1860252471009021e-12,6.0017623156024994e-10,1.6049187645127128e-10,6.6568899295863126e-08,0.3818549530914862,0,0,0,0,0,0,0,-6.6889937951625461e-11,3.263071926895858e-13,3.1445237267674601e-12,7.1474702429520667e-11,2.5876653250711534e-14,2.8690533022263098e-11,-4.8738303721543536e-13,-1.3659331912080352e-13,-2.7815619487901523e-16,-2.4834888269505768e-18,8.1697107380404599e-18,-1.5943341807890329e-17,2.5733267542351648e-15,-3.6150222417060327e-11,-5.6404919082653215e-07,3.2276565412048264e-07,-8.6679094204226569e-23,2.412518100996166e-07,1.9334236405071925e-06,-8.0536933499963936e-07,0,0.024390569495672504,0.020821810517326903,5.2642743779922748e-18,0.035767446526418042,0.0089540588423453193,0.12329023348854148,4.9026643227308518e-06,0,0,0,0,0,0,0
2,10,annular_channel,0.002631578947368421,0.0040000000000000001,0.0021052631578947368,0.0031578947368421052,0.0030000000000000001,0.0050000000000000001,99999.999986329363,0.020670849764108153,nan,nan,0.027592548705910207,1173,nan,nan,nan,nan,nan,nan,nan,nan,nan,nan,nan,nan,nan,nan,nan,nan,nan,nan,nan,nan,nan,nan,nan,nan,nan,nan,nan,nan,nan,nan,nan,nan,nan,nan,nan,nan,nan,nan,nan,nan,nan,nan,nan,nan,nan,nan,nan,nan,nan,nan,nan,nan,nan,nan,nan,nan,nan,nan,nan,nan,nan,nan,nan,nan,nan,nan,nan,nan,nan,nan,nan,nan,nan,nan,nan,nan,nan,nan
3,0,lumen,0.0036842105263157894,0.00015000000000000001,0.0031578947368421052,0.0042105263157894736,0,0.00030000000000000003,1000193.8515345419,1.4357442500913957,13.999905441574187,3022.1216588927914,0.15933691890608684,1173,1173,4.0326933438244112e-05,0.22155820257169431,0.59999999999999998,2,500000,0.00035,0.0001,0.10627656073823194,0.11089096338718744,1.7215829554995112e-17,0.16098094406018365,0.051788220217623339,0.56744570810854711,2.2802751941986486e-05,0.092742118119489056,0.055425312450756506,7.532345329964053e-18,0.051210388664543957,0.35963798910423977,0.44097620076307337,7.9908978972586469e-06,0.27141193942396741,0.002286104732283177,1.740849991310915e-09,0.0024667543450244281,2.1828722207352866e-05,0.36132042896047961,9.925832658162782e-05,4.9015115801285579e-07,2.057110601772853e-10,4.7734093393896117e-12,4.7565131838439073e-10,1.2088685963265659e-10,6.2295270686204991e-08,0.36239313049515526,0,0,0,0,0,0,0,-9.1973827639607288e-12,7.8951921623502703e-13,-7.0090792655161378e-12,-6.1118672822298852e-11,-4.3268340299551511e-15,3.584459058779757e-10,-5.8160724917421688e-13,8.5415073451666768e-14,1.0384082171395531e-16,2.4732362205260146e-18,-9.8864677477150387e-18,1.3797153957359452e-17,-6.115008644471913e-14,-2.8134902779791833e-10,-3.9124712918579829e-07,2.8661082535075266e-07,-2.1506308037946611e-22,1.0428484695465556e-07,1.2780522387345616e-06,-4.9547792357884646e-07,0,0.023103547949431289,0.027099603297014861,3.6727713197785781e-18,0.037936889759094247,0.012095779813004316,0.12846853374825978,5.2350613758354034e-06,-5.3777430918429959e-06,-1.0463360862876606e-05,-1.0312737733637941e-20,-4.9306167178301942e-05,4.3373014390501113e-05,-6.9898577992124256e-05,-3.6523843389086312e-09
3,1,lumen,0.0036842105263157894,0.00045000000000000004,0.0031578947368421052,0.0042105263157894736,0.00030000000000000003,0.00060000000000000006,1000193.7081590527,1.4336810249850231,13.979788990331027,3027.0702084299669,0.15924998916535671,1173,1173,4.0332322352234918e-05,0.22141828458618515,0.59999999999999998,2,500000,0.00035,0.0001,0.10646102274781843,0.11111877957663607,1.730436553650324e-17,0.1616227089540084,0.051792224630046027,0.56864518959759791,2.2858510607766152e-05,0.092769596316732109,0.055459374914119147,7.5602031005647749e-18,0.051340665937029302,0.35914899388287147,0.44127337002171518,7.998927532661183e-06,0.27126288939390736,0.0022910599787863326,1.741593666885514e-09,0.0024687397856942247,2.1889462723005908e-05,0.36141483976711014,9.9405819796960162e-05,4.895200451503816e-07,2.0572441538265898e-10,4.7770459482576097e-12,4.7583841352375853e-10,1.2098787217118521e-10,6.2426161583076392e-08,0.36244062129685356,0,0,0,0,0,0,0,-1.7235850530331144e-10,8.3957738346769247e-13,1.8983752576557414e-11,4.5660767371037147e-10,-1.1084883011491797e-14,-7.563123634313218e-10,-6.1310874985791041e-13,1.0444206263726663e-13,1.4473721451600521e-16,2.7063625617392746e-18,-1.06434856599404e-17,1.5128416057058034e-17,-5.6140436120242999e-14,4.528154236552294e-10,-3.9174151096610377e-07,2.8763502360473758e-07,-1.4239565907413452e-22,1.0484377863371746e-07,1.2800979288241088e-06,-4.9702296833764592e-07,0,0.023098300404736233,0.027099294073747383,3.688043865072237e-18,0.038019885350575475,0.01207045830507617,0.12848664980428876,5.2376667836188975e-06,-1.1973018564091113e-05,-2.0418884409403924e-05,-2.0922398142675328e-20,-0.00010093755546642989,8.9104901026509798e-05,-0.00014364658807115036,-7.45693439076533e-09
3,2,lumen,0.0036842105263157894,0.00075000000000000002,0.0031578947368421052,0.0042105263157894736,0.00060000000000000006,0.00090000000000000008,1000193.4188345987,1.4388063644137978,14.029770109475781,3017.5284742366975,0.15907445230885858,1173,1173,4.034326214399636e-05,0.22113158910119496,0.59999999999999998,2,500000,0.00035,0.0001,0.10615175618332857,0.11085572135729813,1.7371717705639137e-17,0.16188433718525169,0.051463210991305276,0.56740384149971668,2.2823795300727901e-05,0.092830813187634739,0.055525893822313356,7.6167637295089418e-18,0.051607626508985503,0.35814336274973224,0.44188428839713895,8.0153341951175485e-06,0.2709588956740332,0.0023013194035533414,1.7432316992040239e-09,0.0024728511594746929,2.2013820645118142e-05,0.36160224902778665,9.9711060637847331e-05,4.8819670306655439e-07,2.0574028088155118e-10,4.7847965046848658e-12,4.7625263852194835e-10,1.2120343316208794e-10,6.2692919173858636e-08,0.36254240641303592,0,0,0,0,0,0,0,-7.9825764850723861e-11,3.6593681647374914e-13,1.5549737418767692e-11,3.1546172278483865e-10,-1.0420375499975432e-14,-7.5909067345693998e-10,-2.3950797821996381e-13,7.3357769511672721e-14,1.261672129404277e-16,1.3723038354754851e-18,-4.7912303890129507e-18,7.333772169806268e-18,-2.0800239212374342e-14,5.0773621379000034e-10,-3.9273298594114103e-07,2.875367888510727e-07,3.7734146935752635e-23,1.0593969574764995e-07,1.2841320691375779e-06,-4.9897261555909012e-07,0,0.023083075405916788,0.027104972372641215,3.7133092811703055e-18,0.038193973326723647,0.012020116178561581,0.12851780873543375,5.2429855017865195e-06,-1.8203861456580913e-05,-3.3079582426857265e-05,-4.4186640334735529e-20,-0.0001598889700801344,0.00013860571307668668,-0.00022154895437791238,-1.1594174989642814e-08
3,3,lumen,0.0036842105263157894,0.0010500000000000002,0.0031578947368421052,0.0042105263157894736,0.00090000000000000008,0.0012000000000000001,1000192.9844197728,1.4398440449083756,14.039894607760189,3017.2852301499261,0.15879331796521204,1173,1173,4.0360412653943703e-05,0.22068375621906519,0.59999999999999998,2,500000,0.00035,0.0001,0.10618167560618072,0.11099102813871269,1.7631788933394646e-17,0.16309530769385588,0.051201081654188629,0.56820391466637343,2.2880020868439949e-05,0.092923987707171862,0.055633785700623765,7.7363728474008768e-18,0.052031196597104146,0.35657628483538295,0.44282670428157911,8.0408781380788652e-06,0.27048090948183051,0.0023173516560923949,1.7457259008704286e-09,0.0024791826480025751,2.2210201147192712e-05,0.36190232156025098,0.00010018578180642676,4.8617691090003602e-07,2.0577631974491188e-10,4.7968265227888726e-12,4.7688275988402359e-10,1.2153666069547171e-10,6.3113741843168722e-08,0.36269728682549868,0,0,0,0,0,0,0,1.0064584611390577e-10,-2.2776804007896177e-13,-9.2223859461898485e-12,-2.5683312070508345e-10,-6.731811288962497e-16,3.4850720410668085e-10,2.1894268428122962e-13,1.8236280541206185e-15,1.4869892879970438e-17,-3.9391146624637564e-19,2.3294190837099419e-18,-2.8085565258936531e-18,-5.1589889181439799e-16,-1.8308954392636819e-10,-3.9424692940652484e-07,2.8630892354164494e-07,-4.7138853273005859e-22,1.075987203689333e-07,1.2903167317945829e-06,-5.0159802722493652e-07,0,0.023063628735790199,0.027109007133066697,3.7644217403500182e-18,0.038463608027788032,0.011941133241956651,0.12856705112626521,5.2510919382466608e-06,-2.6716071942541601e-05,-4.603887256432713e-05,-4.6867879655383148e-20,-0.00022709869618029138,0.00019453359623789222,-0.00030867140395584485,-1.6175995315969501e-08
3,4,lumen,0.0036842105263157894,0.0013500000000000001,0.0031578947368421052,0.0042105263157894736,0.0012000000000000001,0.0015,1000192.403557091,1.4458215654055986,14.098189495225871,3007.5390538109541,0.1584033486186148,1173,1173,4.0384393522925582e-05,0.22005430290708947,0.59999999999999998,2,500000,0.00035,0.0001,0.10589848792993406,0.11083097016418271,1.7847382232349685e-17,0.16430373531003387,0.050674029763408138,0.56753428940994255,2.2886603251050388e-05,0.093060958056105467,0.055784220611009384,7.8634844898241508e-18,0.052634351954697706,0.35437106849764077,0.44414132429307412,8.0765874727249266e-06,0.26980760843235768,0.0023401197069037429,1.7493639347442445e-09,0.0024880574521752808,2.2488996409029595e-05,0.36232185675656187,0.00010085676739310808,4.8333828661902244e-07,2.0581900422534149e-10,4.8142101983876889e-12,4.7780510364995412e-10,1.2201699673364283e-10,6.3708173850115283e-08,0.36291846228192021,0,0,0,0,0,0,0,3.7804886359751606e-11,-2.1364763000157327e-13,-3.932996846734287e-12,-9.8207939154095058e-11,-1.1184629611360464e-15,1.5378607079192391e-10,2.1076603561000383e-13,7.7367582826393111e-15,2.7203986922856543e-17,-2.6310924734934905e-19,1.725537325081676e-18,-1.9137475134640622e-18,7.1359010340270241e-16,-8.9454333237275672e-11,-3.9646322498934627e-07,2.8648839034417506e-07,-6.5163715916678361e-23,1.0982497419959056e-07,1.2992074289452926e-06,-5.0619391323003526e-07,0,0.023034973244296878,0.027119408388663065,3.8231971488726326e-18,0.038847385182378999,0.011832323461685987,0.1286297646469447,5.2623233601806387e-06,-3.6858564448034562e-05,-6.1590770194045027e-05,-7.0978879697275481e-20,-0.00030672719884988184,0.00025829812347469191,-0.00040599029884555318,-2.1360421604889606e-08
3,5,lumen,0.0036842105263157894,0.00165,0.0031578947368421052,0.0042105263157894736,0.0015,0.0018,1000191.6632250414,1.4519992000588648,14.158438019778089,2998.3911993009892,0.15788766193475143,1173,1173,4.0416166127188714e-05,0.2192160937098675,0.59999999999999998,2,500000,0.00035,0.0001,0.10566244268589324,0.110758444657063,1.8207640292881554e-17,0.1661451600895606,0.05003999168051692,0.5673204327738145,2.2922627471709833e-05,0.093250336332766567,0.055985954082258059,8.0564956113875128e-18,0.053451701956739581,0.35143259956290179,0.44587128419548899,8.1238698450229335e-06,0.26890609975060642,0.0023708113888147669,1.7543543151515115e-09,0.002499787364404777,2.2866257511554951e-05,0.36288317101967127,0.00010175500281875276,4.7959024385209842e-07,2.0587296730675432e-10,4.838007854985957e-12,4.7907483305144115e-10,1.2267186912246671e-10,6.4507912723392404e-08,0.36321496255120395,0,0,0,0,0,0,0,-1.0739762998308473e-11,-1.6491734566384103e-13,-5.1128721320306913e-13,-3.4169037501553032e-11,4.2273042705209818e-16,1.2953130224240689e-10,1.6064670343775398e-13,3.7865760874056242e-15,1.5020888496937399e-17,-1.8080935174308598e-19,1.1028392754693601e-18,-1.2270789858908634e-18,4.3615171590352843e-17,-8.4111357186369177e-11,-3.9947157756334284e-07,2.8659958997701018e-07,-2.9492865933605755e-23,1.1274296331687322e-07,1.311164511796914e-06,-5.121808754893209e-07,0,0.02300210310483514,0.027130485252960145,3.9086773457667885e-18,0.039358754234915146,0.011688940645720012,0.12871006759559658,5.2768892208146379e-06,-5.1102674019713835e-05,-7.8137169657190112e-05,-9.4841559112165159e-20,-0.00039899318403735707,0.00033209797582268416,-0.00051769174957654919,-2.7227638579463118e-08
3,6,lumen,0.0036842105263157894,0.0019499999999999999,0.0031578947368421052,0.0042105263157894736,0.0018,0.0020999999999999999,1000190.7519990241,1.4615054130524119,14.251146045744431,2983.6282200194437,0.15723792693476149,1173,1173,4.0456582667429564e-05,0.21813676550209588,0.59999999999999998,2,500000,0.00035,0.0001,0.10527149345431855,0.11054252838472653,1.8670254648572115e-17,0.1683620298757563,0.049177526862387688,0.56642056451004075,2.2943063381147194e-05,0.093513646305000475,0.05624268890669714,8.3152861337596109e-18,0.054519572730972986,0.3476369630379002,0.44807894466531201,8.1843541171839724e-06,0.26773893077918048,0.0024111642847368109,1.7612070381497686e-09,0.0025148769462546997,2.3361979754879483e-05,0.36360075040557094,0.00010292654752481697,4.7475225816854629e-07,2.0591917455192556e-10,4.8702148181137542e-12,4.8082954523523499e-10,1.235547180454111e-10,6.5549716738102595e-08,0.36360744617862156,0,0,0,0,0,0,0,2.0883834614157991e-11,-8.712553230208276e-14,-1.7427110742258694e-12,-3.3591599245632145e-11,-1.5191840840866888e-15,2.1656954333169887e-11,9.9647045769752907e-14,2.6308382555795262e-14,6.9932260992200376e-17,1.0741825595750438e-20,6.011510286310752e-19,-1.132393197984961e-19,1.100944449805466e-14,-7.2549193201468469e-12,-4.0349968707421857e-07,2.8672261392914677e-07,-3.5038313386219248e-23,1.1675712304644609e-07,1.3272509108014363e-06,-5.2022495694581394e-07,0,0.022963118151488958,0.027145249883760932,4.0216642432290837e-18,0.040017551468978431,0.011507048223309044,0.12879966412567437,5.2949409407706134e-06,-7.096046122163773e-05,-9.7141564986537424e-05,-1.1924779960547709e-19,-0.00050261541377705254,0.00041758994621156537,-0.00064768362457263843,-3.3870392577829311e-08
3,7,lumen,0.0036842105263157894,0.0022499999999999998,0.0031578947368421052,0.0042105263157894736,0.0020999999999999999,0.0023999999999999998,1000189.6274212258,1.4751611466440908,14.384319340389471,2962.0332390271683,0.1563961118954254,1173,1173,4.0506395920890021e-05,0.21677906059233937,0.59999999999999998,2,500000,0.00035,0.0001,0.10470608005610124,0.11014303336440136,1.9224410685616037e-17,0.17094101707347417,0.048049385494008834,0.5646343942766745,2.294056742457572e-05,0.093880551792516698,0.056563104785173915,8.6421045825581839e-18,0.055871984774837451,0.34283616322187527,0.45083993548948442,8.2599361122611564e-06,0.26625644892030076,0.002463438966796403,1.7705932822783818e-09,0.0025339176231949471,2.4004231486209158e-05,0.36450004011059622,0.00010442936117315074,4.6863851643801335e-07,2.059453872549747e-10,4.9135417389612366e-12,4.8325338493983083e-10,1.2473680073674301e-10,6.6885494671600815e-08,0.36411718267299897,0,0,0,0,0,0,0,3.6630324544799724e-12,-5.2605622306483451e-15,-5.0697691487090094e-12,-7.7505698072025987e-11,1.098296800727816e-15,2.6240826254530364e-10,2.9437488693139459e-14,3.2116345173582861e-14,7.6312222028567893e-17,2.1753439379459313e-19,-3.3052431217605595e-19,1.207594048628535e-18,1.0467767141594736e-14,-1.835635536970875e-10,-4.0885065365897644e-07,2.8528554379958493e-07,3.1192826782447849e-22,1.2330772760828519e-07,1.3498730500050016e-06,-5.3208594896769768e-07,0,0.022920247510983996,0.027162296630842856,4.1631761379783425e-18,0.040833631590897743,0.011280782320434892,0.12889084029216061,5.3163504376099833e-06,-9.7400714219644428e-05,-0.00012548789600995899,-1.6722626144515041e-19,-0.00060675813009673438,0.00051656932366470531,-0.00080119996496415822,-4.128457138580666e-08
3,8,lumen,0.0036842105263157894,0.0025499999999999997,0.0031578947368421052,0.0042105263157894736,0.0023999999999999998,0.0026999999999999997,1000188.1652486329,1.4885749918842472,14.51513917407841,2942.8503274410941,0.15533874150435259,1173,1173,4.0566035416794901e-05,0.21510051104249178,0.59999999999999998,2,500000,0.00035,0.0001,0.10432149789428384,0.10995303150705554,2.0067027163290608e-17,0.17438393917365214,0.046785420403767236,0.56378639413463294,2.2988808788766677e-05,0.094386402841354966,0.056979063010951077,9.102934311056161e-18,0.057515670586234288,0.33685361531669106,0.45425689566006228,8.3525847062634591e-06,0.26438044149446249,0.0025305643373115167,1.7832154790808287e-09,0.0025575435785476471,2.4839083154150433e-05,0.36565148867396963,0.00010633478184669179,4.6115947293220473e-07,2.0599784103007905e-10,4.971338193297153e-12,4.8654729520347845e-10,1.263021712243575e-10,6.8606312476237041e-08,0.36474825567788788,0,0,0,0,0,0,0,-2.568106169943515e-11,2.5995815181976925e-13,6.4489001801659079e-12,1.0247697021716323e-10,-7.0769128404646331e-15,-2.7221459927753017e-10,-1.6692180417742818e-13,1.0128714273555106e-13,2.1740683908031864e-16,1.2163610839093916e-18,-3.8030162193620544e-18,7.2529565464116548e-18,3.1935353307953133e-14,1.8875098658619176e-10,-4.1587762552100505e-07,2.7873213970242006e-07,-6.2077560401747585e-23,1.3741112520874933e-07,1.385037579584858e-06,-5.533847952654547e-07,0,0.022879546845510704,0.027183325955624778,4.3560420821737955e-18,0.041785750222092653,0.011002365529865237,0.12897770726609942,5.3405118088881568e-06,-0.00013367380423732569,-0.00018593883455134859,-2.1178899194754027e-19,-0.00066519192101563126,0.00063266239244242164,-0.00099689486970464436,-4.9327192749890852e-08
3,9,lumen,0.0036842105263157894,0.0028499999999999997,0.0031578947368421052,0.0042105263157894736,0.0026999999999999997,0.0029999999999999996,1000104.5061226444,1.5059792073497424,14.686076591722031,2917.6940074509921,0.13664066602317215,1173,1173,4.0634480487189774e-05,0.21305322161952792,0.59999999999999998,2,500000,0.00035,0.0001,0.10386978617107707,0.10985595521636703,2.1113560336227623e-17,0.17779837506262114,0.045225942097537816,0.56244798023396614,2.3024428345494144e-05,0.09508443777811057,0.057599177878056115,9.6904607857298335e-18,0.059332421869467029,0.32946014363949711,0.45851535479186156,8.464043007823347e-06,0.26195287402676426,0.0026165951302607941,1.7996918314486252e-09,0.0025862465699026155,2.5959164355656231e-05,0.3672623059450964,0.00010873201993672052,4.5254554379652098e-07,2.0631039411979725e-10,5.0479444813050547e-12,4.9090226079133005e-10,1.2835029346893961e-10,7.0909527114778492e-08,0.36544676105831048,0,0,0,0,0,0,0,-4.9317026127486077e-11,4.7448858764600497e-13,1.4220712733802185e-11,2.0623137848183568e-10,-1.2603633414709492e-14,-5.9614447026849066e-10,-3.3113431536827835e-13,1.4391786373746385e-13,2.9648613556103641e-16,1.9721616770787587e-18,-6.5585690795548408e-18,1.1945426791863391e-17,4.0800725960618419e-14,4.2469372412332778e-10,-4.2490290327185098e-07,2.4901458400838905e-07,8.0016377791328323e-23,1.7647007067874357e-07,1.4511609495171385e-06,-6.0156501224817305e-07,0,0.020358598627778297,0.023865944617367667,4.1033176715554295e-18,0.037643793148533118,0.0093140628764801468,0.11427462493003188,4.7386958135461406e-06,0,0,0,0,0,0,0
3,10,annular_channel,0.0036842105263157894,0.0040000000000000001,0.0031578947368421052,0.0042105263157894736,0.0030000000000000001,0.0050000000000000001,99999.999971498939,0.020670849761042578,nan,nan,0.038455228723519787,1173,nan,nan,nan,nan,nan,nan,nan,nan,nan,nan,nan,nan,nan,nan,nan,nan,nan,nan,nan,nan,nan,nan,nan,nan,nan,nan,nan,nan,nan,nan,nan,nan,nan,nan,nan,nan,nan,nan,nan,nan,nan,nan,nan,nan,nan,nan,nan,nan,nan,nan,nan,nan,nan,nan,nan,nan,nan,nan,nan,nan,nan,nan,nan,nan,nan,nan,nan,nan,nan,nan,nan,nan,nan,nan,nan,nan,nan,nan
4,0,lumen,0.0047368421052631574,0.00015000000000000001,0.0042105263157894736,0.005263157894736842,0,0.00030000000000000003,1000181.9733532501,1.4189039547644076,13.835860465794857,3008.8491628872539,0.16144473611914503,1173,1173,4.0470688992293412e-05,0.22417969812704713,0.59999999999999998,2,500000,0.00035,0.0001,0.093861140721630848,0.12759390094260464,1.4529230214432232e-17,0.17118918360137347,0.055120651509132791,0.55194398012073231,2.291558429408345e-05,0.080948054988768947,0.063026469465488358,6.2824052103973698e-18,0.053819665467562103,0.37829446580558829,0.42390340793149617,7.9363410959974654e-06,0.27008677721843377,0.0020271390594754184,1.4742874370225277e-09,0.002300742574938802,2.2011611516666426e-05,0.37385090926311326,9.0267877317765319e-05,5.9168062945149982e-07,2.3277780048838467e-10,4.1315102103419247e-12,4.0471638960874602e-10,1.0141277568498076e-10,6.4422365347647038e-08,0.35162149407488352,0,0,0,0,0,0,0,-1.1604721809409589e-11,-5.8880023485893571e-13,4.373683120750527e-12,1.635298369438446e-10,-1.0389909418928589e-15,-4.62177472074915e-10,4.7525638872513695e-13,-4.0484000700391487e-14,-3.1754121098378982e-17,-1.5000001204193457e-18,5.7836083790722858e-18,-7.8446485062442447e-18,3.1605292126137034e-14,3.0600202896569442e-10,-3.1282681133351642e-07,2.3646190444592818e-07,3.9683648452525764e-23,7.6822720606283832e-08,1.0152955400438701e-06,-3.8980864563997741e-07,0,0.020498675964441087,0.030690480288178792,3.1741831489841106e-18,0.040178078559436739,0.012785388546200444,0.12537682778716361,5.2677468031132881e-06,-5.201514444795394e-06,-1.5923604458117897e-05,-1.4412389781588699e-20,-6.5802647964960379e-05,5.5242612454320471e-05,-8.589170170630677e-05,-4.6576720829192133e-09
4,1,lumen,0.0047368421052631574,0.00045000000000000004,0.0042105263157894736,0.005263157894736842,0.00030000000000000003,0.00060000000000000006,1000181.8356580312,1.4208728087543918,13.855060846094988,3005.415775017038,0.16132942357363672,1173,1173,4.0477814578938799e-05,0.22400267620096295,0.59999999999999998,2,500000,0.00035,0.0001,0.093761569810550033,0.12752105994397553,1.4597925001664974e-17,0.1714998084073926,0.054955801632468514,0.55164420069953879,2.2912999834047871e-05,0.080974397229355705,0.063077902344959205,6.320868151909478e-18,0.053992144347248451,0.37768649576576263,0.42426111385442938,7.9464582444880517e-06,0.26990738031571671,0.0020323994861768755,1.4749731635210944e-09,0.0023030057003213442,2.2086727159162004e-05,0.37397337881585718,9.0429364411751979e-05,5.9079610805800988e-07,2.3281298465694603e-10,4.1344794392059074e-12,4.0487063835410572e-10,1.0150401229332831e-10,6.4590265624797806e-08,0.35167066198568792,0,0,0,0,0,0,0,4.276284775060898e-11,-6.4458258749080564e-13,-6.3805602720428965e-12,-1.2635565379310187e-10,4.3099204760643772e-15,2.6262565570606827e-10,5.0212475464468881e-13,-6.7680670096104123e-14,-7.5948400801604434e-17,-1.8203241905810233e-18,6.7598452836461439e-18,-9.5131537960419209e-18,2.7724801539309359e-14,-1.724740631168877e-10,-3.1324263120510731e-07,2.3572892143830515e-07,-1.4440728088760155e-22,7.725750036165901e-08,1.0169828466299879e-06,-3.9038011373504489e-07,0,0.020490746124587039,0.030693225023955779,3.1904448307053464e-18,0.040284604096486293,0.012754382206604062,0.12539563853084792,5.2709268068142526e-06,-1.0599607727833536e-05,-3.2525753580681063e-05,-2.1968572748310447e-20,-0.00013448201401661353,0.00011208920592932755,-0.00017367595691381984,-9.4381672471965834e-09
4,2,lumen,0.0047368421052631574,0.00075000000000000002,0.0042105263157894736,0.005263157894736842,0.00060000000000000006,0.00090000000000000008,1000181.5576024,1.4234933994235468,13.880618324520357,3001.37755258176,0.16109950861473218,1173,1173,4.0492283831774637e-05,0.22364295834947995,0.59999999999999998,2,500000,0.00035,0.0001,0.093651024742265471,0.12749844366749774,1.4706329578305437e-17,0.17230299912826677,0.054675214620892101,0.55156735662686862,2.2929875010090626e-05,0.08102812006155953,0.063183050107779207,6.3795533418045557e-18,0.054345069578259783,0.37645128272015788,0.42498451055243786,7.9669798058579567e-06,0.26954203366835794,0.0020431237117252443,1.4763696981446765e-09,0.0023075859478383074,2.2240255574055314e-05,0.37422322911585021,9.0757742959333932e-05,5.8900886147451215e-07,2.3288534656261842e-10,4.1405545560005402e-12,4.0518517161661787e-10,1.0169013185475255e-10,6.4932842540349924e-08,0.35177037339571943,0,0,0,0,0,0,0,-3.5105438373350876e-11,-4.9158287227438804e-13,4.776646713374672e-12,5.2303780706038979e-11,2.8690157888311418e-15,-5.8604877136055056e-11,3.799918092630057e-13,-5.4158934281733906e-14,-6.0102045920535947e-17,-1.3229785256363681e-18,4.6120315320731113e-18,-6.6413276726601587e-18,2.102532185973168e-14,3.6771529954752145e-11,-3.141232353216436e-07,2.3605114563007845e-07,-3.4571349446813599e-23,7.8125948188123309e-08,1.0204986428952179e-06,-3.9229667708751137e-07,0,0.02047242448803584,0.03070270487614276,3.2189243091685453e-18,0.040504488804593966,0.012692186980564723,0.12542955979561471,5.2774002235699695e-06,-1.6962040417177012e-05,-4.9876621185518593e-05,-3.7010484960915463e-20,-0.00020862159871073695,0.00017227059361532218,-0.00026560989619292031,-1.4465608376464089e-08
4,3,lumen,0.0047368421052631574,0.0010500000000000002,0.0042105263157894736,0.005263157894736842,0.00090000000000000008,0.0012000000000000001,1000181.1409160604,1.4290227350669911,13.934541202885796,2992.0706398107718,0.16074755547083355,1173,1173,4.0514466207020951e-05,0.22308935456928614,0.59999999999999998,2,500000,0.00035,0.0001,0.093387732403486995,0.12732963708127731,1.4876823555314626e-17,0.17336889166583166,0.054188369549306052,0.55086337755932724,2.2931470508698068e-05,0.081114205885461726,0.063344522465460698,6.4785833739481716e-18,0.054893680024907986,0.37454864494147183,0.426090948196574,7.998486123810106e-06,0.26897859478444208,0.0020597563705634122,1.4785894571021219e-09,0.0023146134257468975,2.2478570917093878e-05,0.37460707196318804,9.1265059426099269e-05,5.8626310470450366e-07,2.3299235957962501e-10,4.1501529200389085e-12,4.0568864757188597e-10,1.0198275791779542e-10,6.5462629159589874e-08,0.35192556587657903,0,0,0,0,0,0,0,3.3153925939195389e-11,-4.7323215572724268e-13,-4.3675782253597142e-12,-3.9175897980236081e-11,3.2140089201160293e-15,5.1544690499345791e-11,3.5151214106438104e-13,-6.5503375293318733e-14,-7.9517807929392924e-17,-1.4003360364696724e-18,4.6972120066144079e-18,-6.9808734492412652e-18,1.9415937990291527e-14,-4.0990183785202852e-11,-3.1547555019457302e-07,2.3601333037914785e-07,-4.6153904976577827e-23,7.9415085630662633e-08,1.0258380429700731e-06,-3.9485579389486603e-07,0,0.02044525750647672,0.030716588533185402,3.261474416224062e-18,0.040844186336917138,0.012596870477285872,0.12547862496082243,5.2871884950607698e-06,-2.4053511899892885e-05,-6.9200028380353963e-05,-5.1585104873591851e-20,-0.00029140707542321643,0.00023711968031590619,-0.00036274829948383539,-1.9850784681929574e-08
4,4,lumen,0.0047368421052631574,0.0013500000000000001,0.0042105263157894736,0.005263157894736842,0.0012000000000000001,0.0015,1000180.5843071777,1.4344805006164691,13.987768195717045,2983.8767335599327,0.1602683443531922,1173,1173,4.0544973889203321e-05,0.22232519450328911,0.59999999999999998,2,500000,0.00035,0.0001,0.093172658496825697,0.12729468736918728,1.5136714645420817e-17,0.17512746116516034,0.053603502333280192,0.5507143167161761,2.2967997280094893e-05,0.081236523669656793,0.063569031755318181,6.6169402995456493e-18,0.055662303880631279,0.37192131206175649,0.42760278680480557,8.0418278316352168e-06,0.26819734433024395,0.0020829386693241897,1.4817233226923102e-09,0.0023242447582428379,2.2812080563728897e-05,0.37513933195404292,9.1967950132266466e-05,5.825051603369998e-07,2.3313888721897696e-10,4.1637425666180056e-12,4.0640362537199132e-10,1.0239426216910833e-10,6.6200541375342204e-08,0.35214070932392555,0,0,0,0,0,0,0,7.328974360696784e-11,-5.4536498172878274e-13,-8.0833116065525612e-12,-1.0871128164499469e-10,4.3713947392443053e-15,1.1588074824795541e-10,3.9851461636094298e-13,-7.0250446085329266e-14,-8.1204528046471748e-17,-1.8134376987240176e-18,6.5332747236035818e-18,-9.4256523302499829e-18,3.3154335696462926e-14,-7.2195916234864301e-11,-3.1737965037765409e-07,2.3611742810958347e-07,-4.2184421099419275e-23,8.1154457613450936e-08,1.0332807589830129e-06,-3.9843344096235356e-07,0,0.020409683891388128,0.030736282379960626,3.3233684819213838e-18,0.041317143642861591,0.012466641087983893,0.1255428369660391,5.3005423271862746e-06,-3.3256035250050059e-05,-8.9807487965027965e-05,-6.8730556125035166e-20,-0.00038446249830310865,0.00030822099652795049,-0.0004676650695842531,-2.5683792976031943e-08
4,5,lumen,0.0047368421052631574,0.00165,0.0042105263157894736,0.005263157894736842,0.0015,0.0018,1000179.8758355684,1.4443656817219137,14.084169598743717,2967.6289008945282,0.15964636744488903,1173,1173,4.0584428113173469e-05,0.22132938594724089,0.59999999999999998,2,500000,0.00035,0.0001,0.092728063455469301,0.12700449585345822,1.5453255885422925e-17,0.17711012724908215,0.052745656637330496,0.54943900213650454,2.2970377119143576e-05,0.081406081921704107,0.063861223113282711,6.8018712651753532e-18,0.056680430589905573,0.36849145519705601,0.4295527110882621,8.0980897895649631e-06,0.26717436339778916,0.0021136256143311719,1.4860193582493498e-09,0.0023367363830739838,2.3254493036425483e-05,0.3758320537104895,9.289154089308087e-05,5.7762365010386351e-07,2.3331698475696993e-10,4.1822554706661635e-12,4.0739451073396083e-10,1.029502606889843e-10,6.7172625916475016e-08,0.35242642783024719,0,0,0,0,0,0,0,1.8244721747534711e-11,-5.1931359261058858e-13,-4.5561147243755566e-12,-8.2635730596980218e-11,6.793068711707928e-15,2.2508708623098644e-10,3.7793376300568396e-13,-5.9355190033805183e-14,-6.0922983077223001e-17,-1.7495019881982561e-18,6.4277720757730824e-18,-9.142952680110205e-18,4.0217545700817829e-14,-1.5598594671396323e-10,-3.1994504902030374e-07,2.3626368700346845e-07,-3.2800068276996157e-23,8.3460843406134161e-08,1.0433002924359336e-06,-4.0332777778706586e-07,0,0.020366525055594144,0.03076188009858034,3.4056807037453878e-18,0.041938495801070085,0.012298858775302535,0.12562064259774708,5.3176281108219246e-06,-4.4949413494302599e-05,-0.00011273449545089695,-8.9935713331135948e-20,-0.0004893010740923368,0.00038671507140637239,-0.00058187911969506353,-3.2046196154759316e-08
4,6,lumen,0.0047368421052631574,0.0019499999999999999,0.0042105263157894736,0.005263157894736842,0.0018,0.0020999999999999999,1000179.005218933,1.455106710752343,14.188918912329502,2951.0044842389789,0.158853129734601,1173,1173,4.0633520465537634e-05,0.22007651804012157,0.59999999999999998,2,500000,0.00035,0.0001,0.092303488162052763,0.12679354319421887,1.5887118892754299e-17,0.17984195075792195,0.051741476075976102,0.54846364342252762,2.2999284399641327e-05,0.081636022493083132,0.064229321777569445,7.044847856735696e-18,0.057982750263339537,0.36416448831659809,0.43197924856414355,8.168585266285748e-06,0.26587796578515505,0.002153062226050191,1.4917688914572839e-09,0.0023523847588850385,2.3824819313725667e-05,0.37670415402631124,9.4067511540750858e-05,5.7150319174176643e-07,2.3352298970353606e-10,4.206878561258632e-12,4.087379633027763e-10,1.0368252709485465e-10,6.8414981112360752e-08,0.35279389871265188,0,0,0,0,0,0,0,5.2683868244038601e-11,-4.6775765125372376e-13,-9.6451408296639374e-12,-1.7171368088367692e-10,7.0204259072781383e-15,4.0088981461718076e-10,3.4712320178872402e-13,-2.9419825950394163e-14,-7.2926508760565432e-18,-1.5296486775669015e-18,5.9966073868046904e-18,-8.0911639935178972e-18,5.3994260820988845e-14,-2.7212582222107255e-10,-3.2328872193176927e-07,2.3608837018684881e-07,-7.0149143832375291e-23,8.6809075461164283e-08,1.056677603999967e-06,-4.0993569866420998e-07,0,0.020317602869986233,0.030790363894508919,3.5119983093126619e-18,0.04272075956936331,0.01208945891520158,0.12570403892382573,5.3383196737289302e-06,-6.084119323881702e-05,-0.00013864531411178718,-1.1402127401513464e-19,-0.00060266122706573069,0.00047406180593516774,-0.0007085733536264558,-3.8948041665617623e-08
4,7,lumen,0.0047368421052631574,0.0022499999999999998,0.0042105263157894736,0.005263157894736842,0.0020999999999999999,0.0023999999999999998,1000177.9320329677,1.4674531926804977,14.309326282512448,2932.7149721105557,0.15788919396423173,1173,1173,4.0692717452226307e-05,0.21853773464215495,0.59999999999999998,2,500000,0.00035,0.0001,0.091877212711265796,0.12661684646589677,1.6445786817701789e-17,0.18329399138863556,0.050553646578468683,0.54757368233794856,2.3046214701842042e-05,0.081948576613682128,0.064684104567772224,7.3544637023294244e-18,0.059597208034811354,0.3588237220546267,0.43493813401557196,8.2547135355567738e-06,0.26426759727151555,0.0022029621332825358,1.499444619829162e-09,0.0023716053204919478,2.4549375341723344e-05,0.37777993243510011,9.5539232992840754e-05,5.6399275834559453e-07,2.3375180526342949e-10,4.2394429236451755e-12,4.1056146228481561e-10,1.0463995463922059e-10,6.9977163672093367e-08,0.35325717800871498,0,0,0,0,0,0,0,-1.5345519477918342e-11,-3.7759394958613673e-13,8.8830047992715144e-14,1.0077146049470131e-11,4.2456272872359868e-15,3.5809408715191393e-11,2.9221323397926554e-13,8.1140606386642666e-15,5.4885099636345856e-17,-1.1015396131683259e-18,4.7703961909245776e-18,-5.8467391136150626e-18,6.4472923132834142e-14,-3.0621089358631336e-11,-3.2763226409226326e-07,2.3478373539775887e-07,-3.9318161331420462e-23,9.2812553633990494e-08,1.0757165490732357e-06,-4.2045478126917502e-07,0,0.020264551178443578,0.030822029518819499,3.6467658566640538e-18,0.043670194038897353,0.011834139957336618,0.12578463392566233,5.3623991744610988e-06,-8.2820743561218859e-05,-0.00017421713077040823,-1.4643562653126996e-19,-0.00071082791772741785,0.00057191743931108156,-0.00085520297985047929,-4.6383183022379426e-08
4,8,lumen,0.0047368421052631574,0.0025499999999999997,0.0042105263157894736,0.005263157894736842,0.0023999999999999998,0.0026999999999999997,1000176.5351526194,1.4844803746569417,14.475380757682816,2906.9992680855357,0.15669760248352924,1173,1173,4.0761943741739845e-05,0.21668100235484172,0.59999999999999998,2,500000,0.00035,0.0001,0.091297198941250851,0.12627628801438204,1.7141550330662134e-17,0.18702562938455597,0.049068876119721411,0.54574212729410576,2.3066728099716466e-05,0.082376221204545436,0.065258741509282361,7.7545617792773955e-18,0.061516217064389533,0.35232671884153627,0.43851374344102051,8.3579392259658881e-06,0.26227837550340788,0.0022656028872693169,1.5096511197015397e-09,0.0023948815074089991,2.5471124918731081e-05,0.37912164475935339,9.7362243252788972e-05,5.5502490741717115e-07,2.3405290846482973e-10,4.2825253360299398e-12,4.1303419292260619e-10,1.0588821946498364e-10,7.1945491005837481e-08,0.35381603273708156,0,0,0,0,0,0,0,-5.9281907824327793e-12,-3.1333185746731411e-13,1.688287859073617e-12,2.95180217652456e-11,1.3267381984705118e-15,-9.497886580955156e-11,2.6038867096993072e-13,4.90358621763054e-14,1.2485611915842438e-16,-7.1180695351664309e-19,3.8326195659192553e-18,-3.8189425480809973e-18,7.9941577247783203e-14,6.9623251226713776e-11,-3.3319988986327265e-07,2.2644797526005789e-07,-5.2640888790038861e-23,1.068450747591446e-07,1.1064424527140737e-06,-4.4007277366642228e-07,0,0.020205402163959271,0.030867105058224039,3.8172263563668528e-18,0.044761490890049653,0.011527006956150937,0.12584032612595905,5.3888596633201938e-06,-0.00011110683410417573,-0.00024822205672098802,-1.87705181717638e-19,-0.00076667979397582187,0.00068315420833593189,-0.0010387467877828356,-5.4243126563379479e-08
4,9,lumen,0.0047368421052631574,0.0028499999999999997,0.0042105263157894736,0.005263157894736842,0.0026999999999999997,0.0029999999999999996,1000094.307508233,1.503409758635037,14.661169232762916,2879.4695203610172,0.13649727904453984,1173,1173,4.0839968351413751e-05,0.21446820563782065,0.59999999999999998,2,500000,0.00035,0.0001,0.090771833658571263,0.12625059767401869,1.8051873834539882e-17,0.19092415261237336,0.047369302848043908,0.54416930392674767,2.3105860848139652e-05,0.082953388695164137,0.066082876766735188,8.2711912387234826e-18,0.063604519804400461,0.34448877256605664,0.44286196259477356,8.4795728701688689e-06,0.25976329180360419,0.0023439860428980841,1.522618360710179e-09,0.002422432045957895,2.6681126287026925e-05,0.38094180303944647,9.959991483551727e-05,5.4499757265583437e-07,2.3471660727156593e-10,4.3388159271382986e-12,4.1623434839927157e-10,1.0748299256769183e-10,7.4521232297403621e-08,0.35440158422277546,0,0,0,0,0,0,0,3.3579077099614575e-11,-4.0637642142602368e-13,-2.7288717858401168e-12,-6.2228344091144474e-11,2.5345394186193637e-15,3.7946537622193799e-11,3.2427583586959988e-13,1.922539818316471e-14,7.381228674431414e-17,-1.0889483797439689e-18,5.2005083959610725e-18,-6.1072486098473399e-18,7.218181607717814e-14,-6.58020900867746e-12,-3.4015208382528334e-07,1.9317918120709265e-07,5.3009639999458402e-24,1.4693759100080671e-07,1.1673850146970421e-06,-4.8703014876583239e-07,0,0.017117108630316562,0.025889258291190102,3.4219600886846234e-18,0.038498734085361537,0.0093259036551593122,0.10620332113833858,4.5583862555387333e-06,0,0,0,0,0,0,0
4,10,annular_channel,0.0047368421052631574,0.0040000000000000001,0.0042105263157894736,0.005263157894736842,0.0030000000000000001,0.0050000000000000001,99999.999950329657,0.020670849756666707,nan,nan,0.050029167749835006,1173,nan,nan,nan,nan,nan,nan,nan,nan,nan,nan,nan,nan,nan,nan,nan,nan,nan,nan,nan,nan,nan,nan,nan,nan,nan,nan,nan,nan,nan,nan,nan,nan,nan,nan,nan,nan,nan,nan,nan,nan,nan,nan,nan,nan,nan,nan,nan,nan,nan,nan,nan,nan,nan,nan,nan,nan,nan,nan,nan,nan,nan,nan,nan,nan,nan,nan,nan,nan,nan,nan,nan,nan,nan,nan,nan,nan,nan,nan
5,0,lumen,0.0057894736842105266,0.00015000000000000001,0.005263157894736842,0.0063157894736842104,0,0.00030000000000000003,1000169.9292012561,1.412886965249339,13.777354164582793,2985.0718021150183,0.16267376799740998,1173,1173,4.0612950738229501e-05,0.22550928068934134,0.59999999999999998,2,500000,0.00035,0.0001,0.083459189996221858,0.14139656121206309,1.2941542588461589e-17,0.17969464612941671,0.057139585885228147,0.53875345246869266,2.2997300837272611e-05,0.071672805514377227,0.069549107514198627,5.5722300042898567e-18,0.05625478382158991,0.3904922180349128,0.41202315415225649,7.9309626649452109e-06,0.26833924092198885,0.0018666024658215378,1.2764929376107811e-09,0.0021868062558783575,2.236646872375137e-05,0.38365047697199584,8.4448045774348737e-05,6.7800712901570043e-07,2.5520294921303543e-10,3.6976681242868391e-12,3.5259178919495183e-10,8.7682630607482897e-11,6.6505773814540787e-08,0.34384931238124544,0,0,0,0,0,0,0,1.1667796947811791e-11,-9.7610392728405741e-14,-1.3377267069004456e-12,-1.7158673201626591e-11,-2.9099986309510939e-16,2.2032640902697187e-11,8.7632886891859633e-14,-3.8616028777416211e-15,-2.9407378164305189e-18,-4.4842149892853522e-19,2.5105048430245913e-18,-3.2391745131006329e-18,9.2830475801670079e-16,-1.5190710060207683e-11,-2.6000157050346667e-07,1.9725095301570406e-07,-1.011613882109042e-23,6.2729925778679796e-08,8.4273276680646436e-07,-3.2271566990926814e-07,0,0.018333071779105439,0.033748591739706166,2.8787318932393882e-18,0.042189654006324996,0.013230587701503753,0.12299340332300279,5.3058151081939369e-06,-4.243419712267417e-06,-2.1359649024753744e-05,-1.1385682794862566e-20,-7.9598412547837085e-05,6.3981219180928964e-05,-9.6414702810062225e-05,-5.4247334152772368e-09
5,1,lumen,0.0057894736842105266,0.00045000000000000004,0.005263157894736842,0.0063157894736842104,0.00030000000000000003,0.00060000000000000006,1000169.7983449441,1.4174674661329405,13.82202138816789,2976.2481650820537,0.16254311563876664,1173,1173,4.0621458798488489e-05,0.22530467428666281,0.59999999999999998,2,500000,0.00035,0.0001,0.083214300928627874,0.14107888797182835,1.2969560759469723e-17,0.17977570229792883,0.056853863595323156,0.53752723953325277,2.2956801726250531e-05,0.071694187323875447,0.069617829595342851,5.6023984690459874e-18,0.056462623605055232,0.38979926518578195,0.41241815162650369,7.9426634409052416e-06,0.26813809776163333,0.0018719720468553574,1.2770500683476546e-09,0.0021892050475835062,2.2452964233113979e-05,0.38379605786869614,8.4615792118982917e-05,6.7691759145183734e-07,2.5526359850352782e-10,3.6998023242893959e-12,3.5269783188893371e-10,8.7758651773898736e-11,6.6703712502910712e-08,0.34389685292110395,0,0,0,0,0,0,0,-1.2560462670795217e-11,-7.6579859981339224e-14,2.2373916057134303e-12,1.7950025855546221e-12,-2.0860049798621105e-16,-2.8596493662630396e-12,7.0108501670323967e-14,-1.040183564282593e-15,-4.6816044526240276e-19,-2.9684047719478244e-19,1.7892977508657588e-18,-2.2918943841882947e-18,1.8764105101672937e-15,1.1393580262967199e-11,-2.6037424364321049e-07,1.9731382677745657e-07,-1.1573324047810108e-24,6.3061038418875359e-08,8.4418329765467703e-07,-3.2343483585828281e-07,0,0.018321457568276581,0.033757012351570123,2.8923772725268188e-18,0.042317967519179531,0.013195601130803009,0.12300985205921987,5.3094967460198981e-06,-8.3654439877074902e-06,-4.3812883631781603e-05,-2.5692352731469674e-20,-0.00016221480702972884,0.00012913945711205918,-0.00019374405919994262,-1.0956691285044584e-08
5,2,lumen,0.0057894736842105266,0.00075000000000000002,0.005263157894736842,0.0063157894736842104,0.00060000000000000006,0.00090000000000000008,1000169.5339479635,1.4199351362814141,13.846087815553773,2972.7351112608362,0.16227911073691764,1173,1173,4.0638684748819671e-05,0.22489068345262814,0.59999999999999998,2,500000,0.00035,0.0001,0.08311854596412184,0.1411190872630716,1.3104518386074425e-17,0.18081121333788031,0.056551095125592435,0.53762514308375853,2.2985166401591868e-05,0.071736376395959214,0.069758917340067311,5.67055167054583e-18,0.056886726304008685,0.38839852637633326,0.4132114872599158,7.9663237159338462e-06,0.26772963046881332,0.0018828556540914213,1.2781532844709132e-09,0.0021940201780820076,2.2629254894850791e-05,0.38409353333074508,8.4954684242096698e-05,6.7474063240315442e-07,2.5539120572622692e-10,3.7041102300861423e-12,3.5290638062054441e-10,8.7911372804513745e-11,6.7106563199629489e-08,0.34399163260386922,0,0,0,0,0,0,0,-3.7264741445069904e-11,-7.6252636766824053e-14,5.942195133218305e-12,2.000435823873883e-11,3.1506915132428759e-16,-1.2329309014708079e-11,6.9471752095455192e-14,-1.3045120539345589e-15,-6.5312821489055181e-19,-2.954419021870628e-19,1.7538053436362749e-18,-2.2479672291773047e-18,1.9251955627574521e-15,2.3653412298105252e-11,-2.6112018498836154e-07,1.9740563433900959e-07,-1.3937330230215899e-22,6.3720936872860303e-08,8.4708225872587306e-07,-3.2485518081104559e-07,0,0.018299427662408701,0.03377211507573806,2.9219967528672713e-18,0.042577126831480343,0.013124787880554274,0.12304177930806301,5.3168330970281009e-06,-1.3122194085841647e-05,-6.7070292592105241e-05,-3.3462465427434995e-20,-0.00024985827908186893,0.0001968103755669243,-0.00029355536091877119,-1.6669767790477459e-08
5,3,lumen,0.0057894736842105266,0.0010500000000000002,0.005263157894736842,0.0063157894736842104,0.00090000000000000008,0.0012000000000000001,1000169.1382747568,1.4258293085499445,13.903568636238102,2962.9812385180703,0.16187344413409935,1173,1173,4.0664917015021544e-05,0.22425839976345874,0.59999999999999998,2,500000,0.00035,0.0001,0.082851397727822282,0.14097152571113097,1.3255015055707086e-17,0.18213647133597941,0.056006959845293608,0.536960910195735,2.2993776581527533e-05,0.07180266128012458,0.069975268956798065,5.7594853303766755e-18,0.057541569460383191,0.38625823924408281,0.41441425866684906,8.0023917623928007e-06,0.26710387663561797,0.0018996026523517386,1.2798749583896839e-09,0.0022013366814987263,2.2901310739854363e-05,0.38454888328085762,8.5473817667437854e-05,6.7143443745064771e-07,2.5558441206463057e-10,3.7108635550176003e-12,3.5323542643388213e-10,8.8148455111603487e-11,6.7725991251732793e-08,0.3441371844802838,0,0,0,0,0,0,0,-2.0454103129182827e-11,-6.9229348249687972e-14,6.8093910196013024e-12,-6.4374326872899437e-11,2.5652223401007035e-16,7.1954303084396931e-11,6.814489146923924e-14,5.0567189324723927e-16,2.0347756434585401e-18,-2.8575987590175179e-19,1.7605971168507947e-18,-2.2172046665397931e-18,-1.4228896542621119e-15,6.0664248718048096e-12,-2.6226851026524278e-07,1.9748279406206493e-07,3.2969945076567069e-23,6.4706953217658787e-08,8.5150224676810993e-07,-3.2690427698156554e-07,0,0.018267543131234229,0.033793276468651143,2.9631842380729402e-18,0.042973949556127572,0.01301699876750928,0.12308820091399446,5.3278514935545749e-06,-1.9003832975095371e-05,-9.127881233889712e-05,-5.0719754394742103e-20,-0.00034474450824969636,0.00026814312820245493,-0.0003971630042897835,-2.2642662575594037e-08
5,4,lumen,0.0057894736842105266,0.0013500000000000001,0.005263157894736842,0.0063157894736842104,0.0012000000000000001,0.0015,1000168.6102435228,1.4319032309525728,13.962804133139128,2953.8888271190381,0.161322647972724,1173,1173,4.0700535961227656e-05,0.22339495950938212,0.59999999999999998,2,500000,0.00035,0.0001,0.082610461324463813,0.14096558434810375,1.3508537478687502e-17,0.18422160401100485,0.055346767739466972,0.53678430961378143,2.3036796229838143e-05,0.07189887744323091,0.070270433551091596,5.8946516326046205e-18,0.058448275895802634,0.38333138757367102,0.41604297401496204,8.0515212418590212e-06,0.26624639585057747,0.0019227588384181126,1.2823427486158532e-09,0.0022112867129080917,2.3278221231080906e-05,0.38516979931219075,8.6187321704059923e-05,6.6693044726599136e-07,2.5583840289452817e-10,3.7205198685898655e-12,3.5371723664892249e-10,8.8482825366804761e-11,6.857935359897349e-08,0.34433955624906687,0,0,0,0,0,0,0,-1.5847975885512126e-12,-3.9499564414382435e-14,-3.2507030909578274e-13,-3.9227523562268811e-11,-2.2594773274597912e-16,1.1624928233575083e-10,6.5227504766183071e-14,2.2887507861168999e-14,4.3885356954252277e-17,-1.2326708173046013e-19,1.4894662338124243e-18,-1.4753071893968981e-18,-2.640223360917186e-15,-7.5157658149842379e-11,-2.6386758406569955e-07,1.9770250470063644e-07,1.4553138558356206e-23,6.6049135148730857e-08,8.5765362362044684e-07,-3.2987781678484041e-07,0,0.018226431439874059,0.033821637153950847,3.0235958976525081e-18,0.043520598343810224,0.012870967769835521,0.12314820581124068,5.3427424652836026e-06,-2.6685264738463339e-05,-0.00011639444027425833,-6.7231283420918918e-20,-0.00044856926179054097,0.00034422345341031011,-0.00050587210326084972,-2.8938464892215312e-08
5,5,lumen,0.0057894736842105266,0.00165,0.005263157894736842,0.0063157894736842104,0.0015,0.0018,1000167.938516735,1.4413710539258435,14.055136402183214,2938.9845772912681,0.16062303224301133,1173,1173,4.0745957541195718e-05,0.22228391733344782,0.59999999999999998,2,500000,0.00035,0.0001,0.082222456181929568,0.14079206399175703,1.382916456774462e-17,0.18672279203302294,0.054441605903573317,0.53592049039697032,2.3064598499336867e-05,0.072034397367048086,0.070648042261658439,6.0744669769326111e-18,0.059633582026872384,0.37955565323840573,0.41812021056088466,8.1145451306575712e-06,0.26513839054092991,0.0019531020715786826,1.2857602151296051e-09,0.0022240582993795881,2.377259002032032e-05,0.38596483110993751,8.7115203130690757e-05,6.6112749260810867e-07,2.5614260328439859e-10,3.7337836485237835e-12,3.5440413119785568e-10,8.893437123104286e-11,6.969009021457521e-08,0.34460799737846737,0,0,0,0,0,0,0,-1.0453491703347725e-11,-1.8740558107289568e-14,3.5496835923249158e-12,5.566434151347633e-11,-2.9484878080743293e-15,-1.8287549447860985e-10,6.9711569934861516e-14,5.4141803887408635e-14,1.0755294810309186e-16,4.1691886813673015e-20,1.3138466907806785e-18,-6.5676136016194663e-19,5.8957760385141415e-15,1.3400672210175096e-10,-2.6601781131976171e-07,1.9830258440878268e-07,-2.6242889026249812e-23,6.789449549635565e-08,8.6594246906379624e-07,-3.339644212840831e-07,0,0.018175075728248578,0.033860626457877366,3.1032428000683073e-18,0.044233524290924052,0.012685256096561447,0.12321844898561915,5.361712475466441e-06,-3.6525751080747625e-05,-0.00014350931215254453,-8.5185565120815598e-20,-0.00056253795785909564,0.00042594434685954064,-0.00062109831142132226,-3.5632427473404462e-08
5,6,lumen,0.0057894736842105266,0.0019499999999999999,0.005263157894736842,0.0063157894736842104,0.0018,0.0020999999999999999,1000167.1142699412,1.4540742271066096,14.179019613103394,2918.9219936842524,0.15976215634351215,1173,1173,4.0801626517993665e-05,0.22090535653948806,0.59999999999999998,2,500000,0.00035,0.0001,0.081714746137750705,0.14048534276110347,1.4224843197620785e-17,0.18973153858535091,0.053297572659465504,0.53448069729575176,2.3082759384695574e-05,0.072220593914288603,0.071115474129355205,6.3033417929991095e-18,0.061128569311412986,0.37485482543123244,0.42067234470061848,8.1925130923690857e-06,0.26375428536027662,0.0019916499834382474,1.2903687434642507e-09,0.0022398648471469058,2.4402086381539818e-05,0.38694887468831268,8.8282726267727903e-05,6.5392527315625501e-07,2.5649112700586796e-10,3.7515666707939518e-12,3.5535898132752827e-10,8.9527953552459237e-11,7.109125141476773e-08,0.34495191329615171,0,0,0,0,0,0,0,-1.0802673675252236e-11,1.7921562301223492e-14,4.7927159927736285e-12,6.7564576828925216e-11,-4.3645642655576466e-15,-2.4263085681222596e-10,6.3482239454083463e-14,9.3642324797138521e-14,1.8611928822417321e-16,3.0852420947663789e-19,7.9064554416142069e-19,8.0245571875472312e-19,1.9030534571299265e-14,1.8088616686102973e-10,-2.6880618631073411e-07,1.9827589986531891e-07,-1.118844197123159e-23,7.0768016090501494e-08,8.7717755929694885e-07,-3.3963697670946758e-07,0,0.018116446013463988,0.033904460355315157,3.2019154624331349e-18,0.0451206053733774,0.012456373854018507,0.12329062056878909,5.3844272927751334e-06,-4.9440349748589967e-05,-0.00017452546927415675,-1.0823270387147254e-19,-0.00068348204233567968,0.00051430370322093236,-0.0007457338730165313,-4.2744132570282161e-08
5,7,lumen,0.0057894736842105266,0.0022499999999999998,0.005263157894736842,0.0063157894736842104,0.0020999999999999999,0.0023999999999999998,1000166.0987244734,1.4702383111684771,14.336653953743882,2893.6552942987678,0.15869499880249485,1173,1173,4.0867808639061189e-05,0.21923659953887692,0.59999999999999998,2,500000,0.00035,0.0001,0.081099600917528894,0.14005663450942868,1.4721102450429081e-17,0.19325967691356072,0.051907422172015917,0.53245551701731131,2.3091091453006043e-05,0.07247378383976448,0.071686665579709485,6.5957669744800554e-18,0.062957511216389053,0.36913628438049845,0.42373746840072046,8.2865829180475766e-06,0.26205892671155745,0.0020397622415856895,1.296495078780468e-09,0.0022589781304225821,2.5192081686262316e-05,0.38814739170471768,8.9723034076731571e-05,6.4522644414748292e-07,2.56889056126868e-10,3.7751543941516778e-12,3.5666922074346746e-10,9.029768612322548e-11,7.2831204308574842e-08,0.3453793060341801,0,0,0,0,0,0,0,-6.1627056456262362e-11,4.9661379027430926e-14,1.706764979377922e-11,2.1168333727139733e-10,-7.4449994780234618e-15,-6.6727765804172612e-10,3.9578157125370411e-14,9.2354292616225742e-14,1.7482935972645049e-16,5.3232311993108212e-19,-2.3202354143566485e-19,2.1357784158320539e-18,1.321217090151287e-14,4.9996620701414615e-10,-2.7237969935870604e-07,1.9661723676955845e-07,-2.4718131968135644e-23,7.6412574293666218e-08,8.9353125910796027e-07,-3.4898689199591715e-07,0,0.018050619551590291,0.033953607165363303,3.3318749284958185e-18,0.046183813919459991,0.012180633469864758,0.12334955975595785,5.4104018355631624e-06,-6.6188230442401757e-05,-0.00021759897279718845,-1.3585741971776192e-19,-0.00079675348165293843,0.00061074407398125925,-0.00088546064653650198,-5.0226826326772421e-08
5,8,lumen,0.0057894736842105266,0.0025499999999999997,0.005263157894736842,0.0063157894736842104,0.0023999999999999998,0.0026999999999999997,1000164.7740728351,1.4860664834685278,14.491017531817159,2870.9572772039555,0.15739259996759877,1173,1173,4.0944319135429867e-05,0.21725153311402648,0.59999999999999998,2,500000,0.00035,0.0001,0.08061306390310187,0.13994945168391629,1.5380256025286626e-17,0.1977307216195259,0.050401181609089692,0.53131490476895715,2.3151970124880252e-05,0.072814643290740264,0.072403068829697589,6.9652965718565221e-18,0.065107576940339654,0.3622839317071524,0.42738238134458628,8.3978874837483571e-06,0.2599921966405781,0.0020992600797831162,1.3044824622995373e-09,0.0022817156955702959,2.618538626309379e-05,0.38962748859134677,9.1479054487513388e-05,6.3504675105762464e-07,2.5740973038624633e-10,3.8062329708038381e-12,3.5843205604756994e-10,9.1284898044424488e-11,7.4998243284636385e-08,0.34588096249156142,0,0,0,0,0,0,0,1.5720810004960823e-11,4.5854397847353299e-15,8.6817396570466906e-12,2.0609274568309752e-10,-9.8199443368529593e-15,-7.9218118653398562e-10,6.5116238671156762e-14,7.5064086890730408e-14,1.4736270961338992e-16,2.6402230611159128e-19,7.1313877246399029e-19,6.8980655354919239e-19,1.1344375575911507e-14,5.6153945349733197e-10,-2.7685384593103407e-07,1.8713664828862164e-07,-1.1479815063760609e-23,9.0500620293449425e-08,9.2102821029615978e-07,-3.6755187338144424e-07,0,0.017978324859620535,0.03401273482224304,3.4901340580271992e-18,0.047385578029839732,0.011852113058506942,0.12337180110941991,5.4382006862795963e-06,-8.8581156663797723e-05,-0.00030068925525168517,-1.7263022435985607e-19,-0.00085030627641621446,0.00071842387698540968,-0.0010601426198264508,-5.7927030184015184e-08
5,9,lumen,0.0057894736842105266,0.0028499999999999997,0.005263157894736842,0.0063157894736842104,0.0026999999999999997,0.0029999999999999996,1000084.4810602191,1.5072672747888516,14.698931942683997,2839.7018908034697,0.12540402773062753,1173,1173,4.1029512400021179e-05,0.21491983122137059,0.59999999999999998,2,500000,0.00035,0.0001,0.079973972224904974,0.13986964323629225,1.6192896558082123e-17,0.20187062218616339,0.048570969992437631,0.52915933572910467,2.317620736005752e-05,0.073273825027736605,0.073400013094528774,7.4385362979614678e-18,0.067424448107016519,0.35413759043104531,0.4317555960431852,8.527296487484791e-06,0.25742032442236562,0.0021727019216959392,1.3145330943638769e-09,0.0023082679384295863,2.7470516983025165e-05,0.39158728615094651,9.3605176850737975e-05,6.23812805189989e-07,2.5835193541522795e-10,3.847004308034029e-12,3.6071506641162348e-10,9.2534012559440025e-11,7.7790572535717271e-08,0.34638964023936836,0,0,0,0,0,0,0,-1.8482520113982572e-11,1.0574179370720182e-16,2.7447354342400768e-12,1.9559420734510931e-11,-2.3983636257551844e-15,-4.639185736954321e-11,5.144162161543882e-14,4.8182378226124811e-14,9.0882985616126266e-17,2.1353222903477162e-19,3.9797582464850347e-19,5.8514087032692893e-19,1.6133806624890763e-15,4.2471165122492864e-11,-2.8236772180254693e-07,1.5087060040164246e-07,1.9348278775218866e-23,1.3154072108326349e-07,9.7864486953147534e-07,-4.1392526012318243e-07,0,0.014438455155915835,0.027113203200405368,2.9649530608884314e-18,0.038719055543245909,0.0091167110280382241,0.098754793470006666,4.3658310402764069e-06,0,0,0,0,0,0,0
5,10,annular_channel,0.0057894736842105266,0.0040000000000000001,0.005263157894736842,0.0063157894736842104,0.0030000000000000001,0.0050000000000000001,99999.999922455259,0.020670849750904833,nan,nan,0.062059693205062522,1173,nan,nan,nan,nan,nan,nan,nan,nan,nan,nan,nan,nan,nan,nan,nan,nan,nan,nan,nan,nan,nan,nan,nan,nan,nan,nan,nan,nan,nan,nan,nan,nan,nan,nan,nan,nan,nan,nan,nan,nan,nan,nan,nan,nan,nan,nan,nan,nan,nan,nan,nan,nan,nan,nan,nan,nan,nan,nan,nan,nan,nan,nan,nan,nan,nan,nan,nan,nan,nan,nan,nan,nan,nan,nan,nan,nan,nan,nan
6,0,lumen,0.0068421052631578941,0.00015000000000000001,0.0063157894736842104,0.0073684210526315788,0,0.00030000000000000003,1000157.7722285463,1.4160011535879651,13.807889095301952,2950.6973027202757,0.16334039493226721,1173,1173,4.0754665494037742e-05,0.22597582229584853,0.59999999999999998,2,500000,0.00035,0.0001,0.074466478136902464,0.15264752679871582,1.1910142134982183e-17,0.18694669658154683,0.058160272842943041,0.52663423746239735,2.3038075117652369e-05,0.064091807731227135,0.075249558040299924,5.1395062725519339e-18,0.058654803634053565,0.39834851049993036,0.4036473574615429,7.9626329460270192e-06,0.26640213180954486,0.0017620369395730539,1.1219999989291825e-09,0.0021057975864291968,2.2844190144838243e-05,0.39163945178236581,8.0514702037568929e-05,7.5078920411554841e-07,2.7412348880283987e-10,3.3809607325053798e-12,3.1209636608953901e-10,7.7345429692966643e-11,6.8604681825630879e-08,0.33798640180707251,0,0,0,0,0,0,0,-1.0886995508595313e-12,4.252725258540859e-15,7.0216364073570154e-14,2.1839371993639988e-12,9.3338965029277077e-16,1.5224800586910447e-13,-1.124177710384228e-14,3.5431726996826285e-16,2.1371250787939873e-18,5.0987571285307747e-20,-1.0057996158834674e-18,1.0581542679209067e-18,5.3760171299296595e-15,-1.3173631162936023e-12,-2.2172556178763625e-07,1.6682026809933248e-07,-1.5093919766605986e-23,5.4905064616674974e-08,7.2008208559792841e-07,-2.7663273910460973e-07,0,0.016479002323654648,0.036398135697514378,2.6935157712192706e-18,0.044105393122905116,0.013500670679469095,0.12109075544682729,5.3480543552515021e-06,-2.5807567809510247e-06,-2.7112006737773036e-05,-1.152303975739123e-20,-9.1769050115492101e-05,7.0389504564653818e-05,-0.0001026350810047109,-6.019092684659262e-09
6,1,lumen,0.0068421052631578941,0.00045000000000000004,0.0063157894736842104,0.0073684210526315788,0.00030000000000000003,0.00060000000000000006,1000157.6489485255,1.4182121142473496,13.829450598450377,2946.9701666394731,0.1631946797737153,1173,1173,4.076431904656894e-05,0.22575002834267521,0.59999999999999998,2,500000,0.00035,0.0001,0.074365427796674169,0.15258596934049179,1.1961953395881447e-17,0.18741708122692258,0.05795960382848489,0.52635378821763079,2.3039526877464323e-05,0.064104781521332282,0.075336669939699938,5.1699244811959551e-18,0.058894209505634919,0.39759398702965632,0.40406237643424575,7.9755694308776597e-06,0.26618366291250212,0.0017674213156121245,1.122370140003525e-09,0.0021082314409293311,2.2940517165177413e-05,0.39180670782235771,8.0684210792854866e-05,7.4955976704328301e-07,2.7421572992790972e-10,3.3822023225710657e-12,3.1214182590405106e-10,7.7402960829261322e-11,6.8828692587287218e-08,0.33802953160266819,0,0,0,0,0,0,0,-3.5585998627886805e-12,6.6591857352305896e-15,5.8654980830671578e-13,-7.4850768663279359e-12,1.0024533286800974e-15,1.9466601074158429e-11,-1.2209326035058229e-14,6.4726869697384615e-16,1.8011051337244938e-18,7.4207332410889645e-20,-1.0804104799551379e-18,1.1589254684969968e-18,4.526276835936712e-15,-9.0099874330443716e-12,-2.2202919801143917e-07,1.6685361964308143e-07,-2.1448467284510328e-23,5.5155519118607506e-08,7.212431360065219e-07,-2.7717664485837901e-07,0,0.016466443952186664,0.036408285201346785,2.7069718922153161e-18,0.04424987326213968,0.013462317919240924,0.12110561046753424,5.3520421479109181e-06,-5.506781820369231e-06,-5.4427607041927717e-05,-2.2963251044914578e-20,-0.00018575373890358088,0.00014176158761222774,-0.00020605167771231225,-1.210362621486012e-08
6,2,lumen,0.0068421052631578941,0.00075000000000000002,0.0063157894736842104,0.0073684210526315788,0.00060000000000000006,0.00090000000000000008,1000157.3999713972,1.4202196003991594,13.849029700644692,2944.5696743910894,0.16289879716823535,1173,1173,4.078372066260398e-05,0.22529490877965913,0.59999999999999998,2,500000,0.00035,0.0001,0.074292397479610583,0.15272436693991071,1.2085273222227655e-17,0.1886946792686493,0.057656076479271332,0.52669447402358927,2.308209221479433e-05,0.064132495121063879,0.075511756292859042,5.2306177822062872e-18,0.059379631837695672,0.39607178352384453,0.40489633160800015,8.0016165365633612e-06,0.26574288492310461,0.0017783392235999418,1.1231478033013784e-09,0.0021131330656410929,2.313586109550226e-05,0.39214297900949818,8.1027060418202215e-05,7.4707885821449868e-07,2.743978191625772e-10,3.384803649173857e-12,3.1224209656895418e-10,7.7521505621205083e-11,6.9281785249493898e-08,0.33811768270530485,0,0,0,0,0,0,0,-1.2922061994350105e-11,1.1111760484952634e-14,-5.1871735895251086e-13,1.4180273036326301e-12,1.6162201785241415e-15,9.4670203100444272e-11,-1.3606157184384494e-14,1.5243882545146192e-15,5.6415522063827619e-19,9.8188703929608404e-20,-1.1224497632390376e-18,1.2297448856075452e-18,2.9185359432348948e-15,-8.2651052903704752e-11,-2.2264839562562838e-07,1.6690145454578698e-07,-7.1284627181725558e-24,5.5652783553835546e-08,7.2360599344400978e-07,-2.7830311644105876e-07,0,0.016443151432338547,0.036426001543550232,2.7345582941903551e-18,0.044540265863487541,0.013385018291934879,0.12113568021642467,5.3599734825017684e-06,-9.3001617617706628e-06,-8.1887896884695903e-05,-3.592238580746586e-20,-0.00028392846363034502,0.00021505009728854627,-0.0003113703508253488,-1.831492580713682e-08
6,3,lumen,0.0068421052631578941,0.0010500000000000002,0.0063157894736842104,0.0073684210526315788,0.00090000000000000008,0.0012000000000000001,1000157.0278702968,1.4277874444470267,13.92283142365593,2931.651529087711,0.16245186884392313,1173,1173,4.081301848526981e-05,0.22460379809536038,0.59999999999999998,2,500000,0.00035,0.0001,0.073952617930546652,0.15244574545105283,1.2239876483887301e-17,0.19004609542001483,0.057015139110695147,0.52553413568010388,2.3073078251510998e-05,0.064179382458706968,0.075775666375172135,5.3257621392441201e-18,0.060123605382010413,0.39375603692187533,0.4061572677463674,8.0411158678500518e-06,0.26507269183567689,0.0017950986985561543,1.1244258798990174e-09,0.0021205758522013767,2.343550335199984e-05,0.39265052007771728,8.1551210307274002e-05,7.4329551739975199e-07,2.7466228504840522e-10,3.3890404104574573e-12,3.1242076837048564e-10,7.7709248207574643e-11,6.9973628989824348e-08,0.33825531176043599,0,0,0,0,0,0,0,-1.095704246684566e-11,7.4915863195681395e-15,-7.3427800495730112e-13,-1.5182648376803591e-11,1.7594432855094766e-15,1.2091321585465387e-10,-9.2623491950022534e-15,1.9370356013626022e-15,-8.9617150814543638e-19,6.1980921179585393e-20,-8.6546232450682866e-19,9.2452992203135082e-19,2.4883420698810407e-15,-9.4043745253245586e-11,-2.2361815678068747e-07,1.670958483801499e-07,-1.682167312413579e-23,5.6402123159424492e-08,7.272642787853334e-07,-2.8000583213172447e-07,0,0.016405486369146977,0.036457410938131804,2.7762704425490446e-18,0.044988509243360578,0.013268514418288919,0.1211759052704081,5.3720229640960699e-06,-1.348649272763787e-05,-0.00011104323341240879,-4.9437833090944261e-20,-0.00038953815421554781,0.00029099853966235701,-0.00041875040701704866,-2.4751454540925802e-08
6,4,lumen,0.0068421052631578941,0.0013500000000000001,0.0063157894736842104,0.0073684210526315788,0.0012000000000000001,0.0015,1000156.5316985837,1.4374930859882129,14.017481324364544,2915.5093710022466,0.16185205239504391,1173,1173,4.0852555731048224e-05,0.22366606662902147,0.59999999999999998,2,500000,0.00035,0.0001,0.073531276246622937,0.15213322038780949,1.2457026036006883e-17,0.19197875567361788,0.056177688500413735,0.524163722217037,2.3069888445302772e-05,0.064247540456506089,0.076134401128224033,5.457095125221869e-18,0.061147915706552813,0.39060996994073333,0.40785207810639584,8.0946615879150186e-06,0.26415980138231643,0.0018181275053404204,1.126251239533963e-09,0.0021306190941506177,2.3848499301663765e-05,0.39333929841003706,8.2266759252899499e-05,7.3818360327246943e-07,2.7501205114511311e-10,3.3951582923828335e-12,3.1268897929246604e-10,7.7972635334815369e-11,7.0921725043456085e-08,0.33844522744894923,0,0,0,0,0,0,0,9.482265915394783e-13,-1.2531876550960842e-14,-2.1483486813342368e-14,1.1987772782270245e-12,8.2431891174072902e-16,-8.5321519814607338e-12,8.2495731749522438e-15,7.2413863100306841e-15,1.3100340240519049e-17,-7.1647977434513757e-20,-7.1123212115205556e-20,3.2478238625523083e-20,8.9336772579584565e-15,6.3939129309146995e-12,-2.2496591487765338e-07,1.6753613529818523e-07,-1.5861320240121935e-23,5.7438316239263669e-08,7.3233564085173342e-07,-2.8240544963642478e-07,0,0.016358246651346255,0.036495501643299122,2.8355875647579373e-18,0.045598950028215658,0.013111159532411378,0.12122633023081643,5.3880522065234111e-06,-1.8832147925400982e-05,-0.00014120025230675453,-6.4873244748788578e-20,-0.0005034743177694625,0.00037050224466420013,-0.00052885339637939049,-3.1423112262115145e-08
6,5,lumen,0.0068421052631578941,0.00165,0.0063157894736842104,0.0073684210526315788,0.0015,0.0018,1000155.900330597,1.4454876674681187,14.095448090624533,2904.0711823980064,0.16109467492780405,1173,1173,4.0902644486486391e-05,0.22246839422516085,0.59999999999999998,2,500000,0.00035,0.0001,0.073233234486249216,0.15220134570519925,1.2780882789755508e-17,0.19507135513167861,0.055290994847457649,0.52400333173876024,2.3135732359772471e-05,0.064343031553291796,0.076592151649797754,5.6301103167496471e-18,0.062478542121528771,0.3865830097972856,0.40999510196158767,8.16291650852954e-06,0.26298823338323246,0.0018480796642649574,1.1287555170693608e-09,0.0021433914476666812,2.4387096215956049e-05,0.39421724475400982,8.3189854673534696e-05,7.3166378757777944e-07,2.7543832715534178e-10,3.403629030200291e-12,3.1308011133237522e-10,7.8325107862611604e-11,7.2148655765287782e-08,0.33869466818849059,0,0,0,0,0,0,0,3.4811017672394408e-13,-1.3034948689885684e-14,5.7635592660442206e-14,9.7656983761033537e-13,6.6331488912663161e-16,-8.0702189722559048e-12,1.5284702977952592e-14,1.6074164568835592e-14,2.569711479270326e-17,-7.8698884362961372e-20,2.2089925466653374e-19,-1.7573767476297609e-19,1.1680507878216074e-14,6.6573133353409131e-12,-2.2674523361167209e-07,1.6781984629732349e-07,-1.7070909381664635e-23,5.8933371530693258e-08,7.3916871039247933e-07,-2.8567952253810702e-07,0,0.0163009858108389,0.036543879097720597,2.9131266617838e-18,0.046387730862511162,0.012912173394114287,0.12128508229507363,5.4083122976483567e-06,-2.6267535155402761e-05,-0.00017236082628908534,-7.8791266333800414e-20,-0.00062573087831384972,0.00045436777052318254,-0.0006432736281224787,-3.8360133174178105e-08
6,6,lumen,0.0068421052631578941,0.0019499999999999999,0.0063157894736842104,0.0073684210526315788,0.0018,0.0020999999999999999,1000155.1264514161,1.4584708576903542,14.22206265450723,2884.0137728542923,0.16015290750772043,1173,1173,4.0963497760325966e-05,0.22099518224212805,0.59999999999999998,2,500000,0.00035,0.0001,0.072732141538549802,0.15195172404221788,1.3142204728322483e-17,0.19848516611103839,0.054094035540417029,0.52264688295189343,2.3165008865682828e-05,0.064476785760627264,0.077153407346976635,5.8412794257317177e-18,0.064142981399746946,0.38161148943003564,0.41260708939909713,8.2466635163944094e-06,0.26153783645803119,0.0018858569851883107,1.1321664157596722e-09,0.0021590771214568217,2.5067882126454435e-05,0.39529324564662105,8.4342731213730258e-05,7.2362350670414736e-07,2.7592629213996625e-10,3.4152158345463918e-12,3.1365338696397563e-10,7.8788320897451253e-11,7.3684445835086778e-08,0.33901377406346023,0,0,0,0,0,0,0,1.4557560803305582e-11,-7.6127790684985374e-15,9.08341692354001e-12,4.2280701919473727e-10,-9.9380139534366307e-15,-1.3423626006332096e-09,2.204765597817782e-14,3.5205779264080306e-14,5.3257395702346606e-17,-5.4237796556575874e-20,5.3343507685655214e-19,-2.3821078779407614e-19,1.9507099713957195e-14,8.9585538960683628e-10,-2.2905141136911333e-07,1.6892392568079728e-07,2.1565287549036509e-22,6.1460720025632475e-08,7.4858039304792623e-07,-2.9092584374890151e-07,0,0.016235006927079815,0.036599320804317576,3.0077203689101302e-18,0.04736289745987575,0.012669227964708655,0.12134343026914951,5.43249816997867e-06,-3.6414567918980134e-05,-0.00020711196302283653,-1.0769840114406484e-19,-0.00075300447828069179,0.00054333118888381417,-0.00076500832119483187,-4.5601722727889813e-08
6,7,lumen,0.0068421052631578941,0.0022499999999999998,0.0063157894736842104,0.0073684210526315788,0.0020999999999999999,0.0023999999999999998,1000154.1731945972,1.4743932670827273,14.377341375692055,2859.8470758284579,0.15902203909111123,1173,1173,4.103515131609773e-05,0.21922863543769278,0.59999999999999998,2,500000,0.00035,0.0001,0.072154563096554714,0.15163135818879964,1.3646514437727005e-17,0.20251910888326055,0.052669493139333327,0.52089933635627994,2.3193169312246243e-05,0.064663141896969339,0.077831338805434191,6.1316518738518489e-18,0.066161157115944155,0.37561869193892156,0.41571732340636558,8.3468363651161248e-06,0.25977885020487307,0.0019326378623859923,1.136762247709619e-09,0.0021778887473828876,2.5915237709851801e-05,0.39658876608457494,8.5753556141455686e-05,7.1397639333439419e-07,2.7647846944504966e-10,3.4309545116773154e-12,3.1448316618454603e-10,7.9390108582172152e-11,7.5575074975480799e-08,0.33940939694491651,0,0,0,0,0,0,0,1.9207519117293332e-12,-1.5000257657031176e-14,-2.2910441772803741e-12,-5.9803708700094274e-11,1.913942095088661e-15,1.916314158138116e-10,1.1287020787263596e-14,2.203098814490545e-16,6.5385918405810727e-19,-6.4789745427654178e-20,5.4581564418099816e-20,-1.9249225684432888e-19,2.1475304585500503e-15,-1.3145790039877052e-10,-2.3196069517603113e-07,1.6490226723009371e-07,-2.8660400734554193e-23,6.686908329125855e-08,7.6275707495965239e-07,-2.9877226592756045e-07,0,0.016159412984079195,0.036661250526831592,3.13386499863141e-18,0.048522586098687259,0.012378819074169481,0.1213808341245607,5.4598527327501621e-06,-4.9875343942821251e-05,-0.000254381304245051,-1.2842647642675956e-19,-0.00086992935740582973,0.00063870352110516858,-0.00090039894341701113,-5.311417201267474e-08
6,8,lumen,0.0068421052631578941,0.0025499999999999997,0.0063157894736842104,0.0073684210526315788,0.0023999999999999998,0.0026999999999999997,1000152.9265528298,1.4940509958550015,14.569049149941153,2830.417404199764,0.1576370628477442,1173,1173,4.1117177144713096e-05,0.21714798279644182,0.59999999999999998,2,500000,0.00035,0.0001,0.071487853212847174,0.15124679228114646,1.4232846611412523e-17,0.20695955306794825,0.050992316909673457,0.51857705184352254,2.321026976185451e-05,0.064919905696051175,0.078669116405389622,6.4803750804813565e-18,0.068513347285709569,0.36850673180873411,0.41938243443463008,8.4643694854530982e-06,0.25765723247634548,0.0019899991041374548,1.1428245900418204e-09,0.0022000716931514577,2.6970994917933593e-05,0.39816700297561414,8.7458798483104006e-05,7.0276637797071678e-07,2.771718218455946e-10,3.452211444255147e-12,3.1564946762480682e-10,8.0163537896130153e-11,7.7907099266754034e-08,0.33987048146461168,0,0,0,0,0,0,0,3.4153639605052911e-12,-1.5403523304866738e-14,-2.2460957632698918e-12,-4.0986695103396068e-11,1.4726718108870607e-15,1.399280877799336e-10,9.3958829365939915e-15,-5.1454066701817069e-15,-7.0581573216130068e-18,-6.3815181263224661e-20,-1.5023305983976373e-20,-1.8674132240964517e-19,-8.3522067234602507e-16,-1.0009995639615801e-10,-2.3561724962414821e-07,1.5443842177331746e-07,3.8591413059497733e-23,8.1041150356698841e-08,7.8789792531952507e-07,-3.1661965915752432e-07,0,0.016072897767628238,0.036733125565771546,3.284322396464438e-18,0.049821538302137855,0.012035062297792462,0.1213642896883544,5.4884712338350349e-06,-6.6962343091381125e-05,-0.00034497564572214201,-1.6206358973904423e-19,-0.00092369070015112828,0.00074351686805454724,-0.0010681592324635497,-6.0743753618862648e-08
6,9,lumen,0.0068421052631578941,0.0028499999999999997,0.0063157894736842104,0.0073684210526315788,0.0026999999999999997,0.0029999999999999996,1000075.0896839623,1.5145281902393377,14.769879384095116,2801.2498663470465,0.12378163347595823,1173,1173,4.1207862202201752e-05,0.2147271734399725,0.59999999999999998,2,500000,0.00035,0.0001,0.070892858950830473,0.15136053150519294,1.5000545822111624e-17,0.21166278268510177,0.049156324830408729,0.51683980892446957,2.3261342438797614e-05,0.065267030848185123,0.07981352352175039,6.9240656443584163e-18,0.071036237368740249,0.36013541106673452,0.42373919726412335,8.5999304664123575e-06,0.25504521921650813,0.0020601523526182692,1.1503840484723113e-09,0.0022257312017275226,2.8323782645033542e-05,0.40022457970151903,8.9504219325750055e-05,6.9050495609326285e-07,2.7833145071489519e-10,3.4805519602122568e-12,3.1717283223078999e-10,8.1135508154546505e-11,8.0881422190448533e-08,0.34032571630877195,0,0,0,0,0,0,0,-2.3481167117739455e-12,-1.7740419783385998e-14,9.6822004249452109e-13,1.511232872877498e-11,-6.114900252818245e-17,-5.9942741525639831e-11,9.9105284039009346e-15,-7.6496968481887251e-15,-9.7488336825802232e-18,-6.8479051738997376e-20,-8.8477823258086068e-21,-2.2492768887315234e-19,-1.8531203749450388e-15,4.6227604761921082e-11,-2.4006627421906124e-07,1.1726178922311092e-07,1.1508183010179713e-22,1.228634690736301e-07,8.4306055504745903e-07,-3.6294388533475441e-07,0,0.012188829977379226,0.027694271472387517,2.6333988830416332e-18,0.038494456157743266,0.0087613223394073809,0.091762983469311388,4.1639127487416122e-06,0,0,0,0,0,0,0
6,10,annular_channel,0.0068421052631578941,0.0040000000000000001,0.0063157894736842104,0.0073684210526315788,0.0030000000000000001,0.0050000000000000001,99999.999887726502,0.020670849743726103,nan,nan,0.074373977759846013,1173,nan,nan,nan,nan,nan,nan,nan,nan,nan,nan,nan,nan,nan,nan,nan,nan,nan,nan,nan,nan,nan,nan,nan,nan,nan,nan,nan,nan,nan,nan,nan,nan,nan,nan,nan,nan,nan,nan,nan,nan,nan,nan,nan,nan,nan,nan,nan,nan,nan,nan,nan,nan,nan,nan,nan,nan,nan,nan,nan,nan,nan,nan,nan,nan,nan,nan,nan,nan,nan,nan,nan,nan,nan,nan,nan,nan,nan,nan
7,0,lumen,0.0078947368421052634,0.00015000000000000001,0.0073684210526315788,0.0084210526315789472,0,0.00030000000000000003,1000145.5414812273,1.4205441152317433,13.852358394003764,2919.7832143276978,0.16350250152088902,1173,1173,4.0899087542142151e-05,0.22578986432589865,0.59999999999999998,2,500000,0.00035,0.0001,0.06680303252962691,0.16260200209167847,1.1259252887983072e-17,0.19434144683469398,0.058656792630396713,0.51718498887046105,2.3129916794060676e-05,0.057681203540901567,0.080414894985950724,4.8742798378980997e-18,0.061171291607703182,0.4030431119836379,0.39768147775922696,8.0201225795948691e-06,0.26429555101335483,0.0016922822199119981,9.9593418474000661e-10,0.0020462349357041609,2.3445845165717759e-05,0.39850639587947606,7.7781121901072454e-05,8.1263083252180606e-07,2.9062006534971501e-10,3.1346516438548436e-12,2.7911926278374465e-10,6.9137096680174265e-11,7.082410221390246e-08,0.33335742389160783,0,0,0,0,0,0,0,-1.5705680925637779e-11,2.9069289003397521e-14,6.573037277848079e-13,-5.3382956708847722e-11,-3.4536176002353258e-15,2.0274794972248433e-10,5.6734600258900798e-14,3.6929227037463264e-14,2.2831773817022702e-17,3.496450023943512e-19,1.3260628042595913e-18,-1.0693500153401441e-18,-3.5885603222809208e-14,-1.344003244161762e-10,-1.923172199096157e-07,1.418307569722721e-07,-3.598555450464942e-23,5.0283060079453947e-08,6.272405998625219e-07,-2.4254624930719615e-07,0,0.014864931576611517,0.038711526457341841,2.576308654673822e-18,0.045982481456637893,0.013638634942228767,0.11953986431365299,5.3934123249319879e-06,-1.3950058281700685e-06,-3.1281329408012214e-05,-1.0988962266332932e-20,-0.0001015170834785769,7.5177686061518497e-05,-0.00010678047776507524,-6.4635108799685158e-09
7,1,lumen,0.0078947368421052634,0.00045000000000000004,0.0073684210526315788,0.0084210526315789472,0.00030000000000000003,0.00060000000000000006,1000145.4264980063,1.4223466471129953,13.869937279823878,2916.9949114005326,0.16334598466844369,1173,1173,4.0909542772341731e-05,0.2255485119041791,0.59999999999999998,2,500000,0.00035,0.0001,0.06672647709236447,0.16259908558288216,1.1311830948657059e-17,0.19493714423074618,0.058466005937329348,0.51708558366844559,2.3140578436835219e-05,0.057688216179935171,0.080515498707293492,4.903256009058193e-18,0.061436659864764723,0.40224198182171056,0.39810960942450524,8.0340017906820873e-06,0.26406570562256876,0.0016976900302707021,9.9617947739348392e-10,0.0020486933821360007,2.3550191138635589e-05,0.39868647760876008,7.7952085289076598e-05,8.1125827113686041e-07,2.9073055981206493e-10,3.1351805545019033e-12,2.7912296318060372e-10,6.9180861087646313e-11,7.1068565646192803e-08,0.33339904711465257,0,0,0,0,0,0,0,1.510826285463469e-12,2.4170347975597112e-14,-6.6435948787662155e-15,-1.3139795089779531e-11,-5.1188437169558121e-15,2.5593809623719599e-11,5.0965864381791231e-14,2.5755222607393158e-14,5.0803893116103963e-18,3.2736561314709711e-19,1.2270990708701119e-18,-1.1179350631545115e-18,-3.6798156330990545e-14,-1.4017148767277519e-11,-1.9257362015353413e-07,1.4207665655074919e-07,-1.43279543550343e-23,5.0471392600873918e-08,6.2819151794291095e-07,-2.4303188705943057e-07,0,0.014851214558892668,0.038724066382920093,2.5903613194276326e-18,0.04614164562484914,0.013597987873461025,0.11955279512413684,5.3976646091328646e-06,-3.006323964483929e-06,-6.2856985577246791e-05,-2.3082540131488835e-20,-0.00020524037482675617,0.00015106340056074847,-0.00021405216737133424,-1.2983556921061691e-08
7,2,lumen,0.0078947368421052634,0.00075000000000000002,0.0073684210526315788,0.0084210526315789472,0.00060000000000000006,0.00090000000000000008,1000145.1943041149,1.4289943583933726,13.934765316034053,2905.2575278902473,0.16303324457761714,1173,1173,4.0930524296802401e-05,0.22506298281436651,0.59999999999999998,2,500000,0.00035,0.0001,0.066433466633353436,0.16224939035064093,1.1399154983632474e-17,0.19572721627794212,0.057960698789405844,0.51578896272542196,2.3112962602773456e-05,0.057703345176485628,0.080717857094101453,4.9642024344652321e-18,0.061973978613323717,0.40062933292842734,0.39896742426752102,8.0619201408740843e-06,0.26360267260883685,0.0017086297157724909,9.9669321799478419e-10,0.0020536281555419205,2.3761509791807704e-05,0.39904849606425996,7.8296965590471238e-05,8.0850011959406854e-07,2.909501103250053e-10,3.1363190347566542e-12,2.7913610663349347e-10,6.9270694481142176e-11,7.1562380706484444e-08,0.33348363327852149,0,0,0,0,0,0,0,-1.156410910981771e-12,8.3166503547613198e-15,-8.9860062919848504e-14,2.66271477076578e-11,-4.9381072148024785e-15,-5.740230664928736e-11,6.1843613722993132e-14,2.8967713644467707e-14,1.5642784181355538e-17,1.8029336875543762e-19,1.8373963906305508e-18,-1.8213175246367744e-18,-3.0485386292506912e-14,3.1957658524461955e-11,-1.9309690744810648e-07,1.4230876244081259e-07,-1.6022604296714051e-23,5.0845643592014706e-08,6.3013720379145877e-07,-2.4396927383874001e-07,0,0.01482384225809838,0.038748456274436398,2.6194802889631072e-18,0.046462549523837333,0.013516271445414525,0.11957636336896683,5.4061097857879516e-06,-4.650133496336135e-06,-9.5429836351580423e-05,-3.3979461476408099e-20,-0.00031366024714958688,0.00022833057471149295,-0.00032168914706344703,-1.9613077092105406e-08
7,3,lumen,0.0078947368421052634,0.0010500000000000002,0.0073684210526315788,0.0084210526315789472,0.00090000000000000008,0.0012000000000000001,1000144.8474418256,1.4324882015261826,13.96884019300634,2900.9516701042812,0.16256269940978796,1173,1173,4.0962227547460582e-05,0.22432722948703643,0.59999999999999998,2,500000,0.00035,0.0001,0.06629833992453002,0.16247086239682357,1.1577326564759948e-17,0.19784437868788679,0.057466452489728363,0.51619454769717243,2.3177477054167259e-05,0.057726791464649499,0.081025687713000769,5.0541229028495141e-18,0.062797530254623368,0.39818437067857482,0.40025751569708523,8.1041920662511589e-06,0.26289889245126125,0.0017253482024934944,9.974841350400019e-10,0.0020610664222895673,2.4085507161615974e-05,0.3995980383334567,7.8821448064922346e-05,8.0434244164634223e-07,2.9127983893723102e-10,3.1381542554262175e-12,2.7916027946026145e-10,6.9408855730053583e-11,7.2316468969842124e-08,0.33361286933589102,0,0,0,0,0,0,0,1.714979415692934e-10,-2.0011003568903271e-14,-2.2125053496319857e-11,2.9960734935033477e-10,-1.5027475791518086e-14,-1.06476259254841e-09,9.0519238952722487e-14,4.4380081207218147e-14,4.9668506248084596e-17,-1.0380858193599074e-19,3.1617030387509038e-18,-3.2222896371481059e-18,-1.9165371506064181e-14,6.1570162834899059e-10,-1.9387519782643192e-07,1.4355023963963376e-07,6.6423018277781246e-23,5.1411835591839173e-08,6.3301801149495684e-07,-2.4560875777623892e-07,0,0.014785117064710565,0.038782522100537078,2.6584909823477873e-18,0.046950115086981346,0.013393090059368607,0.11961140830482794,5.4187677436572655e-06,-7.6867546326254928e-06,-0.00012757582113073879,-4.9625747849090863e-20,-0.00042745642632145545,0.00030770118134108626,-0.00043114438786837799,-2.6366788382734169e-08
7,4,lumen,0.0078947368421052634,0.0013500000000000001,0.0073684210526315788,0.0084210526315789472,0.0012000000000000001,0.0015,1000144.3855510806,1.4438058010945276,14.079209726083834,2881.9760369890241,0.16192327845608248,1173,1173,4.1004718130386749e-05,0.22333380712375825,0.59999999999999998,2,500000,0.00035,0.0001,0.065822897848433454,0.16201821184102322,1.1785987126844203e-17,0.19981602100885229,0.056542133583535978,0.51436235173842981,2.3157567106722058e-05,0.057765653779635169,0.08143835715654571,5.1858673850791847e-18,0.063924462414851627,0.39487527633077935,0.40198808911057754,8.1612076105481923e-06,0.26194636040244923,0.0017482777758048664,9.9869714359113799e-10,0.0020711010795202828,2.4529886074642829e-05,0.40033525310050977,7.9536391851256201e-05,7.9870299137873566e-07,2.9170247459927618e-10,3.1410774356310952e-12,2.7923271716651819e-10,6.9607279064511421e-11,7.3344028356417628e-08,0.33379406767438963,0,0,0,0,0,0,0,-6.7832721636604119e-11,4.5697427962818202e-14,3.7820321511815215e-12,1.2499227187919965e-10,-3.2850241624138299e-15,-7.7385506856708641e-11,3.9381436915460584e-14,3.6967174113500256e-14,2.5298358471448024e-17,4.7952198100214601e-19,2.778928260520499e-19,2.378464276589436e-19,-3.4712242499711095e-14,1.6359802174480765e-11,-1.9502431720854613e-07,1.4287269189949825e-07,2.1212796630445433e-23,5.2225229840112731e-08,6.3732075951394851e-07,-2.4737076742553654e-07,0,0.014731893161091613,0.038830645919474036,2.7175228136498604e-18,0.047618028730212467,0.013227769390982363,0.11965108920097761,5.4357291871111261e-06,-1.1366127894459735e-05,-0.00016106626859843231,-6.4404349885844097e-20,-0.00054957814214595224,0.00038969456235604422,-0.00054217727652104046,-3.3322575116077045e-08
7,5,lumen,0.0078947368421052634,0.00165,0.0073684210526315788,0.0084210526315789472,0.0015,0.0018,1000143.7974327176,1.4536876421593692,14.175580406878142,2867.186598090479,0.16112025082382433,1173,1173,4.1058238361902026e-05,0.22207173396660579,0.59999999999999998,2,500000,0.00035,0.0001,0.065440672823958171,0.16194984191329218,1.2093416665484435e-17,0.20297920589769658,0.055558386984843708,0.51363262499079132,2.3204082863115153e-05,0.057823319796560767,0.081961192642737504,5.3575598579740837e-18,0.065380900591403404,0.39066090375997226,0.40416544963379686,8.2335755292603753e-06,0.26073081439352025,0.0017779779610056748,1.0004073218314899e-09,0.0020838052078760699,2.5106737843795729e-05,0.40126849545802656,8.0454758527277867e-05,7.9153285110970814e-07,2.9221271839026645e-10,3.1454021083551574e-12,2.7937224304993754e-10,6.9874631024508461e-11,7.4667150395456765e-08,0.33403247763818661,0,0,0,0,0,0,0,3.4694570241600122e-12,3.3079155965914971e-14,-9.9662808040949228e-14,-1.1515543603161486e-11,-4.1735278427657008e-15,1.6494490669149986e-11,2.7862792755441775e-14,2.1131750863045973e-14,6.0815099286601692e-18,3.0748293448827568e-19,5.5401507200293004e-19,-3.6988312960967462e-19,-2.8998407439755187e-14,-8.3974218819754722e-12,-1.9650239017204862e-07,1.4302506029517659e-07,-1.4223200439629609e-23,5.3460947121383101e-08,6.4296668908503385e-07,-2.4995192798860089e-07,0,0.014671268161624151,0.03888425508841456,2.7940407502368756e-18,0.048470269028502683,0.013019414055823233,0.11969850264824951,5.4568922371250364e-06,-1.7175350037255645e-05,-0.00019473866224292526,-8.0163496124609828e-20,-0.00067854065857634552,0.00047495981654298601,-0.000656497902280796,-4.0460323011909965e-08
7,6,lumen,0.0078947368421052634,0.0019499999999999999,0.0073684210526315788,0.0084210526315789472,0.0018,0.0020999999999999999,1000143.0769179373,1.4688209262677967,14.323162376656009,2843.5426289367319,0.16015156677094722,1173,1173,4.1122793491127707e-05,0.22052916149881152,0.59999999999999998,2,500000,0.00035,0.0001,0.064864422605694666,0.16152289991204422,1.2448709016013739e-17,0.20644947003788675,0.05425790285357087,0.5116604270933286,2.3211396265334106e-05,0.057910843199488957,0.082596170046003781,5.5723757927403718e-18,0.067191012791184349,0.38548846864510072,0.40680518340088312,8.3219173391060648e-06,0.25923633243228256,0.0018152644112299958,1.0028389279177172e-09,0.0020993361899932558,2.5831776392984378e-05,0.40240212365270273,8.159637597619188e-05,7.8271395377043474e-07,2.9278845385805946e-10,3.1518069690571245e-12,2.7963745778263678e-10,7.023075263401487e-11,7.631323247361082e-08,0.33433865448558858,0,0,0,0,0,0,0,-1.8281042375144949e-11,2.2415072069178934e-14,1.0631202654284409e-12,-1.8176205678068634e-10,7.7325298941666176e-16,5.2269366634417891e-10,3.0747158588666803e-14,2.2997229121024532e-14,1.5617786524750244e-17,1.7442617667059899e-19,9.6036522147413208e-19,-8.3208532829637257e-19,-2.1438259963821999e-14,-3.2376917837928484e-10,-1.9842052373982705e-07,1.421517886179835e-07,2.9788669447752942e-23,5.574497598347168e-08,6.5101250316945691e-07,-2.5398268399534629e-07,0,0.014596063736555325,0.03895284159916778,2.8894347915728559e-18,0.049526274372317644,0.012766619300596109,0.11973721323460415,5.4822561292715439e-06,-2.4367478875013901e-05,-0.00023313190939361434,-1.0187522359895307e-19,-0.00081242126093944802,0.00056413619501762056,-0.00077539635881136064,-4.7848364913970662e-08
7,7,lumen,0.0078947368421052634,0.0022499999999999998,0.0073684210526315788,0.0084210526315789472,0.0020999999999999999,0.0023999999999999998,1000142.1893977216,1.4848466882737656,14.479449954090521,2819.8983242647682,0.15896439743253796,1173,1173,4.119841819574425e-05,0.2186906038402317,0.59999999999999998,2,500000,0.00035,0.0001,0.064302605946279789,0.16125788869721003,1.292143067958389e-17,0.21086048690217057,0.052809661482735026,0.51002171810747188,2.3250982296653797e-05,0.058035676913093678,0.083360425886952957,5.847090720053903e-18,0.06937544291838349,0.37929308062089467,0.40992694659097434,8.4270697008221106e-06,0.25743438238837246,0.0018611652884023102,1.0061317446434898e-09,0.0021178277402087884,2.6729812545293881e-05,0.40376070601896119,8.2984611488980955e-05,7.7221178547316729e-07,2.934433365608562e-10,3.160950154175856e-12,2.8006616057969241e-10,7.0692442350656019e-11,7.8329528265613262e-08,0.33471535194521262,0,0,0,0,0,0,0,2.1024361916512835e-11,1.4159734013536573e-14,-1.1798260262078533e-12,5.1479741202766924e-11,-4.7341687861579551e-15,-1.9864485772437546e-10,2.125502910411498e-14,1.1813900552271051e-14,2.5640776089868944e-18,1.0760644277803446e-19,7.7779451786358514e-19,-7.9596032176874168e-19,-1.6915527845739742e-14,1.2729495209918071e-10,-2.0083393859147286e-07,1.4004433501746405e-07,-2.4135520604577431e-23,6.0989438104624601e-08,6.6348428093276901e-07,-2.61876038187836e-07,0,0.014512131868576724,0.039022718275689219,3.009580863333711e-18,0.050769470062242104,0.012465679832528422,0.11974982907746949,5.5104875484100988e-06,-3.4282058079456719e-05,-0.00028410598144444556,-1.2529708606565064e-19,-0.00093375797562859257,0.00065851176137012447,-0.00090598055356306845,-5.5396310016768508e-08
7,8,lumen,0.0078947368421052634,0.0025499999999999997,0.0073684210526315788,0.0084210526315789472,0.0023999999999999998,0.0026999999999999997,1000141.0253776466,1.504214179465112,14.668328691986051,2791.8008554775743,0.15751250084935484,1173,1173,4.1284527023425761e-05,0.21653893779274364,0.59999999999999998,2,500000,0.00035,0.0001,0.063667903095867021,0.16097143486278703,1.349756873997941e-17,0.2157490503888502,0.051125803281887719,0.50794369580499665,2.3285697021936501e-05,0.058212412250806818,0.084297819228417822,6.1874734302360769e-18,0.071909790862948852,0.37198913054590688,0.41358229736829683,8.5497436230229123e-06,0.25527548801872962,0.0019171188997693614,1.0105079744388469e-09,0.0021394918092741033,2.7842363286889041e-05,0.40540344436875253,8.4652385229230949e-05,7.6007974145987296e-07,2.942542262277711e-10,3.1739321249449388e-12,2.8072228375524474e-10,7.1286011737195225e-11,8.0801776762518613e-08,0.33515111961349586,0,0,0,0,0,0,0,7.2274930338478212e-12,9.3315723948895988e-15,-1.7164619124285677e-13,-1.0756090434876379e-11,-2.4086635463937967e-15,-3.4436407718441142e-13,1.8610322611168877e-14,9.5728546617435128e-15,2.8192256048319386e-18,7.2262420764450071e-20,6.6309067479056391e-19,-6.8217709194340075e-19,-1.3084244521754268e-14,4.0224487672471255e-12,-2.0383585204366422e-07,1.2858950043659334e-07,-1.7706857296569056e-23,7.5246873530195431e-08,6.8675133095552621e-07,-2.7907214400491043e-07,0,0.014415019659895225,0.039099649817648921,3.156113115854085e-18,0.052152165452017972,0.012110973033928467,0.11969598786484127,5.5394923888177823e-06,-4.7497431218245271e-05,-0.00037927560805028465,-1.5680713375166306e-19,-0.00098819944699804138,0.0007610483509462669,-0.0010685191901737118,-6.2974358316809387e-08
7,9,lumen,0.0078947368421052634,0.0028499999999999997,0.0073684210526315788,0.0084210526315789472,0.0026999999999999997,0.0029999999999999996,1000066.1761413999,1.5270411655104075,14.892040306106425,2759.0953465128232,0.11172438217409872,1173,1173,4.1379181670020835e-05,0.21405259022737991,0.59999999999999998,2,500000,0.00035,0.0001,0.062977173200569739,0.16092454093954295,1.4217922450483362e-17,0.22051747639892219,0.049201899291270064,0.50553991809667931,2.3313304565566515e-05,0.058459053896872781,0.085558541589194834,6.6170971373740129e-18,0.074620081045550277,0.36345072786834476,0.41790290517021866,8.6904298187472205e-06,0.25263973996512229,0.0019851584003774923,1.0160010194944005e-09,0.002164424613677717,2.9257430897171061e-05,0.40751739235800882,8.6641696750116721e-05,7.4684477380058186e-07,2.9554916522682614e-10,3.1921380224142094e-12,2.8162663923812815e-10,7.2034318768761596e-11,8.3929865662742571e-08,0.3355765530921237,0,0,0,0,0,0,0,6.9421718904868874e-14,3.9426917185791367e-15,-5.7001151622327481e-14,4.8812992535164071e-11,-2.541695152957768e-15,-1.2555345435191767e-10,2.2842474400582182e-14,1.3492462355713108e-14,1.2802295640383983e-17,2.1817954943594474e-20,7.8776597335275875e-19,-7.3908945745721893e-19,-9.3048029245175685e-15,7.6699452051929906e-11,-2.0746316143228222e-07,8.986523919451983e-08,4.1897450846567541e-24,1.1772353100810067e-07,7.4011314625532787e-07,-3.2523556392494157e-07,0,0.010279189859499802,0.027756473214979649,2.3794515294265541e-18,0.03793636849772887,0.008307598223420436,0.085127831462862319,3.954579704128884e-06,0,0,0,0,0,0,0
7,10,annular_channel,0.0078947368421052634,0.0040000000000000001,0.0073684210526315788,0.0084210526315789472,0.0030000000000000001,0.0050000000000000001,99999.999846166262,0.020670849735135246,nan,nan,0.086845044855226067,1173,nan,nan,nan,nan,nan,nan,nan,nan,nan,nan,nan,nan,nan,nan,nan,nan,nan,nan,nan,nan,nan,nan,nan,nan,nan,nan,nan,nan,nan,nan,nan,nan,nan,nan,nan,nan,nan,nan,nan,nan,nan,nan,nan,nan,nan,nan,nan,nan,nan,nan,nan,nan,nan,nan,nan,nan,nan,nan,nan,nan,nan,nan,nan,nan,nan,nan,nan,nan,nan,nan,nan,nan,nan,nan,nan,nan,nan,nan
8,0,lumen,0.0089473684210526309,0.00015000000000000001,0.0084210526315789472,0.0094736842105263147,0,0.00030000000000000003,1000133.2670695186,1.430944935593778,13.953952677632632,2882.0112767135192,0.16335527088829532,1173,1173,4.1042597826659708e-05,0.22515192894574931,0.59999999999999998,2,500000,0.00035,0.0001,0.059999279478694115,0.17072057359961623,1.0810731703187239e-17,0.20106304475792847,0.058571281817326327,0.50814758510318236,2.3191541120449344e-05,0.05218644309279763,0.085049154055956588,4.7144333582366879e-18,0.063751146623937507,0.4054071898547898,0.39359796590525159,8.1004672669867682e-06,0.26215158264870592,0.0016468248887565459,8.9113705995047351e-10,0.0020029180633849997,2.4130812411587572e-05,0.40440778982580439,7.5912961055429995e-05,8.6382545956370574e-07,3.0487117546570901e-10,2.9351786593198525e-12,2.5169866364750802e-10,6.2441222351166928e-11,7.3105770674482045e-08,0.32968990235556528,0,0,0,0,0,0,0,7.840258608963571e-11,-1.1157752101594153e-14,4.8074554908759026e-12,7.9994781020757464e-10,-1.8794969920687965e-14,-2.6427367262864959e-09,-1.4783453987645918e-15,-3.3175935956752944e-14,-6.2262855920303107e-17,1.541328609987818e-19,-2.2513319931140173e-18,1.6566756764599787e-18,-2.2214201371913543e-14,1.7596659127800066e-09,-1.6907557687066699e-07,1.2403352139811474e-07,6.9087858129075775e-23,4.7680058961869293e-08,5.5485315732239915e-07,-2.1755075568785642e-07,0,0.01343677637023186,0.040749465451366311,2.5060855438891638e-18,0.047862086419956616,0.013675078020333523,0.1182487615705876,5.4412016748571902e-06,8.1948345244925553e-08,-3.5394993670298334e-05,-1.2683559823449754e-20,-0.00011046776013563739,7.8706644484101328e-05,-0.00010887597939579378,-6.809983945561387e-09
8,1,lumen,0.0089473684210526309,0.00045000000000000004,0.0084210526315789472,0.0094736842105263147,0.00030000000000000003,0.00060000000000000006,1000133.1608279336,1.4318274235638191,13.962559799719209,2881.1669699172958,0.16319285912469017,1173,1173,4.1053710145277599e-05,0.22489828166589321,0.59999999999999998,2,500000,0.00035,0.0001,0.059961819341337007,0.17084414152041608,1.0880772343653275e-17,0.20185234189331844,0.058414404291707731,0.50839307756816066,2.3219127756403851e-05,0.05218603055870958,0.085163211082131415,4.7479040726104682e-18,0.064040886964003396,0.40457074061901965,0.39403101567075932,8.1151053766235014e-06,0.26191217200177552,0.0016522419715408662,8.9123598025369102e-10,0.0020053602606004855,2.4242655752042764e-05,0.40459980682062918,7.6084055708145317e-05,8.6235325034737216e-07,3.0500119679825201e-10,2.9350216243694265e-12,2.5165694929216506e-10,6.2470623816632919e-11,7.3368792596505682e-08,0.32972915499865152,0,0,0,0,0,0,0,-3.3171676479394862e-12,4.7227263070600361e-15,1.8166551025439145e-13,-3.0205899353461135e-11,-5.7050718316187243e-16,1.0716673490458739e-10,-3.9795559692786649e-14,-8.1809992807935217e-14,-1.4234869704814232e-16,3.7690289448052932e-19,-3.8208311048170324e-18,2.824750305369089e-18,-4.5874038678447215e-14,-7.3661910108060069e-11,-1.6928097415318255e-07,1.2135625238052228e-07,-5.98293187408222e-24,4.7817501846675554e-08,5.5566158109476849e-07,-2.1706808878141359e-07,0,0.013422800495725145,0.04076260873970397,2.5205876871417782e-18,0.048032833349748706,0.013632742465156753,0.1182594016455296,5.445598718997841e-06,-1.5983673364329856e-07,-7.0689823792724669e-05,-2.5749704005803709e-20,-0.0002227298517795482,0.00015794812716953745,-0.00021796413841441891,-1.3650907882504643e-08
8,2,lumen,0.0089473684210526309,0.00075000000000000002,0.0084210526315789472,0.0094736842105263147,0.00060000000000000006,0.00090000000000000008,1000132.9463421359,1.4365049257761815,14.008175775995158,2873.6604940129173,0.16286187493659812,1173,1173,4.1075953235579482e-05,0.22438887560060847,0.59999999999999998,2,500000,0.00035,0.0001,0.059767483376244317,0.17074387635661112,1.1000775834801307e-17,0.20303384504536079,0.057982142692646663,0.50785333078673189,2.3227322255800119e-05,0.052186836179224518,0.085391297132388161,4.8159510458846358e-18,0.064626185322810725,0.40288891205725574,0.39489862481738291,8.1444909377955555e-06,0.26143102798220441,0.0016631983656932622,8.9146715363940708e-10,0.0020102662726490528,2.4468771453649911e-05,0.40498398471113017,7.6429222529938537e-05,8.5938646912264722e-07,3.0525619000436097e-10,2.9347955800096035e-12,2.5158201538148567e-10,6.2532188115499616e-11,7.3899017493267004e-08,0.32980968987508041,0,0,0,0,0,0,0,-4.0582890363831907e-11,1.3013473753287506e-14,-4.0913909682570124e-12,-4.132416886901293e-10,8.4459349236620795e-15,1.432978554826575e-09,-5.4740763984671527e-14,-1.0129288900706523e-13,-1.7530023125617054e-16,4.8384135660218453e-19,-4.5110443081101741e-18,3.347096871018003e-18,-5.7291428167365509e-14,-9.7487062887316171e-10,-1.697074099140175e-07,1.2018179856854161e-07,-1.604055078710189e-22,4.8096874582612452e-08,5.5725173674081585e-07,-2.1739514488583467e-07,0,0.013394248632432765,0.040789537674842564,2.550252044229459e-18,0.048378236114411451,0.013547841670045448,0.11827857336645239,5.4543952903084448e-06,-9.1328658515103417e-07,-0.00010607999276409784,-3.1989514316313648e-20,-0.00033887466079763961,0.00023822305536398824,-0.00032756008027757323,-2.056841138065714e-08
8,3,lumen,0.0089473684210526309,0.0010500000000000002,0.0084210526315789472,0.0094736842105263147,0.00090000000000000008,0.0012000000000000001,1000132.6261763356,1.4445609248802049,14.086738910296734,2860.4723392884321,0.16236488558180712,1173,1173,4.1109381995940145e-05,0.22361940211577805,0.59999999999999998,2,500000,0.00035,0.0001,0.059439407128350316,0.17047351147316206,1.1131902990917065e-17,0.20469163591456516,0.057294599266258073,0.50668856466277679,2.322365704441863e-05,0.052191448556996908,0.085734232318597253,4.9006878869866868e-18,0.065519271790997244,0.40034427620727003,0.39620258225021038,8.1888759280850764e-06,0.26070305472396293,0.0016799341537558836,8.918840926155529e-10,0.0020176694332976423,2.4814241542248357e-05,0.40556171051348278,7.695409843252596e-05,8.5489099861923489e-07,3.0562859337991745e-10,2.9346577917390848e-12,2.5148747342649687e-10,6.2630656156752159e-11,7.4705317574017253e-08,0.32993493172464528,0,0,0,0,0,0,0,-2.6023120165849321e-11,6.0396913350440483e-15,-3.798747460438827e-13,-2.4148852779245515e-10,4.2681786924236853e-15,7.9532989374041241e-10,-3.0114010852506286e-14,-7.0418063741195525e-14,-1.2536412908139531e-16,3.8794996264700889e-19,-3.6711974407286399e-18,2.7749467817383399e-18,-4.4954149930141303e-14,-5.273029237572779e-10,-1.7038100497655806e-07,1.2105482172231063e-07,2.7735980216737452e-23,4.853134450079619e-08,5.596885538777796e-07,-2.1867124644359137e-07,0,0.013351175549644842,0.040830233490631744,2.5896465012824091e-18,0.048904918624433101,0.013420050161364161,0.11830374142849372,5.4675964946683574e-06,-1.8582819514965033e-06,-0.00014224927206128257,-4.920510266783334e-20,-0.00046130941520631895,0.00032003427519624076,-0.00043718339899565596,-2.7602979008642581e-08
8,4,lumen,0.0089473684210526309,0.0013500000000000001,0.0084210526315789472,0.0094736842105263147,0.0012000000000000001,0.0015,1000132.200199,1.4517341227374152,14.15669489055062,2850.1716330763325,0.16170445742261985,1173,1173,4.115415830845511e-05,0.22258269930590752,0.59999999999999998,2,500000,0.00035,0.0001,0.059156350514000165,0.17054364811625533,1.1372484968822083e-17,0.20747603302438095,0.056522445719624378,0.50640190749354552,2.327757128637901e-05,0.052200860503968563,0.086195444195046586,5.0314644618722202e-18,0.066740323493557352,0.3969102274406901,0.39794489571906544,8.2486476719476722e-06,0.25971916549843566,0.0017028161957039871,8.9251408754352946e-10,0.0020276083934853296,2.5287535093831153e-05,0.40633787250665721,7.7667000433173544e-05,8.4883356219906006e-07,3.0611296598443759e-10,2.9347436153112926e-12,2.513798193415133e-10,6.2769897561955947e-11,7.5802963295329927e-08,0.33010865671795447,0,0,0,0,0,0,0,3.0551794175430689e-12,3.7040345589330612e-15,-2.84900474552022e-12,1.010733870457583e-11,-9.4737585831783377e-16,4.6922698148862962e-11,-2.6638978351368891e-14,-7.1915563781832503e-14,-1.2956752925496417e-16,3.4085467680937235e-19,-3.4971226574908368e-18,2.5056038495940029e-18,-4.7905211986837431e-14,-5.7092192300629312e-11,-1.7130479222377676e-07,1.2209234218074627e-07,-7.0845543711974113e-24,4.916849732058954e-08,5.6308993089115855e-07,-2.2048624603865363e-07,0,0.013296832341711234,0.040881488194395431,2.6481084383080403e-18,0.0496193528031166,0.013249297236360898,0.11833681281199171,5.4852309664197441e-06,-4.4124971638377923e-06,-0.0001779897041877493,-6.3334979604655523e-20,-0.00059026682782584822,0.00040375653890347508,-0.00054883927036275385,-3.4779587932137188e-08
8,5,lumen,0.0089473684210526309,0.00165,0.0084210526315789472,0.0094736842105263147,0.0015,0.0018,1000131.6574499074,1.4711261489297611,14.345805483029986,2817.4485365815112,0.16087485154482051,1173,1173,4.1210236191258866e-05,0.22127141850155052,0.59999999999999998,2,500000,0.00035,0.0001,0.058401617054620568,0.16942602911075025,1.1599665713468721e-17,0.20955831773846004,0.055165016744711082,0.50247085923867307,2.3181393667171951e-05,0.052223289793679073,0.086774468310781838,5.2005296579034474e-18,0.068310637906495039,0.39255287682922479,0.40013040286033552,8.3242994837244546e-06,0.2584700711790856,0.0017323825809944908,8.9352090432586624e-10,0.0020401677059904946,2.5899411397385133e-05,0.40731261665608198,7.8580614726981676e-05,8.4112598185935452e-07,3.0668702427285363e-10,2.9355015201280644e-12,2.5130168392081283e-10,6.2963395707166991e-11,7.7209808216790505e-08,0.33033936199852454,0,0,0,0,0,0,0,-4.4553830789557664e-13,5.8372161122532152e-15,5.3912687678766243e-12,2.4375300952862046e-11,-2.9866517245458191e-15,-1.8391378415853754e-10,-2.5129730032409486e-14,-6.24092791334796e-14,-1.0988951749111307e-16,3.5791454346671976e-19,-3.4004036854886732e-18,2.5560713795367819e-18,-4.1713764646411695e-14,1.5471934822099864e-10,-1.7254619878552535e-07,1.2250542535952036e-07,-9.3068157920454666e-24,5.0219403167845654e-08,5.6784208038451744e-07,-2.2278458439162208e-07,0,0.013227576984505603,0.040946577129290715,2.7233406559525338e-18,0.050536189489754774,0.013034431527671059,0.11836547721589473,5.5072430814052988e-06,-7.1226572916221404e-06,-0.00021600080247132289,-8.0000571868803297e-20,-0.00072772120243680448,0.00048994621461853876,-0.00066090398124289001,-4.2137149760688883e-08
8,6,lumen,0.0089473684210526309,0.0019499999999999999,0.0084210526315789472,0.0094736842105263147,0.0018,0.0020999999999999999,1000130.9925111281,1.4791064365301174,14.423635491807158,2808.1884777940154,0.15985400084943716,1173,1173,4.1277803345728181e-05,0.21967375519542592,0.59999999999999998,2,500000,0.00035,0.0001,0.058126938004898175,0.16988262132643969,1.2013404649265525e-17,0.2143749294334294,0.054122926995551032,0.50304990628756141,2.3311599786461489e-05,0.052259662534284337,0.087480364384336706,5.4152437551280497e-18,0.070259852319517993,0.38722687040353054,0.40276483388729034,8.4164710400703391e-06,0.25693783039801105,0.0017693367968648953,8.9493379161517567e-10,0.0020554163268157962,2.6667003718582992e-05,0.40849837618751644,7.9710527857322882e-05,8.3172841395641302e-07,3.0734880046615945e-10,2.937171361304006e-12,2.5126043575953465e-10,6.3217379915019188e-11,7.8957050146599334e-08,0.33063175055405414,0,0,0,0,0,0,0,-8.4993799962291426e-13,1.0102659592834205e-14,5.9052907398038093e-13,-7.7287224116186253e-12,-1.4528309111305759e-15,2.9181325541735581e-11,-2.9587630599536876e-14,-6.4231172464124242e-14,-1.1037619644233901e-16,3.9069689698315252e-19,-3.5262262835604791e-18,2.6761416085325292e-18,-4.2641278830642152e-14,-2.1065288635268357e-11,-1.7410924516101517e-07,1.2178401498363911e-07,-1.1102360977852848e-23,5.2295566736212789e-08,5.746219924607221e-07,-2.2639649327471645e-07,0,0.013149215649253674,0.04101532209598921,2.8184758903226202e-18,0.051654715229600315,0.012774270371175955,0.11838422689381635,5.5330663797519295e-06,-1.2263494075187788e-05,-0.00025572350062193092,-9.9668552065443355e-20,-0.00086647481569156713,0.00057928279879980492,-0.00077653119194272225,-4.9564126098696736e-08
8,7,lumen,0.0089473684210526309,0.0022499999999999998,0.0084210526315789472,0.0094736842105263147,0.0020999999999999999,0.0023999999999999998,1000130.1735669414,1.4964830898296384,14.593097392218766,2782.6460013124233,0.15863043245185096,1173,1173,4.1356540781859216e-05,0.21777843404122432,0.59999999999999998,2,500000,0.00035,0.0001,0.057521181025009326,0.16952361371286273,1.2464271442317098e-17,0.21894699249982605,0.05261678229875108,0.50104449479015345,2.3339700323071962e-05,0.052322645191884759,0.088321121213590814,5.6844905019308851e-18,0.072601394834769101,0.38087392289228517,0.40587239024744698,8.5256200230235023e-06,0.25510098036778245,0.0018147157351173233,8.9699454356374325e-10,0.0020735462183137433,2.7613600641577133e-05,0.40990658810181596,8.1081457127599152e-05,8.2052198973708813e-07,3.0808405801488826e-10,2.940511015219829e-12,2.5132080707704962e-10,6.3553669240888638e-11,8.1086727415700403e-08,0.33099457138758942,0,0,0,0,0,0,0,-4.9843643455345164e-12,6.9630370912438729e-15,-9.0800559042234607e-13,-5.0384182123730796e-11,5.377642775528102e-17,1.8683899132704296e-10,-1.9116735151907031e-14,-4.919220412957781e-14,-8.4774966203194997e-17,3.3131024038673217e-19,-3.0197747688635959e-18,2.3018622078375913e-18,-3.5388003952870743e-14,-1.304653332263108e-10,-1.7609062796623831e-07,1.1850496278720257e-07,-2.0028483665121216e-23,5.7399818924398024e-08,5.8567694800892856e-07,-2.3344097244137885e-07,0,0.013058286021819566,0.041090724615000074,2.936469206677548e-18,0.052974522495369006,0.01246648494566731,0.11837494088733562,5.5620425276323627e-06,-1.9551883310325277e-05,-0.00030878795974431455,-1.230413838276757e-19,-0.00099209392463556873,0.00067269604356931826,-0.00090362957173993565,-5.714345627605726e-08
8,8,lumen,0.0089473684210526309,0.0025499999999999997,0.0084210526315789472,0.0094736842105263147,0.0023999999999999998,0.0026999999999999997,1000129.0959483826,1.5173353022132603,14.796455670334897,2752.5860756486882,0.15713057903146402,1173,1173,4.144575880628121e-05,0.21557149493260913,0.59999999999999998,2,500000,0.00035,0.0001,0.056840212918674547,0.16912814382627478,1.3017282868741941e-17,0.22398885612127931,0.050878168467588449,0.49856945726368418,2.3361385583107668e-05,0.052423716932217465,0.089342987601981422,6.0194277428448648e-18,0.075308259225329605,0.37342091484052742,0.40949546894171696,8.6524582272353777e-06,0.25291309665584272,0.0018698222895464388,8.9986609174532635e-10,0.002094707801283271,2.8780642881578669e-05,0.41159548738689666,8.2722156776826207e-05,8.0759906447401806e-07,3.0897534812235959e-10,2.9464171514597309e-12,2.5153125589090228e-10,6.3992634643890687e-11,8.3684184866768659e-08,0.33141449025621,0,0,0,0,0,0,0,2.1816738969052323e-12,5.3510631250508508e-15,7.0968660445476507e-13,2.2511425615513156e-11,-1.8368553206249416e-15,-7.4643178573849389e-11,-1.5126292900112955e-14,-4.1644205445168225e-14,-7.0469910347482733e-17,2.9080616877681396e-19,-2.719145074217936e-18,2.0633183376752948e-18,-3.056409137806198e-14,4.932418336640116e-11,-1.7855364702491078e-07,1.0692847574045317e-07,-1.5571196005550516e-23,7.1699178842462221e-08,6.0735692239410888e-07,-2.5027462707827297e-07,0,0.01295182469113882,0.041167663894701764,3.0804507371654461e-18,0.054432579207750027,0.012104158849137864,0.11828294617784892,5.5911165210959737e-06,-2.9343811344091467e-05,-0.00040711411318974987,-1.5304944124898642e-19,-0.0010486566364568334,0.00077324766823764688,-0.0010615581612986257,-6.4689679041278515e-08
8,9,lumen,0.0089473684210526309,0.0028499999999999997,0.0084210526315789472,0.0094736842105263147,0.0026999999999999997,0.0029999999999999996,1000057.7690955104,1.5409782756417143,15.028084393766798,2719.2935089172374,0.10950026379377693,1173,1173,4.1543437731832544e-05,0.21303419496409476,0.59999999999999998,2,500000,0.00035,0.0001,0.056127281638030692,0.16905137975798987,1.371152562455791e-17,0.22900553690880776,0.048931176118361862,0.49599843501075203,2.3386490167424945e-05,0.05257654586106357,0.090700407064826571,6.4397138650275722e-18,0.078200243934318903,0.36475289890526219,0.41376110688414314,8.7973503857336539e-06,0.25025959357277289,0.0019365662349107296,9.0353621918569061e-10,0.0021189837464548385,3.0256592144628178e-05,0.41374632293233898,8.4671776774438882e-05,7.9350836300087886e-07,3.103566000857776e-10,2.9560377521641685e-12,2.5190039392650018e-10,6.4551038395891269e-11,8.6950363342729265e-08,0.33182272315257605,0,0,0,0,0,0,0,1.9633920861052161e-12,2.8148699945722425e-15,8.3686587347642529e-14,2.2459339547922944e-11,-1.4520719696098361e-15,-7.0974102680046447e-11,-1.2302027764710859e-14,-3.5969708114813592e-14,-5.9042855518424939e-17,2.3853051248787349e-19,-2.4438546100717662e-18,1.8203479914106798e-18,-2.5809252265222636e-14,4.6540548913518165e-11,-1.8151533357976812e-07,6.6919442487378689e-08,2.0016239470286612e-23,1.146668447466544e-07,6.5921163101834157e-07,-2.9620455316292649e-07,0,0.0086489906751864194,0.027388671600415668,2.1738408979895186e-18,0.037106515590014641,0.0077900018503832269,0.078790834896707088,3.7395447590913209e-06,0,0,0,0,0,0,0
8,10,annular_channel,0.0089473684210526309,0.0040000000000000001,0.0084210526315789472,0.0094736842105263147,0.0030000000000000001,0.0050000000000000001,99999.999797923665,0.020670849725163094,nan,nan,0.099377606639303007,1173,nan,nan,nan,nan,nan,nan,nan,nan,nan,nan,nan,nan,nan,nan,nan,nan,nan,nan,nan,nan,nan,nan,nan,nan,nan,nan,nan,nan,nan,nan,nan,nan,nan,nan,nan,nan,nan,nan,nan,nan,nan,nan,nan,nan,nan,nan,nan,nan,nan,nan,nan,nan,nan,nan,nan,nan,nan,nan,nan,nan,nan,nan,nan,nan,nan,nan,nan,nan,nan,nan,nan,nan,nan,nan,nan,nan,nan,nan
9,0,lumen,0.0099999999999999985,0.00015000000000000001,0.0094736842105263147,0.010526315789473682,0,0.00030000000000000003,1000120.9728615588,1.4414164672653478,14.056239287607266,2848.2812558858745,0.16287294085549964,1173,1173,4.1189488396833326e-05,0.22411014163846554,0.59999999999999998,2,500000,0.00035,0.0001,0.054025087895248167,0.17815199284402067,1.0565251716742752e-17,0.20832669579039792,0.058212904317605146,0.50091078332231276,2.3295189430430024e-05,0.047334635852996514,0.089401893644400279,4.6411558930039245e-18,0.066538432730268784,0.40588021464029966,0.39083662681771986,8.1963143150003517e-06,0.25988775047658885,0.0016183322138417296,8.0083615198460937e-10,0.0019705307117773617,2.4926767114546227e-05,0.40976838409533517,7.4642567157291192e-05,9.0705508674887876e-07,3.1770279888753613e-10,2.7655679338921063e-12,2.2801352070438414e-10,5.6749007822681816e-11,7.5560386349758268e-08,0.32665444914664354,0,0,0,0,0,0,0,3.507486884800546e-11,1.5491227330479057e-13,-1.1860292139157563e-13,2.2678504600677347e-11,-9.9389897353918677e-15,-2.2643964611365752e-10,-7.2527445345922847e-14,4.5102810375396984e-16,-4.8926194056186779e-17,7.7397263000968618e-19,1.001975249718905e-18,-7.9038451697937193e-19,-5.5694107199098357e-14,1.6878776135056161e-10,-1.4986521493492305e-07,1.039963192783766e-07,-4.2438878284360127e-24,4.6095519128353675e-08,4.9567406271155967e-07,-1.9598354744632118e-07,0,0.012163152200919687,0.042546871982104939,2.4718296773302709e-18,0.049756840914166323,0.013630876806572321,0.11716269969813567,5.490891268155978e-06,1.1697201071700366e-06,-3.813600360639577e-05,-1.1269293388032509e-20,-0.00011785622646859863,8.1247245347264508e-05,-0.00011000387634392334,-7.0807681735052317e-09
9,1,lumen,0.0099999999999999985,0.00045000000000000004,0.0094736842105263147,0.010526315789473682,0.00030000000000000003,0.00060000000000000006,1000120.875759321,1.4442251383629392,14.083629930699022,2843.6891489305744,0.16270345694033345,1173,1173,4.1201024145479209e-05,0.22384763993673995,0.59999999999999998,2,500000,0.00035,0.0001,0.053913289614842479,0.1780507580332561,1.0612437122965191e-17,0.20889269776526184,0.057976078975924925,0.50049341655566359,2.329317599673603e-05,0.047328730242600529,0.089525204749047307,4.6709680949638718e-18,0.066849222898754945,0.40501668706840604,0.39127194346495459,8.2115762365124296e-06,0.25964231668220039,0.0016237839616137508,8.0083230731667972e-10,0.0019729622737776295,2.5045237530244156e-05,0.40996640826446623,7.4814303620548034e-05,9.0547407302414936e-07,3.1784052441515567e-10,2.7648470622489779e-12,2.2793932680232771e-10,5.6767349558482309e-11,7.5838689037016007e-08,0.32669368655788317,0,0,0,0,0,0,0,-2.1674717694928795e-12,1.5907086530112006e-13,3.3019617174463853e-13,-9.9121014362424939e-11,-6.2915167867161337e-15,2.7568915206277467e-10,-8.9838590900677572e-14,-2.3205612778576246e-14,-8.8388315284772624e-17,9.3187502737688029e-19,-1.2422500211623629e-19,1.5547759171850307e-19,-6.5016840588949944e-14,-1.747054447515673e-10,-1.5004115439670729e-07,1.0356398527644473e-07,3.8758452656737699e-24,4.6201244395558394e-08,4.9632489934614554e-07,-1.961429687002969e-07,0,0.012148052950606844,0.042561820869977084,2.4853092347570583e-18,0.049939591026860609,0.013587417085548757,0.1171703082638335,5.4954456832274738e-06,2.2628429858163184e-06,-7.6438073945721971e-05,-2.3279151828028416e-20,-0.00023775462843213341,0.00016287814444046936,-0.00021992974054069311,-1.4195171997378224e-08
9,2,lumen,0.0099999999999999985,0.00075000000000000002,0.0094736842105263147,0.010526315789473682,0.00060000000000000006,0.00090000000000000008,1000120.67965237,1.4493478018720867,14.133587307615677,2835.5384981470565,0.16236764569351919,1173,1173,4.122412883421267e-05,0.2233206870998109,0.59999999999999998,2,500000,0.00035,0.0001,0.053709740597684096,0.17791180993481115,1.071455378309005e-17,0.21011007534438808,0.057523742134341076,0.49983376928848394,2.3297457635677587e-05,0.04731729152943704,0.089772656150288468,4.7326420824878762e-18,0.067477313596982821,0.40328215858952393,0.39214233791470549,8.2422190623110563e-06,0.25914897625364935,0.0016347944985554638,8.008339828682385e-10,0.0019778335086085988,2.5284762544750888e-05,0.41036353045531659,7.5160138508395514e-05,9.0230186480526693e-07,3.1811339576970606e-10,2.7634431985212854e-12,2.2779324770368233e-10,5.6805152773064468e-11,7.6399839775168734e-08,0.32677344027480321,0,0,0,0,0,0,0,2.1298015089051439e-12,1.5245630554788444e-13,1.0469080446999203e-13,6.8275348520814393e-12,-8.403867879369642e-15,-1.4998313138323005e-11,-8.5283623473887604e-14,-2.8687555803097453e-14,-9.7960013098860715e-17,1.0012670021688006e-18,-7.9512860458751668e-19,8.1628277940128003e-19,-6.8815864325649548e-14,5.9750258308072444e-12,-1.5039670071218675e-07,1.0399873917599223e-07,-4.9587890779954328e-24,4.6412961170719488e-08,4.9760178011393208e-07,-1.9681640339719308e-07,0,0.01211738736001251,0.042591698023703356,2.5129525504954277e-18,0.050308421656578228,0.013500237612972933,0.1171828049049414,5.5045115984841483e-06,3.1615454250914788e-06,-0.00011489912926029744,-3.5481514979374117e-20,-0.00036159866121999453,0.00024528728536268494,-0.00032956514949063225,-2.136607168987193e-08
9,3,lumen,0.0099999999999999985,0.0010500000000000002,0.0094736842105263147,0.010526315789473682,0.00090000000000000008,0.0012000000000000001,1000120.3872217857,1.4548548544220863,14.187294513194212,2827.6775842655879,0.1618602022665511,1173,1173,4.1258859490281847e-05,0.22252539388369719,0.59999999999999998,2,500000,0.00035,0.0001,0.053488307057336683,0.17797427690165349,1.0886527448756239e-17,0.21228755650691186,0.056933559758040625,0.4995995603638328,2.3339470584110688e-05,0.047301275648856202,0.090145429567173724,4.8268757779072934e-18,0.068435685556361592,0.40066129958921853,0.39344802117924205,8.2884591479051628e-06,0.25840290719707465,0.0016515895646701442,8.0086448733491796e-10,0.0019851667297882711,2.5650601558563023e-05,0.41096134939154805,7.5685150712333162e-05,8.9751149732779516e-07,3.1851461570362692e-10,2.7614385958324177e-12,2.2758107333721695e-10,5.686497273738719e-11,7.7252956667884668e-08,0.32689667519360732,0,0,0,0,0,0,0,1.3844629571514211e-12,1.3741027517734065e-13,8.883259085179725e-14,8.8071093982209785e-13,-8.1820401148791078e-15,-9.1258094830903858e-12,-6.5168905571467731e-14,-1.9396810546634669e-14,-8.1939197916690187e-17,9.8085498607908209e-19,-9.8955497772505646e-19,1.1270881397498375e-18,-6.6276094307561297e-14,6.7934267293005344e-12,-1.5094362835338382e-07,1.0421404195160022e-07,-7.8431550210886005e-24,4.6738717329930832e-08,4.9956872663625695e-07,-1.976831547900737e-07,0,0.012073500349464059,0.042633559726759009,2.5552123862164824e-18,0.05086655263266706,0.01336944274158538,0.11720080060621151,5.5180405929818529e-06,3.1580973458460748e-06,-0.00015278937528546437,-4.8781834559572859e-20,-0.0004904102495234061,0.0003287717543011162,-0.00043954157977335801,-2.860405171093417e-08
9,4,lumen,0.0099999999999999985,0.0013500000000000001,0.0094736842105263147,0.010526315789473682,0.0012000000000000001,0.0015,1000119.9982232355,1.4667933146209415,14.303720247611844,2808.528690207806,0.16118482380510679,1173,1173,4.1305176995674124e-05,0.22145703797779853,0.59999999999999998,2,500000,0.00035,0.0001,0.053034939605426143,0.17749916827666279,1.1088748992842694e-17,0.21457624184098753,0.055972726112972,0.49772781186694665,2.3323017519309527e-05,0.04728522966184661,0.090642572196114365,4.9568836642793134e-18,0.069741156015301176,0.39713205149610603,0.39519064004445092,8.3505861808849423e-06,0.25739836117312753,0.0016745321404003982,8.0101584879512015e-10,0.0019950132144667095,2.6150347201574815e-05,0.41175897674867384,7.6397781510637326e-05,8.9103859167330833e-07,3.1902600562066781e-10,2.7590718267744439e-12,2.2732666894740037e-10,5.6954333131049399e-11,7.8410380451033531e-08,0.3270695977385667,0,0,0,0,0,0,0,-3.6808439524843343e-11,1.1846280401665e-13,-1.2533867186946331e-12,-8.5308093923906142e-12,-4.3386518336352431e-15,2.5456884712206362e-10,-3.7385214115149076e-14,-1.5384828827569308e-15,-5.1064565024079636e-17,9.066134452262194e-19,-9.0271114636949233e-19,1.2369853590679353e-18,-5.9695503065485776e-14,-2.0799176291029695e-10,-1.5170893046499712e-07,1.042037502396731e-07,-1.2639127319625365e-23,4.7251930363216055e-08,5.0240095328391021e-07,-1.9895360198196599e-07,0,0.012015153582526059,0.042690172310302532,2.6133615860530296e-18,0.051626916557605873,0.01319493922215683,0.11722197399777952,5.5362318830542204e-06,2.7023998457846726e-06,-0.00019116574340105708,-6.3191433581119586e-20,-0.00062653438675827806,0.00041368863809233608,-0.00054955802236830351,-3.5964975354631023e-08
9,5,lumen,0.0099999999999999985,0.00165,0.0094736842105263147,0.010526315789473682,0.0015,0.0018,1000119.5023881482,1.4790011238254954,14.422774223522172,2790.2403734972527,0.16032726135755396,1173,1173,4.1363132483734456e-05,0.22010834298442478,0.59999999999999998,2,500000,0.00035,0.0001,0.052581826516990157,0.17724641475113545,1.1372538441274328e-17,0.21792253283408206,0.054886225501318754,0.49634201937742262,2.3347880289651796e-05,0.0472714462454005,0.091266869756672503,5.1260564499914483e-18,0.07141828919730199,0.39266450316807811,0.39737046256606345,8.4290664834911469e-06,0.25612517429787024,0.0017041147676214858,8.013410542360137e-10,0.0020074175173767726,2.6795606459200631e-05,0.41276019289449695,7.7308878629407145e-05,8.828329676788249e-07,3.1963423866567943e-10,2.7565424497349311e-12,2.2704372139936812e-10,5.7079092373897157e-11,7.9891931092215576e-08,0.32729803190479106,0,0,0,0,0,0,0,1.3022006826801872e-12,9.7046098863042718e-14,1.3282490114338599e-14,-3.8346679165854603e-12,-6.4052495946098631e-15,1.0490948387786858e-11,-2.4884018090096359e-14,3.5470758275035763e-15,-3.5481650572798249e-17,7.0991428672693934e-19,-4.344812696344234e-19,6.8085307305073599e-19,-4.9109873827536013e-14,-7.9918573919418512e-12,-1.5272070824894762e-07,1.0456212207188287e-07,-5.6751113090854779e-24,4.8148133960611193e-08,5.0630961788422635e-07,-2.0086500734928237e-07,0,0.011943171542170731,0.042756472586234648,2.6886940374471598e-18,0.052595305959784892,0.012975685959286875,0.11723567436677314,5.5586599453727264e-06,9.1443235799025705e-07,-0.00022939183993616054,-7.9914344111857737e-20,-0.00076870038768922175,0.00050043701446860942,-0.00066036861749269569,-4.3403469341411216e-08
9,6,lumen,0.0099999999999999985,0.0019499999999999999,0.0094736842105263147,0.010526315789473682,0.0018,0.0020999999999999999,1000118.8952375746,1.4931928682033278,14.561176687003959,2769.686871338085,0.15929257928914611,1173,1173,4.1432594562556258e-05,0.21847123726293305,0.59999999999999998,2,500000,0.00035,0.0001,0.052076878285040831,0.17700969354273496,1.1737213403721733e-17,0.22211533736152966,0.053610679820352537,0.49487099921881478,2.3387318615408161e-05,0.047266759709286253,0.092019615244133796,5.3411975181156093e-18,0.073490892140578634,0.38721953431277334,0.399994674265854,8.5243273740729679e-06,0.25457095148776798,0.0017410471614158645,8.0197864745056694e-10,0.0020224832586094861,2.7602071519123354e-05,0.41396730177699403,7.8434798674167303e-05,8.7279425386098691e-07,3.203146959869741e-10,2.7542565790141173e-12,2.2676876199771262e-10,5.7251616769053531e-11,8.1723920431886918e-08,0.32759122351777731,0,0,0,0,0,0,0,1.9737432742076748e-12,8.1143413343889163e-14,7.0267829166788059e-14,-4.3813595371736275e-12,-5.8971924565831557e-15,1.0114999332913599e-11,-2.0703877753312995e-14,-1.1249681741709594e-15,-3.7495089350849925e-17,6.2952846767107837e-19,-5.8522201157514155e-19,7.2201302456940059e-19,-4.4393902263360638e-14,-7.7867714531825891e-12,-1.5402243694860596e-07,1.0392614369081343e-07,-8.3440428872118574e-24,5.008615933440695e-08,5.1215231633428004e-07,-2.0410415590976783e-07,0,0.011859409020421919,0.042828323734254624,2.7839351772494585e-18,0.053776783628635721,0.012711003174219341,0.11723530394774163,5.5849932126282234e-06,-2.0504195250703481e-06,-0.00027092352418377159,-9.9178052011810423e-20,-0.00091345687583544431,0.00058950185953826108,-0.00077413158916072406,-5.0945039377819125e-08
9,7,lumen,0.0099999999999999985,0.0022499999999999998,0.0094736842105263147,0.010526315789473682,0.0020999999999999999,0.0023999999999999998,1000118.1467106321,1.5115061908580947,14.739773842934271,2743.1895774721293,0.15804798508938719,1173,1173,4.1513313205941326e-05,0.21653562074639676,0.59999999999999998,2,500000,0.00035,0.0001,0.05145738310795054,0.17656403776745319,1.217851347633935e-17,0.22684093743891778,0.052075962412573513,0.49264241354391886,2.3409099317932732e-05,0.047277329025769317,0.09291374457292273,5.6099923240317915e-18,0.075975007752251814,0.3807479705428965,0.40307731118926804,8.6369168914421874e-06,0.25271385075259034,0.0017862574898855365,8.0304440454832695e-10,0.0020403228094732599,2.8593784530363507e-05,0.41539663928244747,7.9796231379888129e-05,8.6087134063837845e-07,3.2106745344644892e-10,2.7526849288645312e-12,2.2653381149749338e-10,5.748453398602601e-11,8.3950135825062693e-08,0.32795359341733299,0,0,0,0,0,0,0,1.3858764563671296e-12,6.8212438245543745e-14,9.2600749762864381e-14,8.3910526070637377e-12,-5.7897480212898422e-15,-2.4396281435995482e-11,-2.1076782501218625e-14,-9.5481348522108433e-15,-4.5777479252317818e-17,5.9305682723034801e-19,-9.6439043743117997e-19,9.9383057091376649e-19,-4.1310471298950212e-14,1.453620533533382e-11,-1.5566192374145971e-07,1.0060496435926325e-07,-1.3295041535501598e-23,5.5081319713520869e-08,5.2206616102390413e-07,-2.1075155154370862e-07,0,0.011762706782690657,0.042903937583261983,2.9013406687491902e-18,0.055164956980532656,0.012398712473665257,0.11720124757453361,5.6143526226599838e-06,-6.811925522360316e-06,-0.00032534876685637781,-1.223506074138819e-19,-0.0010436462669789729,0.00068192804993568205,-0.00089765744208823879,-5.855351400702144e-08
9,8,lumen,0.0099999999999999985,0.0025499999999999997,0.0094736842105263147,0.010526315789473682,0.0023999999999999998,0.0026999999999999997,1000117.1586683986,1.5328048589668495,14.947487098358179,2713.2088343039436,0.15650637382514671,1173,1173,4.1604508911490338e-05,0.21428964985345966,0.59999999999999998,2,500000,0.00035,0.0001,0.050780262589082879,0.17613592443808287,1.2724709237331293e-17,0.23212755231567969,0.05033205469036936,0.49011363606895836,2.3432471568541179e-05,0.047312679667241592,0.09399462542290736,5.9441973609403284e-18,0.078841227780955841,0.37318340184432258,0.40665929791119459,8.7673733780579259e-06,0.25051058641143664,0.0018410068280939795,8.046710007611356e-10,0.0020610835033718867,2.9812340813273353e-05,0.41710234650235689,8.1420913211558134e-05,8.4714864636995432e-07,3.2197039029469458e-10,2.7525762333762286e-12,2.2637932044812951e-10,5.7794699997238355e-11,8.6655382279840958e-08,0.32837280828311932,0,0,0,0,0,0,0,-2.7062142047951677e-12,5.4632632282492096e-14,-1.9353060232147333e-13,-3.1857830969047446e-11,-4.439482635676395e-15,1.0799245937602453e-10,-2.0905565891798386e-14,-1.7492084170012134e-14,-5.3210722863463914e-17,5.6480072524644872e-19,-1.3657919271889952e-18,1.3023322591057579e-18,-3.7691900625693774e-14,-7.3209105696515175e-11,-1.5769038902695848e-07,8.8178139123762378e-08,-1.9181874305041132e-23,6.9404510585781068e-08,5.4247764981474322e-07,-2.2706324442900438e-07,0,0.011648374144313784,0.042975391062095865,3.0444227038489094e-18,0.056691670002157524,0.012031357683771764,0.11707017348050525,5.6432016941192004e-06,-1.3602193651064681e-05,-0.00042545243020519942,-1.5147578889253496e-19,-0.0011030479859503095,0.00078068518749781234,-0.001051056041786092,-6.6067160896739676e-08
9,9,lumen,0.0099999999999999985,0.0028499999999999997,0.0094736842105263147,0.010526315789473682,0.0026999999999999997,0.0029999999999999996,1000049.8870610509,1.5564703924456538,15.179287820899004,2680.8109390506474,0.097099454072266958,1173,1173,4.1704086921516215e-05,0.21171694770006105,0.59999999999999998,2,500000,0.00035,0.0001,0.050079987070898793,0.17607445392540164,1.3410432618505706e-17,0.23746318859540783,0.048399464458405143,0.48762029587261752,2.3465635075664027e-05,0.047383814611735568,0.095418950876161812,6.3616731207909996e-18,0.081904203380174914,0.36441934592832514,0.41086476926796517,8.9159356373889212e-06,0.24785148569065271,0.0019071359290379381,8.0682932980136241e-10,0.0020848499795902632,3.1346917729729139e-05,0.41925933575381918,8.3346504622320219e-05,8.3217919290003536e-07,3.2335808860187542e-10,2.7549290611481051e-12,2.2630949241572625e-10,5.8195361225424017e-11,9.0041527136231338e-08,0.32878157558637716,0,0,0,0,0,0,0,-4.6988637876601105e-12,4.2134524645117838e-14,-2.3768558401341539e-13,-5.3766944980349755e-11,-3.6573391884453521e-15,1.6894921356022663e-10,-1.9517052920601285e-14,-2.2914829755915633e-14,-5.7173173596402195e-17,5.4170509291153806e-19,-1.7457698526719934e-18,1.6301066998082608e-18,-3.3547910987150879e-14,-1.1020789863316508e-10,-1.60121222708004e-07,4.7177320605662487e-08,1.7709952656134945e-23,1.1277525080878921e-07,5.9314201630855656e-07,-2.7284295256446711e-07,0,0.0072517605221212554,0.026672408954415076,2.0019219818235826e-18,0.036052048140628831,0.0072318340485488294,0.072709532586901202,3.5199309350454781e-06,0,0,0,0,0,0,0
9,10,annular_channel,0.0099999999999999985,0.0040000000000000001,0.0094736842105263147,0.010526315789473682,0.0030000000000000001,0.0050000000000000001,99999.999743261404,0.020670849713863938,nan,nan,0.11189424349374506,1173,nan,nan,nan,nan,nan,nan,nan,nan,nan,nan,nan,nan,nan,nan,nan,nan,nan,nan,nan,nan,nan,nan,nan,nan,nan,nan,nan,nan,nan,nan,nan,nan,nan,nan,nan,nan,nan,nan,nan,nan,nan,nan,nan,nan,nan,nan,nan,nan,nan,nan,nan,nan,nan,nan,nan,nan,nan,nan,nan,nan,nan,nan,nan,nan,nan,nan,nan,nan,nan,nan,nan,nan,nan,nan,nan,nan,nan,nan
10,0,lumen,0.011052631578947368,0.00015000000000000001,0.010526315789473682,0.011578947368421053,0,0.00030000000000000003,1000108.6780891422,1.4559570603001541,14.198209112676139,2810.2155287666255,0.16222270973124062,1173,1173,4.1332950971528625e-05,0.22282067453705884,0.59999999999999998,2,500000,0.00035,0.0001,0.048679803878184075,0.18408254010951541,1.0425023791844144e-17,0.21505098710373347,0.057497361757692829,0.49392501628088598,2.3378781142058859e-05,0.0430820940613676,0.093311046000267503,4.6258099819122154e-18,0.069379874225413612,0.40494026074549155,0.38927841616086517,8.3088065946042834e-06,0.25766293334597096,0.0016036633033592804,7.2348354078347903e-10,0.0019481183900159941,2.5780652234511135e-05,0.41444879985074923,7.3879816956015426e-05,9.4125353637164481e-07,3.287518122541527e-10,2.619035790539029e-12,2.0764437145468633e-10,5.1907531117019834e-11,7.8057512832143961e-08,0.3242358040152572,0,0,0,0,0,0,0,4.1070463237392728e-12,2.8170560133706668e-13,3.7728090254982978e-13,5.973079514815103e-11,-1.3416134522770129e-14,-1.2495426048031444e-10,-3.347614235793287e-13,-2.6209611737881833e-13,-4.677622366898094e-16,1.8949815641751043e-18,-8.3581758272984831e-18,4.2393355424787075e-18,-1.6671687723445085e-13,6.1235016865811452e-11,-1.340167398748357e-07,8.8561967148681475e-08,-6.3806060951460483e-24,4.5579792419981807e-08,4.4762710658952098e-07,-1.7965591475599396e-07,0,0.011014155425642909,0.04413806078861638,2.4630363905873773e-18,0.051690678682532888,0.013522356418734116,0.11623121578739157,5.5420727215113143e-06,2.4801948537482764e-06,-4.0961292456090103e-05,-1.1526936831927059e-20,-0.00012512780697208084,8.3145640075805622e-05,-0.00010992036834504898,-7.2933566429331684e-09
10,1,lumen,0.011052631578947368,0.00045000000000000004,0.010526315789473682,0.011578947368421053,0.00030000000000000003,0.00060000000000000006,1000108.59037298,1.4586765847356389,14.224730631841519,2805.9294087656021,0.16205173121932764,1173,1173,4.1344855048276922e-05,0.22255065829247689,0.59999999999999998,2,500000,0.00035,0.0001,0.048574865917834407,0.18400114924199679,1.0474427473427401e-17,0.21567722732276923,0.057264662397890909,0.49355257966641247,2.3379512765592455e-05,0.043069524600075647,0.09344401227835325,4.6564131924578134e-18,0.069711887615915888,0.40405476058201489,0.3897114903361209,8.3245875192553906e-06,0.25741161644179517,0.0016091568414338005,7.2335826071864157e-10,0.0019505171322279841,2.5905833098020437e-05,0.41465342153560253,7.4051799372290108e-05,9.3959996242910132e-07,3.2889913571570329e-10,2.6177731648545844e-12,2.0753414560742265e-10,5.1914297968760501e-11,7.8350706447333654e-08,0.32427431115147709,0,0,0,0,0,0,0,4.9152789180929274e-12,2.6910846611808292e-13,4.1037679272905863e-12,-4.5500884254180884e-11,-1.2406959140620621e-14,4.990134564245019e-11,-3.1195373604826959e-13,-2.4495900100007795e-13,-4.4124900425655934e-16,1.8250145211428749e-18,-8.1355182968423914e-18,4.1679634588590485e-18,-1.6150057349609557e-13,-1.295730209061222e-11,-1.3415983266635775e-07,8.8453974700364313e-08,-5.640791284854374e-24,4.5652272213442904e-08,4.4811726641891259e-07,-1.7976252841833684e-07,0,0.01099847423191366,0.044153442936327884,2.4765788959580668e-18,0.051883534220668132,0.013478121264854981,0.11623551696193546,5.5467031134795955e-06,4.8332717208405242e-06,-8.1804384091888914e-05,-2.3358770572746577e-20,-0.00025205677645671068,0.00016656829347246713,-0.00021956320229188231,-1.4602954444804826e-08
10,2,lumen,0.011052631578947368,0.00075000000000000002,0.010526315789473682,0.011578947368421053,0.00060000000000000006,0.00090000000000000008,1000108.4132080171,1.4613675986795451,14.25097540145485,2802.6780691890945,0.16170213313215903,1173,1173,4.1368666070571542e-05,0.22200909237784461,0.59999999999999998,2,500000,0.00035,0.0001,0.04845779792147157,0.18418496845125981,1.0594594620439636e-17,0.21734978986548395,0.056907731202638312,0.49373835105929748,2.3425172294086506e-05,0.043044996957399571,0.093709941260858312,4.7185232615873219e-18,0.070382115223804054,0.40227712178641034,0.39057746853738146,8.356234146129373e-06,0.25690711650414888,0.001620252501264452,7.2312171257187756e-10,0.0019553258293843689,2.6158702016908231e-05,0.41506266016617388,7.4398206154798461e-05,9.362757271929887e-07,3.2918863713731098e-10,2.615285806556153e-12,2.0731726622828205e-10,5.1929129109185098e-11,7.8941235174118988e-08,0.32435307155972137,0,0,0,0,0,0,0,3.26738370759643e-12,2.3890219364998988e-13,2.4849823641599777e-13,4.1927997499417977e-11,-1.1559221461954206e-14,-7.4632452128076121e-11,-2.5716113686454509e-13,-2.0315129786729891e-13,-3.7728398258579194e-16,1.6490790015794823e-18,-7.4715228674074534e-18,3.9102092172366544e-18,-1.4850040442988282e-13,2.9570595776684644e-11,-1.3444006831267799e-07,8.8716259505350337e-08,-5.0003279061506399e-24,4.5798556372817637e-08,4.4911660997126734e-07,-1.8028032899852775e-07,0,0.010967865018756765,0.044182724370748952,2.5046546544567278e-18,0.052270767468400696,0.013389657394780034,0.11624313732602709,5.5558992609113946e-06,6.6314817958818097e-06,-0.00012204983214426822,-3.5787599785754022e-20,-0.00038215139610385231,0.00025048606617389391,-0.00032907852858526411,-2.1939873070482067e-08
10,3,lumen,0.011052631578947368,0.0010500000000000002,0.010526315789473682,0.011578947368421053,0.00090000000000000008,0.0012000000000000001,1000108.1492296263,1.4708032057802374,14.342993410681546,2787.5874558758364,0.16118328226056247,1173,1173,4.1404328419340929e-05,0.22119350234371571,0.59999999999999998,2,500000,0.00035,0.0001,0.048109190574526152,0.18377981330045473,1.0739452866309267e-17,0.21908346633300615,0.05616561761936173,0.49220222186522816,2.3407668695039812e-05,0.0430112699248053,0.094107556272213747,4.8139227981685991e-18,0.071401593174204817,0.3995947834431372,0.39187639327981039,8.4039058285950623e-06,0.25614643257655856,0.0016371749788680807,7.228293749268067e-10,0.0019625734603658383,2.6544073217443815e-05,0.41567502583736193,7.4924190121014665e-05,9.3123679578028616e-07,3.2960646959905098e-10,2.611705614134846e-12,2.0700819366888926e-10,5.1956380034087543e-11,7.9836645705463591e-08,0.32447631249605291,0,0,0,0,0,0,0,-9.4296281399030782e-12,2.0824455823338881e-13,-1.6220155451333461e-12,-1.6113755605053891e-10,-6.0271882970641677e-15,5.6150406936919528e-10,-2.057995453176847e-13,-1.645946833689349e-13,-3.1658947630633313e-16,1.4642669487016464e-18,-6.8855172572982828e-18,3.6547295865894618e-18,-1.3496739571457949e-13,-3.8901157315361983e-10,-1.3488335431216525e-07,8.8275424692252358e-08,-4.6638266494253971e-24,4.6048353440197543e-08,4.5070819382209137e-07,-1.8077221825008039e-07,0,0.010921216174684702,0.044227914645338193,2.547351861565627e-18,0.052861835450890973,0.013256900577195724,0.1162525782013341,5.5698027302388666e-06,8.3047644903743126e-06,-0.0001625383641739604,-4.9129801553166336e-20,-0.00051820346603620308,0.00033518583423447609,-0.00043815723559318965,-2.9363086408174792e-08
10,4,lumen,0.011052631578947368,0.0013500000000000001,0.010526315789473682,0.011578947368421053,0.0012000000000000001,0.0015,1000107.7980707436,1.4821567661599095,14.453716249333656,2770.1136457100815,0.16049435973656867,1173,1173,4.145187775253644e-05,0.22009912427790107,0.59999999999999998,2,500000,0.00035,0.0001,0.047693625786787361,0.18340096395313471,1.0948158243547726e-17,0.22163239300393747,0.055232350411913371,0.49058711174084008,2.3405353780459579e-05,0.042968904445809829,0.094638539551334513,4.9453582319220566e-18,0.072789922973476195,0.39598845269720379,0.39360571238868974,8.4679434858080473e-06,0.25512301582724256,0.0016602545020675172,7.2249958727829358e-10,0.0019722778127877674,2.7070159499793784e-05,0.41649251682407862,7.5636761321927747e-05,9.2445147505172751e-07,3.3014174108978689e-10,2.6071159682063244e-12,2.0661165766400674e-10,5.1998599126912642e-11,8.1050667419733981e-08,0.32464822129700027,0,0,0,0,0,0,0,2.949139006363527e-12,1.7289169810008231e-13,-5.9027088793874316e-13,7.9728877928630214e-11,-9.534473904837526e-15,-1.7479113447425865e-10,-1.4522227377717801e-13,-1.175112524648414e-13,-2.4328396807155177e-16,1.2273858666669463e-18,-6.0022142754905163e-18,3.1882450092480915e-18,-1.1822983520036186e-13,9.2921503619851019e-11,-1.3550201888702998e-07,8.9230051680821987e-08,-4.6563253013469494e-24,4.644759428237003e-08,4.5295409643875129e-07,-1.8202994972460473e-07,0,0.010860824033268282,0.044284963510086553,2.6059949584562174e-18,0.05366129670001419,0.01307999689733909,0.11626155070116072,5.5882753072917967e-06,9.2571149212307751e-06,-0.00020234652460565067,-6.3806489362399908e-20,-0.00066042628781966684,0.00042090773773678566,-0.00054668491684476252,-3.6839607954875754e-08
10,5,lumen,0.011052631578947368,0.00165,0.010526315789473682,0.011578947368421053,0.0015,0.0018,1000107.3503935811,1.4934955458262076,14.564296432500127,2753.988600398925,0.15962835366827363,1173,1173,4.1511235218745173e-05,0.21872042793292601,0.59999999999999998,2,500000,0.00035,0.0001,0.047279281930577267,0.18328476277523237,1.1241808542836992e-17,0.22532801690330856,0.054182242228446344,0.48953478739033884,2.3449090305939733e-05,0.042921490815475548,0.095302164106353046,5.1168520549812566e-18,0.074569838731331897,0.39143166527411649,0.39576629239932387,8.548673398952975e-06,0.25382919622363426,0.0016899889233154789,7.2220935448746416e-10,0.001984497670151368,2.7748193112811243e-05,0.41751450753198255,7.6547103616111213e-05,9.1584127459135625e-07,3.3077060619316563e-10,2.6017265216745821e-12,2.0614784399348518e-10,5.2062659300226188e-11,8.260132358146859e-08,0.32487651459779715,0,0,0,0,0,0,0,5.5933105246744988e-13,1.4424322191781361e-13,-1.3851241267274666e-12,5.8495649978363864e-11,-7.6309401506047259e-15,-9.2763882512947315e-11,-9.6540848951926617e-14,-7.785981061270153e-14,-1.8066631618855119e-16,1.0104251290895072e-18,-5.1505279203027223e-18,2.6611394990517495e-18,-1.0288879246497137e-13,3.5235064653464703e-11,-1.3631852357033972e-07,8.9201565578456155e-08,-4.1169244693439974e-24,4.7211295609398009e-08,4.5617085689397818e-07,-1.8358971498599885e-07,0,0.01078654839012657,0.044350575211336764,2.6821815576948854e-18,0.054677172574699034,0.012858214158505209,0.11626070771476758,5.6110112702323155e-06,9.1722647619852219e-06,-0.00024189072304112855,-8.0640495790860146e-20,-0.00080855602964068594,0.00050789654735158981,-0.00065547864716620976,-4.4376456544388518e-08
10,6,lumen,0.011052631578947368,0.0019499999999999999,0.010526315789473682,0.011578947368421053,0.0018,0.0020999999999999999,1000106.8023526736,1.5099532207635178,14.724796748654274,2729.9287147136511,0.15856839739099846,1173,1173,4.1582214543160868e-05,0.21705088536936085,0.59999999999999998,2,500000,0.00035,0.0001,0.046712498391536669,0.18280338932364554,1.1592967010519915e-17,0.22943312026628385,0.052833070997615944,0.48737410268870079,2.3458902599305276e-05,0.042874278154785089,0.096099348545369417,5.3348360192436999e-18,0.076765117665263505,0.38589098811860895,0.39836162101853317,8.6464974398309781e-06,0.25225392710519218,0.0017270535832107482,7.2206595281059762e-10,0.0019993146468165078,2.8593914945048885e-05,0.41874248572457062,7.7670298632089496e-05,9.0531588492832954e-07,3.3146731554418183e-10,2.5958506401745452e-12,2.0564545400607286e-10,5.2158268905041378e-11,8.4514369272620148e-08,0.32516996358244576,0,0,0,0,0,0,0,-3.7886492881542433e-12,1.3077561114842592e-13,-1.383749658463955e-14,-9.3998358729358783e-11,-4.6408189791069532e-15,2.8987750221032282e-10,-7.3951420452951133e-14,-5.8553205686817655e-14,-1.4815345684906789e-16,9.0086757081043904e-19,-4.781248567916726e-18,2.4416026948646216e-18,-9.4803494678262808e-14,-1.9197524148113956e-10,-1.3737396578486841e-07,8.8074991633213529e-08,-1.9179222154051852e-23,4.900926862194922e-08,4.6113320217866516e-07,-1.8628926584662864e-07,0,0.01069849589462166,0.04442253975244214,2.7782709285915509e-18,0.055917090165077406,0.012590978867629126,0.11624199193845292,5.6377371101670429e-06,8.118812680826264e-06,-0.00028448728188281553,-9.9330211440221781e-20,-0.00095904649967803362,0.00059658910648478932,-0.0007666446179997006,-5.1995258117598103e-08
10,7,lumen,0.011052631578947368,0.0022499999999999998,0.010526315789473682,0.011578947368421053,0.0020999999999999999,0.0023999999999999998,1000106.1258834501,1.5292141688329706,14.912636194472082,2702.5700519333272,0.15729985956889639,1173,1173,4.1664492851082793e-05,0.21508219577093762,0.59999999999999998,2,500000,0.00035,0.0001,0.046078884280474068,0.18227179100830507,1.2027032842029011e-17,0.23429375738475852,0.051279745362586247,0.4849078211312694,2.3472654795655246e-05,0.042832240698241493,0.097042231625194625,5.6051867389257526e-18,0.079391432809534659,0.37932350532609899,0.4014018276094789,8.7619314514652606e-06,0.25037730506278083,0.0017723386748019752,7.2216252271127375e-10,0.0020168205733894634,2.9631383722099608e-05,0.42019092654545082,7.9025698925258648e-05,8.9282984215123307e-07,3.322291752448331e-10,2.5898710933824945e-12,2.0513090140643684e-10,5.229570232990331e-11,8.6832716772877737e-08,0.32553297108396251,0,0,0,0,0,0,0,-1.0307501705375281e-13,1.2805853238828688e-13,-6.8753619435885354e-14,-4.3151022436619929e-12,-6.1682429997045318e-15,3.4289753978941628e-11,-7.3255561760588881e-14,-5.5154448716510096e-14,-1.3650164505346056e-16,8.4837898336842579e-19,-4.6613365113637354e-18,2.3498332356058515e-18,-8.9962025458409632e-14,-2.970623770343774e-11,-1.3870222590611769e-07,8.4795690080685659e-08,-8.3756293939339094e-24,5.3872466265519303e-08,4.6997949730565036e-07,-1.9257045963394503e-07,0,0.010597026700249876,0.044493541484428294,2.8962139277932145e-18,0.057367174738011929,0.012276046094460936,0.11618188401157789,5.6671859395353914e-06,5.6402299613103897e-06,-0.00033951198352601044,-1.2267488087856926e-19,-0.0010941669913972004,0.00068802957217154836,-0.00088631475099357801,-5.9612252188348038e-08
10,8,lumen,0.011052631578947368,0.0025499999999999997,0.010526315789473682,0.011578947368421053,0.0023999999999999998,0.0026999999999999997,1000105.2301888866,1.5494999875920497,15.110473577867943,2675.2649433943575,0.15572810558123817,1173,1173,4.1757235001638029e-05,0.21280422210382216,0.59999999999999998,2,500000,0.00035,0.0001,0.045444363891030445,0.18198544529635954,1.2582285635267873e-17,0.24004232603650455,0.049587062627687174,0.48276065995242295,2.3518138670771938e-05,0.042802833624536032,0.098175161110573825,5.9417555672511583e-18,0.082418442253733654,0.37166865061495535,0.40492601702165848,8.8953745428118571e-06,0.24815868948831366,0.0018270790340762699,7.2259946164075921e-10,0.0020371580959272486,3.0902510252261948e-05,0.42191040612614744,8.0640267257787583e-05,8.7845998988364325e-07,3.3312922703819782e-10,2.584397484224431e-12,2.046361408078023e-10,5.2488447813968295e-11,8.964074213297494e-08,0.32595415506185549,0,0,0,0,0,0,0,6.0126237150958648e-12,1.4030404147984747e-13,-1.766925140965987e-13,1.3835061828919519e-10,-9.2245005037239203e-15,-3.5162022946066962e-10,-1.0522699080674479e-13,-7.5494731993641651e-14,-1.5406404861910534e-16,8.7685337379233385e-19,-5.0616759529138208e-18,2.5205543313723319e-18,-8.9221008842178732e-14,2.0757281979526027e-10,-1.4034503586233052e-07,7.2568121345373271e-08,-1.6372475362591941e-23,6.8128885596783304e-08,4.8916162638523719e-07,-2.0861246086134599e-07,0,0.01047754412489634,0.044552566772470707,3.0395473764358848e-18,0.058954194884655295,0.011905914854888565,0.11601310871754947,5.6955194370938894e-06,1.1911986651428005e-06,-0.00043975068394090601,-1.5103211780317494e-19,-0.0011568295684169501,0.00078505191526021347,-0.0010353529670077918,-6.7070863923676298e-08
10,9,lumen,0.011052631578947368,0.0028499999999999997,0.010526315789473682,0.011578947368421053,0.0026999999999999997,0.0029999999999999996,1000042.5405434985,1.5738797827293722,15.349183535442553,2642.591343327289,0.094738099830102659,1173,1173,4.1858231018103923e-05,0.21020324353071346,0.59999999999999998,2,500000,0.00035,0.0001,0.044731071780862261,0.18185414966762573,1.3258319399369771e-17,0.2455905847588003,0.047654718812586962,0.4801009854230488,2.3546848770850659e-05,0.042796573614754724,0.099654149229925978,6.3599093015952581e-18,0.085655546820865874,0.36282788957554774,0.40905679382765509,9.0469312506907793e-06,0.24549383006581552,0.0018930822812991319,7.233671775438887e-10,0.0020604283925031966,3.2496991594666988e-05,0.4240678396550262,8.2551143397006783e-05,8.6274212041832069e-07,3.3449552954359092e-10,2.5803689101960811e-12,2.0417068844308471e-10,5.2749028649202803e-11,9.3140105934563581e-08,0.3263688142707753,0,0,0,0,0,0,0,-5.191648286024187e-11,1.5980374158262052e-13,-1.6750146764220006e-13,-1.233283234069802e-09,1.7145247895034021e-14,3.3904770995948907e-09,-1.6028687792814276e-13,-1.1203863357900357e-13,-1.8670870398975521e-16,9.3931715519214854e-19,-5.8661678801439198e-18,2.8792437621272549e-18,-8.8067169117695342e-14,-2.1049260948034968e-09,-1.4231502001730081e-07,2.7206572272842067e-08,4.7178063663163511e-23,1.1171832135070721e-07,5.3869000705281112e-07,-2.5280026633156538e-07,0,0.0060540557461055801,0.025661693835394885,1.8534730829412434e-18,0.034794313189289557,0.006653185400956595,0.066859253716258893,3.2969807004206457e-06,0,0,0,0,0,0,0
10,10,annular_channel,0.011052631578947368,0.0040000000000000001,0.010526315789473682,0.011578947368421053,0.0030000000000000001,0.0050000000000000001,99999.999682510286,0.020670849701306167,nan,nan,0.12433542195745809,1173,nan,nan,nan,nan,nan,nan,nan,nan,nan,nan,nan,nan,nan,nan,nan,nan,nan,nan,nan,nan,nan,nan,nan,nan,nan,nan,nan,nan,nan,nan,nan,nan,nan,nan,nan,nan,nan,nan,nan,nan,nan,nan,nan,nan,nan,nan,nan,nan,nan,nan,nan,nan,nan,nan,nan,nan,nan,nan,nan,nan,nan,nan,nan,nan,nan,nan,nan,nan,nan,nan,nan,nan,nan,nan,nan,nan,nan,nan
11,0,lumen,0.012105263157894737,0.00015000000000000001,0.011578947368421053,0.012631578947368421,0,0.00030000000000000003,1000096.3990064588,1.4719975520713275,14.354809102757573,2772.4042705211295,0.16131308900856378,1173,1173,4.1481472741454528e-05,0.22122478350519001,0.59999999999999998,2,500000,0.00035,0.0001,0.043791429332655049,0.18951149696313102,1.0384949818948673e-17,0.22233321184091773,0.056552605565829389,0.48754203384316031,2.3466135511841144e-05,0.039183295419009022,0.097122504879813193,4.6588528093232394e-18,0.072520412033432555,0.40267949263939795,0.38848586319115946,8.4318371877827277e-06,0.25529570194633749,0.001599081558639089,6.5378907302400189e-10,0.0019316790849441422,2.6756802029261044e-05,0.41891270563330135,7.3462334508394138e-05,9.6993948232154884e-07,3.390323791290417e-10,2.4854750835850277e-12,1.8919488787323984e-10,4.7564067255488559e-11,8.0785868525583471e-08,0.3221595606828237,0,0,0,0,0,0,0,5.756459340024371e-12,1.1085417287135343e-12,9.4505412616978955e-13,-1.8387363489572878e-11,-5.1156236365035301e-14,1.6049312031272966e-10,-1.0631040325475175e-12,-5.7165470274123109e-13,-1.0601505115785773e-15,7.142891496670914e-18,-1.277329990968549e-17,8.7801990395871705e-18,-4.3802287013735155e-13,-1.4779089082676547e-10,-1.2016606385943304e-07,7.4811258798934688e-08,-4.4026501679452591e-24,4.5194428707804148e-08,4.0568778590654997e-07,-1.6534128804979176e-07,0,0.0099759847963420845,0.045539853618378097,2.4760417414547511e-18,0.05365725085822836,0.01336094974039418,0.11543215931063444,5.5943989798218845e-06,3.3536410705695937e-06,-4.2260841455582064e-05,-1.1402330549293801e-20,-0.00013106446306871525,8.434075657013042e-05,-0.00010955587246875186,-7.4564926448392944e-09
11,1,lumen,0.012105263157894737,0.00045000000000000004,0.011578947368421053,0.012631578947368421,0.00030000000000000003,0.00060000000000000006,1000096.3209081151,1.4746499323165196,14.380676037852302,2768.3768649540398,0.16113705848431659,1173,1173,4.1493543767725309e-05,0.22094995263727951,0.59999999999999998,2,500000,0.00035,0.0001,0.043693605714862832,0.1894391696904581,1.0433957676533766e-17,0.22300594719205905,0.056324448167562567,0.48720446437126019,2.3468979896258282e-05,0.039166215091385299,0.09726038301314556,4.6892732401679548e-18,0.072870919154795599,0.40177760025224257,0.38891643443344137,8.4480549894107345e-06,0.25504159390436848,0.0016046484419756138,6.5358589260723835e-10,0.001934062211173838,2.688807211710587e-05,0.41911818955728081,7.3635476300030404e-05,9.6818929609739548e-07,3.3917571882312441e-10,2.483766773106339e-12,1.8906095937435512e-10,4.7562262703736116e-11,8.1091225377820267e-08,0.32219993182439316,0,0,0,0,0,0,0,-7.5465354459882945e-12,1.069434718785956e-12,1.1988412502116949e-13,-1.6249631854352597e-10,-4.5939597612121297e-14,6.2732266690318506e-10,-1.0268056792286899e-12,-5.4743644513355338e-13,-1.0113531171951857e-15,6.8325079499671446e-18,-1.2250197688697615e-17,8.3640696701086825e-18,-4.1760150108563438e-13,-4.564301438718623e-10,-1.2027907145273353e-07,7.4403485206264719e-08,1.3904695011806446e-23,4.5249155688863643e-08,4.0609063289842595e-07,-1.6536573749226235e-07,0,0.0099599296251991556,0.045555282123397704,2.4897358115825554e-18,0.053859627145892007,0.013316332273889267,0.11543366876602602,5.5990997609667944e-06,6.5817670503324324e-06,-8.4345241613844281e-05,-2.4126119575281733e-20,-0.00026389293522799227,0.00016885308629442625,-0.00021885674836567208,-1.4928029430904234e-08
11,2,lumen,0.012105263157894737,0.00075000000000000002,0.011578947368421053,0.012631578947368421,0.00060000000000000006,0.00090000000000000008,1000096.1630424352,1.4804989954399295,14.437717943722607,2759.3621386519035,0.16079226683387668,1173,1173,4.1517670127743148e-05,0.22039910631576162,0.59999999999999998,2,500000,0.00035,0.0001,0.043483678708264147,0.18922523675839226,1.05356094245604e-17,0.22428016617427321,0.055849270967115915,0.48635300467594333,2.3466242406033524e-05,0.039132649027324933,0.09753590132637624,4.7537395223772949e-18,0.073577990401858542,0.39996826467547392,0.38977671399352054,8.4805754457405409e-06,0.2545318174330784,0.00161588650965277,6.5319279780412008e-10,0.0019388363333880407,2.7153092098426296e-05,0.41952884571379234,7.3984022034809133e-05,9.6467313326763965e-07,3.3945661531301507e-10,2.4803843769358661e-12,1.8879659725144851e-10,4.7559829256802512e-11,8.1705859798690019e-08,0.32228242928547746,0,0,0,0,0,0,0,1.7479082438784109e-12,9.8492280845556079e-13,-5.0077512259022156e-14,-9.0718964602609317e-13,-4.4961538832322123e-14,1.3402688919632311e-10,-9.379695928155386e-13,-4.88413996746484e-13,-9.0092578475757141e-16,6.2069974022616174e-18,-1.104404254659401e-17,7.5448117029898082e-18,-3.7666397566335402e-13,-1.3395348738549164e-10,-1.2051126606002494e-07,7.5015499312325318e-08,-6.0638840018114132e-24,4.5362700835005322e-08,4.0689654680348131e-07,-1.6587322354544298e-07,0,0.0099279045633233493,0.045585201249499226,2.5183823136390546e-18,0.054266663075161523,0.01322700953585818,0.11543467799526767,5.6084410962035407e-06,9.7080723931090898e-06,-0.00012620431931495286,-3.633915517683576e-20,-0.00040040791142941217,0.00025373554610517909,-0.00032742285274015806,-2.24307059739716e-08
11,3,lumen,0.012105263157894737,0.0010500000000000002,0.011578947368421053,0.012631578947368421,0.00090000000000000008,0.0012000000000000001,1000095.9279501651,1.4867358873508105,14.498543065739543,2750.6859426807114,0.1602713874311085,1173,1173,4.1553846005139851e-05,0.21956958943317834,0.59999999999999998,2,500000,0.00035,0.0001,0.043246345546319703,0.18922960117226981,1.0706265050423915e-17,0.22660683427591172,0.055235593322617439,0.48591337019189573,2.3502802410408151e-05,0.039083027073438248,0.09794907254226605,4.8510920965933265e-18,0.074654478532577645,0.397239895113911,0.3910649971660195,8.5295717875561888e-06,0.25376285855303121,0.0016330103099926917,6.526232242450348e-10,0.0019460162347568503,2.7557092916404169e-05,0.42014464496246351,7.4512585450409866e-05,9.5936220867704466e-07,3.3986463849035577e-10,2.4753700120609482e-12,1.8840532296724928e-10,4.7558315051932129e-11,8.2638170132863321e-08,0.32241035703008425,0,0,0,0,0,0,0,7.0212780190556239e-12,8.662044541135569e-13,-4.0479954508044003e-13,1.209660020295379e-10,-4.150846333317304e-14,-2.4388540731216934e-10,-8.0871622936222062e-13,-4.0123481793996607e-13,-7.4227311640266762e-16,5.3191146542130944e-18,-9.1235566130649377e-18,6.2159684797351362e-18,-3.1946522858293537e-13,1.1700840276842787e-10,-1.2086879551224949e-07,7.5570022406434845e-08,-4.5051936283359741e-24,4.5543826296949189e-08,4.081485787676975e-07,-1.6653409035116695e-07,0,0.0098806694812178502,0.04562914119207713,2.561743076952434e-18,0.054884566220670006,0.013093354851335408,0.11543573840906036,5.6224905921809437e-06,1.2259906379427739e-05,-0.0001671645586709121,-4.9844799808192226e-20,-0.00054165510130335171,0.00033908275261664228,-0.0004353460771775812,-2.9962065955273532e-08
11,4,lumen,0.012105263157894737,0.0013500000000000001,0.011578947368421053,0.012631578947368421,0.0012000000000000001,0.0015,1000095.6153748347,1.4986693820071137,14.614922228186668,2732.6730909357248,0.15957636925773727,1173,1173,4.1601971149408914e-05,0.21845827445426358,0.59999999999999998,2,500000,0.00035,0.0001,0.042832966333443141,0.18877481352155501,1.0914440829264914e-17,0.22920790121802659,0.054290350903707749,0.48415764280730522,2.3495226968952857e-05,0.039020162797843878,0.098498008506175211,4.9851148160463754e-18,0.076117513471956888,0.39357601993980779,0.39277970001726037,8.59526695581577e-06,0.25273041238757399,0.0016563603640452934,6.5193575564334503e-10,0.001955636011264758,2.8107785946958713e-05,0.42096344204314834,7.5228667803853752e-05,9.5219742946840155e-07,3.4037872973487811e-10,2.468865220333248e-12,1.8790266403161392e-10,4.756253281289889e-11,8.3899909152369916e-08,0.32258977541262884,0,0,0,0,0,0,0,-8.4782560180717064e-13,6.8730886883863331e-13,6.9817734543634545e-13,-1.0589582961581643e-10,-2.9289071168392411e-14,3.5786124150810616e-10,-5.913422542962653e-13,-2.541625764018729e-13,-4.9439396915645743e-16,3.958915618262997e-18,-5.1304805002238578e-18,3.5021282311077764e-18,-2.3985923358592403e-13,-2.5138813273674747e-10,-1.2137173916165062e-07,7.5146413314186589e-08,-1.5661202983215286e-24,4.5867290240021175e-08,4.0998133390979241e-07,-1.6713251638211801e-07,0,0.0098184339161930829,0.045685465028231509,2.6213489780292851e-18,0.055721445941245215,0.012915325998744903,0.11543324636993763,5.6411986931537387e-06,1.4314984147550003e-05,-0.00020745415360551089,-6.482554808769343e-20,-0.00068924497098556874,0.00042508456481552405,-0.00054254488321516556,-3.7544500752894959e-08
11,5,lumen,0.012105263157894737,0.00165,0.011578947368421053,0.012631578947368421,0.0015,0.0018,1000095.216681123,1.511614197350065,14.741165066613371,2714.1785387386476,0.15869834419843851,1173,1173,4.1661939255273736e-05,0.21706058217987353,0.59999999999999998,2,500000,0.00035,0.0001,0.042385934654170135,0.18845757748485578,1.1201116575767475e-17,0.23283593775710118,0.053193303151396303,0.4826254258860006,2.3518206386625849e-05,0.038946460090993576,0.099181872822504069,5.1602446519709822e-18,0.077990251810246658,0.38895399910373912,0.39491873818096657,8.6779915498356043e-06,0.25142749958201005,0.0016864147558616318,6.5118435794203802e-10,0.0019677371602829,2.8816491832209599e-05,0.42198441088623151,7.6142595811818763e-05,9.4311207787219046e-07,3.4097486379060836e-10,2.4610221277957666e-12,1.8730314660447281e-10,4.757754962194039e-11,8.5508744071655797e-08,0.32282794867764697,0,0,0,0,0,0,0,8.2247855727481422e-12,5.0400993397496977e-13,9.8410099590663372e-13,-8.3745041192665482e-11,-2.2118808520876776e-14,2.053310277881637e-10,-3.6720710812255288e-13,-1.0931771980693394e-13,-2.5549970373571981e-16,2.6599835173768809e-18,-1.2747018934058608e-18,1.0139971566996269e-18,-1.6483935952199224e-13,-1.3063522507123065e-10,-1.2203812445018072e-07,7.5289888601393073e-08,-5.7331467567683617e-24,4.6542217227580852e-08,4.12649851219693e-07,-1.684956717484809e-07,0,0.0097416372575329455,0.045748612022565652,2.6989421304672675e-18,0.056782427548179311,0.012692279632134677,0.11541625640328165,5.6641076591824802e-06,1.5708936285735499e-05,-0.00024735633639721044,-8.156632376725586e-20,-0.0008427306955203364,0.00051197512957683669,-0.00064908947974708575,-4.5158515932908207e-08
11,6,lumen,0.012105263157894737,0.0019499999999999999,0.011578947368421053,0.012631578947368421,0.0018,0.0020999999999999999,1000094.7286265979,1.5265959064958257,14.887273002042287,2693.4937411465121,0.15764207201683175,1173,1173,4.1733556013982626e-05,0.21537076118601906,0.59999999999999998,2,500000,0.00035,0.0001,0.041882344058890811,0.18814979358919723,1.1567579513371405e-17,0.23737130940015652,0.051911534925985964,0.48099228736368582,2.3556019870020088e-05,0.038865167984178231,0.10000133318244503,5.3818899365082682e-18,0.080297472923546928,0.38334384543561811,0.39748340237912655,8.7780950850193171e-06,0.24984375759924965,0.0017238359373581613,6.5043940807159698e-10,0.0019823886643137432,2.9699252919710902e-05,0.42320866609292385,7.7268818175505109e-05,9.3202286626850433e-07,3.4162635108633843e-10,2.4520536125503444e-12,1.8662605636606237e-10,4.7610224916627301e-11,8.749038050581119e-08,0.32313336289305705,0,0,0,0,0,0,0,-4.7778077406083962e-12,3.6863311376203042e-13,1.5422338735343844e-14,-7.4402394691492744e-11,-1.5101852060550591e-14,2.4570483820283984e-10,-2.0900910887178836e-13,-1.3501786494396484e-14,-9.7075580834571055e-17,1.7559075003784562e-18,1.1785436981602199e-18,-5.2276962329579507e-19,-1.1294896357135646e-13,-1.6655796208798456e-10,-1.228945579511212e-07,7.4419997442287666e-08,-1.1734350345955151e-23,4.8228981910794846e-08,4.1691520454023578e-07,-1.7104916716359497e-07,0,0.0096512036693024387,0.04581560803371524,2.7962446540652948e-18,0.058074110430372146,0.012424165022716531,0.11537908698493939,5.690969313460438e-06,1.6007891028697071e-05,-0.0002893855732421461,-1.0074006677602454e-19,-0.00099754530846311276,0.00060005096936420932,-0.00075738935354306767,-5.2794821419680351e-08
11,7,lumen,0.012105263157894737,0.0022499999999999998,0.011578947368421053,0.012631578947368421,0.0020999999999999999,0.0023999999999999998,1000094.1256397793,1.5463632542238261,15.080052100318007,2666.0665600837788,0.15636451639575594,1173,1173,4.181638550321913e-05,0.21338244972608239,0.59999999999999998,2,500000,0.00035,0.0001,0.041258268125735346,0.18753566879463188,1.2004615717805505e-17,0.24237848791999686,0.050360759303782081,0.47842662452737506,2.3567163934907133e-05,0.038781825899456383,0.10096564284509213,5.6575482989187894e-18,0.083053017015379843,0.37670777485744478,0.40048284341116269,8.8959714642086376e-06,0.24796173758141513,0.0017695082372705638,6.498039243369534e-10,0.0019996853365476038,3.077990345872836e-05,0.42464694158849753,7.8626490829358483e-05,9.1887010125374118e-07,3.4232221860291539e-10,2.4423242176450202e-12,1.8590076794681193e-10,4.7670770090910762e-11,8.9885977861778756e-08,0.32351171087776243,0,0,0,0,0,0,0,3.0502088026628975e-12,2.9655744068068579e-13,-7.4652778398569569e-14,1.9557004436663202e-11,-1.3965716604003031e-14,-5.285424832177088e-11,-1.351900200673382e-13,2.6338957057059353e-14,-2.7545220897519688e-17,1.2797093120233073e-18,2.1074557387335411e-18,-1.1348147304541188e-18,-8.6141317923209177e-14,3.0233981751847761e-11,-1.2397952642989596e-07,7.104246724232155e-08,-1.137051723929355e-23,5.2990061884752604e-08,4.2492748562883431e-07,-1.7698925486309136e-07,0,0.0095459384998101016,0.045879120171540076,2.9161673497447285e-18,0.059583242531725887,0.012108480470113954,0.11529476577158973,5.7204174472843767e-06,1.5140740177959252e-05,-0.00034380059944530926,-1.23861455166649e-19,-0.0011370147772877214,0.00069028338491664324,-0.00087401660469360056,-6.041826254909602e-08
11,8,lumen,0.012105263157894737,0.0025499999999999997,0.011578947368421053,0.012631578947368421,0.0023999999999999998,0.0026999999999999997,1000093.3246576498,1.5692163440476581,15.302926471406989,2635.2585857208392,0.15476958627499782,1173,1173,4.1909545751991933e-05,0.21108723887464492,0.59999999999999998,2,500000,0.00035,0.0001,0.040574153106638693,0.18691535456040553,1.2544227986942613e-17,0.24797284596291794,0.048610816204975003,0.47554255065118567,2.3579055628814146e-05,0.038702442288256644,0.10211895491663169,5.9992311558456309e-18,0.086225777197302025,0.36899193754950982,0.40395185604443123,9.0320038686597727e-06,0.2457428991949055,0.0018246314570558948,6.4935494417478802e-10,0.00201974822745918,3.2100606571283369e-05,0.42634769090445851,8.0241221435273688e-05,9.0374254392782441e-07,3.4313401939228137e-10,2.4323561475779592e-12,1.8515343002724524e-10,4.7770201213140417e-11,9.2779285772937828e-08,0.32395169063843882,0,0,0,0,0,0,0,-6.3867667953659254e-12,2.697707700113937e-13,-1.9735195891179964e-14,-1.187238494561467e-10,-1.0177622633555927e-14,3.5206254296420159e-10,-1.1825837114592219e-13,2.6513947287698514e-14,-2.2155761391991929e-17,1.1232996945496101e-18,1.8272671504395327e-18,-9.8456352433966714e-19,-8.0294307042092197e-14,-2.2701968107936511e-10,-1.2532376102028855e-07,5.7770820405256273e-08,-1.2753462519559412e-23,6.7200961820173067e-08,4.4317563127616033e-07,-1.9240605325654414e-07,0,0.0094215899990028069,0.045922555115890565,3.0607121823616809e-18,0.06122846734398539,0.011737334591500092,0.11508792119349699,5.748090973208588e-06,1.2855421667416908e-05,-0.00044372113978126236,-1.5331389792832091e-19,-0.0012038706506292283,0.00078553187831799083,-0.001019228786389616,-6.7855633631867905e-08
11,9,lumen,0.012105263157894737,0.0028499999999999997,0.011578947368421053,0.012631578947368421,0.0026999999999999997,0.0029999999999999996,1000035.7341495784,1.5936773221403209,15.542363827198281,2603.4999190239969,0.082345257121257828,1173,1173,4.2010844916383981e-05,0.20847267616421172,0.59999999999999998,2,500000,0.00035,0.0001,0.039878956310306635,0.18673929133819797,1.3229737045485453e-17,0.25377387007410285,0.046709067748549916,0.4729201198697191,2.3612260433651224e-05,0.038634497788676087,0.10361906486295785,6.4260699574691591e-18,0.089623618317340836,0.36010383183393657,0.40800980095572564,9.1862413627626025e-06,0.24308624015313088,0.0018909860936788864,6.490528771793363e-10,0.0020426757551822616,3.3752508202308339e-05,0.42847391551999892,8.2149298248583818e-05,8.8718184715103811e-07,3.4439070074731379e-10,2.4229496199856785e-12,1.8438583395957618e-10,4.7917507060424351e-11,9.6373891038140691e-08,0.32438929588764764,0,0,0,0,0,0,0,-1.9948471399044109e-10,3.4193908928478347e-13,1.9016198904617893e-12,-3.2463083753577738e-09,5.0073768916025774e-14,9.3357778250657136e-09,-2.4518490790887576e-13,-5.9542214908558933e-14,-1.3463962944135496e-16,1.605263939235016e-18,-1.7183915185649835e-18,1.2095082996623475e-18,-1.0079727844568605e-13,-5.8918723375039386e-09,-1.2693163165510002e-07,6.6012649790891942e-09,-4.8270686916334148e-24,1.1099279773153863e-07,4.9188200879068944e-07,-2.3467632492835122e-07,0,0.0050250339160050643,0.024421668880341908,1.7219157066625808e-18,0.033363427942529646,0.0060653878914074385,0.061215379228123923,3.0714218281846518e-06,0,0,0,0,0,0,0
11,10,annular_channel,0.012105263157894737,0.0040000000000000001,0.011578947368421053,0.012631578947368421,0.0030000000000000001,0.0050000000000000001,99999.999616089612,0.020670849687576449,nan,nan,0.13664754098525594,1173,nan,nan,nan,nan,nan,nan,nan,nan,nan,nan,nan,nan,nan,nan,nan,nan,nan,nan,nan,nan,nan,nan,nan,nan,nan,nan,nan,nan,nan,nan,nan,nan,nan,nan,nan,nan,nan,nan,nan,nan,nan,nan,nan,nan,nan,nan,nan,nan,nan,nan,nan,nan,nan,nan,nan,nan,nan,nan,nan,nan,nan,nan,nan,nan,nan,nan,nan,nan,nan,nan,nan,nan,nan,nan,nan,nan,nan,nan
12,0,lumen,0.013157894736842105,0.00015000000000000001,0.012631578947368421,0.013684210526315788,0,0.00030000000000000003,1000084.1487443305,1.4891905885631269,14.522652186992934,2735.5140120806295,0.16034176180175383,1173,1173,4.1621684818580607e-05,0.21952996893619181,0.59999999999999998,2,500000,0.00035,0.0001,0.039528952547581174,0.19371364404001518,1.0432434290294724e-17,0.22917507083630489,0.055465130588939329,0.48203850902448303,2.3567372837539904e-05,0.035782910251490968,0.10043683956687245,4.73487763802765e-18,0.075626118377721013,0.39955396827842682,0.38859159629748663,8.5672280020219471e-06,0.25305741234206436,0.0016041465232371011,5.9412449641741625e-10,0.0019227295183425717,2.7757219387736892e-05,0.42272982592235464,7.3407993886896351e-05,9.9009039290571448e-07,3.4752380799897753e-10,2.3667674541544445e-12,1.7329349097757274e-10,4.3839497526078941e-11,8.3479908944580703e-08,0.32058364574928061,0,0,0,0,0,0,0,-3.8221499584240475e-11,2.2895934909556627e-12,-4.2618974270153407e-12,-4.9462563503884654e-10,-7.9727132014373314e-14,1.9068425445405157e-09,-1.7991667988801591e-12,-7.7681394303197315e-13,-1.6912087072073144e-15,1.3192931687893324e-17,-3.0174116224209873e-17,1.6002500879958372e-17,-9.24825371659715e-13,-1.3684408885742722e-09,-1.0865147841371617e-07,6.088099840928507e-08,-8.4591998106752482e-24,4.5869682447046398e-08,3.718576397082618e-07,-1.5403105985134502e-07,0,0.0090268869586821853,0.046774457549934825,2.5077168216342517e-18,0.055683863695024004,0.013157190969398031,0.11472657225917565,5.6476493778722464e-06,4.5091250939444147e-06,-4.4033189194006981e-05,-1.1907794231677221e-20,-0.00013739125973150478,8.5257346252378861e-05,-0.00010823696955057955,-7.5881787673605869e-09
12,1,lumen,0.013157894736842105,0.00045000000000000004,0.012631578947368421,0.013684210526315788,0.00030000000000000003,0.00060000000000000006,1000084.08038329,1.4917903170482929,14.548005848076425,2731.7062057235426,0.16016802305056463,1173,1173,4.1633944976880389e-05,0.21925039518067826,0.59999999999999998,2,500000,0.00035,0.0001,0.039434601268776792,0.19365407832017287,1.0484507922812371e-17,0.22989627326715326,0.055241470407189269,0.48172432364957057,2.3571882564488934e-05,0.03575982109796963,0.10058124469495626,4.7668192566809795e-18,0.075996553612704701,0.39863751713300111,0.38901627963444979,8.5838269186071518e-06,0.2527993189770501,0.001609797218614973,5.9381692804351984e-10,0.001925076638218444,2.7895051388545203e-05,0.42293864890526706,7.3582043230154917e-05,9.8828597281441187e-07,3.476684951899773e-10,2.3646197005972558e-12,1.7312995558945488e-10,4.3828067693119342e-11,8.3798148114179407e-08,0.32062460792130337,0,0,0,0,0,0,0,-5.7419567411994167e-12,2.2346935468471026e-12,1.1506640744685496e-12,-2.6196004677198785e-10,-8.5182403665451378e-14,9.7564073747030688e-10,-1.7859324443864523e-12,-7.885608398899846e-13,-1.6806354870248928e-15,1.2943133169236063e-17,-3.0842857964300852e-17,1.6482203700090764e-17,-9.0303060641243617e-13,-7.0775962887463303e-10,-1.0874130345608565e-07,6.1868062506409416e-08,-3.3271222259959165e-24,4.5898228080239204e-08,3.7212315188994705e-07,-1.5437666994744248e-07,0,0.0090107650818393222,0.046789133692936281,2.521998033809402e-18,0.055894539953038148,0.013112477004451175,0.11472536830681948,5.6523774507488462e-06,8.8801869661708775e-06,-8.7729596428781119e-05,-2.428060085199448e-20,-0.00027641548022350676,0.00017059924855190493,-0.00021612294985956255,-1.5182194738659898e-08
12,2,lumen,0.013157894736842105,0.00075000000000000002,0.012631578947368421,0.013684210526315788,0.00060000000000000006,0.00090000000000000008,1000083.9421170211,1.4973096863914508,14.601833003372759,2723.5593560997886,0.15981076898606622,1173,1173,4.1658430546622395e-05,0.21869037161695337,0.59999999999999998,2,500000,0.00035,0.0001,0.039239204262993856,0.19349281372689037,1.0588809967903892e-17,0.23129951079010161,0.054784114387217919,0.48099515007177718,2.357600073138499e-05,0.035714287093029276,0.10086932357703554,4.832053092561457e-18,0.076743321373329995,0.39679984599197765,0.38986460487262331,8.6170920041821699e-06,0.25228193520942893,0.0016212033459780768,5.9321583358768175e-10,0.0019297791498470963,2.817317440847745e-05,0.42335541003283578,7.3932399564039064e-05,9.846584317830745e-07,3.4795063647926747e-10,2.3603545993758736e-12,1.7280664506171477e-10,4.3806353673526007e-11,8.4438299541350752e-08,0.32070849643106653,0,0,0,0,0,0,0,4.4271796527762604e-12,2.1150807710172897e-12,1.0411461507218262e-14,7.1675242984173791e-12,-8.6007047837843853e-14,2.3275812635788207e-10,-1.7278703879923508e-12,-7.8985819620958075e-13,-1.6344387693736784e-15,1.2418497400628954e-17,-3.2078415835813719e-17,1.7389278159567988e-17,-8.592500613423741e-13,-2.4301366494228467e-10,-1.0891348874988646e-07,6.2721073834648422e-08,-2.8218253184361382e-24,4.5961383026964298e-08,3.7270113063814225e-07,-1.5488226062787547e-07,0,0.0089783473352263218,0.046817685489550155,2.5513866050606758e-18,0.056318600710534635,0.013022920425576458,0.11472061955600815,5.6617745210280588e-06,1.3027589611362767e-05,-0.00013079061595071127,-3.7035236541392139e-20,-0.00041877283181047866,0.0002561248369923599,-0.00032325110814922773,-2.2788157257776077e-08
12,3,lumen,0.013157894736842105,0.0010500000000000002,0.012631578947368421,0.013684210526315788,0.00090000000000000008,0.0012000000000000001,1000083.7362636642,1.5047696587935084,14.674586018281623,2712.954447418148,0.15928498508757227,1173,1173,4.169508074168695e-05,0.21784802898055705,0.59999999999999998,2,500000,0.00035,0.0001,0.038971467493370923,0.19335510726128965,1.0753851595824776e-17,0.2335573363546701,0.054132145924430747,0.48016948988244496,2.3595419433066878e-05,0.035647332293843904,0.10129975557229078,4.9318182471018739e-18,0.077878552626447772,0.39403116652888492,0.39113452581928093,8.6671592517640486e-06,0.251502687895924,0.0016385802822753593,5.9234482824079493e-10,0.0019368537923401155,2.8596677605511911e-05,0.42397854285973507,7.4463687909749314e-05,9.7917100312790138e-07,3.4835601051379774e-10,2.3540245553670644e-12,1.7232990679821365e-10,4.3776388260979773e-11,8.5407988448455283e-08,0.3208392090660574,0,0,0,0,0,0,0,-4.6962733128758113e-11,1.9313191834371807e-12,2.0533823566571799e-12,-1.0779075035880581e-09,-6.1027897145515819e-14,3.3040176102873409e-09,-1.5846835204472602e-12,-7.4409900983896105e-13,-1.5150552712025442e-15,1.1649243467660016e-17,-3.4049421566760526e-17,1.8904720656349145e-17,-7.9754166747993627e-13,-2.179943309399171e-09,-1.0918603523396575e-07,5.9806098406944841e-08,4.2981413037740908e-24,4.6075469999609549e-08,3.7365232098685031e-07,-1.5418177656822962e-07,0,0.0089305315568128235,0.046859410322922672,2.5960682035057409e-18,0.05696185978692335,0.012889047915068232,0.11471339342123023,5.6759190233051142e-06,1.6808794835303412e-05,-0.00017288431333742108,-5.0884672982248302e-20,-0.00056596381307120471,0.00034190444751455929,-0.00042940961019190922,-3.0414828636112607e-08
12,4,lumen,0.013157894736842105,0.0013500000000000001,0.012631578947368421,0.013684210526315788,0.0012000000000000001,0.0015,1000083.4627009758,1.5164923746174312,14.788910551640438,2695.8668641138293,0.15858726830614736,1173,1173,4.174378782472198e-05,0.21672069854283793,0.59999999999999998,2,500000,0.00035,0.0001,0.038576183689960193,0.19294128668964458,1.0968403126395292e-17,0.23633904311898549,0.053207367023541993,0.47851454632696877,2.3594227661597915e-05,0.035560663841829591,0.1018704545009485,5.069402235470757e-18,0.0794200497295319,0.39031696011878259,0.39282313756804582,8.7342408616373483e-06,0.2504576444240369,0.0016622641908884146,5.9124230396266086e-10,0.0019463274474562668,2.9173467722160081e-05,0.42480566611726184,7.5183103057417853e-05,9.7176793678131346e-07,3.4886282870472446e-10,2.345718120225511e-12,1.71710143966511e-10,4.3741475717847143e-11,8.6718951606985866e-08,0.3210226816047892,0,0,0,0,0,0,0,-7.3004281165185528e-12,1.1574077035414691e-12,7.4405458980761692e-12,-6.1080545174694226e-10,-4.3070364982855658e-14,1.622255646439516e-09,-8.4079941028165778e-13,-3.8111310982080759e-13,-8.5756820015679851e-16,7.1647877526605397e-18,-2.1721394040637491e-17,1.239678447177376e-17,-5.1815350479945597e-13,-1.0109638128697023e-09,-1.0957231340834317e-07,6.1634967185586476e-08,8.8022417400883742e-24,4.6308593211439779e-08,3.7500767842424398e-07,-1.5526279711908231e-07,0,0.008867139187129414,0.046912661221408365,2.6565170625851954e-18,0.057833010624596587,0.012710803334607878,0.11469953110495275,5.6947465546017991e-06,2.0158013502996646e-05,-0.00021388918711391788,-6.6358853386789979e-20,-0.00071925821760192104,0.00042804452667923515,-0.00053441839370249491,-3.8066890070546314e-08
12,5,lumen,0.013157894736842105,0.00165,0.012631578947368421,0.013684210526315788,0.0015,0.0018,1000083.1136648875,1.5299263130861882,14.919924208095699,2677.0872272874144,0.15770748667459633,1173,1173,4.1804400482484396e-05,0.21530471484197489,0.59999999999999998,2,500000,0.00035,0.0001,0.038125210998823329,0.19257777989556549,1.1258747654604274e-17,0.24007744691657543,0.052107829192281026,0.47685325671429613,2.3612977726722098e-05,0.035456289878457933,0.10257928883274448,5.2496925334324325e-18,0.081391018020596326,0.38563733243910192,0.39492725220987512,8.8186192242839949e-06,0.24914085516326748,0.001692732350279652,5.8995455568587329e-10,0.0019582389703963242,2.9914924407400069e-05,0.4258344821481278,7.6100806735983511e-05,9.6237753301097714e-07,3.4944324241918451e-10,2.3355516372432281e-12,1.7096009874760872e-10,4.3705857398058823e-11,8.8388220790060453e-08,0.3212666237146351,0,0,0,0,0,0,0,5.1758848025119192e-12,4.9287629354894694e-13,4.3697898445447956e-13,5.4162712215200044e-11,-2.6367254733761225e-14,-1.2095158186641031e-10,-2.2299315516123649e-13,-8.643064562663394e-14,-3.1885099575247377e-16,3.3885633575771038e-18,-1.1553440504482201e-17,6.9886554804336332e-18,-2.7466623230714301e-13,6.1293830908714775e-11,-1.1007373461888528e-07,6.3327680932534491e-08,-5.6496237052406654e-24,4.68669560612243e-08,3.7708456532281609e-07,-1.5699447170058889e-07,0,0.0087889882977509257,0.046970524097876339,2.7359195338157394e-18,0.058935258636508885,0.012487738596617746,0.11466795198413032,5.7177214415926017e-06,2.286580892290079e-05,-0.00025403434880224001,-8.3018348444492312e-20,-0.00087820622366652538,0.00051466862488489483,-0.00063860536760478601,-4.5729011316641554e-08
12,6,lumen,0.013157894736842105,0.0019499999999999999,0.012631578947368421,0.013684210526315788,0.0018,0.0020999999999999999,1000082.6862699253,1.546787495944798,15.084361822340547,2653.8238477393174,0.15663647327493049,1173,1173,4.1876656572645844e-05,0.21359569789786886,0.59999999999999998,2,500000,0.00035,0.0001,0.037583029066941193,0.19204939966353909,1.1617316974843478e-17,0.24453478376701787,0.050781896571431423,0.47466325398699499,2.3625671582139799e-05,0.035337281607260664,0.10342529926055376,5.4765864320694336e-18,0.083815836680894942,0.37996651880364407,0.39744614304242915,8.9206052175415653e-06,0.24754342855886882,0.0017306389883040201,5.8854743162497204e-10,0.00197265015443115,3.0837044702566975e-05,0.42706419889017727,7.7230797083387593e-05,9.5091367835729579e-07,3.5006606462328583e-10,2.3237061903337437e-12,1.7009822832876208e-10,4.3675648551243506e-11,9.0440406584741808e-08,0.32157997305763369,0,0,0,0,0,0,0,6.8435155620561907e-12,4.7929089317152285e-14,4.4032372673261947e-13,9.6733360846664864e-11,-8.1502729912252825e-15,-2.9364533244216617e-10,1.5618741109685297e-13,8.965354500456435e-14,1.6727282639596701e-17,7.7062778303116023e-19,-4.3431632206546208e-18,2.7590755186912686e-18,-1.0117448666514517e-13,1.8944365498478429e-10,-1.1073342576434567e-07,6.2614311402420242e-08,-2.3893632701503182e-24,4.8412338967223434e-08,3.8060785120808127e-07,-1.5924206292483589e-07,0,0.0086967298067379319,0.047029732654015818,2.8360617402898642e-18,0.060275017996770708,0.01221990349779257,0.11461237219131139,5.7445864261932164e-06,2.4754370506938847e-05,-0.00029591589097356142,-1.0298872999979509e-19,-0.0010384429678125622,0.0006020764873995156,-0.00074380134613355833,-5.3385688254654472e-08
12,7,lumen,0.013157894736842105,0.0022499999999999998,0.012631578947368421,0.013684210526315788,0.0020999999999999999,0.0023999999999999998,1000082.1577059118,1.5658338902085742,15.27011143997489,2628.5010557992759,0.15535165554038369,1173,1173,4.1960096744341757e-05,0.2115883125903027,0.59999999999999998,2,500000,0.00035,0.0001,0.036989662771360343,0.19153159130197442,1.207000132995104e-17,0.24989881571260694,0.049280168623853322,0.47235871025901077,2.365206075496852e-05,0.035207646490417188,0.10441659205486879,5.7600557968934778e-18,0.086709145053267656,0.37327066798958053,0.40038690787110215,9.0405407637903866e-06,0.24564919554742676,0.0017768629342006089,5.8709675171702829e-10,0.0019896476189640035,3.1963947345914123e-05,0.42850394170605083,7.8591786606994554e-05,9.3731551549573849e-07,3.5071670116396171e-10,2.3104554029293689e-12,1.691469958218034e-10,4.3658690619623297e-11,9.2916137373215929e-08,0.32196876507482575,0,0,0,0,0,0,0,-5.2605802441079153e-11,-1.4305625382582085e-13,-1.9250673435776769e-12,-8.163398455898192e-10,2.0769735757653063e-14,2.4064191216956188e-09,2.8069670878931374e-13,1.4431685013693851e-13,1.4361245200747226e-16,-4.0471975386564015e-19,-1.452226381689528e-18,8.4299717828209387e-19,-1.1668098275352862e-14,-1.5358392338032441e-09,-1.1157009532480194e-07,5.617205156571714e-08,-2.1739576240851188e-23,5.2993396148220109e-08,3.8773562809069073e-07,-1.6374907907401592e-07,0,0.0085894642098293152,0.047080804959024766,2.9583388263203796e-18,0.061836384544825942,0.011904887400450932,0.1145040550602187,5.7738057612788116e-06,2.5506340480607985e-05,-0.000349265509183042,-1.2576766646577061e-19,-0.0011826847133297761,0.00069113006364552784,-0.0008564615344195366,-6.0977157166622899e-08
12,8,lumen,0.013157894736842105,0.0025499999999999997,0.012631578947368421,0.013684210526315788,0.0023999999999999998,0.0026999999999999997,1000081.4534669522,1.5886658107062652,15.49278068693865,2598.678093337764,0.15373870582961602,1173,1173,4.2053767908144399e-05,0.20927586546821075,0.59999999999999998,2,500000,0.00035,0.0001,0.03631871702753553,0.19090867066571046,1.2617371617539726e-17,0.25576596108461974,0.047560878263593002,0.46951867381879359,2.3668380221722567e-05,0.035073110873190323,0.10559465069114067,6.1090746707965283e-18,0.090038990712538319,0.36550111915477873,0.4037829498693784,9.1786989734724422e-06,0.24342232916503695,0.0018326049196335757,5.856783602084515e-10,0.0020093549662972511,3.3337945871603131e-05,0.43019781937059337,8.0209247805586791e-05,9.216554885523289e-07,3.5145813454553995e-10,2.2962664544649144e-12,1.6813236606334019e-10,4.3665018403687361e-11,9.5897802655553552e-08,0.32242332568024173,0,0,0,0,0,0,0,-4.9782964168055739e-13,-3.5171863364836077e-13,5.7780992016753442e-14,2.8386251487737464e-13,1.6302063865492045e-14,-5.2377087909893927e-11,4.4374315082511073e-13,2.3737565732484533e-13,3.0898007744931108e-16,-2.0569633545982943e-18,5.3417490978135898e-18,-4.08270250222909e-18,8.9131393650955059e-14,5.2098242137141983e-11,-1.1261868403675615e-07,4.5662786718470016e-08,-7.0314396766891081e-24,6.7007873611011057e-08,4.0486369478481832e-07,-1.7962674381255539e-07,0,0.0084624391879463481,0.04710393553215142,3.1043869766419288e-18,0.063534058328371751,0.011534459994906326,0.1142619359034924,5.8006791986410002e-06,2.4888827651757458e-05,-0.00044745948922346788,-1.5560265163166833e-19,-0.0012540962227519533,0.00078457405035978103,-0.00099740098499378235,-6.8356923630601821e-08
12,9,lumen,0.013157894736842105,0.0028499999999999997,0.012631578947368421,0.013684210526315788,0.0026999999999999997,0.0029999999999999996,1000029.4673593079,1.6142542253715111,15.743139063769108,2566.0949363994259,0.080123306823280227,1173,1173,4.2155422415705949e-05,0.20664799569064018,0.59999999999999998,2,500000,0.00035,0.0001,0.035606277786255754,0.19057899283424917,1.3302586413619756e-17,0.26168376160865126,0.045661158271884467,0.46659254237532288,2.3688809158224773e-05,0.034940758133280382,0.10711572962594221,6.5449236770242319e-18,0.093610939801749657,0.35657240301936921,0.40775083434539489,9.3350742636550632e-06,0.24076626837077944,0.0018996355990087564,5.8426680449177705e-10,0.0020318784675080943,3.5051065841250414e-05,0.43230247125861399,8.2119128933880449e-05,9.0446073028634683e-07,3.5261236397171661e-10,2.2818981180278177e-12,1.6706011650787324e-10,4.370312766876537e-11,9.958896943862095e-08,0.32288157090969327,0,0,0,0,0,0,0,-3.6280181437407961e-11,-4.2338434411169608e-13,-5.6201077275079008e-12,-3.0898683574031243e-10,3.3469754745496516e-14,1.0086637102814378e-09,4.6582158587386615e-13,2.6226958972641601e-13,3.6033701421718611e-16,-2.9883883246361118e-18,1.038376780140373e-17,-8.1757447491903957e-18,1.4510712924143274e-13,-6.5825978028579732e-10,-1.1386954617111436e-07,2.1321833743037644e-09,1.1815699357434666e-23,1.1073387806716709e-07,4.523771700917778e-07,-2.2430001622719686e-07,0,0.0041462406665718193,0.022980579872217133,1.6027984520995631e-18,0.03175957832663448,0.0054831267923244201,0.05577026723909307,2.8441966300978142e-06,0,0,0,0,0,0,0
12,10,annular_channel,0.013157894736842105,0.0040000000000000001,0.012631578947368421,0.013684210526315788,0.0030000000000000001,0.0050000000000000001,99999.999544431485,0.020670849672764106,nan,nan,0.14879239495036817,1173,nan,nan,nan,nan,nan,nan,nan,nan,nan,nan,nan,nan,nan,nan,nan,nan,nan,nan,nan,nan,nan,nan,nan,nan,nan,nan,nan,nan,nan,nan,nan,nan,nan,nan,nan,nan,nan,nan,nan,nan,nan,nan,nan,nan,nan,nan,nan,nan,nan,nan,nan,nan,nan,nan,nan,nan,nan,nan,nan,nan,nan,nan,nan,nan,nan,nan,nan,nan,nan,nan,nan,nan,nan,nan,nan,nan,nan,nan
13,0,lumen,0.014210526315789474,0.00015000000000000001,0.013684210526315788,0.014736842105263159,0,0.00030000000000000003,1000071.939342844,1.5092395652337327,14.71835037734628,2695.867598927548,0.15912354493651185,1173,1173,4.1771951427135363e-05,0.21752759927966678,0.59999999999999998,2,500000,0.00035,0.0001,0.035411743614049813,0.19768404428110423,1.0541922703036611e-17,0.23682838391028274,0.054147952885963885,0.47625197800503277,2.364848052978475e-05,0.032487842048515854,0.1038765807832963,4.8490440650726356e-18,0.079204779333595848,0.39532169781332099,0.38910038746501729,8.7125562535475219e-06,0.25058532273363532,0.0016161797192335693,5.3699361275394645e-10,0.0019166060902608558,2.892291992562645e-05,0.42662961958557377,7.3565439023185554e-05,1.0072736665040486e-06,3.5591018855484897e-10,2.2503705871380614e-12,1.5796989736045609e-10,4.0265726225058812e-11,8.6523087829867015e-08,0.31914868862219653,0,0,0,0,0,0,0,3.0237404121432251e-12,8.1970718840603663e-12,4.6848284609070524e-12,-7.1946937849295543e-10,-2.1214648961154214e-13,2.4498223501895344e-09,-6.9138119201064846e-12,-1.6765339116986411e-12,-3.5846277585347718e-15,3.1469095519754282e-17,-1.2346043545713835e-17,-9.4475510968620147e-18,-1.9034226490897502e-12,-1.735549204545556e-09,-9.7860617107210779e-08,4.9652003231148711e-08,1.6456465092162808e-24,4.575790234505202e-08,3.3932944196179982e-07,-1.428952094428837e-07,0,0.0081657310666621106,0.047849470122887296,2.556255004269264e-18,0.057740309930907639,0.012917462441254973,0.11411637560541352,5.7014182424907616e-06,4.972033887058246e-06,-4.3744251624062684e-05,-1.233841333352224e-20,-0.00014201157053001285,8.5467378475558443e-05,-0.00010708749000572667,-7.6620643489371664e-09
13,1,lumen,0.014210526315789474,0.00045000000000000004,0.013684210526315788,0.014736842105263159,0.00030000000000000003,0.00060000000000000006,1000071.8807896908,1.5126471605268339,14.751582666068268,2690.7558022733838,0.15894718927407822,1173,1173,4.1784153016980873e-05,0.2172464402806234,0.59999999999999998,2,500000,0.00035,0.0001,0.035304099665958912,0.19751276604710741,1.0590446155944909e-17,0.23744825604996672,0.053899542516466309,0.47569169040695247,2.3640916000304481e-05,0.032462216834351805,0.10402091738478068,4.8823627082932132e-18,0.079591392170574857,0.39439660570184232,0.38952013847348949,8.729434960702566e-06,0.250327208941514,0.0016219466573641128,5.3664558691855328e-10,0.0019189438572847046,2.9066463177008547e-05,0.42683434945010856,7.3741504562299396e-05,1.005370040670011e-06,3.5603759429562296e-10,2.2478954961524606e-12,1.5779414101646287e-10,4.0248665298802803e-11,8.6850677696471459e-08,0.31919364981230408,0,0,0,0,0,0,0,-1.588567270294746e-11,8.4280775255729627e-12,-4.6527802438970538e-12,4.2567715439476969e-11,-2.2562377313684046e-13,7.8267647267774021e-10,-7.4375424186811039e-12,-1.9997619012113166e-12,-3.946120878943358e-15,3.2417371619360574e-17,-1.7324261472615636e-17,-7.4947653953869262e-18,-1.9055709045198914e-12,-8.0156131751624913e-10,-9.7919394678128852e-08,5.1364071440573866e-08,1.1143518796843633e-24,4.5781434470746016e-08,3.3956705230986373e-07,-1.4374890866530876e-07,0,0.0081492461001666239,0.047863423199979861,2.5704218719343957e-18,0.057959765867695655,0.012872794935375177,0.11411224763512949,5.706188233183921e-06,9.8987079906226109e-06,-8.7193106939800728e-05,-2.5530741442091755e-20,-0.00028578291549175055,0.00017097644783479953,-0.00021373557716449409,-1.5333082559057705e-08
13,2,lumen,0.014210526315789474,0.00075000000000000002,0.013684210526315788,0.014736842105263159,0.00060000000000000006,0.00090000000000000008,1000071.762287338,1.5181433518919505,14.805184178078907,2682.9397395023548,0.15860092270321824,1173,1173,4.1808528544349567e-05,0.21668327578086888,0.59999999999999998,2,500000,0.00035,0.0001,0.035120923797310528,0.19734265920047131,1.0701347584298295e-17,0.23890581354472326,0.053451871844329008,0.47498913764087131,2.3646619824216319e-05,0.032411129173063442,0.10430897592484241,4.9514163991241962e-18,0.08037093709794374,0.39254206712220302,0.39035812741382026,8.7632681273225134e-06,0.24980974536372574,0.0016335847123376043,5.3595493784551739e-10,0.0019236247026622455,2.9356109634701784e-05,0.42724310046882885,7.4095799202983172e-05,1.0015472904958458e-06,3.5628548981000079e-10,2.2429570222648125e-12,1.5744418968860414e-10,4.0215100805966583e-11,8.7509624082192802e-08,0.31928540269455052,0,0,0,0,0,0,0,9.1762991362849422e-11,8.9536244190639965e-12,-1.0216558714357812e-11,2.5475550252803645e-09,-2.8191023734164267e-13,-6.2271583302180022e-09,-8.5978339397147456e-12,-2.680892834117099e-12,-4.6842640923412313e-15,3.4494095339746957e-17,-2.8319190015242945e-17,-3.3658063652301541e-18,-1.8889477054738316e-12,3.602558029471014e-09,-9.8052573653788916e-08,5.8466518515487564e-08,-3.0580537246103405e-23,4.5828286443029105e-08,3.39976887156479e-07,-1.4643949747261686e-07,0,0.0081165508823388913,0.047889760410620708,2.5973148623717574e-18,0.058400070661328018,0.012783476727774919,0.11410174013458588,5.7156220855185217e-06,1.4622694535302239e-05,-0.00012987054993615239,-3.8641142159391527e-20,-0.00043277354598886849,0.00025653712850995451,-0.00031952647904687014,-2.3010931946548874e-08
13,3,lumen,0.014210526315789474,0.0010500000000000002,0.013684210526315788,0.014736842105263159,0.00090000000000000008,0.0012000000000000001,1000071.5858728003,1.5268065610485608,14.889671848153561,2670.6134974904462,0.15807926801527886,1173,1173,4.1844997099591066e-05,0.21583665540170538,0.59999999999999998,2,500000,0.00035,0.0001,0.034840134989815245,0.19703174507249602,1.0865828022983405e-17,0.2410511093491805,0.052770488653127383,0.4738106407300145,2.3649052853566e-05,0.032335484457004418,0.10473895136731572,5.0562101887834887e-18,0.081555407231309024,0.38974963259512785,0.39161171016560076,8.8141836422837891e-06,0.24903073205663401,0.0016513095062140075,5.3494256360553899e-10,0.0019306635768533049,2.9796964873248808e-05,0.42785383722477249,7.4632868832472479e-05,9.9576918505529281e-07,3.5663834872654646e-10,2.2355985026199708e-12,1.5692585345779026e-10,4.0166801985258708e-11,8.8507237174136394e-08,0.31942794243448913,0,0,0,0,0,0,0,-1.1787997880093626e-09,8.2931717714208841e-12,1.7049147113564539e-10,-4.0815610689977403e-08,4.3256923650675239e-13,1.114791812319247e-07,-8.1366585864251008e-12,-2.6128064555680508e-12,-4.4237901081100242e-15,3.1832869946389646e-17,-3.4069788666296748e-17,5.0606645565939128e-19,-1.7080444888206462e-12,-6.9651525741657117e-08,-9.8449755986818738e-08,-5.9114412753746848e-08,-5.6845927971311444e-23,4.5918388812509214e-08,3.4135200072116234e-07,-1.0338353645389375e-07,0,0.0080678969141354372,0.047928240051388966,2.6472683683241286e-18,0.059068279493566168,0.012649904349571953,0.11408532355189931,5.7298190668740127e-06,1.9146101713068726e-05,-0.00017143587805912988,-5.1374783567767843e-20,-0.00058462542715568763,0.00034220319336670217,-0.00042399618375576532,-3.0699395627119596e-08
13,4,lumen,0.014210526315789474,0.0013500000000000001,0.013684210526315788,0.014736842105263159,0.0012000000000000001,0.0015,1000071.3515907179,1.5369396046325015,14.988494487962146,2656.8898787803578,0.15738315171876174,1173,1173,4.1893450147673497e-05,0.21470420940494719,0.59999999999999998,2,500000,0.00035,0.0001,0.03450406275038527,0.19679667579139243,1.1092749029364924e-17,0.24418275361156538,0.051919047969988447,0.47268860390330741,2.3674888041991614e-05,0.032236112594056579,0.10530831454296892,5.1960624939991122e-18,0.083163258800753634,0.38600613309445142,0.39327729859157623,8.8823761932543744e-06,0.24798646335585461,0.0016754596590115311,5.3363106619631238e-10,0.0019400838035018889,3.0397118200905529e-05,0.42866395919860173,7.5359817324640864e-05,9.8798266869703223e-07,3.5707341697117507e-10,2.2258686470393095e-12,1.5624557350450886e-10,4.0105918399559262e-11,8.98551616909951e-08,0.31962719812039248,0,0,0,0,0,0,0,-7.0892313212844465e-11,5.1176370269562041e-12,1.1983896651864251e-11,-2.7987324378760492e-09,-9.2266580660471664e-14,7.9258413642965819e-09,-4.7250717486817386e-12,-1.3036364522600596e-12,-2.3428747603205924e-15,1.8786103799845524e-17,-1.2767592518555239e-17,-2.9732427962542822e-18,-1.0430809119330191e-12,-5.0661517205652197e-09,-9.8594671914600807e-08,4.4551019817706816e-08,-5.5984062866188144e-24,4.6108268183456534e-08,3.4189522452043875e-07,-1.4189278463305754e-07,0,0.0080040797474271695,0.04797565625115506,2.7094071315918421e-18,0.05997040399179842,0.0124723813353267,0.11405958081375589,5.7486330511978788e-06,2.3180471065676885e-05,-0.00021138775943491941,-6.7942364769351087e-20,-0.00074200206628979078,0.00042795726406149226,-0.00052692671635740194,-3.838144861297383e-08
13,5,lumen,0.014210526315789474,0.00165,0.013684210526315788,0.014736842105263159,0.0015,0.0018,1000071.0525660799,1.550431551094712,15.120074748501871,2638.6568716681372,0.15650412916536702,1173,1173,4.195368042266941e-05,0.21328325381584337,0.59999999999999998,2,500000,0.00035,0.0001,0.034075595078603575,0.19638996245607182,1.1389530775549341e-17,0.24803527815442633,0.050838995907300788,0.47104609567041567,2.3695260658599362e-05,0.032115286709977472,0.10601324213464056,5.3819162659125108e-18,0.085216931672166596,0.38129435429423048,0.39535121712609761,8.9680628871904396e-06,0.24667206735427036,0.0017065182337112194,5.3207023260031473e-10,0.0019519267616284587,3.1167864730664103e-05,0.42966947108210829,7.6286876516525479e-05,9.7810997772727952e-07,3.5755829097101262e-10,2.2138786534357333e-12,1.5541731874179658e-10,4.0036689785698713e-11,9.1569414275214343e-08,0.31989149106035281,0,0,0,0,0,0,0,3.1288150085412015e-11,2.6849146901112149e-12,-3.8305584256047947e-12,9.4466015499823841e-10,-8.6368846102802266e-14,-2.3687231919845841e-09,-2.3523617818204153e-12,-5.1150208200956282e-13,-9.7629256162816894e-16,9.2278352888516257e-18,-2.0443776594066322e-19,-4.0649965331963305e-18,-5.0364003519904817e-13,1.3973751875672952e-09,-9.8985785738654047e-08,5.4747048838788004e-08,-1.2400580213487444e-23,4.661239319996549e-08,3.4356728056961217e-07,-1.4654692365168032e-07,0,0.0079250665682573836,0.048026112885731352,2.7908198593683579e-18,0.061111849773545793,0.0122504200161278,0.11401366280845246,5.7716073421035715e-06,2.6654197851195523e-05,-0.00025020355778892112,-8.6538897472577885e-20,-0.00090490420444850814,0.00051387100747503551,-0.00062883441962523483,-4.6062220713132367e-08
13,6,lumen,0.014210526315789474,0.0019499999999999999,0.013684210526315788,0.014736842105263159,0.0018,0.0020999999999999999,1000070.6862872572,1.5680413058664509,15.291813701903775,2614.9270466975518,0.15544661513447375,1173,1173,4.2025388104617405e-05,0.21157041887962644,0.59999999999999998,2,500000,0.00035,0.0001,0.033546378002870983,0.19572014317393155,1.175992926591211e-17,0.25251266591325855,0.049516278831275545,0.46867712212644452,2.3699465952047872e-05,0.031975625680580058,0.10685169464925724,5.6200589874959058e-18,0.087740613159049685,0.37559211860088654,0.39783087637535353,9.0715348729243465e-06,0.24507954990510922,0.0017451358333988609,5.3031635262308574e-10,0.001966246053553845,3.2125233443948262e-05,0.43086861728273979,7.7427659621075686e-05,9.6607056488780181e-07,3.5805942310496631e-10,2.1997809966242076e-12,1.5445747073573962e-10,3.9964332943781766e-11,9.3673736211260596e-08,0.32022983720283482,0,0,0,0,0,0,0,2.1191053450959713e-10,1.0658772979055988e-12,-2.8246101780101962e-11,7.1400437894624474e-09,-1.4562060324935233e-13,-1.9022375445437376e-08,-9.2490054621914659e-13,-1.3280262306514246e-13,-2.4559318699111286e-16,3.1733392663086742e-18,5.9996169025177056e-18,-4.0268569670609179e-18,-1.4074155135950582e-13,1.169894542329509e-08,-9.9491707620299324e-08,7.0450414224598745e-08,-8.7391383751514439e-23,4.8092334261395584e-08,3.4654676053791356e-07,-1.5475231918138377e-07,0,0.0078312019510137134,0.048075255556707282,2.8940297294832196e-18,0.062498269394268363,0.011983978363383616,0.11393942187120455,5.7983875580585802e-06,2.9518672636459922e-05,-0.00029051489108918575,-1.0500894727196175e-19,-0.0010692077196167975,0.00060023705880324308,-0.00073130143830628966,-5.3720050192673714e-08
13,7,lumen,0.014210526315789474,0.0022499999999999998,0.013684210526315788,0.014736842105263159,0.0020999999999999999,0.0023999999999999998,1000070.2328712379,1.5878620178620879,15.485115780678823,2589.2116397113541,0.15416417093911472,1173,1173,4.2108101848434042e-05,0.20956123621687472,0.59999999999999998,2,500000,0.00035,0.0001,0.032966372171042722,0.19504816639989947,1.2214508048021404e-17,0.25791196008859435,0.048022916910065064,0.4661890199848221,2.3717249266476732e-05,0.03181998939958517,0.10783089751915576,5.9110904221402808e-18,0.090749541302772144,0.36886926015787525,0.40072111852046427,9.1931001474496152e-06,0.24319366820056115,0.0017921894341022529,5.2842440646206572e-10,0.0019831185255171054,3.3293570704942337e-05,0.43226950619797944,7.8800459970262499e-05,9.5181023146621751e-07,3.5856001742142397e-10,2.1837890406079068e-12,1.5338338982595093e-10,3.989492696364689e-11,9.6208082497026615e-08,0.3206483745104044,0,0,0,0,0,0,0,-2.1632910768037068e-10,3.3210927173043037e-13,2.8533708347885281e-11,-7.3659490976826402e-09,1.1951149705285991e-13,1.9520228719234825e-08,-4.234878130735514e-13,-8.4724978768879744e-14,-4.2723126731187069e-17,6.8339537388932651e-19,5.1046065750065347e-18,-2.4350035642599472e-18,4.4264013366476083e-14,-1.1966472007979534e-08,-1.0022386927755617e-07,2.8093239123894165e-08,-7.8872919646646017e-23,5.2581788727157178e-08,3.5327630674292232e-07,-1.4541133230849823e-07,0,0.0077223145302247401,0.048110855912917985,3.0191253729526387e-18,0.06410953078152648,0.011670851930454451,0.11380633979130569,5.8272293202148147e-06,3.1475189063721072e-05,-0.00034186945943855558,-1.2743241733846788e-19,-0.0012174967091137807,0.00068786193481422647,-0.00084051810563831337,-6.1279088065061875e-08
13,8,lumen,0.014210526315789474,0.0025499999999999997,0.013684210526315788,0.014736842105263159,0.0023999999999999998,0.0026999999999999997,1000069.6269227733,1.6105460180332887,15.706343743853756,2560.6480330410536,0.15254659868528578,1173,1173,4.2200861768191965e-05,0.20725003605083314,0.59999999999999998,2,500000,0.00035,0.0001,0.032331290143747901,0.19436994269660385,1.2767940017781843e-17,0.26398117280174671,0.046346880609809585,0.46344457997294014,2.3738925950501802e-05,0.03165283031103755,0.10899111508268536,6.2671934127191654e-18,0.094212071211113455,0.36108136821082326,0.40405328222486375,9.3329594765574851e-06,0.24098018574451321,0.001848883189316135,5.2645073652786654e-10,0.0020026617750931361,3.4715648978504429e-05,0.43391397075253652,8.0430464567860785e-05,9.3540185112338847e-07,3.5911913477868754e-10,2.1662968838626619e-12,1.5221611894216462e-10,3.9836587737993148e-11,9.9254271852421281e-08,0.32113811668907555,0,0,0,0,0,0,0,-4.083539330607772e-11,-8.3597224622489976e-13,5.6621894928756196e-12,-1.3719950538625495e-09,4.9104166913171987e-14,3.5051272539825262e-09,7.6518485405581371e-13,2.6918463118252856e-13,4.8755700634129085e-16,-3.2645577877365671e-18,1.3268178598926085e-17,-4.229804592977461e-18,2.3248799443281316e-13,-2.0984395335031767e-09,-1.0104329794570488e-07,3.1038628778290445e-08,9.7883456719559778e-24,6.6493328473723144e-08,3.6962609595986295e-07,-1.6615891079707623e-07,0,0.007593663238751506,0.048109935018569652,3.1686530921950481e-18,0.065856395086878905,0.011302665796773153,0.11352894408278587,5.8531507062510308e-06,3.2189461865981502e-05,-0.0004375823671324824,-1.6815723585902997e-19,-0.0012927312592850549,0.00077938168464963115,-0.00097735933518299325,-6.8593712258290388e-08
13,9,lumen,0.014210526315789474,0.0028499999999999997,0.013684210526315788,0.014736842105263159,0.0026999999999999997,0.0029999999999999996,1000023.7360517016,1.6365086735950174,15.960268760148706,2528.5792772677491,0.067951431717104535,1173,1173,4.2301407795423793e-05,0.20462794813387991,0.59999999999999998,2,500000,0.00035,0.0001,0.031643648263781875,0.19390421556190671,1.3515733387064269e-17,0.27003796330537594,0.044481174960019153,0.46046052333456011,2.3756912922413336e-05,0.03148046692274336,0.11048780414472832,6.7415068863072913e-18,0.09793175190976787,0.35214856504419773,0.40794192094689447,9.4910316684146857e-06,0.23834595013220972,0.0019169944304304181,5.2437501139004787e-10,0.0020249909428518035,3.6484884724356322e-05,0.43595399181735967,8.2353607396364368e-05,9.1736452524264504e-07,3.6005457075861825e-10,2.1480200540582697e-12,1.5096306253823995e-10,3.979703511726046e-11,1.0301696287833814e-07,0.32163821272618992,0,0,0,0,0,0,0,7.2601055347115707e-10,-1.6445996544288295e-12,-9.0970893323927458e-11,2.4601904727133799e-08,-3.8669891941345291e-13,-6.4185988540681194e-08,1.6957853240457766e-12,5.5908294487039267e-13,8.4193575930031627e-16,-5.7586598524717335e-18,2.1116380414587917e-17,-6.3991090784759895e-18,3.0146277697774704e-13,3.8948518257534464e-08,-1.0195690323608342e-07,5.5924932629292101e-08,-4.9133941857821607e-22,1.1030845528079343e-07,4.1608748019283937e-07,-2.369576410088392e-07,0,0.0033915811062660696,0.021404210798669866,1.4925453058060298e-18,0.030017364980600925,0.0049088224966543099,0.050507879473943147,2.6161836059881107e-06,0,0,0,0,0,0,0
13,10,annular_channel,0.014210526315789474,0.0040000000000000001,0.013684210526315788,0.014736842105263159,0.0030000000000000001,0.0050000000000000001,99999.999468068549,0.020670849656979236,nan,nan,0.16072775335418937,1173,nan,nan,nan,nan,nan,nan,nan,nan,nan,nan,nan,nan,nan,nan,nan,nan,nan,nan,nan,nan,nan,nan,nan,nan,nan,nan,nan,nan,nan,nan,nan,nan,nan,nan,nan,nan,nan,nan,nan,nan,nan,nan,nan,nan,nan,nan,nan,nan,nan,nan,nan,nan,nan,nan,nan,nan,nan,nan,nan,nan,nan,nan,nan,nan,nan,nan,nan,nan,nan,nan,nan,nan,nan,nan,nan,nan,nan,nan
14,0,lumen,0.015263157894736843,0.00015000000000000001,0.014736842105263159,0.015789473684210527,0,0.00030000000000000003,1000059.7796652275,1.529745312564752,14.918507160725369,2658.3230694590152,0.15796660105392646,1173,1173,4.1904154807693985e-05,0.21560534676492427,0.59999999999999998,2,500000,0.00035,0.0001,0.032014346029228376,0.20015373964410293,1.0719240980743003e-17,0.24339483791417438,0.052801071793830291,0.47140453283529421,2.3733967847157664e-05,0.029770382751541691,0.10660460543114998,4.997658395173302e-18,0.082507842311940763,0.39073073792174184,0.39037756862069017,8.862962935675776e-06,0.24840336982739555,0.0016357901187877889,4.9064626707745673e-10,0.0019173079482751186,3.004226929099572e-05,0.42971346241742819,7.4023993983032837e-05,1.0154099193419103e-06,3.6207230316798365e-10,2.1496296644592538e-12,1.4541462209390305e-10,3.7341086440994526e-11,8.9347755724768306e-08,0.31822489762954015,0,0,0,0,0,0,0,1.0262586837807407e-11,6.9611593735126152e-12,-2.2964596406659497e-12,3.1573910906086582e-10,-2.5050393617082056e-13,-5.8797649626733672e-10,-1.4525053880296214e-12,1.7052277558743389e-12,-5.1040349745916968e-16,3.1877349955317855e-17,-3.3052500235487955e-17,6.0656895307584214e-18,-2.815505373805639e-12,2.6012394995864432e-10,-8.9330855049512409e-08,4.2304473868437498e-08,-2.3849381216428745e-23,4.7618015445692641e-08,3.1561521036949092e-07,-1.3726764347410381e-07,0,0.0073684683844792024,0.048779594797674977,2.620857873163642e-18,0.059881994001910938,0.012650138175675797,0.11355517776671116,5.7559047172335485e-06,6.1220657649294638e-06,-4.490892053395528e-05,-1.1712126226568174e-20,-0.00014801796100216203,8.5815027085105118e-05,-0.00010506850781923784,-7.7643148192894337e-09
14,1,lumen,0.015263157894736843,0.00045000000000000004,0.014736842105263159,0.015789473684210527,0.00030000000000000003,0.00060000000000000006,1000059.7309689339,1.5322438777796921,14.942874600073852,2654.9456944523786,0.15779297993738856,1173,1173,4.1916462211730963e-05,0.21532082943238445,0.59999999999999998,2,500000,0.00035,0.0001,0.031928050038450534,0.20010668130403536,1.0769932262863579e-17,0.24419555153658784,0.052588746000126405,0.47113209792386207,2.3741307560118787e-05,0.029738630427566509,0.10675362532535321,5.0294939450984456e-18,0.082914483503535724,0.38979515717015095,0.39078922338861977,8.8801847737832368e-06,0.24814179283388865,0.0016416835794273727,4.9019402393395825e-10,0.001919608134761937,3.0192662802433484e-05,0.4299203460301369,7.420169232817335e-05,1.0134730424366005e-06,3.6219661881892364e-10,2.1467713542370066e-12,1.4521073082771978e-10,3.7315097426038632e-11,8.9687440980190043e-08,0.31827107086910683,0,0,0,0,0,0,0,1.7025655986159693e-10,7.6443106627144003e-12,-9.0967455531768031e-12,3.7167925048169121e-09,-3.3204136055259292e-13,-1.0400218050264295e-08,-2.243027230342613e-12,1.3569204353885977e-12,-1.0063568706083394e-15,3.5162179322616939e-17,-4.2634083814323638e-17,1.0339765728386167e-17,-2.9630127216222486e-12,6.5188036078240687e-09,-8.9364779972279235e-08,5.2161110597470639e-08,3.1345282868139254e-23,4.761492326883111e-08,3.1565477801032138e-07,-1.407063418001897e-07,0,0.0073519831885201807,0.048792087863921252,2.6352295183736666e-18,0.060108979604177118,0.012605729523979927,0.11354816448341658,5.7606593036274363e-06,1.2170248453001478e-05,-8.9380733341444185e-05,-2.0161961416400214e-20,-0.00029766756904976379,0.00017160218733543292,-0.00020957596235780747,-1.5525441717835303e-08
14,2,lumen,0.015263157894736843,0.00075000000000000002,0.014736842105263159,0.015789473684210527,0.00060000000000000006,0.00090000000000000008,1000059.6323182825,1.5378903575121163,14.997942142978399,2647.1153037345302,0.15743690840890748,1173,1173,4.194103289359354e-05,0.21475120180446988,0.59999999999999998,2,500000,0.00035,0.0001,0.031743204287662904,0.19992660795094169,1.084750204509374e-17,0.245703587171823,0.052143639479444601,0.47038910751914431,2.3746020526158782e-05,0.029675418646083158,0.10705061402678147,5.0843867763033871e-18,0.083733967704906972,0.38792028176440196,0.3916108031784275,8.9146793986810225e-06,0.24761770496964533,0.0016535766241029079,4.8929699983226383e-10,0.0019242143740434738,3.0496002493674047e-05,0.43033289647947459,7.4559277669804103e-05,1.0095810453741609e-06,3.6243697208004542e-10,2.141066412164774e-12,1.4480510819935945e-10,3.7263744206963903e-11,9.0370337334381806e-08,0.31836545128524357,0,0,0,0,0,0,0,-1.9562882441634636e-09,9.2041593251357811e-12,1.561278470671419e-10,-5.0961566005504792e-08,5.2690935382210258e-13,1.4484287479371409e-07,-4.2027691284479511e-12,4.9365524688871343e-13,-2.1273233221992135e-15,4.2676487948881159e-17,-6.6391678213627215e-17,2.1473919030315625e-17,-3.2145702381454237e-12,-9.2083953656876811e-08,-8.9614078386656554e-08,-1.0299195807306205e-07,3.3501658768224195e-22,4.7609229968204924e-08,3.16966755564696e-07,-8.6107434571491837e-08,0,0.007319244538332579,0.048815383625822974,2.6620938513601586e-18,0.06056423830344506,0.012516935589860995,0.11353191370103724,5.7700598961643721e-06,1.807763942839549e-05,-0.00013288289631087507,-4.5514172108641221e-20,-0.00045051175747394642,0.00025733179474353652,-0.00031306364700316256,-2.3279135581667381e-08
14,3,lumen,0.015263157894736843,0.0010500000000000002,0.014736842105263159,0.015789473684210527,0.00090000000000000008,0.0012000000000000001,1000059.4855152651,1.5457327969910337,15.074426045809465,2636.5703996376619,0.15691153353957596,1173,1173,4.1977774214127671e-05,0.21389532352430726,0.59999999999999998,2,500000,0.00035,0.0001,0.031481980375093602,0.19973450802895301,1.1056213902319133e-17,0.24809063547874097,0.051501722105650537,0.46947062002619511,2.3762997653142787e-05,0.029581299316834349,0.10749314780716135,5.2086405030676994e-18,0.084978616582566183,0.38509866126659703,0.39283930847988863,8.9665469524166416e-06,0.24682921157432597,0.0016716877618902647,4.8796982695899568e-10,0.0019311398832927563,3.0957501667777512e-05,0.43094861441552595,7.5101267247741147e-05,1.0036962826462807e-06,3.6277643081076121e-10,2.1325374565192962e-12,1.4420201040970663e-10,3.7188271320174867e-11,9.14035957829971e-08,0.31851219146190213,0,0,0,0,0,0,0,3.2486360715437586e-11,7.4826412752601031e-12,-1.012423222028758e-12,5.0769062793427074e-10,-2.6837473215968188e-13,-1.0550887117113938e-09,-3.7407102669535056e-12,1.6286863351033798e-13,-1.8834613189714411e-15,3.4056796382753448e-17,-4.8006199617152845e-17,1.5609533569295392e-17,-2.5277996924437144e-12,5.1481724418253599e-10,-8.9589644033678112e-08,4.3033321350804954e-08,2.2830592582576404e-24,4.7615058972158314e-08,3.1637470328249595e-07,-1.3771418894137355e-07,0,0.0072708677936936753,0.048848618421641093,2.7139747803527795e-18,0.0612536721172902,0.012384326681453244,0.1135073381954327,5.7841779008095707e-06,2.3671067486774531e-05,-0.00017487516279977589,-5.4107479744146517e-20,-0.00060784043784006803,0.00034294391686312878,-0.00041507488375544472,-3.1015151198314621e-08
14,4,lumen,0.015263157894736843,0.0013500000000000001,0.014736842105263159,0.015789473684210527,0.0012000000000000001,0.0015,1000059.2907032251,1.5571685893378582,15.185954104848699,2621.0715802897621,0.15621669560341625,1173,1173,4.2026521775195899e-05,0.21275169836720895,0.59999999999999998,2,500000,0.00035,0.0001,0.031120137778762762,0.19934519481738175,1.1287448877058513e-17,0.25115931112925433,0.05062177301195786,0.46795762090369553,2.3770990953445079e-05,0.029457644084327085,0.1080773644954974,5.356918576405917e-18,0.086666222177606195,0.38131940558812527,0.39447032773009749,9.0359243465779875e-06,0.24577360815794175,0.0016963597103225073,4.8624352005665002e-10,0.0019404091985059529,3.1585161062691894e-05,0.43176330471143159,7.5834786865397105e-05,9.9575834852684174e-07,3.6318811480132253e-10,2.1212390726803455e-12,1.434103032419699e-10,3.7091171511034356e-11,9.2797970039712589e-08,0.31871780868549704,0,0,0,0,0,0,0,-4.2183137577516771e-11,5.0702813908826078e-12,2.6932479234912024e-12,-1.1582282386272297e-09,-1.6318543738513824e-13,3.5095377001661404e-09,-1.7718995370569663e-12,6.8268741354460261e-13,-7.7630916442347712e-16,2.2924697946099588e-17,-3.086252868115888e-17,1.016425682076135e-17,-1.8933343997713283e-12,-2.3137431417382674e-09,-8.9784560021975712e-08,3.8578121475119076e-08,-3.9410845174281634e-24,4.769558227435974e-08,3.170646663552823e-07,-1.3631977996420019e-07,0,0.0072072026181189356,0.04888895859901668,2.7791458814372181e-18,0.06218440942517077,0.012208164337011485,0.1134709984978642,5.8029117655249776e-06,2.8885844765688407e-05,-0.00021501833006324752,-6.9904603673265608e-20,-0.00077079436958544124,0.0004284126885357489,-0.00051543852231156228,-3.8734606383171814e-08
14,5,lumen,0.015263157894736843,0.00165,0.014736842105263159,0.015789473684210527,0.0015,0.0018,1000059.0418426058,1.5717490908626195,15.32815114637536,2601.6128691703907,0.15534277561272497,1173,1173,4.2087044745130695e-05,0.211318329936937,0.59999999999999998,2,500000,0.00035,0.0001,0.030672822334886843,0.19881377924190813,1.1584617916568727e-17,0.25501221394433615,0.049527214379656834,0.46600044070916696,2.3777449332758324e-05,0.029306093426108799,0.10879855973588261,5.5494335395391412e-18,0.088819690506728055,0.37656777176106898,0.396498761558015,9.1230121964405896e-06,0.24444664340526312,0.0017280763997019485,4.8415594800904333e-10,0.0019520568357436075,3.2390440323529483e-05,0.43277223797146241,7.6769823750093172e-05,9.8569100228071235e-07,3.6363758177023896e-10,2.1072456689953851e-12,1.4244107886595679e-10,3.6975666427702967e-11,9.4569033455555275e-08,0.31899074383439979,0,0,0,0,0,0,0,7.2080795589514509e-11,3.8368886084945441e-12,-4.4326613613631136e-12,1.7124349673389377e-09,-1.7175410399472568e-13,-4.6849268299422459e-09,-1.0056093136475756e-12,7.6633079222621081e-13,-3.6069565212363616e-16,1.7322246522035768e-17,-2.8052293599007204e-17,1.0127278687291796e-17,-1.5143055608748552e-12,2.9029327689445243e-09,-9.0039921113622967e-08,4.6674093867604682e-08,-7.7273395516280023e-25,4.8056106812704639e-08,3.1815476676799737e-07,-1.3981327440237834e-07,0,0.0071281833497076506,0.048929536623747785,2.863269389605853e-18,0.063360773303518914,0.011987958192564841,0.11341085422498354,5.8257269357476903e-06,3.362727393760978e-05,-0.00025349040965638595,-8.7896105571695865e-20,-0.00093906206652254122,0.00051378081022955579,-0.00061412941567151949,-4.6417586722052865e-08
14,6,lumen,0.015263157894736843,0.0019499999999999999,0.014736842105263159,0.015789473684210527,0.0018,0.0020999999999999999,1000058.7369698759,1.5880017372248132,15.48665636958669,2580.8525788833572,0.15427614621749733,1173,1173,4.2159014907757206e-05,0.20959260162929294,0.59999999999999998,2,500000,0.00035,0.0001,0.030175146171083019,0.19832442069947881,1.1969227414812842e-17,0.25991632575886781,0.048272605422287777,0.46404870333274228,2.3804995198512874e-05,0.029128724032513386,0.10965305794609691,5.7929655598050788e-18,0.091463901062808509,0.37082403384901691,0.3989210550800143,9.2280295499131404e-06,0.24284130203699594,0.001767499976584143,4.8175327674288695e-10,0.0019661362438849958,3.3389563713119276e-05,0.43397200807423941,7.7920071466974333e-05,9.73406235963905e-07,3.6408659506132997e-10,2.0906648409256864e-12,1.4130825047972788e-10,3.6845951433487363e-11,9.6739802043883997e-08,0.31934067286099521,0,0,0,0,0,0,0,-1.1150913200932367e-10,2.8829566244056163e-12,7.3351633337393339e-12,-2.9214294514866377e-09,-5.9630360545182004e-14,8.2647215150170178e-09,-5.8506798686661199e-13,6.8479618677008691e-13,-1.8153274269545953e-16,1.3035698557189868e-17,-2.581419995951285e-17,1.0144777634989218e-17,-1.1959569650521543e-12,-5.2408450220800006e-09,-9.0401688457135421e-08,3.2796616977748272e-08,-3.8871181617484209e-24,4.9333585729263035e-08,3.2057364827975388e-07,-1.3680686700157096e-07,0,0.0070346166611147233,0.048965082693243865,2.9685406104002608e-18,0.06478703211778819,0.01172398065588582,0.11331967209060057,5.8522305790221005e-06,3.7642371678906128e-05,-0.00029256812660471613,-1.0827525351926944e-19,-0.0011082074930864358,0.00059919110193130162,-0.00071299675617470871,-5.4035664306284097e-08
14,7,lumen,0.015263157894736843,0.0022499999999999998,0.014736842105263159,0.015789473684210527,0.0020999999999999999,0.0023999999999999998,1000058.3592909167,1.6090937451852714,15.692357712844556,2553.8952097433839,0.15299148586901506,1173,1173,4.2241881751541124e-05,0.20757160921170498,0.59999999999999998,2,500000,0.00035,0.0001,0.029575326895760663,0.19749550094223067,1.2428456605213753e-17,0.26534186132927501,0.046771172689750715,0.46120282618605901,2.380650730508458e-05,0.028928916606781083,0.1106451284349487,6.0951242848796769e-18,0.094613360998227175,0.36406248635753685,0.4017407564077996,9.3511947065039859e-06,0.24094431669343183,0.0018155162297725713,4.7909892670200197e-10,0.0019827251657502632,3.4606762965172974e-05,0.43536756181355935,7.9303809078214401e-05,9.5883786521748869e-07,3.6451064796474802e-10,2.0717001341184798e-12,1.4003171808056535e-10,3.6708158378183672e-11,9.9348402502362522e-08,0.31977491031675376,0,0,0,0,0,0,0,9.506780217529309e-11,2.1474930580745323e-12,-5.5912193778164924e-12,2.335932102752647e-09,-1.2492481007986278e-13,-6.4281597555743836e-09,-4.5950246574999022e-13,4.7663262225938752e-13,-1.6259769618259986e-16,9.6298449728483434e-18,-2.2920330041493221e-17,9.4706792541971049e-18,-8.9984593248504641e-13,4.0016115141253566e-09,-9.0847335128610429e-08,4.3730402521369172e-08,1.4518031837844768e-24,5.3551231846392185e-08,3.2606334336715559e-07,-1.4674027687400226e-07,0,0.006925663608760825,0.048982659894567002,3.0976000707520772e-18,0.0664433221184033,0.011413843087072321,0.11316508024512201,5.8806211332730364e-06,4.0823742436728055e-05,-0.00034200564743982689,-1.3291959745077531e-19,-0.0012618270597770419,0.00068541404633875073,-0.00081836225695458434,-6.1546837388651558e-08
14,8,lumen,0.015263157894736843,0.0025499999999999997,0.014736842105263159,0.015789473684210527,0.0023999999999999998,0.0026999999999999997,1000057.8529353664,1.6331981065292409,15.927438632324533,2524.0328460458513,0.15136437118858706,1173,1173,4.2334651815602847e-05,0.20525111980845179,0.59999999999999998,2,500000,0.00035,0.0001,0.028918938905578909,0.19663383392386072,1.2996445112190072e-17,0.27143833318422511,0.045091235219552814,0.4580663891388212,2.3810050276553209e-05,0.02871062922960484,0.11181268557161676,6.4691568836421487e-18,0.098237119549460461,0.35624398899560422,0.40498608395998131,9.4926937324746691e-06,0.23872367372497583,0.0018733320355662749,4.7624270522128349e-10,0.0020019329227731757,3.6084973930812668e-05,0.43699738541855659,8.0945824829564789e-05,9.420528142351357e-07,3.649619280333536e-10,2.0506966161048658e-12,1.3863102036860593e-10,3.6569290402165914e-11,1.0247505384696823e-07,0.32028559955304858,0,0,0,0,0,0,0,-1.4907575265777014e-12,1.0228050543886057e-12,-4.7148640384047477e-15,-4.4415870284061416e-11,-4.5773497839296517e-14,1.1976422739819192e-10,4.410511679916128e-13,6.7217108615236221e-13,2.4561617816604604e-16,4.8930161169168143e-18,-1.559344422783464e-17,6.5409544622809802e-18,-6.3421742731331017e-13,-7.5309564401276873e-11,-9.1438033620033082e-08,2.4237305884522442e-08,-4.9732089968150643e-24,6.7080975744583338e-08,3.4139604428856662e-07,-1.5847470991037227e-07,0,0.0067970761566480218,0.04895396829994493,3.2527848057363531e-18,0.068232620797818028,0.011048923361457443,0.1128542511215688,5.9054232767943403e-06,4.2885921700783025e-05,-0.00043453884246213677,-1.6371890593786536e-19,-0.0013430006756748867,0.00077505835499935654,-0.0009503901507729182,-6.877833545929715e-08
14,9,lumen,0.015263157894736843,0.0028499999999999997,0.014736842105263159,0.015789473684210527,0.0026999999999999997,0.0029999999999999996,1000018.5321748764,1.6584799358171918,16.174630589497077,2494.0449226469159,0.066052741476116783,1173,1173,4.2435071618218662e-05,0.20262362855258942,0.59999999999999998,2,500000,0.00035,0.0001,0.028247631367390932,0.19621792645649269,1.3717838895737729e-17,0.27790904828298646,0.043286565363159162,0.45527972010186252,2.3840542797169512e-05,0.028479399264217324,0.11330783561124151,6.9342139078940018e-18,0.1021399303200712,0.34729375210179503,0.40876943033789909,9.6523647759026838e-06,0.23609017340864691,0.0019427481137532017,4.7316779839046788e-10,0.002023889299525954,3.7918744177506942e-05,0.43900724704392408,8.2882449316545894e-05,9.2354374688639352e-07,3.6574781115354702e-10,2.0283080064217807e-12,1.3711450688310643e-10,3.6436161525776689e-11,1.0632427019155516e-07,0.32081411005815708,0,0,0,0,0,0,0,8.9946581786475256e-11,-4.3613703366765981e-13,-5.4871484596454288e-12,2.523548829346732e-09,-4.6742232480412316e-14,-6.9430855528882646e-09,1.9465194162763078e-12,1.1318756262118645e-12,8.7197106143454874e-16,-8.4493450959370122e-19,-1.271415375585217e-18,1.5459633417340438e-19,-4.1536552192027361e-13,4.3328964857672673e-09,-9.2143748021446259e-08,-1.1336363681113681e-08,7.2175763625733821e-24,1.1042801374779595e-07,3.8682989636495968e-07,-2.0510071407908725e-07,0,0.0027560591985654548,0.019690289861051011,1.3801445082714064e-18,0.02811089570692268,0.004358231653946297,0.045427941242295496,2.3875576189564328e-06,0,0,0,0,0,0,0
14,10,annular_channel,0.015263157894736843,0.0040000000000000001,0.014736842105263159,0.015789473684210527,0.0030000000000000001,0.0050000000000000001,99999.999387456221,0.020670849640315982,nan,nan,0.17243322773473638,1173,nan,nan,nan,nan,nan,nan,nan,nan,nan,nan,nan,nan,nan,nan,nan,nan,nan,nan,nan,nan,nan,nan,nan,nan,nan,nan,nan,nan,nan,nan,nan,nan,nan,nan,nan,nan,nan,nan,nan,nan,nan,nan,nan,nan,nan,nan,nan,nan,nan,nan,nan,nan,nan,nan,nan,nan,nan,nan,nan,nan,nan,nan,nan,nan,nan,nan,nan,nan,nan,nan,nan,nan,nan,nan,nan,nan,nan,nan
15,0,lumen,0.016315789473684211,0.00015000000000000001,0.015789473684210527,0.016842105263157894,0,0.00030000000000000003,1000047.679701802,1.5545790879171923,15.16087656780334,2615.3880524413325,0.1564881375658812,1173,1173,4.2058890033982376e-05,0.21324040098203867,0.59999999999999998,2,500000,0.00035,0.0001,0.028372471411001302,0.20290009668079742,1.0948475629309975e-17,0.25162156613215841,0.051177674524506798,0.46556211207494674,2.3798916200690986e-05,0.026812412702469604,0.10982303896368918,5.187464454702529e-18,0.08668234919964142,0.3848702413161017,0.39180292621782364,9.0316002744974032e-06,0.24577346524026092,0.0016616376701751342,4.405310880421634e-10,0.0019183651931133194,3.1438056541109596e-05,0.43329346961158693,7.4627162456516937e-05,1.0234461970240816e-06,3.6904985403439568e-10,2.0386141382291693e-12,1.3177671033252367e-10,3.4159908651075463e-11,9.279417569637169e-08,0.31724587984793734,0,0,0,0,0,0,0,-1.1593119324535065e-12,2.6913363187358525e-12,1.5591974805806275e-12,-2.9370345430999624e-10,-5.2220489217547073e-14,9.8566608976342895e-10,-3.4230774503436068e-12,-1.1523080666736574e-12,-1.3052718386625357e-15,8.0369561822585264e-18,1.9051964744281888e-17,-1.2574781932884397e-17,-9.8485375647224071e-14,-6.9032635184305488e-10,-8.0180796665357823e-08,3.2513814141044151e-08,1.5109597804205318e-24,4.668106162593546e-08,2.8722138493975091e-07,-1.2656686548817575e-07,0,0.0066482321160910244,0.049576141956670552,2.6988394586463431e-18,0.062026137218838095,0.012357422059041655,0.11307563821734712,5.8101995982526228e-06,6.1599798270968998e-06,-4.3137103974550375e-05,-1.2999309577440452e-20,-0.00015146168538084047,8.5139544298986429e-05,-0.00010306931159830518,-7.737027141649436e-09
15,1,lumen,0.016315789473684211,0.00045000000000000004,0.015789473684210527,0.016842105263157894,0.00030000000000000003,0.00060000000000000006,1000047.6408702966,1.5563684708248764,15.178327934432328,2613.3384969478384,0.15631412966369285,1173,1173,4.2070939319249107e-05,0.21295723549252998,0.59999999999999998,2,500000,0.00035,0.0001,0.028305812974762503,0.20293285322184121,1.101099652591805e-17,0.25255266623258188,0.050994396645462826,0.4655063136735908,2.3817115499563329e-05,0.026780210171517469,0.1099672043866879,5.2230925731382976e-18,0.087103255897506462,0.38393337058697946,0.39220691004643249,9.0489108762108451e-06,0.24551434696878965,0.0016676829834002206,4.4007401901325132e-10,0.0019206576545060543,3.1593861572545052e-05,0.43349195622078585,7.4807450813999145e-05,1.021409284878988e-06,3.6914469036696269e-10,2.035533342485631e-12,1.3157138795212218e-10,3.4130886994649593e-11,9.3140460797135891e-08,0.31729783933343481,0,0,0,0,0,0,0,-4.4828612900433804e-11,3.2295033734994231e-12,1.2058321194793346e-11,-2.2026480144735798e-09,-3.7927343557453419e-14,6.0859266682190133e-09,-3.7157045478516615e-12,-1.1287134421555933e-12,-1.4109371477347833e-15,1.0042281292700099e-17,1.4315114139316362e-17,-1.2163973712888886e-17,-2.5208401738083551e-13,-3.8486021038799543e-09,-8.0222891779210825e-08,2.7452454365306522e-08,1.0927664589187879e-23,4.6673872570724444e-08,2.8733112431705843e-07,-1.2468241045171524e-07,0,0.0066320854262417114,0.049586118009098984,2.7146418235429629e-18,0.062259293835108503,0.012313549572632943,0.11306576124667794,5.8149015865798623e-06,1.2190414080252973e-05,-8.561706130294169e-05,-2.7281214666582424e-20,-0.00030428042311068341,0.00017018452637244475,-0.00020557375370342125,-1.5462861234680136e-08
15,2,lumen,0.016315789473684211,0.00075000000000000002,0.015789473684210527,0.016842105263157894,0.00060000000000000006,0.00090000000000000008,1000047.5620893817,1.5616124575062214,15.229470590078629,2606.4806616735973,0.15597250500568824,1173,1173,4.2094972719139733e-05,0.21239062944112472,0.59999999999999998,2,500000,0.00035,0.0001,0.028143528927096567,0.20277839126448888,1.1131375233053212e-17,0.25415353253445272,0.050574715997391766,0.46489710612289126,2.3828040102200955e-05,0.026716390082668098,0.11025375030581902,5.2979858659576699e-18,0.087950731648027455,0.38205662196619894,0.39301342243193094,9.0835653555865724e-06,0.24499552672135624,0.0016798834572809287,4.3917213967851839e-10,0.0019252513869438058,3.1907939392896578e-05,0.43388709343429571,7.5170326302289036e-05,1.0173138592919597e-06,3.6932440748826532e-10,2.0293912923663775e-12,1.311642395452623e-10,3.4073748132866852e-11,9.3836138759807061e-08,0.31740405460866633,0,0,0,0,0,0,0,-4.9830767308732226e-10,4.2743391289142042e-12,1.0140521393850171e-10,-1.9472416325582264e-08,2.0234768721705265e-13,5.2368611328477976e-08,-4.2895220462192475e-12,-1.0738807846438769e-12,-1.5835549488969107e-15,1.4099259301828228e-17,2.1779752640979478e-18,-9.7711932404922353e-18,-5.3404651618703615e-13,-3.2497870478197528e-08,-8.037881078608311e-08,-1.8756765529648334e-08,-2.3317751936828209e-23,4.6666966905830308e-08,2.8775147702803094e-07,-1.0747268319732939e-07,0,0.0065999106268553112,0.049604677927049548,2.7471051841705909e-18,0.06272739556537793,0.012225846523247466,0.11304418503720354,5.8242326379336012e-06,1.7982812560448121e-05,-0.00012685237172564638,-4.0324024527523528e-20,-0.00045987823051847935,0.00025503972145611407,-0.00030708598333850987,-2.3174473399107821e-08
15,3,lumen,0.016315789473684211,0.0010500000000000002,0.015789473684210527,0.016842105263157894,0.00090000000000000008,0.0012000000000000001,1000047.444884865,1.570101423725367,15.312260185661572,2595.2730075672062,0.15545945536914171,1173,1173,4.2130860603323575e-05,0.21154003373194602,0.59999999999999998,2,500000,0.00035,0.0001,0.027892489486539395,0.20246037368972208,1.1303146911770856e-17,0.25647363827537872,0.049929655723525132,0.46380240454642541,2.383509477023815e-05,0.026622019338260996,0.11067925452421619,5.4089857625411719e-18,0.08923608989151878,0.37923406717218416,0.39421943342494203,9.1356488778920642e-06,0.24421570170105164,0.0016984619415621525,4.3784817078945183e-10,0.0019321625478130522,3.2385356574914075e-05,0.4344754539857289,7.5720398284804158e-05,1.0111193847826624e-06,3.6956964608283776e-10,2.0202264893355555e-12,1.3056184099931017e-10,3.3990213597592198e-11,9.4887613986991213e-08,0.31756900708799973,0,0,0,0,0,0,0,-3.3953842840975404e-12,2.4558879186771356e-12,1.5357106902355829e-12,-3.180026655467785e-10,-5.1728369851455902e-14,1.0175637825838441e-09,-2.8363917692021316e-12,-8.5734175835072701e-13,-1.0435741393563445e-15,7.5969731566554281e-18,1.2300239866859783e-17,-9.2272733456411924e-18,-1.7600357589771442e-13,-6.9623448694452585e-10,-8.0386922415940504e-08,3.2678747596825986e-08,1.3110974050549536e-25,4.6690161494017678e-08,2.8784977510604159e-07,-1.2675779459403458e-07,0,0.0065515289861012224,0.049631627268493059,2.7959297410672407e-18,0.063438885250942531,0.012094601616618158,0.11301146508193637,5.8383247710645903e-06,2.360908165566614e-05,-0.00016653020078225483,-5.6123696394699304e-20,-0.00062015577514097945,0.00033969411287242574,-0.00040711729598619137,-3.088377117509387e-08
15,4,lumen,0.016315789473684211,0.0013500000000000001,0.015789473684210527,0.016842105263157894,0.0012000000000000001,0.0015,1000047.2894899246,1.5825610118419662,15.433773495316466,2578.6983374335969,0.15477562683780602,1173,1173,4.2178449068694491e-05,0.21040411284166433,0.59999999999999998,2,500000,0.00035,0.0001,0.027543666926502897,0.20188318602739672,1.1535677005617579e-17,0.25942053106934027,0.04904303640844436,0.46201897520532881,2.3827812137541046e-05,0.026497707197786269,0.11123953465404067,5.5640673173270886e-18,0.09097770266443013,0.37545591044171078,0.39581993970898022,9.2053330518087855e-06,0.24317220142372778,0.0017237664701114058,4.3611923996563459e-10,0.0019414123771305349,3.3034265075570268e-05,0.43525291058437393,7.6464750666454457e-05,1.0027711896447369e-06,3.6985331409617392e-10,2.0080645701399892e-12,1.2976961338998517e-10,3.388182762175472e-11,9.630545657905503e-08,0.31779911008063716,0,0,0,0,0,0,0,6.1754573959545683e-11,2.127006072140538e-12,-9.6330035852590844e-12,2.2758127397897812e-09,-8.5711928006493299e-14,-5.8886340972667817e-09,-2.8677685603349545e-12,-1.0484722898912446e-12,-1.1368964513373755e-15,6.5477853197794431e-18,1.1301784865183356e-17,-7.6156888288727792e-18,-4.6362587558818777e-14,3.5626223219298341e-09,-8.0531682996199533e-08,3.9639755311515756e-08,-1.5222760395349192e-23,4.6791376432235168e-08,2.8838608038400659e-07,-1.2960868078781829e-07,0,0.0064879681107510023,0.049662942224763883,2.8634364587253233e-18,0.064397996190506512,0.011920423016593747,0.11296401091277293,5.856970711769804e-06,2.8933993791673546e-05,-0.0002041340410852948,-7.2577892300446588e-20,-0.00078591588583523306,0.00042405630952280774,-0.0005053258588623243,-3.8573214696614202e-08
15,5,lumen,0.016315789473684211,0.00165,0.015789473684210527,0.016842105263157894,0.0015,0.0018,1000047.0908108453,1.5971145075487498,15.575708151694853,2560.0451367915248,0.1539099668221037,1173,1173,4.2237498674448586e-05,0.20898131690250099,0.59999999999999998,2,500000,0.00035,0.0001,0.027135072302529355,0.20128340801778941,1.1844584977187958e-17,0.26333132314059499,0.047981748893795841,0.46010974942480498,2.3835052192508705e-05,0.026344696556712316,0.11192901174807582,5.76560406221104e-18,0.093198478412087463,0.37070918520717827,0.39780933526451351,9.2928114325639581e-06,0.24186115571000213,0.0017562905218780911,4.3401521556115969e-10,0.0019530351062936875,3.3866192817943155e-05,0.43621419462502325,7.741344229055482e-05,9.9219577472205252e-07,3.701392095393633e-10,1.9929610997290009e-12,1.2879682494215317e-10,3.3751201297892136e-11,9.8104622026773596e-08,0.31810295313260212,0,0,0,0,0,0,0,-3.7986461855425277e-10,2.6245915759745496e-12,4.3484137596380825e-11,-1.1471249268820855e-08,1.2994781032477087e-13,3.1313384540269246e-08,-3.5933888679751974e-12,-1.3567853437979061e-12,-1.4656695242391516e-15,8.6432076711700889e-18,2.9468980889461427e-18,-3.9895290331274818e-18,-6.0964966126700908e-14,-1.9503496998203975e-08,-8.0799017097236275e-08,2.274901045318245e-09,-2.8092985190596569e-23,4.7168536604128834e-08,2.8962735261484074e-07,-1.1645327724352228e-07,0,0.0064091241647019626,0.049690992756424711,2.9510943352325729e-18,0.065608225684256491,0.011702815006960968,0.11288899031418638,5.8795749144716083e-06,3.382637898460181e-05,-0.00023968381979766124,-9.0541286515375713e-20,-0.00095664765188847823,0.00050810538940188955,-0.00060165167659481384,-4.6212051669824553e-08
15,6,lumen,0.016315789473684211,0.0019499999999999999,0.015789473684210527,0.016842105263157894,0.0018,0.0020999999999999999,1000046.8473329615,1.6137881745295073,15.738320343388564,2539.4411088922539,0.15287021130131134,1173,1173,4.2307659792452607e-05,0.20726975483641824,0.59999999999999998,2,500000,0.00035,0.0001,0.026671385577856546,0.20065163128532473,1.2236463153123708e-17,0.2682287281543278,0.046751693523440642,0.45807343878354717,2.3856478513929981e-05,0.026164857584388211,0.11274257945704848,6.0185441894471975e-18,0.095922871435217757,0.36497675062888552,0.40018354262409417,9.3982703658922741e-06,0.24027623307060489,0.00179670787096031,4.3157737955639998e-10,0.0019670843696392255,3.48973640915198e-05,0.43735490621262257,7.858024678071477e-05,9.7930754306916091e-07,3.7038636271646389e-10,1.9750102506038352e-12,1.2765645858853426e-10,3.3602071909508321e-11,1.0030709824454838e-07,0.31849051028546221,0,0,0,0,0,0,0,-2.5264912086505407e-10,2.058928154133687e-12,1.7558947786389992e-11,-6.4416128600172421e-09,6.2224205822636325e-14,1.7852041669583207e-08,-2.8541311647779794e-12,-1.0874443706621051e-12,-1.1485393863476368e-15,6.928304150297217e-18,5.8229343031518584e-19,-1.497197800525078e-18,-3.0904589074712398e-14,-1.1173486025546563e-08,-8.1059694351758027e-08,1.4736165954154501e-08,-1.334459042037075e-23,4.8454985149787736e-08,2.9170948254164664e-07,-1.2305583124705421e-07,0,0.0063157130253133536,0.049710459104150007,3.0601252603371112e-18,0.067074067507616755,0.011442181278230554,0.11277966085559848,5.9057599536431582e-06,3.8153157671363499e-05,-0.00027556629009375103,-1.1180363373778391e-19,-0.001128208287866765,0.00059197103502604364,-0.00069772845674506755,-5.3776475375087551e-08
15,7,lumen,0.016315789473684211,0.0022499999999999998,0.015789473684210527,0.016842105263157894,0.0020999999999999999,0.0023999999999999998,1000046.5455225057,1.6344154408504306,15.939490666350435,2514.2359081089407,0.15160486593907055,1173,1173,4.2388387723776189e-05,0.20526711329325614,0.59999999999999998,2,500000,0.00035,0.0001,0.026129313562628917,0.19977261899636906,1.2713545017103902e-17,0.27379694809946759,0.045309055205331634,0.45541298907621108,2.3865260065982607e-05,0.025960727398221497,0.11368346290199952,6.3331280747657268e-18,0.099165713801874583,0.35823574531078384,0.40294482868248788,9.5219046325846189e-06,0.23840479230182526,0.0018459169038216449,4.2885372120783512e-10,0.0019836340034549912,3.615219510750621e-05,0.43867919100508584,7.9983406393690818e-05,9.6404737426809346e-07,3.7056838423147646e-10,1.9543777661326589e-12,1.2636470236659342e-10,3.3439354340224683e-11,1.029501505639403e-07,0.31896926222560579,0,0,0,0,0,0,0,5.0034835809684515e-12,9.1705150494870422e-13,-1.0923173153344903e-13,7.6990914529937041e-11,-2.4266287763918815e-14,-1.1865166162951246e-10,-1.4758399500340068e-12,-6.0992942467474887e-13,-5.7773878402451829e-16,2.7011048951371367e-18,5.5637747139804793e-18,-3.012831007673868e-18,6.4399933689432537e-14,3.7895672457628823e-11,-8.1417554636132455e-08,2.8879424462946446e-08,-3.0046393251968869e-24,5.265746138172143e-08,2.9690874850385462e-07,-1.3415220745383039e-07,0,0.0062068213859119339,0.049706919949509994,3.1938911869215126e-18,0.06877443781619684,0.011136111554836077,0.11260186754245169,5.9336005072513296e-06,4.1767560848137621e-05,-0.00032135103223970477,-1.3718901750538856e-19,-0.0012841421388168019,0.00067635514539979183,-0.00079968608152910668,-6.1209878094112889e-08
15,8,lumen,0.016315789473684211,0.0025499999999999997,0.015789473684210527,0.016842105263157894,0.0023999999999999998,0.0026999999999999997,1000046.1397462433,1.6580688678305771,16.170175162365172,2486.1603562521573,0.14998669169920265,1173,1173,4.2478694304062935e-05,0.20297000219200564,0.59999999999999998,2,500000,0.00035,0.0001,0.025533210448457185,0.19883615174049435,1.3302378639941841e-17,0.28004323176565277,0.043692086168027493,0.45245335643884965,2.3875463398527552e-05,0.02573561587041609,0.11478812574988985,6.722351168321912e-18,0.10289595561556572,0.35045073737408589,0.40611990154961108,9.6638404314600502e-06,0.23621609746672359,0.0019051416413021205,4.258846530428905e-10,0.0020027905373293047,3.767400193360717e-05,0.44022361942091315,8.1647716409491381e-05,9.4648516011431368e-07,3.7073394523099837e-10,1.9313745311498288e-12,1.2493886040606932e-10,3.326906063205056e-11,1.0611309530562703e-07,0.3195319756603755,0,0,0,0,0,0,0,-7.3693482281096923e-12,5.0123687283793628e-13,8.1458852632820652e-14,-1.5895069263009616e-10,-7.6363611614671534e-15,5.0570594391750878e-10,-9.5884323647739214e-13,-4.2041435437123464e-13,-3.588698011581041e-16,1.1699776613058651e-18,5.71982996210988e-18,-3.136816877044894e-18,9.7855493565838185e-14,-3.3867926545811066e-10,-8.1896740234451565e-08,1.5224501603849916e-08,-4.283102375915672e-24,6.6166781840771666e-08,3.1186092655510755e-07,-1.4790454294644206e-07,0,0.0060784954398198461,0.049647889549780402,3.354497003130957e-18,0.070606761497610041,0.010775827210331419,0.112257264810448,5.9572294970451893e-06,4.4413380689091704e-05,-0.00041000838161890093,-1.6857802892695685e-19,-0.001367975323281388,0.0007637792465624519,-0.00092801985789689001,-6.8353286114893781e-08
15,9,lumen,0.016315789473684211,0.0028499999999999997,0.015789473684210527,0.016842105263157894,0.0026999999999999997,0.0029999999999999996,1000013.8460161078,1.6845795439310263,16.429248806316927,2455.4809710103182,0.054229536812378888,1173,1173,4.2576353638586365e-05,0.20037200716834594,0.59999999999999998,2,500000,0.00035,0.0001,0.024894885074195936,0.19812226442905165,1.4032876868509909e-17,0.28639740291416649,0.04191115509241445,0.44937452724129401,2.3888133803682268e-05,0.025494250507301044,0.11620849612194943,7.2051261185436227e-18,0.10691663500556337,0.34155198153443139,0.40981881294855749,9.8238821972286843e-06,0.23362338061456261,0.0019761984444519221,4.2265314892757952e-10,0.0020246865069758523,3.9559116605962623e-05,0.44213136053729335,8.3609464852304902e-05,9.2711773808933451e-07,3.711897839035855e-10,1.9066274006248914e-12,1.2338754011241235e-10,3.3097284559212122e-11,1.1000229594317039e-07,0.32012016724298958,0,0,0,0,0,0,0,-3.9909545397635501e-12,3.8475159682000033e-13,-6.5946334655515748e-13,-7.2424110185875705e-11,-5.5879779969902899e-15,2.6682056672618082e-10,-7.8626178022145093e-13,-3.4740743268257823e-13,-2.8562025986017051e-16,7.5129700186197359e-19,4.4932288022697367e-18,-2.7201167270943503e-18,9.8772281324663043e-14,-1.8908993844208711e-10,-8.247632078206904e-08,-2.7530291879518387e-08,2.9743744961734471e-23,1.097407060060809e-07,3.57174025175655e-07,-1.9214530122546591e-07,0,0.0022072841296179244,0.01792545659133379,1.2750067875246322e-18,0.026105493448888191,0.0038207867851279519,0.040520583944279244,2.1603444803154188e-06,0,0,0,0,0,0,0
15,10,annular_channel,0.016315789473684211,0.0040000000000000001,0.015789473684210527,0.016842105263157894,0.0030000000000000001,0.0050000000000000001,99999.999303247314,0.020670849622909288,nan,nan,0.18386684580057233,1173,nan,nan,nan,nan,nan,nan,nan,nan,nan,nan,nan,nan,nan,nan,nan,nan,nan,nan,nan,nan,nan,nan,nan,nan,nan,nan,nan,nan,nan,nan,nan,nan,nan,nan,nan,nan,nan,nan,nan,nan,nan,nan,nan,nan,nan,nan,nan,nan,nan,nan,nan,nan,nan,nan,nan,nan,nan,nan,nan,nan,nan,nan,nan,nan,nan,nan,nan,nan,nan,nan,nan,nan,nan,nan,nan,nan,nan,nan
16,0,lumen,0.017368421052631578,0.00015000000000000001,0.016842105263157894,0.017894736842105262,0,0.00030000000000000003,1000035.6440803066,1.5726627831494573,15.337420577618294,2586.4853243015796,0.15528921189909956,1173,1173,4.217466302797453e-05,0.21129175984959214,0.59999999999999998,2,500000,0.00035,0.0001,0.025909033410067943,0.20431461961511663,1.1247759142014209e-17,0.25813958185354641,0.049884314996774322,0.46263024638066769,2.3922966021873767e-05,0.024769540744859188,0.11187644595477131,5.3913248489537789e-18,0.089963310564165622,0.3795122615733727,0.39386925676755336,9.184395277635795e-06,0.24376974105483418,0.0016920032136613433,4.0648550503093769e-10,0.0019262035395081257,3.2610576003666579e-05,0.43562806629828932,7.5459665050206539e-05,1.0214599051122056e-06,3.7288062061532847e-10,1.9551917150588098e-12,1.2235912945911389e-10,3.1964986992623328e-11,9.5582457511704785e-08,0.31687479767464488,0,0,0,0,0,0,0,1.3619606857335423e-11,1.1593941187005519e-14,-1.0480010495263217e-11,1.8037291312943259e-09,-2.925546090104536e-14,-4.8147966137061099e-09,1.3194935483027563e-12,9.3556174092512823e-13,6.523482965864655e-16,6.2545137521116119e-20,-6.8032232036550958e-19,-3.3344314821442002e-19,-3.8968122989458673e-13,3.0060795101020138e-09,-7.4164363730172544e-08,2.8074736646566123e-08,4.2989645559742176e-24,5.0914386449104597e-08,2.7343161924930914e-07,-1.2689293593659556e-07,0,0.0059707554523224004,0.050225912450379995,2.7951286604350159e-18,0.064309436300996697,0.012048683129115894,0.11259882686688821,5.865319138520208e-06,7.2914009702219566e-06,-4.3727780966517052e-05,-1.3900612059051348e-20,-0.00015731833284842676,8.5339258943502156e-05,-0.00010106564079896137,-7.8545346516751346e-09
16,1,lumen,0.017368421052631578,0.00045000000000000004,0.016842105263157894,0.017894736842105262,0.00030000000000000003,0.00060000000000000006,1000035.6151122834,1.5760860238240697,15.370806235846699,2581.822094335258,0.15511850613827335,1173,1173,4.2186798638180889e-05,0.21100551026933831,0.59999999999999998,2,500000,0.00035,0.0001,0.025812711106244838,0.20413873777297764,1.1303190250065333e-17,0.25884262712934558,0.04965178512219566,0.46209042720254218,2.3917010449082549e-05,0.02473117127943511,0.11202345532091249,5.429687704877361e-18,0.090404686931825018,0.37856546050454631,0.39426602386732723,9.2020959537814442e-06,0.24350697734233614,0.0016982331649952594,4.0592499016920494e-10,0.0019284725613553401,3.2773669747898931e-05,0.43582796683980352,7.564297324936362e-05,1.0193974268344927e-06,3.7296812473895186e-10,1.9517690765696832e-12,1.2212667824344399e-10,3.1927680959418318e-11,9.5940557865160041e-08,0.3169288171756286,0,0,0,0,0,0,0,1.5879107819882381e-11,9.2886680414269543e-13,-1.101415036295654e-11,1.9078295810259573e-09,-4.8472293887047435e-14,-5.0556275266438327e-09,7.676200106006656e-13,1.0038649599086735e-12,5.5766387363197139e-16,2.6057058352051435e-18,-1.2037383788476663e-18,-3.2297144749498673e-18,-5.8373563837405647e-13,3.1408641796369627e-09,-7.4170151363132236e-08,2.8360302384289326e-08,-4.3409480583989062e-24,5.0876118421040374e-08,2.7341164360317194e-07,-1.2696517392996043e-07,0,0.0059549380608654714,0.050233887909890897,2.8114940118915006e-18,0.064548736221809705,0.012005475909649841,0.11258686523483728,5.8699868788035833e-06,1.4501022023361056e-05,-8.6887221979596824e-05,-2.7670691733992162e-20,-0.00031613917140543672,0.00017053193865145585,-0.00020162121213326169,-1.5701750410732444e-08
16,2,lumen,0.017368421052631578,0.00075000000000000002,0.016842105263157894,0.017894736842105262,0.00060000000000000006,0.00090000000000000008,1000035.5561570199,1.5842624406009149,15.450547792888809,2570.4048464191733,0.15476917838274817,1173,1173,4.2211002938220149e-05,0.21043286180146054,0.59999999999999998,2,500000,0.00035,0.0001,0.025600141296722886,0.20361529928404998,1.1403267028447343e-17,0.26003766479267232,0.049148142321693296,0.46062823992138918,2.3885222647749879e-05,0.024654753263711492,0.1123158840753864,5.506179205515933e-18,0.091293243832633861,0.37666950489733309,0.39505737638965732,9.2375412781689535e-06,0.24298085361013963,0.0017108014087914806,4.0481128200088185e-10,0.001933014782516647,3.3102431182427588e-05,0.43622613553559542,7.6011727125854862e-05,1.015255288420363e-06,3.7313376740939872e-10,1.9449339734160668e-12,1.2166408138724266e-10,3.1853620755926351e-11,9.6659938894246345e-08,0.31703896765601369,0,0,0,0,0,0,0,2.6888750826518467e-11,2.7656410901388032e-12,-1.6527826857069975e-11,2.8593328098076352e-09,-9.7980434529687521e-14,-7.5074540755067087e-09,-7.6578857991374738e-14,1.3441071172737296e-12,5.4161491538721754e-16,7.6516797626709298e-18,-5.0298175569104355e-18,-8.5687720498348317e-18,-1.0292057484836008e-12,4.6348539587448728e-09,-7.4179346475685554e-08,3.0889511948295478e-08,2.4251979842362736e-24,5.0813599038627557e-08,2.7338854795971868e-07,-1.2786902392480926e-07,0,0.0059225287980968384,0.050248728660894401,2.8441729270388542e-18,0.06503140090208942,0.011918620050403672,0.11255928373759415,5.8792515192714408e-06,2.1754998165724885e-05,-0.00012901921193879883,-4.2480132978864753e-20,-0.00047842869189398837,0.0002555513483060689,-0.00030075593215057026,-2.3534826231460014e-08
16,3,lumen,0.017368421052631578,0.0010500000000000002,0.016842105263157894,0.017894736842105262,0.00090000000000000008,0.0012000000000000001,1000035.4685248677,1.5905172619389827,15.51154940914317,2563.1675449032118,0.15425169080612505,1173,1173,4.2247196019747123e-05,0.20957280750075641,0.59999999999999998,2,500000,0.00035,0.0001,0.025380602071279179,0.20360041575606683,1.1601330977707307e-17,0.26284370149912351,0.048584268441726301,0.46018906297796436,2.3928511987644025e-05,0.024539828153241194,0.11275108563806933,5.6239333293496504e-18,0.092642710870179584,0.37381809545680195,0.3962389890607822,9.290820925747557e-06,0.24218955489054353,0.0017299368077423162,4.0314083593317446e-10,0.0019398386535624181,3.3602420452383143e-05,0.43681996321623956,7.6570442639349159e-05,1.0089995899290534e-06,3.7335968480131327e-10,1.9346639955165434e-12,1.2097102532403853e-10,3.1742731696496155e-11,9.7747734020959126e-08,0.31720942589034773,0,0,0,0,0,0,0,2.3051375024663281e-11,4.1251551124169852e-12,-1.3204233710565075e-11,2.3054578282584453e-09,-1.2689480542726894e-13,-6.2346576610184529e-09,1.973146511461322e-12,3.6026268773747816e-12,2.112903083200962e-15,1.1435523638262844e-17,-1.9342505006803509e-17,-1.0875665364028427e-17,-2.0181068390271204e-12,3.9117947351337103e-09,-7.4206580199208394e-08,2.9741596907495449e-08,3.6628560859079455e-24,5.0711385507334093e-08,2.7335958528024173e-07,-1.272369784532934e-07,0,0.0058749355828915462,0.050268609307331437,2.8908234198747147e-18,0.065760397157731645,0.011789181936435519,0.11251804004526021,5.8931143074459127e-06,2.87612821404977e-05,-0.00016918768582981598,-5.8009662093968449e-20,-0.00064483097326595979,0.00034016145433892316,-0.0003979149113741835,-3.1314261515032169e-08
16,4,lumen,0.017368421052631578,0.0013500000000000001,0.016842105263157894,0.017894736842105262,0.0012000000000000001,0.0015,1000035.352505766,1.602841541379753,15.631743988907715,2547.2976048861697,0.15356794626954137,1173,1173,4.2295177430785058e-05,0.20842475691830012,0.59999999999999998,2,500000,0.00035,0.0001,0.025028976489815894,0.20306087395441241,1.1842560211807615e-17,0.26596984288643388,0.047718723000880293,0.45845566457930254,2.3926425190865156e-05,0.024387368496739521,0.11332365568794121,5.7853575037252754e-18,0.094470960321087566,0.37000340348579508,0.39780525001211237,9.3619963242392132e-06,0.24113113152327326,0.0017559953773173332,4.0093619081960209e-10,0.0019489650650495085,3.4281840075744163e-05,0.43760416337245084,7.7326253655412929e-05,1.0005712451631337e-06,3.7361567650860374e-10,1.920986997215856e-12,1.2005456008603654e-10,3.1596732623090056e-11,9.9213882068498323e-08,0.31744703585492656,0,0,0,0,0,0,0,2.7657780647123474e-11,1.7389743182544054e-12,-1.5670372157910321e-11,2.7523768788011077e-09,-8.458164724167716e-14,-7.2777625922254563e-09,1.8277670458184052e-12,2.1367512793857291e-12,1.2191646536218661e-15,4.7490096171327781e-18,-4.6689181645150609e-18,-5.4125920120234135e-18,-1.2227627089955297e-12,4.5090010611854013e-09,-7.4243877754009979e-08,3.090422368012824e-08,1.5883341865520153e-23,5.0632256354089526e-08,2.7339689136901546e-07,-1.2764430395995063e-07,0,0.0058122314982485225,0.050290756846818913,2.9672366262870646e-18,0.066743879137670173,0.011617467006443631,0.11246057466490091,5.911523531739292e-06,3.550357424612367e-05,-0.00020704419398813874,-7.5846875097855862e-20,-0.00081676779715948592,0.00042424886158660854,-0.00049293548666061947,-3.9044205092946789e-08
16,5,lumen,0.017368421052631578,0.00165,0.016842105263157894,0.017894736842105262,0.0015,0.0018,1000035.2040300425,1.6176162709365667,15.775837174805487,2528.8478908536918,0.15270647135042589,1173,1173,4.2354679374343845e-05,0.20698786085414314,0.59999999999999998,2,500000,0.00035,0.0001,0.024608135237495263,0.20245519515736043,1.2164623064989807e-17,0.27004164601530523,0.046670951201426336,0.45648754757414189,2.3933782983096595e-05,0.024198337884580104,0.11402714009268071,5.9974721159498231e-18,0.096801405120632511,0.36521494392212028,0.39974872177940252,9.4512005836911682e-06,0.23980235499978611,0.0017894762037256829,3.9822123666796847e-10,0.0019604210189974828,3.5152390819167696e-05,0.43857261556778926,7.8289031417165495e-05,9.8989818780462299e-07,3.7386327183396657e-10,1.9039359531373027e-12,1.1892265884306676e-10,3.1417609581367495e-11,1.0107275012469066e-07,0.31776059889219849,0,0,0,0,0,0,0,-1.4717623653963343e-10,4.6103604255759758e-12,6.7978887607195849e-11,-1.2309089681192671e-08,7.5311610246708849e-14,3.1796427332015861e-08,4.9851713086880216e-14,2.3671457589219402e-12,1.0534512317355993e-15,1.2401571921740578e-17,-1.6614083153714579e-17,-1.0900107510691254e-17,-1.7617741672188053e-12,-1.9413482210922035e-08,-7.4390924231435007e-08,-8.2341437557253983e-09,-8.2789343464329707e-24,5.0759980065466852e-08,2.7380386627418041e-07,-1.1277444228463551e-07,0,0.0057347777334038983,0.050305882546981297,3.0572066302045174e-18,0.067981950473921873,0.011403093425229769,0.11237261586219077,5.9337414405866957e-06,4.180952454230415e-05,-0.00024242575665112606,-9.4472405157201527e-20,-0.0009936109727072583,0.00050772052872202571,-0.00058571523373686753,-4.6687853076345161e-08
16,6,lumen,0.017368421052631578,0.0019499999999999999,0.016842105263157894,0.017894736842105262,0.0018,0.0020999999999999999,1000035.021960635,1.6354923939737971,15.950177349836473,2507.0110687360907,0.15165547175841596,1173,1173,4.242530834386816e-05,0.20526123542202046,0.59999999999999998,2,500000,0.00035,0.0001,0.024114045637853038,0.20169597835199266,1.2564932276327222e-17,0.2749739709275445,0.045430772284993981,0.45411218120263497,2.3941043075638783e-05,0.023974524998180299,0.11485493129107679,6.2632945245360239e-18,0.09965878804069879,0.35943892613377459,0.40206327099101324,9.5585452564834295e-06,0.23819792114873756,0.001831061392369978,3.9503439539686013e-10,0.0019742532223036035,3.6230421271468654e-05,0.43971944729566576,7.9472369503111296e-05,9.768938581601234e-07,3.7405773927335312e-10,1.883584155169573e-12,1.175878791201842e-10,3.1208585205439467e-11,1.0334529074565054e-07,0.31816053299122571,0,0,0,0,0,0,0,-2.5379714599986004e-10,5.14230388835889e-12,9.8177734716969512e-11,-1.821987517544114e-08,1.5440741133604385e-13,4.6801887996182623e-08,6.4287941565823035e-13,3.083028407221966e-12,1.555910472839932e-15,1.3521785098463197e-17,-2.5671247614177808e-17,-1.0386795321219765e-17,-2.1076202251174645e-12,-2.8433309734703941e-08,-7.4519860221574849e-08,-2.4091654560187692e-08,-9.4328030711962572e-25,5.1710317758117268e-08,2.7510374439598806e-07,-1.0791287402556193e-07,0,0.0056426464931233723,0.050308836857756618,3.1704216524653238e-18,0.069481292740312367,0.011146258284117912,0.11224721413122156,5.9594385949795039e-06,4.7659589780402222e-05,-0.00027753959253348591,-1.1653383103284055e-19,-0.0011717419149326722,0.00059071605290569342,-0.00067763716110069748,-5.4223800732771219e-08
16,7,lumen,0.017368421052631578,0.0022499999999999998,0.016842105263157894,0.017894736842105262,0.0020999999999999999,0.0023999999999999998,1000034.7961783628,1.6564743096772343,16.154807614728842,2482.0442886749288,0.15038581612847346,1173,1173,4.2506505398275811e-05,0.20324338447489876,0.59999999999999998,2,500000,0.00035,0.0001,0.023553601775149403,0.20079398505088622,1.3059966695502363e-17,0.28075647625417077,0.044008813783618379,0.45135460787329723,2.3948412237842642e-05,0.023717752621796071,0.11580821844669069,6.593576142902889e-18,0.10305998455941547,0.35265571429899895,0.40474864591809562,9.6841550032682273e-06,0.2363063896234221,0.0018816655403747138,3.9141078358697175e-10,0.0019905282154744092,3.754059984569667e-05,0.44104678447006557,8.0894422759013169e-05,9.6149440311240482e-07,3.7416730340041292e-10,1.860043201297529e-12,1.1606323266572384e-10,3.0973260626435205e-11,1.0606754069097697e-07,0.31865512865163947,0,0,0,0,0,0,0,6.0780740472719512e-11,2.3783440046543898e-12,-3.2943506580451286e-11,5.2696860441392171e-09,-1.4197779237001829e-13,-1.3478220069760086e-08,2.3417784014345711e-12,2.8306484760320938e-12,1.6903950153256127e-15,6.0167088870472748e-18,-1.8225742084426379e-17,-4.7330272081532435e-18,-1.6071493034608595e-12,8.1748931787949548e-09,-7.4534661001100441e-08,3.2640825264884654e-08,2.562858518022991e-24,5.5403916111127914e-08,2.7907611151872791e-07,-1.35241347010151e-07,0,0.0055358723603629372,0.050282932755523216,3.309964318892037e-18,0.07121592847896567,0.010844958819093489,0.11204986842711126,5.9865233652275945e-06,5.2743061476968372e-05,-0.00032127066411469728,-1.430239008197205e-19,-0.0013347332387679803,0.0006737958539321015,-0.00077470674714574643,-6.1586166980370584e-08
16,8,lumen,0.017368421052631578,0.0025499999999999997,0.016842105263157894,0.017894736842105262,0.0023999999999999998,0.0026999999999999997,1000034.4918028081,1.6811892380413365,16.395845569220342,2453.2773062143688,0.14876067091724524,1173,1173,4.2597241662196892e-05,0.20093240136939128,0.59999999999999998,2,500000,0.00035,0.0001,0.022927219074321312,0.19974009714331686,1.3665717965023687e-17,0.28713981654793402,0.042400191741345176,0.44810349714579423,2.3946983813951144e-05,0.023431474367278885,0.11691923551384835,7.002343938591425e-18,0.1069758478696218,0.34483481939306909,0.4078287947948937,9.8280612881642576e-06,0.23409967916625493,0.0019425359803451111,3.8739478497364185e-10,0.0020093515719988072,3.9126189360159779e-05,0.44258650642788755,8.2580084501657745e-05,9.4375026294092461e-07,3.7422916133118821e-10,1.8335895276915603e-12,1.1436716138762832e-10,3.0717217425329402e-11,1.0931612321510432e-07,0.31923916660472379,0,0,0,0,0,0,0,4.8790808242188656e-11,1.0519737936858729e-12,-3.1011333746762778e-11,4.4522740723695888e-09,-1.0095982209967769e-13,-1.1162456752976044e-08,2.4629586405768076e-12,2.2234961268019493e-12,1.4135657131715054e-15,2.5304889450125043e-18,-1.3874593313836959e-17,-2.0205074693632936e-18,-1.1613715201611243e-12,6.6879254076416164e-09,-7.4742629357395229e-08,1.783718506231935e-08,-1.6490181531851197e-23,6.809794983929393e-08,2.923938541565807e-07,-1.4732389375105015e-07,0,0.0054106861663122466,0.050192014693867262,3.4767670223255685e-18,0.073077944097381789,0.010490242158005902,0.11167716229073814,6.0088019729239104e-06,5.6692301748650228e-05,-0.00040554430028813358,-1.7511321934881552e-19,-0.0014270261884916713,0.00075931445824536535,-0.00089711049210741526,-6.8624850582707891e-08
16,9,lumen,0.017368421052631578,0.0028499999999999997,0.016842105263157894,0.017894736842105262,0.0026999999999999997,0.0029999999999999996,1000009.6641224157,1.7076033066712921,16.653862982754688,2423.7192823290111,0.05278182811896398,1173,1173,4.269526496076938e-05,0.19832392792611314,0.59999999999999998,2,500000,0.00035,0.0001,0.022273079652753835,0.19902277069909952,1.4424725747810499e-17,0.29388741572078531,0.040663313545633337,0.44503510421520204,2.3964415411026788e-05,0.023121162920958907,0.11833266525066077,7.5075756662244409e-18,0.11121272361948295,0.33591331955048132,0.411410138668661,9.9899897551202747e-06,0.23149626042634008,0.0020155207541735281,3.8299498746321536e-10,0.0020308718124582448,4.1083729885448101e-05,0.44447320865675749,8.456611866960095e-05,9.2411782683359948e-07,3.7453174987907161e-10,1.8048359192576567e-12,1.1251501304915933e-10,3.0447169869726114e-11,1.1329428533217557e-07,0.31985745018730916,0,0,0,0,0,0,0,3.5852864367344328e-11,5.5818012940900315e-13,-2.6942784380956445e-11,3.1845235159791611e-09,-6.7122631237925834e-14,-7.7595641984323088e-09,1.7374397432726134e-12,1.4607687889162113e-12,9.3064392051254478e-16,1.1231873692385391e-18,-9.7985043532497781e-18,-1.7236801107360384e-18,-7.6577929686308958e-13,4.5632062708778216e-09,-7.5013506772728458e-08,-2.7555334680684496e-08,2.0599268494744054e-23,1.1035471960217054e-07,3.3545765754788848e-07,-1.8857969463770274e-07,0,0.0017621171364408978,0.016056782463273758,1.1685841770613574e-18,0.02391802595779836,0.0033261584303431739,0.035780665973775883,1.9322285859278345e-06,0,0,0,0,0,0,0
16,10,annular_channel,0.017368421052631578,0.0040000000000000001,0.016842105263157894,0.017894736842105262,0.0030000000000000001,0.0050000000000000001,99999.999215787946,0.020670849604830694,nan,nan,0.19503349858638808,1173,nan,nan,nan,nan,nan,nan,nan,nan,nan,nan,nan,nan,nan,nan,nan,nan,nan,nan,nan,nan,nan,nan,nan,nan,nan,nan,nan,nan,nan,nan,nan,nan,nan,nan,nan,nan,nan,nan,nan,nan,nan,nan,nan,nan,nan,nan,nan,nan,nan,nan,nan,nan,nan,nan,nan,nan,nan,nan,nan,nan,nan,nan,nan,nan,nan,nan,nan,nan,nan,nan,nan,nan,nan,nan,nan,nan,nan,nan
17,0,lumen,0.018421052631578949,0.00015000000000000001,0.017894736842105262,0.018947368421052629,0,0.00030000000000000003,1000023.6838265441,1.6026512491408884,15.630070535897971,2540.0242086428402,0.15349445048314886,1173,1173,4.2343130006839771e-05,0.20845173895841015,0.59999999999999998,2,500000,0.00035,0.0001,0.022432450389184726,0.20617286440550281,1.1632431791172303e-17,0.26788395000885307,0.047958685184935457,0.45656535278167137,2.4000065211691248e-05,0.021855063384403739,0.11504806901985495,5.6820966747935824e-18,0.095140653822475857,0.37182422234596541,0.39612260162224061,9.3898050594464407e-06,0.24082084758123934,0.0017335206441245019,3.5796040297884628e-10,0.0019334616576236756,3.43578911157063e-05,0.43913691282945744,7.6523697645945204e-05,1.0212872032354528e-06,3.7880839069691582e-10,1.8370904176340779e-12,1.0896779239626008e-10,2.8814700011786452e-11,9.9677188475321995e-08,0.31626325385801313,0,0,0,0,0,0,0,-6.8712809887947808e-11,-4.5567834449955374e-12,-4.264176791905966e-11,9.5782507693072139e-09,-3.7592433506372647e-14,-2.4453662831203787e-08,-1.5963850989078472e-12,-3.6891119499504743e-12,-2.2514791558862184e-15,-1.0740693918968411e-17,5.4741177706085931e-18,1.3830614938251476e-17,1.977833555113166e-12,1.4994671101774265e-08,-6.5443335369114522e-08,4.3657460147006333e-08,-1.4605589886938727e-23,4.6283930957709479e-08,2.4277550533802206e-07,-1.2134763499593859e-07,0,0.0053698242265276253,0.050793876610292811,2.8990626756627834e-18,0.066497270336220188,0.011721127113177719,0.11222198382219269,5.919080598245033e-06,6.8383352487483835e-06,-4.0595674940103197e-05,-1.3839898220132079e-20,-0.00015899819153715502,8.3379259224665566e-05,-9.7314830679866402e-05,-7.6610015578756275e-09
17,1,lumen,0.018421052631578949,0.00045000000000000004,0.017894736842105262,0.018947368421052629,0.00030000000000000003,0.00060000000000000006,1000023.6645815962,1.6079727790862821,15.681969769818375,2532.5639902256253,0.15332776023650202,1173,1173,4.2354757178594538e-05,0.20817099749957974,0.59999999999999998,2,500000,0.00035,0.0001,0.022321037665562461,0.20573635932017459,1.1672673602521503e-17,0.26826664970532299,0.047679624388238709,0.4554937880335771,2.3965092604806918e-05,0.021818727039975557,0.1151856968015519,5.7206861231232937e-18,0.095592935329803702,0.37088810927214999,0.39650512430100554,9.4072555133787233e-06,0.2405637019160532,0.0017399083749468913,3.5743386611186467e-10,0.0019357004005682635,3.4525757783384713e-05,0.43932433796371995,7.6708929351592466e-05,1.0191463379420332e-06,3.7885657074045785e-10,1.8335709158258505e-12,1.087460438367929e-10,2.8777032280352227e-11,1.0003800009087569e-07,0.31632399659759158,0,0,0,0,0,0,0,-3.4741151709416899e-11,-4.4332493340917702e-12,-4.2955128513393529e-11,1.1174775594617582e-08,-6.4024848790700251e-14,-2.8919537954467944e-08,-1.8234302096992575e-12,-3.7770398787773107e-12,-2.3255919401830753e-15,-1.0440825684466285e-17,7.3688496167115859e-18,1.3279764794981494e-17,2.0049193203249124e-12,1.7830553991401768e-08,-6.5445954942509529e-08,4.8147473896698045e-08,8.1974015755978186e-24,4.6262812575256578e-08,2.4274628502435336e-07,-1.2292595946705731e-07,0,0.0053541686581968281,0.05079910323034225,2.9154530700879193e-18,0.066743652278226401,0.011678546243453228,0.11220770209449941,5.9237346839705967e-06,1.3636893653788793e-05,-8.0526874573785985e-05,-2.7751977829733392e-20,-0.00031961416186887916,0.00016662185715179918,-0.00019409800680589458,-1.5319096416500732e-08
17,2,lumen,0.018421052631578949,0.00075000000000000002,0.017894736842105262,0.018947368421052629,0.00060000000000000006,0.00090000000000000008,1000023.6253830214,1.613558407625955,15.736444976670329,2525.6905630718688,0.15299408332712763,1173,1173,4.2377954992713352e-05,0.20760931113425463,0.59999999999999998,2,500000,0.00035,0.0001,0.022169789948400416,0.20551063747065768,1.1789864999507584e-17,0.26988524389952118,0.047274417015758623,0.45479044165539745,2.3970867516488874e-05,0.021746162168381357,0.11545900887816667,5.7981924447503726e-18,0.096503767198529086,0.36901352290310174,0.39726809664311741,9.4422087037867665e-06,0.24004885439034365,0.0017527975450489536,3.5638442415260907e-10,0.0019401837194457493,3.4864076673671451e-05,0.43969736285348293,7.7081646023923216e-05,1.0148460228587543e-06,3.7894278380423994e-10,1.8265318723145244e-12,1.0830387584893974e-10,2.870199098146373e-11,1.0076260841221944e-07,0.31644773928618941,0,0,0,0,0,0,0,-1.0259779231784271e-10,-4.7448599180610755e-12,-8.7494135119166937e-11,2.0631996259498252e-08,-1.8146649547606808e-13,-5.3265917487324219e-08,-6.0244842181097683e-13,-3.0551965037733941e-12,-1.753592869991629e-15,-1.1102336812640739e-17,8.0406809022398445e-18,1.4098543902073882e-17,1.7874492351278681e-12,3.2830811138911273e-08,-6.5408557087948127e-08,7.2553116903240067e-08,6.7873149339336092e-23,4.6210302809466161e-08,2.4274847756911022e-07,-1.3233766416043125e-07,0,0.0053231538802499577,0.050806740050858189,2.9502838231569919e-18,0.067235426514956523,0.011593441157912141,0.11217496982355062,5.9327992648742024e-06,2.0097624217986698e-05,-0.0001187100292455436,-3.6803464077887418e-20,-0.00048233945151588228,0.00024947123001185876,-0.0002896451298999751,-2.2930304571962718e-08
17,3,lumen,0.018421052631578949,0.0010500000000000002,0.017894736842105262,0.018947368421052629,0.00090000000000000008,0.0012000000000000001,1000023.5671270916,1.6204892589955207,15.804039955716323,2517.7379104136876,0.15249720364486155,1173,1173,4.2412548685485501e-05,0.20676696629848063,0.59999999999999998,2,500000,0.00035,0.0001,0.021966144051110255,0.20534741869288972,1.1948112193260478e-17,0.27257286082270232,0.046712919015125955,0.45414509738712,2.4000970093346955e-05,0.021638958938899638,0.1158628636139107,5.9012576566557274e-18,0.097883441643434127,0.36619684452539258,0.39840839660276017,9.4946756027836742e-06,0.23927590238373758,0.0017724237138007307,3.5484233267220307e-10,0.0019469326123765776,3.5377774873580838e-05,0.44025104683964594,7.7646686368334328e-05,1.0083396206573373e-06,3.7904354388336081e-10,1.8160213994315445e-12,1.0765007430792825e-10,2.8591668031209736e-11,1.0185622468938416e-07,0.31663955892141066,0,0,0,0,0,0,0,1.9109353909941555e-10,-1.5757175933459224e-12,3.3123908745078989e-10,-8.5159498173433736e-08,1.179093823445998e-12,2.2173085433225062e-07,-3.1107226857332378e-12,-3.047767767327958e-12,-1.995235481358075e-15,-3.6875238647545299e-18,5.3431429746939241e-18,4.1514116135759537e-18,1.4609156932326247e-12,-1.3708859249196239e-07,-6.5845731053596271e-08,-2.0237821835022984e-07,4.7000001958747906e-22,4.6162265720701684e-08,2.4261202209718835e-07,-2.6518260864971666e-08,0,0.0052769898865843001,0.050816547898526562,2.9981370623600658e-18,0.067980881349331182,0.011466392777588158,0.11212627589748023,5.9464599908372985e-06,2.6237847044656465e-05,-0.00015448607807780064,-7.0793637387707272e-20,-0.00064881260601641047,0.00033181926450916253,-0.00038365926378710203,-3.0500879295963497e-08
17,4,lumen,0.018421052631578949,0.0013500000000000001,0.017894736842105262,0.018947368421052629,0.0012000000000000001,0.0015,1000023.490113223,1.6329914392317413,15.925970380374538,2502.2722444983183,0.1518374429075432,1173,1173,4.2458311841116676e-05,0.20564396836079646,0.59999999999999998,2,500000,0.00035,0.0001,0.021656507737730139,0.20470251846751375,1.2256477768830311e-17,0.27564006905777633,0.045878687431965916,0.45237957351053348,2.3992972866262786e-05,0.021498529001648208,0.1163900837522919,6.1002657014222929e-18,0.09974858723121495,0.36243185373608672,0.39992138153845253,9.5647403055126676e-06,0.23824353411244487,0.0017991528630177855,3.5283698682548753e-10,0.0019559742845582425,3.6074771872803264e-05,0.44097902132354155,7.8411418831727077e-05,9.9956481602425011e-07,3.791258016755136e-10,1.8020826307422565e-12,1.0679365336975986e-10,2.8448218838277584e-11,1.0332755302585979e-07,0.31690672746435722,0,0,0,0,0,0,0,-4.4538857356578112e-11,-8.3109363115992896e-12,-2.5187614273534311e-10,6.7528813417305345e-08,-7.7287362707650908e-13,-1.7583611612993592e-07,2.8297513208319751e-12,-2.4518039508369949e-12,-8.7988616298151565e-16,-1.9668902699080471e-17,1.9180489043481262e-17,2.0075139767145823e-17,2.1444311716844225e-12,1.0861028015816461e-07,-6.5300012069922225e-08,1.9520725236255032e-07,-1.0648682018397664e-22,4.6181833127277857e-08,2.4285562265358163e-07,-1.7926087686470638e-07,0,0.0052160319669525201,0.050825428435154696,3.0801209737883288e-18,0.068987492192086511,0.011297940138956755,0.11205990748274801,5.9646679543820367e-06,3.1941263850793886e-05,-0.00018751920152544041,-7.6429798438419051e-20,-0.00082018200172362344,0.00041350415039348692,-0.00047583993873816796,-3.8032179658212105e-08
17,5,lumen,0.018421052631578949,0.00165,0.017894736842105262,0.018947368421052629,0.0015,0.0018,1000023.3914294044,1.6496214151118225,16.088158062117788,2481.8225014005425,0.15100115508561127,1173,1173,4.2514935519506141e-05,0.20424030089691611,0.59999999999999998,2,500000,0.00035,0.0001,0.02126696911951214,0.20375722262183441,1.2562340155705344e-17,0.2793496260699338,0.04482453550101595,0.44992285279438077,2.3969143507889044e-05,0.021326831683406426,0.11703243141157424,6.3161733250539706e-18,0.10212049668946341,0.357710422718926,0.40180016494670839,9.6525499216146033e-06,0.23694944804455925,0.0018334976390107505,3.5040754338572995e-10,0.0019673454156450493,3.6966333921920074e-05,0.44187364246892963,7.9386053178842462e-05,9.8844538186786139e-07,3.7914731725068494e-10,1.7847845095241852e-12,1.0574684366280738e-10,2.8274630004158738e-11,1.051892124925235e-07,0.31725861954479861,0,0,0,0,0,0,0,4.7230619766930719e-11,-5.0338217297075748e-12,-4.2048727054598232e-11,1.3817497860296557e-08,-1.0048006263835285e-13,-3.6202986813688859e-08,7.7853013798575979e-13,-2.0845285133436198e-12,-9.0564697497238492e-16,-1.1949222463584868e-17,1.6294175678851247e-17,1.0118218771912958e-17,1.6270944706190986e-12,2.2385120992701601e-08,-6.5576537100226623e-08,5.5356808026374438e-08,-8.2845114066991611e-24,4.6465323377662338e-08,2.4329561900543473e-07,-1.259007629261788e-07,0,0.0051402710450841214,0.050822736011088367,3.1733103953517856e-18,0.070254048743363523,0.01108741462327675,0.11195846306463844,5.9865337639457571e-06,3.7183864724605986e-05,-0.00021752582486271846,-9.73596916887104e-20,-0.00099590201087073455,0.00049450669027650352,-0.00056598049804741006,-4.5485453452223111e-08
17,6,lumen,0.018421052631578949,0.0019499999999999999,0.017894736842105262,0.018947368421052629,0.0018,0.0020999999999999999,1000023.2703613362,1.6656768483283673,16.24474283317144,2463.6615665284353,0.14999395620601541,1173,1173,4.2582021655130204e-05,0.20255553884518152,0.59999999999999998,2,500000,0.00035,0.0001,0.020863523854165872,0.20308420473045632,1.2986258768044355e-17,0.28451965799507634,0.04368630865842707,0.44807004481249041,2.3997979480167205e-05,0.021125885408256714,0.11778117384239208,6.592863118066701e-18,0.10502280613310699,0.35202026264221159,0.40404011375112459,9.758222907910924e-06,0.23538895150446007,0.0018761648303276617,3.4759548778392709e-10,0.0019811042355647218,3.8068566221281961e-05,0.44292777891163682,8.0584751837281803e-05,9.748914262646745e-07,3.7905991952469679e-10,1.7642082464310931e-12,1.0452316138869786e-10,2.8074328856249947e-11,1.074606271716975e-07,0.31770626398688162,0,0,0,0,0,0,0,-7.4886357406320135e-11,-3.9811997386602051e-13,7.2427223131867048e-11,-2.217410629017454e-08,3.4025451726982237e-13,5.7914568507870176e-08,-3.1021151021467055e-12,-2.3340593780646346e-12,-1.5477805716164367e-15,-9.5585399651753095e-19,9.372676400949031e-18,3.8618050699448433e-19,1.111680534587957e-12,-3.5733619466444436e-08,-6.5798982109904411e-08,-3.9801181739296254e-08,3.2479157584359028e-23,4.7614051741138177e-08,2.4483244133455262e-07,-9.1166786120311372e-08,0,0.0050505722104374588,0.050802606998337885,3.2917007088780041e-18,0.071784000147120511,0.010835658814755011,0.11181576890947569,6.0116615601861718e-06,4.16905095319318e-05,-0.00024645073062965405,-1.2142693491974485e-19,-0.0011711528603307534,0.00057479898326180646,-0.00065536076123854812,-5.2808030340241113e-08
17,7,lumen,0.018421052631578949,0.0022499999999999998,0.017894736842105262,0.018947368421052629,0.0020999999999999999,0.0023999999999999998,1000023.1202202849,1.6858536951943712,16.441522779148489,2440.917213985756,0.14876537614587965,1173,1173,4.2658948483345559e-05,0.20058952590812504,0.59999999999999998,2,500000,0.00035,0.0001,0.020392584892773812,0.20210737424015054,1.3507220636351518e-17,0.29033649586975735,0.042344994891758601,0.44555928231663683,2.401106380543932e-05,0.020899155335053293,0.1186345232918002,6.9404111436826674e-18,0.10846813402851159,0.34534533635703146,0.40664296917402371,9.8818135796925759e-06,0.2335520556876497,0.0019280939976414452,3.444628217524644e-10,0.0019973339027642397,3.9405540465366952e-05,0.44414120679576774,8.2026286822572302e-05,9.5883430744690948e-07,3.788267817426792e-10,1.7405317401094659e-12,1.0314300121950012e-10,2.7852711458794021e-11,1.1017533641658976e-07,0.31825880792321887,0,0,0,0,0,0,0,-1.3650708098003345e-11,-7.1313154753066059e-13,1.0463427202238347e-11,-3.4129864716063269e-09,8.1751012209752005e-14,9.1952962178159375e-09,-4.4801530900981131e-12,-3.5268855978071167e-12,-2.4675145956853731e-15,-1.6808188781107252e-18,1.6656928886396929e-17,3.1330771741084962e-19,1.5734842514883377e-12,-5.7720550702954724e-09,-6.5903010154546443e-08,5.0801227113872471e-09,5.9152302563391632e-25,5.1619001964098258e-08,2.4930491087510331e-07,-1.1409855105171118e-07,0,0.0049456319953880539,0.050749215637684301,3.4378527928368246e-18,0.073557666389641521,0.010540204417147033,0.11159714789400786,6.0380936377554496e-06,4.5527248792645929e-05,-0.00028401035830891852,-1.4809604408586723e-19,-0.0013309845748179271,0.00065505126577504588,-0.00075017331047822367,-5.9985939644260746e-08
17,8,lumen,0.018421052631578949,0.0025499999999999997,0.017894736842105262,0.018947368421052629,0.0023999999999999998,0.0026999999999999997,1000022.9173633547,1.7107106584729712,16.683947157191163,2413.1130473156386,0.14717616884347895,1173,1173,4.2744717867565626e-05,0.19834086858031719,0.59999999999999998,2,500000,0.00035,0.0001,0.019856447549723589,0.20083267327921156,1.4130604578452112e-17,0.29655491080699298,0.040800819417442659,0.4423134638669961,2.4001203550725652e-05,0.020649748902893866,0.11962448084354886,7.3677811140089547e-18,0.11242487811832601,0.33765809282277404,0.40963277591291403,1.0023399543161343e-05,0.23141117022388913,0.0019905537959586002,3.4104908555743198e-10,0.0020161406032187623,4.1020877542468281e-05,0.44554551179138507,8.3735686597990279e-05,9.40338881095431e-07,3.7848630664387065e-10,1.7140351396069181e-12,1.0162372738777499e-10,2.7615054645395797e-11,1.1340946185900099e-07,0.31891081242257702,0,0,0,0,0,0,0,-2.0371438526278484e-11,2.324902986644831e-13,1.4315227379023695e-11,-4.4169846885072643e-09,8.67253317771155e-14,1.184311089539973e-08,-6.5895546603422261e-12,-4.465476382761735e-12,-3.2109213995134916e-15,3.7791146352295301e-19,1.8778865714222918e-17,-1.608239088178519e-18,1.8928207033672156e-12,-7.4112238016181253e-09,-6.6142533702243794e-08,-1.057536319626351e-08,-1.2128307076734642e-23,6.4862959897568627e-08,2.63260238921037e-07,-1.2657428161144679e-07,0,0.0048220003048409215,0.050622029650749009,3.6114908558493785e-18,0.075461282283723369,0.010192083468471107,0.11119260768604509,6.0591709229272806e-06,4.862973645407263e-05,-0.00036318162820017554,-1.8134134374010639e-19,-0.0014202194306010107,0.00073770577128265565,-0.00087069836571575482,-6.6878429312276781e-08
17,9,lumen,0.018421052631578949,0.0028499999999999997,0.017894736842105262,0.018947368421052629,0.0026999999999999997,0.0029999999999999996,1000005.9737076423,1.7385036582640732,16.955289588537859,2382.8624651022819,0.041365109755494449,1173,1173,4.2837186359853767e-05,0.19580502436626479,0.59999999999999998,2,500000,0.00035,0.0001,0.019284527109265152,0.19972558771460305,1.4901223597250238e-17,0.3028933650405658,0.039106236781094157,0.43893573354912369,2.3992611382879785e-05,0.020381147024596365,0.12089986354666242,7.8959485378752288e-18,0.11669532865344595,0.32889760383997124,0.41311587416501161,1.0182770312439962e-05,0.22888458267831815,0.002065419610954084,3.3733936900671773e-10,0.0020376732093365722,4.3014394258239898e-05,0.44727781236242065,8.5749830805403852e-05,9.1989070974302179e-07,3.7833864928020526e-10,1.6852906641386845e-12,9.9974672662407036e-11,2.7366344642540537e-11,1.1737216840728719e-07,0.31960470980632361,0,0,0,0,0,0,0,-1.0804455999238158e-10,4.5238862264463619e-13,5.0861192392986047e-11,-1.6357871966982833e-08,2.727414648295845e-13,4.2666241146897821e-08,-8.0322805842518787e-12,-5.3079545966894237e-12,-3.8141176916627107e-15,7.43293522141163e-19,2.2814044234568393e-17,-2.4094191910311088e-18,2.2900115649235026e-12,-2.6240857001520014e-08,-6.6480208592463452e-08,-8.4715753523312287e-08,3.0997845669843343e-23,1.0848160879409433e-07,3.0782683706209735e-07,-1.5855337504033784e-07,0,0.0013628591111208362,0.014229597213694089,1.0651562592986826e-18,0.021709809748847852,0.002830676247214108,0.031227935977778332,1.7099178697345676e-06,0,0,0,0,0,0,0
17,10,annular_channel,0.018421052631578949,0.0040000000000000001,0.017894736842105262,0.018947368421052629,0.0030000000000000001,0.0050000000000000001,99999.999126002585,0.020670849586271297,nan,nan,0.20586801547992903,1173,nan,nan,nan,nan,nan,nan,nan,nan,nan,nan,nan,nan,nan,nan,nan,nan,nan,nan,nan,nan,nan,nan,nan,nan,nan,nan,nan,nan,nan,nan,nan,nan,nan,nan,nan,nan,nan,nan,nan,nan,nan,nan,nan,nan,nan,nan,nan,nan,nan,nan,nan,nan,nan,nan,nan,nan,nan,nan,nan,nan,nan,nan,nan,nan,nan,nan,nan,nan,nan,nan,nan,nan,nan,nan,nan,nan,nan,nan
18,0,lumen,0.019473684210526313,0.00015000000000000001,0.018947368421052629,0.019999999999999997,0,0.00030000000000000003,1000011.7955340496,1.6199611314279381,15.799075296318767,2515.3383915795084,0.15252895263429628,1173,1173,4.2423731370637491e-05,0.20688276825617169,0.59999999999999998,2,500000,0.00035,0.0001,0.020974616979370503,0.20612307088007703,1.1937212244135421e-17,0.27217222500414534,0.046835569173647715,0.45418580289722787,2.4053506291843947e-05,0.020655709840336638,0.11626397419288781,5.8940219724118328e-18,0.097708865832150368,0.36704299797639206,0.39831893968872034,9.5124695130242741e-06,0.23929736113693037,0.0017660676627431235,3.383565126909279e-10,0.0019444129694378839,3.5371923365620358e-05,0.440573621039901,7.7457118175780292e-05,1.0133104864626134e-06,3.8038556546957028e-10,1.7810654228829393e-12,1.0338624108984712e-10,2.7510821361255768e-11,1.0195776697346076e-07,0.31630459202977285,0,0,0,0,0,0,0,-9.2703685313300837e-11,5.0769820068701885e-12,6.1988062312961759e-11,-7.590927320516511e-09,6.03000722271263e-15,1.8698971570359907e-08,1.9042660885276432e-12,4.1325779603917923e-12,2.4080547852001325e-15,1.1345751933274489e-17,-1.3462893373754071e-17,-2.460674173975701e-17,-2.2844520147176906e-12,-1.108616638790673e-08,-6.224758526273029e-08,-1.3892572758855692e-08,2.3587677434492837e-23,5.7377341849685369e-08,2.439812445062528e-07,-1.119725819842543e-07,0,0.0047905234542507565,0.051149160698974114,3.0344116246336936e-18,0.068983400644760787,0.011388758346275464,0.11177145894621605,5.9743263338825993e-06,7.7267054361348763e-06,-4.053026697639039e-05,-1.402573786512692e-20,-0.00016489063873747806,8.4245404537921964e-05,-9.7339856049277157e-05,-7.8725681876215979e-09
18,1,lumen,0.019473684210526313,0.00045000000000000004,0.018947368421052629,0.019999999999999997,0.00030000000000000003,0.00060000000000000006,1000011.785983714,1.622791610860258,15.826680404652999,2511.9063991857129,0.15236147007300768,1173,1173,4.2435503788346505e-05,0.20659736248935967,0.59999999999999998,2,500000,0.00035,0.0001,0.020896190763037635,0.20600786249431519,1.1995910797455002e-17,0.27301147337719345,0.046632542997078884,0.45382981414998086,2.405708621357608e-05,0.020614432019027535,0.11640202072628446,5.9333535331597719e-18,0.098181402348253122,0.36609045360665021,0.39870216079127474,9.5305085098736509e-06,0.23903544652891709,0.0017727284269235047,3.377492424063194e-10,0.0019466811560728515,3.5547498061861221e-05,0.44076165689310354,7.7648297044219584e-05,1.011114414327173e-06,3.804203459210134e-10,1.7772627705493024e-12,1.0314286616860017e-10,2.7466912055050376e-11,1.0233077549071742e-07,0.31636917690413263,0,0,0,0,0,0,0,-2.0240003669275078e-10,3.519983509855246e-12,2.304196837858596e-10,-2.4913538554608658e-08,2.6561153450288533e-13,6.1111178897236412e-08,1.1074977996182366e-12,2.7045410182224838e-12,1.5526649995144878e-15,7.8591661964632109e-18,-9.8823520071797045e-18,-1.7171439505479643e-17,-1.530567197537882e-12,-3.6231728784097747e-08,-6.2401418713265572e-08,-5.6280198945657389e-08,7.8594992066339637e-23,5.7338578016006632e-08,2.4395364391777141e-07,-9.4596696531557001e-08,0,0.0047750537832018007,0.051151747320969415,3.0515598980006481e-18,0.069236264966765756,0.011346863276732471,0.1117547140168436,5.9789454951341031e-06,1.5441574072069592e-05,-8.0408358141960499e-05,-3.1681758946659667e-20,-0.00033135078965190393,0.00016832540634320915,-0.0001940642925657866,-1.5737435562821895e-08
18,2,lumen,0.019473684210526313,0.00075000000000000002,0.018947368421052629,0.019999999999999997,0.00060000000000000006,0.00090000000000000008,1000011.7664713168,1.6304012070776999,15.900895202181374,2502.0918551041473,0.15202076689935626,1173,1173,4.245898900126081e-05,0.20602639670662865,0.59999999999999998,2,500000,0.00035,0.0001,0.020715309749467361,0.2055293750373394,1.2119001499172724e-17,0.27437051045601912,0.046173081288128311,0.45257744385074489,2.4035558800384779e-05,0.020531818824846136,0.1166762246854183,6.0223442963130333e-18,0.09913283040582993,0.36418319777992564,0.39946636167315125,9.5666308288056736e-06,0.23851097863677531,0.0017861693497381367,3.3653542323244412e-10,0.0019512221495284049,3.5901430413376497e-05,0.44113602478459757,7.803296483447333e-05,1.0067054586589799e-06,3.8047991202091124e-10,1.7696511820966788e-12,1.0265675565951911e-10,2.737917675440648e-11,1.0308000834487952e-07,0.31650056004982546,0,0,0,0,0,0,0,1.2986185764643874e-10,-3.2422506629655959e-13,-1.212932246304615e-10,1.2284169887000425e-08,-1.6286939245185872e-13,-3.0126771513898018e-08,3.0473278627183273e-13,-4.0463292438897014e-14,-1.0240064536338733e-16,-6.0932943604880801e-19,-2.5321853244277886e-18,1.9228705401386978e-18,-5.4622271313387806e-14,1.7834310736304789e-08,-6.2021017593156744e-08,3.5001388287714263e-08,7.41789642746245e-24,5.7267952064753199e-08,2.4362963206570054e-07,-1.3169423623837773e-07,0,0.0047438575239122094,0.051154241330496286,3.0895034255338993e-18,0.069742761674517706,0.011262764984415172,0.1117164073897137,5.9879690879977729e-06,2.3257886560666817e-05,-0.00011907634852807769,-4.6627902010652362e-20,-0.00050135982828280773,0.00025216376113485091,-0.00028935671223798468,-2.359458362091908e-08
18,3,lumen,0.019473684210526313,0.0010500000000000002,0.018947368421052629,0.019999999999999997,0.00090000000000000008,0.0012000000000000001,1000011.737489223,1.6382234178470498,15.97718373049263,2493.0147217444223,0.15151497301644018,1173,1173,4.2494103263761613e-05,0.20516907096578313,0.59999999999999998,2,500000,0.00035,0.0001,0.02049114646136057,0.20526145053504852,1.2324166338128557e-17,0.27703966038559602,0.045590802003671986,0.45170243256224407,2.4056597959035359e-05,0.020407081709255859,0.11708318129189201,6.1536805397034974e-18,0.10057746266931647,0.36131578374661649,0.40060686963960201,9.6209433171990468e-06,0.23772228778352436,0.0018066409193667975,3.3470497077834232e-10,0.0019580460823733666,3.6439601427763448e-05,0.44169363183368865,7.861597976345005e-05,1.0000490916301312e-06,3.8054442912431398e-10,1.758189310481444e-12,1.0192606446350593e-10,2.7247018598495278e-11,1.0421239955617541e-07,0.31670323269218459,0,0,0,0,0,0,0,4.7945834579242361e-11,1.8039635772377376e-13,-2.3800956003993855e-11,2.2413458410282521e-09,-3.4169065146749666e-14,-5.3543310846258102e-09,-1.0985917589167011e-12,-7.2536139421319756e-13,-5.8379502513642861e-16,5.411160207619524e-19,1.852929084775495e-18,-3.4417518335213907e-19,2.1032870994438232e-13,3.0903081757809736e-09,-6.2074622318849734e-08,1.030869811735613e-08,5.7186150746933134e-26,5.7144605980935909e-08,2.4341633063362789e-07,-1.2148435840630967e-07,0,0.0046978829894452874,0.051155721416401241,3.1460544933612398e-18,0.070507107612937575,0.011137549357613036,0.11165894404237638,6.0014569119323132e-06,3.1101308653711529e-05,-0.00015567651009453464,-6.4215009498741853e-20,-0.00067591998802489679,0.00033554227317988039,-0.00038242415061101403,-3.1410694107542497e-08
18,4,lumen,0.019473684210526313,0.0013500000000000001,0.018947368421052629,0.019999999999999997,0.0012000000000000001,0.0015,1000011.699256113,1.6492657822343311,16.084877766707152,2480.1605666771447,0.15084874613126206,1173,1173,4.2540680787301826e-05,0.20402468289570141,0.59999999999999998,2,500000,0.00035,0.0001,0.020187004129209842,0.2048167004087672,1.2602868298738919e-17,0.28054160158867236,0.044804922682563676,0.45036979062701815,2.4075836843565139e-05,0.020239699176859246,0.11761697931650479,6.3352583316183516e-18,0.10253533072848854,0.35748100431339352,0.40211729292551091,9.6935392430520601e-06,0.23666716982274216,0.0018345320685071559,3.3225406436522235e-10,0.0019671720599667114,3.7170918108042348e-05,0.4424292664090359,7.9404901752286273e-05,9.9109095557008476e-07,3.8058264682632498e-10,1.7428417754436135e-12,1.0095114212042984e-10,2.7070298281645571e-11,1.0573810634586168e-07,0.3169841861482231,0,0,0,0,0,0,0,2.1308620951842766e-10,-6.95781482198268e-13,-6.7850730666513262e-11,5.29501132521907e-09,-8.057790545912269e-14,-1.2740697059431677e-08,1.8081848815232284e-12,8.6136913574064167e-13,6.1400919928786138e-16,-1.4069624478786898e-18,-8.8002829525482153e-18,4.2929337119331039e-18,-3.2513723574995561e-13,7.298881707112448e-09,-6.1971985196307422e-08,1.7782643579877799e-08,-2.6627979884467657e-23,5.6997433150562594e-08,2.4300950132727372e-07,-1.2433212570606145e-07,0,0.0046374547576702122,0.051153744524809967,3.2231968592200225e-18,0.071537159952900928,0.010971905521634595,0.11158154260552906,6.0193975365004447e-06,3.8919776395446351e-05,-0.00018968538121438827,-8.1932930039894809e-20,-0.00085609197929817403,0.00041822850987810055,-0.00047274160057410113,-3.9166827629573699e-08
18,5,lumen,0.019473684210526313,0.00165,0.018947368421052629,0.019999999999999997,0.0015,0.0018,1000011.6503253769,1.6638096512014626,16.226721286768576,2463.2922074334456,0.1500024141234817,1173,1173,4.2598469129332082e-05,0.20259267688919963,0.59999999999999998,2,500000,0.00035,0.0001,0.019802526930980009,0.20415371935059606,1.2951849328812494e-17,0.28485956745201724,0.04381558773841069,0.44851080173369506,2.4089403850071564e-05,0.020029301582169253,0.11827010009137078,6.5680995439359016e-18,0.10503162550644952,0.35267030270195682,0.40398888558633306,9.7845317206388271e-06,0.23534247859505442,0.0018703825756732539,3.2918211381800172e-10,0.0019786243323434319,3.8107819211599076e-05,0.4433363947154596,8.0410064925497769e-05,9.7976501951995136e-07,3.8055391812898671e-10,1.7235812491347383e-12,9.9733923450492239e-11,2.6849189297562276e-11,1.0767123701549355e-07,0.31735251362303307,0,0,0,0,0,0,0,4.2922301294955593e-11,-5.954253343658217e-13,-9.2893948803507744e-12,4.0254907907769119e-10,-8.6069389462761769e-15,-8.8714548489472744e-10,9.6988564637159924e-13,2.8765076258430167e-13,1.8119954276419459e-16,-7.6306995171212399e-19,-6.5384644289173453e-18,2.6535930656999429e-18,-1.3345167838104275e-13,4.5044323800454041e-10,-6.195865924637188e-08,5.8699274330109574e-09,1.0114667695530169e-23,5.6985020859308066e-08,2.4286693209307764e-07,-1.1935546334607139e-07,0,0.0045619364134343258,0.051138215460752458,3.3225095787587552e-18,0.072834491300308266,0.010764932940389823,0.11146729755544001,6.040952258173494e-06,4.6827239218226131e-05,-0.00022129742580889614,-1.0375437568979961e-19,-0.0010427188412952869,0.00050010086809668044,-0.00056028867014838669,-4.685590666034886e-08
18,6,lumen,0.019473684210526313,0.0019499999999999999,0.018947368421052629,0.019999999999999997,0.0018,0.0020999999999999999,1000011.5902170594,1.6850087552917572,16.433471858762577,2438.0795138929479,0.14897033940571922,1173,1173,4.2667143502488074e-05,0.20087222517480616,0.59999999999999998,2,500000,0.00035,0.0001,0.019304910186339772,0.20289019939973643,1.3366553028330598e-17,0.28948077968360675,0.042553111869198565,0.4453044955306184,2.4052650115359461e-05,0.019774773937739427,0.11903571518223123,6.8647688305434273e-18,0.10809548607292147,0.34687270158990596,0.40621142913588026,9.8940813216376008e-06,0.23374269629010358,0.0019149129875440972,3.2547591774930795e-10,0.0019924303459536298,3.926770145259607e-05,0.44440956040390422,8.1645006446151998e-05,9.6600594671819703e-07,3.8041376515347075e-10,1.7003628297341692e-12,9.8273923356192654e-11,2.6583205609934816e-11,1.1003258668098402e-07,0.31781841039361514,0,0,0,0,0,0,0,-2.9575580913848288e-10,-2.4063526906981174e-12,2.0069091407760687e-11,2.2927325320281175e-09,1.2747940723867313e-14,-6.3136591503965694e-09,9.5117832932032701e-13,-8.028170142559965e-13,-4.8596183309433784e-16,-3.4294566806731265e-18,-5.2339363154779888e-18,7.2076395470258167e-18,4.5728202634630895e-13,4.2984020090558035e-09,-6.1901912983735111e-08,1.0576498676861945e-08,3.3246069503181531e-24,5.7619337670498827e-08,2.4341186093818079e-07,-1.2179373176657293e-07,0,0.0044721761377419129,0.051101851711143967,3.4473322713747237e-18,0.074399432092214141,0.01051729687586115,0.11130739684170902,6.0655539752609679e-06,5.4927312380201253e-05,-0.00025225056304856142,-1.2787155066183323e-19,-0.001232719845175631,0.00058121866529333766,-0.00064556241281755078,-5.4424202061456803e-08
18,7,lumen,0.019473684210526313,0.0022499999999999998,0.018947368421052629,0.019999999999999997,0.0020999999999999999,0.0023999999999999998,1000011.5157166155,1.7054286246550867,16.632623011788851,2415.6375983664984,0.14772012673595045,1173,1173,4.2746247041463282e-05,0.19886185547980256,0.59999999999999998,2,500000,0.00035,0.0001,0.018783919489999149,0.20193904195764714,1.3915048002102904e-17,0.29568728936094768,0.041219307334861996,0.44275369951533944,2.4072596916532288e-05,0.019474278598824966,0.11991345791657823,7.233069179633828e-18,0.11175112393643044,0.34007202366459455,0.40877909359497538,1.0022288596431346e-05,0.23185679159769332,0.0019690920468903982,3.2110706246757492e-10,0.0020086350291935819,4.0676377195553114e-05,0.44564987695446834,8.3127936886280299e-05,9.4976487231388378e-07,3.8012688059325494e-10,1.6731340533548722e-12,9.6567866373619044e-11,2.6271172073215486e-11,1.1285715948329039e-07,0.31839073660989448,0,0,0,0,0,0,0,2.264190184364718e-10,-5.2263146126640249e-12,8.3294691468248518e-13,-5.4391849173750952e-09,1.1716615091333926e-13,1.4434372615571012e-08,1.9912515143473569e-13,-2.8960646814707447e-12,-1.7593742188234606e-15,-8.2825416567985535e-18,-1.3731217038437983e-18,1.4510449577484749e-17,1.6586154389015217e-12,-9.2162906614841542e-09,-6.1778384615211387e-08,-1.3237934248788719e-08,-4.9364597929802813e-24,6.0582235382841884e-08,2.4580039753585581e-07,-1.1692024681764224e-07,0,0.0043690756642303236,0.05102696946796955,3.5991866656374791e-18,0.076200875543557339,0.010227736252558487,0.11106825811719487,6.0909733847916758e-06,6.2737055981126777e-05,-0.00029021837071861452,-1.5572429551698296e-19,-0.0014099304933539705,0.00066177106013696313,-0.00073354290831042471,-6.175028162452407e-08
18,8,lumen,0.019473684210526313,0.0025499999999999997,0.018947368421052629,0.019999999999999997,0.0023999999999999998,0.0026999999999999997,1000011.4149385279,1.7313427332986269,16.885358597185807,2387.1442345459841,0.14610260193252286,1173,1173,4.2834827288593353e-05,0.19656097863689156,0.59999999999999998,2,500000,0.00035,0.0001,0.018174212873071853,0.20060315103666154,1.4563903730668541e-17,0.30227796848112326,0.039667924756536778,0.43925110412050306,2.405945751573657e-05,0.019128473576226938,0.12093024423346863,7.6853783694990467e-18,0.11597791119617795,0.33224560234142259,0.41170759962722697,1.0169025477020504e-05,0.22965975761454469,0.0020342202569099328,3.1607445392024844e-10,0.0020273187506892284,4.2377553064055529e-05,0.44708382995387819,8.4883478891148396e-05,9.3109248127782883e-07,3.7971753530077702e-10,1.6420227905050511e-12,9.4622538783907703e-11,2.5914675152148343e-11,1.1621739003153484e-07,0.31906656426417979,0,0,0,0,0,0,0,-3.0275690201885675e-10,-1.2039778857790886e-11,-3.3243327942330662e-11,1.25413783658933e-08,3.0389970054334192e-14,-3.1283424943399918e-08,-1.3966437422039061e-12,-7.8294959491437277e-12,-4.8789492594799611e-15,-1.9180457429672226e-17,1.1330400454691592e-17,3.3018436291628168e-17,4.4683163369987281e-12,1.9094818878543302e-08,-6.1621610877990105e-08,2.1209840161962035e-08,2.2914819821102093e-23,7.1731774628157037e-08,2.5684507401479983e-07,-1.4592689889791899e-07,0,0.0042495530342663082,0.050871644077903941,3.7793667010837065e-18,0.07812106827942937,0.0098870991691398635,0.11063977843390402,6.1104518704030321e-06,6.9723283618396329e-05,-0.0003651496593210106,-1.9201033410556258e-19,-0.0015219795569988701,0.00074364474703774081,-0.00084364631347710124,-6.8692044864447076e-08
18,9,lumen,0.019473684210526313,0.0028499999999999997,0.018947368421052629,0.019999999999999997,0.0026999999999999997,0.0029999999999999996,1000002.7564289068,1.7590653085920462,17.155878578173056,2357.8816521855601,0.040486037805691891,1173,1173,4.2930748253650654e-05,0.19396797604631499,0.59999999999999998,2,500000,0.00035,0.0001,0.017525189557566268,0.19954484970312758,1.5384369570292633e-17,0.30935681984410313,0.037996405373518255,0.43587629842766124,2.4063943393915429e-05,0.018740885377365412,0.12221946491990893,8.2484022860704038e-18,0.12059551543037085,0.32334410565234195,0.41508969475040125,1.03338696114654e-05,0.22707855125425275,0.0021121880206031451,3.1037390920615361e-10,0.0020486198119614237,4.4468402237727408e-05,0.4488334248816731,8.6947867923216566e-05,9.1041600759930116e-07,3.7944907878401385e-10,1.6075197968489412e-12,9.2450131947407844e-11,2.5517855766321444e-11,1.2031064628012005e-07,0.31979476822529607,0,0,0,0,0,0,0,-8.3877402793345628e-11,-1.7114388225044392e-11,-1.9975720371976223e-11,7.1350431528055654e-09,1.9245878762202961e-13,-1.7142588793145688e-08,-3.8666019571971757e-12,-1.2160635562766253e-11,-7.5589551165868893e-15,-2.6708342025261828e-17,3.223417179965774e-17,4.2788612991771061e-17,7.1587179057744097e-12,1.0137196748362436e-08,-6.1487209765788767e-08,-3.2335766841917746e-08,2.0224126627484822e-23,1.1099035809743276e-07,2.9555074167880724e-07,-1.796311175361609e-07,0,0.0010752790267468616,0.01228631939356801,9.4877903383849278e-19,0.019221419811745133,0.0024213843026838957,0.026788016495159595,1.4815785247497677e-06,0,0,0,0,0,0,0
18,10,annular_channel,0.019473684210526313,0.0040000000000000001,0.018947368421052629,0.019999999999999997,0.0030000000000000001,0.0050000000000000001,99999.999033718224,0.020670849567195337,nan,nan,0.21643961753532895,1173,nan,nan,nan,nan,nan,nan,nan,nan,nan,nan,nan,nan,nan,nan,nan,nan,nan,nan,nan,nan,nan,nan,nan,nan,nan,nan,nan,nan,nan,nan,nan,nan,nan,nan,nan,nan,nan,nan,nan,nan,nan,nan,nan,nan,nan,nan,nan,nan,nan,nan,nan,nan,nan,nan,nan,nan,nan,nan,nan,nan,nan,nan,nan,nan,nan,nan,nan,nan,nan,nan,nan,nan,nan,nan,nan,nan,nan,nan
19,0,lumen,0.020526315789473684,0.00015000000000000001,0.019999999999999997,0.021052631578947371,0,0.00030000000000000003,999999.99999999988,1.6631976995538982,16.220942051759661,2455.4615492793882,0.15007506435797544,1173,1173,4.2632356941392819e-05,0.2030146103345381,0.59999999999999998,2,500000,0.00035,0.0001,0.017193577536687422,0.20647615464262911,1.2622511342793959e-17,0.2851390945401468,0.044214957596290162,0.44665905997230754,2.414821768658757e-05,0.017384281299323276,0.11957292893710295,6.3988069579079882e-18,0.10509724668197279,0.35575806795160386,0.40217767020284451,9.8049271526261506e-06,0.23552525831909132,0.0018392548606392422,2.8468802737219432e-10,0.0019626996768999159,3.7886671100378959e-05,0.44433471528366031,7.9416748889305644e-05,1.0001240987784276e-06,3.8504018481996558e-10,1.6340298685351475e-12,8.8317604712920486e-11,2.3919176835211838e-11,1.075117336709639e-07,0.31621966002028823,0,0,0,0,0,0,0,3.9560307585514973e-09,-1.4429398005386685e-12,2.9480838716923306e-10,-6.9295986508137318e-08,6.2466741848621332e-13,1.6083743578643173e-07,-1.5872438505905825e-12,-2.0217002984906918e-12,-9.8782169561129703e-16,-6.2667564419988772e-18,-1.6012783568615368e-18,-5.8984346157953965e-18,8.8649653603819124e-13,-9.5788746865251372e-08,-5.3024479326627474e-08,-1.5197958297408221e-07,-2.6455794472576111e-23,4.387232962728085e-08,2.0008418061961963e-07,-2.7306516714453721e-08,0,0.0042915943552146452,0.051537377713274601,3.1506356551903572e-18,0.071172001636564106,0.01103625246295613,0.11148811213910678,6.0275038450328375e-06,7.6522226027508793e-06,-3.6706221691631047e-05,-1.5313042796353742e-20,-0.00016706149199360808,8.0784510865947098e-05,-9.0158235680291052e-05,-7.5779269487371524e-09
19,1,lumen,0.020526315789473684,0.00045000000000000004,0.019999999999999997,0.021052631578947371,0.00030000000000000003,0.00060000000000000006,999999.99999999988,1.6658696637191768,16.247001356616195,2452.4538508000464,0.14991613616907692,1173,1173,4.2643478217514658e-05,0.20273809545094715,0.59999999999999998,2,500000,0.00035,0.0001,0.017125084813916433,0.20636298459451494,1.2688060387119001e-17,0.28600355499737545,0.04402875269390847,0.44633747648055871,2.4152824430489733e-05,0.017342845864480937,0.11969938203007681,6.4423693456575604e-18,0.1055852245231524,0.35482897060915169,0.40253375442066536,9.822552472797984e-06,0.2352705887413874,0.001846119910453568,2.840735753989828e-10,0.0019648805260025115,3.8068323898814259e-05,0.44450861089606647,7.9609016660221505e-05,9.979091082514968e-07,3.8503067438350107e-10,1.6300915714170172e-12,8.8076713663250466e-11,2.3872207041807655e-11,1.0788602297018102e-07,0.31629101600771642,0,0,0,0,0,0,0,1.8127913391381883e-09,-1.1640329759546484e-11,1.3962486703789762e-10,-3.2477324174982645e-08,3.7957419325718167e-13,7.5625214321925829e-08,1.7637052506673284e-12,-5.7326541517271901e-12,-3.0811469860800757e-15,-2.0524270587989907e-17,-1.7537263000663969e-17,3.2416855846399253e-17,3.1406357614050582e-12,-4.5088214176401092e-08,-5.2839624462355794e-08,-6.6668879472597808e-08,5.941325002304484e-25,4.3745880335820282e-08,2.0093640906715393e-07,-6.3967932006914197e-08,0,0.004276831411291788,0.051537245171745384,3.1687256326987786e-18,0.071426740424659879,0.010995773426376478,0.11146865315945866,6.0319443271773486e-06,1.5206869459449959e-05,-7.2526331892924008e-05,-3.2083287768467848e-20,-0.00033515133331286944,0.00016121726096333879,-0.00017941720596128827,-1.5117655250119151e-08
19,2,lumen,0.020526315789473684,0.00075000000000000002,0.019999999999999997,0.021052631578947371,0.00060000000000000006,0.00090000000000000008,999999.99999999988,1.6715097054461003,16.302007920205401,2446.0401139166847,0.14959415278470678,1173,1173,4.2665630246041193e-05,0.20218563792899616,0.59999999999999998,2,500000,0.00035,0.0001,0.01698614955534903,0.20609654351672954,1.2824685797279247e-17,0.28768701104266375,0.04365041776546006,0.4456151356611151,2.4157640176875716e-05,0.017260384253886017,0.11994957103665413,6.533787406756422e-18,0.10656629172573163,0.35297096038333553,0.40324293482713863,9.8577732539899919e-06,0.23476136965459204,0.0018599592866820167,2.8285249267414287e-10,0.0019692441506365963,3.843391458553967e-05,0.44485389175121198,7.9995536006190424e-05,9.9346472395085455e-07,3.8500048394118054e-10,1.6222280346103771e-12,8.7597618426596178e-11,2.3778798876578412e-11,1.0863648581663814e-07,0.31643600282422429,0,0,0,0,0,0,0,-2.1241627296405154e-09,-4.3170471642588252e-11,-1.7020760133200649e-10,3.9440440221474845e-08,1.7849654046497854e-14,-9.0778042009190957e-08,9.5565852737675246e-12,-1.9243137465430049e-11,-1.1565748409986894e-14,-6.3563897417377351e-17,-6.1118904126953333e-17,1.6932737225706399e-16,1.0592938169918758e-11,5.3674229990883591e-08,-5.2471951778390591e-08,9.9941891484878198e-08,-8.3937315875412531e-24,4.3486953784622804e-08,2.0246168423027067e-07,-1.3556579336881924e-07,0,0.0042473540533116217,0.05153404464189703,3.2067880378675223e-18,0.071935584250897966,0.010914703077395744,0.11142520831457231,6.0405715014669439e-06,2.2489926865512612e-05,-0.00010650327446840037,-4.9025573262283746e-20,-0.0005050058742592352,0.00024089856941235201,-0.00026691389935618569,-2.2571419971351144e-08
19,3,lumen,0.020526315789473684,0.0010500000000000002,0.019999999999999997,0.021052631578947371,0.00090000000000000008,0.0012000000000000001,1000000,1.6799519835118391,16.384344315527446,2436.5414286524401,0.14911666747734162,1173,1173,4.2698612779044842e-05,0.20135864524265135,0.59999999999999998,2,500000,0.00035,0.0001,0.016781086844264503,0.20569032636259202,1.3033790107644389e-17,0.29022615411534547,0.043088266439162907,0.44453730129412933,2.416482061273032e-05,0.01713813531416802,0.12031778398778722,6.6738578929920991e-18,0.10804983613345347,0.35018501651707878,0.40429931754084819,9.9105066643786854e-06,0.23399803974279212,0.0018809939143763247,2.8104727104771856e-10,0.0019757957817683942,3.8987944665778115e-05,0.4453652561557242,8.0580322751896855e-05,9.8676160421970306e-07,3.8492672407945212e-10,1.6104827752992063e-12,8.6887558268734498e-11,2.3640485708747472e-11,1.0976661815252527e-07,0.31665924883158542,0,0,0,0,0,0,0,-3.7290432401693956e-09,-4.8629294780014972e-11,-3.194052111323782e-10,7.482762101107603e-08,-2.7964306217875823e-13,-1.7370541250988532e-07,1.0190403345713829e-11,-2.1959965096352008e-11,-1.3262125954395478e-14,-7.1024850197716974e-17,-6.0845796889711724e-17,1.8404907134559207e-16,1.2205122155915859e-11,1.0297472653715615e-07,-5.2241096934035197e-08,1.8316917443916836e-07,-2.5734712557913299e-23,4.3106787961198389e-08,2.0263707135176334e-07,-1.7049035760940967e-07,0,0.004203810621165668,0.051527245324377267,3.265079657655568e-18,0.072704217583329428,0.010793991699439785,0.1113605242632596,6.0535012119956118e-06,2.9400978311413545e-05,-0.00013780646076105044,-6.5961768662435209e-20,-0.00067768885437117143,0.00031947459871654399,-0.00035191356759858757,-2.9906595277913155e-08
19,4,lumen,0.020526315789473684,0.0013500000000000001,0.019999999999999997,0.021052631578947371,0.0012000000000000001,0.0015,999999.99999999988,1.6934255900306474,16.515750576267482,2420.8783334997452,0.14848756268467928,1173,1173,4.2742133405620777e-05,0.20025915720539456,0.59999999999999998,2,500000,0.00035,0.0001,0.016491807125628061,0.20486416134269686,1.3296590680470931e-17,0.29324700241948715,0.042292280309369427,0.4425215859319947,2.4142225973608153e-05,0.016977783023049545,0.12079562266162801,6.8630281640533972e-18,0.11005008860002174,0.34647259568012601,0.40569392938479831,9.9806503763704291e-06,0.23298106248993566,0.0019095656218227309,2.7868860026949427e-10,0.0019845428742738423,3.9737383666287436e-05,0.44603499284547066,8.1369538621073523e-05,9.7775831076466275e-07,3.8477556268571613e-10,1.5949178818695411e-12,8.5956636883563223e-11,2.3459404434385941e-11,1.1128184218786849e-07,0.31696763943158135,0,0,0,0,0,0,0,3.9436360734532391e-09,-3.9262450209873662e-11,3.7917195454997711e-10,-8.6697732267284298e-08,1.2894827349993476e-12,2.0434182914762927e-07,4.9492110963526956e-12,-1.9900666834923864e-11,-1.2157650163915933e-14,-5.8570698724516396e-17,-3.9824136125736036e-17,1.3568319015916303e-16,1.0928317216047284e-11,-1.2192489677625333e-07,-5.284020684437167e-08,-1.9450817795307884e-07,7.8332810690069263e-24,4.2635078676907018e-08,1.9803623774877765e-07,-8.3961865238180167e-09,0,0.0041469084145726847,0.051513633893778145,3.343462809014251e-18,0.073737732476378076,0.010634505469922031,0.11127322035434924,6.0706264191564844e-06,3.5728046456969721e-05,-0.00016536009839349518,-8.6083386107046564e-20,-0.00085326795566171925,0.00039656292060939605,-0.00043379087094960495,-3.706609015429282e-08
19,5,lumen,0.020526315789473684,0.00165,0.019999999999999997,0.021052631578947371,0.0015,0.0018,999999.99999999988,1.7070046673444113,16.648185479395359,2406.2818450837926,0.14769278121466681,1173,1173,4.27957759986528e-05,0.19889016418863048,0.59999999999999998,2,500000,0.00035,0.0001,0.016172027811307638,0.20420291356541925,1.3667619417089972e-17,0.29761328818719618,0.041394370994865433,0.44086531418544078,2.4159841302754892e-05,0.01678208056975564,0.12137122386540658,7.1111026663385004e-18,0.11258427191877085,0.34183589589554719,0.40741645972751195,1.0068023007785236e-05,0.23171096783870451,0.0019461547743978768,2.7582625226180308e-10,0.0019955012348018357,4.0691864629194651e-05,0.44685277827049807,8.237189260336694e-05,9.6639923825775886e-07,3.8450165350887118e-10,1.5756419143107737e-12,8.4820764042522369e-11,2.323906943024092e-11,1.1318957391432282e-07,0.31737045376558976,0,0,0,0,0,0,0,-6.6190422999486836e-10,-3.9587317874146181e-11,-6.9321458994390961e-11,1.580472393293289e-08,2.6237009526780541e-13,-3.5770597688533287e-08,2.5021256328819838e-12,-2.1742694667273299e-11,-1.3598342938436375e-14,-5.7967106338546443e-17,-2.7460228748739415e-17,1.3692179170636327e-16,1.1796245836630141e-11,2.0743882181147167e-08,-5.228439466488724e-08,4.5922890046234954e-08,-4.4172310568924222e-24,4.2211121470946291e-08,1.9959279554115916e-07,-1.1036627756144668e-07,0,0.0040771665913370654,0.051482059439724524,3.4457745139113255e-18,0.075031960734470923,0.01043602870702897,0.11114755374210906,6.0909923579727512e-06,4.0931018510167681e-05,-0.00018857895337162308,-1.0728985033175573e-19,-0.001029721935198838,0.00047163259269369142,-0.00051218101069338358,-4.3961196065565057e-08
19,6,lumen,0.020526315789473684,0.0019499999999999999,0.019999999999999997,0.021052631578947371,0.0018,0.0020999999999999999,999999.99999999988,1.7251205915296972,16.82486763600393,2386.6090317121943,0.14673191180814338,1173,1173,4.2858911651565337e-05,0.19725655469819903,0.59999999999999998,2,500000,0.00035,0.0001,0.015787290161617052,0.20315662507557941,1.4115589790141294e-17,0.30254975099852427,0.040293947992065017,0.43841953941182105,2.4153694987155137e-05,0.01655669558688487,0.12203082207332741,7.4221179393479521e-18,0.11566632992924446,0.33627993129886918,0.40945604882829295,1.0172283381208931e-05,0.23018829721104644,0.0019913968435710853,2.7255760753043836e-10,0.0020087028736249725,4.1864157140258939e-05,0.44780632671496007,8.359901037289125e-05,9.5262052339218441e-07,3.8405082277886138e-10,1.552892356717978e-12,8.3509499412079557e-11,2.2986430854558436e-11,1.1550012676891657e-07,0.31787874430397689,0,0,0,0,0,0,0,-1.1263517298459899e-09,-3.7001367053917347e-11,-1.3502548456151171e-10,3.1424253513073104e-08,6.7712003538888954e-14,-7.2704385881703151e-08,4.2681389004722525e-13,-2.1503169253880849e-11,-1.3518958305551628e-14,-5.2968371590801961e-17,-1.2014795217857247e-17,1.2526418390467139e-16,1.1735709547763526e-11,4.2587797191278504e-08,-5.2123192178198108e-08,8.2566160741759376e-08,-1.1419774698245381e-23,4.2406155989958953e-08,1.9973464222833304e-07,-1.2608535909786056e-07,0,0.0039962405869450697,0.051425085769795965,3.573082666534851e-18,0.076584491836982002,0.010199616826302172,0.11097724432574987,6.1140306692427533e-06,4.426218086718692e-05,-0.00020874848173651567,-1.3092886935416771e-19,-0.0012009422781840474,0.00054425784304102244,-0.00058916496105462725,-5.0509969557082141e-08
19,7,lumen,0.020526315789473684,0.0022499999999999998,0.019999999999999997,0.021052631578947371,0.0020999999999999999,0.0023999999999999998,999999.99999999988,1.747250355645942,17.040696230190292,2362.8950282893702,0.14556475745737923,1173,1173,4.2930579151181213e-05,0.19536566153214235,0.59999999999999998,2,500000,0.00035,0.0001,0.015356456963842852,0.2017902924949922,1.465444526027423e-17,0.30808278058381555,0.039018411933980493,0.4353539943507958,2.4130637899359905e-05,0.016311457850329513,0.12276497952903999,7.8042987093657436e-18,0.11929253283830965,0.32981195692033399,0.41180877992405729,1.0292937929504614e-05,0.22841068978675416,0.0020461193763932251,2.6904667807587368e-10,0.0020242048855325301,4.3273244743610006e-05,0.44888776340581577,8.5066200656812714e-05,9.3638092479388861e-07,3.8337765969527244e-10,1.5271211692075736e-12,8.2071600403440387e-11,2.2713516443565489e-11,1.1823418689960217e-07,0.31850182772625518,0,0,0,0,0,0,0,-4.2942763046835207e-10,-4.0685967192092194e-11,-5.8223594059954543e-11,1.3874013976896058e-08,3.47219323605652e-13,-3.1019237964682866e-08,-2.3297600035349535e-12,-2.5435576388177505e-11,-1.6308891185345823e-14,-5.5530159455608971e-17,9.0865604044065295e-18,1.378861206836287e-16,1.3876781373880394e-11,1.7687118769282485e-08,-5.2149706149771935e-08,3.7985084633263e-08,2.0608840019009526e-24,4.5253310904551197e-08,2.0208269222582453e-07,-1.1133189842249536e-07,0,0.0039057316912859486,0.051322954392881363,3.7271833865085245e-18,0.078357181119243571,0.0099238677510715013,0.11072709653453286,6.137339973431663e-06,4.4745115555001378e-05,-0.0002343529968454742,-1.5907740992624949e-19,-0.0013469075384090854,0.00061464737342887231,-0.00067125740611110717,-5.6584668227104257e-08
19,8,lumen,0.020526315789473684,0.0025499999999999997,0.019999999999999997,0.021052631578947371,0.0023999999999999998,0.0026999999999999997,999999.99999999988,1.7705115130008644,17.267559149500649,2339.2274247238174,0.14404894554718553,1173,1173,4.3009234590334972e-05,0.19322663532549689,0.59999999999999998,2,500000,0.00035,0.0001,0.014922735878641872,0.20048464205086985,1.5329228199573093e-17,0.31450543426952132,0.037644382790134032,0.43244074269843452,2.4128900494001133e-05,0.016061785480073806,0.12359444538307249,8.272340604172814e-18,0.1234006950643811,0.32243383257692643,0.41449881227861274,1.0429216933481351e-05,0.22636157471722748,0.0021114594549078267,2.6553848296155061e-10,0.0020421202856854711,4.4956184265026212e-05,0.45011665529037986,8.6795255522897354e-05,9.1774777888292037e-07,3.8250525705442761e-10,1.499123121714881e-12,8.0579890446874951e-11,2.2439237258857773e-11,1.2145209719405729e-07,0.31923539885957342,0,0,0,0,0,0,0,1.0800484510932291e-09,-2.9843922316976786e-11,1.8432808623137081e-10,-4.1755270618110652e-08,9.322988344870331e-13,9.9542868960654507e-08,-4.3889085857406928e-12,-2.0217717474138586e-11,-1.2641247822175366e-14,-3.9789291578640766e-17,2.1429014412776887e-17,9.3898413696273738e-17,1.1284819244599797e-11,-5.9009728923030162e-08,-5.2437310027768011e-08,-1.0490207719149325e-07,6.3174822890435044e-24,5.7620203353641977e-08,2.1383388516121871e-07,-6.8116116580529962e-08,0,0.0038058992819365481,0.05113166656744144,3.9095712121326121e-18,0.08021156550553725,0.0096008353022565742,0.11028982389694798,6.1538424194367659e-06,4.0432929806988865e-05,-0.00029958300063260803,-1.9374259803463771e-19,-0.0014006889936812566,0.00068463341858406143,-0.00078291740771784142,-6.1977056226983473e-08
19,9,lumen,0.020526315789473684,0.0028499999999999997,0.019999999999999997,0.021052631578947371,0.0026999999999999997,0.0029999999999999996,999999.99999999988,1.7976887276637168,17.532614845701168,2311.8610829711797,0.029433174509266559,1173,1173,4.3091744395759007e-05,0.1908508169992883,0.59999999999999998,2,500000,0.00035,0.0001,0.014489061670367873,0.19915992333343516,1.614704133321055e-17,0.32059344996424283,0.036119649119322202,0.42914041058231034,2.4107358053864032e-05,0.015834391182582532,0.12466241444143135,8.8474234824925831e-18,0.12772027267780769,0.3141229644697151,0.41764937737805768,1.057985040565232e-05,0.22397267752504202,0.0021891291639244501,2.6242027351047482e-10,0.00206268233356381,4.7010081774835722e-05,0.45162123533500459,8.8820742060817897e-05,8.9721503718033298e-07,3.8173886467804727e-10,1.470502505112696e-12,7.9151678419735191e-11,2.219601548324427e-11,1.2535882860232094e-07,0.320017421497786,0,0,0,0,0,0,0,-7.2100964386357662e-11,-3.3374153623686004e-11,-1.2857467204332597e-11,2.92484863134674e-09,4.4887531192028263e-13,-5.243528610658979e-09,-6.4027730868664398e-12,-2.3257872624332654e-11,-1.4349067763235227e-14,-4.1146199324325826e-17,4.6291288163747145e-17,1.0062626616060461e-16,1.3439963470331658e-11,2.4527986027579955e-09,-5.2457131854023037e-08,-4.5795703396134257e-08,3.2922371952214795e-23,1.0351860460367369e-07,2.6095848115054165e-07,-1.5891081223129433e-07,0,0.00076664068203944073,0.010537887334107182,8.5436718141163643e-19,0.01696313996927892,0.0019111515338839328,0.02270654266951953,1.2755609604713679e-06,0,0,0,0,0,0,0
19,10,annular_channel,0.020526315789473684,0.0040000000000000001,0.019999999999999997,0.021052631578947371,0.0030000000000000001,0.0050000000000000001,99999.998940906269,0.020670849548010316,nan,nan,0.22657471261287254,1173,nan,nan,nan,nan,nan,nan,nan,nan,nan,nan,nan,nan,nan,nan,nan,nan,nan,nan,nan,nan,nan,nan,nan,nan,nan,nan,nan,nan,nan,nan,nan,nan,nan,nan,nan,nan,nan,nan,nan,nan,nan,nan,nan,nan,nan,nan,nan,nan,nan,nan,nan,nan,nan,nan,nan,nan,nan,nan,nan,nan,nan,nan,nan,nan,nan,nan,nan,nan,nan,nan,nan,nan,nan,nan,nan,nan,nan,nan
