axial_index,radial_index,region,z,r,z_left,z_right,r_inner,r_outer,pressure,density,mean_molecular_weight,cp_mass,velocity_axial,gas_temperature,solid_temperature,viscosity,thermal_conductivity,porosity,tortuosity,specific_surface_area,particle_diameter,pore_radius,Y_CH4,Y_CO,Y_O2,Y_CO2,Y_H2,Y_H2O,Y_AR,X_CH4,X_CO,X_O2,X_CO2,X_H2,X_H2O,X_AR,theta_H(s),theta_O(s),theta_CH4(s),theta_H2O(s),theta_CO2(s),theta_CO(s),theta_OH(s),theta_C(s),theta_HCO(s),theta_CH(s),theta_CH3(s),theta_CH2(s),theta_COOH(s),theta_Ni(s),wdot_CH4,wdot_CO,wdot_O2,wdot_CO2,wdot_H2,wdot_H2O,wdot_AR,sdot_H(s),sdot_O(s),sdot_CH4(s),sdot_H2O(s),sdot_CO2(s),sdot_CO(s),sdot_OH(s),sdot_C(s),sdot_HCO(s),sdot_CH(s),sdot_CH3(s),sdot_CH2(s),sdot_COOH(s),sdot_Ni(s),sdot_gas_CH4,sdot_gas_CO,sdot_gas_O2,sdot_gas_CO2,sdot_gas_H2,sdot_gas_H2O,sdot_gas_AR,axial_flux_CH4,axial_flux_CO,axial_flux_O2,axial_flux_CO2,axial_flux_H2,axial_flux_H2O,axial_flux_AR,radial_flux_CH4,radial_flux_CO,radial_flux_O2,radial_flux_CO2,radial_flux_H2,radial_flux_H2O,radial_flux_AR
0,0,lumen,0.0005263157894736842,0.00050000000000000001,0,0.0010526315789473684,0,0.001,1000226.6595434076,1.5991179703381224,15.592446948933407,3033.799648766857,0.14209555161168766,1173,1173,3.9654258374430598e-05,0.19226575017465466,0.59999999999999998,2,500000,0.00035,0.0001,0.17925511540101727,0.032875838322733102,9.7901079142871369e-17,0.080497454752393616,0.0246314803815827,0.67986454268949448,2.2713803236264608e-05,0.17422089866080517,0.018301134057441191,4.7706649877447108e-17,0.028520354762681836,0.19050845789857254,0.58844028944473026,8.8651757689603952e-06,0.25673367672620212,0.0074829589502881915,4.2500011039773875e-09,0.0042779210637189568,2.3548626304567191e-05,0.26028280398568204,0.00023647888540335901,8.3903684913416865e-08,6.4253702373412569e-11,1.4698106976109564e-11,1.2254290467123476e-09,3.7897457442228615e-10,4.8987817643672221e-08,0.47096247293754739,0,0,0,0,0,0,0,1.7601704605390456e-12,-7.1903681464371884e-14,-2.4582844135691891e-13,-2.6354972750732082e-12,6.0780373789537379e-16,3.6876311466232936e-12,6.6223657846637493e-14,-1.6273874609007422e-15,-3.7155868475303793e-18,-8.1354350617932532e-20,3.4958472483838566e-19,-5.7281885188021518e-19,8.6736806281816228e-17,-2.5602339668590231e-12,-1.733256013242146e-06,7.3241964428094608e-07,9.5030421051780146e-22,1.0008329280936906e-06,6.2006007887221992e-06,-2.7340865483838073e-06,0,0.037431897182609961,0.010796713003013615,1.6044164742924393e-17,0.023148660071582512,0.0066058234972586867,0.14947228342013666,5.1856240404236519e-06,5.0414160966657464e-06,3.5570902475012391e-07,3.3991148226753049e-20,1.5800569004186031e-05,-1.2662886691286289e-05,1.9495838404718994e-05,7.9956946048529635e-10
0,1,lumen,0.0005263157894736842,0.0015,0,0.0010526315789473684,0.001,0.002,1000224.8922435556,1.5943719556274996,15.54619766746246,3042.0337715700994,0.14215340966198589,1173,1173,3.9650003310998558e-05,0.19241643986172807,0.59999999999999998,2,500000,0.00035,0.0001,0.17969183131977839,0.032966026507170433,9.7488833769084944e-17,0.08031065720430694,0.024779613542933541,0.6815060310066996,2.2764560227180097e-05,0.17412732836287456,0.018296906975768606,4.7364856558053119e-17,0.028369773266876636,0.19108569953461041,0.58811143322775206,8.8586321177621007e-06,0.25702160622922443,0.0074532764597597728,4.2460523574004563e-09,0.0042738525480689373,2.3449673511727047e-05,0.26021328602775845,0.00023589716264432679,8.4150963293666212e-08,6.4310790504002413e-11,1.4661456959534123e-11,1.2237561131759179e-09,3.7811669342823565e-10,4.8855898477942944e-08,0.47077849296527274,0,0,0,0,0,0,0,-6.7562058169668298e-12,3.0703169526429964e-13,6.6266038867411235e-13,1.4431249771954894e-11,-8.7722797775802164e-16,-1.3632516339748268e-11,-2.8025497821699647e-13,-2.3104348295666099e-16,6.2167359159354779e-18,3.7413828885231517e-19,-1.9498111147559081e-18,2.8258791354865854e-18,-1.4341913881264406e-14,5.2837137797677488e-12,-1.7282088667011641e-06,7.2893547893582156e-07,9.9303354599470365e-22,9.9928637305936591e-07,6.1839145223258063e-06,-2.7275090200840069e-06,0,0.037440590226680559,0.010774301234607831,1.6053276348536679e-17,0.023188464758274855,0.0065843726344019665,0.14951910783381037,5.1887611361667264e-06,3.4258760667791731e-05,-2.0099063970076701e-05,6.3810227455638747e-20,-2.2283072922473964e-05,-2.2660183167195119e-05,5.0180384088134294e-05,-6.3604249920171826e-10
0,2,lumen,0.0005263157894736842,0.0025000000000000001,0,0.0010526315789473684,0.002,0.0030000000000000001,1000191.3752003592,1.5944072609692983,15.547062892678596,3039.649391765056,0.14306509552038144,1173,1173,3.9657190494552027e-05,0.19257587690297595,0.59999999999999998,2,500000,0.00035,0.0001,0.17902586783561464,0.033394293501409898,9.6163607001889987e-17,0.080907033718274013,0.024912065058865764,0.68048619979453118,2.2776661196400501e-05,0.17349164287581292,0.018535636605604706,4.6723596663704337e-17,0.028582034167512871,0.19211777889716614,0.58726404361950757,8.8638343956363141e-06,0.25708319673263125,0.0073845479700370082,4.2201166134156253e-09,0.00425716631931325,2.3535903391775297e-05,0.26138422468243844,0.00023434819473021885,8.5611541679766177e-08,6.5163298523396932e-11,1.4530360328213094e-11,1.2151712943422061e-09,3.7486719435720636e-10,4.9166754066385017e-08,0.46963283952931462,0,0,0,0,0,0,0,-1.9297656081996415e-12,7.3206114637858013e-15,-1.2361577137597898e-13,4.7687296388770398e-12,2.2768245622195593e-18,-2.9943164918042053e-13,-6.2195621860689003e-15,-1.159554223473247e-16,1.7645902795591061e-19,9.3004569160282512e-21,-5.4528573160108137e-20,8.4096144155816112e-20,-8.8532136836665216e-16,-2.416210176127912e-12,-1.7083788555714852e-06,7.0779428729128568e-07,9.9438554458054354e-22,1.0005849923403213e-06,6.1257228986116852e-06,-2.708968740550155e-06,0,0.03768141541319104,0.010417448062117762,1.6794081627854996e-17,0.023157417222623582,0.0060298044847730088,0.14979379804869408,5.1867717300887053e-06,0,0,0,0,0,0,0
1,0,lumen,0.0015789473684210526,0.00050000000000000001,0.0010526315789473684,0.0021052631578947368,0,0.001,1000215.9683922625,1.5054453822068776,14.679234801538048,3047.2462353135165,0.15079688285945922,1173,1173,3.9982206344624084e-05,0.20858451825955726,0.59999999999999998,2,500000,0.00035,0.0001,0.14465195967135258,0.065638293848250692,3.5415553231705015e-17,0.12701904369921871,0.038777945700307188,0.6240696782638222,2.2798860366015273e-05,0.13235554949313699,0.034399140570182875,1.6247053613181058e-17,0.042367296842183495,0.2823564335595744,0.50851320231778796,8.3772171344234747e-06,0.26979776225359847,0.003766715055382782,2.7871803164209877e-09,0.0031912185940728378,2.2311216040898343e-05,0.31652650111401975,0.00014491352343783972,2.3258346364286936e-07,1.2691610369081662e-10,7.9841683427993962e-12,7.6541398940805594e-10,2.097292942734327e-10,5.6441525429124223e-08,0.40655028532123438,0,0,0,0,0,0,0,1.4933483304479078e-13,6.1795649486998086e-15,4.1116615092103123e-15,1.5354840359284664e-13,3.9931166012641128e-16,-2.2456382456695345e-12,-7.9521694584325564e-15,-2.8861461831564128e-16,8.2853148638126685e-18,-1.0202393976440759e-20,1.7521960120557647e-20,-1.4846858019561155e-20,8.8977471589645857e-16,1.9396418348134691e-12,-7.9541673541835833e-07,4.5371178764019859e-07,-5.7087664636540691e-22,3.4170718829390336e-07,2.7279573108496269e-06,-1.1371240730140286e-06,0,0.030756135248646111,0.017488089026513068,6.7869620526375422e-18,0.031163029064785224,0.0093775347697545464,0.13891266450751011,5.1953486103174722e-06,-1.9230654699127459e-05,-1.3025597002981625e-06,-4.0511164258699785e-20,-4.7277403641500583e-05,5.8327652032125435e-05,-0.00010550127199818587,-4.6191706045941401e-09
1,1,lumen,0.0015789473684210526,0.0015,0.0010526315789473684,0.0021052631578947368,0.001,0.002,1000214.20994341,1.5132321557716,14.755187693002508,3034.764368082846,0.15045508608699817,1173,1173,3.9999585959267457e-05,0.20796139674565584,0.59999999999999998,2,500000,0.00035,0.0001,0.14427842876789621,0.065328387041939606,3.6067496801945681e-17,0.12765762442819131,0.038248864824270028,0.62283764032881161,2.2778162273568322e-05,0.13269683329313728,0.034413874062296748,1.66317483883204e-17,0.042800613712667517,0.27994502952697697,0.51013523648728309,8.4129176382520484e-06,0.26899338587783644,0.0038162439294789608,2.7980052963660807e-09,0.0032055668350436887,2.261395606799208e-05,0.31673526826596904,0.00014619064216367806,2.3026558241599974e-07,1.2659168810851355e-10,8.0442705795431081e-12,7.687518239331186e-10,2.1122138693481041e-10,5.6963079966694801e-08,0.40708043935216276,0,0,0,0,0,0,0,3.3565528331758127e-13,1.1102379835434016e-13,-7.3588238865109821e-14,-6.1428626488656517e-12,6.3523405285925705e-16,1.0330269517404289e-11,-1.1058263402571948e-13,-3.4564365258837881e-16,-1.4784036960760203e-17,1.6042563104643042e-19,-1.0463417022586461e-18,1.2407454830257055e-18,3.635498388220805e-15,-4.4538827916435472e-12,-8.0289809186936956e-07,4.5183905930668011e-07,-5.2077956843159615e-22,3.5104877199296074e-07,2.7597431591086519e-06,-1.1539407996918882e-06,0,0.03074915764307776,0.017457431674148982,6.9654513322927863e-18,0.031557169670845792,0.0092456557589498251,0.13904019481479218,5.209090394780199e-06,-7.2305192868421503e-05,-1.6268705039130726e-05,-1.6238370273164639e-19,-0.00019285146009345405,0.00021936542256018108,-0.0003821550461029715,-1.6794180809939398e-08
1,2,lumen,0.0015789473684210526,0.0025000000000000001,0.0010526315789473684,0.0021052631578947368,0.002,0.0030000000000000001,1000180.7836620574,1.5294223343617575,14.913552894683484,3014.5680745435338,0.14679725854230846,1173,1173,4.0066998466025326e-05,0.20557845595418922,0.59999999999999998,2,500000,0.00035,0.0001,0.14413245602422664,0.06498198159789384,3.9010251226431039e-17,0.13155072910189589,0.036608058371923428,0.62332806365571725,2.2885849951223808e-05,0.1339853522880973,0.034598793993628654,1.8181806522291096e-17,0.044579262350776035,0.27081161453439517,0.51601643342049253,8.5434126104472004e-06,0.26574573188518774,0.0040082170708424601,2.8376862307582284e-09,0.003256886421135489,2.3877042234627256e-05,0.31791658311821591,0.00015101680645668785,2.2239136652500129e-07,1.2573110176760613e-10,8.2748535365511625e-12,7.8112124540230906e-10,2.1689969456969223e-10,5.9157091672147137e-08,0.40889740213775594,0,0,0,0,0,0,0,6.2952930615780233e-13,1.5708303218531863e-14,-2.2204066071611242e-13,4.2190361139427839e-12,-6.5485811218124468e-17,-4.7957754304231437e-12,-1.5859613912704199e-14,4.8333732849403788e-16,-1.1238946926728029e-18,2.7836850660305618e-20,-1.5915823525163433e-19,2.0358372780759636e-19,1.240435575052924e-15,1.6769799255046637e-13,-8.3120993548020661e-07,4.37807644332322e-07,-4.6801131820152079e-22,3.9340730728686364e-07,2.8870374729345061e-06,-1.2246216843925239e-06,0,0.030602051134569087,0.016857883844780062,7.6566107887093787e-18,0.032107364379889362,0.0084419699462594828,0.13786068377338281,5.1726292616876988e-06,0,0,0,0,0,0,0
2,0,lumen,0.002631578947368421,0.00050000000000000001,0.0021052631578947368,0.0031578947368421052,0,0.001,1000204.7025141604,1.4614794987983104,14.250694589117328,3037.9468238676959,0.15584201520585661,1173,1173,4.018215653950889e-05,0.21658087471564536,0.59999999999999998,2,500000,0.00035,0.0001,0.12253920090335549,0.090785774892038679,2.2648995477521047e-17,0.14864411142335504,0.046592182376300459,0.59095139623064674,2.2818782919267382e-05,0.1088492630597899,0.046189230668432682,1.0087002853317456e-17,0.048132923592105227,0.32935067524063127,0.46746976767668091,8.1397623598960346e-06,0.27152106336398879,0.0027663564238696163,2.1359303365326582e-09,0.0027336522844116787,2.2009835825007495e-05,0.34400282763559326,0.00011494212606458027,3.6899035919363369e-07,1.7150221209761079e-10,5.8586176573811877e-12,5.8266310908717024e-10,1.5210750282381988e-10,6.0116214419957879e-08,0.37883871617561149,0,0,0,0,0,0,0,3.9462083700254484e-12,-4.4488786422761287e-14,-5.3426529858539233e-13,-3.976538309406314e-12,2.4763177619568921e-16,3.464614988131498e-12,3.5192902470537703e-14,3.4809394949819605e-15,1.38535759210923e-18,-1.3283369047092586e-19,7.5289937995545951e-19,-9.4590351942729093e-19,1.0089252750853732e-14,-2.9042052237865473e-12,-5.2509507975084802e-07,3.5556164793004719e-07,-1.5850357075023539e-22,1.6953048767367111e-07,1.7448153315224868e-06,-6.9462212270998691e-07,0,0.026381268274258293,0.022761584327194048,4.6534177851002431e-18,0.035347305180052642,0.010975118401214939,0.13275346258694012,5.2156961249585412e-06,-2.7965430175800753e-05,-1.5065488060968184e-05,-4.5959657923537705e-20,-0.00012231439988011624,0.00012053571161305309,-0.00020280214419547335,-9.6650692679960841e-09
2,1,lumen,0.002631578947368421,0.0015,0.0021052631578947368,0.0031578947368421052,0.001,0.002,1000202.9768202207,1.472336020091876,14.356579871954462,3021.672627733315,0.15506295498596992,1173,1173,4.0225380188634429e-05,0.21529309806418259,0.59999999999999998,2,500000,0.00035,0.0001,0.12217721588830717,0.090440787255223559,2.3425685359477021e-17,0.15091187738863826,0.045585793564229649,0.59032095830553299,2.285215973010967e-05,0.10933409950966189,0.046355601067906399,1.0510429493049757e-17,0.049230348823117637,0.32463099520401323,0.47044074315859474,8.2122367061822483e-06,0.27006274004834585,0.0028295870045822961,2.1493737672550016e-09,0.0027560657254491971,2.2593702769313011e-05,0.34467845019367715,0.00011672385858905323,3.6337653640918367e-07,1.7119520719917984e-10,5.923580701418898e-12,5.8640088315039538e-10,1.5380073507362292e-10,6.1267713615747075e-08,0.37953341175564287,0,0,0,0,0,0,0,2.2563708007810516e-13,-7.9863575035534101e-15,8.6024696086937252e-14,1.5605030281124878e-12,1.4777675610977425e-16,-5.7789816768766267e-12,5.5811556225392014e-15,-2.4913881721544406e-15,-3.3448413950568152e-18,-2.6064616197910756e-20,5.5384084708641106e-20,-1.1591581776677627e-19,-1.0504038101608211e-15,3.9126473880669883e-12,-5.3299073940124564e-07,3.5441047671613823e-07,-4.1787610112102884e-23,1.7858595905392579e-07,1.7775578033535355e-06,-7.1157817205236285e-07,0,0.026354746192763363,0.022734267619358064,4.8423382800547533e-18,0.036089038271000462,0.010741707895040224,0.13293859582873513,5.2391222021218917e-06,-8.9502935984302797e-05,-4.470005863166938e-05,-1.4320543326543619e-19,-0.00034284242869847792,0.00033816446950125245,-0.00056115530632090303,-2.6230197177060115e-08
2,2,lumen,0.002631578947368421,0.0025000000000000001,0.0021052631578947368,0.0031578947368421052,0.002,0.0030000000000000001,1000169.824749159,1.5031227189295884,14.657263265646865,2977.1496707351298,0.15058786552499323,1173,1173,4.0341529415136132e-05,0.21167139970612245,0.59999999999999998,2,500000,0.00035,0.0001,0.12138107281374351,0.089536302480145255,2.5850509803008244e-17,0.15714993019939461,0.042807805372932099,0.58832540791521637,2.2924275468409116e-05,0.11089661158746432,0.046853165201145283,1.1841294072563189e-17,0.05233901927129804,0.31123277439267766,0.47867001885553195,8.410691882720464e-06,0.26582060507350397,0.0030188345823546317,2.1915058977905319e-09,0.0028189634496723691,2.4361411954056692e-05,0.34666108512012211,0.00012193177297514095,3.4789122565210517e-07,1.7030910135975824e-10,6.1263021793114175e-12,5.9820884462623872e-10,1.590480072733978e-10,6.4685377348057396e-08,0.38153380288761657,0,0,0,0,0,0,0,-1.0040026097856242e-12,9.2223663023667001e-15,-1.8466104693765493e-14,1.3216220622679021e-12,8.4350929019372245e-17,3.0204590998478276e-12,-6.7906818778628044e-15,-1.8892222855559915e-15,-2.6119727106222101e-20,2.1639070673781346e-20,-1.412406760031232e-19,1.6119728716036583e-19,-3.9686782534282482e-15,-3.3159315409877284e-12,-5.5726922418807001e-07,3.4070878099368151e-07,-1.2386455139146896e-22,2.165574470123134e-07,1.8883656828089235e-06,-7.7382801166869797e-07,0,0.025821274998242293,0.021843050759401184,5.3194096212840774e-18,0.036834695090322028,0.0096967701906951649,0.1300510377590543,5.1505406742774482e-06,0,0,0,0,0,0,0
3,0,lumen,0.0036842105263157894,0.00050000000000000001,0.0031578947368421052,0.0042105263157894736,0,0.001,1000193.0837186381,1.4378052969472952,14.020013419426251,3020.6516915208649,0.15898607232518516,1173,1173,4.0345107411608708e-05,0.22100048392177818,0.59999999999999998,2,500000,0.00035,0.0001,0.10642073062383589,0.11080695976286094,1.7482791532976297e-17,0.16215348762967946,0.051415833452226944,0.56833993007215922,2.285792167745207e-05,0.093001313435848998,0.055462872646952342,7.6601341303006225e-18,0.051657480801083296,0.35756481893413039,0.44230549244559808,8.0217363869354753e-06,0.2708653766594234,0.0023083085988714344,1.7472420392467725e-09,0.0024763544136425591,2.2055550137168647e-05,0.36151701708866707,9.9933060978805996e-05,4.8661766094270387e-07,2.0543577018377409e-10,4.7962336605678835e-12,4.7731973596841045e-10,1.2153619260852338e-10,6.2761129565620723e-08,0.36271040269315874,0,0,0,0,0,0,0,-2.2096875555565925e-12,2.0375147011307981e-14,6.6453170899773746e-14,-3.8794125722279738e-12,1.3832251316570066e-15,1.5727696163654603e-11,-3.0610949752883983e-14,-2.4659094211010313e-15,4.2514085989480883e-18,-2.3978285747293024e-20,-1.9544778609767792e-19,2.0133079801173162e-19,6.6721357056227374e-15,-9.7003520293170604e-12,-3.9411748349246767e-07,2.8678531552306374e-07,-6.8852614300231083e-23,1.0731636822822275e-07,1.2896697364345178e-06,-5.0142990615231753e-07,0,0.023115286902854016,0.027058199523735536,3.7335925070799624e-18,0.038225694120821538,0.011990349400456958,0.1285684006368624,5.2444598823848362e-06,-2.9365311960857003e-05,-3.256787299238063e-05,-4.5866730349009463e-20,-0.00018651331595826738,0.00016775828568808764,-0.00027042944171941932,-1.3662784408059439e-08
3,1,lumen,0.0036842105263157894,0.0015,0.0031578947368421052,0.0042105263157894736,0.001,0.002,1000191.4118416545,1.4538153928272184,14.176151270698259,2995.4379623535383,0.15788650662577045,1173,1173,4.0410436286243258e-05,0.21921626938424402,0.59999999999999998,2,500000,0.00035,0.0001,0.10581692500694702,0.11028793085164725,1.8227085913424545e-17,0.16549847368886828,0.049946795053814157,0.56695725959768695,2.2889768496096302e-05,0.093503505323107555,0.055817864729927204,8.0751899222676311e-18,0.053310263766117673,0.35121692567928231,0.44614331812807956,8.1223734856551849e-06,0.26898526917207061,0.0023751416157184115,1.7601750034316558e-09,0.0025028166144966594,2.2839130080842466e-05,0.36257801485793056,0.00010190956237083834,4.7785437333094815e-07,2.0531524324668542e-10,4.8522989038896436e-12,4.8064585624718398e-10,1.2309417224554726e-10,6.4411844413501842e-08,0.36343346420703199,0,0,0,0,0,0,0,-5.4765056836219782e-13,-1.4789730704832064e-15,-1.0633530552352544e-13,-1.9605122120253203e-11,1.6351937165426378e-15,4.7709784148537715e-11,-1.6038148649284482e-14,-8.4637158392908418e-15,-1.5974436095802869e-17,-4.3521287211213534e-20,-2.5041207664544836e-19,1.3394253900675026e-19,6.4783315214568417e-15,-2.7432723179464935e-11,-4.0118383299800331e-07,2.8627566481254085e-07,-2.4717735828035022e-24,1.1486056507093048e-07,1.318412660780699e-06,-5.1602489836710674e-07,0,0.023061447972120092,0.027055047515118259,3.9180971221134601e-18,0.039270516227779578,0.011679529485806927,0.12877299331391731,5.2756466208365154e-06,-8.1780452429364826e-05,-8.7370471208716101e-05,-1.2579783121666278e-19,-0.00046447284001717453,0.00041240103872473084,-0.00065342835731847641,-3.2855039136885244e-08
3,2,lumen,0.0036842105263157894,0.0025000000000000001,0.0031578947368421052,0.0042105263157894736,0.002,0.0030000000000000001,1000158.7175392538,1.4892348636670993,14.522001162745683,2944.0926071259096,0.14896635274234252,1173,1173,4.056598094291645e-05,0.214798586620772,0.59999999999999998,2,500000,0.00035,0.0001,0.10485598935751268,0.10951684686337117,2.0329306735399357e-17,0.17420370620937076,0.046557948503385294,0.56498673993896242,2.301804789117566e-05,0.094914841324605634,0.056779856390221962,9.2262708934709386e-18,0.057483388037153527,0.33537429677639624,0.45543925030971438,8.3671619083801929e-06,0.26414534067742745,0.0025517176327512002,1.7955244254679214e-09,0.0025675258868196557,2.4957838711893432e-05,0.36537089064050604,0.00010698639446557343,4.5693702419275099e-07,2.0508905610043796e-10,5.0078111610334921e-12,4.898756472134401e-10,1.2734084033564235e-10,6.878302994469488e-08,0.3652320525864256,0,0,0,0,0,0,0,-7.1651189313242791e-13,-9.0604929801243096e-16,2.51054027530613e-16,-4.1577529351488884e-13,7.2999332273449014e-16,3.8640322495495094e-12,-4.9473722315270534e-15,-1.824712256293104e-15,3.6647933050286778e-18,-3.5608141429407421e-20,2.8732532167335693e-20,-5.5675174736077345e-20,2.6318184619997826e-15,-2.7274853885154679e-12,-4.2022546587784648e-07,2.7070810559859382e-07,7.4606702345657424e-23,1.4951349444975844e-07,1.4101902500729402e-06,-5.6973854356545672e-07,0,0.022204156245904386,0.025760339921698107,4.2663815931958344e-18,0.039906686112719504,0.010388612353128207,0.12409876090993326,5.1228732717275994e-06,0,0,0,0,0,0,0
4,0,lumen,0.0047368421052631574,0.00050000000000000001,0.0042105263157894736,0.005263157894736842,0,0.001,1000181.2299291516,1.4252140075393009,13.897400689431374,2999.0760594654926,0.16096303837947656,1173,1173,4.0496630802441125e-05,0.22344953623069844,0.59999999999999998,2,500000,0.00035,0.0001,0.093755208662634176,0.12724624314176639,1.4786568305292133e-17,0.1724778018372026,0.054494302974033432,0.55159037160108648,2.2929950955979293e-05,0.081216337437254538,0.063134310145160175,6.4221158997528278e-18,0.054465975645071406,0.37565930740149522,0.42551609273231455,7.976638703986338e-06,0.26939146417640786,0.0020510051470312755,1.4805302533690753e-09,0.0023116140533100196,2.2308771249254593e-05,0.37418762516715204,9.1011947535170389e-05,5.8687366791745064e-07,2.3257562844831542e-10,4.1515195781175393e-12,4.062613387206645e-10,1.0202585733863616e-10,6.506443259422237e-08,0.35194431657366937,0,0,0,0,0,0,0,7.4668237160117864e-13,-9.6814020428764231e-15,1.0575385811575639e-15,4.0950543642339565e-12,-1.8323016715005025e-17,-1.7635055525253018e-11,1.2839320783975314e-14,2.2757186760036241e-14,3.5721628644895742e-17,-6.5532382365490604e-20,7.3874528569891152e-19,-5.8803897515119089e-19,1.9199085316209697e-14,1.2747164122327911e-11,-3.1548709298733629e-07,2.3620835654103445e-07,-2.5095425894864787e-23,7.9296328472858733e-08,1.0257572144872773e-06,-3.9478751506782928e-07,0,0.020505042088727547,0.030651647917300469,3.2381000698805535e-18,0.040570819327951826,0.012652665846644148,0.12548461834121927,5.2796610320437684e-06,-2.5473584810019667e-05,-5.2962139126211188e-05,-4.4856978116481056e-20,-0.00024149642901745644,0.00020238152242324007,-0.00031320955753085883,-1.6720546135658834e-08
4,1,lumen,0.0047368421052631574,0.0015,0.0042105263157894736,0.005263157894736842,0.001,0.002,1000179.6276188939,1.4423131278259291,14.064158408895231,2972.7563327640423,0.15959923648816532,1173,1173,4.0580484946030884e-05,0.22129474953865447,0.59999999999999998,2,500000,0.00035,0.0001,0.093136633919785647,0.12687949700535492,1.5524803434940737e-17,0.1770871098935354,0.052774730889963296,0.5506301654097856,2.3004183928919691e-05,0.081648592726993083,0.063707723838781136,6.8236544401514882e-18,0.05659254165548229,0.36817072183693461,0.42987232145653115,8.0984852776893208e-06,0.26720715132690837,0.0021182220761575749,1.4912779830502768e-09,0.0023397801066737441,2.3248941786894004e-05,0.37559469825178488,9.3053020088095336e-05,5.7562822681061693e-07,2.3278468151918054e-10,4.1945948995065789e-12,4.0879272499671034e-10,1.0332724960738558e-10,6.712757793891313e-08,0.35262320128041841,0,0,0,0,0,0,0,-5.5424537784974681e-13,-5.155422690252564e-15,-1.4897385379808513e-13,-4.3712498920707576e-12,5.2182650561727328e-16,1.3460214279975569e-11,2.3502620121726926e-15,1.2421921130600921e-14,1.8246000875001145e-17,-5.3662605531644615e-20,4.0467702158594869e-19,-3.2975412947758666e-19,1.4482087445990668e-14,-8.4106891457005336e-12,-3.2141854905669981e-07,2.3593162734591999e-07,-2.7752966334495728e-23,8.5473583071584724e-08,1.0497299455930476e-06,-4.0688790964304999e-07,0,0.020428598369273517,0.030674261497592829,3.4172376587503605e-18,0.041865981952739002,0.012283464553283999,0.12569112494171522,5.3167398527027455e-06,-7.0526547520404634e-05,-0.00012686246983438829,-1.1550405627435937e-19,-0.00055941483806346394,0.00046448265969836793,-0.00070958527189523451,-3.7639201519028264e-08
4,2,lumen,0.0047368421052631574,0.0025000000000000001,0.0042105263157894736,0.005263157894736842,0.002,0.0030000000000000001,1000147.5816833824,1.4885897235659178,14.515871818148772,2901.6299330902252,0.14979740708566544,1173,1173,4.0765511558995922e-05,0.21631882974186339,0.59999999999999998,2,500000,0.00035,0.0001,0.091574991264149627,0.1256118239186321,1.7350343006433433e-17,0.18675011694538235,0.048703565774163252,0.54576322681289302,2.3053280444757682e-05,0.082857996318549496,0.06509693448221128,7.870971782058306e-18,0.06159741779189401,0.35068190370264457,0.43975737127256231,8.3764321382712939e-06,0.26198160119636954,0.002285471242379314,1.5202924629309889e-09,0.002404539936188629,2.5629492859382495e-05,0.3789555517525931,9.798514181874596e-05,5.5016514968870347e-07,2.3320164397279421e-10,4.311866306796837e-12,4.1584677257555179e-10,1.0676173189020393e-10,7.222382226306628e-08,0.35424859656840513,0,0,0,0,0,0,0,-3.3667556278219985e-13,-3.522639784205823e-15,2.9215916802619835e-13,2.6876271231759556e-12,1.7444812955291766e-16,-1.4454212458013538e-11,-9.3757183405910946e-16,1.4574062442984648e-14,1.5262530959824925e-17,-2.8401000762763854e-20,3.2579987010745934e-19,-2.0634056569287075e-19,1.8572277910707304e-14,1.1782213704886455e-11,-3.3674810943993411e-07,2.1838708069710222e-07,-2.4877959231890008e-23,1.1837515745506336e-07,1.1286187685394244e-06,-4.5512566210215155e-07,0,0.019301373192946933,0.028872781184704075,3.6762531680054928e-18,0.042177480118529675,0.010750672139123325,0.11918592967473088,5.0911771026425844e-06,0,0,0,0,0,0,0
5,0,lumen,0.0057894736842105266,0.00050000000000000001,0.005263157894736842,0.0063157894736842104,0,0.001,1000169.2158473439,1.4212998893238289,13.85940021903809,2971.423800066128,0.16211703842936509,1173,1173,4.0644633036563354e-05,0.22465454649603622,0.59999999999999998,2,500000,0.00035,0.0001,0.083272638419760181,0.14088271506458536,1.3186321746099767e-17,0.18116903422719965,0.056359010122102524,0.53792439150469329,2.2998241585625629e-05,0.071938466817596705,0.069709030061577845,5.7114354177199147e-18,0.057054106038568704,0.38745142719793535,0.41383899136531099,7.9785190104958887e-06,0.2675494838630556,0.0018913596283240133,1.2824557731773923e-09,0.002198555240825835,2.2715155965655953e-05,0.38407180554015036,8.5234263731158064e-05,6.7196307811394286e-07,2.5503676329405713e-10,3.7143569023914928e-12,3.5399506815494043e-10,8.8246236779804765e-11,6.7279209600952532e-08,0.34418010508221136,0,0,0,0,0,0,0,2.7300100720880076e-12,-6.0469228215618992e-16,1.327688693514423e-13,2.7596311768921284e-11,-7.2619861513079087e-16,-8.6229025113813973e-11,1.0500196478594914e-14,1.3328747827667797e-14,3.1682288216996995e-17,-3.2359525282924652e-20,4.7467588845354154e-19,-3.263298343861644e-19,3.6671576396645375e-15,5.5743603911009149e-11,-2.6245965968878932e-07,1.9777949511468051e-07,-4.3023084343406789e-23,6.4766244539192108e-08,8.5214345271755754e-07,-3.272533672937783e-07,0,0.018333661512356405,0.033714081741601794,2.9422270128759332e-18,0.04267206492098518,0.013076919353062755,0.12310355495766799,5.319760468716055e-06,-2.125377036065324e-05,-7.030882238949669e-05,-4.3664252836435142e-20,-0.00028551711007730577,0.0002279605506513958,-0.00034273713763960536,-1.9047232295418016e-08
5,1,lumen,0.0057894736842105266,0.0015,0.005263157894736842,0.0063157894736842104,0.001,0.002,1000167.6949951659,1.4437016162203964,14.077865671947018,2935.3104935063698,0.1605747405365972,1173,1173,4.0742384632394996e-05,0.22222863232220669,0.59999999999999998,2,500000,0.00035,0.0001,0.082389613217907387,0.14020604909015333,1.3864580519026926e-17,0.18619527006610631,0.054294185548736495,0.53557357782506121,2.303285900967568e-05,0.072297569509778142,0.070467758853466192,6.0998719340194551e-18,0.059561271574962896,0.37914000541809495,0.41852527816071461,8.1164829832067293e-06,0.26516068859566883,0.0019583739212961217,1.2912731119470773e-09,0.0022276198272576492,2.3775825257482195e-05,0.38571564377736117,8.7302498190022912e-05,6.5849821236056223e-07,2.5551038909480505e-10,3.7459106243697713e-12,3.5585289668609129e-10,8.9321861097525954e-11,6.9661621021418056e-08,0.34482586539943189,0,0,0,0,0,0,0,6.9795736104395339e-13,-5.0386253065897287e-15,2.9637768824741895e-14,6.8191666501058832e-12,1.842059491052872e-16,-2.2864108176201547e-11,1.0229659480940867e-14,1.0965620772518392e-14,3.248255981704306e-17,-6.8935526190155936e-20,5.1415339338036449e-19,-3.8751235179122566e-19,4.9509449025027439e-15,1.5295875391979119e-11,-2.6749348068511036e-07,1.9762454489535841e-07,-3.2967262203480354e-23,6.9891754156415972e-08,8.7237175006027456e-07,-3.3739202376370514e-07,0,0.018233451237540377,0.033769155421042515,3.1157062574578879e-18,0.044181801172640416,0.012665268452691293,0.12329291935695248,5.3614041091166038e-06,-5.585857009200938e-05,-0.00016470748099278352,-1.0838150137594481e-19,-0.00063932966956510974,0.00050145825354631901,-0.00074189351239344037,-4.1346897544987791e-08
5,2,lumen,0.0057894736842105266,0.0025000000000000001,0.005263157894736842,0.0063157894736842104,0.002,0.0030000000000000001,1000136.4922064922,1.4907375265111849,14.536977142283991,2864.6877890619012,0.14632099704003795,1173,1173,4.095072112185884e-05,0.21684154116935084,0.59999999999999998,2,500000,0.00035,0.0001,0.080841457755902707,0.1392456064940078,1.557930594935021e-17,0.19761355778255316,0.049994736526229835,0.53126068030105666,2.3140612891628757e-05,0.073252535283081371,0.072267411594675576,7.0778178160620345e-18,0.065275370321761284,0.36050215382753653,0.42869410858344176,8.4203895034805883e-06,0.25965235313757318,0.0021185862917670554,1.3138278172403009e-09,0.0022913359046540442,2.6375642848216595e-05,0.38953227186478889,9.2092637095100917e-05,6.2953203321892468e-07,2.5658433634750414e-10,3.8301485764114042e-12,3.608513262809641e-10,9.2035895500269362e-11,7.5357346608815309e-08,0.34628627760476516,0,0,0,0,0,0,0,9.4259274622480372e-13,-5.5600252152352255e-15,3.4787901568192366e-14,8.1692564676401676e-12,8.0122540546678778e-17,-2.3587375108657938e-11,1.3543769503342541e-14,5.0933649659024027e-15,2.9849915966310726e-17,-6.7470085262138749e-20,4.7918841718895973e-19,-3.8005082077447936e-19,-3.7674314978456314e-15,1.4431261407455993e-11,-2.798546492079057e-07,1.7796465479058554e-07,-1.3578924141535017e-23,1.0191354559490442e-07,9.414769118337718e-07,-3.817763284397202e-07,0,0.016891330478814609,0.031357305892177785,3.3045754595955407e-18,0.043999682680235137,0.010897273690109571,0.11494141226432765,5.056358661497101e-06,0,0,0,0,0,0,0
6,0,lumen,0.0068421052631578941,0.00050000000000000001,0.0063157894736842104,0.0073684210526315788,0,0.001,1000157.093310335,1.4249004908868566,13.894678867797174,2936.596555483743,0.16269883504029195,1173,1173,4.079183970920125e-05,0.22501272880817175,0.59999999999999998,2,500000,0.00035,0.0001,0.074275579594938884,0.15216565037515548,1.2155026234304286e-17,0.18880168809636855,0.05730792033775578,0.52586639063438512,2.3048654568079108e-05,0.064329322831838454,0.07548350041671853,5.2781482016159763e-18,0.05960914417044344,0.39497775281469205,0.40559226340451648,8.0163617911951327e-06,0.26552095622767036,0.0017873080802134553,1.1272115479701186e-09,0.0021179240066336066,2.3243800657877371e-05,0.39216552562327878,8.1323153690353962e-05,7.4386689657137737e-07,2.7406598712189024e-10,3.3936614538356102e-12,3.1324378408094092e-10,7.783212700396302e-11,6.9508894604984061e-08,0.33830290393631746,0,0,0,0,0,0,0,2.9149957858634199e-13,9.4461045933907854e-15,1.395976915554644e-14,3.4868532054942225e-12,-7.2457231187206261e-16,-1.1960975829575227e-11,9.142216178707014e-15,1.6297076535498611e-14,2.0939639007850396e-17,4.0904149145406842e-20,3.6013892906910288e-19,-2.1018898471868249e-19,-1.8723500525421395e-16,8.1347703973618297e-12,-2.2389349136221065e-07,1.6731435770189762e-07,-1.6640527390826271e-23,5.6591065295589198e-08,7.2827134865727228e-07,-2.8048803091262897e-07,0,0.016474225746372414,0.03636689499408146,2.7568904479452043e-18,0.044666963568014431,0.013330197023918527,0.12120093742625822,5.363693681875192e-06,-1.4748768696307093e-05,-8.8551184930212446e-05,-4.2742582811337485e-20,-0.00032494788750081586,0.00024674194887607063,-0.00035948910433371815,-2.0868276320529596e-08
6,1,lumen,0.0068421052631578941,0.0015,0.0063157894736842104,0.0073684210526315788,0.001,0.002,1000155.6625662941,1.4466156256583733,14.106450552909054,2902.9306904321638,0.16100840593945476,1173,1173,4.0901245429874964e-05,0.22237616284445272,0.59999999999999998,2,500000,0.00035,0.0001,0.073443485161650668,0.15177747599106942,1.2832503726556124e-17,0.19487161014588841,0.055173755236165779,0.52417243235933419,2.3129537305569606e-05,0.064578127025253076,0.07643846698012717,5.657262306665577e-18,0.062463285525432191,0.38606440975063472,0.41044754361781921,8.1671007337342422e-06,0.26296583903127796,0.0018536896847071189,1.1335436099334959e-09,0.0021470142566717702,2.4411940641982217e-05,0.39403161399115977,8.3386391509986314e-05,7.2884064336542172e-07,2.7486217788528134e-10,3.4136341321149357e-12,3.1431855862309945e-10,7.8660543852842404e-11,7.2173917553835495e-08,0.33889324188467207,0,0,0,0,0,0,0,1.3501711678803143e-12,5.5777055052795113e-15,1.9814053262288465e-13,2.102853155107216e-11,-7.812760854930545e-16,-6.8964608329613597e-11,1.5760046691035569e-14,3.0793726943367794e-14,4.4442706494701985e-17,-1.2137654105342458e-20,7.5653313268761668e-19,-4.4936704391686576e-19,1.0800929898173871e-14,4.6325415470220144e-11,-2.2801613459855208e-07,1.6715970635461375e-07,-7.0903673845920301e-24,6.0925153807225572e-08,7.4497227536829413e-07,-2.8896211934359428e-07,0,0.016356391688184993,0.036446881041516041,2.9269885953600971e-18,0.04635758433533034,0.012886869265367751,0.12136639504319668,5.4087008966286876e-06,-4.1741843423511668e-05,-0.00019707542881896794,-1.038005833507284e-19,-0.00070724952578817956,0.00052868008378169449,-0.00075907675600276594,-4.4133101069856023e-08
6,2,lumen,0.0068421052631578941,0.0025000000000000001,0.0063157894736842104,0.0073684210526315788,0.002,0.0030000000000000001,1000125.5004389547,1.4965034632937522,14.593364253777334,2828.5363235470272,0.14589419515610877,1173,1173,4.1127401537906509e-05,0.21667774861394967,0.59999999999999998,2,500000,0.00035,0.0001,0.071777138685618025,0.15084767723822168,1.4454041660607052e-17,0.20746866964981026,0.050639567990905639,0.51939238264275145,2.3244343390149679e-05,0.065291399983364487,0.07859247057385238,6.5920712198422185e-18,0.068796515881894144,0.36656828439742523,0.42074283822053671,8.4909429269671045e-06,0.25725196929506072,0.0020091696254466271,1.1505704763024927e-09,0.0022095250718255858,2.7202985846222244e-05,0.39817673242002682,8.8067583157512062e-05,6.9686432527371322e-07,2.7645865718760047e-10,3.4707278568150107e-12,3.1760342168328365e-10,8.0783883754493645e-11,7.8370466698194716e-08,0.34023655595495644,0,0,0,0,0,0,0,3.8722385072177115e-12,-4.6752256437339311e-15,-1.7042029975476495e-14,4.9027000536762111e-11,-6.965998958219366e-16,-1.4438255127070809e-10,2.0965264893965456e-14,4.3597287238683613e-14,5.5061894447931675e-17,-1.0793415816579604e-19,1.2781722004188564e-18,-8.6816370251697078e-19,2.6917960862043129e-14,9.1414348013239801e-11,-2.3811153918376626e-07,1.4579723583985071e-07,3.3312299332988881e-23,9.2458633105922039e-08,8.067913405962468e-07,-3.3061921522747895e-07,0,0.014845640632280149,0.033338578626925658,3.0566208546871156e-18,0.045545690129064495,0.010894231547003794,0.11116786442390436,5.0191939463396517e-06,0,0,0,0,0,0,0
7,0,lumen,0.0078947368421052634,0.00050000000000000001,0.0073684210526315788,0.0084210526315789472,0,0.001,1000144.9005191608,1.4297319331875338,13.941961834216732,2905.6137342787329,0.16281891581736233,1173,1173,4.0939879972003653e-05,0.22474769725456795,0.59999999999999998,2,500000,0.00035,0.0001,0.066629917432742006,0.16209701527136358,1.150745687250005e-17,0.19647724485329865,0.057754643612440183,0.51653331993841545,2.314986799120733e-05,0.057903868719335616,0.080683698691674341,5.0139547635880596e-18,0.062243592197885562,0.39941122866737611,0.39974953276062442,8.0789631038940718e-06,0.26336120120339651,0.0017182411020112299,1.000762899396122e-09,0.0020589010601327782,2.388501886801815e-05,0.39907242412702482,7.8617602862260692e-05,8.0461305015916279e-07,2.9056048999793317e-10,3.144174050087557e-12,2.8011847175047575e-10,6.9572890272125748e-11,7.1824986895056485e-08,0.33368585180350824,0,0,0,0,0,0,0,-1.0941468715925037e-13,-2.5269902613133323e-15,-4.0329590789567095e-15,-9.4613027717168867e-13,2.6628005356243989e-16,4.2692926017356969e-12,-9.213529059666064e-15,-1.1190050622222891e-14,-1.7571640019460911e-17,-6.7209361810471156e-21,-2.8130489438004285e-19,1.7120963639107253e-19,-1.793667174253278e-16,-3.1866733670937371e-12,-1.9431459252587657e-07,1.4253521912754863e-07,-1.2422828331424907e-23,5.1775119289709971e-08,6.3471896791233995e-07,-2.4608876925125145e-07,0,0.014853970143221977,0.038683003633251264,2.6415283921305406e-18,0.046618118873757504,0.013454621958098618,0.11964871641121745,5.410601424466071e-06,-9.7258570343752908e-06,-0.00010201890660010209,-4.2324905365824726e-20,-0.00035715593971134873,0.00026079648151102375,-0.00037102148988280855,-2.2281177688426289e-08
7,1,lumen,0.0078947368421052634,0.0015,0.0073684210526315788,0.0084210526315789472,0.001,0.002,1000143.5666164546,1.4578529206220583,14.216201244117201,2860.2592540968399,0.16103045159850785,1173,1173,4.1057526612672757e-05,0.22195513777423193,0.59999999999999998,2,500000,0.00035,0.0001,0.065529813630141265,0.16114014676465671,1.2130005282890685e-17,0.20242175315813302,0.055311410074477395,0.51285722434325431,2.3155446217467257e-05,0.058068005862717861,0.081785103709851523,5.3891679540527149e-18,0.065388179215229505,0.3900387582910031,0.4047117130592876,8.2398619105093105e-06,0.26069509801235374,0.0017843973545345908,1.0053036311914429e-09,0.0020879987416370159,2.5143143447031403e-05,0.40107281065142619,8.0680914210687411e-05,7.8803132397240328e-07,2.915449053290268e-10,3.154879258518711e-12,2.8062264100422982e-10,7.0212611561667537e-11,7.471608561116263e-08,0.33425300678414244,0,0,0,0,0,0,0,1.0241281882509707e-12,-2.8840435515996352e-15,9.6118498510554821e-14,9.5039112569922033e-12,1.2359904766334751e-17,-3.2550502874692522e-11,-8.5245862010666021e-16,-6.2731937700011287e-16,1.4321504238795305e-18,-2.9547663731044149e-20,5.1150315839653288e-20,-5.6583599994419565e-20,2.4452329992359014e-15,2.1928292278386147e-11,-1.9778150535994937e-07,1.4227706240932392e-07,-1.3630340083414606e-23,5.553689544132094e-08,6.488806096466293e-07,-2.533278079530632e-07,0,0.014719323597848794,0.038786662222584728,2.8096454055534326e-18,0.048469466209632855,0.012988596032868668,0.11978340006734109,5.4582137596716007e-06,-2.8329588241437781e-05,-0.00022400252781584374,-1.0112120276530366e-19,-0.00076674668605340528,0.00054847188791683926,-0.00076894697879629408,-4.6418501638273773e-08
7,2,lumen,0.0078947368421052634,0.0025000000000000001,0.0073684210526315788,0.0084210526315789472,0.002,0.0030000000000000001,1000114.6430754329,1.5099817758736618,14.724959771040227,2783.9906403747937,0.14153570916979255,1173,1173,4.1297112046528632e-05,0.21602132923336248,0.59999999999999998,2,500000,0.00035,0.0001,0.063793708280428463,0.16023637089033266,1.3690423870923009e-17,0.21601260791605956,0.05064283265783813,0.50775974383256095,2.3280034285370649e-05,0.058552626570765126,0.084236848097737585,6.3001106552856464e-18,0.072275601845110379,0.36989765554473647,0.41502868727661119,8.5806650393121407e-06,0.25483244241727393,0.0019368171773657156,1.0175004298152375e-09,0.0021492697838491359,2.8106788070804183e-05,0.40544890019897672,8.5280313245131192e-05,7.5343548754354532e-07,2.9352332017307481e-10,3.1890853735751005e-12,2.8244362293535081e-10,7.1837658058453105e-11,8.1339762671069736e-08,0.33551834687747434,0,0,0,0,0,0,0,8.5053388580119494e-12,-7.2221566737990764e-15,4.9475217774293468e-13,8.9588493012969804e-11,-1.7465412796568991e-15,-2.8017441166573731e-10,1.5558789845555539e-14,1.4744499024499369e-14,3.2049407930050586e-17,-9.1926151823712109e-20,6.7988026987628242e-19,-5.0205866865634383e-19,5.2339412059765654e-15,1.8155943387480561e-10,-2.0607255279102288e-07,1.1955218792714106e-07,1.5507854028659424e-23,8.6800026196091566e-08,7.0501193430438924e-07,-2.9296166981218619e-07,0,0.013081776710768633,0.034908265783278644,2.8867197004190654e-18,0.046910525100197976,0.010783595647439635,0.10774343701582015,4.9801046801160461e-06,0,0,0,0,0,0,0
8,0,lumen,0.0089473684210526309,0.00050000000000000001,0.0084210526315789472,0.0094736842105263147,0,0.001,1000132.6669441066,1.4393427165277555,14.035852607159478,2869.9506958028728,0.16260947777743709,1173,1173,4.1087839300380871e-05,0.22402526940667628,0.59999999999999998,2,500000,0.00035,0.0001,0.059850581450102698,0.17040503027085105,1.108478892014516e-17,0.20371193908917021,0.057671952713953659,0.50793634229259299,2.3238718292884529e-05,0.052362646617617317,0.085390213795080855,4.8623183781683836e-18,0.064970136821428395,0.40152531143855386,0.39574352674096813,8.1645863513949434e-06,0.26114295723659275,0.001673408404583311,8.9500040156659543e-10,0.0020157612241949526,2.4618629081438431e-05,0.40506031501696393,7.6768154658593679e-05,8.5514604312722575e-07,3.0491587601963379e-10,2.9407513918975348e-12,2.5240162395637231e-10,6.2793536812260313e-11,7.4225746086744668e-08,0.33000524044408347,0,0,0,0,0,0,0,-1.581231796637953e-13,1.3657477248219472e-14,-1.4867631416565783e-14,-3.4461423746248076e-12,-6.7068746389953304e-16,1.0429824538749077e-11,3.6877173864117971e-15,9.0559070659024243e-15,6.9339686637449345e-18,7.9477755689036742e-20,7.9420505743360123e-20,-8.1175886400774217e-21,-5.7914733869749468e-15,-6.8305085893289615e-12,-1.7079365158875065e-07,1.21798398977635e-07,-8.9236026059139107e-24,4.8984835056226492e-08,5.6136591633504374e-07,-2.1977505720860435e-07,0,0.013420454135191084,0.040720605600168776,2.5736610481006217e-18,0.048567023556852211,0.013479295052845274,0.11835559187672877,5.459798746759477e-06,-4.0905941138881034e-06,-0.00011489459621848746,-4.2142324219111997e-20,-0.00038678634081421395,0.00027120866312076294,-0.00037559335195439078,-2.3368728083889185e-08
8,1,lumen,0.0089473684210526309,0.0015,0.0084210526315789472,0.0094736842105263147,0.001,0.002,1000131.4348094291,1.4659981643194795,14.295802709255053,2828.6319742735864,0.1607408758093111,1173,1173,4.1212222495863196e-05,0.2211078542521174,0.59999999999999998,2,500000,0.00035,0.0001,0.058839910760811694,0.16974345293703069,1.1720561773931171e-17,0.21053933867362712,0.055251401393744785,0.50499330288398359,2.3288494021053535e-05,0.052431824201629208,0.086634020506087511,5.2364159873040957e-18,0.068391211984257891,0.39179718935259683,0.40073742034551818,8.3336099104041854e-06,0.25838275062266497,0.0017394442428187501,8.9765001382519969e-10,0.0020445410054440076,2.5962788244655484e-05,0.40718146209554879,7.8824944367114879e-05,8.3740333520150156e-07,3.0608712817963031e-10,2.9428424184408832e-12,2.52330976487446e-10,6.324922652125388e-11,7.732443785074067e-08,0.33054609805087848,0,0,0,0,0,0,0,7.632371857406473e-13,8.9085309272153536e-15,8.2242648687653902e-14,1.2893876699922683e-11,-8.0979060262942326e-16,-3.8617575500235479e-11,2.4178474254373754e-15,5.6825204264310258e-15,4.1742520865412859e-18,5.3746777621320422e-20,3.394878480888337e-20,1.5907652531675058e-20,-3.9592335000759377e-15,2.4866525280419092e-11,-1.7364252818691944e-07,1.2138797539362756e-07,-8.4703250599890558e-24,5.2293087235566561e-08,5.7322004509696711e-07,-2.2594842796763714e-07,0,0.013272753869290145,0.040840317960026122,2.7412019863331977e-18,0.050560028427123593,0.012996988470108693,0.11845666813604853,5.5093453906926515e-06,-1.6019024137532519e-05,-0.00024605369218185338,-9.9872754481440474e-20,-0.00081990635408476966,0.00056297935972302862,-0.00076883598161748114,-4.8115650809042904e-08
8,2,lumen,0.0089473684210526309,0.0025000000000000001,0.0084210526315789472,0.0094736842105263147,0.002,0.0030000000000000001,1000103.9469764871,1.5211471923658202,14.834000732009814,2748.6169466620381,0.14047924238719997,1173,1173,4.1461968183587354e-05,0.21498945724824459,0.59999999999999998,2,500000,0.00035,0.0001,0.057002305117062613,0.16868699062660886,1.3239900209282579e-17,0.22487494292299776,0.050440159820156649,0.49914092735802779,2.3397113903828619e-05,0.052706615709826939,0.089336056495381955,6.1379051627050024e-18,0.075798020130664501,0.37114551968992848,0.41100510029447912,8.6876797190565899e-06,0.25240495693825959,0.0018902147184900072,9.0565622644070811e-10,0.0021046010884375288,2.9090961212085815e-05,0.41172181368809541,8.3368129734890561e-05,8.0049661375835156e-07,3.0832288726363574e-10,2.9575797920370282e-12,2.529028522872276e-10,6.445105923863113e-11,8.4328642555609633e-08,0.33176506811622353,0,0,0,0,0,0,0,-1.1527512764124657e-13,7.9765674522493129e-16,-1.4499767283974287e-14,-7.2850947401946159e-13,-1.1037178115902435e-16,3.2219691324664179e-12,1.9563735247452398e-15,1.7507696681295926e-15,1.4325868650502288e-18,1.2648535068821986e-20,2.5232627598047264e-21,1.9596335226384573e-20,-6.0990587917961743e-16,-2.3673565766071996e-12,-1.8046523154405941e-07,9.7088703909786744e-08,-8.5350483220455382e-25,8.3373319128576856e-08,6.2476911449893535e-07,-2.6383783696681817e-07,0,0.011544495504113184,0.036132401900372077,2.7693023044503432e-18,0.048151222918771136,0.010593944060500187,0.1045943907467885,4.9395862369168883e-06,0,0,0,0,0,0,0
9,0,lumen,0.0099999999999999985,0.00050000000000000001,0.0094736842105263147,0.010526315789473682,0,0.001,1000120.4161559468,1.4537122054896412,14.176151344132476,2829.1291413821914,0.16210063688004697,1173,1173,4.1237098436595997e-05,0.22292451831021001,0.59999999999999998,2,500000,0.00035,0.0001,0.053750097640036701,0.17734967752095113,1.0813833337289964e-17,0.2106830658292583,0.057138789502509946,0.49952831653896734,2.329154124578059e-05,0.047495450907377557,0.089758510152448859,4.7908787424103912e-18,0.067865096385770887,0.40178974583735566,0.39308293177552678,8.2649415203576843e-06,0.25884314101680211,0.0016459094723792406,8.0439017331578211e-10,0.0019839117589313762,2.5452620900913627e-05,0.41043164276998551,7.5530999123335949e-05,8.9727493233872031e-07,3.1768782201860367e-10,2.7684170067296716e-12,2.2859863254627166e-10,5.7060610500134761e-11,7.6764676263045396e-08,0.32699343591176339,0,0,0,0,0,0,0,3.2107218726082123e-13,2.1720782937889383e-15,-3.1543704016641834e-14,4.8071102910685786e-12,-3.0054084221298183e-16,-9.0860218654453817e-12,-2.4553241877021953e-14,-2.8226769879791114e-14,-4.2758406914890644e-17,6.4140153384032896e-20,-7.2967788692047008e-19,4.3868913094813211e-19,-5.5684370099696549e-15,4.046179856258841e-12,-1.5147484646194781e-07,1.0412368356416124e-07,-7.4421358992567332e-24,4.7360314658309768e-08,5.0178480318074925e-07,-1.9883999979875e-07,0,0.012139908147395542,0.042516663274848578,2.5407950198075791e-18,0.050532183188625249,0.013424950529254461,0.11726641941653637,5.5109467548139436e-06,7.3147744051115803e-07,-0.00012406516864603884,-4.230802959325251e-20,-0.00041238081339565726,0.00027871326396703257,-0.00037814709359818195,-2.4295303876067921e-08
9,1,lumen,0.0099999999999999985,0.0015,0.0094736842105263147,0.010526315789473682,0.001,0.002,1000119.2895971688,1.4794164040768873,14.426826981190693,2790.9300672960958,0.16018279967508167,1173,1173,4.1366097710236972e-05,0.2199146514268954,0.59999999999999998,2,500000,0.00035,0.0001,0.052802353104815972,0.17688492644289827,1.1461344847544307e-17,0.21821259330884163,0.054748119258129543,0.49709136742384713,2.3374994740939329e-05,0.047483040107393702,0.091106327360668898,5.1675366925208802e-18,0.071533443813392453,0.39178652980289141,0.39808221768899993,8.4412266536614283e-06,0.25601967578732021,0.0017122025526135963,8.0549726155085214e-10,0.0020124355711392291,2.6875308250614659e-05,0.41262065162722994,7.7588896831540282e-05,8.7835965631928135e-07,3.1894049286920582e-10,2.763127414975146e-12,2.2806218664635631e-10,5.7362764346504384e-11,8.0040176598574266e-08,0.32752961044415596,0,0,0,0,0,0,0,-5.980838614869348e-13,2.9905074095196691e-15,2.3546863129347567e-14,-1.0672970187680375e-11,-1.3010426069826053e-17,3.410483917845597e-11,-2.305397949862162e-14,-2.4794836323005498e-14,-3.6897817282303841e-17,6.181247683383148e-20,-6.6775235453018306e-19,4.0006822970674464e-19,-4.3318174278421451e-15,-2.2808061213375887e-11,-1.5382898594252375e-07,1.0344373296833353e-07,-6.1911994774594175e-24,5.0351153792233434e-08,5.1183835411694467e-07,-2.0416944362944278e-07,0,0.011981149981513568,0.042646418547314005,2.7091425671530046e-18,0.052654678138524029,0.012931358466239285,0.11733087060160015,5.561889142627298e-06,-4.820759066950205e-06,-0.00026197423027154369,-9.9616006217425301e-20,-0.00086766440316852437,0.00057306757616699543,-0.00076630728068875407,-4.9585075263942194e-08
9,2,lumen,0.0099999999999999985,0.0025000000000000001,0.0094736842105263147,0.010526315789473682,0.002,0.0030000000000000001,1000093.4320243995,1.5371700806717401,14.990411158041267,2708.5521458768244,0.13567280484793434,1173,1173,4.1622905962228891e-05,0.21365855034683134,0.59999999999999998,2,500000,0.00035,0.0001,0.050906021156997265,0.17563146906958535,1.2956316369829919e-17,0.23317152896899285,0.049859223700090112,0.49064365552483047,2.3472217707108354e-05,0.047566052955390931,0.093994570997639845,6.0697702818117113e-18,0.079423233647534203,0.37073921789935832,0.40826811703589089,8.8074641857474557e-06,0.24996513384457802,0.0018625518607926933,8.0986544629507284e-10,0.0020715020299217212,3.0159905006156984e-05,0.41724764471141662,8.2102610812993251e-05,8.3920382105863325e-07,3.2126152691065487e-10,2.7609570158848048e-12,2.2756583488435467e-10,5.8200838044119024e-11,8.7378408172684568e-08,0.32873997703558783,0,0,0,0,0,0,0,-5.5263861010634283e-13,-4.0573805529510817e-15,5.8917622739420962e-14,-1.1066602603326601e-11,3.3187428499781291e-16,3.0892791580069967e-11,-6.2798820045013873e-15,-9.0869152480355098e-15,-1.2002894751330206e-17,6.2274777092194856e-21,-2.8484372813690956e-19,1.7703271648480735e-19,6.2303645954066898e-16,-1.9314133883673278e-11,-1.5943920232946301e-07,7.8115576174209167e-08,1.2876192681973473e-25,8.1292682592132672e-08,5.5961039169272198e-07,-2.407207591037519e-07,0,0.010194182140490388,0.037063835376795064,2.6896145463878502e-18,0.049303510665055603,0.010345657677345932,0.10166656168811557,4.8978303841572195e-06,0,0,0,0,0,0,0
10,0,lumen,0.011052631578947368,0.00050000000000000001,0.010526315789473682,0.011578947368421053,0,0.001,1000108.1671535219,1.4662826494811716,14.2989095482927,2795.4999867506349,0.16139588213216402,1173,1173,4.1384415948399898e-05,0.22155779357566091,0.59999999999999998,2,500000,0.00035,0.0001,0.048460573142484725,0.1836076702020718,1.0702670071676024e-17,0.21809199128636111,0.05648249649195889,0.49336490216519324,2.3420918561324513e-05,0.043192255315265951,0.093730434437421697,4.7826898956220645e-18,0.070859998105176611,0.40061414107156745,0.39159478825214405,8.3828184241879553e-06,0.25654929432480911,0.0016323211920892741,7.2608706996670174e-10,0.0019617470233339075,2.6359272139782669e-05,0.41518155771301657,7.4797282067001994e-05,9.3081760600150895e-07,3.2880194870483104e-10,2.6182347257879563e-12,2.0794548727007951e-10,5.21417230695957e-11,7.9381994698101811e-08,0.32457291167534935,0,0,0,0,0,0,0,8.6151602981335376e-13,4.703536699829533e-14,3.3281496422026719e-14,1.1977529127588482e-11,-2.5508024512066463e-15,-3.4779854777428065e-11,-3.2578170929507219e-15,1.3594594200361243e-14,-1.3002777751087235e-18,2.8279656598076592e-19,-1.5639126440385617e-19,1.7775322957243225e-19,-2.2234941895209665e-14,2.1875306923177887e-11,-1.3539341298064375e-07,8.8676824827604861e-08,-7.0573549111419145e-24,4.675134593792988e-08,4.5293107242549979e-07,-1.8215670855026289e-07,0,0.010984381927689699,0.044103677226572192,2.5351807112843095e-18,0.052536139682492822,0.013306774712193117,0.11633099230827011,5.5635270699373589e-06,5.8459567475479078e-06,-0.00013311578357825521,-4.2780580602336522e-20,-0.00043750933409734234,0.00028441097905598225,-0.00037600641328417101,-2.4975649523662941e-08
10,1,lumen,0.011052631578947368,0.0015,0.010526315789473682,0.011578947368421053,0.001,0.002,1000107.1491558371,1.4920642704234965,14.550341823329795,2758.2012076226342,0.15943302897441042,1173,1173,4.1517388087443437e-05,0.21846763873290437,0.59999999999999998,2,500000,0.00035,0.0001,0.047513326572862176,0.18323201547893289,1.1358690502528048e-17,0.22618257568416139,0.054088305479540431,0.49098176248395792,2.3515935947074493e-05,0.043092634968437536,0.095183450845988213,5.1650987398335141e-18,0.07478092641699903,0.39037863758531516,0.39655578535456609,8.5648286940040681e-06,0.25366306073225264,0.0016991029201507137,7.2559097274826494e-10,0.0019898329849502689,2.7862975427809337e-05,0.41744080473588263,7.6856324464259982e-05,9.110551212791362e-07,3.3014228840070633e-10,2.6061041342517752e-12,2.0694160437726791e-10,5.2294522244762589e-11,8.2831608323380362e-08,0.32510148412256679,0,0,0,0,0,0,0,-8.250477813198864e-13,4.5108880792966108e-14,-2.8879253259004115e-14,-1.5546925816049931e-11,-1.9138336748714124e-15,5.0216345404835439e-11,-1.7613897301542358e-14,-2.0573820425084932e-15,-1.8745023997604572e-17,2.7274501291266818e-19,-4.8189353043655541e-19,3.4779942996960041e-19,-2.2057294716292219e-14,-3.3817060477810943e-11,-1.3727228422976551e-07,8.7817855265459599e-08,-5.469637100908934e-24,4.9404267538506516e-08,4.6122164480688621e-07,-1.8666103929199096e-07,0,0.010818472254979596,0.044234604098772883,2.7057263595102449e-18,0.054773907574478302,0.012806190548898172,0.11636089163395626,5.6153635568122716e-06,5.4834653600969512e-06,-0.0002751961227934267,-1.0023464929788454e-19,-0.00091336847949867505,0.00058007086217063222,-0.00075801012526343747,-5.0588344891982359e-08
10,2,lumen,0.011052631578947368,0.0025000000000000001,0.010526315789473682,0.011578947368421053,0.002,0.0030000000000000001,1000083.1129040656,1.5564712665512332,15.178792042503781,2666.43194423264,0.13430463297750816,1173,1173,4.177944774128124e-05,0.21210016775603568,0.59999999999999998,2,500000,0.00035,0.0001,0.045445848607466782,0.18127089842919569,1.2810753466298047e-17,0.24108431071658826,0.04901049617944761,0.48257814842679853,2.3530440525128894e-05,0.042997761341884204,0.09823181972918911,6.0769973989850158e-18,0.083150460521199288,0.36900800069829431,0.40660301744251448,8.940266918634167e-06,0.24754049566057867,0.0018499204938917794,7.2667940122962449e-10,0.002047819212009484,3.1305606712730456e-05,0.42213234239301822,8.1354743662321143e-05,8.7002341724894368e-07,3.3248377413898169e-10,2.5891651744510635e-12,2.0550018734558228e-10,5.2811490337003285e-11,9.0484775645979655e-08,0.32631580006186983,0,0,0,0,0,0,0,4.6665084641935154e-13,5.4411700852978045e-15,-1.2184501230601189e-13,2.1314089931219956e-12,-2.4719809532669501e-16,-6.5456483549358735e-12,1.3280571053249524e-14,1.6941526306823995e-14,1.826622021940045e-17,-8.6382859109824814e-22,3.5693153624392852e-19,-2.1186604171184547e-19,-8.5908192030844796e-16,4.0348555284055998e-12,-1.4183315173547928e-07,6.1719101163149048e-08,1.855314487203329e-24,8.0120702233222274e-08,5.0562028411360593e-07,-2.2195610788200426e-07,0,0.0090012044203072964,0.037741864511394892,2.6388870422516409e-18,0.050390164580667009,0.010054471669660831,0.098923763170189666,4.8552296726288616e-06,0,0,0,0,0,0,0
11,0,lumen,0.012105263157894737,0.00050000000000000001,0.011578947368421053,0.012631578947368421,0,0.001,1000095.9361325669,1.4840653366151761,14.472499925716253,2755.094241488081,0.16046659925066134,1173,1173,4.1534778038341259e-05,0.21990934936525919,0.59999999999999998,2,500000,0.00035,0.0001,0.043535109089684249,0.1887882882823155,1.0666969126819345e-17,0.22538045000139914,0.055462756681148646,0.48658097402768535,2.3492496356785969e-05,0.039273319395780361,0.09754510846633023,4.824604972045457e-18,0.074117079367928038,0.39815711406147936,0.3908988681915414,8.510516940637655e-06,0.25414940832918909,0.0016291568446252967,6.5604281039246334e-10,0.0019459073429175622,2.7378625400893136e-05,0.41964335566069061,7.4422528480699821e-05,9.5837298986431852e-07,3.3897853362258561e-10,2.4820207024386439e-12,1.8937348698674499e-10,4.7758358263633209e-11,8.2197849506225536e-08,0.32252932886322117,0,0,0,0,0,0,0,7.9460356964310435e-13,4.8328381849809475e-14,4.8285220433630672e-14,1.2460844266989058e-11,-2.3927257744582597e-15,-2.8599862929301612e-11,-5.717966965885498e-14,-3.936781456381766e-14,-6.931440272465332e-17,3.3405233765499692e-19,-1.3282733151996686e-18,7.8127433745362502e-19,-2.3125127612388781e-14,1.5369899600010334e-11,-1.2144331051769722e-07,7.506827626180268e-08,-3.2933615761884313e-24,4.6403650781622943e-08,4.1073308536254682e-07,-1.6785937884122859e-07,0,0.0099399700039530213,0.045496729296284483,2.5522212426020368e-18,0.05457422603346055,0.013136797419644018,0.11552904777300486,5.6172488998328331e-06,9.0171003310708103e-06,-0.00013623488427351473,-4.3590975222394891e-20,-0.00045754655348116891,0.0002877488798940683,-0.00037501708975750818,-2.5517869396370022e-08
11,1,lumen,0.012105263157894737,0.0015,0.011578947368421053,0.012631578947368421,0.001,0.002,1000095.0288117126,1.5136959078379382,14.761468547242714,2712.176243124848,0.15849228504629559,1173,1173,4.1669205505767518e-05,0.2167723081679383,0.59999999999999998,2,500000,0.00035,0.0001,0.04251500486744373,0.18792794767587878,1.1307192493430597e-17,0.23328860070916541,0.05295656045255942,0.48307045257354769,2.3538674604470674e-05,0.039118862253733185,0.099039360541426605,5.2162874663852321e-18,0.078249502188157183,0.38775625073939152,0.39582732677028742,8.6975070041971145e-06,0.25123964470152166,0.0016968629734938373,6.5458672200419584e-10,0.001973831918202528,2.895324452670346e-05,0.42189858551131976,7.649628096681147e-05,9.3744766993559186e-07,3.4023046465092081e-10,2.4645105339737843e-12,1.8808274876045409e-10,4.7806551222329082e-11,8.5782410170851467e-08,0.32308460090671753,0,0,0,0,0,0,0,-5.830887819439723e-12,3.6146677657405062e-14,-2.936371087459768e-13,-1.22689445095211e-10,9.3826856006895554e-16,3.5859717170509675e-10,-4.6876341757730656e-14,-3.1219167875851106e-14,-5.1895439515055596e-17,2.402075468628166e-19,-1.0782080081766389e-18,6.327537676640448e-19,-1.5068422188990827e-14,-2.2972707091376064e-10,-1.2300312915002748e-07,7.3763443630969761e-08,-9.9076323385073921e-24,4.8881427386953171e-08,4.178946485244861e-07,-1.7176216710046432e-07,0,0.0097673589618863573,0.045624718343082508,2.7261184510829008e-18,0.056922137446322893,0.012632573896973302,0.11552240846015488,5.6697466019841261e-06,1.3422802365647396e-05,-0.00028001498264094776,-1.016197736228522e-19,-0.00095267857883367521,0.00058350242695194392,-0.00075127907341615053,-5.1506853731386218e-08
11,2,lumen,0.012105263157894737,0.0025000000000000001,0.011578947368421053,0.012631578947368421,0.002,0.0030000000000000001,1000073.0003486333,1.5796650789858704,15.405135129173342,2621.1337522674512,0.12928816061241002,1173,1173,4.1933146363839275e-05,0.21033970464624679,0.59999999999999998,2,500000,0.00035,0.0001,0.04049543250965195,0.18574233850988747,1.2765616171360741e-17,0.24867658672037085,0.047917624753653867,0.47448113652023227,2.355226385753374e-05,0.038885346252291182,0.10215586661740357,6.1458854343075387e-18,0.087048022492874327,0.36615946646778735,0.40574221617196349,9.0819976801815434e-06,0.24509674590700162,0.0018491648662894635,6.5321335039315573e-10,0.0020311556477840467,3.2542699093064011e-05,0.42655797053717981,8.100659152348444e-05,8.9425494308415515e-07,3.4234852254047534e-10,2.4351712715611323e-12,1.8593502550255503e-10,4.8067383582908972e-11,9.3695811409383792e-08,0.32435042456837465,0,0,0,0,0,0,0,-8.4310461721198322e-13,-8.1681866828034315e-16,2.2618981826293276e-13,-2.826646963454968e-12,-9.1072982488782372e-18,8.4627127354408582e-12,1.4314579797184265e-15,5.1716443627558562e-16,3.9696718128907162e-19,-5.6597603903696147e-21,5.520267366055057e-20,-6.3671174288458007e-20,-4.5487760276746886e-17,-5.0203732604091114e-12,-1.2675038808937153e-07,4.7263869429325922e-08,2.2590936733940828e-24,7.9477829255573326e-08,4.5972873585070628e-07,-2.0622516455626183e-07,0,0.0079422694937920611,0.038202956133553526,2.611317073297893e-18,0.051428824698381566,0.0097314358558530205,0.09633574038211154,4.8118554796149082e-06,0,0,0,0,0,0,0
12,0,lumen,0.013157894736842105,0.00050000000000000001,0.012631578947368421,0.013684210526315788,0,0.001,1000083.7361550966,1.5027112810084255,14.654512620805201,2716.2750400716845,0.15944404382070024,1173,1173,4.1678525694095869e-05,0.21813708353932043,0.59999999999999998,2,500000,0.00035,0.0001,0.039215730700266821,0.19287391787551186,1.0725443442450691e-17,0.23241972547307169,0.054309804560156195,0.48076439031467871,2.3585488307955393e-05,0.035821692980188127,0.10090943462087949,4.9120615754461537e-18,0.077393210485791758,0.39478358946442105,0.39108342078824188,8.6516604775165412e-06,0.25184182949109324,0.0016358870857073511,5.9547653020554161e-10,0.001937363254984163,2.8439611631621079e-05,0.42351546384328964,7.4412244604696339e-05,9.7777412353377986e-07,3.4748168757634463e-10,2.3598518209389844e-12,1.7320543655576672e-10,4.3962341321459831e-11,8.5020086360034025e-08,0.32096554051199344,0,0,0,0,0,0,0,6.1287885844216697e-12,3.3977887010613913e-13,-3.572572089904379e-13,1.1343813212319987e-10,-1.5814172887873568e-14,-3.0656576604538854e-10,-1.2647036704068657e-13,2.4792667918660527e-14,-8.4291610450079995e-17,1.7360039418715164e-18,-1.7559406328393981e-18,6.1007617173120313e-19,-1.3656878911716819e-13,1.872704767045225e-10,-1.0973495081015305e-07,6.3046300347036066e-08,-2.0108368058781837e-24,4.6995701206752808e-08,3.7619872868266402e-07,-1.5684448351205305e-07,0,0.0089847775107022611,0.046721121027239874,2.5889796006139837e-18,0.056673997016298466,0.012924576453458637,0.11482025820072075,5.6718769608413724e-06,1.3595547405952147e-05,-0.00014225198694818762,-4.4589179314016911e-20,-0.00048033284543903766,0.00029041058103792508,-0.0003692023220393809,-2.594832876286195e-08
12,1,lumen,0.013157894736842105,0.0015,0.012631578947368421,0.013684210526315788,0.001,0.002,1000082.9410671515,1.5316647448341794,14.936880066447173,2675.9162121149129,0.1574460820374001,1173,1173,4.1815116333589529e-05,0.21494758151179702,0.59999999999999998,2,500000,0.00035,0.0001,0.038222811191948695,0.19216977683981493,1.1385999762066027e-17,0.240920509443316,0.051858270272324661,0.47752035717947533,2.3651327853694735e-05,0.035587455374717476,0.10247829021964418,5.3150607188754389e-18,0.081769655186488335,0.38422656920194259,0.39592918703729335,8.8429799139639465e-06,0.24888577590484767,0.0017046340603642574,5.9261557910113646e-10,0.0019647939360965603,3.0095483086152036e-05,0.42581079247942827,7.6495567788845039e-05,9.5626226716850607e-07,3.4874170226433843e-10,2.3367637630338445e-12,1.7152210000877219e-10,4.3884716943448373e-11,8.8759158086977404e-08,0.32152636638786286,0,0,0,0,0,0,0,6.4350208320853543e-12,2.3038580747151392e-13,-4.4454445071188442e-13,1.094712949670469e-10,-1.1976747718578373e-14,-2.9958980738917229e-10,-7.9415400670513745e-14,2.1702691727076839e-14,-4.7481264312228764e-17,1.1396495914409684e-18,-1.2075538786700379e-18,3.2737913884258206e-19,-9.2993191355476933e-14,1.8406037783404563e-10,-1.109022861604976e-07,6.2037507908563327e-08,-3.3711286824665076e-24,4.916489593313609e-08,3.8186998108091785e-07,-1.601771222325965e-07,0,0.008808598377992331,0.046838351353536783,2.7671201234948192e-18,0.059120504241138239,0.01241949474692489,0.11477815321154945,5.7246562757429499e-06,2.2710000611429809e-05,-0.0002873607388600515,-1.0382644776556382e-19,-0.0009951162002274428,0.00058572024770700516,-0.00073567633488156952,-5.2097307228158974e-08
12,2,lumen,0.013157894736842105,0.0025000000000000001,0.012631578947368421,0.013684210526315788,0.002,0.0030000000000000001,1000063.101924181,1.5972131371103584,15.57642064307174,2588.2151234911557,0.12779408762335603,1173,1173,4.2081588471845444e-05,0.20844428299622977,0.59999999999999998,2,500000,0.00035,0.0001,0.036243996398253493,0.19006517563737471,1.2881667249928586e-17,0.25724612671402369,0.04690623726037791,0.46914522438821887,2.3684180264880655e-05,0.035189910470932714,0.10569564888707818,6.2707127842042874e-18,0.091048964495866011,0.36241631069016433,0.40563993104408413,9.2344118746462918e-06,0.24269116750281325,0.0018590007873213262,5.8834619472884218e-10,0.0020210607607484992,3.3849229420015355e-05,0.43048992992844864,8.1019725270774757e-05,9.1167797067037884e-07,3.5073117223708518e-10,2.2953604690738777e-12,1.6857387693234916e-10,4.3875823774810064e-11,9.6957287713311176e-08,0.32282296227689666,0,0,0,0,0,0,0,6.8687432426848682e-12,-1.6719851740619308e-14,-6.7134161609247081e-13,7.8422985671420212e-11,-1.3320507891156907e-15,-2.2496358595414101e-10,5.825483760746769e-14,4.1516269588814936e-14,4.4133028167938031e-17,-1.2782985845691665e-19,1.0104290872779853e-18,-7.7125108624093881e-19,-1.399233060709402e-15,1.4026288438337875e-10,-1.1378910163943601e-07,3.4689063455051183e-08,-3.6814879745038334e-24,7.9325634247945867e-08,4.206914876458967e-07,-1.9319382749127811e-07,0,0.0070005887936278261,0.038469042161123623,2.6029185689423818e-18,0.052428222636501473,0.0093871819008141712,0.093885184700001373,4.7679840629351209e-06,0,0,0,0,0,0,0
13,0,lumen,0.014210526315789474,0.00050000000000000001,0.013684210526315788,0.014736842105263159,0,0.001,1000071.5791192186,1.5235781257460148,14.858187709778527,2676.0339773847973,0.15821456328152367,1173,1173,4.1829719009493839e-05,0.21609217273087056,0.59999999999999998,2,500000,0.00035,0.0001,0.035107634342948113,0.19667607843202325,1.0853757726212443e-17,0.24018579349127187,0.052966741082303828,0.47490325311878728,2.3664670147020581e-05,0.032514855146405917,0.10432881440078992,5.0399140462692495e-18,0.081090813354437019,0.39037191536513305,0.39168480037876247,8.8013544714499132e-06,0.24934555006290302,0.0016497523788119386,5.3816057446113372e-10,0.0019319231607084052,2.9652238923821499e-05,0.42739068478784248,7.4621993633425243e-05,9.9373214817536489e-07,3.5569100462087032e-10,2.2412070111966168e-12,1.5780845134608951e-10,4.0360606875233742e-11,8.8147793880232807e-08,0.3195767324029728,0,0,0,0,0,0,0,4.2890915709883182e-12,5.0744056251856838e-13,-8.5839543010074891e-13,-5.6991160889439131e-10,-7.7195194680967916e-17,1.5506857217566228e-09,-4.1686885060896383e-13,-6.8895843891025876e-14,-1.8010714168087504e-16,1.4869760582771217e-18,-2.0197090914381636e-18,-1.8898386074906471e-19,-1.0503867097257368e-13,-9.8412131242206792e-10,-9.8876222077558945e-08,5.0308993526648749e-08,-1.5244471827750191e-23,4.7017575420666682e-08,3.4364698772715307e-07,-1.4532479863937908e-07,0,0.0081177373211708467,0.047780146947409077,2.6432963701173759e-18,0.058806875643999869,0.012677342358358185,0.11420625777819778,5.7270937160605318e-06,1.5272839204045247e-05,-0.00013989125312394756,-4.5858746818333165e-20,-0.00049581844291238903,0.00029063523431748861,-0.0003654235017004618,-2.622795911662279e-08
13,1,lumen,0.014210526315789474,0.0015,0.013684210526315788,0.014736842105263159,0.001,0.002,1000070.8972834086,1.5543972185092441,15.158750971893483,2633.9665953184881,0.15623099028608217,1173,1173,4.1965339954926482e-05,0.21289010636174088,0.59999999999999998,2,500000,0.00035,0.0001,0.034131168127764601,0.19564481564938285,1.1519518234458041e-17,0.24866888498505138,0.050501318412724781,0.47118114912119319,2.3708814370210678e-05,0.032249945647859594,0.10588115099503762,5.4572632112111855e-18,0.085653155080706589,0.37973060990614782,0.39647614222474464,8.9961455038015851e-06,0.24639499339004783,0.0017200210413094886,5.3479867646652417e-10,0.0019593035774269217,3.1375213110552687e-05,0.42962707990657961,7.6732661869541281e-05,9.7102915812315838e-07,3.5671159097761008e-10,2.2142125573960189e-12,1.5597772315589795e-10,4.0214956246485716e-11,9.1989651036496251e-08,0.32018943010092971,0,0,0,0,0,0,0,3.2090054997155819e-11,4.0633038355767191e-13,2.1797697135792994e-13,-7.2587209314712951e-10,4.7166047109636899e-15,1.7850666691326955e-09,-3.4402731425537598e-13,-3.432063661046314e-14,-9.873249649680625e-17,7.8289244813462079e-19,-4.1663590774375166e-19,-1.1148092057808104e-18,-5.9081437452997126e-14,-1.0914762151849384e-09,-9.984278731512905e-08,4.8938483543370381e-08,-1.2812653212642535e-23,4.9119107888825178e-08,3.4863101476545477e-07,-1.4823584743028917e-07,0,0.0079381871792573895,0.047881905037871555,2.8269861016563895e-18,0.061349542121852195,0.012173766096515902,0.1141267611079979,5.7799840827471426e-06,2.7139022224775591e-05,-0.00028069107339427846,-1.0650839176910315e-19,-0.0010254675402503102,0.00058397627745300159,-0.00072492436893407172,-5.2535044096362089e-08
13,2,lumen,0.014210526315789474,0.0025000000000000001,0.013684210526315788,0.014736842105263159,0.002,0.0030000000000000001,1000053.4226954161,1.6204422792409905,15.803109979616176,2548.6483566474922,0.12271263195996758,1173,1173,4.2229295410354427e-05,0.2063815520140983,0.59999999999999998,2,500000,0.00035,0.0001,0.032253872721755998,0.19327185539566158,1.3048834245823989e-17,0.26542621955305318,0.045647932889645838,0.46286874942596701,2.3747368030000828e-05,0.031771582490210823,0.10904306986012546,6.4445328674460396e-18,0.095311407645496352,0.35782703561369622,0.40603751059150472,9.3937989663210064e-06,0.24022983911056978,0.0018775131109978736,5.2916598747514643e-10,0.0020153157750901164,3.526880614143891e-05,0.43416650863895545,8.1306388542863692e-05,9.2417698414677707e-07,3.5816578040242392e-10,2.1639726897975322e-12,1.5264941974572128e-10,4.0039641819243593e-11,1.0038099696050512e-07,0.3215932225295367,0,0,0,0,0,0,0,-2.8937195198099645e-11,3.1829699728776308e-13,-5.7532898849138238e-13,3.3280355721490735e-10,-2.3246378780261701e-15,-7.3680725670016711e-10,-2.9635120588216083e-13,-2.6466676072978146e-14,-6.0302486982401302e-17,1.339578612351281e-19,7.9893549656163885e-19,-2.5820316805046315e-18,-2.5406436412215846e-14,4.3354859953656522e-10,-1.0221026337103867e-07,2.3778012225861289e-08,1.1794849943350791e-23,7.9169687923956102e-08,3.8581685424254886e-07,-1.8171335086636375e-07,0,0.0061604066517759746,0.038572345732268296,2.6108994369537445e-18,0.053398449480622674,0.0090269057162843998,0.091554948876119036,4.7237440295269321e-06,0,0,0,0,0,0,0
14,0,lumen,0.015263157894736843,0.00050000000000000001,0.014736842105263159,0.015789473684210527,0,0.001,1000059.4740597659,1.5443039697726886,15.060491888745112,2638.9699425516187,0.15700146149161526,1173,1173,4.1965766597098547e-05,0.21408196591515552,0.59999999999999998,2,500000,0.00035,0.0001,0.031677107309956105,0.19919076760684012,1.1056145933575143e-17,0.24721232455359438,0.051602157937427957,0.4701689543818105,2.3764939412711999e-05,0.029737132562519631,0.10710142591416383,5.203793866910141e-18,0.084599495756259691,0.38549299655673513,0.39305999021965182,8.9589906698790517e-06,0.24708322120593237,0.0016717791931621746,4.907940069535029e-10,0.0019332235654538547,3.0846307276000606e-05,0.43052784545726647,7.5143819365481465e-05,1.0010186845724662e-06,3.6182637938578643e-10,2.1367483877826983e-12,1.4495733584883023e-10,3.7358752700525468e-11,9.1122062483190329e-08,0.31867684727372336,0,0,0,0,0,0,0,-4.9119172445197027e-11,-1.7745325649561799e-13,1.1466627976577507e-12,-3.0517611009747974e-10,-1.2138185422061465e-14,1.0301681059848161e-09,4.882611686829235e-13,1.2729617707152308e-13,3.4930975759506385e-17,1.8218074740533472e-18,-6.1432777538967941e-18,5.3283464195953638e-18,-1.5876553592618992e-13,-6.7728656037673778e-10,-9.0150563074493928e-08,4.038019446594987e-08,2.9783256003468878e-24,4.873909745031226e-08,3.1921175414062475e-07,-1.3858335035088487e-07,0,0.0073143687095782338,0.048694885653103107,2.7140804515386776e-18,0.061027861778479964,0.012401986352681438,0.11364069693517576,5.7830044663342844e-06,2.003332503683058e-05,-0.0001445251046655775,-4.7500781413898171e-20,-0.00051872854735048263,0.00029166452113235766,-0.00035687786999250601,-2.6557606477405241e-08
14,1,lumen,0.015263157894736843,0.0015,0.014736842105263159,0.015789473684210527,0.001,0.002,1000058.9062390544,1.5769381151866935,15.37875809576596,2595.2698450665393,0.15500307053418963,1173,1173,4.2102920405136138e-05,0.21083837697046565,0.59999999999999998,2,500000,0.00035,0.0001,0.030656599841057754,0.19800694603671426,1.1733107941889146e-17,0.2558880975623205,0.049123523529870372,0.46591889500947087,2.3789262476217128e-05,0.029387298696897362,0.10871477773580911,5.6391220935628341e-18,0.089419008657244795,0.37473154026663869,0.39773821696348766,9.1576799223635917e-06,0.24408633582618805,0.0017436606973597055,4.859680702598312e-10,0.0019600571583611413,3.2657265167576369e-05,0.4327989321024831,7.7273062312413168e-05,9.7802306242930024e-07,3.628219237056486e-10,2.1047266954478976e-12,1.4273479089086426e-10,3.7091612761880802e-11,9.5115563887183599e-08,0.31930000971878053,0,0,0,0,0,0,0,5.7492965567980827e-11,-1.0455002207787181e-13,3.5178377848821792e-13,1.1407190725136798e-10,-1.3524337899584182e-15,-5.7520300610243436e-10,9.2558788030451245e-14,3.7711587325128804e-14,5.985497575696279e-17,-1.0793841556101128e-18,4.4526528273388375e-18,-4.9259653282724355e-18,3.3841737525232622e-14,4.0322825611439214e-10,-9.0735774675894387e-08,4.089416155705905e-08,-2.4538171803836858e-24,5.0416394074843348e-08,3.2259383580396372e-07,-1.4126587166707338e-07,0,0.007134982974768481,0.048775258590788031,2.9045624212518447e-18,0.063653871758468275,0.01190194965189525,0.11352730191067804,5.8355713583965031e-06,3.6424013150497004e-05,-0.00028527582779053776,-1.1001126291261452e-19,-0.0010691582286582041,0.0005834041883529072,-0.00070489248090034107,-5.2884736521558911e-08
14,2,lumen,0.015263157894736843,0.0025000000000000001,0.014736842105263159,0.015789473684210527,0.002,0.0030000000000000001,1000043.9652503309,1.644374933314626,16.036661104448932,2510.6708267310264,0.12122426095182111,1173,1173,4.2368372842991017e-05,0.20427726471006696,0.59999999999999998,2,500000,0.00035,0.0001,0.028752098653843726,0.19553079149353345,1.3301261434631104e-17,0.27330195454902173,0.044335697795233484,0.45724832185873271,2.3818128744886369e-05,0.028740738150805595,0.11194791284064484,6.6662860769065315e-18,0.099589875350182169,0.35267686526360276,0.40703504736200308,9.5610327615488419e-06,0.23786436685313794,0.001904575667227616,4.7741881747825843e-10,0.0020149177178968333,3.6730023914397009e-05,0.43735174868726084,8.1882235717886846e-05,9.3036903212050581e-07,3.6408295088698593e-10,2.0438456046504998e-12,1.3863290430883304e-10,3.6663485891974085e-11,1.037840567914358e-07,0.32074474364291389,0,0,0,0,0,0,0,-1.9868450819229305e-10,-1.5781501739440282e-12,-1.0202400330342607e-11,1.3794128249441355e-09,-2.8633779375342172e-15,-2.64961855104065e-09,1.1455166264579606e-12,-1.8273230151244491e-13,-5.178059748112149e-17,-8.2480896618339024e-19,-6.2417231552349324e-18,1.0487480779355485e-17,1.4097002460328851e-13,1.4795696193305367e-09,-9.228773478406338e-08,1.5356770244334683e-08,2.3557632098079036e-23,7.9590830142862304e-08,3.5658322893733496e-07,-1.7326806839301767e-07,0,0.0054117448472765983,0.038519442630254419,2.6339374754851163e-18,0.054341638303895226,0.0086602529745709658,0.089331578292654576,4.6792095198176624e-06,0,0,0,0,0,0,0
15,0,lumen,0.016315789473684211,0.00050000000000000001,0.015789473684210527,0.016842105263157894,0,0.001,1000047.4307289416,1.567035076405239,15.282356150404492,2600.4582337749698,0.15552322829201728,1173,1173,4.21202638481741e-05,0.2116906943198143,0.59999999999999998,2,500000,0.00035,0.0001,0.028111202176104393,0.20211702331553708,1.1326621206472936e-17,0.25597978416120326,0.050061639133658041,0.46510252993329076,2.3869359988737406e-05,0.02677837084530656,0.11027577059506057,5.4096337039203583e-18,0.088890323089712994,0.37949394777459783,0.39455245678016743,9.1309151546958687e-06,0.24444106192770951,0.0016997174015730811,4.4067507992988871e-10,0.0019349163605437072,3.229106753033137e-05,0.43406191018473045,7.580232944301691e-05,1.00785784798745e-06,3.6856214949456957e-10,2.023997108078175e-12,1.3130231269609996e-10,3.4161718379231606e-11,9.4643942367165382e-08,0.31775319724995416,0,0,0,0,0,0,0,2.536370219269061e-10,4.4020396248524447e-12,2.2585633192623716e-11,-4.433943136841293e-09,1.673173318644805e-14,1.0311847045306119e-08,-3.4498560267864275e-12,6.2842743162039305e-14,-4.7311217040374208e-16,5.8983983652512862e-18,9.9634103563853138e-18,-2.552624449423379e-17,-5.1381386648138913e-13,-6.1546436699238189e-09,-8.0989169213077639e-08,2.2627983042866617e-08,2.1432170319254786e-23,4.8027188226344307e-08,2.9080249482060783e-07,-1.2456022091544838e-07,0,0.0065905944433019645,0.049465265013491057,2.8004521873753211e-18,0.063250014157220313,0.012103312337968977,0.11315603988475717,5.8385979918388154e-06,1.9056083789629598e-05,-0.00013527186249129023,-4.9296976103269373e-20,-0.00052711464571312215,0.00028849740182482458,-0.00035074460369811293,-2.6406930604883691e-08
15,1,lumen,0.016315789473684211,0.0015,0.015789473684210527,0.016842105263157894,0.001,0.002,1000046.9770131145,1.6022394069606067,15.625690026490219,2554.2445380600007,0.15356897707260128,1173,1173,4.225342039258842e-05,0.20847738817920364,0.59999999999999998,2,500000,0.00035,0.0001,0.027149115673458631,0.20040278441173962,1.2010702074826974e-17,0.26431295131199589,0.047575324920049691,0.46019069474638774,2.3854443886768348e-05,0.026442913794601498,0.11179692215863582,5.8652261898171507e-18,0.093846082555569296,0.3687486508483393,0.39915610042643551,9.3302164187471035e-06,0.24148929466736402,0.0017735769385251307,4.3611815938474002e-10,0.001961828311699144,3.4159033971230108e-05,0.43620500284502212,7.7968395834767222e-05,9.8355259490471163e-07,3.6913397419112073e-10,1.9900701482258199e-12,1.2915224302661877e-10,3.3880250650257038e-11,9.8691215887628953e-08,0.3184570865934982,0,0,0,0,0,0,0,-1.8186460999915761e-10,-3.1846474521032633e-13,-1.6494926870491246e-11,3.4573740901757124e-09,-3.0739191574091773e-14,-8.0246423321377047e-09,3.15871547443852e-13,2.0962398483703737e-14,1.6484760211633784e-17,-6.4806469985664234e-19,-9.2969936142010683e-19,1.8002595354186144e-19,-3.0776552887968251e-15,4.7656431992774824e-09,-8.1489596509467382e-08,3.9646248950475638e-08,-1.4482203622255705e-24,4.9884497656246533e-08,2.9449349050331142e-07,-1.3484790584161743e-07,0,0.0064104941602398935,0.049518108357578354,2.9988555268413298e-18,0.065962841178451304,0.011608482860551255,0.11300671546655976,5.8909744761498835e-06,3.5375421173616984e-05,-0.00026477164297349234,-1.1403659384543775e-19,-0.00108543630153357,0.00057591220412698174,-0.00069207833378554895,-5.2678173400023541e-08
15,2,lumen,0.016315789473684211,0.0025000000000000001,0.015789473684210527,0.016842105263157894,0.002,0.0030000000000000001,1000034.7311237195,1.6695943219740648,16.282761925828755,2473.0106841742099,0.11616226929563171,1173,1173,4.2510871778353484e-05,0.20198817180859319,0.59999999999999998,2,500000,0.00035,0.0001,0.02542987180305804,0.1975140142548566,1.3635846704757956e-17,0.28187855574907617,0.042934985039403344,0.45173058571703056,2.3886184103920766e-05,0.02580992011304243,0.11481876726621126,6.9388476014335374e-18,0.10429142710033529,0.34677586293929763,0.40829428708551696,9.7354955965120669e-06,0.2353679753341309,0.0019388882056418496,4.2782715359659193e-10,0.0020168748199509224,3.8350452067869335e-05,0.44048516891599332,8.2656703370934768e-05,9.3337962886477303e-07,3.6949721992164468e-10,1.9247526778983482e-12,1.2512991321270681e-10,3.3402849901007405e-11,1.074514527121879e-07,0.32006904377998052,0,0,0,0,0,0,0,1.6100303095703909e-10,3.0130146611740579e-12,1.7958902040587434e-11,-3.2557879244823522e-09,1.5856565192817751e-14,7.5647852359420759e-09,-2.3766289525435965e-12,6.5709373706090979e-14,-2.1916503628771847e-16,2.9312364612543911e-18,5.1559456689716091e-18,-1.704548927602426e-17,-3.2540207746030312e-13,-4.4883517044699515e-09,-8.2916006333925291e-08,-3.9956712383215631e-09,5.5718202415219143e-24,7.9329177435189106e-08,3.2794443050043753e-07,-1.589716980832101e-07,0,0.0047415698378487203,0.038349090435898597,2.6709226813391498e-18,0.055265060381301793,0.008285977400298742,0.087210603192712469,4.6348489321841629e-06,0,0,0,0,0,0,0
16,0,lumen,0.017368421052631578,0.00050000000000000001,0.016842105263157894,0.017894736842105262,0,0.001,1000035.4540700139,1.5934403530433259,15.540057134548931,2558.8605116545145,0.1542597912536493,1173,1173,4.2240519824942208e-05,0.20963319882422157,0.59999999999999998,2,500000,0.00035,0.0001,0.025469241376303825,0.20252279979572982,1.1615300354483603e-17,0.26174382917530248,0.048488466391014652,0.45995840998594434,2.3891138494624452e-05,0.024670788889944468,0.11236043841036973,5.6410535390843681e-18,0.092424596332564155,0.3737666359538806,0.39676824705511282,9.2933581280572056e-06,0.2423392425069375,0.0017336755534402551,4.055706402711105e-10,0.0019437639685601768,3.3558292737221649e-05,0.43644460156109971,7.6730646453508988e-05,1.0047147311987278e-06,3.7229606053661969e-10,1.9365704196499739e-12,1.2157559809218531e-10,3.1888008663873833e-11,9.7612822146107974e-08,0.3174273242099514,0,0,0,0,0,0,0,-4.3502281197339747e-10,-4.3697169793436118e-12,-1.5807525889877808e-11,1.8324117605775994e-09,7.6939322968261337e-15,-2.6085804792283507e-09,2.9770672880452457e-12,-6.8139135826761343e-13,-2.9733555880176705e-16,-4.5946839519654375e-18,-1.3034873651323999e-17,1.6970400760385279e-17,4.0181276823965669e-13,1.2286637122146652e-09,-7.4752709300351938e-08,2.5322762997603832e-08,-6.9533290847776808e-24,5.2054606409117521e-08,2.765756772701855e-07,-1.2865523318916772e-07,0,0.0059067091144554195,0.050095024755747369,2.9059529494141535e-18,0.065621386591753081,0.011786319756871118,0.11267422267538869,5.8953544805106444e-06,2.4967642453262085e-05,-0.00014008242772364882,-5.1519365522443394e-20,-0.00055368400363994222,0.0002898569306748716,-0.00034231542134175905,-2.6959318001029849e-08
16,1,lumen,0.017368421052631578,0.0015,0.016842105263157894,0.017894736842105262,0.001,0.002,1000035.1147277697,1.6243227699710538,15.841243864251551,2521.0652000632163,0.15228095161323754,1173,1173,4.2376016199417678e-05,0.20636697958141315,0.59999999999999998,2,500000,0.00035,0.0001,0.02453672274406599,0.20147373668867882,1.2363414398930153e-17,0.27136726055640953,0.046180646983416195,0.45632276894483875,2.3954040147112087e-05,0.024228149885824148,0.11394482667359394,6.1207532498359762e-18,0.097679905275011344,0.36287643386567892,0.40126118588208187,9.4984178098742084e-06,0.2393219733661788,0.0018100042218076801,3.991931176980282e-10,0.0019702139150447892,3.5529869118074172e-05,0.43863802232744192,7.8933197051459173e-05,9.8032821451509812e-07,3.7284498524375902e-10,1.8973161984220238e-12,1.1894790796241006e-10,3.1468819390658274e-11,1.0183075130101794e-07,0.31814424002003927,0,0,0,0,0,0,0,-1.0097866662995386e-10,-2.5399531289135236e-12,-5.70975687117707e-12,7.2003135307321923e-10,1.690151924665928e-14,-1.3047213240358069e-09,8.5231146620597116e-13,-9.5899416879818844e-13,-5.8480281836098591e-16,-3.6347132988746675e-18,-6.1764434571595312e-18,1.0210445791297441e-17,5.1315482748509739e-13,6.9349548301802478e-10,-7.4877453086399232e-08,2.3038428886845708e-08,-2.1083748441463596e-24,5.3149884804006716e-08,2.7784898162797056e-07,-1.2875288041280797e-07,0,0.0057284089225658873,0.050122041931723406,3.1123095298486154e-18,0.068404569746270683,0.01129804114499231,0.11249030592514773,5.9468849777172571e-06,4.7963106070507962e-05,-0.00027206271781732538,-1.1925841384005019e-19,-0.0011394211672609027,0.00057613452992516046,-0.00066815958554319757,-5.3315898214337293e-08
16,2,lumen,0.017368421052631578,0.0025000000000000001,0.016842105263157894,0.017894736842105262,0.002,0.0030000000000000001,1000025.7190882699,1.6941989671072568,16.522868265112528,2438.6802345463725,0.11478264203516832,1173,1173,4.2637435671761551e-05,0.199793453131342,0.59999999999999998,2,500000,0.00035,0.0001,0.022684956891170217,0.19845988601644435,1.4044731624349414e-17,0.28968838785610113,0.041569388712578315,0.44713284709886025,2.3965703832921187e-05,0.023363495251047944,0.1170698519299878,7.2523048455523856e-18,0.10876145948508675,0.34069718926546982,0.41009809212429477,9.911944112942656e-06,0.23309023907216994,0.0019804641754604365,3.8693177782293967e-10,0.0020239900292266704,3.9940533083942183e-05,0.44299234695736467,8.3685482463763313e-05,9.3005239978702502e-07,3.7309219271774464e-10,1.8201502189634469e-12,1.1389193037902943e-10,3.0683820913760967e-11,1.1092075003220815e-07,0.31978829187066093,0,0,0,0,0,0,0,1.2002656642719308e-10,1.0865131483799003e-12,1.1848960237820252e-11,-1.718749436345019e-09,2.1014440187983041e-14,3.8447561146078002e-09,-1.6928887239983963e-12,-5.6849512077017383e-13,-5.5447877673642535e-16,-6.4726578878775817e-19,4.9774801851929804e-18,-1.3429494929008825e-17,1.0362505821577959e-13,-2.2568317356726247e-09,-7.5316244907202776e-08,-9.0207172287470883e-09,7.7879413367961162e-24,8.0480801482776206e-08,3.0633485770953373e-07,-1.5406653480765087e-07,0,0.0041461132733983117,0.038043673549692687,2.7204681806921476e-18,0.056169695246010669,0.007918692484989177,0.085170852871499503,4.5899513369002899e-06,0,0,0,0,0,0,0
17,0,lumen,0.018421052631578949,0.00050000000000000001,0.017894736842105262,0.018947368421052629,0,0.001,1000023.5546639578,1.622565267940447,15.82428671003302,2515.005080211356,0.15248101944972736,1173,1173,4.2407227423603545e-05,0.20679615008532609,0.59999999999999998,2,500000,0.00035,0.0001,0.022061319410758513,0.20439035019376905,1.2028096052214727e-17,0.27173597824995488,0.046632714197604154,0.45425459976523963,2.398389468152152e-05,0.02176055872077912,0.1154705998654143,5.9483730391293867e-18,0.097707924044140582,0.36603642833825178,0.39901498895567306,9.5000757412673997e-06,0.23939707925766918,0.0017771879029216669,3.5709533903231538e-10,0.0019513112962108816,3.5352708607436606e-05,0.43989080356773658,7.7838344005876149e-05,1.003687872286235e-06,3.7795176017197944e-10,1.8172040995467764e-12,1.0819685924266295e-10,2.8725360984809427e-11,1.0176194600643421e-07,0.31686932059924355,0,0,0,0,0,0,0,-2.5665151662532736e-10,4.0752438658871391e-12,-2.3468108768476733e-11,4.041394091860706e-09,-5.6575078823117853e-14,-9.0306254002525677e-09,-2.3000962642376105e-12,7.7299668402308619e-13,2.4470929011947468e-16,4.8961105995883752e-18,9.1445555751915737e-18,-1.8087918465684318e-17,-6.6218337870448176e-13,5.2675214465708401e-09,-6.6014853098957452e-08,2.7433889715489101e-08,-1.5086170074952887e-25,4.7635002421075216e-08,2.458800562252228e-07,-1.1771500113555433e-07,0,0.0053041611415249705,0.050629784328127987,3.0200334677719081e-18,0.067887441738779725,0.01145474102771207,0.1122897379419731,5.9501995308991272e-06,2.1347098879484743e-05,-0.00012514124566684207,-5.3291535968411652e-20,-0.00055228434021505545,0.00028135784252953901,-0.00032932578893823315,-2.6051402911850018e-08
17,1,lumen,0.018421052631578949,0.0015,0.017894736842105262,0.018947368421052629,0.001,0.002,1000023.3289135456,1.653149907373223,16.122571172510199,2479.2585395490287,0.15058921116229074,1173,1173,4.2535123203278544e-05,0.20362178600256772,0.59999999999999998,2,500000,0.00035,0.0001,0.021272915882308223,0.20308909765258817,1.2800418600408727e-17,0.28122078856305183,0.044432511436128676,0.45069292478511086,2.4036405176190666e-05,0.02137842675056641,0.11689819461851934,6.449642475248862e-18,0.1030244308845292,0.35534044047736008,0.40334880692726816,9.7003417568066722e-06,0.23647476978729751,0.0018552837920354239,3.5171856854850781e-10,0.0019775335200224262,3.7362534343114907e-05,0.44189672753826442,8.0062792915575368e-05,9.7829443825880389e-07,3.7795370117773072e-10,1.7782649008263059e-12,1.0585880490160561e-10,2.8342021856916899e-11,1.0596413507993967e-07,0.31767717491089703,0,0,0,0,0,0,0,1.6686622525376743e-10,1.3211077580386816e-11,1.5675156134523413e-11,-2.7624785133256056e-09,-4.7756720453207002e-14,6.2680541328043876e-09,-8.6841434858831872e-12,1.6968182501436724e-12,3.1689505347162004e-16,1.4793634528996916e-17,2.861173864644245e-17,-6.2347428875920923e-17,-1.7475136028869958e-12,-3.6925453808295122e-09,-6.6241421973296452e-08,1.0656222571014951e-08,1.3143675098298935e-24,4.9301568286498169e-08,2.4790162619220402e-07,-1.1276587141839656e-07,0,0.0051313651103503093,0.050612342169354417,3.236951034878657e-18,0.070738935181643814,0.010975643001022488,0.11207438312040184,6.0009447078080085e-06,3.7644906196336714e-05,-0.00023414234852353778,-1.2334092859895114e-19,-0.0011257349130208716,0.00055785963691592632,-0.00064877768083489076,-5.1543259959557549e-08
17,2,lumen,0.018421052631578949,0.0025000000000000001,0.017894736842105262,0.018947368421052629,0.002,0.0030000000000000001,1000016.9288687361,1.7260245964283294,16.833399303017028,2396.0459440159243,0.10977052681020844,1173,1173,4.2779251537041513e-05,0.19726736104007089,0.59999999999999998,2,500000,0.00035,0.0001,0.019721839399791916,0.1990233686608634,1.4506085267097477e-17,0.29834267772985701,0.039955716945925181,0.44086170636551764,2.3979816443777272e-05,0.020693486106505708,0.11960870529453335,7.6313121327790576e-18,0.11411578139376058,0.3336262588239497,0.41194566420539563,1.0104175855097787e-05,0.23047791303237131,0.0020299705484151899,3.4244254311205178e-10,0.0020315060710890511,4.1826669585915809e-05,0.44579381413141189,8.4882216687676013e-05,9.2558945050163592e-07,3.7690793773306968e-10,1.70394717628412e-12,1.016461996184184e-10,2.7695112086338167e-11,1.1494600684618999e-07,0.31953904594458588,0,0,0,0,0,0,0,5.6276633650633542e-11,9.1663737354744188e-12,6.0110403629963661e-12,-1.1582484513965788e-09,-3.2606729816198055e-14,2.8502067238485307e-09,-8.1305421278441416e-12,-3.3123677412039143e-13,-8.6543798854301462e-16,8.5976916088311353e-18,1.7939309161386996e-17,-3.9165699957478217e-17,-6.4568867379840938e-13,-1.75427127022223e-09,-6.6995655052500339e-08,-1.4610986864838083e-08,9.3790882869979012e-24,7.8751434642800387e-08,2.7969730573285112e-07,-1.4458351904611533e-07,0,0.0036121748214038561,0.037673107004787862,2.7824385252631572e-18,0.057045798625617004,0.0075423227872662519,0.083242658567104333,4.5465464905960413e-06,0,0,0,0,0,0,0
18,0,lumen,0.019473684210526313,0.00050000000000000001,0.018947368421052629,0.019999999999999997,0,0.001,1000011.7296031462,1.6388515664091219,15.983310032537503,2492.9230268125116,0.15143757329205335,1173,1173,4.2492643166283618e-05,0.205095973452742,0.59999999999999998,2,500000,0.00035,0.0001,0.020591144034345352,0.20449511644249885,1.2407365402072588e-17,0.27686944480572523,0.045506239401264255,0.45247615899456251,2.4080940676989204e-05,0.020514532133988458,0.11669078351447043,6.1975988470624884e-18,0.10055420879516545,0.36078389522087317,0.40144694596402025,9.6343714822393496e-06,0.23775912687098139,0.001814714967835681,3.3676736656134023e-10,0.0019639021972165925,3.6479677186724462e-05,0.44136006316792803,7.890917925599152e-05,9.9403424632095991e-07,3.7932781502676742e-10,1.7576060087711148e-12,1.0238731608461354e-10,2.73656790704429e-11,1.0425042833756141e-07,0.31698570480731508,0,0,0,0,0,0,0,3.7491358704394556e-10,3.7866177231758735e-12,2.2551246936992869e-11,-3.4187119144952664e-09,3.215906273917879e-14,7.0047583861782003e-09,-3.9615660294107599e-12,-4.7506573327971147e-13,-6.0122191894014919e-16,-4.8968485610170462e-19,1.8684230642828323e-17,-3.4134761053849889e-17,-5.7809336956487563e-14,-3.9828349232223946e-09,-6.2655701721110041e-08,-3.4649962343813456e-09,2.956364574021406e-24,5.9093889700219434e-08,2.4680816881894607e-07,-1.1830860274786303e-07,0,0.0047178876471965355,0.050951382331106153,3.1691340372186408e-18,0.070487338248180875,0.011111620045798245,0.11183210555002521,6.0076111105043655e-06,2.7274083180179565e-05,-0.0001279745524935766,-5.707643104223542e-20,-0.00058478458770356797,0.00028746721705258095,-0.0003308542034570058,-2.7270513281458282e-08
18,1,lumen,0.019473684210526313,0.0015,0.018947368421052629,0.019999999999999997,0.001,0.002,1000011.6175180858,1.6738296933983594,16.324444799163256,2451.7453029620174,0.14948895673986903,1173,1173,4.2624856292983999e-05,0.20182107002005628,0.59999999999999998,2,500000,0.00035,0.0001,0.019678135332616618,0.20273969024709484,1.320718733839654e-17,0.28638663660990493,0.043195007461134742,0.44783428450814827,2.4094177506022457e-05,0.020023351866095124,0.11815826069397205,6.7379211406294824e-18,0.10623060829731237,0.34976910461246979,0.40580882912162303,9.8454085276171371e-06,0.2347333547650263,0.0018973084542670017,3.2959095022814664e-10,0.0019905981067805428,3.8619738924295528e-05,0.4434166532546614,8.1231449015416749e-05,9.6792149379442904e-07,3.792100165217775e-10,1.7131447520647602e-12,9.9563914507939471e-11,2.6851658166625651e-11,1.0866815940956295e-07,0.31784115680474223,0,0,0,0,0,0,0,-5.6952717369434237e-10,-1.2475966555284694e-11,-4.0626086151064346e-11,6.1703064307292437e-09,6.9773939230521886e-14,-1.2530397408691205e-08,2.9769043066920451e-12,-5.5318876649584903e-12,-3.5380767226176636e-15,-1.7391111850964956e-17,-2.1846615511048518e-17,4.3600576350335863e-17,2.903021347472432e-12,6.982305802715155e-09,-6.2411356875104185e-08,1.5164105637843761e-08,8.0739755225502969e-24,5.982083740444969e-08,2.4745761730005089e-07,-1.2844213242990676e-07,0,0.0045429946051532936,0.050907957780945194,3.3973425546924716e-18,0.073418846230148063,0.010638805763838903,0.11158054724302438,6.0578535455237319e-06,5.7132028444311862e-05,-0.00024697677400599627,-1.3254058365730167e-19,-0.0012145838992909171,0.00057059564952483129,-0.00063959683190575748,-5.4182794582236369e-08
18,2,lumen,0.019473684210526313,0.0025000000000000001,0.018947368421052629,0.019999999999999997,0.002,0.0030000000000000001,1000008.3546420891,1.7481986306575248,17.049802183035343,2369.0531209811434,0.10863914133369078,1173,1173,4.2881931430500774e-05,0.19521964792346999,0.59999999999999998,2,500000,0.00035,0.0001,0.017856230289706679,0.19883823559852945,1.5045447016610402e-17,0.30538083604183502,0.038708594162825967,0.4377555861587909,2.4071216378960739e-05,0.018976824420259476,0.12103365167364168,8.0168102815346781e-18,0.11830950135206975,0.32736799268828337,0.41430175678745873,1.0273078287016794e-05,0.22847133567653971,0.0020821259649142655,3.142606765093205e-10,0.0020445961298508997,4.3411888092566909e-05,0.44749940412436162,8.6242251076427748e-05,9.1447455958569102e-07,3.7807443309610643e-10,1.6218688767053914e-12,9.3739692172835868e-11,2.5770017243621265e-11,1.1817797827647736e-07,0.31977185049915979,0,0,0,0,0,0,0,-5.2718700310165225e-11,8.2637540842544342e-12,-6.3740410972414912e-12,8.8284361398911157e-10,-2.9405297641282857e-14,-1.7532834591712371e-09,-7.8266532719219396e-12,-7.1198971197949934e-13,-1.0466542292920421e-15,2.3400915586123829e-18,1.7267889449912271e-17,-4.77761353046968e-17,-5.4673022403905136e-13,9.3038458849306203e-10,-6.1925786773832717e-08,-2.003330451527674e-08,1.108005169943407e-23,8.3720037972520336e-08,2.695476399444674e-07,-1.4653561536404069e-07,0,0.0031373503592308227,0.037143926907553866,2.858473390792154e-18,0.057962166796495566,0.0071964815061803331,0.081323038310720991,4.5009188772284839e-06,0,0,0,0,0,0,0
19,0,lumen,0.020526315789473684,0.00050000000000000001,0.019999999999999997,0.021052631578947371,0,0.001,999999.99999999988,1.6819725547356805,16.40405067319147,2434.6863031215776,0.14899135375855527,1173,1173,4.270031810886593e-05,0.20121326067371703,0.59999999999999998,2,500000,0.00035,0.0001,0.016833271458198833,0.20477112474127318,1.3136798042220965e-17,0.29020713672889398,0.042940840479949297,0.44507420269686848,2.4186504739816497e-05,0.017212107336276341,0.11992416660700668,6.7346928173034317e-18,0.10817270505175267,0.34940660872148799,0.40527448095307927,9.9313303969796121e-06,0.23397187774947656,0.0018916237055006521,2.8254287598907793e-10,0.0019825449764695772,3.9079930976338361e-05,0.44505650321025531,8.0945580295846957e-05,9.799662081312276e-07,3.8362439981673092e-10,1.607751859146971e-12,8.7178049586247684e-11,2.3719013231765004e-11,1.0990336908561157e-07,0.31697633419877652,0,0,0,0,0,0,0,2.9982939607201602e-11,9.2938746820899712e-12,1.664585461521107e-12,-3.8650280106080529e-10,1.8792909936560243e-14,1.2213148021123638e-09,-9.26034546393429e-12,-3.2395679021302026e-13,-1.2519605752009408e-15,1.4197983487266604e-17,3.6035933496223281e-17,-4.6375539546439483e-17,2.603384907573997e-13,-8.6644670631531328e-10,-5.3002188809539094e-08,7.5572839652870982e-09,-1.2746643266112491e-25,4.4221971541294404e-08,2.0321368997266998e-07,-9.6836629603913593e-08,0,0.0042184071873629511,0.051315514427366697,3.2920732858050182e-18,0.072725725028626148,0.010760947482005755,0.11153531387102093,6.0611227998664432e-06,2.4681293846086874e-05,-0.00011149187582194879,-5.859436103806272e-20,-0.00057669293976194715,0.00026899406157690855,-0.00029688846086744125,-2.5418045824908921e-08
19,1,lumen,0.020526315789473684,0.0015,0.019999999999999997,0.021052631578947371,0.001,0.002,999999.99999999988,1.7141146961460438,16.717528627963059,2399.4969895571571,0.14718571858904572,1173,1173,4.2821647127806679e-05,0.19811960149738272,0.59999999999999998,2,500000,0.00035,0.0001,0.016085319073141004,0.20309814170936721,1.396732810774918e-17,0.29978874383293846,0.040871763535645221,0.44096423959691261,2.4210022998019379e-05,0.016761627008362211,0.12121738658737755,7.2973063159400581e-18,0.11387959070572458,0.33892603024924883,0.4092052344917762,1.0130957510714218e-05,0.23110008958128764,0.0019747063605000496,2.7594065475686024e-10,0.0020075414497060808,4.123644151238142e-05,0.4469024937175316,8.3223856497211953e-05,9.5433415787146269e-07,3.8300183774493246e-10,1.5640305189733301e-12,8.4579019627286333e-11,2.3214355301389528e-11,1.1421527666273583e-07,0.31788963927523034,0,0,0,0,0,0,0,8.1575777600451903e-10,2.6086276572079585e-11,6.6412098297069447e-11,-1.209785062178201e-08,-2.508193305827966e-15,2.6271614922152714e-08,-1.3543112740836113e-11,8.1039949056949112e-12,4.5149208129163117e-15,4.8374875473427324e-17,7.4293402169212921e-17,-1.0911648532345459e-16,-2.4601935021603201e-12,-1.507412317221082e-08,-5.2804636478057804e-08,-1.738876470591677e-08,-2.9094879696483497e-24,4.3849728347477775e-08,2.0166649844499673e-07,-8.4492078555875594e-08,0,0.0040582166750058029,0.051240280755381971,3.5238619497944779e-18,0.075634662493785712,0.010311668146776809,0.11125228054702188,6.1080242540473829e-06,4.0465459663888976e-05,-0.00019916071478215061,-1.3201984256858446e-19,-0.0011434431174224629,0.00052034357944005306,-0.00056707239795170756,-4.845567324985885e-08
19,2,lumen,0.020526315789473684,0.0025000000000000001,0.019999999999999997,0.021052631578947371,0.002,0.0030000000000000001,999999.99999999988,1.7833610954961754,17.392879388400477,2326.8281251956828,0.10351505999891436,1173,1173,4.3046567928565356e-05,0.19208507048852708,0.59999999999999998,2,500000,0.00035,0.0001,0.014768588272566361,0.19898586220369294,1.5798977009456597e-17,0.31744132661692787,0.036881159395946508,0.43167900829279304,2.4160345674439226e-05,0.016011236960773698,0.12356076762962187,8.5877149067313787e-18,0.1254565817615049,0.31818926442364615,0.41677163062674877,1.0518597704570328e-05,0.22535266370423024,0.0021560024362538158,2.6527475119979236e-10,0.0020577545545695281,4.589146128736662e-05,0.45037337736737626,8.8041009655670936e-05,9.0243035900025627e-07,3.8069672837430208e-10,1.4837541793354553e-12,8.0164905787575869e-11,2.2390884623566786e-11,1.2316137845403358e-07,0.31992524312487897,0,0,0,0,0,0,0,-7.2422450376037019e-10,1.213465501503386e-11,-7.410492672008269e-11,1.3782320864209022e-08,-1.7329497212226208e-13,-2.9567445471601755e-08,1.3595590993294336e-11,2.53278353151698e-11,2.3017312002129461e-14,9.7808472873933267e-17,9.3649525153838467e-17,-7.7790146036144346e-17,4.4070255383097774e-13,1.6532105323251174e-08,-5.2636901034033845e-08,1.3093658768337235e-08,1.0111358606081295e-23,6.9159174184497792e-08,2.2764794426616275e-07,-1.356531706964148e-07,0,0.00272635126235339,0.036733731525121861,2.9165658977463807e-18,0.058601170644918002,0.0068084365018811948,0.079689987117909034,4.46011410926519e-06,0,0,0,0,0,0,0
