axial_index,radial_index,region,z,r,z_left,z_right,r_inner,r_outer,pressure,density,mean_molecular_weight,cp_mass,velocity_axial,gas_temperature,solid_temperature,viscosity,thermal_conductivity,porosity,tortuosity,specific_surface_area,particle_diameter,pore_radius,Y_CH4,Y_CO,Y_O2,Y_CO2,Y_H2,Y_H2O,Y_AR,X_CH4,X_CO,X_O2,X_CO2,X_H2,X_H2O,X_AR,theta_H(s),theta_O(s),theta_CH4(s),theta_H2O(s),theta_CO2(s),theta_CO(s),theta_OH(s),theta_C(s),theta_HCO(s),theta_CH(s),theta_CH3(s),theta_CH2(s),theta_COOH(s),theta_Ni(s),theta_support_H(s),theta_support_O(s),theta_support_CH4(s),theta_support_H2O(s),theta_support_CO2(s),theta_support_CO(s),theta_support_OH(s),theta_support_C(s),theta_support_HCO(s),theta_support_CH(s),theta_support_CH3(s),theta_support_CH2(s),theta_support_COOH(s),theta_support_Ni(s),wdot_CH4,wdot_CO,wdot_O2,wdot_CO2,wdot_H2,wdot_H2O,wdot_AR,sdot_H(s),sdot_O(s),sdot_CH4(s),sdot_H2O(s),sdot_CO2(s),sdot_CO(s),sdot_OH(s),sdot_C(s),sdot_HCO(s),sdot_CH(s),sdot_CH3(s),sdot_CH2(s),sdot_COOH(s),sdot_Ni(s),sdot_support_H(s),sdot_support_O(s),sdot_support_CH4(s),sdot_support_H2O(s),sdot_support_CO2(s),sdot_support_CO(s),sdot_support_OH(s),sdot_support_C(s),sdot_support_HCO(s),sdot_support_CH(s),sdot_support_CH3(s),sdot_support_CH2(s),sdot_support_COOH(s),sdot_support_Ni(s),sdot_gas_CH4,sdot_gas_CO,sdot_gas_O2,sdot_gas_CO2,sdot_gas_H2,sdot_gas_H2O,sdot_gas_AR,axial_flux_CH4,axial_flux_CO,axial_flux_O2,axial_flux_CO2,axial_flux_H2,axial_flux_H2O,axial_flux_AR,radial_flux_CH4,radial_flux_CO,radial_flux_O2,radial_flux_CO2,radial_flux_H2,radial_flux_H2O,radial_flux_AR
0,0,lumen,0.0005263157894736842,0.00050000000000000001,0,0.0010526315789473684,0,0.001,1000232.8865548653,1.5853293575684124,15.457902714061618,3061.1149890301635,0.14197062570136687,1173.0000000000002,1173,3.9663573081027392e-05,0.19202468968975478,0.59999999999999998,2,500000,0.00035,0.0001,0.18082595996075565,0.0332634595084541,9.9674607871960991e-17,0.082040184494858601,0.024736279497165399,0.68633941418982147,2.2951488596469942e-05,0.17423113490308312,0.018357133916987196,4.8151771721576765e-17,0.028816132849307882,0.18966815574157725,0.58891856194128789,8.8806477563736416e-06,0.25622234460670734,0.0075237858133846572,4.2511728695595492e-09,0.0042823304753220959,2.3749838118229368e-05,0.26064807787522992,0.00023724526107264768,8.3740535350889714e-08,6.4322449222138025e-11,1.4736071272882534e-11,1.2265558345464384e-09,3.7982149149960318e-10,4.9297389416044528e-08,0.47106232714852586,nan,nan,nan,nan,nan,nan,nan,nan,nan,nan,nan,nan,nan,nan,0,0,0,0,0,0,0,-3.0708867155365083e-07,1.6756770460131324e-08,2.2934988494028363e-08,3.8358186612639689e-07,1.0515542971968606e-11,-1.6654937903397586e-07,-1.5996117796533039e-08,3.8891793431583555e-11,2.8990406728840531e-14,1.559376320873797e-14,-8.7515456412971562e-14,1.151498815542507e-13,-1.037403960829494e-10,6.6414804207565827e-08,nan,nan,nan,nan,nan,nan,nan,nan,nan,nan,nan,nan,nan,nan,-1.7610865487502347e-06,8.9907777647835196e-07,3.4094032308001287e-21,1.0056774236602593e-06,6.3823548560049126e-06,-3.1280393428811948e-06,0,0.037410625682916282,0.010803181525978013,1.6318441968760777e-17,0.023340521655612515,0.0065611454949337173,0.14947152788499143,5.1904412800864551e-06,-4.8238310769658708e-06,-2.295515751954058e-06,1.4777800144777419e-19,-2.1863590155452936e-05,1.8482508051851261e-05,-3.0157803814253361e-05,-1.4905219816721453e-09
0,1,lumen,0.0005263157894736842,0.0015,0,0.0010526315789473684,0.001,0.002,1000231.729226273,1.5876359234961519,15.480411013405678,3057.6998564654605,0.14179845661554819,1173,1173.0000000000016,3.9670391031286952e-05,0.19180049247685155,0.59999999999999998,2,500000,0.00035,0.0001,0.18065611016938124,0.033264537187497674,9.6453743001926641e-17,0.082514873572749781,0.024590371664835672,0.6859444615802075,2.2949644755588553e-05,0.17432093981830823,0.01838445940139885,4.6663653523696044e-17,0.029025066636946373,0.1888239386627287,0.58943670261620162,8.8928644162243016e-06,0.25575955409672807,0.0075672871796772043,4.2551640359508544e-09,0.0042879112651419537,2.3922618189822394e-05,0.26086111401083473,0.00023808506834132123,8.3455178204996914e-08,6.4301713065625085e-11,1.478451500704358e-11,1.2285337368570565e-09,3.8093911934615735e-10,4.9545413335366358e-08,0.4712619868176075,nan,nan,nan,nan,nan,nan,nan,nan,nan,nan,nan,nan,nan,nan,0,0,0,0,0,0,0,-6.9931682701875156e-08,8.6606725323442927e-09,7.7383901187599201e-09,9.7681743365647694e-08,-5.5879013438966951e-12,-7.6942582521912634e-08,-8.2197332957970849e-09,2.6182012504219476e-11,3.0675859309658951e-14,9.4516318260473444e-15,-4.8180401523368341e-14,7.0402689408504107e-14,-8.2596018422767274e-11,4.1075131764022806e-08,nan,nan,nan,nan,nan,nan,nan,nan,nan,nan,nan,nan,nan,nan,-1.7524083472421348e-06,8.0941537089485038e-07,9.1012050438677025e-20,1.0122591083062443e-06,6.2857125091159149e-06,-2.8549373504160869e-06,0,0.037411169727587026,0.010788457292588611,1.5893024643046146e-17,0.023514508289604202,0.0065103015553600483,0.14950692321401751,5.1943904322059076e-06,-4.8852031371311039e-05,5.1812293732308692e-06,-7.7381153792338884e-19,-5.9260198503250911e-05,9.288184127000805e-05,-0.00016592603236705765,-5.792757487150711e-09
0,2,lumen,0.0005263157894736842,0.0025000000000000001,0,0.0010526315789473684,0.002,0.0030000000000000001,1000229.0444627287,1.6021302760640066,15.62178165328608,3035.9429926085445,0.14124872292420565,1172.9999999999998,1173.0000000000002,3.96901844264951e-05,0.19077611211793216,0.59999999999999998,2,500000,0.00035,0.0001,0.17995632353038538,0.032852704410596983,1.1157553624258502e-16,0.083367217659169143,0.023818828233013737,0.68300953353280069,2.2863642463420091e-05,0.17523146502024486,0.018322662442780958,5.4472425308768387e-17,0.029592684935206798,0.18456970927245361,0.59227453788299689,8.9404463169549067e-06,0.253767806271402,0.0078067764135420136,4.2926862669187064e-09,0.0043239711689755517,2.4595938368067949e-05,0.26088429217021264,0.0002428376030127132,8.1215289279704407e-08,6.3586497987412862e-11,1.5096312932105845e-11,1.2438799256941348e-09,3.8831042893886001e-10,5.0364187309458819e-08,0.47294958285344113,nan,nan,nan,nan,nan,nan,nan,nan,nan,nan,nan,nan,nan,nan,0,0,0,0,0,0,0,-2.1575273736009913e-07,1.7700614111614624e-08,2.6445105983697485e-08,3.4862684737523117e-07,-2.8911970473971538e-11,-3.612245800617875e-07,-1.6798511995010007e-08,1.0248064918373656e-10,2.7132235899934888e-13,2.031100882079123e-14,-9.9794002887172761e-14,1.5183237209666989e-13,-1.0553147510711353e-10,2.0103488115395471e-07,nan,nan,nan,nan,nan,nan,nan,nan,nan,nan,nan,nan,nan,nan,-1.8147160526921224e-06,1.0996631729931483e-06,-1.301556031414002e-19,1.0498639728927605e-06,6.5316701612500028e-06,-3.1874268727749566e-06,0,0.037532147779069554,0.010622409576713177,1.9060352934880688e-17,0.023817067992686451,0.0063160471059319446,0.14971876675885912,5.1999707595905544e-06,-0.00047094226614896346,0.00021180388857097693,-1.6901663591325693e-18,0.0003564226779168481,0.00044973934261315269,-0.0010543668880297833,-1.3876786598381805e-08
0,3,support,0.0005263157894736842,0.0040000000000000001,0,0.0010526315789473684,0.0030000000000000001,0.0050000000000000001,1001703.049847245,1.6461311238363483,16.027198930039184,3010.5528060058668,0.13901259803281948,1173,1173,3.9594003690212551e-05,0.18502216148635042,0.40000000000000002,2,300000,0.00033700000000000001,0.0001,0.18869679323191063,0.025326458504739965,1.6045092376309985e-16,0.06707079572180627,0.019256682983773723,0.69630285288792038,2.2716669022672793e-05,0.18851094200513016,0.014491688277359877,8.0366862730787936e-17,0.024425844382499267,0.15309061950081448,0.61947179232797711,9.1135062191298034e-06,nan,nan,nan,nan,nan,nan,nan,nan,nan,nan,nan,nan,nan,nan,0.24411416902063596,0.010389334081142738,4.8811323675427224e-09,0.0047802880135853825,2.590725843119763e-05,0.24122574067110392,0.0002945472657564992,5.4036920615526763e-08,4.8449968715181953e-11,1.9082337103960931e-11,1.4706217659151731e-09,4.844264909601247e-10,4.8379528872782711e-08,0.49916990437458347,0,0,0,0,0,0,0,nan,nan,nan,nan,nan,nan,nan,nan,nan,nan,nan,nan,nan,nan,-1.0598136595896048e-08,1.1790357483784205e-09,1.1587329556754027e-08,2.8691541067398809e-07,-5.8034332547918233e-12,-4.8638389483617603e-07,-2.2792594137283705e-09,3.0207152567057055e-10,1.6376089928060778e-12,2.1837409189354149e-15,2.4501232591295023e-14,1.6309676622081968e-14,1.45583448813413e-09,1.9782573152426706e-07,-2.402212159389322e-06,1.4280709523112334e-06,6.9276780922830831e-20,1.4471839891830861e-06,8.6248160793347961e-06,-4.1247719225756541e-06,0,0.039780094631121581,0.008428780189459216,2.4861642828147083e-17,0.020252968469331459,0.0055288711583180803,0.15318691074031121,5.1818251091285275e-06,0,0,0,0,0,0,0
1,0,lumen,0.0015789473684210526,0.00050000000000000001,0.0010526315789473684,0.0021052631578947368,0,0.001,1000222.2062838502,1.5087805594548485,14.711663560475616,3041.8477533601713,0.15053826806486295,1173,1173.0000000000002,3.9998054973762134e-05,0.20821657414497258,0.59999999999999998,2,500000,0.00035,0.0001,0.14432472422347162,0.065753163182402458,3.6710592335576194e-17,0.12812150921030455,0.038526618770945077,0.62345262276854208,2.2805696104324247e-05,0.13234786425444989,0.034535466432579688,1.6878363758571527e-17,0.042829433487749743,0.28114615748057964,0.50913268010363089,8.3982410099941866e-06,0.26924460692714958,0.0037878877919627334,2.7872921388573031e-09,0.0031954209072805697,2.2525838835095689e-05,0.317016039875819,0.00014541588229070491,2.3224468063193653e-07,1.2715879762926439e-10,7.9993776664563149e-12,7.6557513196670005e-10,2.100626211255775e-10,5.6862137617736222e-08,0.4065878097717267,nan,nan,nan,nan,nan,nan,nan,nan,nan,nan,nan,nan,nan,nan,0,0,0,0,0,0,0,3.3364762436787698e-08,5.291960730437716e-10,3.0762732323307926e-09,2.0914852936388933e-08,1.6086403476639477e-11,-2.3082634085028197e-07,-7.1685875017876672e-10,-1.5882500392985777e-12,1.2571328183116623e-13,-8.3774823556613567e-16,3.8817817452984216e-15,-4.8084870081011675e-15,1.8055538962495919e-10,1.7346293748500469e-07,nan,nan,nan,nan,nan,nan,nan,nan,nan,nan,nan,nan,nan,nan,-8.0019554495394662e-07,6.8597987964991169e-07,-1.5245047166490134e-20,3.4177055545728246e-07,2.7167246467590944e-06,-1.1598152492853231e-06,0,0.030729432700502372,0.017514787145544299,6.9985637702663507e-18,0.031361690034945086,0.0093386855753210107,0.13889956054584621,5.1985878366865914e-06,-2.3090475739931699e-05,4.9899023021321803e-07,7.0725569417765353e-21,-5.000498625850457e-05,5.8084604870470566e-05,-0.00010011885002842256,-3.8678112088081042e-09
1,1,lumen,0.0015789473684210526,0.0015,0.0010526315789473684,0.0021052631578947368,0.001,0.002,1000221.0629284274,1.5132967911195199,14.755716838747752,3036.1605851105965,0.15024445949779874,1173,1173,4.0014512454788246e-05,0.20759942758184047,0.59999999999999998,2,500000,0.00035,0.0001,0.14433990263407992,0.06554612870461532,3.6455164942583474e-17,0.12910859222583032,0.038082980227323475,0.62347316138260844,2.2818651844902281e-05,0.1327581332544352,0.034529814889018913,1.6811116044834228e-17,0.043288641603619754,0.2787409090327454,0.51067407304583123,8.4281743495706385e-06,0.26846419001900884,0.00383747779160262,2.799827464210574e-09,0.0032095603595054382,2.2816819163856548e-05,0.31716424595066395,0.00014668808694818136,2.2984876827384672e-07,1.2676916330989738e-10,8.0641759772174759e-12,7.6936275294116719e-10,2.1168085894364816e-10,5.7350012957898487e-08,0.40715472986000711,nan,nan,nan,nan,nan,nan,nan,nan,nan,nan,nan,nan,nan,nan,0,0,0,0,0,0,0,-1.4130840051531494e-09,3.2517414617191792e-09,3.6618787772998522e-10,3.0906495179776491e-09,3.5196202506290741e-12,1.4073672828258249e-09,-3.0393650045126909e-09,9.9474673290189664e-12,-2.1639669329102672e-14,4.8353456224321118e-15,-2.640665475668007e-14,3.5570117459487866e-14,-5.076557358690007e-11,-3.6261909042013026e-09,nan,nan,nan,nan,nan,nan,nan,nan,nan,nan,nan,nan,nan,nan,-8.0552918597757983e-07,4.5575786003504426e-07,-5.2737014184078993e-22,3.480350768781187e-07,2.7659308599325971e-06,-1.1564438935351973e-06,0,0.030751770310279074,0.017470247273972835,5.9330135298254575e-18,0.031660592575813606,0.009229562922022096,0.13898139152879366,5.2048761167179884e-06,-0.00011059343269703643,4.1012141246680469e-05,-5.9092457636481774e-19,-8.5392258352889319e-05,0.00018075234511656557,-0.00033982252580760128,-9.4038472726502097e-09
1,2,lumen,0.0015789473684210526,0.0025000000000000001,0.0010526315789473684,0.0021052631578947368,0.002,0.0030000000000000001,1000218.4327685938,1.528507926543357,14.904075387251144,3017.7858361810322,0.14912674880138957,1173,1172.9999999999991,4.0042724811714283e-05,0.20584380276816455,0.59999999999999998,2,500000,0.00035,0.0001,0.14502516577081573,0.064017347244402847,4.8206452893525767e-17,0.13014984749862976,0.036685349132489477,0.62359700433224274,2.2787435346623257e-05,0.13472953959339473,0.034063526220007655,2.2453672356931029e-17,0.044076510231062231,0.27121091720151363,0.5159110054860796,8.5012679421322763e-06,0.26650481776206109,0.004009900439588405,2.8595423876073812e-09,0.0032631780583532327,2.3519182303466529e-05,0.31629145918329865,0.00015119443919735584,2.1979339806622244e-07,1.241443125139763e-10,8.3298265817854073e-12,7.8708454300511273e-10,2.1844446441783422e-10,5.8313047487140797e-08,0.40975564883011623,nan,nan,nan,nan,nan,nan,nan,nan,nan,nan,nan,nan,nan,nan,0,0,0,0,0,0,0,-5.9079300891202657e-08,5.0757671037507021e-09,7.9667262462154509e-09,8.3096946042240007e-08,-3.4807147398716043e-12,-1.0623961933472516e-07,-4.7088690851217412e-09,5.4646916657595523e-11,7.0110925246342828e-14,8.9842976706532219e-15,-4.791501639361549e-14,6.6735158461453642e-14,-7.0243259868433617e-11,7.3907328838790099e-08,nan,nan,nan,nan,nan,nan,nan,nan,nan,nan,nan,nan,nan,nan,-8.4679597965771347e-07,5.7188762792037551e-07,-1.4351757728038117e-19,3.7320022402898806e-07,2.9218556558130437e-06,-1.2953649227709363e-06,0,0.031081792219971392,0.017017904854930696,8.6099220685524417e-18,0.031929891911346826,0.0089009114603742466,0.13947376952081236,5.2099454979563748e-06,-0.00057364560059902539,0.00039805848993512618,-1.3192528980389175e-19,0.00036334198778469089,0.00050090414387415948,-0.0012091636897995869,-1.4150208070872005e-08
1,3,support,0.0015789473684210526,0.0040000000000000001,0.0010526315789473684,0.0021052631578947368,0.0030000000000000001,0.0050000000000000001,1001618.3320620676,1.5586723033071648,15.1769586507741,3025.2813476260862,0.14484689263641537,1172.9999999999998,1173,3.99021640127215e-05,0.20038678279918751,0.40000000000000002,2,300000,0.00033700000000000001,0.0001,0.15881034313735531,0.050186811783518831,5.1379365091171237e-17,0.11307043208011709,0.031771463008870328,0.64618152076174906,2.2818092650925032e-05,0.15023736278195401,0.027193258381029907,2.4369726217005192e-17,0.038993507516760173,0.23918362121042849,0.54438358154290267,8.6685669249717545e-06,nan,nan,nan,nan,nan,nan,nan,nan,nan,nan,nan,nan,nan,nan,0.26376962388390263,0.0050527366965713982,3.362919746208356e-09,0.0036314392693079229,2.3682725449735231e-05,0.29579873115533339,0.00017903920503392929,1.5480327777108743e-07,9.8226063464164893e-11,1.0349211307788145e-11,9.3767659511874596e-10,2.7051974532574726e-10,5.5198003641595522e-08,0.43154453239597573,0,0,0,0,0,0,0,nan,nan,nan,nan,nan,nan,nan,nan,nan,nan,nan,nan,nan,nan,-4.3268281184199333e-08,4.30652985388007e-08,1.0140472459702914e-08,2.5122927050513636e-07,-2.356555499783558e-10,-6.2231435207261987e-07,-3.9586770666352536e-08,1.9038059677453818e-09,5.5461047971851528e-12,5.9010098165020804e-14,-2.6221822971987748e-13,4.1207468636510432e-13,8.408149022828262e-10,3.9821964156571176e-07,-1.1195117450603365e-06,1.1733334858154976e-06,5.5456752817023775e-20,5.5583741859886101e-07,3.9271352059860876e-06,-1.9186176341001726e-06,0,0.033933193635701749,0.013482222101033361,8.9667163848996309e-18,0.028121240795432361,0.0078438294516138176,0.14323708606569807,5.1762343803311656e-06,0,0,0,0,0,0,0
2,0,lumen,0.002631578947368421,0.00050000000000000001,0.0021052631578947368,0.0031578947368421052,0,0.001,1000210.9475222328,1.4717241654004349,14.350499386605948,3016.9371283212195,0.15582778756532226,1173,1172.9999999999991,4.0187366041411489e-05,0.21650801875294981,0.59999999999999998,2,500000,0.00035,0.0001,0.1216288928449778,0.090306521171810372,2.2871232597195006e-17,0.14817651206524793,0.046246575409957025,0.58676976827425542,2.2663657172172501e-05,0.10879731672164898,0.046267178746254266,1.0257316374678694e-17,0.048317547444880579,0.32919714883591966,0.46741266720503005,8.1410462665208765e-06,0.271406691600794,0.0027667738022270432,2.1345100437280973e-09,0.0027328088988710485,2.2050760774020414e-05,0.34419023458579989,0.00011493308567145395,3.6941897034176102e-07,1.7172112206153279e-10,5.8561229212206255e-12,5.8225527039613869e-10,1.5202502630124184e-10,6.0213717596936853e-08,0.37876607458640071,nan,nan,nan,nan,nan,nan,nan,nan,nan,nan,nan,nan,nan,nan,0,0,0,0,0,0,0,-1.4386640520125798e-07,3.8027627255887254e-09,2.4264100767174102e-08,4.7783057421169424e-07,-3.3536514819527963e-11,-1.007673724139329e-06,-3.1532381594348233e-09,3.9831518378746766e-10,7.4000276914978578e-13,8.9215620099787096e-15,-3.5633717250105714e-14,5.4039353638246961e-14,1.4071866165650273e-11,6.4841631183751716e-07,nan,nan,nan,nan,nan,nan,nan,nan,nan,nan,nan,nan,nan,nan,-5.4899097920273199e-07,1.3665767201742618e-06,-4.7691785171197181e-21,1.6544426455398897e-07,1.8133590279911793e-06,-1.1682334345453071e-06,0,0.026369959473748227,0.022809851026169455,4.6789352935887689e-18,0.03535028974069334,0.011001382206009368,0.13266590678543427,5.2099812318309532e-06,-3.3784459866850126e-05,7.3135075468204869e-07,4.932076828194478e-19,-7.446194868628516e-05,8.6957046915416052e-05,-0.00014767545380012955,-5.4117999805517743e-09
2,1,lumen,0.002631578947368421,0.0015,0.0021052631578947368,0.0031578947368421052,0.001,0.002,1000209.8310771226,1.4653209878324243,14.288079181691922,3035.1038441382329,0.15522977232509647,1173,1173,4.0212198172809401e-05,0.21562466581369291,0.59999999999999998,2,500000,0.00035,0.0001,0.12281752829481142,0.090685218154822042,1.2799116727906056e-17,0.1508801925920934,0.045968516609614596,0.59205362376853321,2.2876087294601143e-05,0.10938269458180849,0.046259106662088656,5.7151944891568008e-18,0.048985165277664965,0.32579454622177262,0.46957030564598617,8.1816106791628946e-06,0.270476198028132,0.0028135286892848233,2.1497797879148411e-09,0.0027502634417946037,2.2419181960527371e-05,0.34438706970966204,0.00011626962874326136,3.6450059778917807e-07,1.7110153624496891e-10,5.9165749658682501e-12,5.8645181413207484e-10,1.536344485241896e-10,6.0902843517050549e-08,0.37943382284944055,nan,nan,nan,nan,nan,nan,nan,nan,nan,nan,nan,nan,nan,nan,0,0,0,0,0,0,0,-6.0974684820799005e-10,-5.2005083356170668e-11,2.2235404296373516e-11,-2.3136346833462937e-08,1.4484918256160717e-12,4.6570811931866476e-08,1.9531943752381487e-11,-7.0080508236813888e-12,-1.5638701177320126e-14,1.8155730396259291e-18,3.9699538525282754e-16,4.231794999428344e-16,2.0419215979312658e-11,-2.2829325291619434e-08,nan,nan,nan,nan,nan,nan,nan,nan,nan,nan,nan,nan,nan,nan,-5.3204723661839926e-07,3.1450550433409497e-07,1.32476067688339e-19,1.7093384007654538e-07,1.767290150167522e-06,-6.7981889628754288e-07,0,0.026460675785640517,0.02267074436134069,3.2836345255653612e-18,0.03568913566143983,0.010836661393714784,0.13284828047882091,5.216726545162956e-06,-0.0001601653510714868,8.7801905709594815e-05,-5.6936689603799168e-19,-8.6558188104357537e-05,0.00023427044435452683,-0.00045134224273064003,-1.114978336293418e-08
2,2,lumen,0.002631578947368421,0.0025000000000000001,0.0021052631578947368,0.0031578947368421052,0.002,0.0030000000000000001,1000207.2871885005,1.4841310386852671,14.471529382145667,3012.586148070834,0.15379801024529779,1173,1173.0000000000005,4.023822152107571e-05,0.21354685994333672,0.59999999999999998,2,500000,0.00035,0.0001,0.1243519746537982,0.087650263740645981,2.4294428741231263e-17,0.15134329951546319,0.044098149310007967,0.59282339697673836,2.2818102413322445e-05,0.11217124321699644,0.045285018460391832,1.0987484822525544e-17,0.049766388823397435,0.31655142035616418,0.47621766348999572,8.2656530542979909e-06,0.26879275246112955,0.0029606855754321553,2.2226126459259833e-09,0.0028120076499400103,2.3094178123301539e-05,0.34275253714438536,0.00012060277684030593,3.446792414117741e-07,1.6645563153581532e-10,6.1639396058338769e-12,6.0655332118867017e-10,1.6036211549175806e-10,6.1841724250295996e-08,0.38253791052899266,nan,nan,nan,nan,nan,nan,nan,nan,nan,nan,nan,nan,nan,nan,0,0,0,0,0,0,0,-1.1020570176996818e-09,-1.3257829630484663e-10,-1.0783696483903472e-09,-4.8088675123148731e-08,4.6804264023508901e-12,1.0131228256858322e-07,7.67891265017515e-11,8.4678533824635027e-11,2.237721557286474e-13,-4.6746120015154934e-17,1.6225689723256062e-15,5.4230954444251201e-16,1.2716453518762606e-10,-5.1204141205484735e-08,nan,nan,nan,nan,nan,nan,nan,nan,nan,nan,nan,nan,nan,nan,-5.6129888537093109e-07,2.7010356115630962e-07,9.7172180900631131e-21,1.9074466193795584e-07,1.8783167389929689e-06,-7.0502461702037778e-07,0,0.026965145931565224,0.021940975384131894,5.0991135907767578e-18,0.035901248183741352,0.010426681434862866,0.13354132719563819,5.2208239476882861e-06,-0.00060684667537502671,0.00049812524223858388,-7.6633334023371303e-20,0.00029599593366386173,0.00052535828803195622,-0.0012632132273780006,-1.6031853527585443e-08
2,3,support,0.002631578947368421,0.0040000000000000001,0.0021052631578947368,0.0031578947368421052,0.0030000000000000001,0.0050000000000000001,1001529.8544165987,1.5234845683240563,14.835642419815462,3004.7426780543328,0.14978399220150659,1172.9999999999986,1173.0000000000002,4.009435808220088e-05,0.20820409471022072,0.40000000000000002,2,300000,0.00033700000000000001,0.0001,0.13863199002970839,0.069660252638942557,2.6028630325636341e-17,0.13560310071429832,0.03868315057711106,0.61263763395578597,2.2753589207286206e-05,0.12819888001172949,0.036895915709580798,1.2067987130092681e-17,0.045712447754221924,0.28466735596919535,0.50451695089035997,8.4496649123071472e-06,nan,nan,nan,nan,nan,nan,nan,nan,nan,nan,nan,nan,nan,nan,0.26776669259295821,0.0036615163288056247,2.6701777368976147e-09,0.003131575333398614,2.3295553492540496e-05,0.32368997719124831,0.00014153440039576192,2.5069644919758163e-07,1.3528197975577868e-10,7.6344914061590092e-12,7.3267185075737472e-10,2.0018427913514184e-10,5.9206188744685375e-08,0.40158509495068556,0,0,0,0,0,0,0,nan,nan,nan,nan,nan,nan,nan,nan,nan,nan,nan,nan,nan,nan,-1.6686798463391197e-07,4.9788661052723605e-09,2.5499726731032363e-08,9.7870928815054514e-07,-6.7118426051379632e-11,-1.8926605733767888e-06,-4.2566282643784119e-09,7.8031566115317058e-10,1.937494732551108e-12,8.8292692426085273e-15,-2.866037632155534e-14,5.3190275623723117e-14,4.1690211550603724e-10,1.0534652353225814e-06,-7.7421516295715642e-07,2.3370204915162951e-06,1.1520315115806398e-19,3.0322344789870613e-07,2.6350143011721894e-06,-2.0309398447437843e-06,0,0.029900357734764342,0.017619637032049631,6.0673570157318555e-18,0.032451916188752997,0.0092027098884756089,0.13675499269914629,5.1699005078445025e-06,0,0,0,0,0,0,0
3,0,lumen,0.0036842105263157894,0.00050000000000000001,0.0031578947368421052,0.0042105263157894736,0,0.001,1000199.3197486048,1.4312977228015051,13.95647116557765,3032.0888205162578,0.15928484962183384,1173,1173.0000000000005,4.0328413640214458e-05,0.22150192880402048,0.59999999999999998,2,500000,0.00035,0.0001,0.10674529286701176,0.11127280693302084,1.7326797122807073e-17,0.1618663239963567,0.05192211768998329,0.56911947422409637,2.285615926650173e-05,0.092862158072654188,0.055443617332152598,7.5573768496865635e-18,0.051332288475839073,0.35944917579165725,0.44090477556354774,7.9847641491559901e-06,0.27135117691803223,0.0022870183297676065,1.7431754941298387e-09,0.0024664570080637073,2.1844980674146496e-05,0.3613675127568528,9.9272193179835729e-05,4.9015546683097617e-07,2.0573406647500963e-10,4.7798067918664972e-12,4.7624590830923896e-10,1.2105794992177199e-10,6.2325018369493622e-08,0.36240616278192561,nan,nan,nan,nan,nan,nan,nan,nan,nan,nan,nan,nan,nan,nan,0,0,0,0,0,0,0,3.6393749074434703e-09,4.219750099595693e-10,-2.5777119852180302e-10,-1.6957980336584151e-09,7.5772950197325328e-12,-7.2716949790167101e-09,-4.6775544036253548e-10,-2.7517908524760104e-11,-2.085954169460634e-14,7.7144326320626044e-16,-6.559613696895715e-15,8.0576988291340754e-15,2.7131963770419081e-11,5.6244969788826291e-09,nan,nan,nan,nan,nan,nan,nan,nan,nan,nan,nan,nan,nan,nan,-3.9160418365165317e-07,2.9896067108015068e-07,-7.2117209824223464e-22,1.0016580599428015e-07,1.2741687511474975e-06,-4.9034840726713824e-07,0,0.023169889606960807,0.027079679499243527,3.6801054517484458e-18,0.037841264408377449,0.0121220605844733,0.12840282348161333,5.2231056865160147e-06,-5.168287495017754e-05,1.4475591893474477e-05,3.9088015531370908e-20,-8.1150464253840212e-05,0.00011067551149349397,-0.0001921842776460976,-6.2338013120649215e-09
3,1,lumen,0.0036842105263157894,0.0015,0.0031578947368421052,0.0042105263157894736,0.001,0.002,1000198.2432389931,1.4427200335223129,14.067864357368636,3014.6993291759982,0.15860482765680395,1173,1173.0000000000002,4.0354728640142932e-05,0.22045468653933481,0.59999999999999998,2,500000,0.00035,0.0001,0.10690561890084357,0.11007837289941341,1.6387463711246826e-17,0.16282635722852704,0.050913200221243383,0.56810949112718623,2.2805171079581758e-05,0.093743922317372816,0.05528624129342348,7.2047195653203688e-18,0.052048878804230238,0.35527777515476328,0.44363515189070091,8.0305395092401064e-06,0.27043669183535268,0.0023339322261249117,1.7640598955281263e-09,0.0024878426259448503,2.222962641848525e-05,0.36131898196127454,0.00010071900576155776,4.8130735203126361e-07,2.0445843840136538e-10,4.8444361979448752e-12,4.8175756340166145e-10,1.2291257227203202e-10,6.3053688501039334e-08,0.36329905578013483,nan,nan,nan,nan,nan,nan,nan,nan,nan,nan,nan,nan,nan,nan,0,0,0,0,0,0,0,-4.0742909133051568e-08,7.4825904166880403e-10,3.7532159834730868e-09,1.2749401438786204e-08,1.0609097801650424e-11,6.1489837598635924e-08,-7.7260145915598139e-10,-2.6938661913146478e-11,-3.0448546135865459e-14,1.5975513946843837e-15,-1.15388396548365e-14,1.4190242355269991e-14,2.1427692855430055e-11,-3.7230275446261441e-08,nan,nan,nan,nan,nan,nan,nan,nan,nan,nan,nan,nan,nan,nan,-4.0352138854123087e-07,2.334564050410215e-07,1.5525750978020621e-20,1.0481685796680329e-07,1.3249030634127079e-06,-5.1736906075960931e-07,0,0.023316668446476698,0.026855432872828638,3.721784088579795e-18,0.038189646829603199,0.011924002707548979,0.12865719994286626,5.2295935530008653e-06,-0.00019077359976605495,0.00012370415456640184,-1.7243768426068857e-19,-9.2336869587570427e-05,0.00026649518024253032,-0.00051874248269686825,-1.2283893425432972e-08
3,2,lumen,0.0036842105263157894,0.0025000000000000001,0.0031578947368421052,0.0042105263157894736,0.002,0.0030000000000000001,1000195.8059367964,1.4556346407330012,14.193828396646508,3006.4653273154127,0.1569552401273418,1173,1172.9999999999998,4.03789538116029e-05,0.21821919786280597,0.59999999999999998,2,500000,0.00035,0.0001,0.10965413837920425,0.1064333235962136,1.9771310967904012e-17,0.16392674491087716,0.049021007352321254,0.57246110545479445,2.2858295349294938e-05,0.097015023570189804,0.053934178179557424,8.770254236363664e-18,0.052869824056121173,0.34513678878452114,0.4510360640899202,8.1213196903067645e-06,0.26895459722935644,0.0024646238485439807,1.8420860603559836e-09,0.0025521674377505421,2.2899610007074888e-05,0.35932244528855939,0.00010482990229813516,4.5272000193368161e-07,1.9836481138661219e-10,5.0696627479369348e-12,5.0263408240562054e-10,1.2940055584721431e-10,6.4021777337208516e-08,0.36657791726415812,nan,nan,nan,nan,nan,nan,nan,nan,nan,nan,nan,nan,nan,nan,0,0,0,0,0,0,0,1.309114025599169e-08,1.180610322734875e-10,-5.6280992323101059e-10,1.8202251479680757e-08,1.3773755356757955e-11,-9.5834474438095084e-08,-2.4319896204405823e-10,2.7893738751075259e-12,9.3897213034024492e-14,1.0054594704267916e-16,-5.2337234084940996e-15,6.192171249658463e-15,1.0286929626891309e-10,6.5109502899821204e-08,nan,nan,nan,nan,nan,nan,nan,nan,nan,nan,nan,nan,nan,nan,-4.2670608143766109e-07,4.0174532900394411e-07,-5.9131103764871171e-21,1.2123850941734588e-07,1.3965584475528203e-06,-5.6669836701050968e-07,0,0.023958309456694561,0.0258819608725975,4.158658596615346e-18,0.038370350262198691,0.011458883581732054,0.12949997008759709,5.2337625546795729e-06,-0.00060224741677611588,0.0005336063505404317,-2.7311651375745589e-19,0.00020663194086578297,0.00053855069625604126,-0.0012600227491855734,-1.8416250272164231e-08
3,3,support,0.0036842105263157894,0.0040000000000000001,0.0031578947368421052,0.0042105263157894736,0.0030000000000000001,0.0050000000000000001,1001439.2673667244,1.4882256617165752,14.493603278780794,3012.2551827103143,0.15055443977818345,1173,1172.9999999999995,4.0253614472392011e-05,0.21283287443404125,0.40000000000000002,2,300000,0.00033700000000000001,0.0001,0.1247498474242103,0.087108359012504327,2.7704657122856098e-17,0.15205101356990727,0.043614443274364284,0.59486185897616806,2.2957254195757282e-05,0.11270178879604427,0.045073687889783907,1.2548918973477242e-17,0.050075372510594449,0.31355676490254225,0.47858405715673757,8.3287442974576193e-06,nan,nan,nan,nan,nan,nan,nan,nan,nan,nan,nan,nan,nan,nan,0.26818928569504719,0.0030094895672128424,2.2401033948561484e-09,0.0028348117850109053,2.3393660781188316e-05,0.3425592008415223,0.00012208469334221901,3.3920776040087884e-07,1.6551077505056172e-10,6.2299871267539958e-12,6.1168678030917345e-10,1.6214598475974403e-10,6.2386053534709805e-08,0.38326132897730947,0,0,0,0,0,0,0,nan,nan,nan,nan,nan,nan,nan,nan,nan,nan,nan,nan,nan,nan,2.2577151220446673e-08,-3.8173294856069534e-10,-1.780653570193483e-09,8.7385293908412755e-08,3.6964048683897632e-11,-3.0127594049188765e-07,7.6072046685299732e-11,1.9842615495580668e-10,6.5372412278358502e-13,3.9913727516336847e-16,-1.5220157420920503e-14,1.5589800219768947e-14,3.9185904971280081e-10,1.9277190618710177e-07,-5.6863050782764157e-07,6.6856201938469972e-07,-2.6188723591683613e-20,2.024971787531926e-07,1.9021325372708953e-06,-8.6021836931404749e-07,0,0.026772496730292906,0.021084839826802603,5.5735911539834376e-18,0.035347782991088206,0.010088571686374734,0.13185804391089437,5.1626241657838746e-06,0,0,0,0,0,0,0
4,0,lumen,0.0047368421052631574,0.00050000000000000001,0.0042105263157894736,0.005263157894736842,0,0.001,1000187.4335103531,1.4109445086183208,13.758172080269418,3024.3001773854353,0.16182276697308562,1173,1173.0000000000002,4.0441746412022394e-05,0.22478742857976847,0.59999999999999998,2,500000,0.00035,0.0001,0.094662351066462813,0.12777537204260087,1.4578166181813521e-17,0.17039358690371711,0.055721504954607468,0.55323632507413623,2.2895763649985163e-05,0.081180634263870274,0.062761712109337689,6.2681704776596857e-18,0.053268747074363916,0.38027085998862825,0.4225101616112038,7.884952595886691e-06,0.27074152333257195,0.0020096016031232568,1.4782554901977075e-09,0.0022927649424063536,2.1729933235060595e-05,0.37328819494945498,8.9720635651144e-05,5.9411838300257375e-07,2.3236310034180878e-10,4.1361582238932632e-12,4.0584670527657017e-10,1.0152070475323714e-10,6.3763352836112105e-08,0.35155580450041113,nan,nan,nan,nan,nan,nan,nan,nan,nan,nan,nan,nan,nan,nan,0,0,0,0,0,0,0,-4.9294136139200379e-09,-1.0379575999213749e-10,-5.7713037009036105e-10,-1.8983313747069629e-08,8.2216239025156845e-12,6.7796966331332836e-08,1.9600260147377461e-11,4.5620759557205015e-11,1.3346509483683296e-13,-6.4149818049218866e-16,1.6928816719311919e-15,-1.1868757796445172e-15,1.092973739160201e-10,-4.3386186227317016e-08,nan,nan,nan,nan,nan,nan,nan,nan,nan,nan,nan,nan,nan,nan,-3.1224450100075102e-07,1.7509714450580915e-07,-2.1897462900923159e-21,6.9764247413369189e-08,1.0106170345719478e-06,-3.6359026789334337e-07,0,0.020662131136273503,0.030608192562006482,3.1049357317126005e-18,0.039635709370646248,0.012928088073067983,0.12523900020133485,5.2372359034025464e-06,-6.3465923340238391e-05,2.5965093790193032e-05,-7.8041185267823189e-20,-8.479711733495418e-05,0.00012529068095877896,-0.00022027447656111534,-6.7120797313781955e-09
4,1,lumen,0.0047368421052631574,0.0015,0.0042105263157894736,0.005263157894736842,0.001,0.002,1000186.4045840078,1.4232271565554773,13.877954911234479,3005.8663685076681,0.16100826759001854,1173,1172.9999999999998,4.0468319362516941e-05,0.22365604412032819,0.59999999999999998,2,500000,0.00035,0.0001,0.09508360372030826,0.12610838227561694,1.6052702042224519e-17,0.17127171930117446,0.054572792772213587,0.55243923833728581,2.2838014370599732e-05,0.082251821057665334,0.062482200755077946,6.9622687400923028e-18,0.054009434389131937,0.3756739868417277,0.42557462341612939,7.9335402677674135e-06,0.2698704095794579,0.0020548086236478616,1.5020466700636189e-09,0.0023160028752629109,2.2119656576352877e-05,0.37308260055902831,9.1182742697461008e-05,5.8178238958910246e-07,2.3058393180362646e-10,4.1988192520138108e-12,4.1199039891458142e-10,1.0344201493342934e-10,6.4513752665982201e-08,0.35256222741538867,nan,nan,nan,nan,nan,nan,nan,nan,nan,nan,nan,nan,nan,nan,0,0,0,0,0,0,0,1.0151664162361793e-08,-1.2923064706788986e-10,2.9060896145040249e-10,4.0302369391720552e-08,5.4272598784890769e-12,-1.6513556134567335e-07,6.1654392642217021e-11,4.4490815437163433e-11,1.1718300011459463e-13,-4.1558000939123164e-16,-2.5460504607149292e-16,7.2480608350462654e-16,8.9533013020487662e-11,1.1431892679680088e-07,nan,nan,nan,nan,nan,nan,nan,nan,nan,nan,nan,nan,nan,nan,-3.209722872730969e-07,4.1181234705645053e-07,-1.3195209437401058e-20,7.3865324277974869e-08,1.0307417679100705e-06,-4.3483226513929552e-07,0,0.020863763586769685,0.030294123628062952,3.1012480584729843e-18,0.039975940485108663,0.012706086861195242,0.12555693104849527,5.2435443830847164e-06,-0.00021331717110297218,0.00015543047008113287,-1.194781350355007e-20,-9.6159971296905561e-05,0.00028857781222128994,-0.00056705649943315816,-1.3296392487847157e-08
4,2,lumen,0.0047368421052631574,0.0025000000000000001,0.0042105263157894736,0.005263157894736842,0.002,0.0030000000000000001,1000184.0883865939,1.4398091893381963,14.039679605049656,2991.562084711054,0.15920930330181193,1173,1173.0000000000005,4.0490032490210358e-05,0.22133795956462901,0.59999999999999998,2,500000,0.00035,0.0001,0.0981241244101652,0.1212996562749091,1.6111610436196756e-17,0.17195025576751391,0.052407854827961987,0.55623293492207249,2.2850706071406996e-05,0.085871175481191261,0.060800011078271154,7.069249592023776e-18,0.05485529094008583,0.36497494572050648,0.43349054632707934,8.0304528658752722e-06,0.26855747189746354,0.0021750924244065268,1.5832155937756796e-09,0.0023817611166879948,2.278346038855977e-05,0.37081469171177067,9.5135974970744183e-05,5.4516619265154871e-07,2.2328379744829068e-10,4.4060818944292108e-12,4.333079700576979e-10,1.0973982748739166e-10,6.5498024890620035e-08,0.35595245039565149,nan,nan,nan,nan,nan,nan,nan,nan,nan,nan,nan,nan,nan,nan,0,0,0,0,0,0,0,1.6761360838252782e-09,-3.003550655202137e-10,1.9349601021171648e-10,1.3565271979597713e-08,1.1826823049544688e-11,-8.9109448404432919e-08,2.4768871717367221e-10,1.8328666600946064e-10,4.1021882536966691e-13,-8.7778235533546567e-16,1.1105814574942123e-15,-4.6641895265728071e-16,1.9281110654664405e-10,7.333887605507659e-08,nan,nan,nan,nan,nan,nan,nan,nan,nan,nan,nan,nan,nan,nan,-3.4647074631955627e-07,3.4714611546471374e-07,-2.3511589394964993e-22,8.7852248702390674e-08,1.1255941609472631e-06,-4.4766345613789227e-07,0,0.021592279509535003,0.029143896517560303,3.0244531125470841e-18,0.040168540831292156,0.012204768322604434,0.12649187455751032,5.2491486704471038e-06,-0.0005833300698344831,0.00053685437809445876,-1.8966811507877178e-19,0.00012318615497456796,0.0005478712821825125,-0.0012528698573005435,-2.1029452519188753e-08
4,3,support,0.0047368421052631574,0.0040000000000000001,0.0042105263157894736,0.005263157894736842,0.0030000000000000001,0.0050000000000000001,1001347.4407234796,1.4727250183459721,14.343960136184366,2995.9964633675322,0.1527815990538548,1173,1173.0000000000002,4.0390138715575584e-05,0.21582930278081336,0.40000000000000002,2,300000,0.00033700000000000001,0.0001,0.11286618486783287,0.10148527243678945,2.1546896514620212e-17,0.16323938782011962,0.046892106859390041,0.57805753204864285,2.301703355764015e-05,0.10091304970812254,0.051970749812321249,9.6589732065817278e-18,0.053205009692266034,0.3336401346690418,0.46026279190268388,8.2642155645558981e-06,nan,nan,nan,nan,nan,nan,nan,nan,nan,nan,nan,nan,nan,nan,0.26761200964702814,0.0026314067881702615,1.9402148795657869e-09,0.0026371589089997792,2.3584839685554273e-05,0.35622003938332053,0.00011010740018456751,4.1848315610763252e-07,1.9040792627978415e-10,5.3597651489357699e-12,5.2938405285426718e-10,1.3768083588034592e-10,6.4870481235079498e-08,0.37076520687662351,0,0,0,0,0,0,0,nan,nan,nan,nan,nan,nan,nan,nan,nan,nan,nan,nan,nan,nan,-6.1026633822463565e-08,5.8316502147852404e-10,5.5032082247017802e-09,-1.5113624839426166e-07,7.1158460634296317e-11,3.7244413763455001e-07,-9.5598868801075913e-10,1.8843081424618074e-10,5.5181671088752498e-13,2.51817340389405e-15,-4.1993693415310746e-14,4.2712868720869113e-14,4.4342526292675595e-10,-1.661152098103256e-07,-4.6834852558338969e-07,-6.3696695584702923e-08,-3.9631642825216794e-21,1.5339430569418466e-07,1.5726529255383204e-06,-4.650567007047357e-07,0,0.024197199281955548,0.024034034849130997,4.3453368730059674e-18,0.037528322240618056,0.01069019152741366,0.12785739420068226,5.1543172363847666e-06,0,0,0,0,0,0,0
5,0,lumen,0.0057894736842105266,0.00050000000000000001,0.005263157894736842,0.0063157894736842104,0,0.001,1000175.35613898,1.4005287082591333,13.656772132790358,3007.2846191452481,0.16358404189488443,1173,1173,4.0543428541631131e-05,0.22697114154653883,0.59999999999999998,2,500000,0.00035,0.0001,0.084686404489972097,0.14128209769936731,1.2288566061054131e-17,0.17663838786981823,0.058341127012675097,0.53950838899280895,2.2879567234410334e-05,0.072090190666637369,0.068884591743051921,5.2447698773222523e-18,0.054814020155912392,0.3952140265785139,0.40898934955335076,7.8213025335969564e-06,0.26984022832431875,0.0018299286888493822,1.2833764219929961e-09,0.0021697737610228735,2.1718031266891275e-05,0.3823542904824242,8.3288116655911974e-05,6.8439688168520421e-07,2.541798120719395e-10,3.7072812342212683e-12,3.5468990151028028e-10,8.7856445414403545e-11,6.4966181376352285e-08,0.34370002124847976,nan,nan,nan,nan,nan,nan,nan,nan,nan,nan,nan,nan,nan,nan,0,0,0,0,0,0,0,-3.4080312725534887e-09,4.2308030055691415e-11,-6.6696257491854043e-11,-6.2019143119818856e-09,1.1947692401398369e-11,1.9614153000239477e-08,-1.4764053147343972e-10,8.0813345381888779e-12,1.1299321619614079e-13,-8.168242697794303e-16,3.01258439850839e-16,-2.4596519293759299e-16,9.4169244884947752e-11,-9.9464891880834167e-09,nan,nan,nan,nan,nan,nan,nan,nan,nan,nan,nan,nan,nan,nan,-2.5972942575315516e-07,1.8688260511323662e-07,2.6675059148416267e-21,5.3185053426013173e-08,8.34296818325031e-07,-3.0677196499739878e-07,0,0.018624435873773191,0.03357276700239837,2.4293613427821985e-18,0.041047762098679545,0.013525492410213882,0.12278147555328481,5.2521101844278031e-06,-7.4090521829851198e-05,3.8632057060884391e-05,9.3844176015678388e-20,-8.5603346709857005e-05,0.00013586567393328842,-0.00024294091960587301,-7.0652967072287555e-09
5,1,lumen,0.0057894736842105266,0.0015,0.005263157894736842,0.0063157894736842104,0.001,0.002,1000174.3806841135,1.4148704115975996,13.796633756715737,2985.2923586310858,0.16275025034817409,1173,1173,4.0568860486746359e-05,0.22579409194821232,0.59999999999999998,2,500000,0.00035,0.0001,0.08527079733239272,0.13901131473996003,1.0247681909005838e-17,0.17721381844909379,0.057035693613011092,0.53837003213352919,2.2794240371459657e-05,0.073331045374191592,0.068471552927767534,4.4185109742444881e-18,0.055555776086056524,0.39032766658678819,0.41230608709062361,7.8719345724048297e-06,0.26902839694345515,0.0018738603726685891,1.3096577528550698e-09,0.0021943950497272258,2.2105888656231778e-05,0.38199155624088377,8.4758753715475263e-05,6.6862455997768702e-07,2.5189507903432343e-10,3.7680435782244108e-12,3.6138183582927292e-10,8.9838643640833915e-11,6.5716657800594715e-08,0.34480419039312205,nan,nan,nan,nan,nan,nan,nan,nan,nan,nan,nan,nan,nan,nan,0,0,0,0,0,0,0,-5.6903960243257902e-08,1.0970925954617889e-10,4.7035453926016744e-09,-7.4828104001966857e-08,1.3521195231167016e-11,3.3467918759554245e-07,-1.7870120179129889e-10,-3.6238760473331078e-12,4.7725277314847514e-14,2.2826591993189212e-16,-6.5762614573380518e-15,7.2532338605473202e-15,5.0666588116783853e-11,-2.0764228941837055e-07,nan,nan,nan,nan,nan,nan,nan,nan,nan,nan,nan,nan,nan,nan,-2.7236725892894331e-07,-1.2393277631916888e-07,2.7244924247755684e-20,5.6856689712940168e-08,8.8836262519820242e-07,-2.4969111805939193e-07,0,0.018865555360699761,0.033187455837600466,2.6084115740198796e-18,0.041386704659252808,0.013286788924142985,0.12314516745751437,5.2587919536297075e-06,-0.0002236219188897335,0.00017206949064108617,3.4249765103168354e-20,-0.00010952865129891972,0.00030420001330346333,-0.00059571406892724229,-1.439475768814734e-08
5,2,lumen,0.0057894736842105266,0.0025000000000000001,0.005263157894736842,0.0063157894736842104,0.002,0.0030000000000000001,1000172.1952460379,1.4223766844996537,13.869858963019952,2991.0136141622252,0.16085061372401208,1173,1173,4.0591837875090942e-05,0.22340071897818545,0.59999999999999998,2,500000,0.00035,0.0001,0.089177934435102399,0.13453997484211552,9.4929392822012092e-18,0.17931386187620876,0.055126240403963071,0.54616794202829744,2.2973182039003902e-05,0.07709813459005864,0.066620866688625324,4.1148112065954942e-18,0.056512485499271882,0.37926248986334321,0.42049804751903097,7.975839669906563e-06,0.26777100196637021,0.001986001792264395,1.3903476628417469e-09,0.0022597912319941927,2.2795074263142894e-05,0.37970783473140829,8.8548643984142481e-05,6.2585685885447255e-07,2.4394148893690366e-10,3.9551704137374059e-12,3.8227471991716303e-10,9.5814347885726943e-11,6.6799198009042691e-08,0.34816333178734177,nan,nan,nan,nan,nan,nan,nan,nan,nan,nan,nan,nan,nan,nan,0,0,0,0,0,0,0,4.194718498204598e-08,-2.3312960729620618e-10,-2.9402299733791167e-09,1.7920935276332153e-07,8.504053581118165e-12,-5.9083915891766647e-07,2.1230624367192424e-10,1.2908559887236243e-10,2.9419868146593609e-13,-4.3894642123836609e-16,-6.2407626791195574e-15,5.8827338623960476e-15,1.0320968528361691e-10,3.7240258154971715e-07,nan,nan,nan,nan,nan,nan,nan,nan,nan,nan,nan,nan,nan,nan,-2.8830929278429035e-07,8.1276221552961658e-07,4.8550401934651919e-20,6.9085373384733048e-08,9.2166425337547597e-07,-5.3950605449770705e-07,0,0.019649259956753685,0.031908510640325932,2.5170957502488244e-18,0.041627136591524699,0.012756365724602921,0.12414080261470356,5.2669053726404661e-06,-0.00055739131821335277,0.00051862211871899345,-2.5618564857199991e-19,3.8939307171399544e-05,0.00055775347308745389,-0.001241011258714501,-2.3638605152186337e-08
5,3,support,0.0057894736842105266,0.0040000000000000001,0.005263157894736842,0.0063157894736842104,0.0030000000000000001,0.0050000000000000001,1001254.9222950641,1.4740776719476947,14.358461266539047,2955.9571923672079,0.15182606602421508,1173,1173.0000000000002,4.0522723436606603e-05,0.21767073505112913,0.40000000000000002,2,300000,0.00033700000000000001,0.0001,0.10209267266241033,0.11342537403089323,1.6894195449023428e-17,0.17162291655404532,0.048852983939762978,0.56025332188763433,2.2915937723208944e-05,0.091372791000478001,0.05814401426866421,7.5809316514826888e-18,0.055994023944914061,0.34794329248707384,0.44653764206347102,8.2362353988765104e-06,nan,nan,nan,nan,nan,nan,nan,nan,nan,nan,nan,nan,nan,nan,0.26638380462496192,0.0023862846731933542,1.7123327620896968e-09,0.0024937722933624272,2.392745818543358e-05,0.36719416290261669,0.00010196358646932646,4.9046144102033609e-07,2.1202666338015012e-10,4.757353551366906e-12,4.6773403300632947e-10,1.2015563782931353e-10,6.7202393790030467e-08,0.36141552428033513,0,0,0,0,0,0,0,nan,nan,nan,nan,nan,nan,nan,nan,nan,nan,nan,nan,nan,nan,-9.7906054070732149e-08,-1.2174331845545893e-09,3.0912903002948891e-09,-7.3057427413717773e-07,7.8705583500190968e-11,1.7680726978400174e-06,1.2110728270957164e-09,9.0805862178536256e-10,2.0238827116922032e-12,-2.6375711821429254e-15,-8.8922085870221531e-15,6.1374982479716686e-15,7.1779584307813243e-10,-9.4438387807133222e-07,-3.924958906220688e-07,-1.5060143671030701e-06,1.6777820765968305e-20,1.2563969097810102e-07,1.3417231690265874e-06,2.1564789504102677e-07,0,0.022004232189059617,0.02657175952429424,3.8180274847914016e-18,0.039290048008632235,0.011101357992619621,0.12443762037376911,5.1449793479434511e-06,0,0,0,0,0,0,0
6,0,lumen,0.0068421052631578941,0.00050000000000000001,0.0063157894736842104,0.0073684210526315788,0,0.001,1000163.1332794502,1.3885664917129434,13.540292180452322,3001.9578924691355,0.16497454352378824,1173.0000000000002,1173,4.0631071029481773e-05,0.22851240461893235,0.59999999999999998,2,500000,0.00035,0.0001,0.076842897505948277,0.15297947846125762,8.4533358297471447e-18,0.18205579906135064,0.060509221599385189,0.53054867065189437,2.2958411740267582e-05,0.064855406359352413,0.073951689967106077,3.5771184772255358e-18,0.056013286201377112,0.40640502979534332,0.39876680636010103,7.7813167199586979e-06,0.2689618699484167,0.0017054571670794504,1.1348633203185198e-09,0.0020794095402267522,2.1729831419602027e-05,0.38931809975033765,7.8713645426557066e-05,7.6163430953118896e-07,2.719849074008588e-10,3.4048351851560415e-12,3.1605838605180139e-10,7.7812386464792691e-11,6.5913778454649877e-08,0.3378338907641954,nan,nan,nan,nan,nan,nan,nan,nan,nan,nan,nan,nan,nan,nan,0,0,0,0,0,0,0,-1.5696509134756963e-09,-7.3818619671391711e-11,-7.0944329292162421e-09,-1.8544888961427322e-07,7.3061480910380228e-12,5.6029210987419351e-07,5.0454060695955293e-10,6.8634453849469867e-10,1.1762402237255663e-12,-6.7748738031298014e-17,5.3400676565046864e-15,1.4380166709105193e-16,2.4785465921683295e-10,-3.6755254517755695e-07,nan,nan,nan,nan,nan,nan,nan,nan,nan,nan,nan,nan,nan,nan,-2.1494334907432022e-07,-3.82549104116503e-07,2.7852816334801238e-20,4.335208919337808e-08,7.0987299964631045e-07,-7.9940514430276721e-08,0,0.01691454206643573,0.036113425763926836,5.1208398550123825e-18,0.042241171789566781,0.013977295968021634,0.12080270129524678,5.2679588091395472e-06,-7.8352574526635696e-05,4.4474680503493157e-05,-2.1153440006163842e-19,-8.9783283602027256e-05,0.00014296942117388782,-0.00025563226320224276,-7.5279006811893167e-09
6,1,lumen,0.0068421052631578941,0.0015,0.0063157894736842104,0.0073684210526315788,0.001,0.002,1000162.2154222867,1.4005285121832174,13.656949651465764,2985.2945761365208,0.16405266637828655,1173,1173,4.0657085915813716e-05,0.2272983043273159,0.59999999999999998,2,500000,0.00035,0.0001,0.077719966374574873,0.15070131821416483,1.2712241090569604e-17,0.18299557092510324,0.059244615702847357,0.53057999295915903,2.2918936760355016e-05,0.066160797088523418,0.073478054811152077,5.4256652456779582e-18,0.056787504795959176,0.40133964968959546,0.40222615875205631,7.8348627134241872e-06,0.26817045540430562,0.0017477615813437245,1.1615577906881704e-09,0.0021044305046583841,2.212610884549666e-05,0.38891535255701365,8.0161861015188218e-05,7.4337277796787806e-07,2.694480502131711e-10,3.4604481060080321e-12,3.227679147288053e-10,7.9738428894136409e-11,6.6696549661768164e-08,0.33895890007777951,nan,nan,nan,nan,nan,nan,nan,nan,nan,nan,nan,nan,nan,nan,0,0,0,0,0,0,0,-3.0212626597703191e-09,-3.0716788221383393e-10,-1.8859393054515669e-10,-2.2212132444266435e-08,1.1662422113103976e-11,9.0987718889216224e-09,4.5926456380783384e-10,3.5144997697668379e-10,6.0130286064654867e-13,-1.258465306642254e-15,1.0834532310613825e-15,-8.3567333959501678e-16,1.5625865465711197e-10,1.5651148932182251e-08,nan,nan,nan,nan,nan,nan,nan,nan,nan,nan,nan,nan,nan,nan,-2.293521866748166e-07,1.7312744060582475e-07,-9.0069310457645341e-21,4.6794596784811184e-08,7.3658807629717327e-07,-2.5409181375612988e-07,0,0.017193402578419472,0.035655849712247466,2.7356649367892383e-18,0.042580752187705545,0.013723845538242876,0.12121136537386842,5.2753730489780215e-06,-0.00022866311256296214,0.00018289862815226317,-1.4445521113606965e-20,-0.0001233135337249843,0.00031600809833506302,-0.00061458073476684783,-1.557978064248495e-08
6,2,lumen,0.0068421052631578941,0.0025000000000000001,0.0063157894736842104,0.0073684210526315788,0.002,0.0030000000000000001,1000160.1683576994,1.4097672632241465,13.747067462549298,2987.9852004530317,0.1620442910801379,1173,1173,4.0682159932273907e-05,0.22484303429403457,0.59999999999999998,2,500000,0.00035,0.0001,0.081683594338274837,0.14572022717110011,1.2924904491933495e-17,0.18522914327820969,0.057194729802438241,0.53808891713222085,2.3093164516142026e-05,0.069993759393615532,0.071518236114927622,5.5528324894560972e-18,0.057859927030283767,0.39000982594067335,0.41061030500509232,7.9465154074381487e-06,0.26693743365558364,0.0018539319282779364,1.2408367154137522e-09,0.0021692558956593788,2.2843517647409842e-05,0.38666582713781411,8.3822592048833554e-05,6.954978389746942e-07,2.6105309703107812e-10,3.6295245617329175e-12,3.4305707802487734e-10,8.5404435573925288e-11,6.7881275074895781e-08,0.34226611995824635,nan,nan,nan,nan,nan,nan,nan,nan,nan,nan,nan,nan,nan,nan,0,0,0,0,0,0,0,-9.8582371618192185e-08,-4.9512536709922729e-10,4.2391885343160688e-09,-7.1330997342449531e-07,3.8053658856819494e-11,2.0516710607253099e-06,6.5464573205151712e-10,4.2981632098967881e-10,7.3489475598605752e-13,-1.4740959256874978e-15,-5.5588233210038548e-15,4.176726432023938e-15,1.9300921884392687e-10,-1.2448390356303634e-06,nan,nan,nan,nan,nan,nan,nan,nan,nan,nan,nan,nan,nan,nan,-2.5568995942488321e-07,-1.8585362822620688e-06,-1.2444786731453613e-22,5.7654381196321803e-08,8.6083445943740955e-07,4.042440515661383e-07,0,0.018003992692979968,0.03429417695807814,2.7234666536315545e-18,0.042897947714917194,0.013170428430666575,0.1222399356919094,5.2867213579457233e-06,-0.00053039223096161515,0.00049452636600051767,-1.5851321143298467e-19,-3.0702433911677841e-05,0.00056463341879384643,-0.0012227743445025661,-2.6057380479118802e-08
6,3,support,0.0068421052631578941,0.0040000000000000001,0.0063157894736842104,0.0073684210526315788,0.0030000000000000001,0.0050000000000000001,1001162.0850948908,1.4676607956404732,14.297282434783195,2938.6730259769861,0.15288579283682718,1173,1172.9999999999998,4.0640771637753467e-05,0.21891866929471321,0.40000000000000002,2,300000,0.00033700000000000001,0.0001,0.093711772326950368,0.12433657816248925,1.7195160194720925e-17,0.17935451443390271,0.050584660068386224,0.54937624406783059,2.3001202349785045e-05,0.08351453446503207,0.063465732772709935,7.6831071259224536e-18,0.058267221450496634,0.35874165271092129,0.43600262694411102,8.2316567292734844e-06,nan,nan,nan,nan,nan,nan,nan,nan,nan,nan,nan,nan,nan,nan,0.26514315643319353,0.0022153315864315596,1.5340898648269746e-09,0.0023867285908219056,2.4245386449536653e-05,0.3758399880797415,9.6111951567736515e-05,5.5406969057198078e-07,2.3033678378951478e-10,4.3169618892162928e-12,4.2000154277494547e-10,1.0698409358488934e-10,6.913863765535961e-08,0.3542938124677284,0,0,0,0,0,0,0,nan,nan,nan,nan,nan,nan,nan,nan,nan,nan,nan,nan,nan,nan,3.9441188148859929e-08,-1.0975068039147715e-09,-1.520315172856218e-09,7.258845359970531e-07,1.2844281302611116e-11,-2.1290216374564947e-06,2.0819563762070548e-09,1.7278245904341072e-09,3.0814052738274472e-12,-2.1396727261209294e-15,-1.3210173459063696e-15,-6.277306517693609e-16,6.1772246123831875e-10,1.3618703101066589e-06,-3.3482035643669916e-07,2.3540221870677058e-06,-7.3652530704450352e-21,1.0897865336777503e-07,1.0968158935115158e-06,-1.1710910567952482e-06,0,0.020090712633134538,0.028778389418021032,3.6903597833901618e-18,0.040792248971805528,0.01137581343731668,0.12141974277705238,5.1346875624722824e-06,0,0,0,0,0,0,0
7,0,lumen,0.0078947368421052634,0.00050000000000000001,0.0073684210526315788,0.0084210526315789472,0,0.001,1000150.7978405007,1.3659530853507749,13.319946941935589,3025.788986165358,0.16589151322188639,1173,1173,4.0719410895053762e-05,0.22948356644465545,0.59999999999999998,2,500000,0.00035,0.0001,0.070730720181539489,0.16510059625951734,4.0230750517705373e-17,0.18910983742367832,0.062778662064563825,0.52845820890343598,2.3279667452377813e-05,0.058725265846973677,0.078512359238082849,1.6747029887183051e-17,0.057236769767126279,0.4147859364016343,0.39073190694554988,7.7618006330807841e-06,0.26790810061903958,0.0016143635212401001,1.0131617930153157e-09,0.0020088995574621617,2.1838138378601353e-05,0.39527511785308389,7.5273150060659776e-05,8.3041257418438891e-07,2.8762891478835296e-10,3.1730954087645877e-12,2.8457940445346238e-10,6.9830644637596467e-11,6.6920663813382475e-08,0.33309550816828798,nan,nan,nan,nan,nan,nan,nan,nan,nan,nan,nan,nan,nan,nan,0,0,0,0,0,0,0,-2.2268006592238664e-08,6.0725029177916352e-11,4.2386492807894279e-08,1.5527862013887542e-06,-3.6013838070579618e-11,-5.28404543167116e-06,6.1980662392471671e-10,7.429289043767856e-10,1.1619525170686507e-12,9.644469973854411e-16,2.3268577645932015e-15,3.1369478517891099e-15,7.5817460236218805e-11,3.7096763110803694e-06,nan,nan,nan,nan,nan,nan,nan,nan,nan,nan,nan,nan,nan,nan,-2.3519285410802254e-07,5.4389140404786929e-06,-2.6842519745182957e-19,3.7153851545069333e-08,6.2633593854444225e-07,-1.7827238141809865e-06,0,0.015467523047526372,0.038292349199627214,6.4060415713817378e-18,0.04329407730026634,0.014313442991310755,0.11919689492745286,5.2847015955152852e-06,-8.588644390892684e-05,5.4962225003586353e-05,1.3956713196296203e-18,-9.1650095101431577e-05,0.00015049092993436438,-0.00027015299782395542,-7.9554468610484629e-09
7,1,lumen,0.0078947368421052634,0.0015,0.0073684210526315788,0.0084210526315789472,0.001,0.002,1000149.9415345428,1.3972195631557385,13.624850356347906,2967.6639596929435,0.16495840512992876,1173,1173,4.0744463359064803e-05,0.22823849461598092,0.59999999999999998,2,500000,0.00035,0.0001,0.070827233241063811,0.1602044069587448,1.0837118774966333e-17,0.18742539810025668,0.060593500368334149,0.52144868640911857,2.2923767783037049e-05,0.060151496232852,0.077927921143890008,4.6144797050717112e-18,0.058025472110134979,0.40951258684814712,0.3943747055697156,7.8180952602640548e-06,0.26715422527488741,0.0016563198425877182,1.0414971951901469e-09,0.0020349066461208946,2.2238397770461445e-05,0.3947646131861568,7.6736935640345032e-05,8.0911750452331938e-07,2.8467949625481088e-10,3.2267034657005112e-12,2.9163743062666383e-10,7.1795078845437305e-11,6.7712909495135207e-08,0.33429008119276787,nan,nan,nan,nan,nan,nan,nan,nan,nan,nan,nan,nan,nan,nan,0,0,0,0,0,0,0,-3.1826991315291987e-09,-3.2390800892765763e-10,-9.2544166797807182e-11,-3.2735613050009098e-08,7.1455750387874883e-12,2.9291575069775519e-08,6.8232344942902198e-10,4.6105828790249381e-10,7.2194884039118961e-13,-9.0500843269819181e-16,-6.3756567994651584e-16,7.2748044446471889e-16,6.5537236069004797e-11,5.8264036926407279e-09,nan,nan,nan,nan,nan,nan,nan,nan,nan,nan,nan,nan,nan,nan,-2.0023994139802687e-07,1.3032208051599881e-07,5.9820691357469183e-22,4.0184367714209915e-08,6.4236892412250501e-07,-2.0775128101169216e-07,0,0.015761335598296126,0.037797489144881534,2.536248569370329e-18,0.043650593518992871,0.014051151639355341,0.11962577759573007,5.2934594917644141e-06,-0.00022784699223864525,0.00018380268074935508,8.2630317660295811e-21,-0.00014490520308167926,0.00032678896308878044,-0.00063115130865775695,-1.6861691876947209e-08
7,2,lumen,0.0078947368421052634,0.0025000000000000001,0.0073684210526315788,0.0084210526315789472,0.002,0.0030000000000000001,1000148.038683529,1.4150611351826843,13.798856959841258,2952.7489079961133,0.162882008644294,1173,1173,4.0774537499025343e-05,0.22569809520745437,0.59999999999999998,2,500000,0.00035,0.0001,0.074357737462194637,0.15419908990644163,1.0532615812205135e-17,0.18906551401051405,0.058136640631288601,0.52595629803727872,2.298284049948227e-05,0.063956353742956648,0.075964697784958596,4.5420982250634693e-18,0.059280783109590007,0.39792618462145174,0.40286404239489571,7.938346147264141e-06,0.26586913879636365,0.0017579034052949798,1.1179761036083578e-09,0.0020986081355952135,2.3007276967098678e-05,0.39267942428613817,8.0282834458605297e-05,7.5747192922242013e-07,2.7617271960036057e-10,3.3780707122932787e-12,3.1099437442329906e-10,7.7114743811115315e-11,6.9056854761986903e-08,0.33749080695078326,nan,nan,nan,nan,nan,nan,nan,nan,nan,nan,nan,nan,nan,nan,0,0,0,0,0,0,0,1.004036668274851e-08,-5.9394199763125989e-10,3.686761252685868e-10,1.533579872436828e-07,1.3485929712363232e-11,-6.0640926814823498e-07,1.2371587623444079e-09,9.1065809710785817e-10,1.4630703873816982e-12,-2.0664133484176663e-15,9.2447480533277519e-16,-9.2148791141977558e-16,1.9205828696410409e-10,4.4088135808785989e-07,nan,nan,nan,nan,nan,nan,nan,nan,nan,nan,nan,nan,nan,nan,-2.2097692190577861e-07,7.760594997741066e-07,1.3160749696090786e-20,4.9840350844307169e-08,7.0586767028646413e-07,-4.2374468878225713e-07,0,0.016578300198635643,0.036389999212579634,2.1784210460992318e-18,0.044063951093794719,0.013478607854934672,0.12066665218821292,5.3084656499564208e-06,-0.00049751782989235129,0.00045594204745817403,-1.88614149450884e-19,-0.00010580503226967837,0.0005712863050842716,-0.0012031956779345384,-2.8436852170382779e-08
7,3,support,0.0078947368421052634,0.0040000000000000001,0.0073684210526315788,0.0084210526315789472,0.0030000000000000001,0.0050000000000000001,1001069.2084775239,1.4624181923363366,14.247533109968499,2924.0354231995625,0.15104653201346374,1173,1173.0000000000002,4.0765414904499057e-05,0.21951739178431984,0.40000000000000002,2,300000,0.00033700000000000001,0.0001,0.086254506027996766,0.13478086198840283,1.586955091558517e-17,0.18743807040837088,0.051874789820877919,0.5405948691110255,2.3128019224522578e-05,0.076601254785131301,0.06855747210888484,7.0661276364188574e-18,0.060681454116473237,0.36661100473492808,0.42754056601378976,8.2482407927252413e-06,nan,nan,nan,nan,nan,nan,nan,nan,nan,nan,nan,nan,nan,nan,0.26353487851725438,0.0020901260181450045,1.3834106290235546e-09,0.0023010069832614154,2.4708494818907079e-05,0.38359566535574907,9.1664777101812053e-05,6.1320829153187477e-07,2.4728245841241784e-10,3.9675143111925631e-12,3.7989238858445581e-10,9.6251079786606046e-11,7.1223075955430291e-08,0.34836126331245332,0,0,0,0,0,0,0,nan,nan,nan,nan,nan,nan,nan,nan,nan,nan,nan,nan,nan,nan,-2.7730380916664672e-09,-1.5080939642088002e-09,-2.4412484044649703e-10,3.3510885812938555e-08,4.1711547844186514e-11,-4.4782614441903328e-07,2.9730624530480282e-09,2.2083893909527127e-09,3.6868115693501377e-12,-3.1930969791023563e-15,-8.8035442617294989e-15,3.3399157852223357e-15,5.5694989833047096e-10,4.1305672404645229e-07,-2.9424473562550402e-07,6.4181656006523369e-07,-6.349966728822357e-21,9.7687715864725711e-08,9.8062922737618408e-07,-4.2554271129091603e-07,0,0.018402235239645234,0.030699270174182103,3.3862541620005633e-18,0.042108060646546312,0.011545798831815684,0.11871305674588115,5.1234547599866825e-06,0,0,0,0,0,0,0
8,0,lumen,0.0089473684210526309,0.00050000000000000001,0.0084210526315789472,0.0094736842105263147,0,0.001,1000138.376323362,1.387860669118872,13.533744510686057,2957.6457135635592,0.16661134317098958,1173,1173,4.0796796047713472e-05,0.23014058825294037,0.59999999999999998,2,500000,0.00035,0.0001,0.063673105582447723,0.17035878614372721,1.2495623871415288e-17,0.18946702289752787,0.062733381002281416,0.51189439005397119,2.2893253595857481e-05,0.053714114763746532,0.082313184106383733,5.2850984741972716e-18,0.058265315755764678,0.4211396581232158,0.38455997177040907,7.7554804802172733e-06,0.26697296260094383,0.0015476432229317534,9.1648237220560486e-10,0.0019553423312990694,2.1948702480717063e-05,0.40000682097020229,7.271227101968001e-05,8.8817713753970736e-07,3.0049260233709926e-10,2.9979286612304688e-12,2.5969461508277921e-10,6.3625016817404846e-11,6.7771713414268579e-08,0.3294216124095396,nan,nan,nan,nan,nan,nan,nan,nan,nan,nan,nan,nan,nan,nan,0,0,0,0,0,0,0,7.3971321064700057e-09,-1.318174748863819e-10,9.7853717308533925e-10,2.4934873435566184e-07,-1.5171633480776103e-12,-7.9340313141563687e-07,5.3038077736557259e-10,4.4843616753970084e-10,5.8852955507119297e-13,-4.8818048677451567e-16,2.9907285129393129e-16,-2.9054941204392447e-17,3.4052861630335116e-11,5.3479860420679522e-07,nan,nan,nan,nan,nan,nan,nan,nan,nan,nan,nan,nan,nan,nan,-1.7155292457438076e-07,9.3043893728550486e-07,-2.3719323886227508e-20,3.3057021307840572e-08,5.4078176923988419e-07,-4.5296280609674611e-07,0,0.014209764798603411,0.040198577941012684,2.5286369985360485e-18,0.044263141543552785,0.014565934995478371,0.11785659485281598,5.302549915757214e-06,-8.6680246782352302e-05,5.747580720250105e-05,6.1329833551840443e-20,-9.6715573058011998e-05,0.00015463751632273677,-0.00028030827678260015,-8.4799348478933931e-09
8,1,lumen,0.0089473684210526309,0.0015,0.0084210526315789472,0.0094736842105263147,0.001,0.002,1000137.5835885005,1.3936478393516483,13.590188961520147,2955.1365880491844,0.16563276087305878,1173,1173,4.0822808219502341e-05,0.22887184047202866,0.59999999999999998,2,500000,0.00035,0.0001,0.065102289918597539,0.16839594950317813,1.119326218879063e-17,0.19136350737775645,0.061676482843669236,0.51469149066390674,2.2973901661764558e-05,0.055148813926410807,0.081704133313202268,4.7540017576568301e-18,0.059093963180325948,0.41577135730526804,0.38827391701409797,7.8152606950378486e-06,0.26622102353519139,0.0015884632819980152,9.4434864646522825e-10,0.0019813346710519054,2.2360736210004997e-05,0.39950398738060822,7.4152907118358636e-05,8.651503380846521e-07,2.9742814170408601e-10,3.0463176475859579e-12,2.6656370842653088e-10,6.5504608952114965e-11,6.8602771885618791e-08,0.33060774215781991,nan,nan,nan,nan,nan,nan,nan,nan,nan,nan,nan,nan,nan,nan,0,0,0,0,0,0,0,-2.7243463987864447e-09,-3.2290233143310916e-10,6.6098672278754456e-11,-3.067162755687904e-08,8.9633459075116884e-12,1.4153255568395695e-09,8.1146522777219017e-10,5.9078116552459259e-10,7.969485778736062e-13,-1.1642392240838969e-15,-1.7162625715624119e-15,8.9234762491218009e-16,6.0745095881240422e-11,3.0764702424264075e-08,nan,nan,nan,nan,nan,nan,nan,nan,nan,nan,nan,nan,nan,nan,-1.7778245009567734e-07,1.3963412498485539e-07,-8.3619078986027869e-21,3.6005616305630023e-08,5.7004783457492714e-07,-1.8301783233365398e-07,0,0.014516766543667179,0.039668648426095132,2.4303408805329301e-18,0.044644442369975938,0.014293918802991927,0.11830389354921914,5.3128704070199319e-06,-0.00022578688625851654,0.0001841709605872071,1.4779498887452075e-19,-0.00016227808583139792,0.00033468008773247272,-0.00064341678488406666,-1.8068868971217654e-08
8,2,lumen,0.0089473684210526309,0.0025000000000000001,0.0084210526315789472,0.0094736842105263147,0.002,0.0030000000000000001,1000135.8294024684,1.4204943135439412,13.852007267772219,2921.8855140595056,0.1634763855883116,1173,1173,4.0856921973462402e-05,0.22626938372824215,0.59999999999999998,2,500000,0.00035,0.0001,0.068227117905435938,0.16124390589692822,8.0020713985663504e-18,0.19220099931640652,0.058798598366868904,0.51610140798868853,2.2909973634203538e-05,0.058909339468007894,0.079741226575088517,3.4641149812542435e-18,0.060496026708263005,0.40400724797256338,0.39683821561847288,7.9436576041416102e-06,0.26489889776328313,0.0016864989889927894,1.0182394229796972e-09,0.0020440996988733474,2.3170190157767167e-05,0.39754768007182334,7.7607586387771691e-05,8.1035363176844739e-07,2.8884268943430498e-10,3.1827030562536049e-12,2.8508547370676489e-10,7.0527588638914167e-11,7.0074140063205136e-08,0.33372116360680948,nan,nan,nan,nan,nan,nan,nan,nan,nan,nan,nan,nan,nan,nan,0,0,0,0,0,0,0,3.233808645620273e-08,-4.505469649738435e-10,-3.6835030140445132e-10,8.6887697469046649e-07,-4.9089874960134283e-12,-2.6053912887962112e-06,1.6206371085584681e-09,1.34767968356167e-09,1.8712747864564053e-12,-1.6213733745284347e-15,1.5033379127363187e-15,-1.1946280530531226e-15,1.2328282552073825e-10,1.7019065642885505e-06,nan,nan,nan,nan,nan,nan,nan,nan,nan,nan,nan,nan,nan,nan,-1.9630251519263398e-07,2.7558175225150805e-06,2.988112519417151e-20,4.477670824032673e-08,6.1768815128038224e-07,-1.1102653340588908e-06,0,0.015319192027954714,0.03825192467154967,2.1444960596813782e-18,0.04517279815469985,0.013706393363290624,0.11933473915683464,5.3318649325999797e-06,-0.0004682032164731977,0.00042154909109034215,-2.3009575925292163e-19,-0.00016523647903213598,0.0005757250754084794,-0.0011884914785217889,-3.0555398173369836e-08
8,3,support,0.0089473684210526309,0.0040000000000000001,0.0084210526315789472,0.0094736842105263147,0.0030000000000000001,0.0050000000000000001,1000976.5040981909,1.4648533973507933,14.272579685502492,2898.3782418339338,0.151455423658337,1173,1173,4.0874284554020919e-05,0.21988904527304304,0.40000000000000002,2,300000,0.00033700000000000001,0.0001,0.07956239705125942,0.14307841865434359,1.4647567354298502e-17,0.19326937500502978,0.052644473501217114,0.53128902089402785,2.3164070795848873e-05,0.070782313275801825,0.072906038254902009,6.5334887262638375e-18,0.062679282772309095,0.3727045848449631,0.4209195052313412,8.2756206827127455e-06,nan,nan,nan,nan,nan,nan,nan,nan,nan,nan,nan,nan,nan,nan,0.26214631690503792,0.0019970225459175583,1.2610923078617393e-09,0.0022348354294178187,2.5103459248237793e-05,0.38981022543842542,8.8302329205011744e-05,6.64263592929976e-07,2.6155842509580312e-10,3.6953859878385513e-12,3.4751853156793111e-10,8.7734603678582687e-11,7.2956121237442629e-08,0.34369745471143626,0,0,0,0,0,0,0,nan,nan,nan,nan,nan,nan,nan,nan,nan,nan,nan,nan,nan,nan,1.2766505826782134e-08,-1.4823019032512457e-09,-3.4515935814402504e-09,4.1339764962675444e-07,2.7519400712210096e-11,-1.4059067814811785e-06,3.686420283831794e-09,2.6986339662481845e-09,3.9578872419990618e-12,-2.7799588312941339e-15,-1.7724660521627842e-14,7.0876798941255635e-15,3.1850661464672624e-10,9.7794149678223806e-07,-2.5877004567950723e-07,1.5744327235278632e-06,-3.611768489425143e-21,9.0647092691508984e-08,8.6877585994682427e-07,-7.6611790544856007e-07,0,0.016888886957457508,0.032383385572879418,3.1493310383886007e-18,0.043302525828010037,0.011635905512310342,0.11623754795729936,5.1113873024475025e-06,0,0,0,0,0,0,0
9,0,lumen,0.0099999999999999985,0.00050000000000000001,0.0094736842105263147,0.010526315789473682,0,0.001,1000125.8882886841,1.382848705793051,13.485038652101036,2951.3432714430696,0.16701911973941999,1172.9999999999998,1173,4.0878156744544309e-05,0.23042052010738978,0.59999999999999998,2,500000,0.00035,0.0001,0.058652782981331301,0.17835027495296513,8.9638683382039193e-18,0.1939316071778503,0.063651044616999483,0.50717189570289067,2.2999664808718229e-05,0.049300944060122573,0.085864346710231423,3.7776770739741402e-18,0.059423645587434064,0.42576230005299887,0.37964100010062923,7.7634885840033368e-06,0.26589098487162255,0.0014969558262976879,8.332104999875952e-10,0.001912032305531693,2.21456050833456e-05,0.40430338626819079,7.0715315812489404e-05,9.3978239978588604e-07,3.1218185863006247e-10,2.8532423588141892e-12,2.3829365670537413e-10,5.8384589451804696e-11,6.8753134367505814e-08,0.32630276982692652,nan,nan,nan,nan,nan,nan,nan,nan,nan,nan,nan,nan,nan,nan,0,0,0,0,0,0,0,7.143860110964491e-09,-5.8573417884905615e-10,-1.4697991393223661e-09,1.3804477637976399e-07,9.6548359584947008e-12,-4.9323392357718786e-07,1.3901729931274796e-09,8.3257008167032798e-10,1.0149980422733573e-12,-1.5863747569047485e-15,-1.2262413364727231e-14,7.4320580210000278e-15,-4.5780226325105023e-11,3.4791319428168768e-07,nan,nan,nan,nan,nan,nan,nan,nan,nan,nan,nan,nan,nan,nan,-1.5070744986429158e-07,6.1447117133406337e-07,4.2235178502472736e-21,3.014254803322117e-08,4.8236542263269122e-07,-3.2030032315333301e-07,0,0.013106104305664714,0.041877913982416817,1.8305457656991401e-18,0.045183336001062668,0.014746402692958661,0.11673162557849499,5.3217007689139677e-06,-8.6114331874895291e-05,5.6887859856849906e-05,-3.7451118490648562e-20,-0.00010546565039472749,0.00015955697381341577,-0.00028683548169368644,-9.0958458487146082e-09
9,1,lumen,0.0099999999999999985,0.0015,0.0094736842105263147,0.010526315789473682,0.001,0.002,1000125.1616202511,1.3948326766073382,13.60191186854621,2935.9122231888382,0.1660132671380645,1173,1173,4.0906356164955694e-05,0.22910941847611838,0.59999999999999998,2,500000,0.00035,0.0001,0.059827793387088032,0.17557678841198662,9.6480283690943281e-18,0.19518759962032717,0.062288230253007913,0.5078214330063,2.2989959017601981e-05,0.050724451345805846,0.085261692329247699,4.1012448147276292e-18,0.060326854231379352,0.4202574495779402,0.38342172504638006,7.8274692470315731e-06,0.26511193925820598,0.0015371476329568074,8.6033543935869721e-10,0.0019379846562096114,2.2580436218133942e-05,0.40384656165872951,7.2142988731508588e-05,9.1530754748659481e-07,3.0908185675222473e-10,2.8965561307662067e-12,2.4490633877985505e-10,6.0173520084123545e-11,6.9648689190748538e-08,0.32747065693531258,nan,nan,nan,nan,nan,nan,nan,nan,nan,nan,nan,nan,nan,nan,0,0,0,0,0,0,0,-3.7251971075449528e-09,-6.989801876851937e-10,1.7270880607902719e-10,-2.8292466431748637e-08,1.6274060332839568e-11,-9.8439828972096341e-08,1.887352243077081e-09,1.2824328003615409e-09,1.6628546784539813e-12,-2.3836990044909108e-15,-7.2765160549649415e-15,3.9194682167327985e-15,6.2214968959615495e-12,1.2778982613741914e-07,nan,nan,nan,nan,nan,nan,nan,nan,nan,nan,nan,nan,nan,nan,-1.5911817013297691e-07,2.2324547477303724e-07,1.3680545727153273e-21,3.2833229996066777e-08,5.1051304295057776e-07,-1.6341466546609951e-07,0,0.013418597136213356,0.041325857322550376,2.2138120065495435e-18,0.045596849607634,0.01446615724503353,0.11719066166296449,5.3337663739111774e-06,-0.00021683683746895097,0.00017233073027713978,-6.464711857128866e-20,-0.0001894282880333919,0.00034235271582588108,-0.0006457679209525268,-1.9435127598015338e-08
9,2,lumen,0.0099999999999999985,0.0025000000000000001,0.0094736842105263147,0.010526315789473682,0.002,0.0030000000000000001,1000123.5593868118,1.4152723569156105,13.801254466893234,2916.1216176028497,0.16380727299790571,1173,1173,4.0948314255481028e-05,0.22640843183179205,0.59999999999999998,2,500000,0.00035,0.0001,0.063157702213584896,0.16931303737208586,1.0814167707319858e-17,0.19758791865181571,0.059640827611569643,0.51165541289598149,2.3056909166583206e-05,0.054332451523652132,0.083424930858077881,4.664325282092029e-18,0.061963715260458282,0.4082927770254885,0.39197816001891567,7.9653134074607764e-06,0.26367222938239721,0.0016321115875908845,9.2985637661715921e-10,0.0019991329682625906,2.3458617248593039e-05,0.4021665954224134,7.5501640515677668e-05,8.5880940608133196e-07,3.0078109717173477e-10,3.0164298171202329e-12,2.621447181169186e-10,6.481557006425679e-11,7.1320747019316245e-08,0.33043003869166659,nan,nan,nan,nan,nan,nan,nan,nan,nan,nan,nan,nan,nan,nan,0,0,0,0,0,0,0,4.5002708525487561e-09,-9.4536527607066428e-10,-1.0516590732084775e-09,1.6752937674247873e-07,1.8670768598717802e-11,-7.1774892951835013e-07,2.6799080490659583e-09,1.892518517983624e-09,2.5054638785859046e-12,-2.999184062684713e-15,-7.5526534749754723e-15,3.5857435954930766e-15,4.1281421171061776e-11,5.4308142902172958e-07,nan,nan,nan,nan,nan,nan,nan,nan,nan,nan,nan,nan,nan,nan,-1.7531647987165111e-07,8.5145313644119369e-07,-1.1005131807114172e-21,4.0708962856655657e-08,5.661033894571732e-07,-3.8450846195914323e-07,0,0.0141977527352504,0.039919793032232059,2.3887409942725427e-18,0.046249882572450648,0.013864490832302602,0.11820232457547893,5.3568037910234908e-06,-0.00043547806613948375,0.00037756040931750652,-1.1600183967637432e-19,-0.00023242468808204719,0.00058140936756761932,-0.0011628830176143542,-3.2682547995981137e-08
9,3,support,0.0099999999999999985,0.0040000000000000001,0.0094736842105263147,0.010526315789473682,0.0030000000000000001,0.0050000000000000001,1000884.1430128539,1.4686859208074563,14.31124181614511,2873.0569645689643,0.14907814451824875,1173,1173,4.0995802051927975e-05,0.21976358153732348,0.40000000000000002,2,300000,0.00033700000000000001,0.0001,0.073282174251544679,0.15129081910299794,1.3883632711423692e-17,0.20000391185160563,0.053085682954553196,0.52294995375005349,2.322518532819216e-05,0.065371745716308591,0.077299517913090671,6.2095138764837441e-18,0.065039068069787973,0.37684625284614254,0.41543509552367008,8.3199310001637937e-06,nan,nan,nan,nan,nan,nan,nan,nan,nan,nan,nan,nan,nan,nan,0.26040057189513616,0.0019257879393543107,1.1505112351190782e-09,0.0021788575238277427,2.5664723799804767e-05,0.39583953810428291,8.5620373995876176e-05,7.1270131119985707e-07,2.7544714213839841e-10,3.4600942878150885e-12,3.1830297876906272e-10,8.0233479660396252e-11,7.4996246275872064e-08,0.33954316991364175,0,0,0,0,0,0,0,nan,nan,nan,nan,nan,nan,nan,nan,nan,nan,nan,nan,nan,nan,-1.0277291833213947e-08,-2.0901671898165741e-09,9.197945176552437e-10,-1.058088747086107e-07,4.989805454675561e-11,-2.5956009707729134e-07,5.0915395005816046e-09,3.4973864186660375e-09,4.9127572465011611e-12,-4.2848497086450472e-15,-2.4243795640697666e-14,1.0726362265947283e-14,2.4583061356285901e-10,3.6792708663052212e-07,-2.3544846097529187e-07,4.0533186101976426e-07,-2.9880976716242594e-21,8.4958892509941355e-08,7.9081215652310188e-07,-2.1347841661079059e-07,0,0.015528717953184825,0.033855480422005313,2.9404686035490658e-18,0.044391469690650165,0.011661310135339656,0.11396063166007248,5.0984791442062662e-06,0,0,0,0,0,0,0
10,0,lumen,0.011052631578947368,0.00050000000000000001,0.010526315789473682,0.011578947368421053,0,0.001,1000113.3500293777,1.3753448323807416,13.41203174459833,2953.311166541549,0.16732100799193805,1173,1173,4.0951145365846294e-05,0.23055334651570547,0.59999999999999998,2,500000,0.00035,0.0001,0.054491492968000967,0.18564688812078403,6.634753920320936e-18,0.19833413712231041,0.064527290509840865,0.50479134776581525,2.3172784324238272e-05,0.045555172567311952,0.088893322269255629,2.7809716293812929e-18,0.060443630691948129,0.42928674043199616,0.37581335446204217,7.7795774459928482e-06,0.2649315294298451,0.0014583878922106164,7.6396516604188792e-10,0.0018781632069658919,2.2335638829192472e-05,0.407849408610235,6.9177517821376387e-05,9.833010445321412e-07,3.2201990684347103e-10,2.735916698334799e-12,2.2053167090284381e-10,5.4081167867495642e-11,6.962888197774727e-08,0.32378994341083572,nan,nan,nan,nan,nan,nan,nan,nan,nan,nan,nan,nan,nan,nan,0,0,0,0,0,0,0,-9.5543059648333046e-08,-7.3943736663923512e-10,7.6740587316972503e-09,-1.4129171889055923e-06,4.1737590922470702e-11,4.0769830257070521e-06,1.771540854088744e-09,1.1398275513545275e-09,1.3827931045579584e-12,-2.7398468955975837e-15,-1.0119507116186014e-14,6.1491327611071466e-15,1.0979127981880206e-11,-2.5784228596393877e-06,nan,nan,nan,nan,nan,nan,nan,nan,nan,nan,nan,nan,nan,nan,-1.4501907276680964e-07,-3.9693042808153223e-06,2.1743262635013889e-20,2.8472348869417788e-08,4.8733197917372184e-07,1.247154826633512e-06,0,0.012129812641948916,0.043357298430418814,1.6012564076606278e-18,0.046075448483930644,0.014870136648361404,0.11577834566380429,5.3419399422974042e-06,-8.7100497598944406e-05,5.9570302477720185e-05,-1.4239280522870227e-19,-0.00011006922899641972,0.00016321310935154564,-0.00029310951354246778,-9.6118250714964786e-09
10,1,lumen,0.011052631578947368,0.0015,0.010526315789473682,0.011578947368421053,0.001,0.002,1000112.6913310901,1.3956074889058496,13.609637257213405,2920.5404065909288,0.16628361158489205,1173,1173,4.0979993600102899e-05,0.22921934585907197,0.59999999999999998,2,500000,0.00035,0.0001,0.055396381790849249,0.18165198290326409,9.426164693232338e-18,0.19850376469077002,0.06276012559768368,0.50256405259032844,2.3034485715948114e-05,0.046993994984451802,0.0882619633833258,4.0092093943885363e-18,0.061386630726274781,0.42368181726271259,0.37966774655950547,7.8470837296750297e-06,0.2641506842943348,0.0014982432831703045,7.9095314994723478e-10,0.0019042983124859252,2.2783230204941412e-05,0.40738818742744448,7.0602525875269979e-05,9.5726812799168397e-07,3.1879409760577815e-10,2.7757736356158882e-12,2.2705708366215021e-10,5.5824154145003864e-11,7.0559228434586675e-08,0.32496417170356867,nan,nan,nan,nan,nan,nan,nan,nan,nan,nan,nan,nan,nan,nan,0,0,0,0,0,0,0,-2.7729303138787886e-09,-7.9660366774903996e-10,5.6649553886532993e-12,-1.7391006211675342e-09,1.8956028261830904e-11,-2.3859993494878586e-07,2.4014550856511756e-09,1.7447365858926783e-09,2.1792457864980957e-12,-3.2422212337464707e-15,-3.6485724591954727e-15,1.7691851884331123e-15,3.9162859242813518e-11,2.3969642004556544e-07,nan,nan,nan,nan,nan,nan,nan,nan,nan,nan,nan,nan,nan,nan,-1.4391790044811573e-07,3.4967038575750564e-07,2.0869643964019495e-22,3.1036755052895328e-08,4.6285677225699207e-07,-1.7312812877756656e-07,0,0.0124372636246929,0.042800307633238568,2.1707555644128354e-18,0.046531908989482521,0.014583445847577469,0.11623726506095172,5.3559424520591645e-06,-0.00021016224578224876,0.00016483544771924764,-1.7084574546605364e-20,-0.00020913600754205827,0.00034792605967448972,-0.00064955133907055207,-2.0608835934763693e-08
10,2,lumen,0.011052631578947368,0.0025000000000000001,0.010526315789473682,0.011578947368421053,0.002,0.0030000000000000001,1000111.2438238894,1.417650931029049,13.824619749258632,2897.6434106034071,0.16400914166996827,1173,1173,4.1027364846925748e-05,0.22645110514125361,0.59999999999999998,2,500000,0.00035,0.0001,0.05859022580296621,0.17526813446169906,9.6235146493825632e-18,0.20116910035037355,0.060019088637277555,0.50590196699138834,2.3098115477249302e-05,0.05048853660470045,0.086505366408244286,4.1578045715086545e-18,0.06319358125938708,0.41157791572788277,0.38822660694187822,7.993057907320079e-06,0.26263688391091244,0.0015909196218651697,8.5723139771975037e-10,0.0019643277940744517,2.3710701591276498e-05,0.40589078918921218,7.3891102470540206e-05,8.9916491650579419e-07,3.1065828663215722e-10,2.8828170686064431e-12,2.4333864866042716e-10,6.017774277385911e-11,7.2375794208784959e-08,0.3278185046647607,nan,nan,nan,nan,nan,nan,nan,nan,nan,nan,nan,nan,nan,nan,0,0,0,0,0,0,0,-5.3854119174361043e-09,-9.9129699832713842e-10,2.7530169689892573e-10,-4.8460494729522396e-08,2.2444600865367814e-11,-2.1874790502043016e-07,3.4041937167045617e-09,2.5449234336647614e-09,3.1822961883796986e-12,-3.4892594145072597e-15,-4.3100575420632264e-15,1.8561189541671333e-15,1.1557370487651435e-11,2.6732351165996902e-07,nan,nan,nan,nan,nan,nan,nan,nan,nan,nan,nan,nan,nan,nan,-1.6047299558098749e-07,3.3805906357597948e-07,6.242927939353419e-21,3.8304433601994792e-08,5.1978274205610742e-07,-1.4994361391407196e-07,0,0.013184702212854229,0.041421333891304667,2.4502211145685107e-18,0.047315833878365562,0.013970194341784507,0.11721941153500377,5.3829390051579408e-06,-0.00040879165835854719,0.00034364939821087244,-1.2151234153494946e-19,-0.00028075390617294599,0.00058389025960573296,-0.0011445239020658022,-3.44144520573542e-08
10,3,support,0.011052631578947368,0.0040000000000000001,0.010526315789473682,0.011578947368421053,0.0030000000000000001,0.0050000000000000001,1000792.2565956797,1.4727771075298111,14.352424987607165,2850.3276146058984,0.14910032684642188,1173,1173,4.1096825256066325e-05,0.21963556468668288,0.40000000000000002,2,300000,0.00033700000000000001,0.0001,0.068015505264154424,0.15794084146465273,1.2874415319849907e-17,0.20516925957054555,0.053394753718955114,0.5160986064890124,2.3287126176458925e-05,0.060848185333040997,0.08092945660838928,5.7747071734935397e-18,0.066910777517079648,0.38013105033882044,0.41117216407672152,8.36612594804931e-06,nan,nan,nan,nan,nan,nan,nan,nan,nan,nan,nan,nan,nan,nan,0.25901583125375099,0.001871461152867544,1.0605447210855849e-09,0.0021356453883895187,2.6109780762820343e-05,0.40057579485021838,8.3562975648086217e-05,7.5310240075692586e-07,2.8682269325782607e-10,3.2728294495632418e-12,2.9462445249430129e-10,7.4203893239557507e-11,7.6624553967635106e-08,0.3362907631519404,0,0,0,0,0,0,0,nan,nan,nan,nan,nan,nan,nan,nan,nan,nan,nan,nan,nan,nan,-1.4479504832289072e-09,-1.5008918785504337e-09,-1.8256234860037169e-09,1.84168323633018e-07,2.3695644513384295e-11,-9.6442998405053479e-07,5.3638167746378099e-09,3.8919946957101381e-09,4.8727964589391296e-12,-2.8594079754843291e-15,-2.7080754946516183e-14,8.9506176706234398e-15,-1.3977841017497306e-10,7.7589154545672905e-07,-2.1093976848487322e-07,1.0914195350819611e-06,1.7151019023979534e-21,8.1995077254912926e-08,7.1825567432570736e-07,-4.7878366121745231e-07,0,0.014289371122025935,0.035147911402471747,2.7242761033184212e-18,0.045420097163583049,0.011635919679573319,0.11183178045002357,5.0848887366128165e-06,0,0,0,0,0,0,0
11,0,lumen,0.012105263157894737,0.00050000000000000001,0.011578947368421053,0.012631578947368421,0,0.001,1000100.7757962596,1.3917779732315201,13.572454422398984,2906.7569305237103,0.16734979963660859,1173,1172.9999999999998,4.1032486632206797e-05,0.23035440798324766,0.59999999999999998,2,500000,0.00035,0.0001,0.049791339882373546,0.18959565275358548,7.2855104398894698e-18,0.2000644777604724,0.064090014696884509,0.49485259823409677,2.298599930484851e-05,0.042123710726403529,0.091869987707355355,3.0902637161482529e-18,0.061700243267174139,0.43147758105374312,0.37282066807316094,7.8091721631627316e-06,0.26377751131879901,0.0014295263005055542,7.0155066263120183e-10,0.0018503608804512131,2.2626731799576435e-05,0.41128863291041001,6.7980829705052733e-05,1.0225097516107693e-06,3.3135184041518462e-10,2.6320992928968459e-12,2.0448321426748021e-10,5.0252091563616655e-11,7.0715384918848872e-08,0.32156226651292158,nan,nan,nan,nan,nan,nan,nan,nan,nan,nan,nan,nan,nan,nan,0,0,0,0,0,0,0,2.1638888933909102e-09,-3.1353489215727755e-10,6.4425237798438524e-09,-6.0989812332886641e-07,7.3275286662996542e-12,1.2914232169071015e-06,2.0191531604293444e-09,1.4761272059283376e-09,1.5444669989356791e-12,-7.8512136710681336e-16,-7.0033938981251171e-15,1.8755472715433803e-15,-2.5905401823652747e-10,-6.9306306355056203e-07,nan,nan,nan,nan,nan,nan,nan,nan,nan,nan,nan,nan,nan,nan,-1.3084828781291871e-07,-1.1951833007173285e-06,1.3144566406761264e-20,2.6939908591838052e-08,3.9817221396398761e-07,4.5857468017329595e-07,0,0.011254255887113259,0.044680765691300341,1.8593561227961703e-18,0.046956544529719806,0.014942954761761443,0.11496848998968691,5.3636276890282779e-06,-8.305521968131338e-05,5.3775536898957977e-05,-9.8460309233961324e-20,-0.00012209465717750358,0.00016709624065946378,-0.0002971387398052705,-1.029768949263965e-08
11,1,lumen,0.012105263157894737,0.0015,0.011578947368421053,0.012631578947368421,0.001,0.002,1000100.1864960511,1.3987036889777205,13.640001221656707,2902.4394754098421,0.1662901011551931,1173,1173,4.1064873077526222e-05,0.2289707704751052,0.59999999999999998,2,500000,0.00035,0.0001,0.051158549085187473,0.18748652104027924,9.2412894312440915e-18,0.20244910160521634,0.062927115918809923,0.49751630042747741,2.308397170055382e-05,0.043495772113703278,0.091300120529581391,3.9393461820067694e-18,0.062746392629199788,0.42575691369439517,0.37669291954620687,7.8814869135480093e-06,0.26294198687979875,0.001468909520170247,7.2694336275650582e-10,0.0018761307894271692,2.3105910843396068e-05,0.41092936202705999,6.9389066820384169e-05,9.9588204093833774e-07,3.2825513641471728e-10,2.6663860790655895e-12,2.1054486720615437e-10,5.1865853477260131e-11,7.17328677501158e-08,0.32269004687069519,nan,nan,nan,nan,nan,nan,nan,nan,nan,nan,nan,nan,nan,nan,0,0,0,0,0,0,0,-2.3705356156501668e-09,-4.2311009795716315e-10,-2.1827375513048794e-09,2.4913912539587649e-07,-8.2180443006230064e-13,-8.5821235603820122e-07,2.7260454911312986e-09,2.0621323541976377e-09,2.2603219397581087e-12,-1.1230007780235612e-15,-6.910776508557375e-15,2.6931606150590183e-15,-2.8366573171955254e-10,6.0954366865024163e-07,nan,nan,nan,nan,nan,nan,nan,nan,nan,nan,nan,nan,nan,nan,-1.283235185802617e-07,9.5767304542082599e-07,-4.3464192052843023e-22,2.926566702399978e-08,4.207037122561097e-07,-4.0886736940581869e-07,0,0.011554978769740067,0.044124024805762829,2.1231999699221173e-18,0.047459633344059123,0.014649686434108669,0.11542450668065357,5.3795299139968734e-06,-0.00019800410431370378,0.00014717405272011253,-1.2845180269690106e-19,-0.00023892138730048933,0.00035439566322774315,-0.00064748949929581824,-2.1953312583067052e-08
11,2,lumen,0.012105263157894737,0.0025000000000000001,0.011578947368421053,0.012631578947368421,0.002,0.0030000000000000001,1000098.895942677,1.4184894869072366,13.832967950400224,2884.2463714870933,0.16397563617478295,1173,1173,4.1121134430928061e-05,0.22609485954137343,0.59999999999999998,2,500000,0.00035,0.0001,0.054265843157627176,0.18169058490019555,1.1696808827780098e-17,0.20620647166180814,0.0602566865847841,0.50165552305698802,2.3211116893612396e-05,0.046790355245334536,0.089729383713455055,5.0566154646115541e-18,0.064815094950189819,0.41345675313721708,0.3852003759416362,8.0370121672674219e-06,0.26128252670933849,0.0015596932786806996,7.8854536326825392e-10,0.0019345342303204989,2.4111816790548686e-05,0.40973721599916541,7.260545965636954e-05,9.3728132475306695e-07,3.2057477679073387e-10,2.7590507483282782e-12,2.2550329046840247e-10,5.5857762449786853e-11,7.3767138086230322e-08,0.32538830006433639,nan,nan,nan,nan,nan,nan,nan,nan,nan,nan,nan,nan,nan,nan,0,0,0,0,0,0,0,9.1749166787105657e-09,-7.9652663599736976e-10,-1.5255517621876061e-08,1.7516157100138296e-06,-1.4199580855751848e-11,-4.7300785948789677e-06,4.1434152179884679e-09,3.1221408975951742e-09,3.5830562614573244e-12,-2.188412611547715e-15,-9.265469802415703e-15,4.1784236334564184e-15,-3.1105977484638376e-10,2.9783961399407866e-06,nan,nan,nan,nan,nan,nan,nan,nan,nan,nan,nan,nan,nan,nan,-1.3019506329980945e-07,4.8369223420996477e-06,-1.4823388524099551e-20,3.5806376424144956e-08,4.6555219800070713e-07,-1.9327721629824879e-06,0,0.012265757028771288,0.04278513952031282,2.5976704108272482e-18,0.04837796708204662,0.014025705931175974,0.11637218393897249,5.4103832968712499e-06,-0.00037662080749539209,0.00029809488571301611,-2.8433584970976748e-20,-0.00034383505968253383,0.00058866732326052443,-0.0011198949069072739,-3.635240888442131e-08
11,3,support,0.012105263157894737,0.0040000000000000001,0.011578947368421053,0.012631578947368421,0.0030000000000000001,0.0050000000000000001,1000700.9604181974,1.4817312435525887,14.441001697076455,2820.1967651355667,0.1463608218329206,1173,1173,4.1218717739097496e-05,0.21901666833426237,0.40000000000000002,2,300000,0.00033700000000000001,0.0001,0.062597045867632123,0.16464157115644268,1.204316657576625e-17,0.211440722097746,0.05330215673604001,0.50843471333621615,2.3324864911635966e-05,0.056346322109733102,0.084883584736862638,5.4351956046882571e-18,0.069381622546402358,0.38181375787846678,0.40756628132894135,8.4313995938176222e-06,nan,nan,nan,nan,nan,nan,nan,nan,nan,nan,nan,nan,nan,nan,0.25717396342603821,0.0018297870397095948,9.7290094010831731e-10,0.0020971340560790798,2.6773363090430839e-05,0.40561146412181948,8.1879042452982163e-05,7.9290730653899575e-07,2.9866888734256687e-10,3.0956592408569474e-12,2.7152196239566984e-10,6.8445871621747084e-11,7.8741486958793114e-08,0.33317812568738187,0,0,0,0,0,0,0,nan,nan,nan,nan,nan,nan,nan,nan,nan,nan,nan,nan,nan,nan,-1.1842775122442595e-08,-2.0350629773006113e-09,3.5604923351770896e-09,-3.5383664807882262e-07,3.7930551494841369e-11,2.2491130977054206e-07,6.735617958099409e-09,4.6203743511285394e-09,5.597329040427743e-12,-4.0320220015287352e-15,-3.2059788586257019e-14,1.1797212244494912e-14,-3.0496831439270589e-10,1.2814815661375677e-07,-1.9602848686656182e-07,-1.1535261423833987e-07,5.7737376263144786e-21,7.8550389422885759e-08,6.5847084254611055e-07,8.3005096962462943e-08,0,0.013165547952837447,0.03627327896596573,2.6294242254361958e-18,0.046376006512642669,0.011567275511695257,0.10984699733796519,5.0705339379573537e-06,0,0,0,0,0,0,0
12,0,lumen,0.013157894736842105,0.00050000000000000001,0.012631578947368421,0.013684210526315788,0,0.001,1000088.1766058286,1.3926138440045106,13.580776825010433,2895.5196022894506,0.16737130872893757,1173,1172.9999999999995,4.1101056679946867e-05,0.23014785754678757,0.59999999999999998,2,500000,0.00035,0.0001,0.046395224464772761,0.19448562781261827,8.8627155291965517e-18,0.20328983145328697,0.064290800176129037,0.4915931696724064,2.3064844992033817e-05,0.039274648706747052,0.094297247661378467,3.7615651498710105e-18,0.062733391619011494,0.43309474657408237,0.3705921246750174,7.8407637632107836e-06,0.26283457675515653,0.0014079860295643635,6.5054287524727799e-10,0.0018292834702038326,2.2874548638312046e-05,0.41402097807129479,6.7081402980049195e-05,1.0540231841076687e-06,3.388891472919259e-10,2.5475713497146269e-12,1.9137216992200011e-10,4.7139576569594023e-11,7.1623194163181236e-08,0.31981609284541512,nan,nan,nan,nan,nan,nan,nan,nan,nan,nan,nan,nan,nan,nan,0,0,0,0,0,0,0,1.032871743134999e-08,-1.6250632554797895e-09,-3.33076669429188e-09,5.5182781272917651e-07,2.1387689904707463e-11,-2.1146828281582743e-06,6.1463743734223406e-09,4.3885287014620855e-09,4.869959447944449e-12,-6.5323822933945728e-15,-1.4354107101692686e-14,7.1916595245269729e-15,-3.2800650380613609e-10,1.5472489871824633e-06,nan,nan,nan,nan,nan,nan,nan,nan,nan,nan,nan,nan,nan,nan,-1.1072741516824497e-07,2.1981102361623428e-06,-1.9441271320771601e-21,2.6544007717099101e-08,3.6046877058271143e-07,-6.9225617965740227e-07,0,0.010462757416674523,0.045860793688755584,1.9853161571042243e-18,0.047842185179612258,0.014976909656312582,0.11426766333527778,5.3863853981393839e-06,-8.1504763890253174e-05,5.2340260902530297e-05,-7.9639379700083857e-21,-0.0001287530373611505,0.00016971413147712298,-0.00030037555500037776,-1.0810986316533366e-08
12,1,lumen,0.013157894736842105,0.0015,0.012631578947368421,0.013684210526315788,0.001,0.002,1000087.658067506,1.4033886134317222,13.685859523687711,2883.3815698895351,0.16628281270425091,1173,1173.0000000000009,4.1135015694367137e-05,0.2287375938278223,0.59999999999999998,2,500000,0.00035,0.0001,0.047617946189945699,0.19185620407435514,8.9552205634666809e-18,0.20528047452194642,0.062943050755186136,0.49295473675289431,2.310936282300254e-05,0.040621612065207084,0.093742129871816723,3.8302359720996468e-18,0.063837845378520594,0.42729650328761071,0.37449399271365896,7.9166831859210029e-06,0.26197776897869252,0.0014471365202696283,6.7519399711520136e-10,0.0018549788347763893,2.3371985604738019e-05,0.4136980874385624,6.8483586395042239e-05,1.0265788072680852e-06,3.3579411132314197e-10,2.5782723509711196e-12,1.972037403533876e-10,4.8682196034796407e-11,7.268941899940596e-08,0.32092907212801858,nan,nan,nan,nan,nan,nan,nan,nan,nan,nan,nan,nan,nan,nan,0,0,0,0,0,0,0,-8.4011793613951032e-09,-1.6932551843482588e-09,5.3651926130566627e-10,-7.710069401538299e-08,3.1698806773894361e-11,-3.7477076655976875e-07,6.3180407238915863e-09,4.5251687399387036e-09,5.0895412183034507e-12,-6.5308667502564068e-15,-1.2208365720087977e-14,6.481527281479503e-15,-3.0161809687140316e-10,4.5085100813786504e-07,nan,nan,nan,nan,nan,nan,nan,nan,nan,nan,nan,nan,nan,nan,-1.2043493209787023e-07,4.6166462003283115e-07,2.9320033108987176e-22,2.8744232519625679e-08,3.8945902947062905e-07,-7.1371661081176541e-08,0,0.010751850582954569,0.045312369543667852,2.0869059394298339e-18,0.048397201796883671,0.014678303690730874,0.11471452373588699,5.4041785329654349e-06,-0.00018984812082898907,0.00013687780106432545,-8.1364448276563029e-20,-0.00025799754334215452,0.00035812406148773111,-0.00064810380684831291,-2.296830239621202e-08
12,2,lumen,0.013157894736842105,0.0025000000000000001,0.012631578947368421,0.013684210526315788,0.002,0.0030000000000000001,1000086.5261487566,1.4264208367014308,13.910485735090965,2858.8289937029767,0.1639166187762206,1173,1173,4.119656706584841e-05,0.22580075706808589,0.59999999999999998,2,500000,0.00035,0.0001,0.050493706797626416,0.18581521774467355,1.0438637294108937e-17,0.20903901441364378,0.060128911468646289,0.49596347654880446,2.3203585177980428e-05,0.043781835574409275,0.092280611774369983,4.5379872233730522e-18,0.066073626487274564,0.41489204625553161,0.38296380048061435,8.0794278002819749e-06,0.26023926484319471,0.0015364608069976984,7.3361710216727235e-10,0.0019123068291929965,2.442735612046557e-05,0.4126847999928987,7.1647545191741904e-05,9.6732060500993393e-07,3.2836340060849132e-10,2.6604956899759129e-12,2.1125918701655654e-10,5.2419875983051985e-11,7.4861474098552611e-08,0.32353004911524047,nan,nan,nan,nan,nan,nan,nan,nan,nan,nan,nan,nan,nan,nan,0,0,0,0,0,0,0,-1.9272551260288155e-08,-1.6572326192850955e-09,5.3407321453705194e-09,-6.7616505032344275e-07,3.6657038624161864e-11,1.1640178003370551e-06,6.518789247301048e-09,4.6879476130017028e-09,5.2761985231351234e-12,-5.4101024628092375e-15,-1.4003709486898353e-14,6.9753555388617422e-15,-3.6476035635870177e-10,-4.8314759565367485e-07,nan,nan,nan,nan,nan,nan,nan,nan,nan,nan,nan,nan,nan,nan,-1.3924748959882188e-07,-1.0693394202343498e-06,-5.6255370535550319e-21,3.4863269346806982e-08,4.4298569965017798e-07,5.0754950536857635e-07,0,0.011422683542822847,0.044020526917317483,2.3583179795515614e-18,0.049450914136985762,0.014046041761220009,0.11562060465818513,5.4386377559249826e-06,-0.00035411249253004411,0.00026894437363239783,-7.393715412337779e-20,-0.00038183641390387459,0.00058918930445345003,-0.0011034379827433744,-3.7665925425547904e-08
12,3,support,0.013157894736842105,0.0040000000000000001,0.012631578947368421,0.013684210526315788,0.0030000000000000001,0.0050000000000000001,1000610.3391869046,1.4878358771327693,14.501810909238262,2798.1783875542942,0.14615518141320025,1173,1173,4.1310816050626476e-05,0.21859654552618324,0.40000000000000002,2,300000,0.00033700000000000001,0.0001,0.058382094915574854,0.16978726621804882,1.2185942907196891e-17,0.21592892632958557,0.053282026141572944,0.50296987362206158,2.3383734574758354e-05,0.052773552387388095,0.087905134933618054,5.5227901678524435e-18,0.071152729202356088,0.38327672022131981,0.40488337498254806,8.4882727698363615e-06,nan,nan,nan,nan,nan,nan,nan,nan,nan,nan,nan,nan,nan,nan,0.25586518840146011,0.0017982296921400806,9.048039442053277e-10,0.0020686709190090836,2.7245959297955319e-05,0.40929472895298868,8.0617252344877745e-05,8.238926259460008e-07,3.0769995974034771e-10,2.9589318021142062e-12,2.536300561489313e-10,6.3990715642445949e-11,8.0280919545908883e-08,0.33086441311559955,0,0,0,0,0,0,0,nan,nan,nan,nan,nan,nan,nan,nan,nan,nan,nan,nan,nan,nan,-2.2900192878741362e-09,-1.0981174901480559e-09,-3.5550238027362129e-09,3.3968419024682126e-07,6.1309469870721167e-12,-1.3454854967860381e-06,5.9417116359711296e-09,4.3249933925036677e-09,4.7120235841499989e-12,-2.0862389615177707e-15,-3.1417162747044941e-14,7.254434467633959e-15,-6.3271473603339796e-10,1.0030996601681892e-06,-1.734842834683753e-07,1.4409475069254718e-06,1.2851042757086118e-21,7.7874201760153666e-08,6.07372362876335e-07,-5.944897424892126e-07,0,0.012128801424237258,0.037256651397171214,2.6383013472377784e-18,0.047307408756212574,0.011465256904811471,0.10796100608253224,5.0556605879778851e-06,0,0,0,0,0,0,0
13,0,lumen,0.014210526315789474,0.00050000000000000001,0.013684210526315788,0.014736842105263159,0,0.001,1000075.5630970206,1.399888881308756,13.651895206493339,2872.3375098458969,0.1671038467495547,1173,1173,4.1186418621732827e-05,0.22957194758135785,0.59999999999999998,2,500000,0.00035,0.0001,0.042804033593894043,0.19892264706989546,8.0505608649049922e-18,0.20689249142176377,0.064019043745945706,0.48681540129107836,2.3087080900018138e-05,0.036424370818367011,0.096953628418296051,3.4347588374641953e-18,0.064179477195579121,0.43352245855137084,0.36891217559438266,7.8894220042773855e-06,0.26157426648467491,0.001392834382526848,6.0013689003579982e-10,0.0018113592375426596,2.32654172796139e-05,0.41700316871520765,6.6391856475061806e-05,1.0839353945677221e-06,3.46757916799757e-10,2.4635783761888009e-12,1.7832987295373875e-10,4.4086838365578181e-11,7.2882376765094703e-08,0.31812755591716124,nan,nan,nan,nan,nan,nan,nan,nan,nan,nan,nan,nan,nan,nan,0,0,0,0,0,0,0,-1.1697653260462633e-09,-4.319426433357123e-10,3.7957811263953741e-09,-4.8450492388834067e-07,6.9136347037937473e-12,1.0009466900606778e-06,3.0433514666121788e-09,2.2545243174524471e-09,2.2510849657447365e-12,-1.416789183127533e-15,-8.69484336627928e-15,2.0889417965968683e-15,-4.0005863074733872e-10,-5.2354281318569898e-07,nan,nan,nan,nan,nan,nan,nan,nan,nan,nan,nan,nan,nan,nan,-1.0792859804183499e-07,-9.2418853664399947e-07,3.7777354974810649e-21,2.5511041083238919e-08,3.3713536172486069e-07,3.5489731836646499e-07,0,0.0097438045159093812,0.046926737545644789,2.1600200808667588e-18,0.048733185867698481,0.01497074989323877,0.11367238733643373,5.4106232254671304e-06,-7.614064168749833e-05,4.4298229986550781e-05,-4.5292309114135734e-20,-0.00014243338909641093,0.00017323530003643658,-0.000301462001361077,-1.1512794038754534e-08
13,1,lumen,0.014210526315789474,0.0015,0.013684210526315788,0.014736842105263159,0.001,0.002,1000075.1164695533,1.4103559563751138,13.753977602150579,2861.0067325294804,0.16599482445539401,1173,1173,4.1224418448328725e-05,0.22810672261293746,0.59999999999999998,2,500000,0.00035,0.0001,0.04395643164952296,0.1964876411441453,8.9006071507845111e-18,0.2092772484262207,0.062676534297745334,0.48831382804128076,2.3150910642925427e-05,0.037684708369881047,0.096482920935236527,3.8258250952381851e-18,0.065404680576562568,0.42760498457917256,0.37281473514849761,7.9703906496166639e-06,0.2606499320518707,0.0014318067384346347,6.229749536844527e-10,0.0018366270458913859,2.3800282489496292e-05,0.41679960718918169,6.7782141585645669e-05,1.0563359444922711e-06,3.4385593163741835e-10,2.4890512148032053e-12,1.8365226002335769e-10,4.5496341857399141e-11,7.4047495952518272e-08,0.3191893129690454,nan,nan,nan,nan,nan,nan,nan,nan,nan,nan,nan,nan,nan,nan,0,0,0,0,0,0,0,-3.3544488534010306e-09,-7.5529619002159598e-10,3.6943346155215452e-10,-3.9819867629320157e-08,5.9476582730047522e-12,-2.6570161402333405e-07,4.1387202016450728e-09,3.0571622301831664e-09,3.2447913896881596e-12,-2.2327527637603265e-15,-7.3944490320906165e-15,4.383426307216368e-15,-4.0422403309993828e-10,3.0246094767634402e-07,nan,nan,nan,nan,nan,nan,nan,nan,nan,nan,nan,nan,nan,nan,-1.0988802985655369e-07,3.4508786039832984e-07,-4.1947375379196132e-22,2.747022462447942e-08,3.5576236623313662e-07,-9.7096944096097815e-08,0,0.010020350905214633,0.046390658266638428,2.0552717356904373e-18,0.049340817234779608,0.014666981064820936,0.11410824431421476,5.4301834542690393e-06,-0.00017575707448890039,0.00011561516358080795,-4.2791556850703563e-20,-0.00029021142439913705,0.00036383286726772765,-0.00064417242488071225,-2.4284149315224151e-08
13,2,lumen,0.014210526315789474,0.0025000000000000001,0.013684210526315788,0.014736842105263159,0.002,0.0030000000000000001,1000074.1445939094,1.4365876777838178,14.009806429446193,2830.3343715426981,0.16359421871867369,1172.9999999999998,1173.0000000000005,4.129538351123765e-05,0.22505598291564,0.59999999999999998,2,500000,0.00035,0.0001,0.046510300578582846,0.1904264396345253,9.5896155291078715e-18,0.21338093850434753,0.059718398505675459,0.49018053391918931,2.3219711150173132e-05,0.040615864120258367,0.095245896405866476,4.1986579566101792e-18,0.067927597631836006,0.4150015889588502,0.38120091011326263,8.1427699264475355e-06,0.25875072118212344,0.0015200496731186039,6.7658215788916883e-10,0.00189235296180395,2.4942888309520789e-05,0.41610085556115978,7.0891165439826507e-05,9.9740006082782052e-07,3.3697316173083437e-10,2.5583603738140276e-12,1.9637651474179051e-10,4.888662427033502e-11,7.64506915708847e-08,0.32163911145592261,nan,nan,nan,nan,nan,nan,nan,nan,nan,nan,nan,nan,nan,nan,0,0,0,0,0,0,0,-4.3372655852621541e-09,-1.3173206123576076e-09,2.2101854177063941e-09,-2.4152172065905723e-07,1.5090810003524913e-11,6.6587587390157243e-08,5.86488762303671e-09,4.2357224845634978e-09,4.6708159463671611e-12,-3.3056833950457783e-15,-8.9796450778803725e-15,8.3220637196120669e-15,-4.4833961885046595e-10,1.68706505876244e-07,nan,nan,nan,nan,nan,nan,nan,nan,nan,nan,nan,nan,nan,nan,-1.2451734361000957e-07,1.9002719842120541e-08,5.0020294065439298e-22,3.2909710413931451e-08,3.9916781488513742e-07,8.6426252321469832e-08,0,0.010649317988243055,0.045153108836767951,2.5332078343024155e-18,0.050529737079859603,0.01402676895254241,0.11497158805435632,5.4681019245742799e-06,-0.00032241877524042507,0.000223565048165135,-1.0454345222348708e-19,-0.00044406016293765238,0.00059351097858476357,-0.0010808683905994467,-3.9499968477173542e-08
13,3,support,0.014210526315789474,0.0040000000000000001,0.013684210526315788,0.014736842105263159,0.0030000000000000001,0.0050000000000000001,1000520.4766802626,1.5005917436135054,14.627454922832369,2764.8862779767342,0.14314983626249939,1173,1173,4.1436205611234183e-05,0.21758841864606632,0.40000000000000002,2,300000,0.00033700000000000001,0.0001,0.053547780578735701,0.17540313293727189,1.2237591498353112e-17,0.22221646454540545,0.052805062656989615,0.49580434086328079,2.3413130830875651e-05,0.048823022292163253,0.091599479484595445,5.5942502033313575e-18,0.073859013343840943,0.38313674291292388,0.40257316938785759,8.5725786190490707e-06,nan,nan,nan,nan,nan,nan,nan,nan,nan,nan,nan,nan,nan,nan,0.25391342658780758,0.001775396581525967,8.3079774823808004e-10,0.0020414691614977802,2.8027867297200317e-05,0.4137457858956351,7.9575472919685478e-05,8.5663115107268211e-07,3.181531319310026e-10,2.8124257132790429e-12,2.3409451420949437e-10,5.9223954776746414e-11,8.2565496493500782e-08,0.32841537779203983,0,0,0,0,0,0,0,nan,nan,nan,nan,nan,nan,nan,nan,nan,nan,nan,nan,nan,nan,1.0090910514555531e-10,-1.6783002431286449e-09,1.6526918570230157e-08,-1.5840393909972226e-06,3.6064842952321374e-11,3.1792484043494627e-06,6.3185987236198798e-09,4.1766104461656711e-09,4.5072927136013019e-12,-3.1397368897638353e-15,-3.0527698891826534e-14,9.0819980992505703e-15,-6.3183137252302555e-10,-1.6200624658182657e-06,-1.7745424054065734e-07,-3.097059012135972e-06,-1.4994059705857011e-21,7.5152603178653913e-08,5.5490646160005763e-07,1.3480915197483512e-06,0,0.011186202346686189,0.038103454676563106,2.6872351159725445e-18,0.048176831241135601,0.011332887204581338,0.10619130516262347,5.040063906448279e-06,0,0,0,0,0,0,0
14,0,lumen,0.015263157894736843,0.00050000000000000001,0.014736842105263159,0.015789473684210527,0,0.001,1000062.9432270512,1.3975248590693576,13.62901294298616,2870.948336720026,0.16693273614097567,1173,1173,4.1250412103776024e-05,0.2291442389906711,0.59999999999999998,2,500000,0.00035,0.0001,0.040296390014554241,0.20327383343882371,1.0762535177425e-17,0.21061995546935669,0.064171431260028555,0.48616064187532748,2.3249277550286831e-05,0.034233000128652873,0.098908307993864381,4.5841218586308258e-18,0.065226251429094759,0.43382602540321225,0.36779848351314443,7.9315320312374666e-06,0.26066701459003688,0.0013823882366894534,5.6186649427875128e-10,0.0017990067883471067,2.3555637334234102e-05,0.41914556167288181,6.5916539020209215e-05,1.1056207101691658e-06,3.5250931258023682e-10,2.3989707858388798e-12,1.684246490435443e-10,4.1768754789705867e-11,7.3816894112042704e-08,0.31691537597056524,nan,nan,nan,nan,nan,nan,nan,nan,nan,nan,nan,nan,nan,nan,0,0,0,0,0,0,0,9.920348485024986e-08,-5.0582228647353454e-10,4.6620312489629801e-08,-4.2919901276624459e-06,2.6325971242378843e-11,9.4524509231959895e-06,7.4357410161862079e-09,5.6968858421890117e-09,5.2376207119170482e-12,-7.1414387789762524e-16,-2.0098671049246381e-14,3.4250679671041427e-15,-1.260859927062509e-09,-5.3176820839219855e-06,nan,nan,nan,nan,nan,nan,nan,nan,nan,nan,nan,nan,nan,nan,-1.4332650584598927e-07,-9.3861777921699918e-06,-1.9471680689947179e-20,2.5965490249301502e-08,2.6339081192483516e-07,4.169319927749271e-06,0,0.0090840427491333635,0.047880471628044791,2.3298021863681457e-18,0.049648056021097099,0.014938079044657,0.11314498587110168,5.4356902644601631e-06,-7.4428292030682283e-05,4.2265375800894949e-05,1.0093143289584128e-19,-0.000148306896908872,0.00017485563289446862,-0.0003021953692839881,-1.1900568126028816e-08
14,1,lumen,0.015263157894736843,0.0015,0.014736842105263159,0.015789473684210527,0.001,0.002,1000062.5694508355,1.4174483479545661,13.823316970165775,2840.5485003125523,0.16580334884006431,1173,1173,4.1289671802501145e-05,0.22765845721476041,0.59999999999999998,2,500000,0.00035,0.0001,0.041161582906597917,0.1995049173223955,8.5921416476744977e-18,0.21173087560006421,0.062398411418218142,0.48442240934634018,2.3164612686834725e-05,0.035466534158926664,0.098458397331459835,3.7118537861231019e-18,0.066505101360867694,0.4278536802920837,0.37170827154292846,8.0153137336981194e-06,0.25972014050322628,0.0014212286802363747,5.8404434245105401e-10,0.0018240937197762633,2.4108120576455738e-05,0.41898172129605155,6.7300510435954405e-05,1.0776288313077298e-06,3.4964392998930923e-10,2.4218203670743319e-12,1.7355215089453627e-10,4.3120901618857074e-11,7.5026601071408738e-08,0.31796025336128159,nan,nan,nan,nan,nan,nan,nan,nan,nan,nan,nan,nan,nan,nan,0,0,0,0,0,0,0,-3.8824038081994308e-08,-1.1990188548801786e-09,-1.6087608904932704e-08,1.6271857371663936e-06,-2.2574066639406698e-11,-4.5290573119369584e-06,7.5549610425291384e-09,5.5420487090566267e-09,5.5571539961364751e-12,-1.7035126958857909e-15,-1.5304657570504796e-14,1.3536758627671203e-14,-9.1571082956460109e-10,2.9458179619799765e-06,nan,nan,nan,nan,nan,nan,nan,nan,nan,nan,nan,nan,nan,nan,-8.57991181461501e-08,4.5984037052027027e-06,1.3136629083272032e-21,2.793101619544951e-08,3.4955643503364886e-07,-1.7568790924293864e-06,0,0.0093441239449776111,0.047361932298246277,2.0208823086285719e-18,0.050312556774385307,0.014630377188385878,0.11356487188340919,5.4569672195691521e-06,-0.00016837701364811044,0.00010637118697631578,-1.9289920084564458e-19,-0.00030605210692854145,0.00036578994784796964,-0.00064327220322120458,-2.5034912813696993e-08
14,2,lumen,0.015263157894736843,0.0025000000000000001,0.014736842105263159,0.015789473684210527,0.002,0.0030000000000000001,1000061.7585355419,1.4489981711102953,14.13101033201726,2799.90821945074,0.16336966493908231,1173,1172.9999999999998,4.1364643519242626e-05,0.22456366977837977,0.59999999999999998,2,500000,0.00035,0.0001,0.043457041359653115,0.19290338656239198,1.221471972080243e-17,0.21541767157076022,0.059232495511248096,0.4844951070102142,2.316320160269359e-05,0.038277871997267315,0.097319519764165682,5.3942849733531502e-18,0.069169245896646456,0.41518601491101831,0.38003915420333861,8.1932275637111857e-06,0.25775555723289123,0.0015085621546514238,6.3505281125420361e-10,0.0018788621178579125,2.5294226478615591e-05,0.41842744558891015,7.0370628895101081e-05,1.0185780513456493e-06,3.4299736072970599e-10,2.483412017499691e-12,1.8555442752913658e-10,4.6312995227578386e-11,7.7544306056173075e-08,0.32033281071555897,nan,nan,nan,nan,nan,nan,nan,nan,nan,nan,nan,nan,nan,nan,0,0,0,0,0,0,0,-1.1827708206641566e-07,-1.6907909458654483e-09,-6.9294816474830319e-08,7.2249205122505074e-06,-7.423907560748233e-11,-1.7981773123204158e-05,7.459787665643009e-09,5.3127830316503089e-09,5.7077198040780854e-12,-2.6481606788713514e-15,-9.5143800257201178e-15,1.7692714143198375e-14,-6.1425392812059215e-10,1.093402550963996e-05,nan,nan,nan,nan,nan,nan,nan,nan,nan,nan,nan,nan,nan,nan,-4.4674668653234967e-08,1.8057872203769421e-05,-2.421747833350194e-20,3.3240401340974248e-08,4.3062949005301387e-07,-7.3718981138948259e-06,0,0.0099302347876869864,0.046179637412198854,2.6121602135163996e-18,0.051635691756081903,0.013984885102414314,0.11438018378199194,5.4980036720658554e-06,-0.00030481588275714082,0.00020095057033132614,-3.601474366833951e-20,-0.00047164369358788488,0.00059189874331354482,-0.0010650885411388378,-4.0359654849815769e-08
14,3,support,0.015263157894736843,0.0040000000000000001,0.014736842105263159,0.015789473684210527,0.0030000000000000001,0.0050000000000000001,1000431.4253908652,1.5052711648383248,14.674375035876857,2749.1131317339477,0.14283175020538683,1173,1173,4.1516533616779019e-05,0.21702402128655368,0.40000000000000002,2,300000,0.00033700000000000001,0.0001,0.050343002913008104,0.17949682213220552,1.2812091378518286e-17,0.22637475522872222,0.052673643604548612,0.49230436981609982,2.3502763061761736e-05,0.046048251896635417,0.094037975212997699,5.8756620376992878e-18,0.075482470787363837,0.38340912736074545,0.40101354174201853,8.6330002389898651e-06,nan,nan,nan,nan,nan,nan,nan,nan,nan,nan,nan,nan,nan,nan,0.25274312689202194,0.0017585720616604069,7.7965815172996171e-10,0.0020233778203333878,2.8498819743615077e-05,0.41656644112164515,7.8845863519409388e-05,8.7905059441874822e-07,3.2508886509857074e-10,2.7108499393151645e-12,2.2064469325293988e-10,5.5924349346159418e-11,8.3978940936156597e-08,0.32680017300760411,0,0,0,0,0,0,0,nan,nan,nan,nan,nan,nan,nan,nan,nan,nan,nan,nan,nan,nan,9.3907159326748071e-09,1.1805850691564481e-11,1.4069422044609679e-08,-1.3917206476436929e-06,5.5660509838337258e-12,2.8278051337074853e-06,4.6756137656540532e-09,3.763245570199969e-09,3.6048519297829661e-12,-1.5501184123810594e-16,-2.1242745965328406e-14,-1.2140317509429383e-15,-9.1217786585019583e-10,-1.4670922597051188e-06,-1.6398321985282988e-07,-2.7569683773709386e-06,-8.4449292308772484e-21,7.6216825459960226e-08,5.1939695855374168e-07,1.1655724395098765e-06,0,0.010306382708235775,0.038834606210483409,2.6459462033605207e-18,0.049050254035795292,0.011178890223012628,0.10448495092078569,5.0241287006959335e-06,0,0,0,0,0,0,0
15,0,lumen,0.016315789473684211,0.00050000000000000001,0.015789473684210527,0.016842105263157894,0,0.001,1000050.3257650197,1.4139081731975296,13.788961102254429,2832.0810455172468,0.16640650832595155,1173,1173,4.134357305223283e-05,0.22822678430185844,0.59999999999999998,2,500000,0.00035,0.0001,0.036884614499110693,0.20603599868963487,8.9209554857413267e-18,0.21369225578821441,0.063279708795128523,0.47959344169524221,2.3176815630196313e-05,0.03170233214485365,0.10142886010694467,3.8443249011760238e-18,0.066954354857340373,0.43281817615972951,0.36708827712639591,7.9996047358923513e-06,0.25925191544781206,0.0013770254087918958,5.1811109564714403e-10,0.0017878410046040473,2.4062234225297958e-05,0.42192883925934277,6.558412123841216e-05,1.1285082644063048e-06,3.5952896379263109e-10,2.3232176804522101e-12,1.5698170786780394e-10,3.9125982608560194e-11,7.5316162422482143e-08,0.31556352762317913,nan,nan,nan,nan,nan,nan,nan,nan,nan,nan,nan,nan,nan,nan,0,0,0,0,0,0,0,-7.965947303047395e-08,-2.3403655758427205e-09,1.1409193252122528e-08,-2.2480131041989799e-06,5.7774396052846788e-11,5.6263647471427574e-06,1.1890754246390644e-08,8.5209986930984138e-09,8.5061304482448638e-12,-9.2551443208783429e-15,-3.150179401214925e-14,1.3554835390714523e-14,-1.2940680725192474e-09,-3.3269449356833467e-06,nan,nan,nan,nan,nan,nan,nan,nan,nan,nan,nan,nan,nan,nan,-9.9860466177843082e-08,-5.5700694628346703e-06,-4.7684965590233957e-21,2.4862804715294475e-08,3.2453692566658532e-07,2.1349059031172679e-06,0,0.0084803526912820195,0.048749193783216155,2.0362024510677915e-18,0.050569262123239721,0.014871234935344672,0.11270566041105237,5.4622130217713917e-06,-6.7981817300947405e-05,3.3008215590221808e-05,1.2906617501195476e-20,-0.00016334307624750236,0.000178002296198642,-0.00030227326979003248,-1.260258404550305e-08
15,1,lumen,0.016315789473684211,0.0015,0.015789473684210527,0.016842105263157894,0.001,0.002,1000050.0256672153,1.4223231377863419,13.871031145361149,2825.1517607337682,0.16525583362761379,1173,1173,4.1387131922761799e-05,0.22668360515366176,0.59999999999999998,2,500000,0.00035,0.0001,0.037973156732287058,0.20410546539499749,8.6101567154583615e-18,0.21691577453655264,0.06201989882152311,0.48182084136159181,2.3295974575979281e-05,0.032832190969347017,0.10107651793760952,3.7324755286756482e-18,0.068368866925325705,0.42672616477455072,0.3709881708027063,8.088590460699626e-06,0.25823148999928031,0.0014159438934857555,5.3827235999887194e-10,0.0018124940524069655,2.4657367625906104e-05,0.42188993117033913,6.6961386338183895e-05,1.1006306153569991e-06,3.5688550152976752e-10,2.3408862973673305e-12,1.6155518540047457e-10,4.0338003974953337e-11,7.6633976132277591e-08,0.3165573437666247,nan,nan,nan,nan,nan,nan,nan,nan,nan,nan,nan,nan,nan,nan,0,0,0,0,0,0,0,7.828941911130609e-08,-2.4072686834477434e-09,-2.0401820672781775e-08,3.6656241729734294e-06,-1.2729488036572478e-11,-1.1381804160854637e-05,1.0821251633123181e-08,7.7185781975977474e-09,7.963196203194385e-12,-9.7451458452107854e-15,-2.0055419847361912e-14,9.40659316740586e-15,-9.7363789894762599e-10,7.6431382527440625e-06,nan,nan,nan,nan,nan,nan,nan,nan,nan,nan,nan,nan,nan,nan,-7.2770921493141988e-08,1.1441645202503459e-05,1.0005471631211248e-21,2.6591546944051173e-08,2.6174635872622254e-07,-3.7850975198594483e-06,0,0.008724093259106315,0.048250306599674227,2.1193900027571015e-18,0.051290054658720045,0.014559546160827204,0.11310898532130623,5.4851094656459348e-06,-0.00015275832916812959,8.2729244258543283e-05,-5.6850860677042043e-20,-0.00034029227705222883,0.00037082605181838611,-0.00063344753773345627,-2.6345337143585955e-08
15,2,lumen,0.016315789473684211,0.0025000000000000001,0.015789473684210527,0.016842105263157894,0.002,0.0030000000000000001,1000049.376508495,1.4506383080865282,14.14718053807953,2790.8764720877425,0.16278987884537435,1173,1173,4.14718240502494e-05,0.22346935272935708,0.59999999999999998,2,500000,0.00035,0.0001,0.040134030149384638,0.1983597822619316,9.5670252721622094e-18,0.22195523686686225,0.058974371751555614,0.48289043383104602,2.3371681356999647e-05,0.035391346396813031,0.10018677797763985,4.2298404193277149e-18,0.071349969490961077,0.41384974419100928,0.37921388551314766,8.2764304289347075e-06,0.25609852334901984,0.0015028914541123384,5.8431809228909597e-10,0.00186574609331934,2.5940728118234534e-05,0.42164667208672785,6.999270993731105e-05,1.0423742777583729e-06,3.5081954224497387e-10,2.3902593344059668e-12,1.7220697713538524e-10,4.3186651044284879e-11,7.9397321652377106e-08,0.31878911065456322,nan,nan,nan,nan,nan,nan,nan,nan,nan,nan,nan,nan,nan,nan,0,0,0,0,0,0,0,2.5684248252959216e-08,-2.3008865338781589e-09,-2.0006141996246939e-08,2.9416703555017051e-06,-3.6750978779295784e-12,-8.6554607722757939e-06,8.7747787091737338e-09,6.0803168103716609e-09,6.459166482431527e-12,-7.8412315082267625e-15,-1.2948010142892626e-14,9.0290044630306204e-15,-6.5245632746610645e-10,5.6962077854825737e-06,nan,nan,nan,nan,nan,nan,nan,nan,nan,nan,nan,nan,nan,nan,-8.4092042682958751e-08,8.7229790169951471e-06,-5.421944995481433e-22,3.1149307100692139e-08,3.2627481623415111e-07,-3.0766553029693e-06,0,0.009267089974014809,0.047128698061477056,2.1548153449377923e-18,0.05274663239612222,0.013908375453076171,0.11387634768434107,5.5291740910820983e-06,-0.00027266351115596578,0.00015534146324949343,-9.5804215259373985e-20,-0.00053598949086195986,0.00059616826318016733,-0.001038315285491101,-4.2228221317388202e-08
15,3,support,0.016315789473684211,0.0040000000000000001,0.015789473684210527,0.016842105263157894,0.0030000000000000001,0.0050000000000000001,1000343.2511575685,1.5230019429148649,14.848535035762266,2710.0414680673116,0.13960716956031036,1173,1173,4.1649772545173674e-05,0.21565458989944075,0.40000000000000002,2,300000,0.00033700000000000001,0.0001,0.045777227168075162,0.18418456949218739,1.1884646282241893e-17,0.23287833889277648,0.051830946804280499,0.48488526200496246,2.3510538061709618e-05,0.042368931088026696,0.097639094364567455,5.5150192733767895e-18,0.078572614104376604,0.38175279244052046,0.39965782965336943,8.7383491393971859e-06,nan,nan,nan,nan,nan,nan,nan,nan,nan,nan,nan,nan,nan,nan,0.25062724431643113,0.0017493630627886669,7.128659022622522e-10,0.0020039048050437291,2.9432741638003853e-05,0.42072981354427824,7.8259898419063358e-05,9.0611898210108822e-07,3.3468133769413726e-10,2.5779308000380537e-12,2.0294135003829191e-10,5.1665209524323865e-11,8.6539007372814263e-08,0.32478098766871172,0,0,0,0,0,0,0,nan,nan,nan,nan,nan,nan,nan,nan,nan,nan,nan,nan,nan,nan,2.293069401415583e-08,-1.6026528298765797e-09,2.01941007328318e-08,-2.0588709531016612e-06,3.6023915946613305e-11,4.4651932854544198e-06,4.9744477735003832e-09,3.0661511569735761e-09,3.203953318944404e-12,-2.7154094445999866e-15,-1.7398401089023052e-14,8.7738082501814356e-15,-4.5807050298739195e-10,-2.4554662193534482e-06,-1.562679221669451e-07,-4.4050076148938189e-06,-6.3454021577467853e-22,7.3240853670580165e-08,4.6762080758988578e-07,1.8496726694738896e-06,0,0.0095093586572536516,0.039451598031067174,2.5371130663562676e-18,0.049856882146828194,0.011002569019749683,0.10288385586505824,5.0074571631403242e-06,0,0,0,0,0,0,0
16,0,lumen,0.017368421052631578,0.00050000000000000001,0.016842105263157894,0.017894736842105262,0,0.001,1000037.716054109,1.4165903494619445,13.815292886013921,2823.0840434349266,0.16612902894348922,1173,1173,4.1398804280937598e-05,0.22769955067867917,0.59999999999999998,2,500000,0.00035,0.0001,0.034963992979701666,0.20863443253973113,8.3155159281182656e-18,0.21638633150718881,0.063078589999536264,0.47828313915689008,2.3264229775574235e-05,0.030108944927950704,0.10290416964097462,3.5902646429548007e-18,0.067927936247174789,0.43226646611130071,0.36678443796250848,8.0451100905402743e-06,0.25844390215420082,0.001374227111542747,4.9084787106928277e-10,0.001781908193311929,2.4362632545391227e-05,0.42352608859543805,6.5408667516455665e-05,1.1415916012926219e-06,3.6362386105199932e-10,2.2747910867571499e-12,1.4984839916048988e-10,3.7472330000683731e-11,7.620743663670455e-08,0.3147828838023477,nan,nan,nan,nan,nan,nan,nan,nan,nan,nan,nan,nan,nan,nan,0,0,0,0,0,0,0,9.0417185143015416e-08,2.5085898993012039e-09,6.4523085984252297e-09,-9.1608484445885387e-09,-8.7682139326972219e-11,-5.7622588249366113e-07,-1.7620241321061959e-09,-4.3393140491433668e-10,-1.3891041135966433e-12,1.463555608120637e-14,1.2374143680983779e-15,-2.120633903480048e-15,-8.2640099025971737e-10,4.8912006131426779e-07,nan,nan,nan,nan,nan,nan,nan,nan,nan,nan,nan,nan,nan,nan,-8.9807240937714999e-08,6.3443018144537788e-07,2.6676378169773115e-22,2.6500023363243578e-08,2.3291752816734235e-07,-1.0096050756525088e-07,0,0.0079145319505151204,0.049524966748429815,1.9686957860608056e-18,0.05153939886857177,0.014788027312152096,0.1122989646661806,5.4894393251995734e-06,-6.555590480229711e-05,2.9430053723635655e-05,-6.3548707886057806e-20,-0.00016944774950224554,0.00017891274076076171,-0.00030118103271650656,-1.2927938271405099e-08
16,1,lumen,0.017368421052631578,0.0015,0.016842105263157894,0.017894736842105262,0.001,0.002,1000037.4902711977,1.429848135180291,13.944592547475834,2806.6462083477081,0.16496696311280587,1173,1173,4.1443775835818701e-05,0.22613731411427587,0.59999999999999998,2,500000,0.00035,0.0001,0.035895302747339382,0.20606782826339889,9.5039948275100709e-18,0.21902238577021824,0.061607531238899255,0.47886331474961152,2.3310449149298261e-05,0.031200235067003524,0.10258950025977588,4.1418005951292515e-18,0.069398939497415588,0.42613686556663649,0.37066632307060826,8.1365385603408986e-06,0.25739977285916038,0.001413110271891954,5.1021336724968594e-10,0.0018063452106817093,2.4975276269111389e-05,0.42352994665689764,6.6780801981443624e-05,1.1136536715527311e-06,3.6104684278815535e-10,2.2901377591343011e-12,1.5420183096273391e-10,3.8625077123458847e-11,7.7568063497451651e-08,0.31575787663500215,nan,nan,nan,nan,nan,nan,nan,nan,nan,nan,nan,nan,nan,nan,0,0,0,0,0,0,0,8.8249187120683681e-08,1.9785419410267636e-09,7.7482865960473403e-09,-1.8671306653256195e-07,-7.2398030929662904e-11,-2.3172674088259293e-07,-1.9828710543036395e-10,6.3244154379672735e-10,-1.6889935707704455e-13,1.1052580785982488e-14,-1.3167239653618094e-15,-1.2369485700421709e-15,-8.6528466335648832e-10,3.2096748034377432e-07,nan,nan,nan,nan,nan,nan,nan,nan,nan,nan,nan,nan,nan,nan,-9.5624690344461166e-08,2.917985516548427e-07,-6.9479852647301369e-21,2.810999451370159e-08,2.4835660233923917e-07,7.0516546157861626e-08,0,0.0081420304562453034,0.049047225038174595,2.1781756020995531e-18,0.052316724308503287,0.014473906756868531,0.11268083580208964,5.5136857393266958e-06,-0.00014672465802917505,7.4903520635395321e-05,3.9845228441287561e-20,-0.00035233276756065963,0.00037106282945537062,-0.0006295437512618214,-2.6823040101713199e-08
16,2,lumen,0.017368421052631578,0.0025000000000000001,0.016842105263157894,0.017894736842105262,0.002,0.0030000000000000001,1000037.003221916,1.4608162119455386,14.246615624548813,2767.6973627040575,0.16248706492193019,1173,1173,4.1531114160885544e-05,0.22289711802306234,0.59999999999999998,2,500000,0.00035,0.0001,0.037906789998747782,0.20011365359625796,8.5183478007991923e-18,0.22393247400150343,0.058476453666492893,0.47901569204316569,2.3353465633770167e-05,0.033662249371853817,0.10178301692288461,3.7926628812490395e-18,0.072491533162618776,0.41323986035380078,0.3788150120824994,8.3281063425640497e-06,0.25522005095640143,0.001499488463796416,5.5426912679365701e-10,0.0018587565723761721,2.6293525500651258e-05,0.42339277046114321,6.9782363156527057e-05,1.0556503431011208e-06,3.5517648329034637e-10,2.334173411672684e-12,1.6431418593795287e-10,4.1327709866500536e-11,8.0417505719420436e-08,0.31793172047235285,nan,nan,nan,nan,nan,nan,nan,nan,nan,nan,nan,nan,nan,nan,0,0,0,0,0,0,0,-1.583203950235944e-07,6.7809015446732396e-10,-2.0399724939369741e-08,1.2502768737170987e-06,-4.9595144939636182e-11,-2.0530278882315619e-06,2.14747926700924e-09,1.8904545403056194e-09,1.4261303071375289e-12,5.8275537141528154e-15,-9.0500897636911176e-15,7.3713617495236042e-15,-8.0433579939949794e-10,9.7760761103001159e-07,nan,nan,nan,nan,nan,nan,nan,nan,nan,nan,nan,nan,nan,nan,-7.7891334155592157e-08,2.1176478611772964e-06,8.2196131239945659e-21,3.2633132186539764e-08,4.0607540528758701e-07,-1.3812822448056039e-06,0,0.0086443873174010238,0.047980268024732271,2.1285620089977783e-18,0.053900703064175826,0.013820439043148823,0.11339677667051246,5.5602431466189288e-06,-0.00026185824577816807,0.0001424210615609037,-1.3282649002240664e-19,-0.0005499576007055258,0.00059198754232981624,-0.0010234011346917013,-4.2483629906944934e-08
16,3,support,0.017368421052631578,0.0040000000000000001,0.016842105263157894,0.017894736842105262,0.0030000000000000001,0.0050000000000000001,1000255.9801073417,1.528567843971872,14.904100139118416,2695.6645652330253,0.1392783911566928,1173,1173,4.1713118706729124e-05,0.21508511890864293,0.40000000000000002,2,300000,0.00033700000000000001,0.0001,0.043459993599226941,0.18688986496673046,1.1974136699524298e-17,0.23598783993635397,0.051581550193140396,0.48217988539225126,2.3571038325110489e-05,0.040374748902843843,0.099443957959674034,5.5773402228015192e-18,0.079919707287729055,0.38133759395313854,0.39891519827670019,8.7936199144041237e-06,nan,nan,nan,nan,nan,nan,nan,nan,nan,nan,nan,nan,nan,nan,0.24967826613219404,0.0017424070168108349,6.7708520526338985e-10,0.0019935914163956457,2.9855357217139167e-05,0.42273554521690454,7.7902918831753372e-05,9.2055947864283214e-07,3.3955313833891153e-10,2.5062280660518768e-12,1.9350371450177749e-10,4.9370855454605775e-11,8.7730285998789389e-08,0.32374142238986253,0,0,0,0,0,0,0,nan,nan,nan,nan,nan,nan,nan,nan,nan,nan,nan,nan,nan,nan,-2.5590779852073673e-08,-2.6193495351387696e-10,-6.149749789906734e-09,6.1452793638924257e-07,-1.4784864305061873e-11,-1.5547591096581274e-06,2.1259210011063929e-09,1.5153064174527192e-09,1.4557609331241952e-12,6.661024854451028e-17,-5.9772185579516745e-15,3.0897623341563499e-15,-3.5738127484738926e-10,9.689631237650352e-07,-1.2251620488349518e-07,1.6060666908623844e-06,-2.0806279923106811e-21,7.6213780258148768e-08,4.7409855860602867e-07,-8.1938418761140497e-07,0,0.0087541349351743028,0.039971818262964677,2.5097057835462593e-18,0.05069890339059839,0.010813447026997502,0.10131458784842914,4.9906844740163203e-06,0,0,0,0,0,0,0
17,0,lumen,0.018421052631578949,0.00050000000000000001,0.017894736842105262,0.018947368421052629,0,0.001,1000025.1223882248,1.430183060597698,13.948031408436346,2792.436737962018,0.16533171508690522,1173,1173,4.1506438506135353e-05,0.22640432625079113,0.59999999999999998,2,500000,0.00035,0.0001,0.031784091861712473,0.21183431449847034,8.3948675846103899e-18,0.22118279540706412,0.062135323910177759,0.47385184718986256,2.3308779125823185e-05,0.027633579229308213,0.10548631460225803,3.659349857485152e-18,0.070100765237644136,0.42989357612724466,0.36687762684150893,8.1379620360272149e-06,0.25678468731897763,0.0013770882736132411,4.488323891925666e-10,0.0017757913411328937,2.5025704729580873e-05,0.42634492915500599,6.5364294191073432e-05,1.1591966776902471e-06,3.7034752434882947e-10,2.1970505015038839e-12,1.3871136056515165e-10,3.4919188796491582e-11,7.8065611982458174e-08,0.3136258756551013,nan,nan,nan,nan,nan,nan,nan,nan,nan,nan,nan,nan,nan,nan,0,0,0,0,0,0,0,-2.8902644333338093e-08,-3.1256164803224191e-09,4.5481012477504728e-09,-7.7596576810091972e-07,3.2326156183294652e-11,6.5938902816370902e-07,2.0646047522448476e-08,1.5237517748869361e-08,1.4846299456480159e-11,-1.304374392322371e-14,-4.1357897656073205e-14,1.5434454326432293e-14,-2.618843499400526e-09,1.1074504419047731e-07,nan,nan,nan,nan,nan,nan,nan,nan,nan,nan,nan,nan,nan,nan,-8.0252651578436446e-08,-6.2079141388560188e-07,-2.6237742160094649e-22,2.4441128240774027e-08,2.5668156429514699e-07,6.7612365461933166e-07,0,0.0073998127014770288,0.050239540173082443,1.9835705598232569e-18,0.052496091600612083,0.014672742245188183,0.1119789304949151,5.5179698177003324e-06,-5.9128773505012964e-05,1.9729907781126684e-05,-2.7187307736900653e-20,-0.00018527808159015999,0.00018154274274244503,-0.00029931935288757055,-1.3556285423259524e-08
17,1,lumen,0.018421052631578949,0.0015,0.017894736842105262,0.018947368421052629,0.001,0.002,1000024.9714822237,1.4444603625819983,14.08727463000403,2774.3883733409803,0.16415017495161738,1173,1173,4.1555417736476213e-05,0.22478648224382311,0.59999999999999998,2,500000,0.00035,0.0001,0.032595507904841226,0.2093194193197277,8.8501143812054196e-18,0.22405172764652762,0.060627409448340407,0.4740921109699498,2.335148530952872e-05,0.028621945493982774,0.1052745499946439,3.8963057627035723e-18,0.071718926098832084,0.42364829712523433,0.37072804702481427,8.2342624924614703e-06,0.25566596620379406,0.0014162221851753355,4.6626050404337945e-10,0.00179972580921799,2.5685324364799369e-05,0.42647174558330631,6.6731739820079814e-05,1.131574831510988e-06,3.6799647024202505e-10,2.2077129925203472e-12,1.4253978172355714e-10,3.5939847306442871e-11,7.9539215808346684e-08,0.31455271102530169,nan,nan,nan,nan,nan,nan,nan,nan,nan,nan,nan,nan,nan,nan,0,0,0,0,0,0,0,-1.1547180134982779e-08,-2.869916441417696e-09,-1.4496312549215117e-09,2.4749056502691695e-07,2.4283227121821294e-11,-1.8773221060301715e-06,1.5969513706398294e-08,1.1523078962587599e-08,1.1346628215355293e-11,-1.1211563226605066e-14,-3.1817999539804666e-14,1.3210153796095194e-14,-1.8885070529438262e-09,1.6200585832291819e-06,nan,nan,nan,nan,nan,nan,nan,nan,nan,nan,nan,nan,nan,nan,-7.8347747219618957e-08,1.9216198838822862e-06,-1.2264877284080962e-21,2.5829428738739206e-08,2.6366134202315816e-07,-3.5282969657046692e-07,0,0.0076098611644487731,0.049785126593640074,2.0902744002879767e-18,0.053331179720051886,0.014355573587728876,0.11234065704541463,5.543614421672148e-06,-0.00013045670264308322,5.1223548922265404e-05,-4.279760446305837e-20,-0.00038905683030217764,0.00037558061512895562,-0.00062097459180695375,-2.8106841340531038e-08
17,2,lumen,0.018421052631578949,0.0025000000000000001,0.017894736842105262,0.018947368421052629,0.002,0.0030000000000000001,1000024.6468498689,1.4739154481232291,14.374543585484361,2739.0029705436777,0.16164084578318946,1173,1173,4.1652173867061407e-05,0.22142682470996888,0.59999999999999998,2,500000,0.00035,0.0001,0.034398186925296843,0.20405688381841958,9.5118220246856107e-18,0.23010061134544454,0.057576839893112512,0.47467976896425762,2.3445387215098947e-05,0.030820808902282476,0.10472062014873226,4.2730201972377464e-18,0.075157155737046746,0.41053610841170662,0.37875687083676757,8.435963464380415e-06,0.25331574515310235,0.0015028148950527803,5.0534682756172721e-10,0.0018506621077736378,2.7112274482180549e-05,0.42663368042534355,6.9707507621638465e-05,1.0746225868568908e-06,3.6269592648823585e-10,2.2400409565367782e-12,1.513142113129763e-10,3.8304988584930867e-11,8.2648863243529881e-08,0.31659911930525836,nan,nan,nan,nan,nan,nan,nan,nan,nan,nan,nan,nan,nan,nan,0,0,0,0,0,0,0,-5.1226606344184343e-09,-2.5618362367712011e-09,-3.6339101900124649e-09,5.9103445070457139e-07,2.4992991834102418e-11,-2.3129128961815824e-06,9.5290753479620442e-09,6.3859671320474348e-09,6.5051268384179156e-12,-8.47253270451341e-15,-1.8235933670822827e-14,1.0885573843233187e-14,-8.6074742578626108e-10,1.7181110752160757e-06,nan,nan,nan,nan,nan,nan,nan,nan,nan,nan,nan,nan,nan,nan,-8.5468506634892027e-08,2.3667689745265896e-06,-2.4246416047362742e-22,2.968963643586579e-08,2.9496635477188615e-07,-7.0957203734955954e-07,0,0.0080702130064497536,0.048777092456439707,2.2670759662224003e-18,0.055044058772730886,0.013698235057546958,0.11300806910561391,5.5928275049194482e-06,-0.00022802178200379575,9.6386941155630719e-05,-9.3751474068678949e-20,-0.00062044753451014371,0.00059655026381849846,-0.00099740640439370423,-4.4520958114332546e-08
17,3,support,0.018421052631578949,0.0040000000000000001,0.017894736842105262,0.018947368421052629,0.0030000000000000001,0.0050000000000000001,1000169.6709443545,1.5471390157589198,15.086477680208162,2658.0079641012271,0.13583803430447836,1173,1173,4.1860663546549706e-05,0.21331807715886014,0.40000000000000002,2,300000,0.00033700000000000001,0.0001,0.039023056029255522,0.19147334018438955,1.1748604388287894e-17,0.24388792821898445,0.050542582382771893,0.47565252103918959,2.3637949986529567e-05,0.03669640739256224,0.10312953491776856,5.5392542620632839e-18,0.083605848475264588,0.37822893899690996,0.3983303437242563,8.9264932384894896e-06,nan,nan,nan,nan,nan,nan,nan,nan,nan,nan,nan,nan,nan,nan,0.24730614149996702,0.001744696730244484,6.120250539556881e-10,0.0019797612869353778,3.1000072362319107e-05,0.4268649496069567,7.7683308491199038e-05,9.4306652354695408e-07,3.487604382786056e-10,2.3732820906302564e-12,1.7616211415482803e-10,4.5229779065055574e-11,9.0717252729206911e-08,0.32199473252671557,0,0,0,0,0,0,0,nan,nan,nan,nan,nan,nan,nan,nan,nan,nan,nan,nan,nan,nan,3.2637123666392261e-10,-1.1054003482025504e-09,1.0081257348002496e-09,-1.2348532974940271e-07,8.5990016105916278e-12,8.6539234856039191e-08,2.9781426700809743e-09,1.7072393563959121e-09,1.7207491593366552e-12,-1.8962106134308973e-15,-8.259566458445313e-15,5.010127183436393e-15,-2.6698251553560708e-10,3.2288283990707495e-08,-1.1670554442635983e-07,-4.4286206701826814e-08,2.3916202890760056e-22,7.1993819118351713e-08,4.1747358203725327e-07,-6.4113032660628733e-08,0,0.0080779711856925323,0.040396436427399332,2.4722310202876314e-18,0.051454521735949596,0.010606678809945843,0.099853033366908289,4.9731086548450112e-06,0,0,0,0,0,0,0
18,0,lumen,0.019473684210526313,0.00050000000000000001,0.018947368421052629,0.019999999999999997,0,0.001,1000012.5469622203,1.434440882820899,13.989732251505629,2782.6341648314733,0.16506912949243635,1173,1173,4.1544130414153097e-05,0.2259476929322497,0.59999999999999998,2,500000,0.00035,0.0001,0.030630927825896801,0.21301274071637338,8.3713233641409755e-18,0.22272842816472616,0.061825164407178911,0.472677743831111,2.3343774711846937e-05,0.026710620139592949,0.10639026093471815,3.6599966390119886e-18,0.070801678629898987,0.42902653594332774,0.36706272980532939,8.1745471328712544e-06,0.25620306352359995,0.0013788355914786078,4.3329452167895996e-10,0.0017744364623329611,2.5271702238645047e-05,0.42731821801065417,6.5380788124630798e-05,1.1647368703983629e-06,3.7267387927163923e-10,2.1672384099041976e-12,1.3458458853493866e-10,3.3968736733845786e-11,7.8753335663115838e-08,0.3132335494546748,nan,nan,nan,nan,nan,nan,nan,nan,nan,nan,nan,nan,nan,nan,0,0,0,0,0,0,0,3.4785102246411555e-08,5.0500383198804658e-09,-1.587871389369051e-09,3.9136228985707836e-07,-1.0760152740606904e-10,7.5454453460745488e-08,-1.634953012280551e-08,-1.0982348254981802e-08,-1.1707252127359546e-11,2.6493023753788946e-14,2.5005326270410721e-14,-1.4119045098902971e-14,9.4613760930567215e-10,-4.7855900056640002e-07,nan,nan,nan,nan,nan,nan,nan,nan,nan,nan,nan,nan,nan,nan,-7.1308798442470955e-08,-2.0365627517726637e-08,8.1940630638640362e-23,2.796332592854233e-08,2.3748965270742328e-07,-4.9274364077867006e-07,0,0.0069047530660076685,0.05086548120076316,1.9986301566857646e-18,0.053542602871934367,0.014551404298253362,0.11165100786473288,5.5469836264243052e-06,-5.7225967406173142e-05,1.7194791767445761e-05,-2.3959250478826104e-20,-0.00018958965180212805,0.00018195188307547174,-0.00029828026930029956,-1.3778469552927583e-08
18,1,lumen,0.019473684210526313,0.0015,0.018947368421052629,0.019999999999999997,0.001,0.002,1000012.4713548144,1.4488386350760765,14.130150887047092,2764.4702801076946,0.1638816226382587,1173,1173,4.1594064732910887e-05,0.22431739627139197,0.59999999999999998,2,500000,0.00035,0.0001,0.031414157686815908,0.21052957401029915,8.7616898512696799e-18,0.22568282902704678,0.060316448076150449,0.4728709871919034,2.3388944544170573e-05,0.027668564988106902,0.10620544973049893,3.8691168080489333e-18,0.07246091542111438,0.42275819061842618,0.37089860666824914,8.2725736044532437e-06,0.2550668542035005,0.0014180301152488075,4.5014337865318413e-10,0.0017982153715492832,2.5944798143717683e-05,0.42747523040738222,6.67462893320641e-05,1.1371822607101773e-06,3.703750153488312e-10,2.1764339350843189e-12,1.3825719852555289e-10,3.4948839073896517e-11,8.0258175749276229e-08,0.31414776037850706,nan,nan,nan,nan,nan,nan,nan,nan,nan,nan,nan,nan,nan,nan,0,0,0,0,0,0,0,5.2316332057286077e-09,3.8228321793866368e-09,5.9184218388810218e-10,-1.5442088734135591e-07,-7.7046754935229667e-11,1.4262555994592509e-06,-1.1931715900854148e-08,-7.8985286837505303e-09,-8.385192658674383e-12,1.9130336668624852e-14,1.8646304485516937e-14,-1.009580459397263e-14,6.8684694442385733e-10,-1.2622522178597329e-06,nan,nan,nan,nan,nan,nan,nan,nan,nan,nan,nan,nan,nan,nan,-7.7448236074795923e-08,-1.3714453814817062e-06,-3.126346889802423e-22,2.9343261963945511e-08,2.6332264413397866e-07,4.7821814008752739e-08,0,0.0070982230993874946,0.050432740686318783,2.0915515420734757e-18,0.054433839762242822,0.014233141878182427,0.11198859563204512,5.5737322512956906e-06,-0.00012644547800189611,4.6288349421974361e-05,-4.7199078249869342e-20,-0.0003961067204026173,0.00037470562762444246,-0.00061583642040578075,-2.8349769670411753e-08
18,2,lumen,0.019473684210526313,0.0025000000000000001,0.018947368421052629,0.019999999999999997,0.002,0.0030000000000000001,1000012.3091496424,1.4788224138787833,14.42257731590111,2728.2734776950551,0.1613717646873124,1173,1173,4.1692109874733382e-05,0.22094875180872869,0.59999999999999998,2,500000,0.00035,0.0001,0.033151459026609854,0.20528746369171669,9.507131710718103e-18,0.23181108388953914,0.057262298708443869,0.47322491507325276,2.3479126289428066e-05,0.029802997004687921,0.10570418839982243,4.2851847662443596e-18,0.075968853645384277,0.4096577035757718,0.3788577810410616,8.4763332720671494e-06,0.2526919323393656,0.0015043504670923112,4.8797379162994084e-10,0.0018485668423188315,2.7394180568982064e-05,0.42769704862366981,6.9703616425913887e-05,1.0805880700914821e-06,3.6519504174171028e-10,2.2057453269591208e-12,1.4670016710533705e-10,3.7225376956190819e-11,8.3418724310756356e-08,0.31615983888446642,nan,nan,nan,nan,nan,nan,nan,nan,nan,nan,nan,nan,nan,nan,0,0,0,0,0,0,0,6.7673624606756633e-09,1.9854549678383178e-09,-3.7922679988271153e-11,1.3840247623676705e-08,-4.35680967214927e-11,3.9057485638977277e-07,-5.4342812495670789e-09,-3.4155576342492083e-09,-3.6224518526579135e-12,8.783538783436466e-15,1.1161648740512775e-14,-6.0869075557082912e-15,2.8100607594491781e-10,-4.0451398927737929e-07,nan,nan,nan,nan,nan,nan,nan,nan,nan,nan,nan,nan,nan,nan,-8.5817549207514721e-08,-3.3478452210466969e-07,-7.5322972930564709e-23,3.3246865852559857e-08,2.9021218952984817e-07,-1.3314674079945021e-07,0,0.0075213887585291773,0.049475620714662744,2.2765792892216885e-18,0.05626557366488133,0.013576492426039762,0.11260199093330642,5.6248058712690335e-06,-0.00022370344085799782,9.1930944995894818e-05,-9.4631069544900733e-20,-0.00062136167894857289,0.00059043654835866247,-0.00098309224451693564,-4.4215329153597227e-08
18,3,support,0.019473684210526313,0.0040000000000000001,0.018947368421052629,0.019999999999999997,0.0030000000000000001,0.0050000000000000001,1000084.3233205561,1.5512625627189578,15.127978171154135,2648.6852840803763,0.13560899335337251,1173,1173,4.189897885813433e-05,0.21290631727080364,0.40000000000000002,2,300000,0.00033700000000000001,0.0001,0.037727142019213747,0.19290175215115635,1.1770840579599757e-17,0.24566561437024892,0.050325909929105725,0.47412169555880823,2.3672640527055921e-05,0.035575352547945985,0.1041847017393816,5.5650046673017195e-18,0.08444690975928322,0.37764348554116101,0.39814058622726828,8.9641849598718568e-06,nan,nan,nan,nan,nan,nan,nan,nan,nan,nan,nan,nan,nan,nan,0.2467017825452765,0.0017437245451737856,5.9231157409007039e-10,0.0019754272571590268,3.1296876780990557e-05,0.42799868113156281,7.7576596401986639e-05,9.5006179097023008e-07,3.5143797517022137e-10,2.3328558534468417e-12,1.7093987894405381e-10,4.3966601178564339e-11,9.151156308085522e-08,0.32147046831330189,0,0,0,0,0,0,0,nan,nan,nan,nan,nan,nan,nan,nan,nan,nan,nan,nan,nan,nan,5.7218997616725559e-09,-1.572265191677934e-10,5.3663188967134995e-10,-3.5675513445576045e-08,-3.6711141938872149e-12,4.4905675179209015e-08,2.4527611010943335e-10,6.353460509436748e-11,5.7925852776535895e-14,-5.6556011905403788e-19,-7.2874687192828571e-16,4.4787297421614932e-16,-2.9818140632775377e-11,-1.5606845954700591e-08,-1.1227606080358582e-07,-1.039896174725996e-08,-3.3055979109923755e-23,7.7202612458620088e-08,4.094432180246077e-07,-1.5325755392536777e-07,0,0.007423566786253972,0.040738194569279067,2.4680411606662616e-18,0.052282151224640284,0.010394812680399237,0.09839008108860868,4.9556547562299081e-06,0,0,0,0,0,0,0
19,0,lumen,0.020526315789473684,0.00050000000000000001,0.019999999999999997,0.021052631578947371,0,0.001,1000000,1.4525891259235537,14.166905138782997,2745.4533909995175,0.16390043525814485,1173,1173,4.1679180437545593e-05,0.2241079271460592,0.59999999999999998,2,500000,0.00035,0.0001,0.027144690993337491,0.21610023050820815,8.4913806642488512e-18,0.229091384066197,0.060469552369034653,0.46801131625314868,2.3426121443923117e-05,0.023970346090144576,0.10929923120595945,3.759503230442828e-18,0.073746640600293484,0.42493373620872255,0.36804173861977946,8.3072751005173702e-06,0.25410513468879892,0.0013910650713662613,3.8750837372314032e-10,0.0017730695503542992,2.6192883664635422e-05,0.43047446935335026,6.5644859029470628e-05,1.1779267481126226e-06,3.7972086395731297e-10,2.0751817350581978e-12,1.2226850093072108e-10,3.1150278052346822e-11,8.1232656572488466e-08,0.31216316351130852,nan,nan,nan,nan,nan,nan,nan,nan,nan,nan,nan,nan,nan,nan,0,0,0,0,0,0,0,-1.8223505172082177e-08,-1.1841137330127479e-08,6.1729807025986645e-10,-7.5244316197556476e-08,1.4167696649105416e-10,-1.5080831281639659e-07,2.5744013663346821e-08,1.4372629308055662e-08,1.6754992843984638e-11,-2.8845900955214155e-14,-6.2574684137300465e-14,5.3976579983903525e-14,-7.8342395999946991e-10,2.1600835967124949e-07,nan,nan,nan,nan,nan,nan,nan,nan,nan,nan,nan,nan,nan,nan,-6.5410184944868568e-08,1.7756817743963538e-07,-8.2415101991106558e-23,2.4285422345236419e-08,2.1417575497839625e-07,-1.2722530473574523e-08,0,0.0064626077599786533,0.051449140716256531,2.0216278235466535e-18,0.054542074425302609,0.014396590422726726,0.11142412948881189,5.5772907588765195e-06,-4.9845479037535274e-05,6.4837577834585078e-06,-2.1580265459099612e-20,-0.00020750273252457063,0.0001837415879721682,-0.00029349110370390804,-1.439716123219316e-08
19,1,lumen,0.020526315789473684,0.0015,0.019999999999999997,0.021052631578947371,0.001,0.002,1000000,1.4677481186337027,14.314748742931995,2726.3462145595768,0.16269820296946999,1173,1173,4.1733072379237391e-05,0.22242338840715342,0.59999999999999998,2,500000,0.00035,0.0001,0.027805128409918584,0.21373121685256891,8.8273591595607981e-18,0.23235783719895206,0.058947444057706654,0.46792437355120287,2.3471916960748488e-05,0.024809787879632533,0.10922915629295382,3.9490414536137309e-18,0.075578723850896326,0.41856044182743574,0.37181347977126405,8.4103778174738068e-06,0.2528908123556638,0.0014306700054936314,4.0218924013135035e-10,0.0017962017783196521,2.6921285339876505e-05,0.43075947820124316,6.7005629568712578e-05,1.1509387106656653e-06,3.7766409789763437e-10,2.0794421135701983e-12,1.2536390074590975e-10,3.1984898213401178e-11,8.2863248651159191e-08,0.31302767600312692,nan,nan,nan,nan,nan,nan,nan,nan,nan,nan,nan,nan,nan,nan,0,0,0,0,0,0,0,-1.0042609632485053e-08,-1.0065368891324867e-08,1.7690798681430642e-09,-2.4900783608060791e-07,1.2400437946445686e-10,3.6989817731795764e-07,1.8530744546006921e-08,9.351025301957902e-09,1.1190428891172653e-11,-2.375430431698719e-14,-4.7673905140520952e-14,4.5413500855490047e-14,-1.7000084145426432e-10,-1.3039838023269584e-07,nan,nan,nan,nan,nan,nan,nan,nan,nan,nan,nan,nan,nan,nan,-7.0052202468060681e-08,-3.362892178060406e-07,2.1603702643463292e-23,2.5357969811021025e-08,2.2511109325218381e-07,1.5629836380703921e-07,0,0.0066398641447086891,0.051039010590510171,2.1079732023508822e-18,0.05548704718116057,0.014076648539460342,0.11174033166016961,5.6050933316193229e-06,-0.00010914402213596497,2.2099332747909084e-05,-4.5834954632361375e-20,-0.00043564285739116374,0.00037740931307927831,-0.00060246534742322436,-2.9542831483073624e-08
19,2,lumen,0.020526315789473684,0.0025000000000000001,0.019999999999999997,0.021052631578947371,0.002,0.0030000000000000001,1000000,1.4995251450450602,14.624665780536198,2687.8131149091096,0.16017030016082487,1173,1173,4.1839839468578374e-05,0.21894385778267345,0.59999999999999998,2,500000,0.00035,0.0001,0.029249799738674084,0.20874094325336645,9.5301329976837849e-18,0.23915186682507711,0.055866509366786263,0.46759258769064488,2.3558550203478505e-05,0.026663874919012873,0.10898845161707808,4.3557412943054222e-18,0.079472747008749456,0.40527233522541867,0.37959396705144299,8.6241782978687406e-06,0.25034752896458323,0.0015176106631305255,4.3485590827105052e-10,0.0018448693886755404,2.8494149106132926e-05,0.43127162842641731,6.9940173749243425e-05,1.0957412742637711e-06,3.7304167160096851e-10,2.0969799759259457e-12,1.324347266528113e-10,3.3913066551598213e-11,8.6301337151749716e-08,0.31491874521538415,nan,nan,nan,nan,nan,nan,nan,nan,nan,nan,nan,nan,nan,nan,0,0,0,0,0,0,0,6.1628332822639111e-09,-6.7761702001548005e-09,4.8271705233109164e-09,-7.2569288137104226e-07,8.7938904964370013e-11,1.6508661377385297e-06,9.4380807157226942e-09,3.6671791393480535e-09,4.7226340016904142e-12,-1.4794110542565667e-14,-2.6751664292533318e-14,2.9570569606647275e-14,3.1247811190035316e-10,-9.4289747737414161e-07,nan,nan,nan,nan,nan,nan,nan,nan,nan,nan,nan,nan,nan,nan,-8.0972135955460767e-08,-1.6073849992692679e-06,6.9953047125533e-22,2.859152016805957e-08,2.484625374332694e-07,6.2156123536993846e-07,0,0.0070251991343381077,0.050135272957289152,2.2889415545957547e-18,0.05743935010855681,0.013417984285311546,0.11230610368671681,5.6582782779503722e-06,-0.00018892962834286687,4.7597330859150629e-05,-9.8118196335765918e-20,-0.00069513905564944339,0.00059300121400060913,-0.00095384577001804394,-4.6196897779604695e-08
19,3,support,0.020526315789473684,0.0040000000000000001,0.019999999999999997,0.021052631578947371,0.0030000000000000001,0.0050000000000000001,1000000,1.5763764787235972,15.374186436159011,2602.4682383481068,0.1319092852480816,1173,1173,4.2071090447075859e-05,0.21062287286252224,0.40000000000000002,2,300000,0.00033700000000000001,0.0001,0.032946844150020062,0.19712201429420056,1.1847294507590078e-17,0.25492586187285338,0.048895341443331339,0.46669757058029732,2.3744592652398533e-05,0.031573329454932575,0.10819673682364303,5.6923093482021539e-18,0.089056277757544322,0.37288000754435924,0.39828451065245463,9.1377670660482213e-06,nan,nan,nan,nan,nan,nan,nan,nan,nan,nan,nan,nan,nan,nan,0.2439085974147186,0.0017578369944870212,5.2301575274303215e-10,0.0019661238362374631,3.2762829733792161e-05,0.43238792426688055,7.7706357204400489e-05,9.6890075464397706e-07,3.608091767856333e-10,2.1854313524726204e-12,1.5235921351356797e-10,3.9535023060179428e-11,9.5186873884850143e-08,0.31986798313520476,0,0,0,0,0,0,0,nan,nan,nan,nan,nan,nan,nan,nan,nan,nan,nan,nan,nan,nan,-6.5604233677302548e-09,-1.7294964343386286e-09,-1.0231010295833844e-09,1.6630214260254333e-07,1.382044901698104e-11,-4.2753401764141462e-07,1.2561664814989574e-09,-9.4799393812391997e-11,1.1526966482022988e-13,-3.1024799430553142e-15,-4.8224378908353342e-15,5.9108040519959086e-15,2.1983748547126506e-10,2.6914975748115046e-07,-9.7287500559501555e-08,4.5366150608350253e-07,3.7723918086240651e-22,7.2044141398907032e-08,3.6937323051600135e-07,-3.3651201503115402e-07,0,0.0068509237634258079,0.040989294327349955,2.4635109543353182e-18,0.053008950935152697,0.010167233471274165,0.097044483594939543,4.9374195997185931e-06,0,0,0,0,0,0,0
